UID,tax_year,num_employees,gross_profit,net_profit,labour_cost,total_assets,total_liabilities,income_tax_expense,operating_profit,actual_revenue,industry,entity_size_code,compliance,return_id,entity_id,submission_date,filing_status,preparation_method,total_revenue,total_expenses,taxable_profit,tax_liability,tax_credits_claimed,final_tax_due,paid_status,entity_id_vat,sales_domestic,sales_eu,sales_non_eu,purchases_domestic,purchases_eu,purchases_non_eu,vat_collected,vat_deducted,net_vat_position,vat_return_id,total_annual_sales,total_purchases,input_output_ratio,domestic_sales_pct,filing_compliance_rate,payment_compliance_rate,profit_margin,effective_tax_rate,statutory_tax_rate,tax_credit_impact,labour_cost_ratio,revenue_per_employee,credit_utilisation_ratio,vat_income_consistency,theoretical_tax,tax_savings_ratio,book_tax_gap
GR0000000001,2022,12,183159.0,49144.0,203341.0,874786.0,453786.0,15284.0,64428.0,1057096.0,Agriculture and Food Production,S,Compliant,TR-424CC75C,GR0000000001,2023-06-17,On-time,Agent-prepared,1057096.0,992668.0,64428.0,14866.71,1390.61,13476.1,Paid,GR0000000001,687113.0,264274.0,105709.0,506366.0,194756.0,77902.0,164907.0,186967.0,-22059.0,4,1057096.0,779024.0,1.133772368668401,65.00005675927257,100,99.99925794554804,6.094810688906211,20.91652697584901,23.074920841869993,2.158393866020983,19.235812073832463,88091.33333333333,9.353851659176778,0.0,42263.79426476066,276.5231239515877,64.82400537238138
GR0000000001,2023,13,141838.0,37540.0,197747.0,994643.0,512997.0,15091.0,52631.0,790987.0,Agriculture and Food Production,S,Compliant,TR-11531FF7,GR0000000001,2024-06-13,On-time,Agent-prepared,790987.0,738356.0,52631.0,12144.56,1418.11,10726.45,Paid,GR0000000001,514142.0,197746.0,79100.0,393559.0,151369.0,60548.0,123395.0,145313.0,-21921.0,4,790988.0,605476.0,1.177624701162932,64.99997471516636,100,99.9958047629924,6.653838811510177,20.38047918527104,23.074917824096065,2.6944386388250265,25.000031606082025,60845.153846153844,11.676915425507389,0.00012642416825636715,32729.001943341376,216.87762204851487,62.893582819836716
GR0000000001,2024,12,240845.0,39185.0,240305.0,1068423.0,591895.0,12172.0,51357.0,993014.0,Agriculture and Food Production,S,Compliant,TR-964C5BE0,GR0000000001,2025-06-25,On-time,Agent-prepared,993014.0,941657.0,51357.0,11850.58,1302.1,10548.49,Paid,GR0000000001,645460.0,248254.0,99301.0,495875.0,190721.0,76288.0,154909.0,183093.0,-28181.0,4,993015.0,762884.0,1.1819390739079072,65.00002517585334,100,99.99535478537686,5.171830407224872,20.539536966723134,23.07490702338532,2.535370056662188,24.19955811297726,82751.16666666667,10.987647861961186,0.00010070341334156296,55574.759820472376,456.5787037501838,78.67632709834126
GR0000000002,2022,13,610765.0,158120.0,269906.0,2699063.0,1700086.0,60788.0,218908.0,1834689.0,Tourism and Hospitality,M,Compliant,TR-EA91072A,GR0000000002,2023-08-21,Extended,Agent-prepared,1834689.0,1615781.0,218908.0,60524.28,8083.08,52441.21,Paid,GR0000000002,1100814.0,550407.0,183470.0,614047.0,236172.0,94469.0,264195.0,226726.0,37469.0,4,1834691.0,944688.0,0.8581767255247071,59.999967296945364,80,99.9997664336453,11.931613477815587,23.9558216236958,27.64827233358306,3.6924507098872574,14.711267141188506,141129.92307692306,13.355103109033267,0.00010901018209219515,168865.97051820855,277.79491103212564,64.15839152538211
GR0000000002,2023,15,1040600.0,258406.0,345115.0,3546406.0,2627047.0,82692.0,341098.0,2412271.0,Tourism and Hospitality,M,Compliant,TR-002E4ED6,GR0000000002,2024-06-10,On-time,Agent-prepared,2412271.0,2071173.0,341098.0,94307.71,13280.57,81027.14,Paid,GR0000000002,1447362.0,723681.0,241227.0,772542.0,297132.0,118853.0,347367.0,285247.0,62121.0,4,2412270.0,1188527.0,0.8211689653881917,60.0,100,99.99990219921823,14.1401194144439,23.754797741411558,27.6482741030437,3.8934763616321426,14.306642993262367,160818.06666666668,14.082167831240945,4.145472936034622e-05,287707.9403162728,347.9271759254496,67.22102633096291
GR0000000002,2024,13,905827.0,179659.0,293402.0,3108881.0,1763142.0,49525.0,229184.0,2429150.0,Tourism and Hospitality,M,Compliant,TR-C76046A8,GR0000000002,2025-07-20,Extended,Agent-prepared,2429150.0,2199966.0,229184.0,63365.42,8035.13,55330.29,Paid,GR0000000002,1457490.0,728745.0,242915.0,778679.0,299492.0,119798.0,349798.0,287513.0,62286.0,4,2429150.0,1197969.0,0.8219400911383141,60.0,80,87.42921579995424,9.434740547104955,24.142300509634183,27.648273876012286,3.505973366378104,12.078381326801555,186857.6923076923,12.68062296438657,0.0,250445.5298028658,505.69516366050647,74.69892153799788
GR0000000003,2022,29,1333842.0,371382.0,747101.0,7360104.0,4178243.0,116919.0,488300.0,4430211.0,Healthcare,S,Compliant,TR-C4DD78C1,GR0000000003,2023-06-11,On-time,Agent-prepared,4430211.0,3941911.0,488300.0,116721.85,10003.18,106718.67,Paid,GR0000000003,3765680.0,443021.0,221511.0,1758957.0,676522.0,270608.0,903763.0,649461.0,254302.0,4,4430212.0,2706087.0,0.7186187086658781,84.99999548554335,100,99.05499316701174,11.022048385505792,21.85514437845587,23.903716977268076,2.048572598812207,16.8637791744005,152765.89655172414,8.570100628117187,2.2572283220334555e-05,318837.816603932,272.69974649452354,63.39146615566161
GR0000000003,2023,30,948092.0,226361.0,629373.0,2768217.0,1279255.0,84648.0,311009.0,2316760.0,Healthcare,S,Compliant,TR-CE4C8FD3,GR0000000003,2024-06-14,On-time,Agent-prepared,2316760.0,2005751.0,311009.0,74342.71,7689.77,66652.94,Paid,GR0000000003,1969246.0,231676.0,115838.0,920947.0,354211.0,141684.0,472618.0,340041.0,132577.0,4,2316760.0,1416842.0,0.7194838114502622,85.0,100,100.0,13.42430808542965,21.431193309518378,23.903716612702528,2.4725233031841505,27.16608539512077,77225.33333333333,10.343677275149103,0.0,226629.22490770364,267.73134026522024,67.19632693873591
GR0000000003,2024,31,1097368.0,379451.0,848079.0,2971126.0,1338288.0,110085.0,489537.0,3060457.0,Healthcare,S,Compliant,TR-5D6C8DC2,GR0000000003,2025-06-11,On-time,Agent-prepared,3060457.0,2570920.0,489537.0,117017.54,11672.98,105344.56,Paid,GR0000000003,2601388.0,306046.0,153023.0,1181213.0,454314.0,181725.0,624333.0,436141.0,188193.0,4,3060457.0,1817252.0,0.6985711150940284,84.99998529631358,100,82.49404267038263,15.9955522982352,21.51922326606569,23.903717185830693,2.384493919765003,27.710861482451804,98724.41935483871,9.975410523926584,0.0,262311.7432078066,238.28109479748068,55.38989655247829
GR0000000004,2022,6,531674.0,173156.0,171482.0,1608312.0,860515.0,52208.0,225364.0,1379966.0,Healthcare,M,Compliant,TR-CAB03FD7,GR0000000004,2023-06-17,On-time,Agent-prepared,1379966.0,1154602.0,225364.0,49328.54,6216.97,43111.57,Paid,GR0000000004,1172970.0,137997.0,68999.0,517528.0,199050.0,79620.0,281512.0,191088.0,90426.0,4,1379966.0,796198.0,0.6787916678507488,84.99992028789116,100,82.18061778419361,16.33112699878113,19.129750093182587,21.88838501269058,2.758634919507994,12.426538045140243,229994.33333333334,12.60319076948152,0.0,116374.85213237251,222.90616789069207,57.612371490800754
GR0000000004,2023,6,1077989.0,375817.0,176944.0,2500666.0,1132902.0,127333.0,503150.0,2200027.0,Healthcare,M,Compliant,TR-D0651E2C,GR0000000004,2024-06-17,On-time,Agent-prepared,2200027.0,1696877.0,503150.0,110131.41,14323.56,95807.84,Paid,GR0000000004,1870022.0,220003.0,110002.0,753844.0,289940.0,115975.0,448806.0,278343.0,170463.0,4,2200027.0,1159759.0,0.6201855590165907,84.99995681871178,100,100.0,22.870173866048006,19.041605882937493,21.88838517340753,2.846779290470039,8.042810383690746,366671.1666666667,13.005880883573543,0.0,235954.3844469641,185.30497549493384,53.325126694242705
GR0000000004,2024,7,549474.0,156047.0,219907.0,1512285.0,684758.0,39201.0,195248.0,1298135.0,Healthcare,M,Compliant,TR-FCC04F17,GR0000000004,2025-06-10,On-time,Agent-prepared,1298135.0,1102887.0,195248.0,42736.63,6779.85,35956.78,Paid,GR0000000004,1103414.0,129814.0,64906.0,448309.0,172427.0,68971.0,264819.0,165530.0,99289.0,4,1298134.0,689707.0,0.6250684429742579,85.00000770336499,100,98.6359796216932,15.040654477384862,18.41595304433336,21.888382979595182,3.4724299352618218,16.940225785453748,185447.85714285713,15.864259769663636,7.703364983679961e-05,120270.97349330083,306.80588121043047,64.46638057487706
GR0000000005,2022,6,311301.0,118889.0,159750.0,2969638.0,2187488.0,47155.0,166044.0,1259207.0,Energy,S,Compliant,TR-3172C570,GR0000000005,2023-06-25,On-time,Agent-prepared,1259207.0,1093163.0,166044.0,44804.01,4848.13,39955.88,Paid,GR0000000005,1007365.0,188881.0,62961.0,621505.0,239041.0,95617.0,241768.0,229479.0,12289.0,4,1259207.0,956163.0,0.9491702789451044,79.99995235096374,100,98.97237777175486,13.186394294186737,24.063428970634288,26.98321529233215,2.9197863216978632,12.686555903834714,209867.83333333334,10.820750196243594,0.0,83999.01903718291,178.13385438910595,46.661269960584775
GR0000000005,2023,5,123220.0,51650.0,128471.0,1285545.0,887354.0,20272.0,71922.0,654541.0,Energy,S,Compliant,TR-F0B81DA5,GR0000000005,2024-06-19,On-time,Agent-prepared,654541.0,582619.0,71922.0,19406.87,2390.63,17016.24,Paid,GR0000000005,523633.0,98181.0,32727.0,322617.0,124084.0,49634.0,125671.0,119121.0,6553.0,4,654541.0,496335.0,0.9478797813338001,80.0000305557635,100,99.99898172363639,10.98815811385383,23.65929757237007,26.983217930535858,3.3239203581657897,19.627647465934142,130908.2,12.318472788244577,0.0,33248.721134006286,164.01302848266715,41.63122869664016
GR0000000005,2024,5,206621.0,86914.0,159343.0,1882399.0,1049723.0,36407.0,123321.0,985521.0,Energy,S,Compliant,TR-D0A847CF,GR0000000005,2025-06-24,On-time,Agent-prepared,985521.0,862200.0,123321.0,33275.97,3338.63,29937.34,Paid,GR0000000005,788416.0,147828.0,49276.0,458334.0,176282.0,70514.0,189220.0,169231.0,19988.0,4,985520.0,705130.0,0.8943610611986048,80.0,100,99.99931898310558,12.513279777904277,24.275946513570275,26.983214537669987,2.7072680240997116,16.16840229685618,197104.2,10.03315605826066,0.00010146927509335768,55752.987709879104,153.1380990190873,40.31536000696928
GR0000000006,2022,2,196725.0,57909.0,67926.0,436098.0,206190.0,15401.0,73310.0,354368.0,Technology and Innovation,S,Non-Compliant,TR-A8153F6E,GR0000000006,2023-07-22,Late,Self-prepared,308095.36,305014.41,3080.95,873.35,143.72,729.63,Unpaid,GR0000000006,97959.0,110733.0,83004.0,157845.0,54755.0,19798.0,23510.0,66089.0,-42580.0,4,291696.0,232398.0,2.8111016588685667,33.58256541056443,0,0.0,0.9999988315306013,0.9952666757604693,28.346776156704916,27.351509480944447,19.168209319125882,177184.0,16.456174500486632,5.622072294443536,55765.19539427775,362.0881461871161,62.73478205616978
GR0000000006,2023,1,121010.0,39665.0,39560.0,221047.0,86730.0,7145.0,46810.0,241848.0,Technology and Innovation,S,Non-Compliant,TR-1D878CBA,GR0000000006,2024-06-26,On-time,Self-prepared,197092.99,195122.06,1970.93,558.69,88.47,470.22,Paid,GR0000000006,71523.0,76888.0,55590.0,106778.0,37105.0,13609.0,17166.0,45340.0,-28176.0,4,204001.0,157492.0,2.6412676220435745,35.06012225430267,20,0.0,1.0000000507374718,1.0045289468062382,28.34651661905801,27.341987672251772,16.357381495815552,241848.0,15.835257477312997,3.386262812437202,34302.1197607221,480.0856509548229,61.31724650855301
GR0000000006,2024,1,46755.0,15216.0,28268.0,130917.0,70660.0,3589.0,18805.0,99878.0,Technology and Innovation,S,Non-Compliant,TR-2F6024E3,GR0000000006,2025-06-27,On-time,Self-prepared,84914.29,84065.14,849.14,240.7,37.8,202.9,Paid,GR0000000006,28231.0,31813.0,23624.0,43635.0,15114.0,5483.0,6775.0,18328.0,-11552.0,4,83668.0,64232.0,2.705239852398524,33.74169335946838,80,0.0,0.9999965847915586,1.0789683594788622,28.34632687189392,27.267358512415058,28.30252908548429,99878.0,15.704196094723722,1.4895659033322017,13253.325128954,369.27626438991365,59.77970270559298
GR0000000007,2024,10,2040436.0,834321.0,364292.0,3077886.0,1376210.0,307565.0,1141886.0,3531562.0,Technology and Innovation,M,Compliant,TR-F1118E80,GR0000000007,2025-06-11,On-time,Agent-prepared,3531562.0,2389676.0,1141886.0,257959.61,42052.19,215907.42,Paid,GR0000000007,1412624.0,1236047.0,882890.0,1384474.0,532491.0,212995.0,339029.0,511190.0,-172161.0,4,3531561.0,2129960.0,1.5078061168808568,39.999988673563905,100,99.99980547217876,32.33373787576149,18.907966294358634,22.590662290281166,3.6826959959225327,10.315322228520978,353156.2,16.30185051062839,2.8316090250335435e-05,460948.0060093214,149.87011071133628,44.03715676453464
GR0000000008,2022,96,3296634.0,1003700.0,2208938.0,10958006.0,5110608.0,340943.0,1344643.0,16324953.0,Manufacturing,M,Compliant,TR-2D088546,GR0000000008,2023-06-11,On-time,Agent-prepared,16324953.0,14980310.0,1344643.0,293315.68,40627.51,252688.17,Paid,GR0000000008,9794972.0,4081238.0,2448742.0,7942176.0,3054683.0,1221874.0,2350793.0,2932495.0,-581703.0,4,16324952.0,12218733.0,1.2474492649927067,60.000004900473826,100,99.9999327234037,8.236734280337592,18.79221250547543,21.81364719111318,3.0214346856377503,13.531052738712326,170051.59375,13.851121085650792,6.125592277861358e-06,719116.1099422821,210.91974609899074,59.211638295303636
GR0000000008,2023,102,4715085.0,1350417.0,2733936.0,18047021.0,8511331.0,358289.0,1708706.0,23276572.0,Manufacturing,M,Compliant,TR-3FC9D5D2,GR0000000008,2024-06-15,On-time,Agent-prepared,23276572.0,21567866.0,1708706.0,372731.09,51622.51,321108.58,Paid,GR0000000008,13965944.0,5819142.0,3491485.0,11336569.0,4360219.0,1744088.0,3351826.0,4185810.0,-833984.0,4,23276571.0,17440876.0,1.2488148251132367,60.00000601463162,100,100.0,7.340883356879183,18.792500289692903,21.813646701070873,3.02114641137797,11.745440866464357,228201.6862745098,13.849799865098456,4.2961654456163956e-06,1028531.9835551876,287.06769773986576,63.76086539267054
GR0000000008,2024,121,6945108.0,2367302.0,2921807.0,17200238.0,11045262.0,867323.0,3234625.0,26351294.0,Manufacturing,M,Compliant,TR-D0F6C42B,GR0000000008,2025-06-16,On-time,Agent-prepared,26351294.0,23116669.0,3234625.0,705589.68,115890.87,589698.81,Paid,GR0000000008,15810776.0,6587823.0,3952694.0,12728609.0,4895619.0,1958248.0,3794587.0,4699794.0,-905208.0,4,26351293.0,19582476.0,1.2385521797233796,60.000000758976036,100,100.0,12.275013894953318,18.230824593268157,21.813647022452372,3.5828224291842155,11.087907106193724,217779.28925619836,16.424683252170013,3.7948801878684435e-06,1514981.3444481015,174.67325834182898,53.42585025315662
GR0000000009,2022,143,10394361.0,2804542.0,4898315.0,29773610.0,16999689.0,813370.0,3617911.0,37683225.0,Logistics and Transportation,L,Compliant,TR-30E9F31C,GR0000000009,2023-06-13,On-time,Agent-prepared,37683225.0,34065314.0,3617911.0,818735.92,146813.87,671922.05,Paid,GR0000000009,20725774.0,11304967.0,5652484.0,14497541.0,5575978.0,2230391.0,4974186.0,5352938.0,-378754.0,4,37683225.0,22303910.0,1.0761435137326991,55.000000663425176,100,99.99999255866064,9.600852899400197,18.572100032311464,22.630073542439273,4.057973510127809,12.99866187142953,263519.05594405596,17.93177340991708,0.0,2352251.5385666266,289.1982171172562,65.19352175665247
GR0000000009,2023,129,10270244.0,2774424.0,4499869.0,21973534.0,12532871.0,874593.0,3649017.0,34770242.0,Logistics and Transportation,L,Compliant,TR-6A65C0C3,GR0000000009,2024-06-11,On-time,Agent-prepared,34770242.0,31121225.0,3649017.0,825775.23,137621.89,688153.34,Paid,GR0000000009,19123634.0,10431074.0,5215536.0,14004148.0,5386211.0,2154485.0,4589671.0,5170763.0,-581090.0,4,34770244.0,21544844.0,1.126608639268479,54.99999942479552,100,99.99995059240722,10.494655170936113,18.85859506820604,22.630073523910685,3.7714784557046457,12.941724708157048,269536.7596899225,16.665780832394308,5.752044762719066e-06,2324163.768285026,265.74232451952236,64.47000674959621
GR0000000009,2024,154,8783183.0,2161393.0,4834477.0,23798577.0,16392886.0,673972.0,2835365.0,27990912.0,Logistics and Transportation,L,Compliant,TR-D369EF56,GR0000000009,2025-07-03,Late,Agent-prepared,27990912.0,25155547.0,2835365.0,641645.19,100660.67,540984.51,Paid,GR0000000009,15395001.0,8397273.0,4198637.0,10734125.0,4128510.0,1651404.0,3694800.0,3963369.0,-268568.0,4,27990911.0,16514039.0,1.0726883728483274,54.99999982137058,80,100.0,10.12959134736303,19.07988953803126,22.63007372948456,3.550184191453301,17.271595152026485,181759.16883116882,15.687902218981803,3.5725882696624467e-06,1987640.788695554,294.914445807178,67.71825202776715
GR0000000010,2022,225,20336498.0,9576280.0,8978945.0,125101146.0,68197317.0,2585073.0,12161353.0,80618089.0,Energy,M,Compliant,TR-5B0AC9A2,GR0000000010,2023-06-16,On-time,Agent-prepared,80618089.0,68456736.0,12161353.0,2988192.89,550089.7,2438103.19,Paid,GR0000000010,64494471.0,12092714.0,4030904.0,36365163.0,13986602.0,5594642.0,15478673.0,13427137.0,2051536.0,4,80618089.0,55946407.0,0.8674604728712856,79.99999975191672,100,99.9999957680341,15.08514174777822,20.047960041945988,24.571220735061306,4.5232606931153185,11.137630662517937,358302.6177777778,18.408774809714508,0.0,4996925.813361328,193.29921489108153,40.199374543247316
GR0000000010,2023,214,20045694.0,8704479.0,7407434.0,95551926.0,60912154.0,3057005.0,11761484.0,68557810.0,Energy,M,Compliant,TR-BAB60B10,GR0000000010,2024-06-10,On-time,Agent-prepared,68557810.0,56796326.0,11761484.0,2889940.2,476012.23,2413927.97,Paid,GR0000000010,54846247.0,10283671.0,3427890.0,31073311.0,11951274.0,4780510.0,13163099.0,11473222.0,1689877.0,4,68557808.0,47805095.0,0.8716201253215523,80.00000087517384,100,100.0,17.155571334615267,20.524008449954106,24.57122077452131,4.047212324567205,10.80465376592397,320363.5981308411,16.471352244589696,2.917246133549156e-06,4925471.728524972,161.12082670865672,41.32663104604909
GR0000000010,2024,229,19425052.0,8239931.0,8486170.0,144900948.0,84970746.0,2777798.0,11017729.0,83644970.0,Energy,M,Compliant,TR-49C7A34A,GR0000000010,2025-08-21,Extended,Agent-prepared,83644970.0,72627241.0,11017729.0,2707190.52,449031.41,2258159.1,Paid,GR0000000010,66915976.0,12546746.0,4182248.0,36359485.0,13984417.0,5593767.0,16059834.0,13425040.0,2634793.0,4,83644970.0,55937669.0,0.8359389019836693,80.0,80,99.16639077664382,13.172016201332848,20.495685635397276,24.57122080239948,4.075535167002204,10.14546361843396,365261.8777292576,16.5866202131943,0.0,4772972.417900916,171.8257561529282,43.28082622378566
GR0000000011,2022,1,33954.0,10379.0,26785.0,184995.0,146528.0,2089.0,12469.0,191208.0,Manufacturing,S,Non-Compliant,TR-F26F7C44,GR0000000011,2023-08-26,Extended,Self-prepared,138256.35,136873.78,1382.56,354.2,49.93,304.27,Paid,GR0000000011,77392.0,42117.0,27131.0,92479.0,32949.0,11980.0,18574.0,39063.0,-20490.0,4,146640.0,137408.0,2.1031011090772047,52.77686852154937,0,0.0,0.9999974684707067,2.4402117250781936,25.619141303089922,23.17892957801173,14.008305091837162,191208.0,14.096555618294747,5.71716448445172,8698.723238051152,416.40609085931794,63.276786240207336
GR0000000011,2023,1,24021.0,4961.0,27078.0,102567.0,58619.0,1027.0,5988.0,93791.0,Manufacturing,S,Non-Compliant,TR-CD45EE2D,GR0000000011,2024-06-28,On-time,Self-prepared,78747.76,77960.28,787.48,201.74,28.56,173.18,Paid,GR0000000011,38987.0,21401.0,13316.0,46787.0,16284.0,6165.0,9356.0,20055.0,-10697.0,4,73704.0,69236.0,2.14354424967935,52.89672202322805,40,99.89606190091234,1.000003047705738,2.892117568470274,25.618428404530906,22.726310836060634,28.870573935665465,93791.0,14.156835530881331,6.843264951698669,6153.802687052369,599.2018195766669,75.07181216435619
GR0000000011,2024,1,34328.0,6992.0,25837.0,118518.0,82913.0,1277.0,8268.0,151910.0,Manufacturing,S,Non-Compliant,TR-9398CF6E,GR0000000011,2025-09-19,Extended,Self-prepared,111807.04,110688.97,1118.07,286.44,37.87,248.57,Unpaid,GR0000000011,60018.0,33534.0,21553.0,67773.0,25249.0,9185.0,14405.0,29724.0,-15320.0,4,115105.0,102207.0,2.0634501909059355,52.14195734329525,40,0.0,0.9999996422407749,3.0064102564102564,25.619147280581718,22.612737024171462,17.008096899479956,151910.0,13.220918866080156,2.8651752747491432,8794.540878478092,688.6876177351677,75.91470519692379
GR0000000012,2022,43,852868.0,206378.0,789564.0,3589005.0,2818303.0,66201.0,272579.0,4546313.0,Logistics and Transportation,S,Somewhat Compliant,TR-4ED2F3CD,GR0000000012,2023-06-28,On-time,Agent-prepared,4426374.72,4293583.48,132791.24,34255.58,2968.58,31287.0,Paid,GR0000000012,2205148.0,1274152.0,661257.0,1954878.0,738912.0,286131.0,529235.0,747883.0,-218648.0,4,4140557.0,2979921.0,1.4131397205400247,53.25727915350519,100,100.0,2.9999999638530377,11.478140282266793,25.796566098787842,14.31842581652105,17.36712804419757,105728.20930232559,8.665975003196559,6.902880940897549,220010.6573554099,332.33736251024897,68.0397200973656
GR0000000012,2023,35,678430.0,206717.0,699685.0,2292419.0,1913071.0,70646.0,277363.0,2859640.0,Logistics and Transportation,S,Somewhat Compliant,TR-F3F3F3C9,GR0000000012,2024-06-28,On-time,Agent-prepared,2581670.24,2504220.13,77450.11,19979.47,1704.97,18274.5,Paid,GR0000000012,1404347.0,805758.0,411370.0,1256608.0,475697.0,185813.0,337043.0,487730.0,-150685.0,4,2621475.0,1918118.0,1.44708538673107,53.57087136058898,80,99.99726394703,3.0000001084569186,6.5886581844009475,25.796567622692855,19.207909438291907,24.467590326055028,81704.0,8.533609750408793,1.5184108183370015,175011.65372263515,247.7304500221317,59.11693173945728
GR0000000012,2024,36,1220291.0,360576.0,892137.0,4641451.0,2915922.0,130372.0,490948.0,5036109.0,Logistics and Transportation,S,Somewhat Compliant,TR-D05A68C9,GR0000000012,2025-06-28,On-time,Self-prepared,4792927.03,4649139.22,143787.81,37092.32,3189.48,33902.84,Unpaid,GR0000000012,2488721.0,1435106.0,740302.0,2183665.0,823279.0,324566.0,597293.0,842479.0,-245187.0,4,4664129.0,3331510.0,1.4104953515276422,53.358751441051474,100,0.0,2.9999999812223304,6.905586742384122,25.79656787317367,18.890981130789548,17.714807205324586,139891.91666666666,8.598761145164282,2.761459427901758,314793.1960652297,241.45767194277124,59.767956987308764
GR0000000013,2022,8,109849.0,36690.0,130902.0,582910.0,393053.0,10529.0,47219.0,505093.0,Logistics and Transportation,S,Compliant,TR-55089449,GR0000000013,2023-06-22,On-time,Agent-prepared,505093.0,457874.0,47219.0,11366.59,928.61,10437.98,Paid,GR0000000013,277801.0,151528.0,75764.0,233235.0,89705.0,35882.0,66672.0,86117.0,-19444.0,4,505093.0,358822.0,1.2916516678665706,54.999970302498745,100,100.0,9.34857541086493,22.105466020034306,24.072068447023444,1.9666024269891373,25.91641539280885,63136.625,8.169644545989605,0.0,26442.92646837078,251.1437597907758,57.01462917277353
GR0000000013,2023,9,131970.0,34801.0,170448.0,580254.0,432475.0,14363.0,49164.0,553238.0,Logistics and Transportation,S,Compliant,TR-94AD463C,GR0000000013,2024-06-13,On-time,Agent-prepared,553238.0,504074.0,49164.0,11834.79,991.14,10843.66,Paid,GR0000000013,304280.0,165972.0,82986.0,253138.0,97360.0,38945.0,73028.0,93466.0,-20439.0,4,553238.0,389443.0,1.2798652571616367,54.999837321369824,100,0.0,8.886591304284956,22.056097957855343,24.072064925555285,2.015966967699942,30.809163506483646,61470.88888888889,8.374800059823622,0.0,31767.904082255307,221.17875153000978,62.746078654239604
GR0000000013,2024,9,95919.0,30790.0,163964.0,561351.0,342489.0,13115.0,43905.0,523146.0,Logistics and Transportation,S,Compliant,TR-317194F5,GR0000000013,2025-06-21,On-time,Agent-prepared,523146.0,479241.0,43905.0,10568.84,925.46,9643.38,Paid,GR0000000013,287729.0,156944.0,78471.0,234209.0,90080.0,36032.0,69054.0,86478.0,-17423.0,4,523144.0,360321.0,1.252324267964202,54.99996176960836,100,99.9960594729234,8.392494638208072,21.96419542193372,24.072064685115592,2.107869263181872,31.341919846467338,58127.333333333336,8.75649550944096,0.00038230391632421146,23089.683725316023,176.0555373642091,54.227004034654236
GR0000000014,2022,34,1096547.0,234493.0,671552.0,1371664.0,961484.0,62704.0,297197.0,3691415.0,Consumer Goods and Retail,S,Somewhat Compliant,TR-469EB6EE,GR0000000014,2023-06-20,On-time,Self-prepared,3357739.86,3257007.66,100732.2,23021.97,1865.25,21156.72,Unpaid,GR0000000014,2624010.0,517626.0,182281.0,1777396.0,666721.0,263186.0,629762.0,678955.0,-49193.0,4,3323917.0,2707303.0,1.0781136365801685,78.94330694779683,80,0.0,3.000000125084139,7.11875288108561,22.854628410776296,15.735875529690686,18.19226502574216,108571.0294117647,8.102043395938749,1.0175603061087335,250611.74219951514,399.67425076472813,72.89701216637316
GR0000000014,2023,31,489380.0,78993.0,390321.0,1205591.0,801528.0,22043.0,101035.0,1951606.0,Consumer Goods and Retail,S,Somewhat Compliant,TR-FD2D82AE,GR0000000014,2024-06-29,On-time,Agent-prepared,1813565.91,1759158.93,54406.98,12434.51,1009.59,11424.93,Paid,GR0000000014,1370372.0,276703.0,95684.0,947794.0,357344.0,139295.0,328889.0,370136.0,-41247.0,4,1742759.0,1444433.0,1.125413133306374,78.63232954183567,60,100.0,3.000000148877964,11.30789330430049,22.854622697308322,11.546729393007832,19.99998975202987,62955.032258064515,8.119258418707291,4.062920346416221,111845.95255608746,507.39895910759634,79.35448935387633
GR0000000014,2024,29,551348.0,95615.0,490386.0,1154169.0,757253.0,31799.0,127414.0,2616426.0,Consumer Goods and Retail,S,Somewhat Compliant,TR-55789FD9,GR0000000014,2025-06-26,On-time,Agent-prepared,2490279.84,2415571.45,74708.4,17074.33,1381.26,15693.07,Paid,GR0000000014,1962132.0,375932.0,127222.0,1353524.0,509656.0,200865.0,470913.0,524929.0,-54018.0,4,2465286.0,2064045.0,1.1147048393227623,79.59044102793753,80,99.99955394323736,3.0000001927494218,12.316597862087368,22.854632143105732,10.538034281018364,18.742590082807617,90221.58620689655,8.08968785305192,1.0138312552782969,126008.5572283706,396.26578580575045,76.89045756944796
GR0000000015,2022,11,1731506.0,534186.0,441906.0,2602981.0,1370908.0,175649.0,709835.0,3260129.0,Technology and Innovation,M,Compliant,TR-5DA0D577,GR0000000015,2023-06-24,On-time,Agent-prepared,3260129.0,2550294.0,709835.0,196780.01,33970.29,162809.72,Paid,GR0000000015,1304052.0,1141045.0,815033.0,1289167.0,495834.0,198333.0,312972.0,475999.0,-163028.0,4,3260130.0,1983334.0,1.5208996331940237,40.0,100,100.0,21.773218176335966,22.93627674036924,27.721936788126822,4.785660047757581,13.554862399616702,296375.36363636365,17.263079720343544,3.067362344122415e-05,480006.9988026232,273.2762491119353,59.004762328285324
GR0000000015,2023,11,3528330.0,1164366.0,342847.0,4676120.0,1748854.0,338129.0,1502494.0,5885681.0,Technology and Innovation,M,Compliant,TR-49AAF9D0,GR0000000015,2024-06-14,On-time,Self-prepared,5885681.0,4383187.0,1502494.0,416520.44,68527.64,347992.8,Paid,GR0000000015,2354273.0,2059989.0,1471420.0,2346985.0,902686.0,361075.0,565026.0,866579.0,-301554.0,4,5885682.0,3610746.0,1.5336975643598703,40.00000339807689,100,100.0,25.527955048872,23.161010959111984,27.72193699276004,4.560926033648055,5.825103331288257,535061.9090909091,16.452407473688446,1.699038446600909e-05,978121.4194966502,289.2746317224048,57.41628475794498
GR0000000015,2024,11,2102169.0,755642.0,361994.0,3426859.0,1447404.0,268399.0,1024041.0,3579121.0,Technology and Innovation,M,Compliant,TR-B8D3CEB3,GR0000000015,2025-06-10,On-time,Agent-prepared,3579121.0,2555080.0,1024041.0,283884.0,45764.41,238119.59,Paid,GR0000000015,1431648.0,1252693.0,894781.0,1370085.0,526956.0,210782.0,343595.0,505877.0,-162281.0,4,3579122.0,2107823.0,1.4723060580043366,39.99997764814947,100,100.0,28.611522214532563,23.252935185212312,27.721936914635254,4.469001729422942,10.114047555251695,325374.63636363635,16.12081343083795,2.793981317417149e-05,582761.9640190188,217.12523668829573,51.28645698799669
GR0000000016,2022,38,4258770.0,1578781.0,988923.0,8536202.0,3716912.0,486002.0,2064783.0,9140419.0,Healthcare,M,Compliant,TR-CEFAFB17,GR0000000016,2023-06-15,On-time,Agent-prepared,9140419.0,7075636.0,2064783.0,472673.89,67071.52,405602.37,Paid,GR0000000016,7769357.0,914041.0,457021.0,3238135.0,1245437.0,498174.0,1864646.0,1195618.0,669027.0,4,9140419.0,4981746.0,0.6412037459120927,85.00000929935487,100,99.99996556952468,22.589588070306185,19.643825525491057,22.892182374612734,3.248356849121677,10.819230496982687,240537.34210526315,14.189808537975305,0.0,974925.3953152947,200.60110767348584,51.51691685627541
GR0000000016,2023,37,3469320.0,1316165.0,959340.0,10131507.0,5785685.0,346248.0,1662413.0,7844681.0,Healthcare,M,Compliant,TR-20584094,GR0000000016,2024-06-16,On-time,Agent-prepared,7844681.0,6182268.0,1662413.0,380562.61,49804.97,330757.64,Paid,GR0000000016,6667980.0,784469.0,392233.0,2751546.0,1058288.0,423314.0,1600316.0,1015955.0,584358.0,4,7844682.0,4233148.0,0.6348464928176685,85.00000382424679,100,100.0,21.191594661401783,19.89623757754541,22.89218202696923,2.9959444494238205,12.229177961474788,212018.4054054054,13.08719477197195,1.2747489319675509e-05,794203.0494980488,229.37404678093415,52.08245419851729
GR0000000016,2024,43,3318202.0,1040474.0,1659591.0,7807309.0,3705118.0,384564.0,1425039.0,8455440.0,Healthcare,M,Compliant,TR-696D1C6C,GR0000000016,2025-06-12,On-time,Agent-prepared,8455440.0,7030401.0,1425039.0,326222.52,46344.94,279877.58,Paid,GR0000000016,7187124.0,845543.0,422772.0,3078795.0,1184152.0,473661.0,1724910.0,1136785.0,588123.0,4,8455439.0,4736608.0,0.659040181806587,85.00001005270099,100,99.68334352956307,16.853516789191335,19.639994414187964,22.89218189817963,3.2521874839916656,19.627494252221055,196638.13953488372,14.206542209287084,1.1826707035922368e-05,759608.8375890343,197.52468707134165,57.05388038461794
GR0000000017,2023,4,781160.0,386628.0,197070.0,4643425.0,3819960.0,113757.0,500384.0,1477514.0,Financial Services,M,Compliant,TR-8176B017,GR0000000017,2024-06-12,On-time,Self-prepared,1477514.0,977130.0,500384.0,120972.19,12564.19,108408.0,Paid,GR0000000017,1034260.0,369378.0,73875.0,375698.0,144500.0,57800.0,248222.0,138719.0,109503.0,4,1477513.0,577998.0,0.5588505450765847,70.00006091316962,100,87.45084002184377,33.8666164922972,21.66496130971414,24.175870931124894,2.510909621410754,13.33794468275766,369378.5,10.386015165965004,6.768129958700797e-05,188852.2333655752,166.01372519104336,35.94346868759281
GR0000000017,2024,4,523733.0,208838.0,198175.0,3074039.0,2570053.0,69186.0,278024.0,910399.0,Financial Services,M,Compliant,TR-7403C26F,GR0000000017,2025-06-23,On-time,Self-prepared,910399.0,632375.0,278024.0,67214.72,6538.16,60676.56,Paid,GR0000000017,637280.0,227600.0,45519.0,242205.0,93157.0,37263.0,152946.0,89430.0,63517.0,4,910399.0,372625.0,0.5847161743360402,70.0000768893639,100,100.0,30.538697867638255,21.824216614393002,24.175869709089863,2.351653094696861,21.76792812821631,227599.75,9.72727402568961,0.0,126617.00770350761,183.00957954428296,46.91493566378288
GR0000000018,2022,10,2277671.0,794595.0,315388.0,4000529.0,2187841.0,290430.0,1085025.0,3845236.0,Technology and Innovation,M,Compliant,TR-6A1D7F92,GR0000000018,2023-06-20,On-time,Agent-prepared,3845236.0,2760211.0,1085025.0,232739.15,44345.25,188393.91,Paid,GR0000000018,1538095.0,1345832.0,961310.0,1495621.0,575239.0,230096.0,369142.0,552228.0,-183087.0,4,3845237.0,2300956.0,1.4959771578416978,40.000005201239865,100,100.0,28.217383796469193,17.363093937927697,21.450118660860348,4.08702472293265,8.202045336099006,384523.6,19.053627204533488,2.6006199360661952e-05,488563.1322040045,168.22061502048842,52.36252294558784
GR0000000018,2023,10,1614958.0,592857.0,343032.0,3200380.0,1343894.0,215270.0,808127.0,3195822.0,Technology and Innovation,M,Compliant,TR-07890469,GR0000000018,2024-06-13,On-time,Agent-prepared,3195822.0,2387695.0,808127.0,173344.2,31570.1,141774.11,Paid,GR0000000018,1278329.0,1118537.0,798956.0,1277781.0,491454.0,196582.0,306799.0,471796.0,-164997.0,4,3195822.0,1965817.0,1.5378016225606994,40.00000625817082,100,99.99992241178592,25.28698406857453,17.543543279707272,21.450118607595094,3.906575327887822,10.733764270976295,319582.2,18.212377454798023,0.0,346410.40646284557,160.91903491561555,49.959875117495315
GR0000000018,2024,10,1922889.0,697812.0,336291.0,3438395.0,1566375.0,187159.0,884972.0,3682021.0,Technology and Innovation,M,Compliant,TR-C0BFE914,GR0000000018,2025-06-20,On-time,Agent-prepared,3682021.0,2797049.0,884972.0,189827.55,34832.81,154994.74,Paid,GR0000000018,1472808.0,1288708.0,920505.0,1434950.0,551904.0,220762.0,353473.0,529828.0,-176354.0,4,3682021.0,2207616.0,1.498920709644018,39.999989136400906,100,100.0,24.034952543725307,17.514084061416632,21.450119325809176,3.936035264392544,9.133326507371903,368202.1,18.349712673423852,0.0,412461.9850028588,220.38052404792654,53.97695862839716
GR0000000019,2022,13,432741.0,104478.0,320943.0,1344579.0,925242.0,32125.0,136603.0,1791376.0,Automotive,S,Somewhat Compliant,TR-5DC4F046,GR0000000019,2023-08-20,Extended,Self-prepared,1733589.07,1681581.4,52007.67,14258.95,1480.56,12778.38,Partial,GR0000000019,1105745.0,333417.0,174322.0,861096.0,332116.0,129900.0,265380.0,333188.0,-67808.0,4,1613484.0,1323112.0,1.255512849498832,68.53151317273675,80,78.76585294849583,2.999999878864026,9.354391924042663,27.41701368278948,18.06262175874682,17.916004233617063,137798.15384615384,10.38337324978347,7.4438339642661555,118644.65918104003,369.3218962833931,68.43308121948233
GR0000000019,2023,13,322457.0,72604.0,277690.0,1366119.0,967863.0,24592.0,97196.0,1489133.0,Automotive,S,Somewhat Compliant,TR-CC23B7A7,GR0000000019,2024-06-20,On-time,Agent-prepared,1381060.89,1339629.07,41431.83,11359.37,1267.75,10091.62,Paid,GR0000000019,955561.0,271781.0,144604.0,747330.0,278043.0,108960.0,229334.0,285415.0,-56080.0,4,1371946.0,1134333.0,1.244538533318217,69.65004453528054,80,100.0,3.000000238946742,10.382752376641015,27.417012475673896,17.03426009903288,18.647763497283318,114548.69230769231,11.16039005684294,0.6643767320288152,88408.07591868378,359.49933278579937,69.85768645121675
GR0000000019,2024,13,337933.0,74462.0,257443.0,1710219.0,1025466.0,26338.0,100800.0,1674439.0,Automotive,S,Somewhat Compliant,TR-49668ED9,GR0000000019,2025-06-29,On-time,Self-prepared,1615713.25,1567241.86,48471.4,13289.41,1470.85,11818.55,Paid,GR0000000019,1060671.0,314212.0,164278.0,837953.0,319809.0,124848.0,254561.0,324280.0,-69720.0,4,1539161.0,1282610.0,1.2738793452257022,68.91228403006573,100,100.0,3.0000001547304262,11.724751984126984,27.417012918958395,15.692260934831411,15.374880780966043,128803.0,11.067835216160837,4.973634986853237,92651.13426742367,351.77741008210063,70.17160206313086
GR0000000020,2022,180,75524312.0,34709027.0,10248572.0,546408500.0,496810903.0,10255996.0,44965023.0,115404996.0,Financial Services,L,Somewhat Compliant,TR-26B5C2D4,GR0000000020,2023-06-22,On-time,Self-prepared,111819872.58,76856118.08,34963754.5,9459932.14,1311856.08,8148076.06,Paid,GR0000000020,72931151.0,26950713.0,5699516.0,25404991.0,9233076.0,3645653.0,17503477.0,9765590.0,7737886.0,4,105581380.0,38283720.0,0.5579228629831662,69.07576979956124,100,96.0824905809954,31.267925542470692,18.12092047634447,27.0563967608227,8.93547628447823,8.880527148062118,641138.8666666667,13.86749989942317,5.908705284965965,20434157.50560163,199.24108302695936,40.46284989660018
GR0000000020,2023,176,73108633.0,31152055.0,8872412.0,531975262.0,418933434.0,7776327.0,38928382.0,140853450.0,Financial Services,L,Somewhat Compliant,TR-BB43D0F8,GR0000000020,2024-07-19,Extended,Self-prepared,137669103.87,115424039.14,22245064.72,6018712.97,915079.81,5103633.16,Partial,GR0000000020,92012102.0,33762423.0,6834302.0,29899641.0,11298770.0,4438214.0,22082904.0,11561670.0,10521236.0,4,132608827.0,45636625.0,0.5235574995027827,69.38610655231872,60,17.01932331572881,16.15835659176358,13.110314114776205,27.056396759271824,13.946082644495618,6.299037758748543,800303.6931818182,15.203911775842672,3.8159427124711653,19780561.80975993,254.36895606061745,46.752687880239804
GR0000000020,2024,178,77646366.0,29270386.0,11822171.0,384858702.0,344527081.0,8756379.0,38026765.0,130745544.0,Financial Services,L,Somewhat Compliant,TR-6DB23877,GR0000000020,2025-06-23,On-time,Self-prepared,122788105.37,97836236.79,24951868.57,6751076.56,1021465.1,5729611.46,Paid,GR0000000020,81770589.0,30235879.0,6412758.0,27495551.0,10299495.0,4070632.0,19624941.0,10567560.0,9057382.0,4,118419226.0,41865678.0,0.5384760137622834,69.05178471610682,40,99.99999688915801,20.321079549857053,15.06731235223401,27.05639676267339,11.98908441043938,9.042121542589628,734525.5280898877,15.130403142695215,3.689332819993263,21008308.856757533,239.92004979178648,51.0256990005173
GR0000000021,2022,152,11959494.0,3059486.0,3075228.0,40556496.0,23394202.0,1157722.0,4217208.0,27038922.0,Tourism and Hospitality,L,Compliant,TR-E761C1EE,GR0000000021,2023-06-18,On-time,Agent-prepared,27038922.0,22821714.0,4217208.0,828660.07,145467.05,683193.02,Paid,GR0000000021,16223353.0,8111676.0,2703892.0,8184378.0,3147838.0,1259135.0,3893605.0,3021924.0,871681.0,4,27038921.0,12591351.0,0.7761249536098295,60.000001479348974,100,99.99999871372216,15.596805227664031,16.200126244662346,19.649494879076393,3.4493686344140464,11.373338034704194,177887.6447368421,17.554490105936928,3.698372430527286e-06,2349980.1610934483,202.98311348436394,64.73757167318283
GR0000000021,2023,159,9939632.0,1712509.0,3624756.0,30635128.0,20508210.0,662377.0,2374887.0,23971763.0,Tourism and Hospitality,L,Compliant,TR-82A3F1B6,GR0000000021,2024-06-19,On-time,Agent-prepared,23971763.0,21596876.0,2374887.0,466653.3,87694.13,378959.17,Paid,GR0000000021,14383058.0,7191529.0,2397176.0,7495005.0,2882694.0,1153078.0,3451933.0,2767386.0,684548.0,4,23971763.0,11530777.0,0.8016916898445016,60.00000083431494,100,99.99998401515245,9.907018520081314,15.956934793108049,19.64949490228377,3.692560109175721,15.120940416439124,150765.80503144654,18.792137546225433,0.0,1953087.4831457664,294.86040172677593,76.10689208614563
GR0000000021,2024,175,18691293.0,3903724.0,4023660.0,77222428.0,46334660.0,1060556.0,4964280.0,52386570.0,Tourism and Hospitality,L,Compliant,TR-1F7FC6B9,GR0000000021,2025-06-14,On-time,Agent-prepared,52386570.0,47422290.0,4964280.0,975455.94,156176.51,819279.43,Paid,GR0000000021,31431942.0,15715971.0,5238657.0,15012926.0,5774202.0,2309680.0,7543666.0,5543234.0,2000432.0,4,52386570.0,23096808.0,0.7348196486960054,60.0,100,99.30502001759804,9.476245533922148,16.50348952919658,19.64949479078537,3.146005261588787,7.680709006144132,299351.82857142854,16.010616532818492,0.0,3672744.6443654303,346.3036977175586,73.44068171206776
GR0000000022,2022,180,14443407.0,6336102.0,7671151.0,84313716.0,54387814.0,1702821.0,8038923.0,53732039.0,Energy,M,Compliant,TR-D6FAF43A,GR0000000022,2023-06-18,On-time,Agent-prepared,53732039.0,45693116.0,8038923.0,2224022.31,397763.77,1826258.54,Paid,GR0000000022,42985630.0,8059805.0,2686602.0,24886943.0,9571900.0,3828761.0,10316552.0,9189026.0,1127527.0,4,53732037.0,38287604.0,0.8907070889576285,80.00000074443483,100,100.0,14.961135199056935,22.717701612517,27.665674991538047,4.947973379021047,14.27667950587172,298511.3277777778,17.884882188974085,3.722174168885317e-06,3995866.0383250555,234.66154330520092,44.34192015775779
GR0000000022,2023,198,12608108.0,4109108.0,6992232.0,74306200.0,50833183.0,1456973.0,5566080.0,43887601.0,Energy,M,Compliant,TR-E5967456,GR0000000022,2024-06-15,On-time,Agent-prepared,43887601.0,38321521.0,5566080.0,1539893.61,268782.66,1271110.94,Paid,GR0000000022,35110081.0,6583141.0,2194380.0,18960302.0,7292425.0,2916970.0,8426419.0,7000727.0,1425692.0,4,43887602.0,29169697.0,0.8308068943640234,79.99999863287131,100,52.866005849133344,12.682579756410018,22.836735009198573,27.665675125043123,4.828940115844549,15.932135365521574,221654.55050505052,17.45462532310917,2.278547828193922e-06,3488118.198694572,239.40856822292326,55.85317003946984
GR0000000022,2024,221,15427793.0,6659006.0,9794528.0,84692804.0,47241716.0,2393098.0,9052104.0,69895111.0,Energy,M,Compliant,TR-3D08877F,GR0000000022,2025-06-23,On-time,Self-prepared,69895111.0,60843007.0,9052104.0,2504325.68,374125.68,2130200.0,Paid,GR0000000022,55916088.0,10484267.0,3494755.0,31097171.0,11960451.0,4784180.0,13419861.0,11482032.0,1937828.0,4,69895110.0,47841802.0,0.8555999201482042,80.0,100,100.0,12.950983080919636,23.532650530749535,27.66567507399385,4.133024543244314,14.013180406852776,316267.4705882353,14.939178357984172,1.4307152573778126e-06,4268203.082468368,178.35471353318454,41.32599523470402
GR0000000023,2022,27,415248.0,77741.0,452133.0,1754121.0,1072010.0,22636.0,100378.0,2055151.0,Agriculture and Food Production,M,Somewhat Compliant,TR-BD6982D2,GR0000000023,2023-06-22,On-time,Agent-prepared,1957544.38,1898818.05,58726.33,16090.38,2899.96,13190.42,Partial,GR0000000023,1192053.0,476611.0,202032.0,929234.0,346228.0,136134.0,286092.0,357147.0,-71055.0,4,1870696.0,1411596.0,1.2483641625770732,63.7224327202282,80,72.80283721064227,2.9999999284818264,13.140747972663332,27.39891970092461,14.258171728261276,21.999989295190474,76116.70370370371,18.02294290128636,4.642570465751783,113773.46607969541,502.6217798184105,75.82697568681847
GR0000000023,2023,29,604595.0,95362.0,479277.0,1825413.0,964504.0,24287.0,119649.0,2178530.0,Agriculture and Food Production,M,Somewhat Compliant,TR-ECC37683,GR0000000023,2024-06-24,On-time,Self-prepared,2018954.77,1958386.13,60568.64,16595.16,2952.97,13642.18,Unpaid,GR0000000023,1269306.0,518621.0,211191.0,955308.0,352738.0,139672.0,304633.0,363318.0,-58685.0,4,1999118.0,1447718.0,1.1926416376426716,63.493300545540585,80,0.0,2.999999846455203,11.401833696896757,27.398931196077708,15.997097499180951,22.000018361004898,75121.72413793103,17.79416408157559,0.9922760937573383,165652.56806492602,682.0627004773171,80.21005797269247
GR0000000023,2024,24,833459.0,241781.0,649500.0,2337977.0,1095510.0,61562.0,303343.0,3140346.0,Agriculture and Food Production,M,Somewhat Compliant,TR-9D55EC0A,GR0000000023,2025-06-27,On-time,Self-prepared,2983373.86,2893872.65,89501.22,24522.37,4349.31,20173.06,Partial,GR0000000023,1835151.0,734386.0,307009.0,1436005.0,535300.0,210018.0,440436.0,551281.0,-110846.0,4,2876546.0,2181323.0,1.2516710713928925,63.7970329694015,80,78.86260190570988,3.0000001407802106,6.650247409697934,27.39892260686502,20.74867519716709,20.682434355959504,130847.75,17.736091576792948,3.7137546209933703,228358.78636995115,370.9411428640251,63.60432846726714
GR0000000024,2022,4,235360.0,46402.0,125473.0,580098.0,287966.0,14827.0,61229.0,950153.0,Automotive,M,Somewhat Compliant,TR-39485371,GR0000000024,2023-08-06,Late,Agent-prepared,867957.37,841918.65,26038.72,6691.62,1154.94,5536.69,Paid,GR0000000024,620856.0,180034.0,92617.0,456312.0,173049.0,67987.0,149005.0,176626.0,-27621.0,4,893507.0,697348.0,1.1853696184691789,69.48529782083408,80,100.0,2.9999998732656654,9.042594195560927,25.698728662545623,16.656134466984696,13.205557420752237,237538.25,17.259497700108493,2.859477318028847,60484.52778016738,407.9350359490617,73.9849592114208
GR0000000024,2023,2,208085.0,30944.0,57157.0,507200.0,336344.0,10448.0,41392.0,790818.0,Automotive,M,Somewhat Compliant,TR-72D6B090,GR0000000024,2024-06-21,On-time,Agent-prepared,720322.48,698712.8,21609.67,5553.41,989.14,4564.27,Paid,GR0000000024,499340.0,149273.0,76905.0,372921.0,141126.0,54777.0,119843.0,144615.0,-24774.0,4,725518.0,568824.0,1.2067037707667532,68.82530826251038,100,99.99408448667585,2.999999389162476,11.026937572477774,25.69872654233036,14.671788969852585,7.227579544218771,395409.0,17.811398762201964,0.7161117987424137,53475.19512560812,511.82231169226765,80.10812888963645
GR0000000024,2024,2,154989.0,28660.0,53142.0,503232.0,265213.0,6679.0,35339.0,624081.0,Automotive,M,Somewhat Compliant,TR-A32CC263,GR0000000024,2025-06-25,On-time,Agent-prepared,573076.79,555884.48,17192.3,4418.21,721.06,3697.15,Paid,GR0000000024,391119.0,119465.0,61308.0,293733.0,108965.0,43021.0,93869.0,112299.0,-18430.0,4,571892.0,445719.0,1.1963374489980718,68.39036041770125,40,0.0,2.999999354362266,10.461954214890065,25.698772124730258,15.236817909840193,8.515240810087152,312040.5,16.320183965904743,0.20717023493947995,39830.26992839818,596.3507999460725,77.19902702772454
GR0000000025,2022,12,1042924.0,376972.0,306874.0,3502346.0,1799319.0,113065.0,490037.0,2877440.0,Healthcare,S,Compliant,TR-0DE417C9,GR0000000025,2023-06-25,On-time,Agent-prepared,2877440.0,2387403.0,490037.0,122586.18,11042.1,111544.08,Paid,GR0000000025,2445823.0,287744.0,143872.0,1118802.0,430309.0,172123.0,586997.0,413095.0,173902.0,4,2877439.0,1721234.0,0.7037429492825347,84.99999478703111,100,82.8352591144359,17.030311665925264,22.76237916728737,25.015698814579306,2.253319647291935,10.664827068505337,239786.66666666666,9.00762222952049,3.475312595480062e-05,260894.7267049631,230.74755822311332,53.01316299174245
GR0000000025,2023,11,739832.0,205029.0,232905.0,2510647.0,1432536.0,87855.0,292884.0,1716376.0,Healthcare,S,Compliant,TR-4C176B53,GR0000000025,2024-06-23,On-time,Agent-prepared,1716376.0,1423492.0,292884.0,73266.98,7551.6,65715.38,Partial,GR0000000025,1458919.0,171637.0,85819.0,673571.0,259067.0,103625.0,350140.0,248703.0,101436.0,4,1716375.0,1036263.0,0.710295881647341,85.00001456558152,100,96.40303298722391,17.06409318237962,22.43734038049194,25.0156990480873,2.57835866759536,13.569579159811138,156034.18181818182,10.306962290516138,5.826232611916282e-05,185074.1465814452,210.65863818956828,60.412093556374955
GR0000000025,2024,11,662261.0,218549.0,248685.0,2099139.0,1054424.0,91353.0,309903.0,1757023.0,Healthcare,S,Compliant,TR-FA9D5CFB,GR0000000025,2025-06-25,On-time,Agent-prepared,1757023.0,1447120.0,309903.0,77524.4,8133.01,69391.39,Paid,GR0000000025,1493470.0,175702.0,87852.0,728319.0,280123.0,112048.0,358432.0,268917.0,89515.0,4,1757024.0,1120490.0,0.7502594634407642,84.99997723423243,100,99.9997545724876,17.637959207136163,22.391325672871833,25.015698460486018,2.6243727876141847,14.153770326284858,159729.36363636365,10.490903509088753,5.691441892219373e-05,165669.21478139932,181.35060127352065,53.20530727311438
GR0000000026,2022,14,404551.0,157623.0,423352.0,2881590.0,2024813.0,63486.0,221109.0,2034329.0,Energy,S,Compliant,TR-6B8DF997,GR0000000026,2023-06-12,On-time,Agent-prepared,2034329.0,1813220.0,221109.0,61862.61,7147.65,54714.96,Paid,GR0000000026,1627463.0,305150.0,101717.0,997257.0,383560.0,153424.0,390591.0,368218.0,22373.0,4,2034330.0,1534241.0,0.9427201343604947,79.99995084376674,100,100.0,10.868890921773223,24.745695561917426,27.97833195392318,3.2326363920057553,20.810399891069732,145309.2142857143,11.554071190982727,4.915623326162688e-05,113186.62170291577,178.28595549084173,45.3445919055941
GR0000000026,2023,12,226760.0,68157.0,265189.0,2258130.0,1269273.0,23261.0,91418.0,1060754.0,Energy,S,Compliant,TR-A9DC3CB7,GR0000000026,2024-06-13,On-time,Agent-prepared,1060754.0,969336.0,91418.0,25577.23,2544.84,23032.39,Paid,GR0000000026,848603.0,159113.0,53038.0,517093.0,198882.0,79553.0,203665.0,190927.0,12739.0,4,1060754.0,795528.0,0.9374561166621658,79.99998114548707,100,96.5687942235401,8.618209311489752,25.19458968693255,27.97833030694174,2.7837406200091905,25.000047136282305,88396.16666666667,9.949630980368086,0.0,63443.66180402109,272.7469231934185,59.68512965249603
GR0000000026,2024,14,669475.0,274066.0,439145.0,4901795.0,3636443.0,104597.0,378663.0,3417437.0,Energy,S,Compliant,TR-3BBEE0D5,GR0000000026,2025-06-15,On-time,Agent-prepared,3417437.0,3038774.0,378663.0,105943.58,10996.32,94947.26,Paid,GR0000000026,2733948.0,512616.0,170872.0,1625024.0,625009.0,250003.0,656147.0,600009.0,56140.0,4,3417436.0,2500036.0,0.9144429525700796,79.99997659063696,100,99.99982791401472,11.080321305118426,25.074343149449508,27.978329015509836,2.903985866060328,12.85012715669667,244102.64285714287,10.37941138103885,2.9261703793359573e-05,187307.91817658447,179.07580349014262,43.438813996041674
GR0000000027,2022,18,1355327.0,208023.0,409865.0,5702906.0,4126756.0,71961.0,279984.0,3129123.0,Tourism and Hospitality,M,Compliant,TR-33CAF73F,GR0000000027,2023-06-14,On-time,Agent-prepared,3129123.0,2849139.0,279984.0,70522.31,8175.93,62346.38,Partial,GR0000000027,1877473.0,938737.0,312912.0,1035746.0,398363.0,159345.0,450593.0,382430.0,68164.0,4,3129122.0,1593454.0,0.8487260121661899,59.999993608430735,100,95.49432006864129,8.947682785240465,22.26783673352763,25.18797859877707,2.920141865249441,13.098398496959051,173840.16666666666,11.593395054699712,3.195784632481491e-05,341379.4747034473,474.3951233354835,79.34195954186701
GR0000000027,2023,18,778304.0,198426.0,332279.0,2203242.0,1647354.0,76939.0,275365.0,1904693.0,Tourism and Hospitality,M,Compliant,TR-93D064BE,GR0000000027,2024-06-11,On-time,Agent-prepared,1904693.0,1629328.0,275365.0,69358.87,8405.16,60953.72,Paid,GR0000000027,1142815.0,571408.0,190469.0,638623.0,245625.0,98250.0,274277.0,235799.0,38477.0,4,1904692.0,982498.0,0.8597111679068971,59.999989499614635,100,100.0,14.457185488685054,22.13560910064823,25.187975959181447,3.0523668585332153,17.44527858295274,105816.27777777778,12.118363520051581,5.250192682826338e-05,196039.02440934756,254.79798854852226,64.61986575939478
GR0000000027,2024,18,839667.0,166011.0,360713.0,3307126.0,1873181.0,53691.0,219702.0,2598517.0,Tourism and Hospitality,M,Compliant,TR-A06E2EC6,GR0000000027,2025-06-20,On-time,Self-prepared,2598517.0,2378815.0,219702.0,55338.49,8185.42,47153.08,Paid,GR0000000027,1559110.0,779555.0,259852.0,855150.0,328903.0,131562.0,374186.0,315747.0,58440.0,4,2598517.0,1315615.0,0.8438236598910702,59.99999230330223,100,99.99992423745951,8.4548994676579,21.462289828950123,25.187977351139267,3.725687522189144,13.88149471410039,144362.05555555556,14.791549245380567,0.0,211495.13378499055,393.91170547203546,73.83462729867912
GR0000000028,2022,16,873691.0,396513.0,605227.0,11631812.0,9406955.0,131390.0,527902.0,2013436.0,Financial Services,S,Compliant,TR-7320A08A,GR0000000028,2023-06-19,On-time,Agent-prepared,2013436.0,1485534.0,527902.0,120908.87,7629.48,113279.39,Paid,GR0000000028,1409405.0,503358.0,100671.0,598673.0,230259.0,92104.0,338257.0,221048.0,117208.0,4,2013434.0,921036.0,0.6534912802987077,70.00005959966902,100,99.9998307933462,26.218961019868527,21.458412735697156,22.90365825475183,1.445245519054673,30.05941087772345,125839.75,6.310107769595398,9.933278171114779e-05,200107.2008425238,152.30017569261267,39.577951472545784
GR0000000028,2023,18,1805954.0,830112.0,672277.0,15789234.0,13094481.0,308013.0,1138125.0,4340886.0,Financial Services,S,Compliant,TR-AFAC2653,GR0000000028,2024-06-20,On-time,Self-prepared,4340886.0,3202761.0,1138125.0,260672.25,18208.28,242463.97,Paid,GR0000000028,3038620.0,1085222.0,217044.0,1351005.0,519618.0,207846.0,729269.0,498833.0,230436.0,4,4340886.0,2078469.0,0.6840178315546115,69.99999539264566,100,98.81984132923503,26.218725854583603,21.30380845689182,22.90365733113674,1.5998488742449197,15.487091805682066,241160.33333333334,6.985124039862317,0.0,413629.51571795717,134.28962924225834,36.9792918313534
GR0000000028,2024,20,1330308.0,553438.0,650536.0,11744741.0,9573640.0,167495.0,720933.0,3757535.0,Financial Services,S,Compliant,TR-0C264C90,GR0000000028,2025-06-14,On-time,Self-prepared,3757535.0,3036602.0,720933.0,165120.02,10610.65,154509.38,Paid,GR0000000028,2630275.0,939384.0,187877.0,1020867.0,392642.0,157057.0,631265.0,376936.0,254330.0,4,3757536.0,1570566.0,0.5971121478301505,69.99999467736305,100,82.74374156422995,19.18632827106068,21.431863987360824,22.903656789188453,1.471792801827629,17.31283940136286,187876.75,6.42602271971624,2.6613184811452584e-05,304689.17855911714,181.90941733133354,45.80706122191252
GR0000000029,2022,18,151441.0,22767.0,203601.0,716943.0,471852.0,8863.0,31630.0,814404.0,Agriculture and Food Production,S,Compliant,TR-C6D4BA48,GR0000000029,2023-06-14,On-time,Agent-prepared,814404.0,773683.8,40720.2,10744.01,1094.65,9649.36,Partial,GR0000000029,529363.0,203601.0,81440.0,398700.0,153346.0,61338.0,127047.0,147212.0,-20165.0,4,814404.0,613384.0,1.1587207883696584,65.00004911567233,100,92.38954707876998,5.0,30.506987037622512,26.384963728075995,-4.122023309546517,25.0,45244.666666666664,10.188467806712765,0.0,39957.65291943557,450.8366571074757,79.11397838101966
GR0000000029,2023,20,152655.0,25841.0,182725.0,698986.0,457464.0,9015.0,34856.0,730900.0,Agriculture and Food Production,S,Compliant,TR-6B5628A0,GR0000000029,2024-06-18,On-time,Agent-prepared,730900.0,694355.0,36545.0,9642.38,1086.49,8555.89,Paid,GR0000000029,475085.0,182725.0,73090.0,354606.0,136387.0,54555.0,114020.0,130932.0,-16910.0,4,730900.0,545548.0,1.1483248552885459,65.0,100,100.0,5.0,24.54639086527427,26.38495006156793,1.8385591962936623,25.0,36545.0,11.26786125417169,0.0,40277.94551648652,446.7880811590296,77.16681405784284
GR0000000029,2024,20,459765.0,115279.0,385975.0,1705145.0,908622.0,35568.0,150847.0,1850981.0,Agriculture and Food Production,S,Compliant,TR-1139538F,GR0000000029,2025-06-23,On-time,Agent-prepared,1850981.0,1700134.0,150847.0,39800.91,4008.81,35792.1,Paid,GR0000000029,1203138.0,462745.0,185098.0,935809.0,359927.0,143970.0,288753.0,345530.0,-56777.0,4,1850981.0,1439706.0,1.1966282601392886,65.0000189088921,100,99.99972060873769,8.149570416984291,23.7274191730694,26.38495296558765,2.657533792518251,20.852456075994297,92549.05,10.072156641644625,0.0,121308.77900223405,341.06156939449517,67.190412493339
GR0000000030,2022,18,261648.0,73031.0,334152.0,1013703.0,572942.0,23545.0,96575.0,1336609.0,Agriculture and Food Production,S,Compliant,TR-0B51FD4B,GR0000000030,2023-06-19,On-time,Agent-prepared,1336609.0,1240034.0,96575.0,25411.44,2498.98,22912.47,Paid,GR0000000030,868796.0,334152.0,133661.0,675863.0,259948.0,103979.0,208511.0,249549.0,-41038.0,4,1336609.0,1039790.0,1.1968145565461774,65.0000112224293,100,99.99794871526291,7.225374062272512,23.72505306756407,26.312648200880144,2.587595133316075,24.99998129595117,74256.05555555556,9.834074731695647,0.0,68846.51776463888,292.4039828610697,63.08972359811656
GR0000000030,2023,19,142596.0,31825.0,211472.0,777533.0,448436.0,9556.0,41381.0,845889.0,Agriculture and Food Production,S,Compliant,TR-258CC5C2,GR0000000030,2024-06-11,On-time,Agent-prepared,845889.0,803594.55,42294.45,11128.79,1095.33,10033.47,Paid,GR0000000030,549829.0,211472.0,84588.0,406406.0,156310.0,62524.0,131959.0,150058.0,-18098.0,4,845889.0,625240.0,1.137156237922385,65.00013595164378,100,99.99531567842432,5.0,24.246562432034025,26.312648586280236,2.066086154246211,24.99997044529483,44520.47368421053,9.842309900716968,0.0,37520.78437809216,392.64110902147513,70.98025190047407
GR0000000030,2024,20,251402.0,40011.0,350710.0,1510950.0,985459.0,16012.0,56023.0,1402841.0,Agriculture and Food Production,S,Compliant,TR-CE9C9C4A,GR0000000030,2025-06-18,On-time,Agent-prepared,1402841.0,1332698.95,70142.05,18456.23,1718.18,16738.05,Paid,GR0000000030,911845.0,350710.0,140284.0,678331.0,260896.0,104358.0,218843.0,250460.0,-31617.0,4,1402839.0,1043585.0,1.144473435293795,64.99997505059383,100,99.99970127942025,5.0,29.877104046552304,26.312646978524295,-3.564457068028009,24.999982179021004,70142.05,9.30948519822304,0.0001425680352440395,66150.52075694966,413.1309065510221,77.7157699620528
GR0000000031,2022,3,107817.0,29493.0,89545.0,212827.0,117600.0,10638.0,40130.0,404990.0,Automotive,M,Compliant,TR-38D7663C,GR0000000031,2023-06-16,On-time,Agent-prepared,404990.0,364860.0,40130.0,8065.42,1252.76,6812.66,Paid,GR0000000031,283493.0,80998.0,40499.0,195405.0,75156.0,30062.0,68038.0,72150.0,-4110.0,4,404990.0,300623.0,1.0604368147211851,70.0,100,100.0,9.908886639176275,16.97647645153252,20.0982307500623,3.1217542985297797,22.110422479567397,134996.66666666666,15.53248311929199,0.0,21669.30944779467,203.69721233121516,62.77952456477179
GR0000000031,2023,3,167134.0,29100.0,91307.0,361816.0,246046.0,8762.0,37862.0,639092.0,Automotive,M,Compliant,TR-59CAB1CA,GR0000000031,2024-06-14,On-time,Agent-prepared,639092.0,601230.0,37862.0,7609.59,1091.9,6517.69,Paid,GR0000000031,447364.0,127818.0,63910.0,317797.0,122230.0,48892.0,107367.0,117339.0,-9972.0,4,639092.0,488919.0,1.0928776998519099,69.99993741120214,100,100.0,5.924342661150507,17.21433099149543,20.098225133379113,2.883894141883683,14.286988414813518,213030.66666666666,14.348999091935308,0.0,33590.96759442185,383.37100655583026,77.34632091615111
GR0000000031,2024,3,112888.0,28128.0,95044.0,315281.0,212961.0,10193.0,38321.0,500680.0,Automotive,M,Compliant,TR-C0182D0D,GR0000000031,2025-06-24,On-time,Agent-prepared,500680.0,462359.0,38321.0,7701.84,1062.28,6639.56,Paid,GR0000000031,350475.0,100135.0,50068.0,241761.0,92985.0,37195.0,84115.0,89265.0,-5151.0,4,500678.0,371941.0,1.061225702906735,70.0000798916669,100,0.0,7.653790844451545,17.326165809869263,20.09822290650035,2.7720570966310873,18.982983142925622,166893.33333333334,13.792548274178637,0.00039945833449905876,22688.48187469012,222.588853867263,66.05396499185034
GR0000000032,2022,376,29146565.0,7801805.0,14736458.0,48155456.0,22628968.0,2041526.0,9843331.0,104697266.0,Automotive,L,Compliant,TR-615BC85E,GR0000000032,2023-06-22,On-time,Self-prepared,104697266.0,94853935.0,9843331.0,1848008.4,329390.05,1518618.35,Paid,GR0000000032,73288085.0,20939453.0,10469727.0,46439431.0,17861320.0,7144528.0,17589140.0,17146868.0,442274.0,4,104697265.0,71445279.0,0.9748553937259014,69.9999995224326,100,99.99998229254253,9.401707777163923,15.427890721139015,18.77421779273703,3.346327071598015,14.075303551861612,278450.17553191487,17.824055886326057,9.551347934788623e-07,5472039.592201664,268.0367329243744,66.22816102000357
GR0000000032,2023,412,17599209.0,5226965.0,13429898.0,54500374.0,32195529.0,1771026.0,6997991.0,87948278.0,Automotive,L,Compliant,TR-67542463,GR0000000032,2024-06-12,On-time,Self-prepared,87948278.0,80950287.0,6997991.0,1313818.07,275891.45,1037926.62,Paid,GR0000000032,61563795.0,17589656.0,8794827.0,38643296.0,14862806.0,5945122.0,14775312.0,14268292.0,507016.0,4,87948278.0,59451224.0,0.9656846501786223,70.00000045481278,100,100.0,7.956939191009516,14.831779863678019,18.774217771929116,3.9424379082510974,15.270222800723854,213466.6941747573,20.999212623099332,0.0,3304113.8237969484,186.56495295929864,60.23690041978591
GR0000000032,2024,383,39048027.0,6141545.0,12489011.0,92655791.0,41852153.0,2345060.0,8486605.0,147349923.0,Automotive,L,Compliant,TR-6F91DE13,GR0000000032,2025-06-11,On-time,Agent-prepared,147349923.0,138863318.0,8486605.0,1593293.71,294075.29,1299218.42,Paid,GR0000000032,103144947.0,29469984.0,14734992.0,65644467.0,25247871.0,10099148.0,24754787.0,24237956.0,516830.0,4,147349923.0,100991486.0,0.9791219774987359,70.00000061079096,100,99.99997994613553,5.759490624233309,15.309047846577045,18.77421784093875,3.4651699943617054,8.475749933035255,384725.64751958224,18.457067153048637,0.0,7330961.65156858,312.6129673257222,78.26623865016279
GR0000000033,2022,130,37944104.0,14917675.0,6080789.0,141532108.0,125214447.0,5485981.0,20403657.0,60694500.0,Financial Services,L,Compliant,TR-B5E193CB,GR0000000033,2023-06-10,On-time,Agent-prepared,60694500.0,40290843.0,20403657.0,4836336.81,662700.32,4173636.5,Paid,GR0000000033,42486150.0,15173625.0,3034725.0,14678463.0,5645563.0,2258225.0,10196675.0,5419740.0,4776936.0,4,60694500.0,22582251.0,0.5315203240271952,70.0,100,99.99999441376515,33.61697847416158,20.455335531272652,23.70328422007878,3.247948688806126,10.01868208816285,466880.76923076925,13.702526230798224,0.0,8993998.81588228,163.94513243633693,46.22706863759387
GR0000000033,2023,117,47571040.0,26204592.0,6837642.0,312712059.0,252452190.0,6358539.0,32563131.0,83829654.0,Financial Services,L,Compliant,TR-E182BA7F,GR0000000033,2024-09-26,Extended,Self-prepared,83829654.0,51266523.0,32563131.0,7718531.5,950743.41,6767788.09,Paid,GR0000000033,58680758.0,20957413.0,4191482.0,17552173.0,6750836.0,2700334.0,14083382.0,6480802.0,7602580.0,4,83829653.0,27003343.0,0.460173699754789,70.00000107360577,80,99.99999937371125,38.84440582326631,20.783591387449814,23.703284244994745,2.9196928575449306,8.156590983901712,716492.7692307692,12.317672215239389,1.1928953158601985e-06,11275898.829500148,177.3347435550863,31.548414749814174
GR0000000033,2024,108,28353570.0,12744126.0,5230472.0,164444522.0,136656185.0,2819034.0,15563160.0,52751102.0,Financial Services,L,Compliant,TR-A6FF2437,GR0000000033,2025-06-10,On-time,Self-prepared,52751102.0,37187942.0,15563160.0,3688980.05,519013.9,3169966.15,Paid,GR0000000033,36925772.0,13187775.0,2637555.0,12379245.0,4761248.0,1904499.0,8862186.0,4570798.0,4291387.0,4,52751102.0,19044992.0,0.5157641692467299,70.000001137417,100,99.99999798964079,29.50300450595326,20.368396585269316,23.703284230194896,3.3348876449255798,9.915379587709845,488436.1296296296,14.069306230051312,0.0,6720727.286507271,238.4053291484697,45.11040408668115
GR0000000034,2022,7,192334.0,45673.0,140287.0,998453.0,603351.0,12012.0,57685.0,1051374.0,Agriculture and Food Production,M,Compliant,TR-4546A696,GR0000000034,2023-06-21,On-time,Agent-prepared,1051374.0,993689.0,57685.0,13977.93,2060.32,11917.61,Paid,GR0000000034,683393.0,262843.0,105138.0,484380.0,186299.0,74519.0,164014.0,178848.0,-14833.0,4,1051374.0,745198.0,1.0904434987257186,64.99999048863677,100,100.0,5.486629876713709,20.659807575626246,24.231481320967323,3.5716737453410765,13.343206128361555,150196.2857142857,14.739807682539546,0.0,46605.37728386929,387.99015387836573,70.00790291888069
GR0000000034,2023,7,213999.0,36245.0,176509.0,628551.0,399905.0,9889.0,46133.0,805268.0,Agriculture and Food Production,M,Compliant,TR-0FE41772,GR0000000034,2024-06-21,On-time,Agent-prepared,805268.0,759135.0,46133.0,11178.71,1632.02,9546.69,Paid,GR0000000034,523425.0,201317.0,80527.0,366373.0,140914.0,56365.0,125622.0,135276.0,-9655.0,4,805269.0,563652.0,1.0768495964082725,65.00001862731584,100,100.0,5.728900192234138,20.69384171850953,24.23148288643704,3.537641167927511,21.919286498407985,115038.28571428571,14.599358960023118,0.00012418210560971588,51855.1310621464,524.3718380235251,78.44242262814312
GR0000000034,2024,7,117545.0,32338.0,109399.0,351210.0,172140.0,9049.0,41387.0,497270.0,Agriculture and Food Production,M,Compliant,TR-291C9D28,GR0000000034,2025-06-19,On-time,Agent-prepared,497270.0,455883.0,41387.0,10028.68,1516.8,8511.88,Paid,GR0000000034,323226.0,124318.0,49727.0,221749.0,85288.0,34116.0,77574.0,81876.0,-4302.0,4,497271.0,341153.0,1.0554567251914302,64.9999698353614,100,100.0,8.32284272125807,20.566554715248746,24.231473651146494,3.6649189358977488,21.999919560801978,71038.57142857143,15.124622582433581,0.00020109759064634858,28482.885703240147,314.76279924013863,64.79050576375005
GR0000000035,2022,138,11242015.0,4257973.0,4251463.0,26169855.0,15613541.0,1275763.0,5533736.0,38502481.0,Manufacturing,L,Compliant,TR-89B46507,GR0000000035,2023-06-20,On-time,Agent-prepared,38502481.0,32968745.0,5533736.0,1299705.59,282366.76,1017338.83,Paid,GR0000000035,23101489.0,9625620.0,5775372.0,16795469.0,6459796.0,2583918.0,5544357.0,6201404.0,-657047.0,4,38502481.0,25839183.0,1.1185073399855023,60.00000103889409,100,100.0,14.372414078978442,18.38430366031195,23.48694607043054,5.102642410118591,11.04204947208467,279003.4855072464,21.72544014371747,0.0,2640406.000279712,206.966811255673,50.77629766549858
GR0000000035,2023,150,15883804.0,4806480.0,4905505.0,31326576.0,17742745.0,1396964.0,6203445.0,56200957.0,Manufacturing,L,Compliant,TR-93D3B08F,GR0000000035,2024-06-14,On-time,Self-prepared,56200957.0,49997512.0,6203445.0,1456999.78,306497.81,1150501.97,Paid,GR0000000035,33720574.0,14050239.0,8430144.0,25407304.0,9772040.0,3908817.0,8092938.0,9381159.0,-1288221.0,4,56200957.0,39088161.0,1.1591784096208324,59.99999964413417,100,100.0,11.037970403244202,18.546178292867914,23.486946043690242,4.940767750822328,8.728507950496288,374673.0466666667,21.03622898282112,0.0,3730620.4751655124,267.0520124473868,60.94484041732069
GR0000000035,2024,155,12439072.0,3811058.0,5105405.0,19453088.0,10548077.0,906446.0,4717504.0,35864006.0,Manufacturing,L,Compliant,TR-88168D60,GR0000000035,2025-06-13,On-time,Agent-prepared,35864006.0,31146502.0,4717504.0,1107997.62,246154.01,861843.61,Paid,GR0000000035,21518404.0,8966001.0,5379602.0,16052570.0,6174065.0,2469626.0,5164417.0,5927102.0,-762685.0,4,35864007.0,24696261.0,1.1476807546718246,59.999999442337824,100,100.0,13.153867975596482,18.26905944329883,23.48694606300281,5.217886619703982,14.235456574483063,231380.68387096774,22.216113605009365,2.788310848877984e-06,2921558.131378085,322.30912060708357,62.07511299878319
GR0000000036,2022,65,4298552.0,1588798.0,2426143.0,11211766.0,6307172.0,478872.0,2067670.0,12167893.0,Healthcare,M,Compliant,TR-993C0D58,GR0000000036,2023-06-11,On-time,Agent-prepared,12167893.0,10100223.0,2067670.0,467905.54,66414.32,401491.22,Paid,GR0000000036,10342709.0,1216790.0,608395.0,4234724.0,1628740.0,651496.0,2482250.0,1563590.0,918660.0,4,12167894.0,6514960.0,0.6299083492798871,84.99999260348586,100,81.18168462549313,16.992835160532724,19.417567600245686,22.629604337249173,3.212036737003487,19.93889163884002,187198.35384615386,14.193958891788288,8.218349045741036e-06,972745.3098309111,203.13263457268565,51.898453246581646
GR0000000036,2023,59,4145548.0,1086749.0,2166995.0,9120322.0,4186419.0,322288.0,1409037.0,10066926.0,Healthcare,M,Compliant,TR-433F1115,GR0000000036,2024-06-20,On-time,Agent-prepared,10066926.0,8657889.0,1409037.0,318859.5,44667.59,274191.9,Paid,GR0000000036,8556888.0,1006693.0,503346.0,3714824.0,1428779.0,571511.0,2053654.0,1371626.0,682025.0,4,10066927.0,5715114.0,0.6678953708852611,85.0000004966759,100,100.0,13.996695714262724,19.459524483743156,22.62960447454538,3.1700799908022255,21.525885856318006,170625.86440677967,14.008549219954242,9.933517941540515e-06,938121.1157024265,291.0816151089791,66.0108386153049
GR0000000036,2024,62,7447874.0,1745403.0,1754053.0,13610919.0,5603864.0,638117.0,2383520.0,14933688.0,Healthcare,M,Compliant,TR-B8429A32,GR0000000036,2025-06-20,On-time,Self-prepared,14933688.0,12550168.0,2383520.0,539381.14,81078.7,458302.44,Paid,GR0000000036,12693635.0,1493368.0,746684.0,5527312.0,2125889.0,850356.0,3046473.0,2040854.0,1005619.0,4,14933687.0,8503557.0,0.6699071352347452,85.00000703108348,100,99.99996994374234,15.96069236212783,19.227967040343692,22.62960411492247,3.401637074578776,11.745611666722915,240865.93548387097,15.031801074839212,6.69626998295314e-06,1685424.4011782408,264.1246669777237,67.9973103734032
GR0000000037,2022,15,1220481.0,418324.0,302989.0,4738638.0,2799069.0,145637.0,563960.0,3459881.0,Healthcare,S,Compliant,TR-FF2732AD,GR0000000037,2023-06-12,On-time,Agent-prepared,3459881.0,2895921.0,563960.0,154841.06,13512.66,141328.4,Paid,GR0000000037,2940899.0,345988.0,172994.0,1362828.0,524165.0,209666.0,705815.0,503199.0,202618.0,4,3459881.0,2096659.0,0.7129332757167246,85.00000433540922,100,99.9998837028095,16.299982571654922,25.060004255620967,27.456035889070147,2.39603163344918,8.757208701686562,230658.73333333334,8.726793784542679,0.0,335095.7013792822,230.089675960973,53.79198856844146
GR0000000037,2023,14,753923.0,241587.0,369497.0,3760518.0,1798771.0,84431.0,326017.0,2381023.0,Healthcare,S,Compliant,TR-C85428A7,GR0000000037,2024-08-27,Extended,Agent-prepared,2381023.0,2055006.0,326017.0,89511.35,7973.21,81538.14,Paid,GR0000000037,2023870.0,238102.0,119051.0,903055.0,347328.0,138932.0,485729.0,333435.0,152294.0,4,2381023.0,1389315.0,0.6864630277376891,85.00001889943944,80,99.99994012799095,13.692307886148097,25.010395163442396,27.45603756859305,2.445642405150654,15.518413723848951,170073.07142857142,8.907484916717264,0.0,206997.38211826378,245.1675120728924,56.75725505124528
GR0000000037,2024,13,740272.0,248896.0,273534.0,3157327.0,1606775.0,87311.0,336207.0,2266213.0,Healthcare,S,Compliant,TR-621AE242,GR0000000037,2025-08-07,Late,Agent-prepared,2266213.0,1930006.0,336207.0,92309.12,9522.41,82786.71,Paid,GR0000000037,1926281.0,226622.0,113311.0,853977.0,328452.0,131381.0,462308.0,315314.0,146994.0,4,2266214.0,1313810.0,0.6820431400711214,84.99996028618656,80,63.971427366553094,14.83563107263086,24.62373180808252,27.456037500706408,2.832305692623887,12.070092264054615,174324.07692307694,10.315784615864608,4.412645937534876e-05,203249.35792722934,232.7878021408864,54.58331532193572
GR0000000038,2022,8,414994.0,132475.0,243682.0,1032660.0,505308.0,39150.0,171625.0,916016.0,Technology and Innovation,S,Compliant,TR-69F6700F,GR0000000038,2023-06-11,On-time,Agent-prepared,916016.0,744391.0,171625.0,46537.47,6073.08,40464.4,Partial,GR0000000038,366406.0,320606.0,229004.0,373539.0,143669.0,57467.0,87938.0,137922.0,-49985.0,4,916016.0,574675.0,1.5684004639632467,39.99995633264048,100,97.82426033748183,18.736026444952927,23.577217771303715,27.115787327021124,3.538569555717409,26.60237375766362,114502.0,13.049871426186252,0.0,112528.89045989804,287.43011611723637,58.64398039489728
GR0000000038,2023,8,570072.0,239044.0,271180.0,1730680.0,717956.0,72442.0,311486.0,1313467.0,Technology and Innovation,S,Compliant,TR-18861442,GR0000000038,2024-06-21,On-time,Agent-prepared,1313467.0,1001981.0,311486.0,84461.89,9401.07,75060.82,Paid,GR0000000038,525386.0,459714.0,328367.0,570979.0,219607.0,87843.0,126093.0,210823.0,-84730.0,4,1313467.0,878429.0,1.6719643437780052,39.99993909249338,100,100.0,23.714794509492815,24.097654469221734,27.11579011576764,3.0181356465459075,20.646122057120582,164183.375,11.13054656958304,0.0,154579.5270287589,213.38384780756866,45.36023519836091
GR0000000038,2024,7,405023.0,144448.0,234064.0,816174.0,419802.0,46790.0,191238.0,713105.0,Technology and Innovation,S,Compliant,TR-DC0B5589,GR0000000038,2025-06-18,On-time,Agent-prepared,713105.0,521867.0,191238.0,51855.69,6249.99,45605.71,Paid,GR0000000038,285242.0,249587.0,178277.0,294222.0,113163.0,45265.0,68459.0,108636.0,-40178.0,4,713106.0,452650.0,1.586876816780847,39.99994390735739,100,100.0,26.817649574747055,23.847619197021512,27.11578765726477,3.2681684602432597,32.82321677733293,101872.14285714286,12.052659987746765,0.00014023160652687494,109825.1766430835,234.71933456525647,52.78342217602457
GR0000000039,2022,1,144237.0,50072.0,29548.0,393975.0,244070.0,16512.0,66584.0,325827.0,Healthcare,S,Somewhat Compliant,TR-EEB6CB81,GR0000000039,2023-06-20,On-time,Agent-prepared,316494.36,277720.44,38773.93,9181.2,1083.57,8097.63,Paid,GR0000000039,249956.0,30312.0,15924.0,121303.0,45188.0,17847.0,59989.0,46284.0,13705.0,4,296192.0,184338.0,0.7715414492656987,84.38985522904062,60,86.31068820596414,12.251065074271782,12.161525291361288,23.678796552219495,11.517271260858207,9.068616167475378,325827.0,11.802052019343876,6.854459269662927,34153.585783024835,206.84099917045077,53.837087571150256
GR0000000039,2023,1,38997.0,11024.0,21934.0,113831.0,66337.0,3300.0,14323.0,87044.0,Healthcare,S,Somewhat Compliant,TR-903D2B16,GR0000000039,2024-09-27,Extended,Agent-prepared,82460.65,75712.66,6747.99,1597.84,175.19,1422.65,Partial,GR0000000039,65233.0,8384.0,4227.0,32386.0,12385.0,4820.0,15656.0,12649.0,3008.0,4,77844.0,49591.0,0.8079330608073582,83.79965058321773,40,29.341067337749543,8.183284997147124,9.93262584654053,23.67875471066199,13.746128864121461,25.198750057442215,87044.0,10.964176638461923,5.930643337957964,9234.003974516858,279.8183022580866,63.271533707721105
GR0000000039,2024,1,42882.0,11668.0,29601.0,131715.0,74477.0,3909.0,15577.0,99360.0,Healthcare,S,Somewhat Compliant,TR-CD04BDC0,GR0000000039,2025-08-23,Extended,Agent-prepared,96161.01,93276.18,2884.83,683.09,80.05,603.04,Paid,GR0000000039,75888.0,9564.0,4859.0,38264.0,14396.0,5646.0,18214.0,14763.0,3451.0,4,90311.0,58306.0,0.8105303612605688,84.0296309419672,60,83.25028860100049,2.9999996880232436,3.8713487834627975,23.678691638675417,19.80734285521262,29.791666666666668,99360.0,11.718807184997583,6.477627310072975,10153.896548496792,259.75688279602946,63.674735320180964
GR0000000040,2022,99,9508942.0,3594729.0,3149363.0,21421067.0,11004740.0,922362.0,4517091.0,35564232.0,Manufacturing,L,Compliant,TR-703078C8,GR0000000040,2023-06-17,On-time,Agent-prepared,35564232.0,31047141.0,4517091.0,1020233.2,199357.63,820875.58,Paid,GR0000000040,21338540.0,8891058.0,5334635.0,16041115.0,6169660.0,2467863.0,5121249.0,5922873.0,-801624.0,4,35564233.0,24678638.0,1.1565290029834518,60.00000056236276,100,100.0,12.701219022528026,18.17265979365924,22.586067006398586,4.413407212739347,8.85542249302614,359234.6666666667,19.54039821483951,2.8118137707089375e-06,2147696.011719578,232.84740825398035,52.49638708491439
GR0000000040,2023,100,7386530.0,2805388.0,2974097.0,15659153.0,6349632.0,671926.0,3477314.0,28970749.0,Manufacturing,L,Compliant,TR-3E29988D,GR0000000040,2024-06-19,On-time,Agent-prepared,28970749.0,25493435.0,3477314.0,785388.47,173277.76,612110.71,Paid,GR0000000040,17382450.0,7242688.0,4345612.0,12747384.0,4902840.0,1961136.0,4171788.0,4706726.0,-534938.0,4,28970750.0,19611360.0,1.1282275129992223,60.0,100,100.0,12.00284466238688,17.602974882337342,22.586067004590323,4.98309212225298,10.265861610964908,289707.49,22.06268192350723,3.451757379924203e-06,1668326.6151141657,248.29023063762463,52.923578459709766
GR0000000040,2024,95,9785379.0,2722180.0,3025192.0,22178648.0,10907450.0,804754.0,3526935.0,35999362.0,Manufacturing,L,Compliant,TR-2A1BB0C2,GR0000000040,2025-06-12,On-time,Agent-prepared,35999362.0,32472427.0,3526935.0,796595.91,164980.91,631615.0,Paid,GR0000000040,21599617.0,8999841.0,5399905.0,16096858.0,6191099.0,2476440.0,5183909.0,5943454.0,-759547.0,4,35999363.0,24764397.0,1.1465197402192053,59.99999777773846,100,100.0,9.797215295093284,17.908325500753485,22.586067222673513,4.677741721920029,8.40346003909736,378940.65263157897,20.710740279849038,2.777826935140837e-06,2210132.2789333775,274.6345192361116,63.95709353720485
GR0000000041,2022,2,135302.0,44134.0,54161.0,513045.0,323186.0,15975.0,60109.0,321524.0,Healthcare,S,Compliant,TR-45CBF8CF,GR0000000041,2023-06-20,On-time,Agent-prepared,321524.0,261415.0,60109.0,15056.2,1485.77,13570.43,Paid,GR0000000041,273295.0,32152.0,16076.0,121898.0,46884.0,18754.0,65592.0,45008.0,20582.0,4,321523.0,187536.0,0.6861812416148311,85.0001399588832,100,99.99874093878532,18.695027431855788,22.576369595235324,25.04816250478298,2.4717929095476556,16.845087769497766,160762.0,9.868160624858861,0.0003110197404287973,33890.66483222147,212.14813666492313,55.574196981567155
GR0000000041,2023,1,35528.0,11528.0,23071.0,123635.0,77309.0,4551.0,16079.0,108592.0,Healthcare,S,Compliant,TR-1D44FC19,GR0000000041,2024-06-18,On-time,Agent-prepared,108592.0,92513.0,16079.0,4027.49,380.2,3647.29,Paid,GR0000000041,92303.0,10859.0,5430.0,44321.0,17046.0,6820.0,22152.0,16365.0,5788.0,4,108592.0,68187.0,0.738759479956663,84.99981582437012,100,61.34416642201776,14.806799764255194,22.683562410597673,25.048137321972757,2.364574911375083,21.245579784882864,108592.0,9.440122756356937,0.0,8899.102227750482,195.54168815096642,54.742738122044585
GR0000000041,2024,1,58060.0,13645.0,27157.0,231504.0,127349.0,5368.0,19013.0,134984.0,Healthcare,S,Compliant,TR-9F72BBED,GR0000000041,2025-06-17,On-time,Self-prepared,134984.0,115971.0,19013.0,4762.41,422.22,4340.19,Paid,GR0000000041,114736.0,13498.0,6750.0,52595.0,20228.0,8091.0,27537.0,19420.0,8117.0,4,134984.0,80914.0,0.7052329592911356,84.99970366858294,100,99.99847477641427,14.085373081254074,22.827486456634933,25.04817756272024,2.220691106085308,20.118680732531264,134984.0,8.865679351420814,0.0,14542.971892915373,270.9197446519257,67.25284188770237
GR0000000042,2024,18,2785815.0,1303387.0,773379.0,17600349.0,14996860.0,328771.0,1632158.0,5010904.0,Financial Services,M,Compliant,TR-9FEFC8A7,GR0000000042,2025-06-13,On-time,Agent-prepared,5010904.0,3378746.0,1632158.0,409923.25,42058.91,367864.34,Paid,GR0000000042,3507633.0,1252725.0,250545.0,1340762.0,515678.0,206272.0,841832.0,495050.0,346782.0,4,5010903.0,2062712.0,0.588062701346587,70.0000179608346,100,99.99995242401995,32.57212670607938,22.53852506926413,25.115414684117592,2.5768896148534637,15.4339217035489,278383.55555555556,10.260191389485716,1.9956482888439098e-05,699668.9895823505,212.81347490573998,41.41183100816099
GR0000000043,2022,16,3838623.0,1703129.0,656814.0,48640660.0,38366113.0,475547.0,2178676.0,8378245.0,Financial Services,M,Compliant,TR-77ACA2AD,GR0000000043,2023-06-22,On-time,Agent-prepared,8378245.0,6199569.0,2178676.0,442454.56,40913.53,401541.03,Paid,GR0000000043,5864772.0,2094560.0,418913.0,2068001.0,795385.0,318153.0,1407545.0,763570.0,643975.0,4,8378245.0,3181539.0,0.5424835440429968,70.00000596783694,100,99.99999713060353,26.00396622443006,18.43050687665353,20.308414835432163,1.877907958778632,7.839517703289889,523640.3125,9.246945042220833,0.0,779563.4828083112,163.92984979577437,43.24329323301611
GR0000000043,2023,17,2826097.0,1383028.0,755729.0,20167842.0,16527856.0,399430.0,1782458.0,6897674.0,Financial Services,M,Compliant,TR-92411DBD,GR0000000043,2024-06-17,On-time,Self-prepared,6897674.0,5115216.0,1782458.0,361988.96,31424.47,330564.49,Paid,GR0000000043,4828371.0,1724419.0,344884.0,1724598.0,663306.0,265322.0,1158810.0,636774.0,522034.0,4,6897674.0,2653226.0,0.5495068216532477,69.99998840188736,100,99.99994252863385,25.8414358231485,18.54542940142208,20.308414560118667,1.762985158696587,10.956287583321567,405745.5294117647,8.681057565954497,0.0,573935.4946310768,143.68862995545572,36.928633376702926
GR0000000043,2024,18,4024255.0,1815809.0,630739.0,48662218.0,37168897.0,617373.0,2433182.0,9151663.0,Financial Services,M,Compliant,TR-8038CD78,GR0000000043,2025-06-18,On-time,Agent-prepared,9151663.0,6718481.0,2433182.0,494140.69,41905.33,452235.37,Paid,GR0000000043,6406165.0,2287916.0,457584.0,2269351.0,872828.0,349131.0,1537480.0,837915.0,699565.0,4,9151665.0,3491310.0,0.5449924551864089,69.9999945365133,100,98.52653546204364,26.58732079623124,18.5861711125596,20.30841466030901,1.7222435477494074,6.892069780104447,508425.72222222225,8.480445113718524,2.1853946796657198e-05,817262.3923882182,132.37741080160913,39.537082018907846
GR0000000044,2022,4,98944.0,33378.0,114080.0,396681.0,296612.0,11309.0,44687.0,430938.0,Logistics and Transportation,M,Compliant,TR-2634E38A,GR0000000044,2023-06-24,On-time,Agent-prepared,430938.0,386251.0,44687.0,10397.9,1113.87,9284.03,Paid,GR0000000044,237016.0,129281.0,64641.0,179366.0,68987.0,27595.0,56883.0,66227.0,-9344.0,4,430938.0,275948.0,1.1642670042016068,55.000023205194246,100,99.9996768644651,10.369705154801851,20.775684203459623,23.26828831651263,2.4926041130530088,26.472485601176963,107734.5,10.712451552717376,0.0,23022.575191890257,203.57746212653868,54.83606888745148
GR0000000044,2023,4,166889.0,47691.0,112091.0,694494.0,419729.0,16261.0,63953.0,699534.0,Logistics and Transportation,M,Compliant,TR-6AF186F8,GR0000000044,2024-06-14,On-time,Agent-prepared,699534.0,635581.0,63953.0,14880.77,1728.28,13152.48,Paid,GR0000000044,384744.0,209860.0,104930.0,288212.0,110850.0,44340.0,92339.0,106416.0,-14078.0,4,699534.0,443402.0,1.152449127670865,55.00004288569248,100,99.996350498157,9.142228969571171,20.565853048332368,23.268290776038654,2.702437727706286,16.02366718415402,174883.5,11.61418394343841,0.0,38832.21779322315,238.80584092751462,61.67931978740361
GR0000000044,2024,4,75916.0,22116.0,108023.0,251675.0,159123.0,5795.0,27911.0,371053.0,Logistics and Transportation,M,Compliant,TR-97B8796C,GR0000000044,2025-06-19,On-time,Agent-prepared,371053.0,343142.0,27911.0,6494.41,728.09,5766.32,Paid,GR0000000044,204079.0,111316.0,55657.0,153643.0,59093.0,23638.0,48980.0,56730.0,-7751.0,4,371052.0,236374.0,1.1582278481012658,55.00010780160193,100,99.99445053344247,7.522106006419568,20.659668231163337,23.268281322775966,2.6086130916126287,29.11255265420304,92763.25,11.211026097828748,0.00026950400482395054,17664.348448998604,304.820508179441,63.23436429738132
GR0000000045,2022,3,46220.0,10670.0,46655.0,187942.0,129092.0,3663.0,14333.0,230459.0,Agriculture and Food Production,S,Compliant,TR-ECFCE6CF,GR0000000045,2023-06-12,On-time,Self-prepared,230459.0,216126.0,14333.0,3465.0,326.7,3138.31,Paid,GR0000000045,149799.0,57615.0,23045.0,116152.0,44674.0,17869.0,35952.0,42887.0,-6935.0,4,230459.0,178695.0,1.1928960836671116,65.00028204583029,100,99.99012207207065,6.219327515957286,21.895695248726714,24.17498081350729,2.279285564780576,20.244381864019196,76819.66666666667,9.428571428571427,0.0,11173.67613200307,305.04166344534724,68.98961488533104
GR0000000045,2023,3,46661.0,12410.0,50900.0,251372.0,167208.0,4543.0,16953.0,203602.0,Agriculture and Food Production,S,Compliant,TR-9221A3A6,GR0000000045,2024-06-11,On-time,Agent-prepared,203602.0,186649.0,16953.0,4098.39,425.13,3673.26,Paid,GR0000000045,132342.0,50900.0,20359.0,102383.0,39378.0,15750.0,31762.0,37803.0,-6041.0,4,203601.0,157511.0,1.1901958314967571,65.00066306157632,100,99.9929218187659,8.326539032033084,21.6673155193771,24.17501327198726,2.5076977526101594,24.99975442284457,67867.33333333333,10.373097728620262,0.0004911567232035452,11280.302942841976,248.30074714598229,63.66773108163134
GR0000000045,2024,3,33420.0,9322.0,49002.0,175037.0,100608.0,3058.0,12380.0,208053.0,Agriculture and Food Production,S,Compliant,TR-E87CC586,GR0000000045,2025-06-25,On-time,Agent-prepared,208053.0,195673.0,12380.0,2992.87,340.74,2652.13,Paid,GR0000000045,135235.0,52014.0,20805.0,103707.0,39887.0,15955.0,32456.0,38291.0,-5836.0,4,208054.0,159549.0,1.179781858516145,64.99995193555519,100,99.99509827949609,5.950406867480882,21.42269789983845,24.17504038772213,2.7523424878836806,23.552652449135554,69351.0,11.385058489008879,0.00048064444807538464,8079.298497576736,264.20204374024644,62.95631358467983
GR0000000046,2024,42,1691295.0,307376.0,1178588.0,4850011.0,2429213.0,89621.0,396998.0,6668580.0,Automotive,M,Compliant,TR-FAFC5A77,GR0000000046,2025-06-15,On-time,Agent-prepared,6668580.0,6271582.0,396998.0,107610.85,14975.35,92635.51,Paid,GR0000000046,4668006.0,1333716.0,666858.0,3284577.0,1263300.0,505319.0,1120322.0,1212767.0,-92445.0,4,6668580.0,5053196.0,1.0825164550905901,70.0,100,100.0,5.9532614139741895,23.333999163723746,27.10614411155724,3.7721449478334925,17.673747634428917,158775.7142857143,13.916208263386078,0.0,458444.860051562,511.53731831999426,76.5269808046497
GR0000000047,2022,148,5601519.0,1438477.0,3452354.0,10697164.0,5567926.0,482155.0,1920631.0,19406344.0,Agriculture and Food Production,L,Compliant,TR-B0E6F784,GR0000000047,2023-06-12,On-time,Agent-prepared,19406344.0,17485713.0,1920631.0,413290.26,86249.45,327040.81,Paid,GR0000000047,12614124.0,4851585.0,1940635.0,8278784.0,3184148.0,1273660.0,3027389.0,3056782.0,-29392.0,4,19406344.0,12736592.0,1.0097090264911446,65.00000206118163,100,100.0,9.896923397833204,17.027779412078633,21.518462421985273,4.49068300990664,17.789821720155015,131123.94594594595,20.868977168733664,0.0,1205360.7610753654,249.99445428863444,65.71231839077936
GR0000000047,2023,176,10671704.0,2177817.0,5074767.0,21764065.0,11640482.0,526346.0,2704163.0,36876979.0,Agriculture and Food Production,L,Compliant,TR-912C154D,GR0000000047,2024-06-14,On-time,Agent-prepared,36876979.0,34172816.0,2704163.0,581894.3,106012.46,475881.84,Paid,GR0000000047,23970037.0,9219245.0,3687698.0,16018429.0,6160935.0,2464374.0,5752809.0,5914496.0,-161688.0,4,36876980.0,24643738.0,1.028105747991981,65.0,100,100.0,7.332929847642888,17.598119639977323,21.51846245954848,3.9203428195711574,13.76134145912549,209528.28977272726,18.218508069249005,2.711718805059604e-06,2296386.619034134,436.2884146614839,74.66043848292644
GR0000000047,2024,161,6284111.0,1693692.0,4739309.0,16169834.0,8560696.0,424240.0,2117932.0,26305605.0,Agriculture and Food Production,L,Compliant,TR-D528C20A,GR0000000047,2025-06-24,On-time,Self-prepared,26305605.0,24187673.0,2117932.0,455746.4,102623.51,353122.89,Paid,GR0000000047,17098643.0,6576402.0,2630561.0,11206280.0,4310109.0,1724043.0,4103674.0,4137703.0,-34029.0,4,26305606.0,17240432.0,1.0082923253650267,64.99999657867605,100,100.0,8.051257517171722,16.673004137998763,21.51846234912169,4.845458211122928,18.01634670633882,163388.850931677,22.517678691482804,3.8014710601608215e-06,1352244.0595120147,318.7450639996263,66.29703071763055
GR0000000048,2022,29,1767593.0,413986.0,595955.0,2219293.0,1454146.0,121187.0,535173.0,5102324.0,Consumer Goods and Retail,M,Compliant,TR-5AFDEB4C,GR0000000048,2023-06-23,On-time,Agent-prepared,5102324.0,4567151.0,535173.0,130503.34,13962.03,116541.31,Paid,GR0000000048,4081859.0,765348.0,255117.0,2498327.0,960895.0,384357.0,979646.0,922459.0,57188.0,4,5102324.0,3843579.0,0.9416248318270068,79.99999608021756,100,32.588053219114265,10.488808629165847,21.77638072174792,24.38526233573069,2.6088816139827706,11.68006970941085,175942.2068965517,10.698599744650213,0.0,431032.1900780122,355.6752705141741,69.72306407640221
GR0000000048,2023,30,1152817.0,255464.0,631867.0,1554821.0,888762.0,70998.0,326462.0,3510372.0,Consumer Goods and Retail,M,Compliant,TR-7CD40EDD,GR0000000048,2024-06-10,On-time,Self-prepared,3510372.0,3183910.0,326462.0,79608.62,8425.17,71183.45,Paid,GR0000000048,2808298.0,526556.0,175519.0,1690640.0,650245.0,260099.0,673991.0,624235.0,49755.0,4,3510373.0,2600984.0,0.9261770557767092,79.9999886051995,100,95.79914411008245,9.299926047723716,21.804513235843682,24.385263828561975,2.5807505927182923,18.000001139480375,117012.4,10.58323834780706,2.8487001235699694e-05,281117.4669105133,395.95124779643555,71.68136833513039
GR0000000048,2024,30,1770779.0,434474.0,673667.0,1936001.0,1208503.0,111010.0,545484.0,5119490.0,Consumer Goods and Retail,M,Compliant,TR-EFF510D3,GR0000000048,2025-06-13,On-time,Self-prepared,5119490.0,4574006.0,545484.0,133017.71,14074.61,118943.1,Paid,GR0000000048,4095593.0,767924.0,255975.0,2474350.0,951673.0,380670.0,982943.0,913606.0,69336.0,4,5119492.0,3806693.0,0.9294597957358667,79.99998828008717,100,90.16720390101716,10.655045717444512,21.80505752689355,24.38526336244509,2.580205835551542,13.158869340500715,170649.66666666666,10.581004589539242,3.9066376111840384e-05,431809.12271687156,388.9821842328363,69.1952524849233
GR0000000049,2022,3,167092.0,63967.0,69951.0,642081.0,388277.0,18785.0,82751.0,388818.0,Healthcare,S,Compliant,TR-C7DD91C4,GR0000000049,2023-06-14,On-time,Agent-prepared,388818.0,306067.0,82751.0,18648.0,1659.64,16988.35,Paid,GR0000000049,330495.0,38882.0,19442.0,151442.0,58247.0,23299.0,79319.0,55916.0,23402.0,4,388819.0,232988.0,0.7049508944893406,84.99970423256065,100,99.99913345638252,21.28270810507744,20.529480006283908,22.53507510483257,2.0055950985486604,17.99067944385291,129606.0,8.899828399828401,0.00025718907769034516,37654.30769416683,200.44880326945344,50.47578579465205
GR0000000049,2023,2,125408.0,41124.0,55305.0,385351.0,225299.0,14077.0,55202.0,329826.0,Healthcare,S,Compliant,TR-7FFB1422,GR0000000049,2024-06-15,On-time,Agent-prepared,329826.0,274624.0,55202.0,12439.81,1105.42,11334.39,Paid,GR0000000049,280353.0,32983.0,16492.0,132387.0,50918.0,20366.0,67285.0,48882.0,18403.0,4,329828.0,203671.0,0.7264917886601768,84.99975744933724,100,99.99868851973895,16.736703595229,20.532571283649144,22.535071193072714,2.0024999094235696,16.767932182423458,164913.0,8.886148582655203,0.0006063766569197604,28260.78208180863,200.7585570917712,55.98207450880327
GR0000000049,2024,2,129478.0,38295.0,46094.0,279577.0,163681.0,14882.0,53177.0,296204.0,Healthcare,S,Compliant,TR-EAD92840,GR0000000049,2025-06-23,On-time,Agent-prepared,296204.0,243027.0,53177.0,11983.48,1190.75,10792.72,Paid,GR0000000049,251773.0,29621.0,14810.0,117783.0,45302.0,18121.0,60426.0,43490.0,16936.0,4,296204.0,181206.0,0.7197232979181147,84.9998649579344,100,100.0,17.952829806484722,20.29584218741185,22.53508095605243,2.239238768640579,15.561572429811887,148102.0,9.936596047225013,0.0,29177.97212027756,196.06216987150626,58.92970234325523
GR0000000050,2022,640,99412664.0,28009197.0,37010341.0,502645534.0,331899152.0,9268086.0,37277283.0,326100190.0,Energy,L,Somewhat Compliant,TR-0B4BAECE,GR0000000050,2023-06-23,On-time,Agent-prepared,311716732.83,302365230.85,9351501.98,2148541.78,514735.98,1633805.79,Partial,GR0000000050,246364792.0,45705221.0,15888315.0,139184163.0,52296030.0,20379988.0,59127550.0,53091626.0,6035924.0,4,307958328.0,211860181.0,0.8979168932249011,79.9993926450984,60,65.1105337049951,2.9999999984280605,4.382845686473448,22.975365717668378,18.59252003119493,11.349377318670069,509531.546875,23.957457322519463,1.2204264305526458,22840423.12367685,246.44163987771424,62.502480569276365
GR0000000050,2023,592,76524238.0,28365861.0,27133293.0,271958673.0,167997204.0,7109768.0,35475628.0,217515048.0,Energy,L,Somewhat Compliant,TR-4A483736,GR0000000050,2024-06-27,On-time,Agent-prepared,203145577.99,193891980.25,9253597.74,2126047.92,570524.79,1555523.13,Unpaid,GR0000000050,157229038.0,30438698.0,10506796.0,88736191.0,32964815.0,12919848.0,37734969.0,34131253.0,3603716.0,4,198174532.0,134620854.0,0.9044992987803965,79.33867001638737,80,55.33030991722999,4.555155879620237,4.384765591746536,22.975365687335355,18.59060009558882,12.474214197814948,367424.0675675676,26.83499203536297,2.5084181805964834,17581723.519946843,247.28969384017657,53.64131819254443
GR0000000050,2024,508,85226012.0,32308298.0,31077057.0,311510048.0,184258588.0,9062123.0,41370421.0,302477302.0,Energy,L,Somewhat Compliant,TR-02973E1D,GR0000000050,2025-06-24,On-time,Agent-prepared,277942804.3,269604520.17,8338284.13,1915751.27,484423.36,1431327.91,Unpaid,GR0000000050,218884086.0,42976073.0,14572959.0,120592438.0,45738634.0,17878093.0,52532180.0,46340446.0,6191734.0,4,276433118.0,184209165.0,0.8821344554899492,79.18157114590011,60,32.82379219192252,3.000000000359786,3.4597857005129335,22.975365676343294,19.51557997583036,10.274178192716093,595427.7598425196,25.286338972386535,0.5461307642595781,19580987.908364218,216.07506219419244,51.457987967335605
GR0000000051,2022,33,4434696.0,1380122.0,929701.0,8070686.0,3835720.0,377889.0,1758011.0,9123268.0,Healthcare,M,Compliant,TR-18D24D9A,GR0000000051,2023-06-17,On-time,Self-prepared,9123268.0,7365257.0,1758011.0,385850.75,60133.25,325717.5,Paid,GR0000000051,7754778.0,912326.0,456164.0,3154875.0,1213414.0,485365.0,1861147.0,1164877.0,696269.0,4,9123268.0,4853654.0,0.6258919902619191,85.00000219219692,100,100.0,19.269531488058885,18.527614446098458,21.948141962706718,3.42052751660826,10.190438338542723,276462.6666666667,15.584588082309029,0.0,973333.3736944763,257.5712375047901,60.35780130137444
GR0000000051,2023,33,2338579.0,574851.0,1103984.0,6976983.0,3953668.0,145053.0,719904.0,6617991.0,Healthcare,M,Compliant,TR-AE43DFA5,GR0000000051,2024-06-13,On-time,Agent-prepared,6617991.0,5898087.0,719904.0,158005.55,25514.94,132490.61,Paid,GR0000000051,5625293.0,661799.0,330899.0,2363238.0,908938.0,363575.0,1350070.0,872580.0,477489.0,4,6617991.0,3635751.0,0.6463220425607561,85.00000982171176,100,100.0,10.877983968246557,18.403927468106858,21.948141696670664,3.5442142285638063,16.68155789272001,200545.18181818182,16.148128973950598,0.0,513274.63260858384,353.8531658142774,69.21617785843455
GR0000000051,2024,36,2598202.0,727386.0,1364180.0,4949014.0,2766119.0,230140.0,957526.0,5492237.0,Healthcare,M,Compliant,TR-A9748BD7,GR0000000051,2025-06-15,On-time,Agent-prepared,5492237.0,4534711.0,957526.0,210159.17,27982.46,182176.71,Paid,GR0000000051,4668401.0,549223.0,274611.0,1963507.0,755195.0,302078.0,1120416.0,724988.0,395429.0,4,5492235.0,3020780.0,0.6470703738611373,85.00002275940487,100,99.04576601225082,17.434171176516962,19.025771623955904,21.948142400310804,2.9223707763548994,24.83833090232632,152562.13888888888,13.314888900636598,3.641504779938742e-05,570257.0748077233,247.78703172317864,63.14659137357296
GR0000000052,2022,11,275685.0,70386.0,257188.0,766141.0,522415.0,23217.0,93603.0,1147739.0,Automotive,S,Compliant,TR-887FD18C,GR0000000052,2023-06-24,On-time,Agent-prepared,1147739.0,1054136.0,93603.0,27918.82,2415.5,25503.31,Paid,GR0000000052,803417.0,229548.0,114774.0,597517.0,229814.0,91926.0,192819.0,220621.0,-27801.0,4,1147739.0,919257.0,1.1441870355099861,69.99997386165322,100,99.99878447150586,8.155425580205952,27.246252791043023,29.826843156736427,2.5805903656934035,22.408230442635478,104339.90909090909,8.65186995725464,0.0,82228.13255664882,354.1720832004515,66.0471189945046
GR0000000052,2023,12,306627.0,83993.0,265171.0,1707122.0,1124560.0,26656.0,110649.0,1744374.0,Automotive,S,Compliant,TR-5C04BAE3,GR0000000052,2024-06-10,On-time,Agent-prepared,1744374.0,1633725.0,110649.0,33003.1,3056.62,29946.48,Paid,GR0000000052,1221062.0,348875.0,174438.0,941710.0,362195.0,144878.0,293055.0,347708.0,-54653.0,4,1744375.0,1448783.0,1.1864940028322328,69.99997133643855,100,99.99839714049865,6.343192457580771,27.064392809695526,29.826839826839823,2.7624470171442965,15.201499219777409,145364.5,9.261614818001945,5.732712289319153e-05,91457.14415584414,343.1015311968943,63.91413671985833
GR0000000052,2024,12,338102.0,86323.0,282031.0,1261946.0,816166.0,34251.0,120575.0,1358655.0,Automotive,S,Compliant,TR-979AC86B,GR0000000052,2025-06-16,On-time,Agent-prepared,1358655.0,1238080.0,120575.0,35963.71,3798.5,32165.22,Paid,GR0000000052,951059.0,271731.0,135865.0,699819.0,269161.0,107664.0,228255.0,258395.0,-30140.0,4,1358655.0,1076644.0,1.1320453002124817,70.00003680110109,100,99.9993160314153,8.874585527598985,26.67652498444951,29.82683806759278,3.1503130831432706,20.75810268243226,113221.25,10.562036007964695,0.0,100845.13604329254,294.42975692181994,64.33768507728436
GR0000000053,2022,8,656775.0,158135.0,150403.0,790279.0,478020.0,38117.0,196252.0,2039276.0,Consumer Goods and Retail,M,Somewhat Compliant,TR-ED153809,GR0000000053,2023-06-21,On-time,Self-prepared,1908536.85,1851280.75,57256.11,14278.03,1677.69,12600.34,Paid,GR0000000053,1445511.0,281442.0,98024.0,933351.0,345043.0,136308.0,346922.0,362053.0,-15130.0,4,1824977.0,1414702.0,1.0436149912660482,79.20708041799979,80,99.99730166011393,3.0000002357827147,6.420489982267696,24.937128980645035,18.51663899837734,7.375313591686461,254909.5,11.750150405903335,4.578679621715787,163780.82886263143,429.67922150912045,70.11883826272316
GR0000000053,2023,6,339760.0,78405.0,169843.0,473568.0,230012.0,21483.0,99888.0,1134523.0,Consumer Goods and Retail,M,Somewhat Compliant,TR-4535FFAC,GR0000000053,2024-06-25,On-time,Agent-prepared,1091180.05,1055612.35,35567.7,8869.56,1084.46,7785.1,Paid,GR0000000053,816037.0,157442.0,55466.0,544347.0,203531.0,79276.0,195848.0,211239.0,-15390.0,4,1028945.0,827154.0,1.078586454801683,79.30812628468966,80,0.0,3.259562892485066,7.7938290885792085,24.937119914979043,17.143290826399834,14.970432507758769,189087.16666666666,12.226762094173782,6.048433103810225,84726.3586231328,394.38792823689795,70.60042382858488
GR0000000053,2024,6,219092.0,60339.0,123458.0,307307.0,204997.0,13125.0,73464.0,720714.0,Consumer Goods and Retail,M,Somewhat Compliant,TR-398FBCEF,GR0000000053,2025-07-24,Late,Self-prepared,656352.98,636662.39,19690.59,4910.27,620.61,4289.66,Partial,GR0000000053,537158.0,104031.0,35707.0,358585.0,135614.0,53257.0,128919.0,138545.0,-9627.0,4,676896.0,547456.0,1.0746670389934765,79.35606060606061,40,75.48383787992522,3.000000091414227,5.839132091908962,24.937140024752942,19.09800793284398,17.129957236851233,120119.0,12.639019850232266,3.034885713610369,54635.27882303172,416.2687910326226,66.46888065287642
GR0000000054,2022,18,649242.0,179547.0,396356.0,1834333.0,1186946.0,54085.0,233632.0,2407276.0,Agriculture and Food Production,M,Compliant,TR-95A5BA38,GR0000000054,2023-06-20,On-time,Agent-prepared,2407276.0,2173644.0,233632.0,63802.9,9580.75,54222.15,Paid,GR0000000054,1564730.0,601818.0,240728.0,1083907.0,416887.0,166755.0,375535.0,400212.0,-24677.0,4,2407276.0,1667549.0,1.0657115848056773,65.00002492443741,100,99.99972336028726,9.705243603143138,23.208357588001643,27.309144295302012,4.100786707300369,16.464917192710764,133737.55555555556,15.016166976736168,0.0,177302.43460570468,327.8218260251542,64.01465093139385
GR0000000054,2023,19,512188.0,110986.0,369343.0,1859656.0,1064757.0,29590.0,140576.0,2486712.0,Agriculture and Food Production,M,Compliant,TR-F5C21A75,GR0000000054,2024-06-23,On-time,Agent-prepared,2486712.0,2346136.0,140576.0,38390.1,6213.72,32176.38,Paid,GR0000000054,1616362.0,621678.0,248671.0,1099608.0,422926.0,169171.0,387927.0,406009.0,-18083.0,4,2486711.0,1691705.0,1.0466118625411482,64.99999396793596,100,99.99881900947216,5.653087289561477,22.888956863191442,27.309142385613477,4.4201855224220346,14.85266488439353,130879.57894736843,16.18573538490392,4.021376025509227e-05,139874.15020202595,472.7075032173908,72.55382789132115
GR0000000054,2024,20,347471.0,80071.0,369606.0,1104848.0,675210.0,28885.0,108955.0,1757917.0,Agriculture and Food Production,M,Compliant,TR-0AD63DDA,GR0000000054,2025-06-15,On-time,Self-prepared,1757917.0,1648962.0,108955.0,29754.68,4600.97,25153.71,Paid,GR0000000054,1142646.0,439479.0,175791.0,791174.0,304297.0,121720.0,274235.0,292125.0,-17891.0,4,1757916.0,1217191.0,1.065236020201652,65.00003413132369,100,100.0,6.197960427028125,23.086329218484693,27.309145977697213,4.22281675921252,21.025224740417208,87895.85,15.46301287730199,5.6885539478912506e-05,94891.36262016429,328.51432445963053,68.64342635788311
GR0000000055,2023,737,159870502.0,63740943.0,38525404.0,175883790.0,65115362.0,18651638.0,82392581.0,227755913.0,Technology and Innovation,L,Compliant,TR-38431394,GR0000000055,2024-09-23,Extended,Agent-prepared,227755913.0,145363332.0,82392581.0,15574997.96,4054369.86,11520628.1,Paid,GR0000000055,91102366.0,79714569.0,56938978.0,80145811.0,30825312.0,12330124.0,21864567.0,29592300.0,-7727731.0,4,227755913.0,123301247.0,1.3534363612140135,40.00000035125323,80,99.99999913199179,36.17582521337218,13.982603724964024,18.90339854749786,4.920794822533837,16.915215720436642,309031.0895522388,26.03127056846176,0.0,30220958.15294554,162.02844035974505,48.462924698891605
GR0000000055,2024,874,234217568.0,97213700.0,37145698.0,285271789.0,103467055.0,24831686.0,122045386.0,335578349.0,Technology and Innovation,L,Compliant,TR-29F490F9,GR0000000055,2025-06-20,On-time,Self-prepared,335578349.0,213532963.0,122045386.0,23070725.72,5656007.62,17414718.1,Paid,GR0000000055,134231340.0,117452422.0,83894588.0,118105946.0,45425363.0,18170145.0,32215521.0,43608350.0,-11392828.0,4,335578350.0,181701454.0,1.3536441021705035,40.0,100,99.99999942577307,36.36867109087542,14.269050777552541,18.903398543882684,4.6343477663301424,11.06915809994643,383956.9210526316,24.515950164050583,2.979929969448847e-07,44275080.338829435,178.300741797514,47.892300717596044
GR0000000056,2022,2,60571.0,14365.0,32457.0,248496.0,168829.0,5397.0,19762.0,267421.0,Logistics and Transportation,S,Compliant,TR-C7F193D3,GR0000000056,2023-06-20,On-time,Agent-prepared,267421.0,247659.0,19762.0,5874.72,462.7,5412.02,Paid,GR0000000056,147082.0,80227.0,40112.0,118929.0,45743.0,18296.0,35300.0,43912.0,-8613.0,4,267421.0,182968.0,1.2439660056657225,55.00016827399493,100,99.99963045221561,7.389845973203302,27.385993320514117,29.72735553081672,2.341362210302602,12.137042341476548,133710.5,7.876120053381267,0.0,18006.156518570995,333.6326944334074,67.37382575820112
GR0000000056,2023,2,47465.0,13815.0,36857.0,198649.0,142931.0,3897.0,17712.0,222732.0,Logistics and Transportation,S,Compliant,TR-2A76EE16,GR0000000056,2024-06-25,On-time,Agent-prepared,222732.0,205020.0,17712.0,5265.31,448.32,4816.99,Paid,GR0000000056,122502.0,66819.0,33410.0,98401.0,37846.0,15139.0,29401.0,36331.0,-6932.0,4,222731.0,151386.0,1.235706268494269,54.99997755139607,100,100.0,7.952157750121222,27.196194670280033,29.727359981933155,2.5311653116531225,16.54768960005747,111366.0,8.514598380722122,0.0004489720784262019,14110.091415424571,362.0757355767147,62.684083008532596
GR0000000056,2024,2,29018.0,7355.0,35833.0,234589.0,154497.0,2877.0,10232.0,167616.0,Logistics and Transportation,S,Compliant,TR-C7912091,GR0000000056,2025-06-11,On-time,Agent-prepared,167616.0,157384.0,10232.0,3041.7,264.19,2777.51,Paid,GR0000000056,92189.0,50284.0,25142.0,77521.0,29816.0,11925.0,22125.0,28622.0,-6498.0,4,167615.0,119262.0,1.2936497175141244,55.00044745398681,100,100.0,6.104429171439481,27.145328381548083,29.727326035965596,2.5819976544175134,21.37803073692249,83808.0,8.685603445441695,0.0005966053157502316,8626.275469116497,299.83578272911006,64.73912743814184
GR0000000057,2022,13,353480.0,91264.0,278916.0,1292736.0,781364.0,29993.0,121257.0,1665194.0,Automotive,S,Compliant,TR-941F37A6,GR0000000057,2023-06-24,On-time,Agent-prepared,1665194.0,1543937.0,121257.0,27089.45,2725.43,24364.02,Paid,GR0000000057,1165635.0,333038.0,166520.0,842785.0,324148.0,129659.0,279753.0,311183.0,-31430.0,4,1665193.0,1296592.0,1.112349107963096,69.9999939946901,100,99.99991791174034,7.28185424641213,20.09287711224919,22.340524670740656,2.2476475584914652,16.74976008801377,128091.84615384616,10.060853948677437,6.0053098960288764e-05,78969.28660613406,263.29239024483735,65.69622043679982
GR0000000057,2023,12,442342.0,112559.0,254710.0,2304436.0,1300340.0,44139.0,156698.0,2245224.0,Automotive,S,Compliant,TR-CAB547E9,GR0000000057,2024-06-12,On-time,Self-prepared,2245224.0,2088526.0,156698.0,35007.16,3704.57,31302.58,Paid,GR0000000057,1571657.0,449045.0,224522.0,1158041.0,445401.0,178161.0,377198.0,427584.0,-50386.0,4,2245224.0,1781603.0,1.1335797114512802,70.00000890779717,100,100.0,6.979170007090607,19.976374937778402,22.340527639153024,2.3641527013746213,11.344525089701518,187102.0,10.582320873786962,0.0,98821.53676958226,223.8871219773494,64.57537380578829
GR0000000057,2024,12,236897.0,42955.0,216750.0,757398.0,454941.0,12354.0,55309.0,1107762.0,Automotive,S,Compliant,TR-E1F031F8,GR0000000057,2025-06-13,On-time,Agent-prepared,1107762.0,1052373.9,55388.1,12373.99,1226.65,11147.34,Paid,GR0000000057,775433.0,221553.0,110775.0,575836.0,221475.0,88590.0,186105.0,212616.0,-26512.0,4,1107761.0,885901.0,1.1424518417022649,70.0000270816539,100,99.9969499450093,5.0,20.154658373863203,22.340520797788695,2.1858624239254922,19.56647727580473,92313.5,9.913132304131489,9.027217964252543e-05,52924.02355433749,428.39585198589515,76.65272249120926
GR0000000058,2022,226,5254502.0,1571542.0,6077705.0,20539869.0,13864955.0,465859.0,2037400.0,25510074.0,Logistics and Transportation,M,Compliant,TR-D71C6236,GR0000000058,2023-06-23,On-time,Agent-prepared,25510074.0,23472674.0,2037400.0,502138.77,52810.15,449328.62,Paid,GR0000000058,14030540.0,7653022.0,3826510.0,11075662.0,4259869.0,1703948.0,3367330.0,4089475.0,-722145.0,4,25510072.0,17039479.0,1.2144562605981595,55.000001568008116,100,100.0,7.986648725519181,22.05402081083734,24.64605722980269,2.5920364189653498,23.824725087038164,112876.43362831858,10.517042928192938,7.840040594508935e-06,1295027.570061127,277.9870239838936,61.22563089708597
GR0000000058,2023,212,6575073.0,1807400.0,4279686.0,22630895.0,13693160.0,663570.0,2470970.0,23222398.0,Logistics and Transportation,M,Compliant,TR-7EB3FCEA,GR0000000058,2024-06-14,On-time,Agent-prepared,23222398.0,20751428.0,2470970.0,608996.68,76948.1,532048.58,Paid,GR0000000058,12772318.0,6966719.0,3483360.0,9728342.0,3741671.0,1496668.0,3065356.0,3592004.0,-526647.0,4,23222397.0,14966681.0,1.1718064720704544,54.999998492834315,100,100.0,10.640460128191757,21.531972464254924,24.6460572163968,3.1140847521418777,18.429130359405605,109539.61320754717,12.635224875117546,4.306187695313213e-06,1620496.2535998577,244.20878785958644,62.4191244720781
GR0000000058,2024,240,9566449.0,3003274.0,6379011.0,31506359.0,19361288.0,959172.0,3962446.0,36224145.0,Logistics and Transportation,M,Compliant,TR-6D49FBD6,GR0000000058,2025-06-18,On-time,Agent-prepared,36224145.0,32261699.0,3962446.0,976586.71,106034.34,870552.37,Paid,GR0000000058,19923279.0,10867244.0,5433621.0,15792274.0,6073952.0,2429581.0,4781588.0,5830993.0,-1049407.0,4,36224144.0,24295807.0,1.2194678838912931,54.999999447882054,100,99.99995749824907,10.938687441760186,21.97007530197257,24.646057258572103,2.675981956599532,17.60983178484958,150933.9375,10.857647243632877,2.7605897345850394e-06,2357752.4981520986,245.811230744027,58.57976141408374
GR0000000059,2022,95,21711859.0,7651701.0,3632658.0,31892102.0,14147714.0,2310784.0,9962485.0,43788254.0,Healthcare,L,Compliant,TR-00FC5310,GR0000000059,2023-06-16,On-time,Agent-prepared,43788254.0,33825769.0,9962485.0,2016591.74,417475.67,1599116.08,Paid,GR0000000059,37220016.0,4378825.0,2189414.0,14390940.0,5534976.0,2213991.0,8932803.0,5313578.0,3619226.0,4,43788255.0,22139907.0,0.5948388204687823,84.99999828721195,100,99.99999846694604,22.75150089336743,16.05137754285201,20.24185471797448,4.190477175122471,8.29596448399153,460928.9894736842,20.70204205041522,2.283717404072405e-06,4394882.955351467,190.19012401641467,54.11500691856925
GR0000000059,2023,88,18385478.0,6448576.0,4271280.0,31001202.0,15601562.0,1981025.0,8429600.0,37792521.0,Healthcare,L,Compliant,TR-9A838938,GR0000000059,2024-06-14,On-time,Agent-prepared,37792521.0,29362921.0,8429600.0,1706307.39,289481.58,1416825.81,Paid,GR0000000059,32123644.0,3779252.0,1889626.0,12129576.0,4665222.0,1866089.0,7709674.0,4478613.0,3231061.0,4,37792522.0,18660887.0,0.5809082199843988,85.00000079380783,100,100.0,22.304942292682725,16.807746630919617,20.241854773654737,3.43410814273512,11.30191870502632,429460.4659090909,16.96538277314734,2.646026109331956e-06,3721561.7562022414,187.86041348303232,54.15077051572986
GR0000000059,2024,100,21761133.0,5769305.0,3972357.0,40768166.0,20339877.0,1997166.0,7766471.0,47931875.0,Healthcare,L,Compliant,TR-F4B4F1E3,GR0000000059,2025-06-14,On-time,Agent-prepared,47931875.0,40165404.0,7766471.0,1572077.78,285911.63,1286166.15,Paid,GR0000000059,40742094.0,4793188.0,2396593.0,15797489.0,6075957.0,2430382.0,9778102.0,5832920.0,3945184.0,4,47931875.0,24303828.0,0.59652885600907,85.00000052157358,100,99.99999713267137,16.203144567159118,16.56049639533837,20.241854762607108,3.6813583672687393,8.287505965497907,479318.75,18.18686286628897,0.0,4404856.936557767,220.5553737925524,64.31035553158009
GR0000000060,2022,226,10652807.0,2964882.0,6453684.0,41856280.0,26282608.0,776904.0,3741785.0,47348818.0,Manufacturing,M,Compliant,TR-D654AEFF,GR0000000060,2023-06-20,On-time,Self-prepared,47348818.0,43607033.0,3741785.0,840496.74,133845.95,706650.79,Paid,GR0000000060,28409291.0,11837204.0,7102323.0,22655533.0,8713668.0,3485467.0,6818230.0,8365120.0,-1546890.0,4,47348818.0,34854668.0,1.226875596745783,60.00000042239703,100,100.0,7.902594316081977,18.88539266686889,22.46245414955696,3.577061482688073,13.630084704543204,209508.04424778762,15.924624526205777,0.0,2392881.8880157946,308.0022612852804,64.87512633994027
GR0000000060,2023,246,14323822.0,4804249.0,5713493.0,46134158.0,21872578.0,1634821.0,6439070.0,51703267.0,Manufacturing,M,Compliant,TR-58D4EDD2,GR0000000060,2024-06-23,On-time,Agent-prepared,51703267.0,45264197.0,6439070.0,1446373.14,241804.31,1204568.83,Paid,GR0000000060,31021960.0,12925818.0,7755489.0,25048840.0,9634170.0,3853668.0,7445271.0,9248803.0,-1803532.0,4,51703267.0,38536678.0,1.2422385968220633,59.999999613177245,100,0.0,12.453893870961771,18.70718644152028,22.462454050041387,3.7552676085211054,11.050545413310148,210175.88211382114,16.717975694709043,0.0,3217481.934959719,196.80943265101922,55.04642545823315
GR0000000060,2024,249,12686009.0,3490882.0,6522302.0,42415362.0,25409474.0,981083.0,4471965.0,49785125.0,Manufacturing,M,Compliant,TR-C78359EE,GR0000000060,2025-06-17,On-time,Self-prepared,49785125.0,45313160.0,4471965.0,1004513.08,149343.63,855169.45,Paid,GR0000000060,29871075.0,12446281.0,7467768.0,24001027.0,9231164.0,3692466.0,7169058.0,8861918.0,-1692859.0,4,49785124.0,36924657.0,1.236134231303471,60.00000120517929,100,99.9999473788499,8.982532433131382,19.122901230219824,22.462453977166636,3.3395527469468114,13.100905139838456,199940.2610441767,14.86726583988334,2.008632127292742e-06,2849588.9331642175,290.453400289702,64.74884260290214
GR0000000061,2022,9,699783.0,378876.0,280113.0,10975283.0,7722549.0,109595.0,488470.0,1768365.0,Financial Services,S,Compliant,TR-34DA2FFF,GR0000000061,2023-06-18,On-time,Agent-prepared,1768365.0,1279895.0,488470.0,126786.78,8818.01,117968.77,Paid,GR0000000061,1237856.0,442091.0,88419.0,533917.0,205352.0,82141.0,297086.0,197138.0,99947.0,4,1768366.0,821410.0,0.6635721642891284,69.9999886901241,100,100.0,27.62269101684324,24.150668413618032,25.955899031670317,1.8052306180522848,15.840225292855264,196485.0,6.954991679731909,5.654937947907612e-05,181634.96892079347,165.73289741392716,30.1969324776395
GR0000000061,2023,10,1282756.0,548616.0,328401.0,30363117.0,23704510.0,216683.0,765299.0,3370616.0,Financial Services,S,Compliant,TR-8678DCC9,GR0000000061,2024-06-14,On-time,Agent-prepared,3370616.0,2605317.0,765299.0,198640.24,11442.69,187197.55,Paid,GR0000000061,2359431.0,842654.0,168531.0,999005.0,384232.0,153693.0,566264.0,368864.0,197400.0,4,3370616.0,1536930.0,0.6513993473009055,69.9999940663665,100,99.3396863812575,22.70501890455632,24.46070751431793,25.95589958957218,1.4951920752542485,9.743055868719546,337061.6,5.76050955234448,0.0,332950.8593392125,153.65804393478606,40.3394721989217
GR0000000061,2024,10,1353668.0,715535.0,302149.0,10021906.0,8319300.0,225700.0,941235.0,3025553.0,Financial Services,S,Compliant,TR-A0C02BE7,GR0000000061,2025-06-21,On-time,Self-prepared,3025553.0,2084318.0,941235.0,244306.01,15232.71,229073.3,Partial,GR0000000061,2117887.0,756389.0,151277.0,875834.0,336860.0,134744.0,508294.0,323384.0,184909.0,4,3025553.0,1347438.0,0.6362144743003065,69.9999966948191,100,99.11027597073596,31.109519482884618,24.337524635186746,25.955899430004198,1.618374794817452,9.986571049986564,302555.3,6.235094257402836,0.0,351356.7046961492,155.67421563852423,30.467810423235242
GR0000000062,2022,88,3160255.0,918733.0,2042232.0,4833968.0,2683701.0,313208.0,1231941.0,12335064.0,Consumer Goods and Retail,M,Compliant,TR-E6432E95,GR0000000062,2023-08-25,Extended,Agent-prepared,12335064.0,11103123.0,1231941.0,337846.67,36016.68,301829.99,Paid,GR0000000062,9868051.0,1850259.0,616753.0,5997956.0,2306906.0,922763.0,2368332.0,2214631.0,153702.0,4,12335063.0,9227625.0,0.935101582041707,80.0000048641827,80,100.0,9.987309348374682,24.500360812733728,27.423932639631282,2.923571826897554,16.556314584180512,140171.18181818182,10.66065857627071,8.106971161048193e-06,866666.2024405795,276.7062790352033,61.01767104236841
GR0000000062,2023,100,4244221.0,919364.0,1867814.0,7110631.0,4381614.0,294537.0,1213902.0,13329638.0,Consumer Goods and Retail,M,Compliant,TR-4059F018,GR0000000062,2024-06-12,On-time,Agent-prepared,13329638.0,12115736.0,1213902.0,332899.67,32130.47,300769.19,Paid,GR0000000062,10663710.0,1999446.0,666482.0,6585825.0,2533009.0,1013204.0,2559290.0,2431689.0,127602.0,4,13329638.0,10132038.0,0.9501420315790707,79.99999699916832,100,99.71282149016604,9.106788946556538,24.777056961764625,27.423932903974123,2.6468759422094976,14.012488561204739,133296.38,9.651697762271738,0.0,1163932.3193363796,395.17355012659857,71.39870897392007
GR0000000062,2024,100,3271441.0,1031248.0,1826084.0,5201882.0,3455817.0,268139.0,1299387.0,10429072.0,Consumer Goods and Retail,M,Compliant,TR-1F6085F9,GR0000000062,2025-06-14,On-time,Agent-prepared,10429072.0,9129685.0,1299387.0,356343.01,41988.0,314355.01,Paid,GR0000000062,8343258.0,1564361.0,521454.0,5216985.0,2006533.0,802614.0,2002381.0,1926272.0,76111.0,4,10429073.0,8026132.0,0.9619907500121105,79.99999616456803,100,99.99999743895762,12.45927729715549,24.192562339010625,27.42393220803348,3.2313698690228563,17.509554061952972,104290.72,11.783028941693004,9.588579930053243e-06,897157.7620658126,334.58682327666344,60.28089762279068
GR0000000063,2022,11,368272.0,65838.0,260796.0,604959.0,478071.0,16113.0,81951.0,1400845.0,Consumer Goods and Retail,S,Non-Compliant,TR-8ABD79EB,GR0000000063,2023-06-27,On-time,Agent-prepared,1225787.7,1213529.83,12257.88,3133.25,268.58,2864.67,Unpaid,GR0000000063,810199.0,194231.0,67139.0,664225.0,235589.0,85845.0,194448.0,280528.0,-86080.0,4,1071569.0,985659.0,1.4426890479716943,75.60866355782969,60,0.0,1.000000244740586,3.495588827470074,25.56110844615872,22.065519618688647,18.61704899542776,127349.54545454546,8.571930104524055,14.391859040341771,94134.40529683765,584.2140215778418,77.74715427727332
GR0000000063,2023,8,170627.0,27688.0,122678.0,282356.0,208030.0,7130.0,34818.0,613392.0,Consumer Goods and Retail,S,Non-Compliant,TR-A66FF3EF,GR0000000063,2024-06-29,On-time,Self-prepared,521886.2,516667.34,5218.86,1334.0,117.51,1216.49,Unpaid,GR0000000063,352489.0,81817.0,28786.0,281740.0,101203.0,37807.0,84596.0,121759.0,-37163.0,4,463092.0,420750.0,1.4392997304837107,76.11640883452964,40,0.0,0.9999996167746914,3.493853753805503,25.561137873022076,22.067284119216573,19.999934788846286,76674.0,8.808845577211395,12.696008568491802,43614.20271860138,611.6998978765972,79.59408534405458
GR0000000063,2024,4,156416.0,21188.0,98642.0,335523.0,173932.0,4922.0,26111.0,515610.0,Consumer Goods and Retail,S,Non-Compliant,TR-AA39599F,GR0000000063,2025-06-25,On-time,Self-prepared,385925.42,382066.17,3859.25,986.47,90.1,896.37,Partial,GR0000000063,270580.0,69137.0,24969.0,234016.0,77841.0,29433.0,64939.0,97112.0,-32172.0,4,364686.0,341290.0,1.4954341766888926,74.19533516504609,60,0.0,0.9999989117068268,3.4329209911531535,25.561184167908273,22.12826317675512,19.131126238823917,128902.5,9.13357730088092,5.8240294390242475,39981.78182807541,812.3076356780864,83.30669496726678
GR0000000064,2022,5,109056.0,24111.0,93811.0,549681.0,332899.0,10309.0,34420.0,512329.0,Automotive,S,Compliant,TR-EA94FE70,GR0000000064,2023-06-10,On-time,Agent-prepared,512329.0,477909.0,34420.0,8883.55,788.1,8095.45,Paid,GR0000000064,358630.0,102467.0,51233.0,266503.0,102502.0,41001.0,86071.0,98402.0,-12330.0,4,512330.0,410006.0,1.1432654436453626,69.99980481330392,100,99.99444132197716,6.718339192198764,23.519610691458453,25.80926786751888,2.2896571760604267,18.31069488551302,102465.8,8.87145341670841,0.0001951866960725468,28146.555165601392,273.0289568881695,68.43823356807512
GR0000000064,2023,5,117589.0,33905.0,97317.0,495899.0,348965.0,9824.0,43729.0,645093.0,Automotive,S,Compliant,TR-7EB8E9FC,GR0000000064,2024-06-11,On-time,Agent-prepared,645093.0,601364.0,43729.0,11286.13,1111.04,10175.1,Paid,GR0000000064,451566.0,129019.0,64509.0,334032.0,128475.0,51390.0,108375.0,123335.0,-14959.0,4,645094.0,513897.0,1.1380392156862744,70.00003100323364,100,99.99901720867608,6.778712526720954,23.268540327928836,25.809257014795673,2.540716686866837,15.085731824713648,129018.6,9.844295608857953,0.00015501616819069142,30348.847231128082,308.92556220610834,62.811997720875254
GR0000000064,2024,5,120981.0,33855.0,94137.0,513836.0,309294.0,11722.0,45577.0,583000.0,Automotive,S,Compliant,TR-1D91B825,GR0000000064,2025-06-20,On-time,Agent-prepared,583000.0,537423.0,45577.0,11763.09,1107.97,10655.12,Paid,GR0000000064,408101.0,116600.0,58301.0,305799.0,117614.0,47045.0,97944.0,112911.0,-14966.0,4,583002.0,470458.0,1.1528118108306789,69.99993138960072,100,99.99887378086778,7.817667238421954,23.378282905851638,25.809267832459355,2.4309849266077173,16.146998284734135,116600.0,9.419038704966127,0.0003430519963876222,31224.31031638765,266.37357376205125,62.327142278539604
GR0000000065,2022,1,6639.0,1838.0,9460.0,42934.0,27392.0,765.0,2603.0,37841.0,Agriculture and Food Production,S,Compliant,TR-5AB74722,GR0000000065,2023-06-17,On-time,Agent-prepared,37841.0,35238.0,2603.0,659.03,64.95,594.08,Paid,GR0000000065,24597.0,9461.0,3784.0,18436.0,7091.0,2836.0,5903.0,6807.0,-904.0,4,37842.0,28363.0,1.1531424699305437,64.99920723006184,100,99.9865338001616,6.87878227319574,22.82289665770265,25.318094506338838,2.495197848636188,24.999339340926507,37841.0,9.855393532919594,0.002642566460542284,1680.8682942758355,219.72134565697195,60.79228799518
GR0000000065,2023,1,4764.0,1288.0,7654.0,31556.0,21633.0,423.0,1711.0,30618.0,Agriculture and Food Production,S,Compliant,TR-8089B157,GR0000000065,2024-06-14,On-time,Agent-prepared,30618.0,28907.0,1711.0,433.19,43.02,390.17,Paid,GR0000000065,19902.0,7654.0,3062.0,14544.0,5593.0,2237.0,4776.0,5369.0,-594.0,4,30618.0,22374.0,1.1241624790619766,65.00097981579464,100,99.95642924878898,5.5882160820432425,22.803623611922852,25.31794272355348,2.514319111630627,24.998366973675616,30618.0,9.930977169371408,0.0,1206.1467913500876,285.14108542555266,64.0848026868178
GR0000000065,2024,1,5299.0,901.0,8348.0,28312.0,15693.0,372.0,1274.0,33392.0,Agriculture and Food Production,S,Compliant,TR-FE0891B0,GR0000000065,2025-06-18,On-time,Agent-prepared,33392.0,31722.4,1669.6,422.71,40.65,382.05,Paid,GR0000000065,21705.0,8348.0,3340.0,16129.0,6204.0,2481.0,5210.0,5957.0,-747.0,4,33393.0,24814.0,1.1433781190019194,64.9986524121822,100,99.98691270776077,5.0,29.988226059654632,25.318040249161477,-4.670185810493155,25.0,33392.0,9.616521965413641,0.0029946395951219174,1341.6029528030667,360.64595505458783,75.95772787318363
GR0000000066,2022,25,1492526.0,496229.0,654116.0,5394006.0,3157346.0,167817.0,664046.0,6998237.0,Manufacturing,M,Compliant,TR-7461CEBB,GR0000000066,2023-06-10,On-time,Self-prepared,6998237.0,6334191.0,664046.0,136570.83,20600.49,115970.34,Paid,GR0000000066,4198943.0,1749559.0,1049736.0,3451718.0,1327585.0,531034.0,1007747.0,1274481.0,-266735.0,4,6998238.0,5310337.0,1.264683496949135,60.00000285786222,100,99.99970682158904,9.488761240866808,17.46420278113263,20.56647129867509,3.102268517542459,9.346868361274419,279929.48,15.084106906284456,1.4289311112136716e-05,306959.9314152634,182.91348994158122,55.508580755042125
GR0000000066,2023,24,1448004.0,339164.0,645746.0,4818829.0,2312383.0,99656.0,438820.0,6368671.0,Manufacturing,M,Compliant,TR-C12B9DE5,GR0000000066,2024-08-17,Extended,Agent-prepared,6368671.0,5929851.0,438820.0,90249.79,13075.02,77174.77,Paid,GR0000000066,3821203.0,1592168.0,955300.0,3091977.0,1189223.0,475689.0,917089.0,1141654.0,-224564.0,4,6368671.0,4756889.0,1.244867183010591,60.00000628074523,80,100.0,6.8902915537637295,17.58688528325965,20.56647144615104,2.9795861628913904,10.139415272040274,265361.2916666667,14.487590497440495,0.0,297803.32919912494,298.831308901747,69.69483509714061
GR0000000066,2024,24,1414401.0,456504.0,704580.0,4111484.0,2537751.0,142160.0,598663.0,5239752.0,Manufacturing,M,Compliant,TR-05CCC603,GR0000000066,2025-06-14,On-time,Agent-prepared,5239752.0,4641089.0,598663.0,123123.85,17780.67,105343.18,Paid,GR0000000066,3143850.0,1309939.0,785962.0,2551969.0,981526.0,392610.0,754524.0,942265.0,-187742.0,4,5239751.0,3926105.0,1.248820448388653,59.99998854907418,100,99.99982912989717,11.425407156674591,17.596407327661804,20.566470618695327,2.9700632910335223,13.446819620470588,218323.0,14.441288182590128,1.9084876368147263e-05,290892.3660955329,204.62321756860783,57.67374316053227
GR0000000067,2022,34,5146923.0,2173686.0,1192703.0,67723306.0,49268906.0,734080.0,2907766.0,10555850.0,Financial Services,S,Compliant,TR-AA2AC14D,GR0000000067,2023-06-18,On-time,Agent-prepared,10555850.0,7648084.0,2907766.0,657107.14,37985.52,619121.62,Paid,GR0000000067,7389095.0,2638962.0,527792.0,3272769.0,1258758.0,503503.0,1773383.0,1208408.0,564976.0,4,10555849.0,5035030.0,0.6814139979914097,70.0000066313946,100,100.0,27.546488440059303,21.292002864054396,22.59835007356163,1.3063472095072335,11.298976396974188,310466.17647058825,5.78071941205813,9.473420847783132e-06,1163119.6775566605,158.4459020211231,43.50476974300956
GR0000000067,2023,37,3240332.0,1464298.0,1419597.0,56402567.0,43562872.0,435281.0,1899579.0,9003199.0,Financial Services,S,Compliant,TR-F905A12E,GR0000000067,2024-06-18,On-time,Self-prepared,9003199.0,7103620.0,1899579.0,429273.51,25739.19,403534.33,Paid,GR0000000067,6302239.0,2250800.0,450161.0,2702024.0,1039239.0,415696.0,1512538.0,997670.0,514868.0,4,9003200.0,4156959.0,0.6595999571581012,69.9999888928381,100,99.99996406803541,21.098933834518153,21.24335602783564,22.598349950173173,1.3549939223375311,15.767695460246964,243329.7027027027,5.995988431711055,1.1107161901335871e-05,732261.5649074453,168.22732095070663,41.377025564047145
GR0000000067,2024,39,2748137.0,1107465.0,1344392.0,29847290.0,22358940.0,342956.0,1450421.0,6151420.0,Financial Services,S,Compliant,TR-9C52C12D,GR0000000067,2025-06-19,On-time,Agent-prepared,6151420.0,4700999.0,1450421.0,327771.21,23409.22,304362.0,Paid,GR0000000067,4305994.0,1537856.0,307571.0,1753878.0,674570.0,269827.0,1033438.0,647587.0,385853.0,4,6151421.0,2698275.0,0.6266336248521924,69.99998862051548,100,100.0,23.57863712768759,20.984390049509763,22.59834972052942,1.613959671019657,21.854986328359956,157728.71794871794,7.141939037293726,1.6256406443204696e-05,621033.6100592656,181.08259078694223,47.22166325769057
GR0000000068,2022,2,38241.0,8329.0,33013.0,95196.0,71597.0,2333.0,10662.0,165067.0,Consumer Goods and Retail,S,Somewhat Compliant,TR-45D063B3,GR0000000068,2023-08-09,Late,Self-prepared,150843.92,146318.6,4525.32,1264.07,99.58,1164.49,Paid,GR0000000068,116291.0,22971.0,8124.0,82573.0,30396.0,11959.0,27910.0,31469.0,-3560.0,4,147386.0,124928.0,1.1275170189896095,78.90233807824353,40,0.0,3.0000015910485485,10.9218720690302,27.9332732270867,17.0114011580565,19.999757674156555,82533.5,7.877728290363667,2.346165850216453,10681.963014770226,457.8638240364435,72.11892994430062
GR0000000068,2023,1,40079.0,8548.0,20332.0,72096.0,46725.0,2097.0,10645.0,142730.0,Consumer Goods and Retail,S,Somewhat Compliant,TR-F2A051E4,GR0000000068,2024-06-28,On-time,Agent-prepared,134003.45,129983.34,4020.1,1122.95,97.23,1025.72,Paid,GR0000000068,103139.0,19697.0,6893.0,71737.0,26676.0,10399.0,24754.0,27506.0,-2753.0,4,129729.0,108812.0,1.1111739516845762,79.50342637344002,80,0.0,2.999997388126947,9.635697510568342,27.933384741673095,18.297687231104753,14.245078119526378,142730.0,8.658444276236699,3.2949070755189824,11195.42127061516,533.8779814313381,73.43995608672871
GR0000000068,2024,1,16769.0,3847.0,11092.0,29480.0,16888.0,1318.0,5166.0,55460.0,Consumer Goods and Retail,S,Somewhat Compliant,TR-3204DA17,GR0000000068,2025-06-29,On-time,Agent-prepared,52310.4,50741.09,1569.31,438.36,38.35,400.01,Paid,GR0000000068,40232.0,7954.0,2708.0,27245.0,10166.0,3979.0,9655.0,10605.0,-951.0,4,50894.0,41390.0,1.098394614189539,79.05057570637011,100,99.99750006249843,2.9999961766685015,7.74312814556717,27.93329552478478,20.19016737921761,20.0,55460.0,8.748517200474495,2.783039258065778,4684.13432655116,355.3971416199666,69.19315403422983
GR0000000069,2022,5,44111.0,11196.0,79023.0,166430.0,95250.0,4678.0,15874.0,263409.0,Automotive,S,Compliant,TR-96E06A26,GR0000000069,2023-06-25,On-time,Agent-prepared,263409.0,247535.0,15874.0,4361.21,433.43,3927.78,Paid,GR0000000069,184386.0,52681.0,26341.0,138603.0,53309.0,21323.0,44253.0,51177.0,-6924.0,4,263408.0,213235.0,1.1564639685445055,70.00015185567636,100,100.0,6.026369638091333,24.743479904245937,27.47391961698375,2.7304397127378124,30.000113891324897,52681.8,9.938296940527973,0.0003796391909061114,12119.020682247701,259.06414455424755,64.01351136904627
GR0000000069,2023,5,153981.0,33104.0,120460.0,483874.0,328285.0,9389.0,42493.0,682696.0,Automotive,S,Compliant,TR-6E6981AA,GR0000000069,2024-06-23,On-time,Agent-prepared,682696.0,640203.0,42493.0,11674.5,1022.24,10652.26,Partial,GR0000000069,477887.0,136539.0,68270.0,351401.0,135154.0,54061.0,114694.0,129747.0,-15055.0,4,682696.0,540616.0,1.1312448776745079,69.9999707043838,100,91.8208905903536,6.224293096780998,25.068270068011202,27.473936883722022,2.40566681571082,17.64474963966392,136539.2,8.756177994774937,0.0,42304.64275292401,450.57666154994155,72.40373812353472
GR0000000069,2024,5,149614.0,39732.0,114160.0,423347.0,310571.0,12164.0,51896.0,634400.0,Automotive,S,Compliant,TR-665B3F9E,GR0000000069,2025-06-22,On-time,Agent-prepared,634400.0,582504.0,51896.0,14257.87,1340.63,12917.24,Partial,GR0000000069,444080.0,126880.0,63440.0,339544.0,130594.0,52239.0,106579.0,125370.0,-18791.0,4,634400.0,522377.0,1.176310530217022,70.0,100,92.79846159086617,8.180327868852459,24.89062740866348,27.47392862648374,2.58330121782026,17.994955863808322,126880.0,9.402736874441974,0.0,41104.84357522738,337.9220945020337,65.31340649939177
GR0000000070,2022,56,1220056.0,336790.0,1482827.0,3505912.0,1952121.0,120965.0,457755.0,4657775.0,Logistics and Transportation,M,Compliant,TR-EAF0579A,GR0000000070,2023-06-22,On-time,Self-prepared,4657775.0,4200020.0,457755.0,124867.11,16043.5,108823.61,Paid,GR0000000070,2561775.0,1397332.0,698667.0,1987703.0,764501.0,305800.0,614825.0,733921.0,-119095.0,4,4657774.0,3058004.0,1.1937071524417517,54.99998497136186,100,100.0,9.827761109113258,23.77333071184367,27.278153160533474,3.5048224486898043,31.835522325573905,83174.55357142857,12.848459454214964,2.14694830580342e-05,332808.7443242783,275.1281315457185,62.480820552499225
GR0000000070,2023,53,1993739.0,480979.0,1166355.0,5817791.0,3976552.0,144815.0,625794.0,7197302.0,Logistics and Transportation,M,Compliant,TR-CF61D870,GR0000000070,2024-06-18,On-time,Agent-prepared,7197302.0,6571508.0,625794.0,170705.05,18693.44,152011.61,Paid,GR0000000070,3958517.0,2159190.0,1079595.0,3157016.0,1214236.0,485695.0,950044.0,1165668.0,-215624.0,4,7197302.0,4856947.0,1.226962119649195,55.00001250468578,100,100.0,8.694841483655958,24.29099831573968,27.278153833370084,2.987155517630402,16.20544754131479,135798.15094339623,10.950724656359023,0.0,543855.1914558944,375.5516979980626,68.61203999119243
GR0000000070,2024,57,2055776.0,470956.0,1579465.0,7375222.0,5129533.0,147300.0,618256.0,7402235.0,Logistics and Transportation,M,Compliant,TR-C9461DC2,GR0000000070,2025-06-22,On-time,Agent-prepared,7402235.0,6783979.0,618256.0,168648.82,21339.44,147309.39,Paid,GR0000000070,4071229.0,2220670.0,1110334.0,3096025.0,1190779.0,476311.0,977096.0,1143147.0,-166054.0,4,7402233.0,4763115.0,1.169943383249957,55.0000114830214,100,99.99973525109294,8.352288194038692,23.826600954944233,27.278153386299525,3.4515524313552923,21.33767706645358,129863.77192982456,12.653180733787522,2.7018873893780437e-05,560777.7305587329,380.7045013976462,69.92590632442445
GR0000000071,2024,2,104261.0,25767.0,43532.0,376652.0,239931.0,7402.0,33169.0,294657.0,Healthcare,S,Compliant,TR-D87C6F76,GR0000000071,2025-06-17,On-time,Agent-prepared,294657.0,261488.0,33169.0,8156.27,827.55,7328.71,Paid,GR0000000071,250459.0,29466.0,14734.0,119466.0,45949.0,18379.0,60111.0,44111.0,15999.0,4,294659.0,183794.0,0.7338257556853155,84.9996097183524,100,99.73546481844983,11.256817248529646,22.095058639090716,24.59003889173626,2.4949802526455436,14.773787827881232,147328.5,10.146182017024937,0.0006787506914740504,25637.820448913142,346.3634213579187,68.18657024198885
GR0000000072,2022,17,415974.0,167825.0,482412.0,4813134.0,2681588.0,64517.0,232341.0,2727045.0,Energy,S,Compliant,TR-A3F8415A,GR0000000072,2023-06-25,On-time,Self-prepared,2727045.0,2494704.0,232341.0,52479.82,5276.55,47203.27,Paid,GR0000000072,2181637.0,409057.0,136352.0,1323188.0,508918.0,203567.0,523593.0,488562.0,35031.0,4,2727046.0,2035673.0,0.9330949802613863,80.00000733394302,100,92.29607072574488,8.519881410097744,20.316375499804167,22.587412467020457,2.27103696721629,17.689917108078525,160414.41176470587,10.054436162319154,3.666971514215689e-05,93957.76313556367,145.6325668204716,44.14530715862049
GR0000000072,2023,17,753018.0,261721.0,567010.0,7367688.0,5135956.0,76034.0,337756.0,3786111.0,Energy,S,Compliant,TR-1386159F,GR0000000072,2024-06-13,On-time,Agent-prepared,3786111.0,3448355.0,337756.0,76290.34,8188.38,68101.96,Paid,GR0000000072,3028889.0,567917.0,189306.0,1872300.0,720115.0,288046.0,726934.0,691310.0,35623.0,4,3786112.0,2880461.0,0.9509941755372565,79.99998415260828,100,100.0,8.920921758501004,20.16306446073497,22.587412214734897,2.4243477539999283,14.976053264154169,222712.41176470587,10.73318063597567,2.6412319553692498e-05,170087.27971115243,223.698976393656,55.14635772318856
GR0000000072,2024,19,900321.0,303081.0,506351.0,6503920.0,3734294.0,95443.0,398524.0,4122184.0,Energy,S,Compliant,TR-AAF1207E,GR0000000072,2025-06-20,On-time,Agent-prepared,4122184.0,3723660.0,398524.0,90016.26,11025.93,78990.34,Paid,GR0000000072,3297747.0,618327.0,206110.0,2009582.0,772917.0,309166.0,791459.0,742000.0,49460.0,4,4122184.0,3091665.0,0.9375090813295446,79.999995148203,100,99.19709048648684,9.667787755228781,19.820723469602832,22.587412552318053,2.766689082715221,12.283561335447422,216957.05263157896,12.24882037978472,0.0,203359.21856515543,213.06876205185864,55.73534328311791
GR0000000073,2022,14,198034.0,46185.0,255687.0,858602.0,487539.0,14140.0,60325.0,920338.0,Automotive,S,Compliant,TR-F4877066,GR0000000073,2023-06-10,On-time,Agent-prepared,920338.0,860013.0,60325.0,14621.89,1331.3,13290.59,Paid,GR0000000073,644236.0,184068.0,92033.0,468976.0,180374.0,72150.0,154617.0,173159.0,-18543.0,4,920337.0,721500.0,1.1199221301667992,70.00001086558511,100,100.0,6.554657093372218,22.03164525486946,24.238524658101948,2.206879403232488,27.78185840419498,65738.42857142857,9.104842123692627,0.00010865585107211473,48000.51992142561,339.46619463525894,69.53805912116101
GR0000000073,2023,14,347465.0,90944.0,317674.0,1116454.0,694859.0,26169.0,117113.0,1536688.0,Automotive,S,Compliant,TR-9CC6A264,GR0000000073,2024-06-14,On-time,Agent-prepared,1536688.0,1419575.0,117113.0,28386.46,2464.59,25921.88,Paid,GR0000000073,1075683.0,307337.0,153669.0,773087.0,297341.0,118936.0,258164.0,285448.0,-27284.0,4,1536689.0,1189364.0,1.1056847585255885,70.00004555248329,100,100.0,7.621130639401101,22.134075636351216,24.238521769572976,2.10444613322176,20.672641421030164,109763.42857142857,8.682273168264025,6.507497612995294e-05,84220.37966664674,321.83262511615555,66.29502252025384
GR0000000073,2024,15,328218.0,61822.0,347464.0,1057322.0,747631.0,25201.0,87023.0,1653440.0,Automotive,S,Compliant,TR-295D22C8,GR0000000073,2025-06-24,On-time,Agent-prepared,1653440.0,1566417.0,87023.0,21093.09,2083.18,19009.91,Paid,GR0000000073,1157408.0,330688.0,165344.0,868988.0,334225.0,133690.0,277778.0,320857.0,-43079.0,4,1653440.0,1336903.0,1.1550842759325792,70.0,100,100.0,5.263148345268047,21.844696229732367,24.238523149052547,2.3938269193201798,21.014611960518675,110229.33333333333,9.87612530928375,0.0,79555.19590935728,315.6826947714665,73.48621952482802
GR0000000074,2022,2,42696.0,13557.0,45903.0,188378.0,102016.0,4108.0,17665.0,129727.0,Healthcare,S,Compliant,TR-8845261E,GR0000000074,2023-06-10,On-time,Agent-prepared,129727.0,112062.0,17665.0,5101.27,476.0,4625.27,Paid,GR0000000074,110267.0,12973.0,6486.0,52775.0,20298.0,8119.0,26464.0,19487.0,6977.0,4,129726.0,81192.0,0.7363588270858524,84.99992291445045,100,99.99767286918852,13.617057358915261,26.183243702236066,28.87783753184263,2.694593829606564,35.38430704479406,64863.5,9.33100972894985,0.0007708554954355407,12329.68151259553,300.13830361722324,58.62610080569608
GR0000000074,2023,2,119160.0,32300.0,40884.0,322022.0,175404.0,13797.0,46097.0,322565.0,Healthcare,S,Compliant,TR-AE3C067D,GR0000000074,2024-06-15,On-time,Self-prepared,322565.0,276468.0,46097.0,13311.81,1230.28,12081.53,Paid,GR0000000074,274180.0,32257.0,16128.0,124904.0,48040.0,19216.0,65802.0,46118.0,19684.0,4,322565.0,192160.0,0.7008601562262545,84.99992249624107,100,100.0,14.290763102010448,26.208928997548647,28.87782285181248,2.668893854263832,12.674654720753956,161282.5,9.24201892905623,0.0,34410.81371021975,249.40794165557548,61.315038603558236
GR0000000074,2024,2,79086.0,18437.0,49275.0,363480.0,213956.0,5541.0,23978.0,219080.0,Healthcare,S,Compliant,TR-677C5074,GR0000000074,2025-06-10,On-time,Agent-prepared,219080.0,195102.0,23978.0,6924.33,644.97,6279.36,Paid,GR0000000074,186218.0,21908.0,10954.0,87840.0,33785.0,13513.0,44692.0,32434.0,12259.0,4,219080.0,135138.0,0.725722724424953,85.0,100,66.12774808559118,10.944860324995435,26.188005671865877,28.877846359162568,2.689840687296691,22.491783823260906,109540.0,9.314547400253888,0.0,22838.33357160731,412.16988939915734,69.68110664340085
GR0000000075,2022,41,9993074.0,4017143.0,1261711.0,13138908.0,5377991.0,1204241.0,5221384.0,15360311.0,Technology and Innovation,M,Compliant,TR-5AA84A72,GR0000000075,2023-06-19,On-time,Agent-prepared,15360311.0,10138927.0,5221384.0,1232599.65,240490.42,992109.23,Paid,GR0000000075,6144125.0,5376109.0,3840077.0,6010626.0,2311779.0,924711.0,1474590.0,2219307.0,-744718.0,4,15360311.0,9247116.0,1.505033263483409,40.00000390617091,100,0.0,33.992697153071965,19.00088616351527,23.606761157578145,4.6058749940628765,8.214098008822868,374641.73170731706,19.510829814043838,0.0,2359041.111480041,195.8944357051488,47.749971630351176
GR0000000075,2023,42,9563103.0,4172816.0,1545019.0,14397776.0,6908164.0,1318570.0,5491385.0,14769819.0,Technology and Innovation,M,Compliant,TR-485D5899,GR0000000075,2024-06-22,On-time,Agent-prepared,14769819.0,9278434.0,5491385.0,1296338.14,248714.55,1047623.59,Paid,GR0000000075,5907928.0,5169438.0,3692455.0,5817835.0,2237629.0,895052.0,1417902.0,2148124.0,-730221.0,4,14769821.0,8950516.0,1.5150017420103787,39.999997291774896,100,100.0,37.1797718035678,19.07758407032106,23.606761135851883,4.529177065530824,10.460649517776758,351662.35714285716,19.185931689088466,1.3541125520877273e-05,2257538.8823854853,171.21115165561824,42.577372637312386
GR0000000075,2024,48,12152718.0,4049427.0,2125515.0,21034518.0,11077326.0,1023868.0,5073295.0,22602529.0,Technology and Innovation,M,Compliant,TR-A1F4BA07,GR0000000075,2025-06-11,On-time,Agent-prepared,22602529.0,17529234.0,5073295.0,1197640.63,202555.7,995084.93,Paid,GR0000000075,9041012.0,7910885.0,5650633.0,8792853.0,3381867.0,1352746.0,2169843.0,3246592.0,-1076748.0,4,22602530.0,13527466.0,1.4962335984677233,40.0,100,100.0,22.44569623160311,19.614174417218003,23.60676108919351,3.9925866719755057,9.403881309034047,470886.0208333333,16.912894813864156,4.424283472914681e-06,2868863.1041034157,280.19853185209575,58.253824370811536
GR0000000076,2022,2,70536.0,28603.0,65787.0,739186.0,440899.0,8725.0,37329.0,288203.0,Energy,S,Compliant,TR-B11E501A,GR0000000076,2023-06-19,On-time,Agent-prepared,288203.0,250874.0,37329.0,9318.98,937.67,8381.31,Paid,GR0000000076,230562.0,43231.0,14411.0,137656.0,52944.0,21178.0,55334.0,50827.0,4508.0,4,288204.0,211778.0,0.9185491741063361,79.99958362826331,100,99.99759490616643,12.952328740505825,22.452543598810575,24.964451230946448,2.5119076321358733,22.826618737487117,144101.5,10.06193810910636,0.0003469764472407988,17608.925320260387,201.82149364195286,47.07808778496087
GR0000000076,2023,1,50082.0,16278.0,25347.0,311672.0,189200.0,5292.0,21570.0,202498.0,Energy,S,Compliant,TR-6CC8B07C,GR0000000076,2024-06-11,On-time,Agent-prepared,202498.0,180928.0,21570.0,5384.83,557.19,4827.64,Paid,GR0000000076,161998.0,30375.0,10126.0,100801.0,38771.0,15507.0,38880.0,37219.0,1660.0,4,202499.0,155079.0,0.9572788065843622,79.999407404481,100,100.0,10.651957056365989,22.381270282800187,24.964441353732035,2.583171070931847,12.517160663315194,202498.0,10.34740186783984,0.0004938295991574471,12502.691518776077,236.25645349161144,56.93063376063257
GR0000000076,2024,1,24774.0,9982.0,34069.0,368121.0,226042.0,3423.0,13405.0,164686.0,Energy,S,Compliant,TR-F0A342E4,GR0000000076,2025-06-18,On-time,Agent-prepared,164686.0,151281.0,13405.0,3346.48,347.63,2998.86,Paid,GR0000000076,131749.0,24703.0,8234.0,79173.0,30451.0,12181.0,31619.0,29233.0,2386.0,4,164686.0,121805.0,0.9245390429804864,80.00012144323136,100,100.0,8.139732582004541,22.371204774337937,24.96441626258859,2.5932114882506525,20.68724724627473,164686.0,10.387930004063971,0.0,6184.684484893697,180.68023619321346,45.89085331395818
GR0000000077,2022,14,757717.0,188040.0,348665.0,2734235.0,1408878.0,68934.0,256975.0,1936792.0,Healthcare,S,Compliant,TR-DCFF6A53,GR0000000077,2023-06-21,On-time,Agent-prepared,1936792.0,1679817.0,256975.0,72962.71,7659.39,65303.33,Paid,GR0000000077,1646273.0,193680.0,96839.0,752949.0,289596.0,115838.0,395106.0,278012.0,117093.0,4,1936792.0,1158383.0,0.7036390234519344,84.9999896736459,100,99.99981907530704,13.26807421757215,25.412328047475434,28.39292149041736,2.9805934429419274,18.00219125233892,138342.2857142857,10.497677512252492,0.0,215137.99292954573,312.09271611910776,66.08562299644855
GR0000000077,2023,14,755303.0,225508.0,363711.0,2562000.0,1381213.0,67928.0,293436.0,1966141.0,Healthcare,S,Compliant,TR-36790FE5,GR0000000077,2024-06-21,On-time,Agent-prepared,1966141.0,1672705.0,293436.0,83315.06,8784.93,74530.13,Paid,GR0000000077,1671220.0,196613.0,98308.0,760710.0,292580.0,117033.0,401092.0,280877.0,120216.0,4,1966141.0,1170323.0,0.7002807335972794,85.00000762915782,100,99.99993324642703,14.924463708350519,25.399109175424968,28.392923840292262,2.993814664867294,18.49872415050599,140438.64285714287,10.544228138346178,0.0,214452.60555344267,315.70575543729046,61.14989613439904
GR0000000077,2024,13,610226.0,156524.0,289188.0,1843784.0,894196.0,61871.0,218395.0,1652304.0,Healthcare,S,Compliant,TR-8E766E93,GR0000000077,2025-06-22,On-time,Agent-prepared,1652304.0,1433909.0,218395.0,62008.72,6489.18,55519.54,Paid,GR0000000077,1404459.0,165231.0,82615.0,611059.0,235022.0,94009.0,337070.0,225622.0,111448.0,4,1652305.0,940090.0,0.6693624469694722,84.99998486962153,100,100.0,13.217604024441023,25.421616795256302,28.392921083358136,2.971304288101834,17.50210614995788,127100.30769230769,10.464947510608186,6.052151388935556e-05,173260.98661013303,280.0358594658774,64.21080058863437
GR0000000078,2022,155,14953509.0,4613799.0,4724692.0,33096452.0,14590870.0,1014384.0,5628183.0,47330167.0,Manufacturing,L,Somewhat Compliant,TR-E477D338,GR0000000078,2023-06-29,On-time,Agent-prepared,45549448.57,42803508.26,2745940.31,717920.09,166701.66,551218.44,Paid,GR0000000078,25744474.0,10798418.0,6996688.0,20924504.0,7776804.0,3032565.0,6178674.0,8096630.0,-1917955.0,4,43539580.0,31733873.0,1.310415471021776,59.12889834950177,80,99.9999201768359,6.028482004079725,9.793896893544506,26.144781348142267,16.35088445459776,9.982411429057498,305355.91612903227,23.220085678337824,4.616187317378806,3909562.231924775,385.4124505044219,62.36212517075423
GR0000000078,2023,157,14803181.0,3662261.0,4873488.0,34879508.0,18533455.0,712847.0,4375108.0,53718873.0,Manufacturing,L,Somewhat Compliant,TR-C85566B7,GR0000000078,2024-06-24,On-time,Agent-prepared,49396248.84,47914361.38,1481887.47,387436.24,95159.46,292276.78,Paid,GR0000000078,28429582.0,12530193.0,7902002.0,23213534.0,8707347.0,3417955.0,6823100.0,8979448.0,-2156349.0,4,48861777.0,35338836.0,1.3160364057393268,58.18368415049662,60,0.0,3.0000000097173367,6.680447202674769,26.144781425272463,19.464334222597692,9.072208197666395,342158.4267515924,24.56132136735583,1.0938444584199347,3870259.3164374623,542.9298736527561,70.44481182794428
GR0000000078,2024,166,11463070.0,3703528.0,5634307.0,21583080.0,8209291.0,1176409.0,4879937.0,32972644.0,Manufacturing,L,Somewhat Compliant,TR-D5761A27,GR0000000078,2025-06-22,On-time,Agent-prepared,30436569.74,29523472.65,913097.09,238727.24,54803.86,183923.37,Paid,GR0000000078,17155475.0,7768455.0,4844775.0,14739020.0,5475666.0,2143740.0,4117315.0,5658756.0,-1541443.0,4,29768705.0,22358426.0,1.3743801482276679,57.6292284128584,100,99.99979882926243,2.999999992771853,3.7689701731805143,26.144781602578536,22.375811429398023,17.08782286309827,198630.38554216866,22.956684792234018,2.243512910622081,2996994.6164506995,254.7578789732737,57.42905696292529
GR0000000079,2022,102,3449396.0,586935.0,2427885.0,10055634.0,6244827.0,221447.0,808382.0,13365596.0,Agriculture and Food Production,M,Compliant,TR-6E8EC4FF,GR0000000079,2023-06-22,On-time,Agent-prepared,13365596.0,12557214.0,808382.0,171075.37,26189.32,144886.05,Paid,GR0000000079,8687638.0,3341399.0,1336560.0,6148127.0,2364665.0,945865.0,2085033.0,2270078.0,-185045.0,4,13365597.0,9458657.0,1.088749194856868,64.99999962590522,100,99.99996549012138,6.048230097632758,17.922968349122073,21.162689174177554,3.239720825055482,18.165183206195966,131035.25490196078,15.308644371191482,7.481895492045254e-06,729984.9538665136,329.6431895065246,76.5645347765232
GR0000000079,2023,119,4142674.0,664535.0,2577012.0,12397809.0,6854131.0,232145.0,896680.0,18765695.0,Agriculture and Food Production,M,Compliant,TR-A7B7366B,GR0000000079,2024-06-18,On-time,Agent-prepared,18765695.0,17827410.25,938284.75,198566.29,31431.78,167134.51,Paid,GR0000000079,12197702.0,4691424.0,1876570.0,8804225.0,3386241.0,1354496.0,2927448.0,3250790.0,-323342.0,4,18765696.0,13544962.0,1.1104518338156648,64.99999786845103,100,100.0,5.0,18.639259267520185,21.162689684554717,2.5234304170345325,13.73256892430576,157694.91596638656,15.829363584322392,5.328872432208698e-06,876701.2432627303,377.6524341522455,78.35504314363139
GR0000000079,2024,131,2995009.0,913188.0,2534822.0,12826302.0,6714419.0,271381.0,1184568.0,16521581.0,Agriculture and Food Production,M,Compliant,TR-2BCCAF81,GR0000000079,2025-06-24,On-time,Agent-prepared,16521581.0,15337013.0,1184568.0,250686.45,35172.14,215514.3,Paid,GR0000000079,10739028.0,4130395.0,1652158.0,7752914.0,2981890.0,1192756.0,2577365.0,2862613.0,-285248.0,4,16521581.0,11927560.0,1.1106742739192936,65.00000211844133,100,99.99986079810019,7.169822306957185,18.193493324148548,21.16268968940576,2.9691963652572113,15.34249052799487,126118.93893129771,14.030331515724123,0.0,633824.4608397746,233.55520866964693,60.448599653623745
GR0000000080,2022,5,1526859.0,578478.0,197128.0,1989911.0,805107.0,154486.0,732964.0,2320811.0,Technology and Innovation,M,Compliant,TR-D3614AE1,GR0000000080,2023-06-22,On-time,Agent-prepared,2320811.0,1587847.0,732964.0,162512.26,31862.54,130649.72,Partial,GR0000000080,928324.0,812283.0,580203.0,894331.0,343973.0,137589.0,222797.0,330214.0,-107416.0,4,2320810.0,1375893.0,1.4821294721203606,40.0,100,99.47591162078265,31.582235692609178,17.824848150795948,22.17192931712881,4.347081166332863,8.493927338331298,464162.2,19.60623770785047,4.308840448885576e-05,338534.0982522198,219.13577816256478,51.99530539493169
GR0000000080,2023,4,940113.0,381643.0,145824.0,1156788.0,422579.0,143454.0,525097.0,1445612.0,Technology and Innovation,M,Compliant,TR-030843C3,GR0000000080,2024-06-24,On-time,Agent-prepared,1445612.0,920515.0,525097.0,116424.13,22431.67,93992.46,Paid,GR0000000080,578245.0,505964.0,361402.0,540530.0,207896.0,83158.0,138778.0,199580.0,-60801.0,4,1445611.0,831584.0,1.4381241983599706,40.00004150494151,100,99.99951059904166,36.32350865930831,17.90001847277741,22.171928234211965,4.271909761434554,10.087354006469232,361403.0,19.267200021163998,6.91749025172328e-05,208441.17968049712,145.3017550437751,44.14533146547277
GR0000000080,2024,4,817904.0,259013.0,178252.0,1073693.0,404672.0,86041.0,345054.0,1271727.0,Technology and Innovation,M,Compliant,TR-9119342C,GR0000000080,2025-06-23,On-time,Agent-prepared,1271727.0,926673.0,345054.0,76505.13,15122.58,61382.55,Paid,GR0000000080,508691.0,445104.0,317931.0,474712.0,182582.0,73032.0,122086.0,175279.0,-53193.0,4,1271726.0,730326.0,1.435701063184968,40.0000471799743,100,100.0,27.132710086362877,17.789259072493003,22.171929611017408,4.382670538524405,14.016530277331535,317931.75,19.766752896178332,7.863329050117329e-05,181345.0991656958,210.76591295509792,57.812408302196836
GR0000000081,2022,43,2381788.0,628913.0,1184508.0,5960935.0,3129673.0,201964.0,830877.0,5850823.0,Healthcare,M,Compliant,TR-DF7584E1,GR0000000081,2023-06-11,On-time,Agent-prepared,5850823.0,5019946.0,830877.0,199805.34,31277.47,168527.87,Paid,GR0000000081,4973200.0,585082.0,292542.0,2078813.0,799544.0,319817.0,1193568.0,767562.0,426007.0,4,5850824.0,3198174.0,0.6430819190863026,84.99999316335614,100,100.0,14.201027787030988,20.283130956808286,24.047523279619003,3.7643923228107177,20.24515183590411,136065.6511627907,15.65397100998402,1.7091609660901952e-05,572761.0237711719,283.5956030635024,65.11540909602365
GR0000000081,2023,39,2558478.0,939083.0,1544853.0,7678355.0,3566475.0,243679.0,1182763.0,7016087.0,Healthcare,M,Compliant,TR-C2FD56B8,GR0000000081,2024-06-13,On-time,Self-prepared,7016087.0,5833324.0,1182763.0,284425.21,43995.98,240429.23,Paid,GR0000000081,5963674.0,701609.0,350805.0,2524133.0,970822.0,388329.0,1431282.0,931987.0,499294.0,4,7016088.0,3883284.0,0.6511553977483123,84.99998859763447,100,99.99996890728983,16.85787248647287,20.327760506542734,24.04752346835334,3.7197629618106056,22.01872639264593,179899.66666666666,15.46838270770724,1.4252956914706516e-05,615250.5974826572,252.48404560206546,53.77083562962043
GR0000000081,2024,45,3559332.0,851623.0,1294604.0,8504781.0,4408648.0,270749.0,1122372.0,9103041.0,Healthcare,M,Compliant,TR-5BE5FE15,GR0000000081,2025-06-15,On-time,Agent-prepared,9103041.0,7980669.0,1122372.0,269902.67,35137.94,234764.73,Paid,GR0000000081,7737585.0,910304.0,455152.0,3139937.0,1207668.0,483067.0,1857020.0,1159362.0,697659.0,4,9103041.0,4830672.0,0.624313146869716,85.000001647801,100,100.0,12.329637974826214,20.916837732944156,24.04752345924524,3.1306857263010848,14.221665045779758,202289.8,13.018744868289003,0.0,855931.1976924228,316.13457397531397,68.46677972158821
GR0000000082,2022,30,9367862.0,2896346.0,1077449.0,14433678.0,6829465.0,475528.0,3371874.0,14883761.0,Technology and Innovation,M,Non-Compliant,TR-25F03174,GR0000000082,2023-07-23,Extended,Self-prepared,12058096.46,11937515.49,120580.96,25512.24,5666.15,19846.09,Unpaid,GR0000000082,4243456.0,4650438.0,3486718.0,5812583.0,2085493.0,769611.0,1018429.0,2434967.0,-1416538.0,4,12380612.0,8667687.0,2.390905011542287,34.27500999142853,40,0.0,0.9999999618513585,0.5885774498098091,21.157768191595093,20.569190741785285,7.239090979759753,496125.36666666664,22.2095355013907,2.6050048252864944,1982030.5264685238,416.8062714432218,64.00593860157205
GR0000000082,2023,17,6650491.0,1888244.0,878697.0,8333319.0,2889172.0,304523.0,2192766.0,9619860.0,Technology and Innovation,M,Non-Compliant,TR-68967BC6,GR0000000082,2024-06-28,On-time,Agent-prepared,7710750.62,7633643.11,77107.51,16314.22,3862.17,12452.06,Unpaid,GR0000000082,2569509.0,3034546.0,2275856.0,3787886.0,1312141.0,489595.0,616681.0,1569321.0,-952640.0,4,7879911.0,5589622.0,2.5447857157914706,32.60835052578639,80,0.0,1.0000000492818426,0.5678699870392008,21.157757525823364,20.58988753878416,9.134197379171837,565874.1176470588,23.673641767733915,2.146729576006634,1407094.7600567054,462.065183929196,67.02850962432699
GR0000000082,2024,12,5219007.0,1596715.0,557978.0,5867076.0,3684199.0,241206.0,1837920.0,6053664.0,Technology and Innovation,M,Non-Compliant,TR-4583EA14,GR0000000082,2025-06-29,On-time,Self-prepared,5378517.78,4851655.28,526862.5,111472.33,24063.2,87409.12,Paid,GR0000000082,1641309.0,1930189.0,1400976.0,2300567.0,818776.0,301762.0,393914.0,971267.0,-577354.0,4,4972474.0,3421105.0,2.4656828647877456,33.00789506390581,20,0.0,9.795682036399254,4.755871855140594,21.157765071531948,16.401893216391354,9.217194743547049,504472.0,21.586702278493686,8.16583012802079,1104225.2401268072,457.79343802675197,64.78410548213482
GR0000000083,2022,191,17342246.0,5111686.0,6161875.0,17173963.0,11028254.0,1337607.0,6449292.0,46525047.0,Consumer Goods and Retail,L,Compliant,TR-C80A28CE,GR0000000083,2023-06-23,On-time,Self-prepared,46525047.0,40075755.0,6449292.0,1480858.16,188047.16,1292811.0,Paid,GR0000000083,37220037.0,6978756.0,2326252.0,21024444.0,8086324.0,3234529.0,8932809.0,7762872.0,1169938.0,4,46525045.0,32345297.0,0.8690292157819561,80.00000214937998,100,100.0,13.861978473659576,20.04578176953377,22.961561672195955,2.915779902662184,13.2442101563057,243586.6335078534,12.698526103269742,4.298759948007103e-06,3982050.510633936,297.69958669728373,62.811668108040905
GR0000000083,2023,176,15231317.0,4237301.0,4329772.0,23580469.0,11841971.0,1130140.0,5367441.0,53138052.0,Consumer Goods and Retail,L,Compliant,TR-87D057C8,GR0000000083,2024-06-25,On-time,Self-prepared,53138052.0,47770611.0,5367441.0,1232448.28,163438.95,1069009.33,Paid,GR0000000083,42510442.0,7970707.0,2656902.0,24610454.0,9465559.0,3786224.0,10202505.0,9086936.0,1115570.0,4,53138051.0,37862237.0,0.890657343466139,80.00000225826875,100,99.41836261904025,10.100936707277112,19.916554834976296,22.961561757269433,3.045006922293137,8.148157181222977,301920.75,13.261323225669155,1.8818906211137687e-06,3497348.259400478,309.4615056011183,64.76049313398178
GR0000000083,2024,188,17242397.0,3057823.0,4186675.0,21184847.0,11446130.0,681705.0,3739527.0,46937170.0,Consumer Goods and Retail,L,Compliant,TR-7205F09F,GR0000000083,2025-06-10,On-time,Agent-prepared,46937170.0,43197643.0,3739527.0,858653.8,132550.12,726103.68,Paid,GR0000000083,37549736.0,7040575.0,2346859.0,21598249.0,8307019.0,3322807.0,9011936.0,7974738.0,1037199.0,4,46937170.0,33228075.0,0.8849084147956665,80.0,100,100.0,7.9670909004526695,19.41699257686868,22.96156171622775,3.5445691393590693,8.919743137475054,249665.79787234042,15.436968892468652,0.0,3959123.628512002,580.7678729820086,78.31202355449767
GR0000000084,2022,192,10824714.0,2687698.0,7361902.0,28684603.0,14400576.0,935573.0,3623270.0,51816164.0,Automotive,L,Compliant,TR-503FA233,GR0000000084,2023-06-17,On-time,Agent-prepared,51816164.0,48192894.0,3623270.0,917242.08,166402.66,750839.42,Paid,GR0000000084,36271315.0,10363233.0,5181616.0,23916937.0,9198823.0,3679529.0,8705116.0,8830868.0,-125753.0,4,51816164.0,36795289.0,1.0144457581036255,70.00000038597994,100,99.99995091373039,6.992547730858655,20.722701316766347,25.315311307189358,4.592609990423011,14.207732552336372,269875.8541666667,18.14162952489053,0.0,2740310.0472129094,292.9017882316943,66.5277992564053
GR0000000084,2023,189,11102576.0,1885097.0,6909846.0,26545633.0,12720364.0,631202.0,2516299.0,48478781.0,Automotive,L,Compliant,TR-BFAFBAFA,GR0000000084,2024-06-22,On-time,Agent-prepared,48478781.0,45962482.0,2516299.0,637008.93,123863.91,513145.02,Paid,GR0000000084,33935146.0,9695756.0,4847878.0,21896221.0,8421623.0,3368650.0,8144435.0,8084759.0,59676.0,4,48478780.0,33686494.0,0.9926727882290177,70.0,100,99.99999690725167,5.190516238434296,20.392847590846717,25.31531149517605,4.922463904329334,14.253341064825866,256501.48677248677,19.444611239594394,2.062758186482938e-06,2810651.6983886575,445.28561354188633,77.33589934444043
GR0000000084,2024,211,13492133.0,3081404.0,8263588.0,24880867.0,14173296.0,1126955.0,4208359.0,49093690.0,Automotive,L,Compliant,TR-C9691032,GR0000000084,2025-06-17,On-time,Agent-prepared,49093690.0,44885331.0,4208359.0,1065359.18,216848.54,848510.64,Paid,GR0000000084,34365583.0,9818738.0,4909369.0,21611964.0,8312293.0,3324918.0,8247740.0,7979802.0,267937.0,4,49093690.0,33249175.0,0.9675137674077989,70.0,100,92.79398363843232,8.57209755469593,20.16250609798261,25.315311265032282,5.152805167049671,16.83228129725022,232671.51658767773,20.354500535678493,0.0,3415575.4652421377,303.0800222938926,68.80879398387194
GR0000000085,2022,1,19850.0,7092.0,23383.0,82872.0,55700.0,2635.0,9727.0,102847.0,Logistics and Transportation,S,Compliant,TR-17B4EDA1,GR0000000085,2023-06-13,On-time,Agent-prepared,102847.0,93120.0,9727.0,2295.25,163.0,2132.25,Paid,GR0000000085,56565.0,30855.0,15427.0,45732.0,17590.0,7035.0,13576.0,16886.0,-3310.0,4,102847.0,70357.0,1.2438126104890983,54.999173529611944,100,99.98827529604878,9.457738193627426,21.920941708646037,23.59668962681197,1.675747918165932,22.73571421626299,102847.0,7.101622916893585,0.0,4683.942890922176,177.75874348850763,50.99748110831235
GR0000000085,2023,1,10747.0,3515.0,17272.0,37589.0,25872.0,1320.0,4836.0,43180.0,Logistics and Transportation,S,Compliant,TR-DAD88D90,GR0000000085,2024-06-19,On-time,Agent-prepared,43180.0,38344.0,4836.0,1141.14,84.31,1056.83,Paid,GR0000000085,23749.0,12954.0,6477.0,19659.0,7561.0,3024.0,5700.0,7258.0,-1559.0,4,43180.0,30244.0,1.2733333333333334,55.00000000000001,100,100.0,11.199629458082445,21.853391232423487,23.596774193548388,1.743382961124901,40.0,43180.0,7.38822580927844,0.0,2535.945322580645,192.1170698924731,55.00139573834558
GR0000000085,2024,1,11377.0,3650.0,18340.0,59263.0,38927.0,1193.0,4843.0,45849.0,Logistics and Transportation,S,Compliant,TR-C09363C4,GR0000000085,2025-06-22,On-time,Agent-prepared,45849.0,41006.0,4843.0,1142.79,84.03,1058.76,Paid,GR0000000085,25218.0,13756.0,6877.0,20348.0,7827.0,3131.0,6053.0,7513.0,-1460.0,4,45851.0,31306.0,1.2412027094002973,54.9998909511243,100,0.0,10.5629348513599,21.86165599834813,23.59673755936403,1.7350815610158996,40.000872429060614,45849.0,7.353056992098287,0.004361955028242548,2684.600832128846,225.02940755480685,57.431660367407936
GR0000000086,2022,1,32401.0,7633.0,23456.0,182781.0,114920.0,2447.0,10080.0,177720.0,Manufacturing,S,Compliant,TR-A31E81F1,GR0000000086,2023-06-18,On-time,Agent-prepared,177720.0,167640.0,10080.0,2855.89,304.87,2551.02,Partial,GR0000000086,106632.0,44430.0,26657.0,89376.0,34376.0,13751.0,25591.0,33000.0,-7409.0,4,177719.0,137503.0,1.2895158454144036,60.00033761162285,100,95.76561532249845,5.671843349088454,25.307738095238097,28.332242063492064,3.024503968253967,13.198289444069323,177720.0,10.675131044963218,0.0005626860380747445,9179.929750992063,375.1503780544366,68.88984907873214
GR0000000086,2023,1,15820.0,4677.0,20392.0,95256.0,63479.0,1618.0,6295.0,78605.0,Manufacturing,S,Compliant,TR-BD69C395,GR0000000086,2024-06-21,On-time,Agent-prepared,78605.0,72310.0,6295.0,1783.51,166.92,1616.59,Paid,GR0000000086,47162.0,19652.0,11791.0,42877.0,16491.0,6596.0,11320.0,15831.0,-4512.0,4,78605.0,65964.0,1.3984982332155478,59.99872781629667,100,100.0,8.008396412441957,25.680540111199363,28.332168387609215,2.651628276409852,25.942370078239296,78605.0,9.359072839513093,0.0,4482.149038919778,277.01786396290345,60.20859671302149
GR0000000086,2024,1,12555.0,4584.0,21979.0,66030.0,34978.0,1450.0,6034.0,77131.0,Manufacturing,S,Compliant,TR-43CE0D08,GR0000000086,2025-06-23,On-time,Agent-prepared,77131.0,71097.0,6034.0,1709.57,180.63,1528.94,Paid,GR0000000086,46279.0,19283.0,11570.0,39354.0,15136.0,6055.0,11107.0,14530.0,-3424.0,4,77132.0,60545.0,1.3081840280903934,59.99974070424726,100,100.0,7.823054284269619,25.338747099767982,28.332283725555186,2.993536625787204,28.495676187265822,77131.0,10.56581479553338,0.0012964787636793318,3557.1182217434534,245.31849805127263,51.9394663480685
GR0000000087,2022,32,1636599.0,461248.0,1123236.0,4953441.0,2679196.0,141457.0,602705.0,4121461.0,Healthcare,M,Compliant,TR-508EE3F1,GR0000000087,2023-06-12,On-time,Agent-prepared,4121461.0,3518756.0,602705.0,127578.42,18767.04,108811.37,Paid,GR0000000087,3503242.0,412147.0,206073.0,1496716.0,575660.0,230263.0,840779.0,552634.0,288145.0,4,4121462.0,2302639.0,0.6572880626181197,84.99998301573568,100,99.05118791770491,14.623576445343048,18.053835624393358,21.167639226487253,3.1138036020938955,27.253345354960288,128795.65625,14.710199420873845,2.4263234743582274e-05,346429.37190429814,244.9008334011736,63.17332468124446
GR0000000087,2023,28,3125994.0,782544.0,902069.0,6223233.0,3501356.0,210044.0,992587.0,7064205.0,Healthcare,M,Compliant,TR-EBE93AE5,GR0000000087,2024-06-12,On-time,Agent-prepared,7064205.0,6071618.0,992587.0,210107.23,27303.11,182804.11,Paid,GR0000000087,6004575.0,706421.0,353211.0,2520450.0,969404.0,387762.0,1441098.0,930628.0,510471.0,4,7064207.0,3877616.0,0.6457770394518624,84.99998655192296,100,82.70641650469753,14.050937083507629,18.416935744675275,21.167638705725544,2.750702961050269,12.769575628113849,252293.0357142857,12.99484553672903,2.831174115147661e-05,661699.1158826582,315.02881105037903,68.2473158937605
GR0000000087,2024,27,2443739.0,666989.0,843353.0,7483172.0,4098954.0,210231.0,877220.0,5863239.0,Healthcare,M,Compliant,TR-1790B337,GR0000000087,2025-06-15,On-time,Agent-prepared,5863239.0,4986019.0,877220.0,185686.76,24778.9,160907.86,Paid,GR0000000087,4983753.0,586323.0,293162.0,2058890.0,791880.0,316753.0,1196101.0,760206.0,435894.0,4,5863238.0,3167523.0,0.6355700730958339,85.0000119387956,100,100.0,14.961354978024946,18.342931077722806,21.16763867672876,2.8247075990059543,14.38373909028781,217157.0,13.344462470022094,1.7055422274481202e-05,517281.8417223047,246.05402710461576,64.10336783101633
GR0000000088,2022,8,1206020.0,453897.0,242497.0,1702866.0,762169.0,130300.0,584197.0,1876028.0,Technology and Innovation,M,Compliant,TR-BA24A15F,GR0000000088,2023-06-22,On-time,Agent-prepared,1876028.0,1291831.0,584197.0,135416.34,22279.69,113136.65,Paid,GR0000000088,750412.0,656609.0,469007.0,749686.0,288340.0,115336.0,180099.0,276807.0,-96708.0,4,1876028.0,1153362.0,1.536971332433828,40.000042643286776,100,100.0,31.140100254367205,19.366181271043843,23.179910201524486,3.813728930480643,12.926086391034675,234503.5,16.45273384290256,0.0,279554.3530124256,214.5467022351693,51.55992437936353
GR0000000088,2023,7,1081044.0,480254.0,223555.0,1340731.0,547929.0,132283.0,612537.0,1683143.0,Technology and Innovation,M,Compliant,TR-4DD18D33,GR0000000088,2024-06-20,On-time,Agent-prepared,1683143.0,1070606.0,612537.0,141985.53,27837.24,114148.3,Paid,GR0000000088,673258.0,589099.0,420785.0,657712.0,252966.0,101186.0,161582.0,242847.0,-81265.0,4,1683142.0,1011864.0,1.50293349506752,40.00007129523237,100,99.9997371839966,36.39245150293231,18.635331416714422,23.17991076457422,4.5445793478597984,13.281996835681817,240449.0,19.6056879880647,5.941269363152202e-05,250585.03452578373,189.43101874449758,43.338384006571424
GR0000000088,2024,7,1687546.0,533971.0,302160.0,1966622.0,750701.0,151838.0,685808.0,2535414.0,Technology and Innovation,M,Compliant,TR-31BA7EBC,GR0000000088,2025-06-10,On-time,Agent-prepared,2535414.0,1849606.0,685808.0,158969.68,26992.2,131977.48,Paid,GR0000000088,1014165.0,887394.0,633854.0,983482.0,378263.0,151305.0,243400.0,363132.0,-119732.0,4,2535413.0,1513050.0,1.4919145439605588,39.9999921117388,100,99.9996363015872,27.049152524991975,19.24408580827287,23.17991041224366,3.93582460397079,11.917580324160078,362202.0,16.979464260102933,3.944130602118179e-05,391171.65096540144,257.6243436856396,59.360633724947355
GR0000000089,2022,88,6450925.0,2096259.0,2870529.0,11624227.0,6915624.0,625587.0,2721846.0,19657550.0,Manufacturing,L,Compliant,TR-9CE24645,GR0000000089,2023-06-11,On-time,Agent-prepared,19657550.0,16935704.0,2721846.0,512003.91,110297.88,401706.03,Paid,GR0000000089,11794529.0,4914388.0,2948632.0,9074077.0,3490030.0,1396012.0,2830688.0,3350430.0,-519741.0,4,19657549.0,13960119.0,1.1836097796719385,59.99999796515832,100,99.9999925318522,13.846313502954336,14.758587737880834,18.810906642036322,4.052318904155488,14.602679377643705,223381.25,21.54239017432504,5.087104204548609e-06,1213477.4792977816,193.97421610388028,57.80688815945
GR0000000089,2023,102,6436479.0,1570944.0,3486380.0,20468635.0,10126502.0,580464.0,2151408.0,23096652.0,Manufacturing,L,Compliant,TR-48A66063,GR0000000089,2024-06-22,On-time,Agent-prepared,23096652.0,20945244.0,2151408.0,404699.35,78341.55,326357.81,Paid,GR0000000089,13857992.0,5774163.0,3464497.0,10560601.0,4061769.0,1624708.0,3325918.0,3899299.0,-573382.0,4,23096652.0,16247078.0,1.1723978161818782,60.000003463705475,100,100.0,9.314804587262259,15.169498765459643,18.810906624870782,3.6414078594111388,15.094741869947212,226437.76470588235,19.357962892700474,0.0,1210760.0546194166,208.5848656625418,66.57476859630863
GR0000000089,2024,120,11297875.0,3196445.0,3503166.0,26904405.0,12922998.0,1173736.0,4370181.0,34525025.0,Manufacturing,L,Compliant,TR-EFC471E3,GR0000000089,2025-06-23,On-time,Agent-prepared,34525025.0,30154844.0,4370181.0,822070.67,174876.68,647193.99,Paid,GR0000000089,20715015.0,8631257.0,5178753.0,15828630.0,6087935.0,2435174.0,4971603.0,5844418.0,-872814.0,4,34525025.0,24351739.0,1.1755600758950382,60.0,100,100.0,12.658009661108139,14.809317737640615,18.81090668784657,4.001588950205953,10.14674428186511,287708.5416666667,21.272706396397766,0.0,2125232.7239595456,181.06565053466414,61.318557693371545
GR0000000090,2022,190,15284460.0,4062722.0,5970994.0,18113169.0,9767306.0,1383324.0,5446046.0,50861168.0,Consumer Goods and Retail,L,Compliant,TR-B2C3AAD9,GR0000000090,2023-06-16,On-time,Self-prepared,50861168.0,45415122.0,5446046.0,1091208.14,158578.59,932629.56,Paid,GR0000000090,40688934.0,7629175.0,2543058.0,22513981.0,8659224.0,3463689.0,9765345.0,8312854.0,1452489.0,4,50861167.0,34636894.0,0.851260656945556,80.00000078645463,100,100.0,10.707669945762945,17.124893179381885,20.03670442739558,2.911811248013695,11.739789381164034,267690.35789473687,14.53238701096933,1.966136564668375e-06,3062502.0735235065,221.38718575861526,64.3687379207378
GR0000000090,2023,178,10125694.0,2075106.0,4605482.0,17391708.0,9887199.0,705367.0,2780473.0,33293529.0,Consumer Goods and Retail,L,Compliant,TR-DBCF29C0,GR0000000090,2024-06-22,On-time,Self-prepared,33293529.0,30513056.0,2780473.0,557115.16,90102.68,467012.47,Paid,GR0000000090,26634824.0,4994029.0,1664675.0,14830196.0,5703921.0,2281570.0,6392358.0,5475765.0,916593.0,4,33293528.0,22815687.0,0.8566111284755954,80.00000480573883,100,99.99996603077899,8.3513916473078,16.79615194968626,20.036704546312805,3.2405525966265465,13.832964357728494,187042.29775280898,16.173079906854444,3.003586757088783e-06,2028855.390043723,287.6311749831964,72.54042043932989
GR0000000090,2024,184,14022970.0,3023221.0,5867696.0,14620057.0,7411011.0,700851.0,3724072.0,39117975.0,Consumer Goods and Retail,L,Compliant,TR-99F147D4,GR0000000090,2025-06-14,On-time,Agent-prepared,39117975.0,35393903.0,3724072.0,746181.3,118689.24,627492.06,Paid,GR0000000090,31294380.0,5867697.0,1955899.0,17659989.0,6792303.0,2716922.0,7510652.0,6520612.0,990040.0,4,39117976.0,27169214.0,0.8681818835435325,79.99999795490442,100,73.84212217716414,9.520104248750096,16.849622134051113,20.036704446100938,3.1870823120498244,14.999999360907612,212597.6902173913,15.906220110313674,2.556369482764609e-06,2809741.053465401,400.90419411050294,73.44305806829794
GR0000000091,2022,21,517829.0,204954.0,605943.0,4109711.0,2740605.0,77959.0,282913.0,2423772.0,Energy,S,Compliant,TR-B45F38D0,GR0000000091,2023-06-23,On-time,Self-prepared,2423772.0,2140859.0,282913.0,64131.18,6490.74,57640.44,Paid,GR0000000091,1939017.0,363566.0,121189.0,1185069.0,455796.0,182318.0,465365.0,437563.0,27800.0,4,2423772.0,1823183.0,0.9402576472231474,79.99997524519632,100,99.99948502137863,11.672426284320473,20.373910000600894,22.668163004174428,2.294253003573534,25.0,115417.71428571429,10.121036288432553,0.0,117382.32180288639,150.56930155964852,45.36555503843933
GR0000000091,2023,21,354708.0,112193.0,548153.0,4111256.0,2691045.0,31675.0,143868.0,2192611.0,Energy,S,Compliant,TR-89701E8D,GR0000000091,2024-06-16,On-time,Agent-prepared,2192611.0,2048743.0,143868.0,32612.23,4071.79,28540.45,Paid,GR0000000091,1754088.0,328892.0,109631.0,1048957.0,403445.0,161378.0,420982.0,387307.0,33673.0,4,2192611.0,1613780.0,0.9200084564185642,79.99996351381982,100,99.99927668373961,6.561492211796803,19.83794172435844,22.668161092112214,2.8302193677537737,25.000011401931303,104410.04761904762,12.485469408255737,0.0,80405.7808466094,253.8461905181039,59.44044115159512
GR0000000091,2024,22,340411.0,106273.0,519387.0,3407763.0,1964787.0,40035.0,146307.0,2077549.0,Energy,S,Compliant,TR-CCD5406B,GR0000000091,2025-06-21,On-time,Agent-prepared,2077549.0,1931242.0,146307.0,33165.11,4169.24,28995.87,Paid,GR0000000091,1662039.0,311632.0,103877.0,1011044.0,388863.0,155546.0,398890.0,373310.0,25581.0,4,2077548.0,1555453.0,0.9358720449246659,80.00002888019915,100,100.0,7.042288773935056,19.818511759519367,22.668163519175433,2.8496517596560658,24.999987966589476,94434.04545454546,12.571162887745585,4.8133665253580205e-05,77164.92211726028,192.74365459537975,57.02048406191339
GR0000000092,2022,44,9658324.0,3848272.0,2059260.0,77683112.0,63911129.0,1083026.0,4931298.0,22026560.0,Financial Services,M,Compliant,TR-E542DAAE,GR0000000092,2023-06-14,On-time,Agent-prepared,22026560.0,17095262.0,4931298.0,1152363.32,100885.48,1051477.84,Paid,GR0000000092,15418592.0,5506640.0,1101329.0,5421739.0,2085284.0,834113.0,3700462.0,2001873.0,1698589.0,4,22026561.0,8341136.0,0.5409792074611224,69.99999682201864,100,100.0,22.38796253250621,21.322536987219188,23.368356972139996,2.045819984920808,9.348985951505819,500603.63636363635,8.754659077486082,4.539973352812865e-06,2256991.62984587,208.39680948064685,48.9425080376264
GR0000000092,2023,48,14294926.0,5785654.0,2122422.0,159579303.0,128292462.0,1689576.0,7475230.0,24994202.0,Financial Services,M,Compliant,TR-8C571B29,GR0000000092,2024-06-23,On-time,Agent-prepared,24994202.0,17518972.0,7475230.0,1746838.43,147726.12,1599112.3,Paid,GR0000000092,17495942.0,6248550.0,1249710.0,6499914.0,2499967.0,999987.0,4199026.0,2399968.0,1799057.0,4,24994202.0,9999868.0,0.5715534983589051,70.00000240055674,100,88.57354458472685,29.907856230016865,21.39214846901032,23.368356960254065,1.9762084912437459,8.49165738518077,520712.5416666667,8.456770669969746,0.0,3340489.334884168,197.7116942288579,47.707109501651146
GR0000000092,2024,43,7953611.0,3317714.0,1678608.0,83029785.0,70390774.0,1271597.0,4589311.0,15378039.0,Financial Services,M,Compliant,TR-A9C076E5,GR0000000092,2025-06-16,On-time,Agent-prepared,15378039.0,10788728.0,4589311.0,1072446.57,113445.17,959001.4,Paid,GR0000000092,10764626.0,3844510.0,768902.0,4259756.0,1638367.0,655347.0,2583511.0,1572832.0,1010679.0,4,15378038.0,6553470.0,0.6087963240721638,69.99999609833192,100,99.99997969213686,29.843278457025633,20.896413426764934,23.368356818703287,2.4719433919383533,10.915618044667463,357628.81395348837,10.578165213396131,6.502780136585784e-06,1858628.1984516347,146.16487758713134,42.29902619074531
GR0000000093,2022,13,243339.0,55708.0,200476.0,1199804.0,634065.0,23170.0,78877.0,1192582.0,Agriculture and Food Production,S,Compliant,TR-8308A6C2,GR0000000093,2023-06-16,On-time,Agent-prepared,1192582.0,1113705.0,78877.0,23109.97,2530.34,20579.63,Paid,GR0000000093,775178.0,298146.0,119259.0,586535.0,225590.0,90236.0,186042.0,216567.0,-30525.0,4,1192583.0,902361.0,1.1640758538394556,64.99992034097417,100,100.0,6.613968683075881,26.090786921409283,29.298743613474144,3.2079566920648617,16.810248687302003,91737.07692307692,10.94912715161465,8.385160613633147e-05,71295.26972159185,307.7050915908151,67.58554937761724
GR0000000093,2023,12,142817.0,38926.0,224596.0,1027025.0,527877.0,14885.0,53812.0,898384.0,Agriculture and Food Production,S,Compliant,TR-E2668B17,GR0000000093,2024-06-14,On-time,Agent-prepared,898384.0,844572.0,53812.0,15766.24,1580.68,14185.56,Paid,GR0000000093,583949.0,224595.0,89838.0,440227.0,169318.0,67728.0,140147.0,162546.0,-22398.0,4,898382.0,677273.0,1.1598250408499646,65.00007791785677,100,100.0,5.989866248731055,26.361332044897047,29.29874377462276,2.9374117297257136,25.0,74865.33333333333,10.025725854737718,0.00022262244792070618,41843.58689660299,281.11244136112185,62.32101220442945
GR0000000093,2024,11,85011.0,20147.0,140786.0,456254.0,228518.0,6014.0,26160.0,563143.0,Agriculture and Food Production,S,Compliant,TR-C31B778C,GR0000000093,2025-08-17,Extended,Self-prepared,563143.0,534985.85,28157.15,8249.69,873.29,7376.4,Paid,GR0000000093,366043.0,140786.0,56315.0,278764.0,107216.0,42887.0,87851.0,102928.0,-15078.0,4,563144.0,428867.0,1.1716201295375124,64.99989345531516,80,99.99457730058023,5.0,28.19724770642202,29.29873939656535,1.1014916901433303,25.000044393697518,51194.818181818184,10.585731100198915,0.00017757447473565335,24907.15134841417,414.1528325309972,69.22751173377563
GR0000000094,2022,2,30944.0,7975.0,48663.0,171435.0,93313.0,3049.0,11023.0,203607.0,Manufacturing,S,Compliant,TR-CF457B8A,GR0000000094,2023-06-15,On-time,Agent-prepared,203607.0,192584.0,11023.0,2907.25,302.51,2604.75,Paid,GR0000000094,122164.0,50902.0,30541.0,105706.0,40657.0,16261.0,29319.0,39030.0,-9710.0,4,203607.0,162624.0,1.3312186636652001,59.99990177155009,100,100.0,5.413861016566228,23.63013698630137,26.374398983942665,2.7442619976412956,23.900455288865313,101803.5,10.405365895605813,0.0,8161.294021591219,267.6711715838379,64.37758531540848
GR0000000094,2023,1,33248.0,7675.0,22851.0,153311.0,97579.0,2734.0,10409.0,160998.0,Manufacturing,S,Compliant,TR-0E61F3EB,GR0000000094,2024-06-15,On-time,Agent-prepared,160998.0,150589.0,10409.0,2745.31,255.08,2490.23,Paid,GR0000000094,96599.0,40250.0,24150.0,82958.0,31907.0,12763.0,23183.0,30631.0,-7447.0,4,160999.0,127628.0,1.3212698960445153,59.99975155125187,100,99.99076390534208,6.46529770556156,23.923815928523393,26.37438754923624,2.4505716207128465,14.19334401669586,160998.0,9.291482564810533,0.0006211218703255916,8768.956372370065,320.7372484407485,68.69285370548604
GR0000000094,2024,1,28242.0,8642.0,22003.0,146313.0,81176.0,2466.0,11108.0,129539.0,Manufacturing,S,Compliant,TR-81FC71B2,GR0000000094,2025-06-18,On-time,Agent-prepared,129539.0,118431.0,11108.0,2929.67,337.25,2592.41,Paid,GR0000000094,77723.0,32384.0,19431.0,67901.0,26115.0,10446.0,18654.0,25071.0,-6418.0,4,129538.0,104462.0,1.3440012865873272,60.00015439484939,100,99.98418460042973,8.575023738024843,23.338224702916815,26.374414836154124,3.0361901332373087,16.98561823080308,129539.0,11.511535428904962,0.0007719742469491919,7448.662238026648,302.0544297658819,60.668507896041355
GR0000000095,2022,29,639975.0,122706.0,647772.0,2905600.0,2067659.0,47986.0,170693.0,3058378.0,Automotive,S,Compliant,TR-AA44CA9C,GR0000000095,2023-06-15,On-time,Agent-prepared,3058378.0,2887685.0,170693.0,47932.8,4033.69,43899.11,Paid,GR0000000095,2140866.0,611676.0,305838.0,1583912.0,609197.0,243680.0,513807.0,584829.0,-71021.0,4,3058380.0,2436789.0,1.1382269996321577,70.0,100,99.99974942544392,5.581160994487928,25.718166532898245,28.081292144376164,2.363125611477919,21.180246522830075,105461.31034482758,8.415302256492422,6.539409752592817e-05,179713.24940097134,374.5118355373887,73.32817688190944
GR0000000095,2023,31,312758.0,82113.0,520837.0,1768856.0,1129209.0,27475.0,109588.0,1736124.0,Automotive,S,Compliant,TR-CE0FA20F,GR0000000095,2024-06-14,On-time,Agent-prepared,1736124.0,1626536.0,109588.0,30773.73,3051.51,27722.22,Paid,GR0000000095,1215287.0,347225.0,173612.0,887254.0,341251.0,136501.0,291669.0,327601.0,-35932.0,4,1736124.0,1365006.0,1.1231944430158844,70.00001151991448,100,99.99920641276204,6.312221938064331,25.29676606927766,28.08129539730627,2.7845293280286114,29.999988480085527,56004.0,9.915957539108845,0.0,87826.49785870715,319.65968283423894,64.96076838961753
GR0000000095,2024,35,640646.0,137923.0,706358.0,3431897.0,2296059.0,47176.0,185099.0,4086942.0,Automotive,S,Compliant,TR-2AE16DA4,GR0000000095,2025-06-23,On-time,Agent-prepared,4086942.0,3882594.9,204347.1,57383.31,5072.0,52311.31,Paid,GR0000000095,2860860.0,817389.0,408694.0,2199401.0,845923.0,338370.0,686605.0,812087.0,-125482.0,4,4086943.0,3383694.0,1.1827571893592386,69.99999755318339,100,99.99940739392686,5.0,28.261260190492653,28.081294033534114,-0.1799661569585389,17.283289070410103,116769.77142857143,8.838806963209338,2.4468166059943286e-05,179901.68697407498,381.341544374417,71.10744467303316
GR0000000096,2022,15,202806.0,54300.0,279308.0,708729.0,472926.0,23111.0,77411.0,931027.0,Automotive,S,Compliant,TR-1B2B3C3A,GR0000000096,2023-06-20,On-time,Agent-prepared,931027.0,853616.0,77411.0,19325.47,1723.39,17602.07,Paid,GR0000000096,651719.0,186205.0,93103.0,502495.0,193268.0,77307.0,156413.0,185537.0,-29125.0,4,931027.0,773070.0,1.186199356830954,70.00001074082707,100,99.99960231949993,8.3145816394154,22.73846094224335,24.964759530299315,2.2262985880559647,29.99998925917293,62068.46666666667,8.917713256132968,0.0,50630.03021301883,219.0732993510399,61.830024752719346
GR0000000096,2023,15,200561.0,54031.0,308096.0,868828.0,515981.0,15767.0,69799.0,1333788.0,Automotive,S,Compliant,TR-ED0C1703,GR0000000096,2024-06-23,On-time,Agent-prepared,1333788.0,1263989.0,69799.0,17425.15,1696.2,15728.95,Paid,GR0000000096,933652.0,266757.0,133379.0,682616.0,262545.0,105018.0,224077.0,252043.0,-27967.0,4,1333788.0,1050179.0,1.1248053124595563,70.00002998977348,100,100.0,5.23314049908981,22.534635166692933,24.964755942062208,2.430120775369275,23.099323130812394,88919.2,9.73420601831261,0.0,50069.56416495939,317.559232352124,65.1981192754324
GR0000000096,2024,13,170207.0,43147.0,230130.0,652562.0,474462.0,13956.0,57103.0,767101.0,Automotive,S,Compliant,TR-38E40574,GR0000000096,2025-06-15,On-time,Agent-prepared,767101.0,709998.0,57103.0,14255.62,1249.55,13006.07,Paid,GR0000000096,536970.0,153420.0,76710.0,392091.0,150804.0,60321.0,128873.0,144773.0,-15899.0,4,767100.0,603216.0,1.1233772784058724,70.0,100,99.99946178976433,7.444000203363051,22.77650911510779,24.96474791166839,2.1882387965606007,29.999960891720907,59007.769230769234,8.765315012605553,0.00013036110024788883,42491.74847801342,304.46939293503453,66.45085102257839
GR0000000097,2022,3,69081.0,19006.0,70457.0,203180.0,137461.0,5353.0,24359.0,357786.0,Automotive,M,Compliant,TR-1BD52F6A,GR0000000097,2023-06-12,On-time,Agent-prepared,357786.0,333427.0,24359.0,5250.9,729.01,4521.89,Partial,GR0000000097,250451.0,71557.0,35779.0,177818.0,68392.0,27357.0,60108.0,65656.0,-5548.0,4,357787.0,273567.0,1.09230052572037,70.00002794959012,100,94.96029315175734,6.808259685957528,18.563528880495916,21.556303624943553,2.9927747444476367,19.692497750051707,119262.0,13.88352472909406,0.00027949590118980794,14891.310107147254,278.18625270217177,64.73849538947033
GR0000000097,2023,3,125696.0,27473.0,85143.0,350918.0,187210.0,9816.0,37289.0,574448.0,Automotive,M,Compliant,TR-9530CFDE,GR0000000097,2024-06-15,On-time,Self-prepared,574448.0,537159.0,37289.0,8038.13,1203.13,6835.0,Paid,GR0000000097,402113.0,114890.0,57445.0,281872.0,108412.0,43365.0,96507.0,104076.0,-7568.0,4,574448.0,433649.0,1.0784295439709037,69.99989555190375,100,100.0,6.491275102359134,18.32980235458178,21.556303467510528,3.226501112928748,14.821707099685263,191482.66666666666,14.967784795717412,0.0,27095.411206522036,276.0331215008357,70.33398039714868
GR0000000097,2024,3,94494.0,21886.0,74191.0,413878.0,228008.0,5539.0,27425.0,501357.0,Automotive,M,Compliant,TR-FB7027D5,GR0000000097,2025-06-25,On-time,Agent-prepared,501357.0,473932.0,27425.0,5911.81,796.44,5115.37,Paid,GR0000000097,350950.0,100273.0,50136.0,233699.0,89884.0,35954.0,84228.0,86289.0,-2060.0,4,501359.0,359537.0,1.0244692976207437,69.99974070476445,100,99.99276689662723,5.470154002038467,18.652215132178668,21.556280765724704,2.904065633546036,14.798038124530025,167119.0,13.472016184552615,0.00039891574700190446,20369.391946763903,367.74493494789493,70.97699324824856
GR0000000098,2022,5,212821.0,64701.0,134817.0,678164.0,503164.0,10225.0,74926.0,739536.0,Manufacturing,S,Non-Compliant,TR-6FD58B22,GR0000000098,2023-06-30,On-time,Self-prepared,540739.4,535332.01,5407.39,1343.8,175.77,1168.03,Paid,GR0000000098,295241.0,166931.0,102711.0,353073.0,123798.0,45543.0,70858.0,153040.0,-82182.0,4,564883.0,522414.0,2.1598125829123034,52.26586744511695,60,0.0,0.9999992602721384,1.5589114593065156,24.8511758907717,23.292264431465185,18.229944181216332,147907.2,13.080071439202262,4.274088616580773,52888.52104249923,517.2471495598946,64.79388782122065
GR0000000098,2023,3,101563.0,25228.0,85865.0,289793.0,223303.0,4853.0,30082.0,378281.0,Manufacturing,S,Non-Compliant,TR-97B3E617,GR0000000098,2024-06-30,On-time,Self-prepared,335702.15,332345.13,3357.02,834.26,106.26,728.0,Paid,GR0000000098,154867.0,84240.0,53246.0,184037.0,64715.0,23862.0,37168.0,78538.0,-41370.0,4,292353.0,272614.0,2.1130542402066292,52.97260503569316,60,0.0,0.999999553175337,2.4200518582541055,24.85120732077855,22.431155462524444,22.69873453861019,126093.66666666667,12.737036415505958,14.827674078938834,25239.631691202318,520.0830762662748,70.38094581688213
GR0000000098,2024,3,67090.0,16291.0,63041.0,433593.0,226489.0,5015.0,21305.0,328507.0,Manufacturing,S,Non-Compliant,TR-480A769F,GR0000000098,2025-06-29,On-time,Agent-prepared,257875.23,255296.48,2578.75,640.85,81.68,559.17,Unpaid,GR0000000098,127530.0,73420.0,46382.0,145138.0,52553.0,19900.0,30608.0,63254.0,-32647.0,4,247332.0,217591.0,2.0665838996340824,51.562272572897974,40,0.0,0.9999991080958026,2.6245951654541186,24.851187590887058,22.22659242543294,19.190154243288575,109502.33333333333,12.745572286806587,4.262784435495615,16672.661754726127,332.4558674920464,68.24414964972425
GR0000000099,2022,8,531290.0,193303.0,263033.0,6245437.0,5013371.0,79139.0,272442.0,1357700.0,Financial Services,S,Compliant,TR-FEB21794,GR0000000099,2023-06-14,On-time,Self-prepared,1357700.0,1085258.0,272442.0,68742.09,4198.73,64543.36,Paid,GR0000000099,950390.0,339425.0,67884.0,384008.0,147695.0,59079.0,228093.0,141787.0,86306.0,4,1357699.0,590782.0,0.6216192517964164,70.00005155781952,100,98.45451117591749,20.066435884215952,23.690679117023073,25.23182548946198,1.5411463724389058,19.37342564631362,169712.5,6.107946383358434,7.365402787673503e-05,134054.16564296256,169.39077527257427,48.72066103258108
GR0000000099,2023,8,959629.0,423519.0,297793.0,7371619.0,5666374.0,131829.0,555347.0,1972009.0,Financial Services,S,Compliant,TR-1FBA53B7,GR0000000099,2024-06-22,On-time,Agent-prepared,1972009.0,1416662.0,555347.0,140124.18,9188.16,130936.03,Paid,GR0000000099,1380406.0,493001.0,98601.0,592616.0,227930.0,91171.0,331298.0,218813.0,112485.0,4,1972008.0,911717.0,0.6604718410615217,70.00002028389338,100,99.99998767567453,28.161484050022086,23.577336332059055,25.231824426889855,1.6544880948307998,15.100995989369217,246501.125,6.55715523188075,5.070973343457297e-05,242131.90442951885,183.67119862057578,42.12898943237439
GR0000000099,2024,8,761547.0,366878.0,299894.0,9076969.0,7042908.0,128087.0,494965.0,1816125.0,Financial Services,S,Compliant,TR-2DC92175,GR0000000099,2025-06-18,On-time,Agent-prepared,1816125.0,1321160.0,494965.0,124888.7,7867.46,117021.24,Paid,GR0000000099,1271287.0,454032.0,90806.0,547519.0,210585.0,84234.0,305108.0,202162.0,102948.0,4,1816125.0,842338.0,0.662591606906407,69.9999724688554,100,88.82651047028212,27.253905981141163,23.642326225086624,25.23182447243744,1.589498247350818,16.512850161745472,227015.625,6.299577143488562,0.0,192152.20231511316,150.01694341745312,35.0053246877737
GR0000000100,2022,4,360186.0,166595.0,121910.0,3728139.0,2708812.0,61863.0,228458.0,977112.0,Financial Services,S,Compliant,TR-032D25C4,GR0000000100,2023-06-18,On-time,Agent-prepared,977112.0,748654.0,228458.0,52923.1,2970.57,49952.54,Paid,GR0000000100,683978.0,244278.0,48856.0,278911.0,107273.0,42910.0,164155.0,102983.0,61173.0,4,977112.0,429094.0,0.6273521976181048,69.99995906303475,100,99.7322487701747,23.38094302393175,21.865086799324164,23.16535205595777,1.3002652566336046,12.47656358738814,244278.0,5.612993192008783,0.0,83438.35495627204,134.87602437041858,36.57221546645344
GR0000000100,2023,4,473125.0,185739.0,148960.0,5213421.0,3844663.0,53468.0,239207.0,972881.0,Financial Services,S,Compliant,TR-21C05FBC,GR0000000100,2024-06-18,On-time,Agent-prepared,972881.0,733674.0,239207.0,55413.15,3233.44,52179.7,Paid,GR0000000100,681017.0,243221.0,48644.0,269790.0,103766.0,41507.0,163444.0,99615.0,63830.0,4,972882.0,415063.0,0.6094748048261178,69.99995888504465,100,100.0,24.587488089499125,21.813617494471316,23.16535469279745,1.3517371983261341,15.311225113862847,243220.25,5.835149238041873,0.00010278738840074908,109601.08439029792,204.9844475018664,49.441056803170405
GR0000000100,2024,4,283518.0,107794.0,139983.0,5061639.0,3788663.0,46030.0,153824.0,804880.0,Financial Services,S,Compliant,TR-38A72E62,GR0000000100,2025-06-10,On-time,Agent-prepared,804880.0,651056.0,153824.0,35633.87,2436.38,33197.49,Paid,GR0000000100,563416.0,201220.0,40243.0,238363.0,91679.0,36671.0,135220.0,88012.0,47208.0,4,804879.0,366713.0,0.6508800473302766,70.0000869695942,100,99.99939058887647,19.1114203359507,21.58147623257749,23.16535131058873,1.5838750780112392,17.391785110823974,201220.0,6.837259045958241,0.00012424227742169336,65677.94072875495,142.6850765343362,45.74453826564804
GR0000000101,2022,1,55235.0,11749.0,20738.0,281186.0,168958.0,1812.0,13561.0,285806.0,Logistics and Transportation,S,Non-Compliant,TR-219F6579,GR0000000101,2023-06-28,On-time,Self-prepared,228655.22,226368.67,2286.55,609.35,62.65,546.7,Unpaid,GR0000000101,114672.0,75879.0,40539.0,130993.0,44865.0,16803.0,27522.0,55582.0,-28060.0,4,231090.0,192661.0,2.019547997965264,49.62222510710113,60,0.0,0.9999990378527113,4.031413612565445,26.649318842798102,22.617905230232658,7.255970833362491,285806.0,10.2814474439977,1.0536068198537363,14719.751262819533,812.3483036876122,75.44853806463293
GR0000000101,2023,1,14545.0,2950.0,19739.0,54044.0,50906.0,782.0,3732.0,58758.0,Logistics and Transportation,S,Non-Compliant,TR-A79A3B47,GR0000000101,2024-06-29,On-time,Self-prepared,50474.7,49969.95,504.75,134.51,13.81,120.7,Paid,GR0000000101,22515.0,15745.0,8249.0,26243.0,9349.0,3415.0,5403.0,11178.0,-5775.0,4,46509.0,39007.0,2.0688506385341476,48.409985164161775,40,0.0,1.0000059435717301,3.2341907824222935,26.648836057454183,23.41464527503189,33.593723407876375,58758.0,10.266894654672516,8.526736760626964,3876.073204556711,495.6615351095539,74.34169817806806
GR0000000101,2024,1,36578.0,9390.0,21923.0,138341.0,77085.0,2053.0,11443.0,125875.0,Logistics and Transportation,S,Non-Compliant,TR-D7D530DB,GR0000000101,2025-06-26,On-time,Self-prepared,98851.87,97863.35,988.52,263.43,28.04,235.39,Paid,GR0000000101,46228.0,33775.0,18107.0,52997.0,18771.0,6835.0,11095.0,22834.0,-11738.0,4,98110.0,78603.0,2.058044164037855,47.11854041382122,60,0.0,1.0000013150990468,2.057065454863235,26.64892971310646,24.591864258243227,17.41648460774578,125875.0,10.644193903503776,0.7561614514320691,9747.645510460081,474.8000735733113,68.71616818852863
GR0000000102,2022,19,1646367.0,668005.0,714961.0,15816473.0,12031327.0,281632.0,949637.0,3992422.0,Financial Services,S,Compliant,TR-F3521351,GR0000000102,2023-06-15,On-time,Agent-prepared,3992422.0,3042785.0,949637.0,220176.85,15806.6,204370.24,Paid,GR0000000102,2794695.0,998105.0,199620.0,1115436.0,429013.0,171605.0,670727.0,411853.0,258874.0,4,3992420.0,1716054.0,0.6140396912603787,70.00002504746494,100,98.928806972322,23.785987553419954,21.520880083653015,23.185369778136277,1.6644896944832617,17.907951614333353,210127.47368421053,7.179047206824878,5.0094929893163e-05,381716.2768552089,135.537253172654,42.31923987786441
GR0000000102,2023,20,1880196.0,732686.0,632285.0,19783197.0,15265878.0,218037.0,950723.0,3851121.0,Financial Services,S,Compliant,TR-1BAC8FD8,GR0000000102,2024-06-16,On-time,Agent-prepared,3851121.0,2900398.0,950723.0,220428.64,14304.58,206124.06,Paid,GR0000000102,2695785.0,962780.0,192556.0,1104030.0,424627.0,169850.0,646988.0,407642.0,239347.0,4,3851121.0,1698507.0,0.6300611448744026,70.0000077899396,100,99.99998653111159,24.686915835674856,21.680769267178768,23.185369450407745,1.5046001832289768,16.418206542978005,192556.05,6.489438033097696,0.0,435930.3889917884,199.93413456972365,49.43489934028155
GR0000000102,2024,18,1826052.0,860222.0,588424.0,31786096.0,25548886.0,266847.0,1127069.0,4295613.0,Financial Services,S,Compliant,TR-55B10320,GR0000000102,2025-06-21,On-time,Agent-prepared,4295613.0,3168544.0,1127069.0,261315.11,16618.48,244696.63,Partial,GR0000000102,3006928.0,1073903.0,214780.0,1257208.0,483541.0,193416.0,721663.0,464200.0,257463.0,4,4295611.0,1934165.0,0.6432365245273763,70.00000698387261,100,97.12090954025913,26.237675507546886,21.7108828297114,23.185369307469195,1.474486477757793,13.69825447497249,238645.16666666666,6.35955571034526,4.655915073481509e-05,423376.8999464274,158.6590443012016,38.27837323362095
GR0000000103,2022,4,49160.0,8468.0,79591.0,300475.0,206183.0,3454.0,11922.0,177818.0,Tourism and Hospitality,S,Compliant,TR-B7BBDB98,GR0000000103,2023-06-10,On-time,Agent-prepared,177818.0,165896.0,11922.0,3556.62,294.37,3262.25,Paid,GR0000000103,106691.0,53345.0,17781.0,64656.0,24868.0,9947.0,25606.0,23874.0,1732.0,4,177817.0,99471.0,0.9323596032179958,60.00044990074065,100,99.99499424337989,6.704608082421353,27.363277973494384,29.83241066935078,2.469132695856395,44.75981059285337,44454.5,8.276678419398193,0.0005623759258055472,14665.613085052843,424.5979468747204,75.74857607811228
GR0000000103,2023,4,69409.0,12460.0,62380.0,438320.0,305526.0,4352.0,16812.0,190642.0,Tourism and Hospitality,S,Compliant,TR-91FC48A7,GR0000000103,2024-06-16,On-time,Agent-prepared,190642.0,173830.0,16812.0,5015.42,473.72,4541.7,Partial,GR0000000103,114385.0,57192.0,19065.0,71172.0,27374.0,10949.0,27453.0,26279.0,1173.0,4,190642.0,109495.0,0.957236003351182,59.999895091323005,100,96.97796909724046,8.818623388340448,27.014632405424692,29.832381632167497,2.817749226742805,32.72101635526275,47660.5,9.445270784899371,0.0,20706.35776707114,475.7894707507155,75.77835727355242
GR0000000103,2024,4,109953.0,16778.0,61965.0,527389.0,419306.0,5778.0,22555.0,288619.0,Tourism and Hospitality,S,Compliant,TR-6E0E33BE,GR0000000103,2025-06-10,On-time,Self-prepared,288619.0,266064.0,22555.0,6728.7,594.91,6133.79,Paid,GR0000000103,173171.0,86585.0,28862.0,99777.0,38376.0,15350.0,41561.0,36841.0,4721.0,4,288618.0,153503.0,0.8864319915305214,60.000069295747316,100,100.0,7.814800827388356,27.19481268011527,29.832409665262688,2.637596985147418,21.469480526230083,72154.75,8.84138095025785,0.0003464787365903277,32801.62939924628,567.6986742687138,79.4866897674461
GR0000000104,2022,81,1764638.0,514243.0,999503.0,2272099.0,1470418.0,170113.0,684357.0,5552793.0,Consumer Goods and Retail,M,Compliant,TR-3AA3AA88,GR0000000104,2023-06-13,On-time,Agent-prepared,5552793.0,4868436.0,684357.0,189427.88,21664.62,167763.26,Paid,GR0000000104,4442234.0,832919.0,277639.0,2787686.0,1072187.0,428875.0,1066135.0,1029300.0,36837.0,4,5552792.0,4288748.0,0.9654499664676612,80.00000720358335,100,99.99987292293763,12.324554507974636,24.513997811083982,27.679687648405732,3.16568983732175,18.000004682328335,68553.0,11.43686979973592,1.8008958369009065e-05,488446.2865250739,287.13048769057855,61.218278196434625
GR0000000104,2023,90,3463571.0,627443.0,2101396.0,4875193.0,3400174.0,183333.0,810775.0,11674420.0,Consumer Goods and Retail,M,Compliant,TR-A457AA0E,GR0000000104,2024-06-16,On-time,Agent-prepared,11674420.0,10863645.0,810775.0,224419.99,21321.46,203098.52,Partial,GR0000000104,9339536.0,1751162.0,583721.0,5703591.0,2193689.0,877475.0,2241489.0,2105942.0,135548.0,4,11674419.0,8774755.0,0.9395281440149829,80.00000685258941,100,97.14554279193537,6.9448846281014385,25.049923838302856,27.679687952884585,2.6297641145817288,18.000003426294413,129715.77777777778,9.500695548556081,8.565736764332144e-06,958705.6448266042,522.9313025077887,76.59135614658975
GR0000000104,2024,91,4087670.0,1220147.0,2035636.0,5919988.0,3901912.0,341480.0,1561627.0,14429782.0,Consumer Goods and Retail,M,Compliant,TR-C6A3076B,GR0000000104,2025-06-25,On-time,Agent-prepared,14429782.0,12868155.0,1561627.0,432253.47,43981.11,388272.36,Paid,GR0000000104,11543826.0,2164468.0,721489.0,6768888.0,2603419.0,1041368.0,2770517.0,2499281.0,271236.0,4,14429783.0,10413675.0,0.9020991388971805,79.99999722795555,100,99.43331120169576,10.822249428300442,24.863322675645335,27.679687274874215,2.81636459922888,14.107184710067,158569.03296703298,10.17484255244961,6.9301111405017934e-06,1131454.272828851,331.3383720360931,61.79664698960533
GR0000000105,2022,20,1100356.0,254553.0,607957.0,4650423.0,2752617.0,57530.0,312084.0,4787336.0,Manufacturing,M,Somewhat Compliant,TR-04698A2E,GR0000000105,2023-06-23,On-time,Self-prepared,4392794.13,4261010.31,131783.82,35614.31,6387.27,29227.04,Unpaid,GR0000000105,2566687.0,1127662.0,691845.0,2206578.0,822314.0,321603.0,616005.0,851404.0,-235399.0,4,4386194.0,3350495.0,1.3821381319956818,58.517407118791375,80,0.0,2.999999911218239,9.365119647274451,27.02479712608118,17.659677478806728,12.699275755869236,239366.8,17.93456057410631,0.15047510438435108,297368.97666466184,516.8937539799441,71.6379062776047
GR0000000105,2023,18,1927627.0,670171.0,560124.0,4796581.0,2444232.0,210918.0,881089.0,6553345.0,Manufacturing,M,Somewhat Compliant,TR-24A10D07,GR0000000105,2024-06-20,On-time,Self-prepared,6344494.46,6154159.62,190334.83,51437.6,9921.56,41516.04,Paid,GR0000000105,3611642.0,1512149.0,952538.0,3064984.0,1151271.0,455954.0,866794.0,1174665.0,-307872.0,4,6076329.0,4672209.0,1.3551835845656524,59.43789416274201,80,0.0,2.9999999401055506,4.711900840891215,27.02479624985086,22.312895408959644,8.547146533564156,364074.72222222225,19.28853601256668,4.413280781866824,520937.2692071126,246.985686004567,54.29152009180199
GR0000000105,2024,18,919596.0,283559.0,523849.0,2208649.0,1253668.0,73422.0,356981.0,2870332.0,Manufacturing,M,Somewhat Compliant,TR-D369C448,GR0000000105,2025-06-28,On-time,Agent-prepared,2682702.64,2602221.56,80481.08,21749.85,4031.84,17718.01,Paid,GR0000000105,1541578.0,674924.0,418644.0,1366500.0,517137.0,202526.0,369980.0,522016.0,-152038.0,4,2635146.0,2086163.0,1.410930320557868,58.500667515196504,80,99.99994356025312,3.0000000298206735,4.963292164008728,27.024798871983325,22.061506707974598,18.250467193342093,159462.88888888888,18.537323245907444,1.8047060770067347,248518.96943480376,338.4802503810898,61.18067064232554
GR0000000106,2022,23,6053626.0,2143408.0,887558.0,7618603.0,3851556.0,611254.0,2754662.0,8995266.0,Technology and Innovation,M,Compliant,TR-C3B9DC39,GR0000000106,2023-06-23,On-time,Agent-prepared,8995266.0,6240604.0,2754662.0,707547.88,117006.97,590540.91,Paid,GR0000000106,3598106.0,3148343.0,2248818.0,3484073.0,1340029.0,536012.0,863546.0,1286427.0,-422882.0,4,8995267.0,5360114.0,1.4897029226005332,39.99999110643409,100,100.0,30.623463497355164,21.437871869579645,25.685469941502802,4.247598071923157,9.86694556892481,391098.52173913043,16.536968494626823,1.1116957399082139e-05,1554902.2866009984,254.37907753585228,54.49566920718261
GR0000000106,2023,25,3833252.0,1119127.0,1032371.0,8344860.0,4247909.0,429312.0,1548439.0,7138564.0,Technology and Innovation,M,Compliant,TR-160BC6C9,GR0000000106,2024-06-18,On-time,Agent-prepared,7138564.0,5590125.0,1548439.0,397723.83,69861.46,327862.37,Partial,GR0000000106,2855426.0,2498497.0,1784640.0,2802443.0,1077862.0,431145.0,685303.0,1034749.0,-349447.0,4,7138563.0,4311450.0,1.5099145925233073,40.00001120673727,100,95.71912751072958,21.691183268791875,21.17373496792576,25.685469689151464,4.511734721225704,14.461886172064858,285542.56,17.565319131116684,1.4008421578282082e-05,984588.7805687923,229.3410807451905,59.605082055654044
GR0000000106,2024,29,4255615.0,1895284.0,1210519.0,6024199.0,2786187.0,641002.0,2536286.0,6348917.0,Technology and Innovation,M,Compliant,TR-F325881B,GR0000000106,2025-06-25,On-time,Agent-prepared,6348917.0,3812631.0,2536286.0,651456.98,119440.53,532016.45,Paid,GR0000000106,2539567.0,2222120.0,1587230.0,2461074.0,946567.0,378627.0,609496.0,908703.0,-299208.0,4,6348917.0,3786268.0,1.4909088820927454,40.000003150143556,100,0.0,39.94832504504311,20.97620102780207,25.685470014028382,4.709268986226313,19.06654316003816,218928.1724137931,18.33436952352556,0.0,1093074.714737494,170.52594449588207,40.40142259109435
GR0000000107,2022,33,1338361.0,449399.0,943022.0,4235474.0,2093997.0,150973.0,600373.0,3224115.0,Healthcare,S,Somewhat Compliant,TR-757252D4,GR0000000107,2023-08-20,Extended,Self-prepared,3124135.68,2688035.72,436099.96,104541.25,12474.31,92066.94,Partial,GR0000000107,2495975.0,306521.0,158153.0,1225224.0,449178.0,179115.0,599033.0,466633.0,132402.0,4,2960649.0,1853517.0,0.7789771181220401,84.30499528988408,60,31.881470995497196,13.959059550192135,15.334956768542224,23.971854984806694,8.63689821626447,29.249018722967392,97700.45454545454,11.93242858680186,5.5219879154874585,320829.9580932087,212.50816907209153,55.14117640905556
GR0000000107,2023,31,1033104.0,307439.0,678438.0,3680745.0,1815767.0,75587.0,383026.0,2146784.0,Healthcare,S,Somewhat Compliant,TR-B55F008E,GR0000000107,2024-06-21,On-time,Agent-prepared,1962147.39,1903282.96,58864.42,14110.89,1607.56,12503.33,Partial,GR0000000107,1593064.0,201539.0,105659.0,795356.0,293509.0,114582.0,382335.0,307087.0,75249.0,4,1900262.0,1203447.0,0.803188303451162,83.83391342877982,80,60.31178887215872,2.999999913360229,3.264355422347308,23.971849208741038,20.70749378639373,31.60252731527718,69251.09677419355,11.392335990146616,3.256676710895645,247654.133049472,327.6411724892799,62.924739426040354
GR0000000107,2024,30,1003309.0,324444.0,732578.0,2849951.0,1444259.0,113101.0,437545.0,2506981.0,Healthcare,S,Somewhat Compliant,TR-1BE02616,GR0000000107,2025-07-28,Late,Agent-prepared,2278259.03,2209911.26,68347.77,16384.23,1707.14,14677.09,Paid,GR0000000107,1903308.0,232015.0,122634.0,917519.0,343345.0,133758.0,456794.0,352611.0,104183.0,4,2257957.0,1394622.0,0.7719256382526916,84.29336785421512,60,87.65179296095098,2.999999960496152,3.3544184026785815,23.971857457821958,20.617439055143375,29.221521822462954,83566.03333333334,10.419409395497988,0.899132711561812,240511.8033414989,212.65223414602778,56.38980613151083
GR0000000108,2022,1,15855.0,5150.0,18051.0,58669.0,29460.0,1753.0,6903.0,64757.0,Manufacturing,S,Compliant,TR-CFABC8CE,GR0000000108,2023-06-11,On-time,Agent-prepared,64757.0,57854.0,6903.0,1590.74,154.93,1435.81,Paid,GR0000000108,38855.0,16189.0,9714.0,33523.0,12894.0,5157.0,9325.0,12378.0,-3052.0,4,64758.0,51574.0,1.3273994638069706,60.00030884215077,100,100.0,10.65985144463147,20.799797189627697,23.044183688251486,2.24438649862379,27.874978766774248,64757.0,9.73949231175428,0.001544210753878783,3653.655323772273,208.42300763104808,56.46168401135289
GR0000000108,2023,1,45981.0,14853.0,22753.0,229227.0,122340.0,5965.0,20818.0,189209.0,Manufacturing,S,Compliant,TR-14246BA4,GR0000000108,2024-06-13,On-time,Agent-prepared,189209.0,168391.0,20818.0,4797.33,454.9,4342.43,Paid,GR0000000108,113526.0,47302.0,28382.0,100667.0,38718.0,15487.0,27245.0,37169.0,-9924.0,4,189210.0,154872.0,1.3642503211598458,60.0,100,99.99009771026822,11.00264786558779,20.85901623594966,23.04414449034489,2.185128254395231,12.025326490811748,189209.0,9.48235789491238,0.0005285132921084568,10595.928078105484,177.63500550051106,54.72477762554099
GR0000000108,2024,1,18499.0,6901.0,20814.0,85235.0,58968.0,1954.0,8855.0,91782.0,Manufacturing,S,Compliant,TR-6C48822D,GR0000000108,2025-06-12,On-time,Agent-prepared,91782.0,82927.0,8855.0,2040.56,203.47,1837.09,Paid,GR0000000108,55069.0,22945.0,13768.0,47575.0,18298.0,7319.0,13216.0,17566.0,-4349.0,4,91782.0,73192.0,1.3291464891041163,59.999782092349264,100,99.99510094769445,9.64786123640801,20.746357989836252,23.044155844155846,2.297797854319594,22.67764921226384,91782.0,9.97128239306857,0.0,4262.93838961039,218.16470775897594,52.13254770528136
GR0000000109,2022,2,14340.0,4078.0,31879.0,73258.0,49748.0,1254.0,5332.0,79699.0,Logistics and Transportation,S,Compliant,TR-10BF5375,GR0000000109,2023-06-13,On-time,Agent-prepared,79699.0,74367.0,5332.0,1292.3,112.13,1180.17,Paid,GR0000000109,43834.0,23909.0,11956.0,36584.0,14071.0,5628.0,10520.0,13508.0,-2988.0,4,79699.0,56283.0,1.2840304182509505,54.999435375600704,100,99.985595295593,6.690171771289477,22.13372093023256,24.23668417104276,2.102963240810201,39.999247167467594,39849.5,8.676777837963321,0.0,3475.540510127532,277.15634052053684,62.81729428172943
GR0000000109,2023,1,23721.0,5645.0,17244.0,121880.0,86538.0,1983.0,7628.0,103142.0,Logistics and Transportation,S,Compliant,TR-BF5CC388,GR0000000109,2024-06-11,On-time,Agent-prepared,103142.0,95514.0,7628.0,1848.77,131.17,1717.6,Paid,GR0000000109,56728.0,30942.0,15472.0,45580.0,17531.0,7012.0,13614.0,16829.0,-3215.0,4,103142.0,70123.0,1.2361539591596886,54.9999030462857,100,100.0,7.395629326559501,22.517042475091767,24.236628211851073,1.7195857367593064,16.71869849333928,103142.0,7.094987478161155,0.0,5749.170578133193,289.9228733299644,67.84283967792251
GR0000000109,2024,1,14958.0,5290.0,20019.0,101003.0,65606.0,1620.0,6911.0,90519.0,Logistics and Transportation,S,Compliant,TR-B7B83C19,GR0000000109,2025-06-13,On-time,Agent-prepared,90519.0,83608.0,6911.0,1675.0,135.05,1539.95,Paid,GR0000000109,49785.0,27155.0,13578.0,42465.0,16332.0,6533.0,11949.0,15678.0,-3731.0,4,90518.0,65330.0,1.312076324378609,55.000110475264584,100,100.0,7.634861189363559,22.2825929677326,24.23672406308783,1.9541310953552298,22.11579889305008,90519.0,8.06268656716418,0.0011047526458751733,3625.3291853566775,223.78575218251098,53.79729910415831
GR0000000110,2022,1,106154.0,36827.0,35358.0,249764.0,111842.0,10088.0,46915.0,215165.0,Technology and Innovation,S,Somewhat Compliant,TR-7C93BC82,GR0000000110,2023-07-27,Extended,Self-prepared,207727.16,190093.24,17633.92,5197.44,708.79,4488.65,Paid,GR0000000110,75501.0,71696.0,52759.0,88774.0,33774.0,13157.0,18119.0,34331.0,-16211.0,4,199956.0,135705.0,1.8947513659694244,37.75880693752626,40,100.0,8.488981411963653,9.567622295641053,29.474104453235583,19.90648215759453,16.432970046243582,215165.0,13.637290666174117,3.886435015703449,31287.940841287702,310.1500876416307,55.80477419597942
GR0000000110,2023,1,188416.0,64178.0,35790.0,285832.0,167081.0,23723.0,87900.0,293040.0,Technology and Innovation,S,Somewhat Compliant,TR-3FDB92F2,GR0000000110,2024-06-23,On-time,Agent-prepared,279453.45,224148.61,55304.84,16300.6,2161.84,14138.77,Unpaid,GR0000000110,108711.0,98727.0,71959.0,125887.0,47493.0,18552.0,26090.0,48645.0,-22554.0,4,279397.0,191932.0,1.8645074741280183,38.909150778283234,100,0.0,19.790358644704508,16.085062571103528,29.474093045021014,13.389030473917487,12.213349713349714,293040.0,13.262333901819565,0.020204225528552833,55533.9071517068,234.09310437847998,53.34791100543478
GR0000000110,2024,1,45682.0,15050.0,30431.0,113112.0,60835.0,5151.0,20201.0,102562.0,Technology and Innovation,S,Somewhat Compliant,TR-8C7DD31A,GR0000000110,2025-07-15,Late,Agent-prepared,93697.64,89314.46,4383.18,1291.9,187.21,1104.69,Paid,GR0000000110,37691.0,33330.0,24899.0,42389.0,15952.0,6206.0,9046.0,16192.0,-7145.0,4,95920.0,64547.0,1.7899624143267743,39.2942035029191,80,100.0,4.678004696809867,5.468491658828771,29.474034833157663,24.005543174328892,29.670833252081668,102562.0,14.49105967954176,2.316889074228523,13464.328592483083,261.3925178117469,55.77908147629264
GR0000000111,2022,13,209446.0,57630.0,281368.0,1114830.0,865911.0,20665.0,78295.0,862894.0,Logistics and Transportation,S,Compliant,TR-AFC5D47E,GR0000000111,2023-06-17,On-time,Agent-prepared,862894.0,784599.0,78295.0,22405.97,1838.84,20567.13,Paid,GR0000000111,474591.0,258868.0,129435.0,378707.0,145656.0,58262.0,113902.0,139830.0,-25929.0,4,862894.0,582625.0,1.227634282102158,54.99991887763734,100,99.99936792347789,9.073536262854997,26.268765566128106,28.617370202439492,2.3486046363113857,32.607481336062136,66376.46153846153,8.2069198521644,0.0,59937.93719420142,290.04566752577506,62.61804952111761
GR0000000111,2023,14,290334.0,90328.0,248712.0,1127076.0,895260.0,28760.0,119088.0,1425028.0,Logistics and Transportation,S,Compliant,TR-8BA448C9,GR0000000111,2024-06-19,On-time,Agent-prepared,1425028.0,1305940.0,119088.0,34079.85,2911.2,31168.64,Paid,GR0000000111,783765.0,427508.0,213754.0,641134.0,246590.0,98637.0,188104.0,236727.0,-48623.0,4,1425027.0,986361.0,1.2584899842640243,55.00001052611635,100,100.0,8.35688842605198,26.17277979309418,28.617366989117286,2.4445871960231074,17.45313074550114,101787.71428571429,8.542291119239081,7.01741089903507e-05,83085.94627418379,288.8941108281773,58.982413358407904
GR0000000111,2024,15,497533.0,110455.0,269430.0,2640356.0,1681922.0,45716.0,156171.0,2106091.0,Logistics and Transportation,S,Compliant,TR-23709DBF,GR0000000111,2025-06-14,On-time,Agent-prepared,2106091.0,1949920.0,156171.0,44692.02,3271.95,41420.07,Paid,GR0000000111,1158351.0,631826.0,315914.0,970496.0,373268.0,149308.0,278004.0,358336.0,-80332.0,4,2106091.0,1493072.0,1.2889598710809917,55.00004510726269,100,99.99983099980275,7.415206655362945,26.522254451850856,28.617361738094775,2.0951072862439197,12.792894514054712,140406.06666666668,7.3211056470484,0.0,142380.8183763951,311.44636095982827,68.61092631041559
GR0000000112,2022,17,687253.0,154269.0,374395.0,2535859.0,1468000.0,53762.0,208031.0,2241815.0,Healthcare,S,Compliant,TR-D34313D6,GR0000000112,2023-06-12,On-time,Agent-prepared,2241815.0,2033784.0,208031.0,53775.96,5034.74,48741.21,Paid,GR0000000112,1905543.0,224182.0,112091.0,885317.0,340506.0,136202.0,457330.0,326886.0,130445.0,4,2241816.0,1362025.0,0.7147705158200861,84.99997323598369,100,78.4184229355596,9.27957926947585,23.429782099783207,25.84997428267902,2.420192182895814,16.700530596860133,131871.4705882353,9.362436300532803,4.460669386086025e-05,177654.72375694007,330.44664215791835,69.73007029434575
GR0000000112,2023,18,640435.0,139411.0,519160.0,3049417.0,1434943.0,55794.0,195205.0,1858969.0,Healthcare,S,Compliant,TR-BFCE5A9F,GR0000000112,2024-06-18,On-time,Agent-prepared,1858969.0,1663764.0,195205.0,50460.44,5409.1,45051.34,Paid,GR0000000112,1580124.0,185897.0,92949.0,722493.0,277882.0,111152.0,379229.0,266768.0,112463.0,4,1858970.0,1111527.0,0.7034483122335053,84.9999731033852,100,71.39857869448585,10.5007130296417,23.078988755410975,25.8499731051971,2.7709843497861257,27.92730809389506,103276.05555555556,10.719486393697716,5.379322958187771e-05,165552.27525626903,296.72057077153283,69.51993566872517
GR0000000112,2024,16,506577.0,117933.0,425877.0,1450031.0,912240.0,49260.0,167193.0,1296668.0,Healthcare,S,Compliant,TR-CD3AAD7D,GR0000000112,2025-06-10,On-time,Agent-prepared,1296668.0,1129475.0,167193.0,43219.35,4485.14,38734.2,Paid,GR0000000112,1102168.0,129666.0,64835.0,499128.0,191973.0,76788.0,264520.0,184293.0,80227.0,4,1296669.0,767889.0,0.6967072433086345,84.9999498715555,100,99.6013826356829,12.894048437996464,23.167357485062173,25.849975776497818,2.682618291435645,32.84395080313542,81041.75,10.377620209466363,7.712068383902704e-05,130950.03178930936,265.83441288938155,66.99554065818228
GR0000000113,2022,3,96049.0,22593.0,66637.0,449174.0,312296.0,8396.0,30988.0,414960.0,Manufacturing,S,Compliant,TR-06020F56,GR0000000113,2023-06-11,On-time,Agent-prepared,414960.0,383972.0,30988.0,6893.11,735.48,6157.63,Paid,GR0000000113,248976.0,103740.0,62244.0,206823.0,79547.0,31819.0,59754.0,76366.0,-16611.0,4,414960.0,318189.0,1.2780064932891522,60.0,100,100.0,7.467707730865627,19.87101458629147,22.24444946430876,2.3734348780172922,16.05865625602468,138320.0,10.669784756082523,0.0,21365.571265973922,254.47321660283376,67.7373007527408
GR0000000113,2023,2,69908.0,23909.0,48759.0,354433.0,227895.0,7922.0,31830.0,344892.0,Manufacturing,S,Compliant,TR-3242F940,GR0000000113,2024-06-11,On-time,Agent-prepared,344892.0,313062.0,31830.0,7080.41,692.0,6388.41,Paid,GR0000000113,206935.0,86222.0,51734.0,175881.0,67647.0,27060.0,49665.0,64940.0,-15277.0,4,344891.0,270588.0,1.3075606563978657,60.000115978671516,100,99.99358212763426,9.228976027278105,20.070405278039587,22.24445491674521,2.174049638705622,14.13746912076824,172446.0,9.773445323081573,0.00028994667879977953,15550.653543198241,196.29706568036153,54.46873033129256
GR0000000113,2024,2,24228.0,8179.0,38056.0,160081.0,103956.0,2461.0,10640.0,149811.0,Manufacturing,S,Compliant,TR-F2B65A3F,GR0000000113,2025-06-24,On-time,Agent-prepared,149811.0,139171.0,10640.0,2366.81,225.14,2141.67,Paid,GR0000000113,89886.0,37453.0,22472.0,77601.0,29847.0,11939.0,21573.0,28652.0,-7080.0,4,149811.0,119387.0,1.3281416585546748,59.999599495364166,100,100.0,7.102282208916569,20.12847744360902,22.244454887218048,2.115977443609026,25.402674035951968,74905.5,9.512381644491953,0.0,5389.386530075189,218.99173222572892,56.08386990259204
GR0000000114,2022,1,21480.0,3262.0,18380.0,40124.0,25371.0,1172.0,4434.0,91901.0,Consumer Goods and Retail,S,Compliant,TR-BCF9F6B7,GR0000000114,2023-06-21,On-time,Agent-prepared,91901.0,87305.95,4595.05,1099.48,78.14,1021.34,Paid,GR0000000114,73521.0,13785.0,4594.0,47303.0,18193.0,7276.0,17644.0,17465.0,180.0,4,91900.0,72772.0,0.9898549081840853,80.00108813928183,100,99.97450012749935,5.0,23.03428055931439,23.927487187299377,0.8932066279849877,19.999782374511703,91901.0,7.106996034489031,0.0010881392818351543,5139.624247831906,438.5344921358282,79.35754189944134
GR0000000114,2023,1,21127.0,5590.0,16133.0,30113.0,17838.0,2086.0,7676.0,80667.0,Consumer Goods and Retail,S,Compliant,TR-6C324B4A,GR0000000114,2024-06-17,On-time,Agent-prepared,80667.0,72991.0,7676.0,1836.67,145.72,1690.95,Paid,GR0000000114,64534.0,12100.0,4033.0,41396.0,15921.0,6368.0,15488.0,15284.0,204.0,4,80667.0,63685.0,0.9868285123966942,80.00049586571957,100,100.0,9.515663158416702,22.029051589369463,23.9274361646691,1.8983845752996373,19.99950413428044,80667.0,7.933923894874964,0.0,5055.14943850964,242.33698171187154,63.66734510342216
GR0000000114,2024,1,10807.0,2542.0,9360.0,30479.0,21375.0,841.0,3382.0,46801.0,Consumer Goods and Retail,S,Compliant,TR-8AAF1AEF,GR0000000114,2025-06-21,On-time,Agent-prepared,46801.0,43419.0,3382.0,809.23,64.17,745.06,Paid,GR0000000114,37441.0,7020.0,2340.0,24059.0,9253.0,3702.0,8987.0,8884.0,102.0,4,46801.0,37014.0,0.9885390007789029,80.00042734129612,100,99.99369787618429,7.226341317493216,22.030159668835005,23.92755765819042,1.8973979893554151,19.999572658703872,46801.0,7.929760389506074,0.0,2585.8511561206387,307.4733836053078,68.7054686777089
GR0000000115,2022,34,2246094.0,635769.0,619709.0,11935300.0,9018921.0,164927.0,800696.0,6187753.0,Tourism and Hospitality,M,Somewhat Compliant,TR-4C51A06F,GR0000000115,2023-06-25,On-time,Agent-prepared,5671171.92,5501036.76,170135.16,46220.99,6724.75,39496.24,Paid,GR0000000115,3377443.0,1717776.0,596307.0,1961739.0,744869.0,291501.0,810587.0,756772.0,53814.0,4,5691526.0,2998109.0,0.9336098407697138,59.341607154214884,100,94.9970764194798,3.0000000423192956,4.932738517489783,27.167218110589246,22.234479593099465,10.015089484017865,181992.73529411765,14.549125840878787,0.3576207857084346,610201.2559488585,369.982632285107,64.35162553303645
GR0000000115,2023,36,3464160.0,866929.0,766373.0,13802548.0,7094742.0,230949.0,1097878.0,8172361.0,Tourism and Hospitality,M,Somewhat Compliant,TR-DFFA0E12,GR0000000115,2024-06-26,On-time,Agent-prepared,7654603.26,7386406.44,268196.81,72861.62,11207.79,61653.83,Paid,GR0000000115,4443365.0,2318307.0,806094.0,2674748.0,1002822.0,390244.0,1066408.0,1027912.0,38495.0,4,7567766.0,4067814.0,0.9639012460521676,58.7143550685896,80,93.70827821035552,3.5037323410540813,5.615726884043582,27.16722096731874,21.55149408327516,9.377620494248847,227010.02777777778,15.382295919305665,1.1474622761856068,941116.0018614689,407.49949203567405,68.30752621126045
GR0000000115,2024,34,1535830.0,398152.0,705838.0,6143868.0,4153916.0,105708.0,503860.0,3415536.0,Tourism and Hospitality,M,Somewhat Compliant,TR-85710F6E,GR0000000115,2025-06-25,On-time,Agent-prepared,3210326.23,3114016.44,96309.79,26164.69,4185.67,21979.02,Unpaid,GR0000000115,1811064.0,959838.0,333087.0,1043093.0,396660.0,156463.0,434656.0,400889.0,33767.0,4,3103989.0,1596216.0,0.9223132776264448,58.34634078922316,80,60.506561724047735,3.000000096563395,4.362128368991387,27.167217372190304,22.805089003198916,20.665511943074236,100456.94117647059,15.997399548781202,3.4258249626528903,417242.27456731035,394.7121074727649,67.19298359844514
GR0000000116,2022,46,1829849.0,300281.0,1079591.0,6851275.0,3727049.0,85480.0,385761.0,7498716.0,Agriculture and Food Production,M,Compliant,TR-335D0267,GR0000000116,2023-06-13,On-time,Agent-prepared,7498716.0,7112955.0,385761.0,102500.02,15149.72,87350.3,Paid,GR0000000116,4874164.0,1874679.0,749872.0,3502341.0,1347054.0,538822.0,1169799.0,1293172.0,-123373.0,4,7498715.0,5388217.0,1.1054651269149658,64.99998999828638,100,99.99965655527228,5.144360714554332,22.643631678681878,26.570861232732184,3.9272295540503066,14.397011435024343,163015.5652173913,14.780211750202584,1.3335618165299934e-05,486206.6385585376,568.7957868022199,78.91842441644093
GR0000000116,2023,50,1072718.0,191463.0,1177161.0,4042278.0,2490487.0,57556.0,249018.0,5668434.0,Agriculture and Food Production,M,Compliant,TR-C3151B7F,GR0000000116,2024-06-16,On-time,Agent-prepared,5668434.0,5385012.3,283421.7,75307.58,11764.31,63543.28,Paid,GR0000000116,3684482.0,1417109.0,566843.0,2586100.0,994655.0,397861.0,884276.0,954868.0,-70592.0,4,5668434.0,3978616.0,1.0798302792340853,64.99999823584433,100,99.99955935545033,5.0,25.517544916431746,26.57085890035943,1.0533139839276835,20.766952565735085,113368.68,15.621681110985108,0.0,285030.38617875765,495.22271557918833,76.78625696595005
GR0000000116,2024,45,853148.0,130849.0,855258.0,2876299.0,1718140.0,40407.0,171257.0,4030907.0,Agriculture and Food Production,M,Compliant,TR-7AFD04D1,GR0000000116,2025-06-21,On-time,Agent-prepared,4030907.0,3829361.65,201545.35,53552.33,8683.73,44868.61,Paid,GR0000000116,2620090.0,1007726.0,403091.0,1815006.0,698078.0,279232.0,628821.0,670156.0,-41334.0,4,4030907.0,2792316.0,1.0657341278360615,65.00001116374057,100,100.0,5.0,26.199577243557925,26.57085861817204,0.3712813746141137,21.217507622974185,89575.71111111112,16.21541023518491,0.0,226688.7488837624,561.0135592440973,79.92646059065953
GR0000000117,2022,8,372545.0,107915.0,203397.0,1467865.0,1092604.0,34426.0,142341.0,1445745.0,Logistics and Transportation,M,Compliant,TR-AE350018,GR0000000117,2023-07-21,Extended,Agent-prepared,1445745.0,1303404.0,142341.0,31202.32,3493.75,27708.57,Paid,GR0000000117,795160.0,433724.0,216861.0,643418.0,247468.0,98987.0,190839.0,237570.0,-46731.0,4,1445745.0,989873.0,1.244871331331646,55.00001729212275,80,100.0,9.845512175383627,19.466330853373236,21.920823936883963,2.4544930835107266,14.06866356100142,180718.125,11.197084062979933,0.0,81664.93353566436,237.21876934777305,61.79226670603551
GR0000000117,2023,8,228604.0,72294.0,234178.0,785590.0,500813.0,18983.0,91277.0,1001223.0,Logistics and Transportation,M,Compliant,TR-AAC7486B,GR0000000117,2024-06-21,On-time,Agent-prepared,1001223.0,909946.0,91277.0,20008.67,2468.9,17539.77,Paid,GR0000000117,550673.0,300366.0,150183.0,436106.0,167733.0,67093.0,132161.0,161024.0,-28862.0,4,1001222.0,670932.0,1.2183927179727756,55.000089890154236,100,100.0,9.1165504587889,19.21597992922642,21.920823427588548,2.704843498362127,23.38919501449727,125152.875,12.339150978051016,9.987794915566894e-05,50111.87918840453,263.9829278217591,60.07200223968084
GR0000000117,2024,8,269366.0,94403.0,227079.0,904169.0,519796.0,33794.0,128197.0,907685.0,Logistics and Transportation,M,Compliant,TR-80FE5B74,GR0000000117,2025-06-24,On-time,Self-prepared,907685.0,779488.0,128197.0,28101.84,3288.99,24812.84,Paid,GR0000000117,499227.0,272305.0,136153.0,403073.0,155028.0,62011.0,119816.0,148827.0,-29013.0,4,907685.0,620112.0,1.2421295987180343,55.00002754259462,100,100.0,14.123512011325515,19.35524232236324,21.920824980303752,2.5655826579405137,25.01737937720685,113460.625,11.70382437591275,0.0,59047.249416445,174.72702082158077,52.407876272432304
GR0000000118,2022,36,2352890.0,682878.0,1089217.0,7514793.0,4173554.0,151066.0,833944.0,8389817.0,Manufacturing,M,Somewhat Compliant,TR-6E960662,GR0000000118,2023-06-22,On-time,Self-prepared,7584821.08,7357276.45,227544.63,58451.34,10250.65,48200.69,Partial,GR0000000118,4462899.0,2016618.0,1227687.0,4066931.0,1512440.0,590860.0,1071095.0,1564907.0,-493811.0,4,7707204.0,6170231.0,1.4610347354809798,57.90555174094263,80,87.10871151429575,2.999999968357856,5.779847327878131,25.687857366706478,19.908010038828348,12.982607367955701,233050.47222222222,17.537065873938904,1.587902954171183,604407.0271955001,400.0946786143143,64.55660910624806
GR0000000118,2023,35,1638390.0,402628.0,868891.0,5140153.0,2921561.0,95144.0,497772.0,6601379.0,Manufacturing,M,Somewhat Compliant,TR-33AFDA33,GR0000000118,2024-09-17,Extended,Agent-prepared,6416834.85,6224329.81,192505.05,49450.42,8423.71,41026.72,Paid,GR0000000118,3592669.0,1581231.0,971377.0,3158088.0,1170748.0,457541.0,862240.0,1197324.0,-335084.0,4,6145277.0,4786377.0,1.3886203377249953,58.462279243067485,40,100.0,3.0000000701280323,8.242070666891669,25.68785598092102,17.44578531402935,13.162265035835693,188610.82857142857,17.03465814850511,4.418968420788838,420867.2636058119,442.34766628038756,69.61822276747294
GR0000000118,2024,32,2537042.0,594158.0,734868.0,7453466.0,4437896.0,145040.0,739199.0,9007034.0,Manufacturing,M,Somewhat Compliant,TR-3CD72401,GR0000000118,2025-07-11,Late,Agent-prepared,8120828.53,7877203.67,243624.86,62582.01,10638.05,51943.96,Paid,GR0000000118,4874471.0,2092319.0,1315793.0,4250581.0,1585682.0,624383.0,1169873.0,1633492.0,-463619.0,4,8282583.0,6460646.0,1.3962985725801005,58.85206342031224,60,100.0,3.000000050487459,7.027060372105481,25.68785878419797,18.66079841209249,8.158823426224437,281469.8125,16.99857514963166,1.9529471663610187,651711.7662557919,449.3324367455818,70.86374604756249
GR0000000119,2022,3,1959311.0,853443.0,128570.0,8255735.0,6234272.0,115766.0,969209.0,2601928.0,Financial Services,M,Non-Compliant,TR-8E6DC765,GR0000000119,2023-06-25,On-time,Agent-prepared,1834959.05,1816609.46,18349.59,5029.72,615.42,4414.29,Paid,GR0000000119,1276593.0,588210.0,122156.0,644000.0,222239.0,83194.0,306383.0,277584.0,28799.0,4,1986959.0,949433.0,0.9060032704164396,64.24858288469969,60,0.0,0.9999999727514355,0.4554528486631882,27.41053069850607,26.95507784984288,4.941335809445919,867309.3333333334,12.235671170562178,7.6498785329742525,537057.5431342062,463.916472137075,50.533172120199396
GR0000000119,2023,2,683577.0,287392.0,98904.0,4588637.0,3889174.0,69551.0,356944.0,997012.0,Financial Services,M,Non-Compliant,TR-87D9947A,GR0000000119,2024-06-29,On-time,Agent-prepared,797983.88,790004.04,7979.84,2187.31,283.25,1904.06,Paid,GR0000000119,503292.0,220426.0,46277.0,228363.0,79150.0,29640.0,120790.0,96952.0,23839.0,4,769995.0,337153.0,0.8026492259292988,65.36302183780414,60,0.0,1.0000001503789775,0.5334338159487202,27.410449332317437,26.87701551636872,9.920041082755272,498506.0,12.949696202184418,3.634943084045994,187371.52723237558,269.40162935453924,47.78291253216536
GR0000000119,2024,1,1205002.0,502456.0,53092.0,5949181.0,4976965.0,91143.0,593599.0,1807175.0,Financial Services,M,Non-Compliant,TR-9BA947D4,GR0000000119,2025-07-11,Late,Agent-prepared,1336573.41,1323207.67,13365.73,3663.61,474.08,3189.54,Paid,GR0000000119,873448.0,398386.0,83412.0,442836.0,154168.0,57077.0,209627.0,186469.0,23158.0,4,1355246.0,654081.0,0.8895275894803627,64.4494062332595,40,46.5204721199778,0.9999996932454313,0.5373223337640394,27.410474399827024,26.873152066062985,2.937844979041875,1807175.0,12.940242001741451,1.37780078303128,330296.76472740364,362.3940014344532,50.738753960574336
GR0000000120,2022,13,125399.0,44355.0,259132.0,830328.0,612384.0,12951.0,57306.0,647830.0,Logistics and Transportation,S,Compliant,TR-7C0A66C8,GR0000000120,2023-06-16,On-time,Agent-prepared,647830.0,590524.0,57306.0,14968.04,1133.82,13834.22,Paid,GR0000000120,356306.0,194349.0,97175.0,293458.0,112869.0,45148.0,85514.0,108353.0,-22840.0,4,647830.0,451475.0,1.2670790747713825,54.99992281925814,100,99.9984097404841,8.845839186206257,24.14096255191428,26.119498830837962,1.9785362789236807,40.0,49833.07692307692,7.57493967145999,0.0,32753.590338882495,252.90394825791444,54.30107098142728
GR0000000120,2023,12,334479.0,89287.0,220438.0,1260094.0,979798.0,26164.0,115451.0,1356454.0,Logistics and Transportation,S,Compliant,TR-F7C11F18,GR0000000120,2024-06-17,On-time,Agent-prepared,1356454.0,1241003.0,115451.0,30155.23,2503.37,27651.85,Partial,GR0000000120,746051.0,406936.0,203468.0,619883.0,238417.0,95367.0,179053.0,228880.0,-49827.0,4,1356455.0,953667.0,1.2782807325205385,55.000055291181795,100,95.86338707898388,8.511235913639533,23.951156767806253,26.119505244649243,2.16834847684299,16.2510486901878,113037.83333333333,8.301611362274471,7.372157572183013e-05,87364.25994725035,333.91018172775705,65.48333378179198
GR0000000120,2024,12,203871.0,61374.0,213003.0,1612387.0,1231384.0,20359.0,81732.0,1207827.0,Logistics and Transportation,S,Compliant,TR-FE30D4F3,GR0000000120,2025-06-17,On-time,Agent-prepared,1207827.0,1126095.0,81732.0,21347.99,1526.98,19821.01,Paid,GR0000000120,664305.0,362348.0,181175.0,564061.0,216946.0,86779.0,159433.0,208268.0,-48836.0,4,1207828.0,867786.0,1.3063042155639046,54.99996688270185,100,99.99994954848417,6.766863135200654,24.251223510987128,26.11950031811286,1.8682768071257314,17.63522424983048,100652.25,7.152804549749179,8.279324539284261e-05,53250.086493539864,261.5555110444514,59.9099430522242
GR0000000121,2022,23,4827043.0,1640723.0,805803.0,8960508.0,3493882.0,451980.0,2092702.0,8404011.0,Technology and Innovation,M,Somewhat Compliant,TR-726B5013,GR0000000121,2023-06-20,On-time,Self-prepared,7610247.39,7046399.95,563847.43,116707.46,25384.56,91322.9,Paid,GR0000000121,2964967.0,2731012.0,2038306.0,3175632.0,1185030.0,469384.0,711592.0,1235780.0,-524188.0,4,7734285.0,4830046.0,1.7366412213740459,38.335372953026685,80,100.0,7.409055200241001,4.363875028551605,20.698411270580767,16.334536242029163,9.588314436999191,365391.7826086957,21.750589036896184,1.6037372556092833,999121.2123477799,221.05429716973757,56.64629463628147
GR0000000121,2023,23,3808973.0,1204493.0,888614.0,6524474.0,3455114.0,377264.0,1581756.0,6232666.0,Technology and Innovation,M,Somewhat Compliant,TR-828D1B52,GR0000000121,2024-06-23,On-time,Agent-prepared,5959337.13,4974721.36,984615.77,203799.83,41364.61,162435.21,Paid,GR0000000121,2212777.0,2083709.0,1516913.0,2573149.0,942536.0,370346.0,531067.0,974581.0,-443514.0,4,5813399.0,3886031.0,1.8351375626804152,38.063394582068085,60,99.99987071768493,16.522236425311952,10.269296275784633,20.698412132887125,10.429115857102492,14.257365949017645,270985.47826086957,20.29668523276001,2.5103752555088565,788396.9295703947,208.97751430573678,58.47290070053004
GR0000000121,2024,21,6772837.0,2080122.0,940149.0,8266360.0,4283146.0,696872.0,2776994.0,10873001.0,Technology and Innovation,M,Somewhat Compliant,TR-EFB742F6,GR0000000121,2025-06-26,On-time,Agent-prepared,10383471.91,9301735.33,1081736.58,223902.29,46743.13,177159.16,Paid,GR0000000121,3895290.0,3516592.0,2621781.0,3866004.0,1485245.0,589397.0,934870.0,1491919.0,-557050.0,4,10033663.0,5940646.0,1.5958571780033588,38.82221278510151,60,0.0,10.417869758555547,6.379529808130663,20.69841162254123,14.318881814410567,8.64663766700656,517761.95238095237,20.876575223951484,3.4863529899300083,1401869.6807837728,201.16602199310245,58.99806831317511
GR0000000122,2022,46,3317122.0,1243507.0,1364657.0,11296581.0,5635566.0,397334.0,1640841.0,12101813.0,Manufacturing,M,Compliant,TR-2F9ED75C,GR0000000122,2023-06-25,On-time,Agent-prepared,12101813.0,10460972.0,1640841.0,395116.94,62462.75,332654.2,Paid,GR0000000122,7261087.0,3025454.0,1815273.0,5872237.0,2258553.0,903421.0,1742662.0,2168211.0,-425550.0,4,12101814.0,9034211.0,1.2441948008276993,59.999988431486386,100,99.99993987750642,13.558637866904736,20.273396386365285,24.080147924143777,3.806751537778492,11.276467418559518,263082.89130434784,15.808674262358885,8.263224005045089e-06,798767.8844243166,201.03184837550185,50.53419801864387
GR0000000122,2023,45,1797804.0,545285.0,1229155.0,5679410.0,3251312.0,157666.0,702951.0,7387850.0,Manufacturing,M,Compliant,TR-8AF0A0D6,GR0000000122,2024-06-13,On-time,Agent-prepared,7387850.0,6684899.0,702951.0,169271.64,25992.45,143279.19,Paid,GR0000000122,4432710.0,1846962.0,1108176.0,3535177.0,1359683.0,543874.0,1063850.0,1305296.0,-241446.0,4,7387848.0,5438734.0,1.2269549278563707,60.00001624288968,100,99.99986739176848,9.514960374127792,20.382528796459496,24.0801478339173,3.6976190374578053,16.637519711418072,164174.44444444444,15.355466515241417,2.7071482788798562e-05,432913.8609640786,274.57654850384904,60.89946401276224
GR0000000122,2024,44,1188279.0,344073.0,996413.0,4482561.0,2017728.0,95642.0,439715.0,5277875.0,Manufacturing,M,Compliant,TR-81EA4F5F,GR0000000122,2025-06-25,On-time,Agent-prepared,5277875.0,4838160.0,439715.0,105884.02,15661.09,90222.93,Paid,GR0000000122,3166725.0,1319469.0,791680.0,2607040.0,1002707.0,401083.0,760014.0,962599.0,-202586.0,4,5277874.0,4010830.0,1.2665543003155204,60.00001136821379,100,100.0,8.331288634156738,20.518501756819756,24.080147368181663,3.5616456113619073,18.879056438434027,119951.70454545454,14.790796571569533,1.8947022994986185e-05,286139.3343451554,299.17748933016395,62.99564327906156
GR0000000123,2022,12,276488.0,109796.0,322005.0,2153654.0,1259156.0,43249.0,153045.0,1428276.0,Energy,S,Compliant,TR-89B8C201,GR0000000123,2023-06-14,On-time,Agent-prepared,1428276.0,1275231.0,153045.0,34311.02,3999.1,30311.91,Paid,GR0000000123,1142621.0,214242.0,71413.0,696045.0,267709.0,107084.0,274230.0,257001.0,17228.0,4,1428276.0,1070838.0,0.9371731758013346,80.0000140028958,100,100.0,10.71536593767591,19.805880623346077,22.4189094710706,2.6130288477245216,22.545012308545406,119023.0,11.655438981411804,0.0,61985.59441837368,143.32260727039625,44.64678394722375
GR0000000123,2023,13,454435.0,138597.0,331960.0,3810356.0,2447227.0,55955.0,194551.0,1883623.0,Energy,S,Compliant,TR-A389329D,GR0000000123,2024-06-21,On-time,Agent-prepared,1883623.0,1689072.0,194551.0,43616.21,4430.78,39185.43,Paid,GR0000000123,1506899.0,282543.0,94181.0,895761.0,344523.0,137810.0,361656.0,330742.0,30914.0,4,1883623.0,1378094.0,0.9145209812639635,80.00003185350783,100,93.42444011313646,10.328553006626061,20.14146933194895,22.418908152618076,2.2774388206691256,17.62348410483414,144894.07692307694,10.15856260780109,0.0,101879.36526334996,182.0737472314359,57.18837677555646
GR0000000123,2024,12,382153.0,114862.0,316368.0,2179327.0,1457682.0,47282.0,162143.0,1645836.0,Energy,S,Compliant,TR-F33B367F,GR0000000123,2025-06-18,On-time,Agent-prepared,1645836.0,1483693.0,162143.0,36350.69,4334.1,32016.59,Paid,GR0000000123,1316669.0,246876.0,82293.0,794805.0,305695.0,122277.0,316000.0,293467.0,22534.0,4,1645838.0,1222777.0,0.9286930379746835,79.99991493695006,100,100.0,9.851710620013172,19.74589714017873,22.418908000962116,2.6730108607833856,19.22232834863255,137153.0,11.923019893157463,0.00012151864278164837,85674.52949291676,181.1990387312651,57.57118222282698
GR0000000124,2022,1,65357.0,31605.0,38217.0,1829992.0,1314218.0,11958.0,43563.0,179291.0,Financial Services,S,Compliant,TR-B4F01256,GR0000000124,2023-06-13,On-time,Self-prepared,179291.0,135728.0,43563.0,12932.22,848.51,12083.71,Paid,GR0000000124,125503.0,44823.0,8965.0,54667.0,21025.0,8410.0,30121.0,20184.0,9936.0,4,179291.0,84102.0,0.6700972743268816,69.99960957326358,100,100.0,24.297371312558912,27.738470720565616,29.686247503615455,1.9477767830498394,21.315626551249085,179291.0,6.5612091350131685,0.0,19402.040780937954,162.2515536121254,33.34608381657665
GR0000000124,2023,1,82662.0,38552.0,35642.0,853806.0,658646.0,10929.0,49481.0,210067.0,Financial Services,S,Compliant,TR-BE5A7F7A,GR0000000124,2024-06-14,On-time,Agent-prepared,210067.0,160586.0,49481.0,14689.05,877.43,13811.63,Paid,GR0000000124,147047.0,52516.0,10504.0,65250.0,25096.0,10038.0,35292.0,24092.0,11199.0,4,210067.0,100384.0,0.6826476255241981,70.00004760385971,100,44.77696083625243,23.554865828521375,27.91299690790404,29.686243204462315,1.7732462965582734,16.966967681739636,210067.0,5.973361109125505,0.0,24539.24235767264,224.53328170621867,40.14057245167066
GR0000000124,2024,1,139244.0,60116.0,37867.0,1347272.0,1141494.0,19221.0,79337.0,344952.0,Financial Services,S,Compliant,TR-58A8E5F4,GR0000000124,2025-06-20,On-time,Agent-prepared,344952.0,265615.0,79337.0,23552.18,1400.17,22152.01,Paid,GR0000000124,241467.0,86239.0,17248.0,101848.0,39172.0,15669.0,57953.0,37605.0,20346.0,4,344954.0,156689.0,0.6488878919124118,69.99976808502004,100,99.99997646948646,22.999431805004754,27.92141119528089,29.68624979517753,1.7648385998966418,10.977469329066073,344952.0,5.944969849924721,0.0005797874499169353,41336.321664797004,215.0581221830134,43.02303869466548
GR0000000125,2022,40,2177292.0,837965.0,1499660.0,15394255.0,9258044.0,285833.0,1123798.0,8188679.0,Energy,M,Compliant,TR-10D563C9,GR0000000125,2023-06-10,On-time,Agent-prepared,8188679.0,7064881.0,1123798.0,305678.29,50562.68,255115.61,Paid,GR0000000125,6550943.0,1228303.0,409433.0,3784661.0,1455639.0,582256.0,1572226.0,1397413.0,174814.0,4,8188679.0,5822556.0,0.8888117866006541,79.9999975576036,100,100.0,13.723800871911084,22.701198080082005,27.20046574206396,4.499267661981957,18.313820825068365,204716.975,16.54114199605082,0.0,592233.5645646993,207.1956578018281,48.385517422559765
GR0000000125,2023,39,3674453.0,1355529.0,1542877.0,31707814.0,21703211.0,438727.0,1794256.0,17820484.0,Energy,M,Compliant,TR-F44740C7,GR0000000125,2024-06-20,On-time,Agent-prepared,17820484.0,16026228.0,1794256.0,488045.99,79942.79,408103.2,Paid,GR0000000125,14256387.0,2673073.0,891024.0,7927520.0,3049047.0,1219618.0,3421533.0,2927084.0,494449.0,4,17820484.0,12196185.0,0.8554890454074241,79.99999887769602,100,99.99997784061688,10.068503189924584,22.744981764029216,27.200465819816124,4.455484055786908,8.657884937356359,456935.4871794872,16.38017556501181,0.0,999468.332330208,227.81099233240897,51.16943936961501
GR0000000125,2024,37,2030831.0,882786.0,1215526.0,16672113.0,11536543.0,244076.0,1126862.0,9688128.0,Energy,M,Compliant,TR-DB1C949A,GR0000000125,2025-06-23,On-time,Self-prepared,9688128.0,8561266.0,1126862.0,306511.71,54320.03,252191.68,Paid,GR0000000125,7750503.0,1453220.0,484406.0,4344768.0,1671065.0,668425.0,1860121.0,1604223.0,255899.0,4,9688129.0,6684258.0,0.8624293795941231,79.99999793561791,100,100.0,11.631369858036559,22.379996840784408,27.200465540589708,4.8204686998053,12.546551820950341,261841.2972972973,17.72200807597204,1.0321910448585214e-05,552395.4863426134,226.32109930620516,44.51227108508783
GR0000000126,2022,18,1749850.0,690800.0,582623.0,9246458.0,4858445.0,198312.0,889112.0,6951444.0,Energy,M,Compliant,TR-886C7C15,GR0000000126,2023-06-25,On-time,Agent-prepared,6951444.0,6062332.0,889112.0,218549.19,33684.99,184864.2,Partial,GR0000000126,5561155.0,1042716.0,347573.0,3155031.0,1213473.0,485389.0,1334677.0,1164935.0,169743.0,4,6951444.0,4853893.0,0.8728216639681361,79.99999712289994,100,97.15200368182033,12.790320975037705,20.792003707069526,24.580614140850646,3.7886104337811197,8.38132336245534,386191.3333333333,15.41300153068515,0.0,430123.876543675,216.89251106522804,49.18924479241078
GR0000000126,2023,19,1768885.0,751522.0,710663.0,10742675.0,7487502.0,270196.0,1021718.0,6666908.0,Energy,M,Compliant,TR-95C951C3,GR0000000126,2024-06-19,On-time,Self-prepared,6666908.0,5645190.0,1021718.0,251144.56,36919.42,214225.14,Paid,GR0000000126,5333526.0,1000036.0,333345.0,2998414.0,1153236.0,461294.0,1280046.0,1107107.0,172939.0,4,6666907.0,4612944.0,0.8648962615406008,80.00000599978371,100,99.99996383962626,15.325215227208774,20.967149448282207,24.580614220362172,3.613464772079965,10.659559123959712,350889.8947368421,14.70046573973173,1.4999459274633864e-05,434802.79785185336,160.92125636643524,42.23943331533706
GR0000000126,2024,20,1707825.0,596124.0,834547.0,11095853.0,6610402.0,163942.0,760066.0,8019973.0,Energy,M,Compliant,TR-6752D64D,GR0000000126,2025-07-29,Extended,Agent-prepared,8019973.0,7259907.0,760066.0,186828.89,31119.37,155709.52,Paid,GR0000000126,6415978.0,1202997.0,400998.0,3638043.0,1399247.0,559700.0,1539835.0,1343277.0,196557.0,4,8019973.0,5596990.0,0.8723512584140508,79.99999501245205,80,100.0,9.477164075240651,20.486315662060925,24.580614051937598,4.094298389876673,10.40585797483358,400998.65,16.65661558017071,0.0,419793.8719325033,256.0624317944781,55.49508878251578
GR0000000127,2022,40,1946088.0,345609.0,947219.0,2386160.0,1402085.0,133921.0,479529.0,5728595.0,Consumer Goods and Retail,M,Compliant,TR-8EC07C7D,GR0000000127,2023-06-11,On-time,Agent-prepared,5728595.0,5249066.0,479529.0,97615.83,9850.38,87765.45,Paid,GR0000000127,4582877.0,859289.0,286429.0,2745422.0,1055933.0,422372.0,1099891.0,1013695.0,86196.0,4,5728595.0,4223727.0,0.9216322344668699,80.00001745628728,100,99.99974132199978,8.370795980515291,18.30242800748234,20.35660616980412,2.0541781623217794,16.53492697598626,143214.875,10.09096577880862,0.0,396157.4698778176,295.81430087724675,75.35933626845241
GR0000000127,2023,36,952384.0,210026.0,551907.0,1184955.0,661777.0,74723.0,284749.0,3066149.0,Consumer Goods and Retail,M,Compliant,TR-81393901,GR0000000127,2024-06-20,On-time,Agent-prepared,3066149.0,2781400.0,284749.0,57965.23,6770.7,51194.53,Paid,GR0000000127,2452919.0,459922.0,153307.0,1442917.0,554969.0,221987.0,588700.0,532769.0,55931.0,4,3066148.0,2219873.0,0.9049923560387294,80.00001956852702,100,85.71532854959972,9.286861140799093,17.978826966907697,20.356605290975562,2.377778324067865,18.000005870556194,85170.80555555556,11.680623021766669,3.2614211709081076e-05,193873.0517344047,259.45565854476496,70.10145067535784
GR0000000127,2024,35,1188209.0,257929.0,788817.0,1796890.0,998993.0,68208.0,326137.0,4394987.0,Consumer Goods and Retail,M,Compliant,TR-FD1F7607,GR0000000127,2025-06-19,On-time,Agent-prepared,4394987.0,4068850.0,326137.0,66390.43,7215.76,59174.67,Paid,GR0000000127,3515989.0,659248.0,219749.0,2129733.0,819128.0,327652.0,843837.0,786362.0,57475.0,4,4394986.0,3276513.0,0.9318885045334585,80.0000045506402,100,100.0,7.42065903721672,18.144114283261327,20.35660780592205,2.212493522660722,17.948107696336756,125571.05714285714,10.868674897873083,2.275320103439782e-05,241879.04604466833,354.61976021092585,72.55221934861628
GR0000000128,2022,12,1065133.0,510918.0,459379.0,13070387.0,9899358.0,162231.0,673148.0,2556711.0,Financial Services,S,Compliant,TR-9A6DF06A,GR0000000128,2023-06-24,On-time,Agent-prepared,2556711.0,1883563.0,673148.0,198715.13,12843.24,185871.88,Paid,GR0000000128,1789698.0,639177.0,127835.0,736393.0,283227.0,113291.0,429528.0,271897.0,157628.0,4,2556710.0,1132911.0,0.6330134473189175,70.000039112766,100,100.0,26.328669920065273,27.612334880293783,29.520273401985893,1.9079385216921096,17.967576311910104,213059.25,6.463141482986222,3.911276602597269e-05,314430.1736947744,193.8163320788101,36.801507417383554
GR0000000128,2023,13,953323.0,470827.0,420969.0,8196813.0,6418056.0,194763.0,665589.0,1934224.0,Financial Services,S,Compliant,TR-26B9F9BA,GR0000000128,2024-06-22,On-time,Agent-prepared,1934224.0,1268635.0,665589.0,196483.69,13906.36,182577.33,Paid,GR0000000128,1353958.0,483556.0,96711.0,565811.0,217621.0,87048.0,324949.0,208916.0,116034.0,4,1934225.0,870480.0,0.642919350421143,70.0000258501467,100,99.99988948845312,34.4111643739298,27.430941617124077,29.520273021338994,2.089331404214917,21.76423206412494,148786.46153846153,7.077615449913425,5.1700293401957254e-05,281423.55237521953,144.4953879203029,30.182215261773816
GR0000000128,2024,12,896630.0,370199.0,436529.0,12327956.0,9092817.0,133150.0,503349.0,2001608.0,Financial Services,S,Compliant,TR-3E698783,GR0000000128,2025-06-23,On-time,Agent-prepared,2001608.0,1498259.0,503349.0,148590.0,10514.41,138075.59,Paid,GR0000000128,1401126.0,500401.0,100079.0,619548.0,238287.0,95315.0,336270.0,228756.0,107514.0,4,2001606.0,953150.0,0.6802747791952894,70.000089927788,100,100.0,25.147231625772882,27.431382599349558,29.520273210039154,2.088890610689596,21.808915631832008,166800.66666666666,7.076122215492295,9.99197644402372e-05,264687.62568317406,198.78905421192195,43.86212819111562
GR0000000129,2022,12,427459.0,106973.0,198568.0,1586910.0,1148623.0,37033.0,144006.0,1339647.0,Tourism and Hospitality,M,Compliant,TR-0EEEC206,GR0000000129,2023-06-22,On-time,Agent-prepared,1339647.0,1195641.0,144006.0,35553.33,5241.84,30311.49,Paid,GR0000000129,803788.0,401894.0,133964.0,428311.0,164735.0,65894.0,192908.0,158146.0,34763.0,4,1339646.0,658940.0,0.819800111970473,60.0000298586343,100,99.99924701676494,10.749548201877062,21.048768801299946,24.688783800674972,3.640014999375026,14.822412172758941,111637.25,14.743597857078367,7.464658573486105e-05,105534.42834652723,284.97401870366224,66.31115498796376
GR0000000129,2023,11,725230.0,126396.0,240546.0,4024639.0,2624898.0,39403.0,165799.0,2161338.0,Tourism and Hospitality,M,Compliant,TR-D26FA347,GR0000000129,2024-06-21,On-time,Self-prepared,2161338.0,1995539.0,165799.0,40933.75,5832.39,35101.36,Paid,GR0000000129,1296803.0,648401.0,216134.0,733087.0,281957.0,112783.0,311233.0,270679.0,40554.0,4,2161338.0,1127827.0,0.8696989072495526,60.00000925352721,100,99.9995241579711,7.671127792136168,21.17103239464653,24.688779787574113,3.517747392927582,11.129494785174739,196485.27272727274,14.24836473570098,0.0,179050.43765342375,454.4081355567438,77.13842505136301
GR0000000129,2024,13,485004.0,101777.0,234276.0,1569348.0,1108234.0,32190.0,133967.0,1289125.0,Tourism and Hospitality,M,Compliant,TR-ACDA7AB5,GR0000000129,2025-06-10,On-time,Agent-prepared,1289125.0,1155158.0,133967.0,33074.82,4635.87,28438.95,Paid,GR0000000129,773475.0,386738.0,128913.0,432551.0,166366.0,66546.0,185634.0,159711.0,25923.0,4,1289126.0,665463.0,0.8603542454507256,59.9999534568382,100,100.0,10.392087656356056,21.228324885979383,24.688781565609442,3.4604566796300595,18.173257054203432,99163.46153846153,14.016312106913961,7.757193632995651e-05,119741.57814446841,371.98377801947316,72.3781659532705
GR0000000130,2022,8,1609733.0,743792.0,289191.0,2576861.0,1065243.0,193417.0,937209.0,2986492.0,Technology and Innovation,M,Compliant,TR-4BC58B4C,GR0000000130,2023-07-18,Extended,Agent-prepared,2986492.0,2049283.0,937209.0,226413.05,38257.35,188155.7,Paid,GR0000000130,1194596.0,1045272.0,746622.0,1132767.0,435679.0,174272.0,286703.0,418252.0,-131549.0,4,2986490.0,1742718.0,1.4588337059605236,40.0,80,100.0,31.38160088826623,20.07617297742553,24.158224046077233,4.082051068651705,9.683300675173415,373311.5,16.897148817172862,6.696824701446502e-05,388882.90468364046,201.05931985484236,41.77860552029436
GR0000000130,2023,8,2068470.0,866421.0,263773.0,2542594.0,1014467.0,236447.0,1102868.0,3033601.0,Technology and Innovation,M,Compliant,TR-82A8EDCA,GR0000000130,2024-06-18,On-time,Agent-prepared,3033601.0,1930733.0,1102868.0,266433.32,42883.71,223549.61,Paid,GR0000000130,1213440.0,1061760.0,758400.0,1205624.0,463702.0,185480.0,291226.0,445153.0,-153928.0,4,3033600.0,1854806.0,1.5285482752226793,40.0,100,100.0,36.355077678310366,20.26984280983762,24.158223830957105,3.8883810211194856,8.695045920673154,379200.125,16.09547559592021,3.2964135021629204e-05,499705.6124761984,211.33937519875423,46.68194365883963
GR0000000130,2024,8,1964855.0,786587.0,313051.0,2800592.0,1073711.0,207359.0,993945.0,3818197.0,Technology and Innovation,M,Compliant,TR-A833D788,GR0000000130,2025-06-17,On-time,Agent-prepared,3818197.0,2824252.0,993945.0,240119.45,41931.64,198187.81,Paid,GR0000000130,1527279.0,1336370.0,954549.0,1398516.0,537891.0,215156.0,366547.0,516375.0,-149828.0,4,3818198.0,2151563.0,1.4087552210221337,39.99999476192696,100,100.0,26.031789349789968,19.939514761883203,24.15822304051029,4.218708278627087,8.198922161428548,477274.625,17.462825273004746,2.619036518769491e-05,474674.0533226185,228.91413120367022,49.41382442979253
GR0000000131,2022,234,20978468.0,4169996.0,6056109.0,77286287.0,40723776.0,1577575.0,5747571.0,55569509.0,Tourism and Hospitality,L,Compliant,TR-E130A06E,GR0000000131,2023-06-10,On-time,Agent-prepared,55569509.0,49821938.0,5747571.0,1215861.39,217111.79,998749.6,Paid,GR0000000131,33341705.0,16670853.0,5556951.0,16037234.0,6168168.0,2467267.0,8002009.0,5921441.0,2080569.0,4,55569509.0,24672669.0,0.7399942939329361,59.999999280180795,100,100.0,10.343030023893139,17.37689886736501,21.154351812269912,3.7774529449049012,10.898258971480205,237476.5341880342,17.85662344290742,0.0,4437858.925544463,281.3089029392874,72.60252273902937
GR0000000131,2023,217,23376641.0,5524673.0,5292449.0,83175832.0,44555893.0,2028214.0,7552887.0,62928484.0,Tourism and Hospitality,L,Compliant,TR-7DA7C9EE,GR0000000131,2024-06-13,On-time,Agent-prepared,62928484.0,55375597.0,7552887.0,1597764.29,294614.67,1303149.62,Paid,GR0000000131,37757091.0,18878544.0,6292848.0,18572004.0,7143079.0,2857231.0,9061702.0,6857355.0,2204346.0,4,62928483.0,28572314.0,0.7567402900691282,60.00000190692663,100,100.0,12.002334268850333,17.253662341300753,21.154351839237105,3.9006894979363516,8.410259811757106,289993.0138248848,18.439182290148693,1.589105513843947e-06,4945176.885335355,243.81928560474165,67.69045219114244
GR0000000131,2024,214,28554761.0,5431629.0,6058421.0,66090023.0,33406526.0,1439451.0,6871080.0,58829558.0,Tourism and Hospitality,L,Compliant,TR-332EC90C,GR0000000131,2025-06-17,On-time,Agent-prepared,58829558.0,51958478.0,6871080.0,1453532.44,268041.03,1185491.41,Paid,GR0000000131,35297735.0,17648868.0,5882955.0,17066131.0,6563897.0,2625559.0,8471456.0,6301341.0,2170116.0,4,58829558.0,26255587.0,0.7438321110326254,60.000000339965155,100,64.67133173960895,11.679639000517392,17.25334896406387,21.154351863171435,3.9010028991075636,10.298260272497712,274904.476635514,18.440663766678647,0.0,6040574.61562765,419.6443377112281,75.93718259452426
GR0000000132,2023,3,63233.0,16747.0,67151.0,183646.0,127393.0,4399.0,21146.0,242863.0,Automotive,M,Compliant,TR-F4A5E085,GR0000000132,2024-06-10,On-time,Agent-prepared,242863.0,221717.0,21146.0,4926.9,747.1,4179.79,Paid,GR0000000132,170005.0,48572.0,24287.0,118532.0,45589.0,18236.0,40801.0,43765.0,-2965.0,4,242864.0,182357.0,1.0726452783020024,70.00008235061598,100,100.0,8.70696647904374,19.766338787477537,23.299441974841574,3.5331031873640377,27.649744917916685,80954.33333333333,15.163693194503644,0.00041175307990970467,14732.936143951574,334.91557499321607,66.55860073063116
GR0000000132,2024,3,92828.0,15377.0,79030.0,346875.0,233940.0,4836.0,20213.0,459496.0,Automotive,M,Compliant,TR-E928C629,GR0000000132,2025-06-18,On-time,Agent-prepared,459496.0,436521.2,22974.8,5353.0,750.06,4602.93,Paid,GR0000000132,321647.0,91899.0,45950.0,228944.0,88056.0,35221.0,77195.0,84533.0,-7337.0,4,459496.0,352221.0,1.095057970075782,69.99995647404982,100,100.0,5.0,22.77212684905754,23.2994411267998,0.5273142777422599,17.199279210265157,153165.33333333334,14.011955912572388,0.0,21628.40520918572,447.2374939864706,78.22531994656785
GR0000000133,2023,39,1903713.0,798364.0,1282036.0,25251205.0,18357869.0,338176.0,1136540.0,4819344.0,Financial Services,S,Compliant,TR-A809E739,GR0000000133,2024-06-16,On-time,Agent-prepared,4819344.0,3682804.0,1136540.0,294939.64,20738.42,274201.23,Paid,GR0000000133,3373541.0,1204835.0,240967.0,1395853.0,536866.0,214747.0,809650.0,515393.0,294258.0,4,4819343.0,2147466.0,0.6365627122830853,70.00001867474467,100,99.99995953975451,23.582877669657947,24.125963890404208,25.950660777447343,1.8246968870431353,26.60187776593661,123572.92307692308,7.031411579671013,2.0749716300727528e-05,494026.10280616616,146.08550068785667,40.29877402738753
GR0000000133,2024,38,1919216.0,801430.0,1307942.0,17737474.0,14557290.0,269849.0,1071280.0,4533122.0,Financial Services,S,Compliant,TR-6E394794,GR0000000133,2025-06-15,On-time,Agent-prepared,4533122.0,3461842.0,1071280.0,278004.24,19264.8,258739.44,Paid,GR0000000133,3173186.0,1133281.0,226657.0,1324326.0,509356.0,203742.0,761565.0,488981.0,272582.0,4,4533124.0,2037424.0,0.6420738873241286,69.99998235212625,100,99.57569188248833,23.632278151790313,24.152363527742512,25.95066089164364,1.7982973639011277,28.853006823994587,119292.68421052632,6.9296784826015605,4.4119684350363286e-05,498049.2359381674,184.56590016571022,44.18137406107494
GR0000000134,2022,6,196660.0,49517.0,135507.0,698056.0,471228.0,17533.0,67050.0,803388.0,Automotive,S,Compliant,TR-73945673,GR0000000134,2023-06-23,On-time,Agent-prepared,803388.0,736338.0,67050.0,17347.81,1581.25,15766.56,Paid,GR0000000134,562371.0,160678.0,80338.0,416125.0,160048.0,64019.0,134969.0,153647.0,-18677.0,4,803387.0,640192.0,1.1383873333876668,70.00001244730124,100,100.0,8.345905091935652,23.514630872483224,25.872945563012678,2.358314690529454,16.866943494301633,133898.0,9.11498338983422,0.00012447301238616149,50881.73474422073,290.20552526219547,65.9056239194549
GR0000000134,2023,6,118837.0,23821.0,119443.0,394024.0,274504.0,7111.0,30933.0,487035.0,Automotive,S,Compliant,TR-873EF081,GR0000000134,2024-06-18,On-time,Agent-prepared,487035.0,456102.0,30933.0,8003.28,750.75,7252.53,Paid,GR0000000134,340924.0,97407.0,48703.0,246541.0,94824.0,37929.0,81822.0,91031.0,-9209.0,4,487034.0,379294.0,1.1125491921488109,70.00004106489486,100,100.0,6.351288921740737,23.44593152943458,25.872951217146735,2.4270196877121535,24.524520824992045,81172.5,9.380528983116921,0.00020532447426724332,30746.639037920664,432.38136742962536,73.97022812760335
GR0000000134,2024,6,103544.0,20802.0,116512.0,316267.0,174880.0,6610.0,27413.0,444346.0,Automotive,S,Compliant,TR-BC23FF6E,GR0000000134,2025-06-12,On-time,Agent-prepared,444346.0,416933.0,27413.0,7092.55,631.27,6461.28,Paid,GR0000000134,311042.0,88869.0,44435.0,234311.0,90120.0,36048.0,74650.0,86516.0,-11865.0,4,444346.0,360479.0,1.1589551239115874,69.99995499003029,100,99.99566649332641,6.169291498066822,23.570130959763617,25.87294349396272,2.302812534199102,26.221007953261648,74057.66666666667,8.900465981910596,0.0,26789.88061138876,405.29320138258333,73.52526462180329
GR0000000135,2022,10,1131890.0,530942.0,314377.0,11957632.0,10151708.0,196768.0,727710.0,2465274.0,Financial Services,S,Compliant,TR-70877F4E,GR0000000135,2023-06-23,On-time,Agent-prepared,2465274.0,1737564.0,727710.0,199074.39,12149.94,186924.44,Paid,GR0000000135,1725692.0,616318.0,123264.0,764706.0,294117.0,117647.0,414167.0,282354.0,131813.0,4,2465274.0,1176470.0,0.6817394915577533,70.00000811268848,100,99.99986195534481,29.518422698653374,25.686666391831913,27.356280661252423,1.66961426942051,12.752213344236788,246527.4,6.103215988756765,0.0,309643.00517665007,157.3645131203499,35.708416895634734
GR0000000135,2023,9,629325.0,301827.0,313985.0,9150376.0,7449204.0,106039.0,407867.0,1753775.0,Financial Services,S,Compliant,TR-D11CDBDD,GR0000000135,2024-06-13,On-time,Self-prepared,1753775.0,1345908.0,407867.0,111577.24,6971.55,104605.69,Paid,GR0000000135,1227642.0,438443.0,87689.0,488667.0,187948.0,75179.0,294634.0,180431.0,114203.0,4,1753774.0,751794.0,0.61239028761107,70.00001140397794,100,100.0,23.256518082422204,25.64700993215926,27.356280356096473,1.7092704239372125,17.90337985203347,194863.88888888888,6.248182873137926,5.701988967654614e-05,172159.91135100412,162.35527622007388,35.18976681364955
GR0000000135,2024,10,953035.0,400646.0,341815.0,13386585.0,9626191.0,113491.0,514137.0,2707149.0,Financial Services,S,Compliant,TR-5C7F4DC5,GR0000000135,2025-06-11,On-time,Agent-prepared,2707149.0,2193012.0,514137.0,140648.76,9834.68,130814.08,Paid,GR0000000135,1895004.0,676787.0,135357.0,782080.0,300801.0,120320.0,454800.0,288768.0,166033.0,4,2707148.0,1203201.0,0.6349340369393139,70.00001477569752,100,99.99997305009704,18.991824978972343,25.443428502519755,27.356280524451655,1.9128520219319007,12.626382958603314,270714.9,6.992368791591194,3.6939243819311685e-05,260714.92809620782,229.72299838419596,46.052663333455754
GR0000000136,2022,1,23429.0,8220.0,33294.0,214430.0,140376.0,2329.0,10549.0,137455.0,Energy,S,Compliant,TR-6D5EB167,GR0000000136,2023-06-24,On-time,Agent-prepared,137455.0,126906.0,10549.0,2806.64,285.92,2520.72,Paid,GR0000000136,109965.0,20618.0,6873.0,66573.0,25605.0,10242.0,26391.0,24581.0,1811.0,4,137456.0,102420.0,0.9314160130347467,80.0001455011058,100,100.0,7.674511658360918,23.895345530382027,26.60574462034316,2.7103990899611325,24.221745298461315,137455.0,10.187270187840266,0.0007275055290412169,6233.4599071001985,267.6453373593902,54.974604123095304
GR0000000136,2023,1,17099.0,6829.0,25806.0,188586.0,121400.0,2161.0,8990.0,103224.0,Energy,S,Compliant,TR-B0117900,GR0000000136,2024-06-23,On-time,Agent-prepared,103224.0,94234.0,8990.0,2391.86,268.78,2123.08,Paid,GR0000000136,82579.0,15483.0,5161.0,48634.0,18705.0,7482.0,19819.0,17957.0,1862.0,4,103223.0,74821.0,0.906049750239669,80.00058126580316,100,99.99799251207003,8.709214911260947,23.616017797552836,26.605784204671863,2.9897664071190277,25.0,103224.0,11.237279773899807,0.0009687763386168058,4549.323041156842,210.51934480133468,47.42382595473419
GR0000000136,2024,1,16754.0,7227.0,22886.0,145749.0,102492.0,2180.0,9407.0,91545.0,Energy,S,Compliant,TR-EF11370E,GR0000000136,2025-06-16,On-time,Agent-prepared,91545.0,82138.0,9407.0,2502.8,284.29,2218.51,Paid,GR0000000136,73236.0,13733.0,4578.0,44005.0,16925.0,6770.0,17578.0,16249.0,1329.0,4,91547.0,67700.0,0.9243941290249175,79.99825226386447,100,100.0,10.27582063466055,23.58360795152546,26.60571914531732,3.022111193791858,24.999726910262712,91545.0,11.358878056576634,0.0021846701694250292,4457.522185606464,204.47349475259008,43.85221439656202
GR0000000137,2022,5,544558.0,238236.0,170830.0,876487.0,439998.0,63876.0,302112.0,993439.0,Technology and Innovation,M,Compliant,TR-1517BCF3,GR0000000137,2023-06-14,On-time,Agent-prepared,993439.0,691327.0,302112.0,62171.42,12286.08,49885.35,Paid,GR0000000137,397375.0,347703.0,248361.0,392934.0,151129.0,60452.0,95371.0,145084.0,-49713.0,4,993439.0,604515.0,1.5212590829497437,39.99993960374014,100,99.99929839121104,30.410724765184376,16.51220408325389,20.57893099247961,4.066726909225718,17.195821786742822,198687.8,19.761620371546925,0.0,112064.21503402712,175.4402514779058,44.52161202296174
GR0000000137,2023,5,665015.0,269306.0,193964.0,1003947.0,506139.0,78759.0,348065.0,1168336.0,Technology and Innovation,M,Compliant,TR-FA156E62,GR0000000137,2024-06-15,On-time,Agent-prepared,1168336.0,820271.0,348065.0,71628.06,13447.5,58180.56,Paid,GR0000000137,467334.0,408918.0,292083.0,474088.0,182341.0,72937.0,112160.0,175048.0,-62889.0,4,1168335.0,729366.0,1.5606990014265336,40.0,100,100.0,29.791515454458306,16.715429589300847,20.578932096016548,3.863502506715701,16.601731008887853,233667.2,18.774067034623023,8.559188930945538e-05,136852.98527832443,173.76171012623882,47.660579084682304
GR0000000137,2024,5,490340.0,149532.0,177715.0,768624.0,311166.0,49588.0,199120.0,958734.0,Technology and Innovation,M,Compliant,TR-70838F55,GR0000000137,2025-06-21,On-time,Self-prepared,958734.0,759614.0,199120.0,40976.77,7383.18,33593.59,Paid,GR0000000137,383494.0,335556.0,239684.0,377946.0,145364.0,58146.0,92038.0,139550.0,-47512.0,4,958734.0,581456.0,1.5162215606597276,40.00004172168714,100,100.0,20.76905585908083,16.871027521092806,20.578932302129367,3.707904781036561,18.536424075916784,191746.8,18.017964812746346,0.0,100906.73665026113,203.49023281895043,59.391442672431374
GR0000000138,2022,14,306648.0,90199.0,281830.0,1343677.0,832401.0,37787.0,127986.0,1500174.0,Logistics and Transportation,S,Compliant,TR-C735510C,GR0000000138,2023-06-23,On-time,Agent-prepared,1500174.0,1372188.0,127986.0,30137.49,2462.13,27675.36,Paid,GR0000000138,825096.0,450053.0,225026.0,673406.0,259003.0,103601.0,198023.0,248642.0,-50619.0,4,1500175.0,1036010.0,1.2556218217075794,54.99998333527755,100,99.99869920391279,8.531410356398657,21.623740096573062,23.547489569171628,1.9237494725985655,18.786487434124307,107155.28571428571,8.169658455299363,6.665888979684453e-05,72207.90581407341,191.09192530254694,58.26289426312906
GR0000000138,2023,14,287408.0,91778.0,237021.0,1485064.0,950050.0,26989.0,118768.0,1433123.0,Logistics and Transportation,S,Compliant,TR-66F74C58,GR0000000138,2024-06-12,On-time,Agent-prepared,1433123.0,1314355.0,118768.0,27966.88,2512.57,25454.32,Paid,GR0000000138,788218.0,429937.0,214968.0,670361.0,257832.0,103133.0,189173.0,247517.0,-58346.0,4,1433123.0,1031326.0,1.30841610589249,55.00002442218847,100,99.99874284600807,8.28735565614396,21.431968206924424,23.54748753873097,2.1155193318065457,16.53877580640322,102365.92857142857,8.984091182141162,0.0,67677.36298531591,250.75906104455856,58.67616767800479
GR0000000138,2024,15,368153.0,94821.0,262589.0,2222095.0,1442910.0,38859.0,133679.0,1575115.0,Logistics and Transportation,S,Compliant,TR-C5A2A12C,GR0000000138,2025-06-20,On-time,Agent-prepared,1575115.0,1441436.0,133679.0,31478.05,2459.12,29018.93,Paid,GR0000000138,866314.0,472535.0,236268.0,707694.0,272190.0,108876.0,207915.0,261302.0,-53387.0,4,1575117.0,1088760.0,1.2567732005867782,54.99997777942844,100,100.0,8.486935874523448,21.707919718130746,23.547490630540324,1.8395709124095774,16.671100205381826,105007.66666666667,7.812173879894085,0.00012697469458089472,86690.79318105312,223.09064356018712,63.689281358565594
GR0000000139,2022,7,172888.0,63999.0,213613.0,1980868.0,1361664.0,24821.0,88820.0,1034966.0,Energy,S,Compliant,TR-37700BD1,GR0000000139,2023-06-16,On-time,Agent-prepared,1034966.0,946146.0,88820.0,19551.13,2266.12,17285.01,Paid,GR0000000139,827972.0,155244.0,51747.0,498556.0,191752.0,76701.0,198714.0,184083.0,14631.0,4,1034963.0,767009.0,0.926371569189891,80.00015459489856,100,98.9879374019497,8.581924430367762,19.46071830668768,22.01208061247467,2.551362305786988,20.63961521441284,147852.2857142857,11.590736699106394,0.00028986543481046567,38056.245929295204,153.32277478463882,48.625699875063624
GR0000000139,2023,6,164642.0,53153.0,171480.0,1460745.0,897771.0,16149.0,69301.0,797772.0,Energy,S,Compliant,TR-E52D1EFF,GR0000000139,2024-06-19,On-time,Self-prepared,797772.0,728471.0,69301.0,15254.59,1721.97,13532.62,Paid,GR0000000139,638217.0,119666.0,39889.0,391805.0,150694.0,60278.0,153173.0,144667.0,8506.0,4,797772.0,602777.0,0.9444680198207256,79.99992479054166,100,100.0,8.686817787538294,19.52730840824808,22.012077747795846,2.4847693395477677,21.494863193995275,132962.0,11.288208991523208,0.0,36241.12504552604,224.4171468544556,57.908067200349855
GR0000000139,2024,6,199463.0,68337.0,159842.0,2221703.0,1488959.0,20795.0,89132.0,1006089.0,Energy,S,Compliant,TR-FC663E9E,GR0000000139,2025-06-18,On-time,Agent-prepared,1006089.0,916957.0,89132.0,19619.81,2361.27,17258.53,Paid,GR0000000139,804872.0,150913.0,50305.0,481939.0,185361.0,74145.0,193170.0,177948.0,15222.0,4,1006090.0,741445.0,0.9211989439353937,80.0,100,100.0,8.859255990275214,19.36288874927074,22.012083202441325,2.6491944531705833,15.887461248458138,167681.5,12.03513183868753,9.93946863592221e-05,43905.96151808554,211.1371075647297,55.314018138702416
GR0000000140,2022,19,344306.0,112790.0,456174.0,2653621.0,1667150.0,39904.0,152693.0,2073587.0,Logistics and Transportation,S,Somewhat Compliant,TR-9D55CAB3,GR0000000140,2023-08-01,Late,Agent-prepared,1921700.14,1864049.14,57651.0,16241.86,1481.69,14760.17,Paid,GR0000000140,1036144.0,582147.0,302217.0,941788.0,344716.0,134340.0,248674.0,362566.0,-113892.0,4,1920508.0,1420844.0,1.4579972172402422,53.95155865010716,80,99.99884825174777,2.9999997814435297,9.666566247306688,28.17272900730256,18.506162759995874,21.999269864249726,109136.15789473684,9.122662059640954,0.06207420120092344,97000.39633588315,243.08439338382905,55.651949138266545
GR0000000140,2023,20,598685.0,150156.0,337569.0,2092106.0,1696678.0,51705.0,201861.0,2275310.0,Logistics and Transportation,S,Somewhat Compliant,TR-1D90AF15,GR0000000140,2024-07-19,Extended,Agent-prepared,2127749.86,2063917.37,63832.5,17983.36,1559.27,16424.08,Unpaid,GR0000000140,1137534.0,634085.0,328602.0,994155.0,376458.0,146937.0,273008.0,384418.0,-111411.0,4,2100221.0,1517550.0,1.408083279610854,54.162585746928535,80,0.0,3.000000197391624,8.136331435988131,28.17273332550033,20.0364018895122,14.83617616940109,113765.5,8.670626623723264,1.3107601533362434,168665.92850977165,326.2081588043161,66.28260270426017
GR0000000140,2024,18,475658.0,123627.0,326350.0,2446777.0,1882125.0,35155.0,158782.0,1976165.0,Logistics and Transportation,S,Somewhat Compliant,TR-D474F33F,GR0000000140,2025-06-23,On-time,Agent-prepared,1887512.58,1830887.2,56625.38,15952.91,1405.3,14547.61,Paid,GR0000000140,976548.0,559107.0,292094.0,862597.0,325109.0,126624.0,234371.0,335624.0,-101253.0,4,1827749.0,1314330.0,1.4320201731442883,53.428999277253055,60,100.0,3.0000001377474264,9.162001990150017,28.17272043030881,19.010718440158794,16.514309280854583,109786.94444444444,8.809051138632388,3.2697914210320977,134005.79854439828,381.1856024588203,66.61845275386938
GR0000000141,2024,96,5208232.0,2136899.0,3040824.0,26141979.0,13332793.0,745164.0,2882063.0,20036840.0,Energy,M,Compliant,TR-998C39EC,GR0000000141,2025-08-20,Extended,Agent-prepared,20036840.0,17154777.0,2882063.0,695688.71,125384.19,570304.52,Paid,GR0000000141,16029472.0,3005526.0,1001842.0,9240739.0,3554131.0,1421652.0,3847072.0,3411965.0,435108.0,4,20036840.0,14216522.0,0.886899179427887,80.0,80,89.85645016634565,14.383820003553454,19.788065701547815,24.13856706116417,4.350501359616356,15.17616550314321,208717.08333333334,18.023030731661578,0.0,1257192.5740210118,168.71354145141362,44.6633137694327
GR0000000142,2022,3,131465.0,24854.0,82830.0,319191.0,220385.0,5476.0,30330.0,554817.0,Automotive,M,Somewhat Compliant,TR-2EF8D5DF,GR0000000142,2023-06-28,On-time,Agent-prepared,522862.2,507176.34,15685.87,3868.25,668.88,3199.36,Paid,GR0000000142,337070.0,102414.0,53757.0,259969.0,94941.0,37736.0,80896.0,100212.0,-19314.0,4,493241.0,392646.0,1.2387757120253164,68.3377902485803,100,0.0,3.000000765019923,10.54849983514672,24.660729688566843,14.112229853420123,14.929246940883209,184939.0,17.29154010211336,6.005421284929691,32420.2282850744,592.042152758846,76.92922070513065
GR0000000142,2023,2,111547.0,20840.0,60404.0,407067.0,224333.0,5596.0,26436.0,501648.0,Automotive,M,Somewhat Compliant,TR-F8E29DA5,GR0000000142,2024-06-25,On-time,Self-prepared,455993.53,442313.72,13679.81,3373.54,580.93,2792.61,Paid,GR0000000142,307532.0,94707.0,48637.0,223190.0,84532.0,32885.0,73807.0,86090.0,-12283.0,4,450876.0,340607.0,1.1664205292180958,68.20766685297066,60,100.0,3.0000008991355642,10.563663186563778,24.66072262699555,14.097059440431773,12.04111249322234,250824.0,17.22019006740694,1.1350193844871015,27508.296268734728,491.57069815465917,76.30057285269886
GR0000000142,2024,2,170129.0,51340.0,65891.0,421770.0,217067.0,11750.0,63090.0,625599.0,Automotive,M,Somewhat Compliant,TR-2D9D87E7,GR0000000142,2025-06-29,On-time,Agent-prepared,607250.37,589032.86,18217.51,4492.57,772.73,3719.84,Paid,GR0000000142,396589.0,120106.0,61200.0,291748.0,111538.0,43572.0,95182.0,115209.0,-20028.0,4,577895.0,446858.0,1.210407429976256,68.62648058903434,100,0.0,2.9999998188556063,5.896084957996513,24.660724764251537,18.764639806255023,10.532465684887605,312799.5,17.200177181435127,5.079706521080829,41955.0444341735,357.06420795041277,62.916375221155704
GR0000000143,2022,1,36116.0,7131.0,23602.0,126935.0,76792.0,2515.0,9646.0,162685.0,Automotive,S,Somewhat Compliant,TR-4C96B9E2,GR0000000143,2023-06-26,On-time,Self-prepared,156419.6,151727.01,4692.59,1372.63,161.4,1211.23,Paid,GR0000000143,101015.0,30281.0,15818.0,84157.0,31722.0,12311.0,24244.0,32572.0,-8330.0,4,147114.0,128190.0,1.34350767200132,68.66443710319888,80,99.98101103836595,3.0000012786121433,12.556811113414886,29.251010635917478,16.694199522502593,14.507791130098042,162685.0,11.758449108645447,6.325434696901722,10564.295001267958,420.0514911040937,73.29161590430834
GR0000000143,2023,1,13640.0,2190.0,22662.0,52954.0,33986.0,686.0,2876.0,75539.0,Automotive,S,Somewhat Compliant,TR-98C28AA3,GR0000000143,2024-06-26,On-time,Agent-prepared,69181.92,67106.47,2075.46,607.09,63.11,543.99,Paid,GR0000000143,46602.0,14136.0,7239.0,36835.0,13667.0,5354.0,11184.0,14243.0,-3058.0,4,67977.0,55856.0,1.2735157367668097,68.55554084469748,80,100.0,3.000003469114474,18.914812239221142,29.25086486851108,10.336052629289938,30.00039714584519,75539.0,10.39549325470688,1.7725407122997527,3989.817968064911,581.6061177937188,78.91495601173021
GR0000000143,2024,1,25941.0,6354.0,23588.0,79235.0,57757.0,1933.0,8287.0,113384.0,Automotive,S,Somewhat Compliant,TR-FD86A955,GR0000000143,2025-06-21,On-time,Agent-prepared,106681.25,103480.81,3200.44,936.16,108.29,827.87,Unpaid,GR0000000143,70938.0,21575.0,11076.0,57601.0,21175.0,8283.0,17025.0,21851.0,-4826.0,4,103589.0,87059.0,1.2834654919236417,68.48024404135575,100,0.0,3.0000023434296095,9.989984312779052,29.2509779905263,19.26099367774725,20.803640725322797,113384.0,11.567467099641087,2.9851142495824767,7587.996200522428,392.5502431723967,68.05443120928261
GR0000000144,2024,16,406455.0,93646.0,307372.0,702672.0,556728.0,21499.0,115145.0,1592210.0,Consumer Goods and Retail,S,Non-Compliant,TR-95350E66,GR0000000144,2025-06-29,On-time,Self-prepared,1130569.2,1119263.51,11305.69,2892.69,280.67,2612.02,Unpaid,GR0000000144,921678.0,215847.0,75433.0,778237.0,265476.0,99824.0,221203.0,329255.0,-108053.0,4,1212958.0,1143537.0,1.488474387779551,75.98597808003245,40,0.0,0.9999998230979582,2.268461505058839,25.586142906801797,23.31768140174296,19.304739952644436,99513.125,9.702733441882817,6.7923868757203465,103996.15715184124,483.7255553832329,71.67091067891894
GR0000000145,2022,4,247303.0,47881.0,91640.0,991725.0,614069.0,10433.0,58314.0,998596.0,Agriculture and Food Production,M,Non-Compliant,TR-64C3EC87,GR0000000145,2023-07-15,Late,Self-prepared,871130.75,862419.44,8711.31,2348.9,442.0,1906.9,Paid,GR0000000145,419874.0,225569.0,95918.0,418094.0,145476.0,54706.0,100769.0,178708.0,-77939.0,4,741361.0,618276.0,1.7734422292570136,56.635566208635204,40,0.0,1.0000002869833258,3.270055218300923,26.963797637783525,23.693742419482604,9.176884345621254,249649.0,18.81731874494444,17.504259058677206,66682.2804721678,639.1477089252161,76.42001916677113
GR0000000145,2023,3,130474.0,18278.0,62996.0,341775.0,143439.0,3652.0,21930.0,448679.0,Agriculture and Food Production,M,Non-Compliant,TR-7EFA2922,GR0000000145,2024-09-17,Extended,Self-prepared,363227.69,359595.41,3632.28,979.4,187.78,791.62,Unpaid,GR0000000145,197940.0,100254.0,42004.0,191780.0,68376.0,24433.0,47505.0,82451.0,-34945.0,4,340198.0,284589.0,1.7356278286496158,58.18376357297809,40,0.0,1.0000008534591622,3.6097583219334246,26.963780325305315,23.35402200337189,14.040327271835768,149559.66666666666,19.172963038595057,6.769495999388586,35180.722741638856,963.3275668575809,83.19205358922083
GR0000000145,2024,2,67147.0,14973.0,49275.0,248270.0,194923.0,2138.0,17112.0,313815.0,Agriculture and Food Production,M,Non-Compliant,TR-0A46DD08,GR0000000145,2025-07-06,Late,Agent-prepared,249818.85,247320.66,2498.19,673.61,125.22,548.39,Paid,GR0000000145,140994.0,70754.0,29148.0,143418.0,48341.0,17864.0,33839.0,59251.0,-25412.0,4,240896.0,209623.0,1.7509678181979373,58.528991764080764,20,99.92888272944438,1.0000006004350752,3.204710144927536,26.963921879440715,23.75921173451318,15.7019262941542,156907.5,18.589391487656062,3.704025803666311,18105.464624388056,846.8411891668875,74.51561499396846
GR0000000146,2022,5,281539.0,85948.0,208409.0,1666928.0,996016.0,30359.0,116307.0,1213945.0,Energy,M,Compliant,TR-5E3843BB,GR0000000146,2023-06-23,On-time,Agent-prepared,1213945.0,1097638.0,116307.0,24502.03,4137.37,20364.66,Paid,GR0000000146,971156.0,182092.0,60698.0,561706.0,216041.0,86416.0,233078.0,207399.0,25678.0,4,1213946.0,864163.0,0.8898265816593587,79.99993409921035,100,100.0,9.580911820552002,17.50940184167763,21.066685582123174,3.557283740445545,17.16791123156321,242789.0,16.88582537855027,8.23759870649532e-05,59310.93592105376,195.36524892471346,58.688849502200405
GR0000000146,2023,4,367831.0,168728.0,171374.0,2250511.0,1470213.0,48786.0,217514.0,1320372.0,Energy,M,Compliant,TR-09D1D383,GR0000000146,2024-06-10,On-time,Agent-prepared,1320372.0,1102858.0,217514.0,45822.98,8043.62,37779.36,Paid,GR0000000146,1056297.0,198055.0,66018.0,568344.0,218594.0,87438.0,253511.0,209849.0,43661.0,4,1320370.0,874376.0,0.8277707870664389,80.00007573634663,100,99.99955795873201,16.473690747758965,17.368702704193755,21.066680765376024,3.697978061182269,12.979221007413063,330093.0,17.553681580726526,0.0001514726932549948,77489.78252609028,158.83610569854113,40.86577803393406
GR0000000146,2024,3,262472.0,80060.0,104656.0,1501092.0,1041362.0,25951.0,106012.0,1115189.0,Energy,M,Compliant,TR-823F0605,GR0000000146,2025-06-24,On-time,Agent-prepared,1115189.0,1009177.0,106012.0,22333.21,4015.4,18317.81,Paid,GR0000000146,892152.0,167278.0,55759.0,502803.0,193386.0,77354.0,214116.0,185651.0,28466.0,4,1115189.0,773543.0,0.8670580433036298,80.00007173671906,100,99.6049701809237,9.506191327210006,17.278996717352754,21.066681130438063,3.7876844130853087,9.384597588390847,371729.6666666667,17.97950227486331,0.0,55294.139296683396,213.07132402097565,59.610167941723304
GR0000000147,2022,46,15621333.0,5006300.0,1985324.0,23271573.0,12469624.0,685034.0,5691333.0,22164083.0,Technology and Innovation,M,Non-Compliant,TR-7E866DB9,GR0000000147,2023-06-26,On-time,Self-prepared,17215469.87,17043315.17,172154.7,42766.53,10478.26,32288.28,Paid,GR0000000147,6178373.0,7108263.0,5128932.0,8820713.0,3176483.0,1165659.0,1482809.0,3802769.0,-2319959.0,4,18415568.0,13162855.0,2.564571027016966,33.54972814305809,20,99.99913281227741,1.0000000075513478,0.5673236832214879,24.84191834437282,24.274594661151333,8.957392913571024,481827.89130434784,24.501075958231823,6.516758701116354,3880638.7881625653,566.4884937335323,63.566918392943805
GR0000000147,2023,40,11041808.0,3347812.0,1974395.0,17891439.0,8673884.0,637061.0,3984874.0,17591478.0,Technology and Innovation,M,Non-Compliant,TR-C9292A4C,GR0000000147,2024-06-28,On-time,Agent-prepared,14297927.62,14154948.35,142979.28,35518.8,7827.09,27691.71,Unpaid,GR0000000147,5013846.0,5479526.0,4119904.0,6632072.0,2332881.0,859984.0,1203323.0,2779768.0,-1576445.0,4,14613276.0,9824937.0,2.3100763469159986,34.310212165978385,40,0.0,1.0000000265772782,0.694920592219478,24.841921151092663,24.147000558873184,11.22358792137875,439786.95,22.036470826717117,2.157958147098571,2742997.237015042,430.5705791148794,63.9110370330656
GR0000000147,2024,26,6885264.0,2682568.0,1038074.0,7463369.0,3510385.0,334353.0,3016921.0,10409591.0,Technology and Innovation,M,Non-Compliant,TR-AF0884E6,GR0000000147,2025-08-15,Extended,Agent-prepared,8394994.2,8311044.25,83949.94,20854.78,4517.24,16337.54,Partial,GR0000000147,2723118.0,3245322.0,2452116.0,4282981.0,1425317.0,533573.0,653548.0,1794327.0,-1140778.0,4,8420556.0,6241871.0,2.745516779180718,32.33893343859954,20,0.0,0.9999999761762791,0.5415302555154743,24.841923651166393,24.300393395650918,9.97228421366411,400368.8846153846,21.660453862375917,0.3035642777032832,1710432.0260612452,511.5647313053106,56.18292922391937
GR0000000148,2022,6,80107.0,13086.0,117643.0,396844.0,244206.0,4045.0,17131.0,474327.0,Agriculture and Food Production,S,Compliant,TR-2D42B93D,GR0000000148,2023-06-17,On-time,Self-prepared,474327.0,450610.65,23716.35,5983.16,629.12,5354.04,Paid,GR0000000148,308313.0,118582.0,47433.0,228686.0,87956.0,35183.0,73996.0,84438.0,-10443.0,4,474328.0,351825.0,1.141115735985729,64.99995783508459,100,99.99925290061337,5.0,31.253517015936023,25.227996719562668,-6.0255202963733545,24.8020880110135,79054.5,10.514844998295215,0.00021082457708487823,20209.391332140065,499.61412440395713,78.61485263460122
GR0000000148,2023,5,56444.0,17050.0,59602.0,301515.0,152291.0,5180.0,22231.0,238410.0,Agriculture and Food Production,S,Compliant,TR-C9CAD18F,GR0000000148,2024-06-18,On-time,Agent-prepared,238410.0,216179.0,22231.0,5608.44,639.39,4969.05,Paid,GR0000000148,154966.0,59602.0,23841.0,111426.0,42856.0,17142.0,37192.0,41142.0,-3950.0,4,238409.0,171424.0,1.1062056356205636,65.00006291708786,100,99.99899377144524,9.324692756176335,22.351896001079574,25.22801493410103,2.8761189330214556,24.99979027725347,47682.0,11.400496394719388,0.0004194472524199355,14239.700749403984,274.8976978649418,60.61405995322799
GR0000000148,2024,4,63329.0,17942.0,64756.0,244798.0,147306.0,6705.0,24647.0,259024.0,Agriculture and Food Production,S,Compliant,TR-E9451122,GR0000000148,2025-06-10,On-time,Agent-prepared,259024.0,234377.0,24647.0,6217.95,605.94,5612.01,Paid,GR0000000148,168366.0,64756.0,25903.0,125607.0,48310.0,19324.0,40407.0,46378.0,-5971.0,4,259025.0,193241.0,1.1477714257430642,64.99990348421967,100,99.99982181072379,9.515334486379642,22.769545989369906,25.228019637278372,2.458473647908466,25.0,64756.0,9.74501242370878,0.00038606312131594933,15976.65255609202,238.27968018034335,61.08102133303858
GR0000000149,2022,2,18686.0,4476.0,34422.0,130271.0,91675.0,1782.0,6258.0,113923.0,Logistics and Transportation,S,Compliant,TR-F2800899,GR0000000149,2023-06-19,On-time,Agent-prepared,113923.0,107665.0,6258.0,1412.36,122.52,1289.84,Partial,GR0000000149,62658.0,34176.0,17089.0,52080.0,20030.0,8012.0,15038.0,19229.0,-4191.0,4,113923.0,80122.0,1.2786939752626678,55.00030722505552,100,97.99665074737952,5.493183992696822,20.611057845957173,22.568871844039627,1.9578139980824538,30.21514531745126,56961.5,8.674842108244357,0.0,4217.219392777245,236.65653158121467,66.50968639623247
GR0000000149,2023,2,41830.0,9992.0,35563.0,250584.0,151778.0,3395.0,13387.0,274148.0,Logistics and Transportation,S,Compliant,TR-3740C079,GR0000000149,2024-06-20,On-time,Agent-prepared,274148.0,260440.6,13707.4,3093.6,278.02,2815.58,Paid,GR0000000149,150781.0,82245.0,41123.0,122258.0,47023.0,18809.0,36188.0,45141.0,-8954.0,4,274149.0,188090.0,1.2474024538521056,54.99965347311133,100,100.0,5.0,21.03219541346082,22.56883143411588,1.5366360206550596,12.972190203831508,137074.0,8.986940780967158,0.00036476514596595067,9440.542188890673,278.0719348715957,67.9966531197705
GR0000000149,2024,1,18517.0,5426.0,17141.0,149773.0,116809.0,2035.0,7461.0,105396.0,Logistics and Transportation,S,Compliant,TR-DE7460B6,GR0000000149,2025-06-13,On-time,Agent-prepared,105396.0,97935.0,7461.0,1683.86,124.79,1559.07,Paid,GR0000000149,57967.0,31619.0,15809.0,47495.0,18268.0,7307.0,13912.0,17537.0,-3624.0,4,105395.0,73070.0,1.2605664174813112,54.99976279709664,100,99.99551014386783,7.079016281452806,20.896260554885405,22.56882455434928,1.6725639994638755,16.263425556947134,105396.0,7.41094865368855,0.0009488116134548363,4179.069242728857,205.359667947364,59.70729599827186
GR0000000150,2022,1,21899.0,7154.0,27144.0,175745.0,117425.0,3042.0,10196.0,108578.0,Energy,S,Compliant,TR-B2766874,GR0000000150,2023-06-12,On-time,Agent-prepared,108578.0,98382.0,10196.0,2915.08,334.92,2580.16,Partial,GR0000000150,86863.0,16287.0,5428.0,50802.0,19540.0,7816.0,20846.0,18758.0,2090.0,4,108578.0,78158.0,0.8998368991653075,80.00055259813222,100,97.87673227469723,9.390484260163202,25.305610043154175,28.590427618673992,3.284817575519817,24.999539501556484,108578.0,11.489221565102845,0.0,6261.017744213417,205.81912374140097,53.4407963833965
GR0000000150,2023,1,43113.0,15110.0,33720.0,532421.0,396204.0,5928.0,21038.0,226237.0,Energy,S,Compliant,TR-643C44A6,GR0000000150,2024-06-20,On-time,Agent-prepared,226237.0,205199.0,21038.0,6014.86,755.19,5259.67,Paid,GR0000000150,180988.0,33935.0,11312.0,112733.0,43358.0,17344.0,43437.0,41625.0,1812.0,4,226235.0,173435.0,0.9582844119068996,80.0,100,100.0,9.299097848716169,25.000808061602815,28.5904553664797,3.589647304876884,14.904723807334786,226237.0,12.555404448316338,0.0008840365107065651,12326.203022150394,207.93189983384605,51.20265349198617
GR0000000150,2024,1,42929.0,14898.0,33856.0,300713.0,224036.0,5258.0,20156.0,184239.0,Energy,S,Compliant,TR-7795C227,GR0000000150,2025-06-13,On-time,Agent-prepared,184239.0,164083.0,20156.0,5762.69,659.32,5103.37,Paid,GR0000000150,147391.0,27636.0,9212.0,87860.0,33793.0,13517.0,35374.0,32441.0,2934.0,4,184239.0,135170.0,0.9170859953638265,79.99989144535088,100,99.99539650408032,10.94013753874044,25.31935899980155,28.590444532645364,3.271085532843813,18.37613100375056,184239.0,11.44118458567093,0.0,12273.59193341933,233.42700520006332,53.04805609261805
GR0000000151,2022,50,6845172.0,2467416.0,2942192.0,28009740.0,17087398.0,783318.0,3250734.0,23911961.0,Energy,L,Compliant,TR-9D8D1F29,GR0000000151,2023-06-16,On-time,Agent-prepared,23911961.0,20661227.0,3250734.0,814820.45,185173.62,629646.83,Paid,GR0000000151,19129569.0,3586794.0,1195598.0,9894906.0,3805734.0,1522293.0,4591097.0,3653504.0,937593.0,4,23911961.0,15222933.0,0.795780180640923,80.0000008364015,100,91.5713710517426,13.594593935645847,19.36937411673794,25.06573746113954,5.6963633444016,12.304268980699659,478239.22,22.725696194787453,0.0,1715792.842283435,219.04167174550247,52.510557806290336
GR0000000151,2023,57,6003524.0,2544229.0,3199967.0,30069232.0,19173004.0,965493.0,3509723.0,24010700.0,Energy,L,Compliant,TR-7C2D33B2,GR0000000151,2024-06-25,On-time,Agent-prepared,24010700.0,20500977.0,3509723.0,879737.95,195964.62,683773.33,Paid,GR0000000151,19208560.0,3601605.0,1200535.0,10337944.0,3976132.0,1590453.0,4610055.0,3817087.0,792968.0,4,24010700.0,15904529.0,0.8279916400129717,80.0,100,88.8941734975346,14.617328940847205,19.482259141248466,25.065737381554044,5.583478240305578,13.3272540992141,421240.350877193,22.275340060071297,0.0,1504827.5594785686,155.8610533145832,41.53895278839562
GR0000000151,2024,55,6892441.0,2910516.0,2926464.0,33602419.0,15950876.0,773132.0,3683649.0,21275233.0,Energy,L,Compliant,TR-38BEAF1B,GR0000000151,2025-06-25,On-time,Self-prepared,21275233.0,17591584.0,3683649.0,923333.78,196593.38,726740.4,Paid,GR0000000151,17020187.0,3191285.0,1063762.0,8973985.0,3451533.0,1380614.0,4084845.0,3313471.0,771373.0,4,21275234.0,13806132.0,0.8111619902346355,79.99999905993982,100,99.99997329975155,17.314259260991406,19.728817810817482,25.065737262155004,5.336919451337522,13.755261810763717,386822.41818181815,21.291691505102303,4.7003008263324375e-06,1727641.152009049,223.4600497727489,46.555233479691736
GR0000000152,2022,4,148214.0,49221.0,115683.0,404686.0,249932.0,13826.0,63047.0,657137.0,Manufacturing,M,Compliant,TR-A2A05EC0,GR0000000152,2023-06-10,On-time,Agent-prepared,657137.0,594090.0,63047.0,17540.45,2640.96,14899.49,Paid,GR0000000152,394283.0,164284.0,98571.0,322370.0,123990.0,49597.0,94627.0,119029.0,-24402.0,4,657138.0,495957.0,1.2578756591670452,60.00003043500757,100,99.99671129682962,9.5941942091223,23.632353640934543,27.821228607229525,4.188874966294982,17.60409168864331,164284.25,15.056398210992306,0.00015217503781528308,41234.95576791917,298.24212185678556,57.46218305962999
GR0000000152,2023,4,203227.0,67025.0,114440.0,690441.0,399112.0,21053.0,88078.0,872657.0,Manufacturing,M,Compliant,TR-784B7B0A,GR0000000152,2024-06-21,On-time,Agent-prepared,872657.0,784579.0,88078.0,24504.38,3830.43,20673.95,Paid,GR0000000152,523593.0,218164.0,130899.0,419556.0,161368.0,64547.0,125662.0,154913.0,-29250.0,4,872656.0,645471.0,1.2327752224220527,59.99993124438496,100,100.0,10.09308353683062,23.47231998910057,27.821226640023617,4.348906650923048,13.113972614669912,218164.25,15.631613613566225,0.00011459269173563769,56540.24426372079,268.5614604271163,56.66028628085835
GR0000000152,2024,4,361635.0,96588.0,89193.0,848461.0,397914.0,29161.0,125749.0,1218969.0,Manufacturing,M,Compliant,TR-D0A8AA4B,GR0000000152,2025-06-13,On-time,Agent-prepared,1218969.0,1093220.0,125749.0,34984.91,5196.67,29788.25,Paid,GR0000000152,731381.0,304742.0,182845.0,595290.0,228958.0,91583.0,175532.0,219799.0,-44268.0,4,1218968.0,915831.0,1.2521876353029646,60.000016407321596,100,99.99916074291038,10.31601295849197,23.688657563877246,27.821223230403426,4.13256566652618,7.317085176079129,304742.25,14.854032781562108,8.203660801786583e-05,100611.28062926943,345.01999461359156,65.22764666030666
GR0000000153,2022,10,2934121.0,1035782.0,419046.0,5242620.0,2675723.0,286634.0,1322417.0,4543309.0,Technology and Innovation,M,Compliant,TR-F0ADBEE4,GR0000000153,2023-06-25,On-time,Agent-prepared,4543309.0,3220892.0,1322417.0,369575.1,59507.46,310067.64,Paid,GR0000000153,1817324.0,1590158.0,1135827.0,1731276.0,665876.0,266350.0,436158.0,639240.0,-203082.0,4,4543309.0,2663502.0,1.4656156713851403,40.00000880415574,100,100.0,29.106913045095546,23.447039776409408,27.946941093467494,4.499901317058086,9.223365613036666,454330.9,16.10158801282879,0.0,819997.0674810593,286.07808825228665,54.92970467134791
GR0000000153,2023,10,2366570.0,984766.0,352589.0,3511678.0,1748717.0,354090.0,1338855.0,3546767.0,Technology and Innovation,M,Compliant,TR-9A0722EE,GR0000000153,2024-06-16,On-time,Agent-prepared,3546767.0,2207912.0,1338855.0,374169.02,64478.3,309690.72,Paid,GR0000000153,1418707.0,1241368.0,886692.0,1345803.0,517617.0,207047.0,340490.0,496911.0,-156422.0,4,3546767.0,2070467.0,1.4593996886839555,40.00000563893823,100,100.0,37.74860316451574,23.131012693682287,27.94694122963278,4.815928535950494,9.94113794337209,354676.7,17.23239941136762,0.0,661383.9270581205,186.78413032226848,43.42635121716239
GR0000000153,2024,10,1823739.0,580216.0,315544.0,2942703.0,1346731.0,221726.0,801942.0,3146579.0,Technology and Innovation,M,Compliant,TR-5FD1C355,GR0000000153,2025-06-18,On-time,Agent-prepared,3146579.0,2344637.0,801942.0,224118.26,36925.39,187192.87,Paid,GR0000000153,1258632.0,1101303.0,786644.0,1227436.0,472092.0,188837.0,302073.0,453208.0,-151136.0,4,3146579.0,1888365.0,1.5003260801197063,40.00001271221857,100,100.0,25.486154963851217,23.34244496484783,27.946941299994265,4.604496335146436,10.028160742190169,314657.9,16.475850740586687,0.0,509679.26779510244,229.86896791314618,56.02758947415173
GR0000000154,2022,9,468872.0,201592.0,314854.0,2771089.0,1648504.0,62058.0,263649.0,2136016.0,Energy,S,Compliant,TR-E587C601,GR0000000154,2023-06-23,On-time,Agent-prepared,2136016.0,1872367.0,263649.0,62287.44,7028.71,55258.74,Paid,GR0000000154,1708813.0,320402.0,106800.0,1027880.0,395338.0,158135.0,410114.0,379524.0,30591.0,4,2136015.0,1581353.0,0.9254109832875737,80.00004681615064,100,95.20238500431103,12.343025520408087,20.959207127658363,23.625137967525006,2.6659308398666433,14.74024539142029,237335.11111111112,11.284313498837005,4.6816150645057064e-05,110771.65689109385,178.49698168019248,43.76951492091658
GR0000000154,2023,8,263045.0,76616.0,273398.0,2937855.0,1869248.0,32655.0,109271.0,1410794.0,Energy,S,Compliant,TR-E55E8190,GR0000000154,2024-06-11,On-time,Agent-prepared,1410794.0,1301523.0,109271.0,25815.43,3115.62,22699.8,Paid,GR0000000154,1128635.0,211619.0,70541.0,674815.0,259544.0,103817.0,270872.0,249163.0,21710.0,4,1410795.0,1038176.0,0.9198551345284858,79.99992911797958,100,100.0,7.7453547434990515,20.773855826340014,23.625142993108877,2.851287166768863,19.379016355328986,176349.25,12.068828603668425,7.088202041982683e-05,62144.757386223246,190.30702001599525,58.459198996369445
GR0000000154,2024,8,232591.0,72191.0,205102.0,1455100.0,878628.0,23853.0,96044.0,995420.0,Energy,S,Compliant,TR-A486D639,GR0000000154,2025-06-21,On-time,Agent-prepared,995420.0,899376.0,96044.0,22690.53,2524.5,20166.03,Paid,GR0000000154,796336.0,149313.0,49771.0,485979.0,186915.0,74765.0,191121.0,179438.0,11681.0,4,995420.0,747659.0,0.938871186316522,80.0,100,88.62678874607774,9.648590544694702,20.996657781849983,23.6251405605764,2.6284827787264184,20.60456892567961,124427.5,11.125786837063744,0.0,54949.95068125026,230.36913881377714,58.70691471295106
GR0000000155,2022,14,209975.0,42526.0,181810.0,545006.0,371890.0,16567.0,59093.0,909052.0,Consumer Goods and Retail,S,Compliant,TR-0252791B,GR0000000155,2023-06-21,On-time,Agent-prepared,909052.0,849959.0,59093.0,15746.57,1112.41,14634.15,Paid,GR0000000155,727242.0,136357.0,45452.0,477340.0,183591.0,73437.0,174538.0,176248.0,-1711.0,4,909051.0,734368.0,1.0097972934260735,80.00013200579505,100,99.99905423340888,6.5005082217518915,24.764608329243735,26.647098641125005,1.88249031188127,19.999955998116718,64932.28571428572,7.064459117128366,0.0001100048292013156,55952.24537170223,337.73311626548093,71.85712584831528
GR0000000155,2023,15,159080.0,40864.0,156768.0,378494.0,271436.0,13253.0,54117.0,783842.0,Consumer Goods and Retail,S,Compliant,TR-0E790BCD,GR0000000155,2024-06-10,On-time,Agent-prepared,783842.0,729725.0,54117.0,14420.61,1047.06,13373.55,Paid,GR0000000155,627074.0,117576.0,39192.0,401534.0,154436.0,61774.0,150498.0,148260.0,2238.0,4,783842.0,617744.0,0.9851293704899733,80.0000510306924,100,100.0,6.904069952873155,24.712290038250455,26.647097954432063,1.934807916181608,19.99994896930759,52256.13333333333,7.260857897134724,0.0,42390.20342591053,319.85364389881937,65.98126728689967
GR0000000155,2024,14,198561.0,29836.0,175891.0,550697.0,313240.0,9945.0,39781.0,879456.0,Consumer Goods and Retail,S,Compliant,TR-D46F2148,GR0000000155,2025-06-12,On-time,Agent-prepared,879456.0,835483.2,43972.8,11717.47,855.64,10861.83,Paid,GR0000000155,703566.0,131918.0,43973.0,460759.0,177215.0,70886.0,168856.0,170126.0,-1271.0,4,879457.0,708860.0,1.0075212014971338,80.00004548261029,100,100.0,5.0,27.30406475453106,26.647086380671688,-0.6569783738593706,19.999977258668995,62818.28571428572,7.302258934735911,0.00011370652572839646,52910.72118832551,532.0333955588286,79.96535069827408
GR0000000156,2022,7,209857.0,68246.0,196817.0,1328372.0,883098.0,21945.0,90190.0,877535.0,Energy,S,Compliant,TR-C93FFCCB,GR0000000156,2023-06-15,On-time,Agent-prepared,877535.0,787345.0,90190.0,23361.23,2411.58,20949.65,Paid,GR0000000156,702028.0,131629.0,43877.0,418127.0,160818.0,64327.0,168487.0,154385.0,14101.0,4,877534.0,643272.0,0.9163021479401972,80.00009116455887,100,100.0,10.277652743195429,23.228351258454374,25.902239716154785,2.6738884577004107,22.42839316950321,125362.14285714286,10.32300097212347,0.00011395569858851928,54357.66320113095,247.69953611816337,57.02311574071868
GR0000000156,2023,7,256560.0,85805.0,239479.0,2164432.0,1427651.0,34181.0,119985.0,1358291.0,Energy,S,Compliant,TR-2318C4BE,GR0000000156,2024-06-16,On-time,Agent-prepared,1358291.0,1238306.0,119985.0,31078.8,3802.26,27276.53,Paid,GR0000000156,1086633.0,203744.0,67914.0,656063.0,252333.0,100933.0,260792.0,242240.0,18553.0,4,1358291.0,1009329.0,0.9288628485536367,80.00001472438527,100,85.32489859703995,8.833526836296492,22.73328332708255,25.902237779722466,3.168954452639916,17.630905306742076,194041.57142857142,12.234256148886058,0.0,66454.78124765595,194.4202371131797,53.23316183348924
GR0000000156,2024,8,385895.0,128170.0,248773.0,3314753.0,2084439.0,41473.0,169642.0,1885742.0,Energy,S,Compliant,TR-CBD0516E,GR0000000156,2025-06-22,On-time,Agent-prepared,1885742.0,1716100.0,169642.0,43941.07,4313.87,39627.2,Paid,GR0000000156,1508594.0,282862.0,94288.0,911674.0,350644.0,140257.0,362062.0,336618.0,25444.0,4,1885744.0,1402575.0,0.9297247432760135,79.9999363646391,100,99.99969264436494,8.99603445222093,23.35930960493274,25.90223529550465,2.5429256905719093,13.19231368872306,235717.75,9.817398620470552,0.00010605893482340534,99955.43089358766,241.0132637947283,56.039337125383845
GR0000000157,2022,14,838694.0,299285.0,331915.0,2144167.0,1239729.0,114055.0,413340.0,2041171.0,Healthcare,S,Compliant,TR-DE2B5338,GR0000000157,2023-06-22,On-time,Agent-prepared,2041171.0,1627831.0,413340.0,111160.13,11994.55,99165.58,Paid,GR0000000157,1734995.0,204117.0,102059.0,783009.0,301158.0,120463.0,416399.0,289111.0,127287.0,4,2041171.0,1204630.0,0.6943124263026569,84.99998285297998,100,86.73206549468325,20.250140728042872,23.991285624425412,26.89314607828906,2.901860453863648,16.26100899924602,145797.92857142858,10.790334628072133,0.0,225551.20256984566,197.7565232298853,50.71623261880972
GR0000000157,2023,16,861172.0,306304.0,327161.0,2745193.0,1741598.0,92184.0,398488.0,2602479.0,Healthcare,S,Compliant,TR-4E241322,GR0000000157,2024-06-12,On-time,Agent-prepared,2602479.0,2203991.0,398488.0,107165.96,9114.88,98051.08,Paid,GR0000000157,2212108.0,260247.0,130124.0,1031611.0,396773.0,158709.0,530906.0,380902.0,150004.0,4,2602479.0,1587093.0,0.7174565742334801,85.00003266116653,100,99.99996774909829,15.311862266708012,24.605779847824778,26.893146092228626,2.2873662444038487,12.5711292963363,162654.9375,8.50538734501142,0.0,231596.2440653671,251.23258273167482,53.72724612504819
GR0000000157,2024,15,972120.0,343298.0,399444.0,2651656.0,1337821.0,107129.0,450427.0,2408969.0,Healthcare,S,Compliant,TR-1AFED966,GR0000000157,2025-06-10,On-time,Agent-prepared,2408969.0,1958542.0,450427.0,121134.0,12014.93,109119.06,Paid,GR0000000157,2047624.0,240897.0,120450.0,934093.0,359266.0,143707.0,491430.0,344895.0,146534.0,4,2408971.0,1437066.0,0.7018191807581955,84.9999439594748,100,72.35196011344436,18.697915996428346,24.225692509552047,26.893148057287863,2.667455547735816,16.58153342778591,160597.93333333332,9.918709858503806,8.302300027462906e-05,261433.67089450677,244.03632153245786,53.665493971937615
GR0000000158,2022,15,977878.0,400576.0,455354.0,8922756.0,7176152.0,139506.0,540082.0,2490006.0,Financial Services,S,Compliant,TR-138DBBEC,GR0000000158,2023-06-13,On-time,Agent-prepared,2490006.0,1949924.0,540082.0,148382.23,9394.34,138987.89,Paid,GR0000000158,1743004.0,622501.0,124500.0,728595.0,280229.0,112091.0,418321.0,269020.0,149302.0,4,2490005.0,1120915.0,0.6430946569739506,70.00002008028096,100,86.26282385414208,21.689987895611495,25.734590302953997,27.474018760114205,1.7394284571602086,18.287265171248585,166000.4,6.331175909675976,4.016056192046591e-05,268662.3851710296,192.58124035599158,44.77000198388756
GR0000000158,2023,14,1302546.0,660316.0,546219.0,11566243.0,9430756.0,191171.0,851487.0,2898208.0,Financial Services,S,Compliant,TR-B5545131,GR0000000158,2024-06-25,On-time,Self-prepared,2898208.0,2046721.0,851487.0,233937.7,14389.09,219548.61,Paid,GR0000000158,2028745.0,724552.0,144910.0,850276.0,327030.0,130811.0,486899.0,313948.0,172951.0,4,2898207.0,1308117.0,0.644790808771429,70.00000345040917,100,100.0,29.379775364639116,25.784141155413998,27.47401898091222,1.6898778254982219,18.84678394373351,207014.85714285713,6.150821351154602,3.450409167271573e-05,357861.73527511285,187.19457201935066,34.62902653725857
GR0000000158,2024,14,1186735.0,485005.0,546213.0,17148209.0,13551355.0,183733.0,668738.0,3018368.0,Financial Services,S,Compliant,TR-F7293728,GR0000000158,2025-06-21,On-time,Agent-prepared,3018368.0,2349630.0,668738.0,183729.2,12308.64,171420.56,Paid,GR0000000158,2112857.0,754592.0,150919.0,860869.0,331103.0,132442.0,507085.0,317859.0,189227.0,4,3018368.0,1324414.0,0.6268357375982331,69.99998012170815,100,100.0,22.155615219880413,25.633440899126413,27.474018225373765,1.8405773262473524,18.096302372672916,215597.7142857143,6.699337938661899,0.0,326043.79018688935,177.45521500595393,43.648919093142105
GR0000000159,2022,20,785409.0,315494.0,683885.0,5236838.0,3559859.0,95440.0,410934.0,3257860.0,Energy,S,Compliant,TR-3FC7431F,GR0000000159,2023-06-25,On-time,Self-prepared,3257860.0,2846926.0,410934.0,103375.21,11356.2,92019.01,Partial,GR0000000159,2606289.0,488680.0,162893.0,1631469.0,627489.0,250994.0,625509.0,602388.0,23121.0,4,3257862.0,2509952.0,0.9630365030718983,79.99998158301365,100,96.8881277672288,12.613617528070572,22.39264942788866,25.156158896562463,2.763509468673803,20.99184740903538,162893.0,10.985419038084663,6.138995451987483e-05,197578.73602790228,207.0187929881625,47.67897999640952
GR0000000159,2023,21,379385.0,126551.0,576930.0,4088000.0,2906936.0,42426.0,168977.0,2307719.0,Energy,S,Compliant,TR-2F8E3D45,GR0000000159,2024-06-19,On-time,Agent-prepared,2307719.0,2138742.0,168977.0,42508.12,4381.91,38126.21,Paid,GR0000000159,1846175.0,346158.0,115386.0,1158062.0,445409.0,178163.0,443082.0,427593.0,15490.0,4,2307719.0,1781634.0,0.9650425880536786,79.99999133343357,100,95.36295086877644,7.32225197261885,22.562958272427608,25.15615734685786,2.5931990744302524,25.00001083320803,109891.38095238095,10.308406958482283,0.0,95438.6875503767,224.95330116055413,55.46028440765976
GR0000000159,2024,21,651960.0,267507.0,655955.0,4233083.0,2852147.0,77250.0,344756.0,2716098.0,Energy,S,Compliant,TR-C98AC357,GR0000000159,2025-06-14,On-time,Agent-prepared,2716098.0,2371342.0,344756.0,86727.37,10435.29,76292.08,Paid,GR0000000159,2172879.0,407414.0,135804.0,1325998.0,510000.0,204000.0,521492.0,489599.0,31891.0,4,2716097.0,2039998.0,0.9388427818643431,80.00005154455087,100,99.9999260512827,12.693061885101347,22.129297242107462,25.156159718757614,3.0268624766501517,24.150638158122426,129338.0,12.032291536109076,3.681753633077989e-05,164008.09890241214,212.30821864389918,47.12006871587214
GR0000000160,2022,34,1775332.0,326832.0,955522.0,4882433.0,2609505.0,115473.0,442306.0,6377753.0,Automotive,M,Compliant,TR-B17B057A,GR0000000160,2023-06-13,On-time,Agent-prepared,6377753.0,5935447.0,442306.0,92797.11,13256.7,79540.41,Paid,GR0000000160,4464427.0,1275550.0,637775.0,3195024.0,1228856.0,491543.0,1071463.0,1179702.0,-108239.0,4,6377752.0,4915423.0,1.1010198205630992,70.00000940770353,100,99.9994845387395,6.935138441391506,17.983118022364607,20.98029644635162,2.9971784239870125,14.982110470568552,187580.9705882353,14.285681957121293,1.567950587144651e-05,372469.9165069432,322.5601798748999,75.0860120811206
GR0000000160,2023,36,1086844.0,247539.0,1080841.0,3306950.0,2269601.0,66910.0,314449.0,5039393.0,Automotive,M,Compliant,TR-DC8602DA,GR0000000160,2024-06-21,On-time,Agent-prepared,5039393.0,4724944.0,314449.0,65972.33,9624.66,56347.67,Paid,GR0000000160,3527576.0,1007878.0,503940.0,2532097.0,973884.0,389554.0,846618.0,934927.0,-88311.0,4,5039394.0,3895535.0,1.1043079641585698,70.00000396873116,100,100.0,6.239818962323438,17.919494099202097,20.980295691829202,3.0608015926271044,21.447841039585523,139983.13888888888,14.588934482077562,1.984365580742775e-05,228023.08490890416,340.79074115812904,71.06769692798599
GR0000000160,2024,41,2163502.0,576728.0,1082784.0,8836091.0,4858772.0,187913.0,764641.0,11307339.0,Automotive,M,Compliant,TR-E82D2C6D,GR0000000160,2025-06-10,On-time,Agent-prepared,11307339.0,10542698.0,764641.0,160423.95,23847.36,136576.59,Paid,GR0000000160,7915137.0,2261468.0,1130735.0,5539828.0,2130703.0,852281.0,1899634.0,2045474.0,-145842.0,4,11307340.0,8522812.0,1.0767726835801001,69.99999115618705,100,100.0,6.7623425812209215,17.86153109760005,20.980296635937652,3.118765538337602,9.575940015595181,275788.756097561,14.865211834018549,8.843812959735686e-06,453909.1373244438,241.55281291046592,64.6572547656531
GR0000000161,2022,1,16487.0,3476.0,17549.0,124347.0,89931.0,959.0,4436.0,102534.0,Agriculture and Food Production,S,Somewhat Compliant,TR-ACFD2F8B,GR0000000161,2023-06-27,On-time,Self-prepared,95150.57,92296.05,2854.52,746.33,94.92,651.41,Partial,GR0000000161,60718.0,24187.0,9941.0,48717.0,17923.0,7060.0,14573.0,18550.0,-3979.0,4,94846.0,73700.0,1.272901941947437,64.01745988233557,80,0.0,3.0000030478009747,14.684625788999098,26.145551616383845,11.460925827384747,17.11529834006281,102534.0,12.718234561119077,0.3211205533180106,4310.617094993205,449.4908336802091,73.09395281130587
GR0000000161,2023,1,19551.0,2991.0,19537.0,83291.0,55441.0,805.0,3796.0,93469.0,Agriculture and Food Production,S,Somewhat Compliant,TR-78E13F95,GR0000000161,2024-06-21,On-time,Self-prepared,88323.83,85674.12,2649.72,692.79,80.03,612.75,Paid,GR0000000161,55435.0,21724.0,9098.0,43280.0,16349.0,6450.0,13304.0,16736.0,-3432.0,4,86257.0,66079.0,1.2579675285628382,64.26724787553474,60,100.0,3.000005774206123,16.141991570073763,26.145781441057924,10.00378987098416,20.902117279525832,93469.0,11.551841106251533,2.396130169145705,5111.761729541235,635.0014570858676,80.58411334458594
GR0000000161,2024,1,9252.0,1534.0,12470.0,54061.0,32522.0,406.0,1940.0,49880.0,Agriculture and Food Production,S,Somewhat Compliant,TR-22E4E0A5,GR0000000161,2025-06-21,On-time,Agent-prepared,48446.19,46992.8,1453.39,380.0,44.39,335.61,Paid,GR0000000161,29418.0,11755.0,4911.0,23563.0,8864.0,3467.0,7060.0,9088.0,-2027.0,4,46084.0,35894.0,1.2872521246458923,63.835604548216295,100,100.0,3.0000088758269743,17.299484536082474,26.14576954568285,8.846285009600376,25.0,49880.0,11.68157894736842,5.125835430952175,2419.0065983665772,595.814433095216,79.031560743623
GR0000000162,2022,757,65383989.0,13293910.0,19693764.0,273105112.0,147352252.0,3985842.0,17279752.0,175960224.0,Tourism and Hospitality,L,Compliant,TR-AE6D95CB,GR0000000162,2023-06-25,On-time,Agent-prepared,175960224.0,158680472.0,17279752.0,3203154.83,570170.64,2632984.2,Paid,GR0000000162,105576134.0,52788067.0,17596023.0,52140160.0,20053909.0,8021563.0,25338272.0,19251751.0,6086521.0,4,175960224.0,80215632.0,0.7597894205255986,59.99999977267589,100,99.32867520968965,9.820260287915978,15.237395768180006,18.53704167745,3.2996459092699926,11.19216806634663,232444.1532364597,17.80028347864783,0.0,12120257.291309321,304.08273311659923,73.57189081871405
GR0000000162,2023,746,63916754.0,9727028.0,17616639.0,161120740.0,82583498.0,3209709.0,12936738.0,159141994.0,Tourism and Hospitality,L,Compliant,TR-EFE6EE8C,GR0000000162,2024-06-10,On-time,Agent-prepared,159141994.0,146205256.0,12936738.0,2398088.52,412114.11,1985974.41,Paid,GR0000000162,95485197.0,47742598.0,15914200.0,45262906.0,17408810.0,6963525.0,22916447.0,16712458.0,6203990.0,4,159141995.0,69635241.0,0.7292778850054723,60.0,100,93.5474394814861,8.129053604795224,15.351431017618197,18.537041717935388,3.1856107003171914,11.069761385546043,213327.06970509383,17.185108329529054,6.28369656308081e-07,11848275.353730135,369.13861517446395,79.7600203539748
GR0000000162,2024,823,67330756.0,18523053.0,17629342.0,189131358.0,132357810.0,6341948.0,24865001.0,177868299.0,Tourism and Hospitality,L,Compliant,TR-FAFF5F62,GR0000000162,2025-06-12,On-time,Agent-prepared,177868299.0,153003298.0,24865001.0,4609235.6,759694.86,3849540.75,Paid,GR0000000162,106720979.0,53360490.0,17786830.0,56003556.0,21539830.0,8615931.0,25613035.0,20678235.0,4934800.0,4,177868299.0,86159317.0,0.8073324773889545,59.99999977511451,100,72.86224637859135,13.979444982492357,15.481763905820877,18.53704168360982,3.0552777777889446,9.911458140160208,216121.86998784932,16.482014067582053,0.0,12481130.305609621,196.80278528946658,63.07036712910219
GR0000000163,2022,2,206398.0,66940.0,53799.0,583941.0,339312.0,24576.0,91517.0,479764.0,Technology and Innovation,S,Compliant,TR-C1B3F398,GR0000000163,2023-06-10,On-time,Agent-prepared,479764.0,388247.0,91517.0,24097.68,2574.9,21522.77,Paid,GR0000000163,191907.0,167918.0,119941.0,204404.0,78618.0,31448.0,46056.0,75473.0,-29415.0,4,479766.0,314470.0,1.6387224248740664,40.00012506096722,100,100.0,19.075420415037396,23.517783581192568,26.33137012795437,2.813586546761801,11.213638372199664,239882.0,10.685260987779737,0.00041686989074030123,54347.421316695254,221.140223456605,55.65993856529617
GR0000000163,2023,2,290795.0,96695.0,56822.0,600264.0,257090.0,32209.0,128904.0,577257.0,Technology and Innovation,S,Compliant,TR-5F27D6C5,GR0000000163,2024-06-12,On-time,Self-prepared,577257.0,448353.0,128904.0,33942.18,4266.06,29676.12,Paid,GR0000000163,230903.0,202040.0,144314.0,241139.0,92746.0,37099.0,55417.0,89035.0,-33618.0,4,577257.0,370984.0,1.6066369525596838,40.00003464661321,100,99.99959563446974,22.330435144138573,23.021876745485013,26.33136287469745,3.309486129212438,9.843449278224432,288628.5,12.568609323266802,0.0,76570.28667147645,237.72947521337656,55.67186505957805
GR0000000163,2024,2,246781.0,89370.0,64162.0,519736.0,301712.0,32846.0,122215.0,468477.0,Technology and Innovation,S,Compliant,TR-3C7F5CAE,GR0000000163,2025-06-15,On-time,Agent-prepared,468477.0,346262.0,122215.0,32180.88,3719.91,28460.97,Paid,GR0000000163,187391.0,163966.0,117119.0,196640.0,75632.0,30253.0,44974.0,72605.0,-27631.0,4,468476.0,302525.0,1.6143771957130786,40.00012807486403,100,100.0,26.08772682543647,23.28762426870679,26.33136685349589,3.0437425847891006,13.69586980790946,234238.5,11.559379358177898,0.0002134581067014807,64980.810434725696,197.8347757252807,50.4763332671478
GR0000000164,2022,136,15578657.0,3801023.0,5537576.0,26565542.0,12535322.0,1062131.0,4863154.0,33188101.0,Healthcare,M,Somewhat Compliant,TR-CD1FD2BC,GR0000000164,2023-06-24,On-time,Agent-prepared,30159729.64,29254937.75,904791.89,187859.04,29487.96,158371.08,Paid,GR0000000164,24948577.0,3123384.0,1608025.0,10753940.0,4053699.0,1585470.0,5987658.0,4154734.0,1832925.0,4,29679986.0,16393109.0,0.6938829839646821,84.0585874939429,60,61.91454964346638,3.0000000026525435,3.256550789878338,20.76267947096652,17.50612868108818,16.68542590008389,244030.1544117647,15.696854407432296,1.6163876896707396,3234546.618791289,304.5336798183359,68.78322694953744
GR0000000164,2023,137,10218080.0,2472083.0,4353832.0,26715209.0,14050520.0,778843.0,3250926.0,26802708.0,Healthcare,M,Somewhat Compliant,TR-57033937,GR0000000164,2024-08-14,Extended,Self-prepared,24938032.45,24189891.47,748140.97,155334.11,26700.39,128633.72,Paid,GR0000000164,20124783.0,2549646.0,1308257.0,8629187.0,3287340.0,1294144.0,4829948.0,3380270.0,1449678.0,4,23982686.0,13210671.0,0.6998563959694805,83.91379931338801,80,78.94188354629972,2.999999985965212,3.95683322228805,20.762679258161732,16.80584603587368,16.244000419659088,195640.20437956206,17.189006329646464,3.983483960053502,2121547.176742372,272.3972837583919,68.18457087828634
GR0000000164,2024,108,8145708.0,2621848.0,4374865.0,18738356.0,8536763.0,634883.0,3256730.0,18865051.0,Healthcare,M,Somewhat Compliant,TR-4ECB9925,GR0000000164,2025-06-27,On-time,Agent-prepared,17280324.65,16173503.41,1106821.24,229805.74,36635.3,193170.44,Unpaid,GR0000000164,14723467.0,1770447.0,931381.0,6240001.0,2333438.0,921002.0,3533633.0,2406512.0,1127119.0,4,17425295.0,9494441.0,0.6810305427869844,84.49479334496203,80,79.70873416968328,6.40509517279237,5.931423237419129,20.762678894741846,14.831255657322718,23.19031631560392,174676.39814814815,15.941855934494937,0.8319534906008896,1691267.1957432982,266.3903736189657,60.0190677102592
GR0000000165,2022,14,266771.0,71511.0,313041.0,906678.0,626410.0,19978.0,91489.0,1376759.0,Automotive,M,Compliant,TR-C162433D,GR0000000165,2023-06-12,On-time,Agent-prepared,1376759.0,1285270.0,91489.0,18420.94,2704.01,15716.93,Paid,GR0000000165,963732.0,275352.0,137677.0,657474.0,252874.0,101149.0,231295.0,242759.0,-11464.0,4,1376761.0,1011497.0,1.0495644090879612,69.99994915602635,100,100.0,6.6452443746509005,17.17903791712665,20.13459541584234,2.9555574987156916,22.737530678935094,98339.92857142857,14.679001180178647,0.0001452684961322781,53713.261536796774,268.86205594552393,65.7050429019646
GR0000000165,2023,14,661726.0,137540.0,443483.0,2727714.0,1703616.0,46768.0,184308.0,3203481.0,Automotive,M,Compliant,TR-9CE0B834,GR0000000165,2024-06-12,On-time,Agent-prepared,3203481.0,3019173.0,184308.0,37109.68,4825.21,32284.47,Paid,GR0000000165,2242437.0,640696.0,320348.0,1538334.0,591667.0,236667.0,538186.0,568001.0,-29815.0,4,3203481.0,2366668.0,1.0553990627775527,70.00000936481284,100,99.99854419168102,5.753366416095491,17.51658636629989,20.13460077696031,2.618014410660418,13.843784308382038,228820.07142857142,13.00256429050318,0.0,133235.88833734838,284.8868635335024,72.14738426478633
GR0000000165,2024,15,566484.0,108012.0,459054.0,1644295.0,1048978.0,29848.0,137860.0,2812253.0,Automotive,M,Compliant,TR-FE314BC1,GR0000000165,2025-06-13,On-time,Agent-prepared,2812253.0,2671640.35,140612.65,28311.79,3675.26,24636.54,Paid,GR0000000165,1968576.0,562451.0,281225.0,1350131.0,519281.0,207713.0,472458.0,498509.0,-26051.0,4,2812252.0,2077125.0,1.055139292804863,69.99998577652359,100,100.0,5.0,17.870694907877557,20.13459670947102,2.2639018015934624,16.32335355318316,187483.53333333333,12.981376310010779,3.5558691036108314e-05,114059.26882367981,382.13370686035853,75.66391989888506
GR0000000166,2022,14,596698.0,214571.0,287495.0,2718525.0,1689486.0,66732.0,281303.0,1769160.0,Healthcare,S,Compliant,TR-B5631E47,GR0000000166,2023-06-10,On-time,Self-prepared,1769160.0,1487857.0,281303.0,65908.49,5991.42,59917.07,Paid,GR0000000166,1503785.0,176916.0,88459.0,681300.0,262039.0,104815.0,360909.0,251557.0,109351.0,4,1769160.0,1048154.0,0.6970094954683868,84.99994347599991,100,99.99995864547874,15.900370797440594,21.29983327586268,23.42971457823059,2.1298813023679095,16.25036740600059,126368.57142857143,9.090513225230922,0.0,139804.63829401036,209.501645828104,52.856721490603285
GR0000000166,2023,13,1301463.0,416632.0,373073.0,3970984.0,2525645.0,151282.0,567914.0,3004965.0,Healthcare,S,Compliant,TR-060EE0B0,GR0000000166,2024-06-17,On-time,Agent-prepared,3004965.0,2437051.0,567914.0,133060.63,12596.43,120464.2,Paid,GR0000000166,2554220.0,300497.0,150248.0,1128646.0,434096.0,173639.0,613014.0,416730.0,196282.0,4,3004965.0,1736381.0,0.6798050289226674,84.99999168043556,100,99.99993685796387,18.89918850968314,21.211697545755168,23.42971471032586,2.2180171645706928,12.415219478429865,231151.15384615384,9.46668447308569,0.0,304929.0679604483,201.5633505377033,56.36341563302222
GR0000000166,2024,13,894121.0,308937.0,373359.0,4035572.0,2486276.0,96910.0,405848.0,2470879.0,Healthcare,S,Compliant,TR-0567B884,GR0000000166,2025-06-18,On-time,Agent-prepared,2470879.0,2065031.0,405848.0,95089.03,8917.12,86171.91,Paid,GR0000000166,2100247.0,247088.0,123545.0,949171.0,365066.0,146027.0,504060.0,350463.0,153596.0,4,2470880.0,1460264.0,0.6952803237709796,84.999959528589,100,100.0,16.425247857139098,21.232557509215276,23.429715065738897,2.1971575565236208,15.110371653164725,190067.61538461538,9.37765376300505,4.0471411000275737e-05,209490.00264293526,216.16964466302267,54.609275478374855
GR0000000167,2022,10,1451399.0,515543.0,308021.0,3256002.0,1785934.0,171636.0,687178.0,3173820.0,Technology and Innovation,S,Compliant,TR-D581C283,GR0000000167,2023-06-16,On-time,Self-prepared,3173820.0,2486642.0,687178.0,163758.86,19567.46,144191.39,Paid,GR0000000167,1269527.0,1110837.0,793455.0,1404887.0,540342.0,216137.0,304687.0,518728.0,-214040.0,4,3173819.0,2161366.0,1.7024946912733396,39.99998109533026,100,99.99972952615269,21.651448412323322,20.983120821679393,23.830631946890033,2.847511125210641,9.70505573725038,317382.0,11.948947372984888,3.1507782893847036e-05,345877.55377084244,201.5180695022271,52.65409442889239
GR0000000167,2023,11,948783.0,331074.0,356927.0,2099089.0,897420.0,133975.0,465050.0,1622007.0,Technology and Innovation,S,Compliant,TR-2E6316EB,GR0000000167,2024-06-13,On-time,Agent-prepared,1622007.0,1156957.0,465050.0,110824.35,14851.09,95973.26,Paid,GR0000000167,648802.0,567703.0,405502.0,662992.0,254997.0,102000.0,155713.0,244797.0,-89083.0,4,1622007.0,1019989.0,1.5721038063617039,39.99995067838795,100,99.99972909120729,28.671269606111444,20.637191699817222,23.83063111493388,3.193439415116657,22.00526878120748,147455.18181818182,13.40056585037494,0.0,226100.9768112031,168.76355798559663,50.98457708453883
GR0000000167,2024,11,1470690.0,659875.0,365130.0,3568148.0,1837928.0,205564.0,865440.0,3261364.0,Technology and Innovation,S,Compliant,TR-BEB20A3C,GR0000000167,2025-06-10,On-time,Agent-prepared,3261364.0,2395924.0,865440.0,206239.82,24119.22,182120.59,Paid,GR0000000167,1304546.0,1141477.0,815341.0,1397851.0,537635.0,215054.0,313091.0,516129.0,-203038.0,4,3261364.0,2150540.0,1.6484951659421703,40.000012264807,100,100.0,26.536136414089317,21.043699158809392,23.83063181734147,2.786932658532077,11.195622445087393,296487.63636363635,11.694744496964747,0.0,350474.7190744592,170.4942105983826,41.154152132672415
GR0000000168,2022,139,23484050.0,6706767.0,4898819.0,32630373.0,17249613.0,1778283.0,8485050.0,43059024.0,Healthcare,L,Compliant,TR-61A239ED,GR0000000168,2023-06-12,On-time,Agent-prepared,43059024.0,34573974.0,8485050.0,2159920.07,400976.73,1758943.34,Paid,GR0000000168,36600171.0,4305902.0,2152951.0,13892386.0,5343225.0,2137291.0,8784042.0,5129497.0,3654544.0,4,43059024.0,21372902.0,0.5839563380958334,85.00000139343614,100,99.9999937193905,19.70562546889126,20.729911314606277,25.455596254588954,4.725684939982678,11.376985692940927,309777.1510791367,18.56442446965179,0.0,5978004.952225797,336.1672440340372,63.86888121938081
GR0000000168,2023,133,22953189.0,7156458.0,6246674.0,51021792.0,21359453.0,2453290.0,9609748.0,50309750.0,Healthcare,L,Compliant,TR-8AB4B2A5,GR0000000168,2024-06-25,On-time,Agent-prepared,50309750.0,40700002.0,9609748.0,2446218.65,458741.35,1987477.3,Paid,GR0000000168,42763288.0,5030975.0,2515487.0,16260182.0,6253915.0,2501566.0,10263189.0,6003759.0,4259430.0,4,50309750.0,25015663.0,0.5849798732148458,85.00000099384314,100,99.99999519762363,19.101164287240543,20.681887808088202,25.45559623415723,4.773708426069028,12.416428227132911,378268.7969924812,18.75308039205735,0.0,5842871.114702991,238.16471410648523,58.133277253979834
GR0000000168,2024,150,32270730.0,7971924.0,6834090.0,52333446.0,19225514.0,2316021.0,10287945.0,73707176.0,Healthcare,L,Compliant,TR-973E3B32,GR0000000168,2025-07-26,Extended,Agent-prepared,73707176.0,63419231.0,10287945.0,2618857.74,454209.97,2164647.77,Paid,GR0000000168,62651100.0,7370718.0,3685358.0,23705818.0,9117621.0,3647049.0,15036264.0,8752917.0,6283346.0,4,73707176.0,36470488.0,0.5821204655624562,85.000000542688,80,82.9822344909234,13.957860765144495,21.04062346756325,25.45559623423337,4.414972766670118,9.271946601237307,491381.17333333334,17.34381990523853,0.0,8214706.730639618,354.6905114694391,68.11988758853612
GR0000000169,2022,8,268858.0,102701.0,183019.0,893257.0,526509.0,27694.0,130395.0,1125787.0,Manufacturing,M,Compliant,TR-0A1FE2B3,GR0000000169,2023-06-12,On-time,Agent-prepared,1125787.0,995392.0,130395.0,28744.56,4452.45,24292.11,Paid,GR0000000169,675472.0,281446.0,168868.0,533971.0,205373.0,82148.0,162113.0,197158.0,-35045.0,4,1125786.0,821492.0,1.2161763708030817,60.000035530731424,100,99.99954717807552,11.582564019659136,18.629633038076616,22.04421948694352,3.4145864488669027,16.256982892856286,140723.375,15.489713531882204,8.882682853705859e-05,59267.6476282066,214.00898255292336,51.50042029621584
GR0000000169,2023,9,316129.0,110347.0,224401.0,1079789.0,559346.0,37952.0,148299.0,1178254.0,Manufacturing,M,Compliant,TR-BC7C2D46,GR0000000169,2024-06-22,On-time,Agent-prepared,1178254.0,1029955.0,148299.0,32691.36,5088.26,27603.1,Paid,GR0000000169,706952.0,294564.0,176739.0,555488.0,213649.0,85459.0,169668.0,205104.0,-35435.0,4,1178255.0,854596.0,1.208854940236226,59.999915128728496,100,99.99963772185009,12.58633537420624,18.613139670530483,22.044221471486658,3.431081800956175,19.045214359552354,130917.11111111111,15.564540600329874,8.487127149958695e-05,69688.17689559606,183.62188262962704,53.089087049906844
GR0000000169,2024,8,562122.0,162681.0,199892.0,1437155.0,722249.0,46163.0,208845.0,1906364.0,Manufacturing,M,Compliant,TR-6AAF62C5,GR0000000169,2025-06-21,On-time,Agent-prepared,1906364.0,1697519.0,208845.0,46038.25,7563.39,38474.86,Paid,GR0000000169,1143819.0,476591.0,285955.0,896764.0,344910.0,137964.0,274517.0,331112.0,-56597.0,4,1906365.0,1379638.0,1.2061620956079222,60.0,100,100.0,10.955148124912137,18.42268668151021,22.044219397160575,3.621532715650364,10.485510637003216,238295.5,16.428491526067997,5.245585183999424e-05,123915.40695970696,268.4301431009834,62.84703320631464
GR0000000170,2024,1,31102.0,7682.0,21368.0,141817.0,97897.0,1976.0,9658.0,89081.0,Tourism and Hospitality,S,Somewhat Compliant,TR-DC0301BE,GR0000000170,2025-07-26,Extended,Self-prepared,85340.67,82780.45,2560.22,724.52,73.8,650.72,Paid,GR0000000170,48151.0,25756.0,8647.0,30117.0,11624.0,4531.0,11556.0,11571.0,-15.0,4,82554.0,46272.0,1.0012980269989615,58.3266710274487,60,80.998357636988,2.9999998828225745,6.737626837854628,28.29913054346892,21.561503705614292,23.987157755301354,89081.0,10.186054215204548,3.375572352641898,8801.595581629703,445.4248776128392,68.94733457655457
GR0000000171,2022,1,16120.0,5910.0,22043.0,123746.0,93567.0,1791.0,7701.0,105520.0,Logistics and Transportation,S,Compliant,TR-9ECD09EF,GR0000000171,2023-06-19,On-time,Agent-prepared,105520.0,97819.0,7701.0,2175.72,183.25,1992.47,Paid,GR0000000171,58036.0,31656.0,15828.0,48622.0,18701.0,7481.0,13930.0,17954.0,-4024.0,4,105520.0,74804.0,1.288872936109117,55.00000000000001,100,99.97641118812328,7.29814253222138,25.872873652772366,28.25243474873393,2.379561095961563,20.889878695981803,105520.0,8.42249921864946,0.0,4554.29248149591,254.2876874090402,52.227047146401986
GR0000000171,2023,1,26935.0,7360.0,21508.0,189305.0,127574.0,2800.0,10160.0,142268.0,Logistics and Transportation,S,Compliant,TR-4CBD1CFC,GR0000000171,2024-06-19,On-time,Agent-prepared,142268.0,132108.0,10160.0,2870.45,252.24,2618.21,Paid,GR0000000171,78248.0,42680.0,21340.0,61732.0,23744.0,9496.0,18780.0,22794.0,-4014.0,4,142268.0,94972.0,1.213738019169329,55.00042173925268,100,99.99197925300109,7.141451345348216,25.76978346456693,28.252460629921256,2.4826771653543247,15.11794641099896,142268.0,8.787472347541327,0.0,7609.8002706692905,271.7785810953318,62.27956190829775
GR0000000171,2024,1,19559.0,6904.0,19292.0,118433.0,77019.0,2194.0,9098.0,110612.0,Logistics and Transportation,S,Compliant,TR-A0B8B062,GR0000000171,2025-08-03,Late,Self-prepared,110612.0,101514.0,9098.0,2570.41,197.62,2372.79,Paid,GR0000000171,60836.0,33183.0,16592.0,50872.0,19567.0,7827.0,14601.0,18784.0,-4184.0,4,110611.0,78266.0,1.286487226902267,54.99995479653922,80,100.0,8.22514736194988,26.080347329083313,28.252473071004612,2.172125741921299,17.441145626152675,110612.0,7.688267630455842,0.0009040692155348751,5525.901207957792,251.86423008011815,53.48432946469656
GR0000000172,2022,2,43354.0,11629.0,47500.0,156319.0,87630.0,3904.0,15533.0,131109.0,Healthcare,S,Compliant,TR-5C920C1E,GR0000000172,2023-06-13,On-time,Agent-prepared,131109.0,115576.0,15533.0,3855.32,392.12,3463.19,Paid,GR0000000172,111442.0,13110.0,6556.0,49609.0,19081.0,7632.0,26746.0,18316.0,8430.0,4,131108.0,76322.0,0.684812682270246,85.00015254599262,100,99.99840244711469,11.8473941529567,22.295693040623192,24.82018927444795,2.5244962338247596,36.22939691401811,65554.5,10.170880756979965,0.0007627299630774687,10760.544858044164,275.62871050318046,64.17170272639203
GR0000000172,2023,2,85313.0,29507.0,42162.0,241304.0,111798.0,10098.0,39605.0,202260.0,Healthcare,S,Compliant,TR-F196289A,GR0000000172,2024-06-24,On-time,Agent-prepared,202260.0,162655.0,39605.0,9830.02,1030.47,8799.56,Paid,GR0000000172,171922.0,20226.0,10113.0,81687.0,31417.0,12568.0,41261.0,30161.0,11100.0,4,202261.0,125672.0,0.7309808293545963,85.00007416160308,100,100.0,19.58123207752398,22.218305769473552,24.82014897108951,2.6018432016159565,20.845446455057846,101130.0,10.482888132475823,0.0004944106871795917,21174.813691705593,209.6931441048286,53.5768288537503
GR0000000172,2024,1,25778.0,5863.0,27517.0,71223.0,33416.0,2444.0,8308.0,62650.0,Healthcare,S,Compliant,TR-DBD4F53B,GR0000000172,2025-06-24,On-time,Self-prepared,62650.0,54342.0,8308.0,2062.06,186.31,1875.75,Paid,GR0000000172,53252.0,6265.0,3132.0,24714.0,9505.0,3803.0,12781.0,9125.0,3656.0,4,62649.0,38022.0,0.7139503951177529,85.00055866813516,100,96.33479459483888,13.2609736632083,22.57763601348098,24.820173326913817,2.2425373134328375,43.92178770949721,62650.0,9.03513961766389,0.0015961946719045272,6398.144280211844,261.7898641657874,67.77096749165955
GR0000000173,2022,16,327778.0,124017.0,417182.0,4572987.0,3388101.0,38971.0,162988.0,2059970.0,Energy,S,Compliant,TR-456256FD,GR0000000173,2023-06-14,On-time,Agent-prepared,2059970.0,1896982.0,162988.0,40083.66,4222.46,35861.2,Paid,GR0000000173,1647977.0,308995.0,102999.0,1005592.0,386766.0,154707.0,395514.0,371295.0,24219.0,4,2059971.0,1547065.0,0.9387657579756975,80.00000970887454,100,99.99966711162746,7.912154060496027,22.002356001668833,24.593012982550867,2.5906569808820343,20.25184832788827,128748.125,10.534117892427986,4.854437271051282e-05,80610.48609394558,206.84736366514994,50.27488116957208
GR0000000173,2023,15,668030.0,288833.0,465983.0,6212074.0,3894319.0,96194.0,385027.0,3158456.0,Energy,S,Compliant,TR-EFE78E87,GR0000000173,2024-06-19,On-time,Agent-prepared,3158456.0,2773429.0,385027.0,94689.74,11720.2,82969.55,Paid,GR0000000173,2526765.0,473768.0,157922.0,1573006.0,605003.0,242001.0,606423.0,580801.0,25621.0,4,3158455.0,2420010.0,0.9577489640069721,80.00003166104946,100,22.096766247155024,12.190355034231915,21.549021237471656,24.59301295753285,3.043991720061193,14.753506143508094,210563.73333333334,12.377476165844367,3.1661049471054525e-05,164288.7044602067,170.7889311809538,42.36381599628759
GR0000000173,2024,16,704615.0,223666.0,515869.0,6771963.0,4037303.0,92575.0,316241.0,3354613.0,Energy,S,Compliant,TR-EE65DF83,GR0000000173,2025-06-23,On-time,Agent-prepared,3354613.0,3038372.0,316241.0,77773.19,8723.65,69049.54,Paid,GR0000000173,2683690.0,503192.0,167731.0,1650372.0,634758.0,253903.0,644086.0,609368.0,34718.0,4,3354613.0,2539033.0,0.9460972603037483,79.99998807612086,100,99.02807756645286,9.427048664033675,21.834468016481097,24.593012923687947,2.7585449072068506,15.377899030379957,209663.3125,11.216783058532123,0.0,173286.05801224383,187.18450770968818,55.118610872604194
GR0000000174,2022,1,73667.0,28856.0,31490.0,897548.0,699764.0,8684.0,37540.0,194190.0,Financial Services,S,Compliant,TR-5C97FED6,GR0000000174,2023-06-15,On-time,Agent-prepared,194190.0,156650.0,37540.0,10673.68,662.85,10010.83,Paid,GR0000000174,135933.0,48548.0,9710.0,54903.0,21116.0,8446.0,32624.0,20272.0,12352.0,4,194191.0,84465.0,0.6213830308974988,69.9996395301533,100,100.0,19.33158247077604,26.667101758124666,28.432818327117744,1.7657165689930778,16.21607703795252,194190.0,6.210135585852302,0.0005149569238582785,20945.604277037826,241.19765404235176,49.04095456581645
GR0000000174,2023,1,85313.0,37366.0,37831.0,875392.0,727253.0,13315.0,50680.0,177728.0,Financial Services,S,Compliant,TR-BEB75086,GR0000000174,2024-06-15,On-time,Agent-prepared,177728.0,127048.0,50680.0,14409.76,1004.83,13404.92,Paid,GR0000000174,124409.0,44433.0,8887.0,51557.0,19830.0,7933.0,29858.0,19037.0,10822.0,4,177729.0,79320.0,0.6375845669502311,69.99926854930821,100,100.0,28.515484335613973,26.450118389897398,28.432833464877667,1.9827150749802698,21.285897551314367,177728.0,6.973259790586381,0.0005626543782999427,24256.903213891084,182.17726784747342,40.595219954754846
GR0000000174,2024,1,87518.0,33748.0,37102.0,1462395.0,1202083.0,12934.0,46682.0,205859.0,Financial Services,S,Compliant,TR-4D7A69E2,GR0000000174,2025-06-21,On-time,Agent-prepared,205859.0,159177.0,46682.0,13273.01,873.88,12399.13,Paid,GR0000000174,144101.0,51465.0,10294.0,61401.0,23616.0,9445.0,34584.0,22671.0,11913.0,4,205860.0,94462.0,0.6555343511450382,69.99951423297387,100,99.99946528749231,22.676686469865295,26.560837153506707,28.432822072747527,1.8719849192408198,18.023015753501184,205859.0,6.583887151444924,0.0004857670261371183,24883.837221627182,192.39088620401407,46.660115633355424
GR0000000175,2022,2,71483.0,13344.0,32246.0,301347.0,177161.0,3766.0,17110.0,325970.0,Agriculture and Food Production,S,Somewhat Compliant,TR-920AC338,GR0000000175,2023-06-20,On-time,Self-prepared,308037.58,298796.46,9241.13,2361.26,279.72,2081.54,Paid,GR0000000175,190518.0,77390.0,31366.0,153221.0,56811.0,22522.0,45725.0,58949.0,-13224.0,4,299274.0,232554.0,1.2892072170585018,63.6600573387598,80,0.0,3.0000008440528583,12.165634132086499,25.55163708334371,13.386002951257211,9.892321379268031,162985.0,11.846217697331086,2.928279770377662,18265.076736286584,484.9993822699571,76.06423904984402
GR0000000175,2023,1,21936.0,5318.0,17059.0,82340.0,45012.0,1984.0,7302.0,108293.0,Agriculture and Food Production,S,Somewhat Compliant,TR-6FB3AC50,GR0000000175,2024-06-26,On-time,Agent-prepared,97489.45,94564.77,2924.68,747.31,93.88,653.43,Partial,GR0000000175,62495.0,25490.0,10466.0,51487.0,19262.0,7573.0,14999.0,19979.0,-4979.0,4,98451.0,78322.0,1.3320221348089873,63.4782785344994,80,77.28448341826976,2.9999964098679395,8.948644207066557,25.551855245702093,16.603211038635536,15.752634057602984,108293.0,12.562390440379495,0.976678753897886,5605.054966697211,282.51285114401264,66.71225382932167
GR0000000175,2024,1,9358.0,1498.0,10404.0,53710.0,31269.0,424.0,1922.0,41614.0,Agriculture and Food Production,S,Somewhat Compliant,TR-DACD5FCB,GR0000000175,2025-06-23,On-time,Self-prepared,39324.31,38144.58,1179.73,301.44,35.56,265.88,Paid,GR0000000175,24793.0,9788.0,4074.0,20199.0,7616.0,2985.0,5950.0,7846.0,-1897.0,4,38655.0,30800.0,1.3186554621848738,64.13917992497737,80,100.0,3.0000017800693772,13.833506763787721,25.551609266527088,11.718102502739367,25.00120151871966,41614.0,11.796709129511678,1.7314965722416087,2391.1195951616046,563.9433007456614,79.46142338106434
GR0000000176,2022,7,594036.0,165671.0,166261.0,3128530.0,2316416.0,50434.0,216105.0,1651272.0,Tourism and Hospitality,M,Somewhat Compliant,TR-D453D4DB,GR0000000176,2023-06-23,On-time,Agent-prepared,1544072.39,1497750.22,46322.17,9374.49,1516.83,7857.66,Paid,GR0000000176,901552.0,471665.0,160452.0,534131.0,197136.0,76862.0,216372.0,204466.0,11908.0,4,1533669.0,808129.0,0.9449743959477197,58.78400098065488,100,84.34085481893312,2.999999889901535,3.6360380370653154,20.23758817861944,16.601550141554124,10.06866221918618,235896.0,16.180400213771627,0.6783334604794078,120218.55931274378,238.3680836593246,63.62089166313153
GR0000000176,2023,6,346679.0,78929.0,103927.0,1468012.0,1127010.0,20086.0,99015.0,814096.0,Tourism and Hospitality,M,Somewhat Compliant,TR-58213C6B,GR0000000176,2024-06-26,On-time,Agent-prepared,734041.37,712020.13,22021.24,4456.57,649.95,3806.62,Partial,GR0000000176,450764.0,225000.0,79228.0,262167.0,100893.0,38968.0,108183.0,101672.0,6511.0,4,754992.0,402028.0,0.9398149431980996,59.70447368978744,80,91.34858620495812,2.9999998501446865,3.844488208857244,20.237597882771357,16.393109673914115,12.765939152139305,135682.66666666666,14.58408596745928,2.774947284209639,70159.50196401292,349.2955390023545,71.4389968818417
GR0000000176,2024,5,266099.0,56910.0,127791.0,1405248.0,829040.0,16720.0,73630.0,714941.0,Tourism and Hospitality,M,Somewhat Compliant,TR-30630A1C,GR0000000176,2025-06-22,On-time,Self-prepared,688240.43,667593.22,20647.21,4178.5,671.47,3507.03,Paid,GR0000000176,383464.0,197929.0,69309.0,232642.0,87078.0,34266.0,92032.0,88918.0,3114.0,4,650702.0,353986.0,0.9661639429763561,58.93081625690408,100,96.05877340116629,2.999999578635623,4.7630449545022415,20.23760110930242,15.47455615480018,17.87434207857711,142988.2,16.06964221610626,5.768912651259717,53852.054175842655,322.08166373111635,72.32984716214642
GR0000000177,2022,220,17457113.0,4951392.0,6915621.0,44362189.0,19450585.0,1650414.0,6601806.0,65384053.0,Manufacturing,L,Compliant,TR-FF981642,GR0000000177,2023-06-20,On-time,Agent-prepared,65384053.0,58782247.0,6601806.0,1827274.39,426825.04,1400449.34,Partial,GR0000000177,39230431.0,16346013.0,9807608.0,30171980.0,11604607.0,4641844.0,9415303.0,11140424.0,-1725119.0,4,65384052.0,46418431.0,1.183225223872243,59.99999969411501,100,90.4235493445268,10.096966610497518,21.213124711631938,27.678401788843836,6.465277077211898,10.576923091629086,297200.2409090909,23.35856302347673,1.5294249422481698e-06,4831849.87687249,292.76592884406523,62.18271600808221
GR0000000177,2023,204,27486274.0,8457126.0,5340145.0,60692568.0,27841541.0,1993672.0,10450798.0,85743018.0,Manufacturing,L,Compliant,TR-BF6D7D9E,GR0000000177,2024-06-15,On-time,Agent-prepared,85743018.0,75292220.0,10450798.0,2892613.86,577477.03,2315136.82,Paid,GR0000000177,51445810.0,21435754.0,12861452.0,39030812.0,15011851.0,6004740.0,12346995.0,14411376.0,-2064383.0,4,85743016.0,60047403.0,1.167197038631667,60.00000046651029,100,100.0,12.188511955574038,22.15272766730349,27.678401783289658,5.525674115986167,6.228081451483315,420308.9117647059,19.963847853511982,2.332551485295653e-06,7607761.352975882,381.5954356070548,61.978120424761826
GR0000000177,2024,211,21790314.0,7007783.0,5668647.0,57676098.0,33943292.0,2090418.0,9098201.0,71394023.0,Manufacturing,L,Compliant,TR-A039DC2D,GR0000000177,2025-06-11,On-time,Agent-prepared,71394023.0,62295822.0,9098201.0,2518236.62,500359.65,2017876.97,Paid,GR0000000177,42836414.0,17848507.0,10709103.0,31541127.0,12131203.0,4852481.0,10280739.0,11645955.0,-1365215.0,4,71394024.0,48524811.0,1.1327935666881535,59.99999943972901,100,0.0,12.743645220833121,22.178856787182433,27.67840169721465,5.499544910032217,7.939946177287139,338360.29857819906,19.86944538992527,1.400677451801613e-06,6031210.640004401,288.5169683768702,58.246581485700474
GR0000000178,2022,17,328110.0,57288.0,330068.0,1383644.0,1001242.0,17544.0,74832.0,1948443.0,Automotive,S,Compliant,TR-0A6D2527,GR0000000178,2023-06-25,On-time,Self-prepared,1948443.0,1851020.85,97422.15,28826.22,2759.39,26066.83,Paid,GR0000000178,1363911.0,389689.0,194843.0,1018529.0,391742.0,156697.0,327338.0,376072.0,-48734.0,4,1948443.0,1566968.0,1.1488797512051763,70.00004619072767,100,100.0,5.0,34.83380104768014,29.588979508253516,-5.244821539426624,16.940090112977387,114614.29411764706,9.572500313950284,0.0,97084.4006645306,553.3766567745703,77.19301453780744
GR0000000178,2023,15,254510.0,44632.0,350186.0,739339.0,428492.0,16281.0,60912.0,1167288.0,Automotive,S,Compliant,TR-C1CDCB44,GR0000000178,2024-06-16,On-time,Agent-prepared,1167288.0,1106376.0,60912.0,18023.24,1674.41,16348.82,Paid,GR0000000178,817102.0,233457.0,116729.0,592945.0,228055.0,91223.0,196104.0,218934.0,-22830.0,4,1167288.0,912223.0,1.1164178191163872,70.00003426746441,100,100.0,5.2182494808479145,26.84006435513528,29.58898082479643,2.7489164696611503,29.99996573253559,77819.2,9.290282990183785,0.0,75306.9150971894,462.54477671635277,76.06695218262544
GR0000000178,2024,14,241055.0,66712.0,252420.0,702761.0,451670.0,20875.0,87587.0,1010982.0,Automotive,S,Compliant,TR-9A7BB6A8,GR0000000178,2025-06-15,On-time,Agent-prepared,1010982.0,923395.0,87587.0,25916.1,2341.98,23574.11,Paid,GR0000000178,707688.0,202196.0,101098.0,531816.0,204544.0,81818.0,169844.0,196363.0,-26518.0,4,1010982.0,818178.0,1.1561373966698854,70.00005934823766,100,99.99953338641416,8.663556819013593,26.915078721728108,29.588980099786493,2.6739013780583853,24.96780358107266,72213.0,9.036776366814452,0.0,71325.71597954033,341.68007654869615,63.66513866130137
GR0000000179,2022,3,112959.0,19761.0,73045.0,293322.0,171109.0,7652.0,27413.0,490750.0,Automotive,M,Compliant,TR-8AEF1310,GR0000000179,2023-06-21,On-time,Self-prepared,490750.0,463337.0,27413.0,7459.63,1152.34,6307.29,Paid,GR0000000179,343525.0,98150.0,49075.0,233852.0,89944.0,35977.0,82445.0,86345.0,-3900.0,4,490750.0,359773.0,1.0473042634483596,70.0,100,99.99540214577101,5.585939887926643,23.00839017984168,27.212016196695,4.20362601685332,14.884360672440142,163583.33333333334,15.447683062028544,0.0,30738.421375624705,401.7044089862089,75.73190272576775
GR0000000179,2023,3,100156.0,27914.0,68058.0,371653.0,241530.0,10781.0,38695.0,486619.0,Automotive,M,Compliant,TR-7EE160B3,GR0000000179,2024-06-25,On-time,Agent-prepared,486619.0,447924.0,38695.0,10529.69,1387.12,9142.57,Paid,GR0000000179,340633.0,97324.0,48662.0,236995.0,91153.0,36460.0,81752.0,87507.0,-5754.0,4,486619.0,364608.0,1.0703958312946473,69.99993835012607,100,100.0,7.951806238556242,23.62726450445794,27.212017056467246,3.5847525520093058,13.985890398854133,162206.33333333334,13.173417261096954,0.0,27254.467803075335,252.8009257311505,61.365270178521506
GR0000000179,2024,3,131167.0,25813.0,87759.0,399200.0,209296.0,9687.0,35500.0,511174.0,Automotive,M,Compliant,TR-145F2BA3,GR0000000179,2025-06-22,On-time,Self-prepared,511174.0,475674.0,35500.0,9660.26,1482.89,8177.38,Paid,GR0000000179,357821.0,102235.0,51117.0,254380.0,97839.0,39135.0,85877.0,93924.0,-8048.0,4,511173.0,391354.0,1.0937037856469136,69.99998043715141,100,99.99535303483512,6.9447976618529115,23.03487323943662,27.212000000000003,4.177126760563382,17.168126704409847,170391.33333333334,15.350414999182219,0.00019562848585508164,35693.16404,368.46458181067413,72.93526572994732
GR0000000180,2022,408,19138271.0,3228253.0,14838249.0,38634770.0,24530868.0,1240621.0,4468874.0,72725668.0,Automotive,L,Compliant,TR-CAC19668,GR0000000180,2023-06-11,On-time,Agent-prepared,72725668.0,68256794.0,4468874.0,868856.27,162150.28,706705.99,Paid,GR0000000180,50907967.0,14545133.0,7272567.0,33780936.0,12992667.0,5197067.0,12217912.0,12472960.0,-255048.0,4,72725667.0,51970670.0,1.0208749252736473,70.00000013750304,100,100.0,6.144837335835815,15.813960966453742,19.44239801793472,3.6284370514809794,20.403042568134268,178249.1862745098,18.66249753828674,1.375030356243201e-06,3720938.8215709752,299.9255067882113,76.64954164354764
GR0000000180,2023,458,30584809.0,6809934.0,17034624.0,50673153.0,24709045.0,2142125.0,8952059.0,118963560.0,Automotive,L,Compliant,TR-23848B28,GR0000000180,2024-06-19,On-time,Agent-prepared,118963560.0,110011501.0,8952059.0,1740494.95,370127.67,1370367.28,Paid,GR0000000180,83274493.0,23792711.0,11896357.0,53621021.0,20623469.0,8249388.0,19985879.0,19798531.0,187347.0,4,118963561.0,82493878.0,0.9906259814742199,70.00000025217807,100,99.99998343928523,7.5250429627358155,15.307844597538958,19.442398111987423,4.134553514448465,14.319194886232388,259745.76419213973,21.265656070992907,8.405935281174948e-07,5946420.327570959,277.59446006049876,70.73037467718044
GR0000000180,2024,477,18799252.0,3708467.0,15438307.0,55545681.0,29724056.0,1106653.0,4815120.0,92201157.0,Automotive,L,Compliant,TR-D07C0B62,GR0000000180,2025-06-14,On-time,Agent-prepared,92201157.0,87386037.0,4815120.0,936174.8,177533.75,758641.05,Paid,GR0000000180,64540810.0,18440231.0,9220116.0,43123993.0,16586151.0,6634460.0,15489795.0,15922705.0,-432910.0,4,92201157.0,66344604.0,1.0279480780733379,70.00000010845851,100,99.9999941847215,5.222407350050933,15.755392388974732,19.44239811261194,3.687005723637208,16.74415755975817,193293.83018867925,18.96373946404026,0.0,3655025.4160331623,330.2774596945169,74.38664048973862
GR0000000181,2022,35,5466147.0,2131101.0,1266823.0,31318341.0,23950345.0,737234.0,2868335.0,9187916.0,Financial Services,M,Compliant,TR-9F6F0631,GR0000000181,2023-07-27,Late,Agent-prepared,9187916.0,6319581.0,2868335.0,706973.88,62179.99,644793.89,Paid,GR0000000181,6431541.0,2296978.0,459396.0,2531340.0,973593.0,389436.0,1543571.0,934648.0,608921.0,4,9187915.0,3894369.0,0.6055102097668329,70.00000544193105,80,100.0,31.218559246732337,22.47972743769469,24.64753524257104,2.1678078048763467,13.78792535761102,262511.8857142857,8.795231586207965,1.088386212266812e-05,1347270.5082357395,182.74665957290895,47.52546903696516
GR0000000181,2023,41,9685739.0,3660616.0,2012889.0,105117706.0,80108708.0,1364955.0,5025571.0,20755748.0,Financial Services,M,Compliant,TR-BDE80BE6,GR0000000181,2024-06-23,On-time,Agent-prepared,20755748.0,15730177.0,5025571.0,1238679.38,130773.93,1107905.45,Paid,GR0000000181,14529024.0,5188936.0,1037788.0,5454389.0,2097841.0,839138.0,3486965.0,2013928.0,1473037.0,4,20755748.0,8391368.0,0.5775589947131675,70.000001927177,100,99.99998256450854,24.212912008760178,22.045364596381187,24.647535175604922,2.602170579223735,9.697983421267207,506237.756097561,10.557528615677771,0.0,2387295.9270422845,174.89924041761702,48.11370614054333
GR0000000181,2024,39,10243180.0,4580677.0,1723756.0,56779833.0,48031311.0,1376573.0,5957250.0,18147665.0,Financial Services,M,Compliant,TR-AB4AC6D6,GR0000000181,2025-06-15,On-time,Agent-prepared,18147665.0,12190415.0,5957250.0,1468315.29,156598.54,1311716.76,Paid,GR0000000181,12703366.0,4536917.0,907383.0,4476433.0,1721706.0,688682.0,3048807.0,1652837.0,1395971.0,4,18147666.0,6886821.0,0.5421258216738547,69.9999988979299,100,100.0,32.82653718811759,22.01883016492509,24.64753518821604,2.628705023290948,9.498500220276272,465324.74358974356,10.665184859581487,5.510350475912418e-06,2524691.394892308,183.40410533203163,41.84179131871157
GR0000000182,2022,13,198220.0,47611.0,255008.0,678654.0,407871.0,15035.0,62645.0,941546.0,Automotive,S,Compliant,TR-1D4A9213,GR0000000182,2023-06-17,On-time,Agent-prepared,941546.0,878901.0,62645.0,16047.47,1601.77,14445.7,Paid,GR0000000182,659082.0,188309.0,94155.0,477512.0,183660.0,73464.0,158180.0,176312.0,-18132.0,4,941546.0,734636.0,1.1146289037805033,69.99997875834,100,100.0,6.653418951384213,23.05962167770772,25.616521669726232,2.5568999920185114,27.083966157787298,72426.61538461539,9.98144878912377,0.0,50777.06925373134,337.7257682323335,68.39622641509435
GR0000000182,2023,11,182016.0,41406.0,209235.0,973370.0,615823.0,13886.0,55292.0,988489.0,Automotive,S,Compliant,TR-50B6BE89,GR0000000182,2024-06-13,On-time,Agent-prepared,988489.0,933197.0,55292.0,14163.89,1441.6,12722.29,Paid,GR0000000182,691942.0,197698.0,98848.0,516030.0,198473.0,79390.0,166066.0,190533.0,-24468.0,4,988488.0,793893.0,1.147332988089073,70.00004046584279,100,99.99772053616132,5.593587789039636,23.0092780149027,25.61652680315416,2.6072487882514572,21.16715512261644,89862.63636363637,10.177994886997851,0.00010116460695819285,46626.17742602908,335.77831935783576,69.62245077355837
GR0000000182,2024,10,211198.0,31193.0,204349.0,1002927.0,729918.0,11628.0,42821.0,1354185.0,Automotive,S,Compliant,TR-137E8FE5,GR0000000182,2025-06-22,On-time,Self-prepared,1354185.0,1286475.75,67709.25,17344.76,1616.81,15727.95,Paid,GR0000000182,947930.0,270837.0,135418.0,681205.0,262002.0,104801.0,227503.0,251523.0,-24019.0,4,1354185.0,1048008.0,1.1055810253051608,70.00003692257705,100,100.0,5.0,36.72952523294645,25.616529499292927,-11.112995733653523,15.0901833944402,135418.5,9.32160491122391,0.0,54101.59797191668,465.27002039832024,79.72471330220931
GR0000000183,2022,1,104106.0,43236.0,36016.0,192912.0,85775.0,13670.0,56906.0,200893.0,Technology and Innovation,S,Somewhat Compliant,TR-BF946A8B,GR0000000183,2023-08-27,Extended,Self-prepared,192197.61,154588.63,37608.98,8598.75,1116.88,7481.87,Paid,GR0000000183,70726.0,65174.0,49439.0,81652.0,30864.0,12112.0,16975.0,31614.0,-14641.0,4,185339.0,124628.0,1.8623858615611193,38.160344018258435,80,100.0,19.56787079714467,13.147770006677678,22.863555459361034,9.715785452683356,17.927951695678797,200893.0,12.988864660561127,3.700575701822051,23802.3330465224,174.12094401259986,45.33840508712274
GR0000000183,2023,1,98920.0,34350.0,34545.0,250119.0,158942.0,9533.0,43883.0,207912.0,Technology and Innovation,S,Somewhat Compliant,TR-95BD36B9,GR0000000183,2024-06-29,On-time,Self-prepared,202045.82,176140.14,25905.68,5922.96,876.05,5046.91,Paid,GR0000000183,76710.0,69019.0,50082.0,87655.0,32957.0,12864.0,18410.0,33665.0,-15255.0,4,195811.0,133476.0,1.8286257468766975,39.175531507422974,80,0.0,12.82168569485872,11.500831757172481,22.863557335688544,11.362725578516063,16.615202585709337,207912.0,14.790746518632576,3.1841009953475607,22616.63091646311,237.2456825392123,55.63788920339668
GR0000000183,2024,1,142003.0,45014.0,35717.0,304407.0,142499.0,12406.0,57420.0,236269.0,Technology and Innovation,S,Somewhat Compliant,TR-C16789F3,GR0000000183,2025-06-24,On-time,Agent-prepared,216547.71,183806.17,32741.54,7485.88,1043.24,6442.64,Paid,GR0000000183,85003.0,77896.0,57145.0,98571.0,37039.0,14516.0,20402.0,38146.0,-17744.0,4,220044.0,150126.0,1.8697186550338203,38.63000127247278,80,100.0,15.119781225116627,11.22020202020202,22.863554982447372,11.643352962245352,15.117091112249174,236269.0,13.93610370457448,1.588904946283476,32466.933981724742,261.7034820387292,59.56423455842482
GR0000000184,2022,216,4078004.0,752457.0,4202356.0,17773443.0,10910340.0,170224.0,922681.0,19101618.0,Agriculture and Food Production,M,Somewhat Compliant,TR-AC7D91A3,GR0000000184,2023-06-27,On-time,Agent-prepared,18527565.26,17971738.31,555826.96,123434.4,21508.21,101926.19,Paid,GR0000000184,11061636.0,4534465.0,1882493.0,8418061.0,3140391.0,1236233.0,2654792.0,3229710.0,-574918.0,4,17478594.0,12794685.0,1.2165585853807002,63.2867609374072,60,99.99981359059923,3.0000000118741985,11.046742048443612,22.207343091094394,11.160601042650782,22.000000209406345,88433.41666666667,17.424810263589404,6.0014624746132395,905616.3395485531,532.0144865286641,77.37420071191691
GR0000000184,2023,179,9860441.0,2413114.0,4017143.0,26099996.0,16838500.0,595877.0,3008991.0,40438210.0,Agriculture and Food Production,M,Somewhat Compliant,TR-CA304584,GR0000000184,2024-06-27,On-time,Agent-prepared,38228810.16,37081945.86,1146864.3,254688.09,48505.53,206182.56,Unpaid,GR0000000184,23727518.0,9478793.0,4009413.0,17344209.0,6533635.0,2548863.0,5694604.0,6739985.0,-1045381.0,4,37215724.0,26426707.0,1.1835739587862475,63.756701334092014,60,0.0,2.999999987444025,6.8522159089209635,22.207343100661518,15.355127191740554,9.934027742573175,225911.7877094972,19.04507195448362,2.722199251047752,2189741.9641082995,367.4822092660565,69.48421475266674
GR0000000184,2024,159,5078757.0,1396946.0,3294041.0,19668923.0,11276533.0,418898.0,1815843.0,24152532.0,Agriculture and Food Production,M,Somewhat Compliant,TR-335904A0,GR0000000184,2025-06-29,On-time,Agent-prepared,22124473.19,21460739.0,663734.2,147397.73,24710.0,122687.73,Paid,GR0000000184,14125792.0,5698706.0,2361580.0,10600111.0,3980701.0,1554046.0,3390190.0,4128627.0,-738436.0,4,22186078.0,16134858.0,1.217815815632752,63.669622003492464,40,0.0,3.0000000194354906,6.756516394864534,22.207342939387487,15.450826544522954,13.6384914012328,151902.71698113208,16.76416590676125,0.27767327780962026,1127856.9840481477,269.2438216578135,64.24631066223488
GR0000000185,2022,5,286474.0,83938.0,164282.0,2197477.0,1247148.0,32038.0,115976.0,1409045.0,Energy,M,Compliant,TR-6463A3A1,GR0000000185,2023-06-23,On-time,Agent-prepared,1409045.0,1293069.0,115976.0,31547.55,4840.51,26707.04,Paid,GR0000000185,1127235.0,211358.0,70453.0,619919.0,238430.0,95373.0,270537.0,228893.0,41643.0,4,1409046.0,953722.0,0.8460691143910075,79.99987225399313,100,99.99994147772261,8.230823004233363,23.02807477409119,27.201791750017247,4.173716975926055,11.659102441724714,281809.0,15.343536978307352,7.097000381817153e-05,77926.06089794441,243.2301045569149,59.51604683147511
GR0000000185,2023,4,333967.0,105869.0,129035.0,1444124.0,916204.0,38356.0,144225.0,1195005.0,Energy,M,Compliant,TR-4116F522,GR0000000185,2024-06-17,On-time,Agent-prepared,1195005.0,1050780.0,144225.0,39231.78,6809.89,32421.89,Paid,GR0000000185,956005.0,179251.0,59750.0,545587.0,209841.0,83936.0,229441.0,201447.0,27994.0,4,1195006.0,839364.0,0.87799042019517,80.00001673631765,100,33.931470677664436,12.068987159049543,22.480076269717454,27.20178887155486,4.721712601837407,10.797862770448658,298751.25,17.358095911019078,8.368158821436822e-05,90844.99824066562,236.84690332846392,56.81459545404187
GR0000000185,2024,3,204649.0,79809.0,119760.0,1659041.0,911017.0,23745.0,103554.0,872571.0,Energy,M,Compliant,TR-7701AD50,GR0000000185,2025-06-22,On-time,Agent-prepared,872571.0,769017.0,103554.0,28168.54,4193.6,23974.94,Paid,GR0000000185,698056.0,130886.0,43629.0,395805.0,152233.0,60892.0,167534.0,146143.0,21390.0,4,872571.0,608930.0,0.8723184547614216,79.99990831691633,100,99.44022851126883,11.867687557803318,23.15211387295517,27.20178843888213,4.04967456592696,13.724957625224768,290857.0,14.887530557139279,0.0,55668.18802228789,234.4417267731644,49.399215241706536
GR0000000186,2022,4,76323.0,24893.0,82967.0,400382.0,244895.0,10010.0,34903.0,360340.0,Manufacturing,S,Compliant,TR-78ECD9A1,GR0000000186,2023-06-17,On-time,Agent-prepared,360340.0,325437.0,34903.0,8634.44,966.52,7667.92,Paid,GR0000000186,216203.0,90085.0,54051.0,186552.0,71751.0,28700.0,51889.0,68880.0,-16993.0,4,360339.0,287003.0,1.3274489776253156,59.99988899342008,100,100.0,9.6861297663318,21.969229006102626,24.73838925020772,2.7691602441050946,23.024643392351667,90085.0,11.193777477172809,0.00027751644979812085,18881.08082743604,188.62218608827212,54.269355240229025
GR0000000186,2023,3,65438.0,17856.0,66000.0,275184.0,188826.0,6724.0,24580.0,324647.0,Manufacturing,S,Compliant,TR-CBB90641,GR0000000186,2024-06-23,On-time,Agent-prepared,324647.0,300067.0,24580.0,6080.7,634.98,5445.71,Paid,GR0000000186,194788.0,81162.0,48697.0,171126.0,65818.0,26327.0,46750.0,63186.0,-16437.0,4,324647.0,263271.0,1.351572192513369,59.99993839462555,100,100.0,7.571300520257387,22.155044751830758,24.738405207485762,2.5833604556550043,20.3297735694462,108215.66666666667,10.442547732991269,0.0,16188.317599674532,240.75427721110253,62.437727314404476
GR0000000186,2024,3,57667.0,13899.0,62469.0,235956.0,132588.0,4349.0,18248.0,253113.0,Manufacturing,S,Compliant,TR-E1476953,GR0000000186,2025-06-18,On-time,Agent-prepared,253113.0,234865.0,18248.0,4514.26,459.77,4054.49,Paid,GR0000000186,151867.0,63278.0,37967.0,133117.0,51200.0,20480.0,36448.0,49151.0,-12703.0,4,253112.0,204797.0,1.3485239244951712,59.9999209835962,100,99.98791463291315,7.20942820005294,22.218818500657605,24.73838228846997,2.5195637878123662,24.68028113925401,84371.0,10.18483649590409,0.00039508201903348805,14265.882914291979,328.0267398089671,68.35625227599841
GR0000000187,2022,2,203828.0,86026.0,66631.0,2899164.0,2151087.0,36483.0,122509.0,517869.0,Financial Services,S,Compliant,TR-8210B524,GR0000000187,2023-06-18,On-time,Self-prepared,517869.0,395360.0,122509.0,30394.36,2038.17,28356.19,Partial,GR0000000187,362507.0,129468.0,25894.0,151759.0,58368.0,23347.0,87002.0,56035.0,30969.0,4,517869.0,233474.0,0.6440656536631342,69.99974897126494,100,95.83281570611068,23.656368695558143,23.146209666228604,24.809899680839777,1.6636900146111735,12.8663812663048,258934.5,6.705750672164178,0.0,50569.5223214621,138.6111951359869,39.89589261534235
GR0000000187,2023,2,144305.0,57488.0,70524.0,2276331.0,1664774.0,22102.0,79590.0,310495.0,Financial Services,S,Compliant,TR-4BEDD984,GR0000000187,2024-06-11,On-time,Agent-prepared,310495.0,230905.0,79590.0,19746.2,1248.5,18497.69,Paid,GR0000000187,217346.0,77624.0,15525.0,95732.0,36820.0,14728.0,52163.0,35347.0,16816.0,4,310495.0,147280.0,0.6776259034181317,69.99983896681105,100,100.0,25.633263015507495,23.24122377183063,24.80990074129916,1.5686769694685303,22.713409233643052,155247.5,6.322735513668452,0.0,35801.927264731756,161.98501160407093,44.84598593257337
GR0000000187,2024,2,244180.0,124193.0,68144.0,2697833.0,1979825.0,44594.0,168788.0,506223.0,Financial Services,S,Compliant,TR-7FD93175,GR0000000187,2025-06-14,On-time,Agent-prepared,506223.0,337435.0,168788.0,41876.13,2615.44,39260.69,Paid,GR0000000187,354356.0,126557.0,25311.0,149324.0,57432.0,22972.0,85045.0,55135.0,29910.0,4,506224.0,229728.0,0.6483038391439826,69.9998419671924,100,69.75208719184383,33.342617779121056,23.260356186458754,24.80989762305377,1.5495414365950175,13.461261143804212,253111.5,6.245658326115619,0.00019754100951674403,60580.8080159727,135.84968384978407,30.87558358587927
GR0000000188,2022,184,22448773.0,8412549.0,7371313.0,80203266.0,38143182.0,2687350.0,11099899.0,72480942.0,Energy,L,Compliant,TR-ADEDBA16,GR0000000188,2023-06-13,On-time,Agent-prepared,72480942.0,61381043.0,11099899.0,2874500.79,645530.32,2228970.47,Paid,GR0000000188,57984753.0,10872141.0,3624048.0,31062506.0,11947118.0,4778846.0,13916341.0,11469233.0,2447107.0,4,72480942.0,47788470.0,0.8241557892264928,79.99999917219618,100,99.99998994884058,15.31423115334235,20.08099776403371,25.89663914959947,5.815641385565758,10.17000165367608,393918.1630434783,22.457127938378473,0.0,5813477.737322716,216.32752478548443,50.55454033055615
GR0000000188,2023,177,11379812.0,5249173.0,7488617.0,52097647.0,26432639.0,1210156.0,6459330.0,37443083.0,Energy,L,Compliant,TR-0E2BF4E5,GR0000000188,2024-06-15,On-time,Agent-prepared,37443083.0,30983753.0,6459330.0,1672749.38,330660.94,1342088.45,Paid,GR0000000188,29954466.0,5616462.0,1872154.0,15525670.0,5971412.0,2388564.0,7189073.0,5732554.0,1456517.0,4,37443082.0,23885646.0,0.7973982181012768,80.00000106828813,100,99.999983920563,17.251063434066047,20.777517946907807,25.8966391251105,5.119121178202693,20.0000010682881,211542.8418079096,19.767512333497326,2.6707203115705624e-06,2946988.8467560196,243.52140110498314,43.238693222699986
GR0000000188,2024,183,29453400.0,12012683.0,10175923.0,114854201.0,68846946.0,2669103.0,14681787.0,88459723.0,Energy,L,Compliant,TR-B9B1D506,GR0000000188,2025-06-20,On-time,Agent-prepared,88459723.0,73777936.0,14681787.0,3802089.4,892120.77,2909968.64,Paid,GR0000000188,70767779.0,13268958.0,4422985.0,37233779.0,14320684.0,5728273.0,16984266.0,13747857.0,3236411.0,4,88459722.0,57282736.0,0.8094466372582718,80.00000158264119,100,80.5893272157201,16.597143312329838,19.82026193405476,25.896639148899244,6.076377214844484,11.5034533852203,483386.4644808743,23.463960894764863,1.1304579938808956e-06,7627440.715081889,285.7679420794885,50.152488337509425
GR0000000189,2022,1,31007.0,9280.0,16870.0,134679.0,91212.0,3434.0,12715.0,141914.0,Logistics and Transportation,S,Compliant,TR-CF2A24B6,GR0000000189,2023-06-25,On-time,Agent-prepared,141914.0,129199.0,12715.0,3289.05,237.26,3051.78,Paid,GR0000000189,78053.0,42574.0,21287.0,64129.0,24665.0,9865.0,18733.0,23678.0,-4946.0,4,141914.0,98659.0,1.2639726685528212,55.00021139563398,100,100.0,8.959651619995208,24.001415650806134,25.86747935509241,1.866063704286276,11.88748115055597,141914.0,7.213633115945334,0.0,8020.729323633504,233.56812241215792,58.99313058341665
GR0000000189,2023,1,18509.0,4133.0,18994.0,161963.0,126213.0,1591.0,5723.0,122985.0,Logistics and Transportation,S,Compliant,TR-8DB95138,GR0000000189,2024-08-17,Extended,Agent-prepared,122985.0,116835.75,6149.25,1590.66,114.49,1476.16,Paid,GR0000000189,67642.0,36896.0,18447.0,57787.0,22226.0,8890.0,16234.0,21337.0,-5102.0,4,122985.0,88903.0,1.3143402735000616,55.000203276822376,80,99.98916106655105,5.0,25.793464965926965,25.867544822539333,0.07407985661236793,15.444159856893117,122985.0,7.197641230684118,0.0,4787.8238712038055,300.93173294807076,69.07990707223513
GR0000000189,2024,1,16312.0,5306.0,19007.0,97627.0,64156.0,2089.0,7395.0,96994.0,Logistics and Transportation,S,Compliant,TR-5D92EA4A,GR0000000189,2025-09-19,Extended,Agent-prepared,96994.0,89599.0,7395.0,1912.9,163.76,1749.14,Partial,GR0000000189,53347.0,29098.0,14550.0,42337.0,16282.0,6513.0,12805.0,15632.0,-2829.0,4,96995.0,65132.0,1.2207731354939477,54.999742254755404,80,91.70220794218874,7.6241829391508755,23.653008789722787,25.867478025693035,2.214469235970249,19.596057488092047,96994.0,8.560823879972816,0.0010309809784003754,4219.503015551048,201.98674081144316,54.66527709661598
GR0000000190,2022,68,28169922.0,13275604.0,3285531.0,127463968.0,112919353.0,3692827.0,16968431.0,42647105.0,Financial Services,L,Somewhat Compliant,TR-1BB3D8F9,GR0000000190,2023-06-21,On-time,Agent-prepared,41211617.8,28407074.24,12804543.56,2400323.43,332017.46,2068305.96,Paid,GR0000000190,27687585.0,10241118.0,2076385.0,9239030.0,3454188.0,1347812.0,6645020.0,3529914.0,3115106.0,4,40005088.0,14041030.0,0.531211945186019,69.21015896777931,100,29.846595484569587,31.070227871520252,12.189140881676096,18.745872656471327,6.556731774795232,7.7039953825705165,627163.3088235294,13.832196771915859,3.0159408723210435,5280697.705547301,142.99878400876352,39.76401141614805
GR0000000190,2023,55,25742589.0,11822958.0,3761277.0,280813125.0,226120079.0,3338301.0,15161259.0,53720501.0,Financial Services,L,Somewhat Compliant,TR-84AACE56,GR0000000190,2024-06-27,On-time,Agent-prepared,49936061.22,44172822.85,5763238.37,1080369.33,168866.08,911503.25,Unpaid,GR0000000190,33490003.0,12702993.0,2602944.0,11464138.0,4215732.0,1670117.0,8037602.0,4350779.0,3686822.0,4,48795940.0,17349987.0,0.5413031150335635,68.63276534892042,60,43.8923062260548,11.54123539021086,6.012055133416031,18.745872730577343,12.733817597161313,7.001567241526657,976736.3818181818,15.630402984505306,2.336508365245149,4825672.971495602,144.5547591872513,41.10437376753364
GR0000000190,2024,55,14574079.0,6996738.0,3396908.0,79598940.0,64700963.0,1948044.0,8944782.0,27803538.0,Financial Services,L,Somewhat Compliant,TR-25A128A7,GR0000000190,2025-06-23,On-time,Agent-prepared,26601365.73,21599995.43,5001370.3,937550.51,136473.66,801076.85,Unpaid,GR0000000190,17735574.0,6543162.0,1354418.0,6712415.0,2546849.0,994629.0,4256537.0,2607977.0,1648561.0,4,25633154.0,10253893.0,0.612699243539995,69.18997950856925,100,67.298151847221,18.80117867166364,8.955800711520974,18.74587270612616,9.790071994605187,12.217538645621287,505518.87272727274,14.55640613965428,3.777185320230192,2732038.2974302643,140.24520480185583,38.6254047339801
GR0000000191,2022,4,276129.0,77798.0,122516.0,595699.0,413354.0,24803.0,102601.0,1040251.0,Automotive,M,Compliant,TR-B6D99FA8,GR0000000191,2023-06-21,On-time,Agent-prepared,1040251.0,937650.0,102601.0,26751.57,3407.91,23343.66,Paid,GR0000000191,728176.0,208050.0,104026.0,530344.0,203978.0,81591.0,174762.0,195819.0,-21058.0,4,1040252.0,815913.0,1.1204895801146701,69.99996154777881,100,100.0,9.863100347896806,22.751883509907312,26.07340084404635,3.3215173341390383,11.777542150884738,260062.75,12.739102789107331,9.613055298451911e-05,71996.22101665675,290.2722292329829,62.843091453632184
GR0000000191,2023,4,174147.0,29705.0,107684.0,452097.0,280195.0,9903.0,39608.0,794924.0,Automotive,M,Compliant,TR-1E393F68,GR0000000191,2024-06-17,On-time,Agent-prepared,794924.0,755177.8,39746.2,10363.19,1323.86,9039.32,Paid,GR0000000191,556447.0,158985.0,79493.0,390783.0,150301.0,60121.0,133547.0,144288.0,-10742.0,4,794925.0,601205.0,1.0804286131474312,69.99993710098437,100,99.99645991070125,5.0,22.82195516057362,26.07341079147189,3.2514556308982705,13.54645223945937,198731.0,12.774637925194845,0.0001257980312585616,45406.062691024556,458.50815602367516,77.25599637088207
GR0000000191,2024,4,94757.0,17617.0,109787.0,354518.0,215089.0,4580.0,22197.0,507493.0,Automotive,M,Compliant,TR-C743095A,GR0000000191,2025-06-25,On-time,Agent-prepared,507493.0,482118.35,25374.65,6616.03,1042.33,5573.71,Paid,GR0000000191,355245.0,101498.0,50750.0,248754.0,95676.0,38271.0,85259.0,91848.0,-6589.0,4,507493.0,382701.0,1.0772821637598378,69.99998029529472,100,100.0,5.0,25.110195071406043,26.073384263428263,0.9631891920222202,21.633204792972514,126873.25,15.754614171942993,0.0,24706.356726496717,539.4401031986183,76.57481769156897
GR0000000192,2022,4,150586.0,36601.0,95232.0,480697.0,295645.0,9935.0,46537.0,541765.0,Agriculture and Food Production,M,Compliant,TR-C00E2F77,GR0000000192,2023-06-16,On-time,Agent-prepared,541765.0,495228.0,46537.0,10697.32,1803.88,8893.44,Paid,GR0000000192,352148.0,135441.0,54177.0,257789.0,99149.0,39660.0,84516.0,95184.0,-10668.0,4,541766.0,396598.0,1.12622462019026,65.00001845815352,100,99.99505253310305,8.589886759019132,19.110471237939706,22.986698755828694,3.8762275178889887,17.578101206242557,135441.25,16.862915197451326,0.00018458153520084508,34614.7501884522,348.4121810614212,69.0960647072105
GR0000000192,2023,4,87420.0,13694.0,73071.0,320459.0,187920.0,5105.0,18798.0,332141.0,Agriculture and Food Production,M,Compliant,TR-A7BD5C30,GR0000000192,2024-06-10,On-time,Agent-prepared,332141.0,313343.0,18798.0,4321.04,614.83,3706.2,Paid,GR0000000192,215892.0,83034.0,33214.0,150274.0,57797.0,23118.0,51815.0,55485.0,-3673.0,4,332140.0,231189.0,1.070828910547139,65.00030107785874,100,99.99460363714857,5.6596445485501645,19.71592722630067,22.98670071284179,3.2707734865411204,21.999993978460957,83035.25,14.228750485994112,0.0003010778587331231,20094.973763166294,393.6331785145209,78.49691146190803
GR0000000192,2024,4,80199.0,19958.0,73317.0,243317.0,145077.0,7013.0,26971.0,333260.0,Agriculture and Food Production,M,Compliant,TR-C3DCDC1B,GR0000000192,2025-06-24,On-time,Agent-prepared,333260.0,306289.0,26971.0,6199.74,926.86,5272.88,Paid,GR0000000192,216618.0,83315.0,33327.0,155573.0,59836.0,23933.0,51989.0,57442.0,-5454.0,4,333260.0,239342.0,1.1048875723710785,64.99969993398548,100,100.0,8.093080477705094,19.550183530458643,22.986689407141004,3.436505876682361,21.999939986797095,83315.0,14.949981773429208,0.0,18435.095037633015,262.8703128138174,66.36990486165662
GR0000000193,2022,14,1366376.0,472204.0,368084.0,4126209.0,2189085.0,154253.0,626457.0,3100262.0,Healthcare,S,Compliant,TR-F6A12B31,GR0000000193,2023-06-11,On-time,Agent-prepared,3100262.0,2473805.0,626457.0,165975.66,17503.89,148471.77,Paid,GR0000000193,2635222.0,310026.0,155013.0,1214605.0,467156.0,186862.0,632454.0,448470.0,183983.0,4,3100261.0,1868623.0,0.709095048809874,85.00000483830232,100,71.46836846407709,20.206582540443357,23.7002332163261,26.494341989953025,2.794108773626924,11.872673986908202,221447.2857142857,10.54605837988534,3.2255348814125284e-05,362012.33030864055,234.68738391385617,54.15193182550044
GR0000000193,2023,13,808397.0,220290.0,294907.0,2915866.0,1399814.0,75162.0,295452.0,2599938.0,Healthcare,S,Compliant,TR-FAFA032C,GR0000000193,2024-08-26,Late,Agent-prepared,2599938.0,2304486.0,295452.0,78278.06,8191.98,70086.09,Paid,GR0000000193,2209947.0,259995.0,129997.0,1034134.0,397744.0,159098.0,530386.0,381834.0,148553.0,4,2599939.0,1590976.0,0.7199171923844143,84.99995576819302,80,99.99995883627214,11.363809444686758,23.72165021729418,26.494340874321377,2.772690657027198,11.342847406361228,199995.23076923078,10.465231253814926,3.846244085448092e-05,214179.45679778777,284.9571017239932,63.452115730266186
GR0000000193,2024,14,833278.0,243617.0,368132.0,3472317.0,2069249.0,90921.0,334538.0,2086602.0,Healthcare,S,Compliant,TR-EE397B70,GR0000000193,2025-06-21,On-time,Agent-prepared,2086602.0,1752064.0,334538.0,88633.64,8595.02,80038.62,Paid,GR0000000193,1773611.0,208659.0,104330.0,832082.0,320031.0,128013.0,425667.0,307230.0,118436.0,4,2086600.0,1280126.0,0.7217613768509187,85.00004792485383,100,100.0,16.03266938304478,23.92512061410064,26.494341449999702,2.5692208358990634,17.64265537941591,149043.0,9.697243619916772,9.584970765974532e-05,220771.51854772854,242.81686139365883,59.85277422420848
GR0000000194,2022,37,6395603.0,2666348.0,1489251.0,47061079.0,39735132.0,938066.0,3604414.0,12298798.0,Financial Services,M,Somewhat Compliant,TR-EBA00461,GR0000000194,2023-06-28,On-time,Agent-prepared,11981563.79,9971198.39,2010365.4,533131.46,55371.56,477759.9,Paid,GR0000000194,7875862.0,2842884.0,605436.0,3084849.0,1146786.0,453003.0,1890207.0,1186279.0,703928.0,4,11324182.0,4684638.0,0.6275921102821014,69.54905881943614,60,41.81865617816685,16.778823158942593,13.254856406617,26.519132293064736,13.264275886447736,12.108915033810622,332399.9459459459,10.386098768210001,5.805115018462259,1696058.4205092168,180.80374094245147,43.642311756999305
GR0000000194,2023,34,8619874.0,4266170.0,1349820.0,83841725.0,69319771.0,1174640.0,5440810.0,17121605.0,Financial Services,M,Somewhat Compliant,TR-A3981589,GR0000000194,2024-06-21,On-time,Agent-prepared,15639374.3,11988169.57,3651204.72,968267.81,104973.31,863294.5,Paid,GR0000000194,10677983.0,4068122.0,823261.0,4145195.0,1542259.0,610278.0,2562716.0,1602451.0,960265.0,4,15569366.0,6297732.0,0.6252940239964163,68.58328720642831,100,60.800319375375466,23.346232719809002,15.867021638322235,26.519132293409175,10.65211065508694,7.8837235177426415,503576.6176470588,10.841350803555061,0.44965414776685364,2285915.789585181,194.60564850381232,36.88063189786765
GR0000000194,2024,37,7946838.0,3299105.0,1907379.0,79422425.0,66675800.0,952397.0,4251502.0,14360187.0,Financial Services,M,Somewhat Compliant,TR-A2E159DF,GR0000000194,2025-06-23,On-time,Agent-prepared,13822314.95,10408940.04,3413374.9,905197.41,93889.72,811307.69,Paid,GR0000000194,9152624.0,3407181.0,702518.0,3451048.0,1304220.0,511010.0,2196630.0,1325083.0,871546.0,4,13262323.0,5266278.0,0.6032345001206394,69.0122235750102,40,88.50097954742579,24.69466881884355,19.082848602682063,26.519132428143187,7.436283825461125,13.28241059813497,388113.1621621622,10.372292161109916,4.222427322875477,2107432.4930700054,221.2766832602376,46.500708835388366
GR0000000195,2022,9,266888.0,65585.0,198665.0,1048658.0,565050.0,20885.0,86471.0,1254100.0,Manufacturing,S,Compliant,TR-F10840E5,GR0000000195,2023-06-10,On-time,Agent-prepared,1254100.0,1167629.0,86471.0,23143.23,2353.19,20790.03,Paid,GR0000000195,752460.0,313525.0,188115.0,673682.0,259108.0,103643.0,180590.0,248744.0,-68154.0,4,1254100.0,1036433.0,1.3773963120881554,60.0,100,99.99985570006393,6.895064189458576,24.042777347318754,26.76415214349319,2.7213747961744374,15.841240730404275,139344.44444444444,10.167941121442427,0.0,71430.3103727261,342.0172869175298,67.60026677857378
GR0000000195,2023,8,121876.0,41155.0,153233.0,633727.0,363266.0,15335.0,56490.0,510775.0,Manufacturing,S,Compliant,TR-0CD9C55C,GR0000000195,2024-06-10,On-time,Agent-prepared,510775.0,454285.0,56490.0,15119.07,1729.73,13389.34,Paid,GR0000000195,306465.0,127695.0,76617.0,261132.0,100435.0,40174.0,73552.0,96418.0,-22866.0,4,510777.0,401741.0,1.3108820970197954,59.999765063814536,100,99.99746066647049,11.059664235720229,23.70214197203045,26.764152947424325,3.062010975393875,30.000097890460577,63846.875,11.440716922403297,0.0003915603090987041,32619.07904620287,212.71000356180548,53.64961108011421
GR0000000195,2024,7,157556.0,50319.0,142214.0,1211600.0,720390.0,20030.0,70349.0,1009884.0,Manufacturing,S,Compliant,TR-1BDCDCD0,GR0000000195,2025-06-14,On-time,Agent-prepared,1009884.0,939535.0,70349.0,18828.31,1733.53,17094.78,Paid,GR0000000195,605930.0,252471.0,151483.0,525225.0,202010.0,80804.0,145423.0,193930.0,-48506.0,4,1009884.0,808039.0,1.3335579653837426,59.999960391490504,100,100.0,6.966047585663304,24.299961619923522,26.764147322634297,2.4641857027107754,14.082211422301969,144269.14285714287,9.207039824604545,0.0,42168.519955649695,210.52680956390262,55.34984386503846
GR0000000196,2022,7,3934775.0,1388746.0,239633.0,4691808.0,2483844.0,255725.0,1644471.0,4569963.0,Technology and Innovation,M,Non-Compliant,TR-7DD86B35,GR0000000196,2023-08-25,Late,Agent-prepared,3481757.7,3390427.12,91330.58,23010.92,5196.73,17814.19,Unpaid,GR0000000196,1252087.0,1457201.0,1062919.0,1741015.0,607516.0,227085.0,300501.0,739188.0,-438688.0,4,3772207.0,2575616.0,2.459852047081374,33.19242554822681,20,0.0,2.623117053780049,1.0832778443645403,25.195197490260107,24.111919645895565,5.2436529573653,652851.8571428572,22.583755886335705,7.699717963515784,991374.3320473821,387.67204303348603,58.20673354893228
GR0000000196,2023,5,1940572.0,655052.0,201064.0,2484801.0,1033818.0,90696.0,745749.0,2632017.0,Technology and Innovation,M,Non-Compliant,TR-661F9FBF,GR0000000196,2024-08-21,Extended,Agent-prepared,1933989.04,1914649.15,19339.89,4872.72,1088.96,3783.76,Unpaid,GR0000000196,713655.0,855230.0,612721.0,1027830.0,349243.0,130223.0,171277.0,424241.0,-252965.0,4,2181606.0,1507296.0,2.4769291848876382,32.712368777863645,40,0.0,0.9999999793173595,0.5073771470025438,25.195179496884425,24.68780234988188,7.639160385362252,526403.4,22.34809305685531,11.350214475024355,488930.59866628,539.0872791151539,61.570660609346106
GR0000000196,2024,3,1378440.0,421975.0,134961.0,1676143.0,741145.0,75805.0,497780.0,1882143.0,Technology and Innovation,M,Non-Compliant,TR-D3533884,GR0000000196,2025-08-17,Extended,Self-prepared,1433087.83,1418756.96,14330.88,3610.69,848.85,2761.85,Unpaid,GR0000000196,534961.0,593885.0,444470.0,723399.0,263664.0,97749.0,128390.0,320293.0,-191903.0,4,1573316.0,1084812.0,2.4946880598177428,34.00213307434743,40,0.0,1.0000001186249692,0.5548334605649081,25.19517294122901,24.640339480664103,7.17060287130149,627381.0,23.509356937316692,8.912905608282118,347300.3418910772,458.14964961556257,63.888163431125044
GR0000000197,2022,3,140681.0,59367.0,109779.0,1057330.0,727895.0,15750.0,75118.0,604966.0,Energy,M,Compliant,TR-AFD8D02C,GR0000000197,2023-06-10,On-time,Agent-prepared,604966.0,529848.0,75118.0,18267.96,3018.54,15249.41,Paid,GR0000000197,483974.0,90745.0,30248.0,267237.0,102784.0,41113.0,116154.0,98673.0,17481.0,4,604967.0,411134.0,0.8495015238390413,80.00006611930898,100,99.99874734230339,12.416896156147619,20.300607044916,24.319018078223596,4.018411033307597,18.146309048772988,201655.33333333334,16.523684089520668,0.00016529827246980489,34212.23782262574,217.22055760397296,46.60401902175845
GR0000000197,2023,3,134737.0,55038.0,118816.0,800296.0,548377.0,15424.0,70462.0,579310.0,Energy,M,Compliant,TR-B50CEFF5,GR0000000197,2024-06-13,On-time,Self-prepared,579310.0,508848.0,70462.0,17135.66,2664.1,14471.56,Paid,GR0000000197,463447.0,86897.0,28966.0,264262.0,101639.0,40656.0,111227.0,97574.0,13654.0,4,579310.0,406557.0,0.8772510271786527,79.99982738084964,100,100.0,12.163090573268198,20.538105645596207,24.319008827453096,3.780903181856889,20.509916970188673,193103.33333333334,15.547110528570244,0.0,32766.702923845478,212.43972331331352,47.704045659321494
GR0000000197,2024,3,237073.0,100865.0,126484.0,1767470.0,992633.0,35808.0,136673.0,980502.0,Energy,M,Compliant,TR-4EB5BFC0,GR0000000197,2025-06-16,On-time,Agent-prepared,980502.0,843829.0,136673.0,33237.52,5359.31,27878.21,Paid,GR0000000197,784402.0,147076.0,49025.0,435878.0,167645.0,67059.0,188256.0,160941.0,27317.0,4,980503.0,670582.0,0.8549050229474757,79.99995920461232,100,99.99961953220216,13.93908426499895,20.39774498254959,24.319009606871873,3.9212646243222835,12.899922692661514,326834.0,16.124277623601284,0.00010198846918108018,57653.805645299355,161.00817036779313,42.3498247375281
GR0000000198,2022,95,6432352.0,1501236.0,2830133.0,13041963.0,6511825.0,530845.0,2032081.0,22172325.0,Automotive,L,Compliant,TR-FC33EAC7,GR0000000198,2023-06-23,On-time,Agent-prepared,22172325.0,20140244.0,2032081.0,376540.27,71312.12,305228.15,Paid,GR0000000198,15520628.0,4434465.0,2217233.0,10192671.0,3920258.0,1568103.0,3724950.0,3763448.0,-38498.0,4,22172326.0,15681032.0,1.0103351722841918,69.99999909797465,100,99.9898254890459,9.164943234414974,15.02047162490078,18.529786460283816,3.5093148353830355,12.764259048160262,233392.8947368421,18.938776455437285,4.510126727641506e-06,1191901.0899737952,224.52902259111326,68.4084297625503
GR0000000198,2023,106,6419422.0,1689429.0,3202883.0,11080169.0,6214224.0,544505.0,2233935.0,24627758.0,Automotive,L,Compliant,TR-46390AB6,GR0000000198,2024-06-20,On-time,Self-prepared,24627758.0,22393823.0,2233935.0,413943.38,82380.28,331563.1,Paid,GR0000000198,17239431.0,4925552.0,2462776.0,11158046.0,4291556.0,1716624.0,4137464.0,4119893.0,17569.0,4,24627759.0,17166226.0,0.9957531956773521,69.99999878186237,100,99.99997409286826,9.070801329134385,14.842110446364822,18.529786229232272,3.6876757828674496,13.00517489249326,232337.3396226415,19.901340130140504,4.0604587692172345e-06,1189505.173752307,218.45624443344082,65.20037162224263
GR0000000198,2024,107,8538389.0,2249336.0,3187593.0,19222562.0,11131428.0,701460.0,2950795.0,30335283.0,Automotive,L,Compliant,TR-8D683AA2,GR0000000198,2025-06-21,On-time,Self-prepared,30335283.0,27384488.0,2950795.0,546776.01,104601.74,442174.27,Paid,GR0000000198,21234698.0,6067057.0,3033529.0,14028743.0,5395671.0,2158269.0,5096326.0,5179844.0,-83516.0,4,30335284.0,21582683.0,1.0163878841345706,69.99999736280695,100,99.99994530485424,9.727270386763823,14.984919996136634,18.529786379602786,3.544866383466152,10.507872961000562,283507.31775700935,19.13063815656433,3.296491302151594e-06,1582145.2419595025,225.55031533651277,65.44084604250287
GR0000000199,2022,8,235238.0,62339.0,146521.0,571222.0,379492.0,15067.0,77406.0,1055926.0,Consumer Goods and Retail,S,Somewhat Compliant,TR-228DCBEA,GR0000000199,2023-09-19,Extended,Agent-prepared,1029537.02,998650.91,30886.11,7645.54,636.5,7009.03,Paid,GR0000000199,732625.0,148212.0,52068.0,526755.0,196615.0,77136.0,175830.0,203888.0,-28058.0,4,932905.0,800506.0,1.1595745890917364,78.53157609831655,80,99.99957198071631,2.999999941721377,9.054892385603184,24.753975168773277,15.699082783170093,13.876067072882,131990.75,8.32511503438606,10.358184381046298,58230.75610751888,386.47876888245094,67.09460206259192
GR0000000199,2023,7,104607.0,21905.0,92638.0,205436.0,146711.0,6587.0,28493.0,463190.0,Consumer Goods and Retail,S,Somewhat Compliant,TR-7AA94836,GR0000000199,2024-06-21,On-time,Agent-prepared,425573.78,412806.57,12767.21,3160.39,270.67,2889.72,Paid,GR0000000199,335473.0,65700.0,22666.0,235949.0,86167.0,33985.0,80514.0,90503.0,-9991.0,4,423839.0,356101.0,1.1240653799339246,79.15104556211203,80,0.0,2.9999992010786,10.141859404064157,24.753959557334767,14.61210015327061,20.0,66170.0,8.564449324292255,0.4093016452001885,25894.37447414118,393.11332130167267,72.76186106092327
GR0000000199,2024,6,146852.0,24087.0,101308.0,371456.0,235590.0,7676.0,31763.0,648194.0,Consumer Goods and Retail,S,Somewhat Compliant,TR-44E3515B,GR0000000199,2025-06-28,On-time,Self-prepared,610935.45,592607.38,18328.06,4536.92,403.92,4133.01,Paid,GR0000000199,470849.0,93173.0,31213.0,348075.0,127351.0,49611.0,113004.0,131428.0,-18424.0,4,595235.0,525037.0,1.1630384765141057,79.10304333582535,80,99.99975804558905,2.9999994271080523,13.012026571797374,24.753956501670118,11.741929929872743,15.629271483537336,108032.33333333333,8.902956190543364,2.637689315984426,36351.680201832605,473.57582336936696,78.37074060959334
GR0000000200,2022,1,44035.0,11020.0,28307.0,158488.0,104911.0,3217.0,14238.0,104065.0,Healthcare,S,Somewhat Compliant,TR-79085CA2,GR0000000200,2023-06-20,On-time,Agent-prepared,94455.67,91622.0,2833.67,633.75,75.09,558.66,Partial,GR0000000200,80173.0,9646.0,5091.0,40005.0,14853.0,5857.0,19242.0,15199.0,4042.0,4,94910.0,60715.0,0.7898867061636005,84.47265830787062,60,70.94634248129617,2.9999998941302306,3.923725242309313,22.364989571827348,18.441264329518035,27.201268437995484,104065.0,11.848520710059173,0.4786956063639214,9848.423157954172,306.136871555927,67.6666288179857
GR0000000200,2023,1,64535.0,14993.0,25220.0,206991.0,135898.0,4052.0,19045.0,140724.0,Healthcare,S,Somewhat Compliant,TR-0A43B90D,GR0000000200,2024-06-25,On-time,Agent-prepared,129640.4,125751.18,3889.21,869.82,94.84,774.98,Paid,GR0000000200,107739.0,13338.0,6882.0,51785.0,19360.0,7638.0,25858.0,19858.0,6000.0,4,127959.0,78783.0,0.7679634929228866,84.19806344219633,100,100.0,2.9999984572710363,4.069204515620898,22.364953293856594,18.295748778235698,17.921605412012166,140724.0,10.90340530224644,1.314014645316064,14433.222608190352,356.199965651292,70.4888820020144
GR0000000200,2024,1,38991.0,10673.0,30832.0,119659.0,64409.0,2864.0,13537.0,116574.0,Healthcare,S,Somewhat Compliant,TR-750D3A3D,GR0000000200,2025-08-27,Late,Self-prepared,106325.27,103135.51,3189.76,713.39,83.76,629.63,Paid,GR0000000200,89292.0,10772.0,5672.0,46407.0,16728.0,6604.0,21430.0,17924.0,3506.0,4,105736.0,69739.0,0.8363975734951004,84.44805931754559,60,83.90499150069034,3.000001786969363,4.65117825219768,22.3650055176565,17.713827265458818,26.448436186456668,116574.0,11.741123368704356,0.5573030944995061,8720.339301389446,304.48112085857,65.28173168167012
GR0000000201,2022,32,2073010.0,544928.0,677273.0,9077355.0,4201135.0,187261.0,732189.0,6168165.0,Healthcare,S,Compliant,TR-2ECAFC09,GR0000000201,2023-06-12,On-time,Agent-prepared,6168165.0,5435976.0,732189.0,165012.1,14925.98,150086.13,Paid,GR0000000201,5242941.0,616817.0,308408.0,2413547.0,928287.0,371314.0,1258306.0,891156.0,367150.0,4,6168166.0,3713148.0,0.7082188275347968,84.99999837877256,100,99.99997486641159,11.870450936380593,20.498277084195475,22.536817679588196,2.038540595392721,10.980137528746393,192755.15625,9.045385156603666,1.6212274445148722e-05,467190.4841796313,249.4862700613749,64.67990988948438
GR0000000201,2023,33,3062632.0,966986.0,854583.0,9803745.0,5515432.0,360793.0,1327779.0,7562239.0,Healthcare,S,Compliant,TR-BCBF2083,GR0000000201,2024-06-18,On-time,Agent-prepared,7562239.0,6234460.0,1327779.0,299239.14,31264.55,267974.58,Paid,GR0000000201,6427903.0,756224.0,378112.0,2840413.0,1092467.0,436986.0,1542696.0,1048767.0,493929.0,4,7562239.0,4369866.0,0.6798273930832776,84.99999801646047,100,100.0,17.5580142336152,20.182167363695314,22.53681825062755,2.3546508869322373,11.300661087278515,229158.75757575757,10.448014922112128,0.0,690219.8075255596,191.30631900440406,56.64581967405813
GR0000000201,2024,35,2335558.0,824699.0,990821.0,8111364.0,3845238.0,322271.0,1146970.0,6448497.0,Healthcare,S,Compliant,TR-F6BA45EA,GR0000000201,2025-06-25,On-time,Agent-prepared,6448497.0,5301527.0,1146970.0,258490.54,23914.41,234576.13,Paid,GR0000000201,5481222.0,644849.0,322425.0,2553257.0,982022.0,392809.0,1315493.0,942741.0,372753.0,4,6448496.0,3928088.0,0.716644634369016,85.00000620299679,100,85.74230582353262,17.786625317496465,20.451810422242954,22.536817876666348,2.085007454423394,15.365146327896253,184242.77142857143,9.251561004901765,1.5507491979427357e-05,526360.452863911,163.32851943361675,50.89096481440409
GR0000000202,2022,2,169585.0,56830.0,41780.0,413172.0,187139.0,16442.0,73272.0,416954.0,Healthcare,S,Compliant,TR-D6AC8FA0,GR0000000202,2023-06-23,On-time,Agent-prepared,416954.0,343682.0,73272.0,20597.53,1997.33,18600.2,Paid,GR0000000202,354411.0,41695.0,20848.0,157705.0,60656.0,24263.0,85058.0,58231.0,26828.0,4,416954.0,242624.0,0.6846034470596534,85.000023983461,100,99.9995597448281,17.57316154779664,25.385140299159296,28.111051970739165,2.725911671579869,10.020290008010475,208477.0,9.696939390305538,0.0,47672.12748457801,289.94117190474407,56.79334846831973
GR0000000202,2023,1,36027.0,11992.0,25375.0,97013.0,48219.0,4437.0,16429.0,89475.0,Healthcare,S,Compliant,TR-7483D4F2,GR0000000202,2024-06-20,On-time,Agent-prepared,89475.0,73046.0,16429.0,4618.36,448.24,4170.12,Paid,GR0000000202,76054.0,8948.0,4474.0,37067.0,14257.0,5704.0,18254.0,13686.0,4567.0,4,89476.0,57028.0,0.7497534786896023,84.99932942912066,100,99.99862654970975,18.361553506566082,25.382676973644163,28.11102319069937,2.7283462170552077,28.35987706063146,89475.0,9.705609783559533,0.0011176181322403167,10127.558324913261,228.25238505551638,54.39809032114803
GR0000000202,2024,1,62183.0,19994.0,22595.0,217392.0,130776.0,5763.0,25757.0,169116.0,Healthcare,S,Compliant,TR-8BBC5876,GR0000000202,2025-06-19,On-time,Agent-prepared,169116.0,143359.0,25757.0,7240.56,769.95,6470.61,Paid,GR0000000202,143749.0,16911.0,8455.0,65980.0,25377.0,10150.0,34501.0,24361.0,10137.0,4,169115.0,101507.0,0.706095475493464,85.00073914200397,100,98.65959039259712,15.230374417559545,25.121753309779866,28.111037776138524,2.989284466358658,13.360651860261596,169116.0,10.633846000861812,0.0005913136031709953,17480.28662033622,303.31921950956485,58.578711223324696
GR0000000203,2024,7,283820.0,68799.0,148763.0,394966.0,250249.0,26020.0,94819.0,826463.0,Consumer Goods and Retail,M,Compliant,TR-5F14445C,GR0000000203,2025-06-21,On-time,Agent-prepared,826463.0,731644.0,94819.0,19652.25,2009.9,17642.35,Paid,GR0000000203,661171.0,123969.0,41323.0,402694.0,154883.0,61953.0,158681.0,148686.0,9993.0,4,826463.0,619530.0,0.9370119926141126,80.00007259853133,100,99.99873350617959,11.472866903902535,18.606344719940097,20.726067560299096,2.1197228403589996,17.999958860832248,118066.14285714286,10.227327659682734,0.0,58824.7249496409,226.0750382384354,66.59185399196674
GR0000000204,2022,45,1804016.0,678106.0,1386465.0,4276785.0,2014032.0,275254.0,953360.0,4412910.0,Technology and Innovation,S,Compliant,TR-3409F342,GR0000000204,2023-06-23,On-time,Agent-prepared,4412910.0,3459550.0,953360.0,240010.78,30705.43,209305.35,Paid,GR0000000204,1765165.0,1544518.0,1103226.0,1847932.0,710744.0,284297.0,423640.0,682313.0,-258674.0,4,4412909.0,2842973.0,1.6105962609763007,40.000031725104684,100,99.9998327801941,21.60388496479647,21.954492531677435,25.175251741210037,3.220759209532602,31.41838378756875,98064.66666666667,12.793354531825612,2.2660789067430187e-05,454165.56945170765,164.99871734896047,47.15346205355163
GR0000000204,2023,49,2404867.0,695588.0,1597424.0,5493727.0,2470699.0,278682.0,974270.0,5309151.0,Technology and Innovation,S,Compliant,TR-1604600B,GR0000000204,2024-06-16,On-time,Agent-prepared,5309151.0,4334881.0,974270.0,245274.93,30218.81,215056.12,Paid,GR0000000204,2123661.0,1858203.0,1327288.0,2227149.0,856595.0,342638.0,509679.0,822331.0,-312653.0,4,5309152.0,3426382.0,1.6134292368333794,40.00000376707994,100,99.99994420061145,18.35076832435167,22.073564822893037,25.175252240138768,3.1016874172457314,30.08812520118565,108350.02040816327,12.320382682404599,1.883539970659598e-05,605431.333289858,217.24809398879654,59.487572493613996
GR0000000204,2024,49,3137540.0,1011382.0,1330081.0,5967110.0,3119701.0,405865.0,1417247.0,5446487.0,Technology and Innovation,S,Compliant,TR-CD3B8FBA,GR0000000204,2025-06-16,On-time,Agent-prepared,5446487.0,4029240.0,1417247.0,356795.5,44958.2,311837.3,Paid,GR0000000204,2178596.0,1906270.0,1361621.0,2324771.0,894143.0,357657.0,522863.0,858377.0,-335514.0,4,5446487.0,3576571.0,1.6416862543343094,40.000022032550525,100,99.99990379598593,26.021305109146503,22.00303122885425,25.17525173805272,3.1722205091984677,24.420897360078158,111152.79591836735,12.600551296190673,0.0,789883.5933820992,194.61732186369832,54.829356757204685
GR0000000205,2022,3,48876.0,10284.0,64110.0,219286.0,127510.0,3407.0,13691.0,282086.0,Agriculture and Food Production,S,Compliant,TR-6A0106B7,GR0000000205,2023-06-22,On-time,Agent-prepared,282086.0,267981.7,14104.3,3593.12,358.02,3235.1,Paid,GR0000000205,183356.0,70522.0,28209.0,135583.0,52147.0,20859.0,44006.0,50061.0,-6056.0,4,282087.0,208589.0,1.137594873426351,64.99980502469096,100,99.99690890544342,5.0,23.629391571105103,25.475351488553137,1.8459599174480346,22.72711159008246,94028.66666666667,9.964042392127176,0.00035450056188324197,12451.332793545233,365.4632460682487,71.98829691464114
GR0000000205,2023,3,44551.0,10467.0,45878.0,193247.0,127068.0,3741.0,14208.0,232472.0,Agriculture and Food Production,S,Compliant,TR-6DCF7FE5,GR0000000205,2024-06-17,On-time,Agent-prepared,232472.0,218264.0,14208.0,3619.54,331.45,3288.09,Paid,GR0000000205,151107.0,58118.0,23246.0,114289.0,43957.0,17582.0,36266.0,42199.0,-5933.0,4,232471.0,175828.0,1.1635967572933326,65.0003656370042,100,99.99726284864465,6.111703775078289,23.14252533783784,25.47536599099099,2.332840653153152,19.734849788361608,77490.66666666667,9.15724097537256,0.0004301611813861683,11349.530302646395,303.3822588250841,68.10845996722857
GR0000000205,2024,3,33652.0,8634.0,46063.0,138639.0,75599.0,2801.0,11434.0,184251.0,Agriculture and Food Production,S,Compliant,TR-4E84DF9F,GR0000000205,2025-06-16,On-time,Agent-prepared,184251.0,172817.0,11434.0,2912.85,283.43,2629.42,Paid,GR0000000205,119762.0,46064.0,18425.0,87557.0,33676.0,13471.0,28743.0,32329.0,-3585.0,4,184251.0,134704.0,1.1247608113279755,64.99937585142007,100,99.9840268956652,6.205665098154149,22.99650166171069,25.475336715060347,2.478835053349659,25.000135684473896,61417.0,9.730332835539079,0.0,8572.960311352108,306.06784403256364,66.02282182336859
GR0000000206,2022,5,524755.0,206747.0,201207.0,2546601.0,1585869.0,53296.0,260043.0,1927557.0,Energy,M,Compliant,TR-A97FD0CF,GR0000000206,2023-06-20,On-time,Agent-prepared,1927557.0,1667514.0,260043.0,52188.5,9797.32,42391.19,Paid,GR0000000206,1542046.0,289134.0,96378.0,878961.0,338062.0,135225.0,370091.0,324539.0,45551.0,4,1927558.0,1352248.0,0.8769167583107939,79.99997924835466,100,99.99978394897829,13.490807275738149,16.301607811015874,20.06918086624135,3.7675730552254763,10.438446178245313,385511.4,18.772948063270643,5.1879113360797646e-05,105314.0300546448,197.60212784194835,50.44487427466151
GR0000000206,2023,5,501790.0,200461.0,178225.0,3944979.0,2177554.0,59879.0,260340.0,2115124.0,Energy,M,Compliant,TR-F4C047CF,GR0000000206,2024-06-18,On-time,Agent-prepared,2115124.0,1854784.0,260340.0,52248.11,8087.54,44160.57,Paid,GR0000000206,1692099.0,317268.0,105757.0,937067.0,360411.0,144164.0,406104.0,345993.0,60110.0,4,2115124.0,1441642.0,0.851981265882631,79.9999905442896,100,82.49115738026559,12.30849822516316,16.96265268495045,20.069182607359608,3.106529922409159,8.426219928477007,423024.8,15.479105368596107,0.0,100705.15140546976,168.18108419557737,48.11773849618366
GR0000000206,2024,5,414755.0,154830.0,210395.0,2800644.0,1843105.0,39268.0,194098.0,1794899.0,Energy,M,Compliant,TR-1A7F7F8C,GR0000000206,2025-06-21,On-time,Agent-prepared,1794899.0,1600801.0,194098.0,38953.88,6654.57,32299.31,Paid,GR0000000206,1435918.0,269235.0,89745.0,807188.0,310457.0,124183.0,344620.0,298039.0,46581.0,4,1794898.0,1241828.0,0.8648337299054031,79.99997771461108,100,99.99960699951612,10.81386752123657,16.640722727694257,20.06918154746571,3.4284588197714534,11.721829473413267,358979.8,17.08320198142008,5.571347230226564e-05,83237.9339271914,211.9739582540272,53.20176971947295
GR0000000207,2022,23,2586813.0,1001984.0,750268.0,5885867.0,2694774.0,345048.0,1347032.0,6134545.0,Technology and Innovation,S,Compliant,TR-4F34A005,GR0000000207,2023-06-13,On-time,Agent-prepared,6134545.0,4787513.0,1347032.0,350872.38,43573.08,307299.3,Paid,GR0000000207,2453819.0,2147091.0,1533635.0,2726015.0,1048468.0,419387.0,588916.0,1006529.0,-417612.0,4,6134545.0,4193870.0,1.7091215045948829,40.00001630112747,100,99.99990237530642,21.958140334776253,22.81306605930668,26.04781326649998,3.2347472071932977,12.23021430277225,266719.347826087,12.418498144539049,0.0,673808.2197935461,195.2795610447086,47.92696650279707
GR0000000207,2023,27,2243361.0,897507.0,833979.0,7006456.0,4180744.0,382010.0,1279517.0,5360992.0,Technology and Innovation,S,Compliant,TR-B9CF2CC1,GR0000000207,2024-06-17,On-time,Agent-prepared,5360992.0,4081475.0,1279517.0,333286.2,41796.86,291489.34,Paid,GR0000000207,2144397.0,1876348.0,1340248.0,2352746.0,904903.0,361961.0,514655.0,868707.0,-354051.0,4,5360993.0,3619610.0,1.68794046497168,39.99999626934786,100,99.99988335765553,23.867168613570026,22.781201031326667,26.047813354570515,3.266612323243848,15.556430600903715,198555.25925925927,12.540831273542077,1.8653260691614548e-05,584346.4861492267,152.96627997937924,42.96428439292651
GR0000000207,2024,28,2581215.0,995271.0,905916.0,5715425.0,3350366.0,408021.0,1403292.0,5677499.0,Technology and Innovation,S,Compliant,TR-E40655AD,GR0000000207,2025-06-15,On-time,Agent-prepared,5677499.0,4274207.0,1403292.0,365526.88,45096.42,320430.46,Paid,GR0000000207,2271000.0,1987125.0,1419375.0,2471885.0,950725.0,380290.0,545041.0,912696.0,-367656.0,4,5677500.0,3802900.0,1.674545584644091,40.0,100,99.99985644311093,24.71672826362453,22.834197016729235,26.047813284761833,3.213616268032599,15.956251159181182,202767.82142857142,12.3373744770836,1.7613386171788648e-05,672350.0636782652,164.78320078580884,45.634439595306866
GR0000000208,2022,31,3266682.0,920101.0,1161130.0,5726680.0,2443032.0,222008.0,1142109.0,5258901.0,Technology and Innovation,S,Non-Compliant,TR-0CD36BEB,GR0000000208,2023-08-12,Late,Agent-prepared,4023986.65,3983746.79,40239.87,9751.13,1553.92,8197.21,Unpaid,GR0000000208,1428237.0,1719392.0,1238627.0,2109458.0,764661.0,276881.0,342777.0,912654.0,-569878.0,4,4386256.0,3151000.0,2.6625298663562607,32.561642548907315,40,0.0,1.0000000869784198,0.7177257161969653,24.232508703432686,23.51478298723572,22.079327981264527,169641.96774193548,15.935794107964925,8.259193033876732,791598.999963469,356.5632769825723,65.0376437008561
GR0000000208,2023,21,5244618.0,1290985.0,776564.0,9982387.0,4600499.0,260611.0,1551596.0,8381494.0,Technology and Innovation,S,Non-Compliant,TR-7CEA55E1,GR0000000208,2024-09-15,Extended,Self-prepared,6923682.31,6854445.49,69236.82,16777.81,2600.0,14177.81,Unpaid,GR0000000208,2344307.0,2532594.0,1962286.0,3654310.0,1225485.0,469929.0,562633.0,1546317.0,-983683.0,4,6839187.0,5349724.0,2.7483581659803105,34.27756837179624,20,0.0,0.9999999552261376,0.9137565448737944,24.232496524248226,23.31873997937443,9.265221689593764,399118.7619047619,15.496658979926462,1.2354583958590348,1270901.8745600968,487.6624066367485,70.41546209847887
GR0000000208,2024,14,3082484.0,980803.0,397287.0,5073521.0,2954278.0,181797.0,1162601.0,4102804.0,Technology and Innovation,S,Non-Compliant,TR-F309D2AF,GR0000000208,2025-06-29,On-time,Agent-prepared,3641728.67,3605311.38,36417.29,8824.82,1381.97,7442.84,Unpaid,GR0000000208,1172475.0,1287649.0,964337.0,1677052.0,592072.0,220613.0,281395.0,715516.0,-434121.0,4,3424461.0,2489737.0,2.542745962081771,34.23823486382236,40,0.0,1.0000000906163062,0.6401886803813174,24.232500551249146,23.592311870867828,9.683304393775574,293057.4285714286,15.660036125382728,6.344580066760863,746962.9522921667,410.8774909883918,62.28363229135982
GR0000000209,2022,9,519617.0,138840.0,232488.0,1924441.0,1019468.0,26215.0,165054.0,2022641.0,Automotive,S,Non-Compliant,TR-63FDF054,GR0000000209,2023-06-29,On-time,Agent-prepared,1576999.02,1561229.03,15769.99,4172.16,487.62,3684.54,Paid,GR0000000209,973671.0,368775.0,191050.0,911031.0,326696.0,122830.0,233682.0,384159.0,-150477.0,4,1533496.0,1360557.0,1.6439391994248593,63.493546771559885,60,0.0,0.9999999873176839,2.2323239667018067,26.456326224683718,24.224002257981912,11.49427901441729,224737.88888888888,11.687471237919928,2.836852525210376,137471.5686389148,524.400414415086,68.23545034130908
GR0000000209,2023,6,127512.0,26485.0,170105.0,486251.0,339270.0,5424.0,31909.0,651844.0,Automotive,S,Non-Compliant,TR-0F6F9FE6,GR0000000209,2024-06-27,On-time,Self-prepared,522290.67,517067.77,5222.91,1381.79,181.56,1200.23,Unpaid,GR0000000209,305136.0,116571.0,60834.0,287802.0,103539.0,38837.0,73232.0,122758.0,-49526.0,4,482541.0,430178.0,1.6762890539654796,63.235248403762576,60,0.0,1.000000631832079,3.7614152746873923,26.45632415645684,22.69490888176945,26.095967746884224,108640.66666666667,13.139478502522092,8.23757359478261,33734.98805838125,621.9577444391823,74.97568856264508
GR0000000209,2024,3,140214.0,18043.0,77684.0,545095.0,286855.0,3369.0,21412.0,587178.0,Automotive,S,Non-Compliant,TR-DD106325,GR0000000209,2025-09-15,Extended,Self-prepared,451218.14,446705.95,4512.18,1193.76,147.93,1045.83,Paid,GR0000000209,305283.0,107742.0,54889.0,275547.0,103166.0,37289.0,73267.0,121793.0,-48525.0,4,467914.0,416002.0,1.6623172779013744,65.24339942810003,20,0.0,0.9999996897287863,4.884317205305436,26.45639136736566,21.572074162060225,13.230059709321534,195726.0,12.39193807800563,3.5681471381493135,37095.56459183809,1101.0853247799969,84.72905701285178
GR0000000210,2022,50,18904469.0,7759595.0,2530994.0,149289392.0,125939212.0,2040586.0,9800181.0,29332501.0,Financial Services,L,Compliant,TR-D599A175,GR0000000210,2023-06-12,On-time,Agent-prepared,29332501.0,19532320.0,9800181.0,2141050.03,282428.22,1858621.81,Paid,GR0000000210,20532752.0,7333126.0,1466625.0,6026052.0,2317712.0,927085.0,4927860.0,2225004.0,2702857.0,4,29332503.0,9270849.0,0.4515152622030658,69.99999965908125,100,100.0,33.410655981908945,18.965178398235707,21.847045784154393,2.881867385918685,8.628633473838457,586650.02,13.19110791633393,6.818374820305451e-06,4130067.997681274,202.396174318616,48.15944843518218
GR0000000210,2023,57,23314352.0,9956721.0,3334408.0,114820110.0,100731747.0,3072277.0,13028998.0,38725473.0,Financial Services,L,Compliant,TR-1C573199,GR0000000210,2024-06-22,On-time,Agent-prepared,38725473.0,25696475.0,13028998.0,2846451.16,333747.12,2512704.05,Paid,GR0000000210,27107831.0,9681369.0,1936274.0,9146761.0,3517985.0,1407194.0,6505880.0,3377265.0,3128614.0,4,38725474.0,14071940.0,0.5191096362060167,69.99999793417635,100,86.85720174915505,33.644516104425634,19.28547421682005,21.847045797382115,2.5615715805620667,8.610373848758412,679394.2631578947,11.725025347000859,2.582279556850864e-06,5093497.1588028725,165.78899489866546,44.115976287910556
GR0000000210,2024,60,16638305.0,8555455.0,3973905.0,163810108.0,138071516.0,2747917.0,11303373.0,31837293.0,Financial Services,L,Compliant,TR-26264540,GR0000000210,2025-06-25,On-time,Agent-prepared,31837293.0,20533920.0,11303373.0,2469453.08,283187.13,2186265.95,Paid,GR0000000210,22286106.0,7959323.0,1591864.0,7506498.0,2887115.0,1154845.0,5348665.0,2771630.0,2577035.0,4,31837293.0,11548458.0,0.5181909878446304,70.00000282687351,100,100.0,35.50356181349966,19.3417128674777,21.847045833133173,2.505332965655473,12.481918610354215,530621.55,11.467605207546603,0.0,3634978.119206488,132.28121952760904,32.064155573539495
GR0000000211,2022,3,381309.0,139380.0,80546.0,602119.0,353386.0,40690.0,180070.0,648321.0,Technology and Innovation,S,Compliant,TR-9B5C2E5E,GR0000000211,2023-06-11,On-time,Agent-prepared,648321.0,468251.0,180070.0,47753.07,5139.34,42613.73,Paid,GR0000000211,259328.0,226912.0,162080.0,276386.0,106302.0,42520.0,62239.0,102050.0,-39811.0,4,648320.0,425208.0,1.6396471665675862,40.0,100,100.0,27.774821423338132,23.665091353362584,26.519170322652304,2.85407896928972,12.423783897174394,216107.0,10.762323762639763,0.0001542448173630362,101119.98316560227,248.51310682133763,52.775832723591634
GR0000000211,2023,3,230595.0,71770.0,95430.0,538099.0,280152.0,23901.0,95672.0,465374.0,Technology and Innovation,S,Compliant,TR-1AFF5620,GR0000000211,2024-06-18,On-time,Agent-prepared,465374.0,369702.0,95672.0,25371.42,2810.75,22560.67,Paid,GR0000000211,186149.0,162881.0,116343.0,197616.0,76007.0,30402.0,44676.0,72965.0,-28289.0,4,465373.0,304025.0,1.633203509714388,39.999957023720754,100,100.0,20.558088763016414,23.581267246425284,26.5191696630153,2.937902416590017,20.506087576873654,155124.66666666666,11.078410274237706,0.00021488139620995383,61151.879284430135,255.85489847466692,58.5108089941239
GR0000000211,2024,3,289343.0,112677.0,104756.0,493075.0,253886.0,39640.0,152317.0,492399.0,Technology and Innovation,S,Compliant,TR-8B8035DA,GR0000000211,2025-06-19,On-time,Self-prepared,492399.0,340082.0,152317.0,40393.2,5125.49,35267.71,Paid,GR0000000211,196960.0,172339.0,123100.0,206636.0,79475.0,31790.0,47271.0,76297.0,-29026.0,4,492399.0,317901.0,1.6140339743182923,40.00008123493346,100,100.0,30.93365339897116,23.154152195749653,26.519167263010697,3.3650150672610444,21.274616723429578,164133.0,12.688992206609035,0.0,76731.35413381303,193.57052001466454,47.35763436475048
GR0000000212,2022,15,456005.0,150078.0,316978.0,2271569.0,1481889.0,58435.0,208513.0,2335344.0,Logistics and Transportation,S,Compliant,TR-8093EF57,GR0000000212,2023-09-14,Extended,Agent-prepared,2335344.0,2126831.0,208513.0,52482.94,3705.27,48777.67,Paid,GR0000000212,1284439.0,700604.0,350301.0,1033778.0,397607.0,159043.0,308265.0,381702.0,-73436.0,4,2335344.0,1590428.0,1.2382268502749258,54.99999143595119,80,100.0,8.928577545749148,23.39310738419187,25.17010450187758,1.7769971176857098,13.573075315670838,155689.6,7.059951290838508,0.0,114776.93503378687,196.41813131477176,54.273966294229226
GR0000000212,2023,13,291483.0,104974.0,278770.0,1214342.0,832408.0,29672.0,134645.0,1296902.0,Logistics and Transportation,S,Compliant,TR-46652206,GR0000000212,2024-06-20,On-time,Self-prepared,1296902.0,1162257.0,134645.0,33890.29,2752.69,31137.59,Paid,GR0000000212,713296.0,389072.0,194535.0,590321.0,227046.0,90818.0,171191.0,217964.0,-46774.0,4,1296903.0,908185.0,1.2732211389617445,54.99994988060016,100,100.0,10.382048913487681,23.12569349028928,25.17010657655316,2.04441308626388,21.495070560458693,99761.69230769231,8.122355990462164,7.71067689697702e-05,73366.58175253445,247.25863356880038,53.80691155230323
GR0000000212,2024,13,422411.0,99642.0,217161.0,1656139.0,1207610.0,36845.0,136487.0,1838609.0,Logistics and Transportation,S,Compliant,TR-DB99722E,GR0000000212,2025-06-25,On-time,Self-prepared,1838609.0,1702122.0,136487.0,34353.92,2944.41,31409.51,Paid,GR0000000212,1011235.0,551582.0,275792.0,843427.0,324395.0,129758.0,242696.0,311419.0,-68722.0,4,1838609.0,1297580.0,1.2831649470943072,55.00000271944715,100,100.0,7.423383655796312,23.01282173393803,25.170104112479574,2.157282378541545,11.811157238977945,141431.46153846153,8.570812297403032,0.0,106321.28848256609,288.56368159198286,67.68857818570065
GR0000000213,2023,234,18327642.0,3478828.0,5906202.0,52750297.0,29095132.0,1274519.0,4753347.0,51365185.0,Tourism and Hospitality,L,Compliant,TR-620A1F8C,GR0000000213,2024-06-20,On-time,Self-prepared,51365185.0,46611838.0,4753347.0,927922.87,173810.31,754112.56,Paid,GR0000000213,30819111.0,15409555.0,5136518.0,15065389.0,5794380.0,2317752.0,7396587.0,5562605.0,1833981.0,4,51365184.0,23177521.0,0.7520502361426966,60.0000011681064,100,100.0,9.25402488086045,15.864875002813807,19.52146287657939,3.656587873765581,11.498453670516323,219509.3376068376,18.73111608942239,1.9468439971248586e-06,3577823.829182372,280.7195364825767,74.0646014364532
GR0000000213,2024,227,14805180.0,3041578.0,6469068.0,36131209.0,22025250.0,860829.0,3902407.0,29701904.0,Tourism and Hospitality,L,Compliant,TR-BFBC0A79,GR0000000213,2025-09-20,Extended,Agent-prepared,29701904.0,25799497.0,3902407.0,761806.93,119912.48,641894.45,Paid,GR0000000213,17821142.0,8910572.0,2970191.0,8210056.0,3157714.0,1263085.0,4277074.0,3031405.0,1245669.0,4,29701905.0,12630855.0,0.7087567341598485,59.99999663321258,80,65.99349017909836,13.138575223999108,16.44868026323241,19.521462779253934,3.0727825160215225,21.77997747215128,130845.39207048458,15.74053415345014,3.3667874155263178e-06,2890187.7031015474,335.74469529971077,73.64161057143514
GR0000000214,2022,11,242322.0,52686.0,236543.0,1079971.0,702947.0,10210.0,62897.0,1075195.0,Agriculture and Food Production,M,Non-Compliant,TR-F9304AEC,GR0000000214,2023-08-25,Extended,Self-prepared,817294.91,809121.96,8172.95,1972.81,406.02,1566.78,Unpaid,GR0000000214,462698.0,243846.0,99943.0,416560.0,149853.0,56144.0,111048.0,180864.0,-69816.0,4,806487.0,622557.0,1.6287011022260645,57.37203451512548,0,0.0,1.0000001101193692,2.4910250091419304,24.138285441609213,21.647260432467284,22.00000930063849,97745.0,20.58079592053974,1.3401220354450905,58492.37604781628,572.8930073243514,74.04404057411213
GR0000000214,2023,12,752719.0,147308.0,314831.0,2255795.0,1087763.0,28547.0,175855.0,2433955.0,Agriculture and Food Production,M,Non-Compliant,TR-EB501BAA,GR0000000214,2024-07-25,Late,Self-prepared,1887198.9,1868326.91,18871.99,4555.37,910.97,3644.4,Paid,GR0000000214,1085720.0,552080.0,233090.0,1035593.0,348687.0,133544.0,260573.0,440185.0,-179612.0,4,1870890.0,1517824.0,1.689296281656196,58.03227340998135,40,0.0,1.0000000529885855,2.0723891842711324,24.138259929133067,22.065870744861936,12.934955658588592,202829.58333333334,19.997716980179437,0.8717188076263094,181693.26875597113,636.4706230285884,76.63736400967693
GR0000000214,2024,10,775208.0,123147.0,225229.0,2750900.0,1487307.0,22487.0,145634.0,3038912.0,Agriculture and Food Production,M,Non-Compliant,TR-50C9CE04,GR0000000214,2025-06-30,On-time,Agent-prepared,2689537.85,2662642.47,26895.38,6492.08,1283.51,5208.57,Paid,GR0000000214,1427962.0,679582.0,289711.0,1315875.0,482843.0,175396.0,342711.0,579002.0,-236291.0,4,2397255.0,1974114.0,1.6894759724665973,59.56654590354384,40,100.0,1.0000000557716635,3.57647939354821,24.138272074980907,20.5617926814327,7.411501221489797,303891.2,19.770397160848297,12.192397137559418,187121.816187018,832.1333045182462,81.21355816761438
GR0000000215,2022,4,193162.0,44070.0,105139.0,517238.0,337236.0,16559.0,60629.0,945188.0,Automotive,M,Compliant,TR-D91092E0,GR0000000215,2023-06-16,On-time,Agent-prepared,945188.0,884559.0,60629.0,12339.44,1722.29,10617.16,Paid,GR0000000215,661632.0,189038.0,94519.0,452809.0,174158.0,69663.0,158791.0,167191.0,-8399.0,4,945189.0,696630.0,1.0528997235359687,69.9999682603162,100,99.99849300566254,6.414491085371375,17.511685826914515,20.352372626960697,2.840686800046182,11.123607155401888,236297.0,13.957602614057038,0.00010579894602624762,39313.05001368982,237.41198148251596,68.61235646762822
GR0000000215,2023,4,173866.0,33543.0,121923.0,442841.0,281666.0,9055.0,42598.0,690863.0,Automotive,M,Compliant,TR-6D018312,GR0000000215,2024-06-25,On-time,Agent-prepared,690863.0,648265.0,42598.0,8669.71,1342.4,7327.3,Partial,GR0000000215,483604.0,138173.0,69087.0,334237.0,128553.0,51421.0,116065.0,123410.0,-7345.0,4,690864.0,514211.0,1.0632835049325808,69.99988420296903,100,92.42149222769642,6.16591133119012,17.201042302455516,20.352387436029858,3.151345133574342,17.647927302518735,172715.75,15.48379357556366,0.00014474628871052886,35385.88193952767,390.7883151797645,75.49952262086894
GR0000000215,2024,3,136226.0,28390.0,66958.0,313903.0,163591.0,7239.0,35629.0,582850.0,Automotive,M,Compliant,TR-61C811E4,GR0000000215,2025-06-10,On-time,Self-prepared,582850.0,547221.0,35629.0,7251.35,1038.74,6212.61,Paid,GR0000000215,407996.0,116569.0,58285.0,276936.0,106514.0,42605.0,97919.0,102254.0,-4335.0,4,582850.0,426055.0,1.044271285450219,70.00017157073003,100,100.0,6.112893540362014,17.43694743046395,20.352381486990936,2.915434056526987,11.488032941580165,194283.33333333334,14.324780902866364,0.0,27725.235204468274,382.9981379260709,73.84566822779792
GR0000000216,2022,8,70220.0,18966.0,130307.0,435068.0,294663.0,7493.0,26459.0,434356.0,Manufacturing,S,Compliant,TR-40E30BA8,GR0000000216,2023-06-12,On-time,Agent-prepared,434356.0,407897.0,26459.0,7638.73,871.84,6766.89,Paid,GR0000000216,260614.0,108589.0,65153.0,225007.0,86542.0,34617.0,62547.0,83080.0,-20532.0,4,434356.0,346166.0,1.3282811325882935,60.00009209035906,100,100.0,6.091547025941854,25.57500283457425,28.870063116519894,3.295060281945645,30.00004604517953,54294.5,11.413415580862264,0.0,20272.55832042027,270.5532940133494,62.31985189404728
GR0000000216,2023,8,162998.0,53136.0,151061.0,838800.0,560849.0,21977.0,75113.0,849356.0,Manufacturing,S,Compliant,TR-D568B7D4,GR0000000216,2024-06-13,On-time,Agent-prepared,849356.0,774243.0,75113.0,21685.16,2366.15,19319.0,Paid,GR0000000216,509613.0,212339.0,127404.0,444011.0,170773.0,68309.0,122308.0,163942.0,-41636.0,4,849356.0,683093.0,1.3404029172253655,59.999929358243186,100,100.0,8.84352379920787,25.719915327573123,28.870049125983517,3.150133798410394,17.78535737664772,106169.5,10.911379026025172,0.0,47057.60267437061,214.1220488436575,53.91783948269304
GR0000000216,2024,7,234903.0,54287.0,147390.0,1290630.0,802254.0,19357.0,73643.0,1087386.0,Manufacturing,S,Compliant,TR-BF14F385,GR0000000216,2025-06-20,On-time,Agent-prepared,1087386.0,1013743.0,73643.0,21260.77,2371.76,18889.01,Paid,GR0000000216,652432.0,271846.0,163109.0,559329.0,215126.0,86050.0,156584.0,206521.0,-49938.0,4,1087387.0,860505.0,1.318915087109794,59.99998160728425,100,0.0,6.77248005767961,25.649430359979903,28.870048748693016,3.2206183887131132,13.554524336344222,155340.85714285713,11.155569624242208,9.19635787410833e-05,67816.61061214235,350.3466994479638,68.64961281890824
GR0000000217,2022,2,18855.0,5001.0,18445.0,38448.0,25422.0,1818.0,6819.0,92223.0,Consumer Goods and Retail,S,Compliant,TR-D28035CB,GR0000000217,2023-07-27,Late,Agent-prepared,92223.0,85404.0,6819.0,2024.06,155.24,1868.82,Paid,GR0000000217,73778.0,13834.0,4611.0,47492.0,18266.0,7306.0,17705.0,17535.0,171.0,4,92223.0,73064.0,0.9903981926009602,79.99956626871821,80,99.50724558479294,7.394034026219056,27.406071271447423,29.682651415163512,2.276580143716089,20.000433731281785,46111.5,7.669733110678538,0.0,5596.66392432908,307.8473005681562,63.83452665075576
GR0000000217,2023,2,25612.0,4803.0,24939.0,78550.0,45755.0,1491.0,6294.0,124696.0,Consumer Goods and Retail,S,Compliant,TR-E12E26D1,GR0000000217,2024-09-22,Extended,Agent-prepared,124696.0,118402.0,6294.0,1868.22,137.67,1730.55,Paid,GR0000000217,99757.0,18705.0,6235.0,63033.0,24243.0,9698.0,23941.0,23274.0,669.0,4,124697.0,96974.0,0.9721398437826323,79.99951883365277,80,100.0,5.047475460319497,27.495233555767395,29.682554814108673,2.187321258341278,19.999839609931353,62348.0,7.369046472042906,0.0008019439120432459,7602.295938989514,509.8790032856817,75.42558175855068
GR0000000217,2024,1,22204.0,5347.0,15890.0,44941.0,25855.0,2184.0,7531.0,84512.0,Consumer Goods and Retail,S,Compliant,TR-3F50ABC0,GR0000000217,2025-06-25,On-time,Agent-prepared,84512.0,76981.0,7531.0,2235.4,154.72,2080.67,Paid,GR0000000217,67611.0,12676.0,4225.0,44665.0,17179.0,6871.0,16227.0,16492.0,-266.0,4,84512.0,68715.0,1.0163308066802244,80.00165656948126,100,100.0,8.911160545248013,27.62807064134909,29.682645067056168,2.0545744257070773,18.80206361226808,84512.0,6.921356356804151,0.0,6590.734510689152,301.7735581817377,66.08268780399928
GR0000000218,2022,30,577162.0,144869.0,644109.0,2517546.0,1511980.0,54165.0,199034.0,2323183.0,Logistics and Transportation,S,Compliant,TR-355FDDCB,GR0000000218,2023-06-10,On-time,Agent-prepared,2323183.0,2124149.0,199034.0,48570.07,4031.13,44538.94,Paid,GR0000000218,1277751.0,696955.0,348477.0,1028097.0,395422.0,158170.0,306661.0,379605.0,-72945.0,4,2323183.0,1581689.0,1.237865264901634,55.00001506553724,100,100.0,8.567297539625592,22.377553583809803,24.402901011887415,2.0253474280776125,27.725280358886923,77439.43333333333,8.299617439299553,0.0,140844.27153822963,260.0281944765617,65.51505469868079
GR0000000218,2023,35,1127871.0,262491.0,803218.0,6942103.0,4973379.0,109895.0,372386.0,4592707.0,Logistics and Transportation,S,Compliant,TR-51B16777,GR0000000218,2024-06-19,On-time,Agent-prepared,4592707.0,4220321.0,372386.0,90872.98,6843.94,84029.04,Paid,GR0000000218,2525989.0,1377811.0,688907.0,2041600.0,785232.0,314093.0,606237.0,753821.0,-147584.0,4,4592707.0,3140925.0,1.24344274598878,55.00000326604767,100,99.99995239740929,8.108202852914415,22.565037353713617,24.40289914228784,1.837861788574223,17.48898852027791,131220.2,7.531325593152112,0.0,275233.2225851133,250.45108747906028,66.98328088939249
GR0000000218,2024,35,341967.0,109743.0,570130.0,2700450.0,2093936.0,46414.0,156157.0,2219727.0,Logistics and Transportation,S,Compliant,TR-F34450E8,GR0000000218,2025-06-11,On-time,Agent-prepared,2219727.0,2063570.0,156157.0,38106.83,2727.47,35379.36,Paid,GR0000000218,1220849.0,665918.0,332958.0,994644.0,382555.0,153022.0,293004.0,367253.0,-74248.0,4,2219725.0,1530221.0,1.2534060968450942,55.000011262656415,100,99.99898245756847,7.034964209562708,22.656275415127084,24.402895803582293,1.7466203884552094,25.68469005422739,63420.77142857143,7.157430833265321,9.010125128217084e-05,83449.85069263626,179.79456778695277,54.33565227054073
GR0000000219,2023,7,167583.0,28612.0,114718.0,254017.0,150054.0,9826.0,38439.0,637323.0,Consumer Goods and Retail,M,Compliant,TR-4EE13D48,GR0000000219,2024-06-23,On-time,Agent-prepared,637323.0,598884.0,38439.0,9834.92,1032.11,8802.81,Paid,GR0000000219,509858.0,95598.0,31866.0,313032.0,120397.0,48158.0,122366.0,115581.0,6786.0,4,637322.0,481587.0,0.9445515911282546,80.00006276262235,100,99.03257528958272,6.031321637537011,22.900725825333645,25.58578527016832,2.6850594448346747,17.999978033116644,91046.14285714286,10.494340574198874,0.00015690655585931523,42877.426529306176,436.3670519978239,77.06270922468269
GR0000000219,2024,6,257755.0,44132.0,122365.0,311242.0,194072.0,11782.0,55914.0,795563.0,Consumer Goods and Retail,M,Compliant,TR-AD119816,GR0000000219,2025-06-19,On-time,Agent-prepared,795563.0,739649.0,55914.0,14306.04,1480.31,12825.72,Paid,GR0000000219,636450.0,119335.0,39778.0,389220.0,149700.0,59880.0,152749.0,143711.0,9036.0,4,795563.0,598800.0,0.9408310365370641,79.99994972114088,100,100.0,7.028230322425753,22.938298100654574,25.5857924670029,2.647494366348326,15.380931491283532,132593.83333333334,10.347447651481472,0.0,65948.65937332332,559.7407857182424,78.307307326725
GR0000000220,2022,9,505879.0,211786.0,307452.0,4308727.0,3072326.0,76396.0,288183.0,2190978.0,Energy,S,Compliant,TR-DD3061C5,GR0000000220,2023-06-25,On-time,Agent-prepared,2190978.0,1902795.0,288183.0,80633.74,9214.88,71418.86,Paid,GR0000000220,1752783.0,328646.0,109548.0,1082855.0,416483.0,166593.0,420667.0,399823.0,20844.0,4,2190977.0,1665931.0,0.9504501185022832,80.00006389843435,100,100.0,13.153167215736532,24.78246808451574,27.98004740043653,3.1975793159207875,14.032637479700846,243442.0,11.428069688941624,4.5641738832813417e-05,141545.18398885432,185.2782658632053,43.03321545270707
GR0000000220,2023,8,276314.0,122163.0,222429.0,2275322.0,1682368.0,35737.0,157899.0,1485166.0,Energy,S,Compliant,TR-F44CCD2A,GR0000000220,2024-06-25,On-time,Agent-prepared,1485166.0,1327267.0,157899.0,44180.22,5446.51,38733.7,Paid,GR0000000220,1188134.0,222775.0,74258.0,738392.0,283996.0,113598.0,285151.0,272636.0,12515.0,4,1485167.0,1135986.0,0.9561109727828414,80.0000269329981,100,100.0,10.631740828971308,24.530681004946196,27.98005053863546,3.4493695336892642,14.97670967420477,185645.75,12.327937706059409,6.733249526824636e-05,77312.79684532518,216.3382400462411,42.85522991958424
GR0000000220,2024,8,379223.0,146626.0,210937.0,3129206.0,1934907.0,48728.0,195354.0,1677666.0,Energy,S,Compliant,TR-5CB113FD,GR0000000220,2025-08-13,Late,Agent-prepared,1677666.0,1482312.0,195354.0,54660.14,5908.55,48751.6,Paid,GR0000000220,1342133.0,251650.0,83883.0,827628.0,318319.0,127327.0,322112.0,305587.0,16527.0,4,1677666.0,1273274.0,0.9486979684085038,80.00001192132403,80,99.76776462730513,11.64439167271674,24.95551665182182,27.980046479723985,3.024529827902164,12.573241634508895,209708.25,10.8096137331518,0.0,106106.7716618037,217.75318433303994,48.485719484313975
GR0000000221,2022,117,4833763.0,1272540.0,1981775.0,19213963.0,11318613.0,476889.0,1749429.0,11539297.0,Tourism and Hospitality,M,Compliant,TR-ACA3E0C6,GR0000000221,2023-06-14,On-time,Agent-prepared,11539297.0,9789868.0,1749429.0,384240.12,47559.04,336681.08,Paid,GR0000000221,6923578.0,3461789.0,1153930.0,3844934.0,1478821.0,591528.0,1661659.0,1419667.0,241991.0,4,11539297.0,5915283.0,0.85436723178462,59.99999826679216,100,99.99998617524453,15.16062027002165,19.245198290413615,21.96374474185577,2.7185464514421547,17.174139811116742,98626.47008547008,12.377426906903944,0.0,1061675.3667462696,222.6252580257187,63.8081345734162
GR0000000221,2023,120,6356970.0,1648556.0,2208424.0,18177304.0,12651002.0,562556.0,2211112.0,17321675.0,Tourism and Hospitality,M,Compliant,TR-0E456592,GR0000000221,2024-06-11,On-time,Agent-prepared,17321675.0,15110563.0,2211112.0,485642.99,59957.74,425685.26,Paid,GR0000000221,10393006.0,5196503.0,1732168.0,5860741.0,2254131.0,901653.0,2494321.0,2163965.0,330356.0,4,17321677.0,9016525.0,0.8675567418948884,59.99999884537739,100,77.81122950882336,12.765001075242436,19.252089446396205,21.96374448693689,2.711655040540684,12.749482945500363,144347.29166666666,12.346052807227794,1.1546226152958639e-05,1396228.647911232,248.1937172319257,65.21751715046634
GR0000000221,2024,120,5313955.0,1085419.0,2813608.0,16340263.0,10102979.0,409649.0,1495068.0,12920032.0,Tourism and Hospitality,M,Compliant,TR-B15C371C,GR0000000221,2025-06-11,On-time,Agent-prepared,12920032.0,11424964.0,1495068.0,328372.92,42503.5,285869.42,Paid,GR0000000221,7752019.0,3876010.0,1292004.0,3994456.0,1536329.0,614532.0,1860484.0,1474877.0,385609.0,4,12920033.0,6145317.0,0.7927383412058367,59.999993808065355,100,99.99993745145228,11.57170508556016,19.120830624426446,21.963744792878988,2.842914168452541,21.777097765702127,107666.93333333333,12.94366782742012,7.739918306270965e-06,1167143.5146084325,284.91306328306246,71.86524914117639
GR0000000222,2022,3,61392.0,11742.0,60624.0,145512.0,81360.0,4463.0,16205.0,303121.0,Consumer Goods and Retail,S,Compliant,TR-431BA61C,GR0000000222,2023-06-13,On-time,Agent-prepared,303121.0,286916.0,16205.0,4574.76,335.9,4238.85,Paid,GR0000000222,242497.0,45468.0,15156.0,157079.0,60415.0,24167.0,58199.0,57999.0,201.0,4,303121.0,241661.0,0.9965635148370247,80.00006598025212,100,86.04721226080449,5.346049927256772,26.157667386609074,28.230546127738354,2.07287874112928,19.99993401974789,101040.33333333333,7.342461681049935,0.0,17331.29687874113,388.33288995610866,73.60405264529581
GR0000000222,2023,2,53334.0,9515.0,43529.0,125499.0,84648.0,3141.0,12656.0,226852.0,Consumer Goods and Retail,S,Compliant,TR-96A011E6,GR0000000222,2024-07-26,Extended,Agent-prepared,226852.0,214196.0,12656.0,3572.86,236.31,3336.54,Paid,GR0000000222,181481.0,34028.0,11343.0,115209.0,44311.0,17724.0,43556.0,42538.0,1017.0,4,226852.0,177244.0,0.976627789512352,79.99973551037681,80,99.9418303737055,5.578967785163895,26.363305941845766,28.230562579013906,1.8672566371681398,19.18828134642851,113426.0,6.614029097137868,0.0,15056.488245891278,479.3533347943737,76.27029662129223
GR0000000222,2024,2,29248.0,7955.0,22430.0,47833.0,31304.0,2760.0,10714.0,112152.0,Consumer Goods and Retail,S,Compliant,TR-1B8D23F6,GR0000000222,2025-06-14,On-time,Agent-prepared,112152.0,101438.0,10714.0,3024.62,238.54,2786.07,Paid,GR0000000222,89722.0,16822.0,5606.0,57306.0,22040.0,8816.0,21534.0,21160.0,373.0,4,112150.0,88162.0,0.9826321166527352,80.0017833259028,100,99.99781936219459,9.553106498323704,26.00401344035841,28.230539481052823,2.226526040694413,19.999643341179826,56076.0,7.8866105494243905,0.0017833259028154913,8256.86818741833,299.1618908484902,63.36843544857768
GR0000000223,2022,3,221417.0,78903.0,133286.0,1464694.0,975417.0,27219.0,106122.0,1006487.0,Energy,M,Compliant,TR-0E0FF999,GR0000000223,2023-06-21,On-time,Self-prepared,1006487.0,900365.0,106122.0,24043.87,4148.38,19895.49,Paid,GR0000000223,805189.0,150972.0,50324.0,441801.0,169923.0,67969.0,193245.0,163126.0,30119.0,4,1006485.0,679693.0,0.8441408574607364,80.00009935567843,100,99.99902028392171,10.543802354128767,18.74775258664556,22.656819509621002,3.909066922975441,13.242694639871155,335495.6666666667,17.253378927768285,0.00019871135685800567,50166.05005361753,184.30526490178747,52.071430829611096
GR0000000223,2023,3,220458.0,103571.0,101419.0,1475500.0,868366.0,27917.0,131488.0,974334.0,Energy,M,Compliant,TR-28FB191C,GR0000000223,2024-06-11,On-time,Agent-prepared,974334.0,842846.0,131488.0,29791.0,5552.81,24238.19,Paid,GR0000000223,779467.0,146150.0,48717.0,442590.0,170227.0,68091.0,187072.0,163417.0,23655.0,4,974334.0,680908.0,0.873551359904208,79.99997947315808,100,99.99960328389066,13.495166955068797,18.43376581893405,22.65682039425651,4.223054575322461,10.409058905878272,324778.0,18.639219898627104,0.0,49948.773104770014,178.91884194136193,40.35689337651616
GR0000000223,2024,3,131410.0,49292.0,128479.0,811284.0,414916.0,13038.0,62330.0,601957.0,Energy,M,Compliant,TR-C3C40AB5,GR0000000223,2025-06-23,On-time,Agent-prepared,601957.0,539627.0,62330.0,14121.99,2314.47,11807.52,Paid,GR0000000223,481566.0,90293.0,30097.0,274580.0,105607.0,42243.0,115575.0,101383.0,14192.0,4,601956.0,422430.0,0.8772052779580359,80.00019935011862,100,100.0,10.354560209450177,18.943558479063054,22.656810524626987,3.7132520455639337,21.343551117438622,200652.33333333334,16.38912079671491,0.0001661250988549412,29773.314710412327,228.35798980221145,52.568297694239405
GR0000000224,2022,13,208907.0,57829.0,280324.0,987439.0,649053.0,16807.0,74636.0,934412.0,Manufacturing,S,Somewhat Compliant,TR-AF4D4A1E,GR0000000224,2023-09-27,Extended,Self-prepared,862887.5,837000.87,25886.62,5827.15,647.99,5179.16,Paid,GR0000000224,501812.0,221103.0,136421.0,479503.0,178165.0,69074.0,120435.0,183899.0,-63465.0,4,859336.0,726742.0,1.5269564495370946,58.39531917666664,60,99.99691069594297,2.9999994205501874,6.939225038855244,22.510277510157756,15.571052471302512,30.000042807669423,71877.84615384616,11.120187398642562,0.4132842101343348,47025.545438145266,279.7973787002158,64.27309759845289
GR0000000224,2023,12,224618.0,55625.0,272203.0,921914.0,587715.0,13519.0,69144.0,1075638.0,Manufacturing,S,Somewhat Compliant,TR-37D31EFA,GR0000000224,2024-06-22,On-time,Agent-prepared,1033624.01,1002615.29,31008.72,6980.15,883.93,6096.21,Paid,GR0000000224,584265.0,248349.0,158107.0,523607.0,198583.0,78177.0,140223.0,200919.0,-60694.0,4,990721.0,800367.0,1.432853383539077,58.97371712116731,60,99.99655523677826,2.999999970975906,8.81668691426588,22.510280979027833,13.693594064761953,25.30619037259747,89636.5,12.663481443808514,4.3304835569247135,50562.142929472735,374.00801042586534,69.21707076013497
GR0000000224,2024,12,350713.0,122246.0,250783.0,1381083.0,869224.0,35323.0,157569.0,1547353.0,Manufacturing,S,Somewhat Compliant,TR-EF1F0EB5,GR0000000224,2025-06-27,On-time,Agent-prepared,1482985.77,1438496.19,44489.57,10014.72,1232.45,8782.27,Partial,GR0000000224,864831.0,360223.0,225826.0,784704.0,291716.0,114667.0,207559.0,300239.0,-92680.0,4,1450880.0,1191087.0,1.4465236390616645,59.60734175121306,80,73.19292164781997,2.999999790962256,5.573602675653206,22.510264765427042,16.936662089773836,16.207226146845613,128946.08333333333,12.30638500127812,2.212848064622852,78946.42486677214,223.49864073485307,55.07181085388908
GR0000000225,2022,9,280866.0,92523.0,270492.0,2390635.0,1633383.0,23502.0,116025.0,1367597.0,Energy,S,Somewhat Compliant,TR-E3B09F13,GR0000000225,2023-08-14,Extended,Agent-prepared,1247782.17,1210348.7,37433.47,10331.77,1397.04,8934.73,Unpaid,GR0000000225,988469.0,198812.0,66671.0,635802.0,237295.0,94451.0,237233.0,247947.0,-10716.0,4,1253952.0,967548.0,1.0451623509376857,78.82829645791864,40,0.0,3.000000392696748,7.700693815987933,27.600353373598548,19.899659557610615,19.778633617944468,151955.22222222222,13.521787651099471,0.49203079543714834,77520.0085062913,329.84430476679137,58.69026510862832
GR0000000225,2023,7,161921.0,55222.0,196534.0,1396563.0,939484.0,15044.0,70266.0,786135.0,Energy,S,Somewhat Compliant,TR-67C5F3DE,GR0000000225,2024-07-18,Extended,Agent-prepared,721299.87,699660.88,21639.0,5972.44,713.63,5258.81,Unpaid,GR0000000225,562565.0,109170.0,38047.0,375650.0,140458.0,55226.0,135016.0,145082.0,-10065.0,4,709782.0,571334.0,1.0745541269182912,79.2588428559755,80,0.0,3.0000005406905177,7.484145959639086,27.600351217708763,20.116205258069677,25.000031801153742,112305.0,11.94871777698897,1.6227334590057207,44690.76469522621,297.06703466648634,56.604764051605414
GR0000000225,2024,6,204005.0,58086.0,189405.0,2175271.0,1304976.0,19459.0,77545.0,1305435.0,Energy,S,Somewhat Compliant,TR-DE7EECE3,GR0000000225,2025-06-28,On-time,Agent-prepared,1259387.33,1221605.71,37781.62,10427.86,1376.08,9051.79,Paid,GR0000000225,969923.0,186346.0,63997.0,626172.0,234512.0,91593.0,232781.0,238525.0,-5744.0,4,1220266.0,952277.0,1.0246755534171603,79.48455500685915,80,1.1574845022652844,3.0000000079403693,11.672951189631828,27.600351705405963,15.927400515774135,14.508956784520102,217572.5,13.196187904325527,3.2059673874384798,56306.09749661343,289.35761085674204,61.98867674811892
GR0000000226,2022,13,243919.0,52692.0,181267.0,383927.0,221072.0,21390.0,74082.0,906333.0,Consumer Goods and Retail,S,Compliant,TR-076326CE,GR0000000226,2023-06-19,On-time,Agent-prepared,906333.0,832251.0,74082.0,19166.8,1386.17,17780.63,Paid,GR0000000226,725067.0,135950.0,45317.0,469333.0,180512.0,72204.0,174016.0,173292.0,723.0,4,906334.0,722049.0,0.9958394630378816,79.99997793307986,100,100.0,8.173816908354876,24.001282362787183,25.872411651953243,1.8711292891660598,20.000044133888977,69717.92307692308,7.232140993801783,0.00011033460071141477,63107.727777327826,295.03379045034046,69.62844222877267
GR0000000226,2023,12,99837.0,21296.0,93243.0,223798.0,159924.0,7886.0,29182.0,466216.0,Consumer Goods and Retail,S,Compliant,TR-BD5C31DA,GR0000000226,2024-06-15,On-time,Agent-prepared,466216.0,437034.0,29182.0,7550.09,488.49,7061.6,Paid,GR0000000226,372973.0,69933.0,23311.0,243491.0,93650.0,37461.0,89514.0,89905.0,-391.0,4,466217.0,374602.0,1.0043680318162522,79.99987130456418,100,100.0,6.259330439109768,24.198478514152562,25.87242135563018,1.6739428414776185,19.99995710142938,38851.333333333336,6.469989099467687,0.00021449239302473444,25830.249308820505,327.5456417552689,70.770355679758
GR0000000226,2024,13,281048.0,59272.0,248783.0,686626.0,418615.0,17791.0,77062.0,1243917.0,Consumer Goods and Retail,S,Compliant,TR-6883CD67,GR0000000226,2025-06-25,On-time,Agent-prepared,1243917.0,1166855.0,77062.0,19937.79,1381.63,18556.17,Paid,GR0000000226,995133.0,186586.0,62196.0,653913.0,251505.0,100602.0,238832.0,241445.0,-2612.0,4,1243915.0,1006020.0,1.0109407449587995,80.00008039134507,100,99.99926756245216,6.1951078729529385,24.079533362746876,25.872401442993954,1.7928680802470787,19.999967843513673,95685.92307692308,6.929704846926364,0.00016078269013952706,72713.86680750565,408.71152159803074,72.5804844724033
GR0000000227,2022,1,21242.0,5049.0,19964.0,80300.0,52266.0,1966.0,7015.0,96859.0,Automotive,S,Compliant,TR-9FC6706C,GR0000000227,2023-06-20,On-time,Agent-prepared,96859.0,89844.0,7015.0,1767.25,180.71,1586.54,Paid,GR0000000227,67802.0,19372.0,9686.0,50022.0,19240.0,7696.0,16271.0,18469.0,-2197.0,4,96860.0,76958.0,1.1350869645381354,70.0,100,100.0,7.242486500996294,22.61639344262295,25.192444761225946,2.576051318602996,20.61140420611404,96859.0,10.225491582967889,0.0010324179227749752,5351.379116179615,272.1962927863487,66.97580265511722
GR0000000227,2023,1,29213.0,6786.0,23261.0,121122.0,73935.0,2618.0,9404.0,124764.0,Automotive,S,Compliant,TR-8EBA61FE,GR0000000227,2024-06-18,On-time,Agent-prepared,124764.0,115360.0,9404.0,2369.1,227.6,2141.5,Paid,GR0000000227,87335.0,24953.0,12476.0,67689.0,26033.0,10414.0,20959.0,24993.0,-4033.0,4,124764.0,104136.0,1.1924710148384943,70.00016030265141,100,100.0,7.537430669103267,22.772224585282856,25.192471288813266,2.4202467035304096,18.64399987175788,124764.0,9.60702376429868,0.0,7359.47663760102,281.1106431474798,67.80885222332523
GR0000000227,2024,1,11751.0,2793.0,18075.0,62916.0,47080.0,1132.0,3926.0,68497.0,Automotive,S,Compliant,TR-4C6DB700,GR0000000227,2025-06-11,On-time,Agent-prepared,68497.0,64571.0,3926.0,989.06,90.81,898.24,Paid,GR0000000227,47949.0,13699.0,6849.0,35156.0,13521.0,5409.0,11507.0,12981.0,-1474.0,4,68497.0,54086.0,1.1280959416007648,70.00160590974788,100,99.97328108300677,5.731637881951034,22.879266428935303,25.19256240448293,2.3132959755476286,26.388016993444968,68497.0,9.181445008391806,0.0,2960.3780081507894,261.51749188611217,66.59007744021785
GR0000000228,2022,1,43306.0,15150.0,27960.0,286488.0,162051.0,4410.0,19560.0,180180.0,Energy,S,Compliant,TR-A4AA844E,GR0000000228,2023-06-14,On-time,Agent-prepared,180180.0,160620.0,19560.0,5742.22,608.75,5133.47,Paid,GR0000000228,144144.0,27027.0,9009.0,87631.0,33705.0,13482.0,34595.0,32356.0,2238.0,4,180180.0,134818.0,0.9352796646914294,80.0,100,99.99362406684148,10.855810855810857,26.244734151329247,29.356952965235173,3.112218813905926,15.517815517815517,180180.0,10.60130054229897,0.0,12713.322051124744,288.2839467375225,54.83304853830878
GR0000000228,2023,1,47606.0,19248.0,29952.0,393342.0,220438.0,7710.0,26958.0,254128.0,Energy,S,Compliant,TR-7A9B3677,GR0000000228,2024-06-21,On-time,Agent-prepared,254128.0,227170.0,26958.0,7914.05,848.58,7065.47,Paid,GR0000000228,203303.0,38119.0,12707.0,120038.0,46167.0,18467.0,48792.0,44322.0,4470.0,4,254129.0,184672.0,0.9083866207575012,79.9999212998123,100,96.21627900727061,10.60804004281307,26.209177238667557,29.356962682691595,3.147785444024038,11.78618648869861,254128.0,10.722449314826164,0.0003935009385003241,13975.675654722161,181.2668697110527,43.37268411544763
GR0000000228,2024,1,57191.0,24240.0,30338.0,573462.0,365950.0,9287.0,33527.0,249893.0,Energy,S,Compliant,TR-00783823,GR0000000228,2025-06-18,On-time,Agent-prepared,249893.0,216366.0,33527.0,9842.5,1092.46,8750.04,Paid,GR0000000228,199915.0,37484.0,12494.0,120771.0,46449.0,18580.0,47980.0,44593.0,3387.0,4,249893.0,185800.0,0.9294080867027928,80.00024010276398,100,99.99967043035204,13.41654228009588,26.098487785963552,29.356936200674085,3.258448414710532,12.140396089526318,249893.0,11.099415798831599,0.0,16789.525382527514,180.78524154762047,41.37713975975241
GR0000000229,2022,3,43070.0,13898.0,69487.0,145652.0,89854.0,4791.0,18689.0,173718.0,Logistics and Transportation,S,Compliant,TR-82BD1446,GR0000000229,2023-06-11,On-time,Agent-prepared,173718.0,155029.0,18689.0,4902.21,371.92,4530.29,Paid,GR0000000229,95545.0,52115.0,26057.0,80455.0,30945.0,12378.0,22931.0,29707.0,-6776.0,4,173717.0,123778.0,1.2954951811957611,55.00037417178515,100,99.99359864379544,10.758240366571108,24.240408796618333,26.230456418213922,1.9900476215955898,39.999884870882696,57906.0,7.586782287988479,0.0005756489002139986,11297.457579324735,235.80583551084814,56.607847689807286
GR0000000229,2023,2,19190.0,4959.0,34617.0,98690.0,72921.0,1643.0,6602.0,114346.0,Logistics and Transportation,S,Compliant,TR-384B3D0E,GR0000000229,2024-06-25,On-time,Agent-prepared,114346.0,107744.0,6602.0,1731.73,122.6,1609.13,Paid,GR0000000229,62890.0,34304.0,17152.0,50546.0,19441.0,7777.0,15093.0,18663.0,-3569.0,4,114346.0,77764.0,1.2365334923474458,54.99973763839575,100,99.99192110022184,5.773704370944327,24.373371705543775,26.230384731899427,1.8570130263556521,30.27390551484092,57173.0,7.079625576735403,0.0,5033.6108300515,306.36706208469263,65.59666492965086
GR0000000229,2024,1,17372.0,5411.0,23380.0,64812.0,41419.0,1535.0,6946.0,77694.0,Logistics and Transportation,S,Compliant,TR-C719A5C0,GR0000000229,2025-06-25,On-time,Agent-prepared,77694.0,70748.0,6946.0,1821.97,158.61,1663.36,Paid,GR0000000229,42732.0,23309.0,11653.0,35684.0,13724.0,5490.0,10255.0,13176.0,-2920.0,4,77694.0,54898.0,1.2848366650414431,55.000386130203104,100,99.97835706040786,8.940201302545885,23.947019867549667,26.230492369709186,2.283472502159519,30.092413828609676,77694.0,8.705412273528104,0.0,4556.76113446588,296.85740289679995,60.01611789085886
GR0000000230,2022,168,41146961.0,16455474.0,7361630.0,60713985.0,23550548.0,5137744.0,21593218.0,64658437.0,Technology and Innovation,M,Compliant,TR-99D692A5,GR0000000230,2023-06-24,On-time,Agent-prepared,64658437.0,43065219.0,21593218.0,5536493.73,1091531.24,4444962.49,Paid,GR0000000230,25863374.0,22630452.0,16164609.0,25094321.0,9651661.0,3860665.0,6207210.0,9265595.0,-3058386.0,4,64658435.0,38606647.0,1.4927149234519212,40.0,100,99.99998897628493,33.39582427580178,20.584993353005558,25.639965891142303,5.054972538136745,11.385412858031195,384871.6488095238,19.715207733108006,3.0931772476705532e-06,10550066.765641626,205.34434502072557,47.52171855413575
GR0000000230,2023,191,23002369.0,7597755.0,7738742.0,28345072.0,13628990.0,2297447.0,9895202.0,37430166.0,Technology and Innovation,M,Compliant,TR-180B50D5,GR0000000230,2024-06-13,On-time,Self-prepared,37430166.0,27534964.0,9895202.0,2537126.42,479841.49,2057284.93,Paid,GR0000000230,14972066.0,13100558.0,9357541.0,14039182.0,5399686.0,2159874.0,3593295.0,5183698.0,-1590402.0,4,37430165.0,21598742.0,1.4426029591224767,40.0,100,100.0,26.436436322510566,20.79073201335354,25.639965914793855,4.849233901440314,20.6751474198645,195969.4554973822,18.9127938685846,2.6716419743166853e-06,5897799.571195108,256.7110175423027,56.98181348190702
GR0000000230,2024,196,26992759.0,9935068.0,7451232.0,33746736.0,14355748.0,3638900.0,13573968.0,47602507.0,Technology and Innovation,M,Compliant,TR-11E89B19,GR0000000230,2025-06-12,On-time,Agent-prepared,47602507.0,34028539.0,13573968.0,3480360.77,674399.23,2805961.54,Paid,GR0000000230,19041003.0,16660878.0,11900627.0,19380309.0,7453965.0,2981585.0,4569840.0,7155807.0,-2585965.0,4,47602508.0,29815859.0,1.5658769234809096,39.99999957985407,100,100.0,28.5152376533446,20.67163809432879,25.639965925954737,4.968327831625945,15.653024324958349,242869.93367346938,19.377279384746082,2.100729645793109e-06,6920934.210075081,190.1930311378461,49.71255809752534
GR0000000231,2022,5,116655.0,36429.0,126862.0,434199.0,317981.0,10953.0,47381.0,552171.0,Logistics and Transportation,M,Compliant,TR-5CA9B5D0,GR0000000231,2023-06-16,On-time,Agent-prepared,552171.0,504790.0,47381.0,12715.2,1565.67,11149.53,Paid,GR0000000231,303694.0,165652.0,82826.0,229197.0,88153.0,35262.0,72887.0,84627.0,-11740.0,4,552172.0,352612.0,1.1610712472731763,54.99989133820621,100,100.0,8.580856292706427,23.531647706886726,26.836073531584393,3.3044258246976668,22.975129081389642,110434.2,12.313372970932427,0.00018110298964924,31305.621578269773,285.81778123135007,59.38365265097938
GR0000000231,2023,5,225810.0,70734.0,110886.0,727859.0,476663.0,23916.0,94650.0,1006036.0,Logistics and Transportation,M,Compliant,TR-00BDF0F5,GR0000000231,2024-06-17,On-time,Agent-prepared,1006036.0,911386.0,94650.0,25400.35,3201.41,22198.94,Paid,GR0000000231,553320.0,301811.0,150906.0,434251.0,167020.0,66808.0,132796.0,160338.0,-27542.0,4,1006037.0,668079.0,1.207400825326064,54.99996521002707,100,100.0,9.408212032173799,23.45371368198626,26.83608029582673,3.3823666138404676,11.022070780767288,201207.2,12.603802703506053,9.93999226706066e-05,60598.55291600634,253.38080329489188,58.084230104955495
GR0000000231,2024,4,207441.0,66069.0,110414.0,945723.0,567989.0,21678.0,87747.0,935701.0,Logistics and Transportation,M,Compliant,TR-F51A56E7,GR0000000231,2025-06-24,On-time,Agent-prepared,935701.0,847954.0,87747.0,23547.85,2887.94,20659.92,Paid,GR0000000231,514636.0,280711.0,140355.0,389903.0,149962.0,59985.0,123512.0,143964.0,-20452.0,4,935702.0,599850.0,1.1655871494267764,54.99998931283678,100,100.0,9.377675133402658,23.544873329002698,26.836074167777813,3.291200838775115,11.800137009578915,233925.25,12.264134517588655,0.00010687163221057006,55669.02061437997,256.7996153444966,57.70026176117546
GR0000000232,2022,4,107143.0,19558.0,73080.0,199439.0,131501.0,4754.0,24312.0,406003.0,Consumer Goods and Retail,M,Somewhat Compliant,TR-EA6B5716,GR0000000232,2023-06-26,On-time,Self-prepared,365807.85,354833.61,10974.24,2441.56,312.0,2129.56,Paid,GR0000000232,286135.0,56325.0,19748.0,195511.0,72630.0,28403.0,68671.0,74805.0,-6134.0,4,362208.0,296544.0,1.0893244601068865,78.99742689283505,100,100.0,3.000001230154028,8.759295820993747,22.248101007450174,13.488805186456426,17.999866996056678,101500.75,12.778715247628567,0.9938626424595753,23837.28286241234,501.41528949121454,77.308830254893
GR0000000232,2023,3,281240.0,49447.0,86196.0,389459.0,221600.0,11932.0,61379.0,819264.0,Consumer Goods and Retail,M,Somewhat Compliant,TR-F2E0E27D,GR0000000232,2024-06-23,On-time,Agent-prepared,778635.8,755276.72,23359.07,5196.96,685.36,4511.6,Paid,GR0000000232,579018.0,117682.0,40377.0,387920.0,141130.0,56088.0,138964.0,149193.0,-10229.0,4,737077.0,585138.0,1.0736089922569874,78.55597176414403,80,100.0,2.9999994862810055,7.350396715489012,22.248146009237526,14.897749293748515,10.521150691352238,273088.0,13.187709738000677,5.638325439540237,62570.68583637962,524.3939476733123,78.17557957616272
GR0000000232,2024,3,237446.0,54678.0,70856.0,320924.0,190450.0,14938.0,69615.0,749581.0,Consumer Goods and Retail,M,Somewhat Compliant,TR-E483F5A5,GR0000000232,2025-06-20,On-time,Agent-prepared,698974.0,678004.78,20969.22,4665.26,586.23,4079.03,Paid,GR0000000232,534120.0,106174.0,36240.0,351567.0,134472.0,52503.0,128189.0,134626.0,-6437.0,4,676534.0,538542.0,1.0502149170365631,78.94946891065342,80,81.95650819866465,3.0000000000000004,5.859412482941895,22.248133216209283,16.388720733267387,9.452747601660128,249860.33333333334,12.56585913754003,3.316906467376368,52827.30239656029,353.64374344999527,70.68175500956006
GR0000000233,2022,18,566501.0,147318.0,368592.0,2621712.0,1625432.0,59112.0,206430.0,2836080.0,Automotive,S,Compliant,TR-89EDD9AD,GR0000000233,2023-06-22,On-time,Agent-prepared,2836080.0,2629650.0,206430.0,56685.3,5256.46,51428.83,Paid,GR0000000233,1985256.0,567216.0,283608.0,1468983.0,564994.0,225997.0,476462.0,542395.0,-65933.0,4,2836080.0,2259974.0,1.1383803954984868,70.0,100,0.0,7.278708640094779,24.913447657801676,27.45981688708037,2.5463692292786924,12.996530422272997,157560.0,9.27305668312596,0.0,155560.13726347915,263.1616884278643,63.56052328239491
GR0000000233,2023,16,295271.0,70112.0,373621.0,1132763.0,767212.0,25399.0,95511.0,1304202.0,Automotive,S,Compliant,TR-9FF84920,GR0000000233,2024-06-25,On-time,Agent-prepared,1304202.0,1208691.0,95511.0,26227.14,2790.49,23436.65,Paid,GR0000000233,912942.0,260841.0,130420.0,649515.0,249814.0,99925.0,219105.0,239821.0,-20715.0,4,1304203.0,999254.0,1.094548275940759,69.99999233248198,100,100.0,7.323328748154044,24.538168378511376,27.459810911832143,2.9216425333207674,28.647479454869725,81512.625,10.639703757252983,7.667518017173691e-05,81080.8582774759,319.22854552335093,67.65310511360751
GR0000000233,2024,16,160267.0,43446.0,270752.0,719242.0,436469.0,15497.0,58943.0,902507.0,Automotive,S,Compliant,TR-CD755C9D,GR0000000233,2025-06-18,On-time,Agent-prepared,902507.0,843564.0,58943.0,16185.64,1597.51,14588.13,Paid,GR0000000233,631755.0,180501.0,90250.0,461284.0,177416.0,70967.0,151621.0,170320.0,-18698.0,4,902506.0,709667.0,1.1233272435876296,70.00008864206997,100,99.99910886453576,6.531029676224118,24.749554654496716,27.45981711144665,2.710262456949934,29.999988919753527,56406.6875,9.869921733091802,0.00011080258746076765,44009.0250900022,283.9841588049442,63.22199829035298
GR0000000234,2022,49,1226881.0,262409.0,1170074.0,4900244.0,3485253.0,80310.0,342719.0,5163993.0,Automotive,S,Compliant,TR-3E0C1D79,GR0000000234,2023-06-18,On-time,Self-prepared,5163993.0,4821274.0,342719.0,84770.95,7313.01,77457.93,Paid,GR0000000234,3614796.0,1032799.0,516399.0,2741806.0,1054541.0,421815.0,867551.0,1012360.0,-144808.0,4,5163994.0,4218162.0,1.1669169881655372,70.00000387297119,100,0.0,6.636705355719885,22.601002570619077,24.7348264905068,2.1338239198877247,22.658318862941915,105387.61224489796,8.626787832388336,1.9364855963210914e-05,303466.88659499475,377.8693644564746,72.06583197555427
GR0000000234,2023,49,1080526.0,208794.0,1211325.0,3398095.0,2196846.0,82437.0,291231.0,4986837.0,Automotive,S,Compliant,TR-8D083455,GR0000000234,2024-06-20,On-time,Agent-prepared,4986837.0,4695606.0,291231.0,72035.48,7776.82,64258.65,Paid,GR0000000234,3490786.0,997367.0,498684.0,2645539.0,1017515.0,407006.0,837788.0,976814.0,-139025.0,4,4986837.0,4070060.0,1.1659441290636772,70.0000020052791,100,100.0,5.839994369176294,22.064495194536295,24.73482561952539,2.6703304249890962,24.290447030853425,101772.1836734694,10.795818949217802,0.0,267266.2218736329,324.20663279065576,73.04729363291582
GR0000000234,2024,49,599106.0,136630.0,1077332.0,2805211.0,1904766.0,48058.0,184688.0,3948531.0,Automotive,S,Compliant,TR-DD3D8412,GR0000000234,2025-06-21,On-time,Agent-prepared,3948531.0,3751104.45,197426.55,48833.11,4368.18,44464.93,Paid,GR0000000234,2763971.0,789707.0,394852.0,2040703.0,784887.0,313954.0,663353.0,753490.0,-90137.0,4,3948530.0,3139544.0,1.1358808959935358,70.0,100,100.0,5.0,24.075700641081173,24.734824166253226,0.6591235251720526,27.284374872579193,80582.26530612246,8.945119407713333,2.5325880770310505e-05,148187.81566947306,308.35202394913034,69.17273404038684
GR0000000235,2022,2,266128.0,77141.0,58439.0,807856.0,356110.0,31844.0,108985.0,560893.0,Technology and Innovation,S,Compliant,TR-6F147A32,GR0000000235,2023-06-11,On-time,Agent-prepared,560893.0,451908.0,108985.0,27000.54,2998.64,24001.89,Paid,GR0000000235,224358.0,196312.0,140224.0,243660.0,93715.0,37486.0,53846.0,89966.0,-36121.0,4,560894.0,374861.0,1.6708019165769046,40.00007131472257,100,100.0,19.430622239892458,22.023113272468688,24.77454695600312,2.751433683534433,10.418921255925818,280446.5,11.105851957034933,0.00017828680641818195,65932.00632307198,207.0468732667755,59.04790176155835
GR0000000235,2023,2,101183.0,42316.0,55172.0,288129.0,165515.0,13701.0,56017.0,236750.0,Technology and Innovation,S,Compliant,TR-013EEB21,GR0000000235,2024-06-10,On-time,Agent-prepared,236750.0,180733.0,56017.0,13877.96,1840.87,12037.09,Paid,GR0000000235,94700.0,82863.0,59188.0,97994.0,37690.0,15076.0,22728.0,36182.0,-13454.0,4,236751.0,150760.0,1.591957057374164,39.999831046120185,100,0.0,23.660823653643085,21.48828034346716,24.774550582858772,3.2862702393916123,23.3039070749736,118375.0,13.26470172849612,0.00042238469953881363,25067.63351625399,182.96207223015833,44.63793324965656
GR0000000235,2024,2,127533.0,40633.0,52555.0,282194.0,143037.0,12467.0,53101.0,275742.0,Technology and Innovation,S,Compliant,TR-4A10B000,GR0000000235,2025-06-10,On-time,Agent-prepared,275742.0,222641.0,53101.0,13155.53,1399.91,11755.62,Paid,GR0000000235,110297.0,96510.0,68935.0,116688.0,44881.0,17952.0,26471.0,43085.0,-16613.0,4,275742.0,179521.0,1.627630236862982,40.000072531569366,100,100.0,19.257494324404696,22.138227152031035,24.774542852300335,2.6363157002693,19.0594831400367,137871.0,10.641228441575521,0.0,31595.717735824186,253.43480978442437,58.362933515247036
GR0000000236,2022,26,1921598.0,348766.0,582796.0,6865212.0,4836406.0,101261.0,450027.0,5051378.0,Tourism and Hospitality,M,Compliant,TR-1C034607,GR0000000236,2023-06-24,On-time,Agent-prepared,5051378.0,4601351.0,450027.0,114243.7,14813.74,99429.96,Paid,GR0000000236,3030827.0,1515413.0,505138.0,1573915.0,605352.0,242141.0,727398.0,581138.0,146261.0,4,5051378.0,2421408.0,0.7989271348010305,60.00000395931565,100,100.0,8.908994733714245,22.094221013405864,25.38596573094503,3.291744717539167,11.537366635401272,194283.76923076922,12.966789415959044,0.0,487816.20976652513,481.7414500810036,76.58058553349868
GR0000000236,2023,26,987117.0,166002.0,442240.0,3401770.0,2080872.0,59287.0,225289.0,3144567.0,Tourism and Hospitality,M,Compliant,TR-8BE3E667,GR0000000236,2024-06-19,On-time,Agent-prepared,3144567.0,2919278.0,225289.0,57191.79,7521.97,49669.82,Paid,GR0000000236,1886740.0,943371.0,314457.0,1035508.0,398273.0,159309.0,452818.0,382342.0,70476.0,4,3144568.0,1593090.0,0.8443613107252803,59.99997455930354,100,99.98433570140017,7.1643886105781815,22.047157206965277,25.385966469734427,3.33880926276915,14.06362147793321,120944.88461538461,13.152184955218225,3.180087058129999e-05,250589.1906370484,422.67139615269514,77.17707222142866
GR0000000236,2024,26,2201240.0,415887.0,424760.0,9629810.0,6236901.0,129864.0,545752.0,5790492.0,Tourism and Hospitality,M,Compliant,TR-6D39B669,GR0000000236,2025-06-20,On-time,Agent-prepared,5790492.0,5244740.0,545752.0,138544.42,18472.97,120071.45,Paid,GR0000000236,3474296.0,1737147.0,579048.0,1888842.0,726478.0,290591.0,833831.0,697419.0,136412.0,4,5790491.0,2905911.0,0.8364032999492703,60.00002417756974,100,99.99982455008305,9.424967688410588,22.001101232794383,25.385966519591317,3.384865286796934,7.33547339327988,222711.23076923078,13.333608094790103,1.726969267590306e-05,558806.049415852,430.3009682559077,75.2070651087569
GR0000000237,2022,186,39816164.0,12398569.0,9344209.0,46102666.0,15526958.0,4501220.0,16899789.0,56666465.0,Technology and Innovation,L,Compliant,TR-04239F65,GR0000000237,2023-06-15,On-time,Agent-prepared,56666465.0,39766676.0,16899789.0,4094017.7,903224.33,3190793.37,Paid,GR0000000237,22666586.0,19833262.0,14166616.0,20087585.0,7725995.0,3090398.0,5439980.0,7416955.0,-1976974.0,4,56666464.0,30903978.0,1.3634158581465372,40.00000070588487,100,99.99998840413787,29.82326319455431,18.880669871085374,24.22525926211268,5.344589391027306,16.489839272663293,304658.41397849465,22.062052394155497,1.764712198593088e-06,9645568.957227975,214.28788100177232,57.55545662309408
GR0000000237,2023,187,53062937.0,17975157.0,9677407.0,46625419.0,17694258.0,5632372.0,23607530.0,71723985.0,Technology and Innovation,L,Compliant,TR-A0C0E2F0,GR0000000237,2024-06-24,On-time,Agent-prepared,71723985.0,48116455.0,23607530.0,5718985.35,1253049.48,4465935.87,Paid,GR0000000237,28689593.0,25103395.0,17930996.0,25409796.0,9772999.0,3909200.0,6885504.0,9382079.0,-2496577.0,4,71723984.0,39091995.0,1.362584205891101,39.99999916345974,100,100.0,32.914414892033676,18.917421136391653,24.225259271088504,5.307838134696851,13.492567374777071,383550.72192513366,21.91034603716899,1.3942337506733793e-06,12854634.065104352,228.22771764905357,55.510321639377025
GR0000000237,2024,169,41645962.0,15906081.0,9934371.0,46354032.0,17061813.0,5703600.0,21609681.0,67796389.0,Technology and Innovation,L,Compliant,TR-511CF348,GR0000000237,2025-06-23,On-time,Self-prepared,67796389.0,46186708.0,21609681.0,5235001.25,1323816.81,3911184.44,Paid,GR0000000237,27118556.0,23728736.0,16949097.0,23635837.0,9090707.0,3636284.0,6508454.0,8727079.0,-2218625.0,4,67796389.0,36362828.0,1.3408835646683528,40.000000590001925,100,99.99998875021092,31.874383457207433,18.099223398994184,24.225259271527424,6.12603587253324,14.653245027548593,401162.0650887574,25.287803130897057,0.0,10088842.270621788,176.88551565014706,48.11098132395165
GR0000000238,2022,35,1020420.0,241186.0,864806.0,3936517.0,2045831.0,87226.0,328413.0,4398554.0,Agriculture and Food Production,M,Compliant,TR-75B7BECB,GR0000000238,2023-06-17,On-time,Agent-prepared,4398554.0,4070141.0,328413.0,86592.38,15011.21,71581.17,Paid,GR0000000238,2859060.0,1099638.0,439856.0,1978930.0,761127.0,304450.0,686175.0,730682.0,-44508.0,4,4398554.0,3044507.0,1.0648624621998761,64.99999772652558,100,99.9997625073745,7.4663855439764975,21.79608298088078,26.366916047781302,4.570833066900523,19.661143184783,125672.97142857143,17.335486101663907,0.0,269053.28473476996,308.455374240215,67.8158993355677
GR0000000238,2023,34,1452499.0,346599.0,785589.0,3964531.0,2549579.0,95940.0,442539.0,5329411.0,Agriculture and Food Production,M,Compliant,TR-E1493EF8,GR0000000238,2024-06-12,On-time,Agent-prepared,5329411.0,4886872.0,442539.0,116683.88,19166.4,97517.48,Paid,GR0000000238,3464117.0,1332353.0,532941.0,2437090.0,937341.0,374937.0,831388.0,899848.0,-68460.0,4,5329411.0,3749368.0,1.0823442243573398,64.99999718543006,100,0.0,8.303713112011815,22.035906439884393,26.366914554423452,4.33100811453906,14.740634565433217,156747.38235294117,16.4259193300737,0.0,382979.17023385514,399.18612698963426,69.53257799144784
GR0000000238,2024,35,680154.0,196570.0,629656.0,2153278.0,1363643.0,52829.0,249398.0,2862075.0,Agriculture and Food Production,M,Compliant,TR-55B06EB6,GR0000000238,2025-06-22,On-time,Agent-prepared,2862075.0,2612677.0,249398.0,65758.56,10541.12,55217.44,Paid,GR0000000238,1860348.0,715519.0,286207.0,1326770.0,510296.0,204118.0,446484.0,489884.0,-43401.0,4,2862074.0,2041184.0,1.097203931159907,64.99999650603024,100,99.99920315030903,8.713887651441699,22.14028981788146,26.36691553260251,4.226625714721049,21.999982530157318,81773.57142857143,16.030034720954962,3.493969757961679e-05,179335.63067161725,339.4643674338285,63.33212772401544
GR0000000239,2022,2,54660.0,8000.0,42896.0,233191.0,107139.0,2864.0,10865.0,211100.0,Agriculture and Food Production,S,Somewhat Compliant,TR-C821DE71,GR0000000239,2023-09-23,Extended,Self-prepared,192868.78,187082.72,5786.06,1327.89,172.14,1155.75,Unpaid,GR0000000239,118384.0,49559.0,20346.0,96371.0,35565.0,14082.0,28412.0,37520.0,-9106.0,4,188289.0,146018.0,1.3205687737575673,62.873561387016764,80,0.0,2.9999982371434095,10.637367694431662,22.949813862974114,12.312446168542452,20.32022738038844,105550.0,12.963423175112396,2.4323141553675542,12544.36825750165,438.00168496863307,80.12257592389315
GR0000000239,2023,1,30217.0,8109.0,20185.0,112981.0,59267.0,3013.0,11122.0,130061.0,Agriculture and Food Production,S,Somewhat Compliant,TR-AC37D1F6,GR0000000239,2024-06-21,On-time,Agent-prepared,119771.52,116178.37,3593.15,824.62,98.67,725.95,Paid,GR0000000239,74932.0,31198.0,12623.0,61867.0,23442.0,9143.0,17984.0,24026.0,-6042.0,4,118753.0,94452.0,1.3359653024911031,63.09903749800006,100,0.0,3.000003673661318,6.527153389678116,22.94977944143718,16.422626051759064,15.519640783939845,130061.0,11.965511387063133,0.8576793849418562,6934.734853819073,230.16046643939836,63.19290465631929
GR0000000239,2024,1,14195.0,4299.0,18633.0,67890.0,48773.0,1137.0,5436.0,74534.0,Agriculture and Food Production,S,Somewhat Compliant,TR-EE0D2A76,GR0000000239,2025-09-23,Extended,Agent-prepared,70162.63,68057.76,2104.88,483.06,62.4,420.67,Paid,GR0000000239,42276.0,17491.0,7363.0,33643.0,12856.0,4990.0,10146.0,13046.0,-2899.0,4,67130.0,51489.0,1.2858269268677311,62.976314613436614,60,100.0,3.0000015677861565,7.738594554819721,22.949526813880126,15.210932259060407,24.99932916521319,74534.0,12.917649981368772,4.517548041114261,3257.685331230284,286.51586026651574,61.704825642831985
GR0000000240,2022,187,3046219.0,599600.0,2925969.0,12298391.0,5537283.0,167538.0,767137.0,13299857.0,Agriculture and Food Production,M,Compliant,TR-D97E467B,GR0000000240,2023-06-13,On-time,Agent-prepared,13299857.0,12532720.0,767137.0,206446.9,34125.35,172321.55,Paid,GR0000000240,8644907.0,3324965.0,1329986.0,5968846.0,2295710.0,918284.0,2074778.0,2203882.0,-129104.0,4,13299858.0,9182840.0,1.062225452554442,64.99999473678592,100,100.0,5.768009385364068,22.462943385601267,26.911346995386744,4.448403609785476,22.000003458683803,71122.22994652406,16.52984375158939,7.5188772652445834e-06,819778.5653294001,489.309031580537,74.81674823773339
GR0000000240,2023,186,5055270.0,1477593.0,4022000.0,13189141.0,7535780.0,414260.0,1891853.0,18281819.0,Agriculture and Food Production,M,Compliant,TR-C979D6E0,GR0000000240,2024-06-22,On-time,Agent-prepared,18281819.0,16389966.0,1891853.0,509123.12,85274.18,423848.94,Paid,GR0000000240,11883183.0,4570454.0,1828182.0,8462614.0,3254852.0,1301940.0,2851964.0,3124657.0,-272694.0,4,18281819.0,13019406.0,1.0956158633138426,65.00000355544489,100,100.0,10.34827551897325,22.40390453169459,26.911346706112997,4.507442174418408,21.999999015415263,98289.34946236559,16.749225609711065,0.0,1360441.2366301187,328.4027510814751,62.57661806392141
GR0000000240,2024,213,4568647.0,1351108.0,4258998.0,14435585.0,8092000.0,428025.0,1779133.0,19359080.0,Agriculture and Food Production,M,Compliant,TR-DF60B60C,GR0000000240,2025-06-17,On-time,Agent-prepared,19359080.0,17579947.0,1779133.0,478788.65,79342.56,399446.1,Paid,GR0000000240,12583402.0,4839770.0,1935908.0,8586680.0,3302569.0,1321028.0,3020016.0,3170467.0,-150450.0,4,19359080.0,13210277.0,1.0498179479843814,65.0,100,99.99997496533325,9.190173293358981,22.45172789218119,26.911346706513793,4.459618814332604,22.000002066213888,90887.69953051643,16.57152064903794,0.0,1229484.4339667412,287.24593983219233,61.05777049529105
GR0000000241,2022,5,41923.0,12530.0,65739.0,220502.0,146828.0,3982.0,16512.0,262956.0,Agriculture and Food Production,S,Compliant,TR-CD77BC03,GR0000000241,2023-06-15,On-time,Agent-prepared,262956.0,246444.0,16512.0,4541.67,506.34,4035.32,Paid,GR0000000241,170922.0,65739.0,26296.0,126379.0,48607.0,19442.0,41020.0,46662.0,-5642.0,4,262957.0,194428.0,1.137542662116041,64.99998098548431,100,99.99207002170832,6.2793775384474975,24.43871124031008,27.505268895348838,3.066557655038757,25.0,52591.2,11.148762459623882,0.0003802903136285174,11531.033878997094,289.57895226009776,60.61350571285452
GR0000000241,2023,4,28247.0,4773.0,46850.0,156620.0,92776.0,1778.0,6551.0,187398.0,Agriculture and Food Production,S,Compliant,TR-8A6F27B4,GR0000000241,2024-06-21,On-time,Agent-prepared,187398.0,178028.1,9369.9,2577.21,244.84,2332.37,Paid,GR0000000241,121809.0,46850.0,18740.0,93849.0,36096.0,14438.0,29234.0,34652.0,-5418.0,4,187399.0,144383.0,1.185332147499487,64.99981323272803,100,99.98413630770419,5.0,35.603266676843226,27.50520283033971,-8.098063846503518,25.000266811812295,46849.5,9.500195948331722,0.0005336207770545442,7769.394643486057,436.9738269677198,76.80815661840195
GR0000000241,2024,3,41267.0,7596.0,50565.0,205880.0,133220.0,3121.0,10717.0,208982.0,Agriculture and Food Production,S,Compliant,TR-3E818715,GR0000000241,2025-06-12,On-time,Agent-prepared,208982.0,198265.0,10717.0,2947.74,283.2,2664.54,Paid,GR0000000241,135838.0,52246.0,20898.0,101918.0,39199.0,15680.0,32601.0,37632.0,-5031.0,4,208982.0,156797.0,1.15432041961903,64.99985644696672,100,100.0,5.128192858715105,24.862741438835496,27.505271997760566,2.6425305589250705,24.19586375860122,69660.66666666667,9.60736021494433,0.0,11350.600595315853,363.6847355115621,74.03009668742578
GR0000000242,2022,87,4831865.0,1083159.0,2428955.0,11455482.0,7002263.0,374714.0,1457873.0,13718756.0,Logistics and Transportation,L,Somewhat Compliant,TR-6769DA9C,GR0000000242,2023-06-25,On-time,Self-prepared,12905404.62,12518242.48,387162.14,82672.9,16026.3,66646.6,Unpaid,GR0000000242,6641172.0,3931810.0,2026313.0,5349514.0,1991588.0,772062.0,1593880.0,2035262.0,-441382.0,4,12599295.0,8113164.0,1.2769229804000302,52.71066357284276,100,0.0,3.0000000108481686,4.5714955966672,21.353560035596452,16.782064438929254,17.705358999022945,157686.85057471265,19.385191519832983,2.4295773692099454,1031775.1936139725,275.35005193666973,69.82794428238371
GR0000000242,2023,89,7020817.0,1998303.0,3520145.0,21341748.0,15037514.0,421752.0,2420056.0,24380288.0,Logistics and Transportation,L,Somewhat Compliant,TR-B4D01070,GR0000000242,2024-09-25,Extended,Agent-prepared,22253079.06,21585486.68,667592.37,142554.74,27821.95,114732.79,Partial,GR0000000242,12168626.0,6727610.0,3576787.0,9648281.0,3667811.0,1441948.0,2920470.0,3705052.0,-784581.0,4,22473023.0,14758040.0,1.2686492242686964,54.1477041161752,60,76.01488641564457,2.999999991911232,4.740914673048888,21.353560406929155,16.612645733880267,14.43848817536528,273935.8202247191,19.516678294948314,0.9787020642483268,1499194.3991549513,355.4682370575484,65.53027945323173
GR0000000242,2024,72,3220069.0,798795.0,2880980.0,8758595.0,5237602.0,217250.0,1016045.0,12375601.0,Logistics and Transportation,L,Somewhat Compliant,TR-FFBF0A62,GR0000000242,2025-06-22,On-time,Agent-prepared,12050854.98,11624930.65,425924.32,90950.01,15814.19,75135.82,Paid,GR0000000242,6067430.0,3469938.0,1795682.0,4584365.0,1720901.0,673576.0,1456184.0,1760234.0,-304050.0,4,11333050.0,6978842.0,1.2087991627431698,53.53748549596092,60,0.0,3.5343908851851435,7.394930342652146,21.353561120905233,13.958630778253088,23.279515879673237,171883.34722222222,17.387782585180585,6.333731696233591,687599.4020503219,316.5014508862241,68.44648360019615
GR0000000243,2022,9,1133625.0,531861.0,308516.0,11292424.0,9522476.0,217561.0,749422.0,2632947.0,Financial Services,S,Compliant,TR-05961EBD,GR0000000243,2023-06-21,On-time,Agent-prepared,2632947.0,1883525.0,749422.0,223507.25,13263.55,210243.7,Paid,GR0000000243,1843063.0,658238.0,131648.0,773408.0,297465.0,118986.0,442335.0,285566.0,156770.0,4,2632949.0,1189859.0,0.6455876202425763,69.99995062570524,100,100.0,28.463239100521204,28.054113703627596,29.823950991564164,1.7698372879365678,11.71751653185575,292549.6666666667,5.934281773857447,7.596045347169067e-05,338091.76442811923,155.40090568995325,33.89154261770867
GR0000000243,2023,10,606474.0,303155.0,373698.0,6901237.0,5606429.0,118554.0,421708.0,1458754.0,Financial Services,S,Compliant,TR-A3BF6377,GR0000000243,2024-06-23,On-time,Agent-prepared,1458754.0,1037046.0,421708.0,125769.99,8953.34,116816.65,Paid,GR0000000243,1021128.0,364688.0,72937.0,428108.0,164657.0,65863.0,245071.0,158071.0,87000.0,4,1458753.0,658628.0,0.6450008364922818,70.00006169653122,100,100.0,28.908781055613215,27.700838020620903,29.8239516442657,2.123113623644798,25.617616129930067,145875.4,7.1188206343977605,6.855170135988686e-05,180874.51249504398,152.5671951136562,30.465609407822924
GR0000000243,2024,11,1538079.0,598822.0,337251.0,20653123.0,16131119.0,182237.0,781059.0,3606458.0,Financial Services,S,Compliant,TR-79BEF1AD,GR0000000243,2025-06-23,On-time,Agent-prepared,3606458.0,2825399.0,781059.0,232942.66,16483.12,216459.53,Paid,GR0000000243,2524520.0,901615.0,180323.0,1064271.0,409335.0,163733.0,605885.0,392961.0,212924.0,4,3606458.0,1637339.0,0.6485735741931224,69.99998336317795,100,86.84869678163948,21.657232664292778,27.713595259769107,29.82395183974578,2.110356579976674,9.35130812559026,327859.8181818182,7.076041803592352,0.0,458715.9402172435,251.71394404936623,49.21853818952082
GR0000000244,2022,20,2547983.0,1045175.0,550425.0,6915036.0,3524654.0,353044.0,1398219.0,5359880.0,Technology and Innovation,S,Compliant,TR-02B1E79A,GR0000000244,2023-09-22,Extended,Agent-prepared,5359880.0,3961661.0,1398219.0,413446.48,46480.72,366965.77,Paid,GR0000000244,2143953.0,1875958.0,1339969.0,2212512.0,850965.0,340387.0,514548.0,816927.0,-302379.0,4,5359880.0,3403864.0,1.5876594603418923,40.00001865713412,80,100.0,26.086759405061304,26.245228394121376,29.56950806704815,3.3242796729267745,10.26935304521743,267994.0,11.242258006405086,0.0,753426.0387320155,213.40853795334732,45.12447689015194
GR0000000244,2023,18,2544672.0,1066632.0,464796.0,4336901.0,2130933.0,432216.0,1498848.0,4493237.0,Technology and Innovation,S,Compliant,TR-FEB6A776,GR0000000244,2024-06-11,On-time,Self-prepared,4493237.0,2994389.0,1498848.0,443201.98,49891.27,393310.71,Paid,GR0000000244,1797295.0,1572633.0,1123309.0,1890767.0,727219.0,290886.0,431351.0,698129.0,-266779.0,4,4493237.0,2908872.0,1.6184708045188256,40.000004451134004,100,100.0,33.3578665002536,26.24086698584513,29.56950804884818,3.328641063003051,10.344346403272295,249624.27777777778,11.257005214642767,0.0,752446.991856786,174.0904991617122,41.09857773418342
GR0000000244,2024,20,3220426.0,1348148.0,565945.0,6753006.0,2997144.0,405704.0,1753852.0,6613973.0,Technology and Innovation,S,Compliant,TR-B6CF5B93,GR0000000244,2025-06-10,On-time,Agent-prepared,6613973.0,4860121.0,1753852.0,518605.41,64047.15,454558.26,Paid,GR0000000244,2645589.0,2314890.0,1653493.0,2869122.0,1103508.0,441403.0,634941.0,1059367.0,-424427.0,4,6613972.0,4414033.0,1.6684495094819833,40.00000302390152,100,99.99994280161138,26.517374655142984,25.91770913395201,29.569508145499164,3.651799011547155,8.556808441764126,330698.65,12.349880808223732,1.511950760146874e-05,952264.1283897728,234.71894001285983,45.539751573239066
GR0000000245,2022,187,14095622.0,2291309.0,4180989.0,57976677.0,30527336.0,718742.0,3010051.0,41956873.0,Tourism and Hospitality,M,Somewhat Compliant,TR-0F6793B3,GR0000000245,2023-06-22,On-time,Self-prepared,40881527.54,39655081.72,1226445.83,257634.08,39596.33,218037.75,Paid,GR0000000245,22238262.0,11944065.0,4142051.0,12808517.0,4767579.0,1861455.0,5337183.0,4950212.0,386971.0,4,38324378.0,19437551.0,0.9274952723187494,58.02641337062274,80,100.0,3.000000009295152,7.2436563367198765,21.00656006959557,13.762903732875692,9.964968075671417,224368.30481283422,15.369212799797296,6.672383671823723,2961005.3026131284,411.9705405574084,78.64549006776714
GR0000000245,2023,150,16048346.0,4478956.0,3700398.0,57453824.0,43304092.0,1043013.0,5521968.0,35249066.0,Tourism and Hospitality,M,Somewhat Compliant,TR-C79CB04C,GR0000000245,2024-06-27,On-time,Self-prepared,32457421.09,31483698.46,973722.63,204545.63,29873.73,174671.9,Unpaid,GR0000000245,18917220.0,10203525.0,3445787.0,11000586.0,4151531.0,1616087.0,4540132.0,4253646.0,286488.0,4,32566532.0,16768204.0,0.9368991914772522,58.087916760679335,40,57.408070389467944,2.9999999916814093,3.163218258418013,21.006560153582956,17.843341895164944,10.497861134817018,234993.77333333335,14.604922138889009,0.3350400036454593,3371205.456145124,323.2179710267393,65.59166907293749
GR0000000245,2024,125,5828620.0,1716261.0,3318972.0,26479409.0,16077267.0,429985.0,2146247.0,14127109.0,Tourism and Hospitality,M,Somewhat Compliant,TR-F44B4C8B,GR0000000245,2025-06-24,On-time,Self-prepared,12945763.87,12557390.96,388372.92,81583.79,11900.24,69683.55,Unpaid,GR0000000245,7809933.0,4027193.0,1385156.0,4419041.0,1690679.0,660993.0,1874384.0,1724900.0,149483.0,4,13222282.0,6770713.0,0.9202489991378501,59.066453128136274,80,61.5802427301945,3.0000000301256846,3.246762837641707,21.006559880642552,17.759797043000844,23.49363907364203,113016.872,14.586525092791106,2.0913041334317373,1224392.550515108,284.7523868309611,63.177441658574416
GR0000000246,2022,5,852974.0,455710.0,176738.0,15921741.0,11710276.0,138478.0,594188.0,2106667.0,Financial Services,S,Compliant,TR-74A75FD5,GR0000000246,2023-06-12,On-time,Agent-prepared,2106667.0,1512479.0,594188.0,174789.9,11092.83,163697.07,Paid,GR0000000246,1474666.0,526667.0,105333.0,655565.0,252141.0,100857.0,353920.0,242054.0,111865.0,4,2106666.0,1008563.0,0.6839229204339964,69.9999905063261,100,90.73817742768443,28.205122119442706,27.54970985613981,29.416598786915927,1.866888930776117,8.389460697870142,421333.4,6.346379281640416,4.746836945734856e-05,250915.93933670825,181.19552516407532,30.33926004778575
GR0000000246,2023,4,492116.0,242111.0,140425.0,5534969.0,4546346.0,97715.0,339826.0,1003823.0,Financial Services,S,Compliant,TR-380D1D3F,GR0000000246,2024-06-17,On-time,Agent-prepared,1003823.0,663997.0,339826.0,99965.25,6676.79,93288.46,Paid,GR0000000246,702676.0,250956.0,50191.0,309272.0,118950.0,47580.0,168641.0,114192.0,54450.0,4,1003823.0,475802.0,0.6771307096139135,69.9999900380844,100,99.99968863896373,33.8531792955531,27.451831231277186,29.416598494523665,1.964767263246479,13.989019976629347,250955.75,6.679110991069397,0.0,144763.78784731007,148.14899232186468,30.945955831551906
GR0000000246,2024,4,326832.0,159892.0,141907.0,4918437.0,4037749.0,67162.0,227054.0,826384.0,Financial Services,S,Compliant,TR-956EE76F,GR0000000246,2025-06-22,On-time,Agent-prepared,826384.0,599330.0,227054.0,66791.56,4641.51,62150.06,Paid,GR0000000246,578469.0,206597.0,41319.0,235250.0,90481.0,36192.0,138833.0,86862.0,51971.0,4,826385.0,361923.0,0.6256581648455338,69.9999394955136,100,45.540235956448356,27.47560456155976,27.3723695684727,29.41659693288821,2.0442273644155122,17.17204108501617,206596.0,6.949246282015273,0.00012100897281985823,96142.8520876972,143.1506686633769,30.52883438586185
GR0000000247,2022,9,349176.0,75751.0,126136.0,1484150.0,1178384.0,28517.0,104268.0,1000536.0,Tourism and Hospitality,S,Compliant,TR-3315E03C,GR0000000247,2023-06-14,On-time,Agent-prepared,1000536.0,896268.0,104268.0,26761.46,2389.77,24371.69,Paid,GR0000000247,600321.0,300162.0,100054.0,364400.0,140154.0,56061.0,144078.0,134549.0,9529.0,4,1000537.0,560615.0,0.9338622135232305,59.99988006440542,100,88.93919268309878,10.421214229173163,23.374084090996277,25.666033682433724,2.2919495914374473,12.60684273229549,111170.66666666667,8.929893959447654,9.994632882426302e-05,89619.62977097479,314.26738356410135,70.13884115746787
GR0000000247,2023,8,298968.0,90290.0,143513.0,1413756.0,1074842.0,28876.0,119166.0,904521.0,Tourism and Hospitality,S,Compliant,TR-FAA5E427,GR0000000247,2024-06-20,On-time,Agent-prepared,904521.0,785355.0,119166.0,30585.19,2819.16,27766.03,Paid,GR0000000247,542712.0,271356.0,90452.0,323588.0,124457.0,49784.0,130250.0,119478.0,10772.0,4,904520.0,497829.0,0.9172975047984645,60.0,100,95.26434018552582,13.174486827834844,23.300295386267894,25.666037292516318,2.3657419062484237,15.866187739145913,113065.125,9.217402278684553,0.00011055587494368524,76733.23837269019,265.73361397939533,60.14088464317251
GR0000000247,2024,9,295137.0,77821.0,175271.0,3019180.0,2111416.0,22459.0,100280.0,1113423.0,Tourism and Hospitality,S,Compliant,TR-334969CF,GR0000000247,2025-06-17,On-time,Agent-prepared,1113423.0,1013143.0,100280.0,25737.9,2012.69,23725.2,Paid,GR0000000247,668054.0,334027.0,111343.0,413608.0,159080.0,63632.0,160334.0,152717.0,7617.0,4,1113424.0,636320.0,0.9524929210273554,59.99996407478193,100,99.99298070971405,9.006460258140885,23.658954926206622,25.666035101715202,2.0070801755085803,15.74163637718998,123713.66666666667,7.819946460278422,8.981304516764155e-05,75749.96601814919,337.28111678235535,66.02255901496594
GR0000000248,2024,3,195290.0,68682.0,72634.0,415898.0,257700.0,24205.0,92887.0,639872.0,Manufacturing,M,Somewhat Compliant,TR-4024D87C,GR0000000248,2025-06-25,On-time,Agent-prepared,588042.15,570400.89,17641.26,4709.19,826.86,3882.33,Unpaid,GR0000000248,343727.0,151974.0,91933.0,300578.0,112855.0,44050.0,82496.0,116577.0,-34081.0,4,587634.0,457483.0,1.4131230605120249,58.493381935013964,60,0.0,2.999999234748733,4.179626858440901,26.694181708109284,22.514554849668382,11.35133276655331,213290.66666666666,17.558433615972174,0.06945649843270729,52131.06745776662,215.37313554127917,52.43637667059245
GR0000000249,2022,61,9016488.0,1703728.0,1978340.0,11674117.0,8265500.0,282946.0,1986674.0,24088088.0,Consumer Goods and Retail,L,Non-Compliant,TR-8186C580,GR0000000249,2023-06-27,On-time,Agent-prepared,20149754.12,19948256.58,201497.54,41731.92,7834.59,33897.33,Unpaid,GR0000000249,13342291.0,3158107.0,1131632.0,10027300.0,3483311.0,1277239.0,3202151.0,4293727.0,-1091578.0,4,17632030.0,14787850.0,1.3408883591061134,75.67075940773694,20,0.0,0.9999999940445923,1.7062351447695998,20.710883120458938,19.004647975689338,8.21293910915636,394886.68852459016,18.773615016994185,14.279264043901918,1867394.2912502056,659.9825730882237,77.96621034708858
GR0000000249,2023,45,4262366.0,916426.0,1297914.0,2996777.0,1042502.0,144093.0,1060520.0,8652762.0,Consumer Goods and Retail,L,Non-Compliant,TR-AE7DEFDB,GR0000000249,2024-06-26,On-time,Self-prepared,7023365.63,6953131.97,70233.66,14546.01,2738.76,11807.25,Paid,GR0000000249,4979636.0,1147391.0,410203.0,3444127.0,1263422.0,474099.0,1195113.0,1478993.0,-283881.0,4,6537230.0,5181648.0,1.2375340239793224,76.17348632371815,60,0.0,1.0000000526812955,1.113345340021876,20.71088136372218,19.597536023700304,14.999996532898974,192283.6,18.828255995974157,7.436416188507966,882773.5655476305,612.6415339729415,75.11898321261009
GR0000000249,2024,38,6550457.0,1469528.0,1263038.0,4906407.0,2284553.0,365471.0,1834999.0,15240065.0,Consumer Goods and Retail,L,Non-Compliant,TR-210D6F30,GR0000000249,2025-07-24,Late,Self-prepared,11832118.5,11713797.31,118321.18,24505.36,4262.41,20242.95,Unpaid,GR0000000249,8301478.0,2097763.0,733375.0,5873484.0,2176881.0,803653.0,1992355.0,2590992.0,-598638.0,4,11132616.0,8854018.0,1.3004670352422134,74.56897821680008,40,0.0,0.9999999577421405,1.103158639323509,20.71088202467217,19.60772338534866,8.28761557119343,401054.34210526315,17.39378650221829,6.2833614309520724,1356657.4213468798,371.20795394077226,71.98670260716162
GR0000000250,2022,53,1294323.0,456531.0,1206353.0,4377030.0,2747142.0,144083.0,600614.0,5650089.0,Logistics and Transportation,M,Compliant,TR-CB28DBFF,GR0000000250,2023-06-11,On-time,Self-prepared,5650089.0,5049475.0,600614.0,138744.54,15787.04,122957.5,Paid,GR0000000250,3107549.0,1695027.0,847514.0,2402048.0,923864.0,369547.0,745813.0,886910.0,-141098.0,4,5650090.0,3695459.0,1.1891854928782415,54.99999115058344,100,100.0,10.630168834508623,20.471967020415775,23.10045053894848,2.628483518532704,21.351044204790405,106605.45283018867,11.378494605985937,1.7698833121304602e-05,298994.44442923414,207.51542127054137,53.59628160822298
GR0000000250,2023,51,2947997.0,927714.0,1204763.0,9561800.0,6682665.0,250158.0,1177872.0,10115299.0,Logistics and Transportation,M,Compliant,TR-1F095028,GR0000000250,2024-06-24,On-time,Agent-prepared,10115299.0,8937427.0,1177872.0,272093.74,28582.28,243511.46,Paid,GR0000000250,5563414.0,3034589.0,1517295.0,4338943.0,1668824.0,667530.0,1335219.0,1602071.0,-266852.0,4,10115298.0,6675297.0,1.199856353152554,55.00000098860161,100,99.99981109718615,11.64446053448346,20.67384741296168,23.100450643193827,2.4266032302321463,11.910305370113132,198339.19607843139,10.504570961463502,9.886016205662429e-06,681000.5919478347,272.22818856396145,60.04500683006122
GR0000000250,2024,58,3344316.0,971529.0,1627195.0,8533454.0,5953186.0,342015.0,1313544.0,11182105.0,Logistics and Transportation,M,Compliant,TR-5353D33F,GR0000000250,2025-08-28,Extended,Agent-prepared,11182105.0,9868561.0,1313544.0,303434.58,39459.57,263975.01,Paid,GR0000000250,6150158.0,3354632.0,1677316.0,4657663.0,1791408.0,716564.0,1476038.0,1719752.0,-243715.0,4,11182106.0,7165635.0,1.1651136352858125,54.999997317142224,80,99.99999621176262,11.746840152189591,20.09639646635362,23.100450384608358,3.004053918254737,14.551777147504874,192794.91379310345,13.004308869476905,8.94285924202265e-06,772552.0582845189,225.88250757555045,60.72308956450287
GR0000000251,2022,41,3212209.0,908963.0,1183479.0,10080664.0,5452881.0,220274.0,1129237.0,11504659.0,Manufacturing,M,Somewhat Compliant,TR-1F341D95,GR0000000251,2023-06-26,On-time,Self-prepared,10392548.52,10080772.06,311776.46,73449.19,14236.7,59212.48,Partial,GR0000000251,6234154.0,2706573.0,1703504.0,5380860.0,2047571.0,798755.0,1496196.0,2088323.0,-592127.0,4,10644231.0,8227186.0,1.395754967932009,58.56838319273605,80,84.825023373451,3.0000000423380273,5.243583056524007,23.55828595911314,18.314702902589133,10.286954180910532,280601.43902439025,19.38305922774642,2.364496599143706,756741.3818243686,343.5454850887389,64.84546927052381
GR0000000251,2023,43,1454945.0,325261.0,1120044.0,4671643.0,2463765.0,71400.0,396661.0,6241997.0,Manufacturing,M,Somewhat Compliant,TR-F0AB901C,GR0000000251,2024-06-26,On-time,Agent-prepared,5961351.08,5782510.55,178840.53,42131.76,8081.21,34050.55,Paid,GR0000000251,3349829.0,1454415.0,906479.0,2901946.0,1092457.0,427363.0,803959.0,1105161.0,-301202.0,4,5710723.0,4421766.0,1.3746484584412886,58.65857965795224,80,100.0,2.99999995974067,8.584294901691873,23.558284019847182,14.973989118155309,17.94368052403742,145162.72093023255,19.180803270501873,4.388727661979064,342760.0754325656,480.05612805681454,72.73704504293977
GR0000000251,2024,43,1697584.0,551390.0,1138798.0,4409245.0,2676888.0,149288.0,700678.0,6441222.0,Manufacturing,M,Somewhat Compliant,TR-79EB3093,GR0000000251,2025-06-28,On-time,Self-prepared,5849619.13,5674130.56,175488.57,41342.1,7667.39,33674.71,Paid,GR0000000251,3467088.0,1503543.0,943821.0,3128654.0,1172964.0,455839.0,832101.0,1204581.0,-372479.0,4,5914452.0,4757457.0,1.4476379670256374,58.62061269581695,60,100.0,2.999999933328993,4.806017885533725,23.558286445664237,18.75226856013051,17.679843979915614,149795.86046511628,18.546203506836857,1.0961771268073517,399921.7013757648,267.8860332885194,58.724987982921604
GR0000000252,2022,175,15564404.0,4658702.0,5682035.0,30835937.0,13988444.0,1807139.0,6465841.0,50989252.0,Manufacturing,L,Compliant,TR-4F2047CB,GR0000000252,2023-06-22,On-time,Agent-prepared,50989252.0,44523411.0,6465841.0,1666200.8,308710.38,1357490.42,Paid,GR0000000252,30593552.0,12747314.0,7648388.0,23419904.0,9007655.0,3603061.0,7342452.0,8647349.0,-1304896.0,4,50989254.0,36030620.0,1.1777195138626715,59.99999921552098,100,99.99996906055515,12.680792022601157,20.994800521695474,25.76928198512769,4.774481463432217,11.143593555755633,291367.15428571426,18.527801691128705,3.922395097610831e-06,4010835.1560644936,221.94392108545574,58.45750984104499
GR0000000252,2023,209,21130777.0,6323768.0,5293757.0,64901858.0,26288800.0,1978739.0,8302507.0,82174468.0,Manufacturing,L,Compliant,TR-256A1473,GR0000000252,2024-06-12,On-time,Self-prepared,82174468.0,73871961.0,8302507.0,2139496.44,439344.53,1700151.91,Paid,GR0000000252,49304681.0,20543617.0,12326170.0,37333223.0,14358932.0,5743573.0,11833123.0,13784575.0,-1951451.0,4,82174468.0,57435728.0,1.1649143679145395,60.0000002433846,100,100.0,10.103511713638353,20.477572737969385,25.769281977118474,5.291709239149089,6.442094641853964,393179.2727272727,20.53495027082167,0.0,5445249.509086096,275.1878600000352,60.70893654312853
GR0000000252,2024,201,16156381.0,4305246.0,6668424.0,38089961.0,21197214.0,1322557.0,5627804.0,55080487.0,Manufacturing,L,Compliant,TR-2BEBD5D4,GR0000000252,2025-06-18,On-time,Agent-prepared,55080487.0,49452683.0,5627804.0,1450244.68,267017.35,1183227.33,Paid,GR0000000252,33048292.0,13770122.0,8262073.0,24266659.0,9333330.0,3733332.0,7931590.0,8959997.0,-1028407.0,4,55080487.0,37333321.0,1.1296596268843953,59.999999636895005,100,99.99997211017767,10.217418738508975,21.02467196796477,25.769281943720852,4.744609975756081,12.106690342080672,274032.27363184077,18.411882745193036,0.0,4163383.3717917465,314.798029256338,65.16667934483596
GR0000000253,2022,1,27012.0,7924.0,21716.0,95550.0,60097.0,3222.0,11146.0,85027.0,Healthcare,S,Compliant,TR-00625A74,GR0000000253,2023-06-14,On-time,Agent-prepared,85027.0,73881.0,11146.0,2932.02,303.74,2628.28,Paid,GR0000000253,72273.0,8503.0,4252.0,32098.0,12347.0,4938.0,17345.0,11852.0,5494.0,4,85028.0,49383.0,0.6833093110406457,84.99905913346191,100,99.11010208956105,13.108777211944442,23.580477301274,26.30558047730127,2.725103176027268,25.540122549307863,85027.0,10.359410918070136,0.0011760831726048693,7105.66339852862,220.53579759554998,58.736857692877244
GR0000000253,2023,1,53755.0,18476.0,28444.0,175339.0,98054.0,6751.0,25227.0,155720.0,Healthcare,S,Compliant,TR-F7763701,GR0000000253,2024-06-25,On-time,Agent-prepared,155720.0,130493.0,25227.0,6636.1,628.5,6007.6,Partial,GR0000000253,132361.0,15572.0,7785.0,61419.0,23623.0,9450.0,31766.0,22677.0,9089.0,4,155718.0,94492.0,0.7138764716993011,85.00044953056167,100,96.75026164831816,16.20023118417673,23.81416736036786,26.305545645538515,2.4913782851706543,18.266118674544053,155720.0,9.470924187399225,0.0012843730333056413,14140.546061759229,209.45854039044923,53.07041205469258
GR0000000253,2024,1,51375.0,10869.0,23441.0,221924.0,101401.0,4611.0,15480.0,153921.0,Healthcare,S,Compliant,TR-84C1A751,GR0000000253,2025-06-19,On-time,Agent-prepared,153921.0,138441.0,15480.0,4072.1,433.13,3638.97,Paid,GR0000000253,130834.0,15391.0,7696.0,61736.0,23744.0,9498.0,31400.0,22795.0,8605.0,4,153921.0,94978.0,0.7259554140127389,85.00074713651809,100,70.279492680887,10.057107217338764,23.507558139534883,26.305555555555554,2.797997416020671,15.22924097426602,153921.0,10.636526607892733,0.0,13514.479166666666,293.0921528229596,69.86861313868613
GR0000000254,2022,1,17086.0,5101.0,18503.0,61261.0,40594.0,1457.0,6558.0,74010.0,Agriculture and Food Production,S,Compliant,TR-1C5349C0,GR0000000254,2023-06-13,On-time,Agent-prepared,74010.0,67452.0,6558.0,1639.4,187.78,1451.62,Paid,GR0000000254,48107.0,18502.0,7401.0,36595.0,14076.0,5630.0,11546.0,13512.0,-1966.0,4,74010.0,56301.0,1.170275420058895,65.00067558438049,100,100.0,8.860964734495338,22.135102165294295,24.99847514486124,2.863372979566943,25.000675584380488,74010.0,11.454190557521043,0.0,4271.239463250991,293.1530173816741,61.617698700690624
GR0000000254,2023,1,17921.0,3806.0,19116.0,112744.0,66391.0,1217.0,5023.0,97750.0,Agriculture and Food Production,S,Compliant,TR-5C3A9D60,GR0000000254,2024-06-23,On-time,Self-prepared,97750.0,92727.0,5023.0,1255.67,143.4,1112.27,Paid,GR0000000254,63538.0,24437.0,9774.0,47623.0,18317.0,7327.0,15249.0,17584.0,-2334.0,4,97749.0,73267.0,1.153124795068529,65.00117648262386,100,99.97572531849282,5.138618925831202,22.143539717300417,24.998407326299027,2.8548676089986103,19.556010230179027,97750.0,11.420197981953857,0.0010230283685741526,4479.9645769460485,368.1154130604806,71.97143016572736
GR0000000254,2024,1,7902.0,1742.0,11754.0,44827.0,27667.0,587.0,2329.0,47015.0,Agriculture and Food Production,S,Compliant,TR-704847B4,GR0000000254,2025-06-19,On-time,Agent-prepared,47015.0,44664.25,2350.75,587.65,56.74,530.91,Paid,GR0000000254,30560.0,11754.0,4702.0,22937.0,8822.0,3529.0,7333.0,8468.0,-1135.0,4,47016.0,35288.0,1.154779762716487,64.99914922579548,100,100.0,5.0,22.795620437956202,24.99840476443688,2.2027843264806783,25.000531745187704,47015.0,9.655407130094444,0.0021269355113151533,1975.3739444858022,336.52026311512816,70.5264490002531
GR0000000255,2022,9,1498425.0,491141.0,249382.0,3900163.0,1683575.0,188718.0,679859.0,2732530.0,Technology and Innovation,S,Compliant,TR-D2B62008,GR0000000255,2023-06-21,On-time,Self-prepared,2732530.0,2052671.0,679859.0,152576.58,18502.11,134074.47,Paid,GR0000000255,1093012.0,956386.0,683132.0,1163584.0,447532.0,179014.0,262322.0,429631.0,-167309.0,4,2732530.0,1790130.0,1.6378001082638893,40.0,100,99.999649448549,24.88020259612886,19.72092301491927,22.442385847653703,2.721462832734435,9.126413982646119,303614.44444444444,12.126441685873417,0.0,336282.320137705,178.19302882486303,54.6284265145069
GR0000000255,2023,8,647885.0,260273.0,263297.0,1142933.0,563726.0,94930.0,355203.0,1089313.0,Technology and Innovation,S,Compliant,TR-768389D8,GR0000000255,2024-06-18,On-time,Agent-prepared,1089313.0,734110.0,355203.0,79716.03,9016.42,70699.6,Paid,GR0000000255,435726.0,381260.0,272329.0,476151.0,183135.0,73255.0,104574.0,175810.0,-71235.0,4,1089315.0,732541.0,1.6812018283703407,40.0,100,100.0,32.607983196748776,19.903998558570734,22.44238646633052,2.5383879077597875,24.17092240705839,136164.125,11.31067364995472,0.00018360162120645285,145400.8555573855,153.16639161212,45.17499247551649
GR0000000255,2024,8,612396.0,236033.0,270674.0,1705128.0,762014.0,77292.0,313325.0,1410949.0,Technology and Innovation,S,Compliant,TR-04DA1C20,GR0000000255,2025-06-22,On-time,Agent-prepared,1410949.0,1097624.0,313325.0,70317.6,9308.17,61009.43,Paid,GR0000000255,564379.0,493832.0,352737.0,591098.0,227345.0,90938.0,135451.0,218252.0,-82801.0,4,1410948.0,909381.0,1.6112985507674362,39.99998582513317,100,99.99929519092376,22.20668500420639,19.471612542886778,22.442384105960265,2.9707715630734874,19.183825921418844,176368.625,13.237326074837593,7.087433413488498e-05,137436.26256953643,177.81434374778297,48.83621055656797
GR0000000256,2022,9,311002.0,83461.0,228468.0,1193743.0,646963.0,24597.0,108058.0,1306807.0,Manufacturing,S,Somewhat Compliant,TR-ED8059B4,GR0000000256,2023-06-22,On-time,Agent-prepared,1221891.64,1185234.89,36656.75,9498.06,1109.26,8388.8,Paid,GR0000000256,699768.0,309427.0,193184.0,651771.0,244962.0,96122.0,167945.0,251809.0,-83865.0,4,1202379.0,992855.0,1.499353955163893,58.19862123340478,60,100.0,3.0000000654722543,7.763238260933942,25.910807695717704,18.14756943478376,17.482918288622574,145200.77777777778,11.678805987749078,1.6228360608427028,80583.13014983597,327.6136526805544,65.25488582066995
GR0000000256,2023,8,133740.0,45493.0,159319.0,495851.0,345041.0,13657.0,59150.0,531062.0,Manufacturing,S,Somewhat Compliant,TR-DE2176ED,GR0000000256,2024-06-20,On-time,Agent-prepared,484730.52,470188.6,14541.92,3767.93,423.15,3344.77,Paid,GR0000000256,289826.0,122208.0,77716.0,270617.0,100183.0,39183.0,69558.0,104337.0,-34779.0,4,489750.0,409983.0,1.5,59.17835630423686,80,100.0,3.000000907720851,5.6547252747252745,25.91081507806397,20.256089803338696,30.00007532077234,66382.75,11.230304172317426,1.0249065849923356,34653.12408540276,253.7389183964469,55.772394197697025
GR0000000256,2024,6,174412.0,43565.0,133771.0,941360.0,530468.0,10938.0,54503.0,852421.0,Manufacturing,S,Somewhat Compliant,TR-DDBD28BF,GR0000000256,2025-06-27,On-time,Agent-prepared,823428.15,798725.3,24702.84,6400.71,776.89,5623.81,Paid,GR0000000256,464483.0,202833.0,124088.0,429955.0,158235.0,62900.0,111476.0,164339.0,-52863.0,4,791404.0,651090.0,1.4742096953604362,58.691009901390444,100,0.0,2.999999453504231,10.318349448654203,25.91082644748539,15.592476998831188,15.693067158129608,142070.16666666666,12.137559739466402,4.046498375039809,45191.59062358822,413.1613697530464,68.75043001628327
GR0000000257,2022,107,17347319.0,6343694.0,3514991.0,38169877.0,15979082.0,1982770.0,8326464.0,41771485.0,Healthcare,M,Compliant,TR-7303F78C,GR0000000257,2023-06-20,On-time,Self-prepared,41771485.0,33445021.0,8326464.0,1876494.6,302988.48,1573506.12,Paid,GR0000000257,35505762.0,4177149.0,2088575.0,15413612.0,5928312.0,2371326.0,8521383.0,5691181.0,2830202.0,4,41771486.0,23713250.0,0.6678705792240532,84.9999973666247,100,99.99999727502376,19.933368421065232,18.89765115179745,22.53651249798234,3.638861346184889,8.41480976795534,390387.7102803738,16.14651489005084,2.393977560632976e-06,3909480.7144998647,197.1726783489696,52.0014360720524
GR0000000257,2023,109,13982976.0,5428314.0,4167405.0,45317222.0,22011181.0,1557596.0,6985910.0,38796422.0,Healthcare,M,Compliant,TR-6548013C,GR0000000257,2024-06-23,On-time,Agent-prepared,38796422.0,31810512.0,6985910.0,1574380.48,219709.86,1354670.63,Paid,GR0000000257,32976959.0,3879643.0,1939821.0,14087187.0,5418149.0,2167259.0,7914470.0,5201423.0,2713048.0,4,38796423.0,21672595.0,0.6572042095048689,84.99999858234352,100,100.0,18.00658318439778,19.391469829986356,22.536512494435225,3.1450426644488694,10.741725100319819,355930.4770642202,13.955321651345676,2.5775572121133905e-06,3151275.133333879,202.31659129414038,50.039891365042756
GR0000000257,2024,105,7405210.0,2646211.0,3708938.0,17053173.0,8147055.0,719770.0,3365980.0,19069410.0,Healthcare,M,Compliant,TR-00F2D7EC,GR0000000257,2025-06-23,On-time,Agent-prepared,19069410.0,15703430.0,3365980.0,758574.5,108707.02,649867.49,Paid,GR0000000257,16208998.0,1906942.0,953470.0,6876252.0,2644713.0,1057885.0,3890160.0,2538925.0,1351236.0,4,19069410.0,10578850.0,0.652653104242499,84.99999737799963,100,99.9999755135103,17.651201584107742,19.30693260209508,22.53651239757812,3.2295797954830405,19.44967358717443,181613.42857142858,14.330434255303864,0.0,1668876.0697166948,231.8624101750135,54.5457860074191
GR0000000258,2022,10,850167.0,275950.0,317196.0,1513993.0,700359.0,79653.0,355603.0,1550315.0,Technology and Innovation,S,Compliant,TR-77D18738,GR0000000258,2023-06-10,On-time,Agent-prepared,1550315.0,1194712.0,355603.0,96828.08,12334.96,84493.12,Paid,GR0000000258,620125.0,542611.0,387579.0,637743.0,245286.0,98114.0,148830.0,235474.0,-86644.0,4,1550315.0,981143.0,1.582167573741853,39.999935496979646,100,99.99985797660213,22.937467546917883,23.76051945568513,27.229264095072313,3.4687446393871824,20.460100044184568,155031.5,12.739031900663525,0.0,231494.21767915343,290.62837266537787,58.17257080079561
GR0000000258,2023,10,514122.0,206956.0,342462.0,1431594.0,781004.0,85399.0,292355.0,1234474.0,Technology and Innovation,S,Compliant,TR-86E5AF01,GR0000000258,2024-06-12,On-time,Agent-prepared,1234474.0,942119.0,292355.0,79606.11,9264.7,70341.41,Paid,GR0000000258,493790.0,432066.0,308618.0,517115.0,198891.0,79556.0,118509.0,190936.0,-72425.0,4,1234474.0,795562.0,1.6111518956366184,40.000032402464534,100,99.9994171285449,23.682556295231816,24.06027261377435,27.229262369379693,3.1689897556053417,27.741532020925515,123447.4,11.638177019326784,0.0,139991.62827870226,163.92654279172152,43.135092448874005
GR0000000258,2024,10,667062.0,209922.0,325290.0,1069805.0,529634.0,71578.0,281500.0,1237234.0,Technology and Innovation,S,Compliant,TR-CC8D96F2,GR0000000258,2025-06-10,On-time,Agent-prepared,1237234.0,955734.0,281500.0,76650.38,9809.75,66840.62,Paid,GR0000000258,494894.0,433032.0,309309.0,532911.0,204966.0,81986.0,118774.0,196767.0,-77992.0,4,1237235.0,819863.0,1.65665044538367,40.0,100,100.0,22.752365356917124,23.744447602131437,27.22926465364121,3.484817051509772,26.291711996275563,123723.4,12.79804483682925,8.082538887066448e-05,181636.07738387212,253.75964316392205,57.80002458542085
GR0000000259,2022,15,159167.0,27533.0,279849.0,1157386.0,848566.0,10139.0,37672.0,628279.0,Tourism and Hospitality,S,Compliant,TR-A06EC5F2,GR0000000259,2023-06-15,On-time,Agent-prepared,628279.0,590607.0,37672.0,8407.07,700.68,7706.39,Paid,GR0000000259,376967.0,188484.0,62828.0,231006.0,88847.0,35539.0,90472.0,85294.0,5177.0,4,628279.0,355392.0,0.9427668228844284,59.999936334017214,100,99.99697284643251,5.996062258964568,20.45654597579104,22.316495009556167,1.859949033765126,44.54215404302865,41885.26666666667,8.334413773169487,0.0,35520.495611860264,350.33529551099974,76.33177731564959
GR0000000259,2023,16,411272.0,94842.0,254975.0,3127941.0,2005164.0,27024.0,121866.0,1317307.0,Tourism and Hospitality,S,Compliant,TR-56826E2A,GR0000000259,2024-06-20,On-time,Agent-prepared,1317307.0,1195441.0,121866.0,27196.23,2622.9,24573.33,Paid,GR0000000259,790384.0,395193.0,131731.0,466760.0,179523.0,71809.0,189692.0,172342.0,17350.0,4,1317308.0,718092.0,0.9085359424751702,59.999939270087175,100,99.99921284878849,9.251146467755808,20.16422135788489,22.316503372556742,2.152282014671851,19.355776595736604,82331.6875,9.644351441357864,7.591239102877623e-05,91781.52975038157,339.6296986026553,70.36851524052209
GR0000000259,2024,17,234375.0,59108.0,257549.0,1126814.0,798926.0,23533.0,82641.0,755510.0,Tourism and Hospitality,S,Compliant,TR-465A1A2E,GR0000000259,2025-06-19,On-time,Agent-prepared,755510.0,672869.0,82641.0,18442.58,1510.69,16931.9,Paid,GR0000000259,453307.0,226653.0,75551.0,261832.0,100705.0,40282.0,108793.0,96677.0,12116.0,4,755511.0,402819.0,0.8886325406965522,60.00005294429863,100,100.0,10.938438935288746,20.488498445081742,22.316501494415608,1.8280030493338657,34.08942303874204,44441.76470588235,8.191315965553626,0.00013236074656308716,52304.30037753658,222.25938204876803,64.73984
GR0000000260,2022,198,6035212.0,1776891.0,5196367.0,17602116.0,8514776.0,432550.0,2209441.0,25981837.0,Agriculture and Food Production,L,Compliant,TR-0552F44A,GR0000000260,2023-06-17,On-time,Agent-prepared,25981837.0,23772396.0,2209441.0,444245.9,82075.86,362170.05,Paid,GR0000000260,16888194.0,6495459.0,2598184.0,11031473.0,4242874.0,1697150.0,4053166.0,4073159.0,-19993.0,4,25981837.0,16971497.0,1.0049326871882376,64.99999980755787,100,98.35257242839671,8.503790551838193,16.391931262251404,20.10671024933456,3.7147789870831573,19.999998460462976,131221.398989899,18.47532188817049,0.0,1213482.5897730694,280.54157664387225,63.39083034697042
GR0000000260,2023,190,6494612.0,1253836.0,4824531.0,17925111.0,9463504.0,486692.0,1740528.0,24122653.0,Agriculture and Food Production,L,Compliant,TR-791F666E,GR0000000260,2024-06-15,On-time,Agent-prepared,24122653.0,22382125.0,1740528.0,349962.92,74143.41,275819.51,Paid,GR0000000260,15679724.0,6030663.0,2412265.0,9836253.0,3783174.0,1513271.0,3763133.0,3631847.0,131286.0,4,24122652.0,15132698.0,0.9651125803951123,65.00000082909624,100,100.0,7.21532577697818,15.846887266392729,20.106710147725288,4.259822881332559,20.000001658192403,126961.33157894737,21.18607594198837,4.145481180550803e-06,1305852.8100593842,268.31195295163764,73.20043137295961
GR0000000260,2024,201,8789128.0,2179109.0,5112917.0,24742640.0,14210021.0,705294.0,2884404.0,32816136.0,Agriculture and Food Production,L,Compliant,TR-BDF856EC,GR0000000260,2025-06-19,On-time,Agent-prepared,32816136.0,29931732.0,2884404.0,579958.76,118291.75,461667.01,Paid,GR0000000260,21330488.0,8204034.0,3281614.0,13525165.0,5201986.0,2080794.0,5119318.0,4993907.0,125410.0,4,32816136.0,20807945.0,0.9755024009057457,64.99999878108746,100,99.4393711611383,8.789590584339363,16.005629239177313,20.106710433073868,4.101081193896555,15.580496740993516,163264.35820895524,20.396579577485817,0.0,1767204.5165522166,250.56281728643893,67.18213683996865
GR0000000261,2022,8,2600289.0,789973.0,264430.0,3352675.0,1777758.0,250909.0,1040881.0,4122144.0,Technology and Innovation,M,Compliant,TR-B5C420DB,GR0000000261,2023-06-12,On-time,Agent-prepared,4122144.0,3081263.0,1040881.0,244264.1,49115.69,195148.41,Paid,GR0000000261,1648858.0,1442750.0,1030535.0,1639940.0,630747.0,252299.0,395726.0,605517.0,-209790.0,4,4122143.0,2522986.0,1.530142067996543,40.00001940738107,100,99.99978990348934,25.25096163549842,18.748388144273935,23.46705339034914,4.718665246075204,6.4148656621408655,515268.0,20.107617124251988,2.4259226338863016e-05,610211.2079333757,243.20020721989874,59.97056481029609
GR0000000261,2023,8,2298685.0,996609.0,316990.0,2776801.0,1333576.0,310169.0,1306778.0,3514385.0,Technology and Innovation,M,Compliant,TR-06F1003E,GR0000000261,2024-06-14,On-time,Agent-prepared,3514385.0,2207607.0,1306778.0,306662.29,56494.67,250167.61,Paid,GR0000000261,1405754.0,1230034.0,878595.0,1365160.0,525062.0,210024.0,337382.0,504059.0,-166679.0,4,3514383.0,2100246.0,1.4940305054804346,40.00002276359748,100,100.0,37.183689322598404,19.143849223050893,23.467053317395916,4.323204094345023,9.019785823124103,439298.125,18.422437920228145,5.690899369525937e-05,539433.6345489824,173.91603756306478,43.15106245527334
GR0000000261,2024,7,1480066.0,467948.0,302648.0,1922778.0,854578.0,133875.0,601822.0,2558973.0,Technology and Innovation,M,Compliant,TR-B382ECDC,GR0000000261,2025-06-11,On-time,Agent-prepared,2558973.0,1957151.0,601822.0,141229.89,26381.63,114848.25,Paid,GR0000000261,1023589.0,895640.0,639743.0,1014490.0,390189.0,156076.0,245662.0,374582.0,-128920.0,4,2558972.0,1560755.0,1.5247860882024895,40.00000781563847,100,99.99978232145462,23.518106677952446,19.083424999418433,23.46705338123233,4.383628381813896,11.826932132539108,365567.5714285714,18.679919668563077,3.907819232651377e-05,347327.87829747004,259.4419258991373,59.33816464941428
GR0000000262,2022,3,122549.0,30167.0,72685.0,423673.0,218719.0,8967.0,39134.0,676711.0,Automotive,M,Compliant,TR-AA3B094D,GR0000000262,2023-06-23,On-time,Agent-prepared,676711.0,637577.0,39134.0,8807.33,1325.75,7481.58,Paid,GR0000000262,473698.0,135343.0,67672.0,324206.0,124695.0,49879.0,113687.0,119707.0,-6020.0,4,676713.0,498780.0,1.0529524044085956,69.99983744955395,100,100.0,5.782970869396242,19.117851484642507,22.50557060356723,3.3877191189247213,10.740921900190775,225570.33333333334,15.052802608736132,0.0002955462655496177,27580.351718965605,307.57613158208545,68.06665089066414
GR0000000262,2023,3,146021.0,37960.0,90455.0,356006.0,187391.0,13559.0,51519.0,571688.0,Automotive,M,Compliant,TR-CBA2AFBF,GR0000000262,2024-06-14,On-time,Agent-prepared,571688.0,520169.0,51519.0,11594.64,1479.0,10115.64,Paid,GR0000000262,400181.0,114337.0,57170.0,281136.0,108129.0,43251.0,96043.0,103804.0,-7761.0,4,571688.0,432516.0,1.0808075549493457,69.99989504764837,100,100.0,9.011733672912497,19.634775519711173,22.505561055144703,2.87078553543353,15.822441611508376,190562.66666666666,12.755894102792325,0.0,32862.84530833285,242.3692404184147,64.7180884941207
GR0000000262,2024,3,119494.0,20204.0,84130.0,304809.0,205702.0,6734.0,26938.0,504205.0,Automotive,M,Compliant,TR-BE521F29,GR0000000262,2025-06-20,On-time,Agent-prepared,504205.0,477267.0,26938.0,6062.55,872.66,5189.89,Paid,GR0000000262,352944.0,100842.0,50420.0,243377.0,93607.0,37442.0,84706.0,89863.0,-5155.0,4,504206.0,374426.0,1.0608811654428258,69.99996033367314,100,100.0,5.342668160767942,19.266055386442943,22.505568342118938,3.2395129556759947,16.685673485982882,168068.33333333334,14.394273036923405,0.00019833163429350265,26892.803834731603,399.3585363043006,77.45660870001842
GR0000000263,2022,9,513750.0,210977.0,306736.0,4177955.0,3393645.0,64857.0,275834.0,1042730.0,Financial Services,S,Compliant,TR-B5BBA0DA,GR0000000263,2023-06-21,On-time,Self-prepared,1042730.0,766896.0,275834.0,77059.57,4460.18,72599.39,Paid,GR0000000263,729910.0,260683.0,52137.0,299780.0,115300.0,46121.0,175179.0,110689.0,64490.0,4,1042730.0,461201.0,0.631862266595882,69.99990409789687,100,99.999715514089,26.453060715621497,26.31995693061769,27.93693670831007,1.6169797776923822,29.41662750664122,115858.88888888889,5.787963779190567,0.0,143526.012338943,221.29610117480456,46.30968369829684
GR0000000263,2023,9,794820.0,422942.0,292933.0,8093781.0,5966672.0,129067.0,552008.0,1996571.0,Financial Services,S,Compliant,TR-25E1DF9C,GR0000000263,2024-07-19,Extended,Self-prepared,1996571.0,1444563.0,552008.0,154214.13,9293.53,144920.6,Paid,GR0000000263,1397599.0,499143.0,99829.0,571263.0,219717.0,87886.0,335425.0,210927.0,124496.0,4,1996571.0,878866.0,0.6288350599985093,69.99996493988944,80,21.670528096635472,27.64780215679783,26.25335140070434,27.936937508152056,1.6835861074477165,14.671804809345623,221841.22222222222,6.026380332334009,0.0,222048.36670229415,172.04116211137946,30.549306761279283
GR0000000263,2024,9,529135.0,205226.0,356093.0,4955351.0,3583778.0,66379.0,271605.0,1434327.0,Financial Services,S,Compliant,TR-906E59A5,GR0000000263,2025-06-14,On-time,Agent-prepared,1434327.0,1162722.0,271605.0,75878.12,4670.02,71208.1,Partial,GR0000000263,1004029.0,358581.0,71717.0,461000.0,177308.0,70924.0,240967.0,170215.0,70752.0,4,1434327.0,709232.0,0.7063830317014363,70.00000697191086,100,96.60883586303474,18.936058513853535,26.217521768745055,27.936937832514126,1.7194160637690707,24.826486568265118,159369.66666666666,6.154633246053013,0.0,147824.1160000736,222.6971120385568,48.6699991495554
GR0000000264,2022,9,464963.0,99550.0,217596.0,1425052.0,827187.0,29128.0,128678.0,1176123.0,Tourism and Hospitality,M,Compliant,TR-450F8D7E,GR0000000264,2023-06-25,On-time,Agent-prepared,1176123.0,1047445.0,128678.0,32137.49,3983.13,28154.36,Paid,GR0000000264,705674.0,352837.0,117613.0,378594.0,145612.0,58244.0,169363.0,139789.0,29573.0,4,1176124.0,582450.0,0.8253809864019886,59.99996598998065,100,51.228741449461744,10.940862477819072,21.879699715569096,24.975123952812446,3.09542423724335,18.5011261577233,130680.33333333333,12.394029527508216,8.502504837970548e-05,116125.08558471533,398.67167531143684,72.32510973991478
GR0000000264,2023,10,354644.0,95437.0,193302.0,1373544.0,975326.0,30588.0,126025.0,901580.0,Tourism and Hospitality,M,Compliant,TR-1C6AD74B,GR0000000264,2024-06-12,On-time,Agent-prepared,901580.0,775555.0,126025.0,31474.9,4574.09,26900.81,Paid,GR0000000264,540947.0,270475.0,90159.0,303615.0,116775.0,46710.0,129828.0,112104.0,17723.0,4,901581.0,467100.0,0.8634809132082447,59.99982253397088,100,91.62821372715598,13.978238204041793,21.34561396548304,24.97512398333664,3.629510017853601,21.440360256438694,90158.0,14.53250050039873,0.00011091626820336487,88572.7786994644,289.56708087964034,64.46436426388152
GR0000000264,2024,11,315889.0,62615.0,198328.0,1396562.0,1041325.0,16226.0,78840.0,978165.0,Tourism and Hospitality,M,Compliant,TR-63A30BA2,GR0000000264,2025-06-10,On-time,Agent-prepared,978165.0,899325.0,78840.0,19690.39,2629.88,17060.51,Paid,GR0000000264,586900.0,293448.0,97816.0,319728.0,122971.0,49189.0,140855.0,118052.0,22802.0,4,978164.0,491888.0,0.8381101132370168,60.00016357175279,100,100.0,8.059989879008143,21.639408929477423,24.975126839167935,3.335717909690512,20.275515889446055,88924.09090909091,13.356160035428452,0.00010223234550021942,78893.6784209792,486.21766560445707,75.04186597190785
GR0000000265,2022,28,1187081.0,315713.0,648378.0,2350686.0,1631697.0,86710.0,402423.0,4633215.0,Consumer Goods and Retail,M,Compliant,TR-10BBB6FE,GR0000000265,2023-06-24,On-time,Agent-prepared,4633215.0,4230792.0,402423.0,106539.58,11199.25,95340.32,Paid,GR0000000265,3706573.0,694982.0,231661.0,2207988.0,849226.0,339690.0,889576.0,815256.0,74321.0,4,4633216.0,3396904.0,0.916454580609189,80.00000431665609,100,99.99981138894827,8.685610315946917,23.69156832487209,26.47452556141175,2.7829572365396587,13.994127188140418,165471.9642857143,10.511821052795591,2.1583280385151227e-05,314274.0627796622,362.44269724329627,66.0997859455252
GR0000000265,2023,29,1215106.0,205711.0,741546.0,2108891.0,1262543.0,53274.0,258985.0,4811020.0,Consumer Goods and Retail,M,Compliant,TR-802048B3,GR0000000265,2024-06-23,On-time,Agent-prepared,4811020.0,4552035.0,258985.0,68565.05,6880.65,61684.4,Paid,GR0000000265,3848816.0,721652.0,240550.0,2357071.0,906566.0,362627.0,923717.0,870304.0,53412.0,4,4811018.0,3626264.0,0.942176012783136,80.00003325699467,100,99.99965246523784,5.383161990596589,23.817750062744945,26.47452555167288,2.6567754889279342,15.413488200007484,165897.24137931035,10.035214734037238,4.1571243336591124e-05,321693.54844991025,603.8471833350419,78.68622161358762
GR0000000265,2024,30,1047198.0,273799.0,568631.0,1772965.0,1096788.0,102100.0,375899.0,4061335.0,Consumer Goods and Retail,M,Compliant,TR-0FDC3E59,GR0000000265,2025-06-18,On-time,Agent-prepared,4061335.0,3685436.0,375899.0,99517.47,10307.91,89209.56,Paid,GR0000000265,3249068.0,609200.0,203067.0,1972400.0,758615.0,303446.0,779776.0,728271.0,51506.0,4,4061335.0,3034461.0,0.9339489802199606,80.0,100,99.98823157865414,9.255552669257769,23.73232171407745,26.474523741749778,2.7422020276723273,14.001085849849865,135377.83333333334,10.357889926261187,0.0,277240.68313312886,271.5383772116835,64.10430501204166
GR0000000266,2022,165,4086896.0,629564.0,4010770.0,21543534.0,11731725.0,202834.0,832398.0,22084424.0,Agriculture and Food Production,M,Compliant,TR-F18C7EAD,GR0000000266,2023-06-23,On-time,Self-prepared,22084424.0,20980202.8,1104221.2,306183.75,44077.73,262106.02,Partial,GR0000000266,14354875.0,5521106.0,2208442.0,9775678.0,3759876.0,1503951.0,3445170.0,3609481.0,-164311.0,4,22084423.0,15039505.0,1.047693147217699,65.00000022640393,100,93.79982954988978,5.0,31.4880646037112,27.72847958361966,-3.759585020091542,18.16108040671561,133844.99393939393,14.395842365899563,4.5280784455314915e-06,1133234.1229637684,558.7002785350427,79.63251328147327
GR0000000266,2023,157,3299361.0,671058.0,3096685.0,13838411.0,8760651.0,201093.0,872150.0,14075842.0,Agriculture and Food Production,M,Compliant,TR-E82A99B7,GR0000000266,2024-07-27,Extended,Agent-prepared,14075842.0,13203692.0,872150.0,241833.93,36032.97,205800.96,Paid,GR0000000266,9149297.0,3518960.0,1407585.0,6578565.0,2530217.0,1012087.0,2195831.0,2429009.0,-233178.0,4,14075842.0,10120869.0,1.1061912323853702,64.99999786868878,80,100.0,6.1960769380616805,23.59696841139712,27.72847904603566,4.131510634638538,21.999998294951023,89655.04458598726,14.899881914833044,0.0,914862.6235380726,454.94503714106037,73.56609355569154
GR0000000266,2024,173,3413239.0,754845.0,2833628.0,12905465.0,6581738.0,257500.0,1012345.0,12880126.0,Agriculture and Food Production,M,Compliant,TR-578E71B2,GR0000000266,2025-06-17,On-time,Agent-prepared,12880126.0,11867781.0,1012345.0,280707.88,39314.62,241393.26,Paid,GR0000000266,8372082.0,3220031.0,1288013.0,5778223.0,2222394.0,888957.0,2009300.0,2133498.0,-124198.0,4,12880126.0,8889574.0,1.0618115761708058,65.00000077638992,100,99.99989229193889,7.859744539766149,23.84495996918047,27.72847991544385,3.8835199462633803,22.00000217389178,74451.59537572254,14.005527739370907,0.0,946439.2905810964,367.54923906062,70.34063539060699
GR0000000267,2022,7,465614.0,99721.0,153340.0,1663101.0,1141136.0,25335.0,125056.0,1066527.0,Tourism and Hospitality,M,Compliant,TR-90555341,GR0000000267,2023-06-16,On-time,Agent-prepared,1066527.0,941471.0,125056.0,26988.93,3212.07,23776.85,Paid,GR0000000267,639916.0,319959.0,106652.0,339854.0,130714.0,52285.0,153580.0,125484.0,28096.0,4,1066527.0,522853.0,0.8170595129574163,59.999981247544596,100,100.0,11.725535312279952,19.012962192937565,21.58147549897646,2.568513306038895,14.37750755489547,152361.0,11.901435143964582,0.0,100486.37132980426,396.6306348127265,73.1417010656896
GR0000000267,2023,8,321029.0,58003.0,156109.0,1483446.0,923700.0,15037.0,73040.0,939293.0,Tourism and Hospitality,M,Compliant,TR-930267F4,GR0000000267,2024-06-16,On-time,Agent-prepared,939293.0,866253.0,73040.0,15763.11,1879.5,13883.61,Paid,GR0000000267,563576.0,281788.0,93929.0,311626.0,119856.0,47942.0,135258.0,115061.0,20196.0,4,939293.0,479424.0,0.850677963595499,60.000021292610505,100,98.57800602765113,7.7760613567864345,19.008228368017527,21.581475903614457,2.5732475355969306,16.619840667395582,117411.625,11.923408515197826,0.0,69282.79627861446,460.748794830182,77.24816138105903
GR0000000267,2024,8,408109.0,91120.0,128428.0,1087012.0,668886.0,34139.0,125258.0,986148.0,Tourism and Hospitality,M,Compliant,TR-E2646EDC,GR0000000267,2025-08-26,Extended,Agent-prepared,986148.0,860890.0,125258.0,27032.52,3999.26,23033.27,Paid,GR0000000267,591689.0,295843.0,98613.0,332364.0,127831.0,51133.0,142006.0,122718.0,19287.0,4,986145.0,511328.0,0.8641747531794431,60.0002028099316,80,86.64405969054545,12.701744565724415,18.388661802040588,21.581471842117868,3.19281004007728,13.023197329406944,123268.5,14.794255215569988,0.0003042148974063963,88075.9289201488,257.99211728565217,69.3077094599727
GR0000000268,2022,182,24871385.0,7552149.0,9976439.0,110758825.0,66032950.0,2436270.0,9988419.0,73429747.0,Energy,L,Compliant,TR-75F91A43,GR0000000268,2023-06-19,On-time,Agent-prepared,73429747.0,63441328.0,9988419.0,2552411.17,594339.5,1958071.67,Paid,GR0000000268,58743798.0,11014461.0,3671487.0,31382544.0,12070209.0,4828084.0,14098512.0,11587401.0,2511110.0,4,73429746.0,48280837.0,0.8218882247998938,80.0000016342151,100,88.78220428215441,13.602687477596783,19.603419420030335,25.55370544627733,5.950286026246996,13.586372563696836,403460.14835164836,23.28541368983274,1.3618459249187254e-06,6355560.463309603,260.87258240300145,59.83971539984605
GR0000000268,2023,171,22237258.0,7181266.0,7849843.0,117245389.0,58183381.0,1933960.0,9115225.0,85131272.0,Energy,L,Compliant,TR-82BE2FB4,GR0000000268,2024-06-19,On-time,Agent-prepared,85131272.0,76016047.0,9115225.0,2329277.75,462210.87,1867066.88,Paid,GR0000000268,68105018.0,12769690.0,4256564.0,35256805.0,13560309.0,5424124.0,16345205.0,13017898.0,3327306.0,4,85131272.0,54241238.0,0.7964352848434755,80.00000046986258,100,100.0,10.707258080203477,20.482948912396566,25.553705476277326,5.07075656388076,9.220868918768183,497843.69590643275,19.8435274625364,0.0,5682443.415319918,293.82424741566103,59.00922227011981
GR0000000268,2024,195,18403696.0,7004826.0,9383963.0,98795353.0,54610015.0,2547586.0,9552413.0,70126530.0,Energy,L,Compliant,TR-4F514CCC,GR0000000268,2025-06-25,On-time,Agent-prepared,70126530.0,60574117.0,9552413.0,2440995.49,540518.68,1900476.8,Paid,GR0000000268,56101224.0,10518979.0,3506327.0,30275929.0,11644589.0,4657835.0,13464294.0,11178805.0,2285489.0,4,70126530.0,46578353.0,0.8302555633440565,80.0,100,84.11463849035748,13.621682122300932,19.895253691397137,25.553705540160376,5.658451848763239,13.381473459473897,359623.23076923075,22.143370695043767,0.0,4702826.284346273,184.5993141878733,48.09513806357158
GR0000000269,2022,3,58034.0,14286.0,74880.0,359212.0,186973.0,4744.0,19030.0,302259.0,Manufacturing,S,Compliant,TR-07236B01,GR0000000269,2023-06-15,On-time,Agent-prepared,302259.0,283229.0,19030.0,4247.31,406.81,3840.51,Paid,GR0000000269,181354.0,75564.0,45339.0,156932.0,60359.0,24144.0,43526.0,57945.0,-14419.0,4,302257.0,241435.0,1.3312732619583698,59.99993383114369,100,100.0,6.295925017948184,20.181345244351025,22.31902259590121,2.1376773515501846,24.77345587724435,100753.0,9.57806235005215,0.0006616885630528202,12952.621573305307,273.0316520511237,67.208877554537
GR0000000269,2023,3,92406.0,26980.0,59549.0,651413.0,366880.0,10473.0,37453.0,594646.0,Manufacturing,S,Compliant,TR-4AEC6131,GR0000000269,2024-06-20,On-time,Agent-prepared,594646.0,557193.0,37453.0,8359.15,808.83,7550.32,Paid,GR0000000269,356788.0,148661.0,89197.0,307789.0,118381.0,47352.0,85629.0,113645.0,-28016.0,4,594646.0,473522.0,1.327178876315267,60.00006726691174,100,99.9957617690376,6.298369113724804,20.15945318132059,22.319039863295327,2.159586681974737,10.014193318377657,198215.33333333334,9.675983802180845,0.0,20624.13197607668,196.92668744463552,59.469082094236306
GR0000000269,2024,2,47291.0,14613.0,48335.0,197823.0,128920.0,5601.0,20214.0,194422.0,Manufacturing,S,Compliant,TR-A6BF6627,GR0000000269,2025-06-20,On-time,Agent-prepared,194422.0,174208.0,20214.0,4511.57,459.72,4051.85,Paid,GR0000000269,116653.0,48605.0,29163.0,103812.0,39928.0,15972.0,27997.0,38331.0,-10334.0,4,194421.0,159712.0,1.369110976176019,60.000205739091975,100,100.0,10.39697153614303,20.04477095082616,22.3190363114673,2.2742653606411416,24.86086965466871,97211.0,10.189800889712451,0.0005143477299185406,10554.895462056,188.44662492512052,57.256137531454186
GR0000000270,2022,5,515247.0,172935.0,203872.0,1222203.0,534069.0,46934.0,219869.0,1290209.0,Healthcare,M,Somewhat Compliant,TR-149ADFC2,GR0000000270,2023-08-20,Extended,Agent-prepared,1257834.15,1181127.09,76707.05,20538.42,3401.07,17137.35,Paid,GR0000000270,977735.0,122584.0,63846.0,448674.0,166439.0,65717.0,234657.0,172840.0,61816.0,4,1164165.0,680830.0,0.7365644323416731,83.98594700922979,60,55.9545605094654,6.098343728384224,7.794345724044771,26.77513996431879,18.98079424027402,15.801470924478128,258041.8,16.559550345158,8.046037288528684,137958.10541195364,293.940651578714,57.32745654026127
GR0000000270,2023,4,688081.0,165276.0,145532.0,1849716.0,715822.0,42086.0,207362.0,1516643.0,Healthcare,M,Somewhat Compliant,TR-AE9980BF,GR0000000270,2024-06-27,On-time,Agent-prepared,1438128.09,1393410.45,44717.65,11973.21,1943.04,10030.17,Paid,GR0000000270,1150037.0,141621.0,74178.0,518050.0,192219.0,75262.0,276009.0,196913.0,79096.0,4,1365836.0,785531.0,0.7134296345409027,84.2002260886373,80,84.59355989379999,3.1094344315324514,4.837033786325364,26.775132414158616,21.938098627833252,9.595666218088237,379160.75,16.22822952240878,5.2928821615479515,184234.59886666673,437.75744634003405,69.86372243965462
GR0000000270,2024,3,583000.0,211577.0,114213.0,1075403.0,611646.0,44721.0,256298.0,1209361.0,Healthcare,M,Somewhat Compliant,TR-4F18F4EA,GR0000000270,2025-06-23,On-time,Agent-prepared,1153759.33,975188.4,178570.92,47812.61,7699.3,40113.31,Paid,GR0000000270,938223.0,114355.0,58541.0,447934.0,163406.0,64626.0,225174.0,172201.0,52973.0,4,1111119.0,675966.0,0.7647463739152833,84.43947047975959,60,56.907401313898895,15.477311026381907,15.651042926593261,26.77513785559261,11.12409492899935,9.444078319046174,403120.3333333333,16.10307406351588,3.8376024530225816,156099.05369810492,349.05090158561956,56.03807890222985
GR0000000271,2022,157,24651219.0,9288881.0,8150863.0,101221281.0,67465203.0,3047089.0,12335970.0,81480484.0,Energy,L,Somewhat Compliant,TR-7FBBBA17,GR0000000271,2023-06-20,On-time,Agent-prepared,76779441.87,71238720.24,5540721.63,1265262.03,327236.29,938025.73,Paid,GR0000000271,59489566.0,11734169.0,4019576.0,33335077.0,12495731.0,4929329.0,14277496.0,12978114.0,1299382.0,4,75243311.0,50760137.0,0.9089909042874185,79.0629295938346,100,87.51614530267132,7.216413007249176,7.603988417611261,22.83569026729827,15.231701849687006,10.00345432410539,518983.974522293,25.86312417831743,2.0415514011604463,5629276.017953382,184.74275014459315,49.957971652436335
GR0000000271,2023,153,23801636.0,8639028.0,7715987.0,135547819.0,77559115.0,2855329.0,11494357.0,84246669.0,Energy,L,Somewhat Compliant,TR-35768D80,GR0000000271,2024-06-23,On-time,Self-prepared,78942444.54,76574171.21,2368273.34,540811.56,130357.15,410454.42,Paid,GR0000000271,62080567.0,11874121.0,4150399.0,34833421.0,13050184.0,5100621.0,14899336.0,13424408.0,1474929.0,4,78105087.0,52984226.0,0.901007132129915,79.4833849938609,80,78.4754965120039,3.000000004813633,3.5709211050257093,22.835690072835938,19.264768967810227,9.158803655489335,550631.8235294118,24.103987348199432,1.0720909125931932,5435267.829224545,190.3552210349331,51.707701941160686
GR0000000271,2024,123,19140369.0,7331179.0,6105392.0,95886622.0,55366518.0,2070863.0,9402042.0,57510109.0,Energy,L,Somewhat Compliant,TR-070D1761,GR0000000271,2025-06-23,On-time,Agent-prepared,53321226.45,51721589.65,1599636.79,365288.1,98794.71,266493.4,Unpaid,GR0000000271,40835273.0,8033068.0,2821926.0,23021174.0,8473735.0,3332226.0,9800466.0,8814236.0,986229.0,4,51690267.0,34827135.0,0.8993690708176529,78.99992662061506,80,78.72685919881373,2.9999999934360098,2.83442043760281,22.835690094374485,20.001269656771676,10.616206622039266,467561.8617886179,27.04569626002052,3.155254450513878,4370835.347759725,211.0634719805088,50.87847052478456
GR0000000272,2022,14,134536.0,33396.0,215906.0,866546.0,545739.0,12975.0,46370.0,863625.0,Agriculture and Food Production,S,Compliant,TR-EBEB9D67,GR0000000272,2023-06-18,On-time,Agent-prepared,863625.0,817255.0,46370.0,13832.56,1274.35,12558.21,Paid,GR0000000272,561357.0,215906.0,86363.0,417722.0,160663.0,64265.0,134725.0,154236.0,-19510.0,4,863626.0,642650.0,1.1448209315271851,65.00001157908632,100,99.99832778716076,5.369228542480823,27.08261807202933,29.83083890446409,2.748220832434761,24.99997105225069,61687.5,9.212683697016315,0.00011579086317548004,40133.21742850981,309.311887695644,65.53338883272879
GR0000000272,2023,15,257118.0,70872.0,268804.0,1384606.0,912948.0,23717.0,94589.0,1518893.0,Agriculture and Food Production,S,Compliant,TR-283D993A,GR0000000272,2024-06-21,On-time,Agent-prepared,1518893.0,1424304.0,94589.0,28216.68,2650.64,25566.04,Paid,GR0000000272,987280.0,379723.0,151890.0,722274.0,277798.0,111119.0,236948.0,266686.0,-29738.0,4,1518893.0,1111191.0,1.1255043300639802,64.99997037315993,100,99.99984354244927,6.227495946060717,27.028555117402657,29.830825994565963,2.8022708771633056,17.6973624870218,101259.53333333334,9.393876246248672,0.0,76700.42318070811,323.3985039453055,63.211832699383166
GR0000000272,2024,14,137133.0,21554.0,188113.0,778065.0,536401.0,7307.0,28861.0,752453.0,Agriculture and Food Production,S,Compliant,TR-8FE25F33,GR0000000272,2025-06-17,On-time,Agent-prepared,752453.0,714830.35,37622.65,11223.15,1238.72,9984.42,Paid,GR0000000272,489095.0,188113.0,75245.0,371771.0,142989.0,57196.0,117383.0,137269.0,-19886.0,4,752453.0,571956.0,1.1694112435361168,65.00007309426636,100,99.99579344618917,5.0,34.59485118325769,29.83083328792629,-4.764017895331399,24.999966775333476,53746.642857142855,11.03718652962849,0.0,40907.916612731955,559.8455811240174,78.9540081526693
GR0000000273,2022,185,12391739.0,3916376.0,8263510.0,70330896.0,35904437.0,1052558.0,4968934.0,48241077.0,Energy,L,Compliant,TR-1B825F05,GR0000000273,2023-06-12,On-time,Agent-prepared,48241077.0,43272143.0,4968934.0,989841.38,195690.72,794150.66,Paid,GR0000000273,38592861.0,7236162.0,2412055.0,19893795.0,7651460.0,3060584.0,9262288.0,7345402.0,1916885.0,4,48241078.0,30605839.0,0.7930440081327638,79.99999709790896,100,99.46977237473888,10.300213654019375,15.982314516554256,19.920598261115966,3.9382837445617103,17.129613420529562,260762.57837837838,19.769906972367636,2.072922167251079e-06,2468508.543756029,234.52470493369765,59.90123742922604
GR0000000273,2023,192,20310807.0,8456234.0,8713401.0,68275114.0,33620861.0,2638837.0,11095071.0,64622608.0,Energy,L,Compliant,TR-91C5E0D5,GR0000000273,2024-06-10,On-time,Agent-prepared,64622608.0,53527537.0,11095071.0,2210204.53,518889.06,1691315.47,Paid,GR0000000273,51698086.0,9693391.0,3231130.0,28369280.0,10911261.0,4364504.0,12407541.0,10474811.0,1932730.0,4,64622607.0,43645045.0,0.844229408550816,80.00000061897843,100,99.27676210972045,17.16902388093034,15.243845397654507,19.92059834497679,4.6767529473222815,13.483518028241756,336576.0833333333,23.476970251255437,1.5474460823838854e-06,4046034.2830934296,153.32641929355356,45.37355901220469
GR0000000273,2024,206,38979790.0,14671458.0,10267629.0,119929337.0,60510010.0,5671259.0,20342717.0,111688897.0,Energy,L,Compliant,TR-DBE37C73,GR0000000273,2025-06-14,On-time,Agent-prepared,111688897.0,91346180.0,20342717.0,4052390.95,979921.87,3072469.08,Paid,GR0000000273,89351118.0,16753334.0,5584445.0,46326565.0,17817909.0,7127164.0,21444267.0,17105193.0,4339075.0,4,111688897.0,71271638.0,0.7976580873573342,80.00000035813765,100,83.26855960627303,18.213732561079908,15.103533515213332,19.920598364515417,4.817064849302085,9.193061509059401,542179.1116504854,24.181326088491044,0.0,7765007.4092315445,136.91858208612135,47.81214316444496
GR0000000274,2022,1,18028.0,6551.0,22102.0,78901.0,48053.0,2144.0,8694.0,83546.0,Logistics and Transportation,S,Compliant,TR-2FB39BCB,GR0000000274,2023-06-13,On-time,Agent-prepared,83546.0,74852.0,8694.0,2013.17,178.56,1834.61,Paid,GR0000000274,45950.0,25063.0,12533.0,38140.0,14669.0,5868.0,11028.0,14082.0,-3055.0,4,83546.0,58677.0,1.2769314472252449,54.999640916381395,100,100.0,10.406243267182152,21.10202438463308,23.155854612376352,2.0538302277432727,26.454887128049222,83546.0,8.869593725318776,0.0,4174.537469519209,194.7079043619034,51.775016640781004
GR0000000274,2023,1,9909.0,2374.0,20176.0,48674.0,34389.0,914.0,3288.0,50547.0,Logistics and Transportation,S,Compliant,TR-519A74C5,GR0000000274,2024-06-15,On-time,Agent-prepared,50547.0,47259.0,3288.0,761.37,63.18,698.18,Paid,GR0000000274,27801.0,15164.0,7582.0,22023.0,8471.0,3388.0,6672.0,8132.0,-1459.0,4,50547.0,33882.0,1.2188249400479616,55.00029675351653,100,99.97421868286116,6.504837082319426,21.234184914841848,23.15602189781022,1.9218369829683724,39.91532632995035,50547.0,8.298199298632728,0.0,2294.5302098540146,251.0426925442029,66.81804420224039
GR0000000274,2024,1,27073.0,9789.0,22794.0,144661.0,93155.0,3359.0,13147.0,109561.0,Logistics and Transportation,S,Compliant,TR-04B2FA0C,GR0000000274,2025-06-12,On-time,Agent-prepared,109561.0,96414.0,13147.0,3044.3,234.74,2809.56,Paid,GR0000000274,60259.0,32868.0,16433.0,48384.0,18609.0,7443.0,14461.0,17865.0,-3403.0,4,109560.0,74436.0,1.2353917433095913,55.0009127418766,100,100.0,11.999707925265378,21.37035065033848,23.155853046322356,1.785502395983876,20.804848440594736,109561.0,7.710803797260454,0.0009127418765908502,6268.984095230851,186.63245296906373,51.43870276659403
GR0000000275,2022,22,5454847.0,1491898.0,921649.0,23800573.0,16985333.0,339968.0,1831866.0,14715099.0,Energy,M,Non-Compliant,TR-110924AD,GR0000000275,2023-06-27,On-time,Self-prepared,12544286.57,12418843.71,125442.87,32711.93,6915.45,25796.47,Unpaid,GR0000000275,8141466.0,1967187.0,700913.0,5493086.0,2007575.0,741245.0,1953952.0,2369552.0,-415600.0,4,10809566.0,8241906.0,1.2126971389266472,75.31723290278259,60,0.0,1.0000000342785536,1.4082072597013102,26.077153687571087,24.668946427869777,6.263287797112341,668868.1363636364,21.14045242821197,16.048013120970815,1422468.8356118607,418.41256695096615,66.4176465444402
GR0000000275,2023,17,1928898.0,648414.0,764414.0,7969859.0,4628151.0,112584.0,760998.0,5902486.0,Energy,M,Non-Compliant,TR-7240F234,GR0000000275,2024-06-26,On-time,Agent-prepared,5099127.63,5048136.36,50991.28,13297.07,2883.99,10413.08,Unpaid,GR0000000275,3220566.0,784682.0,273612.0,2321689.0,817412.0,300064.0,772936.0,1003245.0,-230309.0,4,4278860.0,3439165.0,1.2979664551786954,75.26691688907793,20,0.0,1.0000000725614315,1.3683452518929091,26.077144954980536,24.708799703087628,12.9507126319317,347205.0588235294,21.688913422280244,19.17023763338832,503001.52749372047,446.7788739907274,60.54752506353369
GR0000000275,2024,10,1045490.0,364984.0,478747.0,4239790.0,2753478.0,54875.0,419859.0,3055128.0,Energy,M,Non-Compliant,TR-5231A7C1,GR0000000275,2025-06-27,On-time,Agent-prepared,2367045.33,2343374.88,23670.45,6172.58,1255.21,4917.37,Unpaid,GR0000000275,1726493.0,416440.0,142445.0,1218004.0,440321.0,162763.0,414358.0,527173.0,-112814.0,4,2285378.0,1821088.0,1.2722645634934042,75.54518333509817,80,0.0,0.9999998605856865,1.1711955680359358,26.077155271657276,24.90595970362134,15.670276335394131,305512.8,20.335256894199834,3.5734714344848095,272634.05064964964,496.8274271519811,59.84093582913275
GR0000000276,2022,11,195566.0,61036.0,201406.0,970197.0,592759.0,21363.0,82399.0,1036042.0,Manufacturing,S,Compliant,TR-2E6D0F46,GR0000000276,2023-06-23,On-time,Agent-prepared,1036042.0,953643.0,82399.0,20586.14,2022.11,18564.03,Paid,GR0000000276,621625.0,259011.0,155407.0,543686.0,209110.0,83644.0,149190.0,200745.0,-51556.0,4,1036043.0,836440.0,1.3455660567062135,59.99992278312772,100,99.99983839715838,7.953248999557933,22.529436036845105,24.983482809257392,2.454046772412287,19.439945484835558,94185.63636363637,9.822676810708565,9.652109034252732e-05,48859.19799075231,228.7094415145453,57.86639804464989
GR0000000276,2023,11,281153.0,92822.0,225526.0,1360032.0,800313.0,34593.0,127415.0,1255295.0,Manufacturing,S,Compliant,TR-9601E2EF,GR0000000276,2024-06-17,On-time,Agent-prepared,1255295.0,1127880.0,127415.0,31832.71,3266.83,28565.88,Paid,GR0000000276,753177.0,313824.0,188294.0,649988.0,249995.0,99997.0,180763.0,239995.0,-59233.0,4,1255295.0,999980.0,1.3276776774007955,60.0,100,100.0,10.150203736970195,22.419558136797082,24.9834870305694,2.5639288937723173,17.965976125133935,114117.72727272728,10.262494145173314,0.0,70241.82329105677,203.05212988482288,54.681258958645294
GR0000000276,2024,11,251683.0,63894.0,228846.0,1077068.0,583606.0,27284.0,91178.0,1018192.0,Manufacturing,S,Compliant,TR-35AB1082,GR0000000276,2025-07-21,Extended,Agent-prepared,1018192.0,927014.0,91178.0,22779.44,2232.17,20547.28,Paid,GR0000000276,610916.0,254549.0,152729.0,536124.0,206201.0,82480.0,146620.0,197953.0,-51333.0,4,1018194.0,824805.0,1.3501091256308826,59.99996071475573,80,99.99863728921785,8.954892593931204,22.5353484393165,24.9834828577069,2.4481344183903992,22.475721671354716,92562.90909090909,9.79905563964698,0.00019642622133275722,62879.179160762455,230.46173273992983,63.77268230273797
GR0000000277,2022,3,588353.0,180096.0,132730.0,1018570.0,508221.0,49984.0,230080.0,1090462.0,Technology and Innovation,M,Somewhat Compliant,TR-FFC0F74D,GR0000000277,2023-06-23,On-time,Agent-prepared,1047818.61,947483.6,100335.01,27302.55,5616.74,21685.81,Paid,GR0000000277,400051.0,358235.0,263245.0,416444.0,157252.0,61999.0,96013.0,162366.0,-66354.0,4,1021531.0,635695.0,1.6910834991094956,39.16190502295084,100,0.0,9.575608701967987,9.42533466620306,27.211389125291362,17.7860544590883,12.171905119114651,363487.3333333333,20.57221761337311,2.573354112601578,160099.0242603255,320.3005446949534,60.89422506556438
GR0000000277,2023,3,587899.0,205884.0,139426.0,934268.0,517135.0,51645.0,257529.0,1023399.0,Technology and Innovation,M,Somewhat Compliant,TR-C44BC5F5,GR0000000277,2024-06-21,On-time,Agent-prepared,933789.76,854829.67,78960.1,21486.14,4205.37,17280.77,Unpaid,GR0000000277,362904.0,339890.0,251022.0,399662.0,147795.0,58793.0,87097.0,153401.0,-66305.0,4,953816.0,606250.0,1.7612661744951033,38.04758989155141,80,0.0,8.455875549545542,6.710222926350043,27.211389043326946,20.501166116976904,13.623816321884231,341133.0,19.572477885744018,2.0995915354743433,159975.4840718287,309.75986847096266,56.19502669676254
GR0000000277,2024,3,423099.0,138133.0,119377.0,655330.0,282332.0,42615.0,180748.0,788449.0,Technology and Innovation,M,Somewhat Compliant,TR-75AA6F78,GR0000000277,2025-06-27,On-time,Agent-prepared,719795.54,676143.34,43652.19,11878.37,2288.89,9589.48,Partial,GR0000000277,282182.0,257556.0,190984.0,293173.0,110108.0,43335.0,67724.0,113778.0,-46054.0,4,730722.0,446616.0,1.6800248065678343,38.616874816961854,100,74.84243149784973,6.064526323683529,5.305441830614999,27.21139535038219,21.90595351976719,15.140738335643778,262816.3333333333,19.26939470651276,1.4952964328431295,115131.14161351354,270.16576701516726,57.27997466314031
GR0000000278,2022,4,134389.0,32799.0,95544.0,294587.0,159152.0,9806.0,42605.0,491505.0,Automotive,M,Compliant,TR-A77791C2,GR0000000278,2023-06-12,On-time,Agent-prepared,491505.0,448900.0,42605.0,11611.91,1749.33,9862.58,Paid,GR0000000278,344053.0,98300.0,49150.0,238244.0,91632.0,36653.0,82573.0,87967.0,-5395.0,4,491503.0,366529.0,1.0653240163249489,70.00018311180196,100,100.0,8.668273974832402,23.148879239525876,27.25480577397019,4.105926534444315,19.43906979583117,122876.25,15.064963472848136,0.0004069151154695305,36627.460931580805,373.52091506812974,68.29725647188386
GR0000000278,2023,4,185428.0,43278.0,126878.0,445013.0,237983.0,13990.0,57268.0,674250.0,Automotive,M,Compliant,TR-9BE7CEA5,GR0000000278,2024-06-20,On-time,Agent-prepared,674250.0,616982.0,57268.0,15608.28,2377.04,13231.24,Paid,GR0000000278,471975.0,134849.0,67425.0,324156.0,124675.0,49870.0,113274.0,119688.0,-6415.0,4,674249.0,498701.0,1.056623761851793,70.00010381921219,100,0.0,8.49358546533185,23.10407208214011,27.254801983655796,4.150729901515685,18.81764923989618,168562.5,15.229352625657663,0.00014831316026420183,50538.03422225327,361.2439901519176,69.11577539530168
GR0000000278,2024,4,84441.0,18313.0,90102.0,310017.0,162467.0,5909.0,24223.0,403299.0,Automotive,M,Compliant,TR-05F5E4FA,GR0000000278,2025-06-13,On-time,Agent-prepared,403299.0,379076.0,24223.0,6601.93,946.98,5654.95,Paid,GR0000000278,282308.0,80660.0,40331.0,196178.0,75453.0,30181.0,67755.0,72435.0,-4681.0,4,403299.0,301812.0,1.069072393181315,69.99967765851143,100,100.0,6.006213752079723,23.34537423110267,27.25479915782521,3.90942492672254,22.34124061800302,100824.75,14.343987288565616,0.0,23014.224956859187,389.47749123132826,71.31369832190524
GR0000000279,2022,113,5863968.0,1179020.0,2636197.0,23717372.0,14632931.0,344006.0,1523026.0,15136838.0,Tourism and Hospitality,M,Compliant,TR-99B79B9D,GR0000000279,2023-06-19,On-time,Agent-prepared,15136838.0,13613812.0,1523026.0,354614.4,52393.57,302220.83,Paid,GR0000000279,9082103.0,4541051.0,1513684.0,4654068.0,1790026.0,716011.0,2179705.0,1718426.0,461280.0,4,15136838.0,7160105.0,0.7883754911788522,60.00000132127992,100,100.0,10.061718306029304,19.843445220239182,23.283542106306786,3.4400968860676038,17.415770717768137,133954.3185840708,14.774800459315806,0.0,1365339.458380356,396.8940827719156,74.02738214123951
GR0000000279,2023,134,5761345.0,1134582.0,3035158.0,20138139.0,12106316.0,295615.0,1430197.0,15066320.0,Tourism and Hospitality,M,Compliant,TR-B517BEB1,GR0000000279,2024-06-19,On-time,Agent-prepared,15066320.0,13636123.0,1430197.0,333000.52,45687.35,287313.17,Paid,GR0000000279,9039792.0,4519896.0,1506632.0,4853859.0,1866868.0,746748.0,2169550.0,1792194.0,377356.0,4,15066320.0,7467475.0,0.8260671567836648,60.0,100,99.99997442336614,9.4926763801645,20.08906255571785,23.28354205749278,3.194479501774932,20.145317502880598,112435.22388059701,13.71990350045099,0.0,1341445.1861522575,453.7811633889544,75.17598755151792
GR0000000279,2024,148,4979708.0,1136860.0,3036729.0,23169084.0,14211060.0,292761.0,1429621.0,16088009.0,Tourism and Hospitality,M,Compliant,TR-7FC06F4D,GR0000000279,2025-06-17,On-time,Agent-prepared,16088009.0,14658388.0,1429621.0,332866.41,44300.07,288566.33,Paid,GR0000000279,9652805.0,4826403.0,1608801.0,5205974.0,2002297.0,800919.0,2316673.0,1922206.0,394468.0,4,16088009.0,8009190.0,0.8297269403148394,59.999997513676185,100,99.99995168617659,8.886251866219121,20.18481331765552,23.283542281485794,3.098728963830272,18.875729122230105,108702.76351351352,13.308663376397758,0.0,1159452.4176745305,396.0405988757145,71.29106766902798
GR0000000280,2022,9,151476.0,33848.0,169089.0,674002.0,375400.0,12337.0,46185.0,768588.0,Agriculture and Food Production,M,Compliant,TR-BF61BBDB,GR0000000280,2023-06-18,On-time,Agent-prepared,768588.0,722403.0,46185.0,10380.86,1745.15,8635.7,Paid,GR0000000280,499581.0,192146.0,76859.0,350880.0,134953.0,53982.0,119900.0,129556.0,-9655.0,4,768586.0,539815.0,1.080533778148457,65.00001301090575,100,100.0,6.009071179877906,18.698062141387897,22.47669156652593,3.778629425138032,21.999953160861217,85398.66666666667,16.81122758615375,0.00026021811483367685,34046.79331731082,275.973034913762,69.51002138952705
GR0000000280,2023,9,177257.0,43578.0,155568.0,506388.0,254539.0,16384.0,59962.0,707126.0,Agriculture and Food Production,M,Compliant,TR-0B090805,GR0000000280,2024-06-16,On-time,Agent-prepared,707126.0,647164.0,59962.0,13477.47,1882.18,11595.29,Paid,GR0000000280,459632.0,176782.0,70712.0,311170.0,119681.0,47873.0,110312.0,114894.0,-4582.0,4,707126.0,478724.0,1.0415367321778228,65.00001414175127,100,99.99749898450145,8.47967688926726,19.337730562689707,22.47668523398152,3.1389546712918133,22.000039596903523,78569.55555555556,13.965380742824879,0.0,39841.49794519862,243.17320523192518,66.17228092543594
GR0000000280,2024,8,116747.0,22469.0,132280.0,558544.0,317121.0,7369.0,29838.0,601272.0,Agriculture and Food Production,M,Compliant,TR-7B468072,GR0000000280,2025-06-15,On-time,Self-prepared,601272.0,571208.4,30063.6,6757.3,1066.7,5690.6,Paid,GR0000000280,390826.0,150318.0,60127.0,267477.0,102876.0,41151.0,93799.0,98760.0,-4962.0,4,601271.0,411504.0,1.05288968965554,64.99997505284638,100,100.0,5.0,19.07165359608553,22.47668276586969,3.405029169784161,22.00002661025293,75159.0,15.785890814378526,0.0001663143574193171,26240.85282866989,356.0978806984651,74.44216982020951
GR0000000281,2022,16,731719.0,203949.0,366286.0,1015383.0,613133.0,45909.0,249857.0,2034925.0,Consumer Goods and Retail,M,Somewhat Compliant,TR-8E263A99,GR0000000281,2023-06-20,On-time,Agent-prepared,1880889.77,1824463.08,56426.69,11374.95,1457.8,9917.15,Paid,GR0000000281,1476063.0,289741.0,98809.0,981046.0,356119.0,141037.0,354256.0,373024.0,-18769.0,4,1864613.0,1478202.0,1.052978636917935,79.16189579285353,80,99.998487468678,2.9999998351843873,3.9691303425559417,20.158811371001914,16.18968102844597,17.999975429069867,127182.8125,12.815880509364874,0.8729302005295425,147505.85297578148,321.3005140076706,65.85342187369741
GR0000000281,2023,15,1106919.0,209998.0,304733.0,1264613.0,800007.0,55162.0,265160.0,3226542.0,Consumer Goods and Retail,M,Somewhat Compliant,TR-021FA458,GR0000000281,2024-06-27,On-time,Agent-prepared,2982302.13,2892833.07,89469.06,18035.89,2161.53,15874.36,Partial,GR0000000281,2413172.0,453523.0,157300.0,1561601.0,586546.0,227310.0,579161.0,601057.0,-21896.0,4,3023995.0,2375457.0,1.037806413069941,79.80079332141753,80,81.77017262702462,2.9999998692285414,5.986709910997134,20.15880126604661,14.172091355049474,9.444569449274177,215102.8,11.98460403118449,1.3787347531989957,223141.60138611044,404.52050575778696,76.0452210143651
GR0000000281,2024,15,837314.0,160409.0,341194.0,1157094.0,672106.0,37961.0,198369.0,2811319.0,Consumer Goods and Retail,M,Somewhat Compliant,TR-728F133C,GR0000000281,2025-06-29,On-time,Self-prepared,2751648.0,2669098.56,82549.44,16640.98,2229.69,14411.29,Paid,GR0000000281,2075858.0,396585.0,137852.0,1343046.0,505991.0,199805.0,498206.0,522423.0,-24217.0,4,2610295.0,2048842.0,1.0486084069641874,79.52580072367299,80,99.99819531541219,3.0000000000000004,7.264890179413114,20.158804226897235,12.89391404748412,12.136438447575676,187421.26666666666,13.3987902154801,5.41521169063266,168792.4900244023,444.64711157346306,76.30888770520976
GR0000000282,2022,36,2539481.0,936127.0,1544640.0,14993065.0,7574899.0,318575.0,1254701.0,9119106.0,Energy,M,Compliant,TR-BE8BED39,GR0000000282,2023-06-17,On-time,Agent-prepared,9119106.0,7864405.0,1254701.0,318364.54,58692.13,259672.41,Partial,GR0000000282,7295285.0,1367866.0,455956.0,4350855.0,1673406.0,669363.0,1750869.0,1606470.0,144400.0,4,9119107.0,6693624.0,0.9175272393308694,79.99999342040837,100,95.27401289288719,13.759035151033446,20.695959435754016,25.373737647455446,4.67777821170143,16.938502524260603,253308.5,18.43551106539692,1.0965986030342378e-05,644361.246546978,202.26359461570368,50.59222730943842
GR0000000282,2023,37,2500771.0,790314.0,1516213.0,13567027.0,7813358.0,257719.0,1048032.0,10118309.0,Energy,M,Compliant,TR-45C1A76E,GR0000000282,2024-06-24,On-time,Agent-prepared,10118309.0,9070277.0,1048032.0,265924.89,44016.42,221908.47,Paid,GR0000000282,8094646.0,1517747.0,505916.0,4654938.0,1790361.0,716144.0,1942715.0,1718747.0,223969.0,4,10118309.0,7161443.0,0.8847139184080012,79.99998814031079,100,99.92879882448423,10.357778162339182,21.17382579921224,25.373737633965376,4.199911834753138,14.98484578796714,273467.8108108108,16.552200134406373,0.0,634539.0723662922,246.21353969489724,58.09164453682484
GR0000000282,2024,34,2640295.0,1074474.0,1458893.0,17794833.0,11881000.0,352622.0,1427096.0,9605734.0,Energy,M,Compliant,TR-45F527FC,GR0000000282,2025-06-15,On-time,Agent-prepared,9605734.0,8178638.0,1427096.0,362107.6,66068.77,296038.83,Paid,GR0000000282,7684588.0,1440859.0,480286.0,4440475.0,1707876.0,683150.0,1844301.0,1639561.0,204741.0,4,9605733.0,6831501.0,0.8889877519992669,80.00001665671948,100,85.22348034664256,14.856709544528298,20.74414265052947,25.37373799660289,4.6295953460734225,15.187730578423261,282521.5882352941,18.245618153278198,1.0410449680087197e-05,669941.5356374063,189.9885814377453,45.949373081417036
GR0000000283,2022,2,55801.0,14757.0,41006.0,283234.0,214900.0,4107.0,18864.0,324930.0,Manufacturing,S,Somewhat Compliant,TR-6611AE74,GR0000000283,2023-06-21,On-time,Agent-prepared,312782.82,303399.34,9383.48,2608.52,333.95,2274.57,Partial,GR0000000283,172068.0,75772.0,47413.0,165807.0,62794.0,24753.0,41297.0,64412.0,-23118.0,4,295253.0,253354.0,1.5597258880790372,58.278154667353085,80,70.43089463063347,2.9999985293309903,12.057729007633588,27.799068149556454,15.741339141922866,12.61994891207337,162465.0,12.80227868676491,5.937219943573813,15512.158018133998,377.70046306632577,66.19415422662676
GR0000000283,2023,1,73903.0,20796.0,25200.0,355861.0,191496.0,7155.0,27951.0,331958.0,Manufacturing,S,Somewhat Compliant,TR-9D017A25,GR0000000283,2024-06-22,On-time,Self-prepared,310684.51,301363.98,9320.54,2591.02,318.64,2272.38,Paid,GR0000000283,182845.0,77998.0,47663.0,171287.0,63620.0,24604.0,43883.0,66023.0,-22140.0,4,308506.0,259511.0,1.5045233917462344,59.267891062086306,60,99.98327744479356,3.0000015127886486,8.12987012987013,27.79903310323221,19.669162973362084,7.591321793720892,331958.0,12.297859530223617,0.7061483407129865,20544.3194342817,287.13234708989097,62.17880194308756
GR0000000283,2024,1,20344.0,6390.0,19985.0,87772.0,45170.0,2236.0,8625.0,79318.0,Manufacturing,S,Somewhat Compliant,TR-DB63184D,GR0000000283,2025-08-19,Extended,Agent-prepared,76684.07,73393.06,3291.01,914.87,108.45,806.42,Paid,GR0000000283,43060.0,18144.0,11667.0,40631.0,15386.0,5975.0,10334.0,15430.0,-5096.0,4,72871.0,61992.0,1.4931294755177085,59.09072196072511,80,99.94791795838397,4.2916475351399574,9.349797101449276,27.799064724810922,18.449267623361646,25.196046294661993,79318.0,11.854143211603835,5.232630264439919,5655.441727615535,252.92673200427257,57.6042076287849
GR0000000284,2022,6,332770.0,90765.0,170948.0,1006877.0,585037.0,30171.0,120936.0,969048.0,Healthcare,S,Compliant,TR-7BA808E5,GR0000000284,2023-06-12,On-time,Agent-prepared,969048.0,848112.0,120936.0,26923.48,2797.81,24125.67,Paid,GR0000000284,823691.0,96905.0,48452.0,397530.0,152896.0,61159.0,197686.0,146780.0,50906.0,4,969048.0,611585.0,0.7424906164321197,85.00002063881253,100,100.0,12.47987715778785,19.949121849573327,22.262585169015015,2.313463319441688,17.640818617860003,161508.0,10.391710135539684,0.0,74083.20466693127,245.54441240572493,63.657781650990174
GR0000000284,2023,6,216095.0,50863.0,144658.0,919394.0,534650.0,19107.0,69970.0,605576.0,Healthcare,S,Compliant,TR-03F64B64,GR0000000284,2024-06-19,On-time,Agent-prepared,605576.0,535606.0,69970.0,15577.13,1330.49,14246.64,Paid,GR0000000284,514739.0,60558.0,30278.0,239322.0,92046.0,36818.0,123538.0,88365.0,35172.0,4,605575.0,368186.0,0.7152859848791465,85.00004128307806,100,100.0,11.554288809331942,20.361069029584105,22.26258396455624,1.901514934972134,23.887670581396886,100929.33333333333,8.541303821692443,0.00016513231226866765,48108.3308182078,251.78380079660755,67.62072236747727
GR0000000284,2024,7,156381.0,52296.0,167330.0,632772.0,397814.0,16749.0,69045.0,520746.0,Healthcare,S,Compliant,TR-C9092C57,GR0000000284,2025-06-16,On-time,Agent-prepared,520746.0,451701.0,69045.0,15371.2,1655.23,13715.97,Paid,GR0000000284,442634.0,52076.0,26038.0,203967.0,78449.0,31380.0,106232.0,75310.0,30921.0,4,520748.0,313796.0,0.7089200994050757,84.99965434336761,100,100.0,13.25886324618912,19.865261785791873,22.26258237381418,2.397320588022307,32.13274801918786,74392.28571428571,10.768385031747684,0.00038406292487414007,34814.44894199435,207.85986591434923,55.84821685498878
GR0000000285,2022,195,57273972.0,20868899.0,6907754.0,80086142.0,43071610.0,6210942.0,27079840.0,83807036.0,Technology and Innovation,M,Compliant,TR-F6EA1090,GR0000000285,2023-06-23,On-time,Agent-prepared,83807036.0,56727196.0,27079840.0,6674222.1,1158694.53,5515527.57,Partial,GR0000000285,33522814.0,29332462.0,20951758.0,33920395.0,13046305.0,5218522.0,8045475.0,12524454.0,-4478978.0,4,83807034.0,52185222.0,1.5567078388783757,40.0000004772869,100,94.49574739411555,32.31213188353303,20.367651987604063,24.64646061424292,4.278808626638856,8.242451146941887,429779.6717948718,17.360742759819157,2.386434538870219e-06,14116006.951192517,227.2764252377903,52.7187672613312
GR0000000285,2023,190,36158181.0,13166440.0,6866158.0,43812564.0,22505741.0,4341202.0,17507641.0,60078512.0,Technology and Innovation,M,Compliant,TR-10BEA810,GR0000000285,2024-06-24,On-time,Self-prepared,60078512.0,42570871.0,17507641.0,4315013.84,798032.1,3516981.74,Paid,GR0000000285,24031405.0,21027479.0,15019628.0,23238266.0,8937795.0,3575117.0,5767537.0,8580282.0,-2812745.0,4,60078512.0,35751178.0,1.4876856446694664,40.00000033289773,100,100.0,29.141269344353937,20.08826740278716,24.646460593977224,4.558193191190064,11.428641907775612,316202.6947368421,18.49431148058612,0.0,8911711.831663959,205.28212766104775,51.580415508180565
GR0000000285,2024,209,25096734.0,8418892.0,8169796.0,31934105.0,13419825.0,2771081.0,11189973.0,38109153.0,Technology and Innovation,M,Compliant,TR-916A75DA,GR0000000285,2025-06-10,On-time,Agent-prepared,38109153.0,26919180.0,11189973.0,2757932.29,452607.67,2305324.61,Paid,GR0000000285,15243661.0,13338203.0,9527288.0,14902880.0,5731878.0,2292751.0,3658479.0,5502602.0,-1844124.0,4,38109152.0,22927509.0,1.5040682207004605,40.00000052480832,100,100.0,29.36295382896597,20.601699485780706,24.646460630423327,4.044761144642621,21.437883964516345,182340.44497607654,16.41112334922479,2.624041584020631e-06,6185456.664832066,223.21457455888392,55.41263257601566
GR0000000286,2024,2,38490.0,10034.0,56513.0,109979.0,52030.0,3967.0,14000.0,114234.0,Healthcare,S,Compliant,TR-630E9BB9,GR0000000286,2025-06-14,On-time,Agent-prepared,114234.0,100234.0,14000.0,3630.83,381.89,3248.93,Paid,GR0000000286,97099.0,11423.0,5711.0,42110.0,16197.0,6479.0,23305.0,15549.0,7756.0,4,114233.0,64786.0,0.6671958807122935,85.00083163359099,100,98.53765539626332,12.255545634399565,23.206642857142857,25.9345,2.727857142857143,49.471260745487335,57117.0,10.517980737186813,0.000875403779998507,9982.189049999999,251.63067935467603,63.62691608209925
GR0000000287,2022,7,2107256.0,630401.0,290022.0,3025899.0,1136301.0,222502.0,852903.0,3465369.0,Technology and Innovation,M,Compliant,TR-84136280,GR0000000287,2023-06-24,On-time,Agent-prepared,3465369.0,2612466.0,852903.0,208517.26,38822.79,169694.47,Paid,GR0000000287,1386148.0,1212878.0,866343.0,1303339.0,501284.0,200514.0,332676.0,481232.0,-148557.0,4,3465369.0,2005137.0,1.4465485938270268,40.00001154278231,100,99.99972303163445,24.612184157011853,19.896104246321094,24.44794542872988,4.551841182408786,8.36915202969727,495052.71428571426,18.618501892840907,0.0,515180.7969236361,231.53984994455607,59.5254207367306
GR0000000287,2023,6,1194841.0,381023.0,190387.0,1960459.0,886104.0,102308.0,483331.0,1955253.0,Technology and Innovation,M,Compliant,TR-923D9909,GR0000000287,2024-06-24,On-time,Agent-prepared,1955253.0,1471922.0,483331.0,118164.5,21205.3,96959.2,Paid,GR0000000287,782101.0,684338.0,488813.0,734642.0,282555.0,113022.0,187705.0,271253.0,-83547.0,4,1955252.0,1130219.0,1.445102687728084,40.000010228860525,100,99.99979372767103,24.719614290324575,20.06062098230819,24.447945610771914,4.387324628463723,9.737205364216294,325875.5,17.9455758709257,5.114430263741809e-05,292114.0778152032,285.52417974665053,59.54850896479114
GR0000000287,2024,5,1352615.0,603731.0,195206.0,1756764.0,900981.0,184835.0,788566.0,2215550.0,Technology and Innovation,M,Compliant,TR-834C165D,GR0000000287,2025-06-12,On-time,Agent-prepared,2215550.0,1426984.0,788566.0,192788.19,31667.06,161121.13,Paid,GR0000000287,886220.0,775442.0,553887.0,857068.0,329641.0,131857.0,212693.0,316456.0,-103764.0,4,2215549.0,1318566.0,1.487853384925691,40.00001805421591,100,99.99991931536229,35.59233598880639,20.432168011301528,24.44794601846897,4.015778007167441,8.810724199408725,443110.0,16.425829818724893,4.5135539772367395e-05,330686.58503771405,178.90907297736578,41.700631739260615
GR0000000288,2022,1,264545.0,88601.0,30875.0,497006.0,219848.0,31354.0,119956.0,425931.0,Technology and Innovation,S,Somewhat Compliant,TR-95A0CF15,GR0000000288,2023-06-26,On-time,Agent-prepared,406284.16,324470.03,81814.13,24118.36,3353.12,20765.25,Partial,GR0000000288,150625.0,139094.0,105488.0,178422.0,66985.0,26420.0,36150.0,68859.0,-32710.0,4,395207.0,271827.0,1.9048132780082987,38.112938282975755,80,0.0,20.13716951209715,17.31072226483044,29.479455443699027,12.168733178868589,7.248826687890762,425931.0,13.902769508374533,2.8028754551412183,77986.42540353359,248.7287918719576,54.65572964902001
GR0000000288,2023,1,152069.0,41472.0,32582.0,300331.0,157116.0,13351.0,54823.0,257946.0,Technology and Innovation,S,Somewhat Compliant,TR-FFC144A1,GR0000000288,2024-08-20,Extended,Self-prepared,234709.88,207303.56,27406.32,8079.23,1075.72,7003.52,Paid,GR0000000288,91610.0,85375.0,62637.0,103571.0,39028.0,15355.0,21986.0,40134.0,-18147.0,4,239622.0,157954.0,1.8254343673246611,38.231047232724876,60,0.0,11.67667931149724,12.77478430585703,29.479441238371294,16.70465693251426,12.631325936436308,257946.0,13.31463518181807,2.049945330562297,44829.09149677885,335.77328662106845,63.9486022792285
GR0000000288,2024,1,118240.0,39052.0,35279.0,257089.0,142569.0,12016.0,51068.0,272328.0,Technology and Innovation,S,Somewhat Compliant,TR-0E5C8F22,GR0000000288,2025-06-25,On-time,Agent-prepared,255434.58,235409.47,20025.11,5903.3,877.25,5026.05,Partial,GR0000000288,98269.0,88504.0,66180.0,110558.0,41508.0,16271.0,23585.0,42132.0,-18547.0,4,252953.0,168337.0,1.7863896544413822,38.848718931975505,80,76.26267148158095,7.839623750237733,9.841877496671106,29.479488502185507,19.6376110055144,12.954598866073264,272328.0,14.860332356478578,0.981043909342838,34856.54720498415,290.0844474449413,56.809878213802435
GR0000000289,2022,82,3974842.0,1004537.0,2097671.0,10599129.0,4999168.0,223755.0,1228292.0,14804176.0,Manufacturing,L,Compliant,TR-755C98C7,GR0000000289,2023-06-23,On-time,Agent-prepared,14804176.0,13575884.0,1228292.0,325426.76,73208.57,252218.19,Paid,GR0000000289,8882506.0,3701044.0,2220627.0,6929836.0,2665322.0,1066128.0,2131801.0,2558709.0,-426906.0,4,14804177.0,10661286.0,1.200256965823733,59.999998649029926,100,99.9999246683992,8.29692919079049,20.53405786246267,26.494250552800146,5.960192690337475,14.169454618750818,180538.73170731709,22.496173947096423,6.754850334633744e-06,1053104.5985579325,470.65075576319305,69.09834403480691
GR0000000289,2023,91,6132041.0,2090242.0,2951039.0,12106656.0,6634355.0,484850.0,2575092.0,21486552.0,Manufacturing,L,Compliant,TR-D73582B6,GR0000000289,2024-06-24,On-time,Self-prepared,21486552.0,18911460.0,2575092.0,682251.32,157371.49,524879.82,Paid,GR0000000289,12891931.0,5371638.0,3222983.0,10064748.0,3871057.0,1548422.0,3094064.0,3716216.0,-622151.0,4,21486552.0,15484227.0,1.2010792278375626,59.99999906918523,100,100.0,11.984668363728158,20.38295408474726,26.49425030251346,6.111296217766199,13.734353469090808,236115.95604395604,23.06649842758824,0.0,1624638.2911927495,335.0806004316282,58.00595592886609
GR0000000289,2024,92,10670699.0,3545593.0,2612783.0,22767319.0,9165433.0,967982.0,4513575.0,32933340.0,Manufacturing,L,Compliant,TR-E3AD8618,GR0000000289,2025-06-25,On-time,Agent-prepared,32933340.0,28419765.0,4513575.0,1195837.85,275181.04,920656.81,Partial,GR0000000289,19760003.0,8233335.0,4940001.0,15126446.0,5817863.0,2327145.0,4742401.0,5585150.0,-842748.0,4,32933339.0,23271454.0,1.1777051329063064,59.99999878542531,100,91.85757285605696,13.705184472634722,20.397507740538266,26.494250123239343,6.096742382701077,7.933550013451414,357971.0869565217,23.01156799811947,3.0364367242796675e-06,2827121.6829579994,292.0634560310005,57.70122463392511
GR0000000290,2022,20,868427.0,215670.0,355913.0,3753723.0,2293483.0,66754.0,282423.0,2485998.0,Tourism and Hospitality,S,Compliant,TR-D93369B5,GR0000000290,2023-06-14,On-time,Agent-prepared,2485998.0,2203575.0,282423.0,74394.65,7068.88,67325.78,Paid,GR0000000290,1491599.0,745799.0,248600.0,885001.0,340384.0,136154.0,357983.0,326768.0,31214.0,4,2485998.0,1361539.0,0.9128031219359578,60.00000804505876,100,100.0,11.360548158124022,23.83863212273788,26.341569206473974,2.502937083736093,14.316705001371682,124299.9,9.501866061605236,0.0,228757.29921270575,342.68702881131577,67.47878635740253
GR0000000290,2023,19,595277.0,89129.0,294005.0,3112950.0,2270662.0,34694.0,123823.0,1950799.0,Tourism and Hospitality,S,Compliant,TR-DD30CB2E,GR0000000290,2024-06-19,On-time,Agent-prepared,1950799.0,1826976.0,123823.0,32616.92,3023.6,29593.32,Paid,GR0000000290,1170480.0,585239.0,195080.0,725354.0,278982.0,111593.0,280915.0,267823.0,13092.0,4,1950799.0,1115929.0,0.9533951551180962,60.00003075662844,100,99.99925032774733,6.347296671773976,23.899695533140047,26.34156820622986,2.4418726730898115,15.07100423980123,102673.63157894737,9.27003530682848,0.0,156805.29697099893,451.96661374012484,79.19909554711504
GR0000000290,2024,20,716319.0,182323.0,387462.0,4189420.0,2832039.0,75760.0,258082.0,2546426.0,Tourism and Hospitality,S,Compliant,TR-B6AAAB72,GR0000000290,2025-06-12,On-time,Agent-prepared,2546426.0,2288344.0,258082.0,67982.85,5294.06,62688.79,Paid,GR0000000290,1527856.0,763928.0,254642.0,885836.0,340706.0,136283.0,366686.0,327078.0,39608.0,4,2546426.0,1362825.0,0.891983877213747,60.00001570829075,100,94.33629344576696,10.135067738076819,24.290260459853847,26.341569733650548,2.0513092737967007,15.215914383532056,127321.3,7.78734636750298,0.0,188689.6689003883,249.06239295193808,63.97107992388867
GR0000000291,2022,1,40942.0,12281.0,23544.0,154328.0,99744.0,3794.0,16075.0,169016.0,Manufacturing,S,Somewhat Compliant,TR-014EE7DF,GR0000000291,2023-06-29,On-time,Self-prepared,156811.41,152107.07,4704.34,1282.76,147.07,1135.68,Paid,GR0000000291,89559.0,39690.0,24912.0,82233.0,30596.0,12083.0,21494.0,31406.0,-9912.0,4,154161.0,124912.0,1.4611519493812226,58.094459688248,80,0.0,2.9999985332699963,7.0648833592535,27.267586951623397,20.202703592369897,13.930042126189237,169016.0,11.465122080513892,1.7192480588475778,11163.89544973365,294.25132972413417,60.737140344878114
GR0000000291,2023,1,20753.0,7222.0,24299.0,108180.0,59781.0,1886.0,9108.0,100172.0,Manufacturing,S,Somewhat Compliant,TR-008DCC45,GR0000000291,2024-06-26,On-time,Agent-prepared,95933.34,93055.34,2878.0,784.76,101.4,683.36,Partial,GR0000000291,53704.0,23411.0,14640.0,50504.0,19208.0,7481.0,12890.0,19776.0,-6886.0,4,91755.0,77193.0,1.534212567882079,58.52978039343905,80,0.0,2.9999997915219048,7.502854633289416,27.2675469075747,19.764692274285284,24.257277482729705,100172.0,12.921147866863755,4.553800882785675,5658.834009728978,300.044221088493,56.11236929600539
GR0000000291,2024,1,22002.0,7359.0,21808.0,103120.0,64940.0,2221.0,9579.0,87181.0,Manufacturing,S,Somewhat Compliant,TR-7E0B5CED,GR0000000291,2025-06-25,On-time,Agent-prepared,85002.8,80529.03,4473.77,1219.89,148.81,1071.08,Paid,GR0000000291,46614.0,20121.0,12759.0,42894.0,16204.0,6336.0,11188.0,16606.0,-5418.0,4,79494.0,65434.0,1.4842688594923132,58.638387802853046,80,99.99253090338725,5.263085451302781,11.181542958555173,27.267606515310355,16.08606355675518,25.01462474621764,87181.0,12.198640861061243,6.929831182227586,5999.418785498584,270.1224126744072,56.46304881374421
GR0000000292,2022,2,350956.0,131759.0,66958.0,707513.0,460477.0,43587.0,175347.0,636402.0,Technology and Innovation,S,Somewhat Compliant,TR-C883F1F9,GR0000000292,2023-06-23,On-time,Self-prepared,579745.22,502131.56,77613.65,21843.64,3246.72,18596.92,Paid,GR0000000292,224423.0,207512.0,156079.0,267269.0,96690.0,38265.0,53862.0,102619.0,-48758.0,4,588014.0,402224.0,1.9052207493223423,38.16626815007806,60,100.0,13.38754461830664,10.605781678614404,28.144070018611416,17.53828833999701,10.521337142246567,318201.0,14.86345682313021,1.4062216205736666,98773.30237451788,226.6118392514233,50.037326616441945
GR0000000292,2023,1,93414.0,26846.0,35133.0,173831.0,72961.0,7040.0,33885.0,170613.0,Technology and Innovation,S,Somewhat Compliant,TR-5A53D788,GR0000000292,2024-06-27,On-time,Self-prepared,160817.29,149369.78,11447.51,3221.8,447.28,2774.51,Paid,GR0000000292,61895.0,55670.0,41176.0,69215.0,26631.0,10492.0,14854.0,26929.0,-12074.0,4,158741.0,106338.0,1.8129123468426014,38.9911869019346,100,100.0,7.118332860850969,8.188018297181644,28.144111688917505,19.956093391735862,20.59221747463558,170613.0,13.8829225898566,1.307973365419146,26290.5404930854,373.4451774585994,63.7259939623611
GR0000000292,2024,1,102381.0,29926.0,35944.0,259821.0,129957.0,7034.0,36960.0,222133.0,Technology and Innovation,S,Somewhat Compliant,TR-6E61BC5F,GR0000000292,2025-06-29,On-time,Agent-prepared,216151.85,193547.99,22603.86,6361.65,917.71,5443.94,Paid,GR0000000292,79488.0,74049.0,53952.0,90539.0,33759.0,13187.0,19077.0,34626.0,-15548.0,4,207489.0,137485.0,1.8150652618336216,38.309500744617786,60,100.0,10.45739835213069,14.72927489177489,28.14408689489317,13.41481200311828,16.181296790661452,222133.0,14.425660009588709,4.175088799888194,28814.19760386058,409.6417060543159,63.89955167462713
GR0000000293,2022,50,1676591.0,590189.0,1331998.0,5259120.0,3004749.0,159530.0,749719.0,6663829.0,Logistics and Transportation,M,Compliant,TR-DFE789C3,GR0000000293,2023-06-21,On-time,Self-prepared,6663829.0,5914110.0,749719.0,178587.81,18901.53,159686.28,Paid,GR0000000293,3665106.0,1999149.0,999574.0,2764160.0,1063139.0,425256.0,879626.0,1020613.0,-140988.0,4,6663829.0,4252555.0,1.160280619263187,55.00000075031938,100,99.99982465619463,11.250573806740839,21.29948420674946,23.820632797087978,2.521148590338516,19.988478095701435,133276.58,10.58388587664522,0.0,399374.58561902534,250.34450298942227,55.28313106774401
GR0000000293,2023,45,2134368.0,602912.0,1196756.0,8236753.0,5498959.0,157900.0,760812.0,8812485.0,Logistics and Transportation,M,Compliant,TR-0B0D0639,GR0000000293,2024-06-25,On-time,Self-prepared,8812485.0,8051673.0,760812.0,181230.23,19425.43,161804.81,Paid,GR0000000293,4846866.0,2643746.0,1321873.0,3633297.0,1397423.0,558969.0,1163248.0,1341524.0,-178277.0,4,8812485.0,5589689.0,1.1532570870528038,54.99999148934721,100,100.0,8.633342354625285,21.26738405808531,23.8206324295621,2.5532483714767906,13.580233044368303,195833.0,10.718647766434993,0.0,508419.95597419597,321.9885724979075,64.35422570053524
GR0000000293,2024,52,1478150.0,483847.0,1172624.0,4566670.0,2701658.0,125203.0,609050.0,5251372.0,Logistics and Transportation,M,Compliant,TR-A4BCE383,GR0000000293,2025-06-12,On-time,Agent-prepared,5251372.0,4642322.0,609050.0,145079.56,15932.0,129147.56,Paid,GR0000000293,2888254.0,1575412.0,787705.0,2242567.0,862526.0,345011.0,693181.0,828024.0,-134843.0,4,5251371.0,3450104.0,1.1945278361640033,54.99999904786769,100,100.0,11.59792145747816,21.20475494622773,23.820632132008864,2.615877185781134,22.3298597014266,100987.92307692308,10.981560738121896,1.9042646193234702e-05,352104.67385928903,281.22702639656325,58.79646855867131
GR0000000294,2022,16,635178.0,94922.0,240024.0,1949958.0,1382274.0,33126.0,128048.0,1704133.0,Tourism and Hospitality,S,Compliant,TR-1C487994,GR0000000294,2023-06-13,On-time,Agent-prepared,1704133.0,1576085.0,128048.0,29974.17,2317.89,27656.28,Paid,GR0000000294,1022480.0,511240.0,170413.0,598054.0,230021.0,92009.0,245395.0,220821.0,24575.0,4,1704133.0,920084.0,0.899859410338434,60.00001173617318,100,92.67818058450798,7.513967513099036,21.598369361489443,23.408542109209048,1.810172747719605,14.084816149913182,106508.3125,7.7329580769042146,0.0,148685.90959843184,448.8495731402278,79.84061160808467
GR0000000294,2023,16,523833.0,86801.0,244794.0,2497366.0,1750131.0,32796.0,119597.0,1698053.0,Tourism and Hospitality,S,Compliant,TR-7A0B103D,GR0000000294,2024-06-18,On-time,Agent-prepared,1698053.0,1578456.0,119597.0,27995.91,2427.19,25568.72,Paid,GR0000000294,1018832.0,509416.0,169805.0,626693.0,241035.0,96414.0,244520.0,231394.0,13125.0,4,1698053.0,964142.0,0.9463193194830689,60.000011778195386,100,33.92023305073795,7.043184164451875,21.37906469225817,23.40853867571929,2.02947398346112,14.416157799550428,106128.3125,8.669802124667497,0.0,122621.65040118062,373.8920917221022,77.16886870433898
GR0000000294,2024,14,344003.0,71030.0,253226.0,1734694.0,1189026.0,25206.0,96236.0,1283373.0,Tourism and Hospitality,S,Compliant,TR-72E80385,GR0000000294,2025-09-23,Extended,Self-prepared,1283373.0,1187137.0,96236.0,22527.44,1886.54,20640.91,Paid,GR0000000294,770023.0,385012.0,128337.0,468249.0,180096.0,72038.0,184806.0,172892.0,11913.0,4,1283372.0,720383.0,0.9355323961343246,59.999984416053955,80,99.00807614200568,7.498677313610306,21.448221039943473,23.40853734569184,1.9603163057483677,19.731286227776337,91669.5,8.374409165000552,7.791973020143672e-05,80526.0707253003,319.47183498095814,72.02466257561707
GR0000000295,2022,1,29643.0,7561.0,18149.0,110468.0,75659.0,2875.0,10436.0,135843.0,Automotive,S,Compliant,TR-E59DB9BD,GR0000000295,2023-06-12,On-time,Agent-prepared,135843.0,125407.0,10436.0,3015.66,254.69,2760.97,Paid,GR0000000295,95091.0,27168.0,13585.0,69357.0,26675.0,10671.0,22822.0,25609.0,-2787.0,4,135844.0,106703.0,1.1221190079747612,70.00014722770237,100,0.0,7.682398062469174,26.456209275584513,28.896703717899573,2.4404944423150603,13.360276201202858,135843.0,8.445580735228774,0.0007361385118254127,8565.849883096971,297.9426046294599,64.79438653307696
GR0000000295,2023,1,9698.0,2369.0,18540.0,55678.0,31694.0,963.0,3332.0,61799.0,Automotive,S,Compliant,TR-8BA33E4F,GR0000000295,2024-06-10,On-time,Agent-prepared,61799.0,58467.0,3332.0,962.84,102.85,859.99,Paid,GR0000000295,43259.0,12359.0,6180.0,31820.0,12239.0,4895.0,10382.0,11749.0,-1367.0,4,61798.0,48954.0,1.131670198420343,70.00064727013819,100,100.0,5.391673004417547,25.810024009603843,28.896758703481396,3.0867346938775526,30.0004854447483,61799.0,10.681940924764238,0.0016181753454747039,2802.407659063626,291.00806428490404,65.64240049494742
GR0000000295,2024,1,13875.0,3263.0,18641.0,83897.0,54063.0,1396.0,4658.0,87190.0,Automotive,S,Compliant,TR-606E1C23,GR0000000295,2025-06-25,On-time,Agent-prepared,87190.0,82532.0,4658.0,1346.01,121.93,1224.07,Paid,GR0000000295,61034.0,17438.0,8719.0,45076.0,17338.0,6935.0,14647.0,16644.0,-1996.0,4,87191.0,69349.0,1.136341913019731,70.00034407220929,100,0.0,5.34235577474481,26.2788750536711,28.896736796908545,2.6178617432374445,21.379745383644913,87190.0,9.058625121655856,0.0011469073642911276,4009.4222305710605,287.2078961727121,66.42882882882884
GR0000000296,2022,7,236530.0,78811.0,186658.0,1097036.0,733313.0,23562.0,102374.0,1091789.0,Logistics and Transportation,M,Compliant,TR-25A9B95B,GR0000000296,2023-06-11,On-time,Agent-prepared,1091789.0,989415.0,102374.0,21073.19,2495.13,18578.06,Paid,GR0000000296,600484.0,327537.0,163768.0,452360.0,173985.0,69594.0,144117.0,167025.0,-22909.0,4,1091789.0,695939.0,1.1589541830595975,55.00000457963947,100,99.99967703839904,9.376720227076843,18.14724441752789,20.58451364604294,2.4372692285150492,17.096526893016875,155969.85714285713,11.840305146017286,0.0,48688.55012698536,206.64014144378814,56.71838667399485
GR0000000296,2023,6,301539.0,103480.0,123493.0,778630.0,437126.0,35941.0,139421.0,1140050.0,Logistics and Transportation,M,Compliant,TR-C42435AE,GR0000000296,2024-06-23,On-time,Self-prepared,1140050.0,1000629.0,139421.0,28699.13,3847.85,24851.29,Paid,GR0000000296,627027.0,342015.0,171008.0,481357.0,185138.0,74055.0,150487.0,177732.0,-27245.0,4,1140050.0,740550.0,1.1810455388173065,54.99995614227446,100,99.99883305856557,12.22937590456559,17.824639042898845,20.584510224428172,2.759871181529327,10.832244199815797,190008.33333333334,13.407549288079466,0.0,62070.32628563846,172.70061012670337,53.76352644268238
GR0000000296,2024,6,192714.0,46556.0,122962.0,895003.0,665377.0,13208.0,59763.0,886658.0,Logistics and Transportation,M,Compliant,TR-E9318376,GR0000000296,2025-06-17,On-time,Agent-prepared,886658.0,826895.0,59763.0,12301.92,1551.93,10749.99,Paid,GR0000000296,487662.0,265997.0,132999.0,356274.0,137029.0,54811.0,117038.0,131547.0,-14507.0,4,886658.0,548114.0,1.1239682838052598,55.00001127830573,100,100.0,6.7402538521053215,17.987701420611415,20.584508809798706,2.5968073891872905,13.868030289017863,147776.33333333334,12.615347848140779,0.0,39669.23030771548,300.34244630311537,68.9887605467169
GR0000000297,2022,29,2371010.0,863440.0,825770.0,6512422.0,2787747.0,331508.0,1194948.0,5547247.0,Technology and Innovation,S,Compliant,TR-544DBD97,GR0000000297,2023-06-12,On-time,Agent-prepared,5547247.0,4352299.0,1194948.0,313118.1,33810.17,279307.94,Paid,GR0000000297,2218899.0,1941537.0,1386811.0,2380297.0,915498.0,366200.0,532536.0,878878.0,-346344.0,4,5547247.0,3661995.0,1.6503635434975288,40.00000360539201,100,100.0,21.54127984566038,23.37406648657515,26.203491700057242,2.829425213482093,14.886122792080467,191284.37931034484,10.79789702351924,0.0,621287.4085575272,187.4124933810126,49.601730907925315
GR0000000297,2023,26,4947139.0,1947229.0,840696.0,11348506.0,5521389.0,643819.0,2591048.0,8442595.0,Technology and Innovation,S,Compliant,TR-47A465AB,GR0000000297,2024-06-18,On-time,Self-prepared,8442595.0,5851547.0,2591048.0,678945.06,82503.59,596441.47,Paid,GR0000000297,3377039.0,2954908.0,2110648.0,3645815.0,1402236.0,560894.0,810490.0,1346148.0,-535658.0,4,8442595.0,5608945.0,1.6609063652851979,40.00001184469941,100,99.99992119930896,30.69018471216492,23.019313806614157,26.20349217768255,3.1841783710683913,9.957791413658953,324715.1923076923,12.15173286627934,0.0,1296323.1808840826,201.3490097192041,47.62532445520532
GR0000000297,2024,23,2326451.0,1043499.0,787593.0,3653686.0,1849328.0,318330.0,1361829.0,4138869.0,Technology and Innovation,S,Compliant,TR-3632DEB4,GR0000000297,2025-06-25,On-time,Agent-prepared,4138869.0,2777040.0,1361829.0,356846.75,38906.41,317940.35,Paid,GR0000000297,1655548.0,1448603.0,1034717.0,1719168.0,661219.0,264488.0,397332.0,634771.0,-237439.0,4,4138868.0,2644875.0,1.5975833811522857,40.00001932895662,100,99.9998899164576,32.90340911973778,23.34656920949693,26.203491774664805,2.8569225651678742,19.029184059703265,179950.8260869565,10.902834339951255,2.4161195777416822e-05,609611.3964266072,191.5029674949289,41.463241650049795
GR0000000298,2022,1,117760.0,39622.0,30355.0,219450.0,129458.0,11892.0,51514.0,196955.0,Technology and Innovation,S,Compliant,TR-729714A0,GR0000000298,2023-06-19,On-time,Agent-prepared,196955.0,145441.0,51514.0,12181.25,1286.14,10895.11,Paid,GR0000000298,78782.0,68934.0,49239.0,80788.0,31072.0,12429.0,18908.0,29829.0,-10922.0,4,196955.0,124289.0,1.5775862068965518,40.0,100,0.0,26.155213119748165,21.14980393679388,23.6464844508289,2.4966805140350203,15.412149983498768,196955.0,10.558358132375577,0.0,27846.100089296113,234.15825840309546,56.25509510869565
GR0000000298,2023,1,90745.0,28521.0,26885.0,172977.0,81969.0,8309.0,36830.0,165469.0,Technology and Innovation,S,Compliant,TR-C085DB79,GR0000000298,2024-06-17,On-time,Agent-prepared,165469.0,128639.0,36830.0,8709.0,918.18,7790.82,Paid,GR0000000298,66188.0,57914.0,41367.0,70215.0,27005.0,10803.0,15886.0,25926.0,-10041.0,4,165469.0,108023.0,1.6320030215283898,40.00024173712296,100,100.0,22.257945597060477,21.153461851751292,23.646483844691826,2.493021992940534,16.247756377327473,165469.0,10.54288666896314,0.0,21458.0017648656,258.2501115039788,59.41374180395614
GR0000000298,2024,1,138284.0,53447.0,29913.0,317052.0,146375.0,19884.0,73331.0,284706.0,Technology and Innovation,S,Compliant,TR-D8FEA218,GR0000000298,2025-06-16,On-time,Agent-prepared,284706.0,211375.0,73331.0,17340.2,2009.05,15331.15,Paid,GR0000000298,113883.0,99647.0,71176.0,119523.0,45971.0,18388.0,27331.0,44131.0,-16799.0,4,284706.0,183882.0,1.6146866195894771,40.00021074371457,100,99.99902159981477,25.75674555506382,20.906778852054384,23.64647966071648,2.7397008086620964,10.506627889823186,284706.0,11.586083205499358,0.0,32699.297934025177,164.45030141835232,46.97072690983772
GR0000000299,2022,1,89012.0,33959.0,34924.0,576031.0,440577.0,6944.0,40902.0,184776.0,Financial Services,S,Non-Compliant,TR-E827AE11,GR0000000299,2023-06-29,On-time,Self-prepared,141727.2,140309.93,1417.27,353.08,27.82,325.26,Unpaid,GR0000000299,88705.0,42187.0,8740.0,47693.0,16785.0,6283.0,21289.0,20532.0,757.0,4,139632.0,70761.0,0.9644417304711354,63.527701386501654,40,0.0,0.9999985888382751,0.7952178377585448,24.912684245062692,24.117466407304146,18.900723037623933,184776.0,7.879234167893961,1.5005156411137976,22175.2785002152,319.34444844779955,54.0488922841864
GR0000000299,2023,1,144896.0,53839.0,39925.0,1200907.0,1033663.0,11347.0,65187.0,306948.0,Financial Services,S,Non-Compliant,TR-DBB5B8D3,GR0000000299,2024-06-27,On-time,Self-prepared,250580.75,248074.94,2505.81,624.26,51.21,573.05,Unpaid,GR0000000299,142965.0,68773.0,14422.0,84641.0,29950.0,10930.0,34312.0,36344.0,-2033.0,4,226160.0,125521.0,1.0592212636978318,63.214096215068984,40,0.0,1.0000009976823838,0.8790863208922023,24.91250334223265,24.033417021340448,13.007089148650586,306948.0,8.20331272226316,10.797996993279103,36097.220842761424,318.1212729599138,55.0111804328622
GR0000000299,2024,1,114731.0,44875.0,37871.0,1772112.0,1129402.0,7244.0,52119.0,216282.0,Financial Services,S,Non-Compliant,TR-79051E20,GR0000000299,2025-06-26,On-time,Self-prepared,190402.87,188498.84,1904.03,474.34,39.33,435.01,Unpaid,GR0000000299,101511.0,49007.0,10080.0,57501.0,19177.0,7179.0,24362.0,23459.0,903.0,4,160598.0,83857.0,0.9629340776619325,63.20813459694392,40,66.4023393532842,1.0000006827628176,0.8346476333007157,24.912422598383426,24.07777496508271,17.510010079433332,216282.0,8.29152085002319,18.55868068095492,28582.271571351288,394.56476492754405,54.57287045349557
GR0000000300,2022,236,38851313.0,9085961.0,10727178.0,75482095.0,41432516.0,2633076.0,11719037.0,95980792.0,Healthcare,L,Compliant,TR-7551E4D6,GR0000000300,2023-06-16,On-time,Agent-prepared,95980792.0,84261755.0,11719037.0,2809868.56,559833.81,2250034.75,Paid,GR0000000300,81583674.0,9598079.0,4799039.0,31077442.0,11952862.0,4781145.0,19580081.0,11474749.0,8105333.0,4,95980792.0,47811449.0,0.5860419576405226,85.0000008335001,100,78.27180256345797,12.20977318045052,19.19982631678695,23.97695783365135,4.777131516864401,11.176379957356469,406698.27118644066,19.92384334162592,0.0,9315362.935829906,353.7825317548717,69.83618803307883
GR0000000300,2023,250,33901274.0,8228410.0,10858726.0,50883681.0,23530936.0,2202684.0,10431094.0,83854558.0,Healthcare,L,Compliant,TR-BDE98BC6,GR0000000300,2024-06-15,On-time,Self-prepared,83854558.0,73423464.0,10431094.0,2501059.01,514813.53,1986245.48,Paid,GR0000000300,71276374.0,8385456.0,4192728.0,27729726.0,10665279.0,4266112.0,17106330.0,10238668.0,6867662.0,4,83854558.0,42661117.0,0.5985309531617828,84.99999964223768,100,99.99999457866483,12.43950746243275,19.041583557774477,23.976957833952987,4.935374276178511,12.949476163239689,335418.232,20.583821810745683,0.0,8128494.172152867,369.0267951350655,69.23096754416957
GR0000000300,2024,250,35965955.0,9374505.0,10477697.0,62852216.0,32789655.0,2438414.0,11812919.0,70004698.0,Healthcare,L,Compliant,TR-A4540745,GR0000000300,2025-06-16,On-time,Agent-prepared,70004698.0,58191779.0,11812919.0,2832378.61,519486.05,2312892.56,Paid,GR0000000300,59503994.0,7000470.0,3500234.0,22840745.0,8784902.0,3513961.0,14280958.0,8433507.0,5847453.0,4,70004698.0,35139608.0,0.5905421050884682,85.0000009999329,100,100.0,16.87446605369257,19.579348338882202,23.976957854362666,4.397609515480465,14.967134062916749,280018.792,18.34098196356595,0.0,8623541.872269042,353.65372214353437,67.15527503718447
GR0000000301,2022,78,9363457.0,2417161.0,1721946.0,31086901.0,15028248.0,630163.0,3047324.0,20769774.0,Tourism and Hospitality,L,Somewhat Compliant,TR-B584221A,GR0000000301,2023-06-20,On-time,Agent-prepared,18701508.45,18140463.2,561045.25,123358.99,25946.87,97412.12,Unpaid,GR0000000301,11116090.0,5921298.0,2027616.0,5718670.0,2081832.0,821621.0,2667862.0,2165106.0,502755.0,4,19065004.0,8622123.0,0.8115509722766769,58.30625579727128,80,74.40494241004072,2.9999999812849323,3.196644662661404,21.98735128761896,18.790706624957558,8.290634264966004,266279.1538461539,21.033627139781217,1.906611454159679,2058776.183255148,326.7053418330095,67.45513969893811
GR0000000301,2023,78,11756161.0,3203562.0,1706863.0,26352917.0,17095149.0,798834.0,4002395.0,21966407.0,Tourism and Hospitality,L,Somewhat Compliant,TR-C1DED99C,GR0000000301,2024-09-23,Extended,Agent-prepared,21446525.61,20399227.67,1047297.95,230273.08,46504.86,183768.22,Paid,GR0000000301,11850793.0,6142889.0,2158924.0,6350892.0,2374578.0,922585.0,2844189.0,2450458.0,393731.0,4,20152606.0,9648055.0,0.8615665133364907,58.805263200203484,80,85.51994234728144,4.883298903723921,4.591456365501156,21.987351354979737,17.39589498947858,7.7703331273066185,281620.60256410256,20.195526111866833,6.420606893222636,2584868.424927099,323.5801712154339,65.95491504412027
GR0000000301,2024,79,9973641.0,2260523.0,1939319.0,25258904.0,13479662.0,580994.0,2841517.0,25863994.0,Tourism and Hospitality,L,Somewhat Compliant,TR-ED3A702F,GR0000000301,2025-06-27,On-time,Agent-prepared,24106478.9,23383284.54,723194.37,159011.28,32871.26,126140.03,Paid,GR0000000301,13712983.0,7454243.0,2528819.0,7109009.0,2722910.0,1072331.0,3291116.0,2735511.0,555605.0,4,23696045.0,10904250.0,0.8311803655659661,57.87034503015166,100,57.24222147978109,3.0000000124447874,4.43917914269033,21.987350371657346,17.548171228967014,7.498142011632078,327392.32911392406,20.67228186578965,1.7320776526209336,2192939.3914812696,377.44613394996674,71.50973250390706
GR0000000302,2022,7,699755.0,235593.0,222464.0,1173032.0,532870.0,79119.0,314712.0,1090896.0,Technology and Innovation,M,Compliant,TR-7C5DD122,GR0000000302,2023-06-17,On-time,Agent-prepared,1090896.0,776184.0,314712.0,87243.3,15878.87,71364.43,Paid,GR0000000302,436358.0,381814.0,272724.0,413615.0,159082.0,63633.0,104727.0,152720.0,-47993.0,4,1090896.0,636330.0,1.4582676864609891,39.99996333289333,100,99.99939745893019,28.848946187354247,22.676107043900455,27.72163120567376,5.045524161773304,20.392778046669893,155842.2857142857,18.20067558196446,0.0,193983.5004432624,245.17941384909113,55.02540174775458
GR0000000302,2023,6,675969.0,215421.0,202157.0,1029966.0,547881.0,70047.0,285467.0,1245507.0,Technology and Innovation,M,Compliant,TR-332170FD,GR0000000302,2024-06-20,On-time,Agent-prepared,1245507.0,960040.0,285467.0,79136.11,15750.0,63386.11,Paid,GR0000000302,498203.0,435928.0,311377.0,494694.0,190267.0,76106.0,119569.0,182656.0,-63087.0,4,1245508.0,761067.0,1.5276200352934288,39.99998394229503,100,99.99982646040276,22.91974272324443,22.204356370438617,27.721631572125677,5.51727520168706,16.230900348211613,207584.5,19.90241875674708,8.028852483965565e-05,187389.63572178222,267.5198591257045,57.769217227417236
GR0000000302,2024,5,776693.0,310299.0,208209.0,1106569.0,387516.0,92782.0,403081.0,1235407.0,Technology and Innovation,M,Compliant,TR-1FA0B64F,GR0000000302,2025-06-17,On-time,Agent-prepared,1235407.0,832326.0,403081.0,111740.63,21946.89,89793.74,Paid,GR0000000302,494163.0,432392.0,308852.0,487409.0,187464.0,74985.0,118599.0,179967.0,-61368.0,4,1235407.0,749858.0,1.5174411251359623,40.000016188996824,100,100.0,32.627385145138405,22.27684758150347,27.721631632351812,5.444784050848341,16.853474199191034,247081.4,19.640922017353937,0.0,215311.97237426226,232.06222367944457,48.10291839890407
GR0000000303,2022,10,930506.0,301141.0,256881.0,2676604.0,1339907.0,115305.0,416446.0,1896986.0,Technology and Innovation,S,Compliant,TR-5379261E,GR0000000303,2023-06-10,On-time,Agent-prepared,1896986.0,1480540.0,416446.0,92672.81,11767.47,80905.34,Partial,GR0000000303,758794.0,663945.0,474247.0,811017.0,311929.0,124772.0,182110.0,299453.0,-117342.0,4,1896986.0,1247718.0,1.644352314535171,39.999978913919236,100,97.30878085426747,21.953034972319248,19.427570441305715,22.253259726351075,2.8256892850453603,13.541533780428534,189698.6,12.69786682846889,0.0,207067.91694928033,179.58277346973708,55.245210670323466
GR0000000303,2023,9,700666.0,254384.0,274516.0,1973326.0,1085464.0,78474.0,332858.0,1668150.0,Technology and Innovation,S,Compliant,TR-9BA45DC4,GR0000000303,2024-06-15,On-time,Agent-prepared,1668150.0,1335292.0,332858.0,74071.76,9266.15,64805.61,Paid,GR0000000303,667260.0,583853.0,417038.0,729436.0,280552.0,112220.0,160142.0,269330.0,-109188.0,4,1668151.0,1122208.0,1.6818198848521937,39.99997602135538,100,100.0,19.953721188142552,19.46944643061005,22.25326115040047,2.7838147197904206,16.456313880646224,185350.0,12.50969330281878,5.9946611552508244e-05,155921.03477206494,198.69133059620376,52.494055655619086
GR0000000303,2024,10,1078071.0,411363.0,252313.0,3292845.0,1756775.0,123119.0,534483.0,2584120.0,Technology and Innovation,S,Compliant,TR-4F5589DC,GR0000000303,2025-06-16,On-time,Agent-prepared,2584120.0,2049637.0,534483.0,118939.89,14894.3,104045.59,Paid,GR0000000303,1033648.0,904443.0,646030.0,1116236.0,429321.0,171730.0,248075.0,412148.0,-164073.0,4,2584121.0,1717287.0,1.661384661896604,39.99998452084868,100,100.0,20.683366097549648,19.466585466703336,22.25325969207627,2.786674225372934,9.76398154884448,258412.0,12.522543950561918,3.869787831289884e-05,239905.93929496355,194.8569589543154,50.42228202038641
GR0000000304,2022,115,1960043.0,478823.0,1757019.0,6701185.0,3052503.0,142174.0,620997.0,7986451.0,Agriculture and Food Production,M,Compliant,TR-0C67F43E,GR0000000304,2023-06-13,On-time,Agent-prepared,7986451.0,7365454.0,620997.0,130850.42,17974.12,112876.3,Paid,GR0000000304,5191193.0,1996612.0,798646.0,3696198.0,1421615.0,568646.0,1245886.0,1364749.0,-118863.0,4,7986451.0,5686459.0,1.0954043949446417,64.99999812181908,100,99.9997342223301,7.775631503905803,18.176625651975776,21.071022887389148,2.894397235413372,21.99999724533463,69447.4,13.736386937084344,0.0,413001.1091326689,290.4898990903181,68.31717467422908
GR0000000304,2023,135,4176666.0,682062.0,2842217.0,12431113.0,6685927.0,242278.0,924339.0,16480151.0,Agriculture and Food Production,M,Compliant,TR-408B0BD3,GR0000000304,2024-06-15,On-time,Self-prepared,16480151.0,15555812.0,924339.0,194767.69,28994.8,165772.88,Paid,GR0000000304,10712098.0,4120037.0,1648015.0,7682755.0,2954905.0,1181963.0,2570903.0,2836710.0,-265805.0,4,16480150.0,11819623.0,1.1033905207625492,65.00000303395296,100,100.0,5.608801764012964,17.93420812061376,21.071023726143764,3.1368156055300034,17.246304357284107,122075.19259259259,14.886863421751318,6.067905933271334e-06,880066.2838217798,363.2464705098192,77.86897491922984
GR0000000304,2024,143,4442493.0,1340273.0,3406284.0,13611448.0,6251842.0,335210.0,1675483.0,17563160.0,Agriculture and Food Production,M,Compliant,TR-B32C2A03,GR0000000304,2025-06-17,On-time,Self-prepared,17563160.0,15887677.0,1675483.0,353041.42,55987.65,297053.77,Paid,GR0000000304,11416053.0,4390790.0,1756316.0,8029279.0,3088185.0,1235273.0,2739853.0,2964656.0,-224804.0,4,17563159.0,12352737.0,1.0820492924255425,64.99999800719222,100,100.0,9.539758221185709,17.729441002982423,21.071023698837887,3.3415826958554646,19.394482541866044,122819.3006993007,15.85866326959596,5.693736526701798e-06,936078.7528492142,279.2514402461783,62.28507281834772
GR0000000305,2022,15,588828.0,221398.0,447455.0,6828182.0,3909400.0,63083.0,284481.0,3104350.0,Energy,S,Compliant,TR-BD79F011,GR0000000305,2023-07-24,Extended,Agent-prepared,3104350.0,2819869.0,284481.0,66741.31,7103.02,59638.3,Paid,GR0000000305,2483479.0,465652.0,155217.0,1466720.0,564123.0,225649.0,596035.0,541558.0,54477.0,4,3104348.0,2256492.0,0.9086010049745401,80.00001932773002,80,85.6624834706652,9.163947364182517,20.963895655597387,23.460726726916736,2.496831071319349,14.413806432908661,206956.66666666666,10.642613997237993,6.442576669929423e-05,138143.3279715693,218.9866175856717,51.68691026921274
GR0000000305,2023,15,701482.0,227981.0,464747.0,9921388.0,6826104.0,72950.0,300931.0,4443250.0,Energy,S,Compliant,TR-E940BF15,GR0000000305,2024-06-21,On-time,Self-prepared,4443250.0,4142319.0,300931.0,70600.6,6943.26,63657.34,Partial,GR0000000305,3554600.0,666487.0,222162.0,2111420.0,812085.0,324834.0,853104.0,779601.0,73503.0,4,4443249.0,3248339.0,0.913840516513813,80.00001800484286,100,95.43429244926048,6.772767681314354,21.153467073847494,23.46072687758988,2.3072598037423866,10.459618522477916,296216.6666666667,9.834562312501593,2.2506053576343277e-05,164572.77611545505,225.59667733441407,57.10068112938037
GR0000000305,2024,13,313039.0,128171.0,433746.0,3191630.0,1834598.0,45420.0,173591.0,1849477.0,Energy,S,Compliant,TR-241213A8,GR0000000305,2025-06-14,On-time,Self-prepared,1849477.0,1675886.0,173591.0,40725.71,4401.11,36324.6,Paid,GR0000000305,1479582.0,277421.0,92474.0,920493.0,354035.0,141614.0,355100.0,339874.0,15226.0,4,1849477.0,1416142.0,0.9571219374823994,80.00002162773583,100,100.0,9.385950730936367,20.925393597594343,23.460726650575204,2.53533305298086,23.45235977522294,142267.46153846153,10.806711534310882,0.0,73441.22409969411,161.69358014023362,44.54652615169356
GR0000000306,2022,114,3249938.0,756468.0,2104913.0,4037682.0,2119168.0,252893.0,1009360.0,11693959.0,Consumer Goods and Retail,M,Compliant,TR-8C455A84,GR0000000306,2023-06-10,On-time,Agent-prepared,11693959.0,10684599.0,1009360.0,236581.07,27984.65,208596.42,Paid,GR0000000306,9355167.0,1754093.0,584698.0,5767454.0,2218252.0,887300.0,2245239.0,2129521.0,115718.0,4,11693958.0,8873006.0,0.9484607206627,80.00000513085476,100,35.68080629902302,8.631465186426599,20.666206308948247,23.438720575414123,2.772514266465876,18.000003249541066,102578.58771929824,11.828778185845554,8.551424590663714e-06,761743.8866942023,301.21193022116165,68.94217674306402
GR0000000306,2023,126,4064364.0,956966.0,2534187.0,6518120.0,3736869.0,350786.0,1307752.0,14248932.0,Consumer Goods and Retail,M,Compliant,TR-FA77377F,GR0000000306,2024-06-14,On-time,Agent-prepared,14248932.0,12941180.0,1307752.0,306520.33,36252.14,270268.19,Paid,GR0000000306,11399145.0,2137340.0,712446.0,7016981.0,2698838.0,1079535.0,2735795.0,2590884.0,144910.0,4,14248931.0,10795354.0,0.9470314844496756,80.00000140361406,100,99.9999542365171,9.177894876612507,20.666624099982258,23.438720032544396,2.772095932562138,17.785101367597235,113086.76190476191,11.826993661399229,7.018070347086791e-06,952634.8990635227,271.5715276731462,67.8239449025727
GR0000000306,2024,140,3130228.0,855181.0,1925624.0,5674440.0,3404200.0,273251.0,1128432.0,10697909.0,Consumer Goods and Retail,M,Compliant,TR-6FF35A1F,GR0000000306,2025-06-25,On-time,Agent-prepared,10697909.0,9569477.0,1128432.0,264490.02,31498.77,232991.25,Paid,GR0000000306,8558327.0,1604685.0,534895.0,5095154.0,1959674.0,783871.0,2053998.0,1881288.0,172712.0,4,10697907.0,7838699.0,0.9159152053702098,80.000013086672,100,97.67755126437858,10.54815478426672,20.647345165681227,23.438720277340593,2.7913751116593666,18.00000355209602,76413.63571428572,11.909247086147143,1.869524570707881e-05,733685.384962993,268.5023604535731,63.950485395951986
GR0000000307,2022,118,42707889.0,19916148.0,8257612.0,231301134.0,193635399.0,5034637.0,24950785.0,70555984.0,Financial Services,L,Compliant,TR-34D0716E,GR0000000307,2023-06-15,On-time,Agent-prepared,70555984.0,45605199.0,24950785.0,6082332.9,683632.88,5398700.01,Paid,GR0000000307,49389189.0,17638996.0,3527799.0,15863494.0,6101344.0,2440538.0,11853406.0,5857291.0,5996115.0,4,70555984.0,24405376.0,0.4941441303875021,70.00000028346285,100,98.67894292388341,35.36310258248258,21.637395416617153,24.377320793714507,2.7399253770973537,11.703630977636143,597932.0677966102,11.239649181319884,0.0,10411039.105753511,206.78827700494617,41.57804193974561
GR0000000307,2023,128,39443382.0,19836962.0,6361183.0,173660816.0,148612873.0,7010007.0,26846969.0,63045509.0,Financial Services,L,Compliant,TR-E8A12279,GR0000000307,2024-06-24,On-time,Agent-prepared,63045509.0,36198540.0,26846969.0,6544571.75,781080.29,5763491.46,Paid,GR0000000307,44131856.0,15761378.0,3152276.0,14272820.0,5489547.0,2195819.0,10591645.0,5269963.0,5321681.0,4,63045510.0,21958186.0,0.4975585001196698,69.99999841384422,100,99.99999585031264,42.58347569213852,21.46794098060008,24.37732076943211,2.9093797888320303,10.0898273340929,492543.0390625,11.934780759336928,1.5861557733920506e-06,9615239.752452446,137.16448146845568,31.935428356523786
GR0000000307,2024,119,29917304.0,15920116.0,7323265.0,229256675.0,190602882.0,4392275.0,20312392.0,60619558.0,Financial Services,L,Compliant,TR-9BCA5E99,GR0000000307,2025-06-25,On-time,Agent-prepared,60619558.0,40307166.0,20312392.0,4951616.95,644561.7,4307055.25,Paid,GR0000000307,42433691.0,15154889.0,3030978.0,14136721.0,5437201.0,2174880.0,10184086.0,5219712.0,4964373.0,4,60619558.0,21748802.0,0.5125361274443283,70.00000065985304,100,99.99999730354382,33.50798433733219,21.20407704813889,24.377320750800795,3.1732437026619067,12.08069679425904,509408.0504201681,13.017196332200129,0.0,7293037.1560721565,166.04236201221818,32.10487148173512
GR0000000308,2022,57,2221935.0,361318.0,1578739.0,5133020.0,2435991.0,78705.0,440023.0,8604172.0,Agriculture and Food Production,L,Non-Compliant,TR-2DEFF6A0,GR0000000308,2023-06-28,On-time,Agent-prepared,6076760.18,6015992.58,60767.6,12076.84,3228.24,8848.6,Paid,GR0000000308,3757878.0,1964129.0,818374.0,3439750.0,1150068.0,445196.0,901892.0,1429480.0,-527589.0,4,6540381.0,5035014.0,1.584979132756472,57.45656101685819,20,100.0,0.9999999703789529,2.0109403372096457,19.87381433527077,17.862873998061122,18.34852906241298,150950.38596491228,26.730833562421957,7.0885904047485955,441583.2365503985,561.0612242556363,80.19640538539606
GR0000000308,2023,41,2056210.0,454588.0,1193274.0,4010274.0,1781711.0,76856.0,531444.0,7926828.0,Agriculture and Food Production,L,Non-Compliant,TR-5110F96A,GR0000000308,2024-06-30,On-time,Self-prepared,5594921.43,5538972.21,55949.21,11119.24,3088.34,8030.9,Unpaid,GR0000000308,3523292.0,1785273.0,743773.0,2937562.0,1073035.0,400573.0,845589.0,1273046.0,-427457.0,4,6052338.0,4411170.0,1.5055139080569875,58.21373492359482,80,0.0,0.9999999231445865,1.5111469882057187,19.87381055067623,18.36266356247051,15.05361287011652,193337.26829268291,27.774740000215843,7.557683824003226,408647.2799240597,531.7051107578584,74.15419631263343
GR0000000308,2024,26,1427427.0,294281.0,868991.0,2889587.0,979297.0,60047.0,354328.0,4344956.0,Agriculture and Food Production,L,Non-Compliant,TR-75425920,GR0000000308,2025-09-25,Extended,Agent-prepared,3499066.96,3464076.29,34990.67,6953.98,1960.6,4993.38,Partial,GR0000000308,1777423.0,985327.0,410548.0,1619542.0,571003.0,215062.0,426581.0,687935.0,-261353.0,4,3173298.0,2405607.0,1.6126714504396586,56.01185265298122,20,0.0,1.0000000114316188,1.4092535729606468,19.873812076190596,18.46455850322995,19.99999539696144,167113.6923076923,28.193926355842265,10.265942877095057,283684.15950480517,472.4368569700488,75.17715441840458
GR0000000309,2022,103,8808654.0,2550769.0,2253455.0,23676763.0,15411180.0,723693.0,3274462.0,19959587.0,Tourism and Hospitality,L,Compliant,TR-40F7E83D,GR0000000309,2023-06-18,On-time,Agent-prepared,19959587.0,16685125.0,3274462.0,610178.91,117247.09,492931.82,Paid,GR0000000309,11975752.0,5987876.0,1995958.0,5977553.0,2299060.0,919623.0,2874180.0,2207097.0,667083.0,4,19959586.0,9196236.0,0.7679049328852056,60.00000200404958,100,100.0,16.405459692126897,15.053826246876586,18.634478274599005,3.5806520277224188,11.290088316957661,193782.39805825244,19.215198702950907,5.010123960147439e-06,1641446.715914596,226.81533687828903,62.82676104657987
GR0000000309,2023,98,9231673.0,2471911.0,2296655.0,21372582.0,12550749.0,717556.0,3189466.0,20893508.0,Tourism and Hospitality,L,Compliant,TR-F63335B0,GR0000000309,2024-09-18,Extended,Agent-prepared,20893508.0,17704042.0,3189466.0,594340.35,106760.35,487580.0,Paid,GR0000000309,12536105.0,6268052.0,2089351.0,5930236.0,2280860.0,912344.0,3008665.0,2189626.0,819039.0,4,20893508.0,9123440.0,0.7277732815052523,60.00000095723513,80,100.0,15.265344622836913,15.287198546715972,18.63447831078933,3.347279764073358,10.992194321796035,213199.0612244898,17.96283055659943,0.0,1720274.1029079945,239.74074537847844,65.45083431789665
GR0000000309,2024,94,5550016.0,1377127.0,2669136.0,17976205.0,10329910.0,404483.0,1781610.0,14201791.0,Tourism and Hospitality,L,Compliant,TR-72CD3A3B,GR0000000309,2025-06-10,On-time,Agent-prepared,14201791.0,12420181.0,1781610.0,331993.73,55354.52,276639.21,Paid,GR0000000309,8521075.0,4260537.0,1420180.0,4074087.0,1566956.0,626782.0,2045058.0,1504278.0,540780.0,4,14201792.0,6267825.0,0.7355674020003344,59.999998591727014,100,99.99997430938772,12.544967039720554,15.527484129523298,18.634478365074287,3.1069942355509887,18.79436192238007,151082.8829787234,16.673363078272594,7.0413649244649434e-06,1034216.5307781613,255.68850378833255,67.8990114623093
GR0000000310,2022,3,86997.0,24724.0,42295.0,472757.0,331749.0,9428.0,34153.0,273317.0,Tourism and Hospitality,S,Compliant,TR-0DC860B8,GR0000000310,2023-08-26,Late,Self-prepared,273317.0,239164.0,34153.0,9019.28,776.87,8242.41,Paid,GR0000000310,163990.0,81994.0,27331.0,95679.0,36800.0,14720.0,39358.0,35327.0,4030.0,4,273315.0,147199.0,0.8975811779053814,60.00036587819915,80,99.99665917289269,12.495746697058726,24.133780341404854,26.40845606535297,2.274675723948114,15.474705195798286,91105.66666666667,8.613436992753302,0.0007317563982978115,22974.564523175122,243.68439248170475,60.74232444796947
GR0000000310,2023,3,134335.0,27793.0,53747.0,567954.0,349950.0,8121.0,35914.0,340514.0,Tourism and Hospitality,S,Compliant,TR-B70260D8,GR0000000310,2024-06-10,On-time,Self-prepared,340514.0,304600.0,35914.0,9484.33,868.2,8616.13,Paid,GR0000000310,204308.0,102154.0,34052.0,124092.0,47727.0,19092.0,49034.0,45819.0,3215.0,4,340514.0,190911.0,0.9344332503976832,59.99988253052738,100,98.79022544761152,10.546996599258767,23.991006292810603,26.4084479590132,2.4174416662025955,15.784079362375703,113504.66666666667,9.154046727602266,0.0,35475.78856574038,436.84014980594,73.26534410243049
GR0000000310,2024,3,59147.0,16485.0,49354.0,303492.0,194689.0,6303.0,22788.0,149802.0,Tourism and Hospitality,S,Compliant,TR-5DDB714C,GR0000000310,2025-06-19,On-time,Self-prepared,149802.0,127014.0,22788.0,6017.96,465.93,5552.02,Paid,GR0000000310,89882.0,44941.0,14981.0,52799.0,20308.0,8122.0,21572.0,19495.0,2076.0,4,149804.0,81229.0,0.9037177823104023,59.999732984432995,100,99.99973780876294,15.212079945528098,24.36378795857469,26.40846059329472,2.0446726347200297,32.94615559204817,49934.0,7.742324641572893,0.001335077835040721,15619.812187116027,247.81551938943403,61.472264020153176
GR0000000311,2022,5,101364.0,24573.0,107168.0,396565.0,273868.0,9536.0,34109.0,485500.0,Automotive,S,Compliant,TR-AF5DFBFA,GR0000000311,2023-06-17,On-time,Agent-prepared,485500.0,451391.0,34109.0,9742.74,1013.42,8729.32,Paid,GR0000000311,339849.0,97100.0,48549.0,254393.0,97843.0,39137.0,81564.0,93931.0,-12366.0,4,485498.0,391373.0,1.1516232651660046,70.00008238962879,100,99.9963341932705,7.0255406797116375,25.592424286845112,28.563546278108415,2.9711219912633027,22.07373841400618,97100.0,10.401796619842056,0.00041194814397460533,28953.153049341814,303.61947409125224,66.34998618839035
GR0000000311,2023,5,104466.0,27855.0,103208.0,367324.0,257028.0,9121.0,36976.0,442756.0,Automotive,S,Compliant,TR-F5FB7A5B,GR0000000311,2024-06-17,On-time,Agent-prepared,442756.0,405780.0,36976.0,10561.65,926.49,9635.17,Paid,GR0000000311,309929.0,88552.0,44276.0,229658.0,88329.0,35332.0,74384.0,84798.0,-10413.0,4,442757.0,353319.0,1.1400032265003226,69.9997967282279,100,99.99823563050782,8.351326690095673,26.057902423193426,28.563527693639116,2.505625270445691,23.31035604260586,88551.2,8.772208887815825,0.00022585752456061314,29839.17484043704,327.14806315576186,64.60475178526985
GR0000000311,2024,5,82009.0,14755.0,104104.0,300471.0,186309.0,5809.0,20563.0,437138.0,Automotive,S,Compliant,TR-F7573EFE,GR0000000311,2025-06-25,On-time,Agent-prepared,437138.0,415281.1,21856.9,6243.1,644.65,5598.45,Paid,GR0000000311,305996.0,87427.0,43714.0,222945.0,85748.0,34299.0,73439.0,82318.0,-8878.0,4,437137.0,342992.0,1.1209030624055338,70.0000228761235,100,99.99196206092759,5.0,27.22584253270437,28.563519986823383,1.3376774541190137,23.81490513293285,87427.6,10.325799682849865,0.00022876123504378398,23424.65710599399,403.24766923728674,74.92592276457461
GR0000000312,2022,11,1463456.0,560869.0,372694.0,16090652.0,12414207.0,235205.0,796074.0,3072346.0,Financial Services,S,Compliant,TR-FC82A4FC,GR0000000312,2023-06-16,On-time,Agent-prepared,3072346.0,2276272.0,796074.0,216556.79,14619.36,201937.42,Paid,GR0000000312,2150642.0,768086.0,153617.0,847703.0,326040.0,130416.0,516154.0,312998.0,203156.0,4,3072345.0,1304159.0,0.6064042901924619,70.00001627421399,100,99.99989632021176,25.910948831934945,25.36666440557034,27.203097953205358,1.8364335476350178,12.130599873842336,279304.1818181818,6.750820419900018,3.254842799726987e-05,398105.369182061,169.2588887064735,45.603147617694006
GR0000000312,2023,11,661290.0,281806.0,420841.0,10633297.0,8676850.0,80505.0,362311.0,1628192.0,Financial Services,S,Compliant,TR-A247ACF4,GR0000000312,2024-06-20,On-time,Self-prepared,1628192.0,1265881.0,362311.0,98559.82,5842.46,92717.36,Partial,GR0000000312,1139734.0,407048.0,81410.0,438199.0,168538.0,67415.0,273537.0,161797.0,111739.0,4,1628192.0,674152.0,0.5914995046373982,69.99997543287279,100,95.58225530377241,22.252351074074802,25.590545139396813,27.203098995062252,1.612553855665439,25.847135964308876,148017.45454545456,5.927831442873982,0.0,179891.37334444717,223.4536654176103,45.21148059096614
GR0000000312,2024,12,905649.0,333753.0,365581.0,8231257.0,6199813.0,135059.0,468812.0,2285728.0,Financial Services,S,Compliant,TR-C71ECBF3,GR0000000312,2025-06-18,On-time,Agent-prepared,2285728.0,1816916.0,468812.0,127531.39,7152.84,120378.55,Paid,GR0000000312,1600011.0,571432.0,114286.0,651607.0,250619.0,100248.0,384002.0,240593.0,143409.0,4,2285729.0,1002474.0,0.6265410075989187,70.00003062480286,100,100.0,20.510401937588373,25.67736107437523,27.20309847017568,1.5257373958004479,15.994072785563288,190477.33333333334,5.608689750813506,4.3749718359187284e-05,246364.58926416133,182.4125672958939,48.23469136497694
GR0000000313,2022,5,994209.0,413124.0,232202.0,9790790.0,8563189.0,151976.0,565100.0,2130267.0,Financial Services,M,Compliant,TR-82F8A7E5,GR0000000313,2023-06-18,On-time,Agent-prepared,2130267.0,1565167.0,565100.0,138544.58,14219.36,124325.22,Paid,GR0000000313,1491187.0,532568.0,106514.0,558829.0,214934.0,85974.0,357885.0,206337.0,151548.0,4,2130269.0,859737.0,0.5765455383712645,69.99993897484308,100,86.9743717784568,26.527191192465544,22.00056981065298,24.51682534064767,2.516255529994691,10.900135992342744,426053.4,10.263382371219432,9.388485679995284e-05,243748.4840509998,160.38616890232655,43.16084445021117
GR0000000313,2023,4,726747.0,321565.0,197700.0,5193118.0,4451444.0,114754.0,436319.0,1748842.0,Financial Services,M,Compliant,TR-5D4B4CC3,GR0000000313,2024-06-23,On-time,Agent-prepared,1748842.0,1312523.0,436319.0,106971.57,9958.14,97013.43,Paid,GR0000000313,1224190.0,437211.0,87442.0,451551.0,173673.0,69469.0,293806.0,166726.0,127080.0,4,1748843.0,694693.0,0.5674696908844612,69.99999428193384,100,99.66378755503898,24.949023410919914,22.234518780983635,24.5168259919921,2.2823072110084652,11.304623287867058,437210.5,9.309146346080551,5.7180661727773696e-05,178175.29739202283,155.26717795634386,39.96273806427821
GR0000000313,2024,3,642840.0,306590.0,120439.0,5086268.0,3814741.0,101127.0,407717.0,1181453.0,Financial Services,M,Compliant,TR-C35BD68B,GR0000000313,2025-06-20,On-time,Agent-prepared,1181453.0,773736.0,407717.0,99959.27,9130.37,90828.89,Paid,GR0000000313,827017.0,295363.0,59074.0,306284.0,117801.0,47120.0,198485.0,113089.0,85395.0,4,1181454.0,471205.0,0.5697609391137869,69.99993228682622,100,100.0,34.50979429566813,22.277435083648708,24.51682662238759,2.2393915387388823,10.194142297662285,393817.6666666667,9.134090314985293,8.464146721287591e-05,157603.9682593564,155.84756618841297,36.575664239935286
GR0000000314,2022,6,163614.0,39484.0,151916.0,591349.0,383949.0,11800.0,51284.0,562582.0,Logistics and Transportation,M,Compliant,TR-9F7EDB11,GR0000000314,2023-06-11,On-time,Agent-prepared,562582.0,511298.0,51284.0,11062.7,1273.14,9789.56,Paid,GR0000000314,309419.0,168775.0,84387.0,237025.0,91163.0,36465.0,74260.0,87517.0,-13257.0,4,562581.0,364653.0,1.1785214112577431,54.999902236300194,100,100.0,9.115826670600908,19.088916621168394,21.571445285079168,2.4825286639107738,27.003352400183438,93763.66666666667,11.50840210798449,0.00017775218146276472,35293.90448872943,299.10088549770705,68.65549402862837
GR0000000314,2023,5,162910.0,57384.0,111283.0,629798.0,384080.0,17004.0,74388.0,707553.0,Logistics and Transportation,M,Compliant,TR-E846C481,GR0000000314,2024-08-24,Extended,Self-prepared,707553.0,633165.0,74388.0,16046.57,1838.71,14207.86,Paid,GR0000000314,389154.0,212266.0,106133.0,304661.0,117177.0,46870.0,93397.0,112491.0,-19092.0,4,707553.0,468708.0,1.2044391147467264,54.99997880017469,80,100.0,10.513417369440877,19.099666612894552,21.571449696187557,2.471783083293005,15.72786773570319,141510.6,11.458585853550012,0.0,35142.048700059146,206.66930545788725,54.337978024676204
GR0000000314,2024,4,248693.0,83487.0,118035.0,762537.0,567233.0,31644.0,115131.0,852076.0,Logistics and Transportation,M,Compliant,TR-C896B2B6,GR0000000314,2025-06-21,On-time,Agent-prepared,852076.0,736945.0,115131.0,24835.43,2853.42,21982.01,Paid,GR0000000314,468641.0,255623.0,127812.0,371000.0,142693.0,57077.0,112474.0,136985.0,-24511.0,4,852076.0,570770.0,1.2179259206572186,54.9999061116614,100,99.9999545082547,13.511822889038067,19.093041839296106,21.571453387879895,2.4784115485837894,13.85263755815209,213019.0,11.489311841993475,0.0,53646.69457392015,169.53196363898414,53.70557273425468
GR0000000315,2022,107,10037960.0,2522921.0,3362675.0,23120128.0,12446785.0,783836.0,3306757.0,34024674.0,Manufacturing,L,Somewhat Compliant,TR-91E3E503,GR0000000315,2023-06-26,On-time,Self-prepared,30950991.04,30022461.31,928529.73,205201.76,47857.9,157343.85,Paid,GR0000000315,18522611.0,7848094.0,5006493.0,14347407.0,5328338.0,2082882.0,4445427.0,5474557.0,-1029131.0,4,31377198.0,21758627.0,1.2315030704586984,59.0320748207026,60,0.0,2.999999996122903,4.758252571930747,22.099643486913447,17.3413909149827,9.883048401874476,317987.6074766355,23.322363316961802,1.3583333986673995,2218353.373358977,283.01243797924275,67.05747980665394
GR0000000315,2023,92,7937120.0,1918279.0,2799805.0,20013084.0,9760304.0,532682.0,2450961.0,25099807.0,Manufacturing,L,Somewhat Compliant,TR-489E2100,GR0000000315,2024-06-23,On-time,Agent-prepared,24149079.48,23424607.09,724472.38,160105.81,35644.49,124461.32,Paid,GR0000000315,13587917.0,5919178.0,3670618.0,11802019.0,4344438.0,1702791.0,3261099.0,4546445.0,-1285345.0,4,23177713.0,17849248.0,1.3941450412882284,58.62492559123499,80,99.99974289200854,2.9999999817798435,5.07806203362681,22.099643053334898,17.021581019708087,11.154687364727547,272823.98913043475,22.263083394662566,4.190950504909607,1754075.188714855,329.29124481676774,69.12027284455823
GR0000000315,2024,92,8098746.0,1987245.0,3336301.0,16913230.0,9549497.0,501447.0,2488692.0,21698507.0,Manufacturing,L,Somewhat Compliant,TR-D00A0F4A,GR0000000315,2025-06-25,On-time,Agent-prepared,20354945.7,19744297.33,610648.37,134951.11,33105.78,101845.33,Partial,GR0000000315,12100718.0,5086154.0,3167148.0,9784961.0,3640773.0,1418545.0,2904172.0,3773932.0,-869761.0,4,20354020.0,14844279.0,1.2994863940565504,59.451243538131536,60,89.73803708034526,2.999999995087189,4.092323598098921,22.09964304006903,18.007319441970107,15.375716863837683,235853.33695652173,24.53168410396921,0.004547995924153447,1789793.9567218688,356.92584794043415,69.27065004878533
GR0000000316,2022,12,322818.0,76635.0,308218.0,958251.0,573044.0,25615.0,102250.0,895038.0,Healthcare,S,Compliant,TR-8BDAD6A9,GR0000000316,2023-06-25,On-time,Self-prepared,895038.0,792788.0,102250.0,22710.8,2090.6,20620.2,Paid,GR0000000316,760782.0,89503.0,44752.0,362693.0,139497.0,55799.0,182588.0,133917.0,48670.0,4,895037.0,557989.0,0.7334381229872718,85.00006144997357,100,99.99971135889348,11.424095960171524,20.16645476772616,22.211051344743275,2.0445965770171135,34.43630326310168,74586.5,9.205312010144953,0.00011172722469421359,71701.27173007333,279.91907761106125,68.32580587203935
GR0000000316,2023,11,629262.0,195841.0,320416.0,1786247.0,1089487.0,62316.0,258157.0,1593056.0,Healthcare,S,Compliant,TR-331AF924,GR0000000316,2024-06-10,On-time,Agent-prepared,1593056.0,1334899.0,258157.0,57339.39,5675.97,51663.41,Paid,GR0000000316,1354097.0,159306.0,79653.0,638658.0,245638.0,98254.0,324984.0,235812.0,89172.0,4,1593056.0,982550.0,0.7256111070083451,84.99996233654059,100,99.99970888003237,16.2051428198381,20.01239943135379,22.211053738616425,2.198654307262636,20.113291685916877,144823.27272727274,9.898901959019794,0.0,139765.72097669248,224.28544992729394,58.974640133998236
GR0000000316,2024,11,303867.0,96106.0,223155.0,1293118.0,767393.0,37990.0,134097.0,990750.0,Healthcare,S,Compliant,TR-1036B8AE,GR0000000316,2025-08-28,Extended,Agent-prepared,990750.0,856653.0,134097.0,29784.35,3017.37,26766.98,Paid,GR0000000316,842138.0,99075.0,49537.0,374606.0,144079.0,57632.0,202113.0,138315.0,63797.0,4,990750.0,576317.0,0.6843448961719434,85.00005046681807,80,100.0,13.534897804693413,19.960908894307853,22.21104871846499,2.250139824157138,22.523845571536715,90068.18181818182,10.130723013931814,0.0,67492.04740933802,177.6574030253699,55.86983779087561
GR0000000317,2022,1,11829.0,2141.0,13333.0,47520.0,27001.0,708.0,2849.0,53331.0,Agriculture and Food Production,S,Compliant,TR-20FB0433,GR0000000317,2023-06-16,On-time,Self-prepared,53331.0,50482.0,2849.0,732.12,80.26,651.87,Paid,GR0000000317,34665.0,13332.0,5333.0,25255.0,9714.0,3886.0,8320.0,9324.0,-1005.0,4,53330.0,38855.0,1.1206730769230768,65.00093755859741,100,100.0,5.34210871725638,22.88065988065988,25.697437697437696,2.8167778167778152,25.00046877050871,53331.0,10.962683713052506,0.0018751171948272471,3039.7499052299054,429.34320695337647,75.91512384816976
GR0000000317,2023,1,13017.0,2123.0,13969.0,52650.0,32783.0,710.0,2833.0,55878.0,Agriculture and Food Production,S,Compliant,TR-2737A4AD,GR0000000317,2024-06-14,On-time,Agent-prepared,55878.0,53045.0,2833.0,728.01,75.31,652.7,Paid,GR0000000317,36321.0,13969.0,5588.0,26348.0,10134.0,4054.0,8717.0,9728.0,-1011.0,4,55878.0,40536.0,1.1159802684409774,65.00053688392569,100,100.0,5.0699738716489495,23.039181080127076,25.69749382280268,2.658312742675605,24.999105193457176,55878.0,10.344638123102705,0.0,3345.042770914225,471.13278463580633,78.23615272336177
GR0000000317,2024,1,14617.0,3484.0,16170.0,64407.0,36445.0,1105.0,4588.0,64680.0,Agriculture and Food Production,S,Compliant,TR-9BB843C1,GR0000000317,2025-06-24,On-time,Agent-prepared,64680.0,60092.0,4588.0,1179.0,135.81,1043.19,Paid,GR0000000317,42042.0,16170.0,6468.0,31925.0,12279.0,4911.0,10090.0,11788.0,-1698.0,4,64680.0,49115.0,1.1682854311199207,65.0,100,99.98178663522465,7.0933828076685215,22.737358326068005,25.6974716652136,2.9601133391455967,25.0,64680.0,11.51908396946565,0.0,3756.199433304272,339.9275505252735,68.6118902647602
GR0000000318,2022,19,879686.0,170897.0,500595.0,1225560.0,626579.0,50054.0,220950.0,2870663.0,Consumer Goods and Retail,M,Compliant,TR-2B3D1248,GR0000000318,2023-06-17,On-time,Agent-prepared,2870663.0,2649713.0,220950.0,56539.11,6252.0,50287.11,Paid,GR0000000318,2296530.0,430600.0,143534.0,1401645.0,539095.0,215638.0,551167.0,517530.0,33637.0,4,2870664.0,2156378.0,0.938971309965945,79.99995819782461,100,97.4046671451148,7.6968282240026085,22.75949762389681,25.58909708078751,2.8295994568907012,17.43830606379084,151087.52631578947,11.057832357106435,3.483514615654215e-05,225103.70454609641,449.7217096457754,74.88308328198926
GR0000000318,2023,21,985497.0,206012.0,466705.0,1599422.0,1029037.0,77178.0,283190.0,2897607.0,Consumer Goods and Retail,M,Compliant,TR-349C5D48,GR0000000318,2024-06-16,On-time,Agent-prepared,2897607.0,2614417.0,283190.0,72465.77,8772.11,63693.66,Paid,GR0000000318,2318085.0,434642.0,144880.0,1456074.0,560029.0,224012.0,556341.0,537628.0,18714.0,4,2897607.0,2240115.0,0.9663641543585678,79.99997929325819,100,100.0,9.773237019374953,22.491493343691516,25.58909919135563,3.097605847664113,16.10656655647229,137981.2857142857,12.105177382369634,0.0,252179.80485783398,326.75089385295547,71.26424535031562
GR0000000318,2024,22,742350.0,151124.0,471380.0,1214651.0,746972.0,48510.0,199635.0,2618776.0,Consumer Goods and Retail,M,Compliant,TR-BAB247CB,GR0000000318,2025-06-18,On-time,Agent-prepared,2618776.0,2419141.0,199635.0,51084.79,5647.79,45437.0,Paid,GR0000000318,2095020.0,392817.0,130939.0,1270226.0,488547.0,195419.0,502806.0,469007.0,33799.0,4,2618776.0,1954192.0,0.9327792428889075,79.99996945137728,100,100.0,7.6232178697223425,22.760037067648458,25.589095098554864,2.829058030906406,18.000012219449086,119035.27272727272,11.055717367145876,0.0,189960.64746412204,391.59069772030927,73.10769852495453
GR0000000319,2022,79,4761936.0,1726763.0,2143318.0,10771556.0,5803203.0,500900.0,2227663.0,17249562.0,Manufacturing,M,Compliant,TR-41C63FE4,GR0000000319,2023-06-19,On-time,Agent-prepared,17249562.0,15021899.0,2227663.0,477243.33,76301.5,400941.84,Paid,GR0000000319,10349737.0,4312391.0,2587434.0,8533270.0,3282028.0,1312811.0,2483937.0,3150746.0,-666809.0,4,17249562.0,13128109.0,1.2684484348838154,59.999998840550276,100,100.0,12.914316317133153,17.99831662149975,21.423497629578623,3.425181008078873,12.42534737983492,218348.88607594935,15.987965719709482,0.0,1020173.2460820511,203.66804673229208,53.21938388084174
GR0000000319,2023,73,2657260.0,630406.0,2049446.0,12238566.0,7510016.0,225369.0,855774.0,12892901.0,Manufacturing,M,Compliant,TR-87258A7B,GR0000000319,2024-06-20,On-time,Agent-prepared,12892901.0,12037127.0,855774.0,183336.72,26598.69,156738.04,Paid,GR0000000319,7735740.0,3223226.0,1933936.0,6298118.0,2422354.0,968941.0,1856578.0,2325460.0,-468881.0,4,12892902.0,9689413.0,1.252551737659285,59.99999069255316,100,99.9999744797115,6.637559692733233,18.315354287463748,21.42349732522839,3.1081430377646413,15.895925982833498,176615.08219178082,14.508108359307398,7.756205699926966e-06,569278.0250243639,252.59819452735908,67.79487140889488
GR0000000319,2024,70,3980385.0,1378831.0,1749848.0,12105757.0,7759591.0,511251.0,1890082.0,14193032.0,Manufacturing,M,Compliant,TR-F67DB9E8,GR0000000319,2025-06-14,On-time,Self-prepared,14193032.0,12302950.0,1890082.0,404921.68,62209.33,342712.35,Partial,GR0000000319,8515819.0,3548258.0,2128955.0,6770002.0,2603846.0,1041539.0,2043797.0,2499693.0,-455896.0,4,14193032.0,10415387.0,1.2230632494323066,59.99999859085783,100,91.15983126957637,13.31697131381089,18.132141885907593,21.42349802812788,3.2913561422202875,12.328923094092932,202757.6,15.363299391625562,0.0,852737.7019868979,166.79433428724792,52.51509590152711
GR0000000320,2022,2,74749.0,17202.0,46217.0,279823.0,186747.0,4469.0,21671.0,307169.0,Logistics and Transportation,S,Somewhat Compliant,TR-38318D61,GR0000000320,2023-06-29,On-time,Agent-prepared,284431.3,275898.36,8532.94,2181.38,192.78,1988.6,Paid,GR0000000320,152510.0,85629.0,44410.0,134220.0,49931.0,19634.0,36603.0,51889.0,-15286.0,4,282549.0,203785.0,1.4176160424008961,53.97647841613313,80,100.0,3.0000003515787474,9.176318582437357,25.56422522600651,16.387906643569153,15.046114679541231,153584.5,8.837524869577972,0.6661853342252,19109.002714187605,427.5901256251422,71.00830780344887
GR0000000320,2023,2,54285.0,16499.0,42542.0,314983.0,218131.0,5048.0,21547.0,337209.0,Logistics and Transportation,S,Somewhat Compliant,TR-DDB52C1D,GR0000000320,2024-06-29,On-time,Self-prepared,307252.43,298034.86,9217.57,2356.4,219.76,2136.64,Paid,GR0000000320,168367.0,95905.0,49279.0,146618.0,54515.0,21625.0,40409.0,56322.0,-15914.0,4,313551.0,222758.0,1.3937984112450197,53.696846764960085,60,100.0,2.9999990561506706,9.916183227363437,25.564221372878105,15.648038145514668,12.615914759095991,168604.5,9.326090646749277,2.0087864494133356,13877.53757226688,274.9116000845261,60.30763562678456
GR0000000320,2024,2,51058.0,15998.0,48839.0,290854.0,170373.0,5337.0,21336.0,311913.0,Logistics and Transportation,S,Somewhat Compliant,TR-393D1E34,GR0000000320,2025-06-21,On-time,Self-prepared,301867.13,292811.11,9056.01,2315.1,203.71,2111.39,Paid,GR0000000320,157135.0,87691.0,45264.0,140273.0,52741.0,20702.0,37712.0,54414.0,-16703.0,4,290090.0,213716.0,1.4428829019940603,54.167672101761525,60,0.0,2.9999987080408523,9.895903637045368,25.564238555390283,15.668334918344915,15.657891783926928,155956.5,8.799187940045787,4.059819366403539,13052.588921611172,244.56790184768917,58.2122292295037
GR0000000321,2024,2,48705.0,10166.0,33538.0,92510.0,69735.0,3025.0,13191.0,169381.0,Consumer Goods and Retail,S,Somewhat Compliant,TR-D9614D2E,GR0000000321,2025-06-20,On-time,Agent-prepared,161383.73,156542.22,4841.51,1171.82,91.63,1080.19,Paid,GR0000000321,121282.0,23987.0,8314.0,85528.0,32384.0,12663.0,29107.0,33297.0,-4189.0,4,153583.0,130575.0,1.1439516267564502,78.96837540613218,80,0.0,2.9999988226818157,8.18884087635509,24.203605899812246,16.014765023457155,19.80033179636441,84690.5,7.819460326671332,5.079162407297688,11788.366253503553,389.6980579670596,72.91653834308592
GR0000000322,2022,13,1252181.0,458873.0,445636.0,2965582.0,1327268.0,135382.0,594255.0,2919426.0,Technology and Innovation,S,Compliant,TR-3732BA93,GR0000000322,2023-06-20,On-time,Agent-prepared,2919426.0,2325171.0,594255.0,172264.28,22138.34,150125.93,Paid,GR0000000322,1167771.0,1021799.0,729856.0,1260135.0,484667.0,193867.0,280265.0,465282.0,-185017.0,4,2919426.0,1938669.0,1.6601502149751128,40.00002055198522,100,100.0,20.355199960540187,25.26288041329059,28.988276076768386,3.725395663477798,15.264507475099556,224571.23076923078,12.851381609698773,0.0,362985.6852608392,268.1196061964214,52.54240401347728
GR0000000322,2023,13,1925090.0,649485.0,389051.0,3975176.0,2179719.0,236808.0,886293.0,3625131.0,Technology and Innovation,S,Compliant,TR-CEEA8A5F,GR0000000322,2024-06-13,On-time,Self-prepared,3625131.0,2738838.0,886293.0,256921.06,32940.49,223980.57,Partial,GR0000000322,1450052.0,1268796.0,906283.0,1528343.0,587825.0,235129.0,348012.0,564311.0,-216299.0,4,3625131.0,2351297.0,1.621527418594761,39.99998896591599,100,93.3500615700728,24.44857854792006,25.271616722686517,28.988275886191133,3.716659163504616,10.732053545099474,278856.23076923075,12.821249453042114,0.0,558050.400257477,235.65521445959465,53.96095766951156
GR0000000322,2024,14,1452942.0,520050.0,456117.0,4628155.0,2313442.0,178066.0,698116.0,3181531.0,Technology and Innovation,S,Compliant,TR-84D3FA29,GR0000000322,2025-06-15,On-time,Agent-prepared,3181531.0,2483415.0,698116.0,202371.79,21812.67,180559.12,Paid,GR0000000322,1272612.0,1113536.0,795382.0,1338267.0,514719.0,205886.0,305427.0,494129.0,-188702.0,4,3181530.0,2058872.0,1.6178301197994938,40.0,100,99.99993353977356,21.94276906307058,25.86377049086398,28.98827558743819,3.1245050965742074,14.336399676759395,227252.2142857143,10.778513151462462,3.14314182237041e-05,421182.83108563616,236.5318651992161,51.95155759830743
GR0000000323,2022,15,1277471.0,437810.0,612952.0,7539445.0,4902232.0,110206.0,548017.0,5150226.0,Energy,M,Somewhat Compliant,TR-983F2195,GR0000000323,2023-06-28,On-time,Self-prepared,4870548.32,4724431.87,146116.45,37792.04,7384.48,30407.55,Paid,GR0000000323,3741355.0,708517.0,251916.0,2210085.0,816732.0,323041.0,897925.0,844985.0,52939.0,4,4701788.0,3349858.0,0.941041846479383,79.57302626149881,60,80.93134218207274,3.000000008212628,5.548650863020672,25.86432944408381,20.31567858106314,11.901458304936522,343348.4,19.539776100999045,3.589279652761901,330409.3079926319,299.81063462300773,57.101413652442986
GR0000000323,2023,11,1739369.0,643061.0,464448.0,9605724.0,6874391.0,211511.0,854572.0,5690314.0,Energy,M,Somewhat Compliant,TR-04305D28,GR0000000323,2024-07-21,Extended,Agent-prepared,5448467.2,5285013.18,163454.02,42276.28,8533.03,33743.25,Paid,GR0000000323,4063513.0,810054.0,273307.0,2385971.0,903105.0,356452.0,975244.0,920929.0,54315.0,4,5146874.0,3645528.0,0.9443062454114047,78.95108759219674,80,93.36547115119821,3.000000073415143,3.9485555342323413,25.86432563726484,21.9157701030325,8.162080335109803,517301.2727272727,20.183966044316108,5.85973544330014,449876.0621936371,212.69629579248223,50.86884956556085
GR0000000323,2024,11,1049355.0,352160.0,370848.0,5051253.0,3734462.0,96301.0,448461.0,3628478.0,Energy,M,Somewhat Compliant,TR-B919701F,GR0000000323,2025-08-16,Extended,Self-prepared,3385699.22,3284128.24,101570.98,26270.65,5290.17,20980.48,Partial,GR0000000323,2619950.0,509264.0,177906.0,1641408.0,623260.0,245511.0,628788.0,627795.0,993.0,4,3307120.0,2510179.0,0.998420771388767,79.22149785916447,20,76.66638506378305,3.0000001004223877,4.678328773293552,25.864326601948704,21.185997828655154,10.22048362977535,329861.63636363635,20.137187317405544,2.3760619511841163,271408.6044138789,281.8336304024661,57.26317595094129
GR0000000324,2022,8,1787143.0,620361.0,294017.0,2303922.0,889712.0,196868.0,817228.0,2804293.0,Technology and Innovation,M,Compliant,TR-997762B7,GR0000000324,2023-06-15,On-time,Agent-prepared,2804293.0,1987065.0,817228.0,202024.67,40685.63,161339.04,Paid,GR0000000324,1121717.0,981503.0,701073.0,1104509.0,424811.0,169924.0,269212.0,407819.0,-138607.0,4,2804293.0,1699244.0,1.514861893229128,39.99999286807762,100,99.99997520748852,29.142033303937925,19.742231054246794,24.72072298061251,4.978491926365717,10.484532108449438,350536.625,20.138941447101484,0.0,441794.67029740784,224.4116211356888,54.27181820369159
GR0000000324,2023,7,1398600.0,585249.0,243983.0,1802891.0,815985.0,225325.0,810575.0,2131802.0,Technology and Innovation,M,Compliant,TR-8F649C2D,GR0000000324,2024-06-10,On-time,Agent-prepared,2131802.0,1321227.0,810575.0,200380.0,32863.13,167516.87,Paid,GR0000000324,852720.0,746130.0,532950.0,833601.0,320615.0,128247.0,204653.0,307791.0,-103138.0,4,2131800.0,1282463.0,1.503965248493792,40.0,100,100.0,38.02299650718031,20.66642445177806,24.720722943589426,4.054298491811366,11.444918430510901,304543.14285714284,16.400404231959275,9.381743126812836e-05,345744.03108904173,153.4423748314842,42.04382954382954
GR0000000324,2024,8,1617391.0,495181.0,290528.0,2426674.0,1076819.0,155194.0,650375.0,2711101.0,Technology and Innovation,M,Compliant,TR-25793F01,GR0000000324,2025-06-15,On-time,Agent-prepared,2711101.0,2060726.0,650375.0,160777.4,27058.01,133719.4,Paid,GR0000000324,1084441.0,948885.0,677775.0,1033692.0,397574.0,159029.0,260265.0,381671.0,-121405.0,4,2711101.0,1590295.0,1.466470712542985,40.000022131230075,100,99.99970086614209,23.9893312716863,20.560353642129538,24.720722660003844,4.160369017874306,10.71623668760404,338887.625,16.829485984970525,0.0,399830.7434378628,257.63286173296825,59.78863490646356
GR0000000325,2023,3,103551.0,42482.0,95321.0,668683.0,348113.0,12841.0,55323.0,433278.0,Energy,M,Compliant,TR-3F77C352,GR0000000325,2024-06-21,On-time,Agent-prepared,433278.0,377955.0,55323.0,13502.15,2287.53,11214.62,Paid,GR0000000325,346623.0,64992.0,21663.0,201319.0,77431.0,30971.0,83190.0,74333.0,8856.0,4,433278.0,309721.0,0.893532876547662,80.00013847922119,100,100.0,12.768476590087657,20.271171122318023,24.406033656887733,4.134862534569709,21.99996307220768,144426.0,16.941968501312758,0.0,25272.691912043814,196.8124905540364,46.57415186719587
GR0000000325,2024,3,204342.0,85399.0,115824.0,1632300.0,1047824.0,23393.0,108792.0,821792.0,Energy,M,Compliant,TR-9B2849F0,GR0000000325,2025-06-14,On-time,Agent-prepared,821792.0,713000.0,108792.0,26551.81,4789.08,21762.73,Paid,GR0000000325,657434.0,123268.0,41090.0,369083.0,141955.0,56782.0,157783.0,136276.0,21507.0,4,821792.0,567820.0,0.8636925397539659,80.00004867411705,100,30.926932060819425,13.238386355671508,20.003980072064124,24.406031693506876,4.402051621442752,14.094077333437172,273930.6666666667,18.036736478605413,0.0,49871.77328314582,213.19101134162278,46.759843791291075
GR0000000326,2022,11,576426.0,139743.0,307193.0,2134092.0,1345045.0,49393.0,189136.0,1408343.0,Healthcare,S,Compliant,TR-419460E2,GR0000000326,2023-06-13,On-time,Agent-prepared,1408343.0,1219207.0,189136.0,43190.23,3968.01,39222.22,Paid,GR0000000326,1197090.0,140835.0,70416.0,538362.0,207062.0,82825.0,287302.0,198780.0,88522.0,4,1408341.0,828249.0,0.6918851939770694,85.0000106508296,100,82.84601839519627,13.429682967856552,20.737575078250572,22.835541620844264,2.097966542593692,21.812370992009757,128031.18181818182,9.187286106140208,0.00014201106124378526,131629.99914336775,266.49525062937613,67.18815598186065
GR0000000326,2023,10,480943.0,137365.0,287608.0,2523838.0,1458162.0,53090.0,190455.0,1599734.0,Healthcare,S,Compliant,TR-255305BC,GR0000000326,2024-06-21,On-time,Agent-prepared,1599734.0,1409279.0,190455.0,43491.43,3939.76,39551.67,Paid,GR0000000326,1359774.0,159974.0,79986.0,603837.0,232244.0,92898.0,326346.0,222955.0,103390.0,4,1599734.0,928979.0,0.6831859437529493,85.00000625103924,100,81.42342257509655,11.905416775538933,20.76693707174923,22.83554120395894,2.0686041322097104,17.97848892378358,159973.4,9.058704209082112,0.0,109825.93693255624,206.86746455557778,60.39967314213951
GR0000000326,2024,9,577204.0,143225.0,220671.0,1547289.0,845498.0,41476.0,184701.0,1492531.0,Healthcare,S,Compliant,TR-0AAB99EB,GR0000000326,2025-06-11,On-time,Agent-prepared,1492531.0,1307830.0,184701.0,42177.47,4428.23,37749.25,Paid,GR0000000326,1268651.0,149253.0,74627.0,577829.0,222243.0,88896.0,304476.0,213352.0,91123.0,4,1492531.0,888968.0,0.7007186116475519,84.99997654990081,100,99.99980600943958,12.375019346331834,20.438032279197188,22.83553960184298,2.3975073226457937,14.785019540632657,165836.77777777778,10.499041312814636,0.0,131807.64800342175,317.7925740269596,68.00074150560287
GR0000000327,2022,2,139269.0,64338.0,65596.0,1276015.0,1014023.0,20857.0,85194.0,317539.0,Financial Services,S,Compliant,TR-7C5C361F,GR0000000327,2023-06-25,On-time,Agent-prepared,317539.0,232345.0,85194.0,24624.52,1455.07,23169.45,Paid,GR0000000327,222278.0,79384.0,15876.0,90238.0,34706.0,13882.0,53346.0,33318.0,20028.0,4,317538.0,138826.0,0.6245641660105725,70.0004408921137,100,99.99895827184244,26.829460318260118,27.196105359532364,28.904054276122732,1.707948916590368,20.657620008880798,158769.5,5.909028886654441,0.0003149229383492269,40254.38734981337,193.00180922382592,38.82773625142709
GR0000000327,2023,2,187292.0,96159.0,62326.0,4764035.0,3878142.0,27126.0,123285.0,525083.0,Financial Services,S,Compliant,TR-50CA5049,GR0000000327,2024-06-17,On-time,Agent-prepared,525083.0,401798.0,123285.0,35634.36,2540.18,33094.18,Paid,GR0000000327,367557.0,131270.0,26254.0,154912.0,59581.0,23832.0,88213.0,57197.0,31015.0,4,525081.0,238325.0,0.6483964948476982,70.00005713404218,100,99.37578362412373,23.47914520180619,26.843638723283448,28.9040515877844,2.060412864500954,11.86974249785272,262541.5,7.12845691630213,0.0003808936145155428,54134.97629979316,199.56859212487342,34.17497810904897
GR0000000327,2024,2,212853.0,98004.0,76639.0,4488798.0,3374076.0,29012.0,127016.0,603104.0,Financial Services,S,Compliant,TR-E669BB70,GR0000000327,2025-06-23,On-time,Agent-prepared,603104.0,476088.0,127016.0,36712.77,2561.64,34151.14,Paid,GR0000000327,422173.0,150776.0,30155.0,180751.0,69518.0,27808.0,101321.0,66738.0,34583.0,4,603104.0,278077.0,0.6586788523603202,70.00003316177641,100,99.99979631664847,21.0603809624874,26.887274044214905,28.90405145808402,2.0167774138691144,12.707426911444792,301552.0,6.97751763214816,0.0,61523.14065007558,212.0610114782696,40.32689226837301
GR0000000328,2022,17,1565610.0,544761.0,684747.0,8901088.0,5361545.0,174181.0,718942.0,5611005.0,Energy,M,Compliant,TR-E938ABAC,GR0000000328,2023-06-20,On-time,Agent-prepared,5611005.0,4892063.0,718942.0,180717.18,29999.59,150717.59,Paid,GR0000000328,4488804.0,841651.0,280550.0,2617462.0,1006717.0,402687.0,1077313.0,966447.0,110865.0,4,5611005.0,4026866.0,0.8970902606763308,80.0,100,100.0,12.81307002934412,20.9638037560749,25.136545089868168,4.172741333793269,12.203642662945407,330059.1176470588,16.600297769144028,0.0,393540.263581485,225.93753829722246,54.079112933616926
GR0000000328,2023,17,1162673.0,472342.0,654075.0,7482015.0,4067947.0,171205.0,643546.0,5452883.0,Energy,M,Compliant,TR-ED8AA5AE,GR0000000328,2024-06-12,On-time,Self-prepared,5452883.0,4809337.0,643546.0,161765.23,29602.7,132162.53,Paid,GR0000000328,4362306.0,817932.0,272644.0,2468883.0,949569.0,379828.0,1046953.0,911587.0,135366.0,4,5452882.0,3798280.0,0.8707047976365702,80.00000733557043,100,89.20730809532725,11.801940368058512,20.53660965960475,25.13654501776097,4.59993535815622,11.99503088549672,320757.82352941175,18.29979161776607,1.833892608882337e-05,292255.822054352,170.7051908848176,44.64944141646017
GR0000000328,2024,16,1153863.0,372489.0,644259.0,8001768.0,5216015.0,132311.0,504799.0,3861196.0,Energy,M,Compliant,TR-AEB1F524,GR0000000328,2025-06-17,On-time,Agent-prepared,3861196.0,3356397.0,504799.0,126889.03,22972.27,103916.76,Paid,GR0000000328,3088957.0,579179.0,193060.0,1742803.0,670309.0,268124.0,741350.0,643497.0,97852.0,4,3861196.0,2681236.0,0.8680070142307952,80.00000517974225,100,100.0,13.073643503204707,20.585769781635857,25.136545436896668,4.550775655260811,16.685477763884556,241324.75,18.10422067218892,0.0,290041.297274539,219.2117792734837,56.251392063009206
GR0000000329,2022,1,20397.0,6368.0,18984.0,69654.0,46642.0,2060.0,8428.0,83334.0,Manufacturing,S,Compliant,TR-06E62856,GR0000000329,2023-06-19,On-time,Agent-prepared,83334.0,74906.0,8428.0,2413.74,229.05,2184.69,Paid,GR0000000329,50001.0,20833.0,12501.0,43306.0,16656.0,6661.0,12000.0,15990.0,-3990.0,4,83335.0,66623.0,1.3325,60.0,100,100.0,10.113519091847266,25.921808258186996,28.63953488372093,2.7177266255339347,22.78061775505796,83334.0,9.489423053021454,0.0011999760004766102,5841.605930232558,283.57310340934754,58.68019806834338
GR0000000329,2023,1,21605.0,8242.0,21706.0,95638.0,53314.0,2332.0,10574.0,109180.0,Manufacturing,S,Compliant,TR-F4F58156,GR0000000329,2024-06-18,On-time,Agent-prepared,109180.0,98606.0,10574.0,3028.34,326.33,2702.01,Paid,GR0000000329,65508.0,27295.0,16377.0,55865.0,21486.0,8595.0,15722.0,20627.0,-4904.0,4,109180.0,85946.0,1.3119832082432261,60.0,100,99.99962990514469,9.684923978750687,25.55333837715151,28.63949309627388,3.086154719122373,19.880930573365085,109180.0,10.775870608980496,0.0,6187.562483449972,265.3328680724688,51.05762554964129
GR0000000329,2024,1,37846.0,11182.0,22350.0,127467.0,77246.0,4292.0,15474.0,153808.0,Manufacturing,S,Compliant,TR-BDCA2708,GR0000000329,2025-06-16,On-time,Agent-prepared,153808.0,138334.0,15474.0,4431.68,471.6,3960.08,Paid,GR0000000329,92285.0,38451.0,23071.0,81364.0,31294.0,12518.0,22148.0,30042.0,-7894.0,4,153807.0,125176.0,1.3564204442839083,60.000520132373694,100,99.99797983879114,10.060595027566837,25.59183145922192,28.639524363448366,3.047692904226448,14.531103713721002,153808.0,10.641562567694418,0.0006501654671087209,10838.914390590668,252.53761394666046,59.11324842783914
GR0000000330,2022,2,86064.0,26021.0,45331.0,361476.0,215731.0,8738.0,34759.0,355682.0,Manufacturing,S,Compliant,TR-D0DACAB0,GR0000000330,2023-06-19,On-time,Agent-prepared,355682.0,320923.0,34759.0,10291.6,1151.58,9140.02,Paid,GR0000000330,213410.0,88920.0,53353.0,187117.0,71968.0,28787.0,51219.0,69089.0,-17871.0,4,355683.0,287872.0,1.3488939651301275,60.000056229845114,100,99.99978118209808,9.772493407032124,26.29540550648753,29.608446733220173,3.3130412267326435,12.74481137645425,177841.0,11.189513778226901,0.00028114922557831434,25482.21359647861,291.6252414337218,59.612613868748845
GR0000000330,2023,1,13669.0,4527.0,18468.0,82397.0,49884.0,1446.0,5973.0,75427.0,Manufacturing,S,Compliant,TR-B373C793,GR0000000330,2024-06-17,On-time,Self-prepared,75427.0,69454.0,5973.0,1768.51,200.17,1568.34,Paid,GR0000000330,45256.0,18856.0,11314.0,38267.0,14718.0,5888.0,10861.0,14130.0,-3267.0,4,75426.0,58873.0,1.3009851763189393,60.00053032110944,100,99.97832102732826,7.918914977395362,26.25715720743345,29.608404486857527,3.3512472794240757,24.484601004945176,75427.0,11.318567607760205,0.0013258027735885136,4047.1728093085553,279.8874695234132,56.30258248591704
GR0000000330,2024,1,33805.0,9082.0,21800.0,205774.0,134984.0,3802.0,12885.0,182185.0,Manufacturing,S,Compliant,TR-651EBB10,GR0000000330,2025-06-20,On-time,Agent-prepared,182185.0,169300.0,12885.0,3815.05,354.37,3460.67,Paid,GR0000000330,109311.0,45546.0,27328.0,95127.0,36586.0,14635.0,26235.0,35124.0,-8888.0,4,182185.0,146348.0,1.338822184105203,60.0,100,100.0,7.072481269039713,26.8581296080714,29.608459448971676,2.7503298409002745,11.965858879710185,182185.0,9.288738024403349,0.0,10009.139716724874,263.25985577919187,61.88433663659222
GR0000000331,2022,1,17878.0,3906.0,17451.0,47880.0,26434.0,1105.0,5011.0,87255.0,Consumer Goods and Retail,S,Compliant,TR-6919AF7B,GR0000000331,2023-06-12,On-time,Self-prepared,87255.0,82244.0,5011.0,1437.44,109.88,1327.56,Paid,GR0000000331,69803.0,13088.0,4363.0,45010.0,17312.0,6924.0,16753.0,16619.0,134.0,4,87254.0,69246.0,0.9920014325792396,79.99977078414743,100,100.0,5.742937367486104,26.492915585711437,28.68569147874676,2.192775893035325,20.0,87255.0,7.644145146927871,0.0011460792628481542,5128.427922570346,464.111124214511,71.97113771115337
GR0000000331,2023,1,15504.0,2613.0,14632.0,41079.0,23667.0,951.0,3564.0,73162.0,Consumer Goods and Retail,S,Compliant,TR-2E048B10,GR0000000331,2024-06-22,On-time,Agent-prepared,73162.0,69503.9,3658.1,1049.35,82.1,967.25,Paid,GR0000000331,58530.0,10974.0,3658.0,38374.0,14759.0,5904.0,14047.0,14170.0,-122.0,4,73162.0,59037.0,1.0087563180750339,80.00054673191,100,11.665527455001138,5.0,27.139450056116722,28.68565648834094,1.546206432224217,19.999453268089994,73162.0,7.823890980130558,0.0,4447.424181952379,467.65764268689577,77.0123839009288
GR0000000331,2024,1,13956.0,3756.0,10549.0,35730.0,25383.0,1353.0,5109.0,52747.0,Consumer Goods and Retail,S,Compliant,TR-AD56B253,GR0000000331,2025-06-12,On-time,Agent-prepared,52747.0,47638.0,5109.0,1465.55,116.9,1348.65,Paid,GR0000000331,42198.0,7912.0,2638.0,27601.0,10616.0,4247.0,10128.0,10192.0,-64.0,4,52748.0,42464.0,1.0063191153238547,79.99924167740957,100,100.0,9.685858911407284,26.39753376394598,28.685652769622234,2.288119005676254,19.99924166303297,52747.0,7.976527583501075,0.0018958064760710158,4003.369700528479,295.88837402279967,63.3920894239037
GR0000000332,2022,169,5934235.0,2195624.0,4131329.0,13964646.0,8108251.0,733332.0,2928956.0,20099223.0,Manufacturing,M,Compliant,TR-196205EE,GR0000000332,2023-06-10,On-time,Self-prepared,20099223.0,17170267.0,2928956.0,644097.36,93320.78,550776.58,Paid,GR0000000332,12059534.0,5024806.0,3014884.0,9825925.0,3779203.0,1511681.0,2894288.0,3628033.0,-733745.0,4,20099224.0,15116809.0,1.2535148540850116,59.99999800987341,100,100.0,14.57248372238071,18.80453581412626,21.99068063842543,3.18614482429917,20.554670197947452,118930.31360946746,14.488613957368186,4.975316458821766e-06,1304978.6671836653,177.95195998315435,50.643073622800586
GR0000000332,2023,169,6775644.0,2473466.0,3887488.0,24652695.0,14599346.0,771156.0,3244621.0,29365030.0,Manufacturing,M,Compliant,TR-DC14EC3E,GR0000000332,2024-06-22,On-time,Agent-prepared,29365030.0,26120409.0,3244621.0,713514.24,98117.65,615396.59,Paid,GR0000000332,17619018.0,7341258.0,4404756.0,14650669.0,5634874.0,2253950.0,4228565.0,5409478.0,-1180913.0,4,29365032.0,22539493.0,1.2792703907826888,59.99999591350692,100,100.0,11.049268466608071,18.966670991773768,21.9906805756358,3.024009583862032,13.238494903631972,173757.57396449705,13.751323309258689,6.810821795433242e-06,1490010.2289822325,193.21774439701338,52.11346700033237
GR0000000332,2024,195,12630821.0,3574489.0,5476340.0,35183014.0,16729135.0,1239162.0,4813650.0,43872540.0,Manufacturing,M,Compliant,TR-12DA7295,GR0000000332,2025-06-13,On-time,Self-prepared,43872540.0,39058890.0,4813650.0,1058554.4,184968.79,873585.61,Paid,GR0000000332,26323525.0,10968135.0,6580881.0,21648984.0,8326532.0,3330613.0,6317646.0,7993471.0,-1675826.0,4,43872541.0,33306129.0,1.2652609848668317,60.00000091173201,100,100.0,10.971897227742,18.148091572922834,21.990680668515576,3.842589095592743,12.482386476825823,224987.38461538462,17.47371604142404,2.2793300247236914e-06,2777603.511921806,224.1517664293939,61.88965072025009
GR0000000333,2022,4,132775.0,59567.0,133853.0,896081.0,481078.0,16547.0,76114.0,608424.0,Energy,M,Compliant,TR-BA836C59,GR0000000333,2023-06-16,On-time,Agent-prepared,608424.0,532310.0,76114.0,18601.26,3268.69,15332.57,Paid,GR0000000333,486740.0,91264.0,30421.0,273673.0,105259.0,42103.0,116818.0,101049.0,15768.0,4,608425.0,421035.0,0.8650122412641887,80.0,100,83.46470820309723,12.510025902988705,20.14421788370076,24.43868407914444,4.294466195443679,21.999953979461694,152106.0,17.572411761353806,0.00016435879525156238,32448.46278608403,196.09876585534556,42.674449256260594
GR0000000333,2023,3,198424.0,76261.0,97359.0,1081114.0,705313.0,22026.0,98286.0,758371.0,Energy,M,Compliant,TR-5D44580D,GR0000000333,2024-06-13,On-time,Agent-prepared,758371.0,660085.0,98286.0,24019.8,4121.6,19898.2,Paid,GR0000000333,606697.0,113756.0,37918.0,349314.0,134353.0,53741.0,145607.0,128978.0,16631.0,4,758371.0,537408.0,0.885795325774173,80.00002637231646,100,86.57731349167243,12.9601474739936,20.24520277557333,24.438678957328612,4.193476181755283,12.837911787238701,252790.33333333334,17.15917701229819,0.0,48492.20433428973,220.15892279256212,50.46667741805426
GR0000000333,2024,3,114138.0,36671.0,102354.0,535615.0,300010.0,12309.0,48980.0,465246.0,Energy,M,Compliant,TR-6B611302,GR0000000333,2025-06-23,On-time,Self-prepared,465246.0,416266.0,48980.0,11970.07,2212.27,9757.79,Paid,GR0000000333,372197.0,69787.0,23262.0,205377.0,78991.0,31596.0,89327.0,75831.0,13496.0,4,465246.0,315964.0,0.8489146618603558,80.00004298801065,100,100.0,10.527763806674319,19.921988566761943,24.438689260922825,4.516700694160882,21.999974207193613,155082.0,18.481679722842056,0.0,27893.831148632093,226.61330041946619,57.0870349927281
GR0000000334,2022,1,34815.0,8992.0,15047.0,133461.0,95316.0,3119.0,12111.0,101415.0,Tourism and Hospitality,S,Compliant,TR-F8869500,GR0000000334,2023-06-17,On-time,Agent-prepared,101415.0,89304.0,12111.0,3560.42,332.7,3227.73,Paid,GR0000000334,60849.0,30425.0,10142.0,35426.0,13626.0,5450.0,14603.0,13080.0,1523.0,4,101416.0,54502.0,0.8957063617064986,59.99940837737635,100,100.0,11.942020411181778,26.65122615803815,29.39823301131203,2.7470068532738807,14.83705566237736,101415.0,9.344403188387886,0.0009860377060855186,10234.994822888284,328.14988210606873,65.2132701421801
GR0000000334,2023,1,20690.0,3823.0,15145.0,86712.0,56338.0,1528.0,5351.0,53778.0,Tourism and Hospitality,S,Compliant,TR-8E048509,GR0000000334,2024-06-18,On-time,Self-prepared,53778.0,48427.0,5351.0,1573.1,127.79,1445.31,Paid,GR0000000334,32267.0,16133.0,5378.0,18725.0,7201.0,2881.0,7744.0,6914.0,831.0,4,53778.0,28807.0,0.8928202479338843,60.000371899289675,100,99.98638146825346,9.950165495183905,27.01009157166885,29.39824331900579,2.3881517473369414,28.162073710439213,53778.0,8.123450511728434,0.0,6082.496542702298,398.06914546481005,74.13726437892701
GR0000000334,2024,1,20669.0,5816.0,18051.0,140091.0,103912.0,2442.0,8258.0,67803.0,Tourism and Hospitality,S,Compliant,TR-58A07102,GR0000000334,2025-06-19,On-time,Agent-prepared,67803.0,59545.0,8258.0,2427.71,211.86,2215.84,Paid,GR0000000334,40682.0,20341.0,6781.0,24926.0,9588.0,3835.0,9764.0,9204.0,560.0,4,67804.0,38349.0,0.9426464563703401,59.99941006430299,100,100.0,12.17940209135289,26.832647130055705,29.398280455316055,2.5656333252603503,26.622715809034997,67803.0,8.726742485716994,0.0014748392425212309,6076.330587309276,248.82598637630124,60.04644636895834
GR0000000335,2022,2,19645.0,6183.0,34607.0,96224.0,75851.0,2416.0,8599.0,86517.0,Logistics and Transportation,S,Compliant,TR-7F2C1ACE,GR0000000335,2023-06-20,On-time,Agent-prepared,86517.0,77918.0,8599.0,1991.22,178.01,1813.21,Paid,GR0000000335,47585.0,25955.0,12977.0,39226.0,15087.0,6035.0,11421.0,14484.0,-3064.0,4,86517.0,60348.0,1.2681901759915943,55.00075129743287,100,99.98841832992316,9.939087115826947,21.086289103384114,23.15641353645773,2.070124433073616,40.000231168440884,43258.5,8.939745482668917,0.0,4549.077439237121,188.28962910749675,56.22804784932553
GR0000000335,2023,1,15114.0,3573.0,20292.0,77031.0,58506.0,1186.0,4759.0,90305.0,Logistics and Transportation,S,Compliant,TR-BA11FD4C,GR0000000335,2024-06-21,On-time,Agent-prepared,90305.0,85546.0,4759.0,1102.01,86.7,1015.31,Paid,GR0000000335,49667.0,27091.0,13546.0,43089.0,16573.0,6629.0,11920.0,15910.0,-3990.0,4,90304.0,66291.0,1.3347315436241611,54.99977852586818,100,99.96946745329012,5.269918609157854,21.3345240596764,23.15633536457239,1.8218113048959879,22.47051658269199,90305.0,7.867442219217612,0.0011073706591036014,3499.8485270014708,295.09684038798235,68.51263728992987
GR0000000335,2024,1,14136.0,3097.0,16336.0,70601.0,50933.0,1212.0,4308.0,65457.0,Logistics and Transportation,S,Compliant,TR-8C7765EB,GR0000000335,2025-06-15,On-time,Agent-prepared,65457.0,61149.0,4308.0,997.58,79.09,918.49,Paid,GR0000000335,36001.0,19637.0,9817.0,30052.0,11558.0,4623.0,8640.0,11096.0,-2456.0,4,65455.0,46233.0,1.2842592592592592,55.001145825376206,100,99.94665156942372,6.581419863421788,21.320566388115132,23.15645311049211,1.8358867223769764,24.95684189620667,65457.0,7.9281862106297245,0.0030555343365712417,3273.3962116991647,270.0821956847496,69.5246179966044
GR0000000336,2023,11,139477.0,27885.0,193047.0,668415.0,469688.0,10775.0,38659.0,428994.0,Tourism and Hospitality,S,Compliant,TR-885EACBF,GR0000000336,2024-06-12,On-time,Agent-prepared,428994.0,390335.0,38659.0,8524.55,704.57,7819.97,Paid,GR0000000336,257397.0,128698.0,42899.0,157927.0,60741.0,24296.0,61776.0,58312.0,3464.0,4,428994.0,242964.0,0.943926443926444,60.00013986209597,100,100.0,9.011547947057535,20.228071083059575,22.05062210610724,1.8225510230476658,44.99993006895202,38999.454545454544,8.265187018669609,0.0,30755.546194935196,285.43430343327327,72.2828853502728
GR0000000336,2024,10,194175.0,33991.0,196618.0,1168005.0,878046.0,10925.0,44916.0,587614.0,Tourism and Hospitality,S,Compliant,TR-B725AC60,GR0000000336,2025-06-18,On-time,Agent-prepared,587614.0,542698.0,44916.0,9904.25,918.01,8986.24,Paid,GR0000000336,352568.0,176285.0,58762.0,216209.0,83157.0,33262.0,84616.0,79830.0,4786.0,4,587615.0,332628.0,0.9434385931738678,59.99982982054577,100,99.35202988039708,7.643793374562212,20.006768189509305,22.05060557485083,2.0438373853415257,33.4604008754046,58761.4,9.268849231390565,0.00017017945423969394,42816.763374966606,391.91545423310396,76.86828891463887
GR0000000337,2022,5,566249.0,258666.0,148073.0,1102867.0,490102.0,75681.0,334347.0,1022609.0,Technology and Innovation,S,Compliant,TR-53E26B07,GR0000000337,2023-06-11,On-time,Agent-prepared,1022609.0,688262.0,334347.0,78955.62,9514.93,69440.69,Paid,GR0000000337,409044.0,357914.0,255652.0,438811.0,168774.0,67510.0,98170.0,162023.0,-63853.0,4,1022610.0,675095.0,1.6504329224814098,40.0,100,100.0,32.69548771817968,20.769048324046572,23.614873170687936,2.8458248466413636,14.47992341158742,204521.8,12.050985097704256,9.778899091594795e-05,133718.98318028872,176.68765367831915,40.9540679100537
GR0000000337,2023,5,194230.0,72079.0,157791.0,530572.0,307012.0,22359.0,94439.0,466002.0,Technology and Innovation,S,Compliant,TR-5B891A54,GR0000000337,2024-06-21,On-time,Self-prepared,466002.0,371563.0,94439.0,22301.65,2618.21,19683.44,Paid,GR0000000337,186400.0,163101.0,116500.0,197373.0,75913.0,30365.0,44737.0,72876.0,-28139.0,4,466001.0,303651.0,1.6289871918099113,39.99991416327433,100,99.99776461837972,20.265792850674462,20.8424909200648,23.614873092684167,2.7723821726193663,33.860584289337815,93200.4,11.73998336445958,0.0002145918141849279,45867.16800792045,205.13962166429826,51.37774803068527
GR0000000337,2024,5,323531.0,109860.0,125631.0,722713.0,358006.0,32497.0,142358.0,578850.0,Technology and Innovation,S,Compliant,TR-0D5D3121,GR0000000337,2025-06-11,On-time,Agent-prepared,578850.0,436492.0,142358.0,33617.66,4469.75,29147.92,Paid,GR0000000337,231540.0,202597.0,144712.0,246294.0,94729.0,37891.0,55570.0,90939.0,-35369.0,4,578849.0,378914.0,1.6364765161058126,40.00006910265026,100,100.0,24.59324522760646,20.475083943297882,23.614872364039957,3.139788420742075,21.70355014252397,115770.0,13.295839151208025,0.00017275662564930627,76401.43270810212,235.1030332279968,55.998652370252
GR0000000338,2022,6,199589.0,61820.0,125844.0,633693.0,352504.0,17149.0,78970.0,666735.0,Logistics and Transportation,M,Compliant,TR-027EA536,GR0000000338,2023-06-19,On-time,Self-prepared,666735.0,587765.0,78970.0,16486.0,1794.05,14691.94,Paid,GR0000000338,366705.0,200020.0,100010.0,285427.0,109779.0,43911.0,88008.0,105388.0,-17379.0,4,666735.0,439117.0,1.1974820470866285,55.00011248846993,100,100.0,11.84428596068903,18.604457388881855,20.876282132455362,2.2718247435735073,18.87466534680195,111122.5,10.882263738930002,0.0,41666.762745346336,242.96905210418296,60.43369123548893
GR0000000338,2023,5,195149.0,56775.0,125599.0,611797.0,374079.0,17902.0,74676.0,664487.0,Logistics and Transportation,M,Compliant,TR-60E18D0A,GR0000000338,2024-06-12,On-time,Self-prepared,664487.0,589811.0,74676.0,15589.57,1839.47,13750.1,Paid,GR0000000338,365469.0,199346.0,99672.0,282858.0,108790.0,43516.0,87712.0,104440.0,-16727.0,4,664487.0,435164.0,1.1907150674936156,55.000173065838766,100,0.0,11.238143108894532,18.413010873640793,20.876278857999893,2.463267984359099,18.9016489412133,132897.4,11.79936329225245,0.0,40739.84942859821,227.57149719918561,61.73385464439992
GR0000000338,2024,4,122066.0,35544.0,81739.0,576477.0,345864.0,10083.0,45627.0,573176.0,Logistics and Transportation,M,Compliant,TR-FCE9304B,GR0000000338,2025-06-22,On-time,Agent-prepared,573176.0,527549.0,45627.0,9525.22,1063.41,8461.81,Paid,GR0000000338,315247.0,171952.0,85977.0,234647.0,90249.0,36099.0,75660.0,86639.0,-10979.0,4,573176.0,360995.0,1.1451097012952682,55.0000348932963,100,100.0,7.960382151381077,18.54561991803099,20.876279395971682,2.330659477940692,14.260715731293704,143294.0,11.164151589149649,0.0,25482.839207486795,252.73072704043238,62.621041076139136
GR0000000339,2022,3,39095.0,12260.0,62209.0,287160.0,150171.0,3996.0,16257.0,232751.0,Manufacturing,S,Compliant,TR-3739DAE6,GR0000000339,2023-06-14,On-time,Agent-prepared,232751.0,216494.0,16257.0,3760.23,428.04,3332.19,Paid,GR0000000339,139650.0,58188.0,34912.0,123557.0,47522.0,19009.0,33516.0,45621.0,-12104.0,4,232750.0,190088.0,1.3611707841031149,60.0,100,99.99429804422917,6.984717573716118,20.49695515777819,23.12991326813065,2.6329581103524617,26.727704714480282,77583.66666666667,11.383346231480521,0.0004296455424324108,9042.639592175678,226.29228208647842,58.41667732446605
GR0000000339,2023,3,85849.0,27713.0,57202.0,421626.0,256704.0,10476.0,38189.0,453536.0,Manufacturing,S,Compliant,TR-00B8A2FF,GR0000000339,2024-06-14,On-time,Agent-prepared,453536.0,415347.0,38189.0,8833.08,898.77,7934.3,Paid,GR0000000339,272121.0,113383.0,68030.0,236561.0,90985.0,36393.0,65309.0,87345.0,-22036.0,4,453534.0,363939.0,1.3374113828109448,60.00013229438146,100,99.99621894811136,8.420279757284979,20.77640158160727,23.1299065175836,2.3535049359763285,12.612449728356733,151178.66666666666,10.17504652963632,0.00044098127152114586,19856.793446280342,189.5455655429586,55.51608056005312
GR0000000339,2024,3,99647.0,33532.0,66584.0,497471.0,341333.0,13768.0,47300.0,435528.0,Manufacturing,S,Compliant,TR-87D59464,GR0000000339,2025-06-17,On-time,Agent-prepared,435528.0,388228.0,47300.0,10940.44,1042.16,9898.28,Paid,GR0000000339,261317.0,108881.0,65329.0,230361.0,88601.0,35440.0,62716.0,85057.0,-22342.0,4,435527.0,354402.0,1.3562248867912494,60.000183685512035,100,99.99717122570789,10.860380962877244,20.926596194503173,23.129894291754756,2.203298097251583,15.288110064106098,145176.0,9.52575947585289,0.00022960689003426182,23048.24576490486,167.40445790895453,52.5324395114755
GR0000000340,2022,39,2747454.0,862895.0,1681216.0,21003275.0,10794677.0,292997.0,1155892.0,13060447.0,Energy,M,Compliant,TR-7C75E16F,GR0000000340,2023-06-25,On-time,Agent-prepared,13060447.0,11904555.0,1155892.0,268166.63,46875.43,221291.21,Paid,GR0000000340,10448358.0,1959067.0,653023.0,5903136.0,2270437.0,908175.0,2507606.0,2179621.0,327986.0,4,13060448.0,9081748.0,0.8692039339513464,79.99999693731792,100,72.19979143136122,8.850324954421545,19.144626833648818,23.19997283483232,4.055346001183501,12.87257626021529,334883.25641025644,17.479963856800527,7.656705192093938e-06,637408.5816495139,217.54781845872614,57.92861318151278
GR0000000340,2023,38,3191586.0,1100861.0,1516994.0,19044175.0,12038136.0,343444.0,1444305.0,12749369.0,Energy,M,Compliant,TR-B20580F8,GR0000000340,2024-06-25,On-time,Agent-prepared,12749369.0,11305064.0,1444305.0,335078.37,50964.18,284114.19,Paid,GR0000000340,10199495.0,1912405.0,637469.0,5666605.0,2179464.0,871786.0,2447879.0,2092285.0,355593.0,4,12749369.0,8717855.0,0.8547338328405938,79.99999843129491,100,99.99997029891131,11.3284429998065,19.67134296426309,23.19997299739321,3.5286300331301206,11.898581019970479,335509.7105263158,15.209629914339146,0.0,740447.0901885821,215.59470836252257,54.74648027657722
GR0000000340,2024,37,1575249.0,656230.0,1112390.0,9555219.0,6630512.0,196931.0,853161.0,6430173.0,Energy,M,Compliant,TR-5B63FACC,GR0000000340,2025-06-17,On-time,Agent-prepared,6430173.0,5577012.0,853161.0,197933.12,29354.59,168578.54,Paid,GR0000000340,5144139.0,964525.0,321509.0,2825543.0,1086746.0,434699.0,1234593.0,1043278.0,191316.0,4,6430173.0,4346988.0,0.8450380003774524,80.00000933100867,100,100.0,13.268087810390172,19.75928810623083,23.19997280700829,3.44068470077746,17.299534553735956,173788.45945945947,14.830559938629776,0.0,365457.33964267,185.5763387392894,45.83961011878122
GR0000000341,2024,27,652589.0,106398.0,387952.0,3383960.0,2193778.0,36469.0,142868.0,1849654.0,Tourism and Hospitality,S,Compliant,TR-B6E43B71,GR0000000341,2025-06-24,On-time,Agent-prepared,1849654.0,1706786.0,142868.0,38086.44,3267.25,34819.19,Paid,GR0000000341,1109792.0,554897.0,184966.0,664960.0,255754.0,102302.0,266351.0,245524.0,20826.0,4,1849655.0,1023016.0,0.9218061880751339,59.99994593586372,100,99.99067304829042,7.724039198682564,24.37158075986225,26.658481955371393,2.2869011955091416,20.97430113956448,68505.70370370371,8.578512457452048,5.406413629005513e-05,173970.32080773864,477.03616991894114,78.1075071752665
GR0000000342,2022,3,60188.0,19189.0,58660.0,416354.0,213951.0,6687.0,25876.0,398036.0,Manufacturing,S,Compliant,TR-3382366E,GR0000000342,2023-06-14,On-time,Agent-prepared,398036.0,372160.0,25876.0,5942.75,556.41,5386.34,Paid,GR0000000342,238822.0,99509.0,59705.0,211859.0,81484.0,32594.0,57318.0,78225.0,-20908.0,4,398036.0,325937.0,1.3647545273736,60.00010049342271,100,99.9936877360137,6.500919514817754,20.815968464986863,22.966262173442573,2.1502937084557097,14.737360439759218,132678.66666666666,9.362837070379875,0.0,13822.933876951616,206.71353188203403,57.008041470060476
GR0000000342,2023,3,50079.0,17794.0,63403.0,189899.0,116740.0,5564.0,23358.0,221697.0,Manufacturing,S,Compliant,TR-B16EE52D,GR0000000342,2024-06-21,On-time,Agent-prepared,221697.0,198339.0,23358.0,5364.46,561.7,4802.76,Paid,GR0000000342,133018.0,55424.0,33254.0,112636.0,43322.0,17330.0,31925.0,41588.0,-9665.0,4,221696.0,173288.0,1.302678151918559,60.000180427251735,100,100.0,10.536001840349666,20.56152067814025,22.966264234951623,2.404743556811372,28.598943603206177,73899.0,10.470764997781698,0.00045106812933681795,11501.275466221423,206.70876107515136,53.35769484214941
GR0000000342,2024,2,47556.0,16822.0,49719.0,268492.0,160024.0,5230.0,22052.0,218177.0,Manufacturing,S,Compliant,TR-DC7E1D76,GR0000000342,2025-06-12,On-time,Agent-prepared,218177.0,196125.0,22052.0,5064.52,526.69,4537.83,Paid,GR0000000342,130907.0,54543.0,32727.0,112954.0,43444.0,17378.0,31418.0,41706.0,-10290.0,4,218177.0,173776.0,1.3274555987013814,60.000366674764074,100,100.0,10.10738987152633,20.577861418465446,22.966261563577,2.3884001451115537,22.788378243352874,109088.5,10.399603516226612,0.0,10921.835349174678,208.83050380831122,53.62940533266044
GR0000000343,2022,32,5222318.0,2396710.0,1171601.0,42241038.0,34405423.0,964016.0,3360726.0,11498583.0,Financial Services,S,Compliant,TR-11484BC9,GR0000000343,2023-06-22,On-time,Agent-prepared,11498583.0,8137857.0,3360726.0,789783.88,55033.48,734750.4,Paid,GR0000000343,8049008.0,2874647.0,574930.0,3261319.0,1254354.0,501742.0,1931762.0,1204179.0,727582.0,4,11498585.0,5017415.0,0.6233578463599553,69.99998695491662,100,99.99997264643798,29.22730566018439,21.86284749188122,23.500394855159275,1.6375473632780562,10.189090255729772,359330.71875,6.968169570642541,1.739344449580571e-05,1227265.3505920568,127.30757068265015,35.64685260453308
GR0000000343,2023,30,5372647.0,2283126.0,935533.0,75976084.0,62198173.0,876332.0,3159459.0,11096340.0,Financial Services,S,Compliant,TR-34BE7512,GR0000000343,2024-06-24,On-time,Agent-prepared,11096340.0,7936881.0,3159459.0,742485.34,43005.03,699480.31,Paid,GR0000000343,7767438.0,2774085.0,554817.0,3286649.0,1264095.0,505638.0,1864186.0,1213531.0,650652.0,4,11096340.0,5056382.0,0.6509709868006733,70.0,100,99.99997703928736,28.472982983578373,22.139243142575992,23.50039484607966,1.361151703503669,8.43100517828401,369878.0,5.792037590937485,0.0,1262593.2586860536,144.07704599239256,41.193623925041045
GR0000000343,2024,30,3098642.0,1543623.0,939696.0,39515218.0,32518714.0,587419.0,2131042.0,7201669.0,Financial Services,S,Compliant,TR-76E04AE9,GR0000000343,2025-06-12,On-time,Agent-prepared,7201669.0,5070627.0,2131042.0,500803.28,30390.14,470413.15,Paid,GR0000000343,5041169.0,1800418.0,360083.0,2100200.0,807769.0,323108.0,1209881.0,775459.0,434423.0,4,7201670.0,3231077.0,0.6409382410336223,70.0,100,99.999983422413,29.590946209829973,22.074325611602212,23.500394642620844,1.4260690310186313,13.04830866289467,240055.63333333333,6.068278945776872,1.3885668181945476e-05,728193.0985619994,123.96485278174512,31.226582483552473
GR0000000344,2022,2,40592.0,9123.0,29302.0,199399.0,126717.0,3175.0,12298.0,152260.0,Tourism and Hospitality,S,Somewhat Compliant,TR-CCF2DDD1,GR0000000344,2023-08-28,Extended,Self-prepared,140016.45,135815.95,4200.49,1050.55,102.26,948.29,Paid,GR0000000344,82334.0,42168.0,14779.0,53047.0,20205.0,7880.0,19760.0,20545.0,-784.0,4,139281.0,81132.0,1.0397267206477734,59.11359051126859,80,99.98061873032634,2.9999975002937154,7.710928606277443,25.010177384067095,17.29924877778965,19.244712990936556,76130.0,9.733948883917948,0.5280332565102297,10152.131203740515,319.7521638973391,69.70338983050848
GR0000000344,2023,1,41544.0,9401.0,20225.0,180705.0,121385.0,2397.0,11798.0,111284.0,Tourism and Hospitality,S,Somewhat Compliant,TR-42742AC7,GR0000000344,2024-06-25,On-time,Agent-prepared,108704.62,105377.58,3327.04,832.1,84.3,747.8,Paid,GR0000000344,60254.0,31350.0,11058.0,38003.0,14372.0,5573.0,14462.0,14785.0,-324.0,4,102662.0,57948.0,1.0223343935831835,58.69162884027196,80,100.0,3.060624286253887,6.3383624343109,25.010219294027124,18.671856859716222,18.174220912260523,111284.0,10.130993870928974,5.885936373731271,10390.245503510629,433.4687318944776,71.60119391488541
GR0000000344,2024,1,27550.0,4721.0,18956.0,262925.0,195718.0,1344.0,6065.0,104835.0,Tourism and Hospitality,S,Somewhat Compliant,TR-B37440D3,GR0000000344,2025-06-20,On-time,Agent-prepared,98286.63,95338.03,2948.6,737.45,69.57,667.89,Paid,GR0000000344,56231.0,28582.0,10249.0,36347.0,13715.0,5374.0,13496.0,14013.0,-517.0,4,95062.0,55436.0,1.0383076467101364,59.15192190359976,40,100.0,3.0000011191756193,11.01220115416323,25.010174320016283,13.997973165853052,18.081747507988744,104835.0,9.433859922706622,3.3921335549430998,6890.303025164486,512.6713560390242,77.98548094373866
GR0000000345,2022,50,2811596.0,854763.0,1317503.0,10243453.0,7039879.0,225899.0,1080662.0,13306047.0,Automotive,M,Compliant,TR-43EDC294,GR0000000345,2023-06-22,On-time,Self-prepared,13306047.0,12225385.0,1080662.0,282758.17,39159.49,243598.68,Paid,GR0000000345,9314233.0,2661210.0,1330604.0,6608880.0,2541876.0,1016751.0,2235416.0,2440202.0,-204787.0,4,13306047.0,10167507.0,1.0916097943291092,70.00000075153801,100,100.0,8.121585621935651,22.541616157503455,26.165273693347224,3.623657535843769,9.901535745364495,266120.94,13.849110000959477,0.0,735661.7885512029,325.6596038721742,61.564108072425775
GR0000000345,2023,59,4472710.0,1227009.0,1328757.0,14115271.0,8409604.0,462582.0,1689591.0,16936237.0,Automotive,M,Compliant,TR-549DE174,GR0000000345,2024-06-20,On-time,Agent-prepared,16936237.0,15246646.0,1689591.0,442086.11,69208.5,372877.61,Paid,GR0000000345,11855366.0,3387247.0,1693623.0,8220444.0,3161709.0,1264683.0,2845288.0,3035241.0,-189954.0,4,16936236.0,12646836.0,1.0667605528860347,70.00000472359974,100,100.0,9.976188925556485,22.069104889881633,26.165273726008248,4.0961688361266155,7.845644814724782,287054.86440677964,15.654981786240697,5.904499666975482e-06,1170296.8144705435,252.992294224709,62.22444558220855
GR0000000345,2024,63,3243014.0,821078.0,1529248.0,10267450.0,5948626.0,254236.0,1075315.0,12844404.0,Automotive,M,Compliant,TR-9034A8DD,GR0000000345,2025-06-14,On-time,Agent-prepared,12844404.0,11769089.0,1075315.0,281359.11,45058.08,236301.03,Paid,GR0000000345,8991083.0,2568881.0,1284440.0,6347569.0,2441372.0,976548.0,2157860.0,2343718.0,-185858.0,4,12844404.0,9765489.0,1.0861307035674233,70.00000155709833,100,99.99998730432957,8.37185594598239,21.97505196151825,26.165273431506115,4.190221469987865,11.90594752391781,203879.42857142858,16.014437918857507,0.0,848543.4805220237,333.76212673343815,66.84211045650743
GR0000000346,2023,15,808312.0,150785.0,302507.0,2913127.0,2021600.0,46187.0,196972.0,2374492.0,Tourism and Hospitality,M,Compliant,TR-35CBB02E,GR0000000346,2024-06-15,On-time,Agent-prepared,2374492.0,2177520.0,196972.0,48218.84,5802.64,42416.2,Paid,GR0000000346,1424695.0,712348.0,237450.0,782154.0,300828.0,120331.0,341927.0,288795.0,53132.0,4,2374493.0,1203313.0,0.8446101068356696,59.999966308597244,100,99.99979068156178,8.295332222639622,21.534126677903455,24.480047925593485,2.9459212476900305,12.739861831499116,158299.46666666667,12.033968465437992,4.211425344013975e-05,197875.1649883232,428.4217745000178,75.63168677441384
GR0000000346,2024,13,801553.0,175212.0,311893.0,3068934.0,1707600.0,59857.0,235069.0,1812811.0,Tourism and Hospitality,M,Compliant,TR-53973194,GR0000000346,2025-07-28,Late,Self-prepared,1812811.0,1577742.0,235069.0,57545.0,7382.45,50162.56,Paid,GR0000000346,1087686.0,543843.0,181281.0,563434.0,216706.0,86682.0,261045.0,208037.0,53007.0,4,1812810.0,866822.0,0.7969392250378288,60.0,80,100.0,12.967099162571277,21.3395045709983,24.480046284282487,3.140541713284186,17.20493752520257,139447.0,12.829003388652357,5.516297902907752e-05,196220.5453930548,327.8155360159293,70.67330544580334
GR0000000347,2022,11,356737.0,135873.0,298027.0,4617722.0,2663256.0,45689.0,181563.0,2280847.0,Energy,S,Compliant,TR-7E09EAC7,GR0000000347,2023-06-20,On-time,Agent-prepared,2280847.0,2099284.0,181563.0,45031.23,5258.49,39772.74,Paid,GR0000000347,1824677.0,342127.0,114043.0,1081454.0,415944.0,166378.0,437922.0,399307.0,38616.0,4,2280847.0,1663776.0,0.9118221966468915,79.99997369398298,100,100.0,7.9603322800696406,21.90575172254259,24.80198608747377,2.896234364931182,13.066505556926877,207349.72727272726,11.677429197470287,0.0,88477.86110887131,193.6524351788643,49.10452237923176
GR0000000347,2023,10,464961.0,194686.0,265354.0,5021041.0,3382618.0,72863.0,267549.0,2124435.0,Energy,S,Compliant,TR-BFC49567,GR0000000347,2024-06-14,On-time,Agent-prepared,2124435.0,1856886.0,267549.0,66357.46,7099.0,59258.47,Paid,GR0000000347,1699548.0,318665.0,106221.0,1073892.0,413035.0,165215.0,407891.0,396514.0,11377.0,4,2124434.0,1652142.0,0.9721077444709494,80.0000376570889,100,16.106638775108312,12.593889669488592,22.14864193101077,24.80198393565291,2.653342004642141,12.490568080454333,212443.5,10.698118945481035,4.707136112003241e-05,115319.55252705113,158.26901517512474,42.45775452134695
GR0000000347,2024,9,248574.0,105709.0,300253.0,2421380.0,1387319.0,36698.0,142407.0,1284795.0,Energy,S,Compliant,TR-78A53535,GR0000000347,2025-06-25,On-time,Agent-prepared,1284795.0,1142388.0,142407.0,35319.76,3883.37,31436.39,Paid,GR0000000347,1027837.0,192719.0,64241.0,636472.0,244796.0,97918.0,246681.0,235005.0,11676.0,4,1284797.0,979186.0,0.9526676152601944,79.99995330001549,100,99.99909538766002,11.08402507793072,22.075031424017077,24.801983048586095,2.7269516245690184,23.3697204612409,142755.0,10.994893510035176,0.0001556666150426267,61651.2813431924,167.9962977360957,42.71042023703203
GR0000000348,2022,15,299905.0,70362.0,357164.0,1576871.0,871664.0,21446.0,91808.0,1526770.0,Manufacturing,S,Compliant,TR-D35AF807,GR0000000348,2023-06-14,On-time,Agent-prepared,1526770.0,1434962.0,91808.0,26603.51,2995.69,23607.82,Paid,GR0000000348,916062.0,381692.0,229016.0,787956.0,303060.0,121224.0,219854.0,290937.0,-71082.0,4,1526770.0,1212240.0,1.3233191117741774,60.0,100,100.0,6.013217445980731,25.714338619728128,28.977333130010457,3.2629945102823292,23.393438435389744,101784.66666666667,11.26050660232428,0.0,86904.47092355786,405.22461495643876,69.3876394191494
GR0000000348,2023,13,226415.0,75764.0,279793.0,1063004.0,619881.0,27157.0,102921.0,1014944.0,Manufacturing,S,Compliant,TR-A5FF8F41,GR0000000348,2024-06-21,On-time,Agent-prepared,1014944.0,912023.0,102921.0,29823.76,3475.04,26348.72,Paid,GR0000000348,608966.0,253736.0,152241.0,529226.0,203548.0,81419.0,146153.0,195407.0,-49255.0,4,1014943.0,814193.0,1.3370030037016003,60.00001970554011,100,100.0,10.140559479143677,25.600917208344264,28.977332128525763,3.3764149201814995,27.567333764227385,78072.61538461539,11.651917799767702,9.852770057605653e-05,65609.0265388016,241.5915842648363,54.54320605966919
GR0000000348,2024,15,415797.0,142649.0,318616.0,2692574.0,1440181.0,54470.0,197118.0,2259938.0,Manufacturing,S,Compliant,TR-4AD04A8D,GR0000000348,2025-06-21,On-time,Agent-prepared,2259938.0,2062820.0,197118.0,57119.53,5527.89,51591.64,Paid,GR0000000348,1355962.0,564985.0,338990.0,1167082.0,448879.0,179551.0,325432.0,430924.0,-105491.0,4,2259937.0,1795512.0,1.3241598859362325,59.999991150195775,100,100.0,8.722274681871804,26.17297253421808,28.97732830081474,2.804355766596661,14.098439868704363,150662.53333333333,9.677758202842355,4.424902109168016e-05,120486.86175493867,221.19857124093753,52.592731549289674
GR0000000349,2022,49,545762.0,153912.0,805099.0,2601310.0,1848148.0,47970.0,201882.0,2683663.0,Automotive,S,Compliant,TR-64464CA5,GR0000000349,2023-06-23,On-time,Agent-prepared,2683663.0,2481781.0,201882.0,51032.7,4836.75,46195.95,Paid,GR0000000349,1878564.0,536733.0,268367.0,1396713.0,537197.0,214878.0,450855.0,515710.0,-64854.0,4,2683664.0,2148788.0,1.1438489092945625,69.99997019000888,100,100.0,7.522628586376158,22.882649270365857,25.278479507831307,2.39583023746545,30.00000372625028,54768.63265306123,9.477746621284002,3.726248889446282e-05,137960.3353315303,287.5971134699402,63.00915050882986
GR0000000349,2023,49,1184488.0,215826.0,1215247.0,4415722.0,2819840.0,74018.0,289844.0,6090169.0,Automotive,S,Compliant,TR-2B7BCAA7,GR0000000349,2024-06-10,On-time,Agent-prepared,6090169.0,5785660.55,304508.45,76975.1,8179.82,68795.28,Paid,GR0000000349,4263118.0,1218034.0,609017.0,3100766.0,1192602.0,477040.0,1023148.0,1144898.0,-121749.0,4,6090169.0,4770408.0,1.1189954923432388,69.99999507402832,100,99.9995929953334,5.0,23.73527828763059,25.278477493810108,1.5431992061795192,19.954241007105058,124289.16326530612,10.626579244456973,0.0,299420.5324968815,404.5239434960165,75.53001803310796
GR0000000349,2024,47,1039616.0,269476.0,1015112.0,4616214.0,3380512.0,85932.0,355407.0,6755247.0,Automotive,S,Compliant,TR-9193F6E7,GR0000000349,2025-06-13,On-time,Agent-prepared,6755247.0,6399840.0,355407.0,89841.48,8885.51,80955.97,Paid,GR0000000349,4728674.0,1351049.0,675526.0,3451750.0,1327596.0,531038.0,1134882.0,1274493.0,-139611.0,4,6755249.0,5310384.0,1.123018075888066,69.999995559009,100,100.0,5.2611991833903335,22.77838365592124,25.278477914053465,2.5000942581322256,15.02701529640589,143728.6595744681,9.890208843398396,2.9606606655185885e-05,262799.10095096607,305.822162815908,65.8136273393253
GR0000000350,2022,4,206330.0,57140.0,125161.0,858627.0,514462.0,19627.0,76767.0,941966.0,Automotive,M,Compliant,TR-11FA3BEF,GR0000000350,2023-06-10,On-time,Agent-prepared,941966.0,865199.0,76767.0,20818.86,3089.01,17729.85,Paid,GR0000000350,659376.0,188393.0,94197.0,454884.0,174956.0,69982.0,158250.0,167958.0,-9707.0,4,941966.0,699822.0,1.061345971563981,69.99997876781116,100,100.0,8.149657206311057,23.095666106530146,27.119543553870805,4.023877447340659,13.287209941760105,235491.5,14.83755594686741,0.0,55955.754214701636,285.09580789066916,62.79406775553724
GR0000000350,2023,4,149185.0,38536.0,90046.0,444491.0,267883.0,14453.0,52989.0,588761.0,Automotive,M,Compliant,TR-8AB095C3,GR0000000350,2024-06-22,On-time,Agent-prepared,588761.0,535772.0,52989.0,14370.37,2171.6,12198.77,Paid,GR0000000350,412133.0,117751.0,58877.0,286388.0,110149.0,44061.0,98912.0,105744.0,-6832.0,4,588761.0,440598.0,1.0690714978971207,70.000050954462,100,100.0,9.000086622585396,23.021325180697882,27.11953424295609,4.098209062258206,15.294151616700155,147190.25,15.111649874011594,0.0,40458.27716035404,279.9299602875115,64.48101350671985
GR0000000350,2024,4,175943.0,36450.0,103424.0,541764.0,355596.0,12920.0,49369.0,832815.0,Automotive,M,Compliant,TR-BF0A9CFC,GR0000000350,2025-06-14,On-time,Agent-prepared,832815.0,783446.0,49369.0,13388.65,2062.23,11326.42,Paid,GR0000000350,582971.0,166563.0,83282.0,421606.0,162157.0,64862.0,139912.0,155671.0,-15757.0,4,832816.0,648625.0,1.112635084910515,69.99997598509154,100,99.99629185567902,5.92796719559566,22.942372744029655,27.11954870465272,4.177175960623064,12.418604371919335,208203.75,15.402822539987229,0.00012007454227580538,47714.947577427134,369.3107397633679,71.94034431605691
GR0000000351,2022,8,328908.0,103453.0,194335.0,912811.0,456312.0,36443.0,139896.0,849977.0,Healthcare,S,Compliant,TR-B0C17391,GR0000000351,2023-06-14,On-time,Agent-prepared,849977.0,710081.0,139896.0,40378.98,3568.17,36810.81,Partial,GR0000000351,722479.0,84998.0,42499.0,333947.0,128441.0,51377.0,173396.0,123305.0,50091.0,4,849976.0,513765.0,0.7111179035271863,84.99992940977157,100,95.84840637956793,16.45879829689509,26.31298250128667,28.86357008063133,2.5505875793446613,22.863559837501484,106247.125,8.836701670027326,0.00011765038072653056,94934.59108080289,260.50158077217264,57.46652559378307
GR0000000351,2023,7,296850.0,108040.0,204484.0,804822.0,494774.0,40152.0,148192.0,661656.0,Healthcare,S,Compliant,TR-7E43D35C,GR0000000351,2024-06-14,On-time,Agent-prepared,661656.0,513464.0,148192.0,42773.5,3710.3,39063.21,Partial,GR0000000351,562408.0,66166.0,33083.0,257628.0,99088.0,39636.0,134978.0,95124.0,39853.0,4,661657.0,396352.0,0.7047370682629762,84.99993198893083,100,99.04175580657004,22.39713688079606,26.359864230187863,28.86356888361045,2.503704653422588,30.904881086244213,94522.28571428571,8.674296001028676,0.00015113570929203846,85681.50423099763,213.39286768030888,50.0784908202796
GR0000000351,2024,6,277699.0,98856.0,175782.0,1411441.0,725917.0,37435.0,136291.0,919388.0,Healthcare,S,Compliant,TR-C1B26000,GR0000000351,2025-06-18,On-time,Agent-prepared,919388.0,783097.0,136291.0,39338.45,3866.48,35471.97,Paid,GR0000000351,781480.0,91939.0,45970.0,344238.0,132399.0,52959.0,187555.0,127104.0,60452.0,4,919389.0,529596.0,0.677689211164725,84.99992930087265,100,100.0,14.824100379817878,26.026641524385326,28.863571328994574,2.836929804609248,19.119457726226578,153231.33333333334,9.828755327167187,0.00010876788824054628,80153.84894490465,214.11472938401133,50.92132128671692
GR0000000352,2022,40,1833601.0,577221.0,1180594.0,4533536.0,2439017.0,246310.0,823532.0,4189413.0,Technology and Innovation,S,Compliant,TR-EB486EDC,GR0000000352,2023-06-12,On-time,Agent-prepared,4189413.0,3365881.0,823532.0,239707.1,26553.81,213153.29,Paid,GR0000000352,1675766.0,1466294.0,1047354.0,1776213.0,683159.0,273264.0,402183.0,655832.0,-253648.0,4,4189414.0,2732636.0,1.6306805608392199,40.00000954787472,100,99.99986394767821,19.657455591033877,25.882818154000088,29.10719923451669,3.2243810805166007,28.18041572888612,104735.325,11.07760679596057,2.3869686782695965e-05,533709.8962360903,216.68218758316362,55.08663007928115
GR0000000352,2023,46,2011371.0,865249.0,1342499.0,3687364.0,1677083.0,247430.0,1112679.0,4071424.0,Technology and Innovation,S,Compliant,TR-993BC314,GR0000000352,2024-06-22,On-time,Agent-prepared,4071424.0,2958745.0,1112679.0,323869.7,41300.46,282569.24,Paid,GR0000000352,1628570.0,1424999.0,1017856.0,1663619.0,639853.0,255941.0,390856.0,614259.0,-223402.0,4,4071425.0,2559413.0,1.5715736741920299,40.0,100,99.99991506506511,27.328988579917002,25.395396156483585,29.107199830319434,3.711803673835849,32.973696672220825,88509.21739130435,12.75218398016239,2.4561425049363095e-05,585453.7762990943,236.6139014263001,44.68056862707079
GR0000000352,2024,49,3170360.0,1253575.0,1228242.0,8524470.0,3892756.0,440156.0,1693731.0,6198266.0,Technology and Innovation,S,Compliant,TR-1E845843,GR0000000352,2025-06-14,On-time,Agent-prepared,6198266.0,4504535.0,1693731.0,492997.67,58291.7,434705.96,Partial,GR0000000352,2479307.0,2169393.0,1549567.0,2648264.0,1018563.0,407425.0,595034.0,977820.0,-382787.0,4,6198267.0,4074252.0,1.643301055065761,40.00000322670837,100,95.8601993862702,27.325884368305587,25.665584440504425,29.10720002172718,3.441615581222756,19.815896897616202,126495.22448979592,11.823930121211323,1.6133541846929944e-05,922803.0266088299,209.65362885177748,46.57606707124743
GR0000000353,2022,246,7252656.0,1818647.0,7600888.0,19923392.0,12354918.0,590235.0,2408882.0,35158376.0,Automotive,M,Compliant,TR-9095CE8A,GR0000000353,2023-06-16,On-time,Agent-prepared,35158376.0,32749494.0,2408882.0,500575.63,79733.07,420842.56,Paid,GR0000000353,24610863.0,7031675.0,3515838.0,17314024.0,6659240.0,2663697.0,5906607.0,6392870.0,-486263.0,4,35158376.0,26636961.0,1.082325267281199,69.99999943114551,100,100.0,6.851516691214635,17.470451437637873,20.780413071291996,3.3099616336541224,21.618996281284435,142920.2276422764,15.92827641249735,0.0,1507131.8754398432,255.34437561985362,66.78620907981848
GR0000000353,2023,234,10692598.0,2034178.0,6260959.0,21469473.0,13497063.0,550833.0,2585011.0,39368801.0,Automotive,M,Compliant,TR-97F49584,GR0000000353,2024-06-23,On-time,Agent-prepared,39368801.0,36783790.0,2585011.0,537175.96,82799.55,454376.41,Paid,GR0000000353,27558161.0,7873759.0,3936880.0,18624584.0,7163302.0,2865321.0,6613959.0,6876769.0,-262810.0,4,39368800.0,28653207.0,1.039735656057136,70.0000025400825,100,99.99990976644233,6.566141041481045,17.57734918729553,20.780412926676135,3.2030637393806067,15.90335199692772,168242.7393162393,15.413859920313635,2.5400824998911276e-06,2221966.0169895138,403.38287956413535,75.8242945259889
GR0000000353,2024,218,9224155.0,1560066.0,6015112.0,31823366.0,20625567.0,579229.0,2139294.0,47120883.0,Automotive,M,Compliant,TR-88C9A44C,GR0000000353,2025-06-17,On-time,Agent-prepared,47120883.0,44764838.85,2356044.15,489595.71,63478.18,426117.53,Paid,GR0000000353,32984618.0,9424176.0,4712088.0,23524508.0,9047888.0,3619155.0,7916309.0,8685972.0,-769664.0,4,47120882.0,36191551.0,1.0972249819960287,70.00000127332082,100,100.0,5.0,19.918605390376452,20.780413219336317,0.861807828959865,12.765278613306123,216150.8394495413,12.965428148870012,2.12220137019159e-06,1916817.5249920718,330.92568310496745,76.80769674837424
GR0000000354,2022,73,2412489.0,607357.0,1728210.0,7409053.0,3757054.0,233397.0,840754.0,9867417.0,Agriculture and Food Production,L,Compliant,TR-E5E769AA,GR0000000354,2023-06-14,On-time,Agent-prepared,9867417.0,9026663.0,840754.0,169317.85,35327.16,133990.68,Paid,GR0000000354,6413821.0,2466854.0,986742.0,4202414.0,1616312.0,646526.0,1539317.0,1551661.0,-12344.0,4,9867417.0,6465252.0,1.008019140956671,64.99999949328178,100,100.0,8.5205074438427,15.936966104235006,20.138809925376506,4.2018438211415,17.51430997595419,135170.09589041097,20.864403841650482,0.0,485846.5741806164,208.16316155761058,65.14993436239503
GR0000000354,2023,77,3777262.0,761246.0,2117586.0,8093472.0,4156594.0,253056.0,1014301.0,13401799.0,Agriculture and Food Production,L,Compliant,TR-2ACDC901,GR0000000354,2024-06-15,On-time,Agent-prepared,13401799.0,12387498.0,1014301.0,204268.15,38181.94,166086.21,Partial,GR0000000354,8711170.0,3350450.0,1340179.0,5663256.0,2178176.0,871270.0,2090681.0,2091048.0,-367.0,4,13401799.0,8712702.0,1.0001755408883517,65.00000485009512,100,92.97646969712609,7.568394362577741,16.37444999068324,20.138809879907445,3.764359889224206,15.800759286122707,174049.33766233767,18.692067265503702,0.0,760695.6128459896,300.60366592611507,73.14718968395626
GR0000000354,2024,80,2463804.0,382100.0,1645823.0,5487235.0,3146959.0,140865.0,522965.0,8229116.0,Agriculture and Food Production,L,Compliant,TR-52F719B5,GR0000000354,2025-06-19,On-time,Self-prepared,8229116.0,7706151.0,522965.0,105318.92,21392.36,83926.57,Paid,GR0000000354,5348925.0,2057279.0,822911.0,3466578.0,1333299.0,533320.0,1283741.0,1279966.0,3775.0,4,8229115.0,5333197.0,0.9970593756840359,65.00000303799376,100,100.0,6.355056849362678,16.048219288097677,20.138808524471045,4.0905892363733685,19.99999756960529,102863.95,20.311981930692035,1.2151975026242212e-05,496180.7699782586,352.23850493611513,78.77408267865464
GR0000000355,2022,30,4790538.0,1920849.0,1186190.0,7795574.0,2780331.0,515378.0,2436227.0,8296188.0,Technology and Innovation,M,Compliant,TR-AD7C3A63,GR0000000355,2023-06-15,On-time,Agent-prepared,8296188.0,5859961.0,2436227.0,518265.44,90242.93,428022.5,Paid,GR0000000355,3318476.0,2903666.0,2074047.0,3205504.0,1232886.0,493154.0,796434.0,1183571.0,-387137.0,4,8296189.0,4931544.0,1.486087987202957,40.000004821490926,100,99.99988318371113,29.365619486925805,17.569072996892327,21.273282005330373,3.7042090084380455,14.29801253298503,276539.6,17.4124923321146,1.2053727316274632e-05,1019104.6583125136,197.73926289296665,49.14502295984292
GR0000000355,2023,32,5165002.0,1598110.0,1206929.0,6187873.0,2499971.0,555429.0,2153538.0,7735618.0,Technology and Innovation,M,Compliant,TR-F604BBF2,GR0000000355,2024-06-15,On-time,Agent-prepared,7735618.0,5582080.0,2153538.0,458128.21,73157.6,384970.6,Paid,GR0000000355,3094247.0,2707466.0,1933905.0,3108822.0,1195701.0,478280.0,742619.0,1147872.0,-405253.0,4,7735618.0,4782803.0,1.545707825951127,39.99999741455692,100,100.0,27.83924955963441,17.87619257240875,21.273281920263308,3.397089347854557,15.602231133957234,241738.0625,15.96880488979275,0.0,1098765.4366472384,197.8228426400563,58.30518555462321
GR0000000355,2024,32,4073366.0,1458314.0,1404659.0,5158051.0,2038553.0,474897.0,1933211.0,6963855.0,Technology and Innovation,M,Compliant,TR-8E34AB5B,GR0000000355,2025-06-13,On-time,Agent-prepared,6963855.0,5030644.0,1933211.0,411257.42,72459.86,338797.57,Paid,GR0000000355,2785542.0,2437349.0,1740963.0,2708523.0,1041739.0,416695.0,668530.0,1000070.0,-331540.0,4,6963854.0,4166957.0,1.495923892719848,40.00000574394581,100,100.0,27.76064406855111,17.525121158528478,21.273281602473812,3.748160443945334,20.170710044939188,217620.46875,17.6191009514187,1.4359864519697396e-05,866538.6198794234,182.4687500404137,52.540208761009936
GR0000000356,2022,1,18455.0,2733.0,17746.0,93369.0,68442.0,1002.0,3735.0,55123.0,Tourism and Hospitality,S,Compliant,TR-3D50CA4B,GR0000000356,2023-07-15,Extended,Self-prepared,55123.0,51388.0,3735.0,1015.89,83.59,932.3,Paid,GR0000000356,33073.0,16538.0,5514.0,20223.0,7778.0,3111.0,7937.0,7466.0,471.0,4,55125.0,31112.0,0.9406576792238881,59.996371882086166,80,99.97862181999572,6.77575603650019,24.961178045515396,27.199196787148594,2.238018741633198,32.19345826605954,55123.0,8.228253058894172,0.0036281179138342168,5019.611767068273,500.95925819044646,79.76158222703874
GR0000000356,2023,1,22685.0,4123.0,16095.0,125931.0,86925.0,1584.0,5707.0,76541.0,Tourism and Hospitality,S,Compliant,TR-558D607D,GR0000000356,2024-06-25,On-time,Agent-prepared,76541.0,70834.0,5707.0,1552.26,140.28,1411.98,Paid,GR0000000356,45925.0,22962.0,7654.0,26111.0,10043.0,4017.0,11023.0,9641.0,1380.0,4,76541.0,40171.0,0.8746257824548671,60.00052259573301,100,100.0,7.456134620660822,24.74119502365516,27.199229016996675,2.458033993341516,21.027945806822487,76541.0,9.037145838970275,0.0,6170.145102505695,389.5293625319252,74.84240687679083
GR0000000356,2024,1,30999.0,6451.0,19025.0,115360.0,86920.0,2100.0,8552.0,81521.0,Tourism and Hospitality,S,Compliant,TR-AA8DCAB2,GR0000000356,2025-06-25,On-time,Agent-prepared,81521.0,72969.0,8552.0,2326.08,217.04,2109.03,Paid,GR0000000356,48913.0,24456.0,8152.0,29354.0,11290.0,4515.0,11739.0,10838.0,901.0,4,81521.0,45159.0,0.9232472953403186,60.000490671115415,100,96.90933312957013,10.49054844763926,24.661248830682883,27.199251637043965,2.5380028063610816,23.337544927074006,81521.0,9.330719493740542,0.0,8431.496014967259,401.49981023653606,72.4120132907513
GR0000000357,2023,6,860741.0,341000.0,246438.0,9471533.0,7217080.0,107339.0,448339.0,1876622.0,Financial Services,S,Somewhat Compliant,TR-E97F48A4,GR0000000357,2024-06-29,On-time,Self-prepared,1767087.51,1621308.4,145779.11,34217.76,2667.16,31550.6,Paid,GR0000000357,1174318.0,445175.0,92146.0,529595.0,200544.0,78583.0,281837.0,204625.0,77211.0,4,1711639.0,808722.0,0.7260402289266491,68.60780807167866,60,81.8174796987172,8.249682552506977,7.037219603915787,23.47233427340859,16.4351146694928,13.131999944581274,312770.3333333333,7.794665694072317,3.2394979315147676,202036.0047482798,188.2223653548848,47.91243823635681
GR0000000357,2024,5,303175.0,142944.0,183533.0,4316625.0,3122590.0,38905.0,181849.0,615299.0,Financial Services,S,Somewhat Compliant,TR-82657957,GR0000000357,2025-06-20,On-time,Agent-prepared,583373.21,447500.52,135872.69,31892.49,2463.23,29429.26,Paid,GR0000000357,377314.0,146686.0,29687.0,180837.0,67251.0,26166.0,90556.0,69890.0,20665.0,4,553687.0,274254.0,0.77178762312823,68.1457213190846,80,80.71982698217322,23.290868979053737,16.18334992218819,23.472332813901016,7.288982891712827,29.82826235700042,123059.8,7.723542438987987,5.361550840095575,71162.2450085444,182.91285184049454,40.018471180011545
GR0000000358,2024,48,5869886.0,2136236.0,1427731.0,11141650.0,5505046.0,845469.0,2981705.0,10938671.0,Technology and Innovation,S,Compliant,TR-BD850025,GR0000000358,2025-06-23,On-time,Agent-prepared,10938671.0,7956966.0,2981705.0,838404.62,104645.2,733759.42,Paid,GR0000000358,4375468.0,3828535.0,2734668.0,4637949.0,1783826.0,713529.0,1050112.0,1712473.0,-662361.0,4,10938671.0,7135304.0,1.6307527197098977,39.99999634324865,100,99.99994276053042,27.25838449661755,24.60871950779839,28.118295404810333,3.509575897011942,13.052143171688774,227888.97916666666,12.481467480463072,0.0,1650511.8854056052,195.218498301606,49.20335761205584
GR0000000359,2022,5,663262.0,246005.0,169349.0,1253605.0,484124.0,76056.0,322061.0,1125694.0,Technology and Innovation,M,Compliant,TR-56B42159,GR0000000359,2023-06-15,On-time,Agent-prepared,1125694.0,803633.0,322061.0,66809.43,12799.34,54010.1,Partial,GR0000000359,450278.0,393993.0,281424.0,435603.0,167539.0,67015.0,108067.0,160837.0,-52771.0,4,1125695.0,670157.0,1.4883081791851351,40.0,100,0.0,28.609995256259698,16.770146028236887,20.74434035788251,3.9741943296456235,15.043963990214039,225138.8,19.157984134874376,8.88340092153328e-05,137589.32674449869,180.9052891875706,51.442868730607216
GR0000000359,2023,4,479684.0,223892.0,121633.0,562246.0,308642.0,60327.0,284218.0,701920.0,Technology and Innovation,M,Compliant,TR-4AED2FBF,GR0000000359,2024-06-19,On-time,Agent-prepared,701920.0,417702.0,284218.0,58959.15,10494.61,48464.54,Paid,GR0000000359,280768.0,245672.0,175479.0,264999.0,101922.0,40769.0,67385.0,97845.0,-30462.0,4,701919.0,407690.0,1.4520293833939304,40.00005698663236,100,100.0,40.49150900387509,17.05188974660296,20.74434061178391,3.692450865180952,17.32861294734443,175480.0,17.799798674166777,0.00014246658091021658,99507.28282022955,164.9465128718974,40.7489096988851
GR0000000359,2024,4,487118.0,161223.0,121815.0,951838.0,519930.0,46884.0,208107.0,837091.0,Technology and Innovation,M,Compliant,TR-56E84DC4,GR0000000359,2025-06-21,On-time,Agent-prepared,837091.0,628984.0,208107.0,43170.43,8624.11,34546.32,Paid,GR0000000359,334837.0,292982.0,209273.0,322311.0,123966.0,49586.0,80360.0,119008.0,-38646.0,4,837092.0,495863.0,1.4809357889497263,40.000023892236456,100,99.9990737074166,24.860737960389017,16.60026813129784,20.744343054294184,4.144074922996342,14.552181304063716,209272.75,19.976891589914672,0.00011946118227967872,101049.42899921675,215.53073329753593,57.277908022286184
GR0000000360,2022,6,282314.0,119517.0,198389.0,516355.0,224745.0,35782.0,155299.0,489287.0,Technology and Innovation,S,Compliant,TR-87D62C20,GR0000000360,2023-06-20,On-time,Self-prepared,489287.0,333988.0,155299.0,45593.56,5368.7,40224.86,Paid,GR0000000360,195715.0,171251.0,122321.0,205289.0,78958.0,31583.0,46972.0,75799.0,-28827.0,4,489287.0,315830.0,1.6137060376394448,40.000040875805,100,100.0,31.73985820183246,25.901557640422666,29.358566378405527,3.4570087379828607,40.54655038862672,81547.83333333333,11.775127890868799,0.0,82883.34308553177,231.63418222998092,44.990684131853186
GR0000000360,2023,5,293896.0,124178.0,152549.0,471860.0,218844.0,44035.0,168212.0,509882.0,Technology and Innovation,S,Compliant,TR-20E660DA,GR0000000360,2024-06-16,On-time,Agent-prepared,509882.0,341670.0,168212.0,49384.63,6537.65,42846.98,Paid,GR0000000360,203952.0,178459.0,127472.0,216758.0,83368.0,33347.0,48949.0,80034.0,-31084.0,4,509883.0,333473.0,1.6350487241823122,39.99976465189073,100,100.0,32.99037816592858,25.472011509285903,29.35856538178013,3.886553872494229,29.91849094496374,101976.4,13.238228169371727,0.00019612342438968255,86283.64931443654,195.94333896772235,42.76478754389308
GR0000000360,2024,5,367141.0,134733.0,137127.0,935432.0,425156.0,50744.0,185477.0,708949.0,Technology and Innovation,S,Compliant,TR-0ED6A226,GR0000000360,2025-06-15,On-time,Agent-prepared,708949.0,523472.0,185477.0,54453.38,6403.38,48050.0,Paid,GR0000000360,283579.0,248132.0,177238.0,306002.0,117692.0,47077.0,68059.0,112984.0,-44926.0,4,708949.0,470771.0,1.660089040391425,39.99991536767807,100,100.0,26.162248624372136,25.906177046210583,29.358561978035013,3.4523849318244295,19.342294015507463,141789.8,11.759380225800493,0.0,107787.31803177753,212.4139169789089,49.480717217635735
GR0000000361,2024,222,5901698.0,1284411.0,4596153.0,18661572.0,8460301.0,400495.0,1684906.0,22124777.0,Agriculture and Food Production,M,Compliant,TR-CE00A5F6,GR0000000361,2025-06-11,On-time,Agent-prepared,22124777.0,20439871.0,1684906.0,460032.58,74836.33,385196.25,Paid,GR0000000361,14381104.0,5531194.0,2212477.0,10152097.0,3904652.0,1561860.0,3451465.0,3748466.0,-297002.0,4,22124775.0,15618609.0,1.0860507060045517,65.000001129955,100,99.99993509801823,7.615471107347206,22.861586937194122,27.303159938892733,4.441573001698611,20.773782262302575,99661.15765765766,16.267615219774218,9.039639947694411e-06,1611350.0440504337,402.33961573813247,71.45048763932007
GR0000000362,2022,11,93599.0,24751.0,148101.0,584571.0,343451.0,8135.0,32886.0,592404.0,Agriculture and Food Production,S,Compliant,TR-00246CA6,GR0000000362,2023-06-22,On-time,Agent-prepared,592404.0,559518.0,32886.0,9253.54,943.45,8310.09,Paid,GR0000000362,385063.0,148101.0,59241.0,285292.0,109727.0,43891.0,92415.0,105338.0,-12924.0,4,592405.0,438910.0,1.139836606611481,64.9999577991408,100,0.0,5.551279194603683,25.269385148695495,28.138235115246612,2.8688499665511173,25.0,53854.90909090909,10.195557592013435,0.0001688034368396707,26337.106685519677,323.7505431532843,64.86500924155173
GR0000000362,2023,11,161634.0,32813.0,217665.0,1015932.0,576980.0,10646.0,43460.0,870658.0,Agriculture and Food Production,S,Compliant,TR-C5287407,GR0000000362,2024-06-18,On-time,Agent-prepared,870658.0,827125.1,43532.9,12249.39,1373.5,10875.88,Paid,GR0000000362,565928.0,217664.0,87066.0,416988.0,160380.0,64152.0,135822.0,153965.0,-18142.0,4,870658.0,641520.0,1.133579243421537,65.00003445669826,100,100.0,5.0,25.025034514496085,28.138235679221918,3.113201164725833,25.00005742783045,79150.72727272728,11.21280324979448,0.0,45480.95585775356,427.2116838038095,73.11209275276241
GR0000000362,2024,10,173904.0,48320.0,194634.0,747976.0,407338.0,19654.0,67974.0,836541.0,Agriculture and Food Production,S,Compliant,TR-53ACAFE3,GR0000000362,2025-06-10,On-time,Agent-prepared,836541.0,768567.0,67974.0,19126.68,2205.12,16921.56,Paid,GR0000000362,543752.0,209135.0,83655.0,412471.0,158642.0,63457.0,130500.0,152297.0,-21797.0,4,836542.0,634570.0,1.1670268199233715,64.99996413808272,100,100.0,8.125602929204904,24.894165416188542,28.138229322976432,3.24406390678789,23.26652250158689,83654.1,11.529026469831669,0.00011953972424150194,48933.506321828936,248.97479557254977,60.912917471708525
GR0000000363,2022,133,24460309.0,8670090.0,6929307.0,43940846.0,17752082.0,2253938.0,10924028.0,47104847.0,Healthcare,L,Somewhat Compliant,TR-2BF532FE,GR0000000363,2023-06-29,On-time,Agent-prepared,44555372.9,39817317.22,4738055.69,1222616.12,255961.29,966654.83,Paid,GR0000000363,35492429.0,4472817.0,2325648.0,15125439.0,5706294.0,2217880.0,8518183.0,5797135.0,2721047.0,4,42290894.0,23049613.0,0.6805600443193108,83.92451812439813,60,77.69681856301273,10.634083796434798,8.848886418086808,25.804173694716535,16.955287276629726,14.710390631350528,354171.7819548872,20.935540257722103,5.354530694007087,6311780.620624381,280.0334623500904,55.339779231734155
GR0000000363,2023,134,28069784.0,9496244.0,6449520.0,38075518.0,20436891.0,2366086.0,11862331.0,51826531.0,Healthcare,L,Somewhat Compliant,TR-C6876B66,GR0000000363,2024-08-25,Late,Agent-prepared,49732854.73,42810251.99,6922602.74,1786320.43,423553.59,1362766.84,Paid,GR0000000363,40221237.0,4807500.0,2521950.0,16907008.0,6288748.0,2458947.0,9653096.0,6499777.0,3153321.0,4,47550687.0,25654703.0,0.6733359950009821,84.586027116706,20,45.72377848168693,13.919576460235106,11.488187608320827,25.804173619241944,14.315986010921117,12.444437000809488,386765.1567164179,23.710952575289085,4.589140278877557,7243175.797906196,306.12478996563084,57.73985649479882
GR0000000363,2024,129,13085536.0,3311730.0,6084071.0,21925451.0,10872204.0,787554.0,4099284.0,31099596.0,Healthcare,L,Somewhat Compliant,TR-7F7F6691,GR0000000363,2025-07-17,Extended,Self-prepared,28500366.54,27645355.55,855011.0,220628.52,46781.62,173846.9,Paid,GR0000000363,23394949.0,2928010.0,1518049.0,9104678.0,3473882.0,1352072.0,5614787.0,3527103.0,2087684.0,4,27841008.0,13930632.0,0.6281810868337481,84.03053869313926,80,69.96610128121618,3.0000000133331617,4.2409089001884235,25.80417327964202,21.563264379453596,19.563183393121893,241082.13953488372,21.203795411400126,2.3682998115585496,3376614.384009937,428.7470299192102,68.67316707546408
GR0000000364,2022,9,160236.0,42313.0,183368.0,732535.0,544149.0,14173.0,56486.0,763249.0,Automotive,S,Somewhat Compliant,TR-339D9B47,GR0000000364,2023-07-28,Extended,Self-prepared,702383.03,681311.54,21071.49,5957.41,626.96,5330.45,Partial,GR0000000364,474603.0,142972.0,75599.0,382017.0,141366.0,55627.0,113905.0,148479.0,-34576.0,4,693174.0,579010.0,1.303533646459769,68.46809026305084,60,73.07075387631438,2.999999871864786,9.436763091739547,28.2723718161364,18.835608724396852,24.02466298678413,84805.44444444444,10.524036452082365,1.3285307873636354,45302.51770330432,319.639580210995,64.74824633665344
GR0000000364,2023,6,138026.0,23025.0,140498.0,601477.0,393403.0,7075.0,30100.0,653881.0,Automotive,S,Somewhat Compliant,TR-995346C9,GR0000000364,2024-06-21,On-time,Agent-prepared,620237.66,601630.53,18607.13,5260.68,537.57,4723.11,Partial,GR0000000364,414080.0,121777.0,63289.0,328250.0,123779.0,48412.0,99379.0,128624.0,-29244.0,4,599146.0,500441.0,1.2942774630455127,69.11170232297303,80,86.46844981378796,3.000000032245704,15.691395348837208,28.272388057696162,12.580992708858954,21.486784292554763,108980.16666666667,10.218640936152742,3.5202872087938486,39023.2463405157,551.5653193005753,78.19251445379855
GR0000000364,2024,4,151468.0,28016.0,75422.0,732412.0,383712.0,9312.0,37328.0,839254.0,Automotive,S,Somewhat Compliant,TR-F8DB86AF,GR0000000364,2025-06-27,On-time,Self-prepared,797237.22,773320.1,23917.12,6761.93,723.49,6038.44,Paid,GR0000000364,539235.0,157702.0,81533.0,442257.0,167327.0,65007.0,129416.0,171003.0,-41586.0,4,778470.0,674591.0,1.3213435742102986,69.26856526263055,80,99.99271334980558,3.000000426472813,16.176703814830688,28.272342154908287,12.095638340077599,8.986790649791363,209813.5,10.699460065395531,2.4107826891209605,42823.55121519649,459.87490566147426,75.35585074075051
GR0000000365,2022,3,292641.0,100650.0,86961.0,795393.0,412028.0,29105.0,129754.0,582222.0,Technology and Innovation,S,Compliant,TR-B91DCA3A,GR0000000365,2023-06-25,On-time,Agent-prepared,582222.0,452468.0,129754.0,35569.55,3898.18,31671.36,Paid,GR0000000365,232888.0,203778.0,145556.0,250133.0,96205.0,38483.0,55893.0,92357.0,-36463.0,4,582222.0,384821.0,1.652389386864187,39.999862595367404,100,99.99886332636173,22.286000872519416,24.40877352528631,27.413066263853143,3.004292738566832,14.936055319105085,194074.0,10.959317731036798,0.0,80221.87124520248,275.62917452397346,55.66103177613526
GR0000000365,2023,2,248041.0,90100.0,65980.0,473140.0,247772.0,32886.0,122986.0,429456.0,Technology and Innovation,S,Compliant,TR-3B5F2F43,GR0000000365,2024-06-11,On-time,Self-prepared,429456.0,306470.0,122986.0,33714.23,4505.61,29208.62,Paid,GR0000000365,171782.0,150310.0,107364.0,181817.0,69930.0,27972.0,41229.0,67133.0,-25904.0,4,429456.0,279719.0,1.6282956171626768,39.99990685890988,100,100.0,28.637625274766215,23.74954872912364,27.413063275494775,3.663514546371136,15.363622815841438,214728.0,13.364119542400937,0.0,67995.63627917,206.76165018296538,50.417068145992
GR0000000365,2024,2,117014.0,35365.0,51856.0,257451.0,110884.0,14998.0,50363.0,216093.0,Technology and Innovation,S,Compliant,TR-7261ADFB,GR0000000365,2025-06-17,On-time,Agent-prepared,216093.0,165730.0,50363.0,13806.04,1707.63,12098.41,Paid,GR0000000365,86437.0,75632.0,54024.0,94741.0,36439.0,14577.0,20744.0,34981.0,-14236.0,4,216093.0,145757.0,1.686318935595835,39.999907447256504,100,99.99661112493294,23.30616910311764,24.02241725075949,27.413061175863234,3.3906439251037455,23.997075333305567,108046.5,12.368716880437837,0.0,32077.119404324607,213.87597949276307,56.95985095800502
GR0000000366,2022,19,853106.0,239348.0,438813.0,3140155.0,1897587.0,84651.0,323999.0,4140432.0,Manufacturing,M,Compliant,TR-0A4D12D9,GR0000000366,2023-06-13,On-time,Self-prepared,4140432.0,3816433.0,323999.0,66586.36,11417.28,55169.08,Paid,GR0000000366,2484260.0,1035107.0,621065.0,2040651.0,784865.0,313946.0,596223.0,753471.0,-157249.0,4,4140432.0,3139462.0,1.2637402448412758,60.00001932165533,100,99.99985499123784,7.825246254497115,17.027546381315993,20.551409109287373,3.5238627279713803,10.598241922581991,217917.47368421053,17.14657476396067,0.0,175325.30419587716,207.1154554534231,62.0212494109759
GR0000000366,2023,18,361764.0,105046.0,494466.0,1532245.0,773584.0,33934.0,138979.0,1765948.0,Manufacturing,M,Compliant,TR-D0F98CD3,GR0000000366,2024-06-19,On-time,Agent-prepared,1765948.0,1626969.0,138979.0,28562.14,4742.75,23819.39,Paid,GR0000000366,1059568.0,441487.0,264892.0,858927.0,330356.0,132143.0,254297.0,317142.0,-62846.0,4,1765947.0,1321426.0,1.2471322901961093,59.9999886746318,100,99.9983626784733,7.869937280146415,17.13884111988142,20.551407047107837,3.4125659272264173,28.00003171101301,98108.22222222222,16.60502329307258,5.66268410162607e-05,74347.5921898992,219.09469025136792,61.58296569033956
GR0000000366,2024,19,699869.0,222272.0,564506.0,1759720.0,982536.0,83697.0,305968.0,2599375.0,Manufacturing,M,Compliant,TR-9FE37DA6,GR0000000366,2025-06-20,On-time,Agent-prepared,2599375.0,2293407.0,305968.0,62880.74,9839.88,53040.85,Paid,GR0000000366,1559625.0,649844.0,389907.0,1274724.0,490279.0,196111.0,374310.0,470667.0,-96357.0,4,2599376.0,1961114.0,1.2574256632203253,59.99997691753713,100,100.0,11.770829526328445,17.33542396590493,20.55141060503059,3.21598663912566,21.716989660976196,136809.2105263158,15.64847996381722,3.847077144625288e-05,143832.95188732154,171.8495906511841,56.28210422236162
GR0000000367,2022,8,240399.0,51409.0,160712.0,481269.0,321602.0,17776.0,69186.0,892844.0,Consumer Goods and Retail,M,Compliant,TR-08D36186,GR0000000367,2023-06-25,On-time,Agent-prepared,892844.0,823658.0,69186.0,14028.24,1678.83,12349.41,Paid,GR0000000367,714275.0,133926.0,44642.0,451420.0,173623.0,69450.0,171426.0,166678.0,4748.0,4,892843.0,694493.0,0.9723029178771014,80.00006720106447,100,99.99760197597179,7.748946064486069,17.84957939467522,20.276125227647213,2.4265458329719927,18.000008960131893,111605.5,11.967502694564677,0.00011200177409964596,48743.60228601162,274.21018387720306,71.22034617448492
GR0000000367,2023,7,206404.0,59013.0,134604.0,313642.0,159162.0,15262.0,74275.0,747802.0,Consumer Goods and Retail,M,Compliant,TR-BDEC6D90,GR0000000367,2024-06-13,On-time,Agent-prepared,747802.0,673527.0,74275.0,15060.09,1606.91,13453.17,Paid,GR0000000367,598242.0,112170.0,37390.0,368197.0,141614.0,56645.0,143578.0,135949.0,7629.0,4,747802.0,566456.0,0.9468651186114865,80.00005349009497,100,95.34122910497355,9.932442010050789,18.112648939750926,20.27612251767082,2.163473577919895,17.999951858914525,106828.85714285714,10.669989355973303,0.0,41850.72792137328,274.21522684689614,64.01474777620588
GR0000000367,2024,7,254679.0,43247.0,139648.0,315777.0,205150.0,16625.0,59872.0,775823.0,Consumer Goods and Retail,M,Compliant,TR-4F378530,GR0000000367,2025-06-21,On-time,Agent-prepared,775823.0,715951.0,59872.0,12139.72,1413.85,10725.86,Paid,GR0000000367,620659.0,116372.0,38790.0,366577.0,140991.0,56397.0,148958.0,135352.0,13606.0,4,775821.0,563965.0,0.9086588165791699,80.00028357056588,100,99.14983893545335,7.717224160665513,17.914651256012828,20.276122394441472,2.3614711384286444,17.99998195464687,110831.85714285714,11.646479490466008,0.00025779142354132034,51639.0257529396,310.6106812206893,76.49119087164627
GR0000000368,2022,173,18869386.0,7017760.0,6274881.0,54261550.0,28757807.0,1470649.0,8488409.0,63466593.0,Logistics and Transportation,L,Somewhat Compliant,TR-45912D76,GR0000000368,2023-06-20,On-time,Agent-prepared,58479231.95,56724854.99,1754376.96,469648.66,82463.46,387185.2,Paid,GR0000000368,31541626.0,18220521.0,9325255.0,24334825.0,9154110.0,3564051.0,7569991.0,9319345.0,-1749354.0,4,59087402.0,37052986.0,1.2310906314155459,53.38130452917865,60,99.99994834513302,3.000000002565013,4.5613400579543235,26.77011102562587,22.208770967671548,9.886903807803264,366858.9190751445,17.558542592243317,1.0292719419276453,5051355.582053904,343.4779870692398,55.014916754578024
GR0000000368,2023,144,7214189.0,2036255.0,5213195.0,16190415.0,7690792.0,580710.0,2616965.0,23728429.0,Logistics and Transportation,L,Somewhat Compliant,TR-356DCB19,GR0000000368,2024-06-27,On-time,Agent-prepared,22536897.36,21860790.44,676106.92,180994.57,35838.73,145155.84,Paid,GR0000000368,11931170.0,6565303.0,3515126.0,8833843.0,3273198.0,1274570.0,2863481.0,3387080.0,-523599.0,4,22011599.0,13381611.0,1.1828540157940632,54.20401307510645,80,0.0,2.9999999964502657,5.54672454541807,26.770110561802856,21.223386016384787,21.97024927356126,164780.75694444444,19.800997344837473,2.3864616105354175,1931246.37143742,332.5664051656455,63.72475131993354
GR0000000368,2024,143,11409755.0,3140588.0,4286590.0,28908052.0,21323116.0,642369.0,3782957.0,32525575.0,Logistics and Transportation,L,Somewhat Compliant,TR-3ED4C748,GR0000000368,2025-06-28,On-time,Agent-prepared,30847805.86,29922371.69,925434.18,247739.75,45717.85,202021.9,Paid,GR0000000368,15778593.0,9304547.0,4705630.0,12346177.0,4618516.0,1798741.0,3786862.0,4759266.0,-972403.0,4,29788770.0,18763434.0,1.2567835849312703,52.96825951524685,100,100.0,3.000000013615231,5.340317111719747,26.770110220048277,21.429793108328532,13.179136725484483,227451.57342657342,18.45398245537908,3.555151354016961,3054403.9893374695,475.4905652884043,66.84453785379264
GR0000000369,2022,42,1909375.0,482399.0,773201.0,4315108.0,2893058.0,137370.0,619769.0,7478884.0,Consumer Goods and Retail,M,Compliant,TR-70010D4D,GR0000000369,2023-06-21,On-time,Agent-prepared,7478884.0,6859115.0,619769.0,162134.12,18059.5,144074.61,Paid,GR0000000369,5983108.0,1121832.0,373944.0,3684816.0,1417238.0,566894.0,1435946.0,1360547.0,75399.0,4,7478884.0,5668948.0,0.9474917580466118,80.00001069678311,100,99.90905056876771,8.286918208652521,23.246501519114375,26.160411379078337,2.9139098599639617,10.338454239964143,178068.66666666666,11.138617830719408,0.0,499500.354769277,363.6167684132467,67.54073977086743
GR0000000369,2023,50,2147630.0,531173.0,1229217.0,3034023.0,2002707.0,173209.0,704382.0,7633630.0,Consumer Goods and Retail,M,Compliant,TR-60E1F41C,GR0000000369,2024-06-10,On-time,Agent-prepared,7633630.0,6929248.0,704382.0,184269.22,17929.67,166339.55,Paid,GR0000000369,6106903.0,1145045.0,381682.0,3554233.0,1367013.0,546805.0,1465656.0,1312332.0,153325.0,4,7633630.0,5468051.0,0.8953888224794904,79.99998690007244,100,90.81582552710333,9.227353172736954,23.61496318758855,26.160410118373267,2.545446930784717,16.1026536523253,152672.6,9.730149180639067,0.0,561828.8158252198,324.36467840887013,67.20189231850924
GR0000000369,2024,50,1678360.0,375180.0,987152.0,2571727.0,1461590.0,117836.0,493016.0,5484177.0,Consumer Goods and Retail,M,Compliant,TR-9B70C037,GR0000000369,2025-06-24,On-time,Self-prepared,5484177.0,4991161.0,493016.0,128975.01,12641.87,116333.14,Paid,GR0000000369,4387342.0,822626.0,274208.0,2661636.0,1023706.0,409482.0,1052961.0,982759.0,70204.0,4,5484176.0,4094824.0,0.933328964700497,80.00002188113584,100,99.06231005793269,8.989790081538214,23.5962200009736,26.16041061547698,2.5641906145033815,18.000002552798716,109683.54,9.801798038240122,1.823427986380466e-05,439065.8676059195,372.60757969204616,70.62513405943898
GR0000000370,2022,12,312443.0,103231.0,244476.0,1936564.0,1387558.0,38594.0,141825.0,1558447.0,Logistics and Transportation,S,Compliant,TR-4E10BCB1,GR0000000370,2023-06-19,On-time,Agent-prepared,1558447.0,1416622.0,141825.0,32611.38,2848.38,29762.99,Paid,GR0000000370,857146.0,467533.0,233767.0,716213.0,275467.0,110187.0,205715.0,264449.0,-58733.0,4,1558446.0,1101867.0,1.285511508640595,55.00004491653866,100,100.0,9.100405724416678,20.98571478935308,22.994098360655737,2.0083835713026588,15.687155225683004,129870.58333333333,8.734312991354551,6.41664837930378e-05,71843.45074098361,186.1518649038286,54.607720448209754
GR0000000370,2023,12,171590.0,39269.0,264475.0,776238.0,474515.0,13265.0,52534.0,832835.0,Logistics and Transportation,S,Compliant,TR-847357CF,GR0000000370,2024-06-14,On-time,Agent-prepared,832835.0,780301.0,52534.0,12079.72,1082.38,10997.33,Paid,GR0000000370,458059.0,249850.0,124926.0,382366.0,147065.0,58825.0,109934.0,141181.0,-31248.0,4,832835.0,588256.0,1.2842341768697583,54.999969982049265,100,99.99699927164139,6.30785209555314,20.933738150531084,22.9940990596566,2.0603609091255173,31.75599008206908,69402.91666666667,8.960307026984072,0.0,39455.574576464765,297.44119545016787,69.38399673640654
GR0000000370,2024,12,262634.0,90802.0,287330.0,1001233.0,799535.0,31538.0,122340.0,1127693.0,Logistics and Transportation,S,Compliant,TR-EC091788,GR0000000370,2025-06-13,On-time,Agent-prepared,1127693.0,1005353.0,122340.0,28130.98,1996.09,26134.89,Paid,GR0000000370,620231.0,338308.0,169154.0,525889.0,202265.0,80905.0,148856.0,194174.0,-45318.0,4,1127693.0,809059.0,1.304441876713065,54.999986698507485,100,100.0,10.848697296161278,21.362506130456104,22.994098414255355,1.6315922837992503,25.479452297744153,93974.41666666667,7.095700185347257,0.0,60390.3204292954,191.48430600956118,53.41806468317126
GR0000000371,2022,355,12167547.0,3117232.0,10546656.0,47192808.0,25918662.0,889903.0,4007136.0,52733280.0,Agriculture and Food Production,L,Somewhat Compliant,TR-62539F68,GR0000000371,2023-06-27,On-time,Agent-prepared,48892963.39,47426174.49,1466788.9,309593.07,76719.51,232873.56,Paid,GR0000000371,30558299.0,12407337.0,5138842.0,22280429.0,8311490.0,3259842.0,7333992.0,8709094.0,-1375104.0,4,48104478.0,33851761.0,1.1874970684451251,63.524853133215586,80,100.0,2.999999996523017,5.811471335138114,21.10685934424511,15.295388009106995,20.0,148544.45070422534,24.780758173947497,1.639110167664648,2568187.0309349154,288.59179381740654,67.06701852065991
GR0000000371,2023,313,21058637.0,6137522.0,7957884.0,49705552.0,25350464.0,1613981.0,7751502.0,90064693.0,Agriculture and Food Production,L,Somewhat Compliant,TR-9302EF0B,GR0000000371,2024-06-28,On-time,Self-prepared,84498045.97,81963104.59,2534941.38,535046.51,121901.3,413145.21,Paid,GR0000000371,52858955.0,21012267.0,8849461.0,37206948.0,14018606.0,5500664.0,12686150.0,14299094.0,-1612945.0,4,82720683.0,56726218.0,1.1271421195555784,63.90053017333042,100,99.99994917041394,3.0000000010651133,5.329872971715675,21.106859283665173,15.776986311949498,8.835742103734257,287746.62300319487,22.783309062234608,2.1486318844828656,4444816.878647849,275.3946222816656,63.190865581661335
GR0000000371,2024,253,10909909.0,1822632.0,8265379.0,26362392.0,15681285.0,552860.0,2375492.0,45332478.0,Agriculture and Food Production,L,Somewhat Compliant,TR-C280360B,GR0000000371,2025-06-21,On-time,Agent-prepared,41612799.9,40364415.9,1248384.0,263494.65,60895.45,202599.21,Partial,GR0000000371,26243020.0,10780530.0,4444603.0,18677942.0,7019842.0,2737993.0,6298324.0,7237130.0,-938805.0,4,41468153.0,28435777.0,1.1490564791522315,63.28475734137472,100,71.74065486237582,3.0000000072093203,8.52872625965484,21.106858947247005,12.578132687592165,18.23279768646223,179179.75494071146,23.110696934453884,0.3488144263382065,2302739.1039030063,416.51396445809183,78.22628951350556
GR0000000372,2022,46,1335410.0,224268.0,1123341.0,4910158.0,3438010.0,57024.0,281293.0,4032222.0,Tourism and Hospitality,M,Compliant,TR-47806DCE,GR0000000372,2023-06-25,On-time,Agent-prepared,4032222.0,3750929.0,281293.0,58896.32,7497.94,51398.38,Paid,GR0000000372,2419333.0,1209667.0,403222.0,1258606.0,484079.0,193630.0,580640.0,464715.0,115924.0,4,4032222.0,1936315.0,0.800349614218793,59.999995039955635,100,99.99977289350056,6.976128794495938,18.272185941349413,20.937712634157265,2.665526692807852,27.85910597184381,87657.0,12.730744467566055,0.0,279604.30828779953,490.32742053836904,78.93583244097319
GR0000000372,2023,51,1848444.0,347162.0,1103471.0,5871910.0,3559471.0,122115.0,469276.0,5137512.0,Tourism and Hospitality,M,Compliant,TR-3DE03257,GR0000000372,2024-06-14,On-time,Agent-prepared,5137512.0,4668236.0,469276.0,98255.66,14106.63,84149.03,Paid,GR0000000372,3082506.0,1541254.0,513751.0,1639853.0,630712.0,252284.0,739801.0,605484.0,134318.0,4,5137511.0,2522849.0,0.8184417160831088,59.99998832119289,100,73.4724136635171,9.134304698461044,17.931671340533075,20.93771256147768,3.0060412209446064,21.478704088671716,100735.5294117647,14.35706604586443,1.9464678513436695e-05,387021.8915798805,316.9323110018266,74.61237668006171
GR0000000372,2024,56,2852980.0,706509.0,1213136.0,14279547.0,8872003.0,218270.0,924779.0,8260701.0,Tourism and Hospitality,M,Compliant,TR-C372F721,GR0000000372,2025-06-17,On-time,Agent-prepared,8260701.0,7335922.0,924779.0,193627.57,24662.53,168965.04,Paid,GR0000000372,4956420.0,2478210.0,826070.0,2671827.0,1027626.0,411051.0,1189542.0,986522.0,203020.0,4,8260700.0,4110504.0,0.8293292712657476,60.0,100,98.0942674468844,11.194921593215879,18.270856063989342,20.937712685949833,2.6668566219604912,14.685630190464465,147512.51785714287,12.73709627198234,1.2105511637550137e-05,597348.7553876116,273.6742362155182,67.58550708382113
GR0000000373,2022,5,433015.0,162321.0,157095.0,2587742.0,1622855.0,51480.0,213801.0,1683465.0,Energy,M,Compliant,TR-83BE4FBA,GR0000000373,2023-06-24,On-time,Agent-prepared,1683465.0,1469664.0,213801.0,43342.38,6815.26,36527.12,Paid,GR0000000373,1346772.0,252520.0,84174.0,742731.0,285665.0,114267.0,323226.0,274239.0,48986.0,4,1683466.0,1142663.0,0.8484435039260455,79.99995247899274,100,98.32877107045095,12.700056134223164,17.08463477719936,20.272299942469864,3.1876651652705057,9.331646336573673,336693.0,15.724240339363,5.9401259067115575e-05,87782.09959588588,170.5168989819073,50.62503608420032
GR0000000373,2023,5,341705.0,106586.0,200890.0,1917062.0,1125086.0,32612.0,139199.0,1173636.0,Energy,M,Compliant,TR-AFCB5D74,GR0000000373,2024-06-12,On-time,Agent-prepared,1173636.0,1034437.0,139199.0,28218.84,5318.68,22900.16,Paid,GR0000000373,938909.0,176045.0,58682.0,544904.0,209579.0,83831.0,225338.0,201195.0,24142.0,4,1173636.0,838314.0,0.892858727777827,80.00001704105873,100,99.99965987956334,11.860491668626388,16.451382553035582,20.27230080675867,3.820918253723086,17.116891438231274,234727.2,18.847975324286896,0.0,69271.46547173471,212.41096980171324,59.263399716129406
GR0000000373,2024,4,178982.0,66035.0,120433.0,992704.0,526670.0,21371.0,87406.0,769731.0,Energy,M,Compliant,TR-3D14CF8B,GR0000000373,2025-06-16,On-time,Agent-prepared,769731.0,682325.0,87406.0,17719.21,2713.35,15005.86,Paid,GR0000000373,615785.0,115459.0,38486.0,349684.0,134494.0,53797.0,147788.0,129113.0,18675.0,4,769730.0,537975.0,0.8736365604785233,80.00012991568472,100,100.0,11.35539558625026,17.167997620300667,20.272303960826488,3.10430634052582,15.64611533120012,192432.75,15.31304160851415,0.00012991568472120463,36283.775075166464,169.78042709824746,51.164921612229165
GR0000000374,2022,2,186636.0,55911.0,63136.0,599071.0,243380.0,19329.0,75240.0,434114.0,Technology and Innovation,S,Compliant,TR-DC0F8CC4,GR0000000374,2023-06-10,On-time,Self-prepared,434114.0,358874.0,75240.0,18548.84,2070.93,16477.91,Paid,GR0000000374,173647.0,151939.0,108528.0,180513.0,69427.0,27771.0,41674.0,66651.0,-24977.0,4,434114.0,277711.0,1.5993425157172338,40.00032249593425,100,100.0,17.331852923425643,21.900465178096756,24.652897395002658,2.752432216905902,14.54364521761565,217057.0,11.164741299186364,0.0,46011.18158213716,238.04222454414173,59.68623416704173
GR0000000374,2023,2,137048.0,39353.0,56191.0,221064.0,105732.0,16381.0,55734.0,244996.0,Technology and Innovation,S,Compliant,TR-B28ECA10,GR0000000374,2024-06-10,On-time,Agent-prepared,244996.0,189262.0,55734.0,13740.04,1703.09,12036.95,Paid,GR0000000374,97998.0,85748.0,61250.0,109033.0,41935.0,16775.0,23519.0,40258.0,-16739.0,4,244996.0,167743.0,1.7117224371784514,39.99983673202828,100,100.0,22.7489428398831,21.5971399863638,24.65288692718987,3.0557469408260687,22.935476497575472,122498.0,12.395087641666253,0.0,33786.28847597517,206.2529056588436,59.33249664351177
GR0000000374,2024,2,297296.0,117788.0,52149.0,453976.0,271634.0,37779.0,155567.0,531843.0,Technology and Innovation,S,Compliant,TR-ABA8C67D,GR0000000374,2025-06-20,On-time,Agent-prepared,531843.0,376276.0,155567.0,38351.77,4273.59,34078.18,Paid,GR0000000374,212738.0,186145.0,132962.0,221604.0,85233.0,34092.0,51057.0,81823.0,-30765.0,4,531845.0,340929.0,1.6025814285994084,40.0,100,99.99947180277819,29.250549504270996,21.905789788322714,24.652895536971204,2.74710574864849,9.805337289388033,265921.5,11.143136288103523,0.0003760494128979275,73292.0723155939,194.00215017759578,47.67268984446478
GR0000000375,2022,17,1823957.0,912450.0,524939.0,33553099.0,24663923.0,280780.0,1193230.0,4383753.0,Financial Services,S,Compliant,TR-5A31B4D7,GR0000000375,2023-06-23,On-time,Agent-prepared,4383753.0,3190523.0,1193230.0,284820.46,20193.09,264627.37,Paid,GR0000000375,3068628.0,1095938.0,219187.0,1255020.0,482700.0,193080.0,736471.0,463391.0,273078.0,4,4383753.0,1930800.0,0.6292046801571277,70.0000205303538,100,82.51768063986417,27.21937116438814,22.177398322201082,23.869703242459543,1.6923049202584615,11.974648206685004,257867.82352941178,7.089761037532205,0.0,435373.12317006785,155.0584525856784,34.5801463521344
GR0000000375,2023,18,1612356.0,761943.0,661152.0,22709796.0,16796244.0,243834.0,1005778.0,4522617.0,Financial Services,S,Compliant,TR-C3F68E59,GR0000000375,2024-06-11,On-time,Agent-prepared,4522617.0,3516839.0,1005778.0,240076.22,13680.46,226395.76,Partial,GR0000000375,3165832.0,1130654.0,226131.0,1282066.0,493102.0,197241.0,759799.0,473377.0,286423.0,4,4522617.0,1972409.0,0.6230292485249388,70.00000221110919,100,99.65041060510345,22.238849763311816,22.509516016456914,23.869702856892875,1.3601868404359614,14.618792614983759,251256.5,5.698381955530622,0.0,384864.5861952837,157.83876989889993,37.620599917139884
GR0000000375,2024,20,1444350.0,725623.0,600138.0,13042650.0,9349163.0,234161.0,959783.0,3053354.0,Financial Services,S,Compliant,TR-14E1D8F0,GR0000000375,2025-06-19,On-time,Agent-prepared,3053354.0,2093571.0,959783.0,229097.35,13848.39,215248.96,Paid,GR0000000375,2137348.0,763338.0,152667.0,871213.0,335082.0,134034.0,512964.0,321679.0,191284.0,4,3053353.0,1340329.0,0.6270985878151293,70.00002947579269,100,100.0,31.433728286991947,22.4268360660691,23.869702839079252,1.4428667730101523,19.655041636181064,152667.7,6.044762193888318,3.2750880762932866e-05,344762.0529562412,147.23290938979642,33.54913975144529
GR0000000376,2022,1,25832.0,9776.0,25701.0,237069.0,139219.0,3525.0,13301.0,159874.0,Energy,S,Compliant,TR-F889AC4B,GR0000000376,2023-06-11,On-time,Agent-prepared,159874.0,146573.0,13301.0,3641.58,453.55,3188.04,Paid,GR0000000376,127899.0,23981.0,7994.0,79237.0,30476.0,12191.0,30696.0,29257.0,1440.0,4,159874.0,121904.0,0.9531209278081835,79.99987490148493,100,99.99913570323507,8.31967674543703,23.968423426810016,27.37824223742576,3.409818810615743,16.07578468043584,159874.0,12.454758648718414,0.0,7072.347534771822,200.63397261764035,48.509600495509446
GR0000000376,2023,1,30969.0,9633.0,33760.0,382041.0,260667.0,2757.0,12390.0,206288.0,Energy,S,Compliant,TR-DE8722ED,GR0000000376,2024-06-11,On-time,Agent-prepared,206288.0,193898.0,12390.0,3392.17,411.54,2980.63,Paid,GR0000000376,165030.0,30944.0,10314.0,99080.0,38107.0,15243.0,39607.0,36584.0,3023.0,4,206288.0,152430.0,0.9236751079354659,79.99980609633134,100,81.1175905243994,6.006166136663306,24.05673930589185,27.378288942695722,3.321549636803873,16.36546963468549,206288.0,12.132057060819475,0.0,8478.782302663438,307.5365361865592,59.99225031483096
GR0000000376,2024,1,23905.0,8189.0,30931.0,219869.0,124913.0,3291.0,11480.0,133161.0,Energy,S,Compliant,TR-376F16E2,GR0000000376,2025-06-24,On-time,Agent-prepared,133161.0,121681.0,11480.0,3143.03,346.4,2796.63,Paid,GR0000000376,106529.0,19975.0,6658.0,63763.0,24523.0,9809.0,25566.0,23543.0,2024.0,4,133162.0,98095.0,0.9208714699209888,79.999549421006,100,99.11567575192454,8.621142827104032,24.36088850174216,27.378310104529618,3.017421602787458,23.22827254226087,133161.0,11.021212015157348,0.000750964990015035,6544.785030487806,198.8691896228443,51.97657393850659
GR0000000377,2022,3,282938.0,50085.0,80713.0,497711.0,316677.0,12728.0,62813.0,834633.0,Consumer Goods and Retail,M,Somewhat Compliant,TR-A2C1B725,GR0000000377,2023-06-28,On-time,Agent-prepared,804845.5,780700.14,24145.37,5293.93,672.43,4621.5,Paid,GR0000000377,583678.0,118532.0,40520.0,380127.0,142722.0,56192.0,140083.0,147860.0,-7778.0,4,742730.0,579041.0,1.0555170862988372,78.58548867017625,80,100.0,3.0000006212372434,7.3575533727094715,21.925238668945642,14.56768529623617,9.670477922631864,278211.0,12.70190576754887,8.363133305508065,62034.831785141425,487.38868467270134,77.79972997617853
GR0000000377,2023,3,230063.0,57473.0,58811.0,408106.0,203021.0,13696.0,71169.0,869413.0,Consumer Goods and Retail,M,Somewhat Compliant,TR-6690D7B5,GR0000000377,2024-06-22,On-time,Agent-prepared,841573.34,816326.14,25247.2,5535.51,653.56,4881.95,Paid,GR0000000377,620607.0,122343.0,42193.0,415799.0,152882.0,59456.0,148946.0,160007.0,-11061.0,4,785143.0,628137.0,1.074261813006056,79.04381749566639,100,98.41152707215774,2.9999999762349887,6.859657997161685,21.92524319528502,15.065585198123335,6.764449116817898,289804.3333333333,11.80668086590034,7.187269070729796,50441.87225236858,368.2963803473173,69.06542990398282
GR0000000377,2024,3,119628.0,23680.0,57040.0,175787.0,102959.0,5910.0,29591.0,381638.0,Consumer Goods and Retail,M,Somewhat Compliant,TR-61C81843,GR0000000377,2025-06-28,On-time,Self-prepared,373398.16,362196.22,11201.94,2456.05,285.05,2171.0,Paid,GR0000000377,285342.0,54687.0,18558.0,180924.0,68105.0,26487.0,68482.0,69926.0,-1443.0,4,358587.0,275516.0,1.0210858327735755,79.57399459545383,100,5.609939759036144,2.9999987145089313,7.336690209861106,21.925220095804836,14.588529885943728,14.946100755165888,127212.66666666667,11.606034079110767,4.130423021470375,26228.70229620941,443.8020693098038,75.26415220516935
GR0000000378,2022,29,760476.0,201380.0,649516.0,4299359.0,2930430.0,49121.0,250501.0,4153395.0,Automotive,S,Somewhat Compliant,TR-D3E0F913,GR0000000378,2023-06-26,On-time,Agent-prepared,3784258.71,3670730.95,113527.76,25182.56,2723.21,22459.36,Paid,GR0000000378,2600259.0,763295.0,399092.0,2020043.0,763425.0,298889.0,624062.0,785114.0,-161052.0,4,3762646.0,3082357.0,1.2580705122247469,69.10719211958818,80,99.9983971048151,2.9999999656471688,8.965776583726214,22.181852262389395,13.21607567866318,15.638194778006909,143220.5172413793,10.813872775444592,0.5744018969629394,168687.6628109284,343.41251768271894,67.05997296430131
GR0000000378,2023,27,797779.0,134105.0,595719.0,3566989.0,2291418.0,39704.0,173809.0,4418089.0,Automotive,S,Somewhat Compliant,TR-41F79785,GR0000000378,2024-06-24,On-time,Agent-prepared,4242870.57,4115584.45,127286.12,28234.42,3199.36,25035.06,Paid,GR0000000378,2718568.0,819858.0,430622.0,2120497.0,804398.0,315070.0,652456.0,817849.0,-165391.0,4,3969048.0,3239965.0,1.253492955846831,68.49420818291944,60,99.99976033610464,3.0000000683499515,14.403776559326618,22.181852978156613,7.778076418829995,13.483635119165774,163632.92592592593,11.331417468465796,6.898948312038566,176962.16487060805,445.7036189568004,78.21338992377588
GR0000000378,2024,24,397801.0,78599.0,506524.0,1572029.0,972825.0,21684.0,100283.0,1688414.0,Automotive,S,Somewhat Compliant,TR-FB51530A,GR0000000378,2025-09-17,Extended,Agent-prepared,1649802.44,1600308.37,49494.07,10978.7,1140.21,9838.49,Paid,GR0000000378,1051345.0,322044.0,165286.0,810789.0,303052.0,119593.0,252323.0,313078.0,-60756.0,4,1538675.0,1233434.0,1.2407826476381463,68.32794449770094,60,0.0,2.9999998060373825,9.810725646420629,22.181849259921442,12.371123613500814,29.99998815456399,70350.58333333333,10.385655860894277,7.222281508440709,88239.6181744601,406.9342288067705,74.79066166248953
GR0000000379,2022,17,1520060.0,639920.0,548750.0,9306749.0,4904310.0,175211.0,815132.0,5158316.0,Energy,M,Somewhat Compliant,TR-B8FBA7C5,GR0000000379,2023-06-28,On-time,Self-prepared,4925488.44,4777723.79,147764.65,29921.85,5701.41,24220.44,Paid,GR0000000379,3643867.0,734862.0,250721.0,2236603.0,844152.0,331955.0,874529.0,854390.0,20138.0,4,4629450.0,3412710.0,0.9769716041434875,78.71058117054942,100,75.06395311184508,2.9999999350318234,2.9713518792048403,20.249667291872584,17.278315412667745,10.638161756666323,303430.35294117645,19.054336546704164,6.394678417522615,307807.0926368384,175.67794980728286,46.375011512703445
GR0000000379,2023,14,1865359.0,726164.0,466334.0,9629682.0,6678611.0,225036.0,951200.0,7093214.0,Energy,M,Somewhat Compliant,TR-B491C17D,GR0000000379,2024-06-27,On-time,Agent-prepared,6838328.1,6633178.25,205149.84,41542.17,7717.34,33824.83,Unpaid,GR0000000379,5006463.0,985064.0,342222.0,3087882.0,1119908.0,444392.0,1201551.0,1180752.0,20799.0,4,6333749.0,4652182.0,0.9826898733387097,79.04422799198389,100,3.4778105004064157,2.9999999561296278,3.556016610597141,20.249672142079174,16.693655531482033,6.574368121418583,506658.14285714284,18.577122957226358,7.9665155660573195,377729.08177276666,167.8527354613336,49.00713481962453
GR0000000379,2024,14,947230.0,405496.0,610073.0,5310061.0,3355568.0,113377.0,518873.0,3707805.0,Energy,M,Somewhat Compliant,TR-2B2412E0,GR0000000379,2025-07-18,Extended,Agent-prepared,3464514.15,3313352.16,151161.99,30609.8,5825.2,24784.6,Paid,GR0000000379,2631012.0,533076.0,182497.0,1659807.0,600986.0,236947.0,631442.0,636415.0,-4973.0,4,3346585.0,2497740.0,1.0078756243645497,78.61781487695666,40,100.0,4.363151179509543,4.776621639591962,20.249667260929815,15.473045621337853,16.453750938897812,264843.21428571426,19.030506569791374,3.523865373208812,191810.9231957055,169.17974826967153,45.222068557794834
GR0000000380,2022,9,1464449.0,461214.0,333830.0,2522041.0,1163719.0,138057.0,599271.0,2725502.0,Technology and Innovation,M,Compliant,TR-70C214C9,GR0000000380,2023-06-15,On-time,Agent-prepared,2725502.0,2126231.0,599271.0,164052.21,28286.85,135765.36,Paid,GR0000000380,1090200.0,953925.0,681375.0,1111071.0,427335.0,170935.0,261648.0,410242.0,-148594.0,4,2725500.0,1709341.0,1.567915672965205,40.0,100,99.99973483663285,21.98754578055712,22.655085929404223,27.37529598462131,4.720210055217088,12.248385801955015,302833.55555555556,17.242590026675046,7.33810310071803e-05,400897.24829382694,290.3853106280934,59.07873882941639
GR0000000380,2023,9,1654862.0,708218.0,358650.0,3086495.0,1114605.0,180116.0,888335.0,2783491.0,Technology and Innovation,M,Compliant,TR-DF6B4F8F,GR0000000380,2024-06-23,On-time,Agent-prepared,2783491.0,1895156.0,888335.0,243184.33,49103.26,194081.07,Paid,GR0000000380,1113396.0,974221.0,695874.0,1100894.0,423420.0,169368.0,267215.0,406484.0,-139269.0,4,2783491.0,1693682.0,1.5211870591097056,39.999985629556555,100,99.99996393259785,31.91441969814165,21.847734244401043,27.375295355918656,5.527561111517613,12.884898855430105,309276.77777777775,20.191786205961545,0.0,453023.3602328626,251.5175554825016,46.319693122447674
GR0000000380,2024,10,1234489.0,527627.0,421616.0,1620760.0,866126.0,180295.0,707921.0,2161620.0,Technology and Innovation,M,Compliant,TR-B56A3CAA,GR0000000380,2025-06-19,On-time,Agent-prepared,2161620.0,1453699.0,707921.0,193795.47,37325.35,156470.12,Paid,GR0000000380,864648.0,756568.0,540404.0,824382.0,317070.0,126828.0,207515.0,304388.0,-96872.0,4,2161620.0,1268280.0,1.4668240850059031,40.0,100,99.99992330804119,32.74955820171908,22.1027657040828,27.375296113549393,5.272530409466594,19.50463078616963,216162.0,19.260176721365056,0.0,337945.01923919475,187.44003951257372,42.65473406405403
GR0000000381,2022,6,336309.0,86994.0,167216.0,1138655.0,518122.0,27756.0,114750.0,1643972.0,Manufacturing,M,Compliant,TR-34FB2A38,GR0000000381,2023-06-14,On-time,Self-prepared,1643972.0,1529222.0,114750.0,27350.82,4273.29,23077.53,Partial,GR0000000381,986383.0,410993.0,246596.0,815336.0,313590.0,125436.0,236732.0,301047.0,-64315.0,4,1643972.0,1254362.0,1.2716785225487048,59.99998783434268,100,91.77758624948164,6.98004588885942,20.11113725490196,23.835137254901962,3.7240000000000038,10.171462774305159,273995.3333333333,15.62399226056111,0.0,80159.71175058823,288.80138258606513,65.87959287441014
GR0000000381,2023,5,127177.0,38376.0,134083.0,414976.0,237118.0,10895.0,49271.0,573555.0,Manufacturing,M,Compliant,TR-D23B7512,GR0000000381,2024-06-11,On-time,Agent-prepared,573555.0,524284.0,49271.0,11743.81,1768.36,9975.45,Paid,GR0000000381,344133.0,143389.0,86034.0,277416.0,106697.0,42679.0,82591.0,102431.0,-19839.0,4,573556.0,426792.0,1.240219878679275,59.99989538946502,100,99.99548892531163,8.590457759064082,20.24608796249315,23.83513628706541,3.5890483245722606,23.377531361421312,114711.0,15.057804920209028,0.0001743508916351999,30312.811275801174,278.2268129949626,61.25793185874805
GR0000000381,2024,4,228888.0,63296.0,109511.0,625586.0,381302.0,19546.0,82842.0,895641.0,Manufacturing,M,Compliant,TR-B3329FA5,GR0000000381,2025-06-23,On-time,Agent-prepared,895641.0,812799.0,82842.0,19745.5,3431.58,16313.92,Paid,GR0000000381,537385.0,223910.0,134347.0,425398.0,163615.0,65445.0,128972.0,157070.0,-28098.0,4,895642.0,654458.0,1.2178612411996401,59.99997766964926,100,100.0,9.249464908372886,19.692812824412737,23.835131937905892,4.142319113493155,12.227108852765785,223910.25,17.37904839077258,0.00011165175370919656,54555.756790034044,279.11468735308523,63.806752647583096
GR0000000382,2022,14,743344.0,127425.0,196932.0,4423295.0,3474880.0,41115.0,168540.0,1962325.0,Tourism and Hospitality,S,Compliant,TR-E018A3AB,GR0000000382,2023-06-20,On-time,Agent-prepared,1962325.0,1793785.0,168540.0,37843.2,3345.87,34497.34,Paid,GR0000000382,1177395.0,588697.0,196232.0,728665.0,280256.0,112102.0,282576.0,269046.0,13529.0,4,1962324.0,1121023.0,0.9521190759300153,60.00003057599051,100,99.99929205515141,8.588791357191088,20.46833985997389,22.453542185831253,1.9852023258573617,10.035646490769876,140166.07142857142,8.841403475393202,5.095998418802594e-05,166907.05862584547,405.9517417629709,77.32678275468693
GR0000000382,2023,15,594356.0,162622.0,256877.0,2261552.0,1480486.0,52698.0,215320.0,1962562.0,Tourism and Hospitality,S,Compliant,TR-64D61CD3,GR0000000382,2024-06-20,On-time,Agent-prepared,1962562.0,1747242.0,215320.0,48346.97,3844.52,44502.45,Paid,GR0000000382,1177537.0,588768.0,196256.0,737786.0,283765.0,113505.0,282610.0,272413.0,10195.0,4,1962561.0,1135056.0,0.9639184742224267,60.000020381532096,100,99.9991772925429,10.971373133689534,20.6680522013747,22.45354356306892,1.7854913616942198,13.088860377404638,130837.46666666666,7.951935767639625,5.0953830221800445e-05,133453.9833797139,253.24297578601445,63.77255382296132
GR0000000382,2024,17,212978.0,33948.0,338456.0,1240864.0,932421.0,12190.0,46138.0,842323.0,Tourism and Hospitality,S,Compliant,TR-F071E1CB,GR0000000382,2025-06-20,On-time,Agent-prepared,842323.0,796185.0,46138.0,10359.62,821.56,9538.06,Paid,GR0000000382,505394.0,252697.0,84233.0,306796.0,117998.0,47199.0,121296.0,113278.0,8015.0,4,842324.0,471993.0,0.9338972431077694,59.99995251233492,100,99.99965817925765,5.477471231344746,20.672894360397066,22.453552386319306,1.7806580259222393,40.18126063279763,49548.41176470588,7.93040671375977,0.0001187191627005646,47821.12680133513,392.2980049330199,78.33672961526543
GR0000000383,2022,9,309581.0,71640.0,163435.0,501860.0,292094.0,20762.0,92402.0,907972.0,Consumer Goods and Retail,M,Compliant,TR-F575030A,GR0000000383,2023-06-22,On-time,Agent-prepared,907972.0,815570.0,92402.0,22296.19,2695.13,19601.06,Paid,GR0000000383,726378.0,136196.0,45398.0,433996.0,166921.0,66769.0,174331.0,160245.0,14086.0,4,907972.0,667686.0,0.9191996833609628,80.00004405422195,100,98.91038279980503,10.176745538408673,21.212809246553107,24.12955347286855,2.916744226315444,18.000004405422192,100885.77777777778,12.087849986926019,0.0,74700.51293684119,359.79439811598684,70.15256104218282
GR0000000383,2023,9,331862.0,70733.0,192088.0,454066.0,266296.0,22589.0,93322.0,1109389.0,Consumer Goods and Retail,M,Compliant,TR-DDA6B3C3,GR0000000383,2024-06-14,On-time,Agent-prepared,1109389.0,1016067.0,93322.0,22518.18,2248.61,20269.57,Paid,GR0000000383,887511.0,166408.0,55469.0,530895.0,204191.0,81677.0,213002.0,196022.0,16981.0,4,1109388.0,816763.0,0.9202824386625478,80.00005408387327,100,45.585879625466134,8.412017786367091,21.72003386125458,24.12955144553267,2.4095175842780883,17.314756140542226,123265.44444444444,9.985753733205792,9.013978878869011e-05,80076.81201817363,354.4947187488319,71.87927512038137
GR0000000383,2024,8,310374.0,56146.0,173172.0,364070.0,182219.0,21453.0,77599.0,962066.0,Consumer Goods and Retail,M,Compliant,TR-9C3BA670,GR0000000383,2025-06-22,On-time,Agent-prepared,962066.0,884467.0,77599.0,18724.29,2216.49,16507.8,Paid,GR0000000383,769653.0,144310.0,48104.0,450058.0,173101.0,69240.0,184717.0,166175.0,18540.0,4,962067.0,692399.0,0.8996194178121126,79.9999376342812,100,100.0,8.065870740676836,21.273212283663447,24.129550638539158,2.85633835487571,18.000012473156726,120258.25,11.837511595900295,0.0001039428646820717,74891.85149885953,349.0973360316018,74.998227944351
GR0000000384,2022,15,375787.0,68835.0,260931.0,1533079.0,1058466.0,29287.0,98122.0,947352.0,Tourism and Hospitality,S,Compliant,TR-06105837,GR0000000384,2023-09-24,Extended,Self-prepared,947352.0,849230.0,98122.0,26646.14,2155.83,24490.31,Partial,GR0000000384,568411.0,284205.0,94735.0,330232.0,127012.0,50806.0,136419.0,121932.0,14487.0,4,947351.0,508050.0,0.89380511512326,60.00004222299865,80,97.53879885502617,10.357501752252594,24.959040785960337,27.156132162002404,2.197091376042067,27.54319408203075,63156.8,8.090590231830951,0.00010555749663243574,102049.21436762398,348.4454343825724,73.88893176187574
GR0000000384,2023,17,455007.0,107168.0,238469.0,2288070.0,1724390.0,45344.0,152512.0,1407236.0,Tourism and Hospitality,S,Compliant,TR-4D3025D9,GR0000000384,2024-06-10,On-time,Self-prepared,1407236.0,1254724.0,152512.0,41416.36,4009.13,37407.23,Paid,GR0000000384,844342.0,422171.0,140724.0,514482.0,197878.0,79152.0,202642.0,189962.0,12679.0,4,1407237.0,791512.0,0.9374265946842214,59.999985787752884,100,99.9995407919502,10.83769886500914,24.527401122534624,27.15613197650021,2.6287308539655854,16.94591383392693,82778.58823529411,9.680063627030478,7.106123559585953e-05,123562.30142231431,272.4997826003756,66.48139479172848
GR0000000384,2024,17,327171.0,78949.0,279894.0,1327367.0,975230.0,25167.0,104116.0,1018772.0,Tourism and Hospitality,S,Compliant,TR-5D699879,GR0000000384,2025-06-13,On-time,Agent-prepared,1018772.0,914656.0,104116.0,28273.88,2292.19,25981.69,Paid,GR0000000384,611264.0,305631.0,101878.0,365715.0,140660.0,56263.0,146702.0,135033.0,11669.0,4,1018773.0,562638.0,0.9204577988030156,60.00001963145862,100,100.0,10.219754763578113,24.954560298129007,27.156133543355487,2.2015732452264807,27.473664372401284,59927.76470588235,8.107093897264896,9.815729313800148e-05,88846.99367513158,353.0297360636213,68.17688609320508
GR0000000385,2022,2,99405.0,32056.0,56183.0,254036.0,155392.0,10072.0,42128.0,236807.0,Healthcare,S,Compliant,TR-7307CE36,GR0000000385,2023-06-14,On-time,Agent-prepared,236807.0,194679.0,42128.0,12387.58,1094.68,11292.9,Paid,GR0000000385,201286.0,23681.0,11841.0,89427.0,34396.0,13758.0,48309.0,33020.0,15289.0,4,236808.0,137581.0,0.6835165290111573,84.99966217357522,100,100.0,17.790014653283055,26.80616217242689,29.40462400303836,2.5984618306114697,23.725227717086067,118403.5,8.836915684903751,0.0004222830309763559,29229.666490220283,290.2071732547685,57.61983803631608
GR0000000385,2023,2,128049.0,42922.0,51079.0,400905.0,232321.0,17991.0,60913.0,333572.0,Healthcare,S,Compliant,TR-F9A0B735,GR0000000385,2024-06-24,On-time,Agent-prepared,333572.0,272659.0,60913.0,17911.24,1917.83,15993.4,Paid,GR0000000385,283536.0,33357.0,16679.0,124475.0,47875.0,19150.0,68048.0,45960.0,22089.0,4,333572.0,191500.0,0.6754055960498472,84.99994004292927,100,99.99894964603071,18.26082524912163,26.256135800239683,29.404626270254298,3.1484904700146146,15.312736080966028,166786.0,10.707410542207015,0.0,37652.32989279793,209.28425264186495,52.429929167740475
GR0000000385,2024,2,46947.0,12049.0,47035.0,201049.0,95332.0,4633.0,16682.0,130024.0,Healthcare,S,Compliant,TR-9011B243,GR0000000385,2025-06-25,On-time,Agent-prepared,130024.0,113342.0,16682.0,4905.28,460.62,4444.66,Paid,GR0000000385,110520.0,13002.0,6501.0,50857.0,19560.0,7824.0,26524.0,18777.0,7747.0,4,130023.0,78241.0,0.7079248982053988,85.0003460926144,100,100.0,12.829939088168338,26.643448027814408,29.40462774247692,2.7611797146625108,36.17409093705778,65012.0,9.390289647074173,0.0007690946986382841,13804.59058626064,297.96224015239886,64.46631307644792
GR0000000386,2022,150,69431442.0,27565134.0,7295651.0,84807739.0,29351296.0,6204670.0,33769804.0,102113403.0,Technology and Innovation,L,Compliant,TR-705DE6C0,GR0000000386,2023-06-22,On-time,Agent-prepared,102113403.0,68343599.0,33769804.0,8178912.16,1835471.81,6343440.35,Paid,GR0000000386,40845362.0,35739691.0,25528350.0,37402962.0,14385755.0,5754302.0,9802886.0,13810324.0,-4007437.0,4,102113403.0,57543019.0,1.4088018569225431,40.000000783442694,100,99.99999448248931,33.07088296724378,18.78435643274684,24.219602103701877,5.435245670955037,7.144655633501902,680756.02,22.44151513176295,0.0,16816018.987262547,271.0219719543916,51.36237556466132
GR0000000386,2023,144,57098320.0,23226015.0,6888212.0,60491657.0,26721733.0,8928521.0,32154536.0,80004833.0,Technology and Innovation,L,Compliant,TR-08425F14,GR0000000386,2024-06-25,On-time,Agent-prepared,80004833.0,47850297.0,32154536.0,7787700.68,1993419.84,5794280.84,Paid,GR0000000386,32001933.0,28001692.0,20001209.0,28165562.0,10832909.0,4333163.0,7680464.0,10399591.0,-2719129.0,4,80004834.0,43331634.0,1.3540316053821748,39.99999925004531,100,100.0,40.190741976800325,18.020104037576534,24.219602111503022,6.199498073926488,8.609744863788418,555589.1180555555,25.597026926309656,1.2499244750330263e-06,13828985.916352753,154.88551705655115,43.68567061167474
GR0000000386,2024,140,38033137.0,14733050.0,6113586.0,42555715.0,14596294.0,3303821.0,18036871.0,58673662.0,Technology and Innovation,L,Compliant,TR-4E3C2B9F,GR0000000386,2025-06-18,On-time,Agent-prepared,58673662.0,40636791.0,18036871.0,4368458.39,925278.99,3443179.4,Paid,GR0000000386,23469464.0,20535782.0,14668416.0,20631801.0,7935308.0,3174124.0,5632672.0,7617896.0,-1985224.0,4,58673662.0,31741233.0,1.3524480033632351,39.999998636526215,100,99.99998838283013,30.741000962237536,19.089671373709997,24.219602113914323,5.129930740204326,10.419642803273469,419097.5857142857,21.180904277767425,0.0,9211474.452839931,278.81275810160207,52.57590505879123
GR0000000387,2022,2,25626.0,7224.0,40335.0,146498.0,107828.0,2329.0,9553.0,158211.0,Logistics and Transportation,S,Compliant,TR-281D439E,GR0000000387,2023-07-17,Extended,Agent-prepared,158211.0,148658.0,9553.0,2438.08,177.06,2261.02,Paid,GR0000000387,87017.0,47463.0,23733.0,75922.0,29201.0,11681.0,20884.0,28034.0,-7150.0,4,158213.0,116804.0,1.3423673625742194,54.99990519110314,80,99.99911544347242,6.0381389410344415,23.668167067936775,25.52161624620538,1.8534491782686047,25.494434647401253,79105.5,7.262271951699699,0.0012641186248885106,6540.169379252591,280.8144860134217,62.721454772496685
GR0000000387,2023,2,49735.0,11259.0,35280.0,216058.0,171948.0,4018.0,15277.0,250015.0,Logistics and Transportation,S,Compliant,TR-58AD1C58,GR0000000387,2024-06-24,On-time,Agent-prepared,250015.0,234738.0,15277.0,3898.93,308.67,3590.27,Paid,GR0000000387,137508.0,75005.0,37502.0,112901.0,43424.0,17369.0,33002.0,41687.0,-8685.0,4,250015.0,173694.0,1.263165868735228,54.999900005999635,100,99.99247967423062,6.11043337399756,23.50114551286247,25.521568370753418,2.020422857890946,14.111153330800153,125007.5,7.916787426293881,0.0,12693.152029194212,315.9072182477405,69.28320096511511
GR0000000387,2024,2,49620.0,17861.0,45107.0,292120.0,229588.0,5628.0,23489.0,271363.0,Logistics and Transportation,S,Compliant,TR-A23ECB98,GR0000000387,2025-06-17,On-time,Agent-prepared,271363.0,247874.0,23489.0,5994.77,469.01,5525.76,Paid,GR0000000387,149249.0,81408.0,40705.0,122960.0,47293.0,18917.0,35820.0,45400.0,-9581.0,4,271362.0,189170.0,1.2674483528754885,54.99996314885651,100,100.0,8.655933196493258,23.52488398824982,25.521605858061218,1.9967218698113989,16.622384039091546,135681.5,7.823652950822132,0.0003685114349005758,12663.820826769977,225.01458469740544,52.66223297057638
GR0000000388,2022,2,158403.0,69347.0,68714.0,1930829.0,1427199.0,27993.0,97340.0,406086.0,Financial Services,S,Compliant,TR-8B885ACA,GR0000000388,2023-06-18,On-time,Agent-prepared,406086.0,308746.0,97340.0,27670.48,1866.45,25804.03,Paid,GR0000000388,284261.0,101522.0,20304.0,117904.0,45348.0,18138.0,68222.0,43534.0,24688.0,4,406087.0,181390.0,0.6381225997478819,70.00002462526503,100,99.99994058468238,23.970292007111794,26.50917402917608,28.42662831312924,1.917454283953159,16.921046280837064,203043.0,6.745275109069304,0.00024625265029332155,45028.632046846105,160.8567572137538,38.54914363995631
GR0000000388,2023,2,282200.0,104198.0,60587.0,5414557.0,4559800.0,38106.0,142304.0,628844.0,Financial Services,S,Compliant,TR-37756BBC,GR0000000388,2024-06-19,On-time,Self-prepared,628844.0,486540.0,142304.0,40452.22,2855.93,37596.3,Paid,GR0000000388,440190.0,157211.0,31442.0,180481.0,69416.0,27766.0,105646.0,66639.0,39006.0,4,628843.0,277663.0,0.6307763663555648,69.99998409777957,100,50.9201420845066,22.629459770626738,26.419707105914103,28.426621879919047,2.006914774004944,9.634662968876222,314422.0,7.060008078666634,0.00015902220427133074,80219.92694513155,210.5178369420342,49.57335223245925
GR0000000388,2024,2,192859.0,97476.0,67690.0,3861091.0,3267265.0,34493.0,131969.0,436936.0,Financial Services,S,Compliant,TR-C09090DC,GR0000000388,2025-06-16,On-time,Agent-prepared,436936.0,304967.0,131969.0,37514.33,2413.96,35100.37,Paid,GR0000000388,305856.0,109234.0,21846.0,129142.0,49670.0,19868.0,73405.0,47682.0,25722.0,4,436936.0,198680.0,0.6495742796812206,70.00018309317612,100,99.9993916711894,30.203279198784262,26.597435761428823,28.42662291901886,1.829187157590038,15.491971364227256,218468.0,6.4347677274257595,0.0,54823.300695390586,158.94036672771458,31.572288563147172
GR0000000389,2022,1,78836.0,22179.0,26764.0,314453.0,197782.0,8041.0,30221.0,213493.0,Healthcare,S,Somewhat Compliant,TR-39876F97,GR0000000389,2023-09-18,Extended,Agent-prepared,204538.89,198402.73,6136.17,1678.31,172.65,1505.65,Partial,GR0000000389,159924.0,20227.0,10528.0,79562.0,29175.0,11437.0,38382.0,30567.0,7815.0,4,190679.0,120174.0,0.7963889323120212,83.87079856722555,80,45.65132260089157,3.000001613385112,4.982131630323285,27.351100116196257,22.368968485872973,12.536242406074205,213493.0,10.287134081307983,7.268702898588741,21562.51328760448,268.15711090168486,61.66599015678117
GR0000000389,2023,1,54125.0,17757.0,25759.0,182821.0,110310.0,4953.0,22710.0,149753.0,Healthcare,S,Somewhat Compliant,TR-F1916883,GR0000000389,2024-06-29,On-time,Agent-prepared,138497.86,134342.92,4154.94,1136.42,132.18,1004.24,Paid,GR0000000389,115481.0,14130.0,7303.0,56051.0,21158.0,8276.0,27716.0,21571.0,6144.0,4,136914.0,85485.0,0.7782869100880357,84.3456476328206,60,76.7881324633756,3.000003032537831,4.422016732716865,27.351056814298165,22.9290400815813,17.200990965122568,149753.0,11.63126308935077,1.1568283740158058,14803.75950073888,298.8847062535611,58.04157043879907
GR0000000389,2024,1,56570.0,12222.0,27600.0,155157.0,88089.0,3964.0,16186.0,142099.0,Healthcare,S,Somewhat Compliant,TR-85D20EC7,GR0000000389,2025-06-22,On-time,Agent-prepared,127908.77,124071.51,3837.26,1049.53,121.07,928.46,Paid,GR0000000389,109076.0,13450.0,6980.0,55639.0,20942.0,8205.0,26178.0,21492.0,4686.0,4,129506.0,84786.0,0.8209947283978913,84.22466912729912,100,58.99053515387054,2.9999975763976154,5.736191770666007,27.351026513710302,21.614834743044295,19.423078276412923,142099.0,11.535639762560383,1.2333250969067011,15472.475698805918,390.3248158124601,71.3876613045784
GR0000000390,2022,34,4134544.0,1768951.0,1149509.0,74779086.0,64079738.0,526124.0,2295075.0,9559131.0,Financial Services,S,Somewhat Compliant,TR-FC1871FA,GR0000000390,2023-06-29,On-time,Agent-prepared,8861954.38,7535422.62,1326531.76,352048.98,28098.89,323950.09,Unpaid,GR0000000390,6097960.0,2274798.0,463953.0,2739365.0,1000044.0,391754.0,1463510.0,1039763.0,423748.0,4,8836711.0,4131163.0,0.7104584184597303,69.00712267267765,60,56.6736769382412,14.968839864418257,14.115011056283564,26.539053991440053,12.42404293515649,12.025245809477871,281150.9117647059,7.981528592981579,0.2856648814247853,1097268.8644598452,208.55708244821471,44.49025092005309
GR0000000390,2023,27,2904478.0,1024645.0,1031024.0,28484129.0,19215095.0,369825.0,1394471.0,5682691.0,Financial Services,S,Somewhat Compliant,TR-F135C81A,GR0000000390,2024-06-22,On-time,Agent-prepared,5202047.88,4481376.45,720671.44,191259.38,13133.62,178125.77,Paid,GR0000000390,3518586.0,1349980.0,276979.0,1691955.0,625473.0,245862.0,844460.0,658989.0,185471.0,4,5145545.0,2563290.0,0.7803673353385595,68.381211319695,40,26.741161644532756,13.853610282418238,12.77371634117884,26.539053635870463,13.765337294691623,18.14323530876481,210470.03703703705,6.866915494549862,1.098093204898598,770820.9742620577,208.42857412615638,51.98892881956758
GR0000000390,2024,22,2596467.0,1231997.0,877345.0,24646106.0,17047268.0,327945.0,1559942.0,6840349.0,Financial Services,S,Somewhat Compliant,TR-E7960EC6,GR0000000390,2025-06-20,On-time,Agent-prepared,6218140.61,5734871.93,483268.68,128254.94,9506.14,118748.8,Paid,GR0000000390,4402078.0,1596623.0,334913.0,1973947.0,736582.0,285732.0,1056499.0,757565.0,298934.0,4,6333614.0,2996261.0,0.7170522641289769,69.5034146381513,100,67.14401454883946,7.771916241694638,7.6123855886949645,26.539054837983706,18.926669249288743,12.82602685915587,310924.95454545453,7.41190943600301,1.8231832568261885,689077.8009801504,210.1199289454483,39.920592096876256
GR0000000391,2022,4,143720.0,44951.0,118466.0,613085.0,304993.0,14568.0,59519.0,648225.0,Manufacturing,M,Compliant,TR-4C6D2597,GR0000000391,2023-07-28,Extended,Self-prepared,648225.0,588706.0,59519.0,14250.38,2483.11,11767.26,Paid,GR0000000391,388935.0,162056.0,97234.0,319785.0,122994.0,49197.0,93345.0,118074.0,-24730.0,4,648225.0,491976.0,1.264920456371525,60.0,80,99.99779047968686,9.181842724362681,19.770594264016534,23.94257295989516,4.171978695878625,18.2754444830113,162056.25,17.4248686701688,0.0,34410.26585796132,236.2044608591524,58.58683551349847
GR0000000391,2023,4,324083.0,82456.0,101217.0,995163.0,502153.0,23527.0,105983.0,1139803.0,Manufacturing,M,Compliant,TR-94BC8331,GR0000000391,2024-06-17,On-time,Agent-prepared,1139803.0,1033820.0,105983.0,25375.05,3642.25,21732.8,Paid,GR0000000391,683882.0,284951.0,170971.0,565197.0,217383.0,86953.0,164132.0,208688.0,-44556.0,4,1139804.0,869533.0,1.2714644310676773,59.99996490624704,100,100.0,9.298361208033318,20.505930196352246,23.942566260626705,3.4366360642744596,8.880218774647899,284950.75,14.353666298194486,8.773438240350373e-05,77593.78701442684,329.80740006982126,67.29757500393417
GR0000000391,2024,4,254718.0,83546.0,100289.0,920217.0,533948.0,27669.0,111215.0,1011475.0,Manufacturing,M,Compliant,TR-C6F489D1,GR0000000391,2025-06-18,On-time,Agent-prepared,1011475.0,900260.0,111215.0,26627.72,4413.39,22214.33,Paid,GR0000000391,606885.0,252869.0,151721.0,485519.0,186739.0,74696.0,145653.0,179268.0,-33617.0,4,1011475.0,746954.0,1.2307882432905604,60.0,100,99.99851447241487,10.995328604266048,19.974221103268448,23.942561704806007,3.968340601537559,9.915123952643416,252868.75,16.574419439591523,0.0,60986.014323247764,220.41278804166308,56.33798946285696
GR0000000392,2022,36,1194478.0,237548.0,678677.0,4820665.0,3016632.0,101278.0,338826.0,5207135.0,Automotive,S,Compliant,TR-3649EA57,GR0000000392,2023-06-17,On-time,Agent-prepared,5207135.0,4868309.0,338826.0,91219.44,8586.08,82633.36,Paid,GR0000000392,3644995.0,1041427.0,520714.0,2803286.0,1078187.0,431275.0,874798.0,1035060.0,-160262.0,4,5207136.0,4312748.0,1.1831988641949343,69.99999615911703,100,99.99956434060046,6.5069563205102225,24.38814022536641,26.922207858901032,2.5340676335346224,13.033597170036881,144642.63888888888,9.412555043091691,1.9204414869467e-05,321579.84998884384,317.52191985312095,71.63396898059236
GR0000000392,2023,34,1202180.0,188941.0,822214.0,4467552.0,2579896.0,66961.0,255901.0,5002172.0,Automotive,S,Compliant,TR-76C6C28B,GR0000000392,2024-06-11,On-time,Agent-prepared,5002172.0,4746271.0,255901.0,68894.2,6009.33,62884.87,Paid,GR0000000392,3501520.0,1000435.0,500218.0,2582373.0,993221.0,397288.0,840364.0,953492.0,-113126.0,4,5002173.0,3972882.0,1.1346178560718927,69.99997800955705,100,100.0,5.115797697480215,24.573905533780643,26.92220819770145,2.3483026639208084,16.43713970651149,147122.70588235295,8.72254848739081,1.9991311772660225e-05,323653.40251112735,483.3461306000916,78.71358698364638
GR0000000392,2024,33,484145.0,131555.0,675010.0,2041696.0,1393495.0,51132.0,182687.0,2250032.0,Automotive,S,Compliant,TR-58A74AEF,GR0000000392,2025-06-22,On-time,Agent-prepared,2250032.0,2067345.0,182687.0,49183.37,4318.77,44864.61,Paid,GR0000000392,1575023.0,450006.0,225003.0,1177429.0,452856.0,181142.0,378006.0,434743.0,-56738.0,4,2250032.0,1811427.0,1.1500955011296117,70.00002666628743,100,100.0,8.119306747637367,24.558184216720402,26.922205739872023,2.364021523151621,30.00001777752494,68182.78787878787,8.780955839341631,0.0,130342.51297930341,254.9137780241403,62.26605665658016
GR0000000393,2022,42,530316.0,127924.0,689038.0,2980426.0,2361767.0,41751.0,169675.0,2858645.0,Logistics and Transportation,S,Compliant,TR-08E8C1A7,GR0000000393,2023-06-21,On-time,Agent-prepared,2858645.0,2688970.0,169675.0,42403.77,3533.72,38870.05,Paid,GR0000000393,1572255.0,857594.0,428796.0,1255794.0,482999.0,193200.0,377340.0,463678.0,-86337.0,4,2858645.0,1931993.0,1.2288069115386655,55.000008745402106,100,99.99987136625757,5.935504408557201,22.908531015176074,24.99117135700604,2.082640341829965,24.103657502068287,68062.97619047618,8.33350430869708,0.0,132532.18029362016,317.4347447812511,68.00492536525392
GR0000000393,2023,45,1225797.0,335562.0,793732.0,7535635.0,5846332.0,135956.0,471519.0,5987296.0,Logistics and Transportation,S,Compliant,TR-AE48835E,GR0000000393,2024-06-24,On-time,Agent-prepared,5987296.0,5515777.0,471519.0,117838.12,9465.8,108372.33,Paid,GR0000000393,3293013.0,1796189.0,898095.0,2680237.0,1030860.0,412344.0,790324.0,989626.0,-199303.0,4,5987297.0,4123441.0,1.2521775879259645,54.99999415429032,100,99.99969549422809,7.875324687471606,22.983661315874865,24.991171087485338,2.007509771610472,13.256936019197981,133051.02222222224,8.03288443501984,1.670202763870421e-05,306341.0254552626,225.32365284008256,61.533679720214685
GR0000000393,2024,49,353986.0,128587.0,897633.0,1997653.0,1444544.0,42622.0,171209.0,2244083.0,Logistics and Transportation,S,Compliant,TR-31F0B3ED,GR0000000393,2025-06-24,On-time,Agent-prepared,2244083.0,2072874.0,171209.0,42787.14,3157.07,39630.07,Paid,GR0000000393,1234246.0,673225.0,336612.0,1007290.0,387419.0,154968.0,296219.0,371923.0,-75702.0,4,2244083.0,1549677.0,1.2555676712162285,55.000015596571075,100,99.99982336644877,7.62935239026364,23.14718852396778,24.991174529376377,1.8439860054085955,39.99999108767368,45797.61224489796,7.378548788257406,0.0,88465.25906955826,207.55773795119487,51.63396292508743
GR0000000394,2022,35,777652.0,138273.0,615383.0,2536293.0,1301895.0,51602.0,189875.0,2797196.0,Agriculture and Food Production,M,Compliant,TR-B00E6FF6,GR0000000394,2023-06-10,On-time,Agent-prepared,2797196.0,2607321.0,189875.0,52847.33,8241.26,44606.07,Paid,GR0000000394,1818178.0,699299.0,279719.0,1286331.0,494743.0,197897.0,436363.0,474954.0,-38591.0,4,2797196.0,1978971.0,1.0884378373051795,65.00002145005213,100,99.99984307068523,6.78804774495602,23.492334430546414,27.832695194206714,4.3403607636603,21.999995709989577,79919.88571428572,15.594468064895613,0.0,216441.51083165238,419.4440347886756,75.583551511473
GR0000000394,2023,40,606361.0,91415.0,723531.0,2079309.0,1282673.0,35101.0,126516.0,3288779.0,Agriculture and Food Production,M,Compliant,TR-E82FC07D,GR0000000394,2024-06-21,On-time,Agent-prepared,3288779.0,3124340.05,164438.95,45767.79,7218.1,38549.69,Partial,GR0000000394,2137706.0,822195.0,328878.0,1477831.0,568396.0,227359.0,513050.0,545661.0,-32611.0,4,3288779.0,2273586.0,1.063563005555014,64.99998935775253,100,91.43264187079066,5.0,30.470209301590312,27.83269413967919,-2.6375151619111215,21.999988445559886,82219.475,15.771135114891937,0.0,168766.60251230016,480.80283328765614,79.13520163730847
GR0000000394,2024,40,962539.0,278208.0,733334.0,2557343.0,1358042.0,90927.0,369135.0,3576023.0,Agriculture and Food Production,M,Compliant,TR-482F706A,GR0000000394,2025-06-18,On-time,Agent-prepared,3576023.0,3206888.0,369135.0,102740.22,14529.76,88210.46,Paid,GR0000000394,2324415.0,894007.0,357601.0,1624365.0,624754.0,249903.0,557860.0,599765.0,-41905.0,4,3576023.0,2499022.0,1.0751174129709964,65.0000013982013,100,99.99947851989435,10.32250072217097,23.896531079415393,27.832695355357796,3.936164275942403,20.50697101221105,89400.575,14.14223173748314,0.0,267900.5475465074,294.6325596868998,61.649865615834784
GR0000000395,2022,1,43883.0,10227.0,24129.0,238072.0,132804.0,2837.0,13064.0,267203.0,Automotive,S,Somewhat Compliant,TR-739F43E4,GR0000000395,2023-06-26,On-time,Agent-prepared,258301.22,250552.18,7749.04,1934.58,223.68,1710.9,Paid,GR0000000395,166058.0,50120.0,26041.0,134111.0,49948.0,19509.0,39853.0,52156.0,-12303.0,4,242219.0,203568.0,1.3087095074398414,68.55696704222211,60,100.0,3.00000131629266,13.096295162278015,24.965415070770057,11.869119908492042,9.030212984135657,267203.0,11.562199547188538,6.639536947968572,10955.573095506024,386.1675394961588,70.22992958548868
GR0000000395,2023,1,14801.0,3202.0,20587.0,84690.0,61491.0,1087.0,4289.0,95783.0,Automotive,S,Somewhat Compliant,TR-643824A7,GR0000000395,2024-09-19,Extended,Self-prepared,93356.06,90555.38,2800.68,699.2,78.1,621.1,Paid,GR0000000395,60713.0,17842.0,9373.0,48834.0,17890.0,7062.0,14571.0,18643.0,-4072.0,4,87928.0,73786.0,1.2794591997803857,69.0485397143117,60,99.98389953308646,2.999998071898064,14.481231056190255,24.965365554079728,10.484134497889473,21.493375651211593,95783.0,11.16990846681922,6.173300882540267,3695.1237556593405,339.93778800913896,71.02222822782245
GR0000000395,2024,1,15494.0,3604.0,20971.0,56588.0,34320.0,1243.0,4847.0,69902.0,Automotive,S,Somewhat Compliant,TR-6DA9556D,GR0000000395,2025-06-29,On-time,Self-prepared,66071.63,64089.48,1982.15,494.85,57.72,437.13,Paid,GR0000000395,44038.0,12848.0,6801.0,34797.0,13146.0,5157.0,10570.0,13491.0,-2921.0,4,63687.0,53100.0,1.2763481551561022,69.1475497354248,80,0.0,3.000001664859789,9.018568186507117,24.96531544030472,15.946747253797604,30.000572229693002,69902.0,11.664140648681418,3.7442963242106053,3868.125974320814,311.1927573870325,68.716922679747
GR0000000396,2022,13,240986.0,55107.0,270351.0,1562520.0,1092210.0,23430.0,78536.0,1284714.0,Agriculture and Food Production,S,Compliant,TR-6FD4AB31,GR0000000396,2023-06-22,On-time,Agent-prepared,1284714.0,1206178.0,78536.0,17595.04,1752.36,15842.68,Paid,GR0000000396,835064.0,321179.0,128472.0,636796.0,244921.0,97968.0,200415.0,235125.0,-34709.0,4,1284715.0,979685.0,1.1731906294439038,64.99994162129343,100,100.0,6.113111556346393,20.172506875827647,22.403789345013752,2.2312824691861053,21.04367197679795,98824.15384615384,9.959397648428192,7.783827541407717e-05,53989.99579097484,230.4310533118858,67.41055496999826
GR0000000396,2023,13,204753.0,42020.0,270548.0,1604706.0,860099.0,15748.0,57768.0,1353872.0,Agriculture and Food Production,S,Compliant,TR-479FDC52,GR0000000396,2024-06-25,On-time,Agent-prepared,1353872.0,1286178.4,67693.6,15165.93,1717.72,13448.21,Paid,GR0000000396,880016.0,338468.0,135387.0,665952.0,256136.0,102455.0,211204.0,245890.0,-34686.0,4,1353871.0,1024543.0,1.16422984413174,64.99998892065788,100,99.9984384538909,5.0,23.27968771638277,22.40378706406514,-0.8759006523176325,19.983277591973245,104144.0,11.326176502199338,7.38622808249545e-05,45872.4261272853,291.2904884892386,71.78649397078432
GR0000000396,2024,14,111054.0,19604.0,118727.0,468310.0,254787.0,6967.0,26571.0,474907.0,Agriculture and Food Production,S,Compliant,TR-FE898905,GR0000000396,2025-06-12,On-time,Self-prepared,474907.0,448336.0,26571.0,5952.91,640.99,5311.92,Paid,GR0000000396,308689.0,118727.0,47491.0,230190.0,88534.0,35413.0,74085.0,84993.0,-10908.0,4,474907.0,354137.0,1.1472362826483093,64.99988418785152,100,0.0,5.594990177024133,19.991419216438974,22.403786082571223,2.412366866132249,25.000052641885674,33921.92857142857,10.767674969048752,0.0,24880.300596138644,357.11641447019724,76.07380193419418
GR0000000397,2022,6,1263072.0,402984.0,220464.0,2490307.0,1164801.0,134944.0,537928.0,2397510.0,Technology and Innovation,M,Compliant,TR-6D0B7984,GR0000000397,2023-06-21,On-time,Agent-prepared,2397510.0,1859582.0,537928.0,112779.93,22031.93,90748.0,Paid,GR0000000397,959004.0,839129.0,599378.0,938239.0,360862.0,144344.0,230161.0,346426.0,-116266.0,4,2397511.0,1443445.0,1.5051463975217347,39.999983316030665,100,100.0,22.43694499710116,16.869915676447405,20.96561807528145,4.095702398834046,9.19554037313713,399585.0,19.53532867062429,4.170992333740742e-05,264810.85153581895,196.23758858179613,57.4111372906691
GR0000000397,2023,7,1202721.0,543680.0,262079.0,1927576.0,720962.0,143190.0,686870.0,2223430.0,Technology and Innovation,M,Compliant,TR-D454F6A9,GR0000000397,2024-06-22,On-time,Agent-prepared,2223430.0,1536560.0,686870.0,144006.54,22965.4,121041.14,Paid,GR0000000397,889372.0,778200.0,555857.0,825514.0,317505.0,127001.0,213450.0,304805.0,-91357.0,4,2223429.0,1270020.0,1.4279925040993207,40.000017990230404,100,99.99988433684614,30.89236000233873,17.6221322812177,20.965617948083338,3.3434856668656394,11.787148684689871,317632.85714285716,15.947470163507852,4.497557601901292e-05,252157.8898413674,176.10020940105272,42.89032951116676
GR0000000397,2024,7,1529270.0,536815.0,234696.0,2126604.0,955542.0,161191.0,698006.0,2540660.0,Technology and Innovation,M,Compliant,TR-3F13B989,GR0000000397,2025-06-24,On-time,Agent-prepared,2540660.0,1842654.0,698006.0,146341.27,24645.03,121696.24,Paid,GR0000000397,1016264.0,889230.0,635165.0,981275.0,377413.0,150965.0,243903.0,362317.0,-118413.0,4,2540659.0,1509653.0,1.4854962833585483,40.00001574394675,100,99.99980278766213,27.4734124203947,17.43484153431346,20.965617774059247,3.530776239745787,9.237599678823614,362951.4285714286,16.84079275791443,3.935986687686466e-05,320620.9029333558,198.90744702455834,54.35691539100355
GR0000000398,2022,20,2837276.0,1214552.0,829397.0,4216511.0,1834845.0,379916.0,1594468.0,4609066.0,Technology and Innovation,M,Compliant,TR-7DAF93FA,GR0000000398,2023-06-15,On-time,Agent-prepared,4609066.0,3014598.0,1594468.0,437564.83,85193.12,352371.71,Paid,GR0000000398,1843628.0,1613173.0,1152266.0,1813793.0,697612.0,279045.0,442471.0,669709.0,-227238.0,4,4609067.0,2790450.0,1.513565860813477,40.000026035638015,100,100.0,34.594167234749946,22.099641385088947,27.442684958243124,5.343043573154176,17.99490395668016,230453.3,19.46982804810889,2.1696365015699826e-05,778624.7140758422,204.94654451927326,43.802858798368575
GR0000000398,2023,19,2238722.0,923060.0,652759.0,3923883.0,1705732.0,274897.0,1197957.0,4189752.0,Technology and Innovation,M,Compliant,TR-EC4CB67C,GR0000000398,2024-06-23,On-time,Agent-prepared,4189752.0,2991795.0,1197957.0,328751.57,57417.97,271333.59,Paid,GR0000000398,1675901.0,1466414.0,1047438.0,1580667.0,607948.0,243180.0,402216.0,583631.0,-181414.0,4,4189753.0,2431795.0,1.4510387453507567,39.99999522644891,100,100.0,28.59255154004342,22.649693603359722,27.442685338455387,4.792991735095665,15.579895898372984,220513.26315789475,17.465458796135938,2.3867755449824557e-05,614365.4340627752,223.48931929514518,46.48924699002377
GR0000000398,2024,19,2786327.0,1203585.0,810834.0,4771026.0,2426750.0,312858.0,1516442.0,4541456.0,Technology and Innovation,M,Compliant,TR-65ED08CF,GR0000000398,2025-06-22,On-time,Agent-prepared,4541456.0,3025014.0,1516442.0,416152.4,78378.37,337774.03,Paid,GR0000000398,1816582.0,1589511.0,1135365.0,1804829.0,694165.0,277666.0,435980.0,666398.0,-230419.0,4,4541458.0,2776660.0,1.528505894765815,39.99997357676764,100,99.9999911183225,33.39109748063176,22.274114671052374,27.442684916403003,5.1685702453506295,17.85405385409437,239024.0,18.83405454347974,4.40387206035453e-05,764642.9393506644,244.4057493657392,45.575591091784986
GR0000000399,2024,35,1358660.0,299937.0,950223.0,3408131.0,2003936.0,116263.0,416200.0,5445633.0,Manufacturing,M,Compliant,TR-22BF1899,GR0000000399,2025-06-11,On-time,Self-prepared,5445633.0,5029433.0,416200.0,84412.95,12529.43,71883.51,Paid,GR0000000399,3267379.0,1361407.0,816845.0,2623631.0,1009090.0,403636.0,784171.0,968725.0,-184554.0,4,5445631.0,4036357.0,1.235349177666606,60.00000734533795,100,100.0,7.6428213212311595,17.27138635271504,20.281823642479576,3.0104372897645355,17.449266228554148,155589.51428571428,14.843018754823758,3.6726689711663596e-05,275561.025100913,237.0152370925514,69.36687618683113
GR0000000400,2024,3,873113.0,353601.0,141386.0,8888723.0,7067380.0,100722.0,454323.0,1464854.0,Financial Services,M,Somewhat Compliant,TR-5EBB8C2E,GR0000000400,2025-06-25,On-time,Self-prepared,1425799.63,1120993.07,304806.56,68464.1,7355.04,61109.07,Paid,GR0000000400,935377.0,338567.0,71076.0,382730.0,143749.0,55812.0,224490.0,148010.0,76479.0,4,1345020.0,582291.0,0.6593166733484788,69.54372425688837,60,56.15603155128203,21.377937936482702,13.450578112928468,22.461491642437096,9.010913529508628,9.651883395887918,488284.6666666667,10.742914899925655,6.005831140057394,196114.2035240318,194.70840881240622,47.96515456762183
GR0000000401,2022,3,42242.0,14856.0,68198.0,168863.0,111676.0,6077.0,20932.0,210915.0,Logistics and Transportation,S,Compliant,TR-8DBED834,GR0000000401,2023-06-16,On-time,Self-prepared,210915.0,189983.0,20932.0,5438.45,440.74,4997.71,Paid,GR0000000401,116002.0,63274.0,31638.0,96303.0,37040.0,14815.0,27842.0,35558.0,-7717.0,4,210914.0,148158.0,1.2771352632713167,54.99966811117327,100,100.0,9.924377118744518,23.875931587999236,25.98151156124594,2.105579973246705,32.33435270132518,70305.0,8.104147321387527,0.00047412689532233543,10975.11011370151,180.60079173443327,50.44742199706454
GR0000000401,2023,2,52409.0,16053.0,38159.0,270299.0,180651.0,6654.0,22708.0,299368.0,Logistics and Transportation,S,Compliant,TR-3C295B66,GR0000000401,2024-06-10,On-time,Self-prepared,299368.0,276660.0,22708.0,5899.88,523.39,5376.49,Paid,GR0000000401,164652.0,89811.0,44905.0,134510.0,51735.0,20694.0,39516.0,49665.0,-10149.0,4,299368.0,206939.0,1.2568326753720012,54.999866385184795,100,99.99088624734725,7.585313059512039,23.67663378545006,25.98150431565968,2.3048705302096195,12.74651933406376,149684.0,8.8711973802857,0.0,13616.646596794082,204.63851212494865,56.671564044343526
GR0000000401,2024,2,49977.0,12151.0,46602.0,359984.0,282684.0,3696.0,15847.0,246738.0,Logistics and Transportation,S,Compliant,TR-D96AEDF8,GR0000000401,2025-06-10,On-time,Agent-prepared,246738.0,230891.0,15847.0,4117.29,337.48,3779.81,Paid,GR0000000401,135706.0,74021.0,37011.0,110357.0,42445.0,16978.0,32570.0,40746.0,-8177.0,4,246738.0,169780.0,1.2510285538839423,55.00004052882005,100,100.0,6.422602112362101,23.851896257966807,25.981510696030796,2.1296144380639888,18.88724071687377,123369.0,8.19665362410712,0.0,12984.779600555312,351.31979438731906,68.29141405046322
GR0000000402,2022,1,24671.0,4694.0,18180.0,204614.0,159900.0,1921.0,6615.0,84936.0,Tourism and Hospitality,S,Compliant,TR-F4FA93E3,GR0000000402,2023-06-21,On-time,Agent-prepared,84936.0,78321.0,6615.0,1890.25,162.0,1728.25,Paid,GR0000000402,50962.0,25481.0,8494.0,31135.0,11975.0,4789.0,12231.0,11496.0,735.0,4,84937.0,47899.0,0.93990679421143,59.99976453135854,100,99.98985080686086,7.7882170104549315,26.12622826908541,28.57520786092215,2.448979591836739,21.404351511726478,84936.0,8.570294934532468,0.0011773432073147738,7049.789531368103,366.98539986299335,73.18714279923798
GR0000000402,2023,1,29278.0,7996.0,14505.0,239243.0,171903.0,3191.0,11187.0,106261.0,Tourism and Hospitality,S,Compliant,TR-B55EF4CB,GR0000000402,2024-06-18,On-time,Agent-prepared,106261.0,95074.0,11187.0,3196.71,283.24,2913.47,Paid,GR0000000402,63757.0,31879.0,10626.0,36741.0,14132.0,5653.0,15302.0,13566.0,1736.0,4,106262.0,56526.0,0.8865507776761208,59.999811785963,100,99.98989132094627,10.527851234225162,26.043353892911412,28.575221238938052,2.5318673460266403,13.650351493021898,106261.0,8.860359557169716,0.000941070185012105,8366.253274336283,262.18280395914394,61.790422843090376
GR0000000402,2024,1,29321.0,5736.0,16346.0,184083.0,140965.0,1903.0,7639.0,78583.0,Tourism and Hospitality,S,Compliant,TR-C798120B,GR0000000402,2025-06-25,On-time,Self-prepared,78583.0,70944.0,7639.0,2182.86,214.24,1968.62,Paid,GR0000000402,47150.0,23574.0,7859.0,28506.0,10963.0,4385.0,11316.0,10525.0,791.0,4,78583.0,43854.0,0.9300989749027925,60.000254507972464,100,100.0,9.720932008195158,25.770650608718416,28.57520617881922,2.8045555701008027,20.80093658933866,78583.0,9.814646839467487,0.0,8378.536203691583,440.2804100731258,73.94700044336824
GR0000000403,2022,6,196027.0,53845.0,111994.0,672708.0,497726.0,16564.0,70409.0,799573.0,Automotive,S,Compliant,TR-9EBDC849,GR0000000403,2023-06-18,On-time,Agent-prepared,799573.0,729164.0,70409.0,16896.14,1646.1,15250.05,Paid,GR0000000403,559701.0,159915.0,79957.0,423715.0,162968.0,65187.0,134328.0,156449.0,-22121.0,4,799573.0,651870.0,1.1646789946995415,69.99998749332457,100,99.99967213222251,8.80582510915201,21.65923390475649,23.99713104858754,2.33789714383105,14.006726090050565,133262.16666666666,9.742461887744774,0.0,47040.8560806147,283.9945428677535,64.0819887056375
GR0000000403,2023,6,133467.0,36952.0,149790.0,475486.0,350346.0,11994.0,48946.0,539731.0,Automotive,S,Compliant,TR-B5F4B4AF,GR0000000403,2024-08-25,Extended,Agent-prepared,539731.0,490785.0,48946.0,11745.64,1182.86,10562.78,Paid,GR0000000403,377811.0,107946.0,53973.0,270450.0,104020.0,41609.0,90674.0,99859.0,-9184.0,4,539730.0,416079.0,1.1012969539228445,70.0,80,100.0,9.068591576174057,21.58047644342745,23.997139704981,2.4166632615535484,27.752713851900296,89955.16666666667,10.07063046372952,0.0001852778241051567,32028.26245004699,267.03570493619304,63.32726441742154
GR0000000403,2024,7,253228.0,69654.0,173596.0,844799.0,487384.0,26562.0,96215.0,1046955.0,Automotive,S,Compliant,TR-869D7263,GR0000000403,2025-06-14,On-time,Agent-prepared,1046955.0,950740.0,96215.0,23088.85,2253.98,20834.86,Paid,GR0000000403,732868.0,209390.0,104695.0,540804.0,208001.0,83201.0,175889.0,199681.0,-23792.0,4,1046953.0,832006.0,1.1352671287004872,70.00008596374431,100,100.0,9.18998428776786,21.65448214935301,23.997141817803875,2.342659668450864,16.581037389381585,149565.0,9.762201235661369,0.0001910305429175807,60767.482282388395,228.7760043761328,62.00459664807999
GR0000000404,2022,84,4878602.0,2156666.0,2954278.0,35663697.0,22817334.0,589377.0,2746044.0,16925076.0,Energy,M,Compliant,TR-E96F0573,GR0000000404,2023-06-21,On-time,Agent-prepared,16925076.0,14179032.0,2746044.0,568419.33,90346.65,478072.68,Paid,GR0000000404,13540061.0,2538762.0,846254.0,7721322.0,2969739.0,1187897.0,3249616.0,2850951.0,398665.0,4,16925077.0,11878958.0,0.8773193509633138,79.99999645496443,100,99.81126851990668,16.224707055968317,17.409505455848485,20.69957109208738,3.290065636238893,17.45503535700519,201489.0,15.894366224315418,5.9083926196024095e-06,1009849.6892899967,171.3418897055699,43.71248156746543
GR0000000404,2023,84,8335009.0,2718855.0,2761547.0,37369418.0,24095188.0,924011.0,3642866.0,30271259.0,Energy,M,Compliant,TR-C08A2D89,GR0000000404,2024-06-15,On-time,Agent-prepared,30271259.0,26628393.0,3642866.0,754057.64,112293.02,641764.62,Paid,GR0000000404,24217007.0,4540690.0,1513564.0,13333807.0,5128387.0,2051355.0,5812082.0,4923252.0,888829.0,4,30271261.0,20513549.0,0.8470720130927265,79.99999405376604,100,100.0,12.03407496199613,17.617025166448617,20.69957116182698,3.0825459953783643,9.12266979050987,360372.13095238095,14.891835059187253,6.606926616914421e-06,1725311.1192996833,186.71975975390805,56.29439632278741
GR0000000404,2024,79,5856499.0,2377436.0,2596535.0,38993841.0,22244284.0,670386.0,3047822.0,20097208.0,Energy,M,Compliant,TR-B477BCC8,GR0000000404,2025-06-17,On-time,Agent-prepared,20097208.0,17049386.0,3047822.0,630886.08,115655.22,515230.86,Paid,GR0000000404,16077768.0,3014581.0,1004861.0,8972835.0,3451091.0,1380436.0,3858664.0,3313048.0,545617.0,4,20097210.0,13804362.0,0.8585997640634168,80.0,100,100.0,15.165400089405454,16.9048868339424,20.69957103794119,3.7946842039987914,12.919879219043759,254395.03797468354,18.332187643132023,9.95163009775979e-06,1212270.1708413153,180.83166576290603,47.95829385440004
GR0000000405,2022,44,888951.0,240066.0,787663.0,5324746.0,4173352.0,100332.0,340398.0,3700283.0,Logistics and Transportation,S,Compliant,TR-95DB849A,GR0000000405,2023-06-20,On-time,Agent-prepared,3700283.0,3359885.0,340398.0,76072.96,6510.9,69562.06,Paid,GR0000000405,2035155.0,1110085.0,555042.0,1639510.0,630580.0,252233.0,488438.0,605357.0,-116920.0,4,3700282.0,2522323.0,1.2393732674361946,54.99999729750327,100,99.99991374608516,9.199242328221922,20.435507846697103,22.348239413862597,1.912731567165494,21.286561054924718,84097.34090909091,8.55875727722439,2.702496728623771e-05,198664.8977519257,198.0075128093985,61.707900660441354
GR0000000405,2023,49,721053.0,222873.0,1077082.0,5396973.0,3867146.0,92770.0,315643.0,3925922.0,Logistics and Transportation,S,Compliant,TR-6F70D417,GR0000000405,2024-06-11,On-time,Agent-prepared,3925922.0,3610279.0,315643.0,70540.65,6056.27,64484.38,Paid,GR0000000405,2159257.0,1177776.0,588889.0,1864400.0,717077.0,286830.0,518222.0,688394.0,-170173.0,4,3925922.0,2868307.0,1.3283766416709442,54.99999745282764,100,99.9994107100045,8.039971247518416,20.429529563462516,22.348238357891667,1.9187087944291505,27.435134982304792,80120.85714285714,8.585503535904476,0.0,161142.6431267286,173.7012429952879,56.22471579759046
GR0000000405,2024,45,1073525.0,351149.0,1003265.0,4736836.0,3415643.0,121645.0,472794.0,4394681.0,Logistics and Transportation,S,Compliant,TR-CC8CD10C,GR0000000405,2025-06-13,On-time,Agent-prepared,4394681.0,3921887.0,472794.0,105661.14,9153.27,96507.86,Paid,GR0000000405,2417075.0,1318405.0,659202.0,1983448.0,762864.0,305146.0,580098.0,732350.0,-152251.0,4,4394682.0,3051458.0,1.2624591017379823,54.9999977245225,100,100.0,10.758323527919318,20.412242964166214,22.348240459904314,1.9359974957380999,22.82907451075516,97659.57777777778,8.66285372275938,2.275477497537537e-05,239913.94839718778,197.2246688291239,55.95873407698936
GR0000000406,2022,197,14940512.0,3959124.0,5976288.0,34931515.0,25767943.0,929417.0,4888541.0,29041105.0,Tourism and Hospitality,L,Somewhat Compliant,TR-32C31635,GR0000000406,2023-06-22,On-time,Agent-prepared,27707410.63,26876188.31,831222.32,184615.85,35245.63,149370.22,Partial,GR0000000406,16069811.0,8231816.0,2864815.0,8224861.0,3127153.0,1231772.0,3856754.0,3191393.0,665362.0,4,27166442.0,12583786.0,0.827481607590217,59.153167720675384,80,58.08202847310986,3.0000000039700567,3.0555173823846418,22.210165145709755,19.154647763325112,20.57872109205211,147416.7766497462,19.091334790593546,1.9913120385805394,3318312.388814584,357.03160032736474,67.27996336404
GR0000000406,2023,207,19012124.0,3134202.0,5377445.0,64077393.0,29932145.0,840612.0,3974814.0,52242779.0,Tourism and Hospitality,L,Somewhat Compliant,TR-3DFCF9F0,GR0000000406,2024-06-25,On-time,Agent-prepared,48372685.97,46921505.39,1451180.58,322309.61,67480.82,254828.79,Paid,GR0000000406,28227713.0,14688554.0,5144159.0,13189065.0,5071501.0,1965091.0,6774650.0,5122967.0,1651685.0,4,48060426.0,20225657.0,0.7561965562796602,58.733796908084,80,50.49756288413734,3.0000000018605544,6.411087160304859,22.210165601857764,15.799078441552904,10.293183293331314,252380.57487922706,20.936645357859483,0.6497236832649023,4222624.224830545,502.32737872294757,79.09326701214447
GR0000000406,2024,208,10392034.0,1919616.0,5818318.0,47398541.0,25218004.0,557130.0,2476746.0,26980372.0,Tourism and Hospitality,L,Somewhat Compliant,TR-BE9551F2,GR0000000406,2025-06-22,On-time,Agent-prepared,25662868.55,24892982.49,769886.06,170992.97,33971.53,137021.44,Unpaid,GR0000000406,14421775.0,7538559.0,2588639.0,7869558.0,2936770.0,1143449.0,3461227.0,3049029.0,412198.0,4,24548973.0,11949777.0,0.8809098623118333,58.74695857948925,100,29.938124549997724,3.000000013638382,5.53231699980539,22.210165748422565,16.677848748617173,21.565002884319014,129713.32692307692,19.867208575884725,4.537442564297911,2308087.9760324275,414.2817611746679,76.16687936163412
GR0000000407,2022,11,179071.0,48503.0,137752.0,314669.0,223461.0,16793.0,65295.0,688758.0,Consumer Goods and Retail,S,Compliant,TR-B3E916ED,GR0000000407,2023-06-23,On-time,Agent-prepared,688758.0,623463.0,65295.0,17803.4,1192.46,16610.94,Paid,GR0000000407,551005.0,103313.0,34437.0,367073.0,141182.0,56473.0,132241.0,135535.0,-3293.0,4,688755.0,564728.0,1.024909067535787,80.00014518950861,100,100.0,9.480107672070597,25.43983459682977,27.266100007657556,1.8262654108277872,20.000058075550484,62614.36363636364,6.697934102474807,0.00043556852582504746,48825.677944712465,290.7501812940658,63.536809421961124
GR0000000407,2023,10,170924.0,37964.0,157943.0,482362.0,311273.0,13648.0,51612.0,838343.0,Consumer Goods and Retail,S,Compliant,TR-F1C8260E,GR0000000407,2024-06-19,On-time,Agent-prepared,838343.0,786731.0,51612.0,14072.58,1011.27,13061.31,Paid,GR0000000407,670674.0,125751.0,41917.0,436754.0,167982.0,67193.0,160962.0,161263.0,-301.0,4,838342.0,671929.0,1.0018700065854051,80.00004771322443,100,99.99792632569664,6.15643000537966,25.306730992792374,27.266100906765868,1.959369913973493,18.839902044867078,83834.3,7.186102335179477,0.00011928306109521003,46604.31031388049,341.4735515378113,69.80412347008027
GR0000000407,2024,11,293570.0,55918.0,211273.0,534734.0,345915.0,21895.0,77813.0,1265933.0,Consumer Goods and Retail,S,Compliant,TR-55BE332B,GR0000000407,2025-06-20,On-time,Agent-prepared,1265933.0,1188120.0,77813.0,21216.57,1388.45,19828.12,Paid,GR0000000407,1012746.0,189890.0,63297.0,654602.0,251770.0,100709.0,243059.0,241699.0,1360.0,4,1265933.0,1007081.0,0.994404650722664,79.99996840275118,100,99.99950016910945,6.146691807544316,25.481757546939455,27.266099494943003,1.7843419480035472,16.689113878854567,115084.81818181818,6.54417749900196,0.0,80045.08828730417,365.58615340170894,73.49422624927615
GR0000000408,2022,34,769041.0,155958.0,817567.0,3396334.0,1623633.0,53073.0,209032.0,4146794.0,Agriculture and Food Production,M,Compliant,TR-C25FA06C,GR0000000408,2023-06-24,On-time,Agent-prepared,4146794.0,3937762.0,209032.0,55156.38,8844.31,46312.07,Paid,GR0000000408,2695415.0,1036699.0,414680.0,1809758.0,696061.0,278424.0,646899.0,668218.0,-21318.0,4,4146794.0,2784243.0,1.0329556855088662,64.99997347348338,100,99.99984885149811,5.040809840083689,22.155492938880172,26.38657239083011,4.231079451949938,19.71564056473507,121964.5294117647,16.034971838253345,0.0,202923.5601801638,382.34801156927966,72.81913448047634
GR0000000408,2023,33,881225.0,145274.0,773292.0,3340063.0,2087224.0,36485.0,181759.0,3769064.0,Agriculture and Food Production,M,Compliant,TR-39E81EF1,GR0000000408,2024-06-16,On-time,Self-prepared,3769064.0,3580610.8,188453.2,49726.34,8037.17,41689.17,Paid,GR0000000408,2449891.0,942266.0,376907.0,1717568.0,660603.0,264242.0,587974.0,634179.0,-46205.0,4,3769064.0,2642413.0,1.078583406749278,64.99998408092831,100,99.99959222023371,5.0,22.936509333788145,26.386572369161147,3.4500630353730024,20.5168179685991,114214.06060606061,16.16280224927071,0.0,232525.07236014033,637.3169038238738,79.37428012142188
GR0000000408,2024,32,855867.0,141722.0,614127.0,3438643.0,2007251.0,43456.0,185179.0,3661598.0,Agriculture and Food Production,M,Compliant,TR-5CEEAB00,GR0000000408,2025-06-15,On-time,Agent-prepared,3661598.0,3476419.0,185179.0,48862.39,8443.31,40419.08,Paid,GR0000000408,2380039.0,915400.0,366161.0,1700733.0,654128.0,261651.0,571209.0,627963.0,-56754.0,4,3661600.0,2616512.0,1.0993576781878436,64.99997268953463,100,99.99980207367412,5.057327429171635,21.827032222876245,26.386571911501843,4.559539688625598,16.77210332756354,114424.9375,17.279772847787427,5.462093074504182e-05,225833.9614218135,519.6841895752335,78.36357751846957
GR0000000409,2023,10,401541.0,79080.0,217621.0,639086.0,334558.0,24138.0,103217.0,1355100.0,Consumer Goods and Retail,M,Compliant,TR-57D06BB5,GR0000000409,2024-06-12,On-time,Agent-prepared,1355100.0,1251883.0,103217.0,27463.28,3284.41,24178.87,Paid,GR0000000409,1084080.0,203265.0,67755.0,670837.0,258015.0,103206.0,260180.0,247693.0,12485.0,4,1355100.0,1032058.0,0.9520063033284649,80.0,100,100.0,7.6169286399527705,23.425278781596052,26.607322437195425,3.1820436555993723,16.059405209947606,135510.0,11.959277988645201,0.0,106839.30858753888,442.61872809486647,74.29477936250595
GR0000000409,2024,10,340513.0,99785.0,208251.0,466490.0,307706.0,31891.0,131676.0,1248407.0,Consumer Goods and Retail,M,Compliant,TR-A9E611BC,GR0000000409,2025-06-13,On-time,Agent-prepared,1248407.0,1116731.0,131676.0,35035.46,3775.08,31260.38,Paid,GR0000000409,998726.0,187261.0,62420.0,600964.0,231139.0,92456.0,239694.0,221894.0,17800.0,4,1248407.0,924559.0,0.9257386501122264,80.00003204083283,100,99.99922544423829,10.547521761733153,23.74037789726298,26.607324037789727,2.8669461405267462,16.681338698036775,124840.7,10.77502621629629,0.0,90601.39730079893,284.0970722172366,61.33011074467054
GR0000000410,2022,76,1124259.0,209396.0,1135117.0,4718814.0,2460647.0,76442.0,285838.0,5159623.0,Agriculture and Food Production,M,Compliant,TR-924DD50F,GR0000000410,2023-06-24,On-time,Self-prepared,5159623.0,4873785.0,285838.0,60530.98,8316.93,52214.05,Paid,GR0000000410,3353754.0,1289905.0,515962.0,2308986.0,888071.0,355228.0,804901.0,852549.0,-47647.0,4,5159621.0,3552285.0,1.059197342281846,65.00000678344398,100,99.99990424033378,5.5399008803550185,18.267007885585542,21.17667350037434,2.9096656147887963,21.99999883712434,67889.77631578948,13.739955969653886,3.876253702461696e-05,238080.65772857354,311.4526801085444,74.57543146196738
GR0000000410,2023,76,1802359.0,314845.0,1518691.0,5901251.0,3688683.0,95195.0,410040.0,7291822.0,Agriculture and Food Production,M,Compliant,TR-D6929910,GR0000000410,2024-06-11,On-time,Agent-prepared,7291822.0,6881782.0,410040.0,86832.83,12755.91,74076.92,Paid,GR0000000410,4739685.0,1822955.0,729183.0,3273244.0,1258940.0,503576.0,1137523.0,1208582.0,-71058.0,4,7291823.0,5035760.0,1.0624681874564295,65.00000068569959,100,100.0,5.62328592222904,18.065778948395277,21.17667300751146,3.110894059116184,20.82731860432139,95945.02631578948,14.69019263796884,1.3713991686703508e-05,381679.6718514535,400.9450830941263,77.24981538084255
GR0000000410,2024,81,3276869.0,696741.0,1953362.0,8677566.0,4664606.0,226915.0,923656.0,11760507.0,Agriculture and Food Production,M,Compliant,TR-430398E9,GR0000000410,2025-06-23,On-time,Agent-prepared,11760507.0,10836851.0,923656.0,195599.61,30177.34,165422.26,Partial,GR0000000410,7644331.0,2940126.0,1176051.0,5445211.0,2094311.0,837725.0,1834639.0,2010540.0,-175900.0,4,11760508.0,8377247.0,1.0958777176327332,65.00000680242725,100,93.28671969540252,7.853879088716158,17.90950960097699,21.176672917189947,3.267163316212958,16.609505015387516,145191.44444444444,15.428118696146687,8.503034054641034e-06,693931.830054793,305.8113522926175,71.81284939983868
GR0000000411,2022,6,81401.0,19796.0,119983.0,345987.0,251041.0,5936.0,25731.0,399944.0,Automotive,S,Compliant,TR-EC2CA63F,GR0000000411,2023-06-10,On-time,Agent-prepared,399944.0,374213.0,25731.0,6106.44,620.59,5485.85,Paid,GR0000000411,279961.0,79990.0,39994.0,202313.0,77813.0,31126.0,67191.0,74700.0,-7510.0,4,399945.0,311252.0,1.1117560387551904,69.99987498281014,100,0.0,6.4336507110995536,21.320003109090205,23.731840970036142,2.411837860945937,29.99994999299902,66657.33333333333,10.16287722470048,0.00025003437972292986,19317.95586801912,325.4372619275458,68.38982322084495
GR0000000411,2023,6,83303.0,22482.0,118888.0,480136.0,312855.0,8882.0,31364.0,544371.0,Automotive,S,Compliant,TR-B9C75329,GR0000000411,2024-09-25,Extended,Agent-prepared,544371.0,513007.0,31364.0,7443.26,636.13,6807.12,Paid,GR0000000411,381059.0,108875.0,54437.0,272884.0,104954.0,41981.0,91454.0,100757.0,-9303.0,4,544371.0,419819.0,1.1017232707153324,69.99987141122507,80,99.99823713993582,5.761511910076033,21.703609233516133,23.731858181354422,2.0282489478382892,21.839517534916446,90728.5,8.546389619602163,0.0,19769.349820813673,222.57768318862503,62.349495216258724
GR0000000411,2024,5,70816.0,12078.0,113506.0,349133.0,247488.0,4007.0,16085.0,405757.0,Automotive,S,Compliant,TR-68009801,GR0000000411,2025-06-22,On-time,Agent-prepared,405757.0,385469.15,20287.85,4814.68,478.98,4335.71,Paid,GR0000000411,284029.0,81150.0,40576.0,206943.0,79595.0,31837.0,68167.0,76411.0,-8243.0,4,405755.0,318375.0,1.120938283920372,70.00012322707052,100,100.0,5.0,26.954989120298418,23.73183949999631,-3.2231496203021095,27.973885847933616,81151.4,9.948324706937948,0.0004929082821014674,16805.939460317386,419.414511113486,77.28620650700407
GR0000000412,2022,33,1691178.0,287313.0,845309.0,6536341.0,4367299.0,75388.0,362701.0,3835969.0,Tourism and Hospitality,M,Non-Compliant,TR-0C27D173,GR0000000412,2023-06-29,On-time,Self-prepared,2687160.41,2660288.81,26871.6,5992.34,992.9,4999.44,Unpaid,GR0000000412,1705192.0,1014550.0,360252.0,1239610.0,435526.0,164751.0,409245.0,532805.0,-123560.0,4,3079994.0,1839887.0,1.3019218316656282,55.3634844743204,60,0.0,0.9999998474225807,1.378391567710042,22.299900266452315,20.921508698742272,22.0363876767513,116241.48484848485,16.569487045127612,12.754362183822431,377131.0073281829,500.2533656923952,78.55335156914293
GR0000000412,2023,24,2871359.0,566155.0,645157.0,10525728.0,6781458.0,139538.0,705693.0,5453532.0,Tourism and Hospitality,M,Non-Compliant,TR-4DB163A8,GR0000000412,2024-06-28,On-time,Agent-prepared,4670356.03,4623652.47,46703.56,10414.84,1644.74,8770.1,Partial,GR0000000412,2433327.0,1460365.0,513961.0,1765288.0,607855.0,228201.0,583999.0,751087.0,-167088.0,4,4407653.0,2601344.0,1.2861100789556146,55.20686406121354,40,61.99473210111629,0.9999999935765067,1.2427642048312795,22.29988463406216,21.05712042923088,11.830076361521304,227230.5,15.792273333051684,5.960156800002192,640309.7444297608,458.8784018903531,75.42303139384522
GR0000000412,2024,20,1121315.0,207914.0,404590.0,4319010.0,2740520.0,37677.0,245591.0,2850741.0,Tourism and Hospitality,M,Non-Compliant,TR-81440B85,GR0000000412,2025-06-29,On-time,Agent-prepared,2128625.52,2107339.27,21286.26,4746.81,787.12,3959.69,Unpaid,GR0000000412,1150588.0,775851.0,267191.0,841582.0,304945.0,113669.0,276140.0,362422.0,-86281.0,4,2193630.0,1260196.0,1.3124574491200116,52.451324972762045,20,0.0,1.0000002254976252,1.6123107117117483,22.29987794943781,20.68756723772606,14.192450313795607,142537.05,16.582083546634475,2.9633292761313434,250051.8764287386,663.6724697527367,78.09794749914163
GR0000000413,2022,3,38952.0,6515.0,50565.0,253340.0,156446.0,2698.0,9213.0,233288.0,Agriculture and Food Production,S,Compliant,TR-96BF242A,GR0000000413,2023-06-13,On-time,Agent-prepared,233288.0,221623.6,11664.4,3332.23,309.48,3022.75,Paid,GR0000000413,151637.0,58322.0,23329.0,115465.0,44409.0,17764.0,36392.0,42632.0,-6241.0,4,233288.0,177638.0,1.1714662563200704,64.999914269058,100,100.0,5.0,32.809616845761425,28.567521689928334,-4.242095155833091,21.67492541408045,77762.66666666667,9.287474153944956,0.0,11127.621048660883,412.43962374577035,76.34781269254466
GR0000000413,2023,3,54247.0,12527.0,53093.0,242611.0,130384.0,5121.0,17648.0,233333.0,Agriculture and Food Production,S,Compliant,TR-E8758E58,GR0000000413,2024-06-24,On-time,Agent-prepared,233333.0,215685.0,17648.0,5041.6,558.69,4482.91,Paid,GR0000000413,151666.0,58334.0,23334.0,112039.0,43093.0,17236.0,36399.0,41369.0,-4969.0,4,233334.0,172368.0,1.136542212698151,64.99952857277552,100,100.0,7.563439376341967,25.40180190389846,28.567543064369904,3.1657411604714447,22.754175363107663,77777.66666666667,11.081601079022532,0.0004285702040807138,15497.035086128742,302.6173615725199,67.46732538204878
GR0000000413,2024,3,35489.0,6540.0,58979.0,279207.0,159489.0,2045.0,8585.0,235918.0,Agriculture and Food Production,S,Compliant,TR-EDB7EEDE,GR0000000413,2025-06-22,On-time,Agent-prepared,235918.0,224122.1,11795.9,3369.8,366.67,3003.13,Paid,GR0000000413,153346.0,58980.0,23592.0,113852.0,43789.0,17516.0,36803.0,42038.0,-5234.0,4,235918.0,175157.0,1.1422438388174878,64.99970328673523,100,99.99567118306565,5.0,34.981129877693654,28.567553132868202,-6.413576744825452,24.99978806195373,78639.33333333333,10.881061190575108,0.0,10138.338931323597,495.76229493024925,75.80940573135338
GR0000000414,2022,1,183407.0,62257.0,28964.0,576981.0,242613.0,17774.0,80031.0,443041.0,Technology and Innovation,S,Somewhat Compliant,TR-38AD44DA,GR0000000414,2023-06-26,On-time,Agent-prepared,407322.42,395102.75,12219.67,3101.24,459.77,2641.48,Paid,GR0000000414,159573.0,146375.0,108099.0,184253.0,69689.0,27194.0,38297.0,70394.0,-32097.0,4,414047.0,281136.0,1.838107423557981,38.539827604112574,80,99.98182836894468,2.9999993616850262,3.3005710287263685,25.379081431822627,22.07851040309626,6.537543929342883,443041.0,14.825360178509243,1.624110306317883,46547.011881662926,261.88259188512956,56.36426090607228
GR0000000414,2023,1,37330.0,14399.0,30310.0,97935.0,50842.0,4812.0,19211.0,84810.0,Technology and Innovation,S,Somewhat Compliant,TR-3ABD40E9,GR0000000414,2024-07-27,Extended,Agent-prepared,77799.33,70774.1,7025.23,1782.94,256.76,1526.18,Partial,GR0000000414,30738.0,28196.0,20856.0,34897.0,13164.0,5140.0,7377.0,13426.0,-6047.0,4,79790.0,53201.0,1.819981022095703,38.52362451435017,40,0.0,9.029936376058764,7.94430274322003,25.379097908538228,17.4347951653182,35.73871005777621,84810.0,14.40093328995928,2.4948865772653206,9474.01724925732,196.88315148082546,48.53736940798286
GR0000000414,2024,1,68660.0,26052.0,29583.0,186875.0,100026.0,8636.0,34688.0,146465.0,Technology and Innovation,S,Somewhat Compliant,TR-D3C2BE8E,GR0000000414,2025-06-27,On-time,Agent-prepared,143129.77,120026.17,23103.6,5863.49,790.28,5073.21,Paid,GR0000000414,51613.0,48225.0,35573.0,59628.0,22320.0,8747.0,12388.0,22898.0,-10511.0,4,135411.0,90695.0,1.8484016790442364,38.115810384680714,80,0.0,16.141715311915895,14.625259455719558,25.379118405789576,10.753858950070018,20.19799952207012,146465.0,13.477979837946345,5.700253302907443,17425.30269741512,201.77515860832705,49.47859015438392
GR0000000415,2023,3,18087.0,3916.0,21953.0,67574.0,45875.0,1317.0,5233.0,87812.0,Agriculture and Food Production,S,Compliant,TR-54ACB643,GR0000000415,2024-06-19,On-time,Agent-prepared,87812.0,82579.0,5233.0,1475.8,160.41,1315.39,Paid,GR0000000415,57078.0,21953.0,8781.0,42445.0,16325.0,6530.0,13698.0,15672.0,-1974.0,4,87812.0,65300.0,1.1441086289969338,65.00022775930397,100,99.97035099856315,5.9593221883113925,25.136441811580358,28.201796292757496,3.0653544811771383,25.0,29270.666666666668,10.869358991733296,0.0,5100.8588954710485,387.3089518201252,71.06761762591917
GR0000000415,2024,3,27652.0,6478.0,40271.0,148971.0,101085.0,2758.0,9236.0,161085.0,Agriculture and Food Production,S,Compliant,TR-BFC87A85,GR0000000415,2025-06-14,On-time,Agent-prepared,161085.0,151849.0,9236.0,2604.71,292.0,2312.71,Partial,GR0000000415,104705.0,40271.0,16108.0,79101.0,30424.0,12169.0,25129.0,29207.0,-4077.0,4,161084.0,121694.0,1.1622826216721716,65.00024831764793,100,92.6186162553887,5.733618896855697,25.04016890428757,28.201710697271547,3.1615417929839786,24.9998448024335,53695.0,11.210461049406652,0.000620794119843282,7798.337042009529,282.753337273732,66.59916100101259
GR0000000416,2022,44,5868202.0,2939387.0,1849951.0,36222581.0,28924639.0,813026.0,3752412.0,10530198.0,Financial Services,M,Compliant,TR-B4835D2C,GR0000000416,2023-06-14,On-time,Agent-prepared,10530198.0,6777786.0,3752412.0,826607.94,77535.1,749072.84,Paid,GR0000000416,7371139.0,2632550.0,526510.0,2525283.0,971263.0,388505.0,1769072.0,932412.0,836662.0,4,10530199.0,3885051.0,0.5270627764161097,69.99999715105099,100,100.0,35.634771539908364,19.962435894565946,22.028709534027712,2.066273639461766,17.568055225552264,239322.68181818182,9.379912319738908,9.496496700123203e-06,1292689.173450005,158.99727357427744,36.05516647177449
GR0000000416,2023,44,10249737.0,4619310.0,2103689.0,128970606.0,102452154.0,1708832.0,6328142.0,19268367.0,Financial Services,M,Compliant,TR-B1C33995,GR0000000416,2024-06-16,On-time,Agent-prepared,19268367.0,12940225.0,6328142.0,1394008.02,127640.32,1266367.7,Partial,GR0000000416,13487857.0,4817092.0,963417.0,5371003.0,2065770.0,826308.0,3237086.0,1983139.0,1253947.0,4,19268366.0,8263081.0,0.612630927939511,70.00000415188293,100,97.58364699455984,32.84212927852163,20.01168273404737,22.028709532750685,2.0170267987033164,10.917837510568488,437917.4318181818,9.156354781947382,5.1898536801431305e-06,2257884.791600874,132.1302966939333,38.26044512166507
GR0000000416,2024,44,7248245.0,2980953.0,2015284.0,44454260.0,38600878.0,917222.0,3898176.0,16136688.0,Financial Services,M,Compliant,TR-89FC13AD,GR0000000416,2025-06-10,On-time,Self-prepared,16136688.0,12238512.0,3898176.0,858717.87,78561.51,780156.36,Paid,GR0000000416,11295682.0,4034172.0,806835.0,4092830.0,1574166.0,629666.0,2710964.0,1511199.0,1199765.0,4,16136689.0,6296662.0,0.5574397151714298,69.99999814088255,100,98.48108310726039,24.157224828291902,20.013369329655717,22.02870958109639,2.015340251440673,12.488832900530767,366742.9090909091,9.14869862903866,6.197058144419287e-06,1596694.84077634,174.07943123653163,46.21903647020761
GR0000000417,2022,22,901906.0,207730.0,621704.0,2211945.0,1413495.0,77714.0,285444.0,3013520.0,Logistics and Transportation,M,Compliant,TR-1C7D689F,GR0000000417,2023-06-16,On-time,Agent-prepared,3013520.0,2728076.0,285444.0,78349.6,9448.54,68901.06,Paid,GR0000000417,1657436.0,904056.0,452028.0,1311307.0,504349.0,201739.0,397784.0,484174.0,-86389.0,4,3013520.0,2017395.0,1.2171781670454318,55.00000000000001,100,99.99991291861112,9.472112347022751,24.13820574263253,27.448326116506216,3.310120373873687,20.630491916429953,136978.18181818182,12.05946169476296,0.0,247558.10014433655,318.5501970614517,68.35102549489636
GR0000000417,2023,21,629074.0,185329.0,433339.0,1815739.0,1116692.0,48881.0,234210.0,2116501.0,Logistics and Transportation,M,Compliant,TR-9A22882B,GR0000000417,2024-06-24,On-time,Self-prepared,2116501.0,1882291.0,234210.0,64286.72,7695.82,56590.9,Paid,GR0000000417,1164075.0,634950.0,317476.0,878210.0,337772.0,135109.0,279379.0,324262.0,-44883.0,4,2116501.0,1351091.0,1.1606527333836831,54.99997401371415,100,100.0,11.065905473231528,24.16246103923829,27.448324153537424,3.285863114299133,20.47431113899781,100785.76190476191,11.971088274530105,0.0,172670.270685624,353.2461911287085,62.76908598988354
GR0000000417,2024,23,825136.0,302702.0,620089.0,3437575.0,2286841.0,86955.0,389656.0,3191729.0,Logistics and Transportation,M,Compliant,TR-5F2A3CD5,GR0000000417,2025-06-24,On-time,Agent-prepared,3191729.0,2802073.0,389656.0,106954.04,11793.99,95160.05,Paid,GR0000000417,1755451.0,957519.0,478759.0,1358824.0,522625.0,209050.0,421308.0,501720.0,-80412.0,4,3191729.0,2090499.0,1.1908627417471305,55.00000156654904,100,99.99994745694227,12.208304652431332,24.421553883425382,27.44832364957809,3.0267697661527073,19.427996549832393,138770.8260869565,11.027157085417251,0.0,226485.99982918266,260.46345791407356,52.7767543774602
GR0000000418,2022,10,692700.0,114291.0,218762.0,2149046.0,1497493.0,35958.0,150249.0,1873687.0,Tourism and Hospitality,M,Compliant,TR-8CF459DA,GR0000000418,2023-06-16,On-time,Agent-prepared,1873687.0,1723438.0,150249.0,33927.33,4166.34,29760.99,Paid,GR0000000418,1124212.0,562106.0,187369.0,589369.0,226682.0,90672.0,269811.0,217613.0,52197.0,4,1873687.0,906723.0,0.806538651129865,59.999989325858586,100,57.475787290537504,8.018895365127687,19.807779086716053,22.580735978276063,2.7729568915600105,11.67548261796127,187368.7,12.280188272994073,0.0,156416.7581215183,434.99849302385644,78.30965786054568
GR0000000418,2023,11,816178.0,160514.0,204464.0,2504908.0,1575111.0,53464.0,213977.0,2123688.0,Tourism and Hospitality,M,Compliant,TR-D192C804,GR0000000418,2024-06-13,On-time,Agent-prepared,2123688.0,1909711.0,213977.0,48317.58,6763.51,41554.07,Paid,GR0000000418,1274212.0,637106.0,212369.0,674642.0,259477.0,103792.0,305812.0,249099.0,56713.0,4,2123687.0,1037911.0,0.8145494617608203,59.99999058241634,100,99.99992876555696,10.075726754589185,19.419876902657762,22.580735312673795,3.160858410016033,9.627779598509763,193062.54545454544,13.998031358358592,4.708791832008785e-05,184298.99386027473,344.7160591431145,73.78304732546087
GR0000000418,2024,11,619775.0,120479.0,255240.0,2815694.0,1935474.0,32253.0,152732.0,1617782.0,Tourism and Hospitality,M,Compliant,TR-A69FC76F,GR0000000418,2025-08-21,Late,Agent-prepared,1617782.0,1465050.0,152732.0,34488.01,5038.32,29449.69,Paid,GR0000000418,970670.0,485334.0,161778.0,523786.0,201456.0,80583.0,232961.0,193398.0,39563.0,4,1617782.0,805825.0,0.8301732908083327,60.00004945042039,80,74.65873305329788,9.440827008830608,19.281938297147942,22.580736191498836,3.298797894350894,15.777156625552763,147071.0909090909,14.608903210130128,0.0,139949.75773086192,433.91237320826565,75.35686337783874
GR0000000419,2022,42,1839267.0,670467.0,1039294.0,6589853.0,3215741.0,211555.0,882022.0,7165965.0,Manufacturing,M,Compliant,TR-691F4A9D,GR0000000419,2023-06-22,On-time,Agent-prepared,7165965.0,6283943.0,882022.0,220455.68,38441.05,182014.63,Paid,GR0000000419,4299580.0,1791492.0,1074895.0,3573696.0,1374499.0,549799.0,1031900.0,1319519.0,-287620.0,4,7165967.0,5497994.0,1.2787275898827406,59.99999720902986,100,100.0,12.3084888078577,20.636064633308468,24.994351614812327,4.358286981503859,14.503196708328886,170618.2142857143,17.437087581503913,2.7909701505457463e-05,459712.8611152102,217.30181802141772,52.04491789392187
GR0000000419,2023,42,2069729.0,564667.0,1066536.0,5415208.0,3203108.0,187631.0,752297.0,8202528.0,Manufacturing,M,Compliant,TR-85BD0AA1,GR0000000419,2024-06-18,On-time,Self-prepared,8202528.0,7450231.0,752297.0,188031.76,27050.82,160980.94,Paid,GR0000000419,4921517.0,2050631.0,1230379.0,4091981.0,1573839.0,629536.0,1181163.0,1510886.0,-329721.0,4,8202527.0,6295356.0,1.2791511417137178,60.000009753091945,100,100.0,9.171526144135077,21.398588589347025,24.994351964716063,3.595763375369039,13.002528001123556,195298.2857142857,14.386303675506731,1.2191364939795335e-05,517315.35097579815,275.708891907946,63.65239120677152
GR0000000419,2024,50,3456781.0,1283452.0,1205495.0,10607129.0,4918084.0,391997.0,1675449.0,13028105.0,Manufacturing,M,Compliant,TR-4FAE2859,GR0000000419,2025-06-19,On-time,Agent-prepared,13028105.0,11352656.0,1675449.0,418767.62,66884.81,351882.81,Paid,GR0000000419,7816863.0,3257025.0,1954216.0,6513704.0,2505271.0,1002107.0,1876047.0,2405061.0,-529013.0,4,13028104.0,10021082.0,1.2819833405026633,60.000004605428394,100,100.0,12.860266324227506,21.002299085200445,24.994351961772633,3.9920528765721883,9.253034113556808,260562.1,15.971819884259435,7.67571397553013e-06,864000.0096876835,220.40985254675,51.53152600642043
GR0000000420,2022,2,53527.0,8644.0,47434.0,197865.0,142859.0,3030.0,11674.0,229091.0,Automotive,S,Compliant,TR-3422987A,GR0000000420,2023-06-23,On-time,Self-prepared,229091.0,217417.0,11674.0,2592.88,255.32,2337.57,Paid,GR0000000420,160364.0,45819.0,22908.0,119479.0,45953.0,18382.0,38488.0,44115.0,-5628.0,4,229091.0,183814.0,1.1462014134275618,70.00013095232899,100,100.0,5.095791628654116,20.023727942436185,22.210724687339386,2.186996744903201,20.7053092439249,114545.5,9.846965536391965,0.0,11888.734603392153,392.36747865980703,78.19044594316887
GR0000000420,2023,1,19118.0,3920.0,24904.0,115652.0,78884.0,1249.0,5169.0,115252.0,Automotive,S,Compliant,TR-D1D45A62,GR0000000420,2024-06-25,On-time,Agent-prepared,115252.0,109489.4,5762.6,1279.92,127.85,1152.07,Paid,GR0000000420,80677.0,23050.0,11525.0,60986.0,23456.0,9381.0,19362.0,22518.0,-3157.0,4,115252.0,93823.0,1.1629996901146575,70.00052059834103,100,99.99392398031371,5.0,22.288063455213774,22.21080762155971,-0.07725583365406408,21.60830180821157,115252.0,9.988905556597286,0.0,4246.262201089785,339.97295445074343,72.96265299717544
GR0000000420,2024,1,10078.0,2334.0,17905.0,40438.0,23500.0,679.0,3012.0,59682.0,Automotive,S,Compliant,TR-020C9E1B,GR0000000420,2025-06-11,On-time,Agent-prepared,59682.0,56670.0,3012.0,668.99,67.03,601.96,Paid,GR0000000420,41778.0,11936.0,5968.0,31327.0,12049.0,4820.0,10026.0,11567.0,-1539.0,4,59682.0,48196.0,1.1537003790145621,70.00100532823967,100,100.0,5.046747763144667,19.98539176626826,22.210823373173973,2.225431606905712,30.000670218826446,59682.0,10.019581757574851,0.0,2238.406779548473,329.6622650292302,70.11311768207977
GR0000000421,2022,120,6373630.0,1789712.0,3753447.0,17525833.0,12109519.0,493599.0,2283311.0,26554037.0,Automotive,M,Compliant,TR-522D8186,GR0000000421,2023-06-21,On-time,Agent-prepared,26554037.0,24270726.0,2283311.0,576205.37,92454.79,483750.58,Paid,GR0000000421,18587827.0,5310807.0,2655405.0,13134409.0,5051696.0,2020679.0,4461077.0,4849628.0,-388551.0,4,26554039.0,20206784.0,1.0870980258802976,69.99999887022837,100,100.0,8.598733970281055,21.18636401261151,25.235518507991245,4.049154495379735,14.135127551415252,221283.64166666666,16.045457889432722,7.531810886085566e-06,1608418.5782808824,325.85531540397824,64.17565814143589
GR0000000421,2023,108,3268041.0,735557.0,2491278.0,7543820.0,5084304.0,229048.0,964605.0,14366815.0,Automotive,M,Compliant,TR-E75CD522,GR0000000421,2024-06-20,On-time,Agent-prepared,14366815.0,13402210.0,964605.0,243423.07,35683.64,207739.43,Paid,GR0000000421,10056770.0,2873364.0,1436682.0,7137132.0,2745051.0,1098019.0,2413625.0,2635249.0,-221624.0,4,14366816.0,10980202.0,1.0918220518928996,69.9999916474186,100,99.99979300992595,6.714118612928474,21.536217415418747,25.23551816546669,3.699300750047943,17.340503096893777,133026.0648148148,14.659103592769576,6.9604844887827255e-06,824707.0802098993,360.0586253579596,70.48369344203455
GR0000000421,2024,100,3118985.0,846143.0,2672550.0,7746079.0,4285528.0,310381.0,1156525.0,13784523.0,Automotive,M,Compliant,TR-B9984FC1,GR0000000421,2025-06-22,On-time,Agent-prepared,13784523.0,12627998.0,1156525.0,291855.08,38149.24,253705.84,Paid,GR0000000421,9649165.0,2756905.0,1378452.0,6903161.0,2655061.0,1062024.0,2315799.0,2548860.0,-233060.0,4,13784522.0,10620246.0,1.1006395632781603,69.99999709819463,100,100.0,8.390025538061781,21.93690927563174,25.235518471282507,3.2986091956507657,19.388048465659637,137845.23,13.071295521051063,7.254513434418186e-06,787092.0357915307,253.58898766082035,62.919828085098196
GR0000000422,2022,109,71472010.0,30562509.0,7662011.0,490835899.0,382629854.0,7159610.0,37722118.0,117345766.0,Financial Services,L,Non-Compliant,TR-A2EA4206,GR0000000422,2023-07-14,Late,Agent-prepared,105239679.39,96741377.34,8498302.04,1857691.04,314574.09,1543116.95,Unpaid,GR0000000422,57016492.0,26374432.0,5491963.0,25520429.0,8825391.0,3327739.0,13683958.0,10817221.0,2866737.0,4,88882887.0,37673559.0,0.7905038147588586,64.14788484536962,20,19.849727676355357,8.075188074743906,4.0907484304036155,21.8595553706632,17.768806940259587,6.529431151354877,1076566.6605504588,16.933606462353396,18.402634007601492,15623463.60047594,218.216684993679,47.221131740943065
GR0000000422,2023,68,42789829.0,14948684.0,4655072.0,196802833.0,222610828.0,1892900.0,16841585.0,68731183.0,Financial Services,L,Non-Compliant,TR-2895D88F,GR0000000422,2024-07-24,Extended,Self-prepared,61513729.45,60898592.16,615137.29,134466.28,20567.06,113899.21,Paid,GR0000000422,31398511.0,15249671.0,3250029.0,13911568.0,4959943.0,1853817.0,7535643.0,5913016.0,1622626.0,4,49898211.0,20725328.0,0.7846730531157062,62.925123708342966,20,21.813792153354342,0.99999999268456,0.6762974506259358,21.859555937504616,21.18325848687868,6.772867564348485,1010752.6911764706,15.295329059448957,23.278426655416574,9353666.605817571,494.14478344432206,60.64114909176197
GR0000000422,2024,50,30679454.0,13174785.0,3683148.0,123433203.0,109529757.0,1619819.0,14794603.0,47032079.0,Financial Services,L,Non-Compliant,TR-CF439A80,GR0000000422,2025-06-30,On-time,Self-prepared,39875108.6,39476357.51,398751.09,87165.21,14477.51,72687.7,Paid,GR0000000422,23667222.0,10374013.0,2205206.0,9867447.0,3450029.0,1282166.0,5680133.0,4212602.0,1467531.0,4,36246441.0,14599642.0,0.7416379158727445,65.2952989232791,40,15.469556368845542,1.0000000100313207,0.49131227110318537,21.859554039087392,21.368241767984205,7.8311401033324515,940641.58,16.609275650227882,10.011100400174456,6706391.826026958,414.0210619845154,51.77683735831805
GR0000000423,2022,98,4812454.0,953808.0,2045480.0,4853929.0,2289332.0,356076.0,1309883.0,13636536.0,Consumer Goods and Retail,L,Compliant,TR-ABF75842,GR0000000423,2023-06-15,On-time,Agent-prepared,13636536.0,12326653.0,1309883.0,278090.52,44259.05,233831.47,Partial,GR0000000423,10909229.0,2045480.0,681826.0,6202416.0,2385545.0,954217.0,2618215.0,2290123.0,328091.0,4,13636535.0,9542178.0,0.8746886714803788,80.00000733324117,100,96.31328677780051,9.605687250779816,17.851324889322175,21.23018010005474,3.3788552107325636,14.999997066703743,139148.32653061225,15.915339365038406,7.333241169860116e-06,1021692.6514322882,286.9310628720521,72.78139178057597
GR0000000423,2023,94,5478942.0,1455584.0,2123080.0,6123535.0,2951245.0,334821.0,1790406.0,14530065.0,Consumer Goods and Retail,L,Compliant,TR-60785093,GR0000000423,2024-06-16,On-time,Agent-prepared,14530065.0,12739659.0,1790406.0,380106.42,60599.51,319506.92,Paid,GR0000000423,11624051.0,2179510.0,726504.0,6590363.0,2534754.0,1013902.0,2789773.0,2433365.0,356408.0,4,14530065.0,10139019.0,0.872244802713339,79.99999311771833,100,100.0,12.322078394005807,17.845500964585685,21.230180193766106,3.3846792291804206,14.61163456598439,154575.1595744681,15.942774657686657,0.0,1163189.2593119326,347.4063034612323,67.32204867290072
GR0000000423,2024,88,5641719.0,975612.0,2699103.0,9463131.0,4528569.0,367334.0,1342946.0,20033511.0,Consumer Goods and Retail,L,Compliant,TR-95B15089,GR0000000423,2025-06-10,On-time,Agent-prepared,20033511.0,18690565.0,1342946.0,285109.86,37394.8,247715.06,Paid,GR0000000423,16026809.0,3005026.0,1001675.0,9256497.0,3560191.0,1424077.0,3846433.0,3417783.0,428651.0,4,20033510.0,14240765.0,0.8885590883813653,80.0000049916365,100,99.99999112906404,6.703497954003169,18.445645617917624,21.23018051358729,2.7845348956696654,13.47294041468817,227653.5340909091,13.11592661158755,4.99163650413692e-06,1197747.1277693517,326.0648695109496,76.19615581704797
GR0000000424,2022,2,74608.0,27958.0,69611.0,725622.0,478297.0,9328.0,37287.0,365995.0,Energy,S,Compliant,TR-99878144,GR0000000424,2023-06-12,On-time,Agent-prepared,365995.0,328708.0,37287.0,9878.32,1211.02,8667.31,Paid,GR0000000424,292796.0,54899.0,18299.0,179248.0,68942.0,27577.0,70272.0,66184.0,4087.0,4,365994.0,275767.0,0.9418260473588342,80.00021858281829,100,99.99756944907251,10.187844096230823,23.24485745702255,26.492665003888753,3.247807546866202,19.019658738507356,182997.5,12.25937203897019,0.000273228522873481,19765.647506101323,211.89587806712393,50.02278576024018
GR0000000424,2023,1,25856.0,7972.0,27107.0,248408.0,170521.0,3305.0,11277.0,139311.0,Energy,S,Compliant,TR-CE697888,GR0000000424,2024-06-25,On-time,Agent-prepared,139311.0,128034.0,11277.0,2987.58,344.67,2642.91,Paid,GR0000000424,111448.0,20898.0,6965.0,69322.0,26662.0,10665.0,26748.0,25596.0,1152.0,4,139311.0,106649.0,0.9569313593539704,79.99942574527496,100,100.0,8.0948381678403,23.43628624634211,26.492684224527803,3.056397978185693,19.45790353956256,139311.0,11.536762195489327,0.0,6849.9484330939085,207.26016439013338,56.385365099009896
GR0000000424,2024,1,42751.0,13216.0,28534.0,402155.0,278420.0,5530.0,18746.0,216619.0,Energy,S,Compliant,TR-9144ED67,GR0000000424,2025-06-18,On-time,Agent-prepared,216619.0,197873.0,18746.0,4966.32,614.66,4351.66,Paid,GR0000000424,173295.0,32494.0,10832.0,104012.0,40004.0,16003.0,41591.0,38405.0,3187.0,4,216621.0,160019.0,0.92339688874997,79.99916905563173,100,100.0,8.653903858848947,23.213805611863865,26.49269177424517,3.278886162381305,13.172436397545923,216619.0,12.37656856585963,0.0009232715203033592,11325.890660407553,204.80814937445845,56.15073331617973
GR0000000425,2022,10,346347.0,97870.0,228331.0,1084682.0,756853.0,33335.0,131205.0,916278.0,Tourism and Hospitality,M,Compliant,TR-D5D42B72,GR0000000425,2023-06-15,On-time,Agent-prepared,916278.0,785073.0,131205.0,30639.16,3735.55,26903.61,Paid,GR0000000425,549768.0,274883.0,91628.0,313139.0,120439.0,48175.0,131945.0,115620.0,16324.0,4,916279.0,481753.0,0.8762742051612414,60.00006548223848,100,100.0,14.3193441291835,20.50501886361038,23.352128348767195,2.847109485156814,24.919402190164995,91627.8,12.192077067386965,0.00010913706415260904,80879.39597210471,242.62605661348346,62.117471784077814
GR0000000425,2023,10,660898.0,127445.0,242659.0,3189389.0,2098766.0,40139.0,167585.0,1634630.0,Tourism and Hospitality,M,Compliant,TR-3544DE2F,GR0000000425,2024-06-20,On-time,Agent-prepared,1634630.0,1467045.0,167585.0,39134.66,5295.85,33838.81,Paid,GR0000000425,980778.0,490389.0,163464.0,523557.0,201367.0,80547.0,235387.0,193313.0,42074.0,4,1634631.0,805471.0,0.8212560591706424,59.999963294468294,100,100.0,10.252167157093654,20.192027926127036,23.352125786914105,3.1600978607870687,14.844888445703308,163463.0,13.532377692817569,6.117588617904346e-05,154333.73228319958,384.4981994648586,74.64283444646527
GR0000000425,2024,10,816947.0,147302.0,228387.0,4621093.0,2612562.0,40907.0,188209.0,2458764.0,Tourism and Hospitality,M,Compliant,TR-95D77BB3,GR0000000425,2025-06-20,On-time,Agent-prepared,2458764.0,2270555.0,188209.0,43950.8,5861.71,38089.09,Paid,GR0000000425,1475258.0,737629.0,245876.0,821416.0,315929.0,126371.0,354062.0,303290.0,50770.0,4,2458763.0,1263716.0,0.8566013861978975,60.00000813417154,100,99.99989871604582,7.654618336692745,20.237656010073906,23.35212449989108,3.114468489817174,9.2886913912844,245876.4,13.336981351875277,4.067085765946388e-05,190774.48053812518,466.361455345357,76.96190817764187
GR0000000426,2022,1,11492.0,2930.0,14772.0,37395.0,21968.0,829.0,3759.0,49241.0,Automotive,S,Compliant,TR-9701A455,GR0000000426,2023-06-17,On-time,Agent-prepared,49241.0,45482.0,3759.0,876.1,77.12,798.98,Paid,GR0000000426,34469.0,9848.0,4924.0,26087.0,10033.0,4013.0,8273.0,9632.0,-1360.0,4,49241.0,40133.0,1.1642693098029735,70.00060924839056,100,100.0,7.633882333827502,21.25512104283054,23.306730513434427,2.0516094706038857,29.999390751609432,49241.0,8.802648099532018,0.0,2678.409470603884,323.0892003140994,67.29028889662374
GR0000000426,2023,1,44051.0,7020.0,18807.0,178181.0,131462.0,2431.0,9451.0,187455.0,Automotive,S,Compliant,TR-F736C010,GR0000000426,2024-06-23,On-time,Agent-prepared,187455.0,178004.0,9451.0,2202.72,234.18,1968.54,Paid,GR0000000426,131219.0,37490.0,18746.0,95621.0,36777.0,14711.0,31492.0,35307.0,-3813.0,4,187455.0,147109.0,1.121141877302172,70.00026673068203,100,100.0,5.04174335173775,20.828906993968893,23.306740027510315,2.4778330335414225,10.032807873889734,187455.0,10.631401176726957,0.0,10266.85204951857,422.33040104971485,78.54532246714035
GR0000000426,2024,1,31671.0,8100.0,22662.0,94045.0,63447.0,2298.0,10398.0,146842.0,Automotive,S,Compliant,TR-B333EFEA,GR0000000426,2025-06-15,On-time,Agent-prepared,146842.0,136444.0,10398.0,2423.44,261.37,2162.06,Paid,GR0000000426,102790.0,29368.0,14685.0,75347.0,28980.0,11591.0,24669.0,27821.0,-3152.0,4,146843.0,115918.0,1.1277716972718796,69.99993190005652,100,99.99722486887505,7.081080344860462,20.79303712252356,23.306789767262938,2.5137526447393768,15.432914288827448,146842.0,10.785082362261909,0.0006809994347656279,7381.493387189845,321.21381145299586,67.1687032300843
GR0000000427,2022,1,75177.0,21581.0,25471.0,362938.0,213047.0,5818.0,27399.0,221656.0,Healthcare,S,Somewhat Compliant,TR-1544DC98,GR0000000427,2023-07-28,Late,Self-prepared,200018.81,194018.25,6000.56,1398.69,149.79,1248.9,Paid,GR0000000427,171544.0,20948.0,10925.0,88001.0,33188.0,12843.0,41171.0,33972.0,7197.0,4,203417.0,134032.0,0.825143911976877,84.33120142367649,40,77.86026355983377,2.9999978502021887,4.5581955545822845,23.309324463050114,18.75112890846783,11.49122965315624,221656.0,10.70930656542908,1.6705535918826842,17523.250851587185,301.19028620809877,63.554012530428196
GR0000000427,2023,1,83441.0,18446.0,29071.0,182978.0,107942.0,5560.0,24007.0,183229.0,Healthcare,S,Somewhat Compliant,TR-5CCE8226,GR0000000427,2024-06-24,On-time,Agent-prepared,167332.41,162312.44,5019.97,1170.12,137.96,1032.16,Paid,GR0000000427,139694.0,17069.0,8990.0,70281.0,25809.0,10190.0,33526.0,27208.0,6318.0,4,165753.0,106280.0,0.8115492453618087,84.27841426701175,80,38.43453747945623,2.9999986254904236,4.299412671304204,23.30930264523493,19.009889973930726,15.865938252132578,183229.0,11.79024373568523,0.9528696313188867,19449.51522021048,349.8114248239295,71.22877242602557
GR0000000427,2024,1,77438.0,17408.0,30014.0,300930.0,140536.0,5513.0,22921.0,215333.0,Healthcare,S,Somewhat Compliant,TR-BA70986F,GR0000000427,2025-06-28,On-time,Agent-prepared,195147.52,189293.09,5854.43,1364.63,162.91,1201.72,Paid,GR0000000427,165005.0,20486.0,10533.0,77541.0,29484.0,11590.0,39601.0,29930.0,9671.0,4,196024.0,118615.0,0.7557889952273933,84.17591723462434,100,100.0,3.000002254704544,5.24287771039658,23.30935718763398,18.0664794772374,13.938411669367909,215333.0,11.938034485538203,0.4471289229890263,18050.300018960002,327.4133868848177,70.40083679847103
GR0000000428,2022,6,168319.0,56369.0,116200.0,725010.0,402114.0,21124.0,77493.0,686747.0,Manufacturing,S,Compliant,TR-C55A3BBE,GR0000000428,2023-06-24,On-time,Agent-prepared,686747.0,609254.0,77493.0,18628.74,1803.67,16825.07,Paid,GR0000000428,412049.0,171688.0,103012.0,358214.0,137775.0,55110.0,98892.0,132265.0,-33372.0,4,686749.0,551099.0,1.3374691582736722,59.999941754556616,100,99.99958395418265,11.284068223086523,21.711728801311086,24.03925515853045,2.327526357219366,16.920350580344724,114457.83333333333,9.682189992452523,0.00029122721693086717,40462.63389028687,191.54816270728492,53.960634271829086
GR0000000428,2023,5,200415.0,57346.0,105364.0,726978.0,399322.0,23671.0,81016.0,807259.0,Manufacturing,S,Compliant,TR-8C19AD02,GR0000000428,2024-06-22,On-time,Agent-prepared,807259.0,726243.0,81016.0,19475.64,2030.35,17445.3,Paid,GR0000000428,484356.0,201816.0,121089.0,428929.0,164972.0,65989.0,116245.0,158373.0,-42128.0,4,807261.0,659890.0,1.3624069852466774,59.99992567459594,100,99.99828033911713,10.035936421891858,21.533153944899773,24.03925150587538,2.5060975609756078,13.052068790809393,161451.8,10.42507460602065,0.0002477513468379655,48178.26590550014,203.53287104685117,59.57588004889853
GR0000000428,2024,5,120189.0,42429.0,120589.0,491358.0,253059.0,14541.0,56970.0,500893.0,Manufacturing,S,Compliant,TR-7D9BCD14,GR0000000428,2025-06-20,On-time,Agent-prepared,500893.0,443923.0,56970.0,13695.16,1431.92,12263.25,Paid,GR0000000428,300536.0,125223.0,75134.0,259591.0,99843.0,39938.0,72129.0,95849.0,-23720.0,4,500893.0,399372.0,1.3288552454629898,60.000039928687364,100,0.0,11.373686595740008,21.525803054239073,24.039248727400388,2.513445673161314,24.074802402908404,100178.6,10.45566462896381,0.0,28892.53265297525,198.69701294942058,52.59965554252053
GR0000000429,2022,19,3848416.0,1167856.0,738999.0,5230199.0,2751119.0,197185.0,1365040.0,5724361.0,Technology and Innovation,M,Non-Compliant,TR-A20A5D92,GR0000000429,2023-09-17,Extended,Agent-prepared,4839054.1,4790663.56,48390.54,11979.6,2838.67,9140.94,Unpaid,GR0000000429,1477686.0,1827682.0,1367409.0,2071615.0,750994.0,277388.0,354644.0,909131.0,-554486.0,4,4672777.0,3099997.0,2.563503118620363,31.623293814363496,60,0.0,0.9999999793348044,0.6696463107308211,24.756078357464084,24.08643204673326,12.90972040372716,301282.15789473685,23.695866306053624,3.5584214697170324,952716.880481185,483.1589017831909,64.52982213981025
GR0000000429,2023,11,3316453.0,921001.0,414715.0,4283166.0,1550604.0,184322.0,1105323.0,3946426.0,Technology and Innovation,M,Non-Compliant,TR-B5DD5825,GR0000000429,2024-06-28,On-time,Agent-prepared,3146131.13,3114669.82,31461.31,7788.59,1909.25,5879.34,Paid,GR0000000429,1125369.0,1281486.0,924133.0,1499992.0,570290.0,209436.0,270088.0,644059.0,-373970.0,4,3330988.0,2279718.0,2.3846264921062765,33.78484101413755,20,99.99421703796685,0.9999999586794083,0.5319114865066592,24.756089304609375,24.224177818102717,10.50862223186245,358766.0,24.513422840334385,5.549610806163219,821024.0664253967,445.4292305993841,66.67153130166477
GR0000000429,2024,9,2617172.0,833937.0,376701.0,3821925.0,1869625.0,111654.0,945591.0,3787599.0,Technology and Innovation,M,Non-Compliant,TR-9EB1F653,GR0000000429,2025-07-29,Late,Agent-prepared,3243688.53,3211251.64,32436.89,8030.1,1735.22,6294.89,Unpaid,GR0000000429,1064553.0,1174272.0,886203.0,1469511.0,519413.0,198931.0,255492.0,634835.0,-379342.0,4,3125028.0,2187855.0,2.484754904263147,34.06539077409867,0,0.0,1.0000001448967728,0.6657095932596652,24.75607248413766,24.090362890877994,9.945641024828658,420844.3333333333,21.608946339398013,3.797102937957675,647908.9973545553,580.282835683948,63.869741843486025
GR0000000430,2022,8,322330.0,94048.0,152995.0,1596434.0,1238335.0,27287.0,121335.0,808646.0,Tourism and Hospitality,S,Compliant,TR-821E30BA,GR0000000430,2023-06-19,On-time,Agent-prepared,808646.0,687311.0,121335.0,29333.46,2559.83,26773.63,Paid,GR0000000430,485188.0,242594.0,80865.0,279169.0,107372.0,42949.0,116445.0,103077.0,13368.0,4,808647.0,429490.0,0.8851990209970372,59.999975267329255,100,100.0,15.004711579603436,22.065875468743563,24.175596489059213,2.10972102031565,18.919898200201324,101080.75,8.726655498533074,0.0001236633537238241,77925.20016318456,285.5762823439167,62.35690131231967
GR0000000430,2023,7,110569.0,16344.0,137906.0,741931.0,578362.0,6338.0,22682.0,429714.0,Tourism and Hospitality,S,Compliant,TR-1F859C79,GR0000000430,2024-06-25,On-time,Agent-prepared,429714.0,407032.0,22682.0,5483.51,429.51,5054.0,Paid,GR0000000430,257828.0,128915.0,42971.0,161514.0,62121.0,24848.0,61879.0,59636.0,2242.0,4,429714.0,248483.0,0.9637518382650011,59.999906914831726,100,100.0,5.2783944670175975,22.281985715545368,24.175601798783177,1.8936160832378093,32.09250804023141,61387.71428571428,7.832756756165303,0.0,26730.72115289657,421.75325264904654,79.48611274407837
GR0000000430,2024,7,248881.0,44298.0,131557.0,1061789.0,639886.0,17542.0,61839.0,794873.0,Tourism and Hospitality,S,Compliant,TR-4CD11767,GR0000000430,2025-06-19,On-time,Agent-prepared,794873.0,733034.0,61839.0,14949.95,1379.44,13570.5,Paid,GR0000000430,476924.0,238462.0,79488.0,295536.0,113669.0,45468.0,114463.0,109121.0,5341.0,4,794874.0,454673.0,0.953329896997283,59.99994967755896,100,99.99735610607303,7.779733366210703,21.944889147625286,24.175601157845374,2.2307120102200884,16.550694261850634,113553.28571428571,9.22705427108452,0.00012580610260215508,60168.47791765715,342.9966817789143,75.15318565900972
GR0000000431,2024,36,587681.0,206048.0,881946.0,3708835.0,2285613.0,76085.0,282133.0,3667564.0,Manufacturing,S,Compliant,TR-8DB75F87,GR0000000431,2025-06-20,On-time,Agent-prepared,3667564.0,3385431.0,282133.0,83909.91,8574.93,75334.97,Paid,GR0000000431,2200539.0,916891.0,550135.0,1889610.0,726773.0,290709.0,528129.0,697703.0,-169574.0,4,3667565.0,2907092.0,1.3210844320232367,60.0,100,100.0,7.692653761461286,26.701934903042186,29.741260327576,3.039325424533814,24.047187724604125,101876.77777777778,10.21921010283529,2.726604708680469e-05,174783.73610570192,229.7216745819832,51.99215220502279
GR0000000432,2022,156,10537243.0,2887977.0,4573039.0,28831263.0,18726095.0,935807.0,3823784.0,23809487.0,Tourism and Hospitality,L,Compliant,TR-0E996A94,GR0000000432,2023-06-11,On-time,Agent-prepared,23809487.0,19985703.0,3823784.0,911374.55,152747.77,758626.77,Paid,GR0000000432,14285691.0,7142847.0,2380950.0,6632691.0,2551035.0,1020414.0,3428567.0,2448994.0,979572.0,4,23809488.0,10204140.0,0.7142908392923341,59.999992439988624,100,98.06018905421271,16.059917628632654,19.839686812853447,23.834362767352967,3.9946759544995203,19.206793493702744,152624.91666666666,16.760153111582937,4.200006320509431e-06,2511484.722297507,268.3763556264814,63.71172231673883
GR0000000432,2023,153,8674988.0,2412275.0,3386410.0,21623790.0,12641865.0,827209.0,3239484.0,18950935.0,Tourism and Hospitality,L,Compliant,TR-A39148B8,GR0000000432,2024-06-21,On-time,Agent-prepared,18950935.0,15711451.0,3239484.0,772110.37,147864.13,624246.23,Paid,GR0000000432,11370561.0,5685281.0,1895094.0,5631259.0,2165869.0,866347.0,2728935.0,2079234.0,649701.0,4,18950936.0,8663475.0,0.7619214089012747,59.99999683392947,100,99.82878176202009,17.094058947487287,19.26992786505505,23.834362818276,4.56443495322095,17.86935578640315,123862.32026143791,19.150646817500974,5.276784220686892e-06,2067628.1143619046,249.95232333810495,62.65719330101667
GR0000000432,2024,160,8473498.0,2168195.0,4507693.0,24612201.0,16483370.0,552211.0,2720407.0,22219954.0,Tourism and Hospitality,L,Compliant,TR-D19BE632,GR0000000432,2025-06-21,On-time,Agent-prepared,22219954.0,19499547.0,2720407.0,648391.67,123135.58,525256.09,Paid,GR0000000432,13331972.0,6665986.0,2221996.0,6147943.0,2364594.0,945838.0,3199673.0,2270010.0,929663.0,4,22219954.0,9458375.0,0.7094506219854342,59.999998199816254,100,99.99999381408901,12.243081151293113,19.30799656080873,23.834362652353125,4.526366091544396,20.286689162362805,138874.7125,18.990925654550743,0.0,2019604.242659889,365.7305346434404,67.89511250253437
GR0000000433,2022,19,1111818.0,256684.0,434835.0,3237903.0,2243109.0,73786.0,330470.0,4995734.0,Automotive,M,Compliant,TR-7DB4D97E,GR0000000433,2023-06-16,On-time,Agent-prepared,4995734.0,4665264.0,330470.0,71358.57,9493.07,61865.5,Paid,GR0000000433,3497014.0,999147.0,499573.0,2463122.0,947355.0,378942.0,839284.0,909460.0,-70178.0,4,4995734.0,3789419.0,1.083614128233113,70.00000400341571,100,100.0,6.615043955502835,18.7204587405816,21.593055345417138,2.8725966048355396,8.704126360610873,262933.36842105264,13.303335534890904,0.0,240075.47608030992,325.36724592783173,70.27661002070484
GR0000000433,2023,19,1178956.0,215378.0,480862.0,2897973.0,1619037.0,77987.0,293365.0,5122089.0,Automotive,M,Compliant,TR-21EF5A13,GR0000000433,2024-06-23,On-time,Agent-prepared,5122089.0,4828724.0,293365.0,63346.47,8902.07,54444.4,Paid,GR0000000433,3585462.0,1024418.0,512209.0,2508712.0,964890.0,385956.0,860510.0,926293.0,-65783.0,4,5122089.0,3859558.0,1.076446525897433,69.9999941430147,100,99.9992653055227,5.727448312592772,18.55858742522114,21.593056431407973,3.034469006186832,9.388005557888587,269583.63157894736,14.052985115034822,0.0,254572.63438147018,326.4295772134717,75.11654378959011
GR0000000433,2024,21,854126.0,167679.0,479281.0,3120009.0,2058521.0,52760.0,220440.0,3967845.0,Automotive,M,Compliant,TR-59BD172F,GR0000000433,2025-06-19,On-time,Agent-prepared,3967845.0,3747405.0,220440.0,47599.73,7324.57,40275.16,Paid,GR0000000433,2777492.0,793569.0,396785.0,1955651.0,752173.0,300870.0,666598.0,722086.0,-55488.0,4,3967846.0,3008694.0,1.0832405737790993,69.9999949594818,100,99.99960273280105,5.555660566377971,18.270350208673563,21.593054799491927,3.322704590818365,12.079126074733262,188945.0,15.38783938480323,2.5202591025230703e-05,184431.89523670843,349.5676558694246,74.19116149139589
GR0000000434,2022,16,1173009.0,320723.0,356870.0,3246887.0,1739101.0,80218.0,400941.0,4076672.0,Manufacturing,M,Compliant,TR-C9AE1C2A,GR0000000434,2023-06-16,On-time,Agent-prepared,4076672.0,3675731.0,400941.0,91795.19,13036.06,78759.13,Paid,GR0000000434,2446003.0,1019167.0,611501.0,1987050.0,764250.0,305700.0,587041.0,733680.0,-146639.0,4,4076671.0,3057000.0,1.2497934556530124,60.00000981192743,100,99.99983493977143,9.835007574806117,19.643570999224323,22.894937160330322,3.2513661611059987,8.753954205783542,254792.0,14.201245185069064,2.452981857636871e-05,268559.6734350191,334.7872964110537,65.81944384058434
GR0000000434,2023,17,1152244.0,288665.0,475706.0,3536711.0,2183676.0,72953.0,361618.0,4530405.0,Manufacturing,M,Compliant,TR-C0D3CC25,GR0000000434,2024-06-13,On-time,Self-prepared,4530405.0,4168787.0,361618.0,82792.21,12949.89,69842.32,Paid,GR0000000434,2718243.0,1132601.0,679560.0,2164831.0,832626.0,333051.0,652378.0,799323.0,-146945.0,4,4530404.0,3330508.0,1.2252451799416904,60.00001324385198,100,99.99954182507109,7.982023682209427,19.31383946595579,22.894936092782995,3.581096626827204,10.500297434776803,266494.4117647059,15.641435347600938,2.207308664736729e-05,263805.52743292646,361.6102523993893,68.61619587517922
GR0000000434,2024,15,1000128.0,316439.0,426534.0,3173186.0,1712774.0,113758.0,430196.0,3966748.0,Manufacturing,M,Compliant,TR-7AE4AD59,GR0000000434,2025-06-12,On-time,Agent-prepared,3966748.0,3536552.0,430196.0,98493.1,16358.68,82134.42,Partial,GR0000000434,2380049.0,991687.0,595012.0,1937047.0,745018.0,298007.0,571212.0,715217.0,-144005.0,4,3966748.0,2980072.0,1.2521042975287635,60.000005041913425,100,97.50236259049495,10.845054941730607,19.09232535867372,22.894936261610987,3.8026109029372677,10.752737506894816,264449.86666666664,16.608960424638884,0.0,228978.66813452475,201.28577166838792,56.98590580405708
GR0000000435,2022,4,201567.0,61663.0,108340.0,333629.0,186923.0,15659.0,77322.0,690383.0,Consumer Goods and Retail,M,Compliant,TR-E64F975D,GR0000000435,2023-06-20,On-time,Self-prepared,690383.0,613061.0,77322.0,21552.24,2502.0,19050.24,Paid,GR0000000435,552306.0,103558.0,34519.0,344314.0,132428.0,52972.0,132553.0,127131.0,5423.0,4,690383.0,529714.0,0.9590956070402028,79.99994206114577,100,99.99901933703914,11.199870216966525,24.63754170869869,27.873360751144567,3.2358190424458755,15.692738668246466,172595.75,11.60900212692509,0.0,56183.497065259566,358.79364624343555,61.639554093676054
GR0000000435,2023,4,189371.0,58809.0,101563.0,240201.0,165937.0,15528.0,74337.0,658115.0,Consumer Goods and Retail,M,Compliant,TR-8412190C,GR0000000435,2024-06-17,On-time,Agent-prepared,658115.0,583778.0,74337.0,20720.22,2132.36,18587.86,Paid,GR0000000435,526492.0,98717.0,32906.0,309648.0,119096.0,47638.0,126358.0,114331.0,12027.0,4,658115.0,476382.0,0.9048180566327418,80.0,100,100.0,11.295442285922674,25.00485626269556,27.87336050688083,2.8685042441852673,15.432409229390002,164528.75,10.29120347177781,0.0,52784.0615254853,339.92826845366625,60.74530947188323
GR0000000435,2024,4,194448.0,50771.0,72695.0,226872.0,124756.0,13585.0,64356.0,616748.0,Consumer Goods and Retail,M,Compliant,TR-5EBD5E62,GR0000000435,2025-06-12,On-time,Agent-prepared,616748.0,552392.0,64356.0,17938.18,2135.81,15802.37,Paid,GR0000000435,493398.0,92511.0,30837.0,308560.0,118677.0,47472.0,118415.0,113929.0,4485.0,4,616746.0,474709.0,0.9621162859435037,80.00019456956349,100,89.4201663399445,10.434731851582818,24.55461806202996,27.87336068121077,3.31874261918081,11.78682379188907,154187.0,11.906503335343942,0.00032428260581252033,54199.192377400715,398.9635066426258,66.90323376943964
GR0000000436,2022,1980,633079794.0,279278370.0,97726112.0,2727705939.0,2225040623.0,73429273.0,352707643.0,994612343.0,Financial Services,L,Compliant,TR-CBD535E9,GR0000000436,2023-06-25,On-time,Agent-prepared,994612343.0,641904700.0,352707643.0,76968697.74,10158488.14,66810209.6,Paid,GR0000000436,696228640.0,248653086.0,49730617.0,223442789.0,85939535.0,34375813.0,167094874.0,82501952.0,84592921.0,4,994612343.0,343758137.0,0.49374316533492224,69.99999998994582,100,100.0,35.461820425045744,18.942092956006626,21.822236990764612,2.8801440347579863,9.825547881824347,502329.46616161615,13.198207113124532,0.0,138152172.98732442,188.1431850582593,44.28701621141931
GR0000000436,2023,2041,553353851.0,225376787.0,107160456.0,2609167293.0,2141146643.0,71302406.0,296679193.0,1020158670.0,Financial Services,L,Compliant,TR-F0E4CDFE,GR0000000436,2024-06-18,On-time,Agent-prepared,1020158670.0,723479477.0,296679193.0,64742036.6,8624532.03,56117504.57,Paid,GR0000000436,714111070.0,255039667.0,51007933.0,223154864.0,85828794.0,34331517.0,171386657.0,82395641.0,88991015.0,4,1020158670.0,343315175.0,0.48075878509025355,70.00000009802396,100,100.0,29.08167148155492,18.915214108055096,21.82223699118664,2.9070228831315426,10.504293023358807,499832.7633512984,13.32137894160716,0.0,120754188.7650778,169.35499871501924,46.38526641427494
GR0000000436,2024,2419,475628885.0,200685487.0,140684134.0,2649078795.0,2196935584.0,59793296.0,260478783.0,933144626.0,Financial Services,L,Compliant,TR-8CFC6406,GR0000000436,2025-06-23,On-time,Self-prepared,933144626.0,672665843.0,260478783.0,56842297.34,6990577.98,49851719.36,Paid,GR0000000436,653201239.0,233286157.0,46657231.0,205949390.0,79211305.0,31684522.0,156768298.0,76042851.0,80725446.0,4,933144627.0,316845217.0,0.4850652330230695,70.00000001071646,100,99.99999972430096,27.914084884843994,19.138495191756174,21.82223699194725,2.6837418001910756,15.076348304448148,385756.35634559736,12.298197481685387,1.0716452170100865e-07,103792862.48685624,173.58611990022465,45.234868777996944
GR0000000437,2022,37,1707287.0,375906.0,811311.0,4400505.0,3186431.0,58775.0,434681.0,6092872.0,Agriculture and Food Production,M,Non-Compliant,TR-23976A5A,GR0000000437,2023-06-29,On-time,Agent-prepared,5166085.36,5114424.51,51660.85,12526.23,2379.59,10146.64,Unpaid,GR0000000437,2875642.0,1416849.0,576503.0,2572291.0,897622.0,343321.0,690155.0,1129266.0,-439112.0,4,4868994.0,3813234.0,1.6362498279372024,59.060290483003264,40,0.0,0.9999999303147402,2.334272719534555,24.247045877100355,21.912773157565802,13.31574009760914,164672.2162162162,18.996856995281103,6.101699036803088,413966.6621437703,704.3243932688563,74.53966439151706
GR0000000437,2023,24,1175283.0,206477.0,676832.0,3027522.0,1831495.0,43095.0,249572.0,4535092.0,Agriculture and Food Production,M,Non-Compliant,TR-EE43895A,GR0000000437,2024-06-26,On-time,Self-prepared,3539067.04,3503676.37,35390.67,8581.19,1696.96,6884.23,Unpaid,GR0000000437,2208159.0,1017451.0,423287.0,2027849.0,736982.0,272868.0,529959.0,868539.0,-338582.0,4,3648897.0,3037699.0,1.6388796114416397,60.515794224939754,60,0.0,0.9999999886975861,2.758414405462151,24.24704025100401,21.488625845541858,14.924327885740796,188962.16666666666,19.77534584364173,3.009949582024374,284971.34207320743,661.2631211815929,78.76494427299637
GR0000000437,2024,16,391219.0,68751.0,355207.0,1245837.0,457267.0,12093.0,80844.0,1614576.0,Agriculture and Food Production,M,Non-Compliant,TR-61F3CE1F,GR0000000437,2025-06-29,On-time,Agent-prepared,1330230.97,1316928.66,13302.31,3225.42,612.37,2613.05,Paid,GR0000000437,764245.0,358516.0,150858.0,723981.0,247379.0,93917.0,183420.0,309437.0,-126017.0,4,1273619.0,1065277.0,1.6870406716824773,60.00577880826212,40,99.99808652723827,1.0000000225524746,3.2322126564741973,24.247066862823075,21.01485420634888,22.00001734201425,100911.0,18.985744492190165,4.444969021347833,94859.13251006781,784.413565782418,79.3353594789619
GR0000000438,2022,59,2773398.0,516782.0,1617362.0,3933192.0,2239957.0,137979.0,654761.0,9261143.0,Consumer Goods and Retail,M,Compliant,TR-DE471EE4,GR0000000438,2023-06-17,On-time,Agent-prepared,9261143.0,8606382.0,654761.0,141850.42,13755.72,128094.71,Paid,GR0000000438,7408915.0,1389171.0,463057.0,4534091.0,1743881.0,697552.0,1778139.0,1674127.0,104013.0,4,9261143.0,6975524.0,0.9415051354252958,80.00000647868195,100,44.81238473293283,7.069980454896334,19.563582742405245,21.664457718159756,2.100874975754511,17.46395666280069,156968.5254237288,9.69734174914674,0.0,600841.6370662884,435.4587560906285,76.39137981638409
GR0000000438,2023,58,1441558.0,299681.0,874646.0,2050682.0,1199751.0,100584.0,400265.0,4859146.0,Consumer Goods and Retail,M,Compliant,TR-73C6AB1E,GR0000000438,2024-06-16,On-time,Agent-prepared,4859146.0,4458881.0,400265.0,86715.24,9590.01,77125.23,Paid,GR0000000438,3887316.0,728872.0,242957.0,2424867.0,932641.0,373057.0,932956.0,895335.0,37621.0,4,4859145.0,3730565.0,0.9596754830881628,80.0,100,87.24295342862246,8.2373528187875,19.268542090864802,21.664457297040713,2.3959152061759106,17.99999423767057,83778.37931034483,11.059197898777654,2.057975219127428e-05,312305.71732207417,310.4924414639248,72.23386086442585
GR0000000438,2024,58,2715745.0,550113.0,1477927.0,3502233.0,2338158.0,160618.0,710731.0,8460434.0,Consumer Goods and Retail,M,Compliant,TR-3E73CF85,GR0000000438,2025-06-10,On-time,Agent-prepared,8460434.0,7749703.0,710731.0,153976.02,17346.93,136629.09,Paid,GR0000000438,6768348.0,1269064.0,423022.0,4139853.0,1592251.0,636900.0,1624404.0,1528561.0,95842.0,4,8460434.0,6369004.0,0.940998052208687,80.00000945577969,100,99.99996128550866,8.400644695059379,19.2237414718086,21.664458142391425,2.440716670582823,17.468690140482153,145869.55172413794,11.2659945360323,0.0,588351.438779088,366.3047969586771,73.8292439091299
GR0000000439,2022,94,5348339.0,1678991.0,2974748.0,10064584.0,5112895.0,384685.0,2063675.0,16783144.0,Manufacturing,L,Compliant,TR-4B4EE716,GR0000000439,2023-06-13,On-time,Agent-prepared,16783144.0,14719469.0,2063675.0,454796.05,98020.5,356775.55,Paid,GR0000000439,10069886.0,4195786.0,2517471.0,7744627.0,2978704.0,1191481.0,2416772.0,2859556.0,-442782.0,4,16783143.0,11914812.0,1.1832129799583908,60.000001191671906,100,100.0,12.296116865826807,17.28835935891068,22.03816250136286,4.74980314245218,17.72461703242253,178544.085106383,21.55262782075614,5.958359516888834e-06,1178675.6399437652,306.4002079477404,61.414656026852455
GR0000000439,2023,87,8315562.0,2846177.0,3025145.0,17891154.0,8563579.0,846002.0,3692180.0,28750861.0,Manufacturing,L,Compliant,TR-60B24A98,GR0000000439,2024-06-24,On-time,Agent-prepared,28750861.0,25058681.0,3692180.0,813688.62,189041.85,624646.77,Paid,GR0000000439,17250517.0,7187716.0,4312630.0,12780878.0,4915722.0,1966289.0,4140124.0,4719094.0,-578969.0,4,28750863.0,19662889.0,1.1398436375335619,59.999997217474835,100,100.0,12.841980627988844,16.918101771852946,22.038162278112118,5.120060506259172,10.521928369379964,330469.6666666667,23.232701718256795,6.956312925687769e-06,1832597.0478970255,216.6185242939172,55.599152528716644
GR0000000439,2024,79,9563096.0,2364471.0,2629383.0,17998458.0,9871312.0,801488.0,3165959.0,30261523.0,Manufacturing,L,Compliant,TR-27BBCC44,GR0000000439,2025-06-13,On-time,Agent-prepared,30261523.0,27095564.0,3165959.0,697719.18,147265.58,550453.61,Paid,GR0000000439,18156913.0,7565381.0,4539229.0,13260645.0,5100247.0,2040100.0,4357660.0,4896238.0,-538580.0,4,30261523.0,20400992.0,1.123593396455896,59.99999735637892,100,0.0,10.461994923388357,17.38663103344042,22.038162212460744,4.651531179020324,8.688865395175254,383057.253164557,21.106712302218778,0.0,2107530.609013345,262.9522349696246,66.89399541738365
GR0000000440,2022,63,13954294.0,4355050.0,2004160.0,23170228.0,12068521.0,1428304.0,5783354.0,24988798.0,Technology and Innovation,M,Compliant,TR-D7590A56,GR0000000440,2023-06-18,On-time,Agent-prepared,24988798.0,19205444.0,5783354.0,1214161.06,243397.02,970764.05,Paid,GR0000000440,9995519.0,8746079.0,6247200.0,9196859.0,3537254.0,1414901.0,2398925.0,3395763.0,-996839.0,4,24988798.0,14149014.0,1.4155352918494744,39.99999919964137,100,0.0,23.143786267750855,16.785485550426277,20.994064343977563,4.208578793551286,8.020233706319127,396647.5873015873,20.046518375412237,0.0,2929573.4611078002,205.10853859597117,58.555022561514036
GR0000000440,2023,65,11994599.0,5080617.0,2498655.0,16722767.0,9181199.0,1648248.0,6728865.0,17339214.0,Technology and Innovation,M,Compliant,TR-CFB7F198,GR0000000440,2024-06-15,On-time,Agent-prepared,17339214.0,10610349.0,6728865.0,1412662.25,226753.99,1185908.26,Paid,GR0000000440,6935685.0,6068725.0,4334805.0,6627532.0,2549051.0,1019620.0,1664565.0,2447089.0,-782523.0,4,17339215.0,10196203.0,1.4701072051857391,39.99999423272622,100,99.99997807587579,38.80720890808546,17.624194570703974,20.99406437787056,3.3698698071665873,14.410428292770364,266757.1384615385,16.051536027100603,5.7672737807656915e-06,2518153.8359274184,152.77760603546423,43.90087571914659
GR0000000440,2024,63,18391103.0,7221656.0,2237291.0,22904119.0,9826270.0,2129602.0,9351258.0,28541394.0,Technology and Innovation,M,Compliant,TR-91B0C995,GR0000000440,2025-06-20,On-time,Agent-prepared,28541394.0,19190136.0,9351258.0,1963209.12,358581.24,1604627.89,Paid,GR0000000440,11416558.0,9989489.0,7135349.0,11296309.0,4344734.0,1737894.0,2739975.0,4170945.0,-1430971.0,4,28541396.0,17378937.0,1.5222565899323899,39.99999859852685,100,100.0,32.76384468116729,17.159486884010686,20.99406432802945,3.8345774440187625,7.838758681513594,453038.0,18.26505573690489,7.0073657210123486e-06,3861039.994454154,181.30336064927408,49.15335964351893
GR0000000441,2022,3,1074657.0,460333.0,127027.0,5334574.0,4430107.0,73343.0,533676.0,1573134.0,Financial Services,M,Non-Compliant,TR-9D41A4C9,GR0000000441,2023-08-15,Extended,Agent-prepared,1378544.22,1312450.0,66094.22,14158.86,1755.87,12402.99,Unpaid,GR0000000441,740196.0,350104.0,74934.0,365122.0,129374.0,48020.0,177647.0,155368.0,22280.0,4,1165234.0,542516.0,0.8745883690689964,63.52337813692357,40,1.0696886283449034,4.794494006148022,2.3240674116879902,21.422236316579575,19.098168904891583,8.074773032685073,524378.0,12.401210266928269,18.30621317263312,230215.56213266455,313.8889357302872,50.33987588598037
GR0000000441,2023,2,592105.0,235418.0,105152.0,5100872.0,3122366.0,47132.0,282550.0,1100355.0,Financial Services,M,Non-Compliant,TR-A699D5A1,GR0000000441,2024-06-27,On-time,Agent-prepared,968091.19,932257.39,35833.8,7676.4,897.01,6779.39,Unpaid,GR0000000441,542788.0,243923.0,52135.0,265354.0,97507.0,35496.0,130270.0,112480.0,17790.0,4,838846.0,398357.0,0.863437476011361,64.7065134720795,40,20.993602201764066,3.7014901457785196,2.399359405414971,21.42223264069119,19.02287323527622,9.556188684560892,550177.5,11.685295190453859,15.407499111875111,126842.11057716457,269.1210018186467,52.280423235743655
GR0000000441,2024,1,572378.0,230827.0,41519.0,4536103.0,2730748.0,35520.0,266346.0,881869.0,Financial Services,M,Non-Compliant,TR-681FFF97,GR0000000441,2025-07-19,Late,Self-prepared,637362.79,630989.16,6373.63,1365.37,178.45,1186.93,Unpaid,GR0000000441,420852.0,200425.0,41245.0,204772.0,71799.0,27143.0,101005.0,87034.0,13971.0,4,662522.0,303714.0,0.8616801148457998,63.522720754933424,0,25.59716267326739,1.0000003294826798,0.44563462563732886,21.42217229428128,20.97653766864395,4.708068885514742,881869.0,13.069717365988707,3.797490498428724,122615.80133456129,345.20214339685043,53.466764970002345
GR0000000442,2022,8,261510.0,44473.0,204564.0,1068407.0,530313.0,13302.0,57775.0,1239955.0,Agriculture and Food Production,M,Compliant,TR-63FB5DDF,GR0000000442,2023-06-23,On-time,Agent-prepared,1239955.0,1177957.25,61997.75,14216.87,2359.99,11856.88,Paid,GR0000000442,805971.0,309988.0,123995.0,555604.0,213694.0,85478.0,193433.0,205145.0,-11714.0,4,1239954.0,854776.0,1.0605480967570167,65.00007258333777,100,100.0,5.0,20.522509736045,22.931267666971785,2.408757930926786,16.497695480884385,154994.375,16.599926706792704,8.064815306685347e-05,59967.55807589792,450.8161034122532,77.90715460211847
GR0000000442,2023,7,232380.0,40906.0,136161.0,976627.0,509499.0,13287.0,54193.0,1244161.0,Agriculture and Food Production,M,Compliant,TR-1130F0D6,GR0000000442,2024-06-18,On-time,Agent-prepared,1244161.0,1181952.95,62208.05,14265.09,2419.25,11845.84,Partial,GR0000000442,808705.0,311041.0,124415.0,547229.0,210472.0,84189.0,194090.0,202053.0,-7964.0,4,1244161.0,841890.0,1.0410273584419598,65.00002813140743,100,90.40304444429437,5.0,21.858616426475745,22.931260504066593,1.072644077590848,10.944001620369068,177737.2857142857,16.95923404619249,0.0,53287.66315934995,401.0511263592229,76.67914622600912
GR0000000442,2024,7,275495.0,81723.0,126935.0,834847.0,453866.0,22648.0,104371.0,1038590.0,Agriculture and Food Production,M,Compliant,TR-33F6382C,GR0000000442,2025-06-16,On-time,Agent-prepared,1038590.0,934219.0,104371.0,23933.59,3935.19,19998.4,Paid,GR0000000442,675084.0,259648.0,103860.0,481610.0,185235.0,74095.0,162021.0,177825.0,-15805.0,4,1038592.0,740940.0,1.0975429111041162,64.99992297263988,100,99.9979998399872,10.04929760540733,19.16087802167269,22.931264431690796,3.770386410018105,12.221858481210102,148370.0,16.442121720978758,0.0001925684002923589,63174.48694608656,278.94068768141364,62.11510190747563
GR0000000443,2022,2,31461.0,7349.0,40325.0,131254.0,90318.0,2151.0,9500.0,152098.0,Automotive,S,Compliant,TR-3F12B1D9,GR0000000443,2023-06-16,On-time,Self-prepared,152098.0,142598.0,9500.0,2665.04,245.86,2419.17,Paid,GR0000000443,106469.0,30421.0,15209.0,80612.0,31005.0,12402.0,25553.0,29765.0,-4212.0,4,152099.0,124019.0,1.164833874691817,69.99980276004445,100,99.99297279645498,6.245972991097845,25.464947368421054,28.053052631578947,2.5881052631578925,26.51251167010743,76049.0,9.225377480262962,0.000657466518516614,8825.770888421051,410.3101296337076,69.80388417405678
GR0000000443,2023,1,23646.0,3731.0,20237.0,98581.0,63945.0,1277.0,5009.0,112983.0,Automotive,S,Compliant,TR-C66F641B,GR0000000443,2024-06-19,On-time,Self-prepared,112983.0,107333.85,5649.15,1584.76,150.49,1434.27,Paid,GR0000000443,79087.0,22597.0,11299.0,58548.0,22519.0,9007.0,18981.0,21619.0,-2636.0,4,112983.0,90074.0,1.1389810863495073,69.9990264022021,100,99.9811750925558,5.0,28.633859053703333,28.053069930874557,-0.5807891228287758,17.91154421461636,112983.0,9.496075115474898,0.0,6633.428915854598,519.4541046088174,78.81671318616257
GR0000000443,2024,1,23328.0,4018.0,24636.0,87147.0,58295.0,1531.0,5549.0,108834.0,Automotive,S,Compliant,TR-0323AF8A,GR0000000443,2025-06-16,On-time,Agent-prepared,108834.0,103285.0,5549.0,1556.66,153.68,1402.98,Paid,GR0000000443,76183.0,21768.0,10883.0,55343.0,21285.0,8515.0,18284.0,20434.0,-2150.0,4,108834.0,85143.0,1.1175891489827172,69.99926493558998,100,100.0,5.098590513993789,25.283474499909893,28.05298251937286,2.769508019462968,22.636308506532885,108834.0,9.872419153829352,0.0,6544.1997621193,427.44609811360556,76.21313443072702
GR0000000444,2022,74,11766913.0,4562434.0,3617296.0,77709530.0,67870532.0,1649310.0,6211744.0,23363663.0,Financial Services,M,Compliant,TR-604131B5,GR0000000444,2023-06-13,On-time,Agent-prepared,23363663.0,17151919.0,6211744.0,1395850.76,131781.12,1264069.64,Paid,GR0000000444,16354565.0,5840916.0,1168183.0,5779757.0,2222985.0,889193.0,3925096.0,2134065.0,1791031.0,4,23363664.0,8891935.0,0.5436975299457644,70.00000085603013,100,100.0,26.587200816926693,20.349673779215628,22.471157214463442,2.1214834352478142,15.482572231931268,315725.1756756757,9.440917594944032,4.28015057840625e-06,2644161.5195191368,160.3192559021128,47.2100796530067
GR0000000444,2023,73,18444916.0,9816130.0,2909354.0,130880728.0,98791396.0,2528759.0,12344890.0,38941761.0,Financial Services,M,Compliant,TR-551A39A5,GR0000000444,2024-06-10,On-time,Agent-prepared,38941761.0,26596871.0,12344890.0,2774039.65,244520.98,2529518.67,Paid,GR0000000444,27259233.0,9735440.0,1947087.0,9469906.0,3642272.0,1456909.0,6542216.0,3496581.0,3045635.0,4,38941760.0,14569087.0,0.5344643160666049,70.00000256793734,100,86.47777775065346,31.700903305323042,20.490410769152255,22.47115729666283,1.9807465275105756,7.471038610708951,533448.7808219178,8.814617339734133,2.5679373516496184e-06,4144786.0875973296,163.90593518786605,33.07158460358399
GR0000000444,2024,82,10697620.0,5384307.0,3919473.0,104769829.0,81390855.0,2043198.0,7427505.0,21054327.0,Financial Services,M,Compliant,TR-71747206,GR0000000444,2025-06-25,On-time,Agent-prepared,21054327.0,13626822.0,7427505.0,1669046.33,175616.53,1493429.8,Paid,GR0000000444,14738028.0,5263581.0,1052716.0,5105356.0,1963599.0,785439.0,3537126.0,1885055.0,1652072.0,4,21054325.0,7854394.0,0.5329340826422355,70.00000237480897,100,100.0,35.27780773994818,20.106749170818468,22.471157272866193,2.364408102047726,18.615997557176726,256760.08536585365,10.521968554342047,9.49923590898294e-06,2403879.0146535886,117.65276858403291,30.56862180559788
GR0000000445,2022,13,70809.0,19614.0,111429.0,420722.0,222591.0,7797.0,27411.0,445714.0,Agriculture and Food Production,S,Compliant,TR-7714D157,GR0000000445,2023-06-13,On-time,Agent-prepared,445714.0,418303.0,27411.0,7238.31,816.9,6421.41,Paid,GR0000000445,289714.0,111428.0,44572.0,217792.0,83767.0,33507.0,69531.0,80415.0,-10884.0,4,445714.0,335066.0,1.1565344954049273,64.99997756408818,100,99.99361510945415,6.1499077884024285,23.426398161322094,26.406588595819198,2.9801904344971035,25.000112179559093,34285.692307692305,11.285783559974634,0.0,18698.241318813616,239.81327842520992,61.28881921789603
GR0000000445,2023,15,178103.0,48105.0,232729.0,829593.0,530121.0,15011.0,63116.0,930915.0,Agriculture and Food Production,S,Compliant,TR-1C0AEF3D,GR0000000445,2024-06-12,On-time,Agent-prepared,930915.0,867799.0,63116.0,16666.77,1654.48,15012.29,Paid,GR0000000445,605094.0,232728.0,93092.0,464699.0,178730.0,71492.0,145223.0,171581.0,-26358.0,4,930914.0,714921.0,1.1815001755920205,64.99998925786915,100,99.9980682494143,6.779996025415855,23.785236707015656,26.406568857342037,2.6213321503263813,25.00002685529828,62061.0,9.926818453725588,0.00010742130851504328,47030.891331991894,313.30951523543996,64.56207924627884
GR0000000445,2024,15,213870.0,41111.0,261451.0,897669.0,538924.0,12839.0,53950.0,1205187.0,Agriculture and Food Production,S,Compliant,TR-BC474DD3,GR0000000445,2025-06-20,On-time,Agent-prepared,1205187.0,1144927.65,60259.35,15912.43,1477.21,14435.22,Paid,GR0000000445,783371.0,301297.0,120518.0,583544.0,224440.0,89776.0,188009.0,215463.0,-27453.0,4,1205186.0,897760.0,1.1460249243387284,65.00000829747441,100,99.99847594979502,5.0,26.75666357738647,26.40657424947332,-0.3500893279131496,21.693811831690848,80345.8,9.283371552930634,8.297474414220574e-05,56475.74034734859,439.87647283549023,74.7743956609155
GR0000000446,2022,7,835524.0,246031.0,182574.0,2323767.0,968498.0,42838.0,288870.0,2138314.0,Healthcare,S,Non-Compliant,TR-80A27AE2,GR0000000446,2023-06-29,On-time,Self-prepared,1683272.76,1666440.03,16832.73,4763.43,584.52,4178.91,Unpaid,GR0000000446,1269382.0,193466.0,100852.0,733655.0,249288.0,92293.0,304652.0,306862.0,-2211.0,4,1563700.0,1075236.0,1.0072541785381353,81.17810321672955,60,63.37740170942672,1.000000142579388,1.446640357254128,28.298618227702814,26.851977870448685,8.538222169428812,305473.4285714286,12.270989602030468,7.646783909957144,236441.74696083166,551.9439445371671,65.42648685136513
GR0000000446,2023,5,269654.0,66721.0,123897.0,833992.0,509891.0,17570.0,84290.0,614974.0,Healthcare,S,Non-Compliant,TR-842DFEA6,GR0000000446,2024-06-26,On-time,Agent-prepared,504827.59,499779.32,5048.28,1428.59,168.74,1259.86,Paid,GR0000000446,355249.0,56038.0,28833.0,210512.0,71952.0,27060.0,85260.0,87556.0,-2297.0,4,440120.0,309524.0,1.0269293924466338,80.71639552849223,40,0.0,1.0000008121584638,1.4946731522125993,28.298549208839447,26.803876056626848,20.146705389170926,122994.8,11.81164644859617,14.702260747068996,76308.16988360391,434.30944726012467,68.74142419545046
GR0000000446,2024,3,568339.0,111356.0,85773.0,1738006.0,664169.0,14715.0,126072.0,1064545.0,Healthcare,S,Non-Compliant,TR-9DE0F2A1,GR0000000446,2025-06-25,On-time,Self-prepared,771232.35,763520.03,7712.32,2182.48,270.61,1911.87,Unpaid,GR0000000446,631654.0,97542.0,48537.0,352793.0,120387.0,46424.0,151596.0,151489.0,107.0,4,777733.0,519604.0,0.9992941766273516,81.21733294073931,40,0.0,0.9999995461808624,1.5164905768132495,28.298618314592755,26.782127737779504,8.057245114109785,354848.3333333333,12.399197243502805,0.8358459779898797,160832.0843429733,1092.9805256063426,77.81746457659952
GR0000000447,2022,2,210874.0,71611.0,68184.0,536031.0,255122.0,24440.0,96051.0,373804.0,Technology and Innovation,S,Compliant,TR-F030D651,GR0000000447,2023-06-18,On-time,Self-prepared,373804.0,277753.0,96051.0,24289.53,3017.97,21271.55,Paid,GR0000000447,149522.0,130832.0,93451.0,159430.0,61320.0,24528.0,35885.0,58867.0,-22981.0,4,373805.0,245278.0,1.6404347220287028,40.0,100,100.0,25.695551679489785,22.14609946799096,25.288159415310613,3.1420599473196518,18.240575274742913,186902.0,12.424983110006657,0.0002675191610568284,53326.1532854421,218.19211655254543,54.450999174862716
GR0000000447,2023,1,101057.0,30358.0,33405.0,240175.0,118210.0,10374.0,40732.0,180442.0,Technology and Innovation,S,Compliant,TR-E889EA8C,GR0000000447,2024-06-20,On-time,Agent-prepared,180442.0,139710.0,40732.0,10300.37,1362.84,8937.53,Paid,GR0000000447,72177.0,63155.0,45110.0,78283.0,30110.0,12044.0,17322.0,28904.0,-11582.0,4,180442.0,120437.0,1.6686294885117192,40.00011083893993,100,100.0,22.573458507442833,21.942281253068842,25.288151821663558,3.345870568594716,18.51287394287361,180442.0,13.230981023011793,0.0,25555.44758641854,246.34131083881377,59.694034059985945
GR0000000447,2024,1,64974.0,28506.0,30489.0,119747.0,54017.0,9427.0,37933.0,115596.0,Technology and Innovation,S,Compliant,TR-206EFE6B,GR0000000447,2025-06-23,On-time,Agent-prepared,115596.0,77663.0,37933.0,9592.56,1183.01,8409.54,Paid,GR0000000447,46238.0,40459.0,28900.0,48184.0,18532.0,7413.0,11097.0,17792.0,-6693.0,4,115597.0,74129.0,1.6033162115887176,39.99930794051749,100,100.0,32.81514931312502,22.169456673608735,25.288165976853925,3.11870930324519,26.375480120419393,115596.0,12.332578581734179,0.000865074353140205,16430.73296180107,174.29439866130338,41.618185735832796
GR0000000448,2022,1,24373.0,4834.0,20067.0,126357.0,73487.0,1398.0,6232.0,115661.0,Automotive,S,Compliant,TR-949131A8,GR0000000448,2023-06-21,On-time,Agent-prepared,115661.0,109429.0,6232.0,1510.82,152.29,1358.53,Paid,GR0000000448,80963.0,23132.0,11566.0,59665.0,22949.0,9179.0,19432.0,22031.0,-2599.0,4,115661.0,91793.0,1.1337484561547961,70.00025937870154,100,100.0,5.388160226869904,21.79926187419769,24.242939666238765,2.4436777920410755,17.34984134669422,115661.0,10.079956579870533,0.0,5908.731684852374,422.65605757170056,74.43072252082223
GR0000000448,2023,1,19804.0,3944.0,23901.0,54732.0,32624.0,1422.0,5366.0,80496.0,Automotive,S,Compliant,TR-67F52C8B,GR0000000448,2024-06-11,On-time,Agent-prepared,80496.0,75130.0,5366.0,1300.88,119.31,1181.57,Paid,GR0000000448,56346.0,16099.0,8049.0,41803.0,16079.0,6432.0,13523.0,15435.0,-1912.0,4,80494.0,64314.0,1.1413887451009392,70.00024846572416,100,100.0,6.666169747565097,22.01956764815505,24.24301155423034,2.223443906075289,29.69215861657722,80496.0,9.171483918578192,0.0024846572415304635,4801.086008199776,337.62911450068754,72.90446374469805
GR0000000448,2024,1,15294.0,3522.0,18825.0,56027.0,32250.0,1052.0,4575.0,71172.0,Automotive,S,Compliant,TR-012AFB8E,GR0000000448,2025-06-18,On-time,Agent-prepared,71172.0,66597.0,4575.0,1109.12,99.19,1009.93,Paid,GR0000000448,49821.0,14235.0,7118.0,38331.0,14742.0,5896.0,11957.0,14153.0,-2195.0,4,71174.0,58969.0,1.1836581082211257,69.99887599404276,100,100.0,6.42808969819592,22.07497267759563,24.243060109289615,2.168087431693987,26.450008430281574,71172.0,8.943126081938836,0.0028100148930843005,3707.733613114754,352.44616094246715,70.08630835621813
GR0000000449,2022,104,2458879.0,916241.0,2781177.0,10497482.0,5924196.0,287662.0,1203903.0,11571878.0,Logistics and Transportation,M,Compliant,TR-FF0ADB32,GR0000000449,2023-06-15,On-time,Self-prepared,11571878.0,10367975.0,1203903.0,259127.14,34797.98,224329.16,Paid,GR0000000449,6364533.0,3471563.0,1735781.0,4892054.0,1881559.0,752624.0,1527488.0,1806297.0,-278809.0,4,11571877.0,7526237.0,1.1825277841789918,55.00000561706627,100,0.0,10.403695925587877,18.63349123642021,21.523921777751198,2.890430541330989,24.033929497009908,111268.05769230769,13.428921416722309,8.641640425466335e-06,529247.1925695509,183.9823099921265,51.038542360156804
GR0000000449,2023,100,4241525.0,1506264.0,2678381.0,12640408.0,9104131.0,493689.0,1999954.0,15175793.0,Logistics and Transportation,M,Compliant,TR-BA1F5156,GR0000000449,2024-06-24,On-time,Agent-prepared,15175793.0,13175839.0,1999954.0,430468.53,55316.47,375152.06,Paid,GR0000000449,8346686.0,4552738.0,2276368.0,6759050.0,2599636.0,1039855.0,2003206.0,2495650.0,-492445.0,4,15175792.0,10398541.0,1.2458279378156814,55.00000263577677,100,99.99998400648526,13.17857986070316,18.758034434792002,21.523921550195656,2.765887115403654,17.64903488074725,151757.93,12.85029360915187,6.5894419254419745e-06,912942.5135319363,184.9225957094317,52.84823265217109
GR0000000449,2024,98,6164017.0,1825985.0,2777543.0,23572825.0,14725791.0,590228.0,2416212.0,22915064.0,Logistics and Transportation,M,Compliant,TR-2DB5DF67,GR0000000449,2025-06-18,On-time,Agent-prepared,22915064.0,20498852.0,2416212.0,520063.57,62676.99,457386.59,Paid,GR0000000449,12603285.0,6874520.0,3437260.0,10040963.0,3861909.0,1544764.0,3024788.0,3707434.0,-682645.0,4,22915065.0,15447636.0,1.2256839156992159,54.99999672704398,100,100.0,10.544207949844695,18.929903087974072,21.523921328095383,2.5940182401213114,12.121035315458862,233827.18367346938,12.051793975878757,4.3639413638274505e-06,1326738.169730425,224.78401054006673,60.80134107352397
GR0000000450,2022,1,56415.0,20173.0,24680.0,145301.0,93177.0,6334.0,26507.0,136126.0,Healthcare,S,Compliant,TR-CABBAD1D,GR0000000450,2023-06-25,On-time,Agent-prepared,136126.0,109619.0,26507.0,6035.84,631.73,5404.11,Partial,GR0000000450,115707.0,13612.0,6807.0,53133.0,20436.0,8175.0,27770.0,19618.0,8152.0,4,136126.0,81744.0,0.7064458048253511,84.99992653864801,100,83.17282760319885,19.472400570060092,20.387482551778774,22.77073980457992,2.3832572528011475,18.130261669335763,136126.0,10.466314547767999,0.0,12846.112860753761,202.81201232639344,53.01426925463086
GR0000000450,2023,1,39886.0,9016.0,28602.0,141018.0,82410.0,3267.0,12284.0,100184.0,Healthcare,S,Compliant,TR-3AF3555B,GR0000000450,2024-06-25,On-time,Agent-prepared,100184.0,87900.0,12284.0,2797.16,250.43,2546.73,Paid,GR0000000450,85156.0,10018.0,5009.0,37992.0,14612.0,5845.0,20438.0,14027.0,6409.0,4,100183.0,58449.0,0.6863196007437127,85.00044917800426,100,100.0,12.261438952327717,20.7320905242592,22.770758710517747,2.0386681862585476,28.54946897708217,100184.0,8.953009481045061,0.0009981733427810724,9082.344819277108,278.0025962435601,69.20222634508349
GR0000000450,2024,1,49516.0,11705.0,28904.0,156035.0,82744.0,3350.0,15055.0,113676.0,Healthcare,S,Compliant,TR-A4E1806F,GR0000000450,2025-06-20,On-time,Agent-prepared,113676.0,98621.0,15055.0,3428.13,360.0,3068.13,Paid,GR0000000450,96625.0,11368.0,5684.0,43364.0,16678.0,6673.0,23189.0,16012.0,7179.0,4,113677.0,66715.0,0.6904998059424727,84.99960414155898,100,99.99873135209565,13.243780569337416,20.379475257389572,22.77070740617735,2.391232148787779,25.426651184066994,113676.0,10.501352049076317,0.0008796854244930152,11275.143479242777,336.57144714157545,69.5956862428306
GR0000000451,2022,232,8930760.0,2537043.0,5500954.0,37933686.0,24299466.0,783434.0,3320477.0,37584632.0,Agriculture and Food Production,M,Compliant,TR-7A5DD16E,GR0000000451,2023-06-24,On-time,Self-prepared,37584632.0,34264155.0,3320477.0,674828.38,97349.89,577478.49,Paid,GR0000000451,24430011.0,9396157.0,3758463.0,16359065.0,6291948.0,2516779.0,5863202.0,6040270.0,-177067.0,4,37584631.0,25167792.0,1.030199880543089,65.00000226156271,100,99.9999151483547,8.834666786148125,17.391431712973766,20.32323608927272,2.9318043762989525,14.636178957399396,162002.72413793104,14.425873731036623,2.660662024034366e-06,1815019.4393663323,231.67483659967937,62.81977121767912
GR0000000451,2023,249,11661449.0,1965374.0,5537418.0,31522750.0,14927084.0,516139.0,2481513.0,44013837.0,Agriculture and Food Production,M,Compliant,TR-D628CAFD,GR0000000451,2024-06-12,On-time,Agent-prepared,44013837.0,41532324.0,2481513.0,504323.74,74743.31,429580.43,Paid,GR0000000451,28608995.0,11003459.0,4401384.0,19800057.0,7615407.0,3046163.0,6866160.0,7310791.0,-444632.0,4,44013838.0,30461627.0,1.0647568655551283,65.00000068160382,100,99.99989990233028,5.638029240668111,17.31123028571682,20.32323586457133,3.0120055788545095,12.58108444396702,176762.39759036145,14.820502005319044,2.272012722404071e-06,2369983.785496695,459.17549061332215,78.72037171366955
GR0000000451,2024,249,5348833.0,1324017.0,5975471.0,24191001.0,12900225.0,331379.0,1655396.0,27800895.0,Agriculture and Food Production,M,Compliant,TR-0E45ED4F,GR0000000451,2025-06-20,On-time,Self-prepared,27800895.0,26145499.0,1655396.0,336430.04,48160.84,288269.19,Paid,GR0000000451,18070581.0,6950224.0,2780090.0,12673064.0,4874255.0,1949702.0,4336940.0,4679285.0,-342345.0,4,27800895.0,19497021.0,1.0789369924416754,64.99999730224513,100,99.9999340893836,5.954470170834428,17.41391123332423,20.32323625283618,2.9093250195119467,21.493808023087027,111650.18072289157,14.31526150280754,0.0,1087055.9673596648,328.04008925117915,69.0512678186064
GR0000000452,2022,65,8085050.0,3340524.0,3189488.0,40511095.0,20760709.0,838334.0,4178859.0,24683393.0,Energy,L,Compliant,TR-CAFF7E34,GR0000000452,2023-06-18,On-time,Agent-prepared,24683393.0,20504534.0,4178859.0,894803.96,188853.94,705950.02,Paid,GR0000000452,19746714.0,3702509.0,1234170.0,10646709.0,4094887.0,1637956.0,4739211.0,3931093.0,808119.0,4,24683393.0,16379552.0,0.8294825868694177,79.99999837947725,100,99.99999867905626,16.92984023711813,16.893367782928305,21.412638234503724,4.519270451575419,12.921594693241728,379744.5076923077,21.10562183922387,0.0,1731222.5075787434,206.5074907589032,48.31375192484895
GR0000000452,2023,63,7092314.0,3376579.0,3739087.0,33332877.0,18202688.0,867161.0,4243740.0,26317481.0,Energy,L,Compliant,TR-9805FFE9,GR0000000452,2024-06-22,On-time,Self-prepared,26317481.0,22073741.0,4243740.0,908696.7,220249.44,688447.26,Partial,GR0000000452,21053984.0,3947622.0,1315874.0,11334498.0,4359422.0,1743769.0,5052956.0,4185044.0,867912.0,4,26317480.0,17437689.0,0.8282367786301721,80.0,100,98.41384565668983,16.125175505968826,16.222654074000765,21.412638380296624,5.189984306295859,14.207617362771154,417737.79365079367,24.237948701695515,3.799755909916769e-06,1518651.5496151506,175.1291339918597,40.16423976716203
GR0000000452,2024,69,6912699.0,2936122.0,2977771.0,27746603.0,16903757.0,817080.0,3753202.0,21648174.0,Energy,L,Compliant,TR-49E36C46,GR0000000452,2025-06-23,On-time,Agent-prepared,21648174.0,17894972.0,3753202.0,803659.57,191427.11,612232.46,Paid,GR0000000452,17318539.0,3247227.0,1082410.0,9043511.0,3478273.0,1391309.0,4156450.0,3339143.0,817306.0,4,21648176.0,13913093.0,0.8033641689422464,79.99999168521173,100,99.99996782178215,17.337268261055183,16.31227042935605,21.412638328552525,5.100367899196474,13.755298714801533,313741.652173913,23.819427671345967,9.238653642107408e-06,1480191.2356114672,181.15621917210888,45.70569324658864
GR0000000453,2022,6,97539.0,19225.0,117488.0,347347.0,221456.0,6639.0,25863.0,391625.0,Automotive,S,Compliant,TR-3DE1D966,GR0000000453,2023-06-23,On-time,Agent-prepared,391625.0,365762.0,25863.0,6180.4,524.18,5656.22,Partial,GR0000000453,274138.0,78324.0,39163.0,207769.0,79911.0,31963.0,65794.0,76715.0,-10922.0,4,391625.0,319643.0,1.1659877800407332,70.00012767315673,100,92.90657011219507,6.604021704436643,21.869930015852766,23.89668638595677,2.0267563701040032,30.00012767315672,65270.833333333336,8.481328069380623,0.0,23308.588933998373,351.08584024700065,73.484452372897
GR0000000453,2023,6,86472.0,20965.0,110475.0,277355.0,200506.0,6266.0,27231.0,368250.0,Automotive,S,Compliant,TR-44283D18,GR0000000453,2024-06-19,On-time,Agent-prepared,368250.0,341019.0,27231.0,6507.31,664.55,5842.75,Paid,GR0000000453,257774.0,73650.0,36825.0,195884.0,75340.0,30136.0,61866.0,72326.0,-10460.0,4,368249.0,301360.0,1.1690750977920021,69.99991853338366,100,100.0,7.394704684317718,21.456244721089934,23.896698615548456,2.4404538944585212,30.0,61375.0,10.212361175355099,0.00027155538779854993,20663.95322683706,329.7790173449898,68.50888148764918
GR0000000453,2024,6,98905.0,24119.0,113673.0,456830.0,314638.0,9540.0,33659.0,615270.0,Automotive,S,Compliant,TR-FADF7F23,GR0000000453,2025-06-18,On-time,Agent-prepared,615270.0,581611.0,33659.0,8043.39,765.2,7278.19,Paid,GR0000000453,430689.0,123054.0,61527.0,315011.0,121158.0,48463.0,103365.0,116312.0,-12946.0,4,615270.0,484632.0,1.1252551637401442,70.0,100,99.99738946084123,5.470606400442082,21.6233102587718,23.896699248343683,2.2733889895718846,18.475303525281582,102545.0,9.513401687596897,0.0,23635.03039157432,247.7466498068587,65.968353470502
GR0000000454,2022,1,114565.0,50090.0,36655.0,1804028.0,1337971.0,16630.0,66720.0,257982.0,Financial Services,S,Compliant,TR-23E03C5E,GR0000000454,2023-06-24,On-time,Self-prepared,257982.0,191262.0,66720.0,16296.43,1136.46,15159.97,Paid,GR0000000454,180587.0,64496.0,12899.0,78624.0,30239.0,12095.0,43340.0,29030.0,14310.0,4,257982.0,120958.0,0.669820027688048,69.9998449504229,100,100.0,25.86226946066005,22.721777577937647,24.42510491606715,1.703327338129501,14.208355621710043,257982.0,6.973674602351558,0.0,27982.621447092326,168.26591369267786,41.76231833456989
GR0000000454,2023,1,172043.0,68498.0,30084.0,1448944.0,1178834.0,28956.0,97454.0,353349.0,Financial Services,S,Compliant,TR-D598116D,GR0000000454,2024-06-24,On-time,Agent-prepared,353349.0,255895.0,97454.0,23803.24,1528.55,22274.69,Paid,GR0000000454,247344.0,88337.0,17668.0,101662.0,39101.0,15641.0,59362.0,37536.0,21827.0,4,353349.0,156404.0,0.6323237087699202,69.99991509810414,100,100.0,27.580097863585294,22.85661953331828,24.425103125577195,1.5684835922589144,8.513962116774069,353349.0,6.4216047899361595,0.0,42021.680170336775,145.12253132455027,43.35485895967868
GR0000000454,2024,1,56606.0,25020.0,36482.0,935066.0,736834.0,8197.0,33217.0,119020.0,Financial Services,S,Compliant,TR-0FD05D11,GR0000000454,2025-06-13,On-time,Agent-prepared,119020.0,85803.0,33217.0,8113.29,490.59,7622.7,Paid,GR0000000454,83315.0,29755.0,5950.0,35302.0,13578.0,5432.0,19994.0,13035.0,6961.0,4,119020.0,54312.0,0.6519455836751026,70.00084019492522,100,100.0,27.90875483112082,22.948189180239034,24.425113646626727,1.4769244663876933,30.65199126197278,119020.0,6.046745524935013,0.0,13826.079830809525,168.67243907294772,41.31894145496944
GR0000000455,2022,1,48666.0,16589.0,29990.0,400556.0,277562.0,4434.0,21023.0,230114.0,Energy,S,Somewhat Compliant,TR-7ED0A219,GR0000000455,2023-06-20,On-time,Agent-prepared,216011.95,209531.59,6480.36,1895.49,241.22,1654.27,Unpaid,GR0000000455,166830.0,32343.0,11090.0,105911.0,40403.0,15815.0,40039.0,41056.0,-1017.0,4,210263.0,162129.0,1.0254002347710982,79.34348886870252,100,0.0,3.0000006944060265,7.868857917518908,29.249763902005444,21.380905984486535,13.032670763186943,230114.0,12.725996971759281,2.7341710143962583,14234.69010054997,321.0349594170043,56.801463033740184
GR0000000455,2023,1,42770.0,16054.0,34471.0,476572.0,314089.0,5145.0,21199.0,228931.0,Energy,S,Somewhat Compliant,TR-2FE82EC2,GR0000000455,2024-06-24,On-time,Agent-prepared,217037.43,210526.31,6511.12,1904.48,233.71,1670.78,Paid,GR0000000455,163574.0,31961.0,11202.0,112618.0,41030.0,16264.0,39257.0,42210.0,-2952.0,4,206737.0,169912.0,1.0752222533560893,79.12178274812926,80,100.0,2.999998663824945,7.881409500448135,29.249652901497747,21.36824340104961,15.057375366376768,228931.0,12.271591195496933,4.9823834146766055,12510.076545970587,243.15017582061395,50.434884264671496
GR0000000455,2024,1,19320.0,6850.0,23112.0,127501.0,94251.0,2257.0,9107.0,92447.0,Energy,S,Somewhat Compliant,TR-C1357CB4,GR0000000455,2025-06-25,On-time,Agent-prepared,87438.37,84815.22,2623.15,767.26,103.59,663.68,Paid,GR0000000455,65632.0,12690.0,4502.0,43162.0,16096.0,6278.0,15752.0,16556.0,-805.0,4,82824.0,65536.0,1.0510411376333164,79.24273157538877,80,100.0,2.9999987419710594,7.287580981662457,29.24956636105446,21.961985379392,25.00027042521661,92447.0,13.501290305763366,5.571295759683181,5651.016220955721,250.3773248097351,52.86231884057971
GR0000000456,2022,61,5297241.0,1039773.0,1354943.0,21455314.0,14828423.0,303052.0,1342825.0,12963953.0,Tourism and Hospitality,M,Compliant,TR-36976845,GR0000000456,2023-06-15,On-time,Agent-prepared,12963953.0,11621128.0,1342825.0,348941.41,41012.31,307929.1,Paid,GR0000000456,7778373.0,3889186.0,1296396.0,4149145.0,1595826.0,638329.0,1866810.0,1531992.0,334818.0,4,12963955.0,6383300.0,0.8206469860350009,60.0,100,99.99998444178124,10.35814461838916,22.931439316366614,25.985620613259357,3.054181296892743,10.451619193620958,212523.81967213115,11.753351372082781,1.5427390787081663e-05,1376520.9492300262,454.21939113750324,74.65048314773671
GR0000000456,2023,56,3172089.0,808681.0,924900.0,12381815.0,8510885.0,226510.0,1035191.0,8474374.0,Tourism and Hospitality,M,Compliant,TR-77BAFD53,GR0000000456,2024-06-23,On-time,Self-prepared,8474374.0,7439183.0,1035191.0,269000.8,35568.59,233432.22,Paid,GR0000000456,5084625.0,2542312.0,847437.0,2671370.0,1027450.0,410979.0,1220311.0,986352.0,233958.0,4,8474374.0,4109799.0,0.8082792009577886,60.00000708016899,100,99.99995293012336,12.215545360636668,22.549676339921813,25.985620044996526,3.4359437050747133,10.914080497273309,151328.10714285713,13.222484840193783,0.0,824286.9950291299,363.90755155583855,67.36563822767899
GR0000000456,2024,58,3023453.0,878063.0,1406598.0,12662688.0,9186800.0,266825.0,1144888.0,9203686.0,Tourism and Hospitality,M,Compliant,TR-A0B74D96,GR0000000456,2025-06-25,On-time,Agent-prepared,9203686.0,8058798.0,1144888.0,297506.25,40008.16,257498.09,Paid,GR0000000456,5522213.0,2761106.0,920369.0,3086397.0,1187076.0,474830.0,1325331.0,1139592.0,185738.0,4,9203688.0,4748303.0,0.859854632540852,60.000002173041935,100,99.99997969479426,12.439450889567507,22.49111616158087,25.985620427500333,3.4945042659194634,15.282985534273985,158684.24137931035,13.447838490788012,2.1730419375032284e-05,785663.0203838716,294.4488036667747,62.13309748820306
GR0000000457,2022,9,781074.0,214514.0,172582.0,3495253.0,2403216.0,69106.0,283620.0,1823719.0,Tourism and Hospitality,M,Compliant,TR-20423DB6,GR0000000457,2023-06-15,On-time,Agent-prepared,1823719.0,1540099.0,283620.0,73774.93,10326.32,63448.6,Paid,GR0000000457,1094232.0,547115.0,182372.0,605420.0,232854.0,93140.0,262616.0,223540.0,39077.0,4,1823719.0,931414.0,0.851204800926067,60.00003289980529,100,100.0,15.551737959630843,22.37098935194979,26.01189267329525,3.6409033213454585,9.46319032701858,202635.44444444444,13.997058350309516,0.0,203172.13057901413,294.0007098935174,63.68845973620937
GR0000000457,2023,9,595519.0,164060.0,224956.0,2342096.0,1734028.0,62925.0,226985.0,1630046.0,Tourism and Hospitality,M,Compliant,TR-80FEFE7A,GR0000000457,2024-06-24,On-time,Agent-prepared,1630046.0,1403061.0,226985.0,59043.09,8174.79,50868.3,Paid,GR0000000457,978027.0,489014.0,163005.0,528666.0,203334.0,81333.0,234727.0,195199.0,39528.0,4,1630046.0,813333.0,0.8316001141751908,59.999963191222825,100,99.99966812800966,13.925067145344364,22.41042359627288,26.011890653567416,3.601467057294535,13.800592130528832,181116.22222222222,13.845464388804855,0.0,154905.75110121813,246.1752103316935,61.884507463237945
GR0000000457,2024,9,607658.0,171647.0,180841.0,2140605.0,1397353.0,60986.0,232633.0,1940225.0,Tourism and Hospitality,M,Compliant,TR-1B7F4184,GR0000000457,2025-06-11,On-time,Agent-prepared,1940225.0,1707592.0,232633.0,60512.24,7069.62,53442.63,Paid,GR0000000457,1164136.0,582067.0,194022.0,624232.0,240089.0,96036.0,279392.0,230486.0,48906.0,4,1940225.0,960357.0,0.824955617913183,60.00005154041412,100,100.0,11.990001159659318,22.972935911929948,26.011889972617812,3.038954060687864,9.320620031181951,215580.55555555556,11.68295868736639,0.0,158063.33036980996,259.17969758601964,61.7164589292003
GR0000000458,2022,11,492345.0,136899.0,246876.0,2292800.0,1467494.0,53263.0,190162.0,2115808.0,Manufacturing,S,Compliant,TR-226617D0,GR0000000458,2023-06-14,On-time,Agent-prepared,2115808.0,1925646.0,190162.0,42919.98,4557.42,38362.56,Paid,GR0000000458,1269485.0,528953.0,317371.0,1093920.0,420738.0,168295.0,304676.0,403909.0,-99232.0,4,2115809.0,1682953.0,1.3257000879622944,59.99998109470184,100,100.0,8.987677520833648,20.173620386828073,22.570219076366467,2.3965986895383935,11.668166487696425,192346.18181818182,10.618411285373384,4.726324540627047e-05,111123.34511153647,208.63140474914383,61.37627070448568
GR0000000458,2023,12,284399.0,85049.0,234982.0,1473192.0,741854.0,31341.0,116391.0,1794394.0,Manufacturing,S,Compliant,TR-FC16444B,GR0000000458,2024-06-25,On-time,Agent-prepared,1794394.0,1678003.0,116391.0,26269.7,3008.52,23261.19,Partial,GR0000000458,1076636.0,448598.0,269159.0,934756.0,359522.0,143808.0,258393.0,345142.0,-86749.0,4,1794393.0,1438086.0,1.3357250389909943,60.00001114583037,100,92.50601538442359,6.486368099759584,19.985385467948554,22.570215910164876,2.5848304422163224,13.095340265292906,149532.83333333334,11.452433792544262,5.572915187102012e-05,64189.46834634981,204.80989230193615,59.07475061445364
GR0000000458,2024,11,378290.0,110571.0,261687.0,1490202.0,1041688.0,42346.0,152917.0,1752666.0,Manufacturing,S,Compliant,TR-DCB9587C,GR0000000458,2025-06-20,On-time,Agent-prepared,1752666.0,1599749.0,152917.0,34513.7,3790.67,30723.03,Paid,GR0000000458,1051599.0,438167.0,262900.0,875201.0,336615.0,134647.0,252384.0,323151.0,-70767.0,4,1752666.0,1346463.0,1.2803941612780525,59.9999657664381,100,99.99990235338116,8.724822641621392,20.091310972619134,22.570217830587833,2.478906857968699,14.930796854620333,159333.27272727274,10.98308787524954,0.0,85380.87703133072,201.62678182432984,59.576779719262994
GR0000000459,2022,10,222546.0,53725.0,197773.0,1040667.0,663542.0,16432.0,70157.0,1015288.0,Agriculture and Food Production,S,Compliant,TR-C6CDB303,GR0000000459,2023-06-15,On-time,Agent-prepared,1015288.0,945131.0,70157.0,20818.56,1992.36,18826.21,Paid,GR0000000459,659937.0,253822.0,101528.0,491399.0,189000.0,75600.0,158385.0,181439.0,-23056.0,4,1015287.0,755999.0,1.1455567130725763,65.00004432244282,100,99.99888453384935,6.910059017736839,26.834399988597003,29.67424490784954,2.8398449192525383,19.47949744309004,101528.8,9.570114359494603,9.849431736874692e-05,66038.84507262283,401.8917056513074,68.47528151483289
GR0000000459,2023,10,215993.0,47221.0,155490.0,793442.0,471971.0,14748.0,61969.0,881512.0,Agriculture and Food Production,S,Compliant,TR-D676BC0C,GR0000000459,2024-06-21,On-time,Self-prepared,881512.0,819543.0,61969.0,18388.84,1972.89,16415.95,Paid,GR0000000459,572982.0,220377.0,88151.0,436175.0,167759.0,67103.0,137516.0,161050.0,-23533.0,4,881510.0,671037.0,1.1711364495767764,65.00005672085399,100,100.0,7.029853252139507,26.490584001678258,29.674256483080253,3.183672481401995,17.639011153563423,88151.2,10.728735472166814,0.00022688341596577288,64094.31680549953,434.5966694161889,71.30971837050275
GR0000000459,2024,10,83218.0,19889.0,120281.0,402430.0,236486.0,7984.0,27873.0,481125.0,Agriculture and Food Production,S,Compliant,TR-83E3ADD2,GR0000000459,2025-06-15,On-time,Self-prepared,481125.0,453252.0,27873.0,8271.1,845.83,7425.28,Paid,GR0000000459,312731.0,120281.0,48113.0,236888.0,91111.0,36445.0,75055.0,87467.0,-12411.0,4,481125.0,364444.0,1.1653720604889748,64.99994803845155,100,99.99622909843131,5.793296960249415,26.639687152441432,29.674236716535717,3.0345495640942843,24.999948038451546,48112.5,10.226330234188923,0.0,24694.306310766693,309.2974237320477,66.50604436540172
GR0000000460,2022,95,3239370.0,971345.0,3572095.0,8520835.0,4150458.0,283868.0,1255213.0,12227829.0,Logistics and Transportation,L,Somewhat Compliant,TR-3FE69190,GR0000000460,2023-06-25,On-time,Agent-prepared,11819872.76,11465276.58,354596.18,74402.33,14448.76,59953.56,Paid,GR0000000460,6126013.0,3439785.0,1797477.0,4620796.0,1742484.0,679964.0,1470244.0,1791414.0,-321171.0,4,11363275.0,7043244.0,1.2184467340114975,53.9106287579945,100,100.0,2.9999999763110816,4.7763654455458955,20.982270592988343,16.205905147442447,29.21283083039516,128713.98947368421,19.419768171238726,4.018188066380501,679693.3789080865,239.43994353294013,61.25132355982799
GR0000000460,2023,85,4793191.0,1372691.0,2814906.0,17036940.0,8530325.0,364917.0,1737608.0,17403089.0,Logistics and Transportation,L,Somewhat Compliant,TR-AFDEA04C,GR0000000460,2024-06-25,On-time,Agent-prepared,16481782.49,15987329.02,494453.47,103747.56,20259.04,83488.52,Paid,GR0000000460,8545886.0,4978413.0,2542370.0,6661668.0,2486405.0,971160.0,2051013.0,2529349.0,-478336.0,4,16066669.0,10119233.0,1.2332193896381933,53.19015410101496,100,0.0,2.9999999714836667,4.804796018434538,20.982269575335373,16.177473556900836,16.17474920687931,204742.22352941177,19.527244785323145,2.583693545936616,1005720.2568807133,275.6024676517436,63.74840894093309
GR0000000460,2024,79,6009339.0,1903276.0,2243122.0,13173870.0,9096447.0,584860.0,2488136.0,22302195.0,Logistics and Transportation,L,Somewhat Compliant,TR-3158F140,GR0000000460,2025-06-22,On-time,Agent-prepared,20114252.39,19510824.82,603427.57,126612.8,23646.77,102966.03,Partial,GR0000000460,10801609.0,6412095.0,3216538.0,8136877.0,2995086.0,1180002.0,2592386.0,3100338.0,-507952.0,4,20430242.0,12311965.0,1.1959399564725315,52.87068552589832,100,84.24428911166139,2.999999991548281,4.138279820717195,20.982269669912498,16.843989849195303,10.057853049890381,282306.2658227848,18.67644503557302,1.5466758054065166,1260895.714359223,215.58932297630597,58.59551275106962
GR0000000461,2022,241,8471871.0,2171039.0,4210638.0,10555583.0,6302414.0,735031.0,2906070.0,28070923.0,Consumer Goods and Retail,L,Compliant,TR-D85BB8B2,GR0000000461,2023-06-16,On-time,Agent-prepared,28070923.0,25164853.0,2906070.0,732387.26,113003.39,619383.86,Paid,GR0000000461,22456738.0,4210639.0,1403546.0,12886774.0,4956451.0,1982580.0,5389617.0,4758193.0,631423.0,4,28070923.0,19825805.0,0.8828443653788386,79.99999857503795,100,100.0,10.352598665886404,21.31345287622115,25.201982746458274,3.888529870237125,14.999998396917693,116476.85892116182,15.429458726521267,0.0,2135079.467722202,290.4747510951514,65.6974238630404
GR0000000461,2023,250,13230000.0,3323783.0,5628155.0,14255117.0,7178961.0,934671.0,4258455.0,37521035.0,Consumer Goods and Retail,L,Compliant,TR-B39CE7A2,GR0000000461,2024-06-17,On-time,Agent-prepared,37521035.0,33262580.0,4258455.0,1073215.09,139542.86,933672.23,Paid,GR0000000461,30016828.0,5628156.0,1876052.0,16907576.0,6502914.0,2601165.0,7204038.0,6242798.0,961242.0,4,37521036.0,26011655.0,0.8665692768416824,79.99999786786272,100,99.99998786224747,11.349513679460069,21.925140221042607,25.20198264394012,3.276842422897513,14.999999333707079,150084.14,13.002319972970188,2.6651716167336303e-06,3334222.3037932776,356.72683797756406,67.81213151927437
GR0000000461,2024,250,11558143.0,3060416.0,4700121.0,15503306.0,8021083.0,894796.0,3955211.0,31334141.0,Consumer Goods and Retail,L,Compliant,TR-1ECE1F7E,GR0000000461,2025-06-21,On-time,Agent-prepared,31334141.0,27378930.0,3955211.0,996791.59,148331.02,848460.57,Paid,GR0000000461,25067312.0,4700121.0,1566707.0,14473714.0,5566813.0,2226725.0,6016155.0,5344140.0,672014.0,4,31334140.0,22267252.0,0.8882982569431805,80.0,100,100.0,12.622688459849593,21.45171445973426,25.201982650230292,3.7502681904960333,14.999999521288935,125336.564,14.880845854648511,3.19140720517197e-06,2912881.193548807,325.53578620700216,65.77987484667736
GR0000000462,2022,239,47423713.0,20923488.0,9914037.0,73395256.0,36919983.0,6887568.0,27811056.0,69905338.0,Technology and Innovation,M,Compliant,TR-FD9118F0,GR0000000462,2023-06-16,On-time,Agent-prepared,69905338.0,42094282.0,27811056.0,6880851.19,1296428.83,5584422.36,Paid,GR0000000462,27962135.0,24466868.0,17476334.0,28457359.0,10945138.0,4378055.0,6710912.0,10507332.0,-3796420.0,4,69905337.0,43780552.0,1.565708505788781,40.00000028610119,100,99.9999935534962,39.78388030968393,20.079864497054697,24.74142366258944,4.661559165534744,14.182088641070587,292490.9539748954,18.84111128408228,1.4305059359287498e-06,11733301.749860505,170.35478633184462,41.356224047661556
GR0000000462,2023,249,42218498.0,14855405.0,8393617.0,54433188.0,29782480.0,5275900.0,20131305.0,66102842.0,Technology and Innovation,M,Compliant,TR-094207E9,GR0000000462,2024-06-12,On-time,Agent-prepared,66102842.0,45971537.0,20131305.0,4980771.46,870290.72,4110480.74,Paid,GR0000000462,26441137.0,23135994.0,16525710.0,25314020.0,9736161.0,3894465.0,6345873.0,9346714.0,-3000842.0,4,66102841.0,38944646.0,1.4728807210607586,40.00000090767657,100,100.0,30.454522666362816,20.418352113784973,24.741423668261945,4.323071554476972,12.69781562493183,265473.2610441767,17.47301049624951,1.5127942898374158e-06,10445457.456556696,197.98437151114874,52.31638747546159
GR0000000462,2024,249,34699101.0,13662779.0,9015080.0,65466463.0,33968013.0,3562060.0,17224839.0,62248860.0,Technology and Innovation,M,Compliant,TR-C8ED6361,GR0000000462,2025-06-14,On-time,Self-prepared,62248860.0,45024021.0,17224839.0,4261670.39,745623.78,3516046.61,Partial,GR0000000462,24899544.0,21787100.0,15562214.0,23793958.0,9151522.0,3660610.0,5975890.0,8785462.0,-2809570.0,4,62248858.0,36606090.0,1.4701512243364587,40.00000128516414,100,97.27425086665733,27.670930841143115,20.412652971676543,24.741423649881426,4.328770678204883,14.482321443316392,249995.421686747,17.4960452537485,3.2129103377798174e-06,8585051.581110243,241.0136713337294,50.35940844692202
GR0000000463,2022,9,259105.0,43811.0,194218.0,601468.0,397735.0,15671.0,59482.0,971091.0,Consumer Goods and Retail,S,Compliant,TR-86FA5751,GR0000000463,2023-06-10,On-time,Self-prepared,971091.0,911609.0,59482.0,14056.2,1085.88,12970.32,Paid,GR0000000463,776873.0,145663.0,48555.0,513152.0,197366.0,78946.0,186449.0,189471.0,-3022.0,4,971091.0,789464.0,1.016208185616442,80.0000205953922,100,99.99763144026197,6.125275592091781,21.805453750714502,23.63101442453179,1.8255606738172894,19.999979404607807,107899.0,7.7252742562001115,0.0,61229.1399246831,390.71622694584323,77.04328361089134
GR0000000463,2023,9,97714.0,24746.0,84608.0,198541.0,130094.0,8173.0,32919.0,423040.0,Consumer Goods and Retail,S,Compliant,TR-FAE4AE44,GR0000000463,2024-06-22,On-time,Agent-prepared,423040.0,390121.0,32919.0,7779.09,605.51,7173.59,Paid,GR0000000463,338431.0,63455.0,21152.0,218998.0,84230.0,33692.0,81223.0,80862.0,363.0,4,423038.0,336920.0,0.995555446117479,80.00014183123028,100,100.0,7.781533661119516,21.791640086272366,23.63100337191288,1.8393632856405127,20.0,47004.444444444445,7.78381533058494,0.00047277076764551396,23090.79863483095,282.52537177084236,66.31086640604212
GR0000000463,2024,9,94533.0,26186.0,89557.0,208839.0,128996.0,9541.0,35727.0,447786.0,Consumer Goods and Retail,S,Compliant,TR-61985378,GR0000000463,2025-06-13,On-time,Agent-prepared,447786.0,412059.0,35727.0,8442.65,597.35,7845.3,Paid,GR0000000463,358229.0,67169.0,22390.0,237837.0,91476.0,36590.0,85974.0,87816.0,-1842.0,4,447788.0,365903.0,1.0214250820015354,79.99968735205051,100,99.99639652625132,7.9785879862255635,21.95902258795869,23.631007361379346,1.6719847734206574,19.99995533580773,49754.0,7.075385098280754,0.000446639927820236,22339.100188932738,234.1379330147022,62.20684840214529
GR0000000464,2022,38,610253.0,108149.0,814687.0,3419468.0,2349874.0,32968.0,141117.0,3519394.0,Agriculture and Food Production,S,Compliant,TR-58489938,GR0000000464,2023-06-23,On-time,Agent-prepared,3519394.0,3343424.3,175969.7,42541.33,4303.87,38237.45,Paid,GR0000000464,2287607.0,879849.0,351939.0,1771677.0,681415.0,272565.0,549025.0,654157.0,-105132.0,4,3519395.0,2725657.0,1.1914885478803334,65.00000710349364,100,99.99882314327971,5.0,27.09627472239347,24.175372237379502,-2.9209024850139684,23.14850227056135,92615.63157894737,10.11691453934327,2.8413974562102595e-05,147530.93433977553,447.49737424100806,76.87565649001316
GR0000000464,2023,35,344452.0,98847.0,517322.0,2109824.0,1191263.0,32674.0,131521.0,2069289.0,Agriculture and Food Production,S,Compliant,TR-4C0E3A24,GR0000000464,2024-06-10,On-time,Agent-prepared,2069289.0,1937768.0,131521.0,31795.69,3377.38,28418.31,Paid,GR0000000464,1345039.0,517323.0,206929.0,1036867.0,398795.0,159518.0,322809.0,382843.0,-60034.0,4,2069291.0,1595180.0,1.1859737491829534,64.99999275114037,100,99.99890915399261,6.355854595467332,21.607431512838254,24.175371233491227,2.567939720652973,24.9999879185556,59122.54285714286,10.622131490148508,9.665146177839645e-05,83272.5497211852,254.85875534426518,61.81732142649774
GR0000000464,2024,37,649866.0,122892.0,644706.0,4263054.0,2505895.0,46001.0,168892.0,3614302.0,Agriculture and Food Production,S,Compliant,TR-E4F68C25,GR0000000464,2025-06-23,On-time,Self-prepared,3614302.0,3433586.9,180715.1,43688.54,4126.75,39561.79,Paid,GR0000000464,2349296.0,903576.0,361429.0,1737525.0,668279.0,267311.0,563832.0,641547.0,-77716.0,4,3614301.0,2673115.0,1.1378336100114927,65.00000968375352,100,100.0,5.0,23.424312578452504,24.175367747354816,0.7510551689023117,17.837635039905354,97683.83783783784,9.445840945932273,2.7667867175118488e-05,157107.49536502484,341.5306088237752,74.01125770543466
GR0000000465,2022,142,12914340.0,4053125.0,4370317.0,32713301.0,16778784.0,1132212.0,5185338.0,43999048.0,Logistics and Transportation,L,Compliant,TR-FB69B4E7,GR0000000465,2023-06-19,On-time,Agent-prepared,43999048.0,38813710.0,5185338.0,1032751.86,158124.52,874627.35,Paid,GR0000000465,24199477.0,13199715.0,6599858.0,16998506.0,6537887.0,2615155.0,5807875.0,6276371.0,-468497.0,4,43999050.0,26151548.0,1.080665647934916,54.99999886361183,100,99.99995998295732,11.785114077922778,16.86731607467054,19.916770324326013,3.049454249655472,9.932753545031247,309852.45070422534,15.310988643486926,4.545552689805277e-06,2572119.436702564,227.17648609117055,59.848215239803196
GR0000000465,2023,162,13874800.0,3507932.0,4728310.0,31867132.0,19361619.0,968938.0,4476871.0,39945764.0,Logistics and Transportation,L,Compliant,TR-0FAEF726,GR0000000465,2024-06-19,On-time,Agent-prepared,39945764.0,35468893.0,4476871.0,891648.12,141454.15,750193.97,Paid,GR0000000465,21970171.0,11983729.0,5991865.0,16029064.0,6165024.0,2466009.0,5272840.0,5918423.0,-645582.0,4,39945765.0,24660097.0,1.1224355375850585,55.00000062584858,100,100.0,11.207373577834186,16.757104906529584,19.916770440783303,3.159665534253719,11.836824550407899,246578.7901234568,15.864346800843363,2.5033942918639696e-06,2763412.0651178015,285.2000917620943,67.73379796465535
GR0000000465,2024,147,9220410.0,2966663.0,4577574.0,23192754.0,16145290.0,1115546.0,4082209.0,34296457.0,Logistics and Transportation,L,Compliant,TR-5DFA0AE8,GR0000000465,2025-06-25,On-time,Agent-prepared,34296457.0,30214248.0,4082209.0,813044.19,137068.0,675976.19,Paid,GR0000000465,18863051.0,10288937.0,5144468.0,12883451.0,4955174.0,1982068.0,4527132.0,4756967.0,-229834.0,4,34296456.0,19820693.0,1.050768345168641,55.00000058315063,100,99.99997189250114,11.902713449380501,16.559078430330242,19.916770307448736,3.3576918771184943,13.347075471964931,233309.231292517,16.85861625799208,2.9157531722390218e-06,1836407.881105034,164.61964644264188,55.726383100100755
GR0000000466,2023,3,23097.0,7313.0,34840.0,108726.0,65020.0,2522.0,9835.0,116133.0,Manufacturing,S,Compliant,TR-2CAE6CA7,GR0000000466,2024-06-19,On-time,Agent-prepared,116133.0,106298.0,9835.0,2871.11,328.58,2542.53,Paid,GR0000000466,69680.0,29034.0,17420.0,61811.0,23773.0,9508.0,16723.0,22822.0,-6098.0,4,116134.0,95092.0,1.3647072893619565,59.99965557028949,100,100.0,8.46873842921478,25.85185561769192,29.19278088459583,3.340925266903909,30.000086108169082,38711.0,11.44435427413091,0.0008610742762704682,6742.656600915099,267.35355277220856,57.41871238689007
GR0000000466,2024,3,61849.0,13100.0,74433.0,281457.0,159074.0,5592.0,18692.0,337053.0,Manufacturing,S,Compliant,TR-D4E66ACC,GR0000000466,2025-06-12,On-time,Self-prepared,337053.0,318361.0,18692.0,5456.71,531.2,4925.51,Paid,GR0000000466,202233.0,84264.0,50558.0,179526.0,69049.0,27620.0,48535.0,66287.0,-17751.0,4,337055.0,276195.0,1.3657566704440094,60.0,100,100.0,5.545715362272402,26.350898780226835,29.192756259362294,2.8418574791354594,22.083470552109016,112351.0,9.7348035721158,0.0005933749684716716,18055.427818852986,322.87961049450973,69.77800772850006
GR0000000467,2022,42,1337322.0,328677.0,1121063.0,4364436.0,2047472.0,95001.0,423678.0,5605315.0,Agriculture and Food Production,L,Compliant,TR-E3A05A0F,GR0000000467,2023-06-16,On-time,Agent-prepared,5605315.0,5181637.0,423678.0,86958.87,17458.74,69500.13,Paid,GR0000000467,3643454.0,1401328.0,560531.0,2296530.0,883281.0,353313.0,874430.0,847949.0,26480.0,4,5605313.0,3533124.0,0.9697162723145363,65.00000981211932,100,99.99987319192411,7.558504740589958,16.403997847421863,20.524754648577456,4.1207568011555935,20.0,133459.88095238095,20.07700882037681,3.5680433896345676e-05,274482.05936144904,288.925442217923,68.31892393903637
GR0000000467,2023,41,2017610.0,376321.0,1289678.0,4674435.0,2154128.0,84475.0,460796.0,8087120.0,Agriculture and Food Production,L,Compliant,TR-9EFE3D8C,GR0000000467,2024-06-13,On-time,Self-prepared,8087120.0,7626324.0,460796.0,94577.25,17693.72,76883.54,Paid,GR0000000467,5256628.0,2021780.0,808712.0,3402110.0,1308503.0,523402.0,1261590.0,1256163.0,5427.0,4,8087120.0,5234015.0,0.995698285496873,65.0,100,100.0,5.697899870411222,16.68494084150036,20.524754989192616,3.8398141476922554,15.947308807090781,197246.82926829267,18.70822000005287,0.0,414109.5091374491,490.2154591742517,77.16129479929224
GR0000000467,2024,42,1299383.0,294483.0,970888.0,4065505.0,1713006.0,113305.0,407788.0,5441012.0,Agriculture and Food Production,L,Compliant,TR-5F4649B3,GR0000000467,2025-06-16,On-time,Agent-prepared,5441012.0,5033224.0,407788.0,83697.49,17055.23,66642.26,Paid,GR0000000467,3536658.0,1360253.0,544101.0,2348962.0,903447.0,361379.0,848798.0,867310.0,-18511.0,4,5441012.0,3613788.0,1.0218096649615103,65.00000367578679,100,99.99963057823317,7.494708704924746,16.342378883145162,20.524755510216096,4.1823766270709335,17.843886394663347,129547.90476190476,20.37722995038441,0.0,266695.18389131123,235.37812443520693,68.6167973568994
GR0000000468,2022,43,1654430.0,420638.0,1090364.0,6231182.0,3997169.0,143254.0,563892.0,4649930.0,Healthcare,S,Compliant,TR-3BD0481C,GR0000000468,2023-06-11,On-time,Agent-prepared,4649930.0,4086038.0,563892.0,168973.38,15450.76,153522.62,Paid,GR0000000468,3952441.0,464994.0,232497.0,1711331.0,658204.0,263282.0,948586.0,631875.0,316709.0,4,4649932.0,2632817.0,0.6661230505194047,84.999974193171,100,100.0,12.1268922327863,27.225536095564394,29.965557234364027,2.7400211387996336,23.449041168361674,108137.90697674418,9.143901838265887,4.3011381667401594e-05,495759.1685524888,346.0700354283223,65.91623701214316
GR0000000468,2023,47,2037606.0,583515.0,1317443.0,7600469.0,3917501.0,207858.0,791373.0,6467101.0,Healthcare,S,Compliant,TR-F3532CB9,GR0000000468,2024-06-18,On-time,Agent-prepared,6467101.0,5675728.0,791373.0,237139.33,23713.3,213426.03,Paid,GR0000000468,5497036.0,646710.0,323355.0,2508734.0,964898.0,385958.0,1319290.0,926302.0,392987.0,4,6467101.0,3859590.0,0.7021215957067817,85.00000231943184,100,99.0179910876915,12.236904913035996,26.96908158352635,29.965557328844927,2.996475745318577,20.371461648735654,137597.89361702127,9.99973306831895,0.0,610579.9940659839,293.74861398935036,61.16162791040074
GR0000000468,2024,49,1505445.0,374534.0,1264128.0,4894584.0,2942694.0,111467.0,486000.0,3604752.0,Healthcare,S,Compliant,TR-3391663F,GR0000000468,2025-06-20,On-time,Self-prepared,3604752.0,3118752.0,486000.0,145632.61,12816.56,132816.05,Paid,GR0000000468,3064039.0,360474.0,180237.0,1410190.0,542382.0,216952.0,735370.0,520686.0,214684.0,4,3604750.0,2169524.0,0.7080598882195357,85.00004161176226,100,99.99998561151287,13.482203491391365,27.328405349794238,29.96555761316872,2.6371522633744817,35.06837640980572,73566.36734693877,8.800611346593321,5.548234967012178e-05,451114.9888095678,404.7072127262488,67.71718661259628
GR0000000469,2022,147,8468804.0,2533471.0,4118357.0,11378521.0,5645926.0,564857.0,3098329.0,27455712.0,Consumer Goods and Retail,L,Compliant,TR-09A416B5,GR0000000469,2023-06-25,On-time,Agent-prepared,27455712.0,24357383.0,3098329.0,639970.41,91872.06,548098.35,Paid,GR0000000469,21964569.0,4118357.0,1372786.0,12521264.0,4815870.0,1926348.0,5271496.0,4623236.0,648261.0,4,27455712.0,19263482.0,0.8770254212466442,79.9999978146624,100,99.99997074457603,11.284824811682174,17.690127484847476,20.655340669115514,2.9652131842680376,15.000000728445869,186773.55102040817,14.355673100573508,0.0,1749260.3167996814,309.6819755796036,63.41479859493737
GR0000000469,2023,170,9258273.0,1633486.0,3757788.0,9967510.0,5872880.0,609175.0,2242661.0,25051921.0,Consumer Goods and Retail,L,Compliant,TR-55D63A29,GR0000000469,2024-06-19,On-time,Agent-prepared,25051921.0,22809260.0,2242661.0,463229.27,72946.44,390282.83,Paid,GR0000000469,20041536.0,3757788.0,1252596.0,11258283.0,4330109.0,1732043.0,4809969.0,4156904.0,653065.0,4,25051920.0,17320435.0,0.8642267756819223,80.0,100,100.0,8.952052020282197,17.402667188665607,20.65534068680019,3.252673498134584,14.999999401243521,147364.2411764706,15.747372785834541,3.9917100069786215e-06,1912327.8298640368,313.9209307447017,75.77668102895649
GR0000000469,2024,157,6958827.0,1847637.0,2912920.0,8486584.0,4898544.0,616364.0,2464001.0,19419469.0,Consumer Goods and Retail,L,Compliant,TR-9AF3DF7D,GR0000000469,2025-06-17,On-time,Agent-prepared,19419469.0,16955468.0,2464001.0,508947.8,70886.08,438061.72,Paid,GR0000000469,15535575.0,2912921.0,970973.0,8866042.0,3410016.0,1364006.0,3728538.0,3273615.0,454923.0,4,19419469.0,13640064.0,0.8779889061074341,79.99999897010572,100,100.0,12.688302651323783,17.778471680815063,20.655340643124738,2.8768689623096755,14.999998197685013,123690.88535031847,13.927966679490511,0.0,1437369.421615738,233.20139099878284,64.5917192653302
GR0000000470,2022,23,766944.0,113540.0,378424.0,4950100.0,3221028.0,42366.0,155906.0,2255148.0,Tourism and Hospitality,S,Somewhat Compliant,TR-29EDCACB,GR0000000470,2023-06-26,On-time,Agent-prepared,2114279.14,2050850.76,63428.37,14163.67,1399.28,12764.39,Paid,GR0000000470,1238058.0,633536.0,219478.0,827887.0,303710.0,119756.0,297133.0,316281.0,-19146.0,4,2091072.0,1251353.0,1.0644425223721363,59.20685657882655,100,99.99694462485085,2.9999998013507336,8.187234615729992,22.330181273773864,14.142946658043872,16.780450773075646,98049.91304347826,9.8793603635216,1.1098202261806467,171259.98546833222,404.2392141536426,79.67178829223516
GR0000000470,2023,18,754667.0,189453.0,372980.0,3783699.0,2938053.0,69369.0,258822.0,2041565.0,Tourism and Hospitality,S,Somewhat Compliant,TR-4333B469,GR0000000470,2024-06-23,On-time,Agent-prepared,1919377.44,1861796.11,57581.32,12858.01,1203.97,11654.05,Paid,GR0000000470,1116573.0,584598.0,200835.0,741182.0,273044.0,107151.0,267978.0,284765.0,-16786.0,4,1902006.0,1121377.0,1.0626432020538998,58.70501985798152,60,99.9995709646003,2.9999998332792743,4.50272774339121,22.330175827855285,17.827448084464073,18.26931790072812,113420.27777777778,9.363579589687673,0.9133220399935693,168518.46801480066,242.93051365134377,65.70381373506461
GR0000000470,2024,18,459599.0,124082.0,318501.0,2649426.0,1738874.0,38878.0,162960.0,1112704.0,Tourism and Hospitality,S,Somewhat Compliant,TR-8CD84149,GR0000000470,2025-06-26,On-time,Self-prepared,1088821.66,1056157.01,32664.65,7294.08,772.76,6521.32,Partial,GR0000000470,587257.0,307803.0,107800.0,370386.0,142549.0,55408.0,140942.0,141847.0,-905.0,4,1002860.0,568343.0,1.0064210810120475,58.55822348084479,60,72.35137603054837,3.0000000183684814,4.001791850760923,22.3301948742754,18.328403023514475,28.624054555389396,61816.88888888889,10.594345003070984,8.571651077917153,102629.352340221,263.97796270441125,64.54300379243645
GR0000000471,2022,122,12772330.0,2206795.0,3592482.0,28660128.0,16832427.0,743415.0,2950210.0,26791611.0,Tourism and Hospitality,L,Compliant,TR-D7AAD7DB,GR0000000471,2023-06-22,On-time,Agent-prepared,26791611.0,23841401.0,2950210.0,820769.82,146592.77,674177.05,Paid,GR0000000471,16074966.0,8037484.0,2679161.0,7778411.0,2991696.0,1196679.0,3857992.0,2872029.0,985963.0,4,26791611.0,11966786.0,0.7444362248547949,59.99999776049302,100,99.9999969882059,11.011693175150983,22.85183258140946,27.82072530430037,4.96889272289091,13.408980893310224,219603.368852459,17.860399642862113,0.0,3553354.8442587475,477.9772864764294,76.9015520269207
GR0000000471,2023,140,16463602.0,2812119.0,2818542.0,54336438.0,36630725.0,683956.0,3496075.0,37058116.0,Tourism and Hospitality,L,Compliant,TR-A07C1542,GR0000000471,2024-06-24,On-time,Agent-prepared,37058116.0,33562041.0,3496075.0,972633.42,172858.35,799775.07,Paid,GR0000000471,22234869.0,11117435.0,3705812.0,10366081.0,3986954.0,1594782.0,5336368.0,3827476.0,1508892.0,4,37058116.0,15947817.0,0.7172436383697676,59.99999838092147,100,86.12120932621092,9.434033289765729,22.87637050120492,27.820725241878392,4.944354740673472,7.605734732979949,264700.82857142854,17.772199314311038,0.0,4580293.4773363955,669.6766279316791,78.76482315352375
GR0000000471,2024,129,13927400.0,3054003.0,3689296.0,54502398.0,28902035.0,954209.0,4008212.0,33122673.0,Tourism and Hospitality,L,Compliant,TR-BEA57F12,GR0000000471,2025-06-15,On-time,Agent-prepared,33122673.0,29114461.0,4008212.0,1115113.65,196506.17,918607.48,Paid,GR0000000471,19873604.0,9936802.0,3312267.0,9513913.0,3659198.0,1463680.0,4769665.0,3512830.0,1256835.0,4,33122673.0,14636791.0,0.7364940724348565,60.000000603816005,100,99.99997793552326,12.101112733262802,22.918136066655155,27.820725300957132,4.902589234301978,11.138279812139558,256764.90697674418,17.622075561535816,0.0,3874703.6955655036,406.06446759205824,71.22067291813259
GR0000000472,2022,2,171741.0,76208.0,77533.0,1627163.0,1288040.0,31550.0,107757.0,366886.0,Financial Services,S,Compliant,TR-BF71406A,GR0000000472,2023-06-13,On-time,Agent-prepared,366886.0,259129.0,107757.0,31327.77,2105.12,29222.66,Paid,GR0000000472,256820.0,91722.0,18345.0,106734.0,41052.0,16421.0,61637.0,39409.0,22228.0,4,366887.0,164207.0,0.6393724548566607,69.99975469286184,100,100.0,29.370703706328392,27.119036350306708,29.072607812021495,1.9535714617147875,21.132722426039695,183443.0,6.719661182395044,0.00027256348684723264,49929.58738244384,158.2554275196318,37.25610075637151
GR0000000472,2023,1,79423.0,32578.0,39414.0,1380312.0,1127101.0,12559.0,45137.0,165071.0,Financial Services,S,Compliant,TR-625B6CD3,GR0000000472,2024-06-14,On-time,Agent-prepared,165071.0,119934.0,45137.0,13122.5,739.34,12383.17,Paid,GR0000000472,115551.0,41268.0,8253.0,47285.0,18185.0,7275.0,27733.0,17458.0,10273.0,4,165072.0,72745.0,0.629502758446616,70.00036347775516,100,79.40441831077362,27.343991373409015,27.434632341537984,29.0726011919268,1.6379688503888161,23.87699838251419,165071.0,5.634139836159269,0.0006057962586014654,23090.33204466402,183.85486141145014,43.16885536935145
GR0000000472,2024,1,79133.0,40592.0,33595.0,1369886.0,1061812.0,12797.0,53389.0,166428.0,Financial Services,S,Compliant,TR-D4CAD930,GR0000000472,2025-06-21,On-time,Agent-prepared,166428.0,113039.0,53389.0,15521.58,906.15,14615.42,Paid,GR0000000472,116500.0,41607.0,8322.0,46238.0,17784.0,7114.0,27959.0,17073.0,10887.0,4,166429.0,71136.0,0.6106441575163633,69.99981974295345,100,99.16313824335103,32.079337611459614,27.375339489407928,29.072617955009463,1.697278465601535,20.185906217703753,166428.0,5.838001028245836,0.0006008568218307531,23006.034766337638,179.77678179524605,32.53257174630053
GR0000000473,2022,1907,67316317.0,12463371.0,35310642.0,78340617.0,41208041.0,2932565.0,15395936.0,235404282.0,Consumer Goods and Retail,L,Compliant,TR-E4074930,GR0000000473,2023-06-20,On-time,Agent-prepared,235404282.0,220008346.0,15395936.0,3289077.5,457238.8,2831838.7,Paid,GR0000000473,188323426.0,35310642.0,11770213.0,103764883.0,39909570.0,15963829.0,45197623.0,38313188.0,6884435.0,4,235404281.0,159638282.0,0.8476814809486773,80.00000050976134,100,99.65239040147665,6.540210683168457,18.393416938080286,21.363283791255043,2.969866853174757,14.999999872559666,123442.20346093341,13.901733844824271,4.2480110540310534e-07,14380975.838530863,490.3889884292714,77.12896859761356
GR0000000473,2023,2000,116590363.0,26478020.0,58672611.0,190275240.0,90394918.0,8415596.0,34893616.0,407609370.0,Consumer Goods and Retail,L,Compliant,TR-D7CEEBB4,GR0000000473,2024-06-21,On-time,Agent-prepared,407609370.0,372715754.0,34893616.0,7454422.22,1055854.89,6398567.33,Paid,GR0000000473,326087496.0,61141405.0,20380468.0,187612360.0,72158600.0,28863439.0,78260999.0,69272257.0,8988743.0,4,407609369.0,288634399.0,0.8851440421812147,80.00000019626634,100,99.99999785537568,8.560552962754512,18.337358128776334,21.36328381673026,3.025925687953926,14.394323418031338,203804.685,14.164141214957905,2.45332931747555e-07,24907530.150646064,295.96870085786037,70.07161217947319
GR0000000473,2024,2000,123393661.0,22374884.0,44465148.0,140977711.0,79149204.0,7140010.0,29514894.0,341855784.0,Consumer Goods and Retail,L,Compliant,TR-549D4CCF,GR0000000473,2025-06-14,On-time,Agent-prepared,341855784.0,312340890.0,29514894.0,6305350.58,871219.1,5434131.47,Paid,GR0000000473,273484628.0,51278368.0,17092789.0,151232145.0,58166210.0,23266484.0,65636310.0,55839562.0,9796749.0,4,341855785.0,232664839.0,0.8507419445121153,80.0,100,60.41518754036943,8.633726671127494,18.411489026523352,21.363283839000065,2.951794812476713,13.006990105511862,170927.892,13.817139728335295,2.9252100741672393e-07,26360938.038763527,369.2002957805875,76.08070482648213
GR0000000474,2022,99,6392590.0,1615319.0,2768966.0,12201748.0,7644374.0,383147.0,1998466.0,18343433.0,Logistics and Transportation,L,Compliant,TR-611A2BD3,GR0000000474,2023-06-16,On-time,Agent-prepared,18343433.0,16344967.0,1998466.0,373637.13,54149.52,319487.61,Paid,GR0000000474,10088887.0,5503029.0,2751515.0,7328054.0,2818482.0,1127392.0,2421334.0,2705742.0,-284409.0,4,18343431.0,11273928.0,1.1174592187612282,54.99999972742285,100,100.0,10.894721833148681,15.986642254609285,18.69619648270223,2.709554228092946,15.095135136372784,185287.202020202,14.492542537193772,1.0903085678748425e-05,1195171.1867335746,311.935415580332,68.73777295274685
GR0000000474,2023,98,4896903.0,1582383.0,2909924.0,10139178.0,5296978.0,412620.0,1995003.0,15833956.0,Logistics and Transportation,L,Compliant,TR-B5AA4D27,GR0000000474,2024-06-10,On-time,Agent-prepared,15833956.0,13838953.0,1995003.0,372989.69,56634.19,316355.5,Paid,GR0000000474,8708676.0,4750187.0,2375094.0,6536873.0,2514182.0,1005673.0,2090082.0,2413615.0,-323533.0,4,15833957.0,10056728.0,1.1547944051955856,54.99999778956075,100,100.0,12.599523454530251,15.857394700659597,18.696196948074764,2.838802247415167,18.377744639431864,161570.97959183675,15.183848647398271,6.3155407126203045e-06,915534.6292361816,221.8832410537981,59.25990365747494
GR0000000474,2024,104,7389712.0,1759067.0,3275732.0,22750360.0,15178297.0,515032.0,2274099.0,26948292.0,Logistics and Transportation,L,Compliant,TR-3A6876D3,GR0000000474,2025-06-14,On-time,Self-prepared,26948292.0,24674193.0,2274099.0,425170.02,74818.18,350351.84,Paid,GR0000000474,14821560.0,8084488.0,4042244.0,10332490.0,3974034.0,1589613.0,3557174.0,3815073.0,-257899.0,4,26948292.0,15896137.0,1.072501092159113,54.99999777351381,100,100.0,8.438750032840671,15.406182404547913,18.696196603577945,3.2900141990300327,12.155620103864097,259118.1923076923,17.597237923783993,0.0,1381595.0839581918,268.25422186547473,69.2261484615368
GR0000000475,2022,17,2393138.0,1046107.0,526965.0,4714243.0,2677557.0,303544.0,1349651.0,4291585.0,Technology and Innovation,S,Somewhat Compliant,TR-A90CF748,GR0000000475,2023-06-28,On-time,Agent-prepared,4119091.05,3107059.2,1012031.85,301523.57,39050.32,262473.24,Paid,GR0000000475,1500724.0,1426048.0,1040221.0,1753061.0,659304.0,257627.0,360173.0,684947.0,-324775.0,4,3966993.0,2669992.0,1.9017166750422714,37.83026589661237,100,0.0,24.56930030716364,19.447489758463483,29.793881487030276,10.346391728566793,12.279029775712237,252446.17647058822,12.951000812307973,3.8340891955191303,713008.6995410867,234.89467739144462,43.603294085004705
GR0000000475,2023,17,1659327.0,506149.0,546150.0,3173035.0,1653705.0,127744.0,633893.0,3115409.0,Technology and Innovation,S,Somewhat Compliant,TR-5F9EE727,GR0000000475,2024-06-29,On-time,Agent-prepared,3003342.82,2608268.52,395074.3,117707.97,16538.78,101169.19,Unpaid,GR0000000475,1117194.0,1027372.0,763914.0,1297076.0,480173.0,190330.0,268126.0,495557.0,-227431.0,4,2908480.0,1967579.0,1.8482243422868352,38.41161018813951,100,0.0,13.154485640770108,15.959979050092052,29.793881809067308,13.833902758975256,17.53060352589339,183259.35294117648,14.050688326372462,3.2615943723181884,494377.9252059423,387.0067676023471,61.79818685527325
GR0000000475,2024,16,2793521.0,867275.0,471613.0,5451094.0,3056500.0,259317.0,1126592.0,4987744.0,Technology and Innovation,S,Somewhat Compliant,TR-4BC6C0C8,GR0000000475,2025-06-23,On-time,Agent-prepared,4591052.75,4099853.77,491198.98,146347.24,21913.76,124433.48,Paid,GR0000000475,1793309.0,1657486.0,1217271.0,2103777.0,790731.0,307527.0,430394.0,803426.0,-373033.0,4,4668066.0,3202035.0,1.8667221197321524,38.416530528917114,100,99.99961425172711,10.699048927285796,11.045123700505595,29.793881086642322,18.748757386136727,9.455437167585185,311734.0,14.973811600410091,1.6497892274873527,832298.3248703814,320.9578719753743,59.67125359000344
GR0000000476,2022,5,228677.0,71392.0,143122.0,762143.0,383217.0,16786.0,88178.0,567739.0,Healthcare,S,Non-Compliant,TR-BF6ACFF0,GR0000000476,2023-06-27,On-time,Agent-prepared,432272.46,427949.74,4322.72,1123.2,137.36,985.84,Paid,GR0000000476,337910.0,50963.0,26118.0,198929.0,69012.0,25935.0,81099.0,84469.0,-3371.0,4,414991.0,293876.0,1.0415541498662129,81.42586224761502,40,0.0,0.9999989358563346,1.1180112953344372,25.98363993041418,24.865628635079744,25.20911897896745,113547.8,12.22934472934473,4.164297538982775,59418.60828367324,353.9771731423403,61.439934930054186
GR0000000476,2023,3,138563.0,31558.0,90119.0,368805.0,126653.0,6723.0,38280.0,267636.0,Healthcare,S,Non-Compliant,TR-2AE52E55,GR0000000476,2024-07-06,Late,Self-prepared,233850.32,231511.81,2338.5,607.63,76.14,531.49,Unpaid,GR0000000476,148465.0,23461.0,12545.0,89130.0,32078.0,11603.0,35631.0,37780.0,-2147.0,4,184471.0,132811.0,1.0603126490976957,80.48148489464468,40,0.0,0.9999986316033265,1.3884273772204807,25.983750267265343,24.595322890044862,33.67222645682942,89212.0,12.5306518769646,26.76806652536172,36003.863882830876,535.5327068694166,72.37357736192202
GR0000000476,2024,3,179153.0,59715.0,71111.0,469123.0,226179.0,8277.0,67992.0,461124.0,Healthcare,S,Non-Compliant,TR-72DE5F90,GR0000000476,2025-06-30,On-time,Agent-prepared,365180.43,361528.63,3651.8,948.87,109.91,838.96,Unpaid,GR0000000476,267846.0,40849.0,21816.0,150053.0,53411.0,19762.0,64283.0,64097.0,187.0,4,330511.0,223226.0,0.9971065444985455,81.03996538693114,20,0.0,0.9999988224998804,1.2339098717496177,25.98362451393833,24.749714642188714,15.421231599309513,153708.0,11.583251657234396,10.489644822713906,46550.44282545594,562.4071864861174,62.048081807170405
GR0000000477,2024,1,74582.0,30842.0,38662.0,1682547.0,1332589.0,11202.0,42044.0,193364.0,Financial Services,S,Compliant,TR-BD902E1F,GR0000000477,2025-06-24,On-time,Agent-prepared,193364.0,151320.0,42044.0,11323.86,650.73,10673.13,Paid,GR0000000477,135354.0,48341.0,9668.0,58088.0,22342.0,8937.0,32485.0,21449.0,11038.0,4,193363.0,89367.0,0.6602739726027397,69.99994828379783,100,76.13145884161719,21.74344759107176,25.38561982684806,26.933355532299498,1.5477357054514371,19.99441467905091,193364.0,5.746538724427889,0.0005171620216959383,20087.435223099612,179.32007876361018,43.62714864176343
GR0000000478,2022,894,167017215.0,54309647.0,38471440.0,280652220.0,104078516.0,16931093.0,71240740.0,385218550.0,Healthcare,L,Compliant,TR-B7508C0F,GR0000000478,2023-06-15,On-time,Agent-prepared,385218550.0,313977810.0,71240740.0,19692020.39,3837520.12,15854500.28,Paid,GR0000000478,327435767.0,38521854.0,19260928.0,118043279.0,45401261.0,18160504.0,78584585.0,43585212.0,34999373.0,4,385218549.0,181605044.0,0.5546280100607517,85.00000009085753,100,99.9999994494028,18.493590197045286,22.25482256360616,27.64151578155982,5.38669321795366,9.98691262401564,430893.2326621924,19.487691176415648,2.595929027293664e-07,46166089.8421467,272.67046399276586,57.3452712644023
GR0000000478,2023,988,180398927.0,52071644.0,43516188.0,325170465.0,155041180.0,11698103.0,63769747.0,330985087.0,Healthcare,L,Compliant,TR-2377EF7A,GR0000000478,2024-06-25,On-time,Agent-prepared,330985087.0,267215340.0,63769747.0,17626924.68,3024625.41,14602299.28,Paid,GR0000000478,281337324.0,33098509.0,16549254.0,104447782.0,40172223.0,16068890.0,67520958.0,38565334.0,28955623.0,4,330985087.0,160688895.0,0.5711609423551129,85.00000001510642,100,83.9569889604018,19.26665263924716,22.89847453840455,27.64151578020217,4.74304124179762,13.147476943576011,335005.1487854251,17.159121428775517,0.0,49864997.87402039,426.26567635812734,64.6507060432793
GR0000000478,2024,1086,218857781.0,53994264.0,43849459.0,345221311.0,124195536.0,16721984.0,70716248.0,399723170.0,Healthcare,L,Compliant,TR-D39CE828,GR0000000478,2025-06-23,On-time,Agent-prepared,399723170.0,329006922.0,70716248.0,19547042.85,4160968.86,15386074.0,Paid,GR0000000478,339764695.0,39972318.0,19986158.0,131160411.0,50446313.0,20178524.0,81543527.0,48428459.0,33115067.0,4,399723171.0,201785248.0,0.5938970361191269,84.9999999124394,100,100.0,17.691305710399526,21.757480685344053,27.641515780079285,5.884035094735232,10.969956782840484,368069.21731123386,21.286948066418134,2.5017313776132255e-07,60495608.07104636,361.7729096681731,67.6884926471954
GR0000000479,2022,2,237228.0,111454.0,60705.0,2779027.0,2009230.0,42318.0,153772.0,578981.0,Financial Services,S,Compliant,TR-F18B7E26,GR0000000479,2023-06-10,On-time,Agent-prepared,578981.0,425209.0,153772.0,45116.41,2585.18,42531.23,Paid,GR0000000479,405287.0,144745.0,28949.0,173300.0,66654.0,26662.0,97268.0,63988.0,33281.0,4,578981.0,266616.0,0.6578525311510466,70.00005181517183,100,99.99969661887006,26.55907534098701,27.65863096012278,29.33980828759462,1.6811773274718398,10.48480001934433,289490.5,5.730021515453024,0.0,69602.24040449497,164.47431448673134,35.1796583877114
GR0000000479,2023,2,343026.0,131498.0,75570.0,7736111.0,6572090.0,53831.0,185329.0,742851.0,Financial Services,S,Compliant,TR-9DAD8D08,GR0000000479,2024-06-19,On-time,Agent-prepared,742851.0,557522.0,185329.0,54375.17,3517.19,50857.97,Paid,GR0000000479,519996.0,185712.0,37142.0,222556.0,85599.0,34239.0,124798.0,82175.0,42624.0,4,742850.0,342394.0,0.6584640779499672,70.000134616679,100,100.0,24.948340918972985,27.441992348741966,29.33980650626723,1.8978141575252643,10.172968738010718,371425.5,6.4683751793327735,0.00013461667900394048,100643.16466618823,186.96135064588847,45.97231696722697
GR0000000479,2024,1,88078.0,38625.0,33155.0,1364140.0,1147830.0,13525.0,52151.0,182059.0,Financial Services,S,Compliant,TR-DE950A39,GR0000000479,2025-06-10,On-time,Agent-prepared,182059.0,129908.0,52151.0,15301.0,1065.33,14235.67,Paid,GR0000000479,127441.0,45515.0,9103.0,51525.0,19818.0,7927.0,30586.0,19026.0,11560.0,4,182059.0,79270.0,0.6220493036029556,69.99983521825342,100,100.0,28.64510955239785,27.297022108876146,29.339801729592914,2.042779620716768,18.211129359163788,182059.0,6.962486112018822,0.0,25841.910567390845,191.06773062765873,40.789981607211786
GR0000000480,2022,3,38885.0,9812.0,48679.0,163325.0,101063.0,3882.0,13695.0,162265.0,Manufacturing,S,Compliant,TR-5A64775D,GR0000000480,2023-06-11,On-time,Agent-prepared,162265.0,148570.0,13695.0,3443.3,372.76,3070.55,Paid,GR0000000480,97359.0,40566.0,24340.0,83216.0,32006.0,12802.0,23366.0,30726.0,-7360.0,4,162265.0,128024.0,1.3149875888042455,60.0,100,100.0,8.439897698209718,22.420956553486675,25.14275282949982,2.7217962760131442,29.999691862077466,54088.333333333336,10.825661429442684,0.0,9776.759437751005,251.84851720121085,64.78076379066479
GR0000000480,2023,2,54487.0,17777.0,46988.0,205327.0,127623.0,5182.0,22960.0,220796.0,Manufacturing,S,Compliant,TR-A937039B,GR0000000480,2024-06-17,On-time,Agent-prepared,220796.0,197836.0,22960.0,5772.78,605.37,5167.41,Paid,GR0000000480,132477.0,55199.0,33120.0,114783.0,44146.0,17659.0,31795.0,42381.0,-10587.0,4,220796.0,176588.0,1.3329454316716465,59.999728255946664,100,99.99206565765054,10.39873910759253,22.50614111498258,25.142770034843203,2.636628919860623,21.28118263012011,110398.0,10.486628626069242,0.0,13699.541108885016,264.3678330545159,57.86150824967423
GR0000000480,2024,2,29333.0,6935.0,38852.0,154057.0,88520.0,2125.0,9060.0,129507.0,Manufacturing,S,Compliant,TR-CB86F21D,GR0000000480,2025-06-11,On-time,Agent-prepared,129507.0,120447.0,9060.0,2277.94,210.15,2067.79,Paid,GR0000000480,77704.0,32377.0,19426.0,67276.0,25875.0,10349.0,18649.0,24840.0,-6191.0,4,129507.0,103500.0,1.3319749048206337,59.99984556819322,100,100.0,6.995760846904028,22.823289183222958,25.14282560706402,2.319536423841061,29.99992278409661,64753.5,9.225440529601306,0.0,7375.145035320088,347.0656487209453,69.11328537824294
GR0000000481,2022,4,475792.0,188844.0,109008.0,1344789.0,743434.0,80546.0,269390.0,923681.0,Technology and Innovation,S,Compliant,TR-29913AF7,GR0000000481,2023-06-22,On-time,Agent-prepared,923681.0,654291.0,269390.0,73877.24,9115.74,64761.49,Paid,GR0000000481,369472.0,323288.0,230920.0,397360.0,152831.0,61132.0,88673.0,146717.0,-58044.0,4,923680.0,611323.0,1.6545848228885907,40.0,100,99.99924337750721,29.16483071536602,24.040049742009725,27.423898437209992,3.3838486952002675,11.801476916814355,230920.25,12.339037029537106,0.00010826260177232427,130480.71485237016,161.9952758080726,43.38072098732219
GR0000000481,2023,4,411314.0,168535.0,117507.0,1074150.0,452585.0,65293.0,233828.0,921450.0,Technology and Innovation,S,Compliant,TR-23965D2F,GR0000000481,2024-06-25,On-time,Agent-prepared,921450.0,687622.0,233828.0,64124.75,7811.1,56313.65,Paid,GR0000000481,368580.0,322508.0,230363.0,394118.0,151584.0,60634.0,88460.0,145520.0,-57062.0,4,921451.0,606336.0,1.6450373049966087,39.99995659020393,100,100.0,25.376092028867546,24.083364695417146,27.42389705253434,3.340532357117194,12.752401106951,230362.5,12.181100121248036,0.00010852449018328159,112798.3279226611,172.7571530220102,43.15097468114384
GR0000000481,2024,3,223313.0,64595.0,95014.0,362902.0,147423.0,25411.0,90006.0,390910.0,Technology and Innovation,S,Compliant,TR-04CDD093,GR0000000481,2025-06-14,On-time,Agent-prepared,390910.0,300904.0,90006.0,24683.15,3325.51,21357.64,Paid,GR0000000481,156363.0,136819.0,97728.0,166247.0,63941.0,25577.0,37528.0,61383.0,-23856.0,4,390910.0,255765.0,1.6356587081645704,39.99974418664143,100,100.0,23.024737151774065,23.729129169166498,27.423893962624717,3.6947647934582193,24.305850451510576,130303.33333333333,13.472794193609811,0.0,61241.120324756135,241.00240181321527,59.69513642286836
GR0000000482,2022,4,192375.0,36645.0,104274.0,360633.0,200536.0,10263.0,46908.0,645284.0,Consumer Goods and Retail,M,Compliant,TR-50CC9143,GR0000000482,2023-06-16,On-time,Agent-prepared,645284.0,598376.0,46908.0,11337.1,1324.13,10012.97,Paid,GR0000000482,516228.0,96792.0,32264.0,327374.0,125914.0,50366.0,123894.0,120877.0,3018.0,4,645284.0,503654.0,0.9756485382665827,80.00012397641969,100,87.44552400934083,7.269357368228563,21.345975100196128,24.168798499189904,2.8228233989937763,16.159396482788974,161321.0,11.679618244524615,0.0,46494.72611281658,453.03250621471864,75.61637426900585
GR0000000482,2023,4,141038.0,43455.0,76564.0,259490.0,141834.0,11918.0,55373.0,542480.0,Consumer Goods and Retail,M,Compliant,TR-30BEDD52,GR0000000482,2024-06-18,On-time,Agent-prepared,542480.0,487107.0,55373.0,13382.99,1474.88,11908.11,Partial,GR0000000482,433984.0,81372.0,27124.0,261075.0,100413.0,40166.0,104156.0,96396.0,7759.0,4,542480.0,401654.0,0.9254963708283728,80.0,100,96.21647512013712,10.20738091726884,21.50526429848482,24.168800679031296,2.663536380546475,14.113700044241263,135620.0,11.020556691740785,0.0,34087.19310169216,286.01437407024804,60.73894978658234
GR0000000482,2024,4,110837.0,19778.0,65661.0,134702.0,69979.0,5262.0,25040.0,364781.0,Consumer Goods and Retail,M,Compliant,TR-6597FFD1,GR0000000482,2025-06-22,On-time,Agent-prepared,364781.0,339741.0,25040.0,6051.87,702.91,5348.96,Paid,GR0000000482,291825.0,54718.0,18239.0,181519.0,69815.0,27927.0,70038.0,67023.0,3015.0,4,364782.0,279261.0,0.9569519403752249,79.99983551819992,100,100.0,6.864392608167641,21.361661341853036,24.168809904153356,2.80714856230032,18.000115137575694,91195.25,11.6147570916097,0.00027413633347794786,26787.983833466456,509.0836912479372,77.40826619269738
GR0000000483,2022,42,1368013.0,495373.0,683493.0,5910932.0,4226947.0,163058.0,658432.0,6496082.0,Logistics and Transportation,S,Compliant,TR-4FEF54CB,GR0000000483,2023-06-12,On-time,Agent-prepared,6496082.0,5837650.0,658432.0,172757.08,15454.19,157302.89,Paid,GR0000000483,3572845.0,1948825.0,974412.0,2953270.0,1135874.0,454350.0,857482.0,1090437.0,-232955.0,4,6496082.0,4543494.0,1.2716733412479795,54.99999846061057,100,100.0,10.13583264496969,23.890529318137638,26.23764944595645,2.347120127818812,10.521619031286859,154668.61904761905,8.945618900249993,0.0,358934.45531511225,220.12685996094166,51.86946322878511
GR0000000483,2023,44,1253998.0,401884.0,978486.0,5732000.0,4303046.0,160939.0,562823.0,5476865.0,Logistics and Transportation,S,Compliant,TR-0B3065B3,GR0000000483,2024-06-24,On-time,Agent-prepared,5476865.0,4914042.0,562823.0,147671.53,13039.81,134631.72,Paid,GR0000000483,3012276.0,1643060.0,821530.0,2589844.0,996095.0,398438.0,722946.0,956251.0,-233304.0,4,5476866.0,3984377.0,1.3227142829478273,54.99999452241483,100,100.0,10.276371610401206,23.920792149574556,26.237650202639195,2.3168580530646388,17.86580461632704,124474.20454545454,8.830280284899871,1.825861724036315e-05,329019.60878809146,204.43746313080823,55.11771151150161
GR0000000483,2024,45,749113.0,235046.0,732757.0,3159479.0,2479079.0,100005.0,335052.0,3458539.0,Logistics and Transportation,S,Compliant,TR-2C5C82D3,GR0000000483,2025-06-10,On-time,Agent-prepared,3458539.0,3123487.0,335052.0,87909.77,7787.8,80121.97,Paid,GR0000000483,1902197.0,1037562.0,518781.0,1575894.0,606112.0,242445.0,456526.0,581868.0,-125342.0,4,3458540.0,2424451.0,1.274556104143028,55.00000000000001,100,0.0,9.687674477575648,23.91329405584805,26.2376496782589,2.3243556224108524,21.186894234819963,76856.42222222222,8.858856074813982,2.8913934779772887e-05,196549.6446342956,196.53981764341344,55.27350346342942
GR0000000484,2022,2,401755.0,145033.0,73502.0,838589.0,311311.0,31038.0,176071.0,625469.0,Technology and Innovation,S,Non-Compliant,TR-16A53ACA,GR0000000484,2023-07-19,Late,Self-prepared,500234.09,495231.75,5002.34,1329.38,191.52,1137.87,Partial,GR0000000484,174707.0,194868.0,148748.0,270890.0,94471.0,35735.0,41930.0,116354.0,-74423.0,4,518323.0,401096.0,2.774958263772955,33.706202503072404,20,0.0,0.999999820084233,0.6462563397720237,26.575162823798465,25.92890648402644,11.751501673144473,312734.5,14.406715912681097,3.489891438350212,106767.04540275152,343.98816097284464,56.17453423106122
GR0000000484,2023,1,121392.0,41362.0,40669.0,256300.0,123647.0,6916.0,48279.0,232720.0,Technology and Innovation,S,Non-Compliant,TR-539F35E7,GR0000000484,2024-06-29,On-time,Self-prepared,200558.99,198553.4,2005.59,532.99,79.56,453.43,Paid,GR0000000484,70698.0,72184.0,54217.0,98500.0,35384.0,13037.0,16968.0,43080.0,-26113.0,4,197099.0,146921.0,2.5388967468175387,35.869283963896315,40,0.0,1.000000049860642,0.9391868100002072,26.57522225380063,25.63603544380042,17.47550704709522,232720.0,14.927109326629019,1.7554579170873552,32260.19379833366,466.4574002072536,60.22884539343614
GR0000000484,2024,1,112452.0,46775.0,34842.0,220096.0,89195.0,6607.0,53382.0,170917.0,Technology and Innovation,S,Non-Compliant,TR-46B3D5BE,GR0000000484,2025-06-30,On-time,Self-prepared,150542.7,136438.37,14104.34,3748.26,585.24,3163.02,Paid,GR0000000484,45624.0,53858.0,40908.0,70315.0,24929.0,9430.0,10949.0,30402.0,-19450.0,4,140390.0,104674.0,2.7766919353365602,32.49804117102358,80,0.0,9.368996304702918,5.9252557041699445,26.575224363564693,20.649968659394748,20.385333231919585,170917.0,15.613644731155254,7.231782890519267,29884.37130131577,452.3137778313269,52.529079073738124
GR0000000485,2022,41,11891065.0,4939237.0,1794430.0,95389932.0,75464096.0,1478537.0,6417774.0,19759927.0,Financial Services,M,Somewhat Compliant,TR-5D4BA564,GR0000000485,2023-06-29,On-time,Agent-prepared,18693459.59,14784304.79,3909154.8,825597.4,90645.36,734952.04,Unpaid,GR0000000485,12511917.0,4655060.0,960190.0,5129624.0,1917598.0,744339.0,3002860.0,1992400.0,1010461.0,4,18127167.0,7791561.0,0.6635007959079011,69.02301391055757,60,39.78244599341368,20.911885149879843,11.451821768731651,21.119588305891597,9.667766537159945,9.081157030590244,481949.43902439025,10.979365971840512,3.123999409284428,2511343.9731859686,169.85330588182566,46.028602147915265
GR0000000485,2023,37,10294540.0,4658759.0,1635292.0,64589483.0,49145556.0,1520122.0,6178881.0,19035682.0,Financial Services,M,Somewhat Compliant,TR-3C220C1C,GR0000000485,2024-06-29,On-time,Agent-prepared,17242476.12,14221322.99,3021153.13,638055.1,65823.11,572231.99,Paid,GR0000000485,11808043.0,4517424.0,915427.0,4617937.0,1740208.0,682114.0,2833930.0,1772676.0,1061254.0,4,17240894.0,7040259.0,0.6255186260775671,68.4885772164715,40,27.87468045563097,17.521573519801397,9.261094201361056,21.119588201740704,11.858494000379649,8.590666727885033,514477.8918918919,10.316210935387868,0.009176554301659756,2174164.4552634778,143.02565552393017,39.97904714537997
GR0000000485,2024,37,6124330.0,2902987.0,1559353.0,40189337.0,29708513.0,826035.0,3729021.0,12191352.0,Financial Services,M,Somewhat Compliant,TR-4B2DAA57,GR0000000485,2025-06-23,On-time,Agent-prepared,11281701.32,9608808.69,1672892.64,353308.04,41067.13,312240.9,Paid,GR0000000485,7639420.0,2847828.0,590152.0,3102966.0,1132934.0,449418.0,1833461.0,1186450.0,647011.0,4,11077400.0,4685318.0,0.6471094831032675,68.96401682705327,80,66.78871316283033,14.828372003026931,8.373267407182745,21.1195884034734,12.746320996290656,12.790648649961053,329496.0,11.623604716156473,1.844307508982257,1293433.2884704424,156.58335160985217,39.111364018594685
GR0000000486,2022,3,471852.0,171940.0,104147.0,1044739.0,473709.0,48569.0,220509.0,859064.0,Technology and Innovation,S,Compliant,TR-0DC7D506,GR0000000486,2023-06-14,On-time,Self-prepared,859064.0,638555.0,220509.0,51553.83,6181.79,45372.04,Paid,GR0000000486,343626.0,300672.0,214766.0,360371.0,138604.0,55442.0,82470.0,133059.0,-50589.0,4,859064.0,554417.0,1.6134230629319752,40.000046562305016,100,99.99991183997898,25.668518294329644,20.576049050152147,23.3794675047277,2.803418454575553,12.123310952385387,286354.6666666667,11.990942283046671,0.0,110316.48501040775,227.13353169801263,53.26733806363012
GR0000000486,2023,3,437512.0,157734.0,97061.0,749807.0,379098.0,58817.0,216551.0,808179.0,Technology and Innovation,S,Compliant,TR-8F1E06CD,GR0000000486,2024-06-15,On-time,Agent-prepared,808179.0,591628.0,216551.0,50628.47,6489.65,44138.82,Paid,GR0000000486,323271.0,282862.0,202045.0,345362.0,132831.0,53134.0,77585.0,127519.0,-49933.0,4,808178.0,531327.0,1.6436037893922795,39.99997525297645,100,100.0,26.794930331028148,20.382644273173526,23.379467192485837,2.9968229193123115,12.009839404389375,269393.0,12.818183128978616,0.0001237351177518775,102287.97450318863,173.90886053894047,50.503986176379165
GR0000000486,2024,3,203028.0,83438.0,85647.0,467335.0,215557.0,29051.0,112488.0,399510.0,Technology and Innovation,S,Compliant,TR-37388568,GR0000000486,2025-06-15,On-time,Agent-prepared,399510.0,287022.0,112488.0,26299.09,3356.66,22942.43,Paid,GR0000000486,159804.0,139828.0,99878.0,165813.0,63774.0,25509.0,38353.0,61223.0,-22870.0,4,399510.0,255096.0,1.5963027664068,40.0,100,0.0,28.156491702335362,20.395446625417822,23.37946269824337,2.984016072825547,21.438011564166104,133170.0,12.76340740306984,0.0,47466.85552698955,163.39146854493666,44.594834210059695
GR0000000487,2022,10,358935.0,87877.0,203148.0,558263.0,300685.0,27512.0,115389.0,1128601.0,Consumer Goods and Retail,M,Compliant,TR-CB9A0570,GR0000000487,2023-06-10,On-time,Agent-prepared,1128601.0,1013212.0,115389.0,30634.22,3363.86,27270.36,Paid,GR0000000487,902881.0,169290.0,56429.0,553189.0,212764.0,85107.0,216692.0,204255.0,12437.0,4,1128600.0,851060.0,0.9426051723183135,80.00008860535176,100,90.26034468169125,10.224073875532628,23.63341393027065,26.54864848469092,2.9152345544202696,17.999984051050813,112860.1,10.980726782010445,8.860535176680173e-05,95292.39143852534,346.3666452403509,67.85239667349241
GR0000000487,2023,10,316886.0,55797.0,165478.0,355812.0,187970.0,18708.0,74506.0,919324.0,Consumer Goods and Retail,M,Compliant,TR-C0C0CA87,GR0000000487,2024-06-12,On-time,Agent-prepared,919324.0,844818.0,74506.0,19780.33,2039.6,17740.73,Paid,GR0000000487,735459.0,137899.0,45966.0,458863.0,176486.0,70594.0,176510.0,169427.0,7083.0,4,919324.0,705943.0,0.9598719619285027,79.99997824488429,100,95.3442532608919,8.104433257480496,23.81114272676026,26.54864037795614,2.7374976511958806,17.999965191814855,91932.4,10.311253654514358,0.0,84128.92454809009,449.69491419761647,76.48807457571493
GR0000000487,2024,10,416913.0,131111.0,253344.0,694173.0,368702.0,33760.0,164871.0,1407467.0,Consumer Goods and Retail,M,Compliant,TR-A692449E,GR0000000487,2025-06-11,On-time,Agent-prepared,1407467.0,1242596.0,164871.0,43771.02,4478.39,39292.63,Paid,GR0000000487,1125974.0,211120.0,70373.0,689355.0,265137.0,106055.0,270234.0,254532.0,15702.0,4,1407467.0,1060547.0,0.9418948022824664,80.00002841984927,100,92.15081545234509,11.71402242468207,23.83234771427358,26.548647124115217,2.7162994098416355,17.99999573702261,140746.7,10.231404248747232,0.0,110684.76118456246,327.857704930576,60.45433939454994
GR0000000488,2023,31,402200.0,114415.0,677327.0,2142956.0,1310471.0,44990.0,159406.0,2355064.0,Manufacturing,S,Compliant,TR-57594999,GR0000000488,2024-06-25,On-time,Self-prepared,2355064.0,2195658.0,159406.0,36499.63,3525.57,32974.06,Paid,GR0000000488,1413038.0,588766.0,353259.0,1224760.0,471061.0,188424.0,339129.0,452218.0,-113090.0,4,2355063.0,1884245.0,1.3334689749328426,60.00000849234182,100,99.99981803878565,6.7686483254807515,20.68558272586979,22.897274883003146,2.2116921571333563,28.760449822170436,75969.80645161291,9.659193805526249,4.24617090821755e-05,92092.83957943866,204.69624267490255,60.366484336151174
GR0000000488,2024,28,667698.0,179791.0,604161.0,2975601.0,1972241.0,68292.0,248083.0,3512294.0,Manufacturing,S,Compliant,TR-BA350EA3,GR0000000488,2025-06-10,On-time,Agent-prepared,3512294.0,3264211.0,248083.0,56804.24,6250.37,50553.87,Paid,GR0000000488,2107377.0,878074.0,526844.0,1782776.0,685683.0,274273.0,505770.0,658255.0,-152485.0,4,3512295.0,2742732.0,1.3014907962117168,60.0,100,100.0,7.063275454731295,20.377805008807538,22.897272283872734,2.519467275065196,17.20132198500467,125439.07142857143,11.003351158293817,2.847141256090424e-05,152884.6290939726,223.8690170063442,62.84502874053839
GR0000000489,2022,1,26682.0,8887.0,21102.0,121116.0,67060.0,3394.0,12281.0,127391.0,Manufacturing,S,Compliant,TR-FC1031B1,GR0000000489,2023-06-17,On-time,Self-prepared,127391.0,115110.0,12281.0,3624.28,375.18,3249.1,Paid,GR0000000489,76434.0,31848.0,19108.0,65275.0,25107.0,10042.0,18344.0,24101.0,-5757.0,4,127390.0,100424.0,1.313835586567815,60.0,100,99.99692222461604,9.640398458289832,26.45631463235893,29.511277583258693,3.054962950899764,16.564749472097713,127391.0,10.351849194874568,0.0007849909726020954,7874.199084765085,232.0035086848876,53.97271568847912
GR0000000489,2023,1,19809.0,5041.0,19739.0,89380.0,46018.0,1459.0,6500.0,98365.0,Manufacturing,S,Compliant,TR-FB80C545,GR0000000489,2024-06-19,On-time,Agent-prepared,98365.0,91865.0,6500.0,1918.23,191.72,1726.51,Paid,GR0000000489,59019.0,24591.0,14754.0,49880.0,19185.0,7674.0,14165.0,18418.0,-4253.0,4,98364.0,76739.0,1.3002470878926933,60.00060997926071,100,100.0,6.608041478168047,26.561692307692308,29.511230769230767,2.9495384615384594,20.06709703654755,98365.0,9.99463046662809,0.0010166321011695345,5845.879703076923,400.6771557969104,67.18663233883588
GR0000000489,2024,1,16629.0,3797.0,23067.0,120501.0,65288.0,1456.0,5253.0,106387.0,Manufacturing,S,Compliant,TR-156D9118,GR0000000489,2025-06-18,On-time,Agent-prepared,106387.0,101067.65,5319.35,1569.81,182.72,1387.09,Paid,GR0000000489,63832.0,26598.0,15958.0,54366.0,20910.0,8363.0,15320.0,20073.0,-4753.0,4,106388.0,83639.0,1.310248041775457,59.99924803549273,100,99.99351159621943,5.0,26.405672948791164,29.51131247238854,3.1056395235973753,21.682160414336337,106387.0,11.63962517756926,0.0009399556340938808,4907.43615103349,337.0491861973551,68.41060797402129
GR0000000490,2022,3,22409.0,5406.0,34934.0,126000.0,67659.0,2029.0,7435.0,139735.0,Agriculture and Food Production,S,Compliant,TR-C8F5A1B1,GR0000000490,2023-06-22,On-time,Agent-prepared,139735.0,132300.0,7435.0,2171.83,253.28,1918.55,Paid,GR0000000490,90828.0,34933.0,13973.0,66873.0,25721.0,10288.0,21798.0,24691.0,-2893.0,4,139734.0,102882.0,1.132718598036517,65.00064408089656,100,100.0,5.320785773070455,25.804303967720244,29.21089441829186,3.406590450571617,25.000178910079796,46578.333333333336,11.662054580699227,0.0007156454406187507,6545.869330195023,322.61554116288926,66.82136641527957
GR0000000490,2023,3,32739.0,9533.0,54006.0,256678.0,174359.0,3010.0,12543.0,216023.0,Agriculture and Food Production,S,Compliant,TR-2992EE65,GR0000000490,2024-06-10,On-time,Self-prepared,216023.0,203480.0,12543.0,3663.92,395.08,3268.85,Paid,GR0000000490,140415.0,54005.0,21603.0,107929.0,41511.0,16604.0,33698.0,39851.0,-6150.0,4,216023.0,166044.0,1.1825924387203988,65.00002314568356,100,100.0,5.806326178231021,26.06114964522044,29.210874591405567,3.1497249461851275,25.00011572841781,72007.66666666667,10.782986528090133,0.0,9563.348232480268,317.71921038140425,61.6878951708971
GR0000000490,2024,3,44840.0,10681.0,46822.0,220393.0,112515.0,3911.0,14592.0,187286.0,Agriculture and Food Production,S,Compliant,TR-900A1AF7,GR0000000490,2025-06-16,On-time,Agent-prepared,187286.0,172694.0,14592.0,4262.45,396.66,3865.79,Paid,GR0000000490,121736.0,46822.0,18729.0,91277.0,35106.0,14043.0,29216.0,33702.0,-4486.0,4,187287.0,140426.0,1.1535460021905806,64.99970633306103,100,100.0,7.791292461796397,26.49253015350877,29.210868969298243,2.7183388157894726,25.00026697136999,62428.666666666664,9.305915611913337,0.0005339398890469305,13098.153645833332,334.90548825960957,67.45762711864407
GR0000000491,2022,8,238633.0,82688.0,181124.0,1318198.0,726767.0,31424.0,114112.0,1191720.0,Manufacturing,S,Compliant,TR-932E1751,GR0000000491,2023-06-13,On-time,Agent-prepared,1191720.0,1077608.0,114112.0,29629.06,2757.73,26871.33,Paid,GR0000000491,715032.0,297930.0,178757.0,626779.0,241069.0,96427.0,171608.0,231426.0,-59818.0,4,1191719.0,964275.0,1.3485734930772457,60.000050347439284,100,99.99877192531966,9.575403618299601,23.548207024677513,25.96489413909142,2.4166871144139073,15.198536568992715,148965.0,9.307517687027534,8.391239880722878e-05,61960.80583093803,197.17669880008285,52.18096407454124
GR0000000491,2023,8,218379.0,75286.0,153543.0,878987.0,459853.0,26363.0,101649.0,1059191.0,Manufacturing,S,Compliant,TR-1C3DDB2B,GR0000000491,2024-06-14,On-time,Agent-prepared,1059191.0,957542.0,101649.0,26393.05,3087.37,23305.68,Paid,GR0000000491,635514.0,264798.0,158879.0,558550.0,214827.0,85930.0,152523.0,206234.0,-53710.0,4,1059191.0,859307.0,1.352150167515719,59.99994335299299,100,100.0,9.596852692290625,22.927603813121625,25.964888980708125,3.0372851675865,14.496252328428017,132398.875,11.697662831692435,0.0,56701.86490718059,215.08123091901754,53.45294190375448
GR0000000491,2024,8,156635.0,36157.0,180844.0,905182.0,628726.0,15375.0,51531.0,889682.0,Manufacturing,S,Compliant,TR-E9FA0D3D,GR0000000491,2025-06-13,On-time,Agent-prepared,889682.0,838151.0,51531.0,13379.97,1329.7,12050.27,Paid,GR0000000491,533810.0,222421.0,133452.0,460741.0,177207.0,70884.0,128113.0,170120.0,-42005.0,4,889683.0,708832.0,1.327890221913467,60.00002247991701,100,99.99775938630421,5.792069525965457,23.384506413615107,25.9648949176224,2.580388504007292,20.326813400743188,111210.25,9.9379893975846,0.00011239958501718661,40670.11315421785,264.52106116564454,67.1012225875443
GR0000000492,2022,5,535466.0,77189.0,105076.0,1989138.0,1331166.0,14868.0,92057.0,1108656.0,Tourism and Hospitality,M,Non-Compliant,TR-3411C2F6,GR0000000492,2023-09-17,Extended,Agent-prepared,922786.53,913558.67,9227.87,2440.24,434.21,2006.04,Paid,GR0000000492,449596.0,302963.0,104944.0,326876.0,114397.0,43151.0,107902.0,137737.0,-29833.0,4,857503.0,484424.0,1.2765008989638746,52.43083697666364,20,0.0,1.000000509326897,2.1791281488642906,26.44423902807473,24.26511087921044,9.477782107344389,221731.2,17.793741599186966,7.613213014998199,141599.90895407062,952.3803400193074,82.80805877497357
GR0000000492,2023,4,330157.0,50878.0,80199.0,1720830.0,1280835.0,10193.0,61070.0,904955.0,Tourism and Hospitality,M,Non-Compliant,TR-7764B1D0,GR0000000492,2024-08-25,Late,Agent-prepared,663359.32,656725.73,6633.59,1754.21,295.98,1458.23,Paid,GR0000000492,377220.0,244444.0,85157.0,278887.0,95231.0,34931.0,90533.0,119290.0,-28756.0,4,706821.0,409049.0,1.3176410811527288,53.368533192986625,0,99.98422745383101,0.9999995176068379,2.38780088423121,26.444353660687504,24.056552776456293,8.862208618108083,226238.75,16.872552316997396,6.1488948404192945,87307.88471551603,856.54748077618,81.50273960570274
GR0000000492,2024,4,265839.0,52022.0,91919.0,928342.0,621233.0,12893.0,64915.0,732032.0,Tourism and Hospitality,M,Non-Compliant,TR-5985352D,GR0000000492,2025-06-30,On-time,Self-prepared,639309.67,632916.57,6393.1,1690.61,276.85,1413.76,Partial,GR0000000492,298887.0,196372.0,67650.0,215816.0,76624.0,28434.0,71733.0,92907.0,-21176.0,4,562909.0,320874.0,1.295177951570407,53.09685935026798,40,50.22068809416025,1.0000005161817747,2.1778633597781716,26.444291501775346,24.266428141997174,12.556691510753629,183008.0,16.375746032497148,13.572472637673227,70299.24008540457,545.2512222555229,75.58108479192292
GR0000000493,2022,83,21539358.0,8156566.0,4051168.0,30434310.0,14464721.0,2125819.0,10282385.0,46256971.0,Healthcare,L,Somewhat Compliant,TR-296844E8,GR0000000493,2023-06-28,On-time,Self-prepared,43483682.27,40517113.29,2966568.98,800025.55,172228.78,627796.76,Paid,GR0000000493,35418651.0,4426256.0,2269011.0,15262021.0,5660360.0,2203426.0,8500476.0,5925226.0,2575251.0,4,42113918.0,23125807.0,0.6970463771675846,84.10200874684706,60,68.97692964778021,6.822257971576333,6.1055558608241185,26.96804137687707,20.862485516052953,8.75796212423853,557312.9036144578,21.527909952375897,3.252521577308487,5808742.977753682,273.24729799449915,52.26234226665437
GR0000000493,2023,73,9699620.0,3451380.0,3607006.0,17934214.0,5994230.0,847589.0,4298969.0,22212647.0,Healthcare,L,Somewhat Compliant,TR-C886DE20,GR0000000493,2024-06-28,On-time,Agent-prepared,20844574.4,19954556.99,890017.41,240020.26,57403.61,182616.65,Paid,GR0000000493,16721879.0,2116080.0,1084252.0,6817334.0,2544925.0,989323.0,4013250.0,2599679.0,1413571.0,4,19922211.0,10351582.0,0.6477739986295397,83.93585932806353,100,83.37898116177004,4.269779717833913,4.247917349485423,26.968040995962088,22.720123646476665,16.23852393638633,304282.83561643836,23.91615191150947,4.629824470787902,2615797.498052538,308.61626307709724,55.6789956719954
GR0000000493,2024,73,9952874.0,2079813.0,2794771.0,14437657.0,6385927.0,666047.0,2745861.0,21217297.0,Healthcare,L,Somewhat Compliant,TR-4D92BC62,GR0000000493,2025-06-23,On-time,Agent-prepared,19153337.63,18578737.5,574600.13,154958.4,36081.02,118877.38,Paid,GR0000000493,15681004.0,2020094.0,1035632.0,6797845.0,2565820.0,997932.0,3763441.0,2621730.0,1141711.0,4,18736730.0,10361597.0,0.6966310884108453,83.69125242238107,80,46.4510865949756,3.0000000057431246,4.329329853186305,26.96804123591131,22.638711382725006,13.172134980247485,290647.90410958906,23.28432663217999,2.223480991613802,2684095.1644782955,402.98885281043164,72.41137584982991
GR0000000494,2022,1,11863.0,2697.0,23238.0,72786.0,54951.0,893.0,3590.0,58095.0,Logistics and Transportation,S,Compliant,TR-8501EE31,GR0000000494,2023-06-11,On-time,Agent-prepared,58095.0,54505.0,3590.0,969.85,87.05,882.8,Partial,GR0000000494,31952.0,17429.0,8714.0,26619.0,10238.0,4095.0,7669.0,9828.0,-2159.0,4,58095.0,40952.0,1.281523014734646,54.9995696703675,100,95.60489352061623,6.179533522678372,24.59052924791086,27.015320334261837,2.424791086350975,40.0,58095.0,8.975614785791617,0.0,3204.8274512534817,358.8832532198748,69.73784034392649
GR0000000494,2023,1,10071.0,3525.0,16815.0,59108.0,47053.0,1004.0,4529.0,54570.0,Logistics and Transportation,S,Compliant,TR-7CABCB58,GR0000000494,2024-06-15,On-time,Agent-prepared,54570.0,50041.0,4529.0,1223.53,103.49,1120.03,Paid,GR0000000494,30014.0,16371.0,8186.0,25068.0,9642.0,3857.0,7204.0,9256.0,-2052.0,4,54571.0,38567.0,1.2848417545807884,54.99990837624379,100,99.99732150031696,8.29943192230163,24.730183263413558,27.015455950540957,2.2852726871273994,30.81363386476086,54570.0,8.458313241195556,0.0018324751241527437,2720.7265687789795,270.9887020696195,55.02929202661107
GR0000000494,2024,1,14827.0,4381.0,17625.0,96488.0,74061.0,1583.0,5963.0,86389.0,Logistics and Transportation,S,Compliant,TR-6A251C62,GR0000000494,2025-06-20,On-time,Agent-prepared,86389.0,80426.0,5963.0,1610.93,113.61,1497.31,Paid,GR0000000494,47513.0,25917.0,12958.0,38969.0,14987.0,5996.0,11403.0,14389.0,-2986.0,4,86388.0,59952.0,1.2618609137946155,54.99953697272769,100,99.97929620452679,6.902499160772783,25.11001173905752,27.015428475599528,1.9054167365420085,20.401903020060423,86389.0,7.0524479648401845,0.0011575681807762805,4005.577580077142,253.0371181350058,59.782828623457206
GR0000000495,2022,1,13963.0,2256.0,9870.0,21092.0,12228.0,919.0,3175.0,49349.0,Consumer Goods and Retail,S,Compliant,TR-F4D91C4B,GR0000000495,2023-06-23,On-time,Agent-prepared,49349.0,46174.0,3175.0,872.38,56.28,816.1,Paid,GR0000000495,39479.0,7403.0,2468.0,26129.0,10049.0,4021.0,9475.0,9648.0,-173.0,4,49350.0,40199.0,1.0182585751978892,79.99797365754813,100,99.98825049935377,6.43376765486636,25.703937007874018,27.476535433070865,1.772598425196847,20.00040527670267,49349.0,6.451317086590707,0.002026342451877383,3836.548642519685,417.4699284569842,77.26133352431425
GR0000000495,2023,1,20083.0,5846.0,16927.0,39336.0,27867.0,2156.0,8002.0,84636.0,Consumer Goods and Retail,S,Compliant,TR-4A0A5B7F,GR0000000495,2024-06-11,On-time,Agent-prepared,84636.0,76634.0,8002.0,2198.66,169.27,2029.39,Partial,GR0000000495,67709.0,12695.0,4232.0,43378.0,16684.0,6673.0,16250.0,16016.0,233.0,4,84636.0,66735.0,0.9856,80.00023630606361,100,17.282209514182416,9.454605605179829,25.361034741314676,27.476380904773805,2.1153461634591295,19.999763693936387,84636.0,7.698780166101171,0.0,5518.081577105723,255.94070394738978,60.15535527560624
GR0000000495,2024,1,25773.0,4458.0,15170.0,39043.0,27822.0,1445.0,5903.0,95757.0,Consumer Goods and Retail,S,Compliant,TR-934A4BCB,GR0000000495,2025-06-25,On-time,Agent-prepared,95757.0,89854.0,5903.0,1621.93,109.89,1512.05,Paid,GR0000000495,76605.0,14363.0,4789.0,50671.0,19488.0,7796.0,18386.0,18710.0,-325.0,4,95757.0,77955.0,1.0176221037746112,79.99937341395406,100,99.99687899878282,6.164562381862423,25.614941555141453,27.476367948500762,1.8614263933593094,15.842183861232076,95757.0,6.775261571091231,0.0,7081.484311367101,490.06811843370946,77.09618593101307
GR0000000496,2022,248,39212045.0,12652503.0,12311097.0,74015209.0,28276656.0,3059493.0,15711996.0,87689008.0,Healthcare,L,Compliant,TR-2EBAB8BF,GR0000000496,2023-06-11,On-time,Agent-prepared,87689008.0,71977012.0,15711996.0,3975130.7,698695.27,3276435.43,Partial,GR0000000496,74535657.0,8768901.0,4384451.0,27053366.0,10405140.0,4162056.0,17888558.0,9988935.0,7899622.0,4,87689009.0,41620562.0,0.5583979994362878,84.99999925874404,100,97.3410173322633,17.917862635645278,20.85308212909423,25.29997270875069,4.446890579656461,14.039498542394277,353584.70967741933,17.576661567379407,1.140393779408555e-06,9920636.68354304,324.25753821116894,59.930689664362056
GR0000000496,2023,237,37610474.0,13042019.0,11797371.0,74420219.0,32993646.0,3207424.0,16249443.0,90651384.0,Healthcare,L,Compliant,TR-A65481AA,GR0000000496,2024-06-11,On-time,Agent-prepared,90651384.0,74401941.0,16249443.0,4111104.64,740250.25,3370854.39,Paid,GR0000000496,77053677.0,9065138.0,4532570.0,30635432.0,11782859.0,4713143.0,18492883.0,11311544.0,7181339.0,4,90651385.0,47131434.0,0.6116701219598912,84.99999972421823,100,99.99999630408593,17.925201230242664,20.744430378321276,25.299972682140552,4.555542303819276,13.013999874508258,382495.2911392405,18.00611550476127,1.1031271007766463e-06,9515439.647623576,296.6692164061744,56.795431506659554
GR0000000496,2024,250,39103729.0,10082720.0,9031545.0,66985991.0,35610729.0,2926548.0,13009267.0,95492723.0,Healthcare,L,Compliant,TR-4842BA58,GR0000000496,2025-06-25,On-time,Self-prepared,95492723.0,82483456.0,13009267.0,3291341.0,624601.58,2666739.42,Paid,GR0000000496,81168814.0,9549272.0,4774636.0,30691584.0,11804455.0,4721782.0,19480516.0,11332276.0,8148239.0,4,95492722.0,47217821.0,0.5817236052679509,85.00000031416006,100,99.9999961164971,13.623307191690406,20.4987676861425,25.29997270407318,4.80120501793068,9.457835860435146,381970.892,18.977115406759737,1.0472002154315874e-06,9893232.76327475,338.05127280587055,66.73139024669489
GR0000000497,2022,84,3046632.0,1078910.0,1908250.0,14152130.0,9287116.0,410359.0,1489269.0,13454455.0,Logistics and Transportation,M,Compliant,TR-F4E269EB,GR0000000497,2023-06-18,On-time,Self-prepared,13454455.0,11965186.0,1489269.0,329093.59,40152.0,288941.59,Paid,GR0000000497,7399951.0,4036336.0,2018169.0,5616750.0,2160288.0,864115.0,1775988.0,2073877.0,-297889.0,4,13454456.0,8641153.0,1.1677314261132394,55.00000148649637,100,100.0,11.068965632573002,19.401571509243798,22.097659321452337,2.696087812208539,14.183034541347087,160172.08333333334,12.200784585321154,7.432481852198691e-06,673234.3601383498,164.05985006746528,51.11752912724609
GR0000000497,2023,81,3224415.0,1043153.0,2138680.0,10343886.0,6137134.0,333940.0,1377092.0,12076615.0,Logistics and Transportation,M,Compliant,TR-DFFD0E81,GR0000000497,2024-06-18,On-time,Agent-prepared,12076615.0,10699523.0,1377092.0,304305.1,36011.46,268293.64,Paid,GR0000000497,6642139.0,3622984.0,1811493.0,5175776.0,1990683.0,796274.0,1594114.0,1911056.0,-316942.0,4,12076616.0,7962733.0,1.198820159662358,55.00000165609307,100,100.0,11.402963495979627,19.482622802252862,22.09765941563817,2.615036613385307,17.709267042130598,149094.01234567902,11.833998181430413,8.280465324528308e-06,712520.2448467495,213.36774415965425,57.291725785917755
GR0000000497,2024,90,4358701.0,1200513.0,1980258.0,11921451.0,6858943.0,311899.0,1512412.0,15937024.0,Logistics and Transportation,M,Compliant,TR-EBABAE60,GR0000000497,2025-06-22,On-time,Agent-prepared,15937024.0,14424612.0,1512412.0,334207.65,37480.37,296727.28,Paid,GR0000000497,8765362.0,4781107.0,2390554.0,6677662.0,2568331.0,1027333.0,2103687.0,2465598.0,-361912.0,4,15937023.0,10273326.0,1.1720365244449389,54.999995921446555,100,99.9999056372572,9.489927354065603,19.619474058655975,22.097659235710907,2.4781851770549324,12.425519344138529,177078.04444444444,11.214695414662113,6.274697605945789e-06,963170.8940835237,308.80858678082444,65.3013133958948
GR0000000498,2022,61,5463433.0,1693004.0,2087168.0,12532626.0,5630287.0,488851.0,2181855.0,16381779.0,Manufacturing,L,Compliant,TR-DF8809BF,GR0000000498,2023-06-11,On-time,Agent-prepared,16381779.0,14199924.0,2181855.0,497910.05,97684.43,400225.63,Paid,GR0000000498,9829067.0,4095445.0,2457267.0,7357567.0,2829833.0,1131933.0,2358976.0,2716640.0,-357665.0,4,16381779.0,11319333.0,1.1516183293089883,59.99999755826275,100,100.0,13.318791567142982,18.34336516404619,22.82049219586086,4.477127031814671,12.740789629746562,268553.75409836066,19.618891002501353,0.0,1246782.301391087,255.04341842219551,60.064395408527936
GR0000000498,2023,59,4208237.0,1160913.0,1580407.0,11108018.0,5993822.0,368033.0,1528946.0,13976219.0,Manufacturing,L,Compliant,TR-946D94F4,GR0000000498,2024-06-22,On-time,Agent-prepared,13976219.0,12447273.0,1528946.0,348913.01,73908.32,275004.68,Paid,GR0000000498,8385731.0,3494054.0,2096433.0,6253132.0,2405051.0,962020.0,2012576.0,2308849.0,-296273.0,4,13976218.0,9620203.0,1.1472108382490898,60.00000143100229,100,100.0,10.939625373643617,17.986552827895817,22.820492679270558,4.8339398513747405,11.307829392198276,236885.06779661018,21.182448886041826,7.155011472192996e-06,960340.416511355,260.93867031254126,63.66777821686374
GR0000000498,2024,70,5376752.0,1918171.0,2023194.0,10714606.0,4773710.0,466171.0,2384342.0,20185724.0,Manufacturing,L,Compliant,TR-4E4A0232,GR0000000498,2025-06-19,On-time,Agent-prepared,20185724.0,17801382.0,2384342.0,544118.58,117470.94,426647.65,Paid,GR0000000498,12111435.0,5046431.0,3027858.0,8775556.0,3375214.0,1350086.0,2906744.0,3240205.0,-333461.0,4,20185724.0,13500856.0,1.114719768923579,60.00000297239772,100,100.0,11.812021208652213,17.89372707438782,22.820492194492232,4.926765120104413,10.022895388840153,288367.4857142857,21.589216821083376,0.0,1227001.2704772048,263.20840860482633,55.65460337393281
GR0000000499,2022,31,550544.0,156534.0,431014.0,1128950.0,681589.0,45233.0,201767.0,2155072.0,Consumer Goods and Retail,S,Compliant,TR-81BA53F7,GR0000000499,2023-06-15,On-time,Self-prepared,2155072.0,1953305.0,201767.0,46224.26,3582.7,42641.56,Paid,GR0000000499,1724057.0,323261.0,107754.0,1115637.0,429092.0,171637.0,413773.0,411927.0,1846.0,4,2155072.0,1716366.0,0.9955386165844557,79.99997215870282,100,100.0,9.362425014106257,21.13406057482145,22.90972260082174,1.7756620260002904,19.99998143913521,69518.45161290323,7.750691952667278,0.0,126128.10319546805,278.8408975647604,63.351339765758965
GR0000000499,2023,28,572484.0,158371.0,400738.0,1186263.0,786864.0,56083.0,214453.0,2003691.0,Consumer Goods and Retail,S,Compliant,TR-0908BBD9,GR0000000499,2024-06-17,On-time,Self-prepared,2003691.0,1789238.0,214453.0,49130.59,3870.63,45259.95,Paid,GR0000000499,1602953.0,300553.0,100183.0,1027926.0,395356.0,158142.0,384709.0,379542.0,5168.0,4,2003689.0,1581424.0,0.9865690690885839,80.00008983430064,100,100.0,10.702897802106213,21.104834159466176,22.90972380894648,1.8048896494803053,19.999990018421006,71560.39285714286,7.8782485616395,9.9815889598176e-05,131154.50325040918,233.85785933421747,62.53991377924972
GR0000000499,2024,27,631027.0,159661.0,447324.0,1042356.0,638921.0,53187.0,212848.0,2236619.0,Consumer Goods and Retail,S,Compliant,TR-E4C76DA4,GR0000000499,2025-06-17,On-time,Agent-prepared,2236619.0,2023771.0,212848.0,48762.88,3164.93,45597.96,Paid,GR0000000499,1789296.0,335493.0,111831.0,1135416.0,436698.0,174680.0,429431.0,419230.0,10200.0,4,2236620.0,1746794.0,0.9762453106552624,80.0,100,100.0,9.516506834646401,21.422780575809966,22.909719612117566,1.4869390363076,20.000008942068362,82837.74074074074,6.490449292576648,4.4710321822627463e-05,144566.51637675712,271.8079913827761,66.26958909840624
GR0000000500,2022,4,1011162.0,400541.0,189923.0,12931118.0,10529931.0,134733.0,535274.0,2284185.0,Financial Services,M,Compliant,TR-5C03EFAF,GR0000000500,2023-06-19,On-time,Self-prepared,2284185.0,1748911.0,535274.0,141198.33,13037.3,128161.02,Paid,GR0000000500,1598929.0,571047.0,114209.0,591974.0,227682.0,91073.0,383743.0,218576.0,165168.0,4,2284185.0,910729.0,0.5695895430014358,69.99997811035445,100,56.3081007122991,23.433916254594088,23.943068409823752,26.378701375370365,2.4356329655466133,8.314694300155198,571046.25,9.233324501784121,0.0,266731.40440122253,197.9703594525636,47.063477464540796
GR0000000500,2023,4,851173.0,338712.0,161549.0,9795129.0,8201936.0,113595.0,452307.0,1880311.0,Financial Services,M,Compliant,TR-20A818CF,GR0000000500,2024-06-19,On-time,Agent-prepared,1880311.0,1428004.0,452307.0,119312.71,10272.38,109040.32,Paid,GR0000000500,1316217.0,470079.0,94016.0,475025.0,182701.0,73081.0,315892.0,175393.0,140499.0,4,1880312.0,730807.0,0.5552309017005812,69.99992554427138,100,99.99987176369639,24.054903683486405,24.10759064087003,26.37870074971203,2.2711101088420023,8.591610643132972,470077.75,8.609627591226449,5.3182663306561295e-05,224528.3785323464,197.6569202274276,46.860743938071344
GR0000000500,2024,4,1308463.0,507374.0,176186.0,13601919.0,11137582.0,159873.0,667246.0,2349508.0,Financial Services,M,Compliant,TR-E31834ED,GR0000000500,2025-06-17,On-time,Agent-prepared,2349508.0,1682262.0,667246.0,176010.83,18259.15,157751.67,Paid,GR0000000500,1644656.0,587377.0,117476.0,592237.0,227784.0,91113.0,394718.0,218672.0,176045.0,4,2349509.0,911134.0,0.553995510719045,69.99998723137473,100,100.0,28.399392553675067,23.642205423486992,26.378701408476037,2.7364959849890447,7.498846567025947,587377.0,10.373878698259649,4.256208424591179e-05,345155.5478103878,215.8935829129295,49.005359723584085
