UID,year,num_employees,gross_profit,net_profit,labour_cost,total_assets,total_liabilities,income_tax_expense,operating_profit,actual_revenue
GR0000000001,2020,5,151198.0,49794.0,99621.0,903829.0,705105.0,14200.0,63993.0,715913.0
GR0000000001,2021,4,147171.0,51699.0,92318.0,584903.0,403691.0,12066.0,63765.0,484686.0
GR0000000001,2022,4,109574.0,26462.0,95824.0,627169.0,368074.0,5737.0,32198.0,549144.0
GR0000000001,2023,3,104986.0,36146.0,69619.0,495332.0,273042.0,10002.0,46148.0,400986.0
GR0000000001,2024,3,60415.0,16789.0,53347.0,276934.0,223720.0,5362.0,22151.0,257038.0
GR0000000002,2020,8,100984.0,22767.0,159295.0,728225.0,517087.0,7238.0,30005.0,392037.0
GR0000000002,2021,9,162104.0,48975.0,138701.0,1031684.0,738516.0,14595.0,63570.0,489253.0
GR0000000002,2022,10,261813.0,74248.0,195996.0,1832820.0,1187186.0,30396.0,104644.0,846284.0
GR0000000002,2023,11,188101.0,42719.0,186243.0,1419691.0,936819.0,17655.0,60374.0,538187.0
GR0000000002,2024,12,190979.0,31051.0,229971.0,1101747.0,755289.0,12801.0,43852.0,759508.0
GR0000000003,2020,2,217685.0,70392.0,53688.0,508739.0,288617.0,25528.0,95920.0,436360.0
GR0000000003,2021,1,178911.0,67140.0,32974.0,371273.0,208004.0,19555.0,86695.0,323362.0
GR0000000003,2022,1,104112.0,28865.0,30517.0,194171.0,87724.0,10531.0,39396.0,187136.0
GR0000000003,2023,1,108289.0,44711.0,33944.0,222676.0,117347.0,13720.0,58431.0,213456.0
GR0000000003,2024,1,58264.0,19864.0,30160.0,92849.0,46550.0,6648.0,26512.0,96244.0
GR0000000004,2020,15,334921.0,97578.0,305746.0,1702384.0,1128582.0,27118.0,124696.0,1453165.0
GR0000000004,2021,15,291951.0,79323.0,290919.0,1112622.0,825571.0,29491.0,108814.0,1214903.0
GR0000000004,2022,15,236681.0,66334.0,308573.0,1244429.0,928242.0,23096.0,89430.0,1221410.0
GR0000000004,2023,13,252007.0,53048.0,247630.0,1525060.0,1095863.0,19578.0,72626.0,1158322.0
GR0000000004,2024,12,316232.0,77178.0,260633.0,1431985.0,977849.0,21830.0,99008.0,1425870.0
GR0000000005,2020,22,791140.0,204072.0,333903.0,4819330.0,3880254.0,52761.0,256833.0,2936350.0
GR0000000005,2021,21,868846.0,196403.0,358447.0,5281611.0,3646170.0,64636.0,261039.0,2377708.0
GR0000000005,2022,21,522373.0,90807.0,350992.0,1932225.0,1494141.0,33099.0,123906.0,1305971.0
GR0000000005,2023,22,475275.0,94276.0,324555.0,2451489.0,1675341.0,30501.0,124777.0,1382198.0
GR0000000005,2024,22,613649.0,99216.0,442311.0,3591061.0,2575551.0,25929.0,125146.0,2347042.0
GR0000000006,2020,5,123495.0,40807.0,142278.0,1798529.0,1212105.0,14865.0,55671.0,709405.0
GR0000000006,2021,5,111639.0,41905.0,155466.0,1104261.0,826582.0,15387.0,57292.0,621866.0
GR0000000006,2022,5,203324.0,70879.0,166524.0,1606919.0,983092.0,22451.0,93330.0,1047615.0
GR0000000006,2023,5,260175.0,112007.0,172015.0,1630092.0,1132658.0,33206.0,145213.0,1049116.0
GR0000000006,2024,5,224133.0,72166.0,162113.0,1951164.0,1232471.0,21844.0,94010.0,1366850.0
GR0000000007,2020,11,399715.0,115835.0,272774.0,1560644.0,893527.0,33446.0,149281.0,1611153.0
GR0000000007,2021,11,389508.0,105054.0,199215.0,2194730.0,1443537.0,33399.0,138453.0,1858356.0
GR0000000007,2022,10,174822.0,57982.0,202548.0,835548.0,539303.0,17502.0,75485.0,725777.0
GR0000000007,2023,9,252995.0,84663.0,178058.0,1278674.0,668597.0,35646.0,120309.0,1174146.0
GR0000000007,2024,9,123185.0,33529.0,170301.0,751841.0,460380.0,13548.0,47077.0,567669.0
GR0000000008,2023,18,1613422.0,799588.0,670776.0,11255818.0,8926717.0,192134.0,991721.0,3598840.0
GR0000000008,2024,15,1888343.0,738973.0,757564.0,24193862.0,18510154.0,244493.0,983465.0,4513836.0
GR0000000009,2020,5,375659.0,141483.0,189795.0,2011814.0,1283381.0,38868.0,180350.0,1590528.0
GR0000000009,2021,5,471570.0,185498.0,182982.0,3078918.0,1585860.0,57782.0,243280.0,1597844.0
GR0000000009,2022,5,276122.0,124637.0,221829.0,2318952.0,1612770.0,38509.0,163146.0,1320971.0
GR0000000009,2023,5,339408.0,104737.0,222331.0,1808714.0,1035994.0,34581.0,139318.0,1163179.0
GR0000000009,2024,4,401739.0,182961.0,177070.0,1955386.0,1196274.0,53832.0,236794.0,1519729.0
GR0000000010,2020,10,783634.0,279323.0,285630.0,1857689.0,757100.0,86061.0,365384.0,1956568.0
GR0000000010,2021,9,1121838.0,380690.0,238850.0,3077799.0,1837101.0,139145.0,519835.0,2675808.0
GR0000000010,2022,10,848492.0,233415.0,293032.0,2670340.0,1254838.0,84754.0,318170.0,2396866.0
GR0000000010,2023,10,1012587.0,366308.0,286291.0,2831738.0,1431597.0,98247.0,464555.0,2761516.0
GR0000000010,2024,10,918728.0,249209.0,360278.0,2102366.0,1256513.0,73017.0,322225.0,2121172.0
GR0000000011,2020,17,637157.0,137256.0,344911.0,1972926.0,1170358.0,50501.0,187757.0,2322336.0
GR0000000011,2021,16,606895.0,99382.0,345077.0,2244326.0,1320592.0,34450.0,133832.0,2800173.0
GR0000000011,2022,16,538095.0,106069.0,409532.0,1592761.0,930550.0,26948.0,133016.0,2438999.0
GR0000000011,2023,16,349926.0,109968.0,297479.0,1688866.0,768743.0,29907.0,139874.0,1761921.0
GR0000000011,2024,17,743044.0,159693.0,439690.0,2482045.0,1195107.0,42548.0,202241.0,2960851.0
GR0000000012,2020,7,88460.0,25353.0,112497.0,502537.0,258723.0,7700.0,33052.0,449987.0
GR0000000012,2021,8,146845.0,21965.0,173119.0,1007877.0,627792.0,8613.0,30579.0,921565.0
GR0000000012,2022,7,104399.0,19810.0,124537.0,546519.0,361506.0,7737.0,27547.0,547712.0
GR0000000012,2023,7,98979.0,22550.0,103004.0,328930.0,227796.0,7092.0,29642.0,412014.0
GR0000000012,2024,7,60894.0,14529.0,81594.0,354296.0,195888.0,4347.0,18875.0,326374.0
GR0000000013,2024,3,370579.0,174374.0,142273.0,2887714.0,2217229.0,55849.0,230223.0,794197.0
GR0000000014,2020,3,47387.0,16397.0,67720.0,211248.0,153334.0,5160.0,21558.0,225987.0
GR0000000014,2021,3,39257.0,11657.0,68824.0,174245.0,134112.0,4410.0,16066.0,176246.0
GR0000000014,2022,3,59156.0,16954.0,51515.0,285194.0,210487.0,4876.0,21830.0,297414.0
GR0000000014,2023,3,81134.0,20390.0,71470.0,352214.0,219023.0,6181.0,26571.0,362063.0
GR0000000014,2024,3,53451.0,13644.0,68935.0,226890.0,146672.0,4383.0,18027.0,238759.0
GR0000000015,2020,1,12668.0,2813.0,16092.0,66875.0,44820.0,1159.0,3972.0,64369.0
GR0000000015,2021,1,8199.0,1740.0,8353.0,34011.0,22133.0,564.0,2305.0,33411.0
GR0000000015,2022,1,10723.0,2690.0,13602.0,48503.0,29579.0,964.0,3654.0,54408.0
GR0000000015,2023,1,8561.0,2316.0,10957.0,51945.0,34374.0,673.0,2989.0,43827.0
GR0000000015,2024,1,10400.0,2023.0,10429.0,33304.0,19452.0,780.0,2803.0,41718.0
GR0000000016,2021,35,811079.0,126425.0,818167.0,3629937.0,1746088.0,46707.0,173132.0,4078891.0
GR0000000016,2022,34,858157.0,199237.0,659636.0,3500312.0,1978454.0,67944.0,267182.0,3609532.0
GR0000000016,2023,36,746942.0,158468.0,670772.0,2981326.0,1662345.0,48946.0,207414.0,3659743.0
GR0000000016,2024,36,377147.0,101664.0,411361.0,1356730.0,792724.0,30664.0,132328.0,1869824.0
GR0000000017,2020,27,996971.0,172193.0,402691.0,4778068.0,3804602.0,56298.0,228490.0,3111416.0
GR0000000017,2021,27,1022129.0,161677.0,501823.0,4207456.0,2666041.0,54755.0,216432.0,2768150.0
GR0000000017,2022,31,887631.0,247234.0,451914.0,5450928.0,3802409.0,74648.0,321883.0,3536492.0
GR0000000017,2023,29,1319998.0,204853.0,542481.0,4155002.0,3061440.0,73961.0,278814.0,3499650.0
GR0000000017,2024,33,1166695.0,291617.0,509613.0,6624411.0,5200937.0,117252.0,408869.0,3031189.0
GR0000000018,2020,34,262304.0,58225.0,378582.0,1251479.0,650190.0,17872.0,76097.0,1514329.0
GR0000000018,2021,36,419779.0,92979.0,564007.0,1761857.0,1018220.0,33999.0,126978.0,2256029.0
GR0000000018,2022,40,208925.0,60391.0,312856.0,1363950.0,868922.0,20848.0,81239.0,1251422.0
GR0000000018,2023,37,323093.0,91186.0,448632.0,1525652.0,944193.0,35968.0,127154.0,1794528.0
GR0000000018,2024,37,370101.0,77259.0,396886.0,1176067.0,775660.0,28082.0,105340.0,1587543.0
GR0000000019,2020,40,574228.0,169853.0,624005.0,2691343.0,1341069.0,43691.0,213544.0,2496018.0
GR0000000019,2021,36,353170.0,70234.0,432880.0,1554889.0,868147.0,24614.0,94848.0,1731520.0
GR0000000019,2022,30,300324.0,66577.0,420904.0,1590353.0,880950.0,18157.0,84734.0,1683617.0
GR0000000019,2023,28,294485.0,71491.0,347802.0,1460299.0,1018135.0,22527.0,94018.0,1391209.0
GR0000000019,2024,28,597932.0,93628.0,445259.0,2305982.0,1355496.0,26156.0,119783.0,2735119.0
GR0000000020,2020,15,2222901.0,1084047.0,566120.0,27677560.0,20489907.0,418689.0,1502737.0,5393640.0
GR0000000020,2021,15,1712193.0,797335.0,516193.0,28626540.0,23595470.0,224960.0,1022295.0,4273396.0
GR0000000020,2022,15,2017566.0,882166.0,551997.0,17095351.0,12920266.0,249894.0,1132060.0,4155046.0
GR0000000020,2023,15,2211158.0,869925.0,472706.0,47675271.0,39672898.0,294535.0,1164460.0,5966919.0
GR0000000020,2024,15,908709.0,438063.0,494331.0,14274522.0,10585203.0,126717.0,564780.0,2505835.0
GR0000000021,2022,8,146413.0,63130.0,176965.0,964103.0,696239.0,23383.0,86514.0,707862.0
GR0000000021,2023,8,242595.0,95128.0,236270.0,2024935.0,1440968.0,34954.0,130082.0,1191297.0
GR0000000021,2024,7,224959.0,96566.0,180395.0,2560409.0,1777316.0,33300.0,129865.0,1349517.0
GR0000000022,2020,4,1507726.0,708398.0,200516.0,11431109.0,8907666.0,230859.0,939257.0,3245994.0
GR0000000022,2021,3,1086537.0,521076.0,110256.0,8323769.0,6489959.0,130837.0,651912.0,2221305.0
GR0000000022,2022,2,1001277.0,432062.0,96948.0,9775722.0,7635266.0,115055.0,547117.0,1766403.0
GR0000000022,2023,2,556688.0,256092.0,75115.0,7894934.0,6022295.0,82202.0,338295.0,1213430.0
GR0000000022,2024,2,794108.0,334476.0,89559.0,5996102.0,5157679.0,90842.0,425318.0,1606330.0
GR0000000023,2020,13,192502.0,50644.0,194527.0,769814.0,538809.0,20447.0,71091.0,778107.0
GR0000000023,2021,12,291063.0,42096.0,190961.0,1095052.0,588751.0,16157.0,58252.0,1169865.0
GR0000000023,2022,14,211051.0,49125.0,216070.0,767183.0,440914.0,20487.0,69612.0,864282.0
GR0000000023,2023,15,304774.0,53298.0,305473.0,1044844.0,604255.0,16230.0,69528.0,1221891.0
GR0000000023,2024,17,199756.0,45335.0,332643.0,1517950.0,791773.0,13773.0,59107.0,1330571.0
GR0000000024,2020,1,14757.0,3976.0,19274.0,69815.0,55040.0,1428.0,5404.0,59549.0
GR0000000024,2021,1,26898.0,7726.0,18120.0,143359.0,88528.0,2877.0,10603.0,115745.0
GR0000000024,2022,1,15497.0,5160.0,20582.0,91929.0,67963.0,1619.0,6779.0,97058.0
GR0000000024,2023,1,37961.0,11379.0,21817.0,218333.0,150608.0,4527.0,15906.0,155003.0
GR0000000024,2024,1,18399.0,6425.0,21238.0,118551.0,73798.0,2325.0,8750.0,111531.0
GR0000000025,2020,20,605037.0,146535.0,333173.0,2773301.0,2077618.0,58715.0,205251.0,1558869.0
GR0000000025,2021,19,578197.0,99810.0,370656.0,3008472.0,2115118.0,38120.0,137930.0,2111395.0
GR0000000025,2022,18,506399.0,89332.0,325191.0,3817774.0,2738779.0,28447.0,117779.0,1674244.0
GR0000000025,2023,18,632173.0,134818.0,307243.0,5035371.0,3832004.0,50623.0,185441.0,2137025.0
GR0000000025,2024,20,844505.0,213156.0,358648.0,3868984.0,2523465.0,91265.0,304421.0,2367787.0
GR0000000026,2020,9,275912.0,84330.0,307136.0,2359144.0,1598704.0,35415.0,119745.0,1396501.0
GR0000000026,2021,10,194211.0,72268.0,312503.0,2155658.0,1236391.0,23758.0,96027.0,1250010.0
GR0000000026,2022,11,545748.0,173702.0,275514.0,3867049.0,2171745.0,61891.0,235592.0,2795766.0
GR0000000026,2023,12,515663.0,156291.0,419537.0,7395137.0,4528919.0,54689.0,210980.0,3217449.0
GR0000000026,2024,13,664857.0,283784.0,382761.0,7402537.0,4253738.0,84713.0,368497.0,3006893.0
GR0000000027,2020,32,1686236.0,339410.0,798512.0,4805756.0,2534713.0,86531.0,425941.0,6409952.0
GR0000000027,2021,33,1215748.0,207245.0,990527.0,3053589.0,1581810.0,60173.0,267418.0,5259094.0
GR0000000027,2022,37,717323.0,205366.0,1061043.0,2653959.0,1793267.0,52856.0,258222.0,3789440.0
GR0000000027,2023,43,2132878.0,423157.0,1193959.0,5173831.0,3295176.0,137465.0,560622.0,8083565.0
GR0000000027,2024,50,2323136.0,691367.0,1585073.0,6475094.0,3735969.0,177215.0,868582.0,8802984.0
GR0000000028,2020,49,2481395.0,687132.0,1105542.0,3204314.0,2230632.0,202093.0,889224.0,7646263.0
GR0000000028,2021,56,1610322.0,279461.0,1150402.0,2627036.0,1659714.0,76846.0,356307.0,6435633.0
GR0000000028,2022,52,2726714.0,705063.0,1409294.0,3417674.0,1793061.0,241769.0,946832.0,8039244.0
GR0000000028,2023,49,2201292.0,649975.0,1153255.0,3274695.0,1799929.0,180544.0,830519.0,7596240.0
GR0000000028,2024,47,2637939.0,795103.0,1025009.0,3548094.0,2278127.0,204078.0,999181.0,8089915.0
GR0000000029,2020,5,170752.0,48533.0,133269.0,555342.0,444946.0,13887.0,62420.0,637630.0
GR0000000029,2021,3,83075.0,18085.0,65248.0,551279.0,328957.0,4835.0,22920.0,460457.0
GR0000000029,2022,4,99509.0,24665.0,103428.0,533644.0,489767.0,4813.0,29478.0,423919.0
GR0000000029,2023,3,149524.0,44326.0,65429.0,808329.0,566483.0,12587.0,56913.0,555100.0
GR0000000029,2024,3,207031.0,64304.0,66169.0,632477.0,353629.0,14846.0,79150.0,663708.0
GR0000000030,2020,41,991902.0,222687.0,999313.0,5366685.0,3192098.0,75011.0,297698.0,6055930.0
GR0000000030,2021,39,1693123.0,546685.0,967810.0,7056545.0,4883974.0,146606.0,693292.0,7836986.0
GR0000000030,2022,42,687727.0,233837.0,960821.0,3428656.0,2350727.0,74746.0,308583.0,3279963.0
GR0000000030,2023,44,1622804.0,417677.0,867321.0,8600907.0,5844393.0,128968.0,546644.0,7273680.0
GR0000000030,2024,45,1020145.0,306370.0,1028486.0,5418065.0,3492971.0,84819.0,391189.0,5853531.0
GR0000000031,2020,25,1610398.0,515197.0,702308.0,4750316.0,2989820.0,177027.0,692224.0,5803509.0
GR0000000031,2021,23,933381.0,234950.0,573279.0,3446317.0,2094962.0,67060.0,302010.0,3620582.0
GR0000000031,2022,25,1653758.0,613119.0,691358.0,5078133.0,3001679.0,165800.0,778919.0,6044916.0
GR0000000031,2023,25,999487.0,336925.0,607201.0,2922419.0,1539721.0,85651.0,422576.0,3348984.0
GR0000000031,2024,25,808599.0,264638.0,671273.0,2379078.0,1238609.0,72722.0,337361.0,3375996.0
GR0000000032,2023,49,402979.0,140361.0,593226.0,2341364.0,1291353.0,44477.0,184838.0,1977421.0
GR0000000032,2024,49,593462.0,203178.0,937572.0,2755946.0,1536324.0,63736.0,266914.0,3125242.0
GR0000000033,2020,1,68895.0,26538.0,39160.0,567973.0,454102.0,8492.0,35030.0,155846.0
GR0000000033,2021,1,60989.0,23001.0,36131.0,528503.0,447365.0,7637.0,30639.0,134120.0
GR0000000033,2022,1,104246.0,43388.0,35170.0,1173298.0,838885.0,16677.0,60064.0,266961.0
GR0000000033,2023,1,116271.0,57266.0,31745.0,1526202.0,1171327.0,22539.0,79805.0,290533.0
GR0000000033,2024,1,102807.0,48957.0,34449.0,1857541.0,1525334.0,19902.0,68858.0,256628.0
GR0000000034,2020,6,204529.0,66612.0,175895.0,945930.0,662102.0,20031.0,86642.0,925229.0
GR0000000034,2021,5,163430.0,45998.0,126689.0,449850.0,289451.0,17248.0,63247.0,569263.0
GR0000000034,2022,5,186587.0,49151.0,121855.0,533540.0,324047.0,13862.0,63013.0,736014.0
GR0000000034,2023,5,192100.0,55289.0,107607.0,624443.0,377396.0,21244.0,76532.0,725326.0
GR0000000034,2024,4,101402.0,26242.0,90003.0,395991.0,280023.0,7862.0,34104.0,405868.0
GR0000000035,2020,3,66351.0,9832.0,44499.0,119621.0,78259.0,3998.0,13830.0,222497.0
GR0000000035,2021,3,64363.0,14933.0,52005.0,156539.0,110626.0,5903.0,20836.0,260025.0
GR0000000035,2022,3,85160.0,15653.0,56645.0,130391.0,75228.0,4558.0,20211.0,293791.0
GR0000000035,2023,3,34917.0,8102.0,31193.0,110024.0,77589.0,2357.0,10458.0,155965.0
GR0000000035,2024,3,79411.0,17687.0,64703.0,163966.0,113180.0,5999.0,23687.0,352009.0
GR0000000036,2022,1761,341639814.0,167664278.0,110174782.0,2842299696.0,2302610970.0,48038663.0,215702941.0,688507325.0
GR0000000036,2023,1639,588979507.0,321274422.0,113083806.0,2525847693.0,2272467361.0,70533001.0,391807424.0,951546510.0
GR0000000036,2024,1492,522564116.0,244849533.0,78341281.0,3409435777.0,3049177031.0,76074670.0,320924203.0,850434112.0
GR0000000037,2020,2,106732.0,24084.0,49673.0,601173.0,476065.0,9140.0,33223.0,433606.0
GR0000000037,2021,1,47547.0,14673.0,19384.0,215500.0,137640.0,5383.0,20056.0,257038.0
GR0000000037,2022,1,17451.0,3723.0,22218.0,65874.0,45572.0,1052.0,4776.0,74796.0
GR0000000037,2023,1,40629.0,9993.0,18755.0,170193.0,94257.0,3056.0,13049.0,160047.0
GR0000000037,2024,1,16599.0,3596.0,20770.0,94505.0,62803.0,1218.0,4814.0,95438.0
GR0000000038,2020,5,822509.0,310871.0,167963.0,9672595.0,8068100.0,117947.0,428819.0,1678632.0
GR0000000038,2021,5,433525.0,213731.0,172877.0,8045930.0,6554865.0,67399.0,281129.0,1230723.0
GR0000000038,2022,5,679656.0,258558.0,164559.0,8324666.0,6809893.0,87035.0,345594.0,1587620.0
GR0000000038,2023,4,314927.0,145881.0,130003.0,3195284.0,2583058.0,55428.0,201308.0,858168.0
GR0000000038,2024,4,604292.0,283809.0,132381.0,7343803.0,5704299.0,111188.0,394997.0,1227080.0
GR0000000039,2020,1,82780.0,26476.0,29418.0,809486.0,548757.0,5059.0,31535.0,381518.0
GR0000000039,2021,1,20177.0,6693.0,21049.0,171287.0,88511.0,2373.0,9067.0,84197.0
GR0000000039,2022,1,28287.0,7800.0,37254.0,282941.0,170259.0,2169.0,9969.0,161419.0
GR0000000039,2023,1,43816.0,15864.0,28521.0,416745.0,354885.0,4324.0,20188.0,188175.0
GR0000000039,2024,1,30554.0,8772.0,36347.0,211349.0,137355.0,1958.0,10729.0,146348.0
GR0000000040,2020,1,20119.0,3458.0,17680.0,110749.0,69757.0,1135.0,4593.0,69127.0
GR0000000040,2021,1,28021.0,8213.0,19518.0,125957.0,96639.0,2848.0,11061.0,78952.0
GR0000000040,2022,1,39434.0,8235.0,14618.0,144165.0,106671.0,3289.0,11525.0,112741.0
GR0000000040,2023,1,32279.0,5847.0,16920.0,189545.0,128277.0,2134.0,7980.0,107202.0
GR0000000040,2024,1,45440.0,7561.0,15174.0,179298.0,125304.0,2861.0,10422.0,130193.0
GR0000000041,2020,131,8379496.0,1415234.0,3447547.0,18911812.0,9877605.0,444509.0,1859742.0,33378808.0
GR0000000041,2021,142,4445742.0,737855.0,3885338.0,11069109.0,5351328.0,272018.0,1009873.0,19426690.0
GR0000000041,2022,157,6467867.0,1568631.0,4600391.0,14675403.0,7332292.0,475563.0,2044194.0,23683898.0
GR0000000041,2023,181,8514356.0,1821285.0,4515258.0,21688302.0,11642602.0,446112.0,2267397.0,33531685.0
GR0000000041,2024,200,5861086.0,1539338.0,5782165.0,17384142.0,9517401.0,501996.0,2041333.0,28910823.0
GR0000000042,2020,74,4115751.0,1082743.0,1739587.0,6209512.0,3954145.0,265227.0,1347970.0,13932099.0
GR0000000042,2021,75,5692560.0,1732023.0,1976593.0,7647006.0,3459296.0,451315.0,2183338.0,15272928.0
GR0000000042,2022,69,5033227.0,1097980.0,2255291.0,6677251.0,3245033.0,357571.0,1455551.0,15035273.0
GR0000000042,2023,79,4255003.0,1329589.0,1726867.0,4022409.0,2588151.0,306626.0,1636215.0,11512449.0
GR0000000042,2024,89,7975834.0,2203075.0,2995265.0,8455266.0,4106625.0,533275.0,2736350.0,24227507.0
GR0000000043,2020,10,540823.0,228958.0,358538.0,1369700.0,583880.0,78419.0,307377.0,1139989.0
GR0000000043,2021,9,955059.0,333315.0,236357.0,2195553.0,1221086.0,123552.0,456867.0,1896405.0
GR0000000043,2022,9,1254367.0,547097.0,255457.0,2566469.0,1448628.0,180750.0,727846.0,2390521.0
GR0000000043,2023,7,806539.0,240551.0,255465.0,1941553.0,949474.0,74553.0,315104.0,1439464.0
GR0000000043,2024,7,546408.0,187038.0,211710.0,1059756.0,419185.0,50841.0,237879.0,1040798.0
GR0000000044,2020,106,5892576.0,1237743.0,3167434.0,14063671.0,6874758.0,433655.0,1671398.0,24983465.0
GR0000000044,2021,125,6017183.0,1719602.0,4986910.0,17990162.0,9760609.0,583480.0,2303082.0,29869303.0
GR0000000044,2022,131,8090835.0,1905057.0,3885917.0,18689826.0,9930346.0,636081.0,2541138.0,36477960.0
GR0000000044,2023,125,5893878.0,1381048.0,4074432.0,11196690.0,6724481.0,404487.0,1785535.0,21844916.0
GR0000000044,2024,114,8599729.0,1803813.0,3877984.0,17136117.0,10238419.0,643548.0,2447361.0,31245868.0
GR0000000045,2020,2,70289.0,18049.0,44782.0,227695.0,128221.0,5808.0,23857.0,293863.0
GR0000000045,2021,2,25911.0,5686.0,36244.0,79635.0,58889.0,1803.0,7490.0,120815.0
GR0000000045,2022,2,73663.0,13973.0,40437.0,222260.0,165504.0,4596.0,18569.0,314889.0
GR0000000045,2023,2,29159.0,6653.0,39079.0,102179.0,56286.0,2525.0,9178.0,130264.0
GR0000000045,2024,2,28833.0,4418.0,41518.0,120505.0,81734.0,1853.0,6271.0,138393.0
GR0000000046,2020,220,15221386.0,4510267.0,5205699.0,40286543.0,18834754.0,1408478.0,5918746.0,55799869.0
GR0000000046,2021,249,22586401.0,5760178.0,5482874.0,68660720.0,40650538.0,1634280.0,7394458.0,81976055.0
GR0000000046,2022,249,18720296.0,4616309.0,7161798.0,51461908.0,26011082.0,1249602.0,5865910.0,62519085.0
GR0000000046,2023,228,10861689.0,3466298.0,6271544.0,30081846.0,16723174.0,908500.0,4374798.0,36990859.0
GR0000000046,2024,244,12791524.0,4670674.0,7170496.0,51762038.0,25581974.0,1461728.0,6132402.0,58451042.0
GR0000000047,2020,29,1542695.0,673364.0,926942.0,27224975.0,19541802.0,192837.0,866201.0,4177267.0
GR0000000047,2021,31,2508504.0,948252.0,951184.0,53989456.0,42551274.0,379027.0,1327278.0,6601264.0
GR0000000047,2022,34,4647203.0,2178052.0,1178407.0,41990640.0,34755423.0,771552.0,2949604.0,11033054.0
GR0000000047,2023,35,2613571.0,1129786.0,1188729.0,28567888.0,23601747.0,400701.0,1530487.0,6808285.0
GR0000000047,2024,38,3648828.0,1502557.0,1393337.0,41652469.0,30407949.0,631791.0,2134348.0,7655883.0
GR0000000048,2020,35,750064.0,195440.0,551648.0,5874717.0,4500400.0,68608.0,264048.0,2309877.0
GR0000000048,2021,36,1495402.0,314797.0,609960.0,10453158.0,8054941.0,113092.0,427889.0,4726550.0
GR0000000048,2022,38,907177.0,224230.0,544870.0,5496973.0,3610893.0,70630.0,294860.0,3499728.0
GR0000000048,2023,36,627287.0,118638.0,611294.0,4765727.0,3262115.0,47270.0,165907.0,1917054.0
GR0000000048,2024,39,721407.0,177739.0,627272.0,3119371.0,2037046.0,51937.0,229676.0,2448783.0
GR0000000049,2020,2,39807.0,11587.0,49085.0,176729.0,119501.0,4465.0,16052.0,187077.0
GR0000000049,2021,1,26366.0,6953.0,24939.0,106313.0,66636.0,2364.0,9317.0,112389.0
GR0000000049,2022,1,15046.0,5296.0,19652.0,123693.0,81198.0,1916.0,7212.0,96739.0
GR0000000049,2023,1,28579.0,9259.0,21734.0,124266.0,69922.0,3529.0,12787.0,122533.0
GR0000000049,2024,1,27928.0,6320.0,22797.0,117895.0,74166.0,2253.0,8573.0,116113.0
GR0000000050,2020,12,608105.0,167533.0,340940.0,1429849.0,703596.0,64312.0,231845.0,1402660.0
GR0000000050,2021,13,869705.0,237686.0,367981.0,3126983.0,1424247.0,92917.0,330603.0,2825418.0
GR0000000050,2022,15,1112606.0,277785.0,329740.0,3498465.0,1713313.0,105950.0,383735.0,3072016.0
GR0000000050,2023,14,635547.0,227379.0,419329.0,1920566.0,1217634.0,72846.0,300225.0,1726767.0
GR0000000050,2024,15,691744.0,216597.0,335226.0,3180450.0,1722636.0,89615.0,306212.0,2293975.0
GR0000000051,2020,5,383267.0,151573.0,153312.0,2139831.0,1228649.0,40347.0,191921.0,1291306.0
GR0000000051,2021,5,408129.0,178174.0,202947.0,2929661.0,1987875.0,54707.0,232881.0,1762563.0
GR0000000051,2022,5,345456.0,115973.0,155763.0,1465387.0,760119.0,41057.0,157030.0,1204445.0
GR0000000051,2023,5,479579.0,187731.0,221805.0,2099463.0,1083769.0,61095.0,248825.0,1694208.0
GR0000000051,2024,4,251116.0,104027.0,138606.0,1323156.0,916960.0,35568.0,139595.0,876338.0
GR0000000052,2020,9,102596.0,26110.0,164748.0,387760.0,246037.0,9053.0,35162.0,549161.0
GR0000000052,2021,8,138739.0,34970.0,188026.0,542023.0,397553.0,14106.0,49076.0,689076.0
GR0000000052,2022,7,173334.0,25308.0,158228.0,937692.0,667638.0,9820.0,35128.0,1013014.0
GR0000000052,2023,7,255572.0,70879.0,133260.0,980045.0,576424.0,24101.0,94980.0,1103520.0
GR0000000052,2024,6,138358.0,39008.0,138434.0,700862.0,440384.0,16308.0,55316.0,754468.0
GR0000000053,2020,12,180995.0,52368.0,253001.0,673840.0,420839.0,18159.0,70528.0,843337.0
GR0000000053,2021,13,301757.0,72671.0,266650.0,1080751.0,585163.0,23058.0,95729.0,1377447.0
GR0000000053,2022,14,479057.0,156451.0,346339.0,2040330.0,1425645.0,60981.0,217432.0,2096632.0
GR0000000053,2023,15,400628.0,126189.0,270692.0,1997034.0,1142958.0,50741.0,176931.0,1797870.0
GR0000000053,2024,15,182801.0,53095.0,277306.0,1019375.0,670181.0,17422.0,70518.0,1116002.0
GR0000000054,2020,7,227956.0,60368.0,204432.0,946724.0,655771.0,20774.0,81143.0,856863.0
GR0000000054,2021,7,337487.0,112167.0,141952.0,1412110.0,861820.0,40178.0,152345.0,1656807.0
GR0000000054,2022,7,373015.0,122540.0,181688.0,1125788.0,629931.0,36196.0,158736.0,1407091.0
GR0000000054,2023,6,239789.0,78005.0,143687.0,1021459.0,635606.0,22142.0,100147.0,1142947.0
GR0000000054,2024,6,347399.0,105661.0,154306.0,1389382.0,800113.0,26949.0,132611.0,1284510.0
GR0000000055,2020,21,1152066.0,273430.0,616488.0,2732818.0,1653484.0,69586.0,343016.0,4155935.0
GR0000000055,2021,13,978814.0,213366.0,454700.0,2230965.0,1665202.0,39205.0,252571.0,3706825.0
GR0000000055,2022,12,592449.0,107741.0,302761.0,1030060.0,843985.0,20104.0,127845.0,1878951.0
GR0000000055,2023,11,611043.0,173778.0,288946.0,1884914.0,1556017.0,26943.0,200721.0,2173270.0
GR0000000055,2024,14,818584.0,156049.0,437734.0,1802298.0,1442314.0,40590.0,196639.0,3313473.0
GR0000000056,2020,15,346877.0,134457.0,463620.0,3160411.0,1817087.0,56909.0,191366.0,1854479.0
GR0000000056,2021,13,421516.0,130618.0,360663.0,5150595.0,3008439.0,52786.0,183404.0,2488627.0
GR0000000056,2022,11,415813.0,156788.0,309787.0,3903057.0,2813214.0,52639.0,209428.0,2280925.0
GR0000000056,2023,11,619119.0,263603.0,332164.0,6129005.0,3447987.0,82760.0,346362.0,2913097.0
GR0000000056,2024,10,433828.0,161019.0,291111.0,3992102.0,2749252.0,65503.0,226522.0,1900546.0
GR0000000057,2023,3,43694.0,13315.0,52462.0,182525.0,128396.0,4000.0,17315.0,209281.0
GR0000000057,2024,2,28710.0,11014.0,35220.0,206153.0,148567.0,3206.0,14220.0,160295.0
GR0000000058,2021,98,3048816.0,828777.0,2344224.0,10171245.0,4907178.0,228910.0,1057687.0,13524433.0
GR0000000058,2022,93,877154.0,248838.0,1054684.0,3905045.0,1791560.0,74460.0,323298.0,4794017.0
GR0000000058,2023,105,2469423.0,766349.0,2028358.0,6810342.0,4265540.0,210051.0,976401.0,9219810.0
GR0000000058,2024,111,1716649.0,345093.0,1663224.0,4934775.0,2300994.0,108728.0,453821.0,7560110.0
GR0000000059,2020,10,670654.0,155928.0,200604.0,2989505.0,1898349.0,47793.0,203721.0,1880889.0
GR0000000059,2021,10,325997.0,82095.0,177158.0,1693338.0,1116469.0,27121.0,109216.0,1045787.0
GR0000000059,2022,9,580077.0,146921.0,181968.0,1699382.0,1213992.0,53013.0,199934.0,1402267.0
GR0000000059,2023,9,509040.0,142285.0,189974.0,2667021.0,1932923.0,36146.0,178431.0,1471912.0
GR0000000059,2024,8,461771.0,112469.0,142328.0,2154319.0,1212325.0,42214.0,154683.0,1289990.0
GR0000000060,2020,148,26985164.0,10181884.0,8699897.0,28096430.0,9311356.0,3193319.0,13375203.0,43763635.0
GR0000000060,2021,155,40445412.0,16163863.0,6972318.0,47995640.0,22838623.0,5978308.0,22142170.0,60453748.0
GR0000000060,2022,173,54156657.0,22645406.0,8048005.0,52314177.0,22265784.0,6578002.0,29223409.0,84122476.0
GR0000000060,2023,168,64332195.0,24498038.0,7293179.0,66809906.0,20186444.0,5443585.0,29941624.0,104231925.0
GR0000000060,2024,156,32449355.0,13008672.0,8649918.0,34127894.0,10473474.0,4492838.0,17501510.0,46273153.0
GR0000000061,2020,49,2174576.0,676870.0,1434661.0,20580040.0,15265225.0,212102.0,888972.0,13620016.0
GR0000000061,2021,45,1042240.0,466842.0,1092284.0,9259701.0,5174208.0,156516.0,623358.0,4369135.0
GR0000000061,2022,49,1142273.0,475151.0,1263901.0,12601097.0,9229304.0,142734.0,617885.0,5861082.0
GR0000000061,2023,49,1736657.0,699377.0,1709304.0,10612559.0,6510887.0,277565.0,976942.0,7593698.0
GR0000000061,2024,49,2944682.0,1244130.0,1521867.0,16025509.0,11993531.0,402085.0,1646214.0,12076908.0
GR0000000062,2020,3,361318.0,151371.0,82719.0,851013.0,426407.0,52384.0,203755.0,660563.0
GR0000000062,2021,3,299884.0,134812.0,91968.0,853609.0,465276.0,41537.0,176349.0,601825.0
GR0000000062,2022,3,402646.0,161450.0,103553.0,1014626.0,555135.0,65089.0,226539.0,897821.0
GR0000000062,2023,2,207401.0,94613.0,56888.0,584389.0,330735.0,28488.0,123100.0,460305.0
GR0000000062,2024,2,170999.0,61661.0,65183.0,321297.0,170578.0,19552.0,81212.0,312836.0
GR0000000063,2020,42,1090341.0,205660.0,1328064.0,3489952.0,1908850.0,58436.0,264096.0,4771329.0
GR0000000063,2021,43,1821092.0,291430.0,1269119.0,4537596.0,2823119.0,82142.0,373572.0,6561773.0
GR0000000063,2022,44,2690829.0,826453.0,1275780.0,7159598.0,4830487.0,217096.0,1043549.0,9715595.0
GR0000000063,2023,44,2681135.0,500627.0,1405079.0,5869091.0,3911578.0,126991.0,627618.0,9588137.0
GR0000000063,2024,50,1882345.0,519707.0,1492541.0,5569482.0,3490448.0,199411.0,719119.0,8212822.0
GR0000000064,2020,161,15323780.0,4690640.0,5280200.0,26958912.0,12766323.0,1547987.0,6238627.0,32058148.0
GR0000000064,2021,155,17682437.0,6780216.0,5512127.0,40831453.0,17523804.0,2026823.0,8807039.0,39311548.0
GR0000000064,2022,185,12923350.0,3939717.0,5410436.0,25812476.0,12841731.0,1353539.0,5293257.0,31615120.0
GR0000000064,2023,177,13007937.0,4234753.0,4816892.0,32106679.0,13893809.0,1614611.0,5849364.0,35096434.0
GR0000000064,2024,181,15780052.0,5046451.0,6636539.0,34150402.0,20283474.0,1858849.0,6905301.0,35536985.0
GR0000000065,2020,1,19035.0,4887.0,19551.0,87488.0,58761.0,1663.0,6550.0,78202.0
GR0000000065,2021,1,11973.0,2687.0,11695.0,39347.0,19401.0,710.0,3398.0,46780.0
GR0000000065,2022,1,13401.0,2687.0,15244.0,52176.0,35038.0,839.0,3527.0,60977.0
GR0000000065,2023,1,7064.0,1642.0,9587.0,39923.0,22627.0,484.0,2125.0,38349.0
GR0000000065,2024,1,10415.0,1729.0,15925.0,47739.0,28662.0,446.0,2175.0,63698.0
GR0000000066,2020,2,121394.0,43642.0,58973.0,1074675.0,631949.0,13293.0,56935.0,520693.0
GR0000000066,2021,2,80370.0,32306.0,68582.0,744483.0,553855.0,13631.0,45937.0,437280.0
GR0000000066,2022,2,113478.0,37409.0,59414.0,961147.0,595858.0,12466.0,49875.0,510603.0
GR0000000066,2023,2,73524.0,26357.0,59781.0,480527.0,349206.0,9244.0,35601.0,332804.0
GR0000000066,2024,2,80394.0,24105.0,58579.0,1228073.0,870142.0,8889.0,32994.0,494392.0
GR0000000067,2020,86,4850661.0,1863956.0,2837540.0,29228359.0,15216663.0,686432.0,2550388.0,17765018.0
GR0000000067,2021,87,11135367.0,3696167.0,2939203.0,67674447.0,38758187.0,1162754.0,4858921.0,37836806.0
GR0000000067,2022,87,7755870.0,2588089.0,3191730.0,48787707.0,30294373.0,679250.0,3267340.0,34651458.0
GR0000000067,2023,100,7550741.0,2780060.0,3250403.0,45601714.0,30932433.0,792969.0,3573029.0,27364152.0
GR0000000067,2024,100,4780933.0,1850678.0,3755727.0,29807179.0,15350611.0,642309.0,2492987.0,19612112.0
GR0000000068,2020,116,6613377.0,1347488.0,3370336.0,18425531.0,12468934.0,434767.0,1782255.0,24249269.0
GR0000000068,2021,129,4516515.0,1315036.0,3122624.0,10158651.0,7053364.0,374164.0,1689200.0,19322911.0
GR0000000068,2022,138,5586416.0,1132877.0,3374450.0,15639405.0,8398448.0,424836.0,1557713.0,20983010.0
GR0000000068,2023,164,5952450.0,1003047.0,3939807.0,20039478.0,12602756.0,314038.0,1317085.0,32284649.0
GR0000000068,2024,175,6275972.0,1525477.0,5397392.0,25024391.0,13026774.0,552328.0,2077804.0,29932068.0
GR0000000069,2020,4,92615.0,26316.0,73979.0,264311.0,149854.0,8750.0,35066.0,453250.0
GR0000000069,2021,3,82932.0,16060.0,55728.0,167296.0,118675.0,5884.0,21945.0,278638.0
GR0000000069,2022,3,93881.0,18079.0,47313.0,160658.0,91048.0,7489.0,25568.0,345798.0
GR0000000069,2023,3,95207.0,20841.0,48322.0,169975.0,101121.0,6287.0,27128.0,346586.0
GR0000000069,2024,3,29871.0,7297.0,21943.0,58972.0,37980.0,2515.0,9812.0,109715.0
GR0000000070,2020,14,824256.0,242975.0,303075.0,3366083.0,1598979.0,96502.0,339477.0,2484349.0
GR0000000070,2021,15,402062.0,110869.0,441526.0,1087221.0,619088.0,31394.0,142263.0,972390.0
GR0000000070,2022,15,533706.0,157950.0,407769.0,2601282.0,1556322.0,64751.0,222700.0,1693496.0
GR0000000070,2023,15,858645.0,279480.0,374628.0,2437721.0,1479868.0,111062.0,390542.0,2447307.0
GR0000000070,2024,14,625579.0,175605.0,285543.0,1689776.0,855066.0,71281.0,246886.0,1764682.0
GR0000000071,2020,28,1001211.0,173112.0,695258.0,3527308.0,1904812.0,48215.0,221327.0,3739479.0
GR0000000071,2021,32,770040.0,179547.0,630648.0,3571714.0,1890826.0,58408.0,237955.0,3448279.0
GR0000000071,2022,38,1103316.0,319864.0,956067.0,5590563.0,2988626.0,97867.0,417732.0,5376599.0
GR0000000071,2023,40,2019679.0,510210.0,724540.0,6841165.0,3858851.0,190359.0,700569.0,7699834.0
GR0000000071,2024,40,1713052.0,319305.0,1025633.0,5113743.0,2949907.0,95173.0,414477.0,7023824.0
GR0000000072,2020,3,119417.0,16264.0,53924.0,503973.0,380808.0,5286.0,21550.0,322915.0
GR0000000072,2021,2,122981.0,29522.0,31169.0,630410.0,391494.0,9426.0,38948.0,309813.0
GR0000000072,2022,1,36199.0,7724.0,19127.0,195669.0,148496.0,2925.0,10649.0,127312.0
GR0000000072,2023,1,11408.0,2354.0,18409.0,87065.0,52310.0,716.0,3070.0,41753.0
GR0000000072,2024,1,14177.0,3181.0,20583.0,101221.0,63798.0,1199.0,4380.0,51182.0
GR0000000073,2020,2,271243.0,136921.0,63345.0,4181164.0,3524990.0,39229.0,176150.0,640972.0
GR0000000073,2021,2,137564.0,59195.0,71233.0,2417282.0,1978870.0,19821.0,79016.0,340790.0
GR0000000073,2022,2,104590.0,50330.0,65701.0,929485.0,756071.0,18756.0,69086.0,263008.0
GR0000000073,2023,2,289352.0,112822.0,76973.0,7580304.0,5385185.0,47750.0,160572.0,794339.0
GR0000000073,2024,1,100213.0,49855.0,33293.0,1099854.0,797976.0,18348.0,68202.0,264641.0
GR0000000074,2020,15,343642.0,111076.0,282361.0,1734511.0,1351350.0,44677.0,155752.0,1608130.0
GR0000000074,2021,14,367225.0,89048.0,267184.0,2087020.0,1455757.0,30672.0,119720.0,1995302.0
GR0000000074,2022,15,222465.0,57383.0,291702.0,1825233.0,1134263.0,18792.0,76175.0,1381598.0
GR0000000074,2023,15,119691.0,42695.0,288547.0,906700.0,638066.0,14340.0,57035.0,743797.0
GR0000000074,2024,14,426512.0,163477.0,271927.0,1890249.0,1204119.0,46558.0,210035.0,1771388.0
GR0000000075,2020,24,1586135.0,593109.0,916457.0,10261845.0,5223642.0,200956.0,794066.0,7862308.0
GR0000000075,2021,23,1679969.0,541850.0,720800.0,8826751.0,4889910.0,204142.0,745992.0,6668372.0
GR0000000075,2022,23,2083936.0,722354.0,809714.0,17508064.0,9975553.0,190649.0,913003.0,8939343.0
GR0000000075,2023,20,1604927.0,577735.0,750598.0,9242208.0,5165889.0,220994.0,798729.0,6540423.0
GR0000000075,2024,21,1151970.0,519898.0,871813.0,9169585.0,5040940.0,146639.0,666538.0,4300803.0
GR0000000076,2020,47,3188405.0,922891.0,1707879.0,6573992.0,2811841.0,306347.0,1229238.0,7659183.0
GR0000000076,2021,46,4167897.0,1438673.0,1191997.0,9064198.0,3636471.0,503479.0,1942152.0,8846744.0
GR0000000076,2022,50,3567170.0,880689.0,1874545.0,8995117.0,4139359.0,271299.0,1151988.0,8993615.0
GR0000000076,2023,45,7596552.0,1895149.0,1457751.0,18300069.0,9578836.0,643278.0,2538427.0,18311430.0
GR0000000076,2024,45,5412098.0,1583735.0,1360463.0,13353039.0,7064049.0,546367.0,2130101.0,11182410.0
GR0000000077,2020,149,13822999.0,2486370.0,4418607.0,18335960.0,10665822.0,776893.0,3263263.0,37123902.0
GR0000000077,2021,160,13556629.0,2911523.0,5079865.0,13666369.0,6782714.0,841179.0,3752701.0,37955217.0
GR0000000077,2022,161,8002747.0,1290740.0,3450601.0,8450747.0,4632874.0,447486.0,1738226.0,23004007.0
GR0000000077,2023,172,13455561.0,3862730.0,3899107.0,20576046.0,11320325.0,1180353.0,5043082.0,42628304.0
GR0000000077,2024,155,8420348.0,1949006.0,3806943.0,11168524.0,5565048.0,716494.0,2665499.0,25379621.0
GR0000000078,2020,1,14867.0,4280.0,15249.0,87905.0,59852.0,1508.0,5788.0,67483.0
GR0000000078,2021,1,13278.0,2919.0,15214.0,50819.0,34153.0,899.0,3819.0,60856.0
GR0000000078,2022,1,12375.0,2475.0,13937.0,56478.0,28407.0,723.0,3199.0,55749.0
GR0000000078,2023,1,15958.0,3111.0,18525.0,61580.0,34395.0,974.0,4085.0,74098.0
GR0000000078,2024,1,9787.0,2021.0,15953.0,57349.0,34397.0,690.0,2710.0,63814.0
GR0000000079,2020,5,241537.0,105665.0,164371.0,2264448.0,1840991.0,45128.0,150793.0,631501.0
GR0000000079,2021,5,791344.0,391134.0,150617.0,12813744.0,9509143.0,126617.0,517751.0,1749252.0
GR0000000079,2022,5,704820.0,312939.0,193562.0,7169282.0,5457914.0,117205.0,430144.0,1613097.0
GR0000000079,2023,5,276829.0,122131.0,191457.0,2971691.0,2514919.0,46205.0,168336.0,785513.0
GR0000000079,2024,5,388564.0,154394.0,196997.0,6816526.0,5072241.0,51549.0,205944.0,1095552.0
GR0000000080,2020,199,20435611.0,4788152.0,5009303.0,27455368.0,15509204.0,1229438.0,6017589.0,61034017.0
GR0000000080,2021,224,12835752.0,3723435.0,5183181.0,14196996.0,7824372.0,966194.0,4689629.0,34554538.0
GR0000000080,2022,220,19277372.0,2908704.0,7467262.0,24473202.0,11088868.0,1078149.0,3986852.0,66000568.0
GR0000000080,2023,221,11172605.0,2338238.0,4735829.0,13258420.0,6086245.0,542710.0,2880948.0,31572193.0
GR0000000080,2024,250,14564952.0,3078527.0,6955305.0,14476672.0,7375426.0,774776.0,3853304.0,46368699.0
GR0000000081,2024,3,146691.0,35791.0,76137.0,586263.0,373943.0,11032.0,46823.0,432827.0
GR0000000082,2020,13,623569.0,167116.0,293101.0,1769650.0,1012104.0,48843.0,215959.0,1536081.0
GR0000000082,2021,13,811298.0,135564.0,225718.0,3765668.0,2669254.0,48904.0,184469.0,2333804.0
GR0000000082,2022,14,810544.0,197763.0,285118.0,4762760.0,2818170.0,70842.0,268605.0,2480872.0
GR0000000082,2023,14,428578.0,96580.0,260657.0,1468030.0,1001907.0,30599.0,127180.0,1350393.0
GR0000000082,2024,15,1171278.0,225597.0,321670.0,4698031.0,2836030.0,56962.0,282559.0,2862166.0
GR0000000083,2020,3,54740.0,11099.0,36674.0,111510.0,73273.0,3943.0,15041.0,183372.0
GR0000000083,2021,3,26875.0,6711.0,22389.0,52870.0,33074.0,2445.0,9156.0,111945.0
GR0000000083,2022,3,76576.0,18851.0,61017.0,220326.0,146570.0,7228.0,26080.0,322211.0
GR0000000083,2023,3,30428.0,8062.0,23763.0,74161.0,42029.0,3123.0,11186.0,118817.0
GR0000000083,2024,3,64993.0,19085.0,47551.0,146170.0,108443.0,5888.0,24973.0,290702.0
GR0000000084,2020,79,17805835.0,5933348.0,2944226.0,22953707.0,11691054.0,1459894.0,7393242.0,27062138.0
GR0000000084,2021,70,13127895.0,4015105.0,3051228.0,17690371.0,6416318.0,1207597.0,5222702.0,20741671.0
GR0000000084,2022,75,9517299.0,3292863.0,3332460.0,13558837.0,5879556.0,962309.0,4255172.0,16153126.0
GR0000000084,2023,62,11232158.0,3498457.0,2867464.0,17066664.0,6626352.0,1135676.0,4634133.0,21030251.0
GR0000000084,2024,67,12759967.0,4752829.0,3039237.0,17849280.0,7489219.0,1299588.0,6052417.0,17954787.0
GR0000000085,2020,28,5942993.0,1869459.0,1146411.0,9354009.0,3597492.0,511571.0,2381030.0,9151998.0
GR0000000085,2021,30,9510499.0,4069815.0,979700.0,14942588.0,7149483.0,1172053.0,5241868.0,13979946.0
GR0000000085,2022,33,7395263.0,2413445.0,1034925.0,9431781.0,4875711.0,856242.0,3269686.0,12813723.0
GR0000000085,2023,32,3903339.0,1638624.0,1049357.0,7163903.0,3350401.0,414121.0,2052744.0,7702388.0
GR0000000085,2024,36,7944670.0,3173370.0,1558761.0,11451315.0,4695436.0,1217129.0,4390499.0,11445125.0
GR0000000086,2020,10,190953.0,51714.0,149601.0,1080173.0,844032.0,13643.0,65357.0,496369.0
GR0000000086,2021,9,308490.0,55822.0,139001.0,1451218.0,977565.0,19449.0,75271.0,1079950.0
GR0000000086,2022,9,256068.0,50245.0,162469.0,1045654.0,710310.0,13633.0,63878.0,761455.0
GR0000000086,2023,9,343313.0,63561.0,176163.0,1397341.0,810002.0,21719.0,85280.0,918153.0
GR0000000086,2024,9,152114.0,31523.0,146153.0,808557.0,520418.0,10416.0,41939.0,502126.0
GR0000000087,2020,1,150458.0,34791.0,28989.0,475392.0,221908.0,8261.0,43052.0,358420.0
GR0000000087,2021,1,73402.0,17861.0,25330.0,211520.0,111792.0,5664.0,23525.0,157480.0
GR0000000087,2022,1,47008.0,10676.0,29285.0,127792.0,53525.0,2473.0,13149.0,106318.0
GR0000000087,2023,1,66484.0,22598.0,29166.0,246265.0,122887.0,5546.0,28144.0,186154.0
GR0000000087,2024,1,84309.0,22528.0,25584.0,257500.0,158291.0,7288.0,29816.0,221976.0
GR0000000088,2020,19,493767.0,82415.0,381219.0,1639767.0,1096817.0,31971.0,114386.0,2183530.0
GR0000000088,2021,20,368275.0,71440.0,383677.0,1208231.0,838788.0,25365.0,96805.0,1640091.0
GR0000000088,2022,19,186257.0,34485.0,300981.0,764081.0,519574.0,11273.0,45759.0,1003270.0
GR0000000088,2023,17,432183.0,69636.0,413473.0,1670325.0,1165698.0,24697.0,94333.0,1973710.0
GR0000000088,2024,15,268229.0,43579.0,354605.0,1208220.0,692650.0,16049.0,59629.0,1694020.0
GR0000000089,2020,10,215373.0,36621.0,150728.0,1308576.0,854291.0,14301.0,50922.0,652984.0
GR0000000089,2021,11,434352.0,76484.0,175495.0,2322274.0,1535201.0,27057.0,103541.0,1190125.0
GR0000000089,2022,11,373941.0,56393.0,172098.0,1751010.0,1305101.0,22532.0,78925.0,998815.0
GR0000000089,2023,10,218742.0,64904.0,182389.0,1054288.0,762789.0,20495.0,85399.0,692188.0
GR0000000089,2024,11,205380.0,42822.0,207942.0,946652.0,582000.0,16256.0,59078.0,517881.0
GR0000000090,2024,85,10421070.0,4323593.0,3481653.0,51526846.0,25084711.0,1312248.0,5635841.0,35107562.0
GR0000000091,2020,3,151045.0,43465.0,80519.0,657764.0,304822.0,17361.0,60826.0,485155.0
GR0000000091,2021,3,287432.0,66252.0,79608.0,761633.0,487217.0,20468.0,86720.0,663187.0
GR0000000091,2022,3,180778.0,68294.0,83170.0,928991.0,593531.0,19508.0,87803.0,590937.0
GR0000000091,2023,3,106358.0,33015.0,89861.0,407853.0,199737.0,11194.0,44209.0,255886.0
GR0000000091,2024,2,103102.0,25255.0,54593.0,414167.0,194664.0,10405.0,35660.0,291201.0
GR0000000092,2020,1,13269.0,4673.0,17299.0,89128.0,68920.0,1640.0,6314.0,61403.0
GR0000000092,2021,1,19222.0,5598.0,22849.0,186221.0,145758.0,1997.0,7595.0,124293.0
GR0000000092,2022,1,19302.0,5600.0,16842.0,113065.0,84037.0,1750.0,7350.0,97595.0
GR0000000092,2023,1,16974.0,3928.0,17295.0,67367.0,46107.0,1280.0,5208.0,78538.0
GR0000000092,2024,1,12083.0,4060.0,20153.0,67811.0,42284.0,1179.0,5239.0,67910.0
GR0000000093,2022,6,165659.0,53494.0,131921.0,497450.0,308182.0,18753.0,72246.0,675453.0
GR0000000093,2023,6,223086.0,53131.0,144052.0,555428.0,323120.0,15977.0,69108.0,832286.0
GR0000000093,2024,6,186367.0,48252.0,155485.0,548278.0,381981.0,13601.0,61853.0,718458.0
GR0000000094,2020,38,3731240.0,1146334.0,990130.0,9234980.0,4935613.0,442089.0,1588423.0,8039945.0
GR0000000094,2021,44,6923438.0,2181284.0,1378305.0,15345639.0,8260364.0,731152.0,2912436.0,14756831.0
GR0000000094,2022,50,5167109.0,1275325.0,1943932.0,8429134.0,3542143.0,382248.0,1657573.0,10972867.0
GR0000000094,2023,50,6932451.0,2169359.0,1269230.0,17132899.0,8298592.0,705314.0,2874672.0,16947199.0
GR0000000094,2024,45,5764395.0,1493571.0,1360264.0,12790316.0,7606604.0,539155.0,2032726.0,14883341.0
GR0000000095,2020,10,889798.0,329049.0,252389.0,2542252.0,1062881.0,90220.0,419268.0,2165434.0
GR0000000095,2021,9,764904.0,193386.0,356051.0,2118360.0,1234876.0,56437.0,249823.0,1701759.0
GR0000000095,2022,8,738529.0,220867.0,247954.0,1896191.0,925476.0,72074.0,292941.0,1565579.0
GR0000000095,2023,9,1027926.0,346350.0,239149.0,2300637.0,1168894.0,125583.0,471932.0,2843061.0
GR0000000095,2024,8,1171311.0,408749.0,230241.0,3267877.0,1693455.0,152506.0,561255.0,3256367.0
GR0000000096,2020,3,158505.0,38315.0,95321.0,454489.0,257289.0,12711.0,51026.0,668839.0
GR0000000096,2021,3,77420.0,15808.0,92372.0,257548.0,134929.0,4991.0,20799.0,409821.0
GR0000000096,2022,3,153146.0,43784.0,71654.0,693951.0,483269.0,14569.0,58353.0,823746.0
GR0000000096,2023,3,165873.0,31677.0,81555.0,563957.0,301998.0,11837.0,43514.0,851134.0
GR0000000096,2024,3,162345.0,49409.0,91172.0,477246.0,291546.0,12968.0,62377.0,759209.0
GR0000000097,2020,1,34263.0,8622.0,15758.0,76196.0,52129.0,3289.0,11911.0,143988.0
GR0000000097,2021,1,13059.0,2040.0,11937.0,37708.0,28346.0,687.0,2728.0,59683.0
GR0000000097,2022,1,10143.0,1549.0,9515.0,19428.0,12236.0,580.0,2129.0,47577.0
GR0000000097,2023,1,13003.0,2039.0,10005.0,27147.0,17563.0,602.0,2641.0,50027.0
GR0000000097,2024,1,14617.0,3728.0,10439.0,26009.0,18973.0,1201.0,4928.0,52197.0
GR0000000098,2020,2,35185.0,7955.0,34304.0,176655.0,138477.0,2748.0,10703.0,212840.0
GR0000000098,2021,2,26808.0,8523.0,46406.0,163485.0,112605.0,3055.0,11577.0,141957.0
GR0000000098,2022,2,33359.0,10625.0,43936.0,203240.0,147292.0,3832.0,14458.0,215094.0
GR0000000098,2023,1,24076.0,6705.0,17624.0,94189.0,74089.0,2026.0,8731.0,113979.0
GR0000000098,2024,1,21983.0,8119.0,21311.0,99740.0,71052.0,2449.0,10568.0,91565.0
GR0000000099,2020,2,41272.0,17006.0,49799.0,278192.0,177538.0,5048.0,22054.0,199196.0
GR0000000099,2021,2,50174.0,17663.0,55262.0,344967.0,232636.0,7559.0,25222.0,240029.0
GR0000000099,2022,2,107858.0,43740.0,52647.0,796142.0,529220.0,14402.0,58141.0,598308.0
GR0000000099,2023,1,25754.0,8236.0,34089.0,259189.0,143746.0,2400.0,10636.0,158142.0
GR0000000099,2024,1,38638.0,15015.0,29953.0,562466.0,413588.0,5738.0,20753.0,229230.0
GR0000000100,2020,4,151333.0,26242.0,62850.0,741029.0,524945.0,8941.0,35183.0,382242.0
GR0000000100,2021,4,110625.0,18653.0,72277.0,735088.0,548804.0,5424.0,24077.0,322544.0
GR0000000100,2022,3,62139.0,14152.0,49553.0,284298.0,203968.0,4037.0,18190.0,242347.0
GR0000000100,2023,2,74293.0,20458.0,33194.0,610510.0,388762.0,8593.0,29051.0,281171.0
GR0000000100,2024,1,14746.0,2483.0,19185.0,103993.0,79110.0,826.0,3309.0,47194.0
GR0000000101,2020,2,187227.0,78544.0,76393.0,2666353.0,2255413.0,27466.0,106010.0,400040.0
GR0000000101,2021,2,155276.0,78530.0,69651.0,1947124.0,1642868.0,23681.0,102211.0,398244.0
GR0000000101,2022,1,159408.0,68634.0,37624.0,1457748.0,1180795.0,20075.0,88709.0,346294.0
GR0000000101,2023,1,50755.0,26255.0,36463.0,749676.0,604197.0,8828.0,35083.0,121424.0
GR0000000101,2024,1,36713.0,18405.0,35247.0,387851.0,275212.0,6854.0,25259.0,101929.0
GR0000000102,2020,2,182844.0,72910.0,57916.0,520355.0,279277.0,25726.0,98636.0,451638.0
GR0000000102,2021,1,128656.0,55287.0,32542.0,241482.0,100487.0,17507.0,72795.0,223234.0
GR0000000102,2022,1,89639.0,40049.0,31478.0,175236.0,74044.0,12535.0,52584.0,187730.0
GR0000000102,2023,1,78027.0,24039.0,31193.0,118491.0,55154.0,9751.0,33790.0,130732.0
GR0000000102,2024,1,61023.0,17906.0,32443.0,186402.0,107235.0,6776.0,24682.0,146965.0
GR0000000103,2020,1,38379.0,8439.0,22596.0,164731.0,83109.0,3561.0,11999.0,186015.0
GR0000000103,2021,1,20472.0,6337.0,21812.0,130877.0,91505.0,2111.0,8447.0,132577.0
GR0000000103,2022,1,26094.0,8839.0,22762.0,106017.0,56139.0,3631.0,12470.0,120100.0
GR0000000103,2023,1,45719.0,12432.0,22788.0,209269.0,137794.0,4907.0,17340.0,196666.0
GR0000000103,2024,1,23592.0,7682.0,24651.0,153285.0,99683.0,2417.0,10100.0,146860.0
GR0000000104,2020,204,20075157.0,5963433.0,6395848.0,62925231.0,33733984.0,1876315.0,7839748.0,78204075.0
GR0000000104,2021,225,19754136.0,7843408.0,7045422.0,34617484.0,17911950.0,1832651.0,9676059.0,58433200.0
GR0000000104,2022,228,17894895.0,5981535.0,5968284.0,33899265.0,18195931.0,1803614.0,7785148.0,57848087.0
GR0000000104,2023,217,23172837.0,8409230.0,7482249.0,64177524.0,28867598.0,1993199.0,10402429.0,80257705.0
GR0000000104,2024,206,11396962.0,3525960.0,7061408.0,24876565.0,11782975.0,847338.0,4373298.0,37447082.0
GR0000000105,2021,56,1126562.0,182915.0,1011968.0,5211188.0,2538380.0,67802.0,250717.0,5090069.0
GR0000000105,2022,52,1340203.0,261386.0,1086477.0,4425961.0,2470928.0,72879.0,334265.0,5146964.0
GR0000000105,2023,50,1765341.0,361284.0,912366.0,5917857.0,3689116.0,93337.0,454620.0,6926685.0
GR0000000105,2024,50,1260206.0,320717.0,1087731.0,3902301.0,2173809.0,83860.0,404578.0,5924562.0
GR0000000106,2020,2,40572.0,9281.0,47017.0,162124.0,119220.0,3684.0,12965.0,222416.0
GR0000000106,2021,2,41730.0,11095.0,39566.0,235694.0,143371.0,3235.0,14331.0,238866.0
GR0000000106,2022,1,21817.0,4450.0,24959.0,74676.0,53336.0,1279.0,5730.0,108480.0
GR0000000106,2023,1,23583.0,4892.0,23336.0,65280.0,37359.0,1492.0,6384.0,95213.0
GR0000000106,2024,1,24952.0,5101.0,19625.0,86176.0,51640.0,2061.0,7162.0,130886.0
GR0000000107,2023,4,159749.0,47998.0,132992.0,1196609.0,756882.0,15279.0,63277.0,667806.0
GR0000000107,2024,4,255480.0,75306.0,115838.0,2101072.0,1219922.0,24029.0,99335.0,1017188.0
GR0000000108,2020,30,1294523.0,300763.0,713677.0,4762727.0,2784542.0,96385.0,397148.0,6578108.0
GR0000000108,2021,28,1146621.0,310073.0,891200.0,2815593.0,1671937.0,82858.0,392931.0,4332535.0
GR0000000108,2022,27,1489922.0,224730.0,625195.0,3960854.0,2603378.0,84106.0,308836.0,6266831.0
GR0000000108,2023,27,1072085.0,286609.0,853097.0,3827716.0,2494719.0,80664.0,367273.0,5526651.0
GR0000000108,2024,25,1122217.0,172290.0,564972.0,3669554.0,2437387.0,54635.0,226925.0,4772130.0
GR0000000109,2020,211,22874169.0,3650996.0,5148108.0,88987390.0,46688085.0,1231675.0,4882671.0,55017766.0
GR0000000109,2021,206,16323419.0,2512792.0,5084712.0,37844575.0,23231232.0,968106.0,3480898.0,39558655.0
GR0000000109,2022,242,38382409.0,9477714.0,6812135.0,76927191.0,47057418.0,2726200.0,12203914.0,79404945.0
GR0000000109,2023,237,38614014.0,8124933.0,5124996.0,122689495.0,74963627.0,2401192.0,10526126.0,81007306.0
GR0000000109,2024,250,20394265.0,4259307.0,5942119.0,94008343.0,49227025.0,988005.0,5247312.0,52923682.0
GR0000000110,2022,20,371570.0,104017.0,479410.0,1672321.0,1020570.0,30474.0,134491.0,1884987.0
GR0000000110,2023,18,367354.0,103245.0,311444.0,2194474.0,1348146.0,35864.0,139109.0,1738758.0
GR0000000110,2024,18,235460.0,63994.0,322453.0,1104039.0,708914.0,22313.0,86307.0,1200537.0
GR0000000111,2021,41,557861.0,109560.0,831823.0,2418346.0,1405800.0,46361.0,155921.0,3298047.0
GR0000000111,2022,42,894050.0,246916.0,865669.0,4479088.0,3348897.0,69732.0,316648.0,5424511.0
GR0000000111,2023,43,761342.0,171008.0,896608.0,3069986.0,2298579.0,63302.0,234310.0,3604049.0
GR0000000111,2024,48,1168595.0,326567.0,1186102.0,4149182.0,2531235.0,129654.0,456222.0,5430137.0
GR0000000112,2020,13,1103797.0,391878.0,315835.0,3393737.0,1977404.0,128062.0,519940.0,2947426.0
GR0000000112,2021,12,354355.0,109046.0,332441.0,1482796.0,883498.0,42549.0,151595.0,1000397.0
GR0000000112,2022,11,740043.0,198741.0,236039.0,2702506.0,1640690.0,60315.0,259056.0,2093835.0
GR0000000112,2023,12,690580.0,228899.0,294942.0,2631546.0,1592539.0,74591.0,303490.0,1916314.0
GR0000000112,2024,12,322468.0,104806.0,337300.0,1325569.0,598478.0,41345.0,146150.0,928564.0
GR0000000113,2020,15,428917.0,114694.0,218377.0,1394371.0,1064098.0,34452.0,149145.0,1072581.0
GR0000000113,2021,15,140577.0,40682.0,219039.0,880488.0,542176.0,13727.0,54409.0,546222.0
GR0000000113,2022,17,375041.0,66910.0,248595.0,1694003.0,1318410.0,26668.0,93578.0,1462839.0
GR0000000113,2023,17,274817.0,76080.0,296990.0,1221945.0,874104.0,24230.0,100309.0,764489.0
GR0000000113,2024,18,635343.0,103699.0,264162.0,2536748.0,1814595.0,29287.0,132986.0,1707146.0
GR0000000114,2020,47,6172266.0,2779645.0,2314146.0,44750151.0,35453956.0,853859.0,3633504.0,12799546.0
GR0000000114,2021,45,9694412.0,4817600.0,1757007.0,123878184.0,97473302.0,1508263.0,6325863.0,22264917.0
GR0000000114,2022,46,10639703.0,4656843.0,2270798.0,125725219.0,100354930.0,1762048.0,6418891.0,23593334.0
GR0000000114,2023,53,18445648.0,7423630.0,2304346.0,173000216.0,142206768.0,2199339.0,9622970.0,35915107.0
GR0000000114,2024,53,10702831.0,4332039.0,1962898.0,78914317.0,64955683.0,1514499.0,5846538.0,19895740.0
GR0000000115,2020,28,1380026.0,551801.0,701780.0,3301898.0,1545826.0,222508.0,774309.0,3084947.0
GR0000000115,2021,32,2671278.0,833158.0,866903.0,6065192.0,2859010.0,249724.0,1082882.0,5446350.0
GR0000000115,2022,33,2141772.0,958543.0,875734.0,4536314.0,2437597.0,284180.0,1242723.0,4971779.0
GR0000000115,2023,31,3097529.0,1333652.0,1002358.0,5486465.0,3274770.0,523142.0,1856794.0,5365752.0
GR0000000115,2024,28,3061091.0,1110254.0,842356.0,4629282.0,2500062.0,407631.0,1517886.0,5189059.0
GR0000000116,2020,68,2720888.0,685716.0,1257102.0,14188785.0,10216620.0,250770.0,936486.0,8225297.0
GR0000000116,2021,61,3243765.0,527915.0,1169982.0,19249667.0,13039876.0,157977.0,685893.0,10391372.0
GR0000000116,2022,57,4910824.0,1051908.0,1251625.0,15327039.0,9935413.0,390768.0,1442677.0,11249476.0
GR0000000116,2023,57,4257217.0,992568.0,1220879.0,15116064.0,9860760.0,329334.0,1321903.0,9490004.0
GR0000000116,2024,59,5073303.0,933917.0,1195504.0,19145457.0,13600909.0,346187.0,1280104.0,11550689.0
GR0000000117,2020,31,1642364.0,429678.0,813024.0,7201276.0,4132200.0,119158.0,548836.0,7155798.0
GR0000000117,2021,30,2305015.0,545422.0,750545.0,7172466.0,4314465.0,165592.0,711014.0,8041854.0
GR0000000117,2022,29,1801195.0,649814.0,693406.0,7060528.0,3884660.0,244408.0,894221.0,8268225.0
GR0000000117,2023,27,1473979.0,479226.0,681479.0,5880109.0,2766210.0,139802.0,619028.0,7037125.0
GR0000000117,2024,26,1603773.0,507632.0,733956.0,4560636.0,2407414.0,134096.0,641728.0,6514865.0
GR0000000118,2020,23,2786334.0,1184658.0,775294.0,5052018.0,2623081.0,440706.0,1625364.0,4706059.0
GR0000000118,2021,24,1463451.0,561362.0,631213.0,2897957.0,1631519.0,200208.0,761570.0,3391264.0
GR0000000118,2022,28,1991355.0,694831.0,929088.0,4585295.0,2310383.0,271580.0,966411.0,4750404.0
GR0000000118,2023,28,1515053.0,486029.0,711296.0,3233913.0,1571548.0,152952.0,638981.0,2970354.0
GR0000000118,2024,32,2826818.0,960766.0,1026415.0,8098661.0,3460550.0,381579.0,1342344.0,6907751.0
GR0000000119,2023,39,1794670.0,478850.0,655469.0,6784150.0,5010218.0,152692.0,631542.0,4942488.0
GR0000000119,2024,36,1817425.0,353694.0,887243.0,5779659.0,3837094.0,90858.0,444552.0,4339138.0
GR0000000120,2020,5,226442.0,41302.0,147851.0,870862.0,565935.0,15035.0,56337.0,1073436.0
GR0000000120,2021,5,376308.0,83111.0,151461.0,878353.0,535664.0,20933.0,104044.0,1420583.0
GR0000000120,2022,5,227015.0,37771.0,121187.0,669183.0,368309.0,9474.0,47245.0,1139612.0
GR0000000120,2023,5,361150.0,70570.0,126070.0,841372.0,533146.0,21830.0,92400.0,1381432.0
GR0000000120,2024,5,295998.0,76825.0,110973.0,793958.0,439872.0,27542.0,104367.0,1098031.0
GR0000000121,2020,84,8128956.0,3520082.0,3092601.0,44611191.0,30657127.0,879691.0,4399773.0,35787919.0
GR0000000121,2021,91,4934434.0,2132458.0,4136198.0,43876968.0,24049284.0,500956.0,2633414.0,21160956.0
GR0000000121,2022,76,7158963.0,2078861.0,3145137.0,52192041.0,33976577.0,729783.0,2808644.0,32121445.0
GR0000000121,2023,78,9834931.0,2867904.0,2985494.0,41020322.0,22328065.0,835966.0,3703869.0,31702962.0
GR0000000121,2024,70,6451226.0,2348871.0,3208478.0,41757063.0,22893399.0,723780.0,3072650.0,29496436.0
GR0000000122,2020,19,422038.0,147268.0,370343.0,1708710.0,1344380.0,51683.0,198951.0,2162073.0
GR0000000122,2021,20,181564.0,59845.0,411071.0,1259411.0,856045.0,17121.0,76967.0,1076742.0
GR0000000122,2022,18,333830.0,111095.0,316018.0,2046951.0,1308455.0,46898.0,157993.0,1801545.0
GR0000000122,2023,20,360496.0,99725.0,478629.0,1886832.0,1314482.0,35104.0,134829.0,1493385.0
GR0000000122,2024,20,395793.0,141576.0,415840.0,2063986.0,1550461.0,43053.0,184629.0,1741277.0
GR0000000123,2021,106,7125537.0,1519137.0,3072956.0,15419766.0,7153992.0,401115.0,1920252.0,20539446.0
GR0000000123,2022,78,2953226.0,960332.0,2034294.0,9588418.0,6673492.0,173067.0,1133399.0,10227323.0
GR0000000123,2023,65,3697996.0,1177011.0,1810924.0,10163950.0,5748337.0,238082.0,1415093.0,14215408.0
GR0000000123,2024,61,4374593.0,1003863.0,1609500.0,14150802.0,7380975.0,237149.0,1241012.0,16985789.0
GR0000000124,2020,51,1991484.0,462741.0,1408641.0,5348794.0,2730823.0,120470.0,583210.0,8492441.0
GR0000000124,2021,50,1316725.0,244323.0,1175076.0,3487365.0,1853659.0,75659.0,319982.0,5875380.0
GR0000000124,2022,53,1435256.0,279357.0,1366383.0,5052163.0,2193844.0,101015.0,380372.0,6831915.0
GR0000000124,2023,56,1500446.0,465731.0,1335430.0,4161611.0,1991815.0,102420.0,568151.0,6677152.0
GR0000000124,2024,59,3481070.0,643515.0,1726404.0,7141137.0,3867524.0,146490.0,790005.0,12355172.0
GR0000000125,2020,8,1992337.0,629726.0,355630.0,3136833.0,1713861.0,154437.0,784163.0,2716015.0
GR0000000125,2021,7,1812906.0,733420.0,270577.0,2670211.0,999213.0,216387.0,949807.0,2864199.0
GR0000000125,2022,5,1546615.0,569521.0,211020.0,2165719.0,884969.0,166707.0,736229.0,2478545.0
GR0000000125,2023,3,539199.0,156114.0,137697.0,702288.0,272400.0,40483.0,196597.0,803947.0
GR0000000125,2024,3,918347.0,297502.0,100327.0,1329568.0,492478.0,86214.0,383716.0,1424381.0
GR0000000126,2020,49,9045125.0,4660474.0,1499105.0,84059787.0,66282692.0,1388011.0,6048485.0,19378658.0
GR0000000126,2021,49,3528476.0,1355188.0,1511373.0,59832278.0,46271150.0,477804.0,1832993.0,8531734.0
GR0000000126,2022,49,2413650.0,994029.0,1713125.0,23570853.0,18239243.0,307678.0,1301707.0,6352978.0
GR0000000126,2023,49,9707540.0,3893178.0,1519082.0,75672187.0,62486278.0,1646398.0,5539576.0,20079906.0
GR0000000126,2024,49,3013555.0,1533480.0,1625166.0,76382888.0,56477823.0,467850.0,2001330.0,7819437.0
GR0000000127,2020,57,6245716.0,2654250.0,2526563.0,28281380.0,18324625.0,699894.0,3354144.0,19897903.0
GR0000000127,2021,52,4855892.0,1503531.0,2565959.0,18296495.0,10411150.0,453063.0,1956595.0,15751238.0
GR0000000127,2022,59,4429972.0,1601743.0,2532995.0,15745986.0,7385113.0,378641.0,1980384.0,12912024.0
GR0000000127,2023,70,10843455.0,4642563.0,3509587.0,40083524.0,25817863.0,1338324.0,5980887.0,31631318.0
GR0000000127,2024,63,3856230.0,1293808.0,2983396.0,18689107.0,9831404.0,313494.0,1607302.0,14916979.0
GR0000000128,2024,2,37647.0,9475.0,46120.0,196377.0,143540.0,3130.0,12606.0,237006.0
GR0000000129,2022,44,974792.0,198726.0,703841.0,1601660.0,971580.0,84560.0,283286.0,3735085.0
GR0000000129,2023,44,881770.0,202194.0,696308.0,1436204.0,943478.0,58726.0,260920.0,3481538.0
GR0000000129,2024,43,1075359.0,205921.0,745068.0,1894806.0,1420566.0,82647.0,288568.0,3742811.0
GR0000000130,2020,3,58682.0,17368.0,62269.0,300863.0,233051.0,6290.0,23658.0,267098.0
GR0000000130,2021,3,65526.0,20353.0,64773.0,330128.0,225392.0,7396.0,27749.0,279094.0
GR0000000130,2022,3,35769.0,12683.0,50721.0,254466.0,193577.0,4409.0,17092.0,230872.0
GR0000000130,2023,3,34075.0,9515.0,54005.0,282959.0,206425.0,2743.0,12258.0,212968.0
GR0000000130,2024,3,57735.0,21657.0,71154.0,370499.0,254592.0,6667.0,28324.0,347416.0
GR0000000131,2020,1,21264.0,7177.0,26810.0,212314.0,131062.0,2804.0,9982.0,118850.0
GR0000000131,2021,1,38059.0,15705.0,26083.0,343711.0,208353.0,5724.0,21429.0,153247.0
GR0000000131,2022,1,48512.0,19539.0,27512.0,427082.0,311536.0,7555.0,27094.0,199557.0
GR0000000131,2023,1,41092.0,15468.0,25314.0,348488.0,203433.0,6490.0,21957.0,165467.0
GR0000000131,2024,1,30659.0,12171.0,27063.0,262061.0,193121.0,4574.0,16746.0,123389.0
GR0000000132,2020,25,753260.0,290510.0,804797.0,2141730.0,1137282.0,102200.0,392711.0,1827610.0
GR0000000132,2021,23,1656925.0,585355.0,673324.0,3150219.0,1584373.0,234548.0,819903.0,3051253.0
GR0000000132,2022,22,1833305.0,602353.0,643629.0,4807444.0,2649528.0,219306.0,821659.0,3273229.0
GR0000000132,2023,23,2814927.0,974296.0,766278.0,7598051.0,3455960.0,363831.0,1338127.0,5746122.0
GR0000000132,2024,24,1981855.0,838279.0,655205.0,3659476.0,2061684.0,344256.0,1182535.0,3366263.0
GR0000000133,2020,54,18496353.0,8969963.0,2861088.0,106219256.0,94742800.0,2304456.0,11274419.0,31598950.0
GR0000000133,2021,63,20580354.0,8415334.0,3274343.0,134659579.0,113230770.0,2276811.0,10692145.0,31834066.0
GR0000000133,2022,70,40851525.0,20310641.0,3847941.0,222118123.0,179334302.0,7202891.0,27513532.0,64741191.0
GR0000000133,2023,82,26723230.0,11187602.0,4658581.0,168408334.0,144055834.0,4339965.0,15527567.0,50844819.0
GR0000000133,2024,90,29280043.0,11963858.0,4905316.0,228710489.0,191592024.0,3185493.0,15149350.0,49741623.0
GR0000000134,2023,56,3384601.0,695211.0,1351197.0,3539973.0,1815549.0,182617.0,877829.0,9007979.0
GR0000000134,2024,60,2272894.0,669168.0,926038.0,2361602.0,1445850.0,159669.0,828837.0,6173590.0
GR0000000135,2020,3,79085.0,20953.0,54570.0,171012.0,125705.0,8270.0,29224.0,272850.0
GR0000000135,2021,2,34065.0,5065.0,28513.0,75956.0,48151.0,2150.0,7214.0,142563.0
GR0000000135,2022,2,46419.0,6969.0,32957.0,72610.0,43238.0,2973.0,9942.0,164784.0
GR0000000135,2023,1,20773.0,5444.0,15989.0,38800.0,25942.0,1892.0,7337.0,80730.0
GR0000000135,2024,1,8139.0,2075.0,7326.0,20025.0,13460.0,738.0,2813.0,36632.0
GR0000000136,2020,7,469245.0,123822.0,198658.0,2010907.0,1383327.0,28109.0,151931.0,1947695.0
GR0000000136,2021,5,284750.0,90275.0,151758.0,818415.0,468913.0,26745.0,117021.0,1036079.0
GR0000000136,2022,3,242467.0,71691.0,82922.0,932585.0,530065.0,23980.0,95671.0,968879.0
GR0000000136,2023,3,108561.0,32618.0,63417.0,507146.0,318687.0,8736.0,41354.0,494481.0
GR0000000136,2024,3,245337.0,62621.0,68008.0,583661.0,349995.0,16167.0,78789.0,831907.0
GR0000000137,2020,21,501961.0,115300.0,508569.0,1840008.0,1034507.0,39287.0,154587.0,2295447.0
GR0000000137,2021,21,620090.0,186543.0,514741.0,1896752.0,1192140.0,68498.0,255041.0,2793270.0
GR0000000137,2022,24,1225453.0,284192.0,501800.0,4441214.0,3226369.0,83713.0,367905.0,4380782.0
GR0000000137,2023,22,779826.0,211798.0,561052.0,1982220.0,1229996.0,55126.0,266924.0,2679458.0
GR0000000137,2024,23,1013470.0,328267.0,644852.0,4274567.0,3199441.0,93718.0,421986.0,4331681.0
GR0000000138,2020,224,26959940.0,6920304.0,4889519.0,54526055.0,36568278.0,2012791.0,8933095.0,52621784.0
GR0000000138,2021,212,17481028.0,4453927.0,6502102.0,67813319.0,36232709.0,965285.0,5419212.0,37165924.0
GR0000000138,2022,182,11027873.0,3372383.0,4199538.0,44417472.0,28637214.0,846973.0,4219355.0,26163497.0
GR0000000138,2023,193,17917512.0,4343798.0,4685490.0,60235111.0,39748412.0,1249289.0,5593087.0,42828721.0
GR0000000138,2024,211,22077060.0,4116007.0,4497069.0,59996875.0,40526827.0,1191862.0,5307869.0,46588482.0
GR0000000139,2020,12,864374.0,275123.0,354911.0,2485013.0,1479957.0,81642.0,356764.0,2964106.0
GR0000000139,2021,11,606002.0,141465.0,272069.0,1637615.0,805255.0,49920.0,191385.0,2657488.0
GR0000000139,2022,11,529025.0,143924.0,263807.0,2190383.0,1415354.0,53714.0,197638.0,2475887.0
GR0000000139,2023,13,653294.0,225833.0,343094.0,2095099.0,1037495.0,59090.0,284924.0,2206290.0
GR0000000139,2024,15,751366.0,237320.0,435037.0,1926460.0,966991.0,85841.0,323161.0,2641803.0
GR0000000140,2020,1,22394.0,6125.0,18255.0,91801.0,51628.0,2546.0,8671.0,96217.0
GR0000000140,2021,1,25478.0,4292.0,20421.0,103425.0,61573.0,1642.0,5934.0,122864.0
GR0000000140,2022,1,32577.0,9057.0,22224.0,126918.0,79286.0,2766.0,11823.0,154000.0
GR0000000140,2023,1,17873.0,5442.0,19399.0,88179.0,54671.0,1563.0,7005.0,116455.0
GR0000000140,2024,1,24318.0,4702.0,19839.0,87214.0,64746.0,1417.0,6120.0,110231.0
GR0000000141,2020,6,160655.0,36721.0,125501.0,283094.0,164419.0,15695.0,52416.0,627505.0
GR0000000141,2021,6,60121.0,14227.0,58500.0,179562.0,102880.0,5841.0,20068.0,292500.0
GR0000000141,2022,5,63757.0,10761.0,55109.0,128008.0,80289.0,4212.0,14974.0,275546.0
GR0000000141,2023,5,99161.0,30104.0,70707.0,167418.0,108709.0,9093.0,39196.0,353534.0
GR0000000141,2024,4,60062.0,17499.0,48544.0,112703.0,83510.0,6346.0,23846.0,242718.0
GR0000000142,2020,185,57905675.0,19570613.0,7569019.0,67081522.0,29492842.0,4653595.0,24224208.0,89593566.0
GR0000000142,2021,170,45435206.0,17185239.0,7102691.0,48307016.0,21361038.0,6089058.0,23274297.0,75702810.0
GR0000000142,2022,172,75170793.0,28942840.0,7588257.0,72518160.0,22301293.0,9620473.0,38563313.0,105745196.0
GR0000000142,2023,185,42571906.0,16286846.0,8368383.0,54011648.0,25421396.0,6027346.0,22314192.0,61510120.0
GR0000000142,2024,217,44034697.0,20269891.0,11116290.0,45031768.0,20291148.0,4897918.0,25167809.0,69196829.0
GR0000000143,2020,6,141680.0,30962.0,101241.0,594053.0,461263.0,9999.0,40961.0,419922.0
GR0000000143,2021,6,88191.0,14206.0,112036.0,381163.0,229472.0,4396.0,18601.0,298685.0
GR0000000143,2022,6,147142.0,32222.0,86609.0,557627.0,334834.0,13467.0,45689.0,376333.0
GR0000000143,2023,6,101938.0,22448.0,103450.0,796811.0,527493.0,6414.0,28863.0,346832.0
GR0000000143,2024,6,231232.0,36019.0,112490.0,955010.0,742257.0,11963.0,47982.0,664320.0
GR0000000144,2020,21,613402.0,130600.0,321652.0,3328692.0,2502361.0,41308.0,171909.0,2191929.0
GR0000000144,2021,21,558073.0,84244.0,390967.0,2043748.0,1421789.0,33627.0,117871.0,1634210.0
GR0000000144,2022,20,445637.0,87479.0,389955.0,1641436.0,1250610.0,27734.0,115213.0,1205812.0
GR0000000144,2023,23,773727.0,230283.0,442365.0,4156494.0,3147845.0,66905.0,297188.0,2274946.0
GR0000000144,2024,21,847969.0,138795.0,299287.0,4315432.0,3227509.0,52845.0,191639.0,2162782.0
GR0000000145,2020,18,449344.0,165027.0,302691.0,1722926.0,1272755.0,50424.0,215451.0,1955423.0
GR0000000145,2021,20,493968.0,124720.0,367108.0,2699129.0,1714566.0,42785.0,167505.0,2266815.0
GR0000000145,2022,20,335400.0,123073.0,421546.0,2084383.0,1609219.0,38173.0,161245.0,1586679.0
GR0000000145,2023,20,300068.0,75408.0,467850.0,1948674.0,1229072.0,31767.0,107175.0,1564190.0
GR0000000145,2024,20,222003.0,72771.0,335535.0,1303505.0,822295.0,22526.0,95297.0,1163166.0
GR0000000146,2020,1,19437.0,5500.0,16503.0,86453.0,62979.0,1932.0,7432.0,70293.0
GR0000000146,2021,1,15683.0,3576.0,16326.0,58963.0,45250.0,1206.0,4781.0,44672.0
GR0000000146,2022,1,24977.0,4441.0,17066.0,140397.0,110357.0,1818.0,6259.0,67268.0
GR0000000146,2023,1,16925.0,3646.0,14374.0,82499.0,58993.0,1201.0,4847.0,51441.0
GR0000000146,2024,1,23535.0,5508.0,16389.0,80596.0,62644.0,2098.0,7606.0,61150.0
GR0000000147,2020,31,1438755.0,443992.0,748455.0,4038361.0,2538479.0,121000.0,564992.0,5817443.0
GR0000000147,2021,32,1385602.0,213548.0,771649.0,3875506.0,1918848.0,81114.0,294662.0,5752311.0
GR0000000147,2022,28,695236.0,155671.0,654137.0,2075712.0,1307223.0,47428.0,203099.0,2973349.0
GR0000000147,2023,32,807148.0,152980.0,804124.0,2453571.0,1295873.0,41404.0,194384.0,3721907.0
GR0000000147,2024,31,854418.0,199077.0,634134.0,2373964.0,1195584.0,67917.0,266995.0,3755389.0
GR0000000148,2021,115,2551785.0,806270.0,2116827.0,6768711.0,3116679.0,213037.0,1019306.0,10584134.0
GR0000000148,2022,103,3158981.0,657520.0,2133596.0,5580226.0,2676803.0,200819.0,858339.0,10667981.0
GR0000000148,2023,109,3795424.0,571282.0,2534639.0,7350017.0,4196287.0,188283.0,759564.0,12673196.0
GR0000000148,2024,101,2907204.0,814090.0,2057856.0,7786639.0,3995065.0,297779.0,1111870.0,10289282.0
GR0000000149,2020,1,20609.0,6037.0,15844.0,48086.0,28871.0,1804.0,7841.0,79220.0
GR0000000149,2021,1,17236.0,3358.0,15418.0,30277.0,16700.0,1149.0,4507.0,77088.0
GR0000000149,2022,1,25380.0,4622.0,18790.0,49692.0,28341.0,1392.0,6014.0,93948.0
GR0000000149,2023,1,16419.0,2556.0,15057.0,32812.0,20178.0,1061.0,3617.0,75285.0
GR0000000149,2024,1,14584.0,3831.0,12695.0,32074.0,22595.0,1548.0,5379.0,63474.0
GR0000000150,2023,5,282475.0,112303.0,152165.0,435186.0,191572.0,34634.0,146937.0,499868.0
GR0000000150,2024,4,172983.0,69414.0,119168.0,354563.0,165045.0,26912.0,96325.0,388476.0
GR0000000151,2021,2,37186.0,5456.0,28204.0,149346.0,100840.0,2256.0,7712.0,100754.0
GR0000000151,2022,2,37298.0,8056.0,37302.0,206996.0,140338.0,2819.0,10875.0,103486.0
GR0000000151,2023,2,51299.0,8772.0,39115.0,379548.0,262857.0,3412.0,12184.0,155064.0
GR0000000151,2024,2,42126.0,8620.0,39830.0,140321.0,112114.0,3465.0,12085.0,106029.0
GR0000000152,2024,22,1462423.0,363856.0,622393.0,3867863.0,2183686.0,118102.0,481958.0,3425773.0
GR0000000153,2020,85,4261729.0,1354975.0,2035478.0,18494228.0,11082218.0,414216.0,1769192.0,20087925.0
GR0000000153,2021,91,4529418.0,1322056.0,2526615.0,16558285.0,8153887.0,399540.0,1721596.0,18404497.0
GR0000000153,2022,88,3372036.0,942983.0,2203401.0,10187205.0,4768320.0,265486.0,1208469.0,12807458.0
GR0000000153,2023,100,6163004.0,1752092.0,2698761.0,21955788.0,14257072.0,602002.0,2354094.0,23255243.0
GR0000000153,2024,100,4334199.0,1390043.0,2407330.0,18894149.0,8972604.0,395834.0,1785878.0,19800722.0
GR0000000154,2020,79,19864099.0,8799849.0,2689503.0,33196973.0,13346031.0,2563476.0,11363325.0,30502231.0
GR0000000154,2021,93,18769980.0,8251596.0,3215568.0,33635242.0,17747743.0,2282282.0,10533879.0,37223221.0
GR0000000154,2022,97,25067393.0,11136706.0,4320367.0,36796450.0,15857084.0,3048431.0,14185137.0,38435356.0
GR0000000154,2023,91,13222354.0,5014836.0,2947801.0,17727151.0,8371516.0,1495389.0,6510225.0,20505108.0
GR0000000154,2024,103,13844952.0,5972042.0,3551256.0,25593245.0,11742110.0,1602195.0,7574237.0,23342455.0
GR0000000155,2020,29,2218028.0,650453.0,677214.0,6256676.0,3197760.0,257233.0,907686.0,5854230.0
GR0000000155,2021,29,1410841.0,329656.0,629783.0,6177219.0,3166428.0,97073.0,426730.0,4565977.0
GR0000000155,2022,27,1659941.0,495281.0,622726.0,6312365.0,3161088.0,167360.0,662641.0,3855659.0
GR0000000155,2023,32,1091771.0,395273.0,922657.0,5130064.0,2456347.0,131804.0,527077.0,3337091.0
GR0000000155,2024,29,1494244.0,462224.0,672704.0,4619391.0,2355989.0,192866.0,655089.0,3895535.0
GR0000000156,2020,14,183821.0,51038.0,254316.0,897256.0,522853.0,19842.0,70880.0,928871.0
GR0000000156,2021,14,521248.0,171818.0,274585.0,3172453.0,1613898.0,61385.0,233204.0,2738129.0
GR0000000156,2022,14,356519.0,86929.0,257974.0,2433562.0,1564496.0,24727.0,111656.0,2361476.0
GR0000000156,2023,14,283033.0,64730.0,300458.0,1141333.0,748291.0,27047.0,91777.0,1132461.0
GR0000000156,2024,15,446819.0,158851.0,324080.0,1847975.0,1034941.0,60176.0,219027.0,1795181.0
GR0000000157,2020,31,1392000.0,236611.0,621071.0,2155959.0,1338475.0,83571.0,320183.0,4425001.0
GR0000000157,2021,30,1185744.0,206487.0,606748.0,1744244.0,1026179.0,63692.0,270179.0,3686884.0
GR0000000157,2022,35,2060540.0,600833.0,977372.0,3137191.0,2136323.0,194763.0,795596.0,6943528.0
GR0000000157,2023,32,988789.0,198257.0,528721.0,1398541.0,779509.0,51808.0,250065.0,2937337.0
GR0000000157,2024,37,2029807.0,579561.0,683021.0,2823449.0,1922458.0,214386.0,793947.0,5889467.0
GR0000000158,2020,2,92492.0,17869.0,34417.0,628618.0,406917.0,5430.0,23298.0,303360.0
GR0000000158,2021,1,35256.0,9679.0,17064.0,159607.0,121596.0,3906.0,13585.0,90344.0
GR0000000158,2022,1,21977.0,3744.0,17286.0,142998.0,108858.0,1573.0,5316.0,74375.0
GR0000000158,2023,1,33554.0,8878.0,19143.0,120009.0,81598.0,3028.0,11906.0,94880.0
GR0000000158,2024,1,21555.0,3480.0,18499.0,142588.0,97524.0,1020.0,4500.0,85038.0
GR0000000159,2020,14,854933.0,225927.0,407739.0,4912069.0,2698368.0,65201.0,291128.0,2713454.0
GR0000000159,2021,12,819627.0,270966.0,330151.0,2654175.0,1507409.0,78251.0,349217.0,2215236.0
GR0000000159,2022,12,724875.0,252585.0,296158.0,3034337.0,1490486.0,98635.0,351220.0,1982524.0
GR0000000159,2023,13,1171029.0,330057.0,372228.0,2741363.0,1723636.0,136108.0,466166.0,2916439.0
GR0000000159,2024,11,767859.0,278459.0,303976.0,2164131.0,1255772.0,99943.0,378402.0,1917876.0
GR0000000160,2020,50,1472348.0,435180.0,1463872.0,3851468.0,2772829.0,120894.0,556075.0,5051992.0
GR0000000160,2021,50,3122873.0,1127576.0,1158196.0,9047452.0,6097987.0,314873.0,1442449.0,10897408.0
GR0000000160,2022,47,2077454.0,631751.0,1407004.0,7766308.0,4652124.0,198677.0,830429.0,7787298.0
GR0000000160,2023,53,2880577.0,704520.0,1398931.0,9427028.0,6214313.0,248815.0,953335.0,13873207.0
GR0000000160,2024,60,2493439.0,831812.0,1796945.0,7650592.0,4854838.0,292579.0,1124391.0,10125327.0
GR0000000161,2020,1,137300.0,66210.0,40062.0,1303224.0,899182.0,22437.0,88647.0,315052.0
GR0000000161,2021,1,128563.0,56644.0,36912.0,1904982.0,1512490.0,17540.0,74184.0,306699.0
GR0000000161,2022,1,115281.0,52332.0,35157.0,1645088.0,1262617.0,14347.0,66678.0,299799.0
GR0000000161,2023,1,200352.0,101901.0,40336.0,1795093.0,1544958.0,26474.0,128375.0,407334.0
GR0000000161,2024,1,89324.0,32319.0,32474.0,763962.0,506468.0,10967.0,43286.0,198611.0
GR0000000162,2020,238,11929943.0,2627755.0,4992451.0,36463742.0,22881849.0,759827.0,3387582.0,33871748.0
GR0000000162,2021,249,17880723.0,4527516.0,4355791.0,57975368.0,31918793.0,1605101.0,6132617.0,43375855.0
GR0000000162,2022,249,17614384.0,4648751.0,4238403.0,91961856.0,67109206.0,1726203.0,6374954.0,50001886.0
GR0000000162,2023,241,14491715.0,2551905.0,5475421.0,61349886.0,42271821.0,819480.0,3371386.0,43752181.0
GR0000000162,2024,249,18504600.0,3411033.0,6015275.0,54874691.0,34492275.0,1022994.0,4434027.0,42427046.0
GR0000000163,2020,33,1995245.0,514186.0,965106.0,6143391.0,3045992.0,177015.0,691200.0,8040097.0
GR0000000163,2021,38,2387114.0,630521.0,867941.0,7917008.0,4947433.0,176826.0,807347.0,10513690.0
GR0000000163,2022,43,3015267.0,727014.0,1050064.0,12364143.0,7690422.0,233906.0,960920.0,14002840.0
GR0000000163,2023,45,2574866.0,826098.0,1254687.0,8531874.0,4443895.0,264363.0,1090461.0,10919848.0
GR0000000163,2024,50,2051986.0,660401.0,1173427.0,9583988.0,5075486.0,195073.0,855473.0,9654909.0
GR0000000164,2020,1,15114.0,2740.0,10950.0,28413.0,16700.0,1026.0,3766.0,54752.0
GR0000000164,2021,1,11518.0,1905.0,10499.0,24519.0,15257.0,571.0,2476.0,52494.0
GR0000000164,2022,1,8283.0,1362.0,8132.0,15528.0,10049.0,386.0,1748.0,40658.0
GR0000000164,2023,1,10359.0,1714.0,9425.0,20407.0,14764.0,550.0,2265.0,47126.0
GR0000000164,2024,1,9597.0,1955.0,8691.0,16284.0,11753.0,787.0,2742.0,43456.0
GR0000000165,2020,12,531131.0,182852.0,335211.0,4182925.0,2524244.0,65212.0,248064.0,2341248.0
GR0000000165,2021,13,405756.0,170683.0,426430.0,5270138.0,2965211.0,62577.0,233261.0,2683418.0
GR0000000165,2022,14,554050.0,173637.0,408189.0,5316988.0,3024157.0,71505.0,245142.0,3217236.0
GR0000000165,2023,15,814275.0,355857.0,381151.0,7580243.0,5221282.0,122673.0,478530.0,4032129.0
GR0000000165,2024,15,322781.0,115607.0,334163.0,3386514.0,2163445.0,44689.0,160296.0,1336653.0
GR0000000166,2020,18,440364.0,143089.0,413058.0,2849241.0,1955096.0,50352.0,193441.0,2563191.0
GR0000000166,2021,18,515680.0,151016.0,296812.0,2560429.0,1960487.0,43989.0,195005.0,2349909.0
GR0000000166,2022,20,650934.0,159371.0,438006.0,2770119.0,2003189.0,66292.0,225663.0,2995686.0
GR0000000166,2023,20,425658.0,134675.0,324285.0,1793710.0,1314743.0,44995.0,179670.0,1721585.0
GR0000000166,2024,19,505277.0,126962.0,434725.0,1777501.0,1390882.0,35903.0,162865.0,2253185.0
GR0000000167,2020,40,1880492.0,495729.0,897408.0,5577031.0,2624502.0,163420.0,659149.0,7094879.0
GR0000000167,2021,37,2235781.0,581630.0,819695.0,7803695.0,3614032.0,156277.0,737907.0,10354029.0
GR0000000167,2022,38,1552736.0,488522.0,974712.0,5699248.0,3239836.0,163578.0,652100.0,7350809.0
GR0000000167,2023,43,2639228.0,818989.0,1074634.0,9783063.0,5658377.0,248273.0,1067262.0,11307706.0
GR0000000167,2024,38,3371832.0,878139.0,943877.0,9519574.0,5838092.0,301952.0,1180091.0,12468798.0
GR0000000168,2020,2,36937.0,8863.0,27344.0,85534.0,53888.0,2735.0,11598.0,136718.0
GR0000000168,2021,1,14111.0,4126.0,10020.0,31025.0,18990.0,1381.0,5507.0,50098.0
GR0000000168,2022,1,26683.0,5153.0,18468.0,48781.0,32692.0,1895.0,7048.0,94582.0
GR0000000168,2023,1,8684.0,1452.0,7462.0,21763.0,13045.0,503.0,1956.0,37311.0
GR0000000168,2024,1,15827.0,4371.0,15287.0,47684.0,35151.0,1647.0,6018.0,76435.0
GR0000000169,2020,7,539957.0,159823.0,179787.0,1632780.0,794397.0,67891.0,227714.0,1540424.0
GR0000000169,2021,7,761554.0,245973.0,199470.0,2814581.0,1405041.0,69595.0,315568.0,1729678.0
GR0000000169,2022,6,244507.0,91749.0,128797.0,902606.0,479230.0,30044.0,121793.0,809867.0
GR0000000169,2023,6,382760.0,95733.0,179187.0,1109092.0,564289.0,39836.0,135569.0,851627.0
GR0000000169,2024,6,404935.0,124079.0,153501.0,950120.0,589707.0,40990.0,165069.0,907422.0
GR0000000170,2020,1,97424.0,31145.0,28189.0,269997.0,129188.0,10104.0,41249.0,205907.0
GR0000000170,2021,1,125121.0,54237.0,31601.0,295703.0,153090.0,19328.0,73566.0,261360.0
GR0000000170,2022,1,60446.0,19670.0,29874.0,147306.0,80204.0,6927.0,26597.0,129017.0
GR0000000170,2023,1,165544.0,56863.0,30609.0,327571.0,178388.0,18696.0,75559.0,307388.0
GR0000000170,2024,1,112356.0,46279.0,31789.0,242719.0,97966.0,13902.0,60181.0,252386.0
GR0000000171,2020,1,157260.0,69123.0,37399.0,1527584.0,1250940.0,22321.0,91445.0,334178.0
GR0000000171,2021,1,102537.0,38245.0,38596.0,933766.0,659453.0,13926.0,52171.0,250474.0
GR0000000171,2022,1,60427.0,26303.0,31330.0,891887.0,726985.0,11131.0,37434.0,144214.0
GR0000000171,2023,1,126067.0,50586.0,32114.0,1928872.0,1566389.0,20753.0,71338.0,254992.0
GR0000000171,2024,1,82600.0,33934.0,34216.0,1010341.0,754961.0,14112.0,48046.0,200918.0
GR0000000172,2020,4,292283.0,69194.0,95629.0,333652.0,182201.0,20043.0,89237.0,906068.0
GR0000000172,2021,4,119166.0,29875.0,76082.0,167218.0,103124.0,9145.0,39020.0,422678.0
GR0000000172,2022,4,224496.0,64536.0,79424.0,375685.0,215963.0,16340.0,80876.0,756207.0
GR0000000172,2023,4,193287.0,35064.0,98110.0,252493.0,176659.0,9928.0,44992.0,665389.0
GR0000000172,2024,4,152831.0,28308.0,95640.0,315547.0,159143.0,7613.0,35921.0,589189.0
GR0000000173,2020,8,272113.0,99811.0,172378.0,1130678.0,828750.0,35412.0,135223.0,1114047.0
GR0000000173,2021,8,397206.0,92616.0,173557.0,1843874.0,1272215.0,29291.0,121907.0,1953054.0
GR0000000173,2022,7,365553.0,93155.0,157158.0,901321.0,617476.0,28202.0,121356.0,1274352.0
GR0000000173,2023,7,324609.0,114198.0,198948.0,1183628.0,786799.0,37631.0,151829.0,1431719.0
GR0000000173,2024,6,205183.0,47643.0,155143.0,710623.0,504604.0,18050.0,65693.0,929465.0
GR0000000174,2020,55,2457639.0,735506.0,1589227.0,8038304.0,4538803.0,246423.0,981929.0,9153028.0
GR0000000174,2021,55,2018008.0,681219.0,1453339.0,5394554.0,3534360.0,205860.0,887079.0,7926077.0
GR0000000174,2022,57,3021230.0,739054.0,1467140.0,9661561.0,5834307.0,197948.0,937002.0,10887143.0
GR0000000174,2023,52,1818926.0,415687.0,1272134.0,5064015.0,3459239.0,132482.0,548169.0,7210123.0
GR0000000174,2024,59,1591546.0,505967.0,1482410.0,6779950.0,4077039.0,141605.0,647572.0,6912142.0
GR0000000175,2020,4,207414.0,56498.0,91266.0,781591.0,491060.0,17919.0,74418.0,776585.0
GR0000000175,2021,3,174037.0,45031.0,58496.0,510248.0,282308.0,15085.0,60116.0,635494.0
GR0000000175,2022,3,130018.0,33386.0,70062.0,423177.0,253320.0,8368.0,41754.0,538227.0
GR0000000175,2023,3,106162.0,20884.0,63578.0,370700.0,229512.0,6381.0,27265.0,478889.0
GR0000000175,2024,3,128331.0,34508.0,60930.0,387808.0,251845.0,9699.0,44208.0,509564.0
GR0000000176,2020,50,13009211.0,5420403.0,1616666.0,23037170.0,10633157.0,1366567.0,6786969.0,23210012.0
GR0000000176,2021,50,10233960.0,3153711.0,1519915.0,19719243.0,9813193.0,1144078.0,4297789.0,16792499.0
GR0000000176,2022,45,11105481.0,4925024.0,1563423.0,22449113.0,10503849.0,1501641.0,6426665.0,21001458.0
GR0000000176,2023,44,8146102.0,2793453.0,1341605.0,11424085.0,5110766.0,743272.0,3536726.0,14886199.0
GR0000000176,2024,40,8965875.0,2802112.0,1319071.0,18419058.0,8426332.0,898806.0,3700918.0,17211149.0
GR0000000177,2021,5,160788.0,22580.0,118567.0,770848.0,568163.0,6585.0,29165.0,515243.0
GR0000000177,2022,5,173907.0,31905.0,126386.0,756546.0,581600.0,8311.0,40217.0,504280.0
GR0000000177,2023,5,129310.0,30648.0,108484.0,526806.0,325019.0,9639.0,40287.0,404474.0
GR0000000177,2024,5,224676.0,34595.0,90436.0,797278.0,549837.0,12129.0,46724.0,665792.0
GR0000000178,2020,3,405090.0,136387.0,87108.0,1253467.0,553721.0,43531.0,179917.0,830879.0
GR0000000178,2021,3,241106.0,84300.0,85046.0,377736.0,212212.0,30646.0,114947.0,428473.0
GR0000000178,2022,3,345661.0,151271.0,82675.0,836727.0,467364.0,54245.0,205517.0,614105.0
GR0000000178,2023,3,426550.0,177609.0,84504.0,945054.0,449462.0,51588.0,229197.0,778677.0
GR0000000178,2024,3,135555.0,53855.0,87377.0,362126.0,203108.0,19970.0,73826.0,270888.0
GR0000000179,2020,53,2210077.0,547118.0,1191434.0,2756231.0,1797606.0,150464.0,697583.0,6619079.0
GR0000000179,2021,54,1754036.0,390187.0,924390.0,2499215.0,1587142.0,102247.0,492434.0,5135499.0
GR0000000179,2022,62,2956405.0,908152.0,1447195.0,5040078.0,3396066.0,251279.0,1159431.0,9576624.0
GR0000000179,2023,66,2356549.0,655402.0,1262467.0,3499688.0,1984698.0,180001.0,835404.0,7013708.0
GR0000000179,2024,62,3558359.0,985859.0,1620726.0,4555903.0,2530101.0,319945.0,1305803.0,11580003.0
GR0000000180,2020,9,799999.0,163451.0,191469.0,3702618.0,2369440.0,38862.0,202313.0,2139130.0
GR0000000180,2021,6,310303.0,77944.0,116702.0,1419761.0,722137.0,18290.0,96233.0,836772.0
GR0000000180,2022,4,273677.0,46214.0,78991.0,1543509.0,1009463.0,11486.0,57701.0,726012.0
GR0000000180,2023,4,494675.0,109012.0,83244.0,1911053.0,1587104.0,23324.0,132337.0,1113525.0
GR0000000180,2024,4,473067.0,124279.0,90883.0,1602283.0,1025978.0,26020.0,150298.0,921528.0
GR0000000181,2022,3,120465.0,43231.0,101860.0,239616.0,136735.0,18069.0,61299.0,205864.0
GR0000000181,2023,2,111429.0,47736.0,64109.0,159913.0,90745.0,17356.0,65092.0,190272.0
GR0000000181,2024,2,74932.0,28125.0,60202.0,209119.0,87339.0,9844.0,37970.0,179090.0
GR0000000182,2020,125,4629478.0,724689.0,2462335.0,22869900.0,15586392.0,245543.0,970232.0,12973446.0
GR0000000182,2021,148,6577844.0,1633534.0,2888048.0,30107320.0,21938730.0,467707.0,2101241.0,21904062.0
GR0000000182,2022,158,5956906.0,1639289.0,3104043.0,23817382.0,16259689.0,415141.0,2054431.0,16533937.0
GR0000000182,2023,160,5377793.0,943138.0,3339753.0,25222604.0,15779630.0,242781.0,1185919.0,13537816.0
GR0000000182,2024,157,8845292.0,1754551.0,3347161.0,26006743.0,18829827.0,505807.0,2260358.0,22171977.0
GR0000000183,2020,11,199876.0,40027.0,193651.0,460112.0,365614.0,14493.0,54519.0,968253.0
GR0000000183,2021,9,134344.0,28827.0,101948.0,304235.0,206288.0,7978.0,36805.0,509739.0
GR0000000183,2022,7,193013.0,43599.0,133194.0,363855.0,252439.0,12140.0,55740.0,721208.0
GR0000000183,2023,5,71674.0,14194.0,50506.0,103120.0,64550.0,3634.0,17828.0,252532.0
GR0000000183,2024,4,117390.0,16832.0,63474.0,318336.0,181270.0,5992.0,22823.0,525983.0
GR0000000184,2020,3,657239.0,283060.0,109824.0,862003.0,459382.0,70659.0,353719.0,963575.0
GR0000000184,2021,3,825092.0,316789.0,104650.0,1095503.0,429622.0,98179.0,414968.0,1233287.0
GR0000000184,2022,3,644458.0,225998.0,116797.0,900309.0,500878.0,53684.0,279682.0,973027.0
GR0000000184,2023,3,549393.0,190346.0,131618.0,646868.0,290311.0,59737.0,250083.0,827124.0
GR0000000184,2024,3,893394.0,371453.0,112404.0,1376747.0,547090.0,94393.0,465847.0,1681461.0
GR0000000185,2020,163,56226560.0,26350763.0,8006098.0,327629341.0,293629151.0,9326577.0,35677341.0,88977700.0
GR0000000185,2021,174,48026723.0,26067734.0,9220159.0,386965465.0,322225796.0,5806867.0,31874601.0,86260100.0
GR0000000185,2022,179,60316652.0,27936539.0,11290602.0,341635535.0,304090963.0,8174168.0,36110707.0,123800291.0
GR0000000185,2023,208,84148723.0,34732109.0,13092392.0,431125349.0,364420926.0,9766043.0,44498152.0,143567423.0
GR0000000185,2024,212,71369647.0,27384216.0,10881575.0,419577633.0,335844383.0,10463803.0,37848019.0,153988883.0
GR0000000186,2020,240,109362669.0,43197251.0,11598485.0,689983206.0,599687714.0,13360615.0,56557866.0,191511412.0
GR0000000186,2021,242,47961971.0,24793051.0,14775805.0,264686405.0,236378947.0,7577632.0,32370682.0,91383971.0
GR0000000186,2022,221,84739991.0,35579471.0,11891256.0,700821223.0,577616171.0,8075993.0,43655464.0,163051139.0
GR0000000186,2023,201,104889771.0,48688740.0,9514379.0,454032023.0,364864297.0,13460330.0,62149070.0,163274589.0
GR0000000186,2024,236,54895363.0,25660360.0,11015146.0,395238911.0,344364027.0,7018744.0,32679104.0,111941587.0
GR0000000187,2020,10,631828.0,328495.0,360475.0,6103049.0,4530557.0,101833.0,430328.0,1547898.0
GR0000000187,2021,11,528937.0,225547.0,418417.0,4651182.0,3646649.0,78166.0,303713.0,1183033.0
GR0000000187,2022,10,1246501.0,522791.0,365247.0,9760496.0,8098814.0,217416.0,740208.0,2614900.0
GR0000000187,2023,9,569511.0,228835.0,351296.0,8109057.0,6497547.0,95650.0,324484.0,1345315.0
GR0000000187,2024,9,976222.0,381676.0,330702.0,10689396.0,8456256.0,144463.0,526139.0,2129097.0
GR0000000188,2020,67,2176306.0,645468.0,1850325.0,8597855.0,5078616.0,164921.0,810389.0,8851613.0
GR0000000188,2021,68,1973505.0,582330.0,1715188.0,7283685.0,3960469.0,189592.0,771922.0,8447267.0
GR0000000188,2022,77,3941456.0,1514628.0,2058823.0,13397103.0,6090178.0,410703.0,1925331.0,17853478.0
GR0000000188,2023,85,2570580.0,722202.0,1908774.0,7820943.0,3654509.0,242789.0,964991.0,9640136.0
GR0000000188,2024,95,4128971.0,1442713.0,2825054.0,14714398.0,6884599.0,392518.0,1835230.0,20060958.0
GR0000000189,2020,40,493744.0,184040.0,759293.0,3392927.0,2118297.0,55274.0,239314.0,2853822.0
GR0000000189,2021,43,702799.0,219963.0,904228.0,4179310.0,2092786.0,91771.0,311735.0,3804092.0
GR0000000189,2022,46,738642.0,196083.0,992156.0,3230997.0,2260857.0,78097.0,274181.0,3307185.0
GR0000000189,2023,44,1099095.0,262640.0,913713.0,4158948.0,2213779.0,104875.0,367515.0,4533623.0
GR0000000189,2024,41,769053.0,206823.0,1013403.0,4918720.0,3015766.0,73644.0,280467.0,4788109.0
GR0000000190,2020,1,36659.0,13581.0,34756.0,383430.0,252048.0,4222.0,17803.0,198266.0
GR0000000190,2021,1,32086.0,8504.0,33972.0,387772.0,208146.0,3217.0,11721.0,184217.0
GR0000000190,2022,1,53295.0,18761.0,35924.0,412792.0,251945.0,6316.0,25077.0,230307.0
GR0000000190,2023,1,49725.0,20067.0,32733.0,470347.0,293610.0,6004.0,26072.0,245128.0
GR0000000190,2024,1,23054.0,8728.0,28191.0,214506.0,120610.0,3350.0,12078.0,146215.0
GR0000000191,2020,12,3397876.0,1148864.0,448465.0,7706384.0,2732930.0,422077.0,1570941.0,6327536.0
GR0000000191,2021,13,2980473.0,1002547.0,427526.0,5902062.0,2539191.0,347126.0,1349673.0,5550952.0
GR0000000191,2022,13,2043691.0,916108.0,554814.0,3503506.0,1453380.0,278699.0,1194807.0,3963110.0
GR0000000191,2023,12,3862739.0,1386854.0,471859.0,4830320.0,2427232.0,357039.0,1743894.0,5947866.0
GR0000000191,2024,12,1745567.0,588761.0,530576.0,3504170.0,1885962.0,224649.0,813410.0,3105146.0
GR0000000192,2020,1,63926.0,26307.0,33618.0,582923.0,433557.0,8754.0,35061.0,171458.0
GR0000000192,2021,1,106332.0,51103.0,36782.0,1846210.0,1527972.0,15142.0,66246.0,279477.0
GR0000000192,2022,1,140750.0,52641.0,33971.0,1598512.0,1227317.0,21710.0,74351.0,294096.0
GR0000000192,2023,1,118372.0,56989.0,36462.0,1267824.0,971547.0,22096.0,79084.0,300588.0
GR0000000192,2024,1,136398.0,50183.0,35365.0,2111937.0,1604998.0,19312.0,69495.0,293843.0
GR0000000193,2020,111,3204013.0,771614.0,2325623.0,16260464.0,11383439.0,212285.0,983899.0,10170847.0
GR0000000193,2021,124,6868748.0,1727522.0,2009818.0,37375419.0,25546580.0,460190.0,2187711.0,21952382.0
GR0000000193,2022,121,9948954.0,1721275.0,2266982.0,40692984.0,28846897.0,487650.0,2208925.0,24829320.0
GR0000000193,2023,122,6945277.0,1683348.0,2966186.0,23361479.0,14933345.0,517825.0,2201173.0,17248777.0
GR0000000193,2024,117,4402146.0,886496.0,2101988.0,24514942.0,14296493.0,255526.0,1142022.0,13715198.0
GR0000000194,2020,224,44067031.0,17453525.0,11124002.0,56145003.0,18108949.0,3888123.0,21341647.0,66817094.0
GR0000000194,2021,226,64048551.0,30187004.0,11744362.0,90186990.0,39503620.0,7928668.0,38115672.0,104686365.0
GR0000000194,2022,206,41799521.0,13572974.0,11686426.0,46839935.0,15214334.0,4101642.0,17674616.0,66465876.0
GR0000000194,2023,200,73834734.0,25521301.0,8845037.0,92565360.0,29813060.0,8970620.0,34491920.0,108271156.0
GR0000000194,2024,231,46898380.0,20194361.0,11668067.0,57631111.0,26888406.0,6694675.0,26889036.0,70281361.0
GR0000000195,2020,1,61740.0,15989.0,26046.0,251174.0,115003.0,4885.0,20875.0,152517.0
GR0000000195,2021,1,74126.0,17768.0,28268.0,209214.0,103453.0,5313.0,23081.0,167714.0
GR0000000195,2022,1,28642.0,8391.0,25817.0,63099.0,34399.0,2757.0,11148.0,68231.0
GR0000000195,2023,1,60528.0,14513.0,29822.0,160477.0,99088.0,3847.0,18360.0,134114.0
GR0000000195,2024,1,31054.0,6965.0,24043.0,77197.0,43552.0,2473.0,9438.0,66758.0
GR0000000196,2020,1,21073.0,6945.0,29328.0,210723.0,150532.0,2610.0,9555.0,134169.0
GR0000000196,2021,1,47875.0,16337.0,30124.0,334649.0,220317.0,5019.0,21357.0,212352.0
GR0000000196,2022,1,27649.0,11552.0,30545.0,361817.0,237121.0,3799.0,15351.0,142802.0
GR0000000196,2023,1,45342.0,17011.0,31009.0,362388.0,244356.0,6853.0,23864.0,242056.0
GR0000000196,2024,1,34371.0,14023.0,29570.0,232345.0,153370.0,4742.0,18765.0,140316.0
GR0000000197,2020,1,54836.0,19564.0,23258.0,191737.0,121108.0,7317.0,26881.0,175688.0
GR0000000197,2021,1,46679.0,14073.0,27815.0,148399.0,75211.0,4758.0,18831.0,140971.0
GR0000000197,2022,1,43178.0,10886.0,28713.0,153317.0,71204.0,4664.0,15550.0,101663.0
GR0000000197,2023,1,58652.0,15692.0,24393.0,208501.0,117718.0,5694.0,21385.0,141736.0
GR0000000197,2024,1,80107.0,22234.0,26289.0,353751.0,209287.0,7046.0,29280.0,217122.0
GR0000000198,2023,11,122263.0,44877.0,212386.0,939316.0,691267.0,13471.0,58348.0,769545.0
GR0000000198,2024,10,208576.0,50044.0,222977.0,894997.0,677254.0,20466.0,70510.0,845743.0
GR0000000199,2020,10,722815.0,171867.0,368315.0,1377301.0,789628.0,57738.0,229605.0,1749364.0
GR0000000199,2021,9,1359796.0,498045.0,348582.0,2842198.0,1275673.0,169297.0,667342.0,2733375.0
GR0000000199,2022,8,541908.0,165854.0,260286.0,1210766.0,666760.0,58246.0,224100.0,1340523.0
GR0000000199,2023,8,528866.0,174651.0,215980.0,1143764.0,574426.0,52857.0,227507.0,1174372.0
GR0000000199,2024,9,1189419.0,392875.0,343216.0,3273020.0,1770293.0,125809.0,518684.0,2802213.0
GR0000000200,2020,7,166416.0,41652.0,154255.0,539997.0,261106.0,14004.0,55656.0,737918.0
GR0000000200,2021,8,253246.0,78166.0,149026.0,931528.0,436982.0,21638.0,99804.0,1339804.0
GR0000000200,2022,8,242540.0,56906.0,168115.0,815471.0,498880.0,16769.0,73675.0,1044297.0
GR0000000200,2023,8,242098.0,47894.0,200083.0,1068605.0,489646.0,15621.0,63515.0,1304769.0
GR0000000200,2024,8,169199.0,27917.0,133412.0,608416.0,309707.0,8047.0,35964.0,606417.0
GR0000000201,2020,79,16965342.0,4448190.0,2932510.0,27836037.0,14018528.0,1677747.0,6125936.0,37872025.0
GR0000000201,2021,91,15566827.0,3620568.0,3367907.0,28887917.0,10715346.0,1232775.0,4853343.0,30873319.0
GR0000000201,2022,92,12512271.0,3947196.0,3412030.0,16866731.0,8541866.0,1386603.0,5333799.0,23817076.0
GR0000000201,2023,100,23992716.0,5848507.0,3779399.0,40366628.0,21880029.0,1967446.0,7815953.0,48067027.0
GR0000000201,2024,91,17514759.0,5281553.0,4013537.0,28372313.0,12087192.0,1438891.0,6720445.0,39518377.0
GR0000000202,2020,5,800145.0,338636.0,248690.0,3832493.0,2891946.0,130475.0,469111.0,1379284.0
GR0000000202,2021,5,1240526.0,487696.0,213170.0,8893315.0,7817204.0,134830.0,622526.0,2215728.0
GR0000000202,2022,4,954678.0,430636.0,184125.0,13079517.0,10302478.0,134457.0,565093.0,2302183.0
GR0000000202,2023,4,711441.0,355864.0,193154.0,4411147.0,3540041.0,113640.0,469505.0,1354202.0
GR0000000202,2024,3,757245.0,340877.0,138033.0,4222963.0,3401690.0,111192.0,452069.0,1388170.0
GR0000000203,2020,197,58153965.0,25956468.0,13705094.0,373492854.0,321192660.0,6313609.0,32270077.0,120719467.0
GR0000000203,2021,203,56566549.0,23732836.0,10183215.0,471231181.0,414076982.0,8065263.0,31798099.0,121808730.0
GR0000000203,2022,232,76645794.0,37875798.0,12968185.0,450925926.0,402314522.0,12585958.0,50461756.0,160039928.0
GR0000000203,2023,250,52318558.0,25853450.0,14911066.0,562761385.0,468985298.0,9525868.0,35379319.0,105943460.0
GR0000000203,2024,228,73264520.0,35241838.0,11135314.0,625282218.0,547083599.0,10534580.0,45776418.0,138491664.0
GR0000000204,2020,2,25760.0,5876.0,27346.0,112606.0,66420.0,1830.0,7706.0,109383.0
GR0000000204,2021,1,13301.0,3286.0,16353.0,91023.0,60005.0,1162.0,4448.0,84061.0
GR0000000204,2022,1,10184.0,2123.0,13619.0,58288.0,33880.0,602.0,2725.0,54474.0
GR0000000204,2023,1,15472.0,3887.0,15453.0,50584.0,27407.0,1299.0,5186.0,61811.0
GR0000000204,2024,1,16525.0,3521.0,19680.0,73717.0,49245.0,1199.0,4720.0,78722.0
GR0000000205,2020,38,513762.0,138382.0,708123.0,2303733.0,1395603.0,45694.0,184077.0,2832490.0
GR0000000205,2021,36,569271.0,100304.0,618092.0,2649425.0,1395102.0,35132.0,135437.0,2792830.0
GR0000000205,2022,35,472315.0,112641.0,481817.0,2016648.0,1365045.0,45447.0,158088.0,1927269.0
GR0000000205,2023,37,722935.0,200675.0,738903.0,3365020.0,2227494.0,61064.0,261738.0,2955611.0
GR0000000205,2024,36,350936.0,72969.0,478597.0,1892858.0,1001983.0,23349.0,96318.0,1914390.0
GR0000000206,2023,30,6406201.0,2557749.0,1094873.0,60737058.0,47033893.0,909386.0,3467135.0,10798043.0
GR0000000206,2024,29,3595931.0,1447606.0,1035101.0,41660043.0,32690852.0,471891.0,1919497.0,8729408.0
GR0000000207,2020,2,55379.0,13218.0,47395.0,265605.0,167555.0,4124.0,17341.0,252982.0
GR0000000207,2021,1,11948.0,4037.0,22516.0,86055.0,44461.0,1263.0,5300.0,77738.0
GR0000000207,2022,1,29695.0,8623.0,18970.0,138269.0,71896.0,3522.0,12144.0,156530.0
GR0000000207,2023,1,9263.0,3260.0,18398.0,59455.0,33014.0,1121.0,4381.0,61327.0
GR0000000207,2024,1,11725.0,2766.0,18084.0,71541.0,38102.0,862.0,3628.0,74139.0
GR0000000208,2020,244,86526745.0,46979497.0,12936637.0,511549219.0,455665264.0,12033061.0,59012557.0,137638905.0
GR0000000208,2021,247,98704680.0,54343865.0,12520718.0,883366849.0,726519825.0,13391625.0,67735490.0,191689543.0
GR0000000208,2022,250,79075829.0,29582010.0,16602786.0,375947464.0,330062385.0,10638948.0,40220958.0,154917314.0
GR0000000208,2023,237,102408433.0,47567022.0,11563827.0,591990721.0,480540595.0,13317996.0,60885018.0,217196863.0
GR0000000208,2024,250,95964028.0,42282079.0,13811044.0,761108442.0,649105606.0,12973166.0,55255245.0,184626108.0
GR0000000209,2020,258,19318288.0,5566580.0,8331100.0,41573081.0,26133505.0,1331303.0,6897883.0,80283198.0
GR0000000209,2021,278,16554807.0,4087098.0,9672172.0,42918774.0,27396262.0,1569246.0,5656344.0,73844193.0
GR0000000209,2022,309,22722304.0,6816972.0,12163779.0,57181589.0,29225746.0,1752887.0,8569859.0,106350934.0
GR0000000209,2023,288,24868745.0,8011505.0,9945296.0,52174925.0,23546141.0,1791395.0,9802900.0,110646699.0
GR0000000209,2024,274,10522109.0,2429782.0,9306343.0,21758288.0,12911724.0,865448.0,3295231.0,45236372.0
GR0000000210,2020,105,8485155.0,2769180.0,3559718.0,23418164.0,13546480.0,670822.0,3440003.0,30299614.0
GR0000000210,2021,95,4032482.0,1382637.0,2876106.0,7806573.0,4333314.0,456109.0,1838746.0,13449276.0
GR0000000210,2022,98,8374467.0,2537264.0,3551282.0,25208738.0,17337820.0,688990.0,3226255.0,31147605.0
GR0000000210,2023,116,6375508.0,1473994.0,3133344.0,17624640.0,9149493.0,497594.0,1971588.0,25058154.0
GR0000000210,2024,116,7737207.0,2616535.0,3325893.0,24135273.0,13711084.0,639836.0,3256371.0,29070573.0
GR0000000211,2020,5,113772.0,18077.0,117710.0,468952.0,310567.0,6272.0,24349.0,578183.0
GR0000000211,2021,5,139662.0,38605.0,108148.0,421960.0,306625.0,14578.0,53183.0,591806.0
GR0000000211,2022,5,127840.0,22534.0,103368.0,556143.0,370523.0,8865.0,31399.0,666265.0
GR0000000211,2023,5,106086.0,27536.0,92304.0,309354.0,229384.0,9640.0,37175.0,437836.0
GR0000000211,2024,5,184455.0,48189.0,121906.0,613730.0,378052.0,16800.0,64989.0,909773.0
GR0000000212,2020,2,126831.0,37150.0,67293.0,224575.0,110714.0,13852.0,51001.0,228165.0
GR0000000212,2021,1,82208.0,25870.0,27312.0,149876.0,67402.0,9374.0,35244.0,171226.0
GR0000000212,2022,1,133562.0,52951.0,25505.0,369302.0,198974.0,22571.0,75522.0,286076.0
GR0000000212,2023,1,61567.0,21181.0,30343.0,188161.0,81183.0,7438.0,28619.0,137320.0
GR0000000212,2024,1,69583.0,21432.0,33445.0,188621.0,90284.0,8576.0,30008.0,167976.0
GR0000000213,2020,11,725870.0,162247.0,203489.0,2637875.0,1912189.0,45677.0,207924.0,2293345.0
GR0000000213,2021,12,434312.0,87269.0,237363.0,1654185.0,988358.0,26902.0,114171.0,1358441.0
GR0000000213,2022,13,877674.0,193491.0,301512.0,3203009.0,1812036.0,72172.0,265662.0,2561210.0
GR0000000213,2023,14,873626.0,222502.0,225516.0,4779119.0,2966133.0,84796.0,307297.0,2406223.0
GR0000000213,2024,15,898929.0,136053.0,318838.0,4137965.0,2450320.0,52671.0,188724.0,2476415.0
GR0000000214,2020,2,42746.0,9723.0,33184.0,166639.0,102620.0,3126.0,12850.0,179117.0
GR0000000214,2021,1,39939.0,10199.0,19344.0,245698.0,131508.0,2913.0,13111.0,207363.0
GR0000000214,2022,1,15460.0,3271.0,19794.0,64790.0,45899.0,983.0,4254.0,83910.0
GR0000000214,2023,1,30038.0,4795.0,19748.0,204547.0,146534.0,1635.0,6430.0,175615.0
GR0000000214,2024,1,18523.0,2926.0,21468.0,95904.0,51436.0,1066.0,3992.0,91462.0
GR0000000215,2020,1,197641.0,74555.0,41206.0,1768910.0,1291332.0,23360.0,97916.0,448242.0
GR0000000215,2021,1,65953.0,30245.0,34238.0,773107.0,661293.0,8028.0,38273.0,179331.0
GR0000000215,2022,1,68597.0,24624.0,31794.0,964218.0,799756.0,9410.0,34034.0,171351.0
GR0000000215,2023,1,87896.0,29368.0,34289.0,1065825.0,864049.0,10630.0,39998.0,218165.0
GR0000000215,2024,1,53794.0,23304.0,31328.0,497313.0,346158.0,6514.0,29818.0,136298.0
GR0000000216,2020,5,167390.0,40846.0,126522.0,781586.0,504896.0,11645.0,52491.0,830948.0
GR0000000216,2021,5,110547.0,20458.0,100426.0,349473.0,174289.0,7698.0,28156.0,456480.0
GR0000000216,2022,5,114241.0,22737.0,117758.0,446703.0,279711.0,7017.0,29754.0,594562.0
GR0000000216,2023,4,149868.0,42685.0,101565.0,523857.0,285548.0,12833.0,55518.0,567695.0
GR0000000216,2024,4,142454.0,26219.0,88384.0,469575.0,217922.0,8853.0,35072.0,597185.0
GR0000000217,2020,9,348438.0,125782.0,225534.0,1374244.0,667326.0,36655.0,162436.0,973332.0
GR0000000217,2021,7,488841.0,132804.0,189095.0,1808484.0,911558.0,40585.0,173388.0,1229064.0
GR0000000217,2022,5,429636.0,103022.0,140572.0,1197021.0,675942.0,35418.0,138440.0,1247578.0
GR0000000217,2023,3,136518.0,37785.0,87232.0,503485.0,246284.0,14366.0,52150.0,343537.0
GR0000000217,2024,2,127409.0,36953.0,44565.0,381059.0,206615.0,10662.0,47615.0,319701.0
GR0000000218,2020,15,227667.0,34534.0,272363.0,1213860.0,795021.0,11121.0,45655.0,1437996.0
GR0000000218,2021,15,443711.0,103363.0,344551.0,1850976.0,1042552.0,30928.0,134291.0,2088339.0
GR0000000218,2022,15,188659.0,33418.0,256633.0,818953.0,488246.0,12038.0,45456.0,855444.0
GR0000000218,2023,15,235670.0,47001.0,300176.0,1094810.0,750177.0,18561.0,65562.0,1561501.0
GR0000000218,2024,14,223313.0,58410.0,284330.0,926373.0,618140.0,17743.0,76153.0,1243588.0
GR0000000219,2020,3,289938.0,72393.0,103363.0,564971.0,322990.0,20016.0,92409.0,632891.0
GR0000000219,2021,3,278731.0,90201.0,106878.0,607236.0,259793.0,30775.0,120976.0,587579.0
GR0000000219,2022,3,230127.0,54656.0,100159.0,669835.0,398201.0,16882.0,71538.0,606020.0
GR0000000219,2023,3,587981.0,158859.0,124055.0,1199182.0,624389.0,46800.0,205659.0,1163351.0
GR0000000219,2024,3,426579.0,144546.0,113502.0,855411.0,403835.0,39225.0,183770.0,914668.0
GR0000000220,2020,1,15122.0,3009.0,15874.0,55916.0,35408.0,806.0,3815.0,63498.0
GR0000000220,2021,1,13501.0,1988.0,17877.0,82937.0,38279.0,556.0,2544.0,71508.0
GR0000000220,2022,1,18801.0,4839.0,15946.0,63468.0,45492.0,1425.0,6264.0,63783.0
GR0000000220,2023,1,22985.0,3567.0,20501.0,89819.0,57056.0,935.0,4502.0,103042.0
GR0000000220,2024,1,19657.0,2817.0,18702.0,57409.0,39107.0,918.0,3735.0,74809.0
GR0000000221,2020,17,884974.0,318774.0,383869.0,3090198.0,1673093.0,104959.0,423734.0,3404881.0
GR0000000221,2021,18,668578.0,166191.0,473104.0,2088380.0,1301434.0,51220.0,217411.0,2307260.0
GR0000000221,2022,17,748714.0,272338.0,451230.0,2750927.0,1777567.0,98431.0,370769.0,3454415.0
GR0000000221,2023,19,1544633.0,488525.0,549864.0,5028243.0,2481457.0,189531.0,678056.0,6057119.0
GR0000000221,2024,17,1129267.0,418004.0,431697.0,3738237.0,2065488.0,122594.0,540598.0,3778196.0
GR0000000222,2020,41,1346889.0,307334.0,1012723.0,4003755.0,2672998.0,111992.0,419325.0,5529152.0
GR0000000222,2021,46,2835559.0,749177.0,1116001.0,6435214.0,3219119.0,228825.0,978002.0,12251619.0
GR0000000222,2022,48,1976173.0,520051.0,1194749.0,6440504.0,3338230.0,162327.0,682378.0,7248360.0
GR0000000222,2023,50,2600190.0,648368.0,1474083.0,5732248.0,3903050.0,183249.0,831617.0,10037190.0
GR0000000222,2024,50,2574084.0,467415.0,1214885.0,7153802.0,3738585.0,144009.0,611424.0,9982639.0
GR0000000223,2020,18,481999.0,127176.0,281704.0,1866825.0,1462558.0,46338.0,173514.0,1283202.0
GR0000000223,2021,16,755728.0,193859.0,311460.0,3639609.0,2203280.0,68626.0,262485.0,2205988.0
GR0000000223,2022,18,650582.0,174175.0,346779.0,3671768.0,2804134.0,50043.0,224218.0,2488303.0
GR0000000223,2023,17,343582.0,80893.0,307675.0,2264442.0,1606236.0,29724.0,110617.0,1251234.0
GR0000000223,2024,18,527321.0,95591.0,345341.0,2193019.0,1523903.0,38499.0,134090.0,1428435.0
GR0000000224,2022,12,831670.0,249434.0,410033.0,2004322.0,905145.0,94756.0,344190.0,1695957.0
GR0000000224,2023,14,973656.0,414985.0,407343.0,2143164.0,868931.0,164818.0,579803.0,2260960.0
GR0000000224,2024,13,1362580.0,468532.0,443767.0,3351891.0,1361039.0,179720.0,648252.0,2941575.0
GR0000000225,2020,128,9188971.0,2270626.0,4450854.0,22326104.0,15510173.0,500628.0,2771254.0,31642475.0
GR0000000225,2021,109,5190489.0,1699258.0,3160169.0,12326897.0,5723352.0,443468.0,2142727.0,19680218.0
GR0000000225,2022,104,6105439.0,2130193.0,3380886.0,17553720.0,10444295.0,541720.0,2671913.0,22727922.0
GR0000000225,2023,106,6948928.0,2121232.0,3073619.0,16855814.0,10549216.0,613099.0,2734331.0,19765893.0
GR0000000225,2024,116,9108768.0,2519687.0,3564162.0,27409978.0,13966148.0,649942.0,3169628.0,27718438.0
GR0000000226,2020,9,1252519.0,390648.0,294073.0,2500701.0,1421332.0,134067.0,524715.0,2536321.0
GR0000000226,2021,8,956112.0,337280.0,278712.0,1883151.0,1087563.0,106090.0,443370.0,2050602.0
GR0000000226,2022,8,1106513.0,266965.0,209957.0,1984015.0,910986.0,70614.0,337579.0,2239419.0
GR0000000226,2023,8,511654.0,154359.0,273231.0,1430643.0,761904.0,53331.0,207690.0,1263200.0
GR0000000226,2024,7,516047.0,155729.0,273405.0,916886.0,482406.0,55533.0,211262.0,1110362.0
GR0000000227,2020,10,588468.0,100705.0,185408.0,2436417.0,1350775.0,36380.0,137086.0,1743211.0
GR0000000227,2021,10,757521.0,150886.0,222271.0,2563808.0,1899685.0,56204.0,207090.0,1815468.0
GR0000000227,2022,10,346774.0,86367.0,166321.0,1699522.0,1171245.0,25854.0,112221.0,1049011.0
GR0000000227,2023,10,326848.0,91524.0,224037.0,1676949.0,986781.0,31436.0,122960.0,910735.0
GR0000000227,2024,9,494607.0,96312.0,183941.0,2128604.0,1294431.0,27242.0,123554.0,1420634.0
GR0000000228,2020,8,160538.0,38253.0,112210.0,256220.0,135900.0,9827.0,48080.0,623390.0
GR0000000228,2021,9,569330.0,155816.0,184304.0,597869.0,349697.0,53390.0,209206.0,1689585.0
GR0000000228,2022,8,283158.0,78114.0,159416.0,580097.0,354954.0,28895.0,107008.0,1049549.0
GR0000000228,2023,7,181135.0,42909.0,113452.0,248019.0,131022.0,15786.0,58695.0,630292.0
GR0000000228,2024,7,348061.0,76889.0,132879.0,407923.0,281699.0,21494.0,98383.0,1148000.0
GR0000000229,2020,3,68602.0,13848.0,78422.0,296026.0,178408.0,4148.0,17996.0,380093.0
GR0000000229,2021,3,104196.0,27765.0,95750.0,266052.0,151208.0,8767.0,36532.0,415244.0
GR0000000229,2022,3,114501.0,19869.0,77292.0,319606.0,202922.0,6516.0,26385.0,442442.0
GR0000000229,2023,3,174984.0,32043.0,86489.0,499311.0,303090.0,12005.0,44048.0,711861.0
GR0000000229,2024,3,194952.0,58304.0,87295.0,652804.0,408442.0,16868.0,75172.0,825379.0
GR0000000230,2020,13,689182.0,158853.0,242137.0,2175231.0,1383823.0,32479.0,191332.0,1558240.0
GR0000000230,2021,11,738249.0,157342.0,231162.0,3535516.0,3109303.0,44698.0,202040.0,1636143.0
GR0000000230,2022,8,357211.0,80925.0,155937.0,1843493.0,973071.0,14219.0,95144.0,795636.0
GR0000000230,2023,7,440879.0,112229.0,142183.0,1993702.0,1677760.0,25143.0,137372.0,1197955.0
GR0000000230,2024,7,414044.0,61943.0,131502.0,2552150.0,2210371.0,19186.0,81129.0,1118172.0
GR0000000231,2020,9,388704.0,107677.0,207415.0,548996.0,375409.0,35417.0,143094.0,1212785.0
GR0000000231,2021,9,344364.0,71222.0,195341.0,540935.0,356849.0,22476.0,93698.0,1085228.0
GR0000000231,2022,9,230514.0,49454.0,119344.0,277337.0,172584.0,12568.0,62023.0,663025.0
GR0000000231,2023,10,491710.0,119172.0,200994.0,814658.0,451608.0,41408.0,160580.0,1695719.0
GR0000000231,2024,10,297054.0,67809.0,155143.0,326530.0,173671.0,21147.0,88955.0,861908.0
GR0000000232,2020,246,22175159.0,11155801.0,8914386.0,148293690.0,125545181.0,3309780.0,14465580.0,55130804.0
GR0000000232,2021,249,36928673.0,16423227.0,9253137.0,333402768.0,279831886.0,4889362.0,21312589.0,87356686.0
GR0000000232,2022,249,74210923.0,31926632.0,11006830.0,445288057.0,371459335.0,10561489.0,42488122.0,124064880.0
GR0000000232,2023,249,39726522.0,19244886.0,11097543.0,269401549.0,222421970.0,6810766.0,26055652.0,74277600.0
GR0000000232,2024,249,52309341.0,19514756.0,9618920.0,410647055.0,337854446.0,6650059.0,26164815.0,110901242.0
GR0000000233,2020,2,90744.0,34719.0,63244.0,997348.0,617930.0,13429.0,48147.0,396632.0
GR0000000233,2021,2,48565.0,18001.0,62064.0,424587.0,293345.0,5816.0,23816.0,288067.0
GR0000000233,2022,2,102890.0,37872.0,63418.0,1069880.0,753955.0,13863.0,51735.0,500044.0
GR0000000233,2023,2,50734.0,16736.0,64884.0,696710.0,451586.0,6603.0,23339.0,290419.0
GR0000000233,2024,2,74483.0,31292.0,56378.0,721579.0,512155.0,9728.0,41020.0,413120.0
GR0000000234,2021,21,1251064.0,332085.0,501664.0,3107353.0,1896862.0,132892.0,464977.0,2825059.0
GR0000000234,2022,22,787208.0,249545.0,656703.0,3794146.0,2316236.0,78381.0,327926.0,2372606.0
GR0000000234,2023,23,1086050.0,281430.0,578594.0,5715597.0,3302278.0,91449.0,372879.0,3545004.0
GR0000000234,2024,20,479959.0,137641.0,515680.0,1329843.0,647463.0,42323.0,179964.0,1394638.0
GR0000000235,2024,41,2044342.0,587165.0,1486996.0,4171198.0,2443239.0,223632.0,810797.0,4964796.0
GR0000000236,2020,10,770402.0,182936.0,294367.0,2524694.0,1622287.0,73330.0,256266.0,2313517.0
GR0000000236,2021,10,711457.0,272772.0,237060.0,2944726.0,1560367.0,79590.0,352362.0,2293219.0
GR0000000236,2022,9,320661.0,85596.0,262375.0,1271956.0,792042.0,24817.0,110413.0,788700.0
GR0000000236,2023,10,587538.0,198739.0,284255.0,2461882.0,1159771.0,78600.0,277339.0,1938913.0
GR0000000236,2024,9,693614.0,152431.0,211716.0,1898367.0,1173128.0,60944.0,213375.0,1607574.0
GR0000000237,2020,1,64641.0,18608.0,26187.0,200299.0,103774.0,5288.0,23896.0,177181.0
GR0000000237,2021,1,65403.0,17882.0,22935.0,205267.0,109047.0,6850.0,24732.0,182395.0
GR0000000237,2022,1,72595.0,19613.0,27861.0,189149.0,113813.0,6644.0,26257.0,202757.0
GR0000000237,2023,1,45379.0,11251.0,27451.0,159477.0,101579.0,3990.0,15241.0,102488.0
GR0000000237,2024,1,70265.0,18987.0,21494.0,338790.0,202065.0,7313.0,26300.0,210281.0
GR0000000238,2024,232,19397093.0,3594931.0,8264328.0,37066906.0,22717458.0,1313462.0,4908392.0,66684784.0
GR0000000239,2020,4,143309.0,39943.0,126937.0,330498.0,171378.0,11763.0,51706.0,625233.0
GR0000000239,2021,4,113277.0,31994.0,93130.0,467303.0,266066.0,9329.0,41323.0,587692.0
GR0000000239,2022,3,109975.0,23484.0,80854.0,310754.0,169697.0,6844.0,30328.0,433617.0
GR0000000239,2023,3,132220.0,38099.0,94641.0,377272.0,218065.0,10595.0,48694.0,612155.0
GR0000000239,2024,3,79028.0,16450.0,83419.0,251668.0,161461.0,5084.0,21534.0,374203.0
GR0000000240,2020,8,205107.0,59877.0,216844.0,822275.0,550867.0,22647.0,82524.0,867518.0
GR0000000240,2021,8,317614.0,69384.0,214861.0,955222.0,580482.0,26775.0,96159.0,1107638.0
GR0000000240,2022,8,315018.0,108417.0,172372.0,1014848.0,651338.0,39944.0,148361.0,1418245.0
GR0000000240,2023,7,182276.0,56814.0,179894.0,545225.0,360459.0,19240.0,76054.0,805965.0
GR0000000240,2024,6,252148.0,73812.0,135683.0,865690.0,521946.0,19558.0,93369.0,840918.0
GR0000000241,2020,28,1089692.0,290741.0,520408.0,2853842.0,1428302.0,81879.0,372620.0,3962962.0
GR0000000241,2021,30,1024324.0,294907.0,725863.0,4022301.0,2154079.0,114499.0,409406.0,4468403.0
GR0000000241,2022,27,548979.0,105729.0,540241.0,1977728.0,1083798.0,35145.0,140875.0,2488525.0
GR0000000241,2023,30,385749.0,112280.0,413957.0,1353883.0,854959.0,34748.0,147027.0,1881622.0
GR0000000241,2024,35,765474.0,156165.0,754382.0,2576588.0,1395516.0,52514.0,208679.0,3429007.0
GR0000000242,2020,620,248081001.0,82221096.0,35556799.0,272080288.0,86841222.0,27212491.0,109433587.0,333102171.0
GR0000000242,2021,636,267367607.0,114106214.0,36120439.0,226420213.0,105509706.0,37185206.0,151291419.0,362254886.0
GR0000000242,2022,741,324992758.0,126168899.0,39102957.0,314026818.0,110492405.0,32597780.0,158766679.0,472713218.0
GR0000000242,2023,839,188949820.0,58723806.0,36894549.0,186646091.0,64467211.0,17875906.0,76599711.0,272434117.0
GR0000000242,2024,987,255216518.0,91942721.0,45682823.0,408089029.0,188653228.0,20813565.0,112756286.0,422280794.0
GR0000000243,2020,145,19476290.0,6991485.0,4961040.0,39141380.0,22624479.0,1827440.0,8818925.0,57074716.0
GR0000000243,2021,142,8950944.0,2896866.0,4585876.0,28297498.0,17023354.0,734329.0,3631195.0,32077259.0
GR0000000243,2022,155,18032141.0,5387121.0,5791006.0,46617410.0,25336101.0,1351522.0,6738642.0,51244198.0
GR0000000243,2023,162,12727002.0,4073278.0,4717604.0,27583562.0,14416102.0,1291963.0,5365241.0,44217343.0
GR0000000243,2024,144,13755737.0,3644702.0,3814402.0,29822480.0,15856759.0,1040412.0,4685114.0,42631138.0
GR0000000244,2020,1,13084.0,3499.0,23371.0,75181.0,57186.0,989.0,4488.0,73704.0
GR0000000244,2021,1,22798.0,8162.0,22052.0,124468.0,76062.0,2850.0,11012.0,112396.0
GR0000000244,2022,1,21902.0,8082.0,17477.0,180034.0,121514.0,2679.0,10761.0,138213.0
GR0000000244,2023,1,25176.0,8154.0,20435.0,173203.0,108215.0,2967.0,11121.0,130907.0
GR0000000244,2024,1,21355.0,5184.0,22053.0,131996.0,79904.0,1555.0,6739.0,87779.0
GR0000000245,2020,5,120260.0,32844.0,83531.0,239777.0,149618.0,10743.0,43588.0,417657.0
GR0000000245,2021,5,88165.0,17348.0,80242.0,157563.0,100096.0,6704.0,24052.0,401210.0
GR0000000245,2022,4,82863.0,22014.0,69889.0,188147.0,114131.0,8134.0,30147.0,349954.0
GR0000000245,2023,4,125724.0,32235.0,74077.0,268844.0,200025.0,12581.0,44816.0,472998.0
GR0000000245,2024,3,43831.0,12072.0,39433.0,94217.0,62806.0,4324.0,16396.0,197163.0
GR0000000246,2020,9,463453.0,150893.0,314868.0,1568776.0,681856.0,56138.0,207031.0,1238302.0
GR0000000246,2021,9,1086820.0,406485.0,250055.0,3534805.0,1731909.0,111270.0,517755.0,2978397.0
GR0000000246,2022,10,638050.0,229324.0,341408.0,1508090.0,809610.0,62252.0,291576.0,1701612.0
GR0000000246,2023,10,1561905.0,427943.0,334802.0,3616148.0,1512889.0,127829.0,555772.0,3914006.0
GR0000000246,2024,10,1474935.0,356302.0,356050.0,3311391.0,1706385.0,126415.0,482717.0,3147531.0
GR0000000247,2020,4,91492.0,23774.0,99899.0,341583.0,187969.0,8532.0,32306.0,445987.0
GR0000000247,2021,4,193039.0,64513.0,93682.0,641661.0,322260.0,16627.0,81140.0,855878.0
GR0000000247,2022,4,168421.0,48854.0,96420.0,500300.0,234409.0,13381.0,62235.0,566881.0
GR0000000247,2023,4,175289.0,49265.0,99636.0,620447.0,365051.0,13108.0,62373.0,856060.0
GR0000000247,2024,4,219673.0,50037.0,115755.0,889413.0,459605.0,16697.0,66734.0,1030018.0
GR0000000248,2021,4,423972.0,152747.0,133716.0,2865447.0,1499186.0,29043.0,181790.0,1549058.0
GR0000000248,2022,3,451525.0,147524.0,110743.0,2490210.0,1501885.0,44842.0,192365.0,1256372.0
GR0000000248,2023,2,256821.0,69141.0,65495.0,1183126.0,596466.0,12547.0,81688.0,849027.0
GR0000000248,2024,2,297117.0,106904.0,97372.0,1740168.0,979828.0,23156.0,130060.0,913481.0
GR0000000249,2020,2,400012.0,148929.0,63081.0,640208.0,319764.0,49814.0,198743.0,674336.0
GR0000000249,2021,1,141390.0,53962.0,33807.0,278294.0,166753.0,20878.0,74840.0,293400.0
GR0000000249,2022,1,100069.0,38167.0,27529.0,180543.0,74022.0,14030.0,52197.0,166788.0
GR0000000249,2023,1,66196.0,23544.0,31075.0,141473.0,70173.0,6810.0,30354.0,112472.0
GR0000000249,2024,1,125065.0,38639.0,29672.0,283276.0,134540.0,12226.0,50865.0,235245.0
GR0000000250,2020,14,198888.0,52583.0,265304.0,1468761.0,874908.0,19850.0,72432.0,1158515.0
GR0000000250,2021,15,249004.0,74481.0,299075.0,1180001.0,676940.0,28635.0,103117.0,1275596.0
GR0000000250,2022,15,358278.0,86712.0,359990.0,2141991.0,1104787.0,26085.0,112798.0,1989708.0
GR0000000250,2023,15,483023.0,129268.0,349697.0,2007449.0,1171429.0,40426.0,169694.0,2027752.0
GR0000000250,2024,15,247952.0,66808.0,350506.0,1232978.0,733361.0,24875.0,91683.0,1168353.0
GR0000000251,2020,28,448615.0,120084.0,601914.0,3123807.0,2428909.0,40188.0,160272.0,2843721.0
GR0000000251,2021,27,630257.0,157590.0,445405.0,3793713.0,2877946.0,66302.0,223892.0,2968731.0
GR0000000251,2022,29,646256.0,149615.0,531527.0,5038033.0,3882543.0,44321.0,193936.0,4098032.0
GR0000000251,2023,29,479358.0,142680.0,538123.0,2292042.0,1431081.0,42457.0,185137.0,2789668.0
GR0000000251,2024,31,586482.0,198311.0,623281.0,3089176.0,1906420.0,65732.0,264044.0,2813004.0
GR0000000252,2020,230,5330386.0,1339130.0,5897170.0,17800566.0,11822391.0,386072.0,1725202.0,29119380.0
GR0000000252,2021,212,13897583.0,2398473.0,4794669.0,45870370.0,23868933.0,697016.0,3095489.0,62705038.0
GR0000000252,2022,199,8835767.0,1610127.0,4869325.0,35445679.0,17810531.0,585908.0,2196035.0,45890928.0
GR0000000252,2023,224,8488177.0,1730824.0,6891389.0,21305209.0,13770584.0,637614.0,2368438.0,34620006.0
GR0000000252,2024,234,9448203.0,1873310.0,5575862.0,26633681.0,18017524.0,552341.0,2425651.0,43532666.0
GR0000000253,2020,2,685437.0,275560.0,99820.0,4585981.0,3874178.0,77670.0,353230.0,1124955.0
GR0000000253,2021,2,433121.0,194209.0,74554.0,3513364.0,3129988.0,55494.0,249703.0,756695.0
GR0000000253,2022,2,819862.0,326461.0,96599.0,6027285.0,4965737.0,75857.0,402317.0,1359171.0
GR0000000253,2023,2,869547.0,396088.0,99081.0,5000857.0,3894863.0,135978.0,532066.0,1708363.0
GR0000000253,2024,2,1226938.0,512784.0,74466.0,6682053.0,5382981.0,119598.0,632382.0,2048438.0
GR0000000254,2020,67,4112989.0,1197882.0,1624136.0,10221493.0,5896590.0,402576.0,1600459.0,16647855.0
GR0000000254,2021,73,2936100.0,987364.0,2005825.0,9718418.0,5141234.0,262831.0,1250195.0,14214027.0
GR0000000254,2022,70,4819775.0,1660738.0,1820057.0,13893557.0,8477119.0,516358.0,2177097.0,18538240.0
GR0000000254,2023,64,1835041.0,516116.0,1466096.0,7960565.0,4340978.0,166976.0,683093.0,9000440.0
GR0000000254,2024,70,4015281.0,1086337.0,1876532.0,12011184.0,6568821.0,384422.0,1470759.0,17314723.0
GR0000000255,2020,34,2190797.0,718293.0,1405438.0,16880382.0,8913762.0,244439.0,962732.0,10663184.0
GR0000000255,2021,33,2459844.0,1067896.0,1326172.0,16549826.0,11169568.0,268196.0,1336092.0,9691878.0
GR0000000255,2022,32,2389112.0,1056014.0,1031489.0,17508754.0,11095880.0,323805.0,1379819.0,9415537.0
GR0000000255,2023,36,2441002.0,1000623.0,1436080.0,14627711.0,8782713.0,354894.0,1355517.0,9897822.0
GR0000000255,2024,38,3674664.0,1671802.0,1627392.0,18998095.0,13148606.0,443592.0,2115394.0,14620137.0
GR0000000256,2020,1,29933.0,13001.0,28541.0,286504.0,178870.0,4345.0,17347.0,148915.0
GR0000000256,2021,1,35838.0,14412.0,30831.0,355644.0,210222.0,4165.0,18577.0,227825.0
GR0000000256,2022,1,28003.0,9837.0,31057.0,256553.0,153642.0,3134.0,12971.0,124229.0
GR0000000256,2023,1,22449.0,7097.0,27647.0,167884.0,97514.0,2361.0,9458.0,110588.0
GR0000000256,2024,1,24078.0,9295.0,26105.0,171275.0,95161.0,2785.0,12080.0,104422.0
GR0000000257,2020,3,118558.0,26979.0,90187.0,398629.0,202019.0,9687.0,36666.0,532333.0
GR0000000257,2021,3,131447.0,27603.0,95749.0,513576.0,271139.0,10124.0,37727.0,721390.0
GR0000000257,2022,3,89554.0,22854.0,85039.0,264955.0,137997.0,7244.0,30097.0,393313.0
GR0000000257,2023,3,129282.0,35351.0,87754.0,326261.0,222531.0,12295.0,47646.0,545516.0
GR0000000257,2024,3,126856.0,37849.0,95355.0,441915.0,245692.0,10816.0,48665.0,695607.0
GR0000000258,2020,75,2139762.0,795813.0,2210530.0,7402482.0,4272501.0,244994.0,1040806.0,7457050.0
GR0000000258,2021,88,2788353.0,687217.0,2093833.0,9463674.0,7087875.0,216038.0,903256.0,11349503.0
GR0000000258,2022,99,6396861.0,2101433.0,2428644.0,19512336.0,14522059.0,533347.0,2634780.0,21858814.0
GR0000000258,2023,113,5373858.0,1997927.0,3197286.0,23820628.0,15370662.0,686512.0,2684439.0,24507166.0
GR0000000258,2024,119,2642836.0,687947.0,2770144.0,11753134.0,8682669.0,228893.0,916841.0,12458929.0
GR0000000259,2020,127,15380363.0,3738776.0,4013004.0,16445028.0,7724666.0,511580.0,4250356.0,48644564.0
GR0000000259,2021,114,8801287.0,1349903.0,3217786.0,7484035.0,3716148.0,418998.0,1768901.0,21451908.0
GR0000000259,2022,105,10841630.0,2071894.0,3337852.0,8485637.0,4147721.0,505792.0,2577686.0,24159111.0
GR0000000259,2023,109,6725732.0,1520778.0,2250059.0,6379181.0,3632136.0,297712.0,1818489.0,15000392.0
GR0000000259,2024,97,9027654.0,2642117.0,3139186.0,12752010.0,6493021.0,394416.0,3036532.0,23746476.0
GR0000000260,2020,47,5297558.0,1988733.0,1519630.0,9681745.0,5741815.0,581844.0,2570577.0,9679911.0
GR0000000260,2021,49,4338448.0,1461283.0,1439192.0,7816956.0,3499435.0,435884.0,1897167.0,7453289.0
GR0000000260,2022,46,4722132.0,1632113.0,1562645.0,11985765.0,6553848.0,651760.0,2283873.0,9432518.0
GR0000000260,2023,43,4653819.0,1651634.0,1078039.0,9070843.0,4123794.0,536691.0,2188325.0,9265181.0
GR0000000260,2024,45,5439192.0,1842154.0,1427046.0,11633239.0,6559373.0,768113.0,2610267.0,9231141.0
GR0000000261,2020,3,145730.0,55567.0,101712.0,370106.0,184691.0,16938.0,72505.0,341390.0
GR0000000261,2021,3,242198.0,84164.0,75595.0,536787.0,307133.0,24620.0,108783.0,497982.0
GR0000000261,2022,3,206412.0,61647.0,103729.0,474717.0,256018.0,25226.0,86872.0,438152.0
GR0000000261,2023,2,223712.0,80508.0,63650.0,432848.0,194560.0,33255.0,113763.0,374476.0
GR0000000261,2024,2,184440.0,70894.0,53825.0,446939.0,235431.0,24716.0,95610.0,380931.0
GR0000000262,2020,14,232829.0,71976.0,305466.0,924176.0,472832.0,26750.0,98727.0,1018220.0
GR0000000262,2021,15,507996.0,151124.0,340728.0,2602756.0,1319936.0,44457.0,195581.0,2686834.0
GR0000000262,2022,14,428199.0,127427.0,257303.0,1812438.0,928435.0,46355.0,173782.0,1796026.0
GR0000000262,2023,15,337843.0,104001.0,297012.0,2676865.0,1589017.0,35006.0,139006.0,2116556.0
GR0000000262,2024,15,279351.0,97352.0,276181.0,2243382.0,1303982.0,36251.0,133603.0,1739686.0
GR0000000263,2020,28,3488731.0,1157285.0,957308.0,8222026.0,4347863.0,439174.0,1596458.0,7484741.0
GR0000000263,2021,26,2716025.0,1110669.0,866882.0,4869337.0,2029808.0,341503.0,1452172.0,4957345.0
GR0000000263,2022,25,2304135.0,684028.0,836795.0,4242128.0,1829469.0,241061.0,925090.0,4173935.0
GR0000000263,2023,29,2507901.0,936230.0,884943.0,6563484.0,2682624.0,279097.0,1215327.0,6136627.0
GR0000000263,2024,27,3831384.0,1544610.0,808672.0,8952573.0,4258812.0,501466.0,2046076.0,7233101.0
GR0000000264,2020,3,473374.0,187276.0,122782.0,4398600.0,3505336.0,53366.0,240642.0,917421.0
GR0000000264,2021,3,490802.0,212710.0,107081.0,4245039.0,3533598.0,55254.0,267963.0,864337.0
GR0000000264,2022,3,422320.0,163133.0,135459.0,5063154.0,3922552.0,55371.0,218504.0,980850.0
GR0000000264,2023,3,524761.0,221035.0,148549.0,5080554.0,4222353.0,73955.0,294990.0,1279720.0
GR0000000264,2024,3,741756.0,333703.0,118688.0,8194652.0,6601059.0,121077.0,454780.0,1442619.0
GR0000000265,2020,2,54308.0,19245.0,57569.0,722104.0,495354.0,6799.0,26043.0,309745.0
GR0000000265,2021,1,31889.0,14258.0,33000.0,184205.0,110545.0,4462.0,18720.0,133197.0
GR0000000265,2022,1,23726.0,9650.0,25024.0,321805.0,224698.0,3791.0,13441.0,134210.0
GR0000000265,2023,1,26237.0,9557.0,25455.0,256030.0,145907.0,3011.0,12567.0,158830.0
GR0000000265,2024,1,32281.0,9264.0,33688.0,218335.0,153851.0,3737.0,13001.0,162546.0
GR0000000266,2020,2,50962.0,8255.0,34396.0,230117.0,143305.0,2535.0,10789.0,131694.0
GR0000000266,2021,1,18317.0,4945.0,15401.0,66462.0,48213.0,1873.0,6818.0,54647.0
GR0000000266,2022,1,26915.0,4187.0,16598.0,166540.0,118709.0,1742.0,5929.0,75007.0
GR0000000266,2023,1,23528.0,6512.0,14072.0,126613.0,80255.0,2575.0,9087.0,74371.0
GR0000000266,2024,1,30556.0,4863.0,16697.0,187441.0,132999.0,1551.0,6414.0,97958.0
GR0000000267,2020,59,2638279.0,570520.0,1769528.0,6362135.0,3360786.0,147623.0,718143.0,8847641.0
GR0000000267,2021,60,3065714.0,637291.0,1581378.0,9761483.0,4033724.0,191459.0,828751.0,12416503.0
GR0000000267,2022,61,3645568.0,995772.0,1590193.0,8128558.0,4283295.0,349090.0,1344862.0,14335560.0
GR0000000267,2023,62,1987278.0,381912.0,1581004.0,5517145.0,3078730.0,97275.0,479187.0,8111835.0
GR0000000267,2024,64,2519089.0,607437.0,1871842.0,7169864.0,3856986.0,202543.0,809980.0,9948556.0
GR0000000268,2020,2,677647.0,269730.0,101528.0,3485237.0,2630270.0,53456.0,323186.0,992909.0
GR0000000268,2021,2,1176054.0,501551.0,77261.0,8564092.0,6292794.0,99254.0,600805.0,1859416.0
GR0000000268,2022,2,435088.0,201772.0,86200.0,3200031.0,3036194.0,50252.0,252024.0,777156.0
GR0000000268,2023,2,406250.0,168883.0,106489.0,2755474.0,2191950.0,35650.0,204534.0,746878.0
GR0000000268,2024,2,1009833.0,404392.0,82125.0,6641403.0,4725566.0,81701.0,486093.0,1874292.0
GR0000000269,2020,173,36718102.0,12630263.0,7693910.0,47991384.0,18454147.0,3997702.0,16627965.0,60111146.0
GR0000000269,2021,169,16223943.0,7327850.0,6228387.0,24118242.0,10796954.0,2138354.0,9466204.0,29533615.0
GR0000000269,2022,175,40541328.0,16271277.0,7015714.0,61903278.0,28782319.0,4280275.0,20551552.0,64146100.0
GR0000000269,2023,157,34441190.0,15030433.0,6700588.0,44253150.0,22281450.0,5385134.0,20415568.0,54970923.0
GR0000000269,2024,145,26244879.0,8894824.0,6031019.0,37586846.0,19056943.0,3143148.0,12037972.0,39117685.0
GR0000000270,2024,96,4095957.0,1425648.0,2463717.0,13976436.0,8736624.0,468665.0,1894313.0,18188028.0
GR0000000271,2020,213,12968821.0,4099926.0,6006457.0,37092878.0,22431926.0,1389933.0,5489859.0,48289275.0
GR0000000271,2021,213,10963612.0,3116199.0,5148701.0,41898925.0,29243738.0,904617.0,4020816.0,44390948.0
GR0000000271,2022,237,5877792.0,1772300.0,6427199.0,16039496.0,10512960.0,587738.0,2360038.0,23528297.0
GR0000000271,2023,247,5821839.0,1487200.0,6274510.0,31869021.0,19388319.0,518445.0,2005644.0,27897905.0
GR0000000271,2024,249,14400610.0,4771052.0,6712566.0,52418675.0,31348130.0,1315742.0,6086794.0,59604240.0
GR0000000272,2020,247,8137722.0,2202356.0,5504375.0,20069428.0,10509432.0,490945.0,2693302.0,29579804.0
GR0000000272,2021,250,7122275.0,1362391.0,5060292.0,14753473.0,6777609.0,425265.0,1787656.0,25301458.0
GR0000000272,2022,243,9758655.0,2276981.0,6598625.0,25574122.0,14309268.0,766430.0,3043411.0,32993126.0
GR0000000272,2023,250,9728111.0,1528346.0,5890528.0,21623891.0,10005665.0,558431.0,2086778.0,34539719.0
GR0000000272,2024,250,9736522.0,1796999.0,5611153.0,23709076.0,12743597.0,429262.0,2226261.0,35219848.0
GR0000000273,2020,13,131779.0,33840.0,205545.0,493088.0,340334.0,13651.0,47490.0,685152.0
GR0000000273,2021,13,192498.0,39055.0,271845.0,758738.0,553744.0,13249.0,52305.0,1047068.0
GR0000000273,2022,15,544605.0,166002.0,277837.0,2164009.0,1196330.0,50115.0,216116.0,2632629.0
GR0000000273,2023,15,391047.0,84486.0,276138.0,1249203.0,896805.0,25660.0,110146.0,1777712.0
GR0000000273,2024,15,191423.0,57446.0,360537.0,917074.0,528812.0,18091.0,75536.0,1272482.0
GR0000000274,2020,41,1870029.0,623270.0,1028444.0,19468184.0,11441698.0,264513.0,887783.0,9754068.0
GR0000000274,2021,37,635732.0,256935.0,931056.0,7492306.0,5599687.0,97428.0,354363.0,3724223.0
GR0000000274,2022,38,1812201.0,587042.0,1099433.0,13838562.0,9408666.0,197126.0,784168.0,8371892.0
GR0000000274,2023,42,1739979.0,674153.0,1361752.0,12249781.0,7208983.0,252915.0,927068.0,7024038.0
GR0000000274,2024,39,1514388.0,532612.0,1217808.0,10962197.0,7812301.0,210884.0,743496.0,6504171.0
GR0000000275,2020,1,51201.0,21807.0,31665.0,1352836.0,1013546.0,6540.0,28347.0,130787.0
GR0000000275,2021,1,57520.0,22825.0,30768.0,1486925.0,1070074.0,9346.0,32171.0,145350.0
GR0000000275,2022,1,83173.0,35888.0,31883.0,726572.0,584611.0,14275.0,50163.0,189395.0
GR0000000275,2023,1,87329.0,35866.0,30667.0,863492.0,695820.0,10170.0,46037.0,206009.0
GR0000000275,2024,1,78171.0,35654.0,38620.0,1035464.0,763689.0,10983.0,46637.0,203800.0
GR0000000276,2020,42,7191472.0,2746216.0,1296624.0,7789623.0,4200590.0,742665.0,3488881.0,10289503.0
GR0000000276,2021,40,7811473.0,2392147.0,1749819.0,14066873.0,5060427.0,813289.0,3205436.0,15421446.0
GR0000000276,2022,47,9589568.0,3860544.0,1457717.0,16929539.0,7605246.0,1073202.0,4933747.0,17473629.0
GR0000000276,2023,43,7395885.0,2407104.0,1690834.0,9514556.0,3494861.0,841641.0,3248744.0,10866742.0
GR0000000276,2024,46,12132670.0,4978940.0,1802207.0,19065239.0,6811147.0,1916162.0,6895102.0,19364209.0
GR0000000277,2020,37,1561274.0,386141.0,946919.0,4772767.0,2869604.0,138560.0,524701.0,3906346.0
GR0000000277,2021,34,1865986.0,462703.0,953301.0,7564017.0,3511937.0,147389.0,610093.0,5822304.0
GR0000000277,2022,34,1812088.0,501187.0,767980.0,6323457.0,3948257.0,166243.0,667429.0,5567737.0
GR0000000277,2023,37,1166169.0,370331.0,1043006.0,4531601.0,2508883.0,120287.0,490617.0,3622401.0
GR0000000277,2024,38,2665878.0,784073.0,783002.0,7596702.0,3978042.0,306056.0,1090129.0,6678840.0
GR0000000278,2020,41,1886741.0,365707.0,851742.0,6738975.0,4754247.0,139563.0,505270.0,4878924.0
GR0000000278,2021,38,2548932.0,508388.0,883458.0,8806966.0,5000020.0,194013.0,702401.0,8053108.0
GR0000000278,2022,45,2780040.0,540509.0,810283.0,11472220.0,7257804.0,171469.0,711978.0,8842441.0
GR0000000278,2023,49,3970476.0,771150.0,883074.0,20787393.0,12574605.0,212763.0,983913.0,11177873.0
GR0000000278,2024,57,2675094.0,446690.0,1188966.0,10851168.0,8032518.0,167383.0,614073.0,7555836.0
GR0000000279,2020,2,150329.0,40870.0,54373.0,582794.0,297725.0,12918.0,53789.0,481949.0
GR0000000279,2021,1,144180.0,40272.0,29220.0,339178.0,161538.0,13049.0,53321.0,328937.0
GR0000000279,2022,1,56821.0,17102.0,25210.0,130902.0,79956.0,4630.0,21732.0,124622.0
GR0000000279,2023,1,44099.0,11211.0,29384.0,141801.0,84435.0,3096.0,14307.0,115552.0
GR0000000279,2024,1,63481.0,18734.0,23574.0,287004.0,128089.0,4992.0,23726.0,157719.0
GR0000000280,2021,226,9187209.0,1904925.0,6172834.0,23965006.0,14406939.0,654603.0,2559528.0,23421392.0
GR0000000280,2022,250,13846337.0,3744077.0,6392734.0,47948660.0,29639782.0,1392751.0,5136827.0,38782956.0
GR0000000280,2023,250,15486379.0,3723175.0,6216908.0,44862993.0,23551942.0,935515.0,4658690.0,31543809.0
GR0000000280,2024,247,11038953.0,2865881.0,6386507.0,33442574.0,22038175.0,753588.0,3619469.0,28341527.0
GR0000000281,2020,6,312708.0,104957.0,158852.0,890021.0,424077.0,30535.0,135493.0,714427.0
GR0000000281,2021,6,456312.0,101817.0,134204.0,2328787.0,1403268.0,38889.0,140705.0,1290168.0
GR0000000281,2022,5,335124.0,117214.0,128748.0,1016756.0,590574.0,49204.0,166418.0,782210.0
GR0000000281,2023,4,311549.0,102435.0,81268.0,774335.0,488441.0,41523.0,143958.0,760999.0
GR0000000281,2024,4,230076.0,73625.0,97970.0,897095.0,507069.0,30517.0,104142.0,730099.0
GR0000000282,2020,5,260667.0,82414.0,113997.0,674811.0,418315.0,28306.0,110721.0,945084.0
GR0000000282,2021,5,147251.0,48376.0,110091.0,508077.0,241233.0,12453.0,60829.0,634468.0
GR0000000282,2022,5,176479.0,57963.0,139706.0,575519.0,263628.0,16414.0,74378.0,637399.0
GR0000000282,2023,5,225954.0,79950.0,148190.0,750219.0,459501.0,25074.0,105024.0,938399.0
GR0000000282,2024,4,132001.0,43214.0,118531.0,514982.0,314817.0,11124.0,54338.0,536677.0
GR0000000283,2020,125,8393962.0,2230605.0,3420201.0,7506772.0,4865308.0,692658.0,2923263.0,22801337.0
GR0000000283,2021,135,9536168.0,2955323.0,3191324.0,14794927.0,9167488.0,842581.0,3797904.0,29447131.0
GR0000000283,2022,154,7698265.0,1457349.0,3289829.0,11270105.0,5313853.0,478559.0,1935908.0,21932196.0
GR0000000283,2023,176,15388099.0,2624883.0,4708706.0,16166097.0,9302651.0,965667.0,3590550.0,44578257.0
GR0000000283,2024,171,9780930.0,1620945.0,4366368.0,10711859.0,6775505.0,394263.0,2015209.0,29109122.0
GR0000000284,2020,10,241356.0,74308.0,203431.0,849588.0,567078.0,24462.0,98771.0,978211.0
GR0000000284,2021,10,308178.0,74098.0,209618.0,2052317.0,1128965.0,22480.0,96578.0,1679834.0
GR0000000284,2022,9,334417.0,78631.0,172573.0,1306853.0,718315.0,30222.0,108853.0,1446183.0
GR0000000284,2023,8,155132.0,55324.0,191694.0,674266.0,411815.0,18039.0,73363.0,685121.0
GR0000000284,2024,8,178107.0,63535.0,180808.0,1366027.0,877644.0,25304.0,88839.0,1167790.0
GR0000000285,2020,6,148551.0,40349.0,111995.0,402330.0,298593.0,12410.0,52759.0,715880.0
GR0000000285,2021,6,140942.0,26505.0,95039.0,285644.0,161380.0,9004.0,35509.0,648853.0
GR0000000285,2022,6,173776.0,28323.0,122292.0,394982.0,256841.0,11443.0,39766.0,649530.0
GR0000000285,2023,5,147711.0,32352.0,83589.0,224972.0,163897.0,13263.0,45616.0,553328.0
GR0000000285,2024,5,80250.0,19684.0,61981.0,168785.0,110046.0,7028.0,26712.0,309903.0
GR0000000286,2020,7,838278.0,343278.0,209799.0,1356711.0,634728.0,129710.0,472988.0,1401745.0
GR0000000286,2021,6,432042.0,179221.0,200279.0,1142379.0,540289.0,69653.0,248875.0,975904.0
GR0000000286,2022,7,923679.0,383700.0,206288.0,1526620.0,626445.0,146951.0,530650.0,1578011.0
GR0000000286,2023,7,687135.0,285838.0,211788.0,1763483.0,751128.0,94034.0,379873.0,1517741.0
GR0000000286,2024,6,471534.0,203361.0,183627.0,994141.0,549932.0,67599.0,270960.0,947165.0
GR0000000287,2020,15,214546.0,52708.0,325968.0,806637.0,631137.0,15711.0,68419.0,964980.0
GR0000000287,2021,13,299909.0,65600.0,284431.0,1415310.0,842745.0,16440.0,82040.0,1180882.0
GR0000000287,2022,11,113443.0,38060.0,246080.0,872103.0,498159.0,11820.0,49881.0,615201.0
GR0000000287,2023,10,161503.0,50748.0,214680.0,620452.0,428282.0,14882.0,65630.0,645518.0
GR0000000287,2024,10,250913.0,54473.0,198251.0,1222354.0,920908.0,20345.0,74818.0,1241877.0
GR0000000288,2023,196,5825479.0,1752371.0,5761646.0,17966028.0,13365235.0,479019.0,2231390.0,21112388.0
GR0000000288,2024,198,6795906.0,2533137.0,3992690.0,21939690.0,16288338.0,854115.0,3387251.0,27836133.0
GR0000000289,2022,3,122193.0,52866.0,90816.0,646605.0,419125.0,16522.0,69388.0,412799.0
GR0000000289,2023,3,137642.0,47569.0,117404.0,748401.0,486356.0,15697.0,63266.0,575291.0
GR0000000289,2024,3,307704.0,109847.0,93762.0,1898355.0,988993.0,29347.0,139194.0,1032351.0
GR0000000290,2022,12,554003.0,161398.0,292462.0,1480889.0,795454.0,45644.0,207042.0,1236187.0
GR0000000290,2023,13,534403.0,166730.0,313607.0,2322843.0,1290179.0,62948.0,229678.0,1426299.0
GR0000000290,2024,12,390978.0,148527.0,241264.0,1092096.0,502207.0,41922.0,190449.0,1023637.0
GR0000000291,2020,8,259291.0,72802.0,205926.0,786904.0,560483.0,28021.0,100823.0,949826.0
GR0000000291,2021,7,139614.0,38971.0,184338.0,620415.0,350443.0,11005.0,49976.0,697888.0
GR0000000291,2022,6,289546.0,96562.0,141890.0,707228.0,422391.0,32037.0,128599.0,974824.0
GR0000000291,2023,6,328666.0,91152.0,135058.0,870320.0,521276.0,28492.0,119643.0,1173896.0
GR0000000291,2024,5,99846.0,26880.0,131963.0,387864.0,284495.0,6816.0,33696.0,479711.0
GR0000000292,2020,1,11140.0,1774.0,16132.0,45409.0,30127.0,754.0,2528.0,53774.0
GR0000000292,2021,1,18184.0,4175.0,22561.0,61461.0,40462.0,1499.0,5674.0,87830.0
GR0000000292,2022,1,28260.0,8253.0,22803.0,149862.0,97874.0,2655.0,10908.0,161740.0
GR0000000292,2023,1,16833.0,3266.0,22695.0,78284.0,53801.0,1264.0,4530.0,110948.0
GR0000000292,2024,1,24555.0,4582.0,22835.0,93567.0,63392.0,1822.0,6405.0,119569.0
GR0000000293,2020,2,133757.0,46320.0,59478.0,300911.0,133189.0,7900.0,54220.0,271337.0
GR0000000293,2021,1,248976.0,72235.0,35783.0,368115.0,179170.0,20215.0,92450.0,326504.0
GR0000000293,2022,1,88220.0,37003.0,26675.0,181241.0,78476.0,7322.0,44326.0,153794.0
GR0000000293,2023,1,154891.0,61409.0,38147.0,225530.0,120279.0,16175.0,77583.0,236963.0
GR0000000293,2024,1,71122.0,22615.0,38029.0,116478.0,57473.0,5346.0,27961.0,105205.0
GR0000000294,2020,6,48245.0,9695.0,68106.0,273379.0,165896.0,2592.0,12288.0,272424.0
GR0000000294,2021,5,110214.0,18118.0,87565.0,509073.0,341991.0,6532.0,24650.0,551560.0
GR0000000294,2022,4,84918.0,22332.0,84138.0,333459.0,240780.0,7631.0,29963.0,336551.0
GR0000000294,2023,3,47468.0,12440.0,49150.0,245595.0,168481.0,4614.0,17055.0,196598.0
GR0000000294,2024,2,19682.0,5132.0,24652.0,76989.0,46938.0,1800.0,6932.0,98607.0
GR0000000295,2020,40,1104193.0,207422.0,721465.0,5260330.0,2571126.0,70974.0,278397.0,5895559.0
GR0000000295,2021,38,939118.0,246174.0,953659.0,3536820.0,1737564.0,64521.0,310695.0,4923800.0
GR0000000295,2022,34,1467395.0,357506.0,743835.0,3871842.0,2151587.0,101310.0,458816.0,5885771.0
GR0000000295,2023,31,543247.0,90686.0,543944.0,2158772.0,997182.0,32286.0,122972.0,2472474.0
GR0000000295,2024,37,843751.0,238032.0,847089.0,2528351.0,1168273.0,79940.0,317972.0,4038842.0
GR0000000296,2020,27,1142144.0,265329.0,646653.0,3596973.0,2467515.0,66665.0,331993.0,4617305.0
GR0000000296,2021,31,1535756.0,383985.0,718333.0,3868883.0,2696571.0,112385.0,496370.0,5613661.0
GR0000000296,2022,29,1152641.0,189227.0,715797.0,2960282.0,1831028.0,60969.0,250196.0,4343867.0
GR0000000296,2023,26,1364045.0,324786.0,692841.0,3073964.0,1685874.0,82473.0,407259.0,5162395.0
GR0000000296,2024,27,1396037.0,266214.0,861026.0,4064099.0,2033972.0,100213.0,366427.0,7004890.0
GR0000000297,2020,133,23326284.0,5651883.0,5550512.0,55314075.0,27582266.0,1786827.0,7438710.0,55595964.0
GR0000000297,2021,142,14981593.0,5348376.0,5975025.0,33626442.0,17795027.0,1536939.0,6885315.0,37291561.0
GR0000000297,2022,143,14668886.0,5573837.0,6014906.0,23058452.0,8521549.0,1663386.0,7237223.0,31921647.0
GR0000000297,2023,136,28351594.0,10837063.0,6740441.0,42697861.0,23355978.0,2910755.0,13747818.0,63371624.0
GR0000000297,2024,161,15021651.0,4669476.0,7077024.0,28235558.0,12234291.0,1248944.0,5918419.0,34730132.0
GR0000000298,2020,8,451002.0,100914.0,210517.0,965101.0,529439.0,37704.0,138617.0,1042924.0
GR0000000298,2021,8,343945.0,92790.0,169838.0,1331418.0,776404.0,37828.0,130617.0,803962.0
GR0000000298,2022,7,234998.0,57394.0,145546.0,630371.0,320435.0,23860.0,81254.0,653930.0
GR0000000298,2023,6,312767.0,88725.0,120573.0,1263894.0,743029.0,25420.0,114145.0,872101.0
GR0000000298,2024,5,164083.0,47182.0,116061.0,598574.0,346068.0,18332.0,65514.0,398818.0
GR0000000299,2020,1,15573.0,3935.0,17986.0,67017.0,37308.0,1544.0,5479.0,86208.0
GR0000000299,2021,1,17470.0,4118.0,20070.0,86004.0,52695.0,1543.0,5661.0,88509.0
GR0000000299,2022,1,13818.0,2042.0,15415.0,56155.0,38706.0,819.0,2861.0,61659.0
GR0000000299,2023,1,13520.0,3680.0,19867.0,61726.0,37064.0,1129.0,4809.0,79467.0
GR0000000299,2024,1,13156.0,2650.0,16776.0,49800.0,26642.0,811.0,3461.0,67105.0
GR0000000300,2020,19,778333.0,234745.0,697390.0,4537829.0,2858363.0,84436.0,319181.0,3169956.0
GR0000000300,2021,17,1605272.0,546225.0,571035.0,7653484.0,4278884.0,143709.0,689934.0,5766679.0
GR0000000300,2022,18,1260599.0,439206.0,549013.0,5641329.0,3114164.0,137731.0,576937.0,4238238.0
GR0000000300,2023,17,1528384.0,690708.0,698854.0,11689784.0,7794196.0,189023.0,879730.0,6797191.0
GR0000000300,2024,17,1688782.0,558844.0,534408.0,14097781.0,8581196.0,199875.0,758720.0,7439709.0
GR0000000301,2020,2,128336.0,61905.0,71108.0,1279176.0,898350.0,18947.0,80852.0,322346.0
GR0000000301,2021,2,298597.0,132689.0,75436.0,3446450.0,2498316.0,44349.0,177038.0,744460.0
GR0000000301,2022,2,111811.0,50460.0,69753.0,1257796.0,1016041.0,18646.0,69106.0,245986.0
GR0000000301,2023,2,311055.0,120410.0,78634.0,3939352.0,3287087.0,37922.0,158332.0,791449.0
GR0000000301,2024,2,206451.0,77325.0,72107.0,2734512.0,2071908.0,31242.0,108568.0,423680.0
GR0000000302,2020,15,479223.0,166074.0,359526.0,1632594.0,1260264.0,47578.0,213652.0,1966012.0
GR0000000302,2021,14,325698.0,72450.0,252839.0,2492402.0,1987411.0,26826.0,99275.0,2157487.0
GR0000000302,2022,13,321078.0,90895.0,229950.0,1551292.0,1065239.0,35093.0,125989.0,1774569.0
GR0000000302,2023,13,149518.0,34859.0,244702.0,911091.0,604282.0,13189.0,48048.0,777906.0
GR0000000302,2024,13,206818.0,74499.0,218558.0,1055027.0,812437.0,21405.0,95904.0,908736.0
GR0000000303,2020,12,184602.0,46010.0,181336.0,557162.0,391116.0,18937.0,64947.0,475662.0
GR0000000303,2021,11,368942.0,66228.0,174179.0,1932972.0,1435186.0,27199.0,93428.0,990308.0
GR0000000303,2022,11,260443.0,66263.0,185021.0,1173754.0,772142.0,20521.0,86784.0,721014.0
GR0000000303,2023,11,169797.0,39583.0,162328.0,1200407.0,827409.0,14356.0,53939.0,536941.0
GR0000000303,2024,12,244455.0,60126.0,187978.0,1723219.0,1143721.0,20648.0,80774.0,913796.0
GR0000000304,2020,173,28325511.0,7885694.0,6398021.0,58829078.0,32309189.0,2210505.0,10096200.0,55271424.0
GR0000000304,2021,188,38205697.0,14190916.0,8780578.0,52642401.0,28345124.0,4694614.0,18885529.0,70629779.0
GR0000000304,2022,178,39195719.0,12988470.0,7672618.0,58244192.0,26186351.0,4535003.0,17523474.0,72315019.0
GR0000000304,2023,170,28677792.0,8417507.0,7021191.0,48110408.0,23496776.0,2221306.0,10638813.0,70473960.0
GR0000000304,2024,203,29799267.0,6842265.0,7761986.0,50804138.0,19569062.0,2466898.0,9309162.0,73503797.0
GR0000000305,2023,19,521359.0,140812.0,300260.0,2658480.0,1688449.0,58100.0,198912.0,1420574.0
GR0000000305,2024,17,231315.0,48247.0,263888.0,1187263.0,944417.0,15015.0,63262.0,664643.0
GR0000000306,2020,209,10989714.0,2893412.0,6019554.0,21255416.0,13060791.0,759987.0,3653399.0,40624689.0
GR0000000306,2021,196,8824992.0,1400312.0,5069085.0,25482824.0,14782310.0,450464.0,1850776.0,37296284.0
GR0000000306,2022,176,10276893.0,2999017.0,4851359.0,33520803.0,17800162.0,758296.0,3757313.0,45204492.0
GR0000000306,2023,196,7557924.0,2041861.0,6043115.0,20730996.0,11478778.0,604928.0,2646789.0,35841532.0
GR0000000306,2024,159,5614409.0,1298551.0,4134760.0,22474685.0,12234287.0,461138.0,1759689.0,28814842.0
GR0000000307,2020,10,438688.0,99193.0,194357.0,1415209.0,914556.0,29974.0,129167.0,1911998.0
GR0000000307,2021,9,181611.0,37113.0,202862.0,668040.0,335069.0,12616.0,49728.0,952890.0
GR0000000307,2022,10,276293.0,71706.0,207724.0,963736.0,575181.0,18319.0,90025.0,1460777.0
GR0000000307,2023,9,233810.0,49487.0,162764.0,845708.0,455709.0,15146.0,64632.0,1116939.0
GR0000000307,2024,8,201673.0,57123.0,189463.0,869102.0,409308.0,18332.0,75454.0,1091673.0
GR0000000308,2020,16,1662260.0,506412.0,449272.0,4060378.0,1971634.0,193105.0,699516.0,3934540.0
GR0000000308,2021,17,1538345.0,506484.0,622179.0,4314960.0,2512681.0,166380.0,672864.0,3923767.0
GR0000000308,2022,19,1241926.0,303806.0,543673.0,4035014.0,1691507.0,78331.0,382137.0,3526359.0
GR0000000308,2023,22,4277582.0,1577828.0,673986.0,7708423.0,3720625.0,495681.0,2073508.0,8600151.0
GR0000000308,2024,25,2410129.0,916928.0,732815.0,4574264.0,2075098.0,242832.0,1159759.0,5454264.0
GR0000000309,2020,13,270301.0,40072.0,281607.0,986090.0,641993.0,14059.0,54131.0,1180319.0
GR0000000309,2021,11,239950.0,50649.0,179482.0,865000.0,542433.0,19197.0,69847.0,980504.0
GR0000000309,2022,12,259069.0,38983.0,195438.0,827767.0,493713.0,12969.0,51952.0,1078148.0
GR0000000309,2023,11,80633.0,19070.0,102119.0,515365.0,314667.0,5613.0,24683.0,408478.0
GR0000000309,2024,10,244380.0,57059.0,165829.0,980702.0,555317.0,19761.0,76821.0,1174633.0
GR0000000310,2020,3,184097.0,60044.0,92025.0,613724.0,295995.0,24702.0,84746.0,450035.0
GR0000000310,2021,3,163449.0,52594.0,98693.0,350671.0,162369.0,21936.0,74531.0,275254.0
GR0000000310,2022,2,202162.0,69960.0,53071.0,429311.0,185089.0,19881.0,89841.0,357847.0
GR0000000310,2023,1,46981.0,15615.0,33431.0,160582.0,69141.0,6132.0,21748.0,114991.0
GR0000000310,2024,1,70843.0,21945.0,29038.0,140822.0,70410.0,7799.0,29744.0,134637.0
GR0000000311,2020,67,31586921.0,15273985.0,3303277.0,148793966.0,131911438.0,4237468.0,19511453.0,48210192.0
GR0000000311,2021,67,19421000.0,8612923.0,4129347.0,114634020.0,103643461.0,2577320.0,11190243.0,35813717.0
GR0000000311,2022,62,22998580.0,9063973.0,3868386.0,103939058.0,86277612.0,2083294.0,11147267.0,38524454.0
GR0000000311,2023,62,19923760.0,8929616.0,3413491.0,133778777.0,116591351.0,2819730.0,11749346.0,30179560.0
GR0000000311,2024,68,36410021.0,16892717.0,3943750.0,205342385.0,188443090.0,3687989.0,20580707.0,57072695.0
GR0000000312,2020,10,360295.0,81274.0,251800.0,1186316.0,759778.0,23041.0,104315.0,1495232.0
GR0000000312,2021,8,313189.0,81193.0,173525.0,1079003.0,717672.0,27002.0,108195.0,1373916.0
GR0000000312,2022,7,275321.0,38165.0,165652.0,897170.0,670728.0,14329.0,52494.0,1238399.0
GR0000000312,2023,6,117189.0,32697.0,125491.0,626027.0,415069.0,9384.0,42080.0,716495.0
GR0000000312,2024,6,157472.0,24919.0,124101.0,760305.0,568117.0,6859.0,31779.0,761438.0
GR0000000313,2022,149,19192214.0,6382021.0,6355044.0,65743400.0,39043509.0,2056352.0,8438372.0,55296748.0
GR0000000313,2023,131,21472715.0,8967368.0,7131240.0,89571570.0,51575775.0,2318828.0,11286196.0,62116089.0
GR0000000313,2024,108,8888831.0,3719130.0,4911076.0,32161237.0,15196054.0,1045530.0,4764660.0,26159773.0
GR0000000314,2020,2,20120.0,5130.0,35000.0,86395.0,56940.0,1881.0,7011.0,116668.0
GR0000000314,2021,2,74775.0,19569.0,47646.0,248677.0,147907.0,7608.0,27177.0,303816.0
GR0000000314,2022,2,40702.0,6477.0,45126.0,150059.0,100864.0,2645.0,9122.0,197289.0
GR0000000314,2023,2,45920.0,12460.0,42660.0,154756.0,102334.0,3839.0,16299.0,215213.0
GR0000000314,2024,1,11471.0,2269.0,21548.0,58132.0,34214.0,887.0,3156.0,71825.0
GR0000000315,2020,40,1382559.0,405422.0,1086820.0,6216920.0,3967953.0,107437.0,512860.0,6664660.0
GR0000000315,2021,36,1856711.0,468489.0,1013386.0,5791061.0,3085768.0,117181.0,585671.0,6291240.0
GR0000000315,2022,34,2035061.0,706866.0,789314.0,4871467.0,2919031.0,198784.0,905650.0,7060287.0
GR0000000315,2023,36,2245866.0,613825.0,996290.0,6028868.0,3165406.0,158889.0,772713.0,7927254.0
GR0000000315,2024,42,1467566.0,418386.0,1081679.0,5291392.0,2434550.0,138499.0,556885.0,6119758.0
GR0000000316,2020,13,319929.0,92394.0,260878.0,1883011.0,1361752.0,32527.0,124921.0,1374621.0
GR0000000316,2021,12,285192.0,75314.0,287449.0,1203869.0,843243.0,30488.0,105802.0,1169387.0
GR0000000316,2022,13,247948.0,80034.0,251695.0,1249394.0,818858.0,26124.0,106157.0,1217999.0
GR0000000316,2023,13,145414.0,38497.0,213009.0,1131798.0,698499.0,13147.0,51644.0,844097.0
GR0000000316,2024,12,149585.0,46109.0,232891.0,777295.0,543253.0,17424.0,63533.0,724512.0
GR0000000317,2020,61,1879335.0,529827.0,1513283.0,8471922.0,5318231.0,171327.0,701154.0,5958125.0
GR0000000317,2021,60,3371648.0,777730.0,1124025.0,13902871.0,7665383.0,294103.0,1071832.0,10077528.0
GR0000000317,2022,61,2202608.0,658606.0,1267796.0,7182941.0,4773192.0,215086.0,873691.0,7050320.0
GR0000000317,2023,70,2604621.0,675058.0,1463770.0,12771822.0,7488976.0,251498.0,926556.0,7748244.0
GR0000000317,2024,80,5048575.0,856469.0,1917811.0,20550927.0,12616693.0,250182.0,1106651.0,15532868.0
GR0000000318,2020,7,171295.0,47985.0,121185.0,284963.0,183541.0,15666.0,63651.0,673251.0
GR0000000318,2021,8,269557.0,81891.0,150749.0,438921.0,221170.0,22540.0,104431.0,1052755.0
GR0000000318,2022,7,442299.0,96757.0,128172.0,813642.0,484410.0,34832.0,131589.0,1558781.0
GR0000000318,2023,8,330245.0,61087.0,156683.0,566428.0,308477.0,17859.0,78945.0,1045421.0
GR0000000318,2024,8,348311.0,87903.0,160193.0,523134.0,364371.0,28975.0,116877.0,1127917.0
GR0000000319,2020,6,273050.0,87157.0,155910.0,1003899.0,655807.0,29380.0,116537.0,999952.0
GR0000000319,2021,6,260078.0,64367.0,147623.0,959458.0,632532.0,18429.0,82797.0,1007106.0
GR0000000319,2022,6,217609.0,81966.0,132745.0,912640.0,594236.0,26559.0,108525.0,962416.0
GR0000000319,2023,7,313858.0,114344.0,176793.0,935605.0,523313.0,40123.0,154466.0,1211213.0
GR0000000319,2024,6,312320.0,77460.0,151553.0,1150777.0,722147.0,25016.0,102476.0,1408621.0
GR0000000320,2020,70,4070927.0,1485939.0,1808636.0,13367615.0,9027998.0,418368.0,1904308.0,15721319.0
GR0000000320,2021,76,3265575.0,1279504.0,2783749.0,9820384.0,6653618.0,311270.0,1590773.0,12603665.0
GR0000000320,2022,82,8579598.0,2482655.0,2567383.0,23341047.0,13308275.0,558136.0,3040791.0,31301236.0
GR0000000320,2023,95,5124766.0,1565748.0,3070879.0,11445885.0,7702621.0,396907.0,1962655.0,16603859.0
GR0000000320,2024,96,7991340.0,2473359.0,3436297.0,14262906.0,7164725.0,549491.0,3022850.0,24249926.0
GR0000000321,2020,5,355549.0,75062.0,140200.0,803806.0,521331.0,22736.0,97798.0,1455479.0
GR0000000321,2021,4,244767.0,59803.0,117335.0,652261.0,432417.0,20352.0,80155.0,1082333.0
GR0000000321,2022,4,212391.0,43456.0,116903.0,542070.0,362679.0,15020.0,58475.0,773540.0
GR0000000321,2023,4,274153.0,85380.0,105963.0,622755.0,430597.0,22849.0,108229.0,992970.0
GR0000000321,2024,3,166113.0,37183.0,93242.0,606074.0,335052.0,10255.0,47438.0,744697.0
GR0000000322,2020,3,129525.0,29095.0,82654.0,559946.0,307050.0,10700.0,39794.0,381083.0
GR0000000322,2021,3,131096.0,37271.0,71472.0,397198.0,206857.0,12191.0,49462.0,296040.0
GR0000000322,2022,2,92710.0,22486.0,44768.0,279823.0,158021.0,8491.0,30977.0,240981.0
GR0000000322,2023,1,46103.0,11973.0,21948.0,142888.0,79638.0,5075.0,17048.0,103678.0
GR0000000322,2024,1,72615.0,23108.0,23540.0,266427.0,145190.0,8069.0,31177.0,173405.0
GR0000000323,2020,49,1353689.0,358355.0,869730.0,5396442.0,3728508.0,129240.0,487595.0,4296087.0
GR0000000323,2021,46,993650.0,280094.0,753621.0,6665609.0,4820301.0,104730.0,384824.0,2960407.0
GR0000000323,2022,44,1432751.0,249642.0,633789.0,12794367.0,9521509.0,105770.0,355413.0,5447469.0
GR0000000323,2023,46,1154698.0,258005.0,871649.0,5031971.0,3084980.0,84127.0,342131.0,3198016.0
GR0000000323,2024,46,1908506.0,327105.0,783960.0,9816199.0,6235492.0,139942.0,467047.0,6149261.0
GR0000000324,2024,19,567952.0,100566.0,464628.0,1605213.0,1082177.0,32389.0,132955.0,1376326.0
GR0000000325,2020,1,15301.0,4051.0,20510.0,51690.0,29998.0,1418.0,5469.0,68365.0
GR0000000325,2021,1,20788.0,5076.0,24528.0,64309.0,37061.0,1491.0,6568.0,94551.0
GR0000000325,2022,1,9700.0,2425.0,16080.0,39414.0,25705.0,863.0,3288.0,53600.0
GR0000000325,2023,1,29599.0,5490.0,19041.0,84594.0,61631.0,2305.0,7795.0,120050.0
GR0000000325,2024,1,13856.0,3038.0,18455.0,45455.0,32165.0,1095.0,4132.0,61515.0
GR0000000326,2020,101,16277863.0,6458990.0,4862600.0,71438268.0,38525729.0,2157014.0,8616004.0,54191067.0
GR0000000326,2021,120,17118795.0,5542099.0,6674535.0,77996344.0,47150424.0,2056264.0,7598363.0,61318622.0
GR0000000326,2022,126,17255643.0,7957268.0,5990871.0,82673446.0,45554747.0,2092386.0,10049654.0,59216377.0
GR0000000326,2023,123,20009433.0,8493048.0,6971727.0,64076841.0,33100385.0,2548253.0,11041301.0,57837344.0
GR0000000326,2024,140,13087866.0,4137836.0,7813968.0,52809231.0,27728255.0,1363448.0,5501284.0,46426981.0
GR0000000327,2020,30,1922836.0,737824.0,852264.0,5900079.0,2836208.0,213894.0,951718.0,3926864.0
GR0000000327,2021,35,3055254.0,1103623.0,977155.0,6390637.0,3510209.0,367800.0,1471423.0,5217113.0
GR0000000327,2022,37,2034366.0,695288.0,1225762.0,4562337.0,2124353.0,225408.0,920696.0,4361101.0
GR0000000327,2023,41,4510299.0,1349346.0,1397208.0,9220544.0,5085680.0,552177.0,1901524.0,8957793.0
GR0000000327,2024,47,5312344.0,2110929.0,1357060.0,12616612.0,7428039.0,854507.0,2965436.0,12830787.0
GR0000000328,2020,9,153003.0,33242.0,174722.0,568642.0,388561.0,9099.0,42341.0,698458.0
GR0000000328,2021,9,276298.0,51481.0,215065.0,1078703.0,751782.0,18573.0,70054.0,1272804.0
GR0000000328,2022,7,110545.0,21849.0,165943.0,471259.0,307594.0,5617.0,27466.0,653572.0
GR0000000328,2023,5,185107.0,44449.0,121814.0,920849.0,593922.0,16079.0,60529.0,1024861.0
GR0000000328,2024,4,176590.0,27865.0,82162.0,489807.0,329095.0,7801.0,35666.0,684386.0
GR0000000329,2020,5,200352.0,84899.0,170429.0,1227809.0,769341.0,32402.0,117302.0,835013.0
GR0000000329,2021,5,437252.0,194050.0,157026.0,2440735.0,1305575.0,55186.0,249236.0,1785385.0
GR0000000329,2022,5,232031.0,92104.0,211979.0,1626513.0,1064172.0,25519.0,117623.0,1130176.0
GR0000000329,2023,5,605627.0,203217.0,195121.0,4489802.0,2731275.0,75701.0,278917.0,2212394.0
GR0000000329,2024,5,357486.0,130703.0,209632.0,1763205.0,1174083.0,47791.0,178493.0,1411344.0
GR0000000330,2020,1,10648.0,2305.0,10783.0,55420.0,33647.0,679.0,2985.0,43132.0
GR0000000330,2021,1,10329.0,1673.0,14945.0,70047.0,40328.0,519.0,2192.0,59780.0
GR0000000330,2022,1,5879.0,1158.0,8297.0,32545.0,17834.0,446.0,1604.0,33186.0
GR0000000330,2023,1,12307.0,3077.0,14692.0,54722.0,36229.0,1260.0,4337.0,58767.0
GR0000000330,2024,1,17627.0,4237.0,17046.0,72870.0,48880.0,1727.0,5964.0,85531.0
GR0000000331,2020,1,21544.0,5139.0,22345.0,105301.0,73870.0,1870.0,7010.0,116035.0
GR0000000331,2021,1,12018.0,4008.0,16003.0,57074.0,36159.0,1166.0,5174.0,72879.0
GR0000000331,2022,1,16807.0,3965.0,18933.0,74926.0,46834.0,1692.0,5657.0,86923.0
GR0000000331,2023,1,8888.0,2893.0,20655.0,44278.0,34234.0,1038.0,3931.0,51638.0
GR0000000331,2024,1,20791.0,6788.0,16978.0,146549.0,95319.0,2021.0,8809.0,116754.0
GR0000000332,2020,28,755826.0,195052.0,460230.0,1060564.0,669280.0,68006.0,263057.0,2556834.0
GR0000000332,2021,28,1520979.0,350487.0,654653.0,1894836.0,955274.0,100660.0,451148.0,4933265.0
GR0000000332,2022,32,858435.0,187702.0,472641.0,1296486.0,750056.0,58525.0,246228.0,2625783.0
GR0000000332,2023,36,982324.0,183649.0,555132.0,1226063.0,847616.0,63550.0,247199.0,3084068.0
GR0000000332,2024,41,1511377.0,231632.0,794859.0,1645152.0,1078839.0,70883.0,302515.0,4415885.0
GR0000000333,2020,24,197239.0,56556.0,260218.0,1232600.0,617920.0,17404.0,73959.0,1040872.0
GR0000000333,2021,24,248780.0,59514.0,361368.0,1314605.0,870595.0,22911.0,82425.0,1445472.0
GR0000000333,2022,27,503739.0,76036.0,526422.0,1955745.0,1347892.0,32298.0,108334.0,2260545.0
GR0000000333,2023,27,563496.0,83779.0,410049.0,2005149.0,1235037.0,34957.0,118736.0,2279237.0
GR0000000333,2024,28,260361.0,46996.0,260752.0,1113139.0,570202.0,18646.0,65642.0,1043009.0
GR0000000334,2020,2,24358.0,6923.0,34470.0,129945.0,85812.0,2082.0,9005.0,122835.0
GR0000000334,2021,2,22141.0,7608.0,38415.0,130182.0,103698.0,2798.0,10405.0,128505.0
GR0000000334,2022,2,38791.0,12794.0,39755.0,251346.0,182426.0,4346.0,17140.0,215858.0
GR0000000334,2023,2,25067.0,8510.0,46079.0,106194.0,76601.0,3385.0,11895.0,122837.0
GR0000000334,2024,1,22452.0,8057.0,18003.0,116683.0,85275.0,2902.0,10960.0,125228.0
GR0000000335,2020,1,49856.0,21644.0,37933.0,823596.0,699513.0,9173.0,30817.0,131478.0
GR0000000335,2021,1,58596.0,25822.0,38786.0,630356.0,512055.0,8407.0,34229.0,165086.0
GR0000000335,2022,1,149876.0,57143.0,31546.0,1622891.0,1139312.0,23644.0,80787.0,329506.0
GR0000000335,2023,1,64197.0,25826.0,36790.0,499457.0,402633.0,7721.0,33547.0,152811.0
GR0000000335,2024,1,67404.0,29954.0,30530.0,929190.0,757603.0,9011.0,38965.0,174776.0
GR0000000336,2020,3,34058.0,7997.0,62088.0,195724.0,133093.0,2347.0,10344.0,198526.0
GR0000000336,2021,3,58733.0,13061.0,70857.0,392859.0,284997.0,5509.0,18570.0,354490.0
GR0000000336,2022,3,36515.0,8447.0,48540.0,196427.0,124704.0,2915.0,11362.0,216852.0
GR0000000336,2023,2,35933.0,11657.0,37431.0,194212.0,140489.0,4361.0,16018.0,196337.0
GR0000000336,2024,1,22966.0,8303.0,19784.0,88046.0,52910.0,2899.0,11202.0,92865.0
GR0000000337,2020,5,477603.0,219076.0,129025.0,865266.0,422158.0,62205.0,281281.0,894600.0
GR0000000337,2021,4,244970.0,95803.0,122298.0,491420.0,293288.0,40138.0,135940.0,433402.0
GR0000000337,2022,4,488247.0,146196.0,110620.0,985975.0,586302.0,54109.0,200305.0,987165.0
GR0000000337,2023,4,206352.0,82822.0,113028.0,523951.0,260129.0,26493.0,109315.0,425047.0
GR0000000337,2024,3,203644.0,58061.0,104163.0,423456.0,244792.0,23633.0,81694.0,374510.0
GR0000000338,2020,186,24971086.0,5221225.0,7770372.0,43079126.0,22550592.0,1063019.0,6284245.0,85294774.0
GR0000000338,2021,157,14410173.0,3302051.0,6280998.0,33183264.0,18495793.0,648806.0,3950857.0,54431467.0
GR0000000338,2022,121,12517706.0,1784393.0,4153073.0,29994190.0,15717047.0,508628.0,2293020.0,44749114.0
GR0000000338,2023,121,9763630.0,2214807.0,4311997.0,17552715.0,9877180.0,460023.0,2674831.0,32728832.0
GR0000000338,2024,96,14304160.0,2662606.0,3414918.0,31973550.0,16832987.0,872531.0,3535137.0,49383564.0
GR0000000339,2020,152,21453118.0,6730464.0,6770352.0,32577709.0,14854620.0,2038693.0,8769158.0,37121921.0
GR0000000339,2021,154,19444296.0,7722793.0,6264146.0,31680101.0,15392776.0,2060889.0,9783683.0,33621124.0
GR0000000339,2022,147,18594520.0,8341926.0,6561888.0,30014589.0,13888975.0,2248560.0,10590486.0,27851719.0
GR0000000339,2023,149,18368952.0,5974142.0,4759238.0,31340853.0,14955953.0,1908499.0,7882641.0,26777735.0
GR0000000339,2024,161,24836632.0,11748825.0,5737680.0,44117668.0,18402808.0,3019918.0,14768743.0,38105472.0
GR0000000340,2020,40,2745853.0,1251523.0,1703709.0,25175776.0,15366423.0,338943.0,1590466.0,13727433.0
GR0000000340,2021,36,1996128.0,687008.0,1541238.0,12182096.0,7188589.0,188991.0,875999.0,8131254.0
GR0000000340,2022,40,4950453.0,1576995.0,1792409.0,31075394.0,15708031.0,445134.0,2022128.0,19181090.0
GR0000000340,2023,40,4693124.0,1943299.0,1718301.0,22059719.0,12263183.0,537227.0,2480525.0,16133798.0
GR0000000340,2024,40,3159031.0,990638.0,1208405.0,20119821.0,12391016.0,310375.0,1301013.0,11510066.0
GR0000000341,2020,1,169765.0,78216.0,32151.0,1742629.0,1289324.0,21456.0,99672.0,436779.0
GR0000000341,2021,1,97761.0,46792.0,33279.0,1844482.0,1233351.0,16998.0,63790.0,242758.0
GR0000000341,2022,1,80479.0,35258.0,32665.0,653890.0,509587.0,10556.0,45813.0,209687.0
GR0000000341,2023,1,80764.0,36042.0,41055.0,1253117.0,927976.0,10092.0,46134.0,198913.0
GR0000000341,2024,1,49661.0,20265.0,31585.0,593938.0,499447.0,5701.0,25966.0,103136.0
GR0000000342,2020,2,42697.0,6490.0,49259.0,233726.0,168099.0,2138.0,8628.0,243143.0
GR0000000342,2021,1,24013.0,6247.0,19644.0,105184.0,64292.0,1794.0,8041.0,103787.0
GR0000000342,2022,1,27793.0,6914.0,23917.0,122929.0,88197.0,2576.0,9490.0,122298.0
GR0000000342,2023,1,35215.0,8124.0,21841.0,108553.0,63866.0,3323.0,11447.0,159509.0
GR0000000342,2024,1,30482.0,5350.0,22431.0,145990.0,94680.0,1568.0,6918.0,152588.0
GR0000000343,2020,1,32934.0,8552.0,18328.0,171883.0,115600.0,3088.0,11640.0,82758.0
GR0000000343,2021,1,18328.0,3944.0,14860.0,87094.0,61531.0,1551.0,5494.0,51656.0
GR0000000343,2022,1,41206.0,11317.0,14939.0,148673.0,102562.0,2962.0,14280.0,104704.0
GR0000000343,2023,1,53376.0,10588.0,20067.0,175886.0,139124.0,3124.0,13712.0,131061.0
GR0000000343,2024,1,13021.0,3453.0,18215.0,88291.0,60850.0,1020.0,4472.0,40477.0
GR0000000344,2020,6,120480.0,32760.0,108928.0,454520.0,263336.0,11991.0,44751.0,625824.0
GR0000000344,2021,6,175700.0,43834.0,119197.0,565618.0,345966.0,12618.0,56452.0,649966.0
GR0000000344,2022,6,157411.0,43376.0,139388.0,498976.0,301495.0,11836.0,55212.0,643556.0
GR0000000344,2023,6,133801.0,37659.0,126149.0,633769.0,405676.0,14026.0,51684.0,712307.0
GR0000000344,2024,6,191618.0,56533.0,150412.0,638001.0,360679.0,15564.0,72097.0,813048.0
GR0000000345,2020,37,3769400.0,1427705.0,1367839.0,8962267.0,3831272.0,375755.0,1803460.0,8254087.0
GR0000000345,2021,33,3346789.0,837006.0,1070606.0,8316115.0,4843352.0,266743.0,1103749.0,8674660.0
GR0000000345,2022,32,2903943.0,858922.0,952968.0,6062149.0,3419998.0,307512.0,1166434.0,6611517.0
GR0000000345,2023,36,4303282.0,1432328.0,1329122.0,10208076.0,6067879.0,490881.0,1923209.0,10227294.0
GR0000000345,2024,42,4185384.0,1405393.0,1420548.0,9532207.0,4199826.0,410812.0,1816205.0,9013020.0
GR0000000346,2020,223,29120872.0,9222999.0,12836207.0,123310769.0,75396350.0,3206174.0,12429174.0,95263992.0
GR0000000346,2021,236,34685409.0,14854067.0,11559001.0,186116317.0,101570301.0,4742779.0,19596846.0,120081321.0
GR0000000346,2022,235,22403798.0,9583161.0,13506852.0,119048454.0,65354644.0,2342686.0,11925847.0,77315274.0
GR0000000346,2023,242,38820941.0,11627727.0,13780692.0,161163312.0,94751521.0,4092056.0,15719784.0,142027304.0
GR0000000346,2024,222,39908366.0,17509884.0,10946153.0,175685884.0,110326468.0,4137813.0,21647696.0,127907382.0
GR0000000347,2020,5,301705.0,88527.0,175562.0,2316909.0,1679772.0,26054.0,114581.0,1535128.0
GR0000000347,2021,4,119055.0,44176.0,116668.0,861406.0,614268.0,12014.0,56190.0,519363.0
GR0000000347,2022,4,170338.0,59806.0,119333.0,1520841.0,1028051.0,16505.0,76311.0,971672.0
GR0000000347,2023,4,149509.0,41522.0,138642.0,952545.0,575595.0,13368.0,54890.0,678576.0
GR0000000347,2024,4,272624.0,80319.0,130356.0,2395546.0,1606898.0,28387.0,108706.0,1169127.0
GR0000000348,2020,6,610168.0,187896.0,209983.0,1350263.0,565598.0,66852.0,254748.0,1246110.0
GR0000000348,2021,7,555106.0,148143.0,187443.0,1338752.0,544721.0,54663.0,202806.0,1439505.0
GR0000000348,2022,6,895032.0,321913.0,221939.0,2896430.0,1312700.0,82386.0,404300.0,2238385.0
GR0000000348,2023,6,558878.0,209071.0,224177.0,1110321.0,571581.0,58056.0,267128.0,1295785.0
GR0000000348,2024,6,434173.0,116154.0,188884.0,1068405.0,454307.0,31591.0,147746.0,1238911.0
GR0000000349,2024,2,33405.0,5813.0,34662.0,219401.0,153332.0,2274.0,8086.0,167407.0
GR0000000350,2020,10,195359.0,29667.0,147779.0,366569.0,218801.0,10442.0,40109.0,738893.0
GR0000000350,2021,11,201020.0,45179.0,155410.0,312160.0,212913.0,15686.0,60866.0,777048.0
GR0000000350,2022,12,181391.0,43715.0,147547.0,394688.0,236971.0,17645.0,61359.0,737734.0
GR0000000350,2023,12,130889.0,32754.0,97605.0,231355.0,161533.0,11182.0,43936.0,488024.0
GR0000000350,2024,11,120264.0,19538.0,109792.0,380550.0,213759.0,7150.0,26689.0,548961.0
GR0000000351,2020,42,1091673.0,174975.0,1074836.0,3480415.0,1805880.0,59947.0,234923.0,4812746.0
GR0000000351,2021,46,2602280.0,705399.0,1226428.0,7238584.0,4094655.0,199305.0,904704.0,11278129.0
GR0000000351,2022,45,1786067.0,275934.0,1162526.0,5518792.0,3378654.0,72642.0,348576.0,9370797.0
GR0000000351,2023,47,1531725.0,444246.0,1434179.0,4393600.0,2484258.0,128330.0,572576.0,6058147.0
GR0000000351,2024,47,2392473.0,580372.0,1145777.0,5785470.0,3237648.0,197234.0,777607.0,10016190.0
GR0000000352,2022,82,13331149.0,5444034.0,3294197.0,25599161.0,13617656.0,2043263.0,7487298.0,24594142.0
GR0000000352,2023,83,10780755.0,4132774.0,3573244.0,12024596.0,5396850.0,1436343.0,5569117.0,15841856.0
GR0000000352,2024,82,17243378.0,6826341.0,2534350.0,24537375.0,11294175.0,2381817.0,9208158.0,30289840.0
GR0000000353,2020,6,94640.0,24927.0,126707.0,424005.0,257506.0,8004.0,32931.0,464210.0
GR0000000353,2021,6,127052.0,30157.0,133081.0,385543.0,251874.0,11207.0,41365.0,551634.0
GR0000000353,2022,5,84747.0,14463.0,105673.0,513997.0,285454.0,4324.0,18787.0,557654.0
GR0000000353,2023,4,107490.0,18219.0,74040.0,326996.0,200822.0,6186.0,24406.0,443606.0
GR0000000353,2024,4,77453.0,20575.0,77464.0,268582.0,170247.0,6298.0,26872.0,364844.0
GR0000000354,2020,73,3339295.0,979862.0,1521314.0,12284862.0,9005475.0,292725.0,1272588.0,8834686.0
GR0000000354,2021,74,5444191.0,1021960.0,1303544.0,19096173.0,11706127.0,322054.0,1344014.0,13947145.0
GR0000000354,2022,67,4355607.0,681741.0,1474611.0,22480972.0,15050787.0,218108.0,899850.0,12449178.0
GR0000000354,2023,79,4368618.0,849771.0,1451666.0,25202862.0,14619643.0,274295.0,1124066.0,13191001.0
GR0000000354,2024,85,3054907.0,604320.0,1386617.0,11787187.0,7970499.0,188633.0,792953.0,9562436.0
GR0000000355,2021,28,1658442.0,610801.0,899197.0,19234600.0,15204247.0,202475.0,813275.0,3298662.0
GR0000000355,2022,26,1457157.0,562963.0,862002.0,23357464.0,19805407.0,157601.0,720564.0,3215747.0
GR0000000355,2023,23,3008253.0,1359198.0,854245.0,35196784.0,27556366.0,480708.0,1839906.0,7078310.0
GR0000000355,2024,23,2432085.0,1232823.0,891891.0,25035897.0,22822640.0,311820.0,1544643.0,5881919.0
GR0000000356,2020,1,12649.0,2803.0,16104.0,38932.0,27423.0,1007.0,3811.0,53679.0
GR0000000356,2021,1,32287.0,5544.0,20639.0,94053.0,69944.0,2081.0,7625.0,130463.0
GR0000000356,2022,1,32200.0,9399.0,22120.0,153101.0,83041.0,2536.0,11936.0,165699.0
GR0000000356,2023,1,12361.0,3192.0,21601.0,55653.0,43094.0,1103.0,4295.0,72003.0
GR0000000356,2024,1,13859.0,4036.0,18156.0,47791.0,37606.0,1328.0,5364.0,60521.0
GR0000000357,2020,10,1057343.0,377845.0,392925.0,15069770.0,11476008.0,157722.0,535566.0,2426675.0
GR0000000357,2021,10,1110138.0,574664.0,346595.0,7565581.0,5495633.0,184733.0,759397.0,2259986.0
GR0000000357,2022,10,826356.0,372720.0,376589.0,8739287.0,6428086.0,120430.0,493150.0,1965441.0
GR0000000357,2023,9,931982.0,456560.0,356811.0,16069730.0,11657874.0,129631.0,586191.0,2457069.0
GR0000000357,2024,10,1185588.0,581411.0,341817.0,10463257.0,8639398.0,211909.0,793319.0,2855680.0
GR0000000358,2020,18,812806.0,306191.0,486481.0,2113343.0,937508.0,101365.0,407556.0,1744153.0
GR0000000358,2021,19,1835728.0,613057.0,497016.0,4440962.0,2401329.0,243899.0,856956.0,3453836.0
GR0000000358,2022,19,2318770.0,949260.0,594296.0,4269538.0,2192938.0,283084.0,1232345.0,4433026.0
GR0000000358,2023,20,2300136.0,717658.0,655604.0,5058528.0,2278799.0,217658.0,935316.0,4224758.0
GR0000000358,2024,22,2059797.0,863681.0,729738.0,6265280.0,3526565.0,357609.0,1221289.0,5023915.0
GR0000000359,2020,70,1627051.0,429705.0,1796975.0,7867570.0,5645003.0,110064.0,539769.0,7685334.0
GR0000000359,2021,65,3069825.0,994020.0,1885935.0,15240533.0,9460054.0,229891.0,1223911.0,13121645.0
GR0000000359,2022,61,1723429.0,451318.0,1692563.0,4648853.0,3295126.0,111328.0,562645.0,6295207.0
GR0000000359,2023,66,4443472.0,1194751.0,1394719.0,13005421.0,8326040.0,300863.0,1495614.0,14586372.0
GR0000000359,2024,64,2701875.0,726399.0,1898343.0,11544836.0,8663242.0,217884.0,944282.0,12940342.0
GR0000000360,2020,3,76418.0,18682.0,54082.0,352030.0,181184.0,5954.0,24636.0,350525.0
GR0000000360,2021,3,89750.0,20152.0,59760.0,519761.0,307310.0,7754.0,27906.0,424281.0
GR0000000360,2022,2,59501.0,21724.0,36323.0,244443.0,144126.0,6653.0,28378.0,238620.0
GR0000000360,2023,2,40084.0,11863.0,46155.0,211428.0,114505.0,4789.0,16652.0,222331.0
GR0000000360,2024,1,26408.0,9241.0,20507.0,128012.0,83343.0,3472.0,12713.0,116806.0
GR0000000361,2020,4,51382.0,13324.0,62296.0,290180.0,198109.0,5618.0,18943.0,175962.0
GR0000000361,2021,4,190150.0,42643.0,70749.0,809983.0,521689.0,13059.0,55702.0,534702.0
GR0000000361,2022,3,121092.0,25962.0,44368.0,462121.0,368515.0,9495.0,35457.0,321810.0
GR0000000361,2023,2,71821.0,12928.0,29718.0,316320.0,244433.0,4637.0,17565.0,244295.0
GR0000000361,2024,2,27024.0,6265.0,36071.0,202983.0,131916.0,2438.0,8703.0,104142.0
GR0000000362,2020,17,347360.0,139935.0,508449.0,3991068.0,2814934.0,50098.0,190034.0,2033796.0
GR0000000362,2021,20,387306.0,134883.0,505926.0,4312130.0,3227752.0,54722.0,189605.0,2389604.0
GR0000000362,2022,20,855071.0,354274.0,527293.0,8158095.0,4821401.0,129657.0,483931.0,3641961.0
GR0000000362,2023,20,416222.0,158760.0,566866.0,4600408.0,2920999.0,62505.0,221265.0,2739315.0
GR0000000362,2024,19,419685.0,160494.0,593254.0,5018147.0,3457493.0,47129.0,207622.0,2373015.0
GR0000000363,2020,50,1470785.0,428974.0,1436672.0,6182317.0,3901337.0,149136.0,578110.0,7308422.0
GR0000000363,2021,47,1487612.0,350337.0,1087103.0,4258563.0,2526442.0,129333.0,479670.0,5198668.0
GR0000000363,2022,56,3584233.0,1143724.0,1608153.0,11089101.0,5265998.0,399990.0,1543714.0,12797552.0
GR0000000363,2023,58,2723363.0,868544.0,1485581.0,11920572.0,7176324.0,290612.0,1159156.0,13304969.0
GR0000000363,2024,59,2291183.0,593975.0,1583910.0,7369935.0,4254127.0,191023.0,784998.0,8588226.0
GR0000000364,2020,3,266726.0,79666.0,67521.0,847253.0,480470.0,32028.0,111694.0,685634.0
GR0000000364,2021,3,134214.0,46648.0,83916.0,483654.0,245068.0,15043.0,61690.0,396157.0
GR0000000364,2022,2,112960.0,30637.0,48826.0,457913.0,292069.0,9139.0,39776.0,358960.0
GR0000000364,2023,2,69985.0,23229.0,49550.0,249666.0,122864.0,9740.0,32970.0,169213.0
GR0000000364,2024,1,36004.0,10852.0,22264.0,107369.0,68846.0,4559.0,15411.0,111160.0
GR0000000365,2020,13,537953.0,90030.0,232117.0,2503397.0,1760335.0,30482.0,120513.0,1508985.0
GR0000000365,2021,12,378404.0,65515.0,223595.0,2088710.0,1550778.0,26491.0,92006.0,1035878.0
GR0000000365,2022,13,217004.0,55804.0,195027.0,1138618.0,832935.0,19572.0,75376.0,623037.0
GR0000000365,2023,14,437077.0,97590.0,203162.0,2118478.0,1346996.0,40780.0,138370.0,1198175.0
GR0000000365,2024,14,473658.0,98569.0,197625.0,1773817.0,1162221.0,33010.0,131579.0,1196038.0
GR0000000366,2022,18,439380.0,124739.0,363803.0,2101577.0,1115522.0,43951.0,168690.0,1840275.0
GR0000000366,2023,16,284725.0,74687.0,325721.0,1226643.0,675898.0,20297.0,94983.0,1295756.0
GR0000000366,2024,16,202045.0,49467.0,355014.0,1122334.0,788736.0,18099.0,67566.0,1183379.0
GR0000000367,2020,1,38269.0,7958.0,22377.0,139919.0,80602.0,2176.0,10134.0,173747.0
GR0000000367,2021,1,18333.0,3123.0,19389.0,78571.0,49292.0,931.0,4054.0,81702.0
GR0000000367,2022,1,15341.0,3876.0,15801.0,70504.0,34105.0,1105.0,4981.0,63204.0
GR0000000367,2023,1,21181.0,3232.0,15887.0,97723.0,52536.0,1020.0,4252.0,91956.0
GR0000000367,2024,1,11605.0,3076.0,15575.0,61084.0,36930.0,1140.0,4216.0,72178.0
GR0000000368,2020,1,9104.0,3202.0,17682.0,53270.0,39444.0,1156.0,4358.0,44205.0
GR0000000368,2021,1,10148.0,2698.0,19202.0,69987.0,43530.0,1120.0,3818.0,48005.0
GR0000000368,2022,1,11204.0,3458.0,23327.0,60552.0,39397.0,1390.0,4848.0,62195.0
GR0000000368,2023,1,18343.0,6601.0,17229.0,95633.0,62196.0,1998.0,8599.0,80900.0
GR0000000368,2024,1,17474.0,5218.0,21584.0,91605.0,63432.0,2164.0,7382.0,96690.0
GR0000000369,2020,80,22783972.0,6160191.0,3561373.0,25193225.0,8628321.0,1158301.0,7318492.0,39108775.0
GR0000000369,2021,65,15796523.0,3281182.0,2826506.0,22068638.0,8177732.0,841655.0,4122836.0,25631970.0
GR0000000369,2022,55,17573370.0,3735568.0,2801404.0,32723220.0,9990741.0,639914.0,4375482.0,34883118.0
GR0000000369,2023,47,14860342.0,5358107.0,1965353.0,25206397.0,9246821.0,690530.0,6048637.0,27739808.0
GR0000000369,2024,43,8837577.0,3215098.0,2331810.0,14652470.0,7839064.0,551988.0,3767085.0,17105178.0
GR0000000370,2020,9,618728.0,187193.0,231900.0,1113052.0,489465.0,59954.0,247147.0,1344898.0
GR0000000370,2021,9,839150.0,224882.0,245436.0,2247409.0,1191887.0,56821.0,281704.0,2097563.0
GR0000000370,2022,8,454762.0,160610.0,228949.0,1049869.0,575099.0,60724.0,221334.0,1016601.0
GR0000000370,2023,9,1053409.0,268032.0,254819.0,2102909.0,1110167.0,70220.0,338252.0,2568998.0
GR0000000370,2024,10,763330.0,271107.0,302281.0,2103143.0,915438.0,93140.0,364247.0,1905775.0
GR0000000371,2020,5,138035.0,24131.0,131035.0,274063.0,145749.0,7733.0,31864.0,509614.0
GR0000000371,2021,5,195766.0,34180.0,129789.0,553759.0,353630.0,10001.0,44182.0,874117.0
GR0000000371,2022,5,193136.0,30052.0,121545.0,657484.0,400004.0,8953.0,39005.0,914392.0
GR0000000371,2023,4,135997.0,27501.0,99690.0,409532.0,264941.0,8074.0,35575.0,666504.0
GR0000000371,2024,4,207257.0,59735.0,117384.0,481635.0,317054.0,18562.0,78297.0,776879.0
GR0000000372,2020,3,100833.0,28646.0,85422.0,461157.0,246966.0,8885.0,37531.0,328776.0
GR0000000372,2021,3,134321.0,36992.0,63170.0,451217.0,220690.0,13722.0,50714.0,367607.0
GR0000000372,2022,3,194433.0,47910.0,82334.0,577234.0,285198.0,14166.0,62076.0,456254.0
GR0000000372,2023,2,126338.0,42900.0,52286.0,341065.0,200282.0,17042.0,59942.0,322125.0
GR0000000372,2024,2,79830.0,23964.0,51923.0,233577.0,121209.0,8266.0,32230.0,203373.0
GR0000000373,2020,12,1066037.0,337931.0,308422.0,2813612.0,1279412.0,73261.0,411192.0,2127932.0
GR0000000373,2021,7,446534.0,110749.0,181668.0,1268463.0,798526.0,31843.0,142593.0,1211631.0
GR0000000373,2022,5,321690.0,63363.0,154647.0,1066989.0,465676.0,17229.0,80592.0,700800.0
GR0000000373,2023,3,313229.0,78181.0,84225.0,766169.0,513366.0,15852.0,94032.0,749121.0
GR0000000373,2024,2,292893.0,79142.0,62993.0,696621.0,403051.0,18774.0,97917.0,616759.0
GR0000000374,2020,22,3489160.0,1841374.0,791290.0,26367633.0,23091632.0,472165.0,2313539.0,6719181.0
GR0000000374,2021,22,1949976.0,986065.0,688247.0,21629219.0,16779799.0,265215.0,1251280.0,4291318.0
GR0000000374,2022,23,1855401.0,829835.0,787163.0,34759322.0,27905578.0,286674.0,1116509.0,4012115.0
GR0000000374,2023,25,2085851.0,1036776.0,901706.0,29431580.0,23045184.0,307933.0,1344710.0,4716734.0
GR0000000374,2024,24,1141407.0,445244.0,846445.0,13751812.0,11308854.0,153299.0,598543.0,2407177.0
GR0000000375,2020,33,4884975.0,1768931.0,980367.0,12599843.0,7115653.0,660431.0,2429362.0,10600945.0
GR0000000375,2021,31,3827958.0,1327324.0,798568.0,9500132.0,5485043.0,403419.0,1730743.0,8643471.0
GR0000000375,2022,31,2929681.0,976944.0,1074702.0,6611304.0,3230982.0,283224.0,1260168.0,6981932.0
GR0000000375,2023,36,2359277.0,917567.0,970531.0,6043880.0,3127752.0,315206.0,1232773.0,4540883.0
GR0000000375,2024,37,3802529.0,1554152.0,1102571.0,6790501.0,3898496.0,659719.0,2213871.0,7812293.0
GR0000000376,2020,166,9707661.0,2182487.0,4481925.0,30661595.0,17202555.0,632541.0,2815029.0,42472549.0
GR0000000376,2021,182,7240450.0,1665530.0,4753523.0,20296632.0,10912675.0,462051.0,2127581.0,29156777.0
GR0000000376,2022,172,10008677.0,3120006.0,3989397.0,30585554.0,17216896.0,890014.0,4010020.0,39396672.0
GR0000000376,2023,185,11127958.0,3492083.0,4870578.0,35770361.0,19847145.0,1142712.0,4634795.0,40452567.0
GR0000000376,2024,192,9993245.0,3351534.0,5695453.0,28779556.0,13174018.0,862370.0,4213904.0,37392907.0
GR0000000377,2020,38,1929429.0,608782.0,1113298.0,6282943.0,3065493.0,190700.0,799482.0,6886644.0
GR0000000377,2021,38,2659471.0,846592.0,1089177.0,7246657.0,4399116.0,227247.0,1073839.0,9471629.0
GR0000000377,2022,37,2270663.0,746334.0,858332.0,10757864.0,6861742.0,226306.0,972640.0,11311208.0
GR0000000377,2023,36,2843148.0,751919.0,899354.0,8210071.0,5273051.0,238527.0,990446.0,10959482.0
GR0000000377,2024,35,1710043.0,466708.0,880525.0,5285882.0,2996474.0,139405.0,606113.0,5701529.0
GR0000000378,2023,28,833547.0,159780.0,700300.0,2698324.0,1589978.0,58340.0,218120.0,3740902.0
GR0000000378,2024,25,314324.0,57989.0,356801.0,1043844.0,495774.0,15458.0,73447.0,1621825.0
GR0000000379,2020,215,5786096.0,1632031.0,6316284.0,19299162.0,10611947.0,445544.0,2077575.0,23988078.0
GR0000000379,2021,222,9255237.0,1635270.0,6865348.0,23511730.0,16262772.0,614160.0,2249430.0,34024564.0
GR0000000379,2022,249,15090306.0,4138664.0,7924661.0,37673076.0,22257964.0,1509108.0,5647771.0,54543993.0
GR0000000379,2023,249,11680769.0,2193473.0,7796590.0,46807196.0,32004055.0,691546.0,2885019.0,52734230.0
GR0000000379,2024,249,10976735.0,2777662.0,6764648.0,32541537.0,21491140.0,840554.0,3618216.0,57702974.0
GR0000000380,2020,3,51088.0,14249.0,60711.0,304466.0,164227.0,4454.0,18703.0,264572.0
GR0000000380,2021,3,28241.0,7197.0,32591.0,101853.0,62055.0,2297.0,9493.0,130364.0
GR0000000380,2022,3,36821.0,7462.0,47647.0,190067.0,127291.0,2208.0,9671.0,195352.0
GR0000000380,2023,3,45900.0,6978.0,47008.0,169646.0,113052.0,2386.0,9364.0,211765.0
GR0000000380,2024,3,47132.0,11735.0,51544.0,220118.0,141925.0,3884.0,15620.0,296685.0
GR0000000381,2020,2,54696.0,16150.0,42558.0,279423.0,165810.0,4922.0,21073.0,261108.0
GR0000000381,2021,1,38847.0,10417.0,21451.0,191022.0,104531.0,4171.0,14588.0,179600.0
GR0000000381,2022,1,25265.0,8291.0,19821.0,122460.0,81587.0,2568.0,10859.0,153482.0
GR0000000381,2023,1,22022.0,7105.0,22905.0,94483.0,59686.0,2089.0,9194.0,95360.0
GR0000000381,2024,1,23095.0,7301.0,19171.0,164879.0,92678.0,2587.0,9889.0,149061.0
GR0000000382,2020,19,918912.0,222514.0,495954.0,1725820.0,1058008.0,75704.0,298219.0,3460269.0
GR0000000382,2021,20,725588.0,154097.0,497050.0,1438321.0,741678.0,42746.0,196843.0,2761387.0
GR0000000382,2022,22,756870.0,213871.0,473434.0,1359357.0,821144.0,67248.0,281119.0,2803018.0
GR0000000382,2023,24,1313857.0,390480.0,436863.0,2155986.0,1394865.0,106542.0,497022.0,4954895.0
GR0000000382,2024,22,1508332.0,264255.0,500457.0,2049161.0,1252237.0,77551.0,341806.0,4421677.0
GR0000000383,2022,59,12658741.0,5382315.0,3080779.0,19540038.0,6168598.0,1214163.0,6596478.0,20460267.0
GR0000000383,2023,56,9176864.0,3338299.0,2481100.0,9229446.0,3138479.0,957821.0,4296120.0,13451295.0
GR0000000383,2024,50,17952359.0,7045219.0,2568154.0,18270527.0,7241351.0,2178638.0,9223857.0,26242209.0
GR0000000384,2020,46,1546098.0,529692.0,1382159.0,19408406.0,11028030.0,211338.0,741030.0,8417112.0
GR0000000384,2021,49,2188416.0,898242.0,1403194.0,17241670.0,10811248.0,354947.0,1253189.0,9066348.0
GR0000000384,2022,49,1228847.0,524306.0,1303942.0,9964034.0,6138913.0,154835.0,679141.0,6419135.0
GR0000000384,2023,49,1301086.0,426003.0,1441427.0,11246914.0,7898185.0,165350.0,591353.0,5765708.0
GR0000000384,2024,48,913620.0,300212.0,1201158.0,9296701.0,6231409.0,98606.0,398818.0,4804634.0
GR0000000385,2020,41,1470613.0,428477.0,942138.0,4744844.0,3254108.0,144201.0,572678.0,5884113.0
GR0000000385,2021,38,1799006.0,296472.0,1014289.0,6152850.0,3677210.0,99855.0,396327.0,9172062.0
GR0000000385,2022,36,1680543.0,413630.0,863892.0,4971334.0,3129128.0,152596.0,566226.0,7410744.0
GR0000000385,2023,36,1103284.0,266588.0,798342.0,3057410.0,1590096.0,98822.0,365409.0,5833039.0
GR0000000385,2024,39,2039087.0,620191.0,910912.0,5508756.0,3700635.0,165992.0,786183.0,8125510.0
GR0000000386,2020,133,12043367.0,2132955.0,3929618.0,28139586.0,15508621.0,563037.0,2695992.0,25230820.0
GR0000000386,2021,125,7212755.0,1390676.0,2975524.0,20711651.0,14015639.0,440416.0,1831092.0,17260272.0
GR0000000386,2022,127,15318376.0,3529979.0,3296740.0,44555413.0,28374778.0,1000478.0,4530456.0,31187433.0
GR0000000386,2023,121,8245536.0,1802248.0,2845720.0,23391524.0,12326575.0,481448.0,2283696.0,22640434.0
GR0000000386,2024,125,8342118.0,1707539.0,3340518.0,18986791.0,9604465.0,472839.0,2180378.0,20208146.0
GR0000000387,2020,1,17636.0,4761.0,18345.0,72122.0,40292.0,1651.0,6413.0,85260.0
GR0000000387,2021,1,15710.0,3238.0,21550.0,66232.0,37717.0,1072.0,4310.0,71832.0
GR0000000387,2022,1,15210.0,3395.0,23669.0,87106.0,55883.0,1324.0,4719.0,91776.0
GR0000000387,2023,1,16321.0,3809.0,21598.0,51708.0,28680.0,1106.0,4915.0,80485.0
GR0000000387,2024,1,16351.0,4362.0,19976.0,50707.0,37928.0,1371.0,5733.0,74296.0
GR0000000388,2022,10,1490159.0,601230.0,415004.0,2180064.0,1177928.0,232122.0,833352.0,2695947.0
GR0000000388,2023,9,1044608.0,399584.0,341062.0,1691341.0,816827.0,104110.0,503694.0,2027218.0
GR0000000388,2024,9,1889904.0,757067.0,394702.0,3407044.0,1741622.0,257671.0,1014738.0,3625520.0
GR0000000389,2020,36,907389.0,243893.0,822699.0,3215111.0,1891335.0,79971.0,323864.0,4040843.0
GR0000000389,2021,34,616041.0,181113.0,789827.0,3041898.0,2010543.0,59680.0,240793.0,3471335.0
GR0000000389,2022,31,705864.0,136424.0,640848.0,3779433.0,2790425.0,47227.0,183651.0,4114455.0
GR0000000389,2023,33,790439.0,128631.0,683844.0,3545018.0,2269941.0,43155.0,171786.0,3901562.0
GR0000000389,2024,34,1195968.0,183793.0,645245.0,3754547.0,2749583.0,72350.0,256142.0,5209117.0
GR0000000390,2020,17,2246211.0,648229.0,461266.0,4079435.0,2119595.0,214343.0,862572.0,3997652.0
GR0000000390,2021,18,2178807.0,743310.0,591541.0,4054203.0,2149721.0,262276.0,1005586.0,4508493.0
GR0000000390,2022,18,1391375.0,515000.0,643027.0,3035267.0,1443900.0,140649.0,655649.0,2950240.0
GR0000000390,2023,17,1561168.0,639010.0,545017.0,2971914.0,1526632.0,205937.0,844947.0,2833480.0
GR0000000390,2024,14,1431308.0,566863.0,476395.0,2485848.0,1438449.0,194391.0,761255.0,2929921.0
GR0000000391,2020,8,266506.0,58551.0,183623.0,820960.0,392133.0,23435.0,81986.0,763227.0
GR0000000391,2021,7,638830.0,184547.0,156853.0,2090926.0,1240181.0,74250.0,258798.0,1487063.0
GR0000000391,2022,8,630852.0,170431.0,163794.0,3014285.0,1366466.0,63957.0,234388.0,1759395.0
GR0000000391,2023,7,683747.0,207031.0,205237.0,2075409.0,1244149.0,74963.0,281995.0,1527059.0
GR0000000391,2024,6,353789.0,123586.0,127980.0,1138320.0,575746.0,35785.0,159372.0,964299.0
GR0000000392,2024,5,90821.0,24518.0,94058.0,798784.0,601510.0,10132.0,34649.0,308212.0
GR0000000393,2020,1,52015.0,20403.0,29532.0,558827.0,389980.0,7183.0,27586.0,238084.0
GR0000000393,2021,1,47223.0,17547.0,31193.0,528037.0,318953.0,6418.0,23964.0,255227.0
GR0000000393,2022,1,41218.0,17678.0,33656.0,340306.0,276304.0,4796.0,22474.0,171458.0
GR0000000393,2023,1,60988.0,21777.0,30547.0,428774.0,270088.0,5631.0,27408.0,273109.0
GR0000000393,2024,1,49788.0,15451.0,26607.0,352920.0,245090.0,5225.0,20676.0,235420.0
GR0000000394,2020,178,16548136.0,3012950.0,3677998.0,54013145.0,30409882.0,1054216.0,4067166.0,34616025.0
GR0000000394,2021,194,12230093.0,2592756.0,5092751.0,40945578.0,25389722.0,672442.0,3265198.0,25914090.0
GR0000000394,2022,191,12313692.0,3877342.0,4158921.0,41000346.0,25204301.0,1010634.0,4887975.0,29310941.0
GR0000000394,2023,215,9632219.0,1538258.0,5687673.0,25441844.0,13599973.0,461508.0,1999766.0,24332554.0
GR0000000394,2024,198,20022420.0,6223416.0,4968765.0,54468440.0,35583131.0,1641318.0,7864735.0,41805537.0
GR0000000395,2020,46,2068244.0,575899.0,1000050.0,10627352.0,6288973.0,191636.0,767536.0,9323681.0
GR0000000395,2021,53,2674214.0,657117.0,1467231.0,12113826.0,6856254.0,204551.0,861668.0,11352035.0
GR0000000395,2022,58,3070479.0,1074302.0,1400825.0,9250577.0,5643091.0,343197.0,1417499.0,10596464.0
GR0000000395,2023,60,2299819.0,798700.0,1314243.0,7155924.0,4336143.0,218747.0,1017447.0,9474316.0
GR0000000395,2024,68,2934284.0,793578.0,1388462.0,10931721.0,7720519.0,267203.0,1060781.0,10427092.0
GR0000000396,2020,7,471762.0,122557.0,207237.0,1181530.0,688144.0,35216.0,157772.0,1160022.0
GR0000000396,2021,8,604910.0,138513.0,225955.0,1754956.0,1058708.0,57059.0,195572.0,1594508.0
GR0000000396,2022,8,229621.0,58327.0,187222.0,855609.0,509542.0,19600.0,77927.0,647258.0
GR0000000396,2023,9,713366.0,196601.0,245883.0,1630596.0,762472.0,62203.0,258804.0,1600972.0
GR0000000396,2024,9,513852.0,113077.0,264738.0,1140219.0,686422.0,42850.0,155928.0,1156060.0
GR0000000397,2020,44,1281626.0,471613.0,1398634.0,16959237.0,11102172.0,133429.0,605042.0,7789824.0
GR0000000397,2021,46,2209726.0,673697.0,1548055.0,28339770.0,14817426.0,257669.0,931366.0,12666071.0
GR0000000397,2022,46,2329678.0,681219.0,1485641.0,24104635.0,18588435.0,229233.0,910453.0,11478313.0
GR0000000397,2023,38,1703316.0,555221.0,1181912.0,16919548.0,10242155.0,168270.0,723491.0,7784663.0
GR0000000397,2024,34,1625578.0,527812.0,1060420.0,17368034.0,12894918.0,187652.0,715464.0,7695612.0
GR0000000398,2020,9,359058.0,99967.0,263795.0,3174224.0,1781548.0,31953.0,131920.0,1606653.0
GR0000000398,2021,7,193540.0,74112.0,205144.0,2039849.0,1319263.0,25092.0,99204.0,820577.0
GR0000000398,2022,6,491244.0,172719.0,179923.0,2795608.0,1890609.0,57154.0,229873.0,2091148.0
GR0000000398,2023,5,239121.0,86087.0,170645.0,1544484.0,1064955.0,27796.0,113883.0,1010695.0
GR0000000398,2024,4,124367.0,47307.0,105088.0,1081828.0,675392.0,13892.0,61199.0,584613.0
GR0000000399,2020,28,795598.0,143795.0,453684.0,1037795.0,551365.0,50012.0,193807.0,2520465.0
GR0000000399,2021,30,599256.0,170139.0,418290.0,1177061.0,657648.0,56342.0,226482.0,2323836.0
GR0000000399,2022,30,971745.0,231701.0,582803.0,1261974.0,736374.0,60881.0,292582.0,3679072.0
GR0000000399,2023,30,798520.0,224565.0,467842.0,1520430.0,977883.0,73508.0,298073.0,2599121.0
GR0000000399,2024,30,895305.0,238246.0,562498.0,1882215.0,1279578.0,85240.0,323486.0,3247668.0
GR0000000400,2020,77,26656122.0,9876680.0,3416186.0,18228339.0,6133072.0,2278446.0,12155126.0,31614259.0
GR0000000400,2021,64,22266160.0,6297468.0,3312857.0,18770789.0,6876372.0,1328527.0,7625994.0,27628987.0
GR0000000400,2022,59,20923656.0,6339636.0,2749439.0,15690398.0,7045320.0,1686668.0,8026305.0,27059305.0
GR0000000400,2023,46,30099981.0,9283330.0,2769082.0,21646592.0,6372440.0,2101322.0,11384652.0,36264803.0
GR0000000400,2024,36,17894591.0,5210102.0,2112839.0,15922259.0,5107789.0,1154792.0,6364894.0,26089044.0
GR0000000401,2023,2,23020.0,4731.0,33091.0,131186.0,87643.0,1471.0,6202.0,86669.0
GR0000000401,2024,1,19672.0,4712.0,16697.0,141456.0,102755.0,1533.0,6245.0,67785.0
GR0000000402,2020,10,310146.0,67447.0,214425.0,519280.0,333711.0,22095.0,89542.0,1191252.0
GR0000000402,2021,9,320748.0,48314.0,165837.0,383728.0,195804.0,16112.0,64426.0,921318.0
GR0000000402,2022,8,363493.0,54112.0,199566.0,576485.0,344726.0,19711.0,73822.0,1108700.0
GR0000000402,2023,8,334986.0,71903.0,171773.0,607497.0,356140.0,26824.0,98728.0,1321994.0
GR0000000402,2024,8,274664.0,59080.0,167180.0,553702.0,336801.0,16902.0,75982.0,1049511.0
GR0000000403,2020,78,8772051.0,2831475.0,2055541.0,18244253.0,9017160.0,876766.0,3708241.0,27439300.0
GR0000000403,2021,86,9016346.0,3154888.0,2194387.0,18189574.0,9939367.0,925270.0,4080158.0,29398081.0
GR0000000403,2022,79,9610452.0,3063532.0,2621241.0,22360816.0,9608651.0,723385.0,3786916.0,30748372.0
GR0000000403,2023,86,7773735.0,2346629.0,2350188.0,13190879.0,7650543.0,763215.0,3109844.0,25724380.0
GR0000000403,2024,88,11895319.0,4492773.0,2845956.0,26847217.0,13674993.0,1040398.0,5533171.0,35083399.0
GR0000000404,2024,181,10390461.0,3300510.0,6867165.0,32614235.0,17042826.0,1052013.0,4352522.0,37308676.0
GR0000000405,2020,1,140424.0,63456.0,34470.0,2431254.0,1780630.0,17922.0,81378.0,286484.0
GR0000000405,2021,1,52581.0,22715.0,37128.0,1071376.0,850219.0,7003.0,29719.0,129691.0
GR0000000405,2022,1,127540.0,58564.0,36272.0,2532642.0,2135824.0,18399.0,76963.0,348565.0
GR0000000405,2023,1,53277.0,20492.0,35455.0,686386.0,554431.0,7051.0,27543.0,133506.0
GR0000000405,2024,1,54671.0,24535.0,30877.0,540656.0,443701.0,8234.0,32769.0,136070.0
GR0000000406,2020,13,450531.0,115963.0,245702.0,2290943.0,1384402.0,48774.0,164737.0,1524493.0
GR0000000406,2021,14,691743.0,169672.0,204607.0,3492470.0,2687001.0,50818.0,220490.0,1995567.0
GR0000000406,2022,14,344342.0,84368.0,248856.0,1666611.0,1034276.0,28999.0,113367.0,1271301.0
GR0000000406,2023,16,417186.0,71324.0,239943.0,1886646.0,1183511.0,28988.0,100313.0,1312487.0
GR0000000406,2024,17,613592.0,133938.0,257719.0,3423460.0,2545969.0,39674.0,173612.0,2006319.0
GR0000000407,2020,19,3664547.0,1425664.0,868181.0,27805233.0,22975476.0,452879.0,1878542.0,8131106.0
GR0000000407,2021,19,3848338.0,1661038.0,868302.0,40672078.0,34857527.0,546120.0,2207158.0,9217087.0
GR0000000407,2022,18,4046339.0,1639565.0,722012.0,27188131.0,21606325.0,483016.0,2122581.0,8391495.0
GR0000000407,2023,20,3172207.0,1252544.0,923110.0,41066074.0,33202472.0,471364.0,1723908.0,6602112.0
GR0000000407,2024,18,4349687.0,1820014.0,696309.0,27128996.0,22905189.0,464166.0,2284180.0,8980748.0
GR0000000408,2020,23,1367693.0,348505.0,622385.0,3592563.0,2396528.0,111473.0,459978.0,4836168.0
GR0000000408,2021,26,747928.0,194451.0,586641.0,2311262.0,1498491.0,54489.0,248939.0,2495294.0
GR0000000408,2022,23,724121.0,195872.0,526602.0,2434029.0,1375820.0,60615.0,256487.0,3559972.0
GR0000000408,2023,26,1169098.0,405313.0,580920.0,5358000.0,3033031.0,129970.0,535283.0,5167341.0
GR0000000408,2024,26,619967.0,211630.0,765391.0,2890686.0,1958424.0,81082.0,292713.0,2887203.0
GR0000000409,2020,4,49310.0,13519.0,73310.0,247168.0,195125.0,5540.0,19059.0,174971.0
GR0000000409,2021,4,50803.0,7868.0,67089.0,320671.0,198426.0,3018.0,10886.0,193169.0
GR0000000409,2022,3,105395.0,25023.0,53798.0,599607.0,462788.0,7525.0,32548.0,310978.0
GR0000000409,2023,3,66061.0,11589.0,43244.0,589368.0,425128.0,4072.0,15661.0,255666.0
GR0000000409,2024,3,61055.0,12965.0,48576.0,320178.0,216322.0,5202.0,18167.0,196122.0
GR0000000410,2020,17,2222171.0,1111546.0,646314.0,23216349.0,20794202.0,357154.0,1468700.0,4862302.0
GR0000000410,2021,17,5246193.0,2221642.0,699950.0,32945841.0,27456977.0,711471.0,2933112.0,9940405.0
GR0000000410,2022,14,3759694.0,1418842.0,599214.0,22501904.0,18096750.0,453872.0,1872714.0,6069274.0
GR0000000410,2023,14,2509016.0,1192167.0,645851.0,20756410.0,19155813.0,354391.0,1546558.0,4983541.0
GR0000000410,2024,14,3036280.0,1299754.0,686493.0,14594520.0,12073898.0,321222.0,1620976.0,4984728.0
GR0000000411,2020,4,177225.0,45881.0,91512.0,445577.0,255897.0,12182.0,58062.0,661559.0
GR0000000411,2021,3,153002.0,31269.0,92095.0,464202.0,237043.0,8919.0,40188.0,809645.0
GR0000000411,2022,3,172635.0,37140.0,75288.0,362303.0,181786.0,11533.0,48673.0,623572.0
GR0000000411,2023,3,162039.0,41836.0,86769.0,433093.0,216677.0,11570.0,53407.0,629254.0
GR0000000411,2024,3,124130.0,18588.0,86767.0,301316.0,192131.0,6286.0,24874.0,450658.0
GR0000000412,2020,76,4464850.0,685344.0,1770167.0,11494571.0,4724799.0,226437.0,911780.0,19528322.0
GR0000000412,2021,71,2312153.0,554088.0,1909345.0,5887594.0,3092007.0,196636.0,750724.0,9546724.0
GR0000000412,2022,80,1882939.0,503461.0,1829961.0,7758508.0,3711578.0,125202.0,628663.0,9149806.0
GR0000000412,2023,76,4360789.0,1193384.0,2175128.0,15419003.0,8530055.0,424853.0,1618238.0,18169795.0
GR0000000412,2024,74,5247397.0,1471049.0,2207635.0,13137725.0,7362747.0,424131.0,1895180.0,18928148.0
GR0000000413,2020,2,28911.0,8284.0,43738.0,128006.0,83115.0,3202.0,11486.0,135155.0
GR0000000413,2021,2,37551.0,11706.0,43814.0,212289.0,166869.0,4155.0,15861.0,167028.0
GR0000000413,2022,1,9080.0,3192.0,16899.0,51453.0,33570.0,1040.0,4232.0,55606.0
GR0000000413,2023,1,19604.0,7153.0,16419.0,94507.0,61627.0,2035.0,9188.0,93137.0
GR0000000413,2024,1,28648.0,10448.0,22848.0,135831.0,84776.0,2960.0,13408.0,140885.0
GR0000000414,2020,44,3229958.0,1661296.0,1380776.0,34250547.0,24123542.0,508045.0,2169341.0,6927703.0
GR0000000414,2021,47,4958663.0,2057649.0,1592128.0,47363747.0,35968776.0,598726.0,2656375.0,10306210.0
GR0000000414,2022,49,3908909.0,1492989.0,1520214.0,39475131.0,29246527.0,525459.0,2018448.0,9994334.0
GR0000000414,2023,44,3933626.0,1911385.0,1628468.0,32947478.0,23951315.0,596101.0,2507487.0,8670210.0
GR0000000414,2024,40,6470362.0,2450604.0,1224369.0,76350748.0,58784257.0,818956.0,3269560.0,14442023.0
GR0000000415,2020,8,173436.0,25631.0,148120.0,690980.0,366296.0,9126.0,34757.0,885650.0
GR0000000415,2021,7,199995.0,35009.0,152585.0,888199.0,484353.0,12944.0,47954.0,975520.0
GR0000000415,2022,7,238637.0,50655.0,157833.0,924094.0,507196.0,16547.0,67202.0,994443.0
GR0000000415,2023,6,140852.0,34620.0,155173.0,649310.0,398961.0,9431.0,44051.0,729457.0
GR0000000415,2024,5,108365.0,24053.0,108920.0,362280.0,232588.0,8619.0,32672.0,495093.0
GR0000000416,2020,5,123039.0,34023.0,72316.0,206043.0,110695.0,13082.0,47106.0,401757.0
GR0000000416,2021,5,218179.0,52162.0,118920.0,321438.0,195115.0,13059.0,65221.0,660664.0
GR0000000416,2022,5,211369.0,61483.0,116929.0,384007.0,233443.0,20349.0,81832.0,649607.0
GR0000000416,2023,5,177696.0,51037.0,96581.0,278075.0,188780.0,15786.0,66822.0,536560.0
GR0000000416,2024,4,151968.0,41777.0,73538.0,211976.0,106452.0,11557.0,53334.0,516229.0
GR0000000417,2020,1,29687.0,4821.0,18554.0,139681.0,91455.0,1687.0,6507.0,84055.0
GR0000000417,2021,1,20335.0,4860.0,17647.0,70470.0,50428.0,1689.0,6549.0,59559.0
GR0000000417,2022,1,28865.0,7532.0,18448.0,140600.0,100443.0,2187.0,9719.0,75285.0
GR0000000417,2023,1,25647.0,5135.0,17069.0,146948.0,111931.0,1881.0,7016.0,90791.0
GR0000000417,2024,1,19612.0,4995.0,18360.0,107389.0,78381.0,1847.0,6841.0,57632.0
GR0000000418,2020,7,156418.0,40731.0,174593.0,735641.0,391265.0,14229.0,54960.0,498931.0
GR0000000418,2021,7,546440.0,197850.0,166317.0,2477381.0,1399174.0,63542.0,261392.0,1542602.0
GR0000000418,2022,7,363671.0,123712.0,154154.0,1333630.0,801379.0,51590.0,175302.0,834138.0
GR0000000418,2023,8,592438.0,152408.0,175168.0,1647408.0,751159.0,58523.0,210931.0,1434267.0
GR0000000418,2024,8,543011.0,128086.0,217191.0,2054942.0,1329636.0,42205.0,170291.0,1634013.0
GR0000000419,2020,11,747095.0,148397.0,196279.0,3066482.0,1722188.0,47797.0,196194.0,1784147.0
GR0000000419,2021,11,597776.0,139651.0,208784.0,3867989.0,2749746.0,42822.0,182473.0,1986472.0
GR0000000419,2022,12,557165.0,119332.0,219128.0,1511621.0,836739.0,37955.0,157287.0,1253427.0
GR0000000419,2023,12,947139.0,193018.0,241912.0,2949935.0,2145400.0,54407.0,247425.0,2188382.0
GR0000000419,2024,11,621230.0,168525.0,269939.0,2853546.0,2063749.0,47679.0,216204.0,1771931.0
GR0000000420,2020,2,54787.0,13406.0,43552.0,260130.0,146472.0,5354.0,18760.0,328964.0
GR0000000420,2021,2,60660.0,17436.0,47780.0,311395.0,180869.0,7152.0,24588.0,338556.0
GR0000000420,2022,1,13814.0,4722.0,21151.0,76326.0,42928.0,1792.0,6515.0,77634.0
GR0000000420,2023,1,31394.0,10310.0,21382.0,162666.0,100514.0,3574.0,13884.0,155621.0
GR0000000420,2024,1,34837.0,11820.0,21441.0,147639.0,82679.0,4171.0,15990.0,150770.0
GR0000000421,2020,1,66957.0,19328.0,28256.0,482901.0,339395.0,5311.0,24639.0,340456.0
GR0000000421,2021,1,30537.0,11266.0,26928.0,192801.0,109069.0,1816.0,13082.0,136343.0
GR0000000421,2022,1,32058.0,10415.0,25469.0,181067.0,107133.0,3208.0,13624.0,101874.0
GR0000000421,2023,1,30936.0,10246.0,25683.0,198377.0,147170.0,2306.0,12552.0,102731.0
GR0000000421,2024,1,47051.0,13616.0,35787.0,313954.0,167223.0,3399.0,17015.0,193269.0
GR0000000422,2020,32,2058851.0,543992.0,856121.0,2298675.0,1532943.0,211327.0,755319.0,6144479.0
GR0000000422,2021,38,2315883.0,411068.0,1053903.0,2933145.0,1712604.0,126826.0,537894.0,7425831.0
GR0000000422,2022,39,865022.0,239723.0,520035.0,1144438.0,693039.0,80211.0,319934.0,2889082.0
GR0000000422,2023,37,2353948.0,513556.0,816626.0,3362464.0,2299472.0,150903.0,664459.0,7040498.0
GR0000000422,2024,37,1017249.0,227929.0,651716.0,1785475.0,1122448.0,76702.0,304630.0,3620642.0
GR0000000423,2020,184,19439501.0,7946387.0,9845679.0,85273849.0,40034419.0,2915036.0,10861422.0,70443428.0
GR0000000423,2021,217,25125747.0,8807327.0,11573522.0,125060185.0,72498439.0,2376873.0,11184200.0,90591907.0
GR0000000423,2022,250,37583351.0,15690546.0,10488110.0,136329198.0,62339132.0,4378944.0,20069490.0,122518265.0
GR0000000423,2023,250,19787822.0,8136732.0,12573411.0,98295875.0,56866403.0,2359138.0,10495870.0,72649831.0
GR0000000423,2024,244,34969380.0,14412981.0,10037548.0,204478844.0,95559507.0,3411416.0,17824396.0,134646266.0
GR0000000424,2020,3,206254.0,76291.0,109975.0,1631491.0,1064337.0,19345.0,95635.0,798487.0
GR0000000424,2021,3,251692.0,91325.0,101485.0,1265721.0,749356.0,23250.0,114575.0,983331.0
GR0000000424,2022,3,290089.0,91821.0,127147.0,1317721.0,705955.0,28351.0,120172.0,1045490.0
GR0000000424,2023,3,132738.0,55259.0,128086.0,998643.0,668797.0,14375.0,69634.0,582208.0
GR0000000424,2024,3,225785.0,74336.0,109460.0,1470614.0,776260.0,27077.0,101413.0,994488.0
GR0000000425,2020,8,472007.0,112521.0,172309.0,2131780.0,1672134.0,31157.0,143677.0,1253644.0
GR0000000425,2021,7,467675.0,74426.0,124452.0,2056937.0,1585721.0,20119.0,94545.0,1212001.0
GR0000000425,2022,7,264505.0,36814.0,148992.0,1363081.0,1112971.0,12242.0,49056.0,805648.0
GR0000000425,2023,8,261172.0,69468.0,163903.0,1965810.0,1294370.0,14197.0,83665.0,789741.0
GR0000000425,2024,7,217414.0,55580.0,143644.0,1341598.0,1219758.0,13135.0,68715.0,710704.0
GR0000000426,2023,110,4842016.0,844346.0,4244104.0,10186870.0,5907446.0,277365.0,1121711.0,23713232.0
GR0000000426,2024,125,6771271.0,1969061.0,4249126.0,18532835.0,10326438.0,478588.0,2447649.0,29350454.0
GR0000000427,2020,3,284638.0,110696.0,85446.0,447949.0,236628.0,36069.0,146766.0,519613.0
GR0000000427,2021,3,183092.0,81975.0,75595.0,302629.0,168509.0,24988.0,106962.0,328408.0
GR0000000427,2022,3,267649.0,100659.0,101768.0,784378.0,427873.0,40417.0,141076.0,622426.0
GR0000000427,2023,3,246166.0,96228.0,99863.0,498080.0,229174.0,34643.0,130871.0,465596.0
GR0000000427,2024,3,181652.0,75856.0,100761.0,447202.0,207645.0,21630.0,97486.0,342466.0
GR0000000428,2020,5,532713.0,224854.0,157392.0,1228299.0,621717.0,79101.0,303955.0,1228949.0
GR0000000428,2021,4,282437.0,86093.0,134185.0,851451.0,386938.0,29373.0,115466.0,700465.0
GR0000000428,2022,4,613885.0,202931.0,131029.0,1050508.0,581179.0,66666.0,269598.0,1106649.0
GR0000000428,2023,4,601256.0,232462.0,103976.0,1237386.0,662077.0,79476.0,311938.0,1045397.0
GR0000000428,2024,4,514128.0,201719.0,129049.0,1390741.0,775536.0,68839.0,270558.0,917570.0
GR0000000429,2020,94,27798120.0,10374870.0,3098225.0,42670719.0,17728372.0,3781676.0,14156546.0,41899809.0
GR0000000429,2021,94,19360443.0,7468278.0,3954451.0,35201932.0,16055738.0,2166511.0,9634789.0,32364207.0
GR0000000429,2022,87,22320236.0,8008923.0,2715076.0,32175385.0,14422338.0,3083872.0,11092796.0,35429322.0
GR0000000429,2023,87,11500912.0,4278864.0,2953424.0,20593481.0,8329861.0,1615008.0,5893872.0,22018735.0
GR0000000429,2024,82,10361146.0,3968508.0,2870309.0,20185674.0,7115302.0,1146154.0,5114662.0,18213654.0
GR0000000430,2020,4,149882.0,42365.0,93741.0,441477.0,276825.0,13288.0,55653.0,635546.0
GR0000000430,2021,3,83239.0,13144.0,80307.0,212053.0,138924.0,4512.0,17656.0,355268.0
GR0000000430,2022,3,83774.0,15280.0,80642.0,256512.0,129750.0,5423.0,20703.0,441047.0
GR0000000430,2023,3,131008.0,21868.0,87715.0,354167.0,238617.0,6821.0,28689.0,519465.0
GR0000000430,2024,3,153785.0,41313.0,91243.0,378597.0,255820.0,12559.0,53872.0,714118.0
GR0000000431,2020,1,20604.0,7793.0,21517.0,132424.0,86820.0,2440.0,10233.0,95493.0
GR0000000431,2021,1,20066.0,4713.0,18558.0,87483.0,53504.0,2018.0,6730.0,80665.0
GR0000000431,2022,1,16789.0,5265.0,18237.0,93348.0,56871.0,2092.0,7357.0,69616.0
GR0000000431,2023,1,10354.0,2650.0,16738.0,68350.0,51984.0,888.0,3538.0,63383.0
GR0000000431,2024,1,11720.0,3679.0,17101.0,64510.0,42129.0,1239.0,4918.0,59219.0
GR0000000432,2020,2,31942.0,6485.0,43051.0,160296.0,94824.0,2235.0,8720.0,186127.0
GR0000000432,2021,2,40519.0,11616.0,39655.0,116480.0,65179.0,4531.0,16147.0,172799.0
GR0000000432,2022,2,46265.0,9136.0,42859.0,157885.0,115500.0,3663.0,12800.0,210077.0
GR0000000432,2023,1,18038.0,5037.0,24899.0,66953.0,36945.0,1876.0,6913.0,87612.0
GR0000000432,2024,1,25157.0,4293.0,23887.0,107745.0,67312.0,1467.0,5760.0,114029.0
GR0000000433,2020,228,7366501.0,1104207.0,6409257.0,24327215.0,13693097.0,406357.0,1510564.0,32046283.0
GR0000000433,2021,210,10218742.0,2607029.0,5435652.0,20609590.0,12180429.0,704486.0,3311516.0,34625827.0
GR0000000433,2022,197,7579333.0,2222425.0,4361040.0,24070790.0,12230966.0,720542.0,2942967.0,30437657.0
GR0000000433,2023,192,6929786.0,2250746.0,4708926.0,24227581.0,10491481.0,521013.0,2771760.0,30663790.0
GR0000000433,2024,183,6157785.0,1272252.0,5347183.0,18864320.0,8376860.0,415890.0,1688142.0,26735917.0
GR0000000434,2020,1,71539.0,35037.0,34724.0,883477.0,743157.0,10160.0,45197.0,163844.0
GR0000000434,2021,1,66160.0,24732.0,35414.0,547042.0,426627.0,8688.0,33420.0,154156.0
GR0000000434,2022,1,149070.0,69339.0,36529.0,1634222.0,1157151.0,28608.0,97947.0,342487.0
GR0000000434,2023,1,153761.0,75752.0,35239.0,1350186.0,1110000.0,27910.0,103661.0,313948.0
GR0000000434,2024,1,74938.0,32475.0,32527.0,777502.0,581187.0,11286.0,43760.0,164250.0
GR0000000435,2020,3,118089.0,42516.0,52654.0,638092.0,431805.0,16272.0,58788.0,475082.0
GR0000000435,2021,3,87603.0,27865.0,71321.0,435058.0,272476.0,9775.0,37640.0,437058.0
GR0000000435,2022,3,69651.0,19860.0,71270.0,256461.0,188444.0,7622.0,27482.0,279068.0
GR0000000435,2023,3,51690.0,14689.0,57176.0,240671.0,189381.0,4929.0,19619.0,245425.0
GR0000000435,2024,3,74124.0,20377.0,49034.0,375268.0,276548.0,7163.0,27540.0,367009.0
GR0000000436,2020,11,535382.0,138367.0,176109.0,1808456.0,1202166.0,35265.0,173632.0,1547845.0
GR0000000436,2021,12,633288.0,137769.0,214333.0,3908973.0,2598555.0,52593.0,190362.0,2091638.0
GR0000000436,2022,13,490674.0,115711.0,288724.0,1586381.0,1138457.0,33460.0,149171.0,1335780.0
GR0000000436,2023,12,497246.0,79016.0,245434.0,1660516.0,1129607.0,22253.0,101269.0,1435030.0
GR0000000436,2024,12,639516.0,176754.0,240056.0,2783912.0,1970244.0,52023.0,228777.0,2120684.0
GR0000000437,2020,18,641556.0,135553.0,339383.0,4479563.0,2716979.0,47658.0,183211.0,2346106.0
GR0000000437,2021,19,451695.0,90366.0,337624.0,1496962.0,1162823.0,27465.0,117831.0,1173866.0
GR0000000437,2022,20,695065.0,142349.0,360570.0,2748633.0,1735866.0,53785.0,196135.0,1900402.0
GR0000000437,2023,20,545462.0,114338.0,283239.0,2001350.0,1256142.0,37973.0,152311.0,1390679.0
GR0000000437,2024,20,706469.0,124930.0,315647.0,4902072.0,3557564.0,40274.0,165204.0,2151572.0
GR0000000438,2020,2,136203.0,46331.0,59613.0,299391.0,121352.0,16475.0,62805.0,250451.0
GR0000000438,2021,2,178445.0,57920.0,52892.0,538407.0,234341.0,24589.0,82509.0,395327.0
GR0000000438,2022,1,123455.0,38479.0,33333.0,264476.0,132503.0,11821.0,50300.0,238993.0
GR0000000438,2023,1,79664.0,32831.0,30023.0,248324.0,116584.0,12663.0,45494.0,166548.0
GR0000000438,2024,1,82322.0,30922.0,34372.0,185395.0,79755.0,10101.0,41023.0,183805.0
GR0000000439,2020,107,23633470.0,5668986.0,4356895.0,41555258.0,17486614.0,1605872.0,7274858.0,48186716.0
GR0000000439,2021,108,18127826.0,4370235.0,4860809.0,43729174.0,20780148.0,1457170.0,5827405.0,41489532.0
GR0000000439,2022,114,17996976.0,6247442.0,4943702.0,25736834.0,12681731.0,1583944.0,7831386.0,37277070.0
GR0000000439,2023,115,21618405.0,6088285.0,5567136.0,36788456.0,16041367.0,2274771.0,8363056.0,39928578.0
GR0000000439,2024,124,20800309.0,7005163.0,5266315.0,32896360.0,17649566.0,2350814.0,9355977.0,49099415.0
GR0000000440,2020,1,30123.0,7039.0,20071.0,87941.0,63140.0,2275.0,9315.0,131248.0
GR0000000440,2021,1,28804.0,7108.0,24508.0,100497.0,70076.0,2084.0,9192.0,121996.0
GR0000000440,2022,1,24204.0,4938.0,21497.0,77221.0,52228.0,1759.0,6697.0,114195.0
GR0000000440,2023,1,23914.0,4843.0,20680.0,72072.0,50771.0,1912.0,6755.0,102275.0
GR0000000440,2024,1,22264.0,4510.0,18884.0,105135.0,62848.0,1299.0,5809.0,132913.0
GR0000000441,2020,2,221427.0,74324.0,55514.0,515914.0,279989.0,21230.0,95554.0,394593.0
GR0000000441,2021,2,82724.0,34467.0,65888.0,194600.0,90597.0,13250.0,47717.0,167497.0
GR0000000441,2022,2,148891.0,69474.0,62840.0,303997.0,138941.0,19847.0,89322.0,347238.0
GR0000000441,2023,2,239096.0,77203.0,60916.0,520451.0,212419.0,29241.0,106444.0,500289.0
GR0000000441,2024,2,165917.0,48579.0,60942.0,453490.0,243511.0,18482.0,67061.0,387770.0
GR0000000442,2020,46,6426325.0,1876374.0,1831623.0,17726875.0,8163218.0,525742.0,2402116.0,16860582.0
GR0000000442,2021,54,6747653.0,1919528.0,2034453.0,14109164.0,5932480.0,615548.0,2535076.0,16829107.0
GR0000000442,2022,63,5532170.0,1770261.0,1906768.0,13865530.0,8158364.0,537442.0,2307703.0,15740016.0
GR0000000442,2023,74,10073644.0,2609956.0,2645922.0,20503415.0,8594768.0,788412.0,3398369.0,22311065.0
GR0000000442,2024,80,9886194.0,3542105.0,2579175.0,21097506.0,9609685.0,1012761.0,4554866.0,22934741.0
GR0000000443,2020,7,230626.0,88714.0,174047.0,644004.0,355918.0,22839.0,111552.0,912907.0
GR0000000443,2021,6,380799.0,132873.0,138883.0,1217174.0,687767.0,34658.0,167530.0,1463851.0
GR0000000443,2022,7,399270.0,98604.0,171015.0,1340260.0,643612.0,27506.0,126110.0,1462199.0
GR0000000443,2023,6,449066.0,108520.0,142098.0,1236446.0,731185.0,41244.0,149764.0,1784744.0
GR0000000443,2024,6,356354.0,108769.0,160175.0,1405604.0,861183.0,42084.0,150853.0,1301351.0
GR0000000444,2020,1,17271.0,3959.0,22443.0,83329.0,52399.0,1642.0,5601.0,74811.0
GR0000000444,2021,1,13119.0,4139.0,18725.0,66237.0,34181.0,1452.0,5591.0,62417.0
GR0000000444,2022,1,20300.0,6601.0,19995.0,95910.0,58007.0,2398.0,8999.0,87964.0
GR0000000444,2023,1,23228.0,6594.0,20980.0,126828.0,66328.0,2667.0,9261.0,109849.0
GR0000000444,2024,1,21691.0,6515.0,21355.0,92259.0,53678.0,2006.0,8520.0,89772.0
GR0000000445,2024,186,44875701.0,15880797.0,8744767.0,45248838.0,21861627.0,3781698.0,19662495.0,60129449.0
GR0000000446,2020,20,677554.0,171062.0,306155.0,4684891.0,3338123.0,62607.0,233669.0,2086989.0
GR0000000446,2021,20,219367.0,37981.0,288813.0,1524915.0,1172132.0,14177.0,52158.0,877233.0
GR0000000446,2022,20,341641.0,83466.0,382284.0,1555630.0,1234017.0,34992.0,118458.0,992946.0
GR0000000446,2023,20,669644.0,137209.0,335198.0,4163686.0,3149397.0,44155.0,181364.0,2201415.0
GR0000000446,2024,20,761034.0,182977.0,300919.0,5682106.0,4418698.0,65217.0,248195.0,3035224.0
GR0000000447,2020,392,14897099.0,4356079.0,6093283.0,14112151.0,7648086.0,1312393.0,5668471.0,40621885.0
GR0000000447,2021,392,29051294.0,5791749.0,11888516.0,33438468.0,16423702.0,1601317.0,7393066.0,79256771.0
GR0000000447,2022,440,31878907.0,8621573.0,9934125.0,42131193.0,19715467.0,1940481.0,10562054.0,94102606.0
GR0000000447,2023,430,33192949.0,7379198.0,14056461.0,37420095.0,19242683.0,2301182.0,9680381.0,93709739.0
GR0000000447,2024,461,20801945.0,4598589.0,9117861.0,26690082.0,16645681.0,1232668.0,5831257.0,60785740.0
GR0000000448,2020,2,77702.0,26481.0,32372.0,404993.0,244395.0,7991.0,34472.0,312859.0
GR0000000448,2021,1,16218.0,5553.0,18523.0,97702.0,60275.0,1640.0,7193.0,77268.0
GR0000000448,2022,1,23304.0,6353.0,16432.0,96067.0,64624.0,1997.0,8350.0,95904.0
GR0000000448,2023,1,11369.0,3770.0,16390.0,57855.0,45456.0,1231.0,5001.0,63218.0
GR0000000448,2024,1,20898.0,6487.0,22880.0,133525.0,98982.0,2325.0,8812.0,97412.0
GR0000000449,2020,2,114375.0,49116.0,65377.0,1539144.0,1089611.0,15839.0,64955.0,234969.0
GR0000000449,2021,2,179434.0,72725.0,60798.0,2733876.0,1922159.0,24074.0,96799.0,433994.0
GR0000000449,2022,2,255666.0,128336.0,74815.0,5809816.0,4131717.0,50554.0,178890.0,716094.0
GR0000000449,2023,2,215689.0,88112.0,62805.0,2143436.0,1624371.0,28357.0,116469.0,520384.0
GR0000000449,2024,2,286751.0,133107.0,73323.0,2908024.0,2151299.0,44250.0,177358.0,639409.0
GR0000000450,2020,14,285776.0,100823.0,350916.0,2128167.0,1332073.0,41562.0,142385.0,1403664.0
GR0000000450,2021,16,906129.0,336288.0,505020.0,7403111.0,5117610.0,117007.0,453295.0,3893584.0
GR0000000450,2022,18,596657.0,205586.0,559419.0,8876972.0,5919479.0,75812.0,281398.0,3799933.0
GR0000000450,2023,16,594204.0,237063.0,445926.0,7098401.0,5028399.0,69806.0,306869.0,3145406.0
GR0000000450,2024,19,1163607.0,453677.0,636334.0,10142198.0,7376487.0,168037.0,621714.0,4687035.0
GR0000000451,2020,20,633279.0,183239.0,393987.0,1144900.0,782039.0,60235.0,243474.0,2226595.0
GR0000000451,2021,20,809548.0,133405.0,521439.0,1186649.0,784599.0,44469.0,177873.0,2896884.0
GR0000000451,2022,18,1249847.0,316384.0,375511.0,1647213.0,834509.0,97713.0,414098.0,3958750.0
GR0000000451,2023,17,489431.0,105049.0,295540.0,596452.0,304650.0,27890.0,132939.0,1641887.0
GR0000000451,2024,20,755162.0,222976.0,471544.0,1235978.0,728909.0,62907.0,285883.0,2915268.0
GR0000000452,2020,8,333387.0,95022.0,222991.0,4086192.0,3133622.0,34526.0,129547.0,1989338.0
GR0000000452,2021,7,330954.0,122025.0,218419.0,3578279.0,2042335.0,33134.0,155159.0,1529437.0
GR0000000452,2022,6,253683.0,100473.0,181085.0,3633276.0,2622845.0,31623.0,132096.0,1537512.0
GR0000000452,2023,4,192293.0,64096.0,137720.0,1459929.0,1009024.0,20325.0,84421.0,951388.0
GR0000000452,2024,3,127933.0,53553.0,95516.0,1739875.0,1060335.0,13585.0,67137.0,814004.0
GR0000000453,2020,197,55037893.0,19530129.0,9533794.0,56549482.0,17652011.0,4727781.0,24257910.0,81417992.0
GR0000000453,2021,194,85251986.0,36226964.0,11116685.0,99099135.0,40096061.0,10749108.0,46976072.0,115064998.0
GR0000000453,2022,219,40920057.0,16856130.0,13135588.0,54207546.0,18958718.0,4591171.0,21447301.0,67450893.0
GR0000000453,2023,248,85622127.0,33944777.0,13841702.0,115951910.0,40285795.0,8128672.0,42073449.0,133412560.0
GR0000000453,2024,250,90491396.0,34796151.0,12037816.0,77647835.0,31860969.0,13263587.0,48059738.0,128324073.0
GR0000000454,2022,4,410417.0,163549.0,153997.0,5925834.0,4413356.0,48625.0,212175.0,1146364.0
GR0000000454,2023,4,334374.0,151977.0,130275.0,3542771.0,2566554.0,46572.0,198549.0,726787.0
GR0000000454,2024,4,258569.0,132114.0,137365.0,2075970.0,1685196.0,38093.0,170207.0,566792.0
GR0000000455,2020,2,18858.0,6809.0,42340.0,141584.0,98455.0,2490.0,9299.0,105849.0
GR0000000455,2021,2,19610.0,5860.0,32793.0,96009.0,60351.0,1675.0,7535.0,98572.0
GR0000000455,2022,2,43460.0,11033.0,39905.0,210052.0,155168.0,4100.0,15133.0,225308.0
GR0000000455,2023,2,34338.0,12719.0,36828.0,159541.0,125575.0,3828.0,16548.0,149009.0
GR0000000455,2024,1,13858.0,4321.0,16604.0,76994.0,50911.0,1390.0,5711.0,86877.0
GR0000000456,2020,7,97708.0,16338.0,118433.0,253650.0,161446.0,4736.0,21074.0,394778.0
GR0000000456,2021,5,92107.0,20288.0,123919.0,545317.0,285085.0,7128.0,27416.0,569108.0
GR0000000456,2022,4,134160.0,20037.0,77566.0,682955.0,488614.0,6848.0,26885.0,707257.0
GR0000000456,2023,4,173410.0,26084.0,98542.0,571278.0,327232.0,7189.0,33273.0,749849.0
GR0000000456,2024,4,127486.0,30034.0,82488.0,348774.0,183073.0,10318.0,40352.0,511199.0
GR0000000457,2020,185,18768111.0,5701620.0,6102351.0,37286754.0,20497400.0,1417225.0,7118845.0,58836987.0
GR0000000457,2021,200,16790279.0,4993216.0,5157324.0,32722446.0,18118113.0,1279467.0,6272683.0,49612178.0
GR0000000457,2022,209,26632715.0,7773087.0,6359433.0,63005070.0,25761680.0,1880060.0,9653147.0,87426407.0
GR0000000457,2023,226,23320784.0,8484296.0,6999502.0,46474827.0,22490363.0,2269708.0,10754004.0,73338718.0
GR0000000457,2024,238,21230527.0,6007544.0,6179588.0,37530699.0,15950063.0,1837641.0,7845184.0,65665057.0
GR0000000458,2020,29,1628772.0,698897.0,1103919.0,12521805.0,9876303.0,282276.0,981173.0,4006314.0
GR0000000458,2021,28,4073608.0,2063716.0,1059396.0,75053880.0,60129035.0,715864.0,2779580.0,9662026.0
GR0000000458,2022,27,1423208.0,697758.0,899383.0,13989962.0,11330590.0,257807.0,955565.0,3840332.0
GR0000000458,2023,31,5043419.0,2219273.0,1066052.0,53538645.0,39347947.0,875674.0,3094948.0,10850523.0
GR0000000458,2024,29,4355500.0,1751135.0,942056.0,60513123.0,45031714.0,581488.0,2332622.0,8770816.0
GR0000000459,2020,47,779321.0,286829.0,960470.0,3854586.0,2678996.0,97584.0,384413.0,3487278.0
GR0000000459,2021,49,1307694.0,390511.0,1213775.0,6755893.0,3706745.0,113595.0,504106.0,5544343.0
GR0000000459,2022,49,675780.0,243729.0,1083983.0,4949973.0,2888122.0,77618.0,321347.0,4474046.0
GR0000000459,2023,49,913576.0,273647.0,1111737.0,3454311.0,1761945.0,86803.0,360450.0,3705791.0
GR0000000459,2024,44,816314.0,215470.0,1093836.0,3854326.0,2323351.0,66710.0,282180.0,3793175.0
GR0000000460,2020,62,4414707.0,1597018.0,1572209.0,15609488.0,7701269.0,404855.0,2001873.0,15447614.0
GR0000000460,2021,57,2871770.0,899497.0,1325274.0,11332591.0,5145631.0,258491.0,1157988.0,13040808.0
GR0000000460,2022,63,1952549.0,622422.0,1399557.0,5989852.0,3680093.0,234995.0,857416.0,8238890.0
GR0000000460,2023,75,5444756.0,1845766.0,1803001.0,16482592.0,9459390.0,512779.0,2358545.0,21852044.0
GR0000000460,2024,77,3409392.0,1254199.0,1702066.0,11309039.0,6786146.0,325407.0,1579605.0,16563702.0
GR0000000461,2020,1,24997.0,4474.0,19612.0,93224.0,53087.0,1911.0,6385.0,116374.0
GR0000000461,2021,1,20531.0,4105.0,22763.0,120104.0,66239.0,1671.0,5776.0,115830.0
GR0000000461,2022,1,38606.0,6756.0,20011.0,108149.0,64672.0,2432.0,9187.0,161088.0
GR0000000461,2023,1,18528.0,4978.0,19535.0,72653.0,40552.0,1628.0,6606.0,95138.0
GR0000000461,2024,1,27729.0,6299.0,23255.0,132056.0,95634.0,2157.0,8456.0,140543.0
GR0000000462,2020,315,38251603.0,16029483.0,17757832.0,190213432.0,95173367.0,4749853.0,20779336.0,133348422.0
GR0000000462,2021,284,45482414.0,16143548.0,14562252.0,201682760.0,95430977.0,3685731.0,19829279.0,135672045.0
GR0000000462,2022,324,38466247.0,16921934.0,18929116.0,160990971.0,104559192.0,4491031.0,21412965.0,127073122.0
GR0000000462,2023,300,47694316.0,20907583.0,14319527.0,200650482.0,106934418.0,7170660.0,28078243.0,172917799.0
GR0000000462,2024,345,56211005.0,20400396.0,14709203.0,224340572.0,106906487.0,6298772.0,26699168.0,164854019.0
GR0000000463,2020,13,144884.0,37334.0,256993.0,848927.0,512383.0,14212.0,51546.0,642483.0
GR0000000463,2021,14,147550.0,36166.0,237730.0,854041.0,562166.0,12282.0,48448.0,781150.0
GR0000000463,2022,12,245978.0,88532.0,272938.0,1392677.0,986370.0,28620.0,117151.0,1035050.0
GR0000000463,2023,14,307213.0,92094.0,318005.0,1657954.0,1236004.0,26400.0,118494.0,1299946.0
GR0000000463,2024,16,344886.0,95469.0,285082.0,1751010.0,1251596.0,33041.0,128510.0,1688990.0
GR0000000464,2020,1,75693.0,30215.0,34547.0,608175.0,509654.0,8591.0,38806.0,153042.0
GR0000000464,2021,1,91952.0,42820.0,31264.0,909150.0,667387.0,16802.0,59621.0,199292.0
GR0000000464,2022,1,69905.0,26223.0,39981.0,546071.0,424232.0,10907.0,37130.0,144777.0
GR0000000464,2023,1,137328.0,67794.0,38684.0,2373789.0,1729225.0,23038.0,90832.0,306630.0
GR0000000464,2024,1,99269.0,52312.0,38231.0,2167246.0,1541911.0,16075.0,68388.0,270061.0
GR0000000465,2020,20,4057167.0,1708874.0,726497.0,5672402.0,2564108.0,660422.0,2369296.0,6625267.0
GR0000000465,2021,19,3498472.0,1358597.0,775669.0,6306951.0,2756941.0,387096.0,1745692.0,6897073.0
GR0000000465,2022,18,3654172.0,1234815.0,762707.0,6108368.0,2450246.0,338635.0,1573451.0,6907954.0
GR0000000465,2023,19,4938883.0,1718370.0,632083.0,5527033.0,2796929.0,506249.0,2224619.0,7404847.0
GR0000000465,2024,19,5147467.0,2193763.0,643198.0,9800477.0,4029775.0,552335.0,2746098.0,8802347.0
GR0000000466,2020,4,42175.0,7868.0,38733.0,101181.0,62771.0,3003.0,10870.0,193663.0
GR0000000466,2021,4,38962.0,10885.0,32019.0,64395.0,38168.0,4256.0,15141.0,160096.0
GR0000000466,2022,4,60796.0,15654.0,59906.0,147598.0,91134.0,5930.0,21584.0,299529.0
GR0000000466,2023,4,71104.0,12533.0,53092.0,114743.0,65959.0,4639.0,17173.0,265460.0
GR0000000466,2024,4,80953.0,20384.0,63026.0,137997.0,90208.0,8443.0,28827.0,338352.0
GR0000000467,2020,19,1940685.0,823814.0,799796.0,3428756.0,1385642.0,249072.0,1072887.0,3634876.0
GR0000000467,2021,20,3560087.0,1456196.0,753829.0,5362956.0,2356647.0,497632.0,1953827.0,6037523.0
GR0000000467,2022,20,5137332.0,2320297.0,876145.0,8858333.0,4765158.0,589591.0,2909888.0,9269487.0
GR0000000467,2023,19,2637200.0,1088749.0,757962.0,4071931.0,1480422.0,327477.0,1416226.0,5266445.0
GR0000000467,2024,19,5271959.0,1974400.0,734287.0,7019632.0,3445363.0,764171.0,2738571.0,7753778.0
GR0000000468,2020,9,602543.0,178747.0,244514.0,1203101.0,627909.0,60077.0,238824.0,1286013.0
GR0000000468,2021,10,1022475.0,222552.0,317914.0,2054373.0,1160503.0,85700.0,308252.0,2209302.0
GR0000000468,2022,10,851965.0,291613.0,300494.0,1617313.0,944139.0,97302.0,388914.0,1897471.0
GR0000000468,2023,9,735059.0,185497.0,297154.0,1727276.0,707384.0,68969.0,254465.0,1803238.0
GR0000000468,2024,8,931631.0,226469.0,286223.0,1843244.0,872304.0,60089.0,286558.0,2240455.0
GR0000000469,2020,290,86577054.0,40347813.0,15852934.0,85782381.0,25765900.0,11199761.0,51547573.0,121429643.0
GR0000000469,2021,267,60446717.0,25218174.0,11132928.0,66231745.0,32140271.0,9083592.0,34301767.0,88756902.0
GR0000000469,2022,250,64764458.0,27787252.0,11523333.0,65927628.0,23696709.0,9293878.0,37081129.0,92606347.0
GR0000000469,2023,271,131238279.0,47191926.0,15853011.0,135884086.0,63908861.0,12557139.0,59749064.0,184144298.0
GR0000000469,2024,323,83890382.0,31212121.0,13735720.0,96965938.0,41038992.0,10645568.0,41857689.0,133527564.0
GR0000000470,2020,213,10423725.0,3713695.0,5851557.0,28172027.0,21018734.0,1076684.0,4790379.0,42305504.0
GR0000000470,2021,231,11936474.0,2641651.0,4833272.0,35829588.0,25635778.0,972693.0,3614344.0,46366702.0
GR0000000470,2022,249,11780622.0,4526424.0,6828451.0,42269190.0,27630194.0,1307267.0,5833691.0,44914312.0
GR0000000470,2023,249,6373591.0,2517700.0,6894187.0,26741273.0,20047118.0,645224.0,3162924.0,28641214.0
GR0000000470,2024,249,8707952.0,3235328.0,6742220.0,40207235.0,24994083.0,1098543.0,4333871.0,36953565.0
GR0000000471,2020,220,28718119.0,11983749.0,9378041.0,102580036.0,53654719.0,4297772.0,16281520.0,83467928.0
GR0000000471,2021,213,33290047.0,15061049.0,10138105.0,118541414.0,67560597.0,3967581.0,19028630.0,97518104.0
GR0000000471,2022,248,31029027.0,13256949.0,14373657.0,147994919.0,71357488.0,3671515.0,16928464.0,119237365.0
GR0000000471,2023,239,31869316.0,13001045.0,13039335.0,172119225.0,78849074.0,3759437.0,16760482.0,111884678.0
GR0000000471,2024,230,24101556.0,9160994.0,10320634.0,105453818.0,57097281.0,2520320.0,11681315.0,75314836.0
GR0000000472,2020,17,247198.0,38483.0,355741.0,991736.0,601131.0,15085.0,53568.0,1185804.0
GR0000000472,2021,17,177595.0,39960.0,276771.0,893224.0,587344.0,15010.0,54970.0,922570.0
GR0000000472,2022,17,474266.0,123606.0,384686.0,1382929.0,913902.0,50613.0,174218.0,2015482.0
GR0000000472,2023,15,324355.0,94372.0,352698.0,1149842.0,850384.0,29090.0,123463.0,1307943.0
GR0000000472,2024,15,155601.0,45212.0,305496.0,706532.0,447471.0,14382.0,59594.0,1018320.0
GR0000000473,2020,2,28053.0,7728.0,34995.0,105622.0,65027.0,2597.0,10324.0,116651.0
GR0000000473,2021,2,37515.0,10067.0,43595.0,240078.0,146115.0,4168.0,14236.0,198969.0
GR0000000473,2022,2,41336.0,12455.0,46948.0,180946.0,104539.0,5203.0,17658.0,218016.0
GR0000000473,2023,1,11153.0,3326.0,16858.0,49768.0,31942.0,1202.0,4528.0,56192.0
GR0000000473,2024,1,37787.0,12980.0,21623.0,150302.0,85430.0,5209.0,18189.0,169100.0
GR0000000474,2020,31,730473.0,270007.0,630353.0,4172031.0,2601096.0,77569.0,347576.0,3774193.0
GR0000000474,2021,34,1040956.0,283348.0,758834.0,3817948.0,2044286.0,113281.0,396629.0,4674388.0
GR0000000474,2022,32,378995.0,100659.0,607997.0,1829302.0,1274295.0,36511.0,137170.0,2026658.0
GR0000000474,2023,29,878047.0,259034.0,663360.0,4343054.0,2981271.0,75764.0,334798.0,3628197.0
GR0000000474,2024,28,303913.0,97917.0,505733.0,2157505.0,1095700.0,29402.0,127318.0,1915799.0
GR0000000475,2023,48,1381382.0,417839.0,1426197.0,5073352.0,2357038.0,142476.0,560315.0,4459248.0
GR0000000475,2024,49,2357344.0,725240.0,1362573.0,6817429.0,3741562.0,229397.0,954637.0,5519675.0
GR0000000476,2020,112,4103884.0,1073521.0,3055713.0,8100382.0,4497568.0,371625.0,1445146.0,15278567.0
GR0000000476,2021,116,3383930.0,867372.0,2792395.0,8329750.0,4602448.0,317156.0,1184528.0,13961977.0
GR0000000476,2022,124,2616269.0,823367.0,2345054.0,6750356.0,3912381.0,188367.0,1011734.0,11725270.0
GR0000000476,2023,135,3927402.0,806961.0,3208484.0,9920549.0,3981426.0,283950.0,1090911.0,16042420.0
GR0000000476,2024,124,6661123.0,1183440.0,3680141.0,14655126.0,6777117.0,439363.0,1622802.0,22651791.0
GR0000000477,2023,9,665138.0,213097.0,251857.0,1547949.0,627885.0,67752.0,280849.0,1138576.0
GR0000000477,2024,10,752202.0,223981.0,277643.0,1304923.0,761499.0,85662.0,309643.0,1328075.0
GR0000000478,2024,30,348071.0,95716.0,331832.0,921196.0,638067.0,32818.0,128534.0,1659161.0
GR0000000479,2024,37,7044900.0,2188321.0,1511076.0,9235295.0,4890005.0,527810.0,2716130.0,11473223.0
GR0000000480,2020,47,5489043.0,1864751.0,1563091.0,14690086.0,7355936.0,703054.0,2567805.0,11489921.0
GR0000000480,2021,49,5545570.0,1972328.0,1505141.0,14804455.0,6075540.0,589881.0,2562209.0,13224710.0
GR0000000480,2022,48,4184128.0,1311821.0,1676036.0,11082273.0,6218627.0,485847.0,1797668.0,10394823.0
GR0000000480,2023,49,4462419.0,1482204.0,1629334.0,8895461.0,5191174.0,535163.0,2017367.0,9205259.0
GR0000000480,2024,49,4508579.0,1679028.0,1682198.0,9972736.0,4246664.0,625426.0,2304454.0,9622744.0
GR0000000481,2020,60,3721265.0,826460.0,1002679.0,17635591.0,12384781.0,303575.0,1130035.0,10514622.0
GR0000000481,2021,71,2438168.0,508004.0,1176418.0,12827310.0,7802587.0,196237.0,704241.0,6677499.0
GR0000000481,2022,72,2831528.0,468061.0,1606678.0,8253927.0,6166343.0,180715.0,648776.0,7788919.0
GR0000000481,2023,80,4184881.0,1263007.0,1775067.0,16088348.0,9175916.0,406444.0,1669452.0,10274601.0
GR0000000481,2024,76,5021986.0,1216383.0,1351218.0,14587099.0,10702583.0,324142.0,1540525.0,11699471.0
GR0000000482,2020,74,3863630.0,635239.0,2086489.0,10058639.0,4123135.0,224639.0,859878.0,13219173.0
GR0000000482,2021,67,2686347.0,568775.0,1880430.0,6779306.0,3821259.0,136874.0,705649.0,10924002.0
GR0000000482,2022,77,5091355.0,1359225.0,2405885.0,13945343.0,6449219.0,307822.0,1667047.0,19815259.0
GR0000000482,2023,80,4666386.0,1430133.0,2073612.0,12428055.0,5013160.0,427124.0,1857257.0,15965605.0
GR0000000482,2024,80,3050220.0,843660.0,1978564.0,8469677.0,4482888.0,186797.0,1030458.0,14444514.0
GR0000000483,2020,1,78412.0,30717.0,32904.0,849026.0,692343.0,8626.0,39343.0,148503.0
GR0000000483,2021,1,137439.0,62229.0,33276.0,1518797.0,1106196.0,14270.0,76499.0,238570.0
GR0000000483,2022,1,149874.0,54587.0,38958.0,1041714.0,936978.0,9312.0,63899.0,302719.0
GR0000000483,2023,1,74010.0,32624.0,42659.0,563663.0,378224.0,7544.0,40168.0,163076.0
GR0000000483,2024,1,163985.0,63225.0,43365.0,3257844.0,2870687.0,18888.0,82113.0,360069.0
GR0000000484,2020,2,17858.0,2934.0,17495.0,32912.0,21179.0,976.0,3910.0,87473.0
GR0000000484,2021,1,27830.0,5357.0,18745.0,58946.0,35101.0,2078.0,7435.0,93727.0
GR0000000484,2022,1,25656.0,5045.0,18542.0,46433.0,26188.0,1472.0,6517.0,103284.0
GR0000000484,2023,1,18781.0,4927.0,15257.0,34432.0,25730.0,1752.0,6679.0,76286.0
GR0000000484,2024,1,28721.0,5482.0,17140.0,41353.0,23707.0,2143.0,7624.0,99584.0
GR0000000485,2021,24,1149376.0,393293.0,931499.0,8751948.0,5290212.0,130662.0,523954.0,4234088.0
GR0000000485,2022,24,776682.0,342853.0,821138.0,7405500.0,3737300.0,109435.0,452287.0,3732447.0
GR0000000485,2023,27,735451.0,296978.0,788569.0,5773400.0,3828523.0,90369.0,387347.0,3584404.0
GR0000000485,2024,28,2277613.0,756050.0,1259477.0,12165038.0,7201863.0,207399.0,963449.0,8901448.0
GR0000000486,2020,10,170642.0,38864.0,237619.0,1174628.0,863402.0,15140.0,54004.0,1027845.0
GR0000000486,2021,11,247180.0,87704.0,256110.0,2354773.0,1746150.0,34885.0,122589.0,1614482.0
GR0000000486,2022,11,128981.0,34349.0,215450.0,503709.0,348814.0,13186.0,47535.0,578385.0
GR0000000486,2023,12,292380.0,84568.0,286551.0,1224270.0,871128.0,28015.0,112583.0,1267643.0
GR0000000486,2024,14,335085.0,78295.0,270929.0,2322420.0,1602781.0,32924.0,111219.0,2052895.0
GR0000000487,2020,45,510463.0,119002.0,609329.0,2759554.0,1552408.0,42492.0,161493.0,2437317.0
GR0000000487,2021,49,297952.0,47888.0,456369.0,1910574.0,995618.0,17071.0,64959.0,1825474.0
GR0000000487,2022,49,300873.0,69186.0,414647.0,1547222.0,811763.0,22888.0,92074.0,1658586.0
GR0000000487,2023,49,268698.0,57654.0,396644.0,1247265.0,858458.0,20040.0,77694.0,1586576.0
GR0000000487,2024,49,1108575.0,187382.0,1061959.0,5539306.0,3188980.0,73454.0,260836.0,4585572.0
GR0000000488,2020,1,269854.0,102101.0,37762.0,1630347.0,1361128.0,23355.0,125456.0,466304.0
GR0000000488,2021,1,76916.0,34747.0,41515.0,1264910.0,860300.0,7239.0,41986.0,178072.0
GR0000000488,2022,1,161198.0,57138.0,33858.0,1103028.0,839574.0,15764.0,72902.0,296046.0
GR0000000488,2023,1,197161.0,83237.0,41444.0,1453068.0,1232380.0,15334.0,98571.0,420685.0
GR0000000488,2024,1,116129.0,50968.0,33156.0,1646016.0,1363461.0,14164.0,65131.0,227040.0
GR0000000489,2020,10,189199.0,37758.0,152847.0,1326739.0,838126.0,14289.0,52048.0,616654.0
GR0000000489,2021,11,278521.0,79233.0,178453.0,1213500.0,902438.0,23799.0,103032.0,828572.0
GR0000000489,2022,12,140525.0,35520.0,211233.0,1272060.0,808064.0,13250.0,48770.0,493805.0
GR0000000489,2023,14,417533.0,102628.0,223712.0,2540481.0,1713257.0,30501.0,133129.0,1181311.0
GR0000000489,2024,16,432138.0,81320.0,225643.0,3229201.0,2467812.0,25185.0,106505.0,1342781.0
GR0000000490,2020,91,5821284.0,2662076.0,4042733.0,33387197.0,17620900.0,803017.0,3465093.0,19835330.0
GR0000000490,2021,92,8559024.0,3470555.0,3218192.0,53562639.0,35422863.0,1235330.0,4705885.0,33644800.0
GR0000000490,2022,85,8150186.0,2760367.0,3475311.0,67058388.0,35492510.0,972225.0,3732592.0,33357715.0
GR0000000490,2023,98,6014959.0,1821277.0,3429844.0,39472796.0,24957583.0,673610.0,2494888.0,25302056.0
GR0000000490,2024,93,7612880.0,2975201.0,3654386.0,65986453.0,33034229.0,837271.0,3812471.0,34804513.0
GR0000000491,2020,1,19811.0,7919.0,27944.0,176017.0,127739.0,2928.0,10847.0,111776.0
GR0000000491,2021,1,21316.0,7936.0,29579.0,197986.0,125324.0,2993.0,10928.0,137782.0
GR0000000491,2022,1,46260.0,17882.0,25130.0,401514.0,293589.0,7501.0,25383.0,216957.0
GR0000000491,2023,1,50174.0,21366.0,25817.0,394065.0,289280.0,8193.0,29559.0,249055.0
GR0000000491,2024,1,43847.0,15765.0,33237.0,339063.0,219106.0,5667.0,21432.0,214386.0
GR0000000492,2020,97,9600863.0,1619357.0,2807241.0,25909435.0,14065380.0,447013.0,2066370.0,19308115.0
GR0000000492,2021,111,6271398.0,1875426.0,2891189.0,19753058.0,10896115.0,486954.0,2362380.0,15866152.0
GR0000000492,2022,114,11763777.0,2635307.0,2651632.0,34775749.0,21768324.0,874119.0,3509426.0,32193384.0
GR0000000492,2023,118,17591170.0,3529838.0,3317453.0,60557942.0,32217465.0,1156630.0,4686468.0,36936697.0
GR0000000492,2024,141,12320209.0,2234873.0,4202557.0,33926875.0,20506997.0,789236.0,3024109.0,31985605.0
GR0000000493,2020,10,2132400.0,965627.0,375393.0,4218489.0,1638726.0,279874.0,1245502.0,3851228.0
GR0000000493,2021,10,1183319.0,444185.0,430492.0,2108304.0,989136.0,157713.0,601898.0,2064213.0
GR0000000493,2022,10,1499558.0,490896.0,340663.0,2206614.0,844817.0,144709.0,635605.0,2380061.0
GR0000000493,2023,10,2795729.0,1269119.0,374715.0,4485490.0,2315717.0,391280.0,1660399.0,4056646.0
GR0000000493,2024,10,2410609.0,728884.0,391150.0,4082734.0,1440480.0,245873.0,974757.0,3548649.0
GR0000000494,2020,149,12499913.0,3439976.0,4582872.0,22380088.0,10404142.0,962184.0,4402160.0,25624506.0
GR0000000494,2021,144,17608232.0,4781262.0,4703105.0,58126872.0,33317561.0,1447733.0,6228996.0,45468449.0
GR0000000494,2022,154,18746471.0,4970660.0,5545024.0,38336688.0,18107515.0,1599211.0,6569870.0,44639872.0
GR0000000494,2023,183,12283669.0,3862856.0,6886174.0,34016813.0,17583285.0,1317691.0,5180547.0,26996286.0
GR0000000494,2024,205,28137343.0,8066706.0,6668346.0,62556895.0,25382015.0,2694258.0,10760965.0,68539616.0
GR0000000495,2020,94,8704739.0,1360923.0,3011722.0,14845186.0,7532466.0,418108.0,1779031.0,33660296.0
GR0000000495,2021,85,7499041.0,1317507.0,2762571.0,14859759.0,7084961.0,476243.0,1793749.0,25245020.0
GR0000000495,2022,94,7042687.0,1238215.0,2721470.0,13262241.0,8472212.0,341641.0,1579856.0,24040177.0
GR0000000495,2023,112,10060786.0,1980896.0,3464604.0,19478354.0,11758057.0,663363.0,2644260.0,37788531.0
GR0000000495,2024,131,5097350.0,894788.0,3749995.0,12770743.0,7050559.0,306751.0,1201538.0,23150114.0
GR0000000496,2020,94,4139793.0,1055978.0,2646214.0,20968578.0,14945433.0,328184.0,1384162.0,20136092.0
GR0000000496,2021,94,4070429.0,1194095.0,2307324.0,16664112.0,12156577.0,428459.0,1622554.0,15400697.0
GR0000000496,2022,97,4682933.0,1216614.0,2792544.0,14956980.0,10727934.0,414417.0,1631030.0,18437651.0
GR0000000496,2023,95,3502369.0,1262413.0,2205529.0,12291510.0,7066777.0,428642.0,1691055.0,13813389.0
GR0000000496,2024,108,5153894.0,1742885.0,3063634.0,20469335.0,14582373.0,624787.0,2367672.0,24876293.0
GR0000000497,2020,12,1008011.0,216578.0,280735.0,2990883.0,1226871.0,66092.0,282670.0,2242192.0
GR0000000497,2021,12,1069010.0,382017.0,303153.0,3049218.0,1526751.0,104553.0,486570.0,2492481.0
GR0000000497,2022,12,919570.0,229719.0,367371.0,2832259.0,1549626.0,86962.0,316681.0,2889407.0
GR0000000497,2023,11,651963.0,178972.0,256104.0,2579881.0,1675534.0,53440.0,232412.0,2051676.0
GR0000000497,2024,9,406604.0,141538.0,244650.0,1112678.0,545086.0,45507.0,187045.0,939613.0
GR0000000498,2020,98,5144959.0,1556227.0,2972298.0,12149099.0,6207183.0,590172.0,2146399.0,19993690.0
GR0000000498,2021,97,11807581.0,2883986.0,3148175.0,31369037.0,14842615.0,1084170.0,3968156.0,36574753.0
GR0000000498,2022,89,11021657.0,3150996.0,2650167.0,22771521.0,13001939.0,1006749.0,4157746.0,31753749.0
GR0000000498,2023,93,4247011.0,1285826.0,2358023.0,9379393.0,4599022.0,293166.0,1578992.0,16297277.0
GR0000000498,2024,100,8362362.0,2533358.0,3204122.0,16627762.0,9771973.0,738685.0,3272043.0,25290210.0
GR0000000499,2020,1,25021.0,7368.0,20456.0,96883.0,64903.0,2712.0,10081.0,125503.0
GR0000000499,2021,1,27016.0,6315.0,24204.0,157182.0,87172.0,2355.0,8670.0,164706.0
GR0000000499,2022,1,21292.0,6318.0,21996.0,167797.0,85189.0,2209.0,8526.0,134948.0
GR0000000499,2023,1,20028.0,4814.0,19470.0,67862.0,46389.0,1305.0,6119.0,86842.0
GR0000000499,2024,1,14702.0,3396.0,21049.0,78752.0,53525.0,907.0,4303.0,77105.0
GR0000000500,2020,1,57845.0,25281.0,32924.0,128747.0,74698.0,7274.0,32555.0,114923.0
GR0000000500,2021,1,130518.0,44498.0,28062.0,277480.0,151252.0,14840.0,59339.0,247841.0
GR0000000500,2022,1,66214.0,25705.0,34727.0,139480.0,63678.0,10638.0,36344.0,150792.0
GR0000000500,2023,1,142539.0,47739.0,31129.0,257303.0,143457.0,17887.0,65625.0,238332.0
GR0000000500,2024,1,111434.0,42060.0,25518.0,315471.0,136941.0,12067.0,54127.0,256324.0
GR0000000501,2020,3,57424.0,8827.0,46556.0,126902.0,76946.0,3391.0,12218.0,232779.0
GR0000000501,2021,3,50663.0,9478.0,45708.0,138433.0,101535.0,3732.0,13210.0,247927.0
GR0000000501,2022,3,61323.0,14984.0,42392.0,89664.0,54210.0,6248.0,21231.0,211960.0
GR0000000501,2023,3,25475.0,4504.0,24333.0,71097.0,43035.0,1655.0,6159.0,121667.0
GR0000000501,2024,3,45976.0,9451.0,42099.0,96979.0,69024.0,3519.0,12970.0,210493.0
GR0000000502,2020,13,201331.0,35476.0,268639.0,673890.0,476218.0,15175.0,50651.0,895462.0
GR0000000502,2021,14,553590.0,151198.0,285043.0,2257469.0,1404966.0,53350.0,204548.0,2421472.0
GR0000000502,2022,14,486805.0,133357.0,274818.0,1532971.0,1026017.0,44248.0,177605.0,2141907.0
GR0000000502,2023,13,383600.0,112131.0,248202.0,1555648.0,1087584.0,40442.0,152572.0,1867863.0
GR0000000502,2024,14,192953.0,53454.0,274241.0,999766.0,590464.0,16653.0,70107.0,1082059.0
GR0000000503,2020,49,840138.0,268722.0,909437.0,4613497.0,2822082.0,78063.0,346785.0,4573033.0
GR0000000503,2021,49,920007.0,218371.0,1220474.0,5328980.0,3687993.0,68852.0,287223.0,4985778.0
GR0000000503,2022,49,937832.0,326895.0,1096759.0,5172975.0,2950627.0,130649.0,457544.0,5542704.0
GR0000000503,2023,49,975322.0,329644.0,1004013.0,5609004.0,2830888.0,128631.0,458276.0,5603437.0
GR0000000503,2024,48,1224423.0,300626.0,910370.0,9567999.0,4913979.0,115272.0,415898.0,8010354.0
GR0000000504,2024,76,3519901.0,919509.0,2182268.0,7159344.0,4481784.0,228792.0,1148301.0,11850290.0
GR0000000505,2020,79,6988484.0,1089713.0,1876482.0,23024090.0,16661203.0,366547.0,1456260.0,16606582.0
GR0000000505,2021,92,4039557.0,819743.0,2199924.0,19062219.0,14127555.0,228174.0,1047917.0,12457515.0
GR0000000505,2022,98,7262156.0,1439252.0,2161585.0,33632521.0,23395114.0,384314.0,1823566.0,19558501.0
GR0000000505,2023,89,4865547.0,1161362.0,1910741.0,25322551.0,17148795.0,411968.0,1573331.0,12640125.0
GR0000000505,2024,82,3121555.0,701924.0,1931863.0,8004810.0,4700988.0,184335.0,886259.0,7288847.0
GR0000000506,2020,4,141052.0,33946.0,83669.0,271328.0,171100.0,9682.0,43627.0,543446.0
GR0000000506,2021,4,95484.0,22380.0,62541.0,136241.0,73811.0,8452.0,30832.0,347451.0
GR0000000506,2022,4,87089.0,15564.0,60582.0,115860.0,68665.0,4739.0,20303.0,336567.0
GR0000000506,2023,4,203305.0,46992.0,104899.0,230831.0,132282.0,17770.0,64762.0,596613.0
GR0000000506,2024,4,178860.0,48795.0,95060.0,295731.0,176302.0,16679.0,65474.0,571529.0
GR0000000507,2020,16,168445.0,40759.0,136893.0,354090.0,238073.0,13967.0,54726.0,684465.0
GR0000000507,2021,17,451255.0,88210.0,353400.0,932088.0,684433.0,37240.0,125449.0,1787842.0
GR0000000507,2022,19,301184.0,63187.0,210080.0,393806.0,218763.0,25698.0,88885.0,1050399.0
GR0000000507,2023,17,469028.0,94180.0,332136.0,1050382.0,604094.0,35702.0,129882.0,1660682.0
GR0000000507,2024,15,388856.0,58376.0,267671.0,615100.0,346315.0,24994.0,83370.0,1387158.0
GR0000000508,2020,10,3175225.0,1297082.0,391587.0,4794980.0,1736563.0,411196.0,1708278.0,4575004.0
GR0000000508,2021,9,1437158.0,634678.0,311415.0,2037793.0,861223.0,199663.0,834341.0,2147080.0
GR0000000508,2022,8,802767.0,297244.0,339162.0,1512816.0,813328.0,80170.0,377414.0,1583638.0
GR0000000508,2023,7,1181531.0,473495.0,229938.0,1453884.0,584502.0,171681.0,645176.0,1830475.0
GR0000000508,2024,7,821168.0,357253.0,259008.0,1613159.0,590359.0,112264.0,469517.0,1586872.0
GR0000000509,2020,23,656418.0,176641.0,382441.0,3825609.0,2856436.0,50323.0,226964.0,1873357.0
GR0000000509,2021,23,298390.0,61443.0,330876.0,2534866.0,1712176.0,18371.0,79814.0,1113226.0
GR0000000509,2022,22,467363.0,122856.0,380766.0,2116373.0,1486366.0,49111.0,171967.0,1457581.0
GR0000000509,2023,21,306309.0,88090.0,306868.0,2038041.0,1499326.0,25918.0,114009.0,1142461.0
GR0000000509,2024,22,550584.0,144667.0,369994.0,3533971.0,2207035.0,51067.0,195734.0,1626359.0
GR0000000510,2020,44,3239138.0,852901.0,1092871.0,10753419.0,6273511.0,195093.0,1047994.0,12024621.0
GR0000000510,2021,40,1533116.0,568867.0,895752.0,4434638.0,3279659.0,88255.0,657121.0,5905465.0
GR0000000510,2022,34,2698619.0,843741.0,805966.0,7705361.0,5804686.0,242796.0,1086537.0,8541278.0
GR0000000510,2023,31,1926545.0,555180.0,808758.0,5462057.0,3115257.0,120591.0,675771.0,7053915.0
GR0000000510,2024,22,1618046.0,380987.0,669762.0,5071588.0,3759285.0,96974.0,477961.0,5917899.0
GR0000000511,2020,4,385501.0,135570.0,132876.0,545871.0,263556.0,40075.0,175646.0,764759.0
GR0000000511,2021,4,796083.0,293685.0,170602.0,1254047.0,625493.0,102253.0,395938.0,1553328.0
GR0000000511,2022,4,1277928.0,509772.0,133150.0,2009213.0,907063.0,142654.0,652426.0,1963511.0
GR0000000511,2023,4,524080.0,225250.0,160114.0,867381.0,452604.0,62934.0,288184.0,811715.0
GR0000000511,2024,4,819853.0,252979.0,123139.0,1269292.0,572141.0,76939.0,329918.0,1472897.0
GR0000000512,2020,46,4463741.0,774506.0,947269.0,18920008.0,12933943.0,292870.0,1067376.0,10269580.0
GR0000000512,2021,52,4449680.0,749874.0,938735.0,16426356.0,9356757.0,228783.0,978657.0,11898459.0
GR0000000512,2022,59,3088844.0,691531.0,1466555.0,13702880.0,9796694.0,217988.0,909519.0,8214414.0
GR0000000512,2023,66,4246326.0,751691.0,1546238.0,15936101.0,11841830.0,286107.0,1037799.0,9507147.0
GR0000000512,2024,60,3431899.0,685080.0,1269869.0,11843195.0,7045236.0,222555.0,907635.0,8580926.0
GR0000000513,2020,49,1631736.0,426973.0,1388775.0,6678785.0,4820619.0,125484.0,552457.0,7549775.0
GR0000000513,2021,45,1491108.0,417612.0,910403.0,5890978.0,3489359.0,122152.0,539764.0,6453126.0
GR0000000513,2022,48,1344559.0,403435.0,1038098.0,5290306.0,3403028.0,108875.0,512310.0,5522151.0
GR0000000513,2023,47,1274193.0,385326.0,1263975.0,4035188.0,2458338.0,131458.0,516784.0,4273410.0
GR0000000513,2024,54,2164339.0,817157.0,1361343.0,7073679.0,4723103.0,249452.0,1066609.0,7902652.0
GR0000000514,2023,11,304706.0,90863.0,297673.0,1111956.0,609882.0,31190.0,122053.0,1423426.0
GR0000000514,2024,12,408522.0,90498.0,355418.0,1332941.0,606739.0,33750.0,124249.0,1848265.0
GR0000000515,2020,2,42524.0,16576.0,51994.0,584878.0,382509.0,6484.0,23060.0,236453.0
GR0000000515,2021,1,41275.0,13934.0,27291.0,471959.0,307435.0,3987.0,17921.0,223961.0
GR0000000515,2022,1,28015.0,11251.0,27297.0,278101.0,160048.0,4178.0,15429.0,141133.0
GR0000000515,2023,1,33938.0,14307.0,31870.0,302046.0,204487.0,4947.0,19254.0,207070.0
GR0000000515,2024,1,50276.0,17792.0,32414.0,450042.0,277642.0,7495.0,25287.0,201979.0
GR0000000516,2023,19,1497643.0,380836.0,660925.0,5223191.0,3222581.0,97518.0,478354.0,3894576.0
GR0000000516,2024,18,1095708.0,304211.0,470597.0,2221168.0,1183357.0,103080.0,407290.0,2316587.0
GR0000000517,2020,10,572000.0,235571.0,327389.0,1809678.0,884823.0,71905.0,307476.0,1329654.0
GR0000000517,2021,11,981931.0,341932.0,375700.0,2153099.0,982654.0,108200.0,450132.0,2300928.0
GR0000000517,2022,11,680546.0,274766.0,312230.0,1639763.0,678917.0,104263.0,379029.0,1529008.0
GR0000000517,2023,12,610521.0,227834.0,341886.0,1732540.0,739506.0,66697.0,294531.0,1386488.0
GR0000000517,2024,11,906095.0,336666.0,368306.0,2471231.0,1269658.0,125372.0,462038.0,1881517.0
GR0000000518,2020,114,5517030.0,2130990.0,3311998.0,10441734.0,6144012.0,552337.0,2683327.0,16048047.0
GR0000000518,2021,121,11703291.0,3549653.0,3258506.0,25283911.0,10876970.0,1273040.0,4822692.0,33931635.0
GR0000000518,2022,125,4632810.0,1287116.0,3478781.0,10701931.0,6312257.0,489822.0,1776939.0,16969265.0
GR0000000518,2023,141,6789485.0,2109268.0,3845132.0,14534286.0,5874311.0,502121.0,2611389.0,20000710.0
GR0000000518,2024,160,7236370.0,1680601.0,4982795.0,18421428.0,8237412.0,604905.0,2285506.0,24871918.0
GR0000000519,2020,1,36217.0,5623.0,19821.0,144815.0,90924.0,2060.0,7684.0,217878.0
GR0000000519,2021,1,26649.0,5723.0,20381.0,103430.0,67962.0,1946.0,7669.0,120127.0
GR0000000519,2022,1,39810.0,10384.0,22354.0,132903.0,67992.0,3988.0,14372.0,157704.0
GR0000000519,2023,1,27163.0,7087.0,24750.0,87821.0,59290.0,2114.0,9201.0,129218.0
GR0000000519,2024,1,26232.0,3753.0,19450.0,112764.0,72229.0,1028.0,4781.0,153108.0
GR0000000520,2020,5,275349.0,72644.0,121827.0,1020201.0,478586.0,22293.0,94936.0,707619.0
GR0000000520,2021,5,328248.0,90153.0,100465.0,1378655.0,724193.0,36100.0,126253.0,984415.0
GR0000000520,2022,5,318550.0,81026.0,132687.0,1116748.0,518467.0,29461.0,110488.0,1027733.0
GR0000000520,2023,5,344746.0,124170.0,111911.0,922748.0,419122.0,39037.0,163206.0,823330.0
GR0000000520,2024,5,428024.0,136774.0,131822.0,1027971.0,635149.0,44138.0,180912.0,972196.0
GR0000000521,2020,203,28309257.0,6152980.0,4341572.0,61133663.0,31397678.0,1748222.0,7901201.0,58787875.0
GR0000000521,2021,193,19357811.0,3817008.0,5321195.0,51091163.0,32089802.0,1214308.0,5031316.0,44788095.0
GR0000000521,2022,224,14706895.0,4508620.0,5190474.0,48288584.0,31317222.0,1263159.0,5771779.0,38035861.0
GR0000000521,2023,250,24011190.0,4034567.0,5008174.0,74562309.0,43205261.0,1291157.0,5325725.0,68339879.0
GR0000000521,2024,250,20061748.0,5592106.0,7482405.0,60305859.0,34510320.0,1353893.0,6945999.0,51880071.0
GR0000000522,2020,2,66277.0,21316.0,53420.0,240734.0,135983.0,8994.0,30309.0,192406.0
GR0000000522,2021,2,132085.0,32487.0,40232.0,321585.0,180139.0,9712.0,42199.0,306143.0
GR0000000522,2022,2,137600.0,46187.0,53011.0,506450.0,317562.0,19341.0,65528.0,410165.0
GR0000000522,2023,2,128602.0,46274.0,41368.0,499674.0,265085.0,15992.0,62266.0,341844.0
GR0000000522,2024,2,121081.0,29502.0,50834.0,456647.0,232392.0,11482.0,40983.0,273872.0
GR0000000523,2020,1,52064.0,12430.0,21028.0,285722.0,149021.0,3379.0,15809.0,221943.0
GR0000000523,2021,1,16199.0,3693.0,18592.0,74307.0,40878.0,1151.0,4843.0,74370.0
GR0000000523,2022,1,6787.0,1688.0,9681.0,41746.0,22776.0,463.0,2152.0,38722.0
GR0000000523,2023,1,12117.0,2305.0,18049.0,53803.0,30950.0,666.0,2972.0,72195.0
GR0000000523,2024,1,22242.0,5016.0,19543.0,126487.0,65861.0,1374.0,6390.0,109782.0
GR0000000524,2020,3,253999.0,103860.0,78877.0,696851.0,315539.0,41462.0,145322.0,509755.0
GR0000000524,2021,3,209063.0,80854.0,103658.0,399248.0,166499.0,26093.0,106947.0,392939.0
GR0000000524,2022,3,301278.0,96655.0,80049.0,478135.0,239804.0,33698.0,130352.0,513857.0
GR0000000524,2023,3,216114.0,86660.0,93998.0,461501.0,186909.0,31083.0,117743.0,453580.0
GR0000000524,2024,3,234064.0,80613.0,100023.0,482449.0,229267.0,24022.0,104635.0,460213.0
GR0000000525,2020,3,79327.0,15179.0,81602.0,194125.0,129010.0,3404.0,18583.0,293091.0
GR0000000525,2021,1,25523.0,3897.0,22346.0,106113.0,71336.0,670.0,4567.0,131652.0
GR0000000525,2022,1,57026.0,11187.0,20674.0,221736.0,115423.0,3569.0,14756.0,286142.0
GR0000000525,2023,1,37926.0,8089.0,27219.0,160448.0,107414.0,1608.0,9697.0,195133.0
GR0000000525,2024,1,44838.0,10226.0,26136.0,119726.0,75876.0,2164.0,12390.0,162612.0
GR0000000526,2020,10,1407559.0,394531.0,398253.0,2442462.0,1461417.0,125450.0,519980.0,3123286.0
GR0000000526,2021,10,1365240.0,339365.0,318354.0,3372755.0,1605326.0,85220.0,424585.0,3111547.0
GR0000000526,2022,10,1283675.0,480933.0,396192.0,2949357.0,1763525.0,139895.0,620828.0,2726554.0
GR0000000526,2023,10,1062318.0,349007.0,311078.0,2217427.0,1287275.0,112994.0,462001.0,2354893.0
GR0000000526,2024,10,1188199.0,390851.0,250684.0,3568747.0,1907994.0,148524.0,539375.0,2720275.0
GR0000000527,2020,165,66966152.0,26361271.0,8217851.0,59891922.0,24070839.0,8875719.0,35236990.0,93824173.0
GR0000000527,2021,149,37932832.0,12738878.0,8517078.0,53810966.0,19278282.0,3091978.0,15830856.0,55906738.0
GR0000000527,2022,129,58363063.0,21585105.0,6526413.0,61237001.0,20565185.0,4629120.0,26214225.0,89335518.0
GR0000000527,2023,116,48079564.0,14612751.0,6218267.0,48709530.0,21149686.0,4833725.0,19446476.0,65388231.0
GR0000000527,2024,121,42755235.0,14575617.0,5694066.0,45634988.0,20400373.0,4393650.0,18969267.0,63227011.0
GR0000000528,2020,26,862450.0,280337.0,504025.0,4598595.0,3169713.0,79314.0,359651.0,4945771.0
GR0000000528,2021,28,441554.0,97718.0,575504.0,2278966.0,1354507.0,36549.0,134267.0,2038618.0
GR0000000528,2022,26,756754.0,251755.0,612752.0,3728325.0,2031849.0,75746.0,327501.0,4078918.0
GR0000000528,2023,27,485576.0,162519.0,491796.0,2006490.0,1235853.0,63002.0,225521.0,2030989.0
GR0000000528,2024,31,411650.0,97650.0,577637.0,2257988.0,1218439.0,41585.0,139235.0,1925457.0
GR0000000529,2020,6,437846.0,215839.0,237300.0,3320402.0,2372851.0,73102.0,288941.0,891147.0
GR0000000529,2021,6,1005262.0,409093.0,209354.0,20174312.0,14837034.0,119795.0,528888.0,2056947.0
GR0000000529,2022,7,569546.0,277167.0,271340.0,4535206.0,3458996.0,79555.0,356722.0,1191328.0
GR0000000529,2023,6,870555.0,335778.0,180105.0,11880681.0,9689782.0,110172.0,445950.0,1807067.0
GR0000000529,2024,6,356631.0,142756.0,193678.0,4953126.0,3624623.0,47123.0,189878.0,835757.0
GR0000000530,2024,11,132155.0,38681.0,242165.0,763646.0,448485.0,12824.0,51505.0,807216.0
GR0000000531,2020,9,78056.0,19816.0,117430.0,438945.0,268724.0,7548.0,27365.0,469718.0
GR0000000531,2021,9,136757.0,26395.0,192843.0,833678.0,543453.0,10583.0,36978.0,882956.0
GR0000000531,2022,8,152314.0,23843.0,139180.0,855512.0,521437.0,7997.0,31840.0,855953.0
GR0000000531,2023,8,160820.0,40335.0,158199.0,701924.0,444389.0,13979.0,54314.0,745639.0
GR0000000531,2024,9,79264.0,13201.0,110663.0,556650.0,310273.0,5085.0,18286.0,442652.0
GR0000000532,2020,49,1395854.0,316171.0,1132308.0,5963177.0,3486341.0,119883.0,436054.0,3709900.0
GR0000000532,2021,49,2896114.0,929904.0,1050329.0,8613846.0,4944574.0,368620.0,1298524.0,8582374.0
GR0000000532,2022,49,2677012.0,944769.0,1419889.0,8813198.0,4798492.0,336122.0,1280892.0,6756130.0
GR0000000532,2023,49,1494053.0,523974.0,1457871.0,6349564.0,3773358.0,209871.0,733845.0,4602559.0
GR0000000532,2024,49,4065390.0,1407452.0,1062996.0,13209196.0,7901814.0,560808.0,1968260.0,11894109.0
GR0000000533,2020,183,5925926.0,1431112.0,4552779.0,21486962.0,13680960.0,413750.0,1844862.0,25267105.0
GR0000000533,2021,219,8194059.0,2333769.0,5681189.0,26123906.0,16835344.0,849660.0,3183429.0,27523484.0
GR0000000533,2022,200,8740188.0,2991671.0,5760427.0,25501563.0,15405774.0,937045.0,3928716.0,31633885.0
GR0000000533,2023,230,13938143.0,4906850.0,5226474.0,55693386.0,26956135.0,1487310.0,6394161.0,66609569.0
GR0000000533,2024,236,18060210.0,6350099.0,6189978.0,57414927.0,25897146.0,2429289.0,8779387.0,65732109.0
GR0000000534,2020,12,662309.0,261973.0,396155.0,6079633.0,3626424.0,101699.0,363672.0,2703725.0
GR0000000534,2021,12,417742.0,153252.0,338434.0,4171648.0,2390879.0,52513.0,205765.0,2659115.0
GR0000000534,2022,13,350856.0,120831.0,341875.0,3884788.0,2406741.0,43181.0,164012.0,1764426.0
GR0000000534,2023,12,535841.0,212603.0,388495.0,3793904.0,2162604.0,83227.0,295831.0,2707952.0
GR0000000534,2024,10,216966.0,67127.0,288184.0,2143196.0,1581538.0,22128.0,89255.0,1245910.0
GR0000000535,2020,10,439497.0,64826.0,148858.0,1426500.0,965731.0,26195.0,91021.0,1110486.0
GR0000000535,2021,10,166491.0,25818.0,169778.0,687912.0,430916.0,9022.0,34840.0,481646.0
GR0000000535,2022,11,263948.0,57107.0,204264.0,1347315.0,970866.0,24233.0,81340.0,978817.0
GR0000000535,2023,11,427045.0,77192.0,189170.0,2790749.0,1717347.0,25685.0,102877.0,1192829.0
GR0000000535,2024,10,197282.0,46267.0,170690.0,881422.0,704768.0,13774.0,60041.0,623870.0
GR0000000536,2020,39,1056295.0,260860.0,919054.0,4044336.0,2836480.0,100514.0,361375.0,5479964.0
GR0000000536,2021,41,1450013.0,325091.0,949869.0,4194050.0,2903749.0,133900.0,458991.0,6231807.0
GR0000000536,2022,44,1315658.0,243685.0,837751.0,6393452.0,3802893.0,94976.0,338661.0,6275338.0
GR0000000536,2023,49,1720344.0,286445.0,919543.0,5305034.0,3815742.0,111795.0,398240.0,8170479.0
GR0000000536,2024,49,1311649.0,223661.0,914995.0,7004876.0,4504016.0,92043.0,315703.0,7893750.0
GR0000000537,2020,5,164566.0,58410.0,107627.0,554447.0,364152.0,21534.0,79944.0,577062.0
GR0000000537,2021,4,156319.0,58038.0,109371.0,548677.0,334856.0,19672.0,77710.0,547068.0
GR0000000537,2022,4,244645.0,60652.0,86670.0,754762.0,418310.0,22802.0,83454.0,902737.0
GR0000000537,2023,4,163340.0,60051.0,98065.0,609955.0,397716.0,18909.0,78960.0,668798.0
GR0000000537,2024,4,133566.0,37859.0,98903.0,596368.0,376758.0,12366.0,50225.0,662170.0
GR0000000538,2024,192,19534884.0,7731693.0,8684557.0,67469835.0,39892500.0,2752531.0,10484224.0,64346311.0
GR0000000539,2020,12,150655.0,43613.0,182552.0,563785.0,314741.0,14175.0,57789.0,730206.0
GR0000000539,2021,11,175118.0,33171.0,186757.0,724683.0,389883.0,13103.0,46274.0,819695.0
GR0000000539,2022,11,117249.0,18774.0,183653.0,570905.0,328523.0,7683.0,26456.0,739360.0
GR0000000539,2023,12,143894.0,22979.0,182150.0,649464.0,388566.0,8967.0,31946.0,728602.0
GR0000000539,2024,12,254356.0,73011.0,252951.0,1489889.0,959143.0,25059.0,98070.0,1273781.0
GR0000000540,2024,64,2202062.0,640221.0,1783919.0,7338942.0,3349920.0,184909.0,825130.0,10056799.0
GR0000000541,2022,66,1679459.0,440802.0,1102832.0,3110591.0,1786363.0,119084.0,559886.0,6126846.0
GR0000000541,2023,62,1823524.0,318837.0,1247541.0,3548368.0,1899708.0,82550.0,401387.0,6930783.0
GR0000000541,2024,65,975252.0,171778.0,639016.0,1917374.0,1334592.0,52190.0,223968.0,3550087.0
GR0000000542,2020,9,199048.0,49372.0,153576.0,866477.0,582715.0,17297.0,66669.0,993318.0
GR0000000542,2021,9,128215.0,20578.0,187751.0,781614.0,476384.0,7120.0,27698.0,818241.0
GR0000000542,2022,10,166313.0,44003.0,209013.0,764213.0,490814.0,18819.0,62822.0,836051.0
GR0000000542,2023,11,114334.0,23355.0,135086.0,445484.0,308324.0,9738.0,33093.0,540345.0
GR0000000542,2024,10,97868.0,17265.0,142994.0,555806.0,309009.0,5939.0,23205.0,571976.0
GR0000000543,2020,18,1436117.0,419337.0,492487.0,2981170.0,1285544.0,111206.0,530543.0,3135804.0
GR0000000543,2021,17,2141836.0,633850.0,668738.0,5266964.0,2763072.0,166960.0,800809.0,4479620.0
GR0000000543,2022,17,2164291.0,827547.0,606457.0,4305146.0,2463716.0,223787.0,1051334.0,5297689.0
GR0000000543,2023,18,1800192.0,659775.0,451011.0,4278628.0,2130677.0,168796.0,828571.0,4557397.0
GR0000000543,2024,21,3305012.0,1244013.0,541002.0,7659556.0,4511955.0,353576.0,1597589.0,6774945.0
GR0000000544,2020,3,107444.0,23415.0,47938.0,817478.0,537390.0,7161.0,30576.0,415264.0
GR0000000544,2021,3,148889.0,32803.0,59292.0,763576.0,584865.0,12383.0,45185.0,373284.0
GR0000000544,2022,3,103913.0,23642.0,56335.0,392786.0,250094.0,7946.0,31588.0,268120.0
GR0000000544,2023,3,62133.0,17121.0,50186.0,328810.0,215255.0,5269.0,22390.0,158689.0
GR0000000544,2024,3,46745.0,8099.0,53340.0,205794.0,129875.0,3065.0,11164.0,131978.0
GR0000000545,2020,1,44085.0,14917.0,24208.0,190964.0,127123.0,4016.0,18933.0,134396.0
GR0000000545,2021,1,96906.0,28414.0,25158.0,206991.0,132911.0,8628.0,37042.0,213027.0
GR0000000545,2022,1,46016.0,9995.0,30335.0,136038.0,85424.0,3820.0,13814.0,126858.0
GR0000000545,2023,1,64322.0,16150.0,31049.0,234932.0,116656.0,5026.0,21176.0,186161.0
GR0000000545,2024,1,60827.0,15522.0,22404.0,186398.0,97720.0,4077.0,19600.0,141306.0
GR0000000546,2020,3,43719.0,7635.0,32548.0,65910.0,41773.0,2177.0,9812.0,162738.0
GR0000000546,2021,3,71843.0,18746.0,54629.0,172295.0,101268.0,7356.0,26101.0,317483.0
GR0000000546,2022,2,40621.0,6524.0,36482.0,85911.0,53728.0,1886.0,8409.0,182412.0
GR0000000546,2023,2,55949.0,12309.0,32609.0,80238.0,59212.0,3697.0,16006.0,193177.0
GR0000000546,2024,1,13922.0,2081.0,12995.0,27673.0,20417.0,721.0,2802.0,64974.0
GR0000000547,2020,9,574624.0,130335.0,223969.0,2483522.0,1807335.0,42942.0,173278.0,1881155.0
GR0000000547,2021,9,686190.0,123163.0,211621.0,3005834.0,1730947.0,43878.0,167041.0,1684440.0
GR0000000547,2022,8,469425.0,136418.0,191262.0,2492850.0,1485705.0,35829.0,172248.0,1523425.0
GR0000000547,2023,8,529242.0,90990.0,146674.0,2220134.0,1553679.0,27702.0,118692.0,1359725.0
GR0000000547,2024,8,675446.0,170457.0,161468.0,1996586.0,1478200.0,46662.0,217119.0,1507218.0
GR0000000548,2021,92,18196764.0,9292272.0,3601663.0,110959908.0,89159671.0,3392046.0,12684318.0,32046965.0
GR0000000548,2022,96,12771837.0,4860546.0,4717951.0,131750909.0,103159634.0,1702056.0,6562602.0,27918556.0
GR0000000548,2023,100,10366744.0,4994548.0,4658957.0,91831219.0,71967660.0,1528599.0,6523147.0,23219505.0
GR0000000548,2024,100,20390096.0,8982423.0,3747720.0,235698434.0,204596758.0,3431749.0,12414172.0,41745743.0
GR0000000549,2020,3,212251.0,77774.0,78255.0,391916.0,230921.0,28319.0,106094.0,425868.0
GR0000000549,2021,2,185527.0,57622.0,60988.0,480103.0,284292.0,24060.0,81682.0,369985.0
GR0000000549,2022,1,50260.0,21574.0,28317.0,133178.0,66199.0,8406.0,29980.0,97493.0
GR0000000549,2023,1,108795.0,31864.0,32232.0,306558.0,158215.0,12793.0,44657.0,239234.0
GR0000000549,2024,1,61639.0,23454.0,33532.0,170686.0,88993.0,8151.0,31605.0,142034.0
GR0000000550,2020,3,200517.0,60755.0,120534.0,1360382.0,757932.0,20881.0,81636.0,969268.0
GR0000000550,2021,3,221874.0,81068.0,121710.0,1194598.0,609609.0,28921.0,109989.0,752810.0
GR0000000550,2022,3,182566.0,80674.0,114855.0,1563701.0,871341.0,27226.0,107900.0,762815.0
GR0000000550,2023,3,129582.0,53476.0,122677.0,1181931.0,704330.0,13695.0,67171.0,640497.0
GR0000000550,2024,3,162231.0,53055.0,124346.0,1047787.0,615466.0,20284.0,73339.0,708740.0
GR0000000551,2020,44,1065590.0,238246.0,781108.0,3805033.0,2323235.0,91801.0,330047.0,3003846.0
GR0000000551,2021,42,2020313.0,367449.0,847322.0,8876418.0,6330899.0,94046.0,461496.0,6681483.0
GR0000000551,2022,47,1502990.0,453510.0,767912.0,8299334.0,4936372.0,121281.0,574791.0,4634108.0
GR0000000551,2023,49,1865283.0,338079.0,1043538.0,5605189.0,3292046.0,116221.0,454300.0,4210194.0
GR0000000551,2024,55,1916797.0,465895.0,979568.0,10259690.0,7564651.0,170762.0,636657.0,5049234.0
GR0000000552,2020,6,72364.0,19253.0,117383.0,352818.0,234217.0,6997.0,26249.0,293457.0
GR0000000552,2021,7,71731.0,18480.0,127660.0,374353.0,239672.0,7633.0,26113.0,353677.0
GR0000000552,2022,6,58630.0,13906.0,129154.0,429798.0,264960.0,5002.0,18908.0,353564.0
GR0000000552,2023,6,47889.0,14198.0,106395.0,345339.0,274858.0,4740.0,18939.0,317167.0
GR0000000552,2024,5,40786.0,10958.0,85034.0,226085.0,169251.0,3268.0,14226.0,212585.0
GR0000000553,2020,170,10800739.0,3516562.0,5350536.0,30009659.0,20195264.0,1094838.0,4611399.0,33507738.0
GR0000000553,2021,180,9711757.0,2964862.0,6666579.0,27109293.0,18644285.0,1041630.0,4006491.0,38451663.0
GR0000000553,2022,189,12362373.0,3631404.0,6780537.0,32166040.0,18678989.0,809637.0,4441041.0,45183597.0
GR0000000553,2023,196,11617219.0,3595625.0,6783388.0,33502905.0,21234773.0,1388085.0,4983710.0,42125098.0
GR0000000553,2024,187,17624342.0,5073056.0,5663592.0,36189792.0,19257585.0,1500635.0,6573691.0,51807310.0
GR0000000554,2020,11,216764.0,61246.0,175152.0,1882224.0,1149209.0,19834.0,81080.0,820155.0
GR0000000554,2021,11,321218.0,61260.0,192090.0,1816729.0,1204509.0,20154.0,81414.0,941500.0
GR0000000554,2022,12,358991.0,76006.0,207723.0,1832876.0,1293198.0,24428.0,100434.0,1406990.0
GR0000000554,2023,12,360259.0,81839.0,201549.0,2539548.0,1872701.0,25818.0,107657.0,1171499.0
GR0000000554,2024,12,310488.0,83353.0,214826.0,1643239.0,1307984.0,29731.0,113084.0,980422.0
GR0000000555,2020,213,12341635.0,3692456.0,5678837.0,35247993.0,22757607.0,1421403.0,5113859.0,41625269.0
GR0000000555,2021,227,8106399.0,3183245.0,5585516.0,40372664.0,29307622.0,797957.0,3981202.0,35248700.0
GR0000000555,2022,227,7943892.0,2919744.0,5524833.0,25141204.0,18108212.0,786094.0,3705838.0,31669881.0
GR0000000555,2023,232,14332748.0,4941299.0,4680288.0,45154040.0,27127306.0,1242597.0,6183896.0,52497687.0
GR0000000555,2024,228,7197962.0,2342659.0,5379987.0,21294602.0,15077908.0,733271.0,3075930.0,26443308.0
GR0000000556,2021,9,897727.0,399358.0,312274.0,1742564.0,738766.0,135893.0,535251.0,1761189.0
GR0000000556,2022,10,738332.0,287479.0,329520.0,1687569.0,804314.0,86815.0,374294.0,1289068.0
GR0000000556,2023,9,697800.0,272657.0,231301.0,1302731.0,736887.0,106220.0,378877.0,1250950.0
GR0000000556,2024,8,1060159.0,416909.0,262374.0,2278354.0,1155938.0,170433.0,587342.0,1945172.0
GR0000000557,2020,2,19830.0,6717.0,32988.0,91409.0,60199.0,2871.0,9588.0,109959.0
GR0000000557,2021,2,24319.0,5965.0,37448.0,98278.0,60589.0,2464.0,8429.0,124826.0
GR0000000557,2022,2,50525.0,11553.0,38084.0,270439.0,162474.0,4043.0,15595.0,302647.0
GR0000000557,2023,2,29777.0,11003.0,41881.0,139156.0,74268.0,3196.0,14199.0,173516.0
GR0000000557,2024,2,35811.0,13155.0,38790.0,156575.0,108636.0,4218.0,17373.0,145418.0
GR0000000558,2023,22,761271.0,211341.0,528395.0,2250726.0,1458347.0,56676.0,268017.0,3182016.0
GR0000000558,2024,24,828940.0,262660.0,710101.0,2509103.0,1546761.0,102112.0,364772.0,3152569.0
GR0000000559,2020,14,365016.0,100053.0,260222.0,1042684.0,781413.0,33654.0,133707.0,1460854.0
GR0000000559,2021,13,188970.0,39991.0,235869.0,640886.0,354165.0,14086.0,54076.0,876584.0
GR0000000559,2022,13,392824.0,95633.0,285440.0,2281316.0,1463356.0,27749.0,123382.0,2355275.0
GR0000000559,2023,11,215680.0,45938.0,205060.0,734471.0,482790.0,13770.0,59708.0,1102517.0
GR0000000559,2024,11,148604.0,30066.0,216468.0,732689.0,432561.0,8866.0,38932.0,721559.0
GR0000000560,2020,2,144483.0,42441.0,49844.0,440261.0,244102.0,16536.0,58978.0,370663.0
GR0000000560,2021,2,107228.0,31322.0,46213.0,414592.0,204216.0,12562.0,43884.0,268207.0
GR0000000560,2022,1,70291.0,17322.0,20297.0,312809.0,159120.0,6209.0,23531.0,218909.0
GR0000000560,2023,1,78829.0,22205.0,24774.0,164463.0,104676.0,8760.0,30965.0,176401.0
GR0000000560,2024,1,61358.0,20024.0,28788.0,278090.0,156043.0,8341.0,28364.0,200655.0
GR0000000561,2020,3,52825.0,12419.0,48288.0,319869.0,189794.0,4841.0,17261.0,277065.0
GR0000000561,2021,2,14430.0,2467.0,22319.0,101205.0,52698.0,821.0,3287.0,89276.0
GR0000000561,2022,1,16231.0,3931.0,15079.0,79867.0,51186.0,1402.0,5332.0,94011.0
GR0000000561,2023,1,19301.0,4499.0,19754.0,87486.0,54371.0,1557.0,6056.0,91096.0
GR0000000561,2024,1,11300.0,2991.0,12148.0,52615.0,36767.0,1278.0,4270.0,48593.0
GR0000000562,2020,227,30409765.0,8367768.0,9772255.0,63438562.0,29795998.0,2029875.0,10397644.0,64785739.0
GR0000000562,2021,199,43669053.0,13410192.0,8666831.0,98399333.0,41428480.0,4428879.0,17839071.0,100350577.0
GR0000000562,2022,182,51520154.0,14695559.0,9022070.0,84145932.0,31456363.0,3888132.0,18583691.0,100671375.0
GR0000000562,2023,160,20702926.0,5481615.0,6961272.0,28332167.0,14173772.0,1217842.0,6699458.0,40550119.0
GR0000000562,2024,150,24150997.0,5631110.0,6056879.0,45494021.0,16563374.0,1390974.0,7022084.0,52779566.0
GR0000000563,2023,204,17661420.0,4206859.0,5883709.0,37969861.0,23150243.0,1414543.0,5621402.0,36860742.0
GR0000000563,2024,223,21853940.0,4006006.0,6374647.0,53652059.0,27251337.0,1097922.0,5103928.0,51153999.0
GR0000000564,2020,9,487504.0,188744.0,207287.0,2068557.0,1380443.0,43674.0,232418.0,2102087.0
GR0000000564,2021,7,517756.0,110746.0,215335.0,1892821.0,1052430.0,32578.0,143324.0,2194777.0
GR0000000564,2022,7,711561.0,159031.0,195391.0,1869796.0,942575.0,49649.0,208681.0,2350911.0
GR0000000564,2023,5,196670.0,61565.0,138826.0,508430.0,242094.0,16105.0,77671.0,642234.0
GR0000000564,2024,4,285222.0,75673.0,121105.0,998121.0,588456.0,22503.0,98176.0,1194558.0
GR0000000565,2024,62,4254035.0,1311681.0,1403637.0,21411117.0,12261988.0,376508.0,1688190.0,11157639.0
GR0000000566,2020,35,1569324.0,317412.0,725746.0,8176925.0,4775841.0,97095.0,414507.0,4668276.0
GR0000000566,2021,37,1615377.0,305739.0,759939.0,6590061.0,3684340.0,83035.0,388774.0,4570962.0
GR0000000566,2022,37,2432904.0,576572.0,703003.0,7319209.0,4962065.0,165922.0,742494.0,5704446.0
GR0000000566,2023,42,2516943.0,464803.0,862751.0,14306912.0,8844393.0,179183.0,643986.0,7864236.0
GR0000000566,2024,40,2453439.0,665731.0,840752.0,9884979.0,6885787.0,236863.0,902595.0,7490370.0
GR0000000567,2020,1,18315.0,3304.0,18245.0,75167.0,49110.0,1003.0,4307.0,80299.0
GR0000000567,2021,1,20419.0,5658.0,18915.0,67926.0,47179.0,1756.0,7414.0,83151.0
GR0000000567,2022,1,12674.0,2110.0,15319.0,50838.0,34679.0,645.0,2755.0,61276.0
GR0000000567,2023,1,6874.0,2092.0,10013.0,34511.0,18325.0,591.0,2683.0,40053.0
GR0000000567,2024,1,10426.0,2325.0,15621.0,62886.0,42926.0,901.0,3226.0,67806.0
GR0000000568,2020,1,17096.0,3448.0,16017.0,67578.0,47478.0,1212.0,4660.0,50373.0
GR0000000568,2021,1,43350.0,11630.0,17370.0,182786.0,140019.0,4353.0,15983.0,141639.0
GR0000000568,2022,1,23090.0,3394.0,14311.0,153652.0,110447.0,1390.0,4784.0,65272.0
GR0000000568,2023,1,21124.0,4341.0,14949.0,104789.0,82356.0,1380.0,5721.0,70048.0
GR0000000568,2024,1,25913.0,3943.0,16956.0,136200.0,88396.0,1260.0,5203.0,90022.0
GR0000000569,2020,1,57096.0,21546.0,26013.0,613931.0,345659.0,6504.0,28049.0,255638.0
GR0000000569,2021,1,28447.0,8904.0,30043.0,288254.0,165113.0,3058.0,11961.0,156298.0
GR0000000569,2022,1,30226.0,9964.0,30638.0,317398.0,216760.0,3072.0,13037.0,142676.0
GR0000000569,2023,1,45748.0,18006.0,32538.0,330134.0,191798.0,5188.0,23194.0,220423.0
GR0000000569,2024,1,44383.0,19692.0,26190.0,481600.0,340286.0,6008.0,25700.0,238611.0
GR0000000570,2022,29,908328.0,188483.0,573858.0,1647215.0,1005451.0,51829.0,240312.0,3284276.0
GR0000000570,2023,27,1012993.0,175549.0,595043.0,1729446.0,978276.0,57565.0,233114.0,3305794.0
GR0000000570,2024,29,1173005.0,206975.0,574984.0,1744036.0,1043707.0,57525.0,264500.0,3494794.0
GR0000000571,2021,5,98558.0,28017.0,93111.0,394822.0,249356.0,10491.0,38508.0,297555.0
GR0000000571,2022,4,87250.0,13436.0,63719.0,431454.0,275115.0,4908.0,18344.0,310350.0
GR0000000571,2023,4,84277.0,22638.0,71290.0,463318.0,341347.0,6852.0,29490.0,302301.0
GR0000000571,2024,4,47347.0,7526.0,69184.0,293374.0,189695.0,3003.0,10528.0,179998.0
GR0000000572,2020,1001,147491191.0,54115076.0,45520114.0,658679818.0,407035550.0,15377392.0,69492468.0,528171063.0
GR0000000572,2021,936,135990319.0,42296445.0,43904646.0,689787446.0,371572712.0,11316941.0,53613385.0,470801112.0
GR0000000572,2022,920,132222745.0,38570264.0,54549723.0,655245778.0,340549895.0,13781333.0,52351597.0,434455394.0
GR0000000572,2023,856,128276714.0,43930725.0,36130982.0,572364823.0,323107416.0,13815464.0,57746189.0,398886554.0
GR0000000572,2024,869,139125120.0,50682021.0,44580757.0,651727516.0,448689706.0,16641523.0,67323544.0,496045890.0
GR0000000573,2020,3,100953.0,19691.0,48458.0,151984.0,100276.0,5890.0,25581.0,360199.0
GR0000000573,2021,3,40895.0,9392.0,27901.0,82495.0,57943.0,3344.0,12736.0,139505.0
GR0000000573,2022,3,28191.0,4460.0,28009.0,65547.0,48766.0,1804.0,6264.0,140044.0
GR0000000573,2023,3,26067.0,6456.0,20626.0,47033.0,27268.0,2014.0,8469.0,103131.0
GR0000000573,2024,3,24908.0,6538.0,21940.0,71116.0,41076.0,2429.0,8967.0,109700.0
GR0000000574,2020,1,35086.0,8535.0,19129.0,135911.0,69229.0,3299.0,11834.0,142052.0
GR0000000574,2021,1,9090.0,3261.0,17753.0,68239.0,44402.0,1155.0,4416.0,59177.0
GR0000000574,2022,1,29494.0,8726.0,24587.0,141420.0,83473.0,3417.0,12143.0,167244.0
GR0000000574,2023,1,29087.0,7872.0,23069.0,144297.0,79415.0,2484.0,10356.0,127710.0
GR0000000574,2024,1,23122.0,5267.0,18013.0,129814.0,88296.0,1710.0,6977.0,99806.0
GR0000000575,2023,108,6786809.0,1509641.0,3735962.0,13041552.0,6964804.0,542488.0,2052129.0,24970784.0
GR0000000575,2024,114,5524144.0,1577130.0,2951752.0,11093049.0,4611425.0,515357.0,2092488.0,16696840.0
GR0000000576,2020,20,1404170.0,310704.0,432551.0,3970426.0,2031594.0,91130.0,401834.0,5526045.0
GR0000000576,2021,16,720525.0,231970.0,452933.0,2385738.0,1597982.0,66181.0,298151.0,2356310.0
GR0000000576,2022,15,542945.0,137858.0,425898.0,1974821.0,1197480.0,43643.0,181501.0,2016399.0
GR0000000576,2023,14,664012.0,170491.0,412296.0,3244436.0,2130251.0,51823.0,222314.0,3173645.0
GR0000000576,2024,15,543865.0,136467.0,453749.0,2673972.0,1807827.0,40286.0,176753.0,2574778.0
GR0000000577,2020,10,257434.0,71456.0,228603.0,1383358.0,741741.0,21303.0,92759.0,1197223.0
GR0000000577,2021,9,118859.0,39789.0,151816.0,422394.0,265684.0,13412.0,53201.0,506055.0
GR0000000577,2022,8,107859.0,33097.0,134304.0,427908.0,223449.0,11899.0,44996.0,447681.0
GR0000000577,2023,8,206828.0,72615.0,149697.0,672409.0,413141.0,28854.0,101469.0,874290.0
GR0000000577,2024,7,130858.0,29585.0,172791.0,780866.0,394509.0,10448.0,40033.0,748582.0
GR0000000578,2021,2,129332.0,53760.0,57718.0,297352.0,144252.0,15780.0,69540.0,244299.0
GR0000000578,2022,1,42001.0,12805.0,35435.0,81175.0,37656.0,4436.0,17240.0,94883.0
GR0000000578,2023,1,41308.0,12993.0,29436.0,111693.0,49509.0,4533.0,17527.0,91233.0
GR0000000578,2024,1,69905.0,24549.0,26286.0,187767.0,72691.0,8982.0,33532.0,160624.0
GR0000000579,2020,14,379459.0,92113.0,208345.0,1366892.0,985710.0,37717.0,129830.0,966529.0
GR0000000579,2021,14,457503.0,88985.0,250634.0,3719186.0,2247875.0,34933.0,123918.0,1633100.0
GR0000000579,2022,15,538923.0,141109.0,226127.0,3141833.0,2367399.0,50928.0,192037.0,2010806.0
GR0000000579,2023,14,622532.0,122431.0,221227.0,3837494.0,2926861.0,35442.0,157874.0,1595832.0
GR0000000579,2024,13,569727.0,84812.0,214555.0,2494505.0,1527494.0,29967.0,114778.0,1491701.0
GR0000000580,2020,111,3323290.0,525443.0,2190033.0,6060862.0,3895859.0,139605.0,665048.0,12166850.0
GR0000000580,2021,121,3725220.0,784155.0,2403127.0,7431871.0,4439498.0,255571.0,1039725.0,13350704.0
GR0000000580,2022,137,7035711.0,1421311.0,3768216.0,9728840.0,5990113.0,443762.0,1865074.0,20962946.0
GR0000000580,2023,157,6443379.0,1652627.0,3662090.0,9686587.0,5092785.0,597652.0,2250278.0,20344943.0
GR0000000580,2024,173,6074934.0,1413224.0,3145438.0,8357695.0,5284888.0,393997.0,1807221.0,18273293.0
GR0000000581,2020,7,723181.0,227493.0,224819.0,1507885.0,661887.0,74412.0,301905.0,1646617.0
GR0000000581,2021,6,1096593.0,432344.0,201783.0,2551905.0,1181030.0,123876.0,556220.0,1788389.0
GR0000000581,2022,5,920655.0,320875.0,141405.0,1919793.0,902580.0,104893.0,425767.0,1590304.0
GR0000000581,2023,4,434333.0,178298.0,130804.0,989514.0,473881.0,59656.0,237954.0,938918.0
GR0000000581,2024,3,243288.0,76529.0,107884.0,630952.0,335455.0,23165.0,99694.0,591000.0
GR0000000582,2022,15,272220.0,82763.0,344936.0,753353.0,423175.0,28879.0,111641.0,753188.0
GR0000000582,2023,14,377001.0,82498.0,348831.0,1283737.0,774962.0,35176.0,117674.0,1141485.0
GR0000000582,2024,14,612100.0,167630.0,379229.0,1589259.0,913126.0,61467.0,229097.0,1411756.0
GR0000000583,2020,8,244941.0,60651.0,181148.0,1031967.0,534875.0,23364.0,84014.0,1208236.0
GR0000000583,2021,8,341908.0,132626.0,207940.0,1213420.0,606482.0,33531.0,166157.0,1644736.0
GR0000000583,2022,8,423719.0,128913.0,237869.0,1433771.0,875329.0,35351.0,164265.0,1818173.0
GR0000000583,2023,8,288787.0,103656.0,195870.0,895275.0,494109.0,38139.0,141795.0,1179731.0
GR0000000583,2024,8,438082.0,138344.0,226852.0,1577210.0,961925.0,40029.0,178373.0,2135327.0
GR0000000584,2020,3,288832.0,86935.0,118315.0,1855730.0,968907.0,31987.0,118921.0,1202293.0
GR0000000584,2021,3,145199.0,56367.0,129807.0,840820.0,460167.0,18292.0,74659.0,590033.0
GR0000000584,2022,3,239656.0,102373.0,94969.0,1284058.0,844292.0,34829.0,137202.0,1034462.0
GR0000000584,2023,3,278144.0,99932.0,126429.0,1681466.0,939957.0,34429.0,134361.0,1184957.0
GR0000000584,2024,3,170625.0,60103.0,97556.0,1195950.0,665028.0,18571.0,78674.0,812818.0
GR0000000585,2020,143,4317888.0,921254.0,4254693.0,14245518.0,8602424.0,340950.0,1262204.0,19855700.0
GR0000000585,2021,151,3943283.0,949838.0,3531423.0,16294071.0,11393928.0,361722.0,1311560.0,19531012.0
GR0000000585,2022,147,4593379.0,892493.0,3281682.0,12426075.0,6523528.0,259612.0,1152105.0,21309909.0
GR0000000585,2023,157,8292387.0,1661816.0,4669836.0,24639453.0,16029744.0,593648.0,2255464.0,40248041.0
GR0000000585,2024,145,7437415.0,1549219.0,3893635.0,14915190.0,9720668.0,396196.0,1945416.0,27532366.0
GR0000000586,2020,36,783922.0,239505.0,820005.0,3577654.0,2398604.0,68021.0,307526.0,4722470.0
GR0000000586,2021,35,837908.0,149956.0,793004.0,2902311.0,2045808.0,57968.0,207925.0,3621797.0
GR0000000586,2022,32,358894.0,91914.0,528029.0,1487164.0,955551.0,39340.0,131254.0,1760096.0
GR0000000586,2023,29,654804.0,144778.0,671290.0,2076261.0,1195636.0,50921.0,195699.0,2839450.0
GR0000000586,2024,28,797353.0,138319.0,620849.0,3199244.0,1962588.0,40734.0,179052.0,4071929.0
GR0000000587,2020,16,3870945.0,1445399.0,702615.0,5048403.0,2395114.0,436683.0,1882081.0,6121606.0
GR0000000587,2021,19,2906907.0,1001480.0,835316.0,4936565.0,2538363.0,338592.0,1340072.0,5716310.0
GR0000000587,2022,19,2686822.0,1171468.0,593326.0,5023123.0,2683112.0,429881.0,1601349.0,5321369.0
GR0000000587,2023,20,4259286.0,1761944.0,811271.0,5959789.0,3069190.0,540554.0,2302498.0,6110712.0
GR0000000587,2024,19,2603136.0,1012762.0,842430.0,4311048.0,1901820.0,283235.0,1295997.0,4992198.0
GR0000000588,2022,19,492546.0,148383.0,432670.0,1608375.0,982381.0,38133.0,186517.0,2410334.0
GR0000000588,2023,21,433254.0,68902.0,524944.0,1122551.0,732639.0,20628.0,89530.0,1874799.0
GR0000000588,2024,23,556742.0,87330.0,673482.0,1592200.0,891190.0,24679.0,112010.0,2405293.0
GR0000000589,2020,9,114556.0,28114.0,120890.0,418742.0,246749.0,7268.0,35383.0,483558.0
GR0000000589,2021,8,152542.0,33679.0,157689.0,902238.0,473940.0,9246.0,42925.0,781630.0
GR0000000589,2022,6,74138.0,15850.0,98094.0,374847.0,213731.0,4948.0,20799.0,392377.0
GR0000000589,2023,5,63832.0,9271.0,102115.0,309576.0,197680.0,2845.0,12116.0,408461.0
GR0000000589,2024,4,43891.0,10753.0,59569.0,201592.0,105856.0,2890.0,13643.0,238277.0
GR0000000590,2020,7,134115.0,46557.0,138048.0,631501.0,373546.0,11885.0,58442.0,756888.0
GR0000000590,2021,5,68518.0,20255.0,104423.0,361509.0,182207.0,5808.0,26063.0,411567.0
GR0000000590,2022,4,103507.0,32705.0,85440.0,643930.0,476475.0,10144.0,42848.0,548533.0
GR0000000590,2023,2,47863.0,15121.0,50317.0,301139.0,185534.0,3885.0,19006.0,225395.0
GR0000000590,2024,2,44151.0,11388.0,39838.0,292943.0,162354.0,2291.0,13679.0,233317.0
GR0000000591,2020,1,114080.0,35385.0,30343.0,887290.0,456889.0,7228.0,42613.0,526250.0
GR0000000591,2021,1,26921.0,8386.0,25005.0,192220.0,106095.0,2326.0,10713.0,100019.0
GR0000000591,2022,1,33956.0,8702.0,31710.0,277430.0,164424.0,2302.0,11003.0,126840.0
GR0000000591,2023,1,34238.0,9631.0,37030.0,286086.0,220803.0,2379.0,12010.0,186967.0
GR0000000591,2024,1,57134.0,24615.0,29329.0,449495.0,209916.0,5694.0,30309.0,242108.0
GR0000000592,2020,2,49174.0,14387.0,36074.0,245495.0,210185.0,3696.0,18083.0,215895.0
GR0000000592,2021,1,12698.0,3904.0,20811.0,59215.0,44520.0,1456.0,5360.0,52028.0
GR0000000592,2022,1,17489.0,5057.0,19811.0,100110.0,60602.0,1666.0,6723.0,87517.0
GR0000000592,2023,1,17404.0,5407.0,17373.0,111673.0,87237.0,2090.0,7497.0,85209.0
GR0000000592,2024,1,21953.0,4680.0,18139.0,169577.0,126034.0,1497.0,6176.0,131829.0
GR0000000593,2020,178,13708246.0,4071122.0,4787384.0,15184285.0,9020378.0,1332928.0,5404050.0,37674063.0
GR0000000593,2021,161,11516274.0,2739955.0,4112179.0,11647442.0,5475452.0,822071.0,3562026.0,35306279.0
GR0000000593,2022,152,13126303.0,3697350.0,3572514.0,14136588.0,7811807.0,1020547.0,4717896.0,35100113.0
GR0000000593,2023,178,13909142.0,3049019.0,4453791.0,16420824.0,9184037.0,770564.0,3819583.0,44262716.0
GR0000000593,2024,200,10848438.0,1935103.0,4701957.0,10786228.0,4898268.0,573142.0,2508245.0,31346382.0
GR0000000594,2020,5,95008.0,26525.0,83071.0,420031.0,255374.0,9017.0,35542.0,486238.0
GR0000000594,2021,4,48618.0,11903.0,65753.0,299528.0,169929.0,4260.0,16163.0,263011.0
GR0000000594,2022,4,48634.0,8149.0,60646.0,211243.0,129196.0,2553.0,10702.0,242582.0
GR0000000594,2023,3,29082.0,6853.0,32679.0,107888.0,56799.0,2679.0,9531.0,130717.0
GR0000000594,2024,3,41812.0,7204.0,61590.0,329725.0,202788.0,2918.0,10122.0,264447.0
GR0000000595,2020,87,13005864.0,3117031.0,3428027.0,25082579.0,9302603.0,1141936.0,4258967.0,31717341.0
GR0000000595,2021,97,14032583.0,4295899.0,4460680.0,22319454.0,11350992.0,1654600.0,5950499.0,31427138.0
GR0000000595,2022,100,9473359.0,3427232.0,3676988.0,17158041.0,7028180.0,1015955.0,4443187.0,20742476.0
GR0000000595,2023,92,19630637.0,7262321.0,4279899.0,40137654.0,14341148.0,1900926.0,9163246.0,47252643.0
GR0000000595,2024,90,11420392.0,3464934.0,3710983.0,26829251.0,13692292.0,856174.0,4321108.0,25715985.0
GR0000000596,2020,43,4534538.0,1690853.0,1587197.0,28553207.0,15011355.0,490016.0,2180869.0,17407144.0
GR0000000596,2021,41,2875708.0,1043662.0,1267221.0,16052937.0,8217640.0,327663.0,1371325.0,12297831.0
GR0000000596,2022,39,2083322.0,883789.0,1341961.0,18312365.0,12804528.0,303693.0,1187483.0,9821764.0
GR0000000596,2023,36,2639696.0,971832.0,1415079.0,13263698.0,7874030.0,310502.0,1282334.0,9816032.0
GR0000000596,2024,36,2820839.0,1029377.0,1619634.0,21164966.0,13591860.0,379766.0,1409143.0,11661172.0
GR0000000597,2020,14,186791.0,36165.0,222811.0,888031.0,596477.0,11772.0,47937.0,891244.0
GR0000000597,2021,14,312856.0,48805.0,238275.0,1432857.0,844039.0,17953.0,66757.0,1279822.0
GR0000000597,2022,14,283296.0,67979.0,281979.0,1438534.0,720440.0,27299.0,95279.0,1459303.0
GR0000000597,2023,15,150488.0,46083.0,227431.0,1236153.0,757370.0,13993.0,60076.0,962352.0
GR0000000597,2024,16,158654.0,26884.0,188758.0,678472.0,368543.0,10696.0,37580.0,755030.0
GR0000000598,2020,5,302091.0,81890.0,137076.0,332976.0,197879.0,21406.0,103296.0,880389.0
GR0000000598,2021,5,226644.0,64965.0,119283.0,260689.0,150054.0,23424.0,88389.0,662682.0
GR0000000598,2022,4,167172.0,41609.0,99171.0,274316.0,170924.0,12470.0,54079.0,550951.0
GR0000000598,2023,4,255874.0,49799.0,91776.0,294480.0,163013.0,15693.0,65491.0,790146.0
GR0000000598,2024,4,155941.0,33828.0,98151.0,216496.0,145953.0,8666.0,42494.0,545284.0
GR0000000599,2023,9,127057.0,30927.0,170118.0,1099730.0,838049.0,11015.0,41942.0,821678.0
GR0000000599,2024,9,185537.0,44491.0,144613.0,1017401.0,746776.0,19016.0,63507.0,981931.0
GR0000000600,2020,32,4445107.0,2167940.0,1327431.0,48766913.0,40214690.0,716101.0,2884041.0,8619381.0
GR0000000600,2021,35,9179965.0,4547406.0,1453667.0,92176933.0,71697694.0,1380491.0,5927897.0,16636034.0
GR0000000600,2022,38,7775943.0,3383517.0,1512473.0,87997443.0,75993951.0,1065294.0,4448811.0,14545183.0
GR0000000600,2023,35,10738880.0,4703549.0,1743516.0,83629846.0,72138923.0,1198230.0,5901779.0,21023297.0
GR0000000600,2024,31,9219434.0,4625653.0,1527477.0,99009502.0,77061416.0,1621398.0,6247051.0,20449849.0
GR0000000601,2020,12,210221.0,47973.0,168055.0,385578.0,228839.0,15572.0,63545.0,840277.0
GR0000000601,2021,11,267022.0,75606.0,183284.0,587259.0,386239.0,21965.0,97571.0,1048015.0
GR0000000601,2022,12,260635.0,71360.0,206348.0,640302.0,465437.0,26232.0,97592.0,1251554.0
GR0000000601,2023,13,372367.0,55494.0,208237.0,604841.0,387109.0,20610.0,76104.0,1466784.0
GR0000000601,2024,15,394677.0,97191.0,277247.0,987965.0,735414.0,29103.0,126294.0,1537968.0
GR0000000602,2021,5,142823.0,48375.0,94212.0,675789.0,471875.0,15000.0,63375.0,585571.0
GR0000000602,2022,4,50663.0,12166.0,66423.0,229472.0,116389.0,3533.0,15699.0,221412.0
GR0000000602,2023,4,68009.0,16703.0,72680.0,426441.0,214132.0,6570.0,23273.0,365536.0
GR0000000602,2024,4,84621.0,28771.0,86149.0,358884.0,179967.0,9481.0,38253.0,403159.0
GR0000000603,2020,88,12386950.0,2969507.0,3660647.0,28986821.0,11356711.0,751966.0,3721473.0,29063452.0
GR0000000603,2021,85,12042907.0,3731724.0,3445025.0,20084084.0,9482638.0,1091752.0,4823476.0,27870142.0
GR0000000603,2022,87,18771145.0,5325366.0,4123110.0,28371783.0,11719118.0,1385568.0,6710934.0,33860381.0
GR0000000603,2023,82,17443057.0,5208447.0,4239792.0,31766962.0,14716886.0,1308190.0,6516637.0,38551208.0
GR0000000603,2024,71,16330130.0,3714136.0,3285296.0,28835292.0,13356560.0,990894.0,4705030.0,29014683.0
GR0000000604,2020,86,3517130.0,1177451.0,2112143.0,11697664.0,7175377.0,358819.0,1536269.0,14507741.0
GR0000000604,2021,97,6044484.0,1640558.0,2801908.0,15685509.0,8922947.0,586872.0,2227430.0,20768420.0
GR0000000604,2022,100,3572696.0,1129201.0,2249026.0,11143023.0,5165113.0,379965.0,1509166.0,13050086.0
GR0000000604,2023,100,5616954.0,1791714.0,2701071.0,16992581.0,10184478.0,548917.0,2340631.0,19771212.0
GR0000000604,2024,97,7113382.0,2502053.0,2336317.0,18131501.0,8421375.0,654126.0,3156179.0,24784933.0
GR0000000605,2020,313,28129452.0,5871450.0,6873597.0,89185675.0,48550275.0,1317750.0,7189200.0,77110057.0
GR0000000605,2021,368,30625135.0,5955058.0,8727747.0,97050941.0,59032550.0,1464115.0,7419173.0,74171064.0
GR0000000605,2022,393,22959358.0,5654781.0,10332404.0,61762382.0,41841806.0,1915201.0,7569982.0,56674120.0
GR0000000605,2023,440,63834087.0,16116783.0,11775816.0,201564046.0,111727836.0,3832166.0,19948949.0,130042835.0
GR0000000605,2024,504,59774259.0,9771500.0,10410077.0,203934222.0,107838709.0,2538202.0,12309701.0,161295423.0
GR0000000606,2020,2,68208.0,22611.0,48085.0,387518.0,269839.0,6560.0,29171.0,408919.0
GR0000000606,2021,1,29854.0,9800.0,19538.0,178419.0,104899.0,3942.0,13742.0,173696.0
GR0000000606,2022,1,31362.0,8271.0,24956.0,101632.0,70744.0,2634.0,10904.0,127881.0
GR0000000606,2023,1,20667.0,4900.0,21633.0,119864.0,79024.0,1488.0,6388.0,101878.0
GR0000000606,2024,1,25776.0,5946.0,21204.0,143468.0,77927.0,2038.0,7984.0,156021.0
GR0000000607,2020,216,39075213.0,17002543.0,12440584.0,176921476.0,107879064.0,6238248.0,23240791.0,130770103.0
GR0000000607,2021,209,32627114.0,13400615.0,10889649.0,177090623.0,104983405.0,4668610.0,18069225.0,114931157.0
GR0000000607,2022,215,33104773.0,13845421.0,9767272.0,199435245.0,95143640.0,3213151.0,17058572.0,127148511.0
GR0000000607,2023,250,21856313.0,9618121.0,14194461.0,97724665.0,51371599.0,2815899.0,12434020.0,77362250.0
GR0000000607,2024,230,19791982.0,7080574.0,10849034.0,82753677.0,43824065.0,2303702.0,9384276.0,73841137.0
GR0000000608,2023,56,2000535.0,360378.0,1614723.0,5447396.0,2376022.0,121468.0,481846.0,8073616.0
GR0000000608,2024,57,1646786.0,388963.0,1425739.0,4354605.0,1998953.0,135881.0,524844.0,7128697.0
GR0000000609,2020,7,76245.0,17820.0,102250.0,512112.0,280454.0,5996.0,23817.0,409002.0
GR0000000609,2021,7,108025.0,22926.0,121702.0,708182.0,356059.0,8311.0,31238.0,643206.0
GR0000000609,2022,7,115970.0,18090.0,122937.0,573584.0,356507.0,7225.0,25315.0,533470.0
GR0000000609,2023,8,136971.0,22306.0,138998.0,487362.0,263628.0,8538.0,30844.0,560155.0
GR0000000609,2024,7,72367.0,15766.0,106745.0,406025.0,220396.0,4772.0,20537.0,426980.0
GR0000000610,2020,40,751018.0,127630.0,1044524.0,2332540.0,1292542.0,42334.0,169964.0,3730443.0
GR0000000610,2021,47,2131885.0,486064.0,1054770.0,5424880.0,3496901.0,157501.0,643565.0,8173131.0
GR0000000610,2022,48,1867270.0,379842.0,1096321.0,6421679.0,4468054.0,135416.0,515258.0,8721382.0
GR0000000610,2023,44,1814057.0,385317.0,1305801.0,4980208.0,2894441.0,112154.0,497471.0,7321385.0
GR0000000610,2024,47,2099034.0,537435.0,1174900.0,4583277.0,2572624.0,153754.0,691189.0,7773202.0
GR0000000611,2020,1,52453.0,20187.0,33490.0,473947.0,353873.0,7835.0,28022.0,271823.0
GR0000000611,2021,1,54746.0,20177.0,29555.0,358114.0,254487.0,6849.0,27026.0,240472.0
GR0000000611,2022,1,41687.0,16334.0,29679.0,399418.0,295668.0,6678.0,23012.0,181537.0
GR0000000611,2023,1,20720.0,7096.0,28826.0,200715.0,136313.0,2843.0,9939.0,132669.0
GR0000000611,2024,1,57915.0,25118.0,28727.0,449537.0,321238.0,8044.0,33162.0,251253.0
GR0000000612,2024,1,18772.0,3087.0,22145.0,52322.0,38088.0,826.0,3912.0,73817.0
GR0000000613,2020,1,245427.0,103570.0,31837.0,2240797.0,1895163.0,34032.0,137602.0,556524.0
GR0000000613,2021,1,97962.0,41974.0,38949.0,1385708.0,921089.0,13128.0,55102.0,202177.0
GR0000000613,2022,1,106043.0,39318.0,33744.0,766845.0,537490.0,12497.0,51815.0,204204.0
GR0000000613,2023,1,96086.0,37706.0,32528.0,761281.0,689531.0,12419.0,50125.0,199823.0
GR0000000613,2024,1,164778.0,77030.0,38437.0,3567012.0,2352592.0,27589.0,104619.0,374711.0
GR0000000614,2020,5,814700.0,228664.0,143832.0,1665934.0,980992.0,75070.0,303734.0,1801270.0
GR0000000614,2021,4,647730.0,188576.0,154204.0,1535221.0,702833.0,46478.0,235054.0,1584575.0
GR0000000614,2022,3,399869.0,87958.0,78803.0,796053.0,379047.0,21206.0,109164.0,873277.0
GR0000000614,2023,3,419411.0,126262.0,88627.0,1185662.0,531494.0,28984.0,155246.0,1058123.0
GR0000000614,2024,3,458843.0,104132.0,104671.0,1248510.0,585164.0,26883.0,131014.0,1007559.0
GR0000000615,2020,27,1243146.0,347474.0,740332.0,4507015.0,2881970.0,116027.0,463501.0,6560716.0
GR0000000615,2021,28,1815117.0,457601.0,832430.0,4799777.0,3215766.0,136715.0,594316.0,8186246.0
GR0000000615,2022,27,1072860.0,307876.0,603084.0,2324686.0,1437176.0,90553.0,398430.0,4263666.0
GR0000000615,2023,24,930217.0,271303.0,737939.0,2786465.0,1578427.0,84267.0,355570.0,3581627.0
GR0000000615,2024,24,1061346.0,215001.0,755573.0,3144568.0,1824300.0,65175.0,280176.0,4658240.0
GR0000000616,2020,2,31011.0,8125.0,44316.0,102645.0,64236.0,2501.0,10625.0,153650.0
GR0000000616,2021,2,58936.0,16092.0,45591.0,346620.0,209326.0,5971.0,22064.0,342133.0
GR0000000616,2022,1,10648.0,2304.0,15547.0,34293.0,23165.0,705.0,3010.0,51824.0
GR0000000616,2023,1,29151.0,6976.0,20498.0,111007.0,68184.0,2497.0,9473.0,129860.0
GR0000000616,2024,1,20800.0,6232.0,21528.0,70020.0,45882.0,1875.0,8108.0,86539.0
GR0000000617,2020,6,160185.0,35460.0,110218.0,524374.0,336550.0,10848.0,46308.0,679454.0
GR0000000617,2021,5,67644.0,19587.0,82762.0,471872.0,286803.0,6382.0,25968.0,393980.0
GR0000000617,2022,4,70403.0,14212.0,67132.0,272986.0,142459.0,4706.0,18918.0,268530.0
GR0000000617,2023,4,50349.0,6755.0,63708.0,263987.0,154117.0,2485.0,9240.0,254832.0
GR0000000617,2024,4,84592.0,12476.0,78753.0,302149.0,181254.0,3960.0,16435.0,338514.0
GR0000000618,2020,9,293870.0,77351.0,168501.0,1699752.0,1040430.0,30953.0,108304.0,1003213.0
GR0000000618,2021,8,199832.0,44834.0,123877.0,896068.0,556629.0,16089.0,60923.0,553549.0
GR0000000618,2022,8,180744.0,28092.0,116895.0,763668.0,484997.0,11540.0,39632.0,497463.0
GR0000000618,2023,8,142414.0,24097.0,122499.0,559802.0,338469.0,8469.0,32566.0,449786.0
GR0000000618,2024,8,266258.0,45807.0,149293.0,1579092.0,1185617.0,14131.0,59938.0,828480.0
GR0000000619,2020,75,3785109.0,835277.0,1528430.0,12019337.0,7106081.0,268251.0,1103528.0,9956716.0
GR0000000619,2021,84,5764457.0,927674.0,1827707.0,31956858.0,18119899.0,324617.0,1252291.0,15465529.0
GR0000000619,2022,79,4525357.0,1143765.0,1335610.0,17680924.0,10294967.0,303195.0,1446960.0,11850200.0
GR0000000619,2023,92,4681957.0,1160076.0,1885022.0,13379512.0,9273685.0,348953.0,1509029.0,12954523.0
GR0000000619,2024,97,7359791.0,1650734.0,2355974.0,24593903.0,14567946.0,508365.0,2159099.0,17893433.0
GR0000000620,2020,33,2263291.0,373683.0,614751.0,9536845.0,6343722.0,137768.0,511452.0,5307941.0
GR0000000620,2021,37,1914306.0,522954.0,608573.0,8065411.0,5022668.0,135436.0,658389.0,6013643.0
GR0000000620,2022,36,904980.0,246355.0,797981.0,3474880.0,1969265.0,83168.0,329523.0,2797156.0
GR0000000620,2023,35,1180766.0,211962.0,822090.0,7982854.0,5062873.0,77125.0,289087.0,3743764.0
GR0000000620,2024,35,1387463.0,412772.0,755031.0,4665492.0,2653767.0,119770.0,532542.0,3608591.0
GR0000000621,2020,6,221250.0,52128.0,138066.0,409738.0,280859.0,14704.0,66833.0,779724.0
GR0000000621,2021,6,283106.0,52663.0,125537.0,418056.0,221914.0,17571.0,70233.0,810518.0
GR0000000621,2022,6,444913.0,85300.0,147654.0,675559.0,436900.0,22573.0,107874.0,1280850.0
GR0000000621,2023,7,256070.0,38597.0,133283.0,393906.0,229803.0,13314.0,51910.0,749898.0
GR0000000621,2024,6,352168.0,99866.0,120037.0,418340.0,220287.0,25650.0,125516.0,1117571.0
GR0000000622,2024,1,8819.0,2913.0,17612.0,75400.0,59319.0,1016.0,3930.0,51801.0
GR0000000623,2020,5,180263.0,64526.0,114314.0,675535.0,460972.0,17200.0,81726.0,713115.0
GR0000000623,2021,4,153262.0,49656.0,84192.0,532888.0,356352.0,14274.0,63931.0,618769.0
GR0000000623,2022,4,156587.0,34808.0,82784.0,824419.0,638902.0,8868.0,43676.0,625563.0
GR0000000623,2023,4,135648.0,26839.0,73582.0,552725.0,356021.0,9618.0,36457.0,547398.0
GR0000000623,2024,4,49222.0,10210.0,77886.0,288897.0,211786.0,3444.0,13654.0,237414.0
GR0000000624,2020,68,2432589.0,473040.0,2030019.0,8105940.0,3783050.0,98153.0,571193.0,11262028.0
GR0000000624,2021,61,2796325.0,666572.0,1455918.0,6324439.0,3580378.0,211409.0,877981.0,11376850.0
GR0000000624,2022,62,2935749.0,737925.0,1524192.0,8682228.0,5401084.0,197546.0,935472.0,13461954.0
GR0000000624,2023,53,4740309.0,698572.0,1709198.0,10312172.0,5254340.0,241806.0,940378.0,15694174.0
GR0000000624,2024,46,2392931.0,385766.0,1505502.0,6661199.0,3855016.0,83149.0,468915.0,9006724.0
GR0000000625,2022,32,1787441.0,697411.0,1088996.0,14415234.0,9426352.0,222185.0,919596.0,7150427.0
GR0000000625,2023,37,1881302.0,700009.0,1412726.0,11331362.0,6599266.0,188739.0,888748.0,7271852.0
GR0000000625,2024,37,3176792.0,1336926.0,1304151.0,15721383.0,9345998.0,514424.0,1851350.0,10979641.0
GR0000000626,2020,3,136555.0,42004.0,72738.0,378849.0,226046.0,12458.0,54462.0,582672.0
GR0000000626,2021,3,180219.0,45571.0,75671.0,469439.0,315066.0,13075.0,58645.0,779460.0
GR0000000626,2022,3,219533.0,46156.0,85306.0,548368.0,350280.0,17715.0,63871.0,908428.0
GR0000000626,2023,3,130301.0,31339.0,66648.0,573944.0,382141.0,9841.0,41181.0,700637.0
GR0000000626,2024,3,98320.0,16223.0,95549.0,355138.0,206008.0,5021.0,21244.0,490421.0
GR0000000627,2020,80,2360330.0,435797.0,1395713.0,3242513.0,2204547.0,108999.0,544796.0,7753959.0
GR0000000627,2021,78,3485390.0,968414.0,1813884.0,4206212.0,2778706.0,283698.0,1252112.0,10838281.0
GR0000000627,2022,78,3145874.0,656536.0,1707490.0,4033891.0,2644029.0,179491.0,836027.0,9486053.0
GR0000000627,2023,85,2499589.0,585786.0,1788543.0,4317935.0,2309237.0,170205.0,755991.0,9936351.0
GR0000000627,2024,91,4152652.0,710249.0,2328354.0,6154123.0,3881283.0,244874.0,955123.0,12935300.0
GR0000000628,2020,9,306614.0,77522.0,167855.0,1117060.0,667617.0,27301.0,104824.0,1466249.0
GR0000000628,2021,10,257516.0,39263.0,208932.0,941239.0,580985.0,16619.0,55882.0,1398314.0
GR0000000628,2022,11,203118.0,34008.0,240424.0,928367.0,626929.0,12810.0,46818.0,1151399.0
GR0000000628,2023,13,309975.0,89167.0,307531.0,1543731.0,1088962.0,34159.0,123326.0,1676622.0
GR0000000628,2024,12,273475.0,50089.0,280661.0,1040715.0,765494.0,20097.0,70185.0,1494462.0
GR0000000629,2020,49,1725148.0,640183.0,1417264.0,16495462.0,11955824.0,208861.0,849045.0,9485984.0
GR0000000629,2021,44,844587.0,299106.0,1332661.0,8607864.0,6160925.0,119908.0,419014.0,5482795.0
GR0000000629,2022,49,2904781.0,892282.0,1495052.0,20575075.0,14557670.0,373471.0,1265753.0,12403632.0
GR0000000629,2023,49,1799287.0,539958.0,1609740.0,16007861.0,9174161.0,230778.0,770736.0,10049235.0
GR0000000629,2024,49,1365866.0,426449.0,1584557.0,9295323.0,6019804.0,169511.0,595960.0,6338228.0
GR0000000630,2020,26,1378013.0,309513.0,718859.0,2340203.0,1322493.0,68272.0,377785.0,4311372.0
GR0000000630,2021,19,748819.0,146014.0,469332.0,2774965.0,1817116.0,23894.0,169908.0,3410965.0
GR0000000630,2022,14,1420688.0,343098.0,370550.0,2796464.0,1583240.0,63984.0,407082.0,4507753.0
GR0000000630,2023,11,688929.0,118463.0,264496.0,1962374.0,1159329.0,27780.0,146243.0,3094696.0
GR0000000630,2024,13,543224.0,109518.0,401558.0,1647000.0,1165713.0,21925.0,131443.0,1977955.0
GR0000000631,2023,2,32427.0,5004.0,27262.0,69669.0,42631.0,1966.0,6969.0,136308.0
GR0000000631,2024,2,42936.0,10438.0,30731.0,72854.0,53644.0,3578.0,14017.0,153655.0
GR0000000632,2020,165,13309062.0,3189507.0,3726950.0,47330074.0,27181094.0,803659.0,3993166.0,46568387.0
GR0000000632,2021,195,15818843.0,5809078.0,4550601.0,58909087.0,31419549.0,1501554.0,7310633.0,61551660.0
GR0000000632,2022,206,11955384.0,2937550.0,5880632.0,37517667.0,20511503.0,1081784.0,4019335.0,47581620.0
GR0000000632,2023,196,12222056.0,3173914.0,5536498.0,39723756.0,24367405.0,1144635.0,4318549.0,41907905.0
GR0000000632,2024,221,11017356.0,3024394.0,5900923.0,42602022.0,24594029.0,771522.0,3795916.0,48340183.0
GR0000000633,2020,64,2261007.0,541547.0,1524312.0,7628940.0,4601349.0,196518.0,738066.0,9359857.0
GR0000000633,2021,72,2207269.0,686707.0,1669094.0,6641968.0,3863511.0,213051.0,899758.0,9413258.0
GR0000000633,2022,79,2659593.0,913147.0,1807579.0,10669617.0,5788121.0,325964.0,1239111.0,12925532.0
GR0000000633,2023,90,4183333.0,1082601.0,2327390.0,14757010.0,9364170.0,397351.0,1479953.0,18613301.0
GR0000000633,2024,100,4372918.0,1373934.0,2462289.0,13053016.0,6725198.0,405245.0,1779179.0,16955830.0
GR0000000634,2020,26,645372.0,236233.0,813151.0,4899546.0,3263255.0,79464.0,315697.0,3252605.0
GR0000000634,2021,28,863462.0,293344.0,904524.0,6467908.0,3557510.0,94465.0,387809.0,3925051.0
GR0000000634,2022,26,920605.0,392736.0,679467.0,8840830.0,5729194.0,138763.0,531499.0,4909459.0
GR0000000634,2023,23,1429288.0,481626.0,724909.0,10066050.0,6115373.0,183025.0,664650.0,6056232.0
GR0000000634,2024,27,741405.0,248226.0,831782.0,10803735.0,6030241.0,97462.0,345688.0,4731316.0
GR0000000635,2020,20,1436564.0,454381.0,821237.0,7733002.0,4476511.0,138291.0,592672.0,6075795.0
GR0000000635,2021,20,925060.0,311680.0,842685.0,7404704.0,4170662.0,85799.0,397478.0,4025169.0
GR0000000635,2022,18,1507725.0,529010.0,607996.0,10274222.0,6155140.0,157319.0,686329.0,7312238.0
GR0000000635,2023,17,1140575.0,370820.0,559479.0,6492959.0,3336375.0,142357.0,513177.0,3815465.0
GR0000000635,2024,15,1601957.0,680497.0,667061.0,8580673.0,5774097.0,175798.0,856295.0,5893751.0
GR0000000636,2020,175,12597127.0,4436968.0,4786587.0,28875149.0,18079010.0,1056270.0,5493238.0,44943986.0
GR0000000636,2021,205,10575780.0,2787354.0,5476008.0,23202963.0,13639999.0,810890.0,3598244.0,32917057.0
GR0000000636,2022,190,13987554.0,3628502.0,6967555.0,37916955.0,25390210.0,1313729.0,4942231.0,47053164.0
GR0000000636,2023,223,12557455.0,3330958.0,8288377.0,33671739.0,21290549.0,986087.0,4317045.0,38435117.0
GR0000000636,2024,250,15586483.0,5228959.0,9266397.0,37944218.0,21305657.0,1774207.0,7003167.0,46223269.0
GR0000000637,2020,16,726383.0,241434.0,456055.0,2660143.0,1348345.0,74828.0,316262.0,1609968.0
GR0000000637,2021,12,1064217.0,250243.0,281558.0,3201248.0,2136502.0,77600.0,327843.0,2387283.0
GR0000000637,2022,10,534455.0,155624.0,218575.0,1537085.0,739224.0,49087.0,204712.0,1490644.0
GR0000000637,2023,8,586707.0,120864.0,229625.0,1508637.0,727143.0,39700.0,160564.0,1391886.0
GR0000000637,2024,8,892217.0,220009.0,201006.0,2871525.0,1338431.0,60995.0,281004.0,1978656.0
GR0000000638,2023,175,9823565.0,2121772.0,6743457.0,21225452.0,13345363.0,681092.0,2802864.0,38683774.0
GR0000000638,2024,207,10338607.0,2925766.0,5945990.0,20594388.0,12553169.0,1030966.0,3956733.0,42644362.0
GR0000000639,2020,14,831991.0,171503.0,353080.0,3028537.0,2041029.0,32753.0,204256.0,2068017.0
GR0000000639,2021,13,692738.0,119331.0,342638.0,2024048.0,1049897.0,24187.0,143517.0,1875090.0
GR0000000639,2022,12,837352.0,117585.0,316229.0,2330705.0,1368849.0,32728.0,150314.0,1805825.0
GR0000000639,2023,13,1609332.0,305912.0,324014.0,3802903.0,2375604.0,71660.0,377572.0,3279927.0
GR0000000639,2024,14,982812.0,176778.0,262800.0,3015647.0,1584625.0,50351.0,227128.0,2427040.0
GR0000000640,2020,22,584607.0,177703.0,485277.0,1645903.0,1035183.0,60228.0,237932.0,2372311.0
GR0000000640,2021,23,629553.0,141789.0,619967.0,2585826.0,1499803.0,45666.0,187455.0,2686069.0
GR0000000640,2022,24,730686.0,241762.0,676288.0,2404995.0,1579665.0,73225.0,314987.0,3202021.0
GR0000000640,2023,21,877485.0,200115.0,497199.0,2804214.0,2160802.0,56054.0,256169.0,2944569.0
GR0000000640,2024,21,1416333.0,420051.0,495728.0,5201390.0,3078957.0,125835.0,545887.0,5941306.0
GR0000000641,2020,5,152239.0,42696.0,88547.0,295304.0,167715.0,12173.0,54868.0,582309.0
GR0000000641,2021,5,109461.0,27813.0,103705.0,237497.0,166471.0,8968.0,36781.0,545114.0
GR0000000641,2022,5,138823.0,39288.0,82894.0,253149.0,148718.0,13564.0,52852.0,470377.0
GR0000000641,2023,5,97453.0,19175.0,78376.0,178488.0,123642.0,7624.0,26799.0,391878.0
GR0000000641,2024,5,105907.0,30978.0,81272.0,206338.0,144588.0,9377.0,40355.0,406358.0
GR0000000642,2020,185,46689343.0,13780316.0,7173706.0,69555664.0,34765755.0,5346573.0,19126889.0,78136189.0
GR0000000642,2021,221,48610196.0,22650874.0,9911821.0,105011271.0,50012928.0,6129382.0,28780256.0,89614636.0
GR0000000642,2022,218,51931878.0,19237582.0,7617973.0,55114699.0,25282758.0,6923642.0,26161225.0,76127854.0
GR0000000642,2023,249,61016606.0,20441061.0,9858252.0,101989471.0,36905742.0,5292607.0,25733669.0,97785977.0
GR0000000642,2024,233,34173447.0,11512275.0,9985786.0,56966658.0,21059500.0,4447054.0,15959329.0,66267632.0
GR0000000643,2020,137,9276478.0,1769594.0,3832731.0,9020054.0,5504979.0,456102.0,2225696.0,25551537.0
GR0000000643,2021,162,13672607.0,3898088.0,4955266.0,16483924.0,10297809.0,1141873.0,5039962.0,45386180.0
GR0000000643,2022,175,12072122.0,2968531.0,5023365.0,12378311.0,6325128.0,1071988.0,4040519.0,33489097.0
GR0000000643,2023,161,5805563.0,1530496.0,2785500.0,8666248.0,4674721.0,509335.0,2039831.0,18570002.0
GR0000000643,2024,192,11719949.0,2976760.0,5448625.0,17456708.0,11264682.0,708724.0,3685485.0,37830963.0
GR0000000644,2021,2,30707.0,10815.0,41371.0,264835.0,150238.0,4310.0,15125.0,165482.0
GR0000000644,2022,2,29423.0,10122.0,43224.0,357944.0,254001.0,3497.0,13619.0,172894.0
GR0000000644,2023,1,39597.0,14406.0,32122.0,290934.0,215276.0,5670.0,20076.0,185504.0
GR0000000644,2024,1,38650.0,13856.0,33484.0,296453.0,221698.0,5443.0,19300.0,210853.0
GR0000000645,2020,7,89056.0,16782.0,71916.0,186854.0,129904.0,5656.0,22438.0,359582.0
GR0000000645,2021,6,55892.0,13568.0,43141.0,141243.0,102335.0,5611.0,19179.0,215705.0
GR0000000645,2022,5,100987.0,26378.0,83501.0,248783.0,181651.0,9257.0,35635.0,417505.0
GR0000000645,2023,5,89600.0,23982.0,78654.0,224277.0,146375.0,10000.0,33983.0,393270.0
GR0000000645,2024,4,47165.0,13445.0,37662.0,114098.0,70094.0,4314.0,17759.0,188311.0
GR0000000646,2020,23,825886.0,168108.0,571035.0,4477768.0,3199162.0,55962.0,224070.0,3381797.0
GR0000000646,2021,19,204991.0,55109.0,465187.0,1624796.0,1210401.0,19195.0,74303.0,1192890.0
GR0000000646,2022,20,230829.0,77859.0,372258.0,1453013.0,1088271.0,20506.0,98365.0,1195729.0
GR0000000646,2023,17,449569.0,125988.0,315838.0,2291451.0,1502106.0,33725.0,159712.0,2283892.0
GR0000000646,2024,18,659777.0,216161.0,368170.0,2671657.0,1756574.0,57842.0,274003.0,2610766.0
GR0000000647,2020,1,57987.0,26094.0,36407.0,520843.0,428527.0,8232.0,34326.0,136429.0
GR0000000647,2021,1,112562.0,50695.0,32435.0,1199677.0,957027.0,19664.0,70358.0,242241.0
GR0000000647,2022,1,87894.0,34815.0,37835.0,958769.0,697540.0,9400.0,44215.0,212988.0
GR0000000647,2023,1,141824.0,54664.0,30912.0,2077511.0,1520065.0,20923.0,75587.0,278282.0
GR0000000647,2024,1,121964.0,44771.0,33278.0,1313216.0,924900.0,13783.0,58554.0,308382.0
GR0000000648,2020,2,53261.0,16364.0,36997.0,319436.0,235767.0,6347.0,22711.0,250686.0
GR0000000648,2021,1,24497.0,5793.0,21406.0,123243.0,82200.0,1722.0,7515.0,116070.0
GR0000000648,2022,1,7627.0,1919.0,16435.0,49958.0,31869.0,596.0,2516.0,41088.0
GR0000000648,2023,1,22000.0,7195.0,24583.0,95820.0,69598.0,2325.0,9520.0,106743.0
GR0000000648,2024,1,28144.0,9025.0,22566.0,141164.0,113440.0,2994.0,12019.0,131481.0
GR0000000649,2020,6,101414.0,17177.0,124820.0,379392.0,251975.0,5310.0,22487.0,602630.0
GR0000000649,2021,5,85417.0,14438.0,117245.0,477428.0,349871.0,6165.0,20602.0,524328.0
GR0000000649,2022,5,121869.0,23227.0,110290.0,522713.0,355193.0,8452.0,31679.0,655557.0
GR0000000649,2023,5,78074.0,12166.0,102753.0,356105.0,204616.0,4555.0,16720.0,342510.0
GR0000000649,2024,5,54339.0,8724.0,95406.0,277300.0,175585.0,3722.0,12447.0,318021.0
GR0000000650,2020,8,516863.0,140398.0,209038.0,622747.0,356807.0,43108.0,183506.0,1502013.0
GR0000000650,2021,9,378095.0,70059.0,206676.0,392470.0,228697.0,21204.0,91263.0,1148200.0
GR0000000650,2022,10,451156.0,93596.0,245821.0,479125.0,289158.0,29357.0,122953.0,1365671.0
GR0000000650,2023,9,341485.0,95184.0,204814.0,674723.0,436404.0,27692.0,122875.0,1225392.0
GR0000000650,2024,9,206961.0,50347.0,128878.0,363161.0,192679.0,18086.0,68433.0,715986.0
GR0000000651,2020,18,549216.0,115303.0,306475.0,2535952.0,1998415.0,37202.0,152506.0,1984736.0
GR0000000651,2021,18,262641.0,41398.0,317786.0,1287573.0,865258.0,16367.0,57765.0,742629.0
GR0000000651,2022,20,621846.0,93964.0,346769.0,3371073.0,2413833.0,31688.0,125652.0,1659543.0
GR0000000651,2023,20,495500.0,111664.0,317106.0,1669405.0,1298893.0,46766.0,158430.0,1359093.0
GR0000000651,2024,20,992674.0,214232.0,385853.0,3613551.0,2503380.0,80168.0,294400.0,2545262.0
GR0000000652,2020,2,134501.0,23389.0,31249.0,776725.0,626555.0,6101.0,29490.0,443449.0
GR0000000652,2021,1,66851.0,12101.0,19934.0,260124.0,180578.0,4246.0,16347.0,189023.0
GR0000000652,2022,1,16892.0,2853.0,16012.0,109358.0,81425.0,1005.0,3857.0,62727.0
GR0000000652,2023,1,16564.0,3462.0,17519.0,71284.0,48955.0,1115.0,4577.0,48711.0
GR0000000652,2024,1,31102.0,8729.0,17864.0,110216.0,73295.0,2864.0,11592.0,76082.0
GR0000000653,2020,3,884244.0,440192.0,149703.0,5080300.0,4189638.0,125391.0,565583.0,1532931.0
GR0000000653,2021,3,505834.0,214395.0,124997.0,6168826.0,5132739.0,67008.0,281403.0,1068760.0
GR0000000653,2022,3,480071.0,244170.0,121724.0,4923875.0,4218321.0,81851.0,326021.0,841014.0
GR0000000653,2023,3,768654.0,406026.0,135452.0,7440743.0,5953343.0,121672.0,527698.0,1490198.0
GR0000000653,2024,3,787628.0,344913.0,110136.0,5582423.0,4871197.0,129273.0,474186.0,1774259.0
GR0000000654,2020,5,1402935.0,491083.0,158387.0,2113608.0,878063.0,133980.0,625063.0,2504507.0
GR0000000654,2021,5,1385788.0,594850.0,192741.0,1675603.0,791174.0,203008.0,797857.0,2225591.0
GR0000000654,2022,5,1539932.0,657023.0,212457.0,1999429.0,866336.0,180067.0,837089.0,2381798.0
GR0000000654,2023,4,1004836.0,435595.0,142126.0,1640942.0,868938.0,134722.0,570317.0,1625175.0
GR0000000654,2024,4,1295295.0,406555.0,178597.0,1655126.0,696405.0,138372.0,544927.0,1933580.0
GR0000000655,2020,6,284313.0,100621.0,140659.0,956267.0,595613.0,31021.0,131642.0,1116556.0
GR0000000655,2021,7,318265.0,117144.0,187089.0,1067388.0,758457.0,34916.0,152060.0,1123260.0
GR0000000655,2022,7,203247.0,69950.0,207713.0,802033.0,588661.0,26740.0,96690.0,894390.0
GR0000000655,2023,8,487107.0,174705.0,222258.0,1471836.0,890001.0,45030.0,219735.0,1953633.0
GR0000000655,2024,7,376627.0,114867.0,157037.0,1890976.0,1242304.0,35781.0,150647.0,1792456.0
GR0000000656,2020,1,36927.0,14162.0,33415.0,397922.0,268858.0,5530.0,19691.0,191415.0
GR0000000656,2021,1,20563.0,6752.0,20812.0,204728.0,134949.0,2356.0,9108.0,83249.0
GR0000000656,2022,1,18099.0,7330.0,23255.0,138326.0,100756.0,2378.0,9709.0,93020.0
GR0000000656,2023,1,43659.0,19210.0,30097.0,371619.0,244236.0,6943.0,26152.0,228148.0
GR0000000656,2024,1,37034.0,11696.0,27496.0,367991.0,235700.0,3906.0,15602.0,188418.0
GR0000000657,2020,65,4351513.0,1098804.0,1711723.0,14449509.0,7699330.0,324952.0,1423755.0,15391038.0
GR0000000657,2021,75,7308766.0,2459628.0,2228515.0,19030217.0,11757722.0,704301.0,3163930.0,24705760.0
GR0000000657,2022,82,6195443.0,2026061.0,2799098.0,16133946.0,10211205.0,629113.0,2655174.0,19095172.0
GR0000000657,2023,97,5491672.0,1731034.0,3343162.0,18543717.0,12000409.0,571233.0,2302267.0,19442834.0
GR0000000657,2024,93,8209654.0,3070015.0,2358000.0,18904358.0,12701751.0,774558.0,3844573.0,25725525.0
GR0000000658,2022,1,15306.0,2478.0,18734.0,67915.0,42969.0,734.0,3212.0,80676.0
GR0000000658,2023,1,17700.0,3343.0,21317.0,81963.0,51005.0,1056.0,4398.0,89363.0
GR0000000658,2024,1,18752.0,4332.0,21248.0,74421.0,44011.0,1517.0,5849.0,102620.0
GR0000000659,2020,4,150995.0,50776.0,117511.0,727769.0,521707.0,19639.0,70415.0,623663.0
GR0000000659,2021,4,260813.0,90097.0,111711.0,864072.0,597970.0,26586.0,116683.0,1006461.0
GR0000000659,2022,4,129386.0,32552.0,87313.0,557923.0,396825.0,8667.0,41219.0,619332.0
GR0000000659,2023,4,161437.0,43930.0,109430.0,522799.0,320640.0,14162.0,58092.0,579873.0
GR0000000659,2024,4,162936.0,49174.0,93330.0,802432.0,505476.0,12857.0,62031.0,770279.0
GR0000000660,2020,56,22255228.0,9553251.0,3899095.0,192316824.0,163049242.0,3239330.0,12792581.0,37379531.0
GR0000000660,2021,59,14194355.0,6354269.0,2957586.0,67999986.0,57803535.0,2406627.0,8760896.0,28249466.0
GR0000000660,2022,56,21976302.0,10289041.0,3790795.0,148359756.0,123808577.0,3463576.0,13752617.0,42296810.0
GR0000000660,2023,60,13347034.0,5905464.0,3903167.0,101725409.0,87417373.0,1898632.0,7804096.0,27612821.0
GR0000000660,2024,71,33649767.0,15969592.0,4257117.0,169606726.0,138973165.0,3520684.0,19490276.0,66979225.0
GR0000000661,2020,3,110104.0,27287.0,90807.0,305391.0,205545.0,9873.0,37159.0,516134.0
GR0000000661,2021,3,128031.0,22001.0,86030.0,520192.0,316993.0,5897.0,27898.0,670408.0
GR0000000661,2022,3,200547.0,39340.0,89454.0,597517.0,418067.0,9895.0,49235.0,828381.0
GR0000000661,2023,3,104180.0,20483.0,73456.0,386217.0,230715.0,6106.0,26589.0,575973.0
GR0000000661,2024,3,130831.0,21091.0,89373.0,393306.0,261461.0,7608.0,28699.0,515933.0
GR0000000662,2020,31,1678553.0,532018.0,718480.0,5075165.0,3162108.0,143263.0,675281.0,6072023.0
GR0000000662,2021,32,1025898.0,300004.0,711704.0,3666903.0,2493068.0,100198.0,400202.0,4963186.0
GR0000000662,2022,38,1149306.0,301891.0,958730.0,4023170.0,2668078.0,112925.0,414817.0,5032749.0
GR0000000662,2023,40,946993.0,347166.0,1021895.0,3470064.0,2352672.0,108655.0,455821.0,3691003.0
GR0000000662,2024,37,2390314.0,862696.0,801885.0,7912697.0,5845035.0,307444.0,1170140.0,8570731.0
GR0000000663,2020,1,18166.0,3038.0,24325.0,64540.0,38805.0,883.0,3922.0,85939.0
GR0000000663,2021,1,26397.0,6369.0,23364.0,122123.0,72971.0,1997.0,8366.0,140973.0
GR0000000663,2022,1,15562.0,3896.0,21471.0,66939.0,46466.0,1277.0,5173.0,71571.0
GR0000000663,2023,1,21099.0,3241.0,22008.0,60006.0,42516.0,1245.0,4486.0,94909.0
GR0000000663,2024,1,33423.0,6381.0,23879.0,126220.0,89102.0,1889.0,8270.0,149525.0
GR0000000664,2023,1,11282.0,2786.0,14625.0,55616.0,37486.0,726.0,3512.0,48748.0
GR0000000664,2024,1,21880.0,6838.0,22893.0,116263.0,80118.0,2073.0,8911.0,117386.0
GR0000000665,2020,3,158268.0,71079.0,93433.0,929196.0,516902.0,21151.0,92230.0,549894.0
GR0000000665,2021,3,202934.0,83915.0,118861.0,1377423.0,775930.0,31255.0,115170.0,972440.0
GR0000000665,2022,3,186020.0,67778.0,95840.0,1154347.0,629782.0,25960.0,93738.0,675963.0
GR0000000665,2023,3,410553.0,173320.0,124990.0,2346287.0,1569170.0,51257.0,224576.0,1422497.0
GR0000000665,2024,3,272619.0,105552.0,132159.0,1667752.0,1031128.0,29864.0,135415.0,927630.0
GR0000000666,2020,11,153014.0,23096.0,193185.0,1150362.0,692960.0,8712.0,31809.0,976010.0
GR0000000666,2021,12,188094.0,36488.0,198664.0,1172822.0,598424.0,14395.0,50883.0,1086515.0
GR0000000666,2022,13,114416.0,30481.0,123572.0,507179.0,326847.0,10068.0,40548.0,494290.0
GR0000000666,2023,12,232437.0,47788.0,218589.0,1244356.0,730189.0,19675.0,67463.0,1158281.0
GR0000000666,2024,11,167364.0,29032.0,217346.0,709886.0,457623.0,10097.0,39129.0,869385.0
GR0000000667,2020,47,3541884.0,1050637.0,1307569.0,11361867.0,6781417.0,366061.0,1416698.0,8249412.0
GR0000000667,2021,44,2756576.0,785802.0,928210.0,11234995.0,6543358.0,240820.0,1026623.0,9009332.0
GR0000000667,2022,48,2335433.0,575192.0,1163045.0,9213947.0,4864641.0,229033.0,804225.0,6037287.0
GR0000000667,2023,49,3092693.0,795198.0,1321832.0,13473215.0,7978896.0,254096.0,1049294.0,9690459.0
GR0000000667,2024,49,1991642.0,524755.0,1149807.0,5455342.0,2573180.0,164545.0,689300.0,5099671.0
GR0000000668,2020,8,252725.0,60336.0,191583.0,1118823.0,594275.0,18973.0,79309.0,1260174.0
GR0000000668,2021,7,236516.0,69142.0,134476.0,992877.0,477458.0,18363.0,87505.0,995245.0
GR0000000668,2022,7,277812.0,54151.0,144110.0,691366.0,404751.0,16276.0,70427.0,1064564.0
GR0000000668,2023,6,198551.0,50123.0,114282.0,936958.0,586583.0,16170.0,66294.0,1002835.0
GR0000000668,2024,6,176163.0,47106.0,135807.0,565722.0,328634.0,18068.0,65173.0,830749.0
GR0000000669,2020,6,300068.0,65474.0,125594.0,435022.0,281791.0,25358.0,90832.0,959813.0
GR0000000669,2021,6,231593.0,59387.0,159030.0,462566.0,301576.0,19221.0,78608.0,883499.0
GR0000000669,2022,7,175402.0,42678.0,113794.0,312756.0,178324.0,15844.0,58523.0,632188.0
GR0000000669,2023,7,315787.0,47963.0,164875.0,353386.0,200129.0,16825.0,64788.0,915972.0
GR0000000669,2024,6,245610.0,67024.0,132811.0,325053.0,177906.0,17257.0,84281.0,795274.0
GR0000000670,2020,9,147129.0,40153.0,158037.0,725865.0,417561.0,11501.0,51654.0,718349.0
GR0000000670,2021,8,258303.0,46215.0,191106.0,714796.0,451770.0,16993.0,63208.0,1142453.0
GR0000000670,2022,8,314357.0,67952.0,172777.0,922462.0,517659.0,21614.0,89566.0,1131366.0
GR0000000670,2023,7,217189.0,45555.0,165256.0,880619.0,408763.0,14341.0,59896.0,961782.0
GR0000000670,2024,6,119025.0,31505.0,107476.0,436320.0,238360.0,8807.0,40312.0,488527.0
GR0000000671,2020,8,278735.0,49338.0,194197.0,711162.0,450160.0,18491.0,67828.0,1050559.0
GR0000000671,2021,9,286450.0,66587.0,229496.0,1339708.0,672549.0,25725.0,92313.0,1424418.0
GR0000000671,2022,8,226159.0,60796.0,184168.0,773663.0,394644.0,19679.0,80476.0,978927.0
GR0000000671,2023,9,197944.0,34781.0,180517.0,554353.0,279681.0,13518.0,48299.0,820530.0
GR0000000671,2024,8,223061.0,56975.0,191750.0,843703.0,479779.0,19464.0,76440.0,1091559.0
GR0000000672,2020,12,955695.0,356738.0,436055.0,6682446.0,5220952.0,150996.0,507734.0,1913190.0
GR0000000672,2021,12,844790.0,414140.0,375845.0,16411190.0,12792405.0,136828.0,550968.0,2353308.0
GR0000000672,2022,11,916131.0,477398.0,406466.0,13833590.0,9713146.0,135038.0,612436.0,2260297.0
GR0000000672,2023,10,747304.0,337827.0,347432.0,8674072.0,7173368.0,114139.0,451966.0,1603721.0
GR0000000672,2024,11,985665.0,442300.0,398104.0,9915563.0,8278579.0,131718.0,574017.0,2317248.0
GR0000000673,2020,4,192836.0,58580.0,116713.0,548363.0,385156.0,19356.0,77936.0,658268.0
GR0000000673,2021,3,200959.0,50418.0,68864.0,751566.0,503505.0,13667.0,64085.0,676858.0
GR0000000673,2022,3,106375.0,36655.0,94201.0,528418.0,356803.0,8526.0,45181.0,486205.0
GR0000000673,2023,3,269706.0,63801.0,84134.0,1010423.0,535903.0,21776.0,85578.0,876607.0
GR0000000673,2024,3,248668.0,54162.0,90824.0,658374.0,453690.0,13758.0,67920.0,807865.0
GR0000000674,2020,3,334718.0,100003.0,81049.0,960271.0,464236.0,14434.0,114437.0,1298420.0
GR0000000674,2021,3,169999.0,54155.0,89101.0,467957.0,200275.0,9956.0,64111.0,615970.0
GR0000000674,2022,3,152222.0,39450.0,81421.0,561133.0,358845.0,7012.0,46462.0,655739.0
GR0000000674,2023,3,196874.0,38191.0,92616.0,596595.0,328743.0,8920.0,47111.0,710009.0
GR0000000674,2024,3,378804.0,118160.0,80261.0,851316.0,463339.0,24931.0,143092.0,1040532.0
GR0000000675,2020,6,601701.0,280436.0,238995.0,6247595.0,4988664.0,93363.0,373798.0,1182393.0
GR0000000675,2021,5,539359.0,237258.0,167428.0,9057729.0,7692959.0,88734.0,325992.0,1350987.0
GR0000000675,2022,4,317818.0,146501.0,161779.0,4672176.0,3661817.0,50368.0,196868.0,823344.0
GR0000000675,2023,4,491001.0,187429.0,155972.0,6001861.0,4818772.0,57068.0,244497.0,1084778.0
GR0000000675,2024,4,453362.0,214378.0,145162.0,5353157.0,4618957.0,77550.0,291928.0,1203080.0
GR0000000676,2020,34,1702600.0,587605.0,1103013.0,13086608.0,8846535.0,162636.0,750241.0,8437605.0
GR0000000676,2021,38,3027419.0,1169249.0,1583801.0,23371248.0,12827350.0,377559.0,1546808.0,11822760.0
GR0000000676,2022,40,3326480.0,1136937.0,1431318.0,20417579.0,12341802.0,288016.0,1424953.0,12733136.0
GR0000000676,2023,40,1312726.0,612542.0,1314992.0,8882685.0,5884405.0,162453.0,774995.0,5977235.0
GR0000000676,2024,40,2338461.0,1035554.0,1757572.0,22519547.0,14749890.0,294347.0,1329901.0,10762784.0
GR0000000677,2022,1,22649.0,4488.0,13559.0,35186.0,22973.0,972.0,5460.0,67797.0
GR0000000677,2023,1,12329.0,3262.0,9991.0,19608.0,13161.0,564.0,3826.0,49957.0
GR0000000677,2024,1,8034.0,1346.0,6482.0,13127.0,10481.0,300.0,1647.0,32409.0
GR0000000678,2020,1,39464.0,10431.0,22864.0,177979.0,119124.0,3709.0,14140.0,156162.0
GR0000000678,2021,1,33911.0,9016.0,25416.0,163101.0,99662.0,3198.0,12214.0,137612.0
GR0000000678,2022,1,20174.0,6524.0,19869.0,123379.0,92508.0,2364.0,8888.0,101941.0
GR0000000678,2023,1,22529.0,7216.0,25000.0,92644.0,44647.0,2263.0,9478.0,92835.0
GR0000000678,2024,1,31666.0,9357.0,19708.0,128871.0,90529.0,3288.0,12645.0,136827.0
GR0000000679,2020,8,119796.0,25366.0,98764.0,180292.0,123053.0,9821.0,35188.0,493822.0
GR0000000679,2021,9,151426.0,32207.0,123692.0,396916.0,263027.0,12728.0,44935.0,618458.0
GR0000000679,2022,8,83166.0,22906.0,69347.0,147167.0,86533.0,9063.0,31969.0,346734.0
GR0000000679,2023,7,93282.0,17810.0,65558.0,144179.0,90754.0,5847.0,23656.0,327792.0
GR0000000679,2024,7,105404.0,30341.0,73606.0,228696.0,168574.0,10316.0,40657.0,368032.0
GR0000000680,2020,2,45035.0,10686.0,39427.0,179749.0,110855.0,3441.0,14127.0,189953.0
GR0000000680,2021,2,39913.0,12026.0,46069.0,168555.0,103941.0,4637.0,16663.0,177752.0
GR0000000680,2022,2,47310.0,11937.0,43357.0,170167.0,118555.0,4737.0,16674.0,208381.0
GR0000000680,2023,2,41641.0,10073.0,43988.0,226970.0,139290.0,3758.0,13830.0,245060.0
GR0000000680,2024,1,15905.0,3904.0,19412.0,61938.0,41262.0,1369.0,5273.0,75415.0
GR0000000681,2020,28,1945773.0,426860.0,737578.0,5883224.0,4098516.0,141904.0,568763.0,7442343.0
GR0000000681,2021,24,577550.0,158009.0,581734.0,1583984.0,838567.0,52216.0,210226.0,2603492.0
GR0000000681,2022,23,1355721.0,226380.0,634322.0,3787970.0,2011759.0,63394.0,289774.0,5759468.0
GR0000000681,2023,23,885383.0,138218.0,653607.0,3159278.0,2017442.0,41809.0,180027.0,4648495.0
GR0000000681,2024,22,734760.0,138087.0,656624.0,1851729.0,1277517.0,43024.0,181111.0,3196430.0
GR0000000682,2020,1,67227.0,23950.0,29888.0,412401.0,278381.0,6388.0,30338.0,265464.0
GR0000000682,2021,1,22151.0,6495.0,23874.0,186963.0,109655.0,2190.0,8685.0,95496.0
GR0000000682,2022,1,20322.0,6063.0,22399.0,200390.0,121275.0,2216.0,8279.0,89594.0
GR0000000682,2023,1,35256.0,11956.0,30882.0,279516.0,199031.0,3673.0,15630.0,182473.0
GR0000000682,2024,1,59149.0,16539.0,34004.0,523560.0,282053.0,4389.0,20928.0,235720.0
GR0000000683,2020,160,38999107.0,13437187.0,9518412.0,39220468.0,13544757.0,4433417.0,17870603.0,54355861.0
GR0000000683,2021,144,29652241.0,9727427.0,7236511.0,38087463.0,17915116.0,3194966.0,12922393.0,48954975.0
GR0000000683,2022,172,45663163.0,15659863.0,8953954.0,47491253.0,16220038.0,5136827.0,20796690.0,68366031.0
GR0000000683,2023,188,57604684.0,18414704.0,9917064.0,60043947.0,26060007.0,6492307.0,24907011.0,79298101.0
GR0000000683,2024,179,54909229.0,17884182.0,10354923.0,59150273.0,24470530.0,4469302.0,22353485.0,76115499.0
GR0000000684,2020,76,2490773.0,647175.0,1941209.0,6689979.0,3319067.0,207912.0,855087.0,9783535.0
GR0000000684,2021,80,2475828.0,721849.0,1833731.0,7478219.0,3164938.0,235019.0,956868.0,9168653.0
GR0000000684,2022,73,1942885.0,378112.0,1645769.0,5112302.0,2111709.0,127164.0,505276.0,9227927.0
GR0000000684,2023,74,4505777.0,714649.0,2237198.0,11886946.0,5865472.0,189880.0,904529.0,16272695.0
GR0000000684,2024,80,3606299.0,725268.0,2408191.0,10034358.0,4038602.0,211400.0,936667.0,13488487.0
GR0000000685,2020,17,1231681.0,479920.0,666214.0,8271014.0,4684280.0,129196.0,609116.0,5113114.0
GR0000000685,2021,19,1098047.0,417112.0,580222.0,9128560.0,5654362.0,159146.0,576258.0,5429383.0
GR0000000685,2022,20,1895454.0,578680.0,617714.0,13432734.0,7459349.0,212659.0,791339.0,8905294.0
GR0000000685,2023,18,1840052.0,685046.0,547851.0,8662215.0,4979667.0,228797.0,913843.0,6171780.0
GR0000000685,2024,20,1413998.0,471538.0,803181.0,7805744.0,5135978.0,118117.0,589656.0,6343340.0
GR0000000686,2021,2,22964.0,6454.0,30535.0,101027.0,59091.0,2222.0,8677.0,122139.0
GR0000000686,2022,1,12894.0,2779.0,16374.0,73874.0,46974.0,1036.0,3816.0,65498.0
GR0000000686,2023,1,9771.0,2805.0,9817.0,31817.0,19728.0,988.0,3793.0,39267.0
GR0000000686,2024,1,18946.0,4578.0,20630.0,90442.0,59789.0,1835.0,6413.0,85167.0
GR0000000687,2020,23,413111.0,61899.0,418859.0,2219617.0,1410737.0,26372.0,88271.0,1316849.0
GR0000000687,2021,21,252626.0,74844.0,302584.0,1341950.0,907919.0,24454.0,99298.0,906295.0
GR0000000687,2022,19,349381.0,68992.0,302834.0,1230110.0,752574.0,22224.0,91215.0,937125.0
GR0000000687,2023,22,805939.0,163703.0,373174.0,5230344.0,3425686.0,67463.0,231166.0,2377828.0
GR0000000687,2024,25,682667.0,122324.0,476430.0,3898191.0,2687768.0,49135.0,171459.0,2353534.0
GR0000000688,2020,5,328499.0,141715.0,154659.0,4202038.0,3452670.0,49153.0,190869.0,685389.0
GR0000000688,2021,5,691689.0,292401.0,171771.0,13575162.0,10973057.0,114562.0,406963.0,1562168.0
GR0000000688,2022,5,509614.0,232119.0,198857.0,13904218.0,11365780.0,85259.0,317378.0,1318930.0
GR0000000688,2023,5,275775.0,132272.0,175960.0,4288972.0,3382341.0,56517.0,188789.0,755101.0
GR0000000688,2024,4,463145.0,220250.0,147898.0,7431306.0,5288754.0,65598.0,285848.0,968823.0
GR0000000689,2020,9,121274.0,35806.0,170004.0,811061.0,525478.0,12638.0,48443.0,625765.0
GR0000000689,2021,9,109133.0,40434.0,173420.0,463757.0,341685.0,10575.0,51010.0,433549.0
GR0000000689,2022,8,77704.0,18667.0,149886.0,392690.0,213835.0,7020.0,25688.0,424351.0
GR0000000689,2023,6,91571.0,18618.0,139541.0,649101.0,496268.0,6843.0,25461.0,544861.0
GR0000000689,2024,5,105898.0,25886.0,111153.0,493335.0,401260.0,10227.0,36113.0,486060.0
GR0000000690,2020,18,765692.0,136352.0,285009.0,4315935.0,2772612.0,57371.0,193723.0,2523244.0
GR0000000690,2021,19,551106.0,112872.0,307007.0,1692908.0,1249010.0,43930.0,156802.0,1419753.0
GR0000000690,2022,19,404722.0,105097.0,344012.0,2080474.0,1412292.0,42137.0,147234.0,1295754.0
GR0000000690,2023,18,558045.0,146156.0,301988.0,2187764.0,1704860.0,53938.0,200094.0,1664456.0
GR0000000690,2024,19,360309.0,90963.0,356898.0,1921621.0,1203734.0,35921.0,126884.0,1165156.0
GR0000000691,2020,6,191042.0,51338.0,149602.0,532386.0,302136.0,17707.0,69045.0,788055.0
GR0000000691,2021,6,92939.0,19616.0,133392.0,488532.0,312463.0,5880.0,25496.0,612282.0
GR0000000691,2022,5,131665.0,28643.0,114114.0,509481.0,340794.0,10443.0,39086.0,748296.0
GR0000000691,2023,5,145762.0,25826.0,94625.0,816600.0,570753.0,10645.0,36471.0,753377.0
GR0000000691,2024,5,101158.0,17295.0,90363.0,355712.0,199744.0,6234.0,23530.0,437574.0
GR0000000692,2020,15,325805.0,70959.0,313019.0,1284590.0,837644.0,20150.0,91109.0,1332842.0
GR0000000692,2021,13,152579.0,35486.0,184548.0,666283.0,460069.0,14603.0,50089.0,738193.0
GR0000000692,2022,13,128775.0,30219.0,182122.0,657725.0,454902.0,8855.0,39074.0,728487.0
GR0000000692,2023,12,156479.0,26564.0,235312.0,1074514.0,726349.0,9089.0,35653.0,983630.0
GR0000000692,2024,11,230261.0,60185.0,202562.0,799428.0,518557.0,20341.0,80526.0,944037.0
GR0000000693,2020,28,442445.0,119447.0,400184.0,1004762.0,701316.0,44245.0,163692.0,2000920.0
GR0000000693,2021,29,671220.0,148095.0,516088.0,1441553.0,817204.0,54404.0,202499.0,2646646.0
GR0000000693,2022,26,334577.0,84352.0,321149.0,675910.0,416437.0,29938.0,114290.0,1605745.0
GR0000000693,2023,27,463529.0,106886.0,382832.0,902234.0,673692.0,37547.0,144433.0,1914162.0
GR0000000693,2024,25,249973.0,42695.0,199665.0,562039.0,344343.0,16379.0,59074.0,998325.0
GR0000000694,2020,6,143644.0,18531.0,103553.0,427782.0,281237.0,7108.0,25639.0,565695.0
GR0000000694,2021,5,81085.0,21415.0,95085.0,327908.0,180169.0,7157.0,28571.0,404591.0
GR0000000694,2022,4,56229.0,12379.0,65477.0,225077.0,155924.0,4158.0,16537.0,261910.0
GR0000000694,2023,2,61167.0,10282.0,34670.0,224781.0,147727.0,3111.0,13393.0,308366.0
GR0000000694,2024,2,38590.0,5873.0,42838.0,207399.0,141314.0,2018.0,7891.0,200223.0
GR0000000695,2020,24,575527.0,131623.0,674032.0,2355470.0,1124160.0,41521.0,173143.0,1691340.0
GR0000000695,2021,25,1026932.0,246705.0,677367.0,3252119.0,1805706.0,94334.0,341039.0,3050678.0
GR0000000695,2022,25,1509275.0,374527.0,597246.0,7046497.0,4210106.0,155843.0,530370.0,4974582.0
GR0000000695,2023,24,1789091.0,646158.0,702943.0,4139045.0,2086195.0,206495.0,852653.0,4486756.0
GR0000000695,2024,24,1545478.0,572958.0,657442.0,7125190.0,3793745.0,166974.0,739932.0,4874294.0
GR0000000696,2020,5,198900.0,62041.0,113229.0,876083.0,450386.0,22980.0,85022.0,646474.0
GR0000000696,2021,5,325469.0,101628.0,135699.0,932835.0,598018.0,39952.0,141580.0,940715.0
GR0000000696,2022,5,280836.0,65995.0,142822.0,860265.0,501053.0,26834.0,92829.0,905375.0
GR0000000696,2023,5,290665.0,102651.0,140683.0,1252755.0,625231.0,32577.0,135228.0,937162.0
GR0000000696,2024,5,425269.0,132123.0,147116.0,1391478.0,771613.0,39890.0,172014.0,1218896.0
GR0000000697,2020,135,13074175.0,4468799.0,4360642.0,19424855.0,11272663.0,1108877.0,5577676.0,35309972.0
GR0000000697,2021,110,15672423.0,3294282.0,3851255.0,40049111.0,20656270.0,478777.0,3773059.0,50531984.0
GR0000000697,2022,101,13292978.0,3379518.0,3537806.0,27410690.0,13803422.0,531636.0,3911154.0,40185550.0
GR0000000697,2023,89,10785848.0,2454887.0,3184401.0,22758721.0,11935984.0,424226.0,2879113.0,34595491.0
GR0000000697,2024,86,9392325.0,2410645.0,3273472.0,14224618.0,6395457.0,665814.0,3076459.0,22924755.0
GR0000000698,2020,8,841115.0,254062.0,256106.0,1538698.0,890631.0,84170.0,338232.0,1452456.0
GR0000000698,2021,9,497028.0,160714.0,305418.0,1119283.0,586010.0,61016.0,221731.0,936648.0
GR0000000698,2022,9,638742.0,212242.0,264610.0,1721029.0,851077.0,89754.0,301995.0,1433924.0
GR0000000698,2023,9,524875.0,178094.0,239628.0,1526148.0,678773.0,53673.0,231768.0,1124395.0
GR0000000698,2024,10,730477.0,258370.0,263581.0,2529701.0,1295830.0,81932.0,340302.0,1771652.0
GR0000000699,2022,50,941539.0,194780.0,521929.0,1045218.0,535137.0,56039.0,250820.0,2899605.0
GR0000000699,2023,50,754033.0,219440.0,531919.0,1054633.0,605498.0,63877.0,283317.0,2955104.0
GR0000000699,2024,50,1976911.0,478027.0,1029061.0,3108640.0,1973893.0,121762.0,599790.0,5717003.0
GR0000000700,2020,1,27929.0,8626.0,27005.0,157076.0,88452.0,2221.0,10847.0,127576.0
GR0000000700,2021,1,25852.0,6848.0,21297.0,82927.0,48270.0,1556.0,8404.0,105704.0
GR0000000700,2022,1,31456.0,9399.0,19622.0,127882.0,95713.0,2929.0,12328.0,119254.0
GR0000000700,2023,1,23169.0,7478.0,17441.0,116443.0,96059.0,2064.0,9542.0,97682.0
GR0000000700,2024,1,34870.0,10592.0,20507.0,141437.0,88817.0,2104.0,12697.0,121684.0
GR0000000701,2020,40,793699.0,243022.0,803924.0,4405749.0,3153572.0,82316.0,325338.0,3853569.0
GR0000000701,2021,43,404613.0,102603.0,772018.0,2731772.0,1744706.0,41751.0,144354.0,2521279.0
GR0000000701,2022,49,934545.0,264413.0,1068762.0,6432808.0,4911705.0,96842.0,361255.0,5736408.0
GR0000000701,2023,46,545475.0,188038.0,984513.0,4148637.0,3176787.0,78780.0,266819.0,2821661.0
GR0000000701,2024,44,1006455.0,283385.0,930572.0,4658882.0,3158597.0,97610.0,380995.0,4867559.0
GR0000000702,2020,31,599015.0,179449.0,733445.0,2448486.0,1360771.0,54404.0,233853.0,3687657.0
GR0000000702,2021,36,733935.0,134455.0,894697.0,2515172.0,1730240.0,56717.0,191173.0,3943317.0
GR0000000702,2022,32,644165.0,168796.0,766530.0,2352959.0,1560689.0,49448.0,218244.0,3005670.0
GR0000000702,2023,35,1158125.0,339228.0,806457.0,5436517.0,3582954.0,122729.0,461957.0,5470061.0
GR0000000702,2024,40,1025132.0,243854.0,997457.0,5213057.0,3193645.0,86038.0,329892.0,5515751.0
GR0000000703,2020,16,348155.0,68217.0,388401.0,1277281.0,808975.0,20564.0,88782.0,1852375.0
GR0000000703,2021,18,227363.0,54806.0,352254.0,940506.0,578158.0,18909.0,73715.0,1174180.0
GR0000000703,2022,16,414380.0,107183.0,346603.0,1681311.0,1103770.0,31455.0,138638.0,2581945.0
GR0000000703,2023,17,456263.0,67467.0,308913.0,2638450.0,1508967.0,25018.0,92485.0,2923713.0
GR0000000703,2024,18,377507.0,103014.0,378622.0,1620757.0,1134035.0,40184.0,143198.0,1919119.0
GR0000000704,2020,94,2566358.0,390576.0,1666649.0,4749341.0,2586529.0,126937.0,517513.0,9259163.0
GR0000000704,2021,91,1902245.0,439372.0,1035474.0,2599350.0,1378770.0,137202.0,576574.0,5752636.0
GR0000000704,2022,100,4423407.0,942728.0,2348446.0,5645118.0,3375155.0,314340.0,1257068.0,13046925.0
GR0000000704,2023,100,4446749.0,952390.0,2190545.0,7303905.0,4393021.0,242401.0,1194791.0,14951893.0
GR0000000704,2024,100,3547939.0,662514.0,1997845.0,4539369.0,2451694.0,189280.0,851794.0,11099141.0
GR0000000705,2020,40,6570840.0,2450757.0,1145143.0,16795798.0,10045586.0,735441.0,3186198.0,15350829.0
GR0000000705,2021,41,3655766.0,948833.0,1444119.0,8411709.0,4877472.0,277971.0,1226804.0,8005666.0
GR0000000705,2022,40,5993121.0,1907291.0,1447996.0,12963658.0,7213657.0,564496.0,2471787.0,14134503.0
GR0000000705,2023,40,3610271.0,825209.0,1060245.0,10358900.0,5677310.0,257877.0,1083086.0,9188748.0
GR0000000705,2024,39,5824904.0,2241744.0,1077380.0,10803860.0,6373572.0,600989.0,2842733.0,12300523.0
GR0000000706,2020,42,1672149.0,474084.0,1042846.0,5703437.0,2631435.0,182769.0,656853.0,4900363.0
GR0000000706,2021,39,2896822.0,866027.0,1099451.0,8224161.0,5099038.0,276007.0,1142034.0,6592254.0
GR0000000706,2022,42,1989894.0,542256.0,1013942.0,7382402.0,4138124.0,214586.0,756841.0,5579864.0
GR0000000706,2023,48,3447201.0,786654.0,1281808.0,12309446.0,7239098.0,295101.0,1081755.0,10836642.0
GR0000000706,2024,48,2220636.0,623188.0,1234312.0,8358443.0,5019492.0,180451.0,803639.0,6027768.0
GR0000000707,2020,57,3651349.0,896340.0,1499381.0,15900792.0,11003709.0,189298.0,1085637.0,8631892.0
GR0000000707,2021,44,2871494.0,457024.0,940213.0,7834515.0,5295242.0,106714.0,563738.0,7248114.0
GR0000000707,2022,34,1941254.0,336737.0,721932.0,6122273.0,3313874.0,81188.0,417925.0,5255078.0
GR0000000707,2023,24,1224271.0,188754.0,594190.0,4367996.0,2239527.0,34929.0,223683.0,3017165.0
GR0000000707,2024,20,1372700.0,204984.0,404403.0,4456637.0,2443512.0,45233.0,250217.0,3600650.0
GR0000000708,2020,31,757806.0,117767.0,694705.0,2203386.0,1520831.0,34772.0,152539.0,3453500.0
GR0000000708,2021,36,1188460.0,213354.0,679296.0,4725122.0,3531907.0,78957.0,292310.0,5541944.0
GR0000000708,2022,34,881624.0,167836.0,665483.0,3669462.0,2599879.0,61840.0,229676.0,5288387.0
GR0000000708,2023,33,1015744.0,245288.0,773309.0,2992748.0,2075954.0,75024.0,320312.0,4312918.0
GR0000000708,2024,31,475501.0,103165.0,733568.0,2077004.0,1169239.0,32150.0,135315.0,2790222.0
GR0000000709,2020,187,13625376.0,4012308.0,5326524.0,35837472.0,25927924.0,1014666.0,5026974.0,42752327.0
GR0000000709,2021,129,6423427.0,1860834.0,2858942.0,21478194.0,12129886.0,373322.0,2234155.0,23973061.0
GR0000000709,2022,108,4694479.0,931918.0,3634423.0,14611139.0,11443122.0,206949.0,1138867.0,18909089.0
GR0000000709,2023,103,9443285.0,3275339.0,3137018.0,22538565.0,18534264.0,679751.0,3955090.0,29250936.0
GR0000000709,2024,97,4908872.0,1252775.0,2806999.0,20363510.0,15531066.0,212505.0,1465279.0,20617970.0
GR0000000710,2020,33,1474629.0,284963.0,658740.0,4601586.0,2821443.0,102540.0,387503.0,3430038.0
GR0000000710,2021,30,1637567.0,351735.0,724480.0,6020189.0,4263250.0,133906.0,485641.0,3788218.0
GR0000000710,2022,27,1354507.0,274442.0,451686.0,4573536.0,2634161.0,73715.0,348157.0,3999527.0
GR0000000710,2023,25,1460724.0,261387.0,471290.0,4658842.0,2962853.0,99081.0,360467.0,3538478.0
GR0000000710,2024,24,1548035.0,353176.0,384037.0,4998540.0,2876646.0,126916.0,480092.0,3737833.0
GR0000000711,2020,77,12418652.0,5498978.0,2886695.0,60695815.0,48877675.0,1887616.0,7386594.0,22636428.0
GR0000000711,2021,70,15613517.0,7703119.0,2508966.0,190945921.0,148192550.0,2312199.0,10015318.0,36683355.0
GR0000000711,2022,66,15229733.0,6336850.0,2977871.0,91569190.0,70549642.0,1744536.0,8081385.0,29033905.0
GR0000000711,2023,68,15075874.0,7111570.0,3100959.0,129393231.0,108813126.0,2664550.0,9776120.0,29663429.0
GR0000000711,2024,70,7597335.0,4091618.0,3453170.0,107522069.0,91554945.0,1143816.0,5235434.0,16998747.0
GR0000000712,2020,15,758907.0,189736.0,425808.0,2333629.0,1109182.0,54781.0,244517.0,2268394.0
GR0000000712,2021,15,818717.0,269337.0,423513.0,2130706.0,1242184.0,103038.0,372375.0,2003159.0
GR0000000712,2022,15,574512.0,208195.0,417529.0,1822292.0,1041275.0,73305.0,281500.0,1508545.0
GR0000000712,2023,13,1078053.0,367790.0,325790.0,2823215.0,1661508.0,139720.0,507510.0,2443114.0
GR0000000712,2024,13,758361.0,193659.0,343132.0,2030775.0,1166737.0,57459.0,251118.0,1847150.0
GR0000000713,2020,18,586968.0,161576.0,427303.0,1801592.0,1244801.0,60888.0,222464.0,2767691.0
GR0000000713,2021,18,584626.0,140001.0,397869.0,1565990.0,833076.0,52904.0,192904.0,2469798.0
GR0000000713,2022,17,821436.0,163170.0,444577.0,2520382.0,1407871.0,50598.0,213768.0,3224591.0
GR0000000713,2023,17,523469.0,103177.0,484504.0,1736104.0,1066687.0,31551.0,134728.0,2376329.0
GR0000000713,2024,19,858262.0,150761.0,516698.0,2249372.0,1233177.0,47800.0,198561.0,3403181.0
GR0000000714,2020,10,1971563.0,727434.0,338555.0,2926258.0,1361687.0,280235.0,1007669.0,3407615.0
GR0000000714,2021,9,1400588.0,463456.0,309845.0,1924533.0,877368.0,155290.0,618746.0,2072088.0
GR0000000714,2022,9,1128399.0,431498.0,332293.0,2282329.0,1213080.0,113812.0,545309.0,2129169.0
GR0000000714,2023,10,3501869.0,1527328.0,362104.0,5073666.0,1837857.0,500789.0,2028117.0,5317283.0
GR0000000714,2024,10,1421349.0,479740.0,300015.0,2789103.0,1193936.0,139494.0,619235.0,2780444.0
GR0000000715,2020,4,192123.0,56164.0,120261.0,951754.0,658963.0,21250.0,77414.0,764331.0
GR0000000715,2021,4,458228.0,170583.0,166405.0,3105123.0,1979662.0,57547.0,228131.0,1586878.0
GR0000000715,2022,4,235817.0,75299.0,134496.0,1154674.0,592100.0,23150.0,98450.0,835266.0
GR0000000715,2023,4,302745.0,137107.0,137188.0,2019907.0,1082755.0,38775.0,175882.0,1118107.0
GR0000000715,2024,3,175829.0,60947.0,118206.0,744260.0,478467.0,22477.0,83425.0,592613.0
GR0000000716,2020,10,279026.0,67839.0,203948.0,422376.0,239097.0,27888.0,95727.0,1019740.0
GR0000000716,2021,9,157273.0,41770.0,104898.0,267851.0,199067.0,15571.0,57341.0,524488.0
GR0000000716,2022,10,127293.0,26026.0,112882.0,207051.0,152410.0,7419.0,33445.0,564412.0
GR0000000716,2023,11,148057.0,33657.0,129495.0,295551.0,189519.0,12878.0,46535.0,647477.0
GR0000000716,2024,12,272055.0,70686.0,238606.0,683917.0,378964.0,23325.0,94011.0,1193032.0
GR0000000717,2020,24,3410130.0,1345334.0,754926.0,7557220.0,3242516.0,345892.0,1691226.0,6913459.0
GR0000000717,2021,24,1369261.0,516660.0,830507.0,3158587.0,1430958.0,165666.0,682326.0,2515671.0
GR0000000717,2022,25,2713007.0,999145.0,739795.0,6872486.0,3457457.0,367933.0,1367078.0,5381273.0
GR0000000717,2023,21,1684926.0,503834.0,712586.0,4051791.0,1575803.0,143863.0,647697.0,3164830.0
GR0000000717,2024,18,1764196.0,522790.0,475331.0,4332567.0,1906536.0,192564.0,715354.0,3536904.0
GR0000000718,2020,36,4076614.0,1691325.0,1263771.0,51312433.0,43278411.0,674795.0,2366120.0,8271694.0
GR0000000718,2021,41,2683332.0,1225401.0,1435226.0,44029734.0,36248799.0,453208.0,1678609.0,5649301.0
GR0000000718,2022,38,4663943.0,2314714.0,1219138.0,37124148.0,29569636.0,874115.0,3188829.0,9938501.0
GR0000000718,2023,37,4336542.0,1723221.0,1400649.0,82398159.0,64903753.0,724531.0,2447752.0,11850256.0
GR0000000718,2024,33,2644305.0,1090193.0,1003554.0,45721147.0,33252435.0,441057.0,1531250.0,7124882.0
GR0000000719,2020,44,1535453.0,397969.0,904313.0,5164036.0,3277756.0,159300.0,557269.0,6219648.0
GR0000000719,2021,42,1154203.0,313377.0,784062.0,5279359.0,3435264.0,93984.0,407361.0,5689104.0
GR0000000719,2022,47,824998.0,163977.0,965702.0,3394072.0,2533054.0,63402.0,227379.0,4597513.0
GR0000000719,2023,42,1198882.0,205213.0,853326.0,3121497.0,1789822.0,62166.0,267378.0,4931500.0
GR0000000719,2024,38,790969.0,195342.0,699298.0,3094581.0,2207540.0,69680.0,265022.0,4345495.0
GR0000000720,2023,15,549392.0,191357.0,435206.0,1711182.0,801186.0,61321.0,252677.0,1547930.0
GR0000000720,2024,15,967031.0,361442.0,388117.0,3595124.0,2031220.0,105751.0,467193.0,2671014.0
GR0000000721,2021,21,131130.0,20987.0,124851.0,281607.0,209704.0,8057.0,29045.0,624256.0
GR0000000721,2022,21,291843.0,62465.0,205302.0,579670.0,323038.0,23813.0,86278.0,1026508.0
GR0000000721,2023,23,235254.0,63471.0,184759.0,400060.0,241639.0,24408.0,87879.0,923794.0
GR0000000721,2024,23,366385.0,78473.0,274900.0,688632.0,427071.0,29568.0,108042.0,1374499.0
GR0000000722,2020,2,62295.0,24562.0,66060.0,388761.0,286708.0,8499.0,33060.0,264238.0
GR0000000722,2021,1,39915.0,17582.0,29280.0,338287.0,198380.0,5311.0,22893.0,182916.0
GR0000000722,2022,1,46483.0,16985.0,34988.0,374288.0,226900.0,4872.0,21857.0,198911.0
GR0000000722,2023,1,38721.0,11794.0,29379.0,381739.0,244950.0,4062.0,15855.0,216561.0
GR0000000722,2024,1,53282.0,23773.0,28835.0,463764.0,315790.0,7323.0,31096.0,215751.0
GR0000000723,2020,2,47899.0,12770.0,47091.0,213801.0,141336.0,3958.0,16728.0,206415.0
GR0000000723,2021,1,13699.0,3973.0,16711.0,50581.0,30995.0,1135.0,5108.0,55702.0
GR0000000723,2022,1,13572.0,4406.0,18212.0,68666.0,36464.0,1344.0,5750.0,60707.0
GR0000000723,2023,1,16555.0,6110.0,21585.0,71642.0,38677.0,2139.0,8249.0,88599.0
GR0000000723,2024,1,17632.0,6271.0,21862.0,91801.0,51082.0,2289.0,8560.0,77842.0
GR0000000724,2020,4,119197.0,41959.0,113964.0,494154.0,294338.0,16598.0,58557.0,341372.0
GR0000000724,2021,4,138284.0,32690.0,97389.0,459940.0,286143.0,10793.0,43482.0,338162.0
GR0000000724,2022,4,167833.0,48469.0,89768.0,439472.0,216595.0,16634.0,65103.0,385817.0
GR0000000724,2023,3,79794.0,23647.0,67886.0,266801.0,141172.0,9016.0,32662.0,248437.0
GR0000000724,2024,3,248334.0,69354.0,85331.0,939485.0,589280.0,22902.0,92256.0,575732.0
GR0000000725,2020,4,135036.0,38570.0,81812.0,530440.0,267982.0,14456.0,53026.0,597168.0
GR0000000725,2021,4,99481.0,15295.0,75659.0,285219.0,128629.0,4779.0,20074.0,434731.0
GR0000000725,2022,4,148063.0,30457.0,74781.0,373014.0,175702.0,11132.0,41589.0,551384.0
GR0000000725,2023,4,58453.0,17458.0,62024.0,203610.0,112540.0,4590.0,22048.0,281926.0
GR0000000725,2024,4,126485.0,29058.0,77433.0,400225.0,219957.0,7606.0,36664.0,454256.0
GR0000000726,2020,2,299026.0,100568.0,59784.0,692488.0,298027.0,40386.0,140954.0,550491.0
GR0000000726,2021,2,111135.0,38664.0,63753.0,218715.0,101247.0,14178.0,52842.0,251619.0
GR0000000726,2022,1,89843.0,33473.0,25593.0,127346.0,68061.0,11197.0,44670.0,149757.0
GR0000000726,2023,1,66550.0,25580.0,27070.0,124497.0,56408.0,10207.0,35787.0,111107.0
GR0000000726,2024,1,102479.0,38404.0,31494.0,195195.0,90357.0,12582.0,50986.0,214337.0
GR0000000727,2020,11,1208963.0,577482.0,419756.0,16434919.0,13367032.0,226540.0,804022.0,2511954.0
GR0000000727,2021,11,416582.0,168279.0,363210.0,4211346.0,3040907.0,66226.0,234505.0,1117034.0
GR0000000727,2022,10,865185.0,405275.0,392118.0,7623944.0,6447636.0,136972.0,542246.0,1796630.0
GR0000000727,2023,11,734666.0,315645.0,349210.0,6508158.0,5037346.0,130997.0,446642.0,1524055.0
GR0000000727,2024,13,767834.0,314818.0,395057.0,5954595.0,4313733.0,117902.0,432720.0,1603393.0
GR0000000728,2020,23,1017857.0,294350.0,559446.0,3560367.0,1880831.0,107248.0,401598.0,4699206.0
GR0000000728,2021,23,662894.0,203407.0,604761.0,2766033.0,1590244.0,61971.0,265378.0,2911437.0
GR0000000728,2022,21,590592.0,138562.0,578834.0,1815106.0,910807.0,49120.0,187681.0,2251273.0
GR0000000728,2023,21,863033.0,226235.0,541670.0,3013919.0,1768863.0,71636.0,297871.0,3731381.0
GR0000000728,2024,19,1232188.0,356179.0,559818.0,3105885.0,1782088.0,123582.0,479761.0,4263348.0
GR0000000729,2020,10,1250361.0,467335.0,334216.0,21108296.0,15037569.0,167386.0,634721.0,2618780.0
GR0000000729,2021,11,1692042.0,639399.0,405854.0,18802282.0,13470048.0,254823.0,894222.0,3854859.0
GR0000000729,2022,10,497543.0,242315.0,346674.0,5429095.0,4114373.0,102832.0,345148.0,1148040.0
GR0000000729,2023,9,1243454.0,485131.0,328363.0,9755748.0,7080952.0,176602.0,661733.0,2902342.0
GR0000000729,2024,8,1010253.0,396428.0,303036.0,11575814.0,8639633.0,132604.0,529032.0,2578332.0
GR0000000730,2020,74,11695377.0,4311311.0,3477747.0,15298108.0,7764033.0,1153322.0,5464632.0,22401098.0
GR0000000730,2021,88,17365944.0,5607427.0,3263902.0,34703735.0,12535882.0,1316534.0,6923961.0,38130241.0
GR0000000730,2022,87,9309035.0,3574817.0,4066747.0,18147459.0,8077606.0,964902.0,4539718.0,21162141.0
GR0000000730,2023,79,14715361.0,3504269.0,3462499.0,21418079.0,11007646.0,1138396.0,4642665.0,30359378.0
GR0000000730,2024,89,15380079.0,5628127.0,4351887.0,33800256.0,15428617.0,2003961.0,7632087.0,34899759.0
GR0000000731,2020,10,1452535.0,716819.0,329811.0,14424070.0,11818444.0,259817.0,976636.0,3762805.0
GR0000000731,2021,8,812411.0,383339.0,251149.0,6818325.0,5054363.0,126601.0,509940.0,2056198.0
GR0000000731,2022,7,1046026.0,446285.0,248790.0,9490996.0,7357166.0,127255.0,573539.0,2454718.0
GR0000000731,2023,6,516613.0,262357.0,243509.0,5609423.0,4765684.0,74091.0,336448.0,1409621.0
GR0000000731,2024,4,667743.0,305342.0,150707.0,14767461.0,11007120.0,90735.0,396077.0,1462845.0
GR0000000732,2020,23,1921230.0,658221.0,620982.0,4214143.0,1797229.0,235598.0,893819.0,4689026.0
GR0000000732,2021,22,2424295.0,781545.0,778581.0,5790548.0,2712468.0,253598.0,1035142.0,5372511.0
GR0000000732,2022,23,3271449.0,993792.0,889686.0,6783357.0,3937182.0,317226.0,1311018.0,7512435.0
GR0000000732,2023,23,2568054.0,694710.0,651914.0,8055446.0,4525143.0,175154.0,869863.0,6862485.0
GR0000000732,2024,21,2288933.0,682421.0,647596.0,5659128.0,2400862.0,262303.0,944724.0,5169381.0
GR0000000733,2020,1,92694.0,41391.0,25027.0,236486.0,102603.0,12616.0,54008.0,217112.0
GR0000000733,2021,1,100860.0,44330.0,30588.0,227071.0,128119.0,13749.0,58079.0,224029.0
GR0000000733,2022,1,113084.0,33394.0,26886.0,263871.0,133544.0,14155.0,47549.0,214724.0
GR0000000733,2023,1,114776.0,39528.0,29495.0,297454.0,177782.0,13617.0,53145.0,240738.0
GR0000000733,2024,1,80341.0,30014.0,34639.0,227525.0,126695.0,12169.0,42183.0,195432.0
GR0000000734,2020,4,63884.0,10212.0,60860.0,174795.0,115988.0,3964.0,14176.0,304302.0
GR0000000734,2021,4,45296.0,12746.0,43601.0,126354.0,78938.0,4028.0,16774.0,218004.0
GR0000000734,2022,3,27069.0,5168.0,19832.0,61566.0,38733.0,1957.0,7125.0,99158.0
GR0000000734,2023,3,68358.0,15224.0,48052.0,111193.0,72854.0,5922.0,21146.0,250202.0
GR0000000734,2024,3,58795.0,13195.0,47607.0,140013.0,86682.0,4093.0,17288.0,239470.0
GR0000000735,2023,125,8302520.0,1994429.0,3530912.0,19884892.0,10877970.0,452079.0,2446508.0,31163144.0
GR0000000735,2024,141,9764463.0,2229010.0,5312072.0,19171168.0,11261607.0,547310.0,2776320.0,35034016.0
GR0000000736,2020,5,150239.0,36398.0,98173.0,702230.0,537092.0,12833.0,49231.0,542373.0
GR0000000736,2021,5,60658.0,9362.0,88303.0,313421.0,229431.0,3511.0,12873.0,231018.0
GR0000000736,2022,4,128619.0,33590.0,72118.0,711843.0,435048.0,11514.0,45104.0,444294.0
GR0000000736,2023,4,138734.0,26665.0,78814.0,505110.0,320524.0,7890.0,34556.0,371761.0
GR0000000736,2024,4,133147.0,21998.0,63869.0,761997.0,567769.0,6296.0,28293.0,430853.0
GR0000000737,2020,33,2053630.0,739930.0,839993.0,5438253.0,3049483.0,185162.0,925091.0,7645275.0
GR0000000737,2021,35,2167009.0,733757.0,825115.0,7582801.0,5519208.0,240527.0,974283.0,7240490.0
GR0000000737,2022,40,1744702.0,535068.0,908084.0,6268698.0,3828741.0,187309.0,722377.0,8010368.0
GR0000000737,2023,40,1450118.0,369278.0,880273.0,5985327.0,4142719.0,106185.0,475463.0,6204876.0
GR0000000737,2024,37,2520183.0,939425.0,796241.0,8041794.0,4610325.0,267952.0,1207377.0,9574894.0
GR0000000738,2024,190,7828689.0,3467375.0,5972828.0,46260135.0,28187648.0,1026206.0,4493581.0,27149217.0
GR0000000739,2020,4,367723.0,108248.0,124291.0,672300.0,393374.0,26114.0,134362.0,1022625.0
GR0000000739,2021,3,217870.0,58259.0,83380.0,476182.0,301517.0,12982.0,71242.0,682566.0
GR0000000739,2022,2,187732.0,53656.0,61119.0,699308.0,328056.0,9789.0,63446.0,621926.0
GR0000000739,2023,3,255811.0,86433.0,95079.0,790913.0,479065.0,13551.0,99984.0,926640.0
GR0000000739,2024,3,346385.0,117479.0,94250.0,1048188.0,826902.0,30669.0,148148.0,1031366.0
GR0000000740,2020,17,3084483.0,1455438.0,673929.0,22849304.0,19689275.0,381158.0,1836595.0,5562573.0
GR0000000740,2021,15,3246374.0,1452019.0,699946.0,15773283.0,13785538.0,520949.0,1972968.0,5463972.0
GR0000000740,2022,13,2402395.0,1060245.0,487294.0,20133213.0,16957707.0,281162.0,1341407.0,4619157.0
GR0000000740,2023,14,1964684.0,727296.0,598747.0,20878764.0,16297403.0,260121.0,987418.0,4436240.0
GR0000000740,2024,15,4723764.0,2507865.0,565589.0,34356850.0,28697703.0,658223.0,3166088.0,10086931.0
GR0000000741,2020,106,22957453.0,10288671.0,5409895.0,123439680.0,109848158.0,3941538.0,14230209.0,45194172.0
GR0000000741,2021,116,33980771.0,14515592.0,8073733.0,221215508.0,192888091.0,5099487.0,19615078.0,73227271.0
GR0000000741,2022,122,25199827.0,12907678.0,5973289.0,272328113.0,238817462.0,4220272.0,17127950.0,51948528.0
GR0000000741,2023,136,51648026.0,23944302.0,6380013.0,361937996.0,300325025.0,8540729.0,32485031.0,79680151.0
GR0000000741,2024,132,32154184.0,17327503.0,6223306.0,199191617.0,172004630.0,4210965.0,21538469.0,63188857.0
GR0000000742,2020,15,115479.0,28628.0,285338.0,810163.0,625911.0,10975.0,39604.0,713345.0
GR0000000742,2021,15,361899.0,89463.0,328536.0,2228692.0,1510605.0,30811.0,120274.0,1965378.0
GR0000000742,2022,16,155160.0,53520.0,286934.0,893440.0,567134.0,16726.0,70246.0,1033678.0
GR0000000742,2023,17,143755.0,35946.0,304175.0,1143528.0,874975.0,10570.0,46515.0,799056.0
GR0000000742,2024,18,284206.0,66769.0,334222.0,1979303.0,1346178.0,23859.0,90629.0,1589776.0
GR0000000743,2020,733,33570549.0,10573258.0,22573971.0,93505109.0,57531189.0,3731835.0,14305092.0,122463598.0
GR0000000743,2021,759,44796133.0,12111718.0,27187662.0,96835105.0,60826146.0,3971267.0,16082985.0,153295792.0
GR0000000743,2022,787,93645306.0,26309303.0,22629418.0,196770921.0,117602413.0,9406246.0,35715549.0,272642782.0
GR0000000743,2023,871,57638520.0,16578071.0,31430119.0,167634916.0,100408928.0,5283830.0,21861902.0,189678427.0
GR0000000743,2024,793,68586969.0,19048955.0,20282374.0,140706405.0,86731454.0,5024465.0,24073420.0,197846763.0
GR0000000744,2020,5,184235.0,28978.0,79202.0,273672.0,194358.0,7915.0,36892.0,642069.0
GR0000000744,2021,3,88543.0,22636.0,53021.0,195377.0,138144.0,8915.0,31551.0,339609.0
GR0000000744,2022,2,50749.0,9408.0,35421.0,120615.0,81145.0,3427.0,12835.0,238956.0
GR0000000744,2023,2,32323.0,6292.0,30576.0,62882.0,37734.0,1861.0,8153.0,152878.0
GR0000000744,2024,2,71428.0,9607.0,40682.0,132323.0,81076.0,3380.0,12986.0,305567.0
GR0000000745,2020,206,15452722.0,3935183.0,5014519.0,19791791.0,8443509.0,861718.0,4796902.0,40519315.0
GR0000000745,2021,212,12514251.0,2999478.0,5819237.0,17952246.0,9609778.0,759946.0,3759424.0,42597364.0
GR0000000745,2022,231,12863006.0,3528469.0,5323685.0,18224550.0,11198073.0,727815.0,4256285.0,35491234.0
GR0000000745,2023,226,15614470.0,2854034.0,5470317.0,15110539.0,8341155.0,924001.0,3778035.0,44410960.0
GR0000000745,2024,202,9994794.0,1899972.0,4661508.0,11170235.0,5824336.0,554805.0,2454776.0,33045005.0
GR0000000746,2023,27,601392.0,119578.0,488583.0,3789947.0,2268953.0,42895.0,162473.0,2181015.0
GR0000000746,2024,29,682074.0,168434.0,528049.0,4871940.0,3782333.0,61594.0,230028.0,2528237.0
GR0000000747,2020,12,254018.0,64709.0,258505.0,1500038.0,788472.0,17209.0,81918.0,1188247.0
GR0000000747,2021,11,267255.0,59219.0,275449.0,1759232.0,1111976.0,16634.0,75853.0,1600888.0
GR0000000747,2022,9,149009.0,37390.0,182607.0,534859.0,317421.0,9765.0,47155.0,608691.0
GR0000000747,2023,9,147316.0,35726.0,224190.0,635397.0,370467.0,9283.0,45009.0,773213.0
GR0000000747,2024,9,352057.0,79175.0,170770.0,1545639.0,970582.0,28055.0,107230.0,1712880.0
GR0000000748,2024,1,85078.0,39733.0,40600.0,909448.0,656925.0,10835.0,50567.0,204957.0
GR0000000749,2023,44,1083991.0,319306.0,1172788.0,3206865.0,1768469.0,86532.0,405838.0,4188529.0
GR0000000749,2024,40,1351554.0,359983.0,1224794.0,4413249.0,2739134.0,128405.0,488389.0,6826736.0
GR0000000750,2020,2,88329.0,22965.0,36760.0,519743.0,402633.0,7420.0,30385.0,238647.0
GR0000000750,2021,2,73291.0,17021.0,35851.0,288439.0,174449.0,6916.0,23937.0,187699.0
GR0000000750,2022,2,24305.0,5120.0,36901.0,151417.0,110041.0,2152.0,7272.0,89368.0
GR0000000750,2023,2,64171.0,13782.0,38092.0,408868.0,291254.0,5770.0,19552.0,230470.0
GR0000000750,2024,2,65495.0,13984.0,29783.0,385956.0,232813.0,4320.0,18304.0,193883.0
GR0000000751,2020,1,84533.0,26310.0,30833.0,220773.0,134689.0,8638.0,34948.0,184828.0
GR0000000751,2021,1,89495.0,28108.0,29014.0,317651.0,142118.0,10376.0,38484.0,206560.0
GR0000000751,2022,1,60951.0,17830.0,26099.0,170136.0,90747.0,6369.0,24200.0,131584.0
GR0000000751,2023,1,41474.0,10011.0,30252.0,89318.0,46003.0,2693.0,12704.0,91333.0
GR0000000751,2024,1,42002.0,13444.0,27589.0,168314.0,115675.0,5020.0,18464.0,112363.0
GR0000000752,2022,140,4550604.0,941992.0,3552901.0,13716606.0,7573990.0,206773.0,1148765.0,15906859.0
GR0000000752,2023,110,6020047.0,832666.0,2600315.0,16307198.0,8208529.0,184511.0,1017177.0,26300021.0
GR0000000752,2024,87,3898473.0,804285.0,2946642.0,12175265.0,7541892.0,128861.0,933146.0,19288621.0
GR0000000753,2020,7,83631.0,23205.0,123989.0,412539.0,216681.0,9067.0,32272.0,413296.0
GR0000000753,2021,6,143605.0,36231.0,144776.0,777603.0,432145.0,13345.0,49576.0,691884.0
GR0000000753,2022,6,163353.0,57299.0,109842.0,796326.0,525861.0,17320.0,74618.0,720467.0
GR0000000753,2023,5,126323.0,31688.0,95240.0,610634.0,348204.0,11586.0,43275.0,569049.0
GR0000000753,2024,5,112827.0,33121.0,114546.0,499270.0,278397.0,14046.0,47167.0,485934.0
GR0000000754,2020,8,316615.0,68685.0,209934.0,845143.0,550012.0,17833.0,86518.0,738959.0
GR0000000754,2021,8,707799.0,183804.0,183026.0,1844327.0,1201089.0,55899.0,239703.0,1693534.0
GR0000000754,2022,6,487106.0,165798.0,162641.0,1526788.0,849636.0,49016.0,214815.0,1352407.0
GR0000000754,2023,4,382982.0,122686.0,89049.0,1177670.0,554845.0,39002.0,161688.0,821020.0
GR0000000754,2024,3,247578.0,81671.0,91602.0,897969.0,481568.0,24608.0,106279.0,794670.0
GR0000000755,2020,17,659498.0,167305.0,396931.0,3074801.0,1877471.0,70352.0,237657.0,2020679.0
GR0000000755,2021,19,713991.0,196626.0,387144.0,1893898.0,934209.0,61259.0,257885.0,1605760.0
GR0000000755,2022,20,629472.0,184120.0,494600.0,1804149.0,890330.0,58087.0,242208.0,1819966.0
GR0000000755,2023,18,699321.0,168481.0,507787.0,2600612.0,1406847.0,69319.0,237800.0,1805597.0
GR0000000755,2024,17,880554.0,244132.0,465670.0,3038597.0,1617581.0,97406.0,341539.0,2326742.0
GR0000000756,2020,79,9588740.0,3129793.0,4057935.0,40780236.0,24859268.0,1019510.0,4149303.0,31157041.0
GR0000000756,2021,84,5952785.0,1951823.0,4029245.0,26145959.0,13480037.0,558352.0,2510175.0,20146224.0
GR0000000756,2022,89,9550174.0,3085341.0,4083766.0,43838463.0,24543876.0,1141448.0,4226789.0,31761405.0
GR0000000756,2023,99,12494904.0,5103812.0,5329722.0,53138504.0,31596748.0,1240256.0,6344068.0,38470614.0
GR0000000756,2024,89,12839204.0,5889948.0,4040297.0,49439028.0,28000580.0,1692682.0,7582630.0,37700301.0
GR0000000757,2022,84,13825735.0,5121992.0,3464078.0,20875837.0,10524473.0,1914866.0,7036859.0,21137423.0
GR0000000757,2023,95,14847347.0,5934081.0,3143476.0,20864692.0,9824122.0,1934562.0,7868643.0,27683209.0
GR0000000757,2024,100,10207133.0,3231816.0,3371221.0,13725741.0,7544169.0,853029.0,4084844.0,14639497.0
GR0000000758,2020,21,854673.0,354984.0,698364.0,9288315.0,7753803.0,120573.0,475557.0,1887831.0
GR0000000758,2021,20,1464835.0,731212.0,649928.0,15945019.0,12718716.0,263877.0,995088.0,4113065.0
GR0000000758,2022,22,939940.0,398659.0,801309.0,8733659.0,7042760.0,126910.0,525570.0,2350996.0
GR0000000758,2023,25,2445004.0,1114409.0,987285.0,47764661.0,34281705.0,388859.0,1503268.0,5878777.0
GR0000000758,2024,29,2421793.0,1207933.0,1075052.0,51046822.0,41550053.0,341373.0,1549306.0,5856404.0
GR0000000759,2024,11,572705.0,231157.0,425127.0,5794633.0,4392049.0,85967.0,317124.0,1317878.0
GR0000000760,2020,1,31936.0,9201.0,24102.0,166767.0,110574.0,2973.0,12175.0,138306.0
GR0000000760,2021,1,21339.0,4880.0,20316.0,81887.0,50968.0,1547.0,6427.0,81922.0
GR0000000760,2022,1,27804.0,7080.0,25000.0,110573.0,68811.0,2504.0,9585.0,134690.0
GR0000000760,2023,1,13589.0,4220.0,21384.0,81454.0,59064.0,1514.0,5734.0,71278.0
GR0000000760,2024,1,23488.0,7166.0,21753.0,123276.0,61484.0,2307.0,9473.0,134958.0
GR0000000761,2020,49,459652.0,80709.0,607967.0,2261693.0,1479249.0,23878.0,104587.0,2431868.0
GR0000000761,2021,47,405632.0,106478.0,651797.0,2573278.0,1654597.0,31570.0,138048.0,2607188.0
GR0000000761,2022,49,627436.0,145649.0,665347.0,3050104.0,1681412.0,61162.0,206811.0,2661390.0
GR0000000761,2023,49,816610.0,134720.0,885702.0,2879019.0,1875576.0,43049.0,177769.0,3542810.0
GR0000000761,2024,47,603531.0,115647.0,865714.0,4595718.0,2794811.0,33219.0,148866.0,3972838.0
GR0000000762,2020,3,164100.0,28517.0,93282.0,716886.0,368320.0,10944.0,39461.0,900819.0
GR0000000762,2021,3,153971.0,45561.0,76046.0,584182.0,313194.0,11543.0,57103.0,671723.0
GR0000000762,2022,3,159308.0,47008.0,67932.0,401143.0,245527.0,16023.0,63031.0,600657.0
GR0000000762,2023,3,134258.0,33679.0,74097.0,323370.0,174207.0,8802.0,42481.0,525204.0
GR0000000762,2024,3,171117.0,29137.0,85884.0,433695.0,275725.0,10419.0,39556.0,674787.0
GR0000000763,2020,168,13517661.0,3602161.0,5526362.0,27976878.0,12114559.0,1026196.0,4628357.0,44544266.0
GR0000000763,2021,170,12260395.0,3332625.0,4479207.0,42058385.0,19854051.0,863730.0,4196355.0,48823103.0
GR0000000763,2022,181,15520995.0,5868010.0,4903238.0,28938035.0,13153365.0,1639832.0,7507842.0,45251264.0
GR0000000763,2023,169,19728736.0,6079536.0,5776672.0,40878229.0,23898398.0,1794065.0,7873601.0,65983630.0
GR0000000763,2024,155,17188383.0,6197620.0,3985812.0,38049712.0,19333707.0,1979909.0,8177528.0,54204639.0
GR0000000764,2023,1,40180.0,18267.0,34881.0,548009.0,448900.0,5169.0,23436.0,93507.0
GR0000000764,2024,1,122706.0,45749.0,31423.0,1189009.0,882711.0,16054.0,61803.0,273987.0
GR0000000765,2020,4,531172.0,228613.0,187801.0,6673160.0,5698985.0,67201.0,295815.0,1231116.0
GR0000000765,2021,3,793189.0,287758.0,144228.0,6398038.0,5367762.0,109389.0,397147.0,1519276.0
GR0000000765,2022,3,729604.0,352404.0,144247.0,6589692.0,5277344.0,110136.0,462540.0,1685477.0
GR0000000765,2023,3,755360.0,356805.0,105129.0,7389607.0,6328622.0,128297.0,485102.0,1411592.0
GR0000000765,2024,3,645632.0,299286.0,124550.0,5868817.0,4668774.0,102636.0,401922.0,1157646.0
GR0000000766,2020,21,743391.0,179628.0,348799.0,3872807.0,2606218.0,66793.0,246421.0,2377204.0
GR0000000766,2021,20,330401.0,63071.0,390729.0,1541986.0,1144972.0,26506.0,89578.0,1169629.0
GR0000000766,2022,20,1080831.0,257259.0,302907.0,4548761.0,3516380.0,75288.0,332547.0,2800034.0
GR0000000766,2023,20,935721.0,267353.0,386262.0,3108345.0,2332452.0,93335.0,360688.0,2356434.0
GR0000000766,2024,23,790449.0,188271.0,334212.0,2964504.0,2274858.0,80677.0,268948.0,2187216.0
GR0000000767,2021,4,160204.0,27305.0,121406.0,485609.0,329018.0,8042.0,35347.0,736549.0
GR0000000767,2022,3,130949.0,26658.0,81983.0,356410.0,216693.0,7794.0,34452.0,470489.0
GR0000000767,2023,2,68996.0,12772.0,55029.0,169438.0,89612.0,3557.0,16329.0,251213.0
GR0000000767,2024,2,93559.0,20315.0,50976.0,240348.0,137998.0,6850.0,27165.0,379488.0
GR0000000768,2020,1,126260.0,45022.0,29908.0,283719.0,108519.0,13256.0,58277.0,265594.0
GR0000000768,2021,1,124846.0,38349.0,27835.0,284289.0,164180.0,12088.0,50438.0,207290.0
GR0000000768,2022,1,83598.0,22074.0,26948.0,167185.0,66695.0,7459.0,29533.0,168558.0
GR0000000768,2023,1,95901.0,37480.0,34630.0,170238.0,83264.0,10285.0,47765.0,163427.0
GR0000000768,2024,1,77191.0,34001.0,31133.0,165677.0,70965.0,10100.0,44101.0,159422.0
GR0000000769,2020,24,2194118.0,1026793.0,938024.0,29321184.0,24409595.0,292976.0,1319768.0,4547640.0
GR0000000769,2021,27,5479876.0,2523052.0,1233865.0,54057111.0,42590426.0,971894.0,3494945.0,12510345.0
GR0000000769,2022,26,4445324.0,1786374.0,1266584.0,41190685.0,33199697.0,604841.0,2391214.0,10315104.0
GR0000000769,2023,25,6763588.0,3618474.0,1041547.0,48987700.0,36968066.0,965619.0,4584093.0,12942445.0
GR0000000769,2024,22,7427917.0,3528747.0,1096003.0,54315073.0,44032323.0,1259444.0,4788191.0,13190750.0
GR0000000770,2020,4,99066.0,22321.0,78712.0,450195.0,313611.0,8614.0,30935.0,553163.0
GR0000000770,2021,3,139733.0,36621.0,56130.0,421131.0,304262.0,10031.0,46652.0,590350.0
GR0000000770,2022,2,29489.0,6713.0,45730.0,154737.0,97333.0,2429.0,9142.0,171789.0
GR0000000770,2023,1,20606.0,3465.0,25605.0,84825.0,64655.0,1286.0,4751.0,98049.0
GR0000000770,2024,1,59592.0,13040.0,24169.0,202832.0,115589.0,4081.0,17121.0,248449.0
GR0000000771,2020,217,96556423.0,47807834.0,11143522.0,475273024.0,405684376.0,18295797.0,66103631.0,164747597.0
GR0000000771,2021,216,57220622.0,23480429.0,12551144.0,235589400.0,196970184.0,5909155.0,29389584.0,91019207.0
GR0000000771,2022,248,92636691.0,39527296.0,13700274.0,890377775.0,763651307.0,10479574.0,50006871.0,192912753.0
GR0000000771,2023,250,96275229.0,43260889.0,13968315.0,962033367.0,844453907.0,13875045.0,57135934.0,203574109.0
GR0000000771,2024,229,47277416.0,23492702.0,14242065.0,265093497.0,214090945.0,7372694.0,30865395.0,97406015.0
GR0000000772,2020,13,675545.0,180041.0,235247.0,2886347.0,1663998.0,59561.0,239602.0,1783096.0
GR0000000772,2021,15,725105.0,135057.0,263915.0,2177390.0,1248473.0,45189.0,180246.0,1635194.0
GR0000000772,2022,15,624443.0,123670.0,345132.0,2958487.0,1965269.0,39204.0,162875.0,1964886.0
GR0000000772,2023,13,987573.0,257898.0,227496.0,4201190.0,2732307.0,85921.0,343819.0,2548175.0
GR0000000772,2024,14,895247.0,198717.0,227706.0,3150435.0,2319310.0,67136.0,265853.0,2298790.0
GR0000000773,2020,70,12261720.0,5693129.0,3148156.0,160440780.0,137181088.0,1582748.0,7275878.0,26991475.0
GR0000000773,2021,78,18009521.0,8193739.0,3815609.0,135775789.0,116971639.0,2131146.0,10324885.0,32810057.0
GR0000000773,2022,75,8922085.0,3675678.0,3312595.0,81884600.0,64507966.0,964447.0,4640125.0,16993591.0
GR0000000773,2023,88,26354978.0,10834956.0,3490050.0,215759469.0,174882134.0,3705075.0,14540031.0,51248508.0
GR0000000773,2024,80,14743758.0,5581310.0,3369668.0,153354753.0,124538713.0,2087892.0,7669202.0,35606153.0
GR0000000774,2020,157,12166230.0,4395795.0,5046386.0,32830635.0,16551607.0,1083141.0,5478936.0,38622674.0
GR0000000774,2021,179,18227110.0,6887970.0,6508424.0,39503474.0,25012569.0,1577968.0,8465938.0,58439461.0
GR0000000774,2022,175,10489790.0,3576963.0,6486167.0,31063073.0,18224160.0,1009551.0,4586514.0,38111350.0
GR0000000774,2023,207,7960047.0,2369587.0,6705247.0,20656458.0,13119407.0,525602.0,2895189.0,28409613.0
GR0000000774,2024,235,16749846.0,4270626.0,7973383.0,35019658.0,17689001.0,967741.0,5238368.0,47974511.0
GR0000000775,2020,5,188762.0,50077.0,130348.0,518808.0,308402.0,12975.0,63052.0,718310.0
GR0000000775,2021,4,178227.0,51486.0,126962.0,634566.0,413237.0,13752.0,65238.0,935633.0
GR0000000775,2022,3,145341.0,34165.0,86701.0,505807.0,338499.0,11289.0,45454.0,734984.0
GR0000000775,2023,3,156375.0,32186.0,78904.0,617154.0,313621.0,8731.0,40917.0,854410.0
GR0000000775,2024,3,98058.0,17867.0,77534.0,240387.0,136628.0,4825.0,22692.0,377087.0
GR0000000776,2020,227,5908190.0,1609175.0,5312305.0,21180478.0,12852382.0,475607.0,2084782.0,25837322.0
GR0000000776,2021,195,13679107.0,2725860.0,4723749.0,32600593.0,15400730.0,944365.0,3670225.0,47746284.0
GR0000000776,2022,211,8587292.0,2478147.0,5755120.0,22655582.0,13645051.0,691626.0,3169773.0,29128841.0
GR0000000776,2023,182,13219545.0,4378284.0,4648289.0,34371696.0,17442982.0,1019166.0,5397450.0,53074709.0
GR0000000776,2024,173,8572788.0,2588766.0,4375235.0,27683886.0,14497493.0,857521.0,3446287.0,29742077.0
GR0000000777,2020,7,258865.0,85876.0,180494.0,974920.0,472847.0,30041.0,115917.0,799600.0
GR0000000777,2021,7,159926.0,38278.0,167610.0,638546.0,296622.0,15240.0,53517.0,408182.0
GR0000000777,2022,6,295078.0,73144.0,139616.0,1204328.0,755340.0,23755.0,96900.0,796061.0
GR0000000777,2023,7,422963.0,107876.0,147040.0,1528078.0,846760.0,37758.0,145633.0,1114194.0
GR0000000777,2024,7,428231.0,104341.0,152765.0,1458202.0,926658.0,38614.0,142955.0,1268791.0
GR0000000778,2024,5,154502.0,45982.0,166944.0,289182.0,165466.0,16518.0,62500.0,307293.0
GR0000000779,2020,9,1419679.0,457358.0,253055.0,3161980.0,1520185.0,140993.0,598351.0,3355326.0
GR0000000779,2021,9,532416.0,190845.0,345949.0,1518984.0,692939.0,59540.0,250385.0,1448162.0
GR0000000779,2022,8,1392093.0,478528.0,300762.0,2436826.0,1186619.0,142569.0,621097.0,2836076.0
GR0000000779,2023,9,896124.0,261701.0,335709.0,2457441.0,1175668.0,82372.0,344074.0,2284435.0
GR0000000779,2024,10,838831.0,312393.0,365236.0,2008566.0,957280.0,101522.0,413915.0,1843824.0
GR0000000780,2021,1,19808.0,5169.0,18506.0,93752.0,49566.0,1793.0,6962.0,79152.0
GR0000000780,2022,1,22960.0,8419.0,22824.0,125950.0,68365.0,2352.0,10771.0,129512.0
GR0000000780,2023,1,23495.0,5969.0,24285.0,110900.0,64271.0,1935.0,7904.0,142328.0
GR0000000780,2024,1,9078.0,2179.0,14225.0,41903.0,22299.0,641.0,2820.0,47415.0
GR0000000781,2020,135,15049186.0,5767892.0,5456895.0,31808597.0,13948319.0,1407668.0,7175560.0,33639359.0
GR0000000781,2021,122,12018873.0,3198802.0,5267931.0,19188182.0,9390700.0,718886.0,3917687.0,27894846.0
GR0000000781,2022,120,20051010.0,5891188.0,5998535.0,44530207.0,18228088.0,1365750.0,7256938.0,43634353.0
GR0000000781,2023,136,22515710.0,6651754.0,5568164.0,37966099.0,17478177.0,1783710.0,8435464.0,42294036.0
GR0000000781,2024,152,29095784.0,8555142.0,6187830.0,53039172.0,22384905.0,2380354.0,10935496.0,72493795.0
GR0000000782,2020,26,378552.0,89608.0,276523.0,595775.0,330809.0,27781.0,117389.0,1382614.0
GR0000000782,2021,24,363366.0,94328.0,332314.0,853277.0,542316.0,27868.0,122196.0,1661568.0
GR0000000782,2022,23,333457.0,69814.0,253895.0,727012.0,493419.0,24516.0,94330.0,1269477.0
GR0000000782,2023,27,549809.0,131832.0,375417.0,959225.0,670766.0,42210.0,174042.0,1877084.0
GR0000000782,2024,27,999234.0,284067.0,416039.0,1753928.0,1154368.0,114998.0,399066.0,3384949.0
GR0000000783,2020,48,415213.0,118093.0,418217.0,1298983.0,748737.0,33412.0,151505.0,1672867.0
GR0000000783,2021,45,835240.0,190608.0,924051.0,3776704.0,1916366.0,60489.0,251097.0,3823368.0
GR0000000783,2022,41,1073672.0,198448.0,698897.0,3898923.0,2188418.0,83367.0,281814.0,4454964.0
GR0000000783,2023,47,290813.0,47044.0,444900.0,1551502.0,1029866.0,13781.0,60826.0,1779599.0
GR0000000783,2024,49,992138.0,157286.0,830340.0,4850578.0,2876227.0,61116.0,218402.0,5020785.0
GR0000000784,2020,3,29579.0,9520.0,58748.0,169253.0,85256.0,3731.0,13251.0,195828.0
GR0000000784,2021,3,80091.0,24736.0,55670.0,462795.0,294371.0,9090.0,33826.0,460850.0
GR0000000784,2022,2,55593.0,19104.0,40463.0,229958.0,139604.0,6231.0,25335.0,281216.0
GR0000000784,2023,2,79690.0,22623.0,42893.0,398117.0,203089.0,6980.0,29604.0,337183.0
GR0000000784,2024,2,50386.0,19079.0,46514.0,247568.0,145538.0,5812.0,24890.0,239826.0
GR0000000785,2023,16,705756.0,223347.0,408409.0,1733819.0,1040150.0,58234.0,281582.0,1914287.0
GR0000000785,2024,16,1153978.0,311368.0,523837.0,3667307.0,1556598.0,97369.0,408736.0,3269824.0
GR0000000786,2020,1,7299.0,2601.0,15976.0,34700.0,26327.0,968.0,3569.0,39940.0
GR0000000786,2021,1,13856.0,4482.0,22475.0,96219.0,66008.0,1705.0,6186.0,81540.0
GR0000000786,2022,1,9095.0,2351.0,18391.0,38519.0,29101.0,781.0,3132.0,45977.0
GR0000000786,2023,1,10818.0,4006.0,22939.0,81166.0,55262.0,1187.0,5193.0,59810.0
GR0000000786,2024,1,26384.0,9293.0,21503.0,148986.0,103409.0,3077.0,12369.0,115177.0
GR0000000787,2020,9,330537.0,108586.0,205075.0,1553713.0,833473.0,40067.0,148653.0,1366987.0
GR0000000787,2021,10,321027.0,105110.0,213362.0,1351583.0,924649.0,42830.0,147940.0,1634545.0
GR0000000787,2022,11,219659.0,69119.0,238850.0,964585.0,561951.0,22230.0,91349.0,1168961.0
GR0000000787,2023,9,270655.0,63067.0,208172.0,1050834.0,663791.0,22952.0,86019.0,1179175.0
GR0000000787,2024,8,366781.0,102301.0,181308.0,1736383.0,1175259.0,35684.0,137986.0,1479553.0
GR0000000788,2020,38,673373.0,181958.0,634367.0,3945339.0,2078766.0,53011.0,234969.0,3810235.0
GR0000000788,2021,39,804074.0,178908.0,698141.0,3149387.0,1848319.0,50667.0,229575.0,3522165.0
GR0000000788,2022,40,907738.0,259763.0,719729.0,4067517.0,2333536.0,97834.0,357597.0,3793778.0
GR0000000788,2023,40,450445.0,125109.0,725759.0,3014595.0,1578351.0,39370.0,164479.0,2903036.0
GR0000000788,2024,43,382484.0,68745.0,545636.0,2014715.0,1296286.0,21707.0,90452.0,2182543.0
GR0000000789,2020,7,300668.0,75235.0,140059.0,1279790.0,639674.0,20611.0,95847.0,1175242.0
GR0000000789,2021,5,84683.0,22380.0,98488.0,422150.0,230242.0,7939.0,30319.0,444976.0
GR0000000789,2022,4,194860.0,47310.0,78879.0,982862.0,640934.0,15805.0,63115.0,839802.0
GR0000000789,2023,4,133246.0,39003.0,99837.0,702729.0,468801.0,14459.0,53462.0,669384.0
GR0000000789,2024,4,127113.0,27872.0,83651.0,595386.0,350600.0,8130.0,36002.0,540293.0
GR0000000790,2020,2,53775.0,17106.0,49447.0,219554.0,114704.0,7205.0,24311.0,176423.0
GR0000000790,2021,2,63599.0,17707.0,52818.0,244050.0,130588.0,6456.0,24164.0,168586.0
GR0000000790,2022,2,107160.0,32797.0,46088.0,339964.0,168052.0,9364.0,42161.0,295742.0
GR0000000790,2023,2,50422.0,12347.0,41171.0,169059.0,106390.0,4321.0,16669.0,150436.0
GR0000000790,2024,2,91058.0,23212.0,56226.0,368302.0,222491.0,6860.0,30073.0,233447.0
GR0000000791,2020,48,1513130.0,382304.0,990557.0,5837942.0,3187167.0,155560.0,537864.0,6551403.0
GR0000000791,2021,49,676023.0,255812.0,1000563.0,3473008.0,2109449.0,77335.0,333148.0,4082265.0
GR0000000791,2022,49,992757.0,260691.0,1147616.0,6037536.0,3095258.0,86650.0,347341.0,4711621.0
GR0000000791,2023,49,1810636.0,540842.0,1052823.0,9450557.0,5883729.0,226089.0,766932.0,8797402.0
GR0000000791,2024,49,1282868.0,366722.0,1107261.0,7892090.0,5468176.0,131111.0,497833.0,8058331.0
GR0000000792,2020,2,136581.0,61686.0,77144.0,2004471.0,1413281.0,23853.0,85539.0,283668.0
GR0000000792,2021,1,74006.0,33846.0,35307.0,611097.0,457417.0,10155.0,44002.0,157194.0
GR0000000792,2022,1,65470.0,35223.0,34683.0,665320.0,547164.0,10508.0,45731.0,179111.0
GR0000000792,2023,1,57954.0,22281.0,31700.0,631090.0,522884.0,9485.0,31766.0,118811.0
GR0000000792,2024,1,109931.0,51165.0,30081.0,2727843.0,2310158.0,20734.0,71899.0,286815.0
GR0000000793,2020,134,20429677.0,7892989.0,6251980.0,74295453.0,37141644.0,2146843.0,10039831.0,59779690.0
GR0000000793,2021,152,22333780.0,8953039.0,7505996.0,121479350.0,75957386.0,2342526.0,11295566.0,74758043.0
GR0000000793,2022,152,13379269.0,5672122.0,7341459.0,49873594.0,23793532.0,1317671.0,6989793.0,48114622.0
GR0000000793,2023,169,19022297.0,6048552.0,7449092.0,122532305.0,70003446.0,1943497.0,7992049.0,71617471.0
GR0000000793,2024,184,29497290.0,9290160.0,7824152.0,123304171.0,60456122.0,2930480.0,12220640.0,103082306.0
GR0000000794,2020,40,1416696.0,233686.0,1201708.0,5033006.0,2599440.0,83532.0,317218.0,7446354.0
GR0000000794,2021,44,1306874.0,315032.0,1395425.0,3655424.0,2018146.0,88705.0,403737.0,5188856.0
GR0000000794,2022,39,1462819.0,363966.0,1155751.0,3927322.0,2058970.0,104232.0,468198.0,7062105.0
GR0000000794,2023,39,1671187.0,366917.0,1168496.0,5097849.0,3019977.0,121186.0,488103.0,9188122.0
GR0000000794,2024,43,2198045.0,567360.0,1142565.0,9083138.0,4559891.0,148801.0,716161.0,12141890.0
GR0000000795,2020,1,46502.0,17885.0,31826.0,407912.0,322841.0,5440.0,23325.0,121243.0
GR0000000795,2021,1,72033.0,28599.0,31003.0,634173.0,451867.0,9516.0,38115.0,190640.0
GR0000000795,2022,1,94526.0,34470.0,33739.0,2176101.0,1767224.0,13230.0,47700.0,221885.0
GR0000000795,2023,1,75370.0,36338.0,37756.0,777185.0,583382.0,12806.0,49143.0,174166.0
GR0000000795,2024,1,138930.0,67207.0,34626.0,2835744.0,2110305.0,20087.0,87294.0,379355.0
GR0000000796,2020,2,54745.0,15349.0,38697.0,274643.0,165881.0,6531.0,21880.0,300821.0
GR0000000796,2021,2,18803.0,4384.0,33585.0,92726.0,61495.0,1343.0,5728.0,104001.0
GR0000000796,2022,2,20209.0,5250.0,32749.0,122503.0,75689.0,2075.0,7325.0,114465.0
GR0000000796,2023,2,38912.0,10435.0,47213.0,234669.0,186616.0,3176.0,13611.0,215630.0
GR0000000796,2024,2,36274.0,10468.0,38552.0,189457.0,124535.0,3705.0,14173.0,180110.0
GR0000000797,2020,12,2129609.0,1001231.0,385687.0,15127754.0,12479723.0,289915.0,1291146.0,4600645.0
GR0000000797,2021,12,1055519.0,533589.0,437867.0,11829981.0,9072160.0,166487.0,700077.0,2772437.0
GR0000000797,2022,13,1950680.0,926581.0,515397.0,17251275.0,12440557.0,368686.0,1295266.0,4997422.0
GR0000000797,2023,15,2478337.0,1152681.0,480286.0,35510600.0,25402629.0,470759.0,1623440.0,5399224.0
GR0000000797,2024,13,1088899.0,447011.0,445843.0,12753463.0,10437216.0,151855.0,598866.0,2560718.0
GR0000000798,2020,94,45781491.0,17247760.0,3912448.0,44574059.0,17755723.0,4228160.0,21475919.0,63903131.0
GR0000000798,2021,91,29525689.0,12326310.0,3699264.0,34567592.0,10723058.0,3855979.0,16182289.0,40088788.0
GR0000000798,2022,105,32674802.0,11438059.0,5237489.0,35662995.0,17013716.0,2573517.0,14011576.0,48029531.0
GR0000000798,2023,99,30919487.0,10124747.0,5664767.0,39313809.0,15719001.0,3734525.0,13859272.0,51516287.0
GR0000000798,2024,93,19594335.0,8881220.0,4936926.0,26334838.0,8556181.0,2211019.0,11092239.0,30210414.0
GR0000000799,2020,12,432999.0,149289.0,318810.0,4050131.0,2895798.0,40915.0,190205.0,1741898.0
GR0000000799,2021,11,182165.0,62331.0,259619.0,1737312.0,1172399.0,21976.0,84307.0,1038475.0
GR0000000799,2022,10,429251.0,123406.0,303373.0,3243301.0,2103527.0,47017.0,170423.0,2033517.0
GR0000000799,2023,8,167034.0,65127.0,232459.0,2212224.0,1279077.0,23385.0,88512.0,929835.0
GR0000000799,2024,6,282221.0,91297.0,200358.0,3163019.0,2520801.0,28812.0,120109.0,1281344.0
GR0000000800,2020,1,8872.0,1810.0,15330.0,41565.0,23320.0,727.0,2537.0,51102.0
GR0000000800,2021,1,30076.0,7050.0,23202.0,93698.0,64825.0,2141.0,9191.0,128116.0
GR0000000800,2022,1,9673.0,2557.0,15455.0,44608.0,28601.0,1043.0,3600.0,51516.0
GR0000000800,2023,1,14836.0,3143.0,21362.0,59830.0,36115.0,933.0,4076.0,86120.0
GR0000000800,2024,1,11828.0,2539.0,22329.0,48880.0,36344.0,999.0,3537.0,74429.0
GR0000000801,2020,4,326103.0,51424.0,101160.0,344277.0,203051.0,9993.0,61416.0,847278.0
GR0000000801,2021,3,162122.0,22458.0,82492.0,217507.0,131536.0,5012.0,27470.0,474138.0
GR0000000801,2022,2,198768.0,54235.0,48567.0,236086.0,116409.0,11578.0,65812.0,546372.0
GR0000000801,2023,3,144259.0,23489.0,65429.0,208115.0,147490.0,5805.0,29294.0,468041.0
GR0000000801,2024,3,145700.0,35857.0,67045.0,225164.0,164190.0,8202.0,44059.0,443229.0
GR0000000802,2024,12,1295699.0,603281.0,464227.0,26254575.0,20304210.0,217733.0,821014.0,2587733.0
GR0000000803,2020,2,36794.0,7626.0,35407.0,166217.0,137924.0,2493.0,10118.0,141629.0
GR0000000803,2021,2,51782.0,14479.0,41237.0,275336.0,142807.0,2870.0,17350.0,216632.0
GR0000000803,2022,2,48666.0,10415.0,32411.0,208005.0,110311.0,2361.0,12776.0,180365.0
GR0000000803,2023,2,61473.0,13282.0,45733.0,282481.0,147527.0,3118.0,16399.0,219923.0
GR0000000803,2024,2,51255.0,11949.0,43685.0,206245.0,137533.0,2523.0,14472.0,205888.0
GR0000000804,2020,1,23312.0,8881.0,29405.0,181468.0,130151.0,2765.0,11646.0,117619.0
GR0000000804,2021,1,28755.0,11369.0,29810.0,218381.0,156430.0,3586.0,14955.0,141367.0
GR0000000804,2022,1,21141.0,9348.0,33564.0,206852.0,147470.0,3127.0,12475.0,140620.0
GR0000000804,2023,1,39452.0,13154.0,29021.0,616745.0,349632.0,3964.0,17118.0,254036.0
GR0000000804,2024,1,54702.0,19504.0,33262.0,485017.0,342534.0,7750.0,27255.0,254501.0
GR0000000805,2020,11,751295.0,290468.0,342316.0,3791592.0,2124151.0,105885.0,396353.0,2707827.0
GR0000000805,2021,11,1049733.0,359453.0,390602.0,6465472.0,3599715.0,131384.0,490837.0,3710597.0
GR0000000805,2022,12,755506.0,284278.0,457674.0,4401283.0,2604795.0,103717.0,387995.0,2922483.0
GR0000000805,2023,11,716673.0,282356.0,439050.0,5796157.0,3314348.0,95899.0,378254.0,3122255.0
GR0000000805,2024,11,695722.0,301521.0,432967.0,3701235.0,2109386.0,81881.0,383402.0,2325586.0
GR0000000806,2020,2,187074.0,37504.0,35809.0,678491.0,434162.0,10059.0,47563.0,480083.0
GR0000000806,2021,1,110152.0,26840.0,20075.0,706585.0,392205.0,4747.0,31587.0,293416.0
GR0000000806,2022,1,52256.0,12450.0,18212.0,240226.0,133400.0,2655.0,15105.0,108079.0
GR0000000806,2023,1,32033.0,5954.0,21862.0,111292.0,87538.0,1251.0,7204.0,86537.0
GR0000000806,2024,1,52729.0,10249.0,19735.0,284742.0,181815.0,2606.0,12855.0,152821.0
GR0000000807,2020,15,288615.0,87850.0,218518.0,2195167.0,1530784.0,26863.0,114713.0,929876.0
GR0000000807,2021,15,526764.0,131058.0,226757.0,2684183.0,2085750.0,52246.0,183304.0,1526608.0
GR0000000807,2022,15,313782.0,63081.0,238620.0,2031520.0,1590287.0,22746.0,85828.0,920154.0
GR0000000807,2023,15,410979.0,78981.0,296350.0,1943205.0,1552012.0,26884.0,105864.0,1100391.0
GR0000000807,2024,14,593735.0,131316.0,274248.0,2541983.0,1966166.0,42485.0,173801.0,1541826.0
GR0000000808,2020,326,13652636.0,4091498.0,10090814.0,43333992.0,18599462.0,957533.0,5049031.0,62367308.0
GR0000000808,2021,375,17648333.0,4914450.0,11371538.0,48252186.0,23983464.0,1838991.0,6753441.0,78524025.0
GR0000000808,2022,357,17659754.0,3758776.0,8957342.0,34485274.0,19551809.0,1252746.0,5011523.0,63061313.0
GR0000000808,2023,397,10940906.0,2094105.0,9849899.0,28734746.0,13437857.0,617337.0,2711441.0,49249493.0
GR0000000808,2024,446,14239959.0,4147623.0,10136142.0,30087315.0,14777079.0,1448697.0,5596321.0,52881692.0
GR0000000809,2020,189,12397090.0,3568858.0,6231424.0,30245467.0,18827978.0,1296288.0,4865146.0,36078981.0
GR0000000809,2021,189,13642262.0,3238627.0,7158331.0,38762907.0,22292557.0,1089645.0,4328272.0,51995944.0
GR0000000809,2022,217,12614623.0,4280236.0,6088589.0,34502861.0,24145125.0,1036466.0,5316702.0,43267511.0
GR0000000809,2023,196,9124884.0,2305218.0,7444430.0,23874407.0,16551061.0,607116.0,2912334.0,33902759.0
GR0000000809,2024,231,12635034.0,4591502.0,7449833.0,34189409.0,18641530.0,1201415.0,5792917.0,40941940.0
GR0000000810,2020,5,705514.0,292782.0,190117.0,7642724.0,5878227.0,91045.0,383827.0,1669078.0
GR0000000810,2021,5,1165626.0,516507.0,195071.0,12635327.0,10633870.0,167796.0,684303.0,1958902.0
GR0000000810,2022,4,786290.0,296424.0,172025.0,4147623.0,3626905.0,100200.0,396624.0,1444109.0
GR0000000810,2023,4,542337.0,230844.0,184699.0,2856854.0,2262753.0,65827.0,296671.0,929874.0
GR0000000810,2024,3,405674.0,181343.0,122418.0,2838045.0,2277648.0,48578.0,229922.0,845191.0
GR0000000811,2020,1,19537.0,2609.0,14395.0,34821.0,18942.0,558.0,3167.0,71977.0
GR0000000811,2021,1,25380.0,5081.0,17031.0,33547.0,21145.0,1224.0,6305.0,85156.0
GR0000000811,2022,1,31002.0,6681.0,18945.0,61088.0,43685.0,1753.0,8434.0,95832.0
GR0000000811,2023,1,11126.0,1807.0,9110.0,21394.0,15433.0,403.0,2210.0,45548.0
GR0000000811,2024,1,28191.0,4435.0,19083.0,62990.0,37253.0,1121.0,5555.0,95414.0
GR0000000812,2020,4,166695.0,35671.0,72981.0,559657.0,288109.0,12674.0,48345.0,672561.0
GR0000000812,2021,4,147870.0,41677.0,87150.0,560540.0,300328.0,10718.0,52395.0,653545.0
GR0000000812,2022,4,100008.0,15736.0,85477.0,376811.0,172218.0,5056.0,20792.0,388530.0
GR0000000812,2023,4,97418.0,15040.0,80170.0,323249.0,163053.0,5515.0,20556.0,364410.0
GR0000000812,2024,4,125602.0,29117.0,85721.0,581186.0,309235.0,11027.0,40143.0,569410.0
GR0000000813,2020,7,124996.0,44791.0,134286.0,719412.0,374151.0,13895.0,58686.0,745847.0
GR0000000813,2021,8,177499.0,45410.0,154679.0,988058.0,540107.0,15788.0,61198.0,1045387.0
GR0000000813,2022,9,113864.0,29440.0,152401.0,502190.0,340745.0,9378.0,38819.0,508003.0
GR0000000813,2023,10,212807.0,61907.0,227990.0,1209366.0,664224.0,24578.0,86485.0,1085142.0
GR0000000813,2024,9,161464.0,56607.0,199451.0,633139.0,411924.0,20508.0,77115.0,664837.0
GR0000000814,2020,3,65492.0,19771.0,72774.0,357499.0,228200.0,7475.0,27247.0,320329.0
GR0000000814,2021,3,59641.0,14777.0,67242.0,362836.0,201669.0,4554.0,19331.0,328377.0
GR0000000814,2022,3,48910.0,15873.0,65454.0,247441.0,129847.0,6425.0,22299.0,246831.0
GR0000000814,2023,3,109481.0,32127.0,71391.0,446232.0,230841.0,10472.0,42599.0,439852.0
GR0000000814,2024,2,68688.0,22427.0,45026.0,410048.0,207755.0,8918.0,31345.0,386495.0
GR0000000815,2020,93,5718622.0,1004520.0,2311410.0,5641046.0,3643501.0,267217.0,1271737.0,15409403.0
GR0000000815,2021,100,5749140.0,1267972.0,2530817.0,7552412.0,3702766.0,421490.0,1689462.0,16872115.0
GR0000000815,2022,91,6193390.0,1899426.0,2432500.0,7288542.0,4314096.0,471372.0,2370798.0,19890309.0
GR0000000815,2023,83,4581339.0,1130179.0,2007831.0,5268190.0,2772764.0,431520.0,1561699.0,14526064.0
GR0000000815,2024,93,6478606.0,1504806.0,2365231.0,7813943.0,3788012.0,365490.0,1870296.0,20186307.0
GR0000000816,2020,5,385406.0,139311.0,172353.0,668582.0,396231.0,45351.0,184662.0,658755.0
GR0000000816,2021,5,427708.0,129106.0,125029.0,1198472.0,501153.0,51391.0,180497.0,853529.0
GR0000000816,2022,5,627540.0,185108.0,149903.0,1292325.0,543279.0,77865.0,262973.0,1119208.0
GR0000000816,2023,5,445257.0,149938.0,131025.0,709640.0,285680.0,50611.0,200548.0,750002.0
GR0000000816,2024,5,379959.0,141375.0,154552.0,810828.0,478035.0,39901.0,181276.0,760069.0
GR0000000817,2020,54,4282885.0,1162508.0,1703582.0,7085385.0,3504771.0,281050.0,1443558.0,14023461.0
GR0000000817,2021,48,4631614.0,938779.0,1724628.0,10017521.0,6753074.0,307961.0,1246740.0,15954545.0
GR0000000817,2022,47,4739276.0,783095.0,1610366.0,8444561.0,5430266.0,170378.0,953473.0,15135854.0
GR0000000817,2023,47,2320979.0,440559.0,1461876.0,5812763.0,3781818.0,131325.0,571884.0,10753160.0
GR0000000817,2024,46,3591014.0,745570.0,1470021.0,7378248.0,4546309.0,168289.0,913858.0,13123508.0
GR0000000818,2020,2,24793.0,7407.0,45531.0,134323.0,78532.0,2476.0,9882.0,160953.0
GR0000000818,2021,2,57064.0,8919.0,40102.0,209109.0,127684.0,2930.0,11850.0,248561.0
GR0000000818,2022,2,21546.0,3228.0,32368.0,97385.0,64923.0,1150.0,4378.0,107893.0
GR0000000818,2023,2,45816.0,8433.0,37206.0,207686.0,132193.0,2738.0,11171.0,226514.0
GR0000000818,2024,2,20128.0,5747.0,33186.0,87380.0,58781.0,1629.0,7375.0,110620.0
GR0000000819,2020,21,369131.0,59228.0,315581.0,1414310.0,897850.0,17771.0,76999.0,1715331.0
GR0000000819,2021,22,291926.0,47979.0,368104.0,2072032.0,1337971.0,13675.0,61654.0,1787160.0
GR0000000819,2022,22,463547.0,80171.0,364297.0,2042752.0,1195528.0,30044.0,110215.0,2231242.0
GR0000000819,2023,21,267423.0,80531.0,418648.0,1272236.0,792661.0,25736.0,106267.0,1674592.0
GR0000000819,2024,19,375388.0,78517.0,397080.0,2764983.0,1768383.0,31935.0,110451.0,2179612.0
GR0000000820,2020,625,66609474.0,22041901.0,18664179.0,124654726.0,73113909.0,5022369.0,27064270.0,223153103.0
GR0000000820,2021,568,35833042.0,11919691.0,17089522.0,92947422.0,51557469.0,4580423.0,16500115.0,142307206.0
GR0000000820,2022,649,77888846.0,31484168.0,19636554.0,143320337.0,66325503.0,7073448.0,38557616.0,259730750.0
GR0000000820,2023,612,46929464.0,11469125.0,18545945.0,119017502.0,68126331.0,3075025.0,14544150.0,177447850.0
GR0000000820,2024,583,38450213.0,12515680.0,14585083.0,110618686.0,64064928.0,3606307.0,16121987.0,151149564.0
GR0000000821,2020,21,300763.0,46913.0,405845.0,1229115.0,709129.0,20097.0,67010.0,1352818.0
GR0000000821,2021,19,735080.0,196138.0,422273.0,2776018.0,1734669.0,77401.0,273539.0,3099950.0
GR0000000821,2022,21,179464.0,45115.0,357071.0,831621.0,606542.0,19189.0,64304.0,1190235.0
GR0000000821,2023,19,290978.0,63294.0,437972.0,965629.0,643071.0,26417.0,89712.0,1472654.0
GR0000000821,2024,20,521029.0,82576.0,375518.0,2597763.0,1575253.0,33551.0,116128.0,2545007.0
GR0000000822,2020,19,536939.0,162957.0,513515.0,2383796.0,1251064.0,57510.0,220467.0,2509051.0
GR0000000822,2021,18,1134827.0,404656.0,483720.0,4618911.0,2719050.0,127927.0,532583.0,5409962.0
GR0000000822,2022,20,1083489.0,328404.0,478468.0,4211326.0,2276842.0,102622.0,431026.0,4100967.0
GR0000000822,2023,21,738616.0,261697.0,596392.0,1972082.0,1233893.0,74313.0,336010.0,2711961.0
GR0000000822,2024,20,1770547.0,573385.0,487428.0,5847311.0,3665961.0,171058.0,744442.0,6212604.0
GR0000000823,2020,15,392402.0,156970.0,403073.0,4827493.0,2712107.0,52823.0,209793.0,1951870.0
GR0000000823,2021,15,750142.0,246800.0,495329.0,4287523.0,2416354.0,99254.0,346054.0,3011968.0
GR0000000823,2022,13,637990.0,198389.0,390124.0,4748535.0,2836352.0,83215.0,281603.0,3048112.0
GR0000000823,2023,11,196731.0,65308.0,226968.0,1579414.0,1050656.0,19113.0,84421.0,907872.0
GR0000000823,2024,11,431252.0,159647.0,298606.0,5678786.0,3343078.0,46042.0,205689.0,2812194.0
GR0000000824,2020,9,159665.0,44898.0,194563.0,700936.0,415704.0,13940.0,58838.0,970258.0
GR0000000824,2021,8,307897.0,71700.0,145891.0,901724.0,510156.0,22282.0,93982.0,1297656.0
GR0000000824,2022,7,180557.0,30437.0,147931.0,883922.0,650096.0,12930.0,43368.0,1123709.0
GR0000000824,2023,6,117878.0,19828.0,123894.0,751563.0,470236.0,5931.0,25759.0,729315.0
GR0000000824,2024,5,92415.0,18063.0,92013.0,359813.0,205445.0,5912.0,23976.0,595091.0
GR0000000825,2020,35,502253.0,82434.0,607744.0,1430689.0,894552.0,26442.0,108877.0,2025814.0
GR0000000825,2021,33,482796.0,97557.0,763108.0,1940994.0,1313847.0,30030.0,127587.0,2543693.0
GR0000000825,2022,37,443631.0,80254.0,772252.0,1899867.0,1378467.0,22757.0,103012.0,2574173.0
GR0000000825,2023,42,1090922.0,255516.0,924827.0,4147374.0,2529269.0,97695.0,353211.0,5782955.0
GR0000000825,2024,41,617161.0,95400.0,740021.0,2679756.0,1758517.0,36829.0,132230.0,2766259.0
GR0000000826,2023,49,688314.0,142739.0,811982.0,2901007.0,2088846.0,50390.0,193129.0,1804405.0
GR0000000826,2024,48,585731.0,117206.0,899695.0,2537087.0,1724061.0,44356.0,161562.0,2020309.0
GR0000000827,2023,271,95728711.0,36346304.0,17195957.0,516261128.0,442745845.0,12779924.0,49126228.0,149058929.0
GR0000000827,2024,301,52800378.0,22410645.0,13735452.0,276943802.0,235806327.0,6639461.0,29050107.0,87121667.0
GR0000000828,2020,1,110316.0,37693.0,30861.0,229158.0,114442.0,15235.0,52928.0,196642.0
GR0000000828,2021,1,131490.0,52952.0,33822.0,253580.0,148028.0,15023.0,67974.0,222674.0
GR0000000828,2022,1,88949.0,27240.0,25233.0,224901.0,106448.0,10390.0,37630.0,177370.0
GR0000000828,2023,1,49613.0,21481.0,32006.0,120916.0,71337.0,7490.0,28971.0,116419.0
GR0000000828,2024,1,89193.0,38920.0,32027.0,186771.0,87684.0,11447.0,50368.0,190837.0
GR0000000829,2023,239,11049356.0,2610066.0,7351740.0,26683344.0,12176517.0,730650.0,3340716.0,42480228.0
GR0000000829,2024,228,9171590.0,1998525.0,6705623.0,26567273.0,15156808.0,636530.0,2635056.0,38424631.0
GR0000000830,2020,1,24384.0,5226.0,16267.0,37762.0,24775.0,1837.0,7063.0,81336.0
GR0000000830,2021,1,19958.0,3499.0,13964.0,29305.0,19916.0,1414.0,4912.0,69822.0
GR0000000830,2022,1,25198.0,5098.0,15643.0,35964.0,25007.0,1907.0,7005.0,85931.0
GR0000000830,2023,1,21418.0,6061.0,15752.0,44673.0,27829.0,1986.0,8047.0,78760.0
GR0000000830,2024,1,33206.0,8535.0,15967.0,63134.0,37922.0,3350.0,11885.0,110995.0
GR0000000831,2020,2,187025.0,82792.0,69758.0,4402973.0,3288286.0,32490.0,115282.0,456301.0
GR0000000831,2021,1,139706.0,58194.0,31484.0,1854761.0,1400570.0,16861.0,75055.0,298091.0
GR0000000831,2022,1,98871.0,40224.0,39733.0,950488.0,690033.0,14296.0,54521.0,282066.0
GR0000000831,2023,1,79644.0,33901.0,32348.0,782166.0,581070.0,11831.0,45731.0,214039.0
GR0000000831,2024,1,93188.0,48752.0,34207.0,1180786.0,958947.0,16108.0,64860.0,206225.0
GR0000000832,2020,75,2839930.0,786193.0,2063722.0,7853528.0,3975172.0,270562.0,1056754.0,10050271.0
GR0000000832,2021,81,3925516.0,1553145.0,1791396.0,14224704.0,7679383.0,395226.0,1948371.0,18752606.0
GR0000000832,2022,77,5392277.0,1408464.0,1754372.0,16036847.0,7389362.0,437477.0,1845941.0,19607796.0
GR0000000832,2023,84,4242637.0,1162100.0,2292836.0,11482426.0,7032230.0,320793.0,1482893.0,14546669.0
GR0000000832,2024,79,3493851.0,1179125.0,2001949.0,11962465.0,7147050.0,298167.0,1477292.0,13865708.0
GR0000000833,2020,22,512765.0,123737.0,392189.0,3197843.0,2447830.0,38791.0,162528.0,2960466.0
GR0000000833,2021,22,782800.0,192085.0,406830.0,2565898.0,1786983.0,59360.0,251446.0,3018347.0
GR0000000833,2022,21,588894.0,146468.0,414995.0,2661927.0,2293531.0,49171.0,195639.0,3008352.0
GR0000000833,2023,22,454611.0,144738.0,509881.0,2107486.0,1286216.0,44821.0,189559.0,2006414.0
GR0000000833,2024,18,421123.0,112157.0,348525.0,2713119.0,1801279.0,36650.0,148807.0,2646486.0
GR0000000834,2020,41,1438081.0,263745.0,824971.0,2574183.0,1582634.0,81307.0,345053.0,5533300.0
GR0000000834,2021,42,2286119.0,505965.0,892448.0,3339669.0,2158908.0,190385.0,696350.0,7412160.0
GR0000000834,2022,40,1371346.0,323560.0,831263.0,2408289.0,1546192.0,106688.0,430248.0,4618129.0
GR0000000834,2023,46,1057833.0,272176.0,659096.0,1560877.0,886795.0,76012.0,348187.0,3661644.0
GR0000000834,2024,50,1924659.0,553312.0,1066050.0,2493549.0,1483000.0,167259.0,720571.0,6643899.0
GR0000000835,2020,3,57310.0,17435.0,69237.0,303968.0,199558.0,7104.0,24538.0,294504.0
GR0000000835,2021,3,116440.0,27027.0,67453.0,550205.0,360205.0,11147.0,38175.0,475848.0
GR0000000835,2022,2,26303.0,8445.0,48164.0,206864.0,106804.0,2589.0,11034.0,160547.0
GR0000000835,2023,1,23529.0,6098.0,22500.0,129315.0,71906.0,2041.0,8140.0,136046.0
GR0000000835,2024,1,25525.0,6722.0,18100.0,171972.0,96237.0,2466.0,9189.0,145437.0
GR0000000836,2020,115,8411961.0,2982733.0,3235044.0,24209273.0,11559795.0,890851.0,3873584.0,31021005.0
GR0000000836,2021,126,6186762.0,1944995.0,2786830.0,13826645.0,7816676.0,608420.0,2553415.0,21182421.0
GR0000000836,2022,122,4538599.0,1586465.0,3206066.0,15734660.0,8075554.0,586927.0,2173392.0,19534903.0
GR0000000836,2023,142,11175641.0,4164317.0,3181864.0,28776402.0,15260072.0,1267311.0,5431628.0,38134914.0
GR0000000836,2024,148,7444084.0,2688689.0,3675826.0,18265374.0,8412174.0,829927.0,3518616.0,28963175.0
GR0000000837,2020,17,2500184.0,1117716.0,599691.0,3461409.0,1796896.0,279712.0,1397428.0,4118107.0
GR0000000837,2021,17,5050712.0,1981995.0,577574.0,6231671.0,2690524.0,723965.0,2705960.0,7365727.0
GR0000000837,2022,20,2818574.0,1063566.0,600035.0,4187710.0,1973665.0,375143.0,1438709.0,5377705.0
GR0000000837,2023,20,3583498.0,1439776.0,645337.0,7158152.0,3393494.0,364446.0,1804222.0,6891982.0
GR0000000837,2024,20,4829446.0,1747910.0,869394.0,6997242.0,2803748.0,644619.0,2392529.0,8364638.0
GR0000000838,2020,13,284229.0,61330.0,251760.0,722580.0,523078.0,18719.0,80049.0,1258802.0
GR0000000838,2021,12,223994.0,60002.0,172408.0,572199.0,341422.0,17241.0,77243.0,862039.0
GR0000000838,2022,11,212412.0,40443.0,155346.0,367126.0,256624.0,13294.0,53736.0,776731.0
GR0000000838,2023,11,143812.0,40102.0,111942.0,298749.0,210297.0,15472.0,55573.0,559709.0
GR0000000838,2024,12,117943.0,21873.0,100618.0,300026.0,206101.0,8136.0,30009.0,503090.0
GR0000000839,2020,1,15105.0,3735.0,22768.0,121528.0,79011.0,1006.0,4741.0,79420.0
GR0000000839,2021,1,25732.0,6666.0,16843.0,180104.0,124157.0,1736.0,8402.0,124613.0
GR0000000839,2022,1,15941.0,4746.0,23240.0,83238.0,61999.0,1708.0,6455.0,67400.0
GR0000000839,2023,1,37704.0,8150.0,23511.0,171304.0,137371.0,2458.0,10608.0,171508.0
GR0000000839,2024,1,20321.0,5166.0,23851.0,139972.0,84834.0,1587.0,6754.0,125384.0
GR0000000840,2021,1,66966.0,27310.0,31227.0,527170.0,383015.0,8777.0,36087.0,155543.0
GR0000000840,2022,1,109718.0,49861.0,32943.0,923973.0,700104.0,19432.0,69293.0,240216.0
GR0000000840,2023,1,38206.0,17377.0,32280.0,534369.0,379295.0,7038.0,24416.0,98289.0
GR0000000840,2024,1,111634.0,55635.0,38819.0,1099027.0,788637.0,17899.0,73534.0,274261.0
GR0000000841,2020,47,1331511.0,261200.0,1018842.0,7090061.0,4083580.0,111791.0,372991.0,7838143.0
GR0000000841,2021,47,572058.0,168150.0,843083.0,2893358.0,1762098.0,53588.0,221737.0,2810277.0
GR0000000841,2022,49,1241071.0,195057.0,1127314.0,6373638.0,4616219.0,60744.0,255801.0,6892839.0
GR0000000841,2023,49,864586.0,162347.0,1105453.0,2372009.0,1728918.0,56764.0,219111.0,3684844.0
GR0000000841,2024,49,1101810.0,281657.0,1209210.0,4599321.0,2683683.0,93324.0,374981.0,6463514.0
GR0000000842,2020,48,2202575.0,1088981.0,1469221.0,22989713.0,17006128.0,398450.0,1487431.0,6037723.0
GR0000000842,2021,49,2487429.0,951039.0,1510907.0,28498955.0,22312186.0,345372.0,1296411.0,6242685.0
GR0000000842,2022,45,5779385.0,2238164.0,1699860.0,61295366.0,43271496.0,845531.0,3083694.0,14549341.0
GR0000000842,2023,42,4844764.0,2113542.0,1554241.0,45637762.0,38457669.0,673251.0,2786792.0,11331158.0
GR0000000842,2024,44,3625732.0,1844457.0,1388327.0,68581242.0,49205982.0,643212.0,2487670.0,9994848.0
GR0000000843,2020,109,33785864.0,13819595.0,5701656.0,219739330.0,175801789.0,4327062.0,18146657.0,61973625.0
GR0000000843,2021,122,49110359.0,24994311.0,6516086.0,273980891.0,231451445.0,8879179.0,33873491.0,75585097.0
GR0000000843,2022,121,24363357.0,12412935.0,6343187.0,170388697.0,136944126.0,3337401.0,15750336.0,47536483.0
GR0000000843,2023,135,42300771.0,17358930.0,7102847.0,288642533.0,236089339.0,5087163.0,22446092.0,85446034.0
GR0000000843,2024,135,47687889.0,23775358.0,9360976.0,355226877.0,304029865.0,8736059.0,32511417.0,94675004.0
GR0000000844,2020,143,16842652.0,5925392.0,8406044.0,60313714.0,35796991.0,2096335.0,8021727.0,51927295.0
GR0000000844,2021,166,32704535.0,11891443.0,9260250.0,123389646.0,67099372.0,3415911.0,15307354.0,93963837.0
GR0000000844,2022,183,25721850.0,10681066.0,10011880.0,112779096.0,51224886.0,2646894.0,13327960.0,95886141.0
GR0000000844,2023,179,38747781.0,16457188.0,8634358.0,181313945.0,114904547.0,3982998.0,20440186.0,113096411.0
GR0000000844,2024,164,29317395.0,12256982.0,8890924.0,125251132.0,80138012.0,3535157.0,15792139.0,93612643.0
GR0000000845,2020,84,2501665.0,389387.0,1759960.0,5828952.0,2478355.0,124754.0,514141.0,8799801.0
GR0000000845,2021,99,6462839.0,1695145.0,3115140.0,14985892.0,7025884.0,637186.0,2332331.0,22362579.0
GR0000000845,2022,98,3902745.0,932587.0,2675405.0,11471714.0,6271670.0,309058.0,1241646.0,16341195.0
GR0000000845,2023,93,4571127.0,1380006.0,2286055.0,14267785.0,6698125.0,353982.0,1733988.0,22698433.0
GR0000000845,2024,111,4890439.0,1249614.0,2704125.0,13102323.0,6840243.0,449744.0,1699358.0,24001131.0
GR0000000846,2020,28,725629.0,135049.0,382438.0,802993.0,470695.0,50531.0,185580.0,2124655.0
GR0000000846,2021,28,1222201.0,259397.0,548214.0,1766139.0,957152.0,72004.0,331401.0,4076106.0
GR0000000846,2022,29,983759.0,201999.0,678725.0,2181669.0,1097617.0,63596.0,265596.0,3770696.0
GR0000000846,2023,31,1526015.0,468928.0,843711.0,2129319.0,1075002.0,127521.0,596449.0,5134720.0
GR0000000846,2024,36,1454169.0,380576.0,838474.0,2210969.0,1359930.0,121434.0,502011.0,4704415.0
GR0000000847,2020,2,278273.0,105880.0,63426.0,2539554.0,2030106.0,36346.0,142226.0,622074.0
GR0000000847,2021,2,243776.0,125537.0,67723.0,3235876.0,2377907.0,37309.0,162845.0,680831.0
GR0000000847,2022,2,336940.0,169928.0,76981.0,3362775.0,2832715.0,56250.0,226178.0,680224.0
GR0000000847,2023,2,136895.0,66627.0,68617.0,1065661.0,756922.0,21746.0,88373.0,289227.0
GR0000000847,2024,1,151691.0,66619.0,38950.0,2131986.0,1694706.0,21241.0,87860.0,321600.0
GR0000000848,2020,1,57590.0,18785.0,29372.0,234949.0,130026.0,6418.0,25203.0,167733.0
GR0000000848,2021,1,48379.0,15280.0,28210.0,113424.0,71942.0,5097.0,20377.0,111231.0
GR0000000848,2022,1,103951.0,22773.0,24614.0,283603.0,159417.0,9371.0,32144.0,241855.0
GR0000000848,2023,1,51550.0,18791.0,28653.0,170661.0,78492.0,6902.0,25693.0,136021.0
GR0000000848,2024,1,60702.0,17798.0,22096.0,202047.0,113888.0,6237.0,24034.0,164401.0
GR0000000849,2024,10,718082.0,345448.0,332108.0,13174307.0,11159595.0,134637.0,480085.0,2050464.0
GR0000000850,2021,71,23433138.0,9382608.0,3677504.0,25914331.0,11150457.0,3241451.0,12624058.0,35436006.0
GR0000000850,2022,60,18088693.0,7630979.0,2791121.0,19882611.0,6407594.0,1814547.0,9445526.0,25473334.0
GR0000000850,2023,52,9403478.0,3225238.0,2904166.0,9948268.0,3009305.0,922646.0,4147883.0,15010367.0
GR0000000850,2024,56,19867673.0,7238341.0,2972682.0,19484811.0,8287303.0,1794292.0,9032634.0,28669242.0
GR0000000851,2020,8,1336496.0,382287.0,311243.0,3488721.0,1883041.0,112143.0,494430.0,2876175.0
GR0000000851,2021,7,746640.0,224393.0,257707.0,1948291.0,839827.0,58482.0,282875.0,1953147.0
GR0000000851,2022,6,435397.0,119950.0,209179.0,1211625.0,543263.0,38795.0,158745.0,1146118.0
GR0000000851,2023,7,418330.0,106701.0,176286.0,1165743.0,682082.0,28604.0,135305.0,1171032.0
GR0000000851,2024,8,578716.0,157306.0,318557.0,1626394.0,770581.0,41925.0,199231.0,1534898.0
GR0000000852,2020,54,2756197.0,751310.0,1700933.0,5985402.0,2984685.0,208044.0,959354.0,9922876.0
GR0000000852,2021,57,3250338.0,937747.0,1902323.0,6107924.0,3839329.0,227111.0,1164858.0,12454653.0
GR0000000852,2022,65,4420182.0,1160431.0,2047903.0,10789156.0,6244468.0,443255.0,1603687.0,16217929.0
GR0000000852,2023,69,2913737.0,695902.0,2706885.0,5560368.0,2793683.0,173383.0,869285.0,11492999.0
GR0000000852,2024,78,6154842.0,1374511.0,2675266.0,18519889.0,10382847.0,504486.0,1878997.0,29138877.0
GR0000000853,2020,19,423008.0,110306.0,361170.0,2325715.0,1744354.0,38289.0,148594.0,1612404.0
GR0000000853,2021,21,762650.0,149604.0,305925.0,4302949.0,2624598.0,63592.0,213196.0,2389048.0
GR0000000853,2022,22,466984.0,103355.0,396762.0,1774883.0,1274644.0,44011.0,147366.0,1230296.0
GR0000000853,2023,25,578431.0,100726.0,481287.0,2100301.0,1285895.0,38953.0,139679.0,1493749.0
GR0000000853,2024,22,684986.0,206838.0,331205.0,3344224.0,2470311.0,61844.0,268681.0,1964399.0
GR0000000854,2020,15,102487.0,21001.0,129652.0,605246.0,418044.0,8244.0,29245.0,518608.0
GR0000000854,2021,14,274329.0,78001.0,272488.0,1264410.0,806485.0,31263.0,109264.0,1286154.0
GR0000000854,2022,13,107656.0,18871.0,141066.0,585766.0,394153.0,7602.0,26472.0,564265.0
GR0000000854,2023,14,177449.0,32413.0,189898.0,691573.0,371646.0,11303.0,43716.0,759592.0
GR0000000854,2024,15,174303.0,30296.0,233044.0,1371667.0,883488.0,12192.0,42488.0,1115913.0
GR0000000855,2020,17,246729.0,53477.0,328108.0,1414522.0,1059863.0,16729.0,70206.0,1405540.0
GR0000000855,2021,18,305840.0,100569.0,330111.0,1004475.0,795953.0,35386.0,135955.0,1239547.0
GR0000000855,2022,14,267691.0,80623.0,280800.0,1057576.0,699193.0,26743.0,107366.0,1295686.0
GR0000000855,2023,14,374475.0,99887.0,311998.0,1968787.0,1353187.0,28442.0,128329.0,1758270.0
GR0000000855,2024,14,372404.0,92675.0,303431.0,2589413.0,2103948.0,31114.0,123788.0,2021124.0
GR0000000856,2020,2,20444.0,5471.0,26364.0,96950.0,52056.0,1628.0,7099.0,105455.0
GR0000000856,2021,1,18893.0,3862.0,18334.0,110166.0,56715.0,1442.0,5303.0,107871.0
GR0000000856,2022,1,16533.0,4099.0,21216.0,72064.0,37046.0,1310.0,5409.0,88429.0
GR0000000856,2023,1,15801.0,3624.0,16313.0,62444.0,31751.0,1100.0,4724.0,65253.0
GR0000000856,2024,1,15487.0,2980.0,19809.0,91695.0,54846.0,1233.0,4213.0,86300.0
GR0000000857,2022,93,26057790.0,12851531.0,6336686.0,201747927.0,167356324.0,3909471.0,16761003.0,41934432.0
GR0000000857,2023,87,29708610.0,13672711.0,4631033.0,133163763.0,119778925.0,5100162.0,18772873.0,49321980.0
GR0000000857,2024,79,18493145.0,7811392.0,4188653.0,86742822.0,76605275.0,2662677.0,10474069.0,31992253.0
GR0000000858,2020,2,59252.0,13168.0,30993.0,300861.0,201379.0,4383.0,17551.0,181481.0
GR0000000858,2021,1,25587.0,4279.0,17224.0,115661.0,91208.0,1445.0,5724.0,91289.0
GR0000000858,2022,1,34508.0,7796.0,17328.0,173904.0,115607.0,2978.0,10774.0,103193.0
GR0000000858,2023,1,33605.0,6815.0,14941.0,182771.0,113223.0,2205.0,9020.0,95203.0
GR0000000858,2024,1,20075.0,3361.0,16470.0,120641.0,85102.0,1106.0,4467.0,70405.0
GR0000000859,2020,13,337730.0,117781.0,230189.0,1635745.0,1038194.0,34235.0,152016.0,1471698.0
GR0000000859,2021,11,178138.0,41255.0,183515.0,881063.0,639292.0,15391.0,56647.0,1011502.0
GR0000000859,2022,10,184071.0,62238.0,223252.0,1103784.0,782220.0,18850.0,81088.0,1125608.0
GR0000000859,2023,9,113589.0,42905.0,177387.0,430169.0,339708.0,12438.0,55342.0,478399.0
GR0000000859,2024,10,157389.0,46765.0,196902.0,1136534.0,821544.0,17055.0,63820.0,889339.0
GR0000000860,2020,4,141000.0,39761.0,60060.0,890623.0,554309.0,15999.0,55760.0,415544.0
GR0000000860,2021,4,54887.0,11400.0,72596.0,287727.0,228644.0,4042.0,15442.0,178833.0
GR0000000860,2022,3,55778.0,12730.0,51612.0,231578.0,155710.0,4742.0,17472.0,201085.0
GR0000000860,2023,2,81085.0,22194.0,33948.0,304981.0,198694.0,8356.0,30550.0,204650.0
GR0000000860,2024,1,35019.0,8050.0,15896.0,125274.0,91146.0,2447.0,10496.0,97046.0
GR0000000861,2020,1,130661.0,53261.0,37259.0,1325910.0,1126839.0,20937.0,74198.0,268534.0
GR0000000861,2021,1,62873.0,27454.0,37004.0,1101730.0,786808.0,11530.0,38984.0,157705.0
GR0000000861,2022,1,115483.0,58792.0,35910.0,1084657.0,920717.0,19446.0,78238.0,233761.0
GR0000000861,2023,1,110186.0,53224.0,39909.0,1445526.0,1091177.0,19765.0,72989.0,250245.0
GR0000000861,2024,1,58156.0,26484.0,38895.0,539064.0,412007.0,8606.0,35089.0,130102.0
GR0000000862,2020,18,473606.0,127756.0,339971.0,1778683.0,1115694.0,52556.0,180312.0,2305994.0
GR0000000862,2021,17,478264.0,88978.0,364615.0,1703632.0,1178337.0,25604.0,114582.0,1933898.0
GR0000000862,2022,16,211539.0,47469.0,300749.0,801977.0,550103.0,13678.0,61147.0,1002497.0
GR0000000862,2023,17,675529.0,105436.0,363170.0,3222834.0,1787454.0,45051.0,150487.0,3188356.0
GR0000000862,2024,18,276871.0,44041.0,388987.0,1252995.0,783683.0,13191.0,57232.0,1296625.0
GR0000000863,2022,85,2443432.0,645580.0,1210103.0,2972264.0,2161265.0,208146.0,853726.0,6722797.0
GR0000000863,2023,78,4087318.0,1156306.0,2090011.0,4246565.0,2777541.0,355208.0,1511514.0,11611175.0
GR0000000863,2024,67,2205563.0,528991.0,1347222.0,3178439.0,1751053.0,170393.0,699384.0,7484566.0
GR0000000864,2020,123,15481476.0,6585298.0,5943953.0,84727876.0,39809493.0,1934649.0,8519948.0,59748230.0
GR0000000864,2021,135,11965992.0,4314177.0,5542532.0,43486130.0,24508144.0,1133339.0,5447516.0,37380213.0
GR0000000864,2022,127,22064041.0,7866510.0,5213151.0,88248303.0,52179536.0,2513288.0,10379797.0,64457763.0
GR0000000864,2023,139,14309477.0,5314201.0,7226314.0,61049718.0,34726059.0,1583280.0,6897481.0,41556375.0
GR0000000864,2024,158,18543013.0,6228613.0,7734440.0,88974698.0,40540006.0,1916977.0,8145589.0,54679939.0
GR0000000865,2020,3,143944.0,32978.0,76511.0,449846.0,254847.0,11269.0,44247.0,587612.0
GR0000000865,2021,3,163680.0,30139.0,91572.0,454722.0,302166.0,11344.0,41483.0,636607.0
GR0000000865,2022,3,150502.0,42278.0,78794.0,490530.0,262711.0,11065.0,53343.0,623353.0
GR0000000865,2023,3,127592.0,22791.0,88229.0,291993.0,174550.0,6668.0,29458.0,469321.0
GR0000000865,2024,3,123232.0,25581.0,70516.0,335166.0,220917.0,6725.0,32307.0,575665.0
GR0000000866,2020,3,99179.0,35919.0,72359.0,485768.0,309396.0,10496.0,46415.0,505470.0
GR0000000866,2021,3,65409.0,17382.0,68382.0,384117.0,196468.0,6332.0,23714.0,387589.0
GR0000000866,2022,3,81461.0,22283.0,59738.0,406512.0,221772.0,8623.0,30905.0,354199.0
GR0000000866,2023,2,51279.0,13289.0,49641.0,289641.0,159823.0,5226.0,18515.0,244234.0
GR0000000866,2024,1,34816.0,10647.0,24352.0,166418.0,107735.0,3914.0,14561.0,142708.0
GR0000000867,2020,74,3527487.0,905731.0,1927177.0,7052487.0,4154128.0,270993.0,1176724.0,13383251.0
GR0000000867,2021,73,7372989.0,2190114.0,2374600.0,16350805.0,8716139.0,711166.0,2901281.0,26249700.0
GR0000000867,2022,83,3844165.0,1076813.0,2857862.0,9200824.0,4617334.0,351320.0,1428133.0,15191934.0
GR0000000867,2023,98,6293506.0,1840424.0,2983755.0,12730227.0,7635158.0,546276.0,2386700.0,19522842.0
GR0000000867,2024,95,9680281.0,2590414.0,2904725.0,26634051.0,15550111.0,803021.0,3393435.0,38272712.0
GR0000000868,2020,21,1851857.0,609885.0,888281.0,9660294.0,6613885.0,142705.0,752590.0,6798155.0
GR0000000868,2021,21,2744155.0,1070561.0,922332.0,13654196.0,6267435.0,173721.0,1244282.0,8737619.0
GR0000000868,2022,18,1824185.0,694604.0,717253.0,8785172.0,6071884.0,189072.0,883675.0,5407255.0
GR0000000868,2023,14,2229869.0,980587.0,653615.0,10053522.0,5768983.0,186117.0,1166704.0,7036369.0
GR0000000868,2024,12,1698333.0,540993.0,565633.0,9318383.0,5155316.0,125108.0,666102.0,5550627.0
GR0000000869,2020,6,149340.0,45603.0,142498.0,599983.0,404848.0,15655.0,61259.0,603386.0
GR0000000869,2021,6,65263.0,15328.0,120425.0,469800.0,271096.0,6488.0,21816.0,401417.0
GR0000000869,2022,6,225432.0,67937.0,118849.0,945852.0,527043.0,26407.0,94344.0,934531.0
GR0000000869,2023,5,107783.0,33486.0,117915.0,477175.0,257312.0,12226.0,45711.0,452864.0
GR0000000869,2024,5,108955.0,32167.0,100700.0,690911.0,424042.0,13748.0,45914.0,596224.0
GR0000000870,2020,2,122694.0,38381.0,46657.0,356591.0,168837.0,15742.0,54124.0,300142.0
GR0000000870,2021,2,141969.0,33061.0,58733.0,500629.0,316975.0,13283.0,46343.0,435753.0
GR0000000870,2022,2,170159.0,51022.0,50992.0,561994.0,260635.0,21733.0,72755.0,422234.0
GR0000000870,2023,1,49532.0,16618.0,21759.0,196183.0,118253.0,5776.0,22394.0,163311.0
GR0000000870,2024,1,66784.0,19042.0,24412.0,247136.0,130671.0,6916.0,25958.0,214816.0
GR0000000871,2024,15,389173.0,61355.0,348852.0,1343681.0,930019.0,22628.0,83983.0,947094.0
GR0000000872,2020,3,200925.0,64150.0,69070.0,783742.0,477203.0,19573.0,83722.0,590794.0
GR0000000872,2021,3,179593.0,41521.0,89159.0,750370.0,477172.0,12468.0,53989.0,446385.0
GR0000000872,2022,3,158546.0,46961.0,69020.0,363539.0,190170.0,15560.0,62521.0,372289.0
GR0000000872,2023,3,312852.0,75563.0,66881.0,1031731.0,502618.0,22092.0,97655.0,700394.0
GR0000000872,2024,3,154209.0,51450.0,79794.0,496966.0,281959.0,19775.0,71224.0,362371.0
GR0000000873,2020,6,330217.0,95719.0,179437.0,928101.0,519017.0,28945.0,124665.0,1269837.0
GR0000000873,2021,6,205230.0,77681.0,125550.0,773470.0,578583.0,20093.0,97774.0,805956.0
GR0000000873,2022,6,175476.0,60583.0,139765.0,582270.0,384439.0,18225.0,78807.0,654194.0
GR0000000873,2023,5,135225.0,42897.0,146412.0,485388.0,350799.0,16158.0,59055.0,598396.0
GR0000000873,2024,5,184849.0,51441.0,131041.0,658453.0,373898.0,14897.0,66339.0,845862.0
GR0000000874,2022,13,143030.0,35409.0,276824.0,872839.0,594827.0,13847.0,49256.0,922746.0
GR0000000874,2023,12,188367.0,65236.0,229445.0,912969.0,555717.0,21354.0,86590.0,983876.0
GR0000000874,2024,13,320916.0,99501.0,285975.0,1285146.0,810531.0,33952.0,133453.0,1319003.0
GR0000000875,2020,135,5688321.0,1812587.0,2905554.0,16239496.0,13124514.0,464958.0,2277545.0,21059925.0
GR0000000875,2021,132,6152320.0,1827401.0,3883991.0,19808115.0,11895438.0,471343.0,2298744.0,25195042.0
GR0000000875,2022,134,4790073.0,1167149.0,3151428.0,16306109.0,9951356.0,288393.0,1455542.0,20255783.0
GR0000000875,2023,117,5919472.0,1781450.0,3192932.0,16826489.0,8873557.0,581460.0,2362910.0,20650672.0
GR0000000875,2024,118,6367970.0,1444150.0,2662339.0,20504887.0,12159594.0,507981.0,1952131.0,25003353.0
GR0000000876,2020,165,10567083.0,1594367.0,6141550.0,22016375.0,13110402.0,520832.0,2115199.0,36507540.0
GR0000000876,2021,175,12739071.0,4083908.0,6897870.0,33650342.0,17568759.0,896491.0,4980399.0,58761263.0
GR0000000876,2022,198,14185967.0,2484688.0,6286507.0,27095950.0,15487296.0,786221.0,3270909.0,58980325.0
GR0000000876,2023,236,13193213.0,3215430.0,8067282.0,29119280.0,15181528.0,1083246.0,4298676.0,61580180.0
GR0000000876,2024,250,23323719.0,5860873.0,9329713.0,54660247.0,34277651.0,2051265.0,7912138.0,99140397.0
GR0000000877,2020,2,37193.0,5755.0,27282.0,80049.0,52901.0,2049.0,7804.0,136409.0
GR0000000877,2021,2,26504.0,4765.0,22290.0,71436.0,39661.0,1346.0,6111.0,111452.0
GR0000000877,2022,2,37333.0,6947.0,25880.0,88406.0,59486.0,2113.0,9059.0,129400.0
GR0000000877,2023,2,52224.0,8448.0,30532.0,98013.0,66510.0,2833.0,11281.0,223636.0
GR0000000877,2024,2,39384.0,8024.0,29457.0,82397.0,49846.0,2718.0,10741.0,147286.0
GR0000000878,2020,93,35192989.0,13072776.0,3756811.0,36163863.0,14654087.0,4268172.0,17340948.0,54214083.0
GR0000000878,2021,107,27396006.0,10495341.0,5023105.0,31167236.0,10231822.0,2426975.0,12922315.0,43611163.0
GR0000000878,2022,98,35934367.0,14673739.0,4117193.0,43228890.0,18630294.0,4690910.0,19364649.0,54851219.0
GR0000000878,2023,109,40357640.0,16162854.0,5310744.0,35376020.0,15082392.0,4916494.0,21079348.0,55037637.0
GR0000000878,2024,125,30243181.0,10562894.0,7292818.0,33583124.0,11435909.0,3266728.0,13829622.0,49600401.0
GR0000000879,2020,68,3415570.0,1094919.0,2467081.0,8471348.0,5414350.0,244883.0,1339803.0,14896111.0
GR0000000879,2021,72,2553249.0,641779.0,2125233.0,8047805.0,4083316.0,225719.0,867498.0,11736641.0
GR0000000879,2022,84,7413093.0,1557037.0,3080192.0,17353858.0,10881636.0,577763.0,2134800.0,25871619.0
GR0000000879,2023,90,6873134.0,1174983.0,3541764.0,16560143.0,10628554.0,373684.0,1548667.0,23181641.0
GR0000000879,2024,92,6133279.0,1774633.0,3636214.0,16815804.0,9329254.0,437426.0,2212059.0,25112020.0
GR0000000880,2020,10,1055540.0,496707.0,374166.0,15613033.0,13010787.0,189529.0,686235.0,2653389.0
GR0000000880,2021,9,533333.0,281171.0,304984.0,6615869.0,4957490.0,86036.0,367206.0,1160702.0
GR0000000880,2022,10,548941.0,229415.0,386104.0,5092687.0,3805953.0,97388.0,326803.0,1183288.0
GR0000000880,2023,10,1162085.0,563643.0,308158.0,16271298.0,12353509.0,179923.0,743566.0,3097007.0
GR0000000880,2024,10,592265.0,266221.0,371093.0,9152452.0,7031845.0,99909.0,366130.0,1434702.0
GR0000000881,2020,239,31531010.0,12012356.0,10263962.0,117570143.0,59766169.0,3303684.0,15316040.0,96998151.0
GR0000000881,2021,250,51161936.0,18078770.0,10765965.0,180795166.0,109367332.0,5482338.0,23561107.0,147646050.0
GR0000000881,2022,227,37598261.0,12411769.0,9206849.0,182374373.0,105407157.0,2935419.0,15347188.0,130558203.0
GR0000000881,2023,250,24052082.0,10442472.0,13844421.0,118036199.0,61776861.0,3766868.0,14209340.0,82247189.0
GR0000000881,2024,250,39416863.0,17377789.0,10424504.0,158420032.0,99588013.0,6116828.0,23494617.0,131624008.0
GR0000000882,2020,36,2287742.0,1195060.0,1165331.0,46385184.0,35617888.0,345807.0,1540867.0,6112896.0
GR0000000882,2021,32,2886910.0,1247319.0,1246571.0,29755233.0,22144114.0,439181.0,1686500.0,7379120.0
GR0000000882,2022,33,2242024.0,1166747.0,1282068.0,25554597.0,19814470.0,350156.0,1516902.0,6192312.0
GR0000000882,2023,33,2405161.0,1236140.0,1302561.0,44306706.0,37044086.0,395372.0,1631512.0,6396873.0
GR0000000882,2024,31,3959759.0,1666752.0,1090458.0,53263519.0,41402128.0,561042.0,2227794.0,8593617.0
GR0000000883,2020,15,410714.0,70248.0,240486.0,752650.0,493187.0,22225.0,92472.0,1439594.0
GR0000000883,2021,12,210701.0,47002.0,179979.0,364411.0,245389.0,16890.0,63892.0,899893.0
GR0000000883,2022,10,308067.0,74464.0,212750.0,483681.0,297384.0,26568.0,101032.0,1077968.0
GR0000000883,2023,8,195381.0,40220.0,160532.0,500958.0,302148.0,12196.0,52416.0,863122.0
GR0000000883,2024,8,123832.0,31689.0,102922.0,231550.0,136171.0,8835.0,40524.0,514611.0
GR0000000884,2021,11,501268.0,156049.0,312411.0,1820346.0,1109250.0,48882.0,204931.0,1249027.0
GR0000000884,2022,12,311085.0,75612.0,263658.0,1209032.0,703641.0,30451.0,106064.0,859293.0
GR0000000884,2023,12,301391.0,106420.0,243334.0,1310284.0,697580.0,34198.0,140617.0,820567.0
GR0000000884,2024,11,288181.0,71399.0,294791.0,922820.0,418377.0,28602.0,100001.0,837366.0
GR0000000885,2020,4,177663.0,78128.0,175071.0,1445716.0,798203.0,26928.0,105056.0,820103.0
GR0000000885,2021,4,323298.0,127080.0,164656.0,1885970.0,1213192.0,42393.0,169473.0,1097237.0
GR0000000885,2022,3,218700.0,100633.0,104951.0,1691994.0,1069335.0,29386.0,130019.0,975526.0
GR0000000885,2023,3,192428.0,70442.0,92212.0,966496.0,617666.0,19415.0,89857.0,720580.0
GR0000000885,2024,3,163556.0,71566.0,98516.0,1118814.0,594454.0,25759.0,97324.0,585799.0
GR0000000886,2020,3,71012.0,15052.0,73067.0,267120.0,144055.0,6411.0,21464.0,234389.0
GR0000000886,2021,3,54810.0,18382.0,87964.0,209478.0,109221.0,7602.0,25984.0,172379.0
GR0000000886,2022,3,130295.0,42714.0,82943.0,387186.0,190555.0,13302.0,56016.0,297887.0
GR0000000886,2023,3,99125.0,31803.0,67543.0,252684.0,132580.0,10099.0,41902.0,233569.0
GR0000000886,2024,3,116449.0,37491.0,70922.0,305960.0,196089.0,13888.0,51379.0,298692.0
GR0000000887,2020,5,353089.0,123092.0,131271.0,845873.0,414130.0,47758.0,170850.0,865418.0
GR0000000887,2021,4,537490.0,147125.0,116476.0,1162434.0,480966.0,37585.0,184710.0,1261300.0
GR0000000887,2022,4,619225.0,225614.0,148102.0,1793481.0,995821.0,65274.0,290888.0,1578297.0
GR0000000887,2023,4,214250.0,48966.0,126859.0,561434.0,322810.0,15664.0,64630.0,549505.0
GR0000000887,2024,4,691579.0,238825.0,113933.0,1538348.0,711817.0,70681.0,309506.0,1462875.0
GR0000000888,2020,8,177985.0,37976.0,151217.0,867078.0,596572.0,11649.0,49624.0,993205.0
GR0000000888,2021,8,140142.0,33541.0,184437.0,623712.0,408578.0,11299.0,44840.0,848587.0
GR0000000888,2022,9,148186.0,40859.0,183949.0,625363.0,466186.0,12144.0,53003.0,881190.0
GR0000000888,2023,9,121078.0,31922.0,169208.0,471741.0,270230.0,11017.0,42939.0,670828.0
GR0000000888,2024,9,184167.0,42740.0,192784.0,559964.0,372807.0,14593.0,57334.0,743969.0
GR0000000889,2020,2,25708.0,6926.0,24890.0,54026.0,37212.0,2330.0,9255.0,124449.0
GR0000000889,2021,1,21140.0,6250.0,20834.0,51582.0,36119.0,2019.0,8269.0,104170.0
GR0000000889,2022,1,29179.0,5995.0,19275.0,60506.0,39151.0,2058.0,8053.0,129898.0
GR0000000889,2023,1,10942.0,2762.0,8589.0,25873.0,14409.0,894.0,3656.0,42944.0
GR0000000889,2024,1,22719.0,5763.0,16011.0,43512.0,30170.0,2227.0,7990.0,80053.0
GR0000000890,2020,8,1143120.0,441977.0,260826.0,1928623.0,1035722.0,116962.0,558938.0,2345183.0
GR0000000890,2021,7,816090.0,282918.0,215085.0,2087542.0,887778.0,88688.0,371606.0,1927943.0
GR0000000890,2022,8,599241.0,207060.0,310085.0,1807013.0,1003665.0,70122.0,277182.0,1523553.0
GR0000000890,2023,9,904219.0,241899.0,316658.0,2489602.0,1386190.0,73733.0,315632.0,2267870.0
GR0000000890,2024,10,1568411.0,519763.0,339911.0,4194950.0,2205543.0,196797.0,716560.0,3928732.0
GR0000000891,2022,94,6956324.0,1629272.0,2713369.0,17755836.0,11644304.0,497432.0,2126704.0,16762046.0
GR0000000891,2023,101,7011290.0,1915744.0,2685863.0,17596913.0,8874026.0,700701.0,2616446.0,18432874.0
GR0000000891,2024,115,10533725.0,2963697.0,3293695.0,32799328.0,20299267.0,816921.0,3780619.0,22322159.0
GR0000000892,2024,822,132472746.0,66134864.0,44331746.0,1079026036.0,943457791.0,19684029.0,85818893.0,260530570.0
GR0000000893,2020,10,213491.0,49445.0,216125.0,850190.0,467967.0,18725.0,68170.0,1128734.0
GR0000000893,2021,10,128581.0,21286.0,189664.0,664608.0,371321.0,7422.0,28708.0,693995.0
GR0000000893,2022,10,290568.0,71675.0,229459.0,1236221.0,924653.0,24264.0,95939.0,1536065.0
GR0000000893,2023,9,150601.0,28687.0,183068.0,593641.0,356450.0,11093.0,39780.0,750222.0
GR0000000893,2024,10,313377.0,61889.0,219407.0,952592.0,602918.0,18097.0,79985.0,1335204.0
GR0000000894,2020,1,100364.0,34171.0,30426.0,252456.0,115969.0,13517.0,47688.0,200448.0
GR0000000894,2021,1,62005.0,22680.0,28838.0,162765.0,82212.0,7384.0,30065.0,138648.0
GR0000000894,2022,1,56864.0,22385.0,32188.0,119852.0,51621.0,7265.0,29650.0,101994.0
GR0000000894,2023,1,68175.0,26156.0,34521.0,121776.0,61660.0,11198.0,37353.0,116907.0
GR0000000894,2024,1,111162.0,33541.0,34919.0,237834.0,137465.0,11815.0,45356.0,193264.0
GR0000000895,2020,5,137425.0,29204.0,79997.0,246432.0,139142.0,7559.0,36763.0,444429.0
GR0000000895,2021,4,235400.0,68000.0,109623.0,240468.0,126609.0,22569.0,90569.0,675050.0
GR0000000895,2022,4,240524.0,58075.0,73742.0,294805.0,150824.0,15499.0,73574.0,729465.0
GR0000000895,2023,4,190882.0,57754.0,76555.0,260451.0,157462.0,16900.0,74654.0,590243.0
GR0000000895,2024,4,112127.0,23144.0,66248.0,163310.0,98312.0,7704.0,30848.0,368044.0
GR0000000896,2024,6,236015.0,98947.0,207477.0,628841.0,363741.0,38559.0,137507.0,558707.0
GR0000000897,2020,6,735877.0,328235.0,220369.0,10815760.0,7806883.0,125014.0,453249.0,1802544.0
GR0000000897,2021,6,571758.0,206796.0,200555.0,7502223.0,5433569.0,82834.0,289629.0,1443568.0
GR0000000897,2022,6,341279.0,131979.0,189506.0,3031879.0,2501303.0,38778.0,170757.0,879935.0
GR0000000897,2023,5,445951.0,205791.0,198442.0,3778149.0,3027502.0,84353.0,290144.0,1029267.0
GR0000000897,2024,5,567698.0,220756.0,156834.0,9178430.0,6693728.0,63503.0,284259.0,1268571.0
GR0000000898,2020,178,11297336.0,3249040.0,4799920.0,32502886.0,19532772.0,1076958.0,4325998.0,47639560.0
GR0000000898,2021,212,10150920.0,2979969.0,4979129.0,23627593.0,15427121.0,939688.0,3919657.0,39305908.0
GR0000000898,2022,246,11022419.0,2169295.0,7750426.0,27880905.0,14001309.0,753797.0,2923092.0,40038547.0
GR0000000898,2023,245,11134023.0,2202774.0,6953697.0,30044411.0,20605669.0,760241.0,2963015.0,54679694.0
GR0000000898,2024,249,9625952.0,1849932.0,5550423.0,31381979.0,20284032.0,596125.0,2446056.0,39596778.0
GR0000000899,2023,119,3043021.0,698768.0,2779814.0,7730727.0,5325682.0,263066.0,961833.0,11005271.0
GR0000000899,2024,119,5460385.0,1501934.0,2841622.0,16213859.0,10178552.0,384448.0,1886382.0,19215989.0
GR0000000900,2020,9,228481.0,61255.0,146091.0,893604.0,504733.0,19697.0,80952.0,1029725.0
GR0000000900,2021,8,59221.0,11719.0,76256.0,343417.0,173480.0,3515.0,15234.0,305026.0
GR0000000900,2022,6,57636.0,14382.0,81365.0,393402.0,216253.0,4920.0,19302.0,325461.0
GR0000000900,2023,6,126817.0,32512.0,115909.0,638490.0,411902.0,12068.0,44580.0,751766.0
GR0000000900,2024,5,89446.0,12458.0,107593.0,651115.0,450713.0,4745.0,17202.0,543321.0
GR0000000901,2020,88,25866871.0,12966072.0,4942320.0,116354956.0,102483394.0,3276759.0,16242831.0,45333510.0
GR0000000901,2021,89,18053625.0,7523059.0,5412827.0,131042143.0,109754047.0,1862085.0,9385145.0,34571395.0
GR0000000901,2022,98,54425866.0,20900643.0,5314846.0,389738031.0,323223191.0,8054082.0,28954725.0,85032098.0
GR0000000901,2023,113,25621674.0,13419947.0,5704520.0,165691037.0,138749441.0,3985226.0,17405173.0,53231314.0
GR0000000901,2024,135,30345329.0,13041626.0,7537265.0,251008429.0,202429387.0,4340201.0,17381827.0,60262457.0
GR0000000902,2023,172,11666401.0,4437463.0,4959926.0,25407852.0,13511628.0,1121323.0,5558786.0,28387759.0
GR0000000902,2024,177,18612212.0,6486890.0,5193335.0,49346490.0,27870798.0,2093897.0,8580787.0,47970571.0
GR0000000903,2020,16,285072.0,67979.0,245010.0,511948.0,312562.0,25154.0,93133.0,1265305.0
GR0000000903,2021,15,394178.0,61723.0,268868.0,928299.0,540567.0,22091.0,83814.0,1627930.0
GR0000000903,2022,15,521876.0,138056.0,247058.0,996828.0,694167.0,42497.0,180553.0,1818214.0
GR0000000903,2023,17,315051.0,65070.0,256242.0,599987.0,330838.0,20935.0,86006.0,1281211.0
GR0000000903,2024,19,676936.0,174761.0,340948.0,1255150.0,867960.0,60700.0,235461.0,2389222.0
GR0000000904,2020,8,303540.0,95647.0,238415.0,3021527.0,2134716.0,31763.0,127410.0,1831770.0
GR0000000904,2021,7,332579.0,119256.0,226098.0,2957233.0,2077485.0,45763.0,165019.0,1344630.0
GR0000000904,2022,7,198540.0,83405.0,236054.0,2186003.0,1241961.0,32067.0,115472.0,1151639.0
GR0000000904,2023,6,234580.0,84155.0,165654.0,2942192.0,2102428.0,30971.0,115126.0,1346247.0
GR0000000904,2024,6,137909.0,43440.0,157526.0,1066726.0,641191.0,15924.0,59364.0,688400.0
GR0000000905,2020,8,271924.0,64898.0,144704.0,324499.0,180972.0,22363.0,87261.0,968582.0
GR0000000905,2021,9,420542.0,81682.0,174647.0,593425.0,305360.0,20722.0,102404.0,1468654.0
GR0000000905,2022,9,419721.0,100033.0,170118.0,704959.0,353458.0,35572.0,135605.0,1650207.0
GR0000000905,2023,9,381267.0,65787.0,172316.0,421322.0,291161.0,25539.0,91327.0,1211084.0
GR0000000905,2024,8,204823.0,39876.0,147200.0,307276.0,202591.0,13481.0,53357.0,817779.0
GR0000000906,2020,30,5954701.0,2503731.0,1029114.0,7521833.0,3805685.0,711420.0,3215151.0,9716608.0
GR0000000906,2021,31,5364995.0,2285899.0,977442.0,7483045.0,3860091.0,819011.0,3104910.0,9751958.0
GR0000000906,2022,34,5211886.0,1892122.0,1230819.0,6679447.0,2633163.0,652103.0,2544225.0,7526834.0
GR0000000906,2023,36,10755291.0,4341388.0,1394210.0,13918462.0,4976511.0,1288053.0,5629441.0,16702333.0
GR0000000906,2024,37,5397358.0,2300872.0,1509391.0,9940671.0,3980091.0,639685.0,2940557.0,9684159.0
GR0000000907,2020,73,3366574.0,881879.0,2371326.0,9358125.0,6242832.0,243648.0,1125526.0,11890403.0
GR0000000907,2021,75,6106585.0,1792385.0,2483615.0,15916560.0,9480354.0,504085.0,2296470.0,23543695.0
GR0000000907,2022,74,4041530.0,1373160.0,2715215.0,10783591.0,7145356.0,311386.0,1684546.0,11763559.0
GR0000000907,2023,62,4559640.0,1466843.0,1984628.0,12256351.0,7939325.0,496421.0,1963264.0,14621221.0
GR0000000907,2024,61,6103015.0,1727268.0,1799227.0,16870058.0,9453270.0,504731.0,2231999.0,19676916.0
GR0000000908,2022,17,252156.0,74798.0,357413.0,1056168.0,685417.0,23050.0,97849.0,797169.0
GR0000000908,2023,16,631870.0,157474.0,422548.0,2635797.0,1255430.0,57119.0,214593.0,2092785.0
GR0000000908,2024,18,858508.0,273685.0,449649.0,2248963.0,1372536.0,81519.0,355205.0,2140374.0
GR0000000909,2020,27,454005.0,165119.0,578509.0,2561571.0,1918600.0,60599.0,225717.0,2388340.0
GR0000000909,2021,32,338771.0,98541.0,700460.0,2308379.0,1570145.0,31368.0,129909.0,1848851.0
GR0000000909,2022,35,684314.0,171810.0,801862.0,3398625.0,2424536.0,53838.0,225648.0,3019193.0
GR0000000909,2023,39,348637.0,83315.0,838304.0,2612882.0,1867631.0,30922.0,114237.0,2302546.0
GR0000000909,2024,38,323587.0,86013.0,608601.0,2075409.0,1508473.0,24736.0,110749.0,2026452.0
GR0000000910,2020,247,54555008.0,25561844.0,9175130.0,81933220.0,44573887.0,6496450.0,32058293.0,83858314.0
GR0000000910,2021,247,37679473.0,14331823.0,10757718.0,61110733.0,27152140.0,5513148.0,19844971.0,54626808.0
GR0000000910,2022,236,60153921.0,22915828.0,8408094.0,69663104.0,27098559.0,7150894.0,30066722.0,90311307.0
GR0000000910,2023,249,46961018.0,21217279.0,9238005.0,72434025.0,30525532.0,6908061.0,28125340.0,71891903.0
GR0000000910,2024,249,43937749.0,15776044.0,9866212.0,62455184.0,31317359.0,5058306.0,20834350.0,73467159.0
GR0000000911,2022,244,47423652.0,22639646.0,11174726.0,244484249.0,199211584.0,5066120.0,27705767.0,82652208.0
GR0000000911,2023,250,41977368.0,23192513.0,17177197.0,286205043.0,248300903.0,5685368.0,28877881.0,80886636.0
GR0000000911,2024,250,66270973.0,35374905.0,12911248.0,383805799.0,323935422.0,9856449.0,45231353.0,131309550.0
GR0000000912,2020,1,30083.0,8289.0,19841.0,44708.0,32530.0,3052.0,11341.0,117253.0
GR0000000912,2021,1,20702.0,4927.0,15935.0,38243.0,28348.0,1460.0,6387.0,85098.0
GR0000000912,2022,1,25879.0,6032.0,15265.0,42168.0,24006.0,2460.0,8491.0,100840.0
GR0000000912,2023,1,14120.0,3029.0,13712.0,35901.0,24230.0,1006.0,4036.0,68560.0
GR0000000912,2024,1,13628.0,2803.0,9961.0,25473.0,17176.0,913.0,3716.0,49806.0
GR0000000913,2020,37,1588987.0,369809.0,879481.0,5107608.0,2374433.0,128326.0,498135.0,6336003.0
GR0000000913,2021,36,2161629.0,549295.0,1005196.0,6909293.0,3431777.0,170473.0,719768.0,8778342.0
GR0000000913,2022,33,1929395.0,576579.0,932565.0,5303238.0,3081227.0,144811.0,721390.0,6549050.0
GR0000000913,2023,36,1875449.0,584002.0,867577.0,4273387.0,2540127.0,223211.0,807213.0,6317940.0
GR0000000913,2024,32,1898512.0,591756.0,790895.0,4538739.0,2722038.0,182571.0,774327.0,6713975.0
GR0000000914,2020,147,6195995.0,1251341.0,3806210.0,20192538.0,8689251.0,440838.0,1692179.0,26938035.0
GR0000000914,2021,159,3759909.0,716162.0,3677608.0,9531674.0,5340923.0,221064.0,937226.0,18388041.0
GR0000000914,2022,183,9555068.0,2203391.0,5391562.0,17984400.0,7304221.0,557962.0,2761353.0,32390015.0
GR0000000914,2023,209,7887526.0,1833419.0,5270608.0,19656431.0,11444866.0,413817.0,2247236.0,26353040.0
GR0000000914,2024,234,12357625.0,2722824.0,6160552.0,30430680.0,13810286.0,968842.0,3691667.0,53512433.0
GR0000000915,2020,12,96017.0,28555.0,150117.0,506064.0,300521.0,9021.0,37576.0,600466.0
GR0000000915,2021,13,280790.0,56485.0,205737.0,1257578.0,871675.0,18744.0,75229.0,1142691.0
GR0000000915,2022,14,104631.0,25321.0,138106.0,563031.0,344645.0,8880.0,34201.0,552424.0
GR0000000915,2023,12,122881.0,36824.0,137567.0,545475.0,355976.0,10833.0,47657.0,550267.0
GR0000000915,2024,11,77545.0,15402.0,84638.0,399632.0,233828.0,4440.0,19842.0,338550.0
GR0000000916,2024,1,15274.0,2748.0,18195.0,52701.0,41208.0,937.0,3685.0,40432.0
GR0000000917,2020,2,99433.0,27747.0,48413.0,290819.0,179865.0,9353.0,37100.0,254993.0
GR0000000917,2021,2,138645.0,39645.0,56402.0,406756.0,228863.0,12977.0,52622.0,389130.0
GR0000000917,2022,1,74390.0,24589.0,28308.0,290634.0,182843.0,8760.0,33349.0,190666.0
GR0000000917,2023,1,51472.0,12831.0,28781.0,131886.0,83880.0,5043.0,17873.0,118019.0
GR0000000917,2024,1,85654.0,22148.0,29289.0,242016.0,124575.0,7493.0,29642.0,228924.0
GR0000000918,2020,61,1719224.0,283217.0,1789649.0,4040912.0,2433405.0,88280.0,371497.0,6720885.0
GR0000000918,2021,69,3321554.0,882687.0,1778774.0,10152793.0,6897142.0,270831.0,1153518.0,18315076.0
GR0000000918,2022,80,2629463.0,775034.0,1834879.0,7060876.0,4771061.0,212603.0,987637.0,9502837.0
GR0000000918,2023,77,2503974.0,648910.0,2261692.0,8742492.0,4993344.0,174531.0,823440.0,12539154.0
GR0000000918,2024,70,4526968.0,1106862.0,1914697.0,12177347.0,7778286.0,368686.0,1475549.0,19805599.0
GR0000000919,2020,9,516888.0,130942.0,271741.0,2023804.0,933069.0,35765.0,166707.0,1329978.0
GR0000000919,2021,9,686022.0,186521.0,201535.0,2117168.0,1097060.0,56092.0,242613.0,1858708.0
GR0000000919,2022,9,715543.0,180657.0,265473.0,2069493.0,1283614.0,61662.0,242319.0,1641018.0
GR0000000919,2023,9,640770.0,190626.0,223745.0,1668944.0,804391.0,50721.0,241347.0,1518214.0
GR0000000919,2024,9,573604.0,122191.0,273343.0,1834172.0,1054650.0,31383.0,153574.0,1410566.0
GR0000000920,2022,714,139141035.0,35618135.0,31468730.0,174564717.0,95701343.0,8918012.0,44536148.0,271792947.0
GR0000000920,2023,814,111499308.0,37993756.0,31368091.0,156191152.0,63539420.0,8805262.0,46799018.0,206118630.0
GR0000000920,2024,933,119244994.0,28385711.0,39534085.0,219803409.0,97914486.0,9648895.0,38034605.0,246371409.0
GR0000000921,2020,8,1068011.0,406954.0,269743.0,2025522.0,868454.0,157847.0,564801.0,1800279.0
GR0000000921,2021,7,984176.0,428093.0,219824.0,2572830.0,1381338.0,158750.0,586844.0,2358385.0
GR0000000921,2022,7,512295.0,212917.0,179865.0,1317230.0,701406.0,88306.0,301223.0,901097.0
GR0000000921,2023,7,536407.0,196900.0,183223.0,1319682.0,772207.0,79877.0,276777.0,1264819.0
GR0000000921,2024,7,674800.0,213627.0,179315.0,1541921.0,714997.0,60400.0,274028.0,1429013.0
GR0000000922,2020,1,79850.0,37977.0,31704.0,1652702.0,1246783.0,10896.0,48873.0,222191.0
GR0000000922,2021,1,121214.0,52592.0,30073.0,1535703.0,1111076.0,18885.0,71477.0,279153.0
GR0000000922,2022,1,188797.0,73620.0,36722.0,1971567.0,1600155.0,26800.0,100420.0,396088.0
GR0000000922,2023,1,117515.0,58862.0,37829.0,1284930.0,1034707.0,18667.0,77529.0,305280.0
GR0000000922,2024,1,134479.0,54542.0,39118.0,1498694.0,1254322.0,19293.0,73835.0,320124.0
GR0000000923,2020,10,426012.0,77347.0,220803.0,2224738.0,1287091.0,21759.0,99106.0,1153963.0
GR0000000923,2021,10,341650.0,84256.0,221749.0,1779604.0,1170221.0,21166.0,105421.0,1127078.0
GR0000000923,2022,11,471253.0,136984.0,187003.0,1701073.0,1163932.0,35808.0,172793.0,1217073.0
GR0000000923,2023,12,410917.0,96638.0,273987.0,1328305.0,813552.0,37095.0,133733.0,1153559.0
GR0000000923,2024,13,836794.0,177800.0,285225.0,3554280.0,2658703.0,45485.0,223285.0,2695668.0
GR0000000924,2020,9,154450.0,37388.0,103526.0,248389.0,140225.0,14431.0,51818.0,517631.0
GR0000000924,2021,9,84815.0,19737.0,78764.0,237302.0,175004.0,5792.0,25529.0,393818.0
GR0000000924,2022,8,158409.0,35424.0,134634.0,382342.0,216534.0,13265.0,48689.0,673170.0
GR0000000924,2023,9,164525.0,39963.0,141921.0,368963.0,259893.0,11521.0,51484.0,709605.0
GR0000000924,2024,9,272248.0,63883.0,160267.0,401923.0,282910.0,18323.0,82206.0,908041.0
GR0000000925,2020,49,806059.0,157687.0,657805.0,2170657.0,1453193.0,57274.0,214961.0,3289024.0
GR0000000925,2021,49,464983.0,96385.0,370153.0,1028370.0,577821.0,39530.0,135915.0,1850764.0
GR0000000925,2022,49,1176368.0,190137.0,795757.0,2228723.0,1575935.0,70714.0,260851.0,3978783.0
GR0000000925,2023,49,1395151.0,363933.0,812060.0,2990158.0,1896750.0,153580.0,517513.0,4797597.0
GR0000000925,2024,49,1501706.0,319309.0,781340.0,2598696.0,1734575.0,109869.0,429178.0,5192377.0
GR0000000926,2020,112,11427226.0,3718792.0,3027986.0,21647266.0,12493580.0,901546.0,4620338.0,34471139.0
GR0000000926,2021,126,8947813.0,2766817.0,4745635.0,22881855.0,17055283.0,875605.0,3642422.0,31522719.0
GR0000000926,2022,114,6577269.0,1768110.0,4433671.0,14226726.0,10609857.0,427256.0,2195366.0,20037243.0
GR0000000926,2023,116,6455268.0,1837123.0,3138542.0,15719935.0,9140473.0,425149.0,2262273.0,20466962.0
GR0000000926,2024,114,5864222.0,2176750.0,4367351.0,14165421.0,8963353.0,432985.0,2609734.0,19065136.0
GR0000000927,2020,17,1729965.0,777920.0,635388.0,12194709.0,10922593.0,274436.0,1052356.0,3512012.0
GR0000000927,2021,16,1381542.0,630672.0,516658.0,13502293.0,9356855.0,182034.0,812707.0,3289096.0
GR0000000927,2022,15,1610494.0,790792.0,572019.0,12658902.0,8253317.0,210879.0,1001671.0,3593428.0
GR0000000927,2023,13,1203647.0,553832.0,519277.0,9718553.0,8510465.0,143701.0,697533.0,2466657.0
GR0000000927,2024,12,2221163.0,1042495.0,418519.0,18855238.0,14621148.0,273904.0,1316399.0,4533842.0
GR0000000928,2020,197,16505808.0,5004352.0,5229443.0,36117243.0,21656493.0,1312305.0,6316657.0,60817989.0
GR0000000928,2021,227,22625870.0,7589978.0,7256638.0,37398571.0,19625591.0,1675012.0,9264990.0,68512667.0
GR0000000928,2022,250,20799697.0,7149938.0,6375446.0,42787740.0,24388176.0,2431740.0,9581678.0,63591405.0
GR0000000928,2023,250,13127349.0,3759818.0,6749962.0,24654656.0,13324078.0,915981.0,4675799.0,41950390.0
GR0000000928,2024,250,23312426.0,7885635.0,6348456.0,57955235.0,32177197.0,2263958.0,10149594.0,82044023.0
GR0000000929,2020,474,35053002.0,8875608.0,17655141.0,106792816.0,66036432.0,3403859.0,12279467.0,168140420.0
GR0000000929,2021,439,24772690.0,6915942.0,15675185.0,56578900.0,28498171.0,2607200.0,9523143.0,123705330.0
GR0000000929,2022,486,29326848.0,4864799.0,18019198.0,90768835.0,56088320.0,1131557.0,5996356.0,133446452.0
GR0000000929,2023,500,30642409.0,5584193.0,18191158.0,84843802.0,40205603.0,1985982.0,7570175.0,139857383.0
GR0000000929,2024,500,23002509.0,4205796.0,18081246.0,50968777.0,30720693.0,1447080.0,5652876.0,110001302.0
GR0000000930,2020,7,782611.0,180760.0,177095.0,2722554.0,1337719.0,61768.0,242529.0,2226964.0
GR0000000930,2021,7,1176401.0,387372.0,190342.0,2825606.0,1505654.0,150115.0,537487.0,2427483.0
GR0000000930,2022,7,994394.0,231852.0,248659.0,2361204.0,947964.0,80143.0,311995.0,2619704.0
GR0000000930,2023,6,729649.0,175045.0,172579.0,1729107.0,922127.0,46500.0,221545.0,1734051.0
GR0000000930,2024,5,457158.0,110865.0,178640.0,1556740.0,890242.0,38070.0,148935.0,1255739.0
GR0000000931,2020,9,207309.0,66679.0,265909.0,570308.0,257966.0,20002.0,86681.0,566999.0
GR0000000931,2021,9,602128.0,142208.0,232555.0,1328337.0,814168.0,46441.0,188649.0,1411779.0
GR0000000931,2022,10,582518.0,214461.0,247061.0,1677175.0,968726.0,72113.0,286574.0,1667446.0
GR0000000931,2023,9,328989.0,88886.0,269495.0,1142722.0,545542.0,36447.0,125333.0,987860.0
GR0000000931,2024,8,480692.0,159259.0,197618.0,1688367.0,982712.0,65521.0,224780.0,1129601.0
GR0000000932,2020,15,1645267.0,600130.0,478905.0,2876347.0,1033216.0,154641.0,754771.0,2721121.0
GR0000000932,2021,13,1217645.0,453771.0,440066.0,2258284.0,1440521.0,75159.0,528931.0,2048413.0
GR0000000932,2022,11,1521259.0,514818.0,353453.0,2180944.0,1120047.0,106537.0,621355.0,2381091.0
GR0000000932,2023,12,1353975.0,494383.0,443044.0,3340899.0,1869702.0,148641.0,643024.0,2691473.0
GR0000000932,2024,10,1213611.0,449339.0,335840.0,2566717.0,1139207.0,78173.0,527511.0,2249920.0
GR0000000933,2020,12,306101.0,77837.0,241642.0,1216419.0,805789.0,27552.0,105388.0,1342694.0
GR0000000933,2021,13,238169.0,62686.0,261365.0,1077494.0,601397.0,25341.0,88027.0,1059230.0
GR0000000933,2022,12,130075.0,30604.0,253877.0,1016321.0,596028.0,10723.0,41327.0,846258.0
GR0000000933,2023,11,238748.0,53685.0,230504.0,1165421.0,691313.0,18560.0,72245.0,1235919.0
GR0000000933,2024,10,357579.0,106452.0,226716.0,1445744.0,865331.0,33064.0,139515.0,1441781.0
GR0000000934,2020,41,679871.0,171636.0,650893.0,1833572.0,1357632.0,48456.0,220093.0,3254466.0
GR0000000934,2021,44,690478.0,156710.0,480616.0,1179230.0,736034.0,46261.0,202972.0,2403082.0
GR0000000934,2022,43,356663.0,54314.0,337936.0,888585.0,653692.0,18837.0,73151.0,1689678.0
GR0000000934,2023,41,628819.0,104111.0,535621.0,1315215.0,733755.0,38297.0,142407.0,2678106.0
GR0000000934,2024,42,639369.0,111675.0,444265.0,1016846.0,679181.0,41167.0,152842.0,2221324.0
GR0000000935,2020,65,6295387.0,2250043.0,3263488.0,24142671.0,11892478.0,864000.0,3114043.0,21690590.0
GR0000000935,2021,60,11320163.0,4635084.0,3506646.0,53388227.0,27085185.0,1690258.0,6325342.0,35005218.0
GR0000000935,2022,64,5245505.0,1802193.0,2952415.0,24086537.0,11923576.0,407969.0,2210163.0,16418307.0
GR0000000935,2023,67,12199162.0,4250388.0,3839824.0,40673274.0,21426004.0,1515003.0,5765391.0,38398331.0
GR0000000935,2024,69,6362527.0,2826875.0,3842238.0,37177364.0,17213046.0,711002.0,3537877.0,22174372.0
GR0000000936,2020,156,10746414.0,3305173.0,4081319.0,31555940.0,13441324.0,1007855.0,4313028.0,38103576.0
GR0000000936,2021,168,9507951.0,3616966.0,5228828.0,24265034.0,14094293.0,812034.0,4429000.0,32625954.0
GR0000000936,2022,175,7979417.0,2889675.0,5772586.0,25467907.0,13103634.0,713227.0,3602901.0,28923463.0
GR0000000936,2023,184,8489817.0,2807566.0,5651086.0,15702939.0,6865595.0,748563.0,3556129.0,27343146.0
GR0000000936,2024,172,11013431.0,3546704.0,5930638.0,20904184.0,11561259.0,1175758.0,4722462.0,39305295.0
GR0000000937,2024,75,4787520.0,1315191.0,2547937.0,12376317.0,5597018.0,426100.0,1741291.0,12762400.0
GR0000000938,2020,185,9001053.0,2218243.0,6072646.0,23198364.0,12915781.0,706585.0,2924829.0,34207130.0
GR0000000938,2021,213,14264081.0,4731714.0,8025175.0,33553020.0,22686565.0,1309988.0,6041702.0,50521811.0
GR0000000938,2022,234,15596901.0,5472049.0,8489656.0,35477458.0,23306982.0,1838478.0,7310527.0,53828413.0
GR0000000938,2023,232,14365255.0,4600070.0,7300203.0,34245227.0,21631396.0,1190600.0,5790670.0,48176622.0
GR0000000938,2024,247,16187198.0,6249597.0,8279895.0,39951282.0,21634707.0,1817865.0,8067462.0,50700835.0
GR0000000939,2020,9,178241.0,40170.0,126409.0,312019.0,227470.0,16704.0,56874.0,632043.0
GR0000000939,2021,8,245953.0,49762.0,126603.0,337441.0,248305.0,21037.0,70799.0,855658.0
GR0000000939,2022,7,209849.0,47857.0,135682.0,436520.0,252200.0,17751.0,65607.0,801088.0
GR0000000939,2023,6,125951.0,29218.0,97801.0,254690.0,165554.0,9959.0,39177.0,489004.0
GR0000000939,2024,5,100349.0,14723.0,84987.0,249362.0,171860.0,5909.0,20632.0,424933.0
GR0000000940,2020,2,41866.0,6285.0,28160.0,51817.0,35736.0,2618.0,8903.0,140802.0
GR0000000940,2021,2,49372.0,8778.0,33061.0,81741.0,47436.0,3143.0,11921.0,165306.0
GR0000000940,2022,1,20300.0,4646.0,13557.0,31314.0,18578.0,1512.0,6158.0,67784.0
GR0000000940,2023,1,14567.0,3967.0,13449.0,42448.0,23354.0,1523.0,5490.0,67245.0
GR0000000940,2024,1,15443.0,3430.0,12497.0,28731.0,20649.0,1439.0,4869.0,62486.0
GR0000000941,2020,22,4565023.0,1779598.0,676747.0,6515852.0,3083988.0,643689.0,2423287.0,6866978.0
GR0000000941,2021,25,4985781.0,2123134.0,834089.0,7999474.0,3992907.0,672032.0,2795165.0,8242939.0
GR0000000941,2022,27,6983338.0,2932856.0,1025550.0,9722307.0,3658620.0,814338.0,3747194.0,11659142.0
GR0000000941,2023,25,4702552.0,1417632.0,935718.0,9241052.0,3366605.0,469622.0,1887254.0,7914062.0
GR0000000941,2024,25,4764747.0,1962236.0,914395.0,7528846.0,2989270.0,632878.0,2595114.0,8600488.0
GR0000000942,2020,2,110390.0,34886.0,59720.0,1106654.0,729536.0,11035.0,45921.0,464063.0
GR0000000942,2021,1,45061.0,18468.0,27633.0,533916.0,327594.0,5339.0,23807.0,243554.0
GR0000000942,2022,1,45478.0,13625.0,28204.0,441994.0,268050.0,5431.0,19056.0,257556.0
GR0000000942,2023,1,16779.0,5550.0,25163.0,184889.0,116387.0,1957.0,7507.0,100652.0
GR0000000942,2024,1,33337.0,10439.0,26550.0,391984.0,254013.0,3502.0,13941.0,183821.0
GR0000000943,2024,8,157982.0,45011.0,113063.0,228888.0,141079.0,13189.0,58200.0,628125.0
GR0000000944,2020,2,156642.0,43550.0,57080.0,536700.0,327044.0,10392.0,53942.0,796251.0
GR0000000944,2021,2,165810.0,30231.0,56137.0,434791.0,290755.0,9482.0,39713.0,706873.0
GR0000000944,2022,2,187395.0,30642.0,48762.0,456147.0,233476.0,10546.0,41189.0,777546.0
GR0000000944,2023,2,145039.0,24572.0,62325.0,320755.0,192775.0,7713.0,32285.0,537607.0
GR0000000944,2024,2,151006.0,43073.0,54567.0,438714.0,232214.0,10823.0,53896.0,735579.0
GR0000000945,2020,4,345899.0,123486.0,104427.0,827527.0,484826.0,33298.0,156784.0,853639.0
GR0000000945,2021,4,624729.0,161085.0,110763.0,1453851.0,647346.0,48454.0,209539.0,1336658.0
GR0000000945,2022,4,402157.0,125116.0,157913.0,943451.0,453828.0,44907.0,170023.0,885446.0
GR0000000945,2023,4,464853.0,165875.0,158358.0,1153515.0,572449.0,45848.0,211723.0,1066247.0
GR0000000945,2024,4,515743.0,172723.0,120800.0,1425673.0,799329.0,55399.0,228122.0,1310659.0
GR0000000946,2020,1,35488.0,14313.0,28716.0,498217.0,303057.0,5868.0,20182.0,212650.0
GR0000000946,2021,1,20233.0,6584.0,28606.0,218734.0,163200.0,2354.0,8938.0,122746.0
GR0000000946,2022,1,53344.0,20419.0,31171.0,310886.0,189834.0,7891.0,28310.0,214115.0
GR0000000946,2023,1,40815.0,14697.0,26206.0,312953.0,185529.0,6181.0,20878.0,163490.0
GR0000000946,2024,1,26917.0,8876.0,32410.0,231803.0,171364.0,2517.0,11393.0,142492.0
GR0000000947,2020,9,267079.0,38707.0,153912.0,439246.0,243504.0,14932.0,53639.0,1101654.0
GR0000000947,2021,9,138431.0,32657.0,115134.0,241478.0,164397.0,9571.0,42228.0,575668.0
GR0000000947,2022,9,150760.0,42203.0,128201.0,402037.0,266686.0,13461.0,55664.0,641004.0
GR0000000947,2023,8,244964.0,43001.0,145441.0,348647.0,225928.0,15739.0,58740.0,819707.0
GR0000000947,2024,9,210167.0,35276.0,175247.0,561433.0,318262.0,13520.0,48795.0,876237.0
GR0000000948,2020,5,375370.0,53374.0,102542.0,341186.0,216497.0,11590.0,64964.0,909310.0
GR0000000948,2021,3,253415.0,62215.0,78751.0,227258.0,145461.0,11440.0,73656.0,603829.0
GR0000000948,2022,3,163440.0,34430.0,61812.0,169504.0,111818.0,6178.0,40608.0,442594.0
GR0000000948,2023,2,237368.0,61088.0,53639.0,275285.0,153429.0,13574.0,74661.0,772190.0
GR0000000948,2024,3,182262.0,35165.0,87736.0,231212.0,163615.0,6463.0,41628.0,604368.0
GR0000000949,2020,3,55244.0,11136.0,50237.0,139952.0,86008.0,4764.0,15900.0,251184.0
GR0000000949,2021,3,83188.0,21627.0,63962.0,196103.0,122175.0,7504.0,29131.0,369879.0
GR0000000949,2022,3,54433.0,13723.0,53980.0,146342.0,100148.0,4053.0,17776.0,269901.0
GR0000000949,2023,3,41718.0,10612.0,33022.0,65360.0,36772.0,3277.0,13889.0,165109.0
GR0000000949,2024,3,55400.0,9391.0,50055.0,130966.0,92699.0,3177.0,12568.0,250277.0
GR0000000950,2020,1,39809.0,10677.0,22612.0,306890.0,205094.0,2094.0,12772.0,205378.0
GR0000000950,2021,1,10253.0,2097.0,23317.0,86404.0,53363.0,621.0,2718.0,58291.0
GR0000000950,2022,1,22234.0,6413.0,21229.0,71188.0,46588.0,1693.0,8106.0,72901.0
GR0000000950,2023,1,17370.0,4721.0,17890.0,110379.0,86834.0,1322.0,6043.0,91733.0
GR0000000950,2024,1,25895.0,6564.0,21078.0,125564.0,85237.0,1854.0,8418.0,122366.0
GR0000000951,2020,25,394467.0,111349.0,481837.0,1640297.0,1082723.0,43201.0,154550.0,2023190.0
GR0000000951,2021,24,374226.0,109595.0,547438.0,2326604.0,1561143.0,45333.0,154929.0,2287415.0
GR0000000951,2022,24,397324.0,97865.0,393124.0,2262668.0,1765773.0,36285.0,134150.0,1819700.0
GR0000000951,2023,24,466986.0,118445.0,422888.0,2448428.0,1471103.0,38992.0,157437.0,2671236.0
GR0000000951,2024,25,734794.0,211169.0,424275.0,2473296.0,1922562.0,86993.0,298162.0,2967028.0
GR0000000952,2020,110,22091825.0,9441643.0,4463863.0,36844910.0,19636811.0,2958657.0,12400300.0,43914157.0
GR0000000952,2021,113,23943152.0,8223881.0,3753981.0,29569117.0,14061748.0,2344953.0,10568834.0,40203507.0
GR0000000952,2022,108,27605792.0,8697847.0,3614516.0,44228797.0,16404266.0,2850728.0,11548575.0,49813385.0
GR0000000952,2023,106,17137463.0,6936666.0,4462577.0,23954551.0,10328345.0,1996124.0,8932790.0,27976680.0
GR0000000952,2024,114,16243600.0,6996038.0,4416786.0,29066484.0,15784231.0,2459626.0,9455663.0,25937378.0
GR0000000953,2020,4,180471.0,40868.0,100513.0,232740.0,132142.0,14165.0,55033.0,598626.0
GR0000000953,2021,4,111274.0,29120.0,62077.0,180168.0,110867.0,10640.0,39760.0,344870.0
GR0000000953,2022,4,253289.0,58672.0,81279.0,340511.0,202682.0,15984.0,74656.0,832960.0
GR0000000953,2023,4,230793.0,42788.0,89969.0,329398.0,194401.0,11251.0,54040.0,669842.0
GR0000000953,2024,4,129968.0,24235.0,80173.0,210188.0,144648.0,6206.0,30441.0,445407.0
GR0000000954,2024,764,112431046.0,41495151.0,42851552.0,386784963.0,184154093.0,11089912.0,52585064.0,313230355.0
GR0000000955,2020,2,16565.0,4508.0,16065.0,53960.0,31960.0,1855.0,6363.0,80326.0
GR0000000955,2021,2,28183.0,5001.0,20551.0,43964.0,30962.0,1856.0,6857.0,102753.0
GR0000000955,2022,1,18990.0,3905.0,18363.0,45355.0,26837.0,1615.0,5520.0,91816.0
GR0000000955,2023,1,26101.0,4130.0,19401.0,61023.0,36376.0,1713.0,5843.0,108821.0
GR0000000955,2024,1,10755.0,2861.0,10175.0,28018.0,19563.0,855.0,3716.0,50875.0
GR0000000956,2020,5,179063.0,36494.0,73376.0,725979.0,501798.0,12079.0,48573.0,493410.0
GR0000000956,2021,5,204858.0,30854.0,80906.0,1281326.0,973683.0,11327.0,42182.0,529520.0
GR0000000956,2022,5,163030.0,28195.0,78143.0,910648.0,573591.0,8067.0,36261.0,536007.0
GR0000000956,2023,5,228716.0,37274.0,92306.0,1265230.0,959075.0,12151.0,49425.0,629241.0
GR0000000956,2024,4,115468.0,26232.0,77650.0,385723.0,279139.0,8638.0,34870.0,309033.0
GR0000000957,2024,20,188821.0,28655.0,177032.0,610811.0,426300.0,9312.0,37968.0,885159.0
GR0000000958,2020,19,3062418.0,1299603.0,741047.0,25342455.0,21765884.0,498021.0,1797624.0,5302109.0
GR0000000958,2021,19,5529992.0,2431796.0,818711.0,55812570.0,42420685.0,821062.0,3252857.0,9852475.0
GR0000000958,2022,19,5281894.0,2501738.0,900792.0,36377896.0,29672921.0,762026.0,3263764.0,12827863.0
GR0000000958,2023,19,4008483.0,2029123.0,838907.0,32640333.0,28646126.0,737662.0,2766785.0,7080781.0
GR0000000958,2024,19,2368067.0,1182454.0,906862.0,17232895.0,14039826.0,297660.0,1480114.0,5070073.0
GR0000000959,2020,8,290381.0,78291.0,223379.0,1106513.0,632534.0,24806.0,103097.0,817940.0
GR0000000959,2021,7,242519.0,87264.0,179464.0,749911.0,400782.0,32254.0,119519.0,656637.0
GR0000000959,2022,7,137806.0,46364.0,176842.0,531297.0,336923.0,15122.0,61486.0,415914.0
GR0000000959,2023,7,303227.0,98830.0,176720.0,1068980.0,604243.0,32826.0,131656.0,926749.0
GR0000000959,2024,7,400523.0,139505.0,201939.0,1546338.0,968459.0,46749.0,186254.0,1076325.0
GR0000000960,2023,32,320172.0,53438.0,396826.0,843337.0,564495.0,21158.0,74597.0,1322755.0
GR0000000960,2024,34,581782.0,174957.0,620000.0,2522946.0,1677774.0,54612.0,229569.0,3797724.0
GR0000000961,2020,195,5897744.0,1580915.0,3571659.0,9672964.0,4865073.0,489676.0,2070591.0,19842551.0
GR0000000961,2021,190,5912252.0,1617962.0,3051769.0,7957779.0,4237846.0,566863.0,2184825.0,16954273.0
GR0000000961,2022,186,8688952.0,2536656.0,3758248.0,9286193.0,5634027.0,875487.0,3412143.0,27910406.0
GR0000000961,2023,188,8581401.0,1286691.0,4420457.0,10875763.0,6692782.0,476691.0,1763382.0,24558092.0
GR0000000961,2024,221,6509806.0,1398950.0,4278372.0,8989669.0,5039236.0,483168.0,1882118.0,23768731.0
GR0000000962,2020,4,201063.0,51976.0,107806.0,866928.0,495567.0,17813.0,69789.0,912125.0
GR0000000962,2021,4,192746.0,58011.0,93499.0,782153.0,432297.0,16810.0,74820.0,852603.0
GR0000000962,2022,4,96322.0,32240.0,98743.0,464207.0,297351.0,11665.0,43905.0,459652.0
GR0000000962,2023,4,243123.0,59654.0,114984.0,942760.0,580562.0,16166.0,75819.0,923984.0
GR0000000962,2024,4,278318.0,75192.0,86586.0,779955.0,518595.0,20147.0,95339.0,944160.0
GR0000000963,2020,1,81399.0,32145.0,36200.0,760672.0,547674.0,9998.0,42143.0,179210.0
GR0000000963,2021,1,79682.0,34374.0,31264.0,1295319.0,1011212.0,10816.0,45190.0,173297.0
GR0000000963,2022,1,97960.0,41765.0,37435.0,1018183.0,860649.0,15321.0,57086.0,270026.0
GR0000000963,2023,1,55561.0,26729.0,30040.0,1171647.0,868432.0,10339.0,37068.0,133875.0
GR0000000963,2024,1,148234.0,68151.0,38214.0,1749083.0,1340210.0,21227.0,89378.0,385987.0
GR0000000964,2020,27,726250.0,131567.0,490041.0,1261213.0,808385.0,39137.0,170703.0,2722450.0
GR0000000964,2021,30,1648102.0,491680.0,588695.0,3027037.0,1998157.0,145912.0,637593.0,6578490.0
GR0000000964,2022,35,1444525.0,245540.0,832337.0,2077022.0,1158694.0,95255.0,340795.0,4905343.0
GR0000000964,2023,37,1934788.0,429382.0,856415.0,3444750.0,2182757.0,160559.0,589941.0,7660256.0
GR0000000964,2024,38,1308842.0,285209.0,860707.0,1848883.0,1135640.0,104422.0,389631.0,4781707.0
GR0000000965,2020,14,326814.0,51397.0,270473.0,1854840.0,1426286.0,15507.0,66903.0,1263414.0
GR0000000965,2021,16,507456.0,96162.0,310939.0,2751396.0,2187679.0,31046.0,127208.0,1424572.0
GR0000000965,2022,18,427322.0,65150.0,357649.0,1456746.0,891622.0,26075.0,91225.0,1158874.0
GR0000000965,2023,20,553743.0,128999.0,359412.0,2889742.0,2283941.0,41071.0,170070.0,1695828.0
GR0000000965,2024,18,453112.0,86760.0,279096.0,2806420.0,2244906.0,31237.0,117996.0,1504486.0
GR0000000966,2021,8,174044.0,38295.0,149001.0,615744.0,334652.0,13068.0,51364.0,774733.0
GR0000000966,2022,8,204877.0,47097.0,170156.0,691908.0,350181.0,12845.0,59941.0,773435.0
GR0000000966,2023,9,202846.0,46567.0,166215.0,520075.0,317113.0,13314.0,59881.0,755524.0
GR0000000966,2024,9,195556.0,46243.0,206029.0,758600.0,489394.0,13852.0,60095.0,953634.0
GR0000000967,2020,37,770944.0,178803.0,536934.0,1314933.0,930517.0,73340.0,252142.0,2684669.0
GR0000000967,2021,43,457933.0,122585.0,429375.0,1453097.0,1039983.0,51398.0,173983.0,2146876.0
GR0000000967,2022,43,1013615.0,226438.0,667402.0,1667239.0,1035955.0,83322.0,309759.0,3517230.0
GR0000000967,2023,46,783934.0,161536.0,693482.0,1651302.0,1131278.0,68854.0,230390.0,3914876.0
GR0000000967,2024,46,1179910.0,194827.0,867025.0,1857775.0,1230787.0,66808.0,261634.0,4335125.0
GR0000000968,2023,18,970139.0,397842.0,709857.0,5249398.0,2945259.0,148847.0,546689.0,3751068.0
GR0000000968,2024,19,1018310.0,312604.0,687945.0,7231373.0,4539322.0,108198.0,420802.0,3822128.0
GR0000000969,2020,42,2405789.0,893635.0,1206462.0,5901855.0,3787863.0,275970.0,1169605.0,9782307.0
GR0000000969,2021,48,3320986.0,1203461.0,1392540.0,11140485.0,7224166.0,368818.0,1572279.0,11258486.0
GR0000000969,2022,50,3224631.0,1238987.0,1250482.0,11275734.0,6294083.0,330212.0,1569199.0,15004828.0
GR0000000969,2023,45,2257886.0,645288.0,993113.0,6323387.0,3370920.0,198668.0,843956.0,9504565.0
GR0000000969,2024,41,2362895.0,716229.0,916039.0,8508910.0,4604577.0,222432.0,938661.0,8584972.0
GR0000000970,2020,3,363025.0,152208.0,134364.0,3885243.0,3406416.0,47926.0,200134.0,887517.0
GR0000000970,2021,3,295452.0,123721.0,116099.0,2859989.0,2487381.0,36732.0,160452.0,722131.0
GR0000000970,2022,3,298436.0,152430.0,111662.0,2990349.0,2526283.0,39264.0,191693.0,707467.0
GR0000000970,2023,3,828419.0,461705.0,124292.0,4959362.0,3963958.0,116399.0,578104.0,1574910.0
GR0000000970,2024,3,537516.0,281887.0,108913.0,4310231.0,3747544.0,78813.0,360700.0,1152101.0
GR0000000971,2020,49,1750672.0,596332.0,1126826.0,5506343.0,3098801.0,221361.0,817693.0,4583657.0
GR0000000971,2021,49,3056713.0,739306.0,1344875.0,11669368.0,6587059.0,258732.0,998037.0,8738379.0
GR0000000971,2022,49,2715971.0,1039031.0,1031464.0,6717885.0,3972814.0,316191.0,1355222.0,6704114.0
GR0000000971,2023,49,4002044.0,1366389.0,1053249.0,11537658.0,7382267.0,490632.0,1857021.0,9447024.0
GR0000000971,2024,45,3210834.0,1008834.0,1289391.0,11973360.0,5632190.0,379879.0,1388713.0,9171136.0
GR0000000972,2024,2,25156.0,5341.0,35115.0,118415.0,66424.0,1613.0,6954.0,140459.0
GR0000000973,2023,1,6354.0,2133.0,15244.0,33907.0,24750.0,665.0,2798.0,38110.0
GR0000000973,2024,1,8427.0,2580.0,18702.0,56731.0,44591.0,913.0,3493.0,46755.0
GR0000000974,2020,3,26590.0,7563.0,20800.0,42282.0,26250.0,2458.0,10020.0,104002.0
GR0000000974,2021,2,17302.0,2983.0,16247.0,50019.0,35195.0,1200.0,4183.0,81235.0
GR0000000974,2022,2,41553.0,10858.0,32008.0,71293.0,46992.0,4051.0,14910.0,160040.0
GR0000000974,2023,2,34630.0,8155.0,25150.0,70904.0,39067.0,2318.0,10473.0,125749.0
GR0000000974,2024,2,51316.0,10163.0,35451.0,76406.0,54540.0,4125.0,14287.0,177566.0
GR0000000975,2020,7,151515.0,38696.0,122740.0,268208.0,162738.0,15904.0,54600.0,613702.0
GR0000000975,2021,7,82804.0,15556.0,75019.0,229847.0,149164.0,5836.0,21392.0,375094.0
GR0000000975,2022,6,111103.0,27648.0,108989.0,264030.0,197468.0,10635.0,38283.0,544943.0
GR0000000975,2023,5,106348.0,23832.0,77651.0,171486.0,98149.0,8659.0,32491.0,388254.0
GR0000000975,2024,5,83681.0,16162.0,71495.0,226577.0,163112.0,4835.0,20997.0,357476.0
GR0000000976,2020,20,332709.0,78564.0,366959.0,1867728.0,1192674.0,29861.0,108425.0,1467836.0
GR0000000976,2021,23,442852.0,84736.0,395099.0,2094704.0,1192499.0,30213.0,114950.0,1876723.0
GR0000000976,2022,21,390922.0,95059.0,325858.0,1843807.0,1046021.0,29299.0,124358.0,1822109.0
GR0000000976,2023,23,132098.0,20152.0,211425.0,748137.0,487237.0,6802.0,26954.0,845700.0
GR0000000976,2024,22,196931.0,36577.0,268345.0,1027548.0,595903.0,13138.0,49715.0,1073382.0
GR0000000977,2020,7,192531.0,36648.0,122513.0,277625.0,179691.0,13551.0,50199.0,684329.0
GR0000000977,2021,8,181231.0,38239.0,133161.0,475711.0,282680.0,12539.0,50778.0,665804.0
GR0000000977,2022,7,147030.0,27198.0,106307.0,244002.0,149130.0,9729.0,36927.0,531537.0
GR0000000977,2023,7,135581.0,29719.0,117632.0,452930.0,291020.0,11228.0,40948.0,668990.0
GR0000000977,2024,8,120478.0,23999.0,119494.0,346364.0,205583.0,8965.0,32963.0,597471.0
GR0000000978,2020,26,890537.0,253006.0,548438.0,1284377.0,768570.0,81918.0,334923.0,3046876.0
GR0000000978,2021,26,1262801.0,189534.0,714863.0,2325847.0,1224707.0,73621.0,263155.0,4870985.0
GR0000000978,2022,29,1579840.0,423994.0,761517.0,1729784.0,1029916.0,123970.0,547964.0,4831133.0
GR0000000978,2023,31,921644.0,148898.0,501701.0,1106077.0,750907.0,57277.0,206175.0,2787225.0
GR0000000978,2024,28,1185514.0,218968.0,619099.0,2412682.0,1510744.0,63476.0,282445.0,4391866.0
GR0000000979,2020,3,38404.0,6369.0,43724.0,158794.0,110618.0,2104.0,8473.0,174896.0
GR0000000979,2021,2,23951.0,6367.0,25754.0,114829.0,62120.0,2234.0,8600.0,103015.0
GR0000000979,2022,2,10622.0,2804.0,16068.0,76467.0,46309.0,1152.0,3956.0,64273.0
GR0000000979,2023,1,17512.0,4898.0,19833.0,97990.0,59881.0,1910.0,6808.0,98285.0
GR0000000979,2024,1,6366.0,1698.0,9344.0,42119.0,24264.0,711.0,2409.0,37376.0
GR0000000980,2020,54,25077557.0,9508891.0,2686200.0,142871885.0,127635931.0,2270642.0,11779533.0,42162614.0
GR0000000980,2021,56,24918478.0,11177455.0,3419629.0,223279442.0,191287667.0,3057785.0,14235240.0,46206986.0
GR0000000980,2022,47,11401594.0,5561369.0,3242217.0,68247542.0,57360236.0,1343393.0,6904761.0,21968946.0
GR0000000980,2023,46,13043683.0,4735673.0,2856230.0,106163413.0,90444421.0,1457821.0,6193495.0,22087309.0
GR0000000980,2024,46,16571447.0,6317814.0,3084771.0,103668826.0,82507639.0,1457778.0,7775592.0,26884009.0
GR0000000981,2020,38,1368144.0,350617.0,1014443.0,3852988.0,1817874.0,91374.0,441991.0,4859474.0
GR0000000981,2021,42,2886767.0,1112831.0,1130365.0,8636361.0,4435426.0,299730.0,1412560.0,11985887.0
GR0000000981,2022,41,1409381.0,520377.0,1115506.0,5278076.0,3392571.0,134322.0,654699.0,6116092.0
GR0000000981,2023,47,2733899.0,723797.0,1264316.0,6769176.0,3176151.0,232834.0,956631.0,9390704.0
GR0000000981,2024,50,2348399.0,588466.0,1427250.0,8774230.0,4361873.0,207497.0,795963.0,11022455.0
GR0000000982,2020,1,10028.0,2865.0,17873.0,80892.0,62172.0,1080.0,3945.0,57987.0
GR0000000982,2021,1,11869.0,4256.0,20397.0,69375.0,51838.0,1410.0,5666.0,53317.0
GR0000000982,2022,1,10050.0,2261.0,18256.0,60839.0,44158.0,832.0,3093.0,62294.0
GR0000000982,2023,1,19327.0,5524.0,17133.0,111195.0,73595.0,1637.0,7161.0,100441.0
GR0000000982,2024,1,17023.0,5916.0,21726.0,140229.0,90475.0,1958.0,7874.0,98967.0
GR0000000983,2020,2,34210.0,9434.0,34260.0,149620.0,81114.0,3502.0,12935.0,137041.0
GR0000000983,2021,1,14268.0,3490.0,16507.0,77234.0,49689.0,1351.0,4841.0,89108.0
GR0000000983,2022,1,12315.0,2455.0,18575.0,71177.0,40618.0,756.0,3211.0,74476.0
GR0000000983,2023,1,9692.0,2845.0,15527.0,50900.0,30359.0,899.0,3743.0,62109.0
GR0000000983,2024,1,8185.0,1769.0,9305.0,42717.0,28501.0,611.0,2379.0,37219.0
GR0000000984,2020,5,84201.0,14328.0,87106.0,273542.0,185475.0,4391.0,18719.0,348423.0
GR0000000984,2021,5,105093.0,18072.0,95894.0,473932.0,267879.0,7106.0,25178.0,538037.0
GR0000000984,2022,5,80243.0,15939.0,95745.0,461698.0,243881.0,5124.0,21064.0,449916.0
GR0000000984,2023,5,89074.0,25104.0,75249.0,568064.0,319765.0,9971.0,35076.0,571258.0
GR0000000984,2024,5,73372.0,20407.0,84949.0,345108.0,179324.0,8553.0,28959.0,339798.0
GR0000000985,2021,19,517511.0,102846.0,479774.0,1506485.0,778140.0,38188.0,141034.0,2156378.0
GR0000000985,2022,20,428125.0,124485.0,630781.0,1345999.0,925833.0,45323.0,169808.0,2252790.0
GR0000000985,2023,20,1114665.0,234332.0,595987.0,2989874.0,1980461.0,73376.0,307708.0,4188997.0
GR0000000985,2024,20,548161.0,84632.0,484915.0,1386121.0,709584.0,25412.0,110044.0,2305480.0
GR0000000986,2020,142,27995102.0,12635633.0,8198714.0,32761890.0,12831485.0,3031032.0,15666665.0,40614205.0
GR0000000986,2021,148,48137640.0,20685750.0,8511731.0,47300703.0,15099047.0,5593389.0,26279139.0,68447280.0
GR0000000986,2022,146,36416333.0,12930579.0,7063575.0,38892185.0,15932602.0,4767642.0,17698220.0,50218923.0
GR0000000986,2023,151,47894996.0,19193757.0,7141640.0,44983694.0,14768448.0,4592596.0,23786353.0,67965291.0
GR0000000986,2024,138,54308361.0,17046765.0,7628979.0,56228600.0,18950518.0,5160296.0,22207061.0,78197513.0
GR0000000987,2020,2,55516.0,12851.0,39253.0,248006.0,155914.0,4907.0,17758.0,276325.0
GR0000000987,2021,1,36435.0,9311.0,24908.0,171916.0,124124.0,3590.0,12901.0,172366.0
GR0000000987,2022,1,24779.0,6385.0,21626.0,101668.0,66827.0,2099.0,8484.0,133473.0
GR0000000987,2023,1,15258.0,2396.0,19645.0,55971.0,41581.0,687.0,3083.0,65483.0
GR0000000987,2024,1,10246.0,1790.0,15056.0,40772.0,26032.0,618.0,2408.0,50186.0
GR0000000988,2020,5,928535.0,423221.0,179779.0,7912916.0,6188137.0,163244.0,586465.0,2015747.0
GR0000000988,2021,5,1196838.0,601084.0,229551.0,6789238.0,5371009.0,156411.0,757495.0,2217506.0
GR0000000988,2022,4,528609.0,204295.0,156456.0,5157953.0,4233734.0,65562.0,269858.0,1225147.0
GR0000000988,2023,4,533620.0,263861.0,197178.0,3823816.0,3304636.0,72215.0,336077.0,1238372.0
GR0000000988,2024,4,784916.0,359590.0,185794.0,3876109.0,3266036.0,116933.0,476523.0,1347096.0
GR0000000989,2020,13,854986.0,268568.0,366712.0,2209607.0,1277454.0,103487.0,372055.0,1976522.0
GR0000000989,2021,14,2138827.0,722087.0,368603.0,4100039.0,2020779.0,229856.0,951943.0,3817157.0
GR0000000989,2022,12,1874199.0,772295.0,382353.0,3421632.0,1854603.0,270513.0,1042808.0,3413051.0
GR0000000989,2023,12,1514044.0,514312.0,318421.0,3752399.0,1510671.0,196382.0,710695.0,3408452.0
GR0000000989,2024,11,885940.0,361166.0,383126.0,1847018.0,882249.0,129889.0,491055.0,1636917.0
GR0000000990,2020,96,4390869.0,1472295.0,3580227.0,14121222.0,9789753.0,371532.0,1843827.0,16616202.0
GR0000000990,2021,89,7706783.0,1826279.0,2518686.0,15021006.0,9713668.0,539884.0,2366163.0,24032108.0
GR0000000990,2022,106,7556461.0,2281980.0,3449535.0,22239884.0,13162965.0,876370.0,3158350.0,29086422.0
GR0000000990,2023,120,8459872.0,2700304.0,3609964.0,26312847.0,18199545.0,961052.0,3661356.0,29822381.0
GR0000000990,2024,120,8905989.0,3355349.0,3205998.0,20442412.0,12483803.0,1060079.0,4415429.0,33205050.0
GR0000000991,2020,10,1326746.0,374058.0,284332.0,2678844.0,1162507.0,118741.0,492799.0,3193383.0
GR0000000991,2021,10,1320586.0,501240.0,278412.0,3476467.0,2000140.0,135051.0,636291.0,2886719.0
GR0000000991,2022,10,894047.0,267767.0,313242.0,1600061.0,757674.0,102470.0,370237.0,1865553.0
GR0000000991,2023,9,1129526.0,388090.0,288489.0,1790025.0,833980.0,131850.0,519939.0,2296960.0
GR0000000991,2024,8,406422.0,114912.0,265095.0,902269.0,448290.0,38924.0,153836.0,1148777.0
GR0000000992,2020,10,732537.0,358823.0,374742.0,5402104.0,3803853.0,102653.0,461475.0,1475284.0
GR0000000992,2021,11,1088777.0,474818.0,371671.0,13700433.0,10430586.0,146394.0,621212.0,3094656.0
GR0000000992,2022,10,1157505.0,588558.0,333515.0,17880360.0,12854878.0,198162.0,786720.0,2368304.0
GR0000000992,2023,10,1727893.0,781253.0,312039.0,17570742.0,13854169.0,308600.0,1089853.0,3581227.0
GR0000000992,2024,9,1421751.0,679251.0,314685.0,21364621.0,16617299.0,217379.0,896630.0,3268380.0
GR0000000993,2020,8,239144.0,36039.0,166044.0,768383.0,518838.0,13291.0,49330.0,958681.0
GR0000000993,2021,8,63398.0,12822.0,119325.0,266078.0,157351.0,4594.0,17416.0,397751.0
GR0000000993,2022,8,148602.0,41775.0,193439.0,491719.0,272490.0,12427.0,54202.0,677302.0
GR0000000993,2023,9,147144.0,30519.0,193252.0,649589.0,422397.0,11419.0,41938.0,980527.0
GR0000000993,2024,8,132471.0,37068.0,168266.0,486633.0,353664.0,10945.0,48013.0,670666.0
GR0000000994,2020,189,6329378.0,1962426.0,4584559.0,18591646.0,11624664.0,474456.0,2436883.0,23953445.0
GR0000000994,2021,196,9594457.0,2334330.0,4263064.0,21064308.0,10444838.0,657555.0,2991885.0,33338630.0
GR0000000994,2022,174,8571802.0,2019386.0,4549489.0,25015001.0,12782616.0,517948.0,2537335.0,30137901.0
GR0000000994,2023,160,3105607.0,823294.0,3282026.0,12671363.0,5353179.0,273822.0,1097116.0,16057424.0
GR0000000994,2024,139,7320268.0,1160631.0,3508388.0,22968169.0,13277031.0,332685.0,1493316.0,25926559.0
GR0000000995,2020,1,122352.0,61482.0,36016.0,1567761.0,1105246.0,18759.0,80241.0,249251.0
GR0000000995,2021,1,110392.0,58493.0,31427.0,2429046.0,1928066.0,18760.0,77253.0,251434.0
GR0000000995,2022,1,92013.0,45361.0,36392.0,933857.0,718919.0,18449.0,63810.0,203421.0
GR0000000995,2023,1,60492.0,28980.0,33944.0,561296.0,408415.0,9014.0,37994.0,134718.0
GR0000000995,2024,1,123386.0,55558.0,34720.0,1026830.0,847219.0,21056.0,76615.0,273900.0
GR0000000996,2020,10,929288.0,296082.0,305644.0,2603385.0,1321353.0,93823.0,389905.0,2456123.0
GR0000000996,2021,9,764498.0,267878.0,274417.0,2388484.0,1381940.0,86362.0,354240.0,2080683.0
GR0000000996,2022,8,1201003.0,427355.0,241931.0,3048240.0,1761880.0,113397.0,540752.0,2502509.0
GR0000000996,2023,8,919477.0,240848.0,287829.0,2015550.0,964526.0,66908.0,307756.0,1986405.0
GR0000000996,2024,9,1572261.0,480152.0,292397.0,4159693.0,1977090.0,134674.0,614826.0,3645231.0
GR0000000997,2021,10,510094.0,181829.0,320998.0,1542920.0,885309.0,66963.0,248792.0,1235234.0
GR0000000997,2022,9,875178.0,299408.0,304890.0,2541829.0,1067471.0,105094.0,404503.0,1778967.0
GR0000000997,2023,10,506339.0,213908.0,258190.0,911179.0,479190.0,72043.0,285951.0,966796.0
GR0000000997,2024,10,427060.0,168286.0,301259.0,990098.0,547491.0,70874.0,239160.0,1035174.0
GR0000000998,2020,10,200250.0,79497.0,287760.0,2387166.0,1673460.0,33688.0,113185.0,1313093.0
GR0000000998,2021,11,162584.0,65515.0,223289.0,1767158.0,991560.0,21854.0,87370.0,893157.0
GR0000000998,2022,10,233099.0,83152.0,234422.0,1381560.0,892073.0,33430.0,116583.0,937688.0
GR0000000998,2023,11,459677.0,169990.0,310116.0,3914338.0,2391636.0,64652.0,234642.0,1865932.0
GR0000000998,2024,10,321154.0,118550.0,312457.0,3805025.0,2234703.0,38625.0,157174.0,1919972.0
GR0000000999,2020,818,66774749.0,11269794.0,19277621.0,74211310.0,40298565.0,2956995.0,14226789.0,205853040.0
GR0000000999,2021,936,43310450.0,11108327.0,19827419.0,53280538.0,31474020.0,3462879.0,14571206.0,132182793.0
GR0000000999,2022,945,58363804.0,13824925.0,27780069.0,80053344.0,47158944.0,5065919.0,18890845.0,202063546.0
GR0000000999,2023,1073,79467404.0,14206456.0,33523061.0,80042520.0,47821962.0,5149357.0,19355813.0,223487074.0
GR0000000999,2024,1202,52605230.0,12822925.0,26089813.0,67633821.0,36085813.0,4508605.0,17331530.0,173932085.0
GR0000001000,2020,99,10552774.0,2603758.0,2590078.0,22859146.0,10522450.0,757972.0,3361731.0,35140056.0
GR0000001000,2021,90,7233138.0,2525632.0,3195014.0,21970143.0,12280983.0,691201.0,3216833.0,24913048.0
GR0000001000,2022,81,7271526.0,1724515.0,2393834.0,14252863.0,6931639.0,516302.0,2240817.0,25520196.0
GR0000001000,2023,68,4014882.0,1284500.0,2435181.0,6812860.0,3751814.0,386079.0,1670579.0,13044413.0
GR0000001000,2024,69,6900519.0,1689028.0,2315373.0,16902959.0,9235346.0,554638.0,2243666.0,26002385.0
GR0000001001,2020,292,7837890.0,1959632.0,5569396.0,16136910.0,8602561.0,477506.0,2437138.0,27846982.0
GR0000001001,2021,331,10221848.0,2785740.0,7340285.0,21399687.0,12288629.0,720705.0,3506445.0,36701424.0
GR0000001001,2022,299,15765042.0,3856840.0,8971753.0,42295969.0,21920615.0,1324184.0,5181024.0,58694637.0
GR0000001001,2023,316,13612355.0,3290967.0,7353379.0,28077561.0,16240508.0,868253.0,4159219.0,47605748.0
GR0000001001,2024,361,18641556.0,3126974.0,8874643.0,52025086.0,24080968.0,879211.0,4006185.0,62512730.0
GR0000001002,2020,7,110977.0,27036.0,111427.0,574781.0,291557.0,7536.0,34571.0,493976.0
GR0000001002,2021,6,92309.0,18212.0,95504.0,326190.0,196037.0,5603.0,23815.0,382018.0
GR0000001002,2022,5,48949.0,9225.0,54703.0,193420.0,131346.0,2965.0,12189.0,218813.0
GR0000001002,2023,4,107130.0,19286.0,85275.0,434906.0,234750.0,5404.0,24690.0,530893.0
GR0000001002,2024,4,61491.0,15472.0,75908.0,266668.0,166290.0,5415.0,20887.0,303632.0
GR0000001003,2020,46,881819.0,315649.0,905087.0,5912844.0,3500981.0,108746.0,424395.0,3620346.0
GR0000001003,2021,49,2219052.0,801833.0,1608039.0,22059292.0,12247516.0,253890.0,1055722.0,11087545.0
GR0000001003,2022,49,1616486.0,535810.0,1358252.0,19062873.0,13090117.0,192890.0,728700.0,8798887.0
GR0000001003,2023,49,1567235.0,583501.0,1399346.0,18363441.0,12112731.0,234946.0,818447.0,9823409.0
GR0000001003,2024,49,1840867.0,712643.0,1566318.0,16231505.0,11493269.0,228123.0,940766.0,8605648.0
GR0000001004,2020,20,2622294.0,947482.0,678923.0,5966468.0,3087713.0,395357.0,1342839.0,5027144.0
GR0000001004,2021,20,2405306.0,1038883.0,566766.0,5685799.0,3036381.0,327139.0,1366023.0,5918122.0
GR0000001004,2022,20,1108064.0,344864.0,585301.0,1940683.0,1026887.0,109058.0,453922.0,1862288.0
GR0000001004,2023,20,1240157.0,437441.0,681180.0,2355928.0,1068549.0,144895.0,582336.0,2438578.0
GR0000001004,2024,19,1260728.0,549763.0,529613.0,2475827.0,1075009.0,189626.0,739389.0,2144330.0
GR0000001005,2020,7,78747.0,27861.0,114350.0,937464.0,574753.0,11244.0,39104.0,457398.0
GR0000001005,2021,8,113075.0,39006.0,177919.0,1486471.0,1051621.0,14197.0,53203.0,711676.0
GR0000001005,2022,7,180564.0,53713.0,180204.0,1936348.0,1117988.0,19990.0,73703.0,943482.0
GR0000001005,2023,7,261784.0,94891.0,183401.0,1984940.0,1109703.0,33418.0,128309.0,1218442.0
GR0000001005,2024,6,106406.0,42056.0,172635.0,1203944.0,800159.0,15182.0,57238.0,694010.0
GR0000001006,2024,2,19608.0,6940.0,37939.0,102081.0,67301.0,2156.0,9096.0,94846.0
GR0000001007,2021,2,62258.0,21498.0,53856.0,747352.0,453774.0,6192.0,27689.0,297193.0
GR0000001007,2022,2,63816.0,25120.0,58680.0,577382.0,352135.0,9275.0,34395.0,323691.0
GR0000001007,2023,2,44729.0,17698.0,65880.0,486884.0,336845.0,7316.0,25014.0,278465.0
GR0000001007,2024,1,28265.0,11825.0,32398.0,228508.0,150012.0,4747.0,16572.0,129591.0
GR0000001008,2021,6,140995.0,33092.0,95962.0,222423.0,131390.0,9372.0,42464.0,479811.0
GR0000001008,2022,5,98612.0,18366.0,71092.0,226199.0,132326.0,5649.0,24015.0,355462.0
GR0000001008,2023,5,81016.0,12405.0,61592.0,129994.0,83262.0,4310.0,16716.0,307960.0
GR0000001008,2024,5,125357.0,25982.0,92105.0,234809.0,130707.0,9525.0,35507.0,460526.0
GR0000001009,2020,23,1860039.0,700976.0,616726.0,4876799.0,2502753.0,203101.0,904077.0,6845700.0
GR0000001009,2021,23,711505.0,231692.0,516144.0,2195398.0,1114389.0,89814.0,321506.0,3297545.0
GR0000001009,2022,25,739566.0,178932.0,567614.0,2164849.0,1145757.0,54362.0,233294.0,2830746.0
GR0000001009,2023,25,1036831.0,361853.0,709507.0,3261429.0,1664709.0,121079.0,482932.0,3583749.0
GR0000001009,2024,25,659614.0,213940.0,586557.0,2761726.0,1591011.0,78728.0,292669.0,2986030.0
GR0000001010,2020,1,117942.0,47025.0,32990.0,763065.0,587619.0,14344.0,61369.0,238606.0
GR0000001010,2021,1,136990.0,56945.0,32357.0,1406670.0,988807.0,21411.0,78356.0,274325.0
GR0000001010,2022,1,149577.0,77595.0,33401.0,1415144.0,1178116.0,23567.0,101162.0,353842.0
GR0000001010,2023,1,132277.0,53170.0,30924.0,1399374.0,1129823.0,22147.0,75317.0,294873.0
GR0000001010,2024,1,119436.0,48035.0,31059.0,1531109.0,1080977.0,13764.0,61799.0,283803.0
GR0000001011,2020,17,337751.0,79325.0,361534.0,1701414.0,868404.0,29082.0,108407.0,1597367.0
GR0000001011,2021,16,359750.0,66488.0,252901.0,1499839.0,825359.0,21059.0,87547.0,1661804.0
GR0000001011,2022,13,293856.0,73419.0,205720.0,1133840.0,593456.0,26716.0,100135.0,1264574.0
GR0000001011,2023,10,228112.0,50204.0,204263.0,913773.0,625558.0,13785.0,63988.0,1138395.0
GR0000001011,2024,9,244100.0,55939.0,154100.0,1150531.0,711873.0,14693.0,70631.0,1044677.0
GR0000001012,2020,1354,88858912.0,22450942.0,32445537.0,140449726.0,69737282.0,7461384.0,29912327.0,296646473.0
GR0000001012,2021,1614,105024232.0,21062645.0,39740979.0,127068505.0,72777630.0,7197868.0,28260513.0,320356413.0
GR0000001012,2022,1782,147725958.0,29407051.0,44778039.0,158055149.0,96565871.0,9232074.0,38639125.0,480516854.0
GR0000001012,2023,1941,88684239.0,14462200.0,35437299.0,78398042.0,42768000.0,4260416.0,18722616.0,236248661.0
GR0000001012,2024,1786,146191441.0,32513881.0,46496895.0,196237547.0,107533359.0,10245284.0,42759166.0,477327384.0
GR0000001013,2020,433,127318541.0,57388071.0,22733974.0,148325120.0,61462310.0,12974037.0,70362107.0,171787703.0
GR0000001013,2021,512,141639501.0,53353625.0,30224305.0,141121165.0,49439635.0,18511601.0,71865226.0,198563753.0
GR0000001013,2022,605,167879089.0,71629658.0,31003739.0,143972594.0,44103113.0,18836362.0,90466019.0,231968348.0
GR0000001013,2023,652,144012090.0,60336733.0,32860887.0,166765739.0,66463214.0,18623268.0,78960001.0,214321960.0
GR0000001013,2024,618,206606572.0,68996762.0,34479028.0,260666768.0,101096547.0,17698154.0,86694915.0,339816449.0
GR0000001014,2020,56,1934111.0,499303.0,1708928.0,6512972.0,3532733.0,161836.0,661139.0,8544638.0
GR0000001014,2021,52,1678710.0,393366.0,1136816.0,3601998.0,2251487.0,110630.0,503995.0,5684078.0
GR0000001014,2022,44,1998619.0,492090.0,1100260.0,3356688.0,1526795.0,135721.0,627811.0,6517709.0
GR0000001014,2023,45,1804507.0,320505.0,1172097.0,4866212.0,2519992.0,81062.0,401567.0,5875389.0
GR0000001014,2024,47,2392195.0,646722.0,1096474.0,6336358.0,2730412.0,224203.0,870925.0,8574326.0
GR0000001015,2020,3,260139.0,99542.0,96182.0,490856.0,269797.0,30825.0,130368.0,444036.0
GR0000001015,2021,3,255803.0,94283.0,86474.0,774368.0,464284.0,39041.0,133324.0,619195.0
GR0000001015,2022,2,269602.0,107696.0,59644.0,608948.0,315140.0,39684.0,147381.0,520232.0
GR0000001015,2023,2,125636.0,39457.0,50181.0,237129.0,98663.0,15107.0,54565.0,258523.0
GR0000001015,2024,2,194378.0,66663.0,52413.0,459566.0,235154.0,22424.0,89087.0,403247.0
GR0000001016,2020,3,368853.0,154177.0,84806.0,628043.0,286654.0,56536.0,210713.0,679029.0
GR0000001016,2021,3,257255.0,99291.0,103855.0,436667.0,194561.0,39417.0,138708.0,430066.0
GR0000001016,2022,3,312966.0,117305.0,78378.0,1004892.0,410029.0,34321.0,151626.0,700468.0
GR0000001016,2023,3,270873.0,83685.0,89297.0,524479.0,285827.0,29014.0,112699.0,485343.0
GR0000001016,2024,3,216276.0,84315.0,104089.0,523898.0,219535.0,30609.0,114923.0,407329.0
GR0000001017,2020,6,219850.0,55591.0,158325.0,719666.0,358566.0,21096.0,76686.0,793807.0
GR0000001017,2021,5,276638.0,62787.0,141895.0,849296.0,516209.0,20900.0,83687.0,1175294.0
GR0000001017,2022,4,267081.0,67188.0,115775.0,777265.0,448434.0,23247.0,90436.0,905289.0
GR0000001017,2023,4,126072.0,41800.0,107585.0,468033.0,256266.0,13794.0,55594.0,460990.0
GR0000001017,2024,4,310734.0,92576.0,90995.0,1214131.0,657786.0,23491.0,116067.0,1229102.0
GR0000001018,2020,3,116915.0,20208.0,69918.0,528678.0,365773.0,7728.0,27936.0,590770.0
GR0000001018,2021,3,75083.0,23126.0,77648.0,249671.0,135663.0,6291.0,29417.0,309007.0
GR0000001018,2022,3,170396.0,48262.0,92507.0,549062.0,308238.0,12566.0,60828.0,650693.0
GR0000001018,2023,3,79848.0,20909.0,73564.0,311367.0,209182.0,7039.0,27948.0,436934.0
GR0000001018,2024,3,155339.0,23718.0,76718.0,424046.0,295052.0,8325.0,32043.0,615290.0
GR0000001019,2020,65,2936359.0,770063.0,1259075.0,3010267.0,1438044.0,224681.0,994744.0,8393831.0
GR0000001019,2021,61,4165405.0,1146834.0,1464849.0,5028547.0,2571504.0,266042.0,1412877.0,13915101.0
GR0000001019,2022,69,3069948.0,547943.0,1230677.0,3576126.0,2069989.0,164327.0,712270.0,8204512.0
GR0000001019,2023,65,3404884.0,818799.0,1348757.0,3938127.0,2414377.0,189997.0,1008796.0,8991714.0
GR0000001019,2024,73,4941082.0,1022603.0,2493647.0,5752318.0,3371920.0,286294.0,1308897.0,16624312.0
GR0000001020,2020,6,143441.0,36713.0,107665.0,323121.0,211290.0,11666.0,48379.0,569230.0
GR0000001020,2021,6,52540.0,8881.0,45247.0,138947.0,78975.0,2625.0,11507.0,226236.0
GR0000001020,2022,6,125763.0,26761.0,88753.0,196518.0,139975.0,11256.0,38017.0,443767.0
GR0000001020,2023,6,151956.0,40042.0,104610.0,264217.0,168336.0,12813.0,52854.0,523048.0
GR0000001020,2024,6,65786.0,11781.0,62766.0,192428.0,139337.0,3741.0,15522.0,313829.0
GR0000001021,2020,9,270351.0,101126.0,306651.0,2652766.0,1628177.0,32596.0,133722.0,1791825.0
GR0000001021,2021,10,296531.0,92302.0,322234.0,4231456.0,3042635.0,35020.0,127322.0,1587799.0
GR0000001021,2022,10,441649.0,133653.0,326979.0,3856003.0,2859357.0,48576.0,182229.0,2413807.0
GR0000001021,2023,9,370502.0,137520.0,283058.0,2475589.0,1726400.0,42040.0,179560.0,1564028.0
GR0000001021,2024,8,167410.0,52562.0,235079.0,1882651.0,1162870.0,15997.0,68559.0,1108535.0
GR0000001022,2021,12,88613.0,24225.0,129600.0,427147.0,231364.0,10121.0,34346.0,518402.0
GR0000001022,2022,13,186028.0,48296.0,220916.0,794935.0,433410.0,15545.0,63841.0,883666.0
GR0000001022,2023,11,122343.0,28737.0,185000.0,707734.0,476062.0,8645.0,37382.0,739999.0
GR0000001022,2024,12,182841.0,37989.0,186148.0,742829.0,382364.0,16244.0,54233.0,744593.0
GR0000001023,2020,34,734840.0,257977.0,733380.0,2704281.0,1455394.0,81252.0,339229.0,3299916.0
GR0000001023,2021,39,951008.0,216561.0,744905.0,5053644.0,3065776.0,75938.0,292499.0,5424503.0
GR0000001023,2022,45,984503.0,366332.0,902091.0,4580131.0,2737161.0,106378.0,472710.0,5115902.0
GR0000001023,2023,46,601158.0,132054.0,766447.0,3332408.0,1976649.0,52114.0,184168.0,2554823.0
GR0000001023,2024,49,710774.0,232930.0,1023457.0,3111849.0,2009937.0,74729.0,307659.0,3411524.0
GR0000001024,2020,15,137362.0,36353.0,159977.0,524522.0,336094.0,10810.0,47164.0,639908.0
GR0000001024,2021,15,167559.0,37665.0,188610.0,822446.0,513072.0,13973.0,51638.0,754439.0
GR0000001024,2022,13,124062.0,21047.0,125996.0,525759.0,356425.0,6305.0,27352.0,503984.0
GR0000001024,2023,14,170566.0,35880.0,250311.0,814481.0,501418.0,10971.0,46851.0,1001244.0
GR0000001024,2024,15,107937.0,17391.0,130394.0,458554.0,261545.0,7375.0,24767.0,521577.0
GR0000001025,2024,14,329073.0,65581.0,323379.0,1096909.0,684824.0,17156.0,82737.0,1303576.0
GR0000001026,2020,9,627342.0,220277.0,230481.0,2407818.0,1109406.0,84721.0,304998.0,1555275.0
GR0000001026,2021,9,511283.0,179991.0,197653.0,1560349.0,794166.0,65624.0,245614.0,1513273.0
GR0000001026,2022,10,663567.0,220630.0,238683.0,2044430.0,1081992.0,75222.0,295853.0,1693327.0
GR0000001026,2023,10,590227.0,178521.0,244887.0,1570333.0,755454.0,58692.0,237213.0,1480923.0
GR0000001026,2024,9,608292.0,182246.0,261251.0,2779397.0,1767736.0,66663.0,248909.0,1926154.0
GR0000001027,2021,3,88401.0,38437.0,90585.0,289157.0,141275.0,13106.0,51543.0,217438.0
GR0000001027,2022,3,354053.0,134742.0,91183.0,938989.0,403192.0,53163.0,187905.0,616895.0
GR0000001027,2023,3,184324.0,79054.0,88536.0,563411.0,269708.0,25029.0,104083.0,442161.0
GR0000001027,2024,3,203365.0,86050.0,79566.0,443907.0,184912.0,26165.0,112215.0,477226.0
GR0000001028,2020,25,488345.0,106065.0,450054.0,1847236.0,979782.0,29214.0,135279.0,2045700.0
GR0000001028,2021,23,696965.0,131242.0,533475.0,2211484.0,1216887.0,34365.0,165607.0,2908637.0
GR0000001028,2022,26,555797.0,102832.0,579499.0,2370672.0,1187358.0,39146.0,141978.0,2811284.0
GR0000001028,2023,28,1114348.0,249359.0,624573.0,4174847.0,2699790.0,75543.0,324901.0,4860000.0
GR0000001028,2024,25,666253.0,125920.0,495129.0,3028169.0,1814352.0,38733.0,164653.0,3087534.0
GR0000001029,2020,9,210804.0,84055.0,240029.0,1835838.0,1139457.0,27990.0,112045.0,1039687.0
GR0000001029,2021,10,496490.0,164559.0,298858.0,4491111.0,3059169.0,58172.0,222731.0,2040216.0
GR0000001029,2022,10,190892.0,63530.0,249024.0,1517818.0,905575.0,26341.0,89870.0,996097.0
GR0000001029,2023,9,289927.0,99689.0,294322.0,2207054.0,1430826.0,35164.0,134854.0,1513814.0
GR0000001029,2024,10,366925.0,158457.0,334773.0,2846116.0,1783344.0,56158.0,214615.0,1869488.0
GR0000001030,2020,17,352963.0,81155.0,340888.0,2723387.0,1676902.0,25087.0,106242.0,2208792.0
GR0000001030,2021,20,413113.0,106379.0,344074.0,2263896.0,1496274.0,33199.0,139578.0,2366722.0
GR0000001030,2022,20,321581.0,111487.0,403773.0,2414563.0,1608797.0,46202.0,157689.0,1920762.0
GR0000001030,2023,20,239623.0,66316.0,320706.0,1036789.0,778445.0,20265.0,86581.0,1274191.0
GR0000001030,2024,19,231674.0,78054.0,344818.0,1411547.0,941104.0,26740.0,104793.0,1320125.0
GR0000001031,2020,33,1018047.0,318531.0,1017752.0,11317143.0,6611655.0,127687.0,446218.0,6037620.0
GR0000001031,2021,35,1090065.0,385758.0,1076434.0,9369866.0,6127077.0,119978.0,505736.0,4908876.0
GR0000001031,2022,36,886429.0,292885.0,944104.0,8979520.0,5796839.0,89168.0,382054.0,3776415.0
GR0000001031,2023,34,1118359.0,496023.0,1155914.0,7597482.0,5545959.0,145234.0,641257.0,5581862.0
GR0000001031,2024,30,845779.0,282595.0,873951.0,8689422.0,6184676.0,117769.0,400364.0,4757395.0
GR0000001032,2020,235,11524232.0,1877065.0,6306327.0,45088364.0,28650055.0,484427.0,2361492.0,54791784.0
GR0000001032,2021,223,10035545.0,1869394.0,5672794.0,40534409.0,24876282.0,702353.0,2571747.0,52839027.0
GR0000001032,2022,249,13747163.0,2568024.0,6619793.0,43715566.0,22974145.0,642630.0,3210653.0,53163361.0
GR0000001032,2023,249,10988473.0,2848961.0,6357080.0,30813247.0,19245356.0,929800.0,3778761.0,59074088.0
GR0000001032,2024,233,7570472.0,1124199.0,6393746.0,29924430.0,20008589.0,427488.0,1551688.0,34930834.0
GR0000001033,2020,30,708362.0,194463.0,567113.0,2153391.0,973036.0,57930.0,252393.0,3214182.0
GR0000001033,2021,32,1215177.0,337204.0,631211.0,3733508.0,1746590.0,81985.0,419188.0,4489953.0
GR0000001033,2022,27,433818.0,114768.0,445243.0,1811286.0,1112043.0,33314.0,148082.0,2023831.0
GR0000001033,2023,26,776891.0,184077.0,638307.0,1937559.0,1235551.0,63686.0,247763.0,2970324.0
GR0000001033,2024,20,607577.0,106147.0,400887.0,1581828.0,817344.0,29447.0,135594.0,2201878.0
GR0000001034,2020,2,18464.0,3452.0,34659.0,79404.0,56589.0,1113.0,4565.0,115530.0
GR0000001034,2021,2,18312.0,4612.0,27310.0,66348.0,46170.0,1444.0,6055.0,91033.0
GR0000001034,2022,2,28352.0,5623.0,46384.0,142427.0,98715.0,2103.0,7726.0,159976.0
GR0000001034,2023,2,35636.0,10079.0,47085.0,149431.0,111786.0,3849.0,13928.0,191785.0
GR0000001034,2024,2,52424.0,15988.0,37007.0,205322.0,150602.0,4665.0,20653.0,276656.0
GR0000001035,2023,14,560027.0,141288.0,234654.0,1991457.0,1230638.0,28872.0,170160.0,1425598.0
GR0000001035,2024,11,330241.0,61520.0,238816.0,1131523.0,887428.0,9515.0,71035.0,789482.0
GR0000001036,2020,5,1553395.0,546203.0,218260.0,2674731.0,983745.0,156897.0,703101.0,2621283.0
GR0000001036,2021,5,1541474.0,604803.0,187362.0,1946765.0,928249.0,218833.0,823636.0,2563346.0
GR0000001036,2022,5,1066997.0,337500.0,184344.0,1707849.0,674920.0,109142.0,446642.0,1882266.0
GR0000001036,2023,4,1149789.0,354823.0,162541.0,1758692.0,940949.0,123169.0,477992.0,1984048.0
GR0000001036,2024,4,1073890.0,503354.0,175119.0,1576479.0,581259.0,140259.0,643613.0,1920438.0
GR0000001037,2020,55,1697590.0,507822.0,1817857.0,4851185.0,3317882.0,168785.0,676606.0,6059524.0
GR0000001037,2021,62,4452956.0,1670318.0,1720719.0,12126346.0,6311592.0,430046.0,2100364.0,14462817.0
GR0000001037,2022,68,5080948.0,1665051.0,2271263.0,13561079.0,7425098.0,535304.0,2200355.0,16292553.0
GR0000001037,2023,64,2693805.0,906241.0,1799984.0,6807691.0,4659169.0,331708.0,1237949.0,8014076.0
GR0000001037,2024,61,3971616.0,1358213.0,2113854.0,8095129.0,4686361.0,358075.0,1716288.0,11415553.0
GR0000001038,2020,213,25156365.0,8307059.0,6401360.0,56393886.0,29769270.0,2344075.0,10651134.0,73867049.0
GR0000001038,2021,213,27172231.0,9969842.0,6495112.0,56593731.0,31797402.0,2498043.0,12467885.0,83326052.0
GR0000001038,2022,235,23559636.0,7137765.0,6615267.0,55079297.0,32862196.0,1586411.0,8724175.0,73176683.0
GR0000001038,2023,250,10809029.0,3267371.0,7450739.0,25515976.0,14983681.0,1109654.0,4377025.0,40178507.0
GR0000001038,2024,250,28176571.0,8853495.0,8640763.0,71723390.0,35276879.0,2149945.0,11003439.0,86792534.0
GR0000001039,2020,5,167540.0,48701.0,145271.0,511688.0,309297.0,18044.0,66745.0,635070.0
GR0000001039,2021,5,235476.0,85489.0,140565.0,962117.0,693093.0,25350.0,110839.0,1013994.0
GR0000001039,2022,4,109141.0,37685.0,105196.0,389403.0,229199.0,11110.0,48795.0,502030.0
GR0000001039,2023,4,228910.0,82760.0,89702.0,654896.0,452703.0,26113.0,108874.0,842958.0
GR0000001039,2024,4,129319.0,48237.0,93279.0,555506.0,402858.0,15468.0,63705.0,524251.0
GR0000001040,2020,76,9837258.0,3239420.0,2054864.0,22490723.0,11376395.0,1181731.0,4421150.0,29138716.0
GR0000001040,2021,82,10383891.0,3663887.0,2245889.0,23005582.0,11384996.0,872615.0,4536502.0,31331714.0
GR0000001040,2022,85,6321952.0,1935027.0,2517891.0,16165839.0,8950432.0,588981.0,2524008.0,24750224.0
GR0000001040,2023,91,9726564.0,2242414.0,2612333.0,28479338.0,14173412.0,749199.0,2991613.0,37660901.0
GR0000001040,2024,100,6745184.0,2022681.0,3103759.0,15695203.0,7039747.0,475791.0,2498472.0,20782846.0
GR0000001041,2020,23,421360.0,103403.0,462637.0,1586357.0,799295.0,28709.0,132112.0,2102897.0
GR0000001041,2021,27,775854.0,130866.0,599845.0,3128173.0,1944325.0,35964.0,166831.0,3793192.0
GR0000001041,2022,25,984534.0,217751.0,509548.0,2651971.0,1623039.0,84183.0,301934.0,3947320.0
GR0000001041,2023,28,554380.0,159800.0,523626.0,1712750.0,947689.0,54331.0,214130.0,2380117.0
GR0000001041,2024,28,618845.0,111885.0,521618.0,1735241.0,1018200.0,43284.0,155170.0,2370991.0
GR0000001042,2020,5,251367.0,83790.0,124586.0,963054.0,595377.0,30363.0,114153.0,1017780.0
GR0000001042,2021,5,234552.0,78956.0,128361.0,1030462.0,754990.0,27443.0,106399.0,1046163.0
GR0000001042,2022,4,172877.0,48293.0,107795.0,531807.0,312443.0,17807.0,66099.0,750052.0
GR0000001042,2023,4,200544.0,45629.0,80878.0,767129.0,435700.0,16917.0,62546.0,722446.0
GR0000001042,2024,4,176982.0,48463.0,91829.0,752453.0,435249.0,17148.0,65611.0,854631.0
GR0000001043,2020,16,813704.0,277000.0,502393.0,6681433.0,4674392.0,88985.0,365985.0,3901898.0
GR0000001043,2021,16,403247.0,176929.0,547993.0,3671746.0,2323891.0,64939.0,241869.0,2389470.0
GR0000001043,2022,17,570571.0,178171.0,497068.0,6264733.0,4602871.0,60776.0,238947.0,3619101.0
GR0000001043,2023,18,424994.0,157845.0,493593.0,5053028.0,2964682.0,49729.0,207575.0,1974371.0
GR0000001043,2024,20,696966.0,269172.0,527919.0,6052586.0,3606351.0,103946.0,373118.0,3634979.0
GR0000001044,2020,9,1325083.0,371802.0,329073.0,3390262.0,1982512.0,137686.0,509488.0,3616851.0
GR0000001044,2021,9,1017386.0,289277.0,336508.0,3085449.0,1624728.0,79922.0,369200.0,2698047.0
GR0000001044,2022,9,1143468.0,304966.0,318824.0,3260217.0,1374628.0,99553.0,404519.0,3195925.0
GR0000001044,2023,9,885771.0,329132.0,300707.0,1527676.0,665290.0,101427.0,430560.0,1909571.0
GR0000001044,2024,10,1660780.0,477533.0,364422.0,3002751.0,1334640.0,134383.0,611916.0,3607958.0
GR0000001045,2020,2,50415.0,15632.0,37670.0,249946.0,160428.0,4898.0,20531.0,214497.0
GR0000001045,2021,2,22026.0,7064.0,46273.0,167594.0,101142.0,2888.0,9952.0,134128.0
GR0000001045,2022,2,43050.0,12922.0,34897.0,201303.0,138087.0,5334.0,18256.0,187919.0
GR0000001045,2023,1,8111.0,2872.0,17374.0,53497.0,32436.0,1048.0,3920.0,50748.0
GR0000001045,2024,1,14892.0,5191.0,21736.0,95610.0,57829.0,1960.0,7150.0,89603.0
GR0000001046,2020,2,19919.0,5135.0,30963.0,132848.0,67672.0,1741.0,6875.0,123852.0
GR0000001046,2021,1,11419.0,2269.0,14082.0,43966.0,28650.0,794.0,3063.0,56328.0
GR0000001046,2022,1,19082.0,2776.0,16580.0,80983.0,43325.0,911.0,3687.0,99874.0
GR0000001046,2023,1,16278.0,3001.0,18840.0,69931.0,35509.0,861.0,3861.0,75361.0
GR0000001046,2024,1,6967.0,1382.0,8527.0,26860.0,14658.0,499.0,1881.0,34106.0
GR0000001047,2020,1,9596.0,3495.0,19714.0,55596.0,44297.0,1202.0,4697.0,52747.0
GR0000001047,2021,1,17653.0,5494.0,21119.0,127123.0,94069.0,2012.0,7505.0,89424.0
GR0000001047,2022,1,28328.0,8804.0,23244.0,116599.0,70204.0,2714.0,11518.0,127278.0
GR0000001047,2023,1,26958.0,8967.0,17684.0,132660.0,100762.0,3401.0,12367.0,108434.0
GR0000001047,2024,1,17514.0,4325.0,23120.0,69052.0,48494.0,1590.0,5915.0,78325.0
GR0000001048,2020,10,316670.0,57901.0,161559.0,1108173.0,666131.0,17352.0,75253.0,881168.0
GR0000001048,2021,10,580761.0,120118.0,164817.0,2277437.0,1540418.0,41301.0,161419.0,1469627.0
GR0000001048,2022,11,209790.0,42905.0,197585.0,1003109.0,686854.0,15884.0,58788.0,672692.0
GR0000001048,2023,11,471809.0,104528.0,154962.0,1941054.0,1362111.0,38132.0,142660.0,1241213.0
GR0000001048,2024,11,425181.0,117202.0,191350.0,1887940.0,1431065.0,35121.0,152324.0,1164713.0
GR0000001049,2020,9,407695.0,64640.0,205542.0,647440.0,397884.0,21795.0,86435.0,1441538.0
GR0000001049,2021,9,343495.0,68535.0,179326.0,521336.0,332815.0,20562.0,89098.0,1178854.0
GR0000001049,2022,8,193410.0,44217.0,124773.0,264969.0,179537.0,16692.0,60910.0,693183.0
GR0000001049,2023,9,204943.0,41629.0,138041.0,356170.0,233833.0,11081.0,52709.0,766896.0
GR0000001049,2024,10,333941.0,76870.0,194141.0,477326.0,332012.0,26634.0,103504.0,1078563.0
GR0000001050,2024,11,123802.0,44114.0,161092.0,703716.0,465420.0,13511.0,57624.0,536974.0
GR0000001051,2020,10,157355.0,62552.0,227455.0,1661638.0,950300.0,24839.0,87391.0,909822.0
GR0000001051,2021,11,513246.0,185659.0,364798.0,3471982.0,2100117.0,72106.0,257765.0,2549546.0
GR0000001051,2022,11,277381.0,91468.0,362764.0,3066671.0,2056033.0,28539.0,120007.0,1526815.0
GR0000001051,2023,10,152468.0,48238.0,239765.0,1738829.0,1261709.0,16499.0,64738.0,959059.0
GR0000001051,2024,11,425687.0,146860.0,333535.0,2828712.0,1668011.0,59265.0,206125.0,1986288.0
GR0000001052,2020,90,11544235.0,3797516.0,2828243.0,30067890.0,12908289.0,1291093.0,5088609.0,28198000.0
GR0000001052,2021,99,13276863.0,4603031.0,3520823.0,29694276.0,15776279.0,1786534.0,6389565.0,27453825.0
GR0000001052,2022,107,11034037.0,3907533.0,3689091.0,30267465.0,15089249.0,1350863.0,5258396.0,26569232.0
GR0000001052,2023,119,9615601.0,2623346.0,4167494.0,21627227.0,12209966.0,850396.0,3473742.0,23989450.0
GR0000001052,2024,142,24394272.0,8639037.0,4954015.0,46545961.0,27819424.0,2693871.0,11332908.0,48838630.0
GR0000001053,2020,19,365932.0,56735.0,458642.0,1399654.0,927000.0,17249.0,73984.0,1638007.0
GR0000001053,2021,19,662753.0,117731.0,513964.0,2251227.0,1500795.0,30216.0,147947.0,3212305.0
GR0000001053,2022,17,439792.0,118448.0,379087.0,1640905.0,901519.0,33630.0,152078.0,1982991.0
GR0000001053,2023,16,638200.0,116749.0,461731.0,1239767.0,787399.0,33008.0,149757.0,2283885.0
GR0000001053,2024,17,359163.0,69892.0,431752.0,1016706.0,528556.0,19044.0,88936.0,1541970.0
GR0000001054,2020,856,78125195.0,19084206.0,21457293.0,197416077.0,105889185.0,5610639.0,24694845.0,276644451.0
GR0000001054,2021,912,53986786.0,12824457.0,31074748.0,128420293.0,80365495.0,3665345.0,16489802.0,204109257.0
GR0000001054,2022,882,48209274.0,13601802.0,28698092.0,117897174.0,74402966.0,4044896.0,17646698.0,167376173.0
GR0000001054,2023,982,74960252.0,28650745.0,25400422.0,231781405.0,155283046.0,8683748.0,37334493.0,246048920.0
GR0000001054,2024,917,40691150.0,11980746.0,32642755.0,123981511.0,83289116.0,4413367.0,16394113.0,159162102.0
GR0000001055,2020,54,4003316.0,1007294.0,1064356.0,13317479.0,7338462.0,306018.0,1313312.0,10735453.0
GR0000001055,2021,63,4991210.0,824663.0,1336756.0,24781077.0,16648583.0,320280.0,1144943.0,12429629.0
GR0000001055,2022,60,3897608.0,784206.0,1392089.0,20118710.0,11255087.0,294946.0,1079152.0,9994044.0
GR0000001055,2023,64,2585690.0,619227.0,1539427.0,8658764.0,5777321.0,173278.0,792505.0,7604122.0
GR0000001055,2024,64,2231760.0,465008.0,1111989.0,7205848.0,4260730.0,117666.0,582674.0,6389516.0
GR0000001056,2020,6,127165.0,39238.0,147339.0,528352.0,296450.0,13153.0,52391.0,555489.0
GR0000001056,2021,6,154439.0,36499.0,119338.0,1075794.0,642453.0,13260.0,49759.0,789876.0
GR0000001056,2022,6,178302.0,47595.0,109198.0,754009.0,445996.0,16359.0,63954.0,740023.0
GR0000001056,2023,7,205636.0,59181.0,134400.0,1129160.0,597313.0,20832.0,80013.0,961743.0
GR0000001056,2024,6,181712.0,63108.0,135842.0,964585.0,602049.0,23503.0,86611.0,971183.0
GR0000001057,2020,30,1049847.0,448229.0,922958.0,9407879.0,5220831.0,175533.0,623762.0,5674538.0
GR0000001057,2021,34,1066958.0,381905.0,986881.0,10113675.0,6238387.0,154046.0,535951.0,4861375.0
GR0000001057,2022,34,1348372.0,453032.0,872431.0,8462070.0,6161656.0,150004.0,603036.0,5569122.0
GR0000001057,2023,36,1388049.0,508709.0,1096231.0,15121224.0,10746697.0,182009.0,690718.0,6790104.0
GR0000001057,2024,42,1135504.0,435707.0,1369857.0,12736204.0,7793282.0,169047.0,604754.0,6546261.0
GR0000001058,2020,85,23718671.0,8731945.0,2611177.0,37247069.0,13348632.0,3218251.0,11950195.0,43809263.0
GR0000001058,2021,85,15206418.0,6268998.0,3573454.0,24424591.0,12787943.0,2053361.0,8322359.0,24735094.0
GR0000001058,2022,95,16615970.0,7162806.0,2965499.0,24767302.0,10179958.0,2022909.0,9185715.0,29275644.0
GR0000001058,2023,99,22951345.0,8469414.0,3191090.0,39716794.0,21577830.0,2948694.0,11418108.0,37613537.0
GR0000001058,2024,100,20051210.0,9001302.0,3112491.0,31416318.0,16132035.0,2538869.0,11540171.0,34165796.0
GR0000001059,2020,1,136434.0,51564.0,37281.0,302515.0,134334.0,11019.0,62583.0,259740.0
GR0000001059,2021,1,136695.0,48005.0,29548.0,271044.0,102518.0,14633.0,62637.0,221258.0
GR0000001059,2022,1,189960.0,63927.0,34452.0,338407.0,175454.0,17449.0,81375.0,296896.0
GR0000001059,2023,1,136902.0,51972.0,30826.0,188765.0,77763.0,12162.0,64134.0,210597.0
GR0000001059,2024,1,154412.0,55052.0,34927.0,298768.0,125364.0,9386.0,64438.0,290168.0
GR0000001060,2020,9,147955.0,53792.0,228409.0,1337144.0,978504.0,18920.0,72712.0,913638.0
GR0000001060,2021,9,377899.0,138265.0,254826.0,3206479.0,2221323.0,56816.0,195082.0,1771162.0
GR0000001060,2022,8,246392.0,98223.0,263783.0,2992371.0,2163265.0,29562.0,127785.0,1164281.0
GR0000001060,2023,8,257145.0,97505.0,207248.0,1753840.0,1065526.0,39155.0,136660.0,1045358.0
GR0000001060,2024,7,153428.0,53726.0,194877.0,1970915.0,1084994.0,21574.0,75300.0,779508.0
GR0000001061,2020,137,6231239.0,1934122.0,3474988.0,24794246.0,16919097.0,487676.0,2421799.0,29750421.0
GR0000001061,2021,132,6221348.0,1473000.0,4152656.0,16109270.0,9163302.0,452872.0,1925872.0,25150562.0
GR0000001061,2022,126,7235992.0,2021320.0,3667247.0,20222416.0,11947568.0,684175.0,2705496.0,26242902.0
GR0000001061,2023,128,4490722.0,966298.0,3663167.0,13214507.0,6992365.0,366089.0,1332386.0,18854036.0
GR0000001061,2024,141,6935250.0,1919033.0,3285055.0,30755570.0,19264471.0,540560.0,2459592.0,38499616.0
GR0000001062,2020,145,27090675.0,7920612.0,5395782.0,41656712.0,19599184.0,2331138.0,10251750.0,59171240.0
GR0000001062,2021,133,11421536.0,3486156.0,6638245.0,25462313.0,12597354.0,942356.0,4428512.0,26141050.0
GR0000001062,2022,124,15331293.0,4675044.0,4898858.0,29732136.0,13015503.0,1164152.0,5839196.0,36216701.0
GR0000001062,2023,145,17460041.0,6291125.0,5592879.0,32889442.0,17134984.0,2310980.0,8602105.0,43154923.0
GR0000001062,2024,145,24446836.0,8671984.0,5724564.0,54530322.0,28776574.0,3250207.0,11922191.0,57659611.0
GR0000001063,2020,38,892907.0,170861.0,833565.0,3845999.0,2787355.0,60093.0,230953.0,5211594.0
GR0000001063,2021,35,1163620.0,194823.0,755294.0,4680000.0,2956739.0,65657.0,260480.0,6205238.0
GR0000001063,2022,34,1097955.0,215319.0,782078.0,4662528.0,3375508.0,73004.0,288322.0,4509611.0
GR0000001063,2023,36,616237.0,116451.0,851002.0,2143118.0,1284849.0,34136.0,150587.0,3039856.0
GR0000001063,2024,35,400181.0,65979.0,678999.0,1708193.0,1114943.0,20260.0,86239.0,2263329.0
GR0000001064,2020,3,214047.0,70971.0,101504.0,1189320.0,649002.0,22800.0,93770.0,778536.0
GR0000001064,2021,3,342535.0,142846.0,96502.0,2041741.0,1274563.0,48748.0,191594.0,1201401.0
GR0000001064,2022,3,275737.0,106865.0,93640.0,1590534.0,1030876.0,30709.0,137574.0,1214313.0
GR0000001064,2023,3,381533.0,117135.0,91681.0,2626033.0,1478751.0,43420.0,160555.0,1445406.0
GR0000001064,2024,3,365349.0,133115.0,125334.0,2367035.0,1461221.0,44689.0,177803.0,1402351.0
GR0000001065,2020,48,1530461.0,476995.0,1224436.0,11356621.0,8441547.0,176891.0,653886.0,6958578.0
GR0000001065,2021,43,2433736.0,1050024.0,1299403.0,20747182.0,14799864.0,309266.0,1359290.0,9847524.0
GR0000001065,2022,46,2377325.0,737504.0,1487272.0,24645846.0,13880384.0,242785.0,980289.0,10890289.0
GR0000001065,2023,42,1079558.0,445351.0,1189698.0,8529838.0,6027031.0,141290.0,586640.0,5059903.0
GR0000001065,2024,44,2458640.0,798757.0,1354528.0,15366170.0,9001904.0,279323.0,1078080.0,10178505.0
GR0000001066,2020,31,3775597.0,1807565.0,1415512.0,33968579.0,23632748.0,546790.0,2354355.0,6192734.0
GR0000001066,2021,26,3863581.0,1332695.0,986410.0,42571693.0,40135125.0,447858.0,1780552.0,8807150.0
GR0000001066,2022,22,6770064.0,3209091.0,977024.0,56326095.0,44373307.0,838217.0,4047308.0,10977175.0
GR0000001066,2023,18,1902147.0,765873.0,733778.0,29680357.0,23010171.0,229453.0,995326.0,4491938.0
GR0000001066,2024,18,3530474.0,1461326.0,829282.0,41313679.0,37700686.0,415628.0,1876953.0,6997516.0
GR0000001067,2020,2,223201.0,107214.0,68338.0,2397373.0,1835967.0,42119.0,149333.0,567358.0
GR0000001067,2021,1,161030.0,76657.0,30229.0,2034046.0,1425989.0,26616.0,103273.0,346932.0
GR0000001067,2022,1,72621.0,29700.0,34069.0,1762895.0,1298647.0,12181.0,41881.0,183871.0
GR0000001067,2023,1,64727.0,25656.0,35213.0,1313835.0,1037878.0,10687.0,36343.0,136392.0
GR0000001067,2024,1,161480.0,60540.0,37743.0,1241225.0,1044740.0,21014.0,81554.0,325740.0
GR0000001068,2020,9,161866.0,35512.0,213576.0,655482.0,434311.0,14147.0,49659.0,794299.0
GR0000001068,2021,9,104325.0,25247.0,172001.0,600955.0,420681.0,9021.0,34268.0,634315.0
GR0000001068,2022,9,285528.0,81380.0,209897.0,837901.0,530351.0,26731.0,108111.0,1201656.0
GR0000001068,2023,9,143069.0,26336.0,175124.0,566715.0,361670.0,10312.0,36648.0,858632.0
GR0000001068,2024,9,220038.0,54221.0,189027.0,834447.0,533378.0,15606.0,69827.0,900717.0
GR0000001069,2020,2,56458.0,17522.0,37305.0,214669.0,142194.0,5046.0,22568.0,234110.0
GR0000001069,2021,1,30237.0,5857.0,24805.0,122662.0,91538.0,2155.0,8012.0,127691.0
GR0000001069,2022,1,28772.0,7425.0,23461.0,89492.0,55614.0,2764.0,10188.0,122939.0
GR0000001069,2023,1,28462.0,7230.0,20191.0,155642.0,105842.0,2309.0,9540.0,152410.0
GR0000001069,2024,1,29692.0,8777.0,19752.0,121861.0,82007.0,2872.0,11649.0,162217.0
GR0000001070,2020,9,339150.0,102962.0,163667.0,577695.0,356533.0,28757.0,131719.0,1096029.0
GR0000001070,2021,10,273727.0,55037.0,146927.0,411160.0,246651.0,14827.0,69864.0,816260.0
GR0000001070,2022,10,532909.0,106520.0,185135.0,711986.0,370674.0,27205.0,133726.0,1985912.0
GR0000001070,2023,10,302178.0,45737.0,162566.0,381777.0,248989.0,16385.0,62122.0,903142.0
GR0000001070,2024,10,483134.0,93751.0,255046.0,872826.0,498920.0,31175.0,124926.0,1809009.0
GR0000001071,2021,11,120754.0,22354.0,199052.0,513140.0,303976.0,6383.0,28737.0,663507.0
GR0000001071,2022,11,285891.0,63681.0,270359.0,1134870.0,811788.0,25457.0,89137.0,1363392.0
GR0000001071,2023,11,111546.0,21341.0,182673.0,409713.0,256250.0,6429.0,27769.0,608910.0
GR0000001071,2024,10,138170.0,30978.0,213945.0,612852.0,391233.0,12971.0,43948.0,713150.0
GR0000001072,2020,193,73675578.0,24229776.0,7423898.0,86100038.0,37045682.0,6614796.0,30844573.0,104601772.0
GR0000001072,2021,195,48915546.0,16192397.0,6711895.0,95548940.0,42420308.0,5449894.0,21642290.0,91688788.0
GR0000001072,2022,178,28639371.0,9320398.0,5616779.0,34256319.0,17274222.0,2421427.0,11741826.0,40770106.0
GR0000001072,2023,149,26454282.0,9616446.0,6666905.0,40807164.0,13387057.0,2756901.0,12373347.0,42880351.0
GR0000001072,2024,144,24929069.0,9193089.0,6391056.0,33701014.0,17818279.0,2473001.0,11666090.0,41198480.0
GR0000001073,2020,7,280521.0,58005.0,163048.0,1156926.0,679688.0,23267.0,81272.0,1206727.0
GR0000001073,2021,7,120126.0,26729.0,129084.0,524992.0,292140.0,10954.0,37683.0,674053.0
GR0000001073,2022,6,81582.0,15744.0,108171.0,231235.0,164398.0,5837.0,21582.0,360569.0
GR0000001073,2023,5,105227.0,28476.0,113210.0,507422.0,342291.0,8092.0,36569.0,604737.0
GR0000001073,2024,5,154907.0,39105.0,111070.0,579534.0,371875.0,12954.0,52059.0,649305.0
GR0000001074,2020,1,33905.0,10723.0,31688.0,417979.0,327259.0,3109.0,13832.0,205623.0
GR0000001074,2021,1,19993.0,6441.0,25749.0,186256.0,123184.0,2437.0,8878.0,102995.0
GR0000001074,2022,1,37453.0,12208.0,27056.0,268856.0,181436.0,3993.0,16201.0,177094.0
GR0000001074,2023,1,26123.0,10575.0,35184.0,398556.0,280589.0,3242.0,13817.0,167901.0
GR0000001074,2024,1,34161.0,12202.0,34049.0,375048.0,236063.0,3211.0,15413.0,202343.0
GR0000001075,2024,125,3427479.0,968187.0,1790148.0,5790624.0,3120217.0,295858.0,1264045.0,9945265.0
GR0000001076,2020,20,477313.0,73198.0,303721.0,1707579.0,1187127.0,26545.0,99743.0,1326471.0
GR0000001076,2021,18,841777.0,216268.0,329765.0,4289991.0,3311581.0,65421.0,281689.0,2204456.0
GR0000001076,2022,20,312699.0,71328.0,313094.0,2507735.0,1695617.0,28394.0,99722.0,1207417.0
GR0000001076,2023,20,237882.0,41541.0,372020.0,1929585.0,1374601.0,14715.0,56256.0,930440.0
GR0000001076,2024,20,403441.0,87181.0,360308.0,2841555.0,1982063.0,30276.0,117457.0,1344540.0
GR0000001077,2020,1,19365.0,3404.0,22934.0,71198.0,46334.0,909.0,4312.0,76447.0
GR0000001077,2021,1,14942.0,3870.0,19425.0,88548.0,63334.0,1271.0,5140.0,93735.0
GR0000001077,2022,1,13529.0,3200.0,19747.0,48464.0,32371.0,958.0,4158.0,65823.0
GR0000001077,2023,1,20153.0,4524.0,21482.0,127004.0,76321.0,1227.0,5751.0,120725.0
GR0000001077,2024,1,20312.0,5495.0,22628.0,97312.0,59377.0,1438.0,6933.0,111062.0
GR0000001078,2020,24,798775.0,214005.0,726036.0,3458024.0,1917783.0,72520.0,286524.0,3654026.0
GR0000001078,2021,26,838909.0,189606.0,714885.0,2791963.0,2248802.0,46243.0,235849.0,3658711.0
GR0000001078,2022,23,1435324.0,448173.0,690083.0,3559387.0,2399619.0,152028.0,600201.0,5300486.0
GR0000001078,2023,19,844744.0,169791.0,503524.0,3592707.0,2362992.0,54841.0,224631.0,4006841.0
GR0000001078,2024,19,1104216.0,322114.0,515157.0,4218783.0,2340645.0,81282.0,403397.0,4962046.0
GR0000001079,2020,638,38319803.0,6796210.0,15978604.0,46360494.0,24936134.0,2348692.0,9144903.0,109881996.0
GR0000001079,2021,750,61272241.0,11403966.0,18947699.0,70704466.0,42554342.0,4100081.0,15504047.0,169550104.0
GR0000001079,2022,770,56791187.0,14924818.0,26120262.0,68157262.0,32653775.0,3294768.0,18219587.0,188368376.0
GR0000001079,2023,842,59120808.0,12689786.0,20835713.0,61925886.0,38096486.0,2912863.0,15602649.0,178907532.0
GR0000001079,2024,805,62318733.0,10972033.0,18870787.0,57539361.0,33170701.0,2436732.0,13408764.0,167534169.0
GR0000001080,2020,10,377135.0,126975.0,346190.0,2854880.0,1946571.0,50696.0,177671.0,1930946.0
GR0000001080,2021,11,220480.0,99397.0,314339.0,2384455.0,1515185.0,28447.0,127843.0,1257354.0
GR0000001080,2022,11,523758.0,241440.0,326918.0,3558427.0,2330251.0,72278.0,313718.0,2294810.0
GR0000001080,2023,12,409847.0,135873.0,303297.0,3282473.0,1939152.0,39505.0,175378.0,2418241.0
GR0000001080,2024,13,397693.0,151903.0,358156.0,5315858.0,3793346.0,50247.0,202150.0,2505923.0
GR0000001081,2020,3,71794.0,23031.0,68623.0,409431.0,228208.0,6635.0,29666.0,371244.0
GR0000001081,2021,3,110710.0,37123.0,62792.0,459902.0,304369.0,12147.0,49270.0,520848.0
GR0000001081,2022,2,42981.0,10094.0,48947.0,194318.0,131590.0,2978.0,13072.0,198181.0
GR0000001081,2023,2,26604.0,8073.0,37200.0,130106.0,68577.0,2475.0,10549.0,123999.0
GR0000001081,2024,1,20213.0,6934.0,21942.0,86877.0,57570.0,2339.0,9273.0,95908.0
GR0000001082,2020,1165,196955230.0,70184104.0,60370686.0,755849197.0,411335718.0,23880551.0,94064655.0,577502628.0
GR0000001082,2021,1365,156933435.0,62908715.0,55040844.0,653970439.0,389688803.0,18766033.0,81674747.0,469338872.0
GR0000001082,2022,1441,138359040.0,49996789.0,66181609.0,542536442.0,315967975.0,19425919.0,69422708.0,431034076.0
GR0000001082,2023,1500,227521228.0,65784410.0,88849195.0,1053700008.0,509949745.0,25332667.0,91117077.0,736655913.0
GR0000001082,2024,1500,121853920.0,41041212.0,69195834.0,543906581.0,278752325.0,12140224.0,53181436.0,412903856.0
GR0000001083,2020,29,1126860.0,172042.0,481651.0,8187875.0,5109993.0,61967.0,234009.0,3522045.0
GR0000001083,2021,30,494343.0,107794.0,456992.0,2294273.0,1748191.0,40478.0,148271.0,1885055.0
GR0000001083,2022,32,1167572.0,206179.0,547930.0,9781620.0,6925848.0,87986.0,294165.0,4458122.0
GR0000001083,2023,36,1697780.0,515449.0,670319.0,10544746.0,8206111.0,161265.0,676714.0,5236635.0
GR0000001083,2024,35,1126914.0,314965.0,573965.0,8002442.0,4967386.0,129155.0,444121.0,3149026.0
GR0000001084,2020,12,651783.0,174960.0,215236.0,2420372.0,1386292.0,66309.0,241270.0,1889932.0
GR0000001084,2021,10,826686.0,238514.0,226886.0,2121362.0,1396633.0,86990.0,325504.0,1896026.0
GR0000001084,2022,9,587855.0,174787.0,223636.0,2055306.0,1289937.0,44590.0,219377.0,1877076.0
GR0000001084,2023,9,601889.0,126536.0,177558.0,3158491.0,1947114.0,38527.0,165063.0,1889751.0
GR0000001084,2024,9,386308.0,109422.0,179822.0,1458169.0,908297.0,28802.0,138223.0,1228873.0
GR0000001085,2020,5,146713.0,30993.0,93452.0,552206.0,332532.0,10357.0,41350.0,407532.0
GR0000001085,2021,5,145779.0,36213.0,71581.0,809992.0,639957.0,12552.0,48765.0,545623.0
GR0000001085,2022,5,179719.0,33364.0,84728.0,773987.0,565224.0,10043.0,43407.0,576336.0
GR0000001085,2023,5,145463.0,24129.0,79600.0,820822.0,536882.0,9418.0,33547.0,465196.0
GR0000001085,2024,5,167862.0,44194.0,94421.0,701820.0,434931.0,16265.0,60459.0,568783.0
GR0000001086,2024,1,54695.0,19734.0,34019.0,111670.0,65550.0,7786.0,27520.0,123697.0
GR0000001087,2020,11,1323362.0,481421.0,407970.0,25605881.0,20079073.0,191342.0,672764.0,3460910.0
GR0000001087,2021,10,941785.0,448427.0,301589.0,12085313.0,9727386.0,167686.0,616113.0,2583976.0
GR0000001087,2022,11,1570673.0,641116.0,343022.0,13343223.0,10683791.0,228573.0,869689.0,3359047.0
GR0000001087,2023,10,710090.0,276070.0,333801.0,6144676.0,4633739.0,90305.0,366375.0,1484956.0
GR0000001087,2024,9,1073288.0,484982.0,303574.0,13974463.0,10374785.0,177002.0,661984.0,2461546.0
GR0000001088,2020,11,135434.0,41583.0,176281.0,637100.0,506277.0,16544.0,58127.0,836099.0
GR0000001088,2021,10,168011.0,46371.0,171308.0,789940.0,574539.0,15904.0,62275.0,937986.0
GR0000001088,2022,10,121190.0,29417.0,217950.0,484056.0,296119.0,11707.0,41124.0,553094.0
GR0000001088,2023,11,254929.0,82219.0,203549.0,1023107.0,807734.0,30246.0,112466.0,1172329.0
GR0000001088,2024,10,144302.0,44726.0,211092.0,767997.0,611706.0,12825.0,57551.0,588328.0
GR0000001089,2020,40,752938.0,174747.0,662202.0,2203516.0,1215027.0,55299.0,230046.0,3010008.0
GR0000001089,2021,38,1134827.0,244072.0,735537.0,2772190.0,1490501.0,65621.0,309693.0,4079517.0
GR0000001089,2022,40,633432.0,146315.0,724277.0,3392849.0,1576588.0,42817.0,189131.0,3292170.0
GR0000001089,2023,40,937557.0,157728.0,875915.0,4136435.0,2395994.0,40985.0,198712.0,3981434.0
GR0000001089,2024,40,652894.0,106142.0,787883.0,2590221.0,1648449.0,41103.0,147245.0,3581288.0
GR0000001090,2020,3,200567.0,63183.0,82049.0,474160.0,269660.0,16686.0,79869.0,794528.0
GR0000001090,2021,3,124433.0,36449.0,90980.0,290940.0,193888.0,12338.0,48788.0,511078.0
GR0000001090,2022,3,132810.0,37600.0,77723.0,310397.0,161640.0,13167.0,50768.0,531485.0
GR0000001090,2023,3,103048.0,26326.0,91133.0,230373.0,156628.0,8532.0,34857.0,379552.0
GR0000001090,2024,3,86305.0,13051.0,69277.0,202088.0,118402.0,4742.0,17793.0,380173.0
GR0000001091,2020,16,178963.0,43827.0,285804.0,974838.0,746362.0,16217.0,60044.0,959379.0
GR0000001091,2021,18,221650.0,72065.0,306389.0,1139681.0,893174.0,20390.0,92455.0,1385880.0
GR0000001091,2022,19,391208.0,92740.0,381948.0,1672411.0,1043696.0,39274.0,132015.0,2006315.0
GR0000001091,2023,19,361782.0,131033.0,360164.0,2060790.0,1281640.0,48112.0,179145.0,2302136.0
GR0000001091,2024,20,321845.0,102243.0,427898.0,1945556.0,1289057.0,42294.0,144537.0,1468263.0
GR0000001092,2020,1,25541.0,3593.0,18640.0,65800.0,49205.0,1081.0,4674.0,115397.0
GR0000001092,2021,1,28310.0,4071.0,19074.0,55946.0,44566.0,1541.0,5611.0,118285.0
GR0000001092,2022,1,13137.0,1704.0,11388.0,38382.0,20690.0,640.0,2344.0,56939.0
GR0000001092,2023,1,16151.0,3979.0,14758.0,50248.0,31109.0,1422.0,5402.0,73792.0
GR0000001092,2024,1,25817.0,6247.0,16249.0,64306.0,43128.0,1607.0,7854.0,93960.0
GR0000001093,2020,129,9496816.0,3289552.0,4083694.0,29252219.0,13249393.0,1195443.0,4484995.0,34303041.0
GR0000001093,2021,131,13671857.0,4281236.0,3513019.0,32430445.0,14546120.0,1473937.0,5755173.0,43405023.0
GR0000001093,2022,153,11826988.0,3715461.0,4432277.0,19895767.0,9453528.0,834129.0,4549590.0,35273834.0
GR0000001093,2023,167,17921214.0,4443102.0,5532538.0,34060912.0,18811827.0,1203537.0,5646640.0,64725784.0
GR0000001093,2024,167,15415538.0,3671894.0,4734079.0,31494060.0,12945769.0,1131885.0,4803779.0,56527995.0
GR0000001094,2020,5,331911.0,82618.0,131691.0,1171196.0,628265.0,20777.0,103395.0,1600620.0
GR0000001094,2021,4,101381.0,28572.0,93653.0,377669.0,177881.0,7155.0,35727.0,484118.0
GR0000001094,2022,4,268635.0,79509.0,104171.0,749933.0,420745.0,23066.0,102576.0,974188.0
GR0000001094,2023,4,141569.0,46051.0,88802.0,580319.0,325003.0,17193.0,63244.0,642879.0
GR0000001094,2024,4,343934.0,117280.0,95398.0,1166573.0,596301.0,30588.0,147868.0,1274280.0
GR0000001095,2020,10,475284.0,178478.0,318018.0,1406807.0,572699.0,50786.0,229264.0,1339248.0
GR0000001095,2021,9,959002.0,341675.0,242917.0,2970082.0,1462121.0,92830.0,434505.0,2507584.0
GR0000001095,2022,9,817645.0,259403.0,358594.0,2166955.0,1024638.0,72441.0,331845.0,2030113.0
GR0000001095,2023,10,1337056.0,363140.0,363284.0,2886277.0,1603972.0,123376.0,486516.0,2968603.0
GR0000001095,2024,10,1168705.0,352577.0,331094.0,1998400.0,994637.0,88774.0,441350.0,2374947.0
GR0000001096,2020,8,226208.0,49285.0,149253.0,834591.0,380777.0,15710.0,64995.0,1122627.0
GR0000001096,2021,9,345293.0,61495.0,215145.0,1073901.0,556801.0,17647.0,79143.0,1280565.0
GR0000001096,2022,10,211719.0,33958.0,225682.0,888844.0,402511.0,11996.0,45954.0,1025826.0
GR0000001096,2023,10,380037.0,72062.0,222825.0,1340198.0,865004.0,25328.0,97390.0,1409654.0
GR0000001096,2024,10,343624.0,99933.0,222765.0,1265537.0,608893.0,26728.0,126661.0,1442887.0
GR0000001097,2020,6,206241.0,75918.0,137188.0,813756.0,537458.0,25357.0,101275.0,890227.0
GR0000001097,2021,6,92711.0,28303.0,121478.0,425308.0,272012.0,8391.0,36694.0,481119.0
GR0000001097,2022,6,81796.0,30448.0,113747.0,339029.0,184598.0,8818.0,39267.0,379157.0
GR0000001097,2023,6,184779.0,42259.0,148982.0,849741.0,438540.0,17596.0,59854.0,779233.0
GR0000001097,2024,5,80464.0,29439.0,98287.0,345439.0,226425.0,10629.0,40068.0,327623.0
GR0000001098,2020,4,81175.0,16449.0,61725.0,474178.0,366000.0,6043.0,22492.0,270598.0
GR0000001098,2021,4,74290.0,20569.0,73161.0,418076.0,326042.0,8040.0,28610.0,253940.0
GR0000001098,2022,3,60056.0,12690.0,50685.0,479529.0,373135.0,4503.0,17194.0,210567.0
GR0000001098,2023,3,111452.0,31075.0,44434.0,767040.0,471727.0,9858.0,40932.0,314601.0
GR0000001098,2024,3,37517.0,6843.0,54991.0,251175.0,154701.0,2176.0,9019.0,140026.0
GR0000001099,2020,381,29593281.0,6852697.0,13719014.0,57572019.0,26287560.0,2470660.0,9323356.0,110166692.0
GR0000001099,2021,349,28639682.0,6746021.0,13681342.0,54299107.0,30711067.0,2209564.0,8955585.0,110614038.0
GR0000001099,2022,328,23315059.0,6112181.0,9573370.0,54345245.0,26575585.0,1634240.0,7746421.0,89014405.0
GR0000001099,2023,304,24443880.0,7311453.0,11316996.0,50677607.0,32432633.0,2399917.0,9711369.0,115681630.0
GR0000001099,2024,346,14717978.0,3901520.0,11516122.0,38655984.0,24970575.0,931962.0,4833482.0,58434618.0
GR0000001100,2020,243,15081424.0,3952172.0,6907461.0,40169502.0,20417688.0,1163449.0,5115621.0,55056430.0
GR0000001100,2021,250,7180988.0,1693060.0,7078984.0,25986657.0,11815449.0,410714.0,2103773.0,35394918.0
GR0000001100,2022,250,10773996.0,3124136.0,5732565.0,34348558.0,19292186.0,825738.0,3949874.0,46595139.0
GR0000001100,2023,250,11593567.0,2722151.0,6767029.0,40377883.0,22880710.0,729478.0,3451630.0,54309110.0
GR0000001100,2024,225,8594028.0,1652497.0,6921642.0,22712786.0,11945671.0,459269.0,2111765.0,34924038.0
GR0000001101,2020,5,644981.0,184712.0,190623.0,1320509.0,790271.0,56038.0,240750.0,1304319.0
GR0000001101,2021,5,832170.0,244800.0,151679.0,1680618.0,789575.0,65263.0,310063.0,1686774.0
GR0000001101,2022,5,314219.0,101684.0,196581.0,863066.0,422774.0,37983.0,139667.0,865418.0
GR0000001101,2023,5,861107.0,307380.0,197564.0,2265224.0,1261633.0,79883.0,387263.0,1955582.0
GR0000001101,2024,5,506346.0,173659.0,169295.0,1174179.0,556209.0,66281.0,239940.0,1021226.0
GR0000001102,2020,4,267918.0,90047.0,101331.0,649448.0,301712.0,33023.0,123071.0,578597.0
GR0000001102,2021,4,432489.0,112289.0,139520.0,1116217.0,640180.0,32801.0,145090.0,1021178.0
GR0000001102,2022,4,367811.0,115518.0,154210.0,985897.0,394672.0,31665.0,147183.0,993667.0
GR0000001102,2023,4,530770.0,129782.0,158537.0,1283746.0,624108.0,35759.0,165541.0,1103442.0
GR0000001102,2024,4,304778.0,89729.0,124716.0,681309.0,322991.0,32418.0,122147.0,771637.0
GR0000001103,2024,1,36736.0,10514.0,25309.0,94437.0,50480.0,2307.0,12821.0,83212.0
GR0000001104,2020,986,71932904.0,16048394.0,32600241.0,125434435.0,62906323.0,5657667.0,21706062.0,214330631.0
GR0000001104,2021,913,74217313.0,22411442.0,28548801.0,231385730.0,161725139.0,7907665.0,30319108.0,261485643.0
GR0000001104,2022,1000,46580616.0,17665640.0,31764542.0,104369860.0,65017993.0,5023887.0,22689528.0,157436824.0
GR0000001104,2023,1000,83213549.0,23349121.0,25154710.0,239520506.0,150567161.0,7308450.0,30657571.0,259217025.0
GR0000001104,2024,922,52967496.0,18570702.0,33645167.0,155306048.0,85360773.0,4995985.0,23566686.0,201228673.0
GR0000001105,2021,8,170297.0,37832.0,186572.0,737890.0,449041.0,14698.0,52530.0,848056.0
GR0000001105,2022,8,127277.0,35814.0,114567.0,456858.0,242515.0,10845.0,46659.0,520757.0
GR0000001105,2023,7,90440.0,24309.0,88678.0,306957.0,192242.0,8380.0,32689.0,403080.0
GR0000001105,2024,8,127796.0,19058.0,112008.0,335764.0,185728.0,7404.0,26461.0,509129.0
GR0000001106,2020,1,238416.0,110971.0,33253.0,3132335.0,2307121.0,38509.0,149480.0,556071.0
GR0000001106,2021,1,109925.0,47756.0,31658.0,1193763.0,1104300.0,12784.0,60539.0,213334.0
GR0000001106,2022,1,52184.0,22233.0,39875.0,568729.0,470651.0,8677.0,30910.0,116109.0
GR0000001106,2023,1,95010.0,45015.0,36336.0,1861701.0,1428237.0,13835.0,58850.0,233650.0
GR0000001106,2024,1,153701.0,55280.0,35957.0,2577010.0,1914546.0,19035.0,74315.0,391020.0
GR0000001107,2020,6,407048.0,172924.0,192691.0,6645657.0,4845681.0,67605.0,240529.0,1022100.0
GR0000001107,2021,7,761425.0,350439.0,228031.0,7004549.0,5918949.0,128783.0,479222.0,1602632.0
GR0000001107,2022,6,354249.0,178308.0,232881.0,7314880.0,5507431.0,55174.0,233482.0,1006365.0
GR0000001107,2023,5,429718.0,169170.0,164904.0,4391266.0,3458930.0,51233.0,220403.0,874823.0
GR0000001107,2024,4,322665.0,164068.0,146655.0,3276940.0,2554848.0,57334.0,221403.0,645719.0
GR0000001108,2023,10,251352.0,41070.0,156016.0,327322.0,179134.0,10975.0,52045.0,866756.0
GR0000001108,2024,9,296794.0,83241.0,165912.0,517856.0,263431.0,28744.0,111985.0,921735.0
GR0000001109,2020,9,1925387.0,651241.0,315706.0,2746449.0,966053.0,242862.0,894104.0,3107188.0
GR0000001109,2021,10,1440632.0,482446.0,404337.0,2007544.0,988463.0,141760.0,624206.0,2417478.0
GR0000001109,2022,10,2359208.0,860198.0,404289.0,5158832.0,1995273.0,286903.0,1147102.0,4469844.0
GR0000001109,2023,10,1583489.0,483781.0,406807.0,2127817.0,769829.0,171189.0,654970.0,2347810.0
GR0000001109,2024,10,1161990.0,502312.0,436034.0,1877329.0,708333.0,183683.0,685996.0,2261385.0
GR0000001110,2020,5,171302.0,29022.0,119003.0,581505.0,292243.0,7775.0,36798.0,662508.0
GR0000001110,2021,4,87235.0,19911.0,77933.0,272728.0,156329.0,5389.0,25300.0,354240.0
GR0000001110,2022,4,107816.0,25365.0,89180.0,359432.0,169310.0,6349.0,31713.0,429042.0
GR0000001110,2023,4,131396.0,37709.0,89893.0,485801.0,296457.0,13149.0,50858.0,627352.0
GR0000001110,2024,4,219028.0,39083.0,94280.0,726465.0,328561.0,13140.0,52223.0,786814.0
GR0000001111,2020,11,1265012.0,425526.0,282062.0,2588635.0,1274054.0,157631.0,583157.0,2886797.0
GR0000001111,2021,11,853670.0,297514.0,324646.0,2038201.0,848756.0,78575.0,376089.0,1825234.0
GR0000001111,2022,11,959832.0,337301.0,439163.0,3317997.0,1622088.0,109134.0,446434.0,2551355.0
GR0000001111,2023,12,754214.0,196910.0,474157.0,1758320.0,992460.0,50449.0,247359.0,2125268.0
GR0000001111,2024,13,1162102.0,317531.0,475905.0,3077835.0,1663054.0,116952.0,434484.0,3179039.0
GR0000001112,2020,14,893993.0,248280.0,308678.0,4775314.0,2187057.0,75113.0,323393.0,2927444.0
GR0000001112,2021,14,1229648.0,272227.0,323134.0,3228592.0,1474326.0,100136.0,372363.0,2768911.0
GR0000001112,2022,12,338676.0,79134.0,345240.0,958685.0,513233.0,26883.0,106017.0,903146.0
GR0000001112,2023,13,452708.0,104077.0,330629.0,1732340.0,972279.0,39572.0,143648.0,1039732.0
GR0000001112,2024,14,908953.0,283771.0,301573.0,3146770.0,2034408.0,92955.0,376726.0,2793702.0
GR0000001113,2020,3,367530.0,154845.0,94588.0,2166467.0,1296834.0,47868.0,202713.0,1469582.0
GR0000001113,2021,3,167695.0,71573.0,122994.0,950367.0,616350.0,20749.0,92323.0,682461.0
GR0000001113,2022,3,280583.0,112167.0,127693.0,2387213.0,1407936.0,29649.0,141816.0,1278733.0
GR0000001113,2023,3,124445.0,55434.0,108079.0,600520.0,371711.0,15194.0,70628.0,491268.0
GR0000001113,2024,3,295012.0,100686.0,133949.0,1594574.0,902289.0,30533.0,131219.0,1213003.0
GR0000001114,2020,63,13624359.0,5693802.0,2643483.0,134028210.0,106042956.0,1975509.0,7669310.0,32478487.0
GR0000001114,2021,71,16130874.0,6720671.0,2825463.0,143240462.0,107705673.0,2476755.0,9197426.0,31314473.0
GR0000001114,2022,80,27392817.0,12015737.0,3228436.0,276369931.0,237625850.0,3035404.0,15051142.0,46587852.0
GR0000001114,2023,95,11981921.0,4846194.0,4728185.0,158288025.0,132929778.0,1651979.0,6498173.0,26096302.0
GR0000001114,2024,100,37426426.0,15076865.0,3703112.0,424858322.0,365099558.0,5184742.0,20261607.0,66717460.0
GR0000001115,2020,1,34361.0,14182.0,26182.0,262293.0,181204.0,4405.0,18587.0,167766.0
GR0000001115,2021,1,25415.0,7992.0,33706.0,273600.0,202959.0,2839.0,10831.0,140230.0
GR0000001115,2022,1,25947.0,10313.0,26099.0,146314.0,105505.0,3686.0,13999.0,108281.0
GR0000001115,2023,1,31718.0,12903.0,26923.0,234788.0,165841.0,5444.0,18347.0,164767.0
GR0000001115,2024,1,32938.0,13634.0,25379.0,236822.0,165983.0,5692.0,19325.0,150388.0
GR0000001116,2020,1,17085.0,4657.0,19093.0,62412.0,40981.0,1461.0,6118.0,76371.0
GR0000001116,2021,1,10697.0,1908.0,13985.0,52175.0,27613.0,629.0,2537.0,55942.0
GR0000001116,2022,1,10352.0,2303.0,11038.0,35256.0,22158.0,733.0,3036.0,44153.0
GR0000001116,2023,1,13716.0,3998.0,20993.0,97248.0,49192.0,1187.0,5185.0,91216.0
GR0000001116,2024,1,5241.0,1216.0,8560.0,33971.0,17932.0,380.0,1596.0,34241.0
GR0000001117,2021,2,30274.0,13327.0,33534.0,289015.0,180741.0,4440.0,17767.0,134135.0
GR0000001117,2022,2,63479.0,19424.0,52430.0,438425.0,300792.0,5982.0,25406.0,305193.0
GR0000001117,2023,2,65600.0,29124.0,60108.0,519363.0,287436.0,9733.0,38857.0,305003.0
GR0000001117,2024,2,48555.0,20026.0,51262.0,409128.0,254324.0,6434.0,26460.0,251735.0
GR0000001118,2020,5,34670.0,9277.0,48027.0,202954.0,126936.0,3884.0,13161.0,192107.0
GR0000001118,2021,4,65424.0,15901.0,80561.0,322154.0,202988.0,5784.0,21686.0,322244.0
GR0000001118,2022,3,24490.0,3693.0,38991.0,166939.0,115161.0,1375.0,5068.0,155963.0
GR0000001118,2023,3,36717.0,10780.0,58870.0,170685.0,109160.0,3358.0,14138.0,235481.0
GR0000001118,2024,3,62298.0,15226.0,49213.0,226885.0,117350.0,4687.0,19913.0,282621.0
GR0000001119,2024,10,127646.0,30915.0,189023.0,606554.0,386827.0,12723.0,43637.0,669132.0
GR0000001120,2020,1,122559.0,51561.0,36320.0,268556.0,124279.0,13475.0,65036.0,235596.0
GR0000001120,2021,1,166628.0,52578.0,30771.0,346506.0,204874.0,13473.0,66051.0,269046.0
GR0000001120,2022,1,127896.0,44903.0,32265.0,211133.0,133991.0,14309.0,59212.0,220689.0
GR0000001120,2023,1,175580.0,61838.0,31532.0,310270.0,181159.0,22419.0,84257.0,301736.0
GR0000001120,2024,1,63605.0,22877.0,28438.0,103344.0,59591.0,6097.0,28973.0,108567.0
GR0000001121,2024,4,149092.0,36775.0,71167.0,1135025.0,648499.0,10708.0,47483.0,506426.0
GR0000001122,2020,1,31965.0,7100.0,21017.0,139745.0,104157.0,2114.0,9214.0,166480.0
GR0000001122,2021,1,20198.0,3217.0,23865.0,101683.0,64515.0,1197.0,4414.0,127875.0
GR0000001122,2022,1,17216.0,4270.0,20238.0,72458.0,43426.0,1642.0,5911.0,105917.0
GR0000001122,2023,1,15165.0,3514.0,20216.0,75768.0,54039.0,1392.0,4906.0,97173.0
GR0000001122,2024,1,23478.0,5204.0,20738.0,98692.0,71463.0,1742.0,6946.0,98890.0
GR0000001123,2020,93,4445069.0,1437833.0,2605883.0,10863510.0,6429219.0,550016.0,1987849.0,17232002.0
GR0000001123,2021,95,2501413.0,737424.0,2365727.0,9210060.0,5723462.0,245865.0,983289.0,10124692.0
GR0000001123,2022,89,4641541.0,1561706.0,2257102.0,19032293.0,8967661.0,554604.0,2116311.0,18579905.0
GR0000001123,2023,99,5996791.0,1901588.0,2609611.0,20525981.0,11547004.0,622638.0,2524227.0,24531461.0
GR0000001123,2024,91,4859923.0,1476058.0,2285076.0,17522092.0,8596832.0,464085.0,1940143.0,21232480.0
GR0000001124,2024,5,115607.0,40891.0,155589.0,1603839.0,1015988.0,16244.0,57134.0,622355.0
GR0000001125,2020,19,430901.0,81579.0,359674.0,836177.0,531197.0,25176.0,106756.0,1798370.0
GR0000001125,2021,17,226298.0,60242.0,180660.0,373486.0,275183.0,22596.0,82838.0,903300.0
GR0000001125,2022,19,277962.0,72669.0,199328.0,671918.0,429182.0,27592.0,100261.0,996641.0
GR0000001125,2023,20,267606.0,68848.0,198967.0,493252.0,367340.0,20684.0,89532.0,994834.0
GR0000001125,2024,23,323893.0,83299.0,273429.0,757906.0,547493.0,28552.0,111851.0,1367146.0
GR0000001126,2020,228,22513354.0,5180262.0,6292479.0,60751813.0,38705663.0,1189878.0,6370140.0,51680415.0
GR0000001126,2021,245,25006527.0,6937713.0,5275680.0,77129352.0,39889750.0,2376746.0,9314459.0,64630083.0
GR0000001126,2022,250,24214729.0,6932813.0,7309195.0,106806873.0,58770970.0,2220354.0,9153167.0,62379770.0
GR0000001126,2023,225,24951492.0,6879201.0,4798144.0,59049102.0,33258864.0,2509097.0,9388298.0,52522025.0
GR0000001126,2024,237,23630272.0,7437627.0,6379229.0,63755003.0,44551091.0,1932877.0,9370504.0,62147411.0
GR0000001127,2023,11,246637.0,75681.0,267896.0,1365171.0,830026.0,24385.0,100066.0,1040670.0
GR0000001127,2024,11,321299.0,73739.0,284484.0,1299203.0,726893.0,19119.0,92858.0,1332477.0
GR0000001128,2024,18,1296928.0,401249.0,539261.0,3501494.0,2055119.0,105591.0,506840.0,3554803.0
GR0000001129,2020,4,972366.0,440251.0,199738.0,6632879.0,5585780.0,134632.0,574883.0,1884351.0
GR0000001129,2021,4,1070593.0,522135.0,156712.0,11541516.0,9352755.0,135687.0,657822.0,2205882.0
GR0000001129,2022,3,688083.0,297894.0,125863.0,4244684.0,3370351.0,92961.0,390855.0,1166143.0
GR0000001129,2023,3,559271.0,209989.0,115030.0,6756670.0,5173801.0,75107.0,285096.0,1322938.0
GR0000001129,2024,3,788445.0,341243.0,146978.0,7059594.0,5709966.0,121053.0,462295.0,1395982.0
GR0000001130,2020,2,24403.0,3827.0,24584.0,83073.0,44517.0,1321.0,5149.0,98338.0
GR0000001130,2021,2,23811.0,5844.0,39152.0,160887.0,103965.0,2444.0,8288.0,156609.0
GR0000001130,2022,1,11502.0,3447.0,15908.0,57917.0,35526.0,1130.0,4577.0,63631.0
GR0000001130,2023,1,12912.0,3990.0,20138.0,102314.0,52554.0,1168.0,5158.0,80553.0
GR0000001130,2024,1,14500.0,2725.0,15797.0,53408.0,36634.0,1022.0,3747.0,63187.0
GR0000001131,2020,14,461674.0,149065.0,356510.0,3371118.0,2323706.0,58558.0,207623.0,2384260.0
GR0000001131,2021,15,507572.0,196176.0,507371.0,5272562.0,3610151.0,74396.0,270572.0,2912445.0
GR0000001131,2022,17,623427.0,223527.0,540055.0,7099610.0,5144241.0,78689.0,302216.0,2980668.0
GR0000001131,2023,16,336352.0,135003.0,436253.0,4186559.0,2775159.0,47247.0,182250.0,2086624.0
GR0000001131,2024,15,329470.0,149237.0,405777.0,3574825.0,2312308.0,44203.0,193440.0,1623107.0
GR0000001132,2020,2,87951.0,22278.0,45721.0,339598.0,176814.0,7983.0,30261.0,255788.0
GR0000001132,2021,2,131408.0,47857.0,54311.0,326842.0,169627.0,15637.0,63494.0,303512.0
GR0000001132,2022,2,77421.0,18005.0,57220.0,186311.0,99800.0,6247.0,24252.0,195105.0
GR0000001132,2023,2,60288.0,17536.0,51079.0,221756.0,106418.0,7308.0,24844.0,149688.0
GR0000001132,2024,2,69191.0,17648.0,51849.0,216107.0,119550.0,5217.0,22864.0,154768.0
GR0000001133,2020,2,36910.0,7575.0,33653.0,118208.0,83532.0,2485.0,10060.0,169953.0
GR0000001133,2021,2,19636.0,5388.0,16325.0,34135.0,24068.0,2144.0,7532.0,81627.0
GR0000001133,2022,2,41251.0,9860.0,31164.0,99234.0,69690.0,3361.0,13222.0,155821.0
GR0000001133,2023,2,49485.0,12584.0,37145.0,116173.0,73457.0,5375.0,17959.0,185725.0
GR0000001133,2024,1,18027.0,5362.0,16681.0,36765.0,26969.0,1525.0,6887.0,83403.0
GR0000001134,2020,3,29488.0,5586.0,35381.0,141410.0,74563.0,1964.0,7550.0,141526.0
GR0000001134,2021,3,61184.0,18114.0,48847.0,241626.0,169124.0,5503.0,23617.0,265488.0
GR0000001134,2022,3,40331.0,6087.0,48248.0,207993.0,127489.0,2423.0,8510.0,192991.0
GR0000001134,2023,3,46652.0,9062.0,49187.0,284784.0,183179.0,3805.0,12867.0,279152.0
GR0000001134,2024,3,61322.0,11165.0,50281.0,285863.0,185798.0,3565.0,14730.0,280147.0
GR0000001135,2020,47,601505.0,159397.0,670928.0,2161172.0,1276684.0,58741.0,218137.0,2683711.0
GR0000001135,2021,43,835660.0,202736.0,665592.0,5005325.0,2655030.0,59608.0,262345.0,4464924.0
GR0000001135,2022,44,944193.0,216294.0,854616.0,4646846.0,3237506.0,83996.0,300290.0,4187927.0
GR0000001135,2023,42,275722.0,70426.0,367093.0,1293274.0,726145.0,28821.0,99247.0,1468371.0
GR0000001135,2024,38,217852.0,61452.0,343162.0,1589357.0,1107202.0,20368.0,81821.0,1372648.0
GR0000001136,2020,16,177975.0,41627.0,170405.0,530931.0,378761.0,17661.0,59288.0,852024.0
GR0000001136,2021,16,431036.0,83303.0,257966.0,918601.0,621347.0,35625.0,118928.0,1691621.0
GR0000001136,2022,18,214622.0,33713.0,181513.0,641732.0,470753.0,13630.0,47343.0,907566.0
GR0000001136,2023,19,272888.0,76912.0,234872.0,699972.0,404209.0,29174.0,106087.0,1174362.0
GR0000001136,2024,20,310123.0,60522.0,207717.0,505478.0,302063.0,22465.0,82986.0,1038585.0
GR0000001137,2023,5,387510.0,137628.0,140512.0,1090556.0,495677.0,38053.0,175681.0,993141.0
GR0000001137,2024,5,483177.0,153212.0,152929.0,1302124.0,748951.0,42494.0,195706.0,1337308.0
GR0000001138,2024,17,3483266.0,1435118.0,536052.0,4307117.0,1826896.0,372367.0,1807485.0,5423150.0
GR0000001139,2020,5,181796.0,63940.0,139243.0,650720.0,371763.0,20853.0,84793.0,843279.0
GR0000001139,2021,5,158496.0,52914.0,142427.0,648566.0,440075.0,14050.0,66965.0,611222.0
GR0000001139,2022,4,176986.0,58602.0,115826.0,600139.0,380234.0,21889.0,80491.0,808548.0
GR0000001139,2023,4,180411.0,57400.0,118015.0,737919.0,492053.0,17162.0,74562.0,791610.0
GR0000001139,2024,4,185671.0,64150.0,118596.0,527301.0,316113.0,19565.0,83715.0,681632.0
GR0000001140,2020,6,595999.0,201165.0,224279.0,1153461.0,559343.0,68325.0,269489.0,1364957.0
GR0000001140,2021,5,607593.0,183984.0,164617.0,1470967.0,685593.0,68458.0,252441.0,1218480.0
GR0000001140,2022,5,599222.0,175299.0,166504.0,1668941.0,932691.0,61840.0,237139.0,1394849.0
GR0000001140,2023,4,416088.0,151000.0,102433.0,1099236.0,505728.0,39776.0,190776.0,1139810.0
GR0000001140,2024,4,391316.0,102455.0,123389.0,811740.0,473988.0,35672.0,138126.0,1031491.0
GR0000001141,2020,33,950954.0,209880.0,695469.0,6506345.0,4566179.0,70701.0,280580.0,4492749.0
GR0000001141,2021,28,393270.0,92286.0,534019.0,3019283.0,1949319.0,25296.0,117581.0,2418976.0
GR0000001141,2022,25,764587.0,202216.0,601755.0,4533671.0,2798134.0,62169.0,264386.0,4155870.0
GR0000001141,2023,22,411496.0,119628.0,439385.0,3434717.0,2331158.0,36791.0,156419.0,2506018.0
GR0000001141,2024,18,276624.0,61944.0,318061.0,1685233.0,1315983.0,21328.0,83272.0,1403590.0
GR0000001142,2021,5,241562.0,114618.0,161393.0,1263774.0,761371.0,29825.0,144444.0,932952.0
GR0000001142,2022,4,159862.0,56564.0,146647.0,1397805.0,746416.0,15578.0,72142.0,684603.0
GR0000001142,2023,4,163739.0,57956.0,127309.0,1111399.0,586972.0,16095.0,74051.0,578678.0
GR0000001142,2024,4,234067.0,92419.0,138013.0,1427477.0,966812.0,24588.0,117007.0,1041986.0
GR0000001143,2020,249,4793426.0,777100.0,3993981.0,12809795.0,7111840.0,247363.0,1024463.0,18154460.0
GR0000001143,2021,249,6315444.0,1829808.0,4624431.0,25235589.0,13501434.0,583652.0,2413460.0,27722276.0
GR0000001143,2022,249,5625170.0,1474314.0,5095479.0,14640410.0,7643134.0,431286.0,1905599.0,23161269.0
GR0000001143,2023,227,7521802.0,1823534.0,4651420.0,27757107.0,16416909.0,654459.0,2477993.0,30817700.0
GR0000001143,2024,240,6262369.0,1430753.0,5082619.0,20417944.0,12259613.0,430523.0,1861275.0,24215435.0
GR0000001144,2020,9,287895.0,75558.0,245053.0,1011859.0,501243.0,27112.0,102670.0,1174738.0
GR0000001144,2021,9,325596.0,106669.0,245495.0,1038218.0,603472.0,29369.0,136038.0,1459840.0
GR0000001144,2022,9,290451.0,68720.0,269069.0,704024.0,360843.0,23237.0,91957.0,970054.0
GR0000001144,2023,9,413046.0,146202.0,215317.0,1411707.0,742508.0,55420.0,201621.0,1631654.0
GR0000001144,2024,8,361581.0,98599.0,203745.0,1094950.0,613450.0,30732.0,129331.0,1331163.0
GR0000001145,2020,45,2655368.0,755680.0,1314589.0,8038833.0,5118668.0,237870.0,993550.0,10605141.0
GR0000001145,2021,45,2328072.0,519554.0,1378860.0,7713076.0,4118446.0,156635.0,676189.0,7843383.0
GR0000001145,2022,45,2598144.0,891103.0,1228309.0,9900833.0,6179831.0,211817.0,1102920.0,11751348.0
GR0000001145,2023,45,2061642.0,754370.0,1198043.0,7627353.0,3234865.0,204047.0,958417.0,9428551.0
GR0000001145,2024,38,1846395.0,405714.0,1120055.0,5348016.0,2689389.0,142290.0,548005.0,7517187.0
GR0000001146,2020,7,91632.0,19304.0,126012.0,426425.0,271922.0,7934.0,27238.0,550769.0
GR0000001146,2021,8,150735.0,22455.0,190695.0,457645.0,314257.0,9530.0,31985.0,677450.0
GR0000001146,2022,8,223081.0,59391.0,167351.0,948449.0,600266.0,21807.0,81198.0,1076972.0
GR0000001146,2023,9,154824.0,32695.0,204197.0,703131.0,428547.0,13220.0,45915.0,741816.0
GR0000001146,2024,10,293611.0,85325.0,247509.0,1363679.0,913420.0,27407.0,112732.0,1405092.0
GR0000001147,2020,25,964303.0,154434.0,465773.0,2383030.0,1379492.0,54240.0,208674.0,3564646.0
GR0000001147,2021,24,734464.0,183217.0,506314.0,2178887.0,1412622.0,46265.0,229483.0,3121006.0
GR0000001147,2022,22,498795.0,135374.0,410476.0,1351488.0,767607.0,42501.0,177875.0,1865799.0
GR0000001147,2023,21,511979.0,89961.0,400970.0,1670574.0,1021095.0,31634.0,121595.0,1973689.0
GR0000001147,2024,24,514489.0,89534.0,482620.0,2137307.0,964707.0,25291.0,114825.0,2193728.0
GR0000001148,2021,6,98429.0,18125.0,126896.0,362881.0,262967.0,6139.0,24264.0,422986.0
GR0000001148,2022,6,120122.0,28773.0,134714.0,415609.0,306956.0,9789.0,38561.0,529869.0
GR0000001148,2023,6,152950.0,37035.0,147562.0,620193.0,348203.0,15446.0,52480.0,632748.0
GR0000001148,2024,6,146722.0,24913.0,137371.0,576193.0,341404.0,9461.0,34374.0,689774.0
GR0000001149,2020,176,21387539.0,6185939.0,5353787.0,37104270.0,21894071.0,1725754.0,7911693.0,65984618.0
GR0000001149,2021,199,17522461.0,5011772.0,5104400.0,34818993.0,17988528.0,1608521.0,6620293.0,53198740.0
GR0000001149,2022,234,28026035.0,7192033.0,7190721.0,61016904.0,29318336.0,2142081.0,9334114.0,86450255.0
GR0000001149,2023,212,10975422.0,3784539.0,6511990.0,21743330.0,11231880.0,1258406.0,5042945.0,41536475.0
GR0000001149,2024,197,12746155.0,4186486.0,5003378.0,40055818.0,18488686.0,1232493.0,5418979.0,50431191.0
GR0000001150,2020,7,149851.0,41917.0,141717.0,701702.0,482783.0,17527.0,59444.0,697104.0
GR0000001150,2021,7,81892.0,29429.0,158802.0,388856.0,248607.0,8769.0,38198.0,447233.0
GR0000001150,2022,6,158803.0,42945.0,127147.0,648666.0,426726.0,16084.0,59029.0,683009.0
GR0000001150,2023,6,90144.0,24373.0,105181.0,375645.0,277536.0,9118.0,33492.0,380817.0
GR0000001150,2024,6,107173.0,34459.0,137733.0,882820.0,547379.0,9897.0,44355.0,657608.0
GR0000001151,2020,8,1508746.0,652271.0,246038.0,1967268.0,967690.0,248414.0,900686.0,2369086.0
GR0000001151,2021,9,1138977.0,354627.0,313535.0,1597642.0,826431.0,132523.0,487150.0,1754074.0
GR0000001151,2022,8,1232899.0,493757.0,274032.0,1673257.0,886727.0,180643.0,674400.0,1940739.0
GR0000001151,2023,9,1573405.0,511339.0,323864.0,3012990.0,1294759.0,131066.0,642405.0,2970852.0
GR0000001151,2024,9,1503753.0,610068.0,350139.0,3322423.0,1414156.0,183494.0,793562.0,2999148.0
GR0000001152,2023,5,104289.0,27497.0,133771.0,400308.0,191932.0,7259.0,34757.0,477753.0
GR0000001152,2024,4,120180.0,41610.0,104982.0,456669.0,237151.0,10449.0,52060.0,563499.0
GR0000001153,2020,12,429679.0,66451.0,338358.0,1015653.0,654975.0,21623.0,88074.0,1543601.0
GR0000001153,2021,14,711816.0,203879.0,437696.0,2602613.0,1375887.0,78814.0,282694.0,2980766.0
GR0000001153,2022,16,595239.0,119631.0,461130.0,2151685.0,1264434.0,38733.0,158364.0,2606667.0
GR0000001153,2023,16,1025154.0,257073.0,486336.0,2691503.0,1652705.0,90844.0,347917.0,4107137.0
GR0000001153,2024,18,870516.0,191519.0,442444.0,2768273.0,1487362.0,71595.0,263113.0,3986927.0
GR0000001154,2020,40,1581682.0,285778.0,588505.0,9954736.0,6878804.0,118869.0,404647.0,3961967.0
GR0000001154,2021,45,1824884.0,515987.0,636563.0,9653785.0,6128818.0,182674.0,698661.0,5206991.0
GR0000001154,2022,40,624281.0,91801.0,668630.0,3519755.0,2323733.0,36173.0,127974.0,1978156.0
GR0000001154,2023,46,1041892.0,158016.0,690568.0,4638089.0,2933228.0,64296.0,222312.0,3019187.0
GR0000001154,2024,49,882404.0,163236.0,724717.0,5073095.0,3891300.0,51623.0,214858.0,2563378.0
GR0000001155,2020,2,36261.0,9076.0,45326.0,214379.0,108394.0,3814.0,12891.0,189653.0
GR0000001155,2021,2,19853.0,5514.0,36204.0,106282.0,59697.0,2219.0,7733.0,120680.0
GR0000001155,2022,2,38675.0,8950.0,41880.0,210856.0,122473.0,3213.0,12163.0,184513.0
GR0000001155,2023,2,43695.0,15693.0,38646.0,269116.0,142473.0,5798.0,21491.0,227219.0
GR0000001155,2024,1,18994.0,6923.0,18448.0,94962.0,64853.0,2388.0,9310.0,95017.0
GR0000001156,2020,9,510225.0,177103.0,271848.0,1279347.0,562920.0,51450.0,228552.0,1317862.0
GR0000001156,2021,8,1042064.0,262165.0,275200.0,1904571.0,867808.0,74077.0,336242.0,2281254.0
GR0000001156,2022,7,1328738.0,387826.0,278944.0,2796961.0,1329457.0,144758.0,532584.0,2718639.0
GR0000001156,2023,7,872538.0,251679.0,256647.0,2139974.0,1055893.0,68162.0,319841.0,1896057.0
GR0000001156,2024,7,862491.0,284122.0,181211.0,2014106.0,906192.0,84087.0,368209.0,1822427.0
GR0000001157,2020,5,198155.0,39120.0,90886.0,859405.0,653337.0,11641.0,50761.0,678037.0
GR0000001157,2021,5,69333.0,19141.0,90422.0,443317.0,334013.0,5908.0,25049.0,200938.0
GR0000001157,2022,4,133623.0,24069.0,77681.0,706248.0,461593.0,8908.0,32977.0,413042.0
GR0000001157,2023,3,129220.0,35664.0,43464.0,501972.0,361370.0,11988.0,47653.0,346325.0
GR0000001157,2024,3,74123.0,19908.0,46204.0,218435.0,143362.0,7913.0,27821.0,186947.0
GR0000001158,2020,1,15498.0,3269.0,15635.0,78862.0,51878.0,1028.0,4297.0,45809.0
GR0000001158,2021,1,40982.0,9001.0,17455.0,130905.0,103603.0,3149.0,12150.0,109530.0
GR0000001158,2022,1,17996.0,3992.0,17567.0,162716.0,103090.0,1142.0,5134.0,61862.0
GR0000001158,2023,1,30526.0,4636.0,14886.0,126783.0,93473.0,1655.0,6292.0,107206.0
GR0000001158,2024,1,19719.0,3145.0,16224.0,103495.0,71715.0,969.0,4113.0,54459.0
GR0000001159,2020,133,34734270.0,8857903.0,5157664.0,61291503.0,32326947.0,2710655.0,11568558.0,70291355.0
GR0000001159,2021,141,26659865.0,7434655.0,5561363.0,52032555.0,24623758.0,2288526.0,9723180.0,54477840.0
GR0000001159,2022,139,29725459.0,7517463.0,5034633.0,49543458.0,22909225.0,1672347.0,9189811.0,65773018.0
GR0000001159,2023,130,18760616.0,5667756.0,5270847.0,31584521.0,14174779.0,1318452.0,6986208.0,35979757.0
GR0000001159,2024,150,28760643.0,8468146.0,7170691.0,41782999.0,19443808.0,3243179.0,11711326.0,56854504.0
GR0000001160,2020,4,359229.0,142357.0,187162.0,4933885.0,4021565.0,52322.0,194679.0,838552.0
GR0000001160,2021,4,612350.0,267755.0,141455.0,5314884.0,4206573.0,70387.0,338142.0,1237079.0
GR0000001160,2022,4,957761.0,507445.0,152011.0,7420151.0,6015106.0,161412.0,668857.0,2093975.0
GR0000001160,2023,4,1005204.0,512617.0,157361.0,12071460.0,9923427.0,160552.0,673169.0,1869153.0
GR0000001160,2024,4,509632.0,272950.0,147729.0,3789165.0,3170338.0,73177.0,346127.0,867391.0
GR0000001161,2020,35,2963425.0,629030.0,809794.0,13443154.0,8482033.0,238413.0,867443.0,7954131.0
GR0000001161,2021,37,2138330.0,614796.0,613359.0,8743015.0,6192073.0,181084.0,795880.0,5785494.0
GR0000001161,2022,34,2849886.0,457141.0,841147.0,8474172.0,6185985.0,152133.0,609274.0,6551328.0
GR0000001161,2023,31,1579448.0,379358.0,762086.0,6639803.0,4977935.0,142201.0,521559.0,4726688.0
GR0000001161,2024,28,2689830.0,682938.0,639853.0,9624658.0,7120348.0,184700.0,867637.0,6604305.0
GR0000001162,2020,6,205529.0,72104.0,179138.0,1809302.0,1041007.0,22751.0,94855.0,924795.0
GR0000001162,2021,5,174861.0,77870.0,152664.0,1372552.0,833357.0,25204.0,103074.0,770492.0
GR0000001162,2022,5,180822.0,52787.0,133751.0,2403994.0,1679155.0,21921.0,74708.0,1114928.0
GR0000001162,2023,4,137933.0,53089.0,103758.0,1270577.0,876368.0,17486.0,70575.0,586541.0
GR0000001162,2024,4,119089.0,41355.0,128071.0,785598.0,440174.0,13265.0,54620.0,574897.0
GR0000001163,2020,101,8003916.0,2079901.0,2744125.0,16220637.0,10076637.0,615440.0,2695341.0,22934482.0
GR0000001163,2021,107,4824191.0,1515001.0,3753231.0,11555771.0,7581311.0,339417.0,1854417.0,18016955.0
GR0000001163,2022,102,6419359.0,2288098.0,3386357.0,21433200.0,11129408.0,554557.0,2842655.0,23721420.0
GR0000001163,2023,96,5870575.0,1957858.0,3223130.0,16460116.0,10599503.0,663339.0,2621198.0,22351807.0
GR0000001163,2024,95,6536181.0,2120633.0,3572340.0,17075966.0,8956457.0,553030.0,2673664.0,23507314.0
GR0000001164,2020,6,434320.0,146124.0,158510.0,1124845.0,543161.0,54793.0,200917.0,1572731.0
GR0000001164,2021,6,406565.0,137296.0,160955.0,1306328.0,658063.0,42080.0,179376.0,1491692.0
GR0000001164,2022,6,220096.0,76235.0,145247.0,524680.0,303269.0,27102.0,103336.0,827457.0
GR0000001164,2023,6,323503.0,113516.0,140022.0,1244658.0,648407.0,42783.0,156299.0,1576062.0
GR0000001164,2024,6,279032.0,80172.0,137391.0,747706.0,393563.0,23456.0,103628.0,1011001.0
GR0000001165,2020,10,111732.0,18466.0,151237.0,554886.0,299521.0,5653.0,24119.0,604950.0
GR0000001165,2021,11,141062.0,21342.0,149468.0,483737.0,329966.0,7402.0,28744.0,597872.0
GR0000001165,2022,11,141573.0,33151.0,155055.0,618403.0,376599.0,12126.0,45277.0,620218.0
GR0000001165,2023,10,77695.0,16143.0,120142.0,631098.0,413905.0,5057.0,21200.0,480568.0
GR0000001165,2024,11,103503.0,28340.0,169614.0,563025.0,328683.0,9715.0,38055.0,689441.0
GR0000001166,2020,2,31428.0,7097.0,30937.0,216695.0,144216.0,2767.0,9865.0,114377.0
GR0000001166,2021,2,28327.0,4419.0,32778.0,141652.0,103258.0,1483.0,5901.0,72840.0
GR0000001166,2022,2,25055.0,4229.0,31625.0,155792.0,99180.0,1605.0,5835.0,97011.0
GR0000001166,2023,2,54156.0,12878.0,32321.0,276037.0,201805.0,3735.0,16613.0,170497.0
GR0000001166,2024,1,20746.0,6140.0,15184.0,78415.0,54020.0,2014.0,8153.0,54862.0
GR0000001167,2020,20,452380.0,163482.0,388900.0,2660827.0,1412916.0,50449.0,213931.0,2249586.0
GR0000001167,2021,19,478521.0,129981.0,473458.0,2623187.0,1744641.0,43629.0,173610.0,2149020.0
GR0000001167,2022,19,269162.0,72885.0,456782.0,1381060.0,908146.0,20595.0,93480.0,1543814.0
GR0000001167,2023,20,487955.0,133503.0,412220.0,2443536.0,1556113.0,50298.0,183801.0,2056241.0
GR0000001167,2024,20,446630.0,137555.0,384617.0,2933705.0,1614841.0,40078.0,177632.0,2558691.0
GR0000001168,2020,94,16725828.0,7083700.0,4477590.0,18485138.0,6534294.0,2539275.0,9622975.0,24146123.0
GR0000001168,2021,101,38935806.0,11178801.0,4860683.0,45391839.0,23683770.0,3343140.0,14521941.0,60321198.0
GR0000001168,2022,85,34722021.0,13252480.0,4302709.0,29425492.0,12442764.0,3531994.0,16784474.0,46257693.0
GR0000001168,2023,70,33052877.0,13439399.0,4210302.0,33470854.0,10609084.0,4266710.0,17706109.0,42576086.0
GR0000001168,2024,66,24689519.0,9603273.0,3872504.0,28750709.0,10311186.0,2454212.0,12057485.0,31830775.0
GR0000001169,2020,7,407173.0,103070.0,175575.0,581924.0,330439.0,35529.0,138599.0,1278612.0
GR0000001169,2021,6,182665.0,44476.0,102570.0,208170.0,144921.0,16562.0,61037.0,569836.0
GR0000001169,2022,7,322556.0,78586.0,158090.0,457726.0,266855.0,21010.0,99596.0,1145175.0
GR0000001169,2023,7,314679.0,72437.0,183261.0,478389.0,326064.0,22552.0,94989.0,1103513.0
GR0000001169,2024,7,204938.0,49497.0,133318.0,295489.0,151951.0,15585.0,65082.0,740653.0
GR0000001170,2020,346,16185951.0,4825623.0,11211460.0,40815551.0,20674326.0,1169972.0,5995596.0,79259860.0
GR0000001170,2021,348,12902412.0,3774098.0,11399824.0,27653484.0,13034174.0,1050548.0,4824646.0,45599294.0
GR0000001170,2022,391,15030714.0,2463379.0,14228624.0,39471306.0,24347088.0,700623.0,3164002.0,63381199.0
GR0000001170,2023,443,22496771.0,4759747.0,16272129.0,49832077.0,27657068.0,1341634.0,6101381.0,84779365.0
GR0000001170,2024,481,25474428.0,4952927.0,18069502.0,64536579.0,31000365.0,1090763.0,6043690.0,102564840.0
GR0000001171,2021,6,104559.0,31667.0,161854.0,576833.0,282905.0,6509.0,38176.0,539512.0
GR0000001171,2022,4,186537.0,39776.0,84867.0,660349.0,432634.0,8760.0,48536.0,717135.0
GR0000001171,2023,3,87131.0,22788.0,64539.0,407920.0,260184.0,5707.0,28495.0,482696.0
GR0000001171,2024,4,94200.0,24184.0,82800.0,469390.0,273823.0,6102.0,30285.0,464873.0
GR0000001172,2020,5,86174.0,21662.0,106983.0,245982.0,168920.0,8637.0,30299.0,356609.0
GR0000001172,2021,5,51757.0,14003.0,84736.0,209799.0,150358.0,4066.0,18069.0,282452.0
GR0000001172,2022,5,92438.0,15750.0,116578.0,491247.0,285060.0,4758.0,20508.0,542548.0
GR0000001172,2023,5,66917.0,15962.0,85162.0,252516.0,170389.0,4727.0,20689.0,283873.0
GR0000001172,2024,5,112207.0,33330.0,120969.0,513108.0,299568.0,9869.0,43199.0,483963.0
GR0000001173,2024,1,123953.0,43385.0,24431.0,478457.0,237220.0,11215.0,54600.0,293014.0
GR0000001174,2020,2,58621.0,10879.0,49100.0,190244.0,141146.0,3965.0,14844.0,237819.0
GR0000001174,2021,2,23427.0,3880.0,38894.0,117446.0,74567.0,1421.0,5301.0,129647.0
GR0000001174,2022,1,28233.0,7622.0,19996.0,149630.0,101568.0,2845.0,10466.0,175831.0
GR0000001174,2023,1,20943.0,4619.0,20969.0,102432.0,58951.0,1631.0,6250.0,124356.0
GR0000001174,2024,1,28091.0,7662.0,21903.0,98498.0,55757.0,2446.0,10108.0,137882.0
GR0000001175,2020,57,19911933.0,7445192.0,3048500.0,22611574.0,7122840.0,2431006.0,9876198.0,30889898.0
GR0000001175,2021,62,22794129.0,9405800.0,3622562.0,22411542.0,9281573.0,2458300.0,11864100.0,31372078.0
GR0000001175,2022,73,19743452.0,7891980.0,4077537.0,19869371.0,9039332.0,2349777.0,10241757.0,26343693.0
GR0000001175,2023,66,17403171.0,6122816.0,3133421.0,20793604.0,7742882.0,1820274.0,7943090.0,27744753.0
GR0000001175,2024,61,18647334.0,5767262.0,2452762.0,18816946.0,8864475.0,1787308.0,7554570.0,31039238.0
GR0000001176,2024,223,22895570.0,10418596.0,9975170.0,107991179.0,58558754.0,2911861.0,13330457.0,88454409.0
GR0000001177,2020,23,430973.0,102999.0,448993.0,2083305.0,1285807.0,32078.0,135077.0,1914521.0
GR0000001177,2021,23,373157.0,84663.0,460379.0,1856299.0,1081489.0,35680.0,120343.0,1841514.0
GR0000001177,2022,20,305262.0,74987.0,332085.0,1308598.0,849466.0,28398.0,103385.0,1328338.0
GR0000001177,2023,21,267903.0,47998.0,331072.0,1130700.0,579455.0,19557.0,67555.0,1324287.0
GR0000001177,2024,21,243394.0,51969.0,337895.0,1208144.0,739803.0,17570.0,69538.0,1589878.0
GR0000001178,2020,108,11953076.0,4978484.0,4039545.0,72681671.0,37456962.0,1278787.0,6257270.0,54294358.0
GR0000001178,2021,101,4910199.0,1592169.0,3977142.0,22537030.0,13666148.0,517804.0,2109973.0,18077917.0
GR0000001178,2022,87,11215448.0,3713005.0,2949525.0,93476345.0,60943113.0,867661.0,4580666.0,46189654.0
GR0000001178,2023,73,8438841.0,2314919.0,2948283.0,50915123.0,35129054.0,765320.0,3080239.0,27804726.0
GR0000001178,2024,71,7712698.0,2929021.0,2639116.0,44850921.0,28596500.0,851554.0,3780575.0,28270178.0
GR0000001179,2021,46,1209698.0,309026.0,1153423.0,5087187.0,2294581.0,80655.0,389682.0,5576467.0
GR0000001179,2022,47,2322887.0,670376.0,1401555.0,6846985.0,3244144.0,229754.0,900130.0,8253469.0
GR0000001179,2023,49,2695863.0,817552.0,1269155.0,9559656.0,6078738.0,260387.0,1077940.0,12140934.0
GR0000001179,2024,49,2710169.0,1000954.0,1114593.0,7838823.0,4414694.0,350916.0,1351870.0,9609795.0
GR0000001180,2020,10,665001.0,204083.0,270511.0,1948920.0,1259966.0,64892.0,268975.0,1909339.0
GR0000001180,2021,10,769910.0,198741.0,289124.0,2451894.0,1171429.0,57599.0,256340.0,1728159.0
GR0000001180,2022,10,335401.0,73349.0,286092.0,1090835.0,573346.0,29421.0,102770.0,924741.0
GR0000001180,2023,10,840093.0,306664.0,217909.0,3334712.0,1564198.0,106506.0,413170.0,2402516.0
GR0000001180,2024,9,249153.0,84360.0,181029.0,836230.0,498734.0,33598.0,117958.0,802522.0
GR0000001181,2020,6,455203.0,167743.0,165936.0,1426588.0,879141.0,52936.0,220680.0,1671725.0
GR0000001181,2021,5,175341.0,60622.0,149495.0,615228.0,396398.0,18602.0,79224.0,694064.0
GR0000001181,2022,5,171163.0,42172.0,108113.0,589970.0,390878.0,10857.0,53029.0,804041.0
GR0000001181,2023,5,319573.0,79451.0,118225.0,1196047.0,825760.0,28267.0,107718.0,1109057.0
GR0000001181,2024,5,268763.0,90573.0,112862.0,816898.0,488508.0,29277.0,119850.0,1024980.0
GR0000001182,2020,51,2834915.0,687536.0,1669225.0,6553700.0,3427440.0,233320.0,920856.0,10764929.0
GR0000001182,2021,47,2526184.0,723599.0,1517966.0,5219762.0,3014579.0,193376.0,916975.0,7984272.0
GR0000001182,2022,46,3019663.0,781490.0,1611697.0,8559180.0,5453991.0,237069.0,1018560.0,10382161.0
GR0000001182,2023,46,3293101.0,1143593.0,1351796.0,10099574.0,4458381.0,267937.0,1411530.0,12682647.0
GR0000001182,2024,47,2925570.0,754982.0,1630002.0,5895377.0,3017107.0,185845.0,940827.0,9634978.0
GR0000001183,2020,4,174388.0,27676.0,101073.0,401894.0,216830.0,6253.0,33929.0,503052.0
GR0000001183,2021,3,155913.0,33450.0,82645.0,529861.0,280256.0,8369.0,41819.0,671659.0
GR0000001183,2022,3,168581.0,40928.0,77583.0,559673.0,304302.0,8739.0,49667.0,541098.0
GR0000001183,2023,3,208069.0,50763.0,88576.0,580036.0,326425.0,10306.0,61069.0,671151.0
GR0000001183,2024,2,197199.0,48038.0,53068.0,565016.0,269224.0,8672.0,56711.0,606382.0
GR0000001184,2020,45,8058460.0,3379515.0,1871863.0,14982918.0,5259781.0,952329.0,4331845.0,15594959.0
GR0000001184,2021,50,13306950.0,4572963.0,1757932.0,15611489.0,6264944.0,1366532.0,5939495.0,21392275.0
GR0000001184,2022,50,10057356.0,3685843.0,2012022.0,10962574.0,5223128.0,1227018.0,4912861.0,15440682.0
GR0000001184,2023,46,11497522.0,5111559.0,1604861.0,16371238.0,6058934.0,1697000.0,6808559.0,17482599.0
GR0000001184,2024,42,4964341.0,2061093.0,1668154.0,7577028.0,3256646.0,651100.0,2712193.0,9631537.0
GR0000001185,2020,1,18633.0,5880.0,23040.0,81119.0,42085.0,2152.0,8031.0,104611.0
GR0000001185,2021,1,17500.0,5740.0,18733.0,134332.0,89398.0,1642.0,7382.0,110105.0
GR0000001185,2022,1,27910.0,8209.0,22065.0,124321.0,67446.0,2339.0,10548.0,123511.0
GR0000001185,2023,1,16943.0,4143.0,21909.0,84418.0,42346.0,1185.0,5328.0,94075.0
GR0000001185,2024,1,10413.0,2662.0,19771.0,76057.0,51871.0,884.0,3547.0,65904.0
GR0000001186,2020,1,47453.0,10769.0,24373.0,264735.0,198737.0,2850.0,13619.0,273018.0
GR0000001186,2021,1,23983.0,4284.0,24379.0,93540.0,60294.0,825.0,5109.0,104117.0
GR0000001186,2022,1,21155.0,4818.0,23395.0,79064.0,44984.0,1159.0,5977.0,84918.0
GR0000001186,2023,1,36698.0,8578.0,20879.0,79954.0,48026.0,2414.0,10992.0,123279.0
GR0000001186,2024,1,37544.0,6692.0,22793.0,120934.0,95555.0,1811.0,8503.0,138345.0
GR0000001187,2020,33,7570648.0,3557369.0,1643845.0,67920823.0,59616459.0,1337634.0,4895004.0,18210417.0
GR0000001187,2021,32,5840512.0,2922665.0,1261557.0,39283615.0,32318572.0,1065818.0,3988483.0,10311721.0
GR0000001187,2022,34,6487748.0,2488051.0,1504783.0,69995177.0,53483817.0,907214.0,3395264.0,15320995.0
GR0000001187,2023,30,3726954.0,1512658.0,1436514.0,34453167.0,26818306.0,451499.0,1964156.0,9143453.0
GR0000001187,2024,28,7807419.0,4167151.0,1127237.0,42728542.0,33064638.0,1162254.0,5329405.0,14913614.0
GR0000001188,2020,32,573777.0,114655.0,594827.0,4613491.0,3586478.0,44247.0,158902.0,1932405.0
GR0000001188,2021,31,394147.0,93393.0,556500.0,1724853.0,1346150.0,26805.0,120199.0,1352134.0
GR0000001188,2022,33,885675.0,203720.0,467623.0,4034189.0,3042337.0,71881.0,275601.0,2973433.0
GR0000001188,2023,36,879750.0,230019.0,530693.0,5564814.0,4002191.0,80087.0,310105.0,2674472.0
GR0000001188,2024,43,853993.0,235482.0,809796.0,4378146.0,2812681.0,87922.0,323404.0,3049352.0
GR0000001189,2020,19,683683.0,169012.0,377738.0,729184.0,452444.0,59232.0,228244.0,2098544.0
GR0000001189,2021,19,620510.0,186070.0,372523.0,816442.0,443945.0,46779.0,232849.0,2069575.0
GR0000001189,2022,21,542168.0,131454.0,316613.0,594981.0,391913.0,49425.0,180880.0,1758961.0
GR0000001189,2023,23,1097768.0,341405.0,506732.0,1641674.0,956423.0,89467.0,430873.0,3328622.0
GR0000001189,2024,21,692781.0,171567.0,461708.0,1112328.0,754407.0,50150.0,221717.0,2565042.0
GR0000001190,2024,30,4377811.0,1838097.0,1197947.0,22636901.0,18023712.0,531548.0,2369645.0,7907367.0
GR0000001191,2020,12,984387.0,362869.0,391924.0,2762237.0,1451551.0,117506.0,480376.0,2125076.0
GR0000001191,2021,13,1038887.0,420455.0,347313.0,3134074.0,1288939.0,139157.0,559612.0,2475416.0
GR0000001191,2022,12,1126484.0,475149.0,402489.0,2727844.0,1427838.0,199802.0,674951.0,2703837.0
GR0000001191,2023,13,1018168.0,369779.0,417114.0,1992861.0,1031305.0,128991.0,498770.0,1912836.0
GR0000001191,2024,14,1046911.0,337236.0,445971.0,2582164.0,1187313.0,109937.0,447173.0,2049794.0
GR0000001192,2020,66,5298774.0,1101378.0,1450078.0,15087241.0,9158965.0,271290.0,1372668.0,13649567.0
GR0000001192,2021,67,6623487.0,1420430.0,1720356.0,16284291.0,8329134.0,454207.0,1874637.0,14753264.0
GR0000001192,2022,74,11920846.0,2980175.0,2041630.0,26527043.0,16820690.0,595302.0,3575478.0,25536727.0
GR0000001192,2023,78,5563379.0,1001540.0,2150203.0,21560259.0,13246763.0,331367.0,1332906.0,13803105.0
GR0000001192,2024,79,6207728.0,1193417.0,1917585.0,27274749.0,16115001.0,390287.0,1583703.0,16511834.0
GR0000001193,2020,54,3018303.0,1370238.0,2329171.0,16677874.0,9315078.0,378149.0,1748387.0,12973121.0
GR0000001193,2021,57,4095070.0,1544865.0,2437063.0,33047111.0,22254942.0,571033.0,2115898.0,16044873.0
GR0000001193,2022,58,3609388.0,1286944.0,2447286.0,27845859.0,17691408.0,358951.0,1645895.0,16669985.0
GR0000001193,2023,58,4289612.0,1511326.0,2199337.0,24904820.0,17377185.0,472379.0,1983704.0,17189773.0
GR0000001193,2024,61,2405360.0,755711.0,1925332.0,18116450.0,9922558.0,292487.0,1048198.0,10667978.0
GR0000001194,2020,11,530759.0,176162.0,309522.0,1542752.0,920323.0,50432.0,226594.0,1303870.0
GR0000001194,2021,10,481402.0,190233.0,280147.0,1222994.0,706638.0,71609.0,261842.0,1024672.0
GR0000001194,2022,9,739543.0,242207.0,241022.0,1576971.0,758917.0,74175.0,316383.0,1308334.0
GR0000001194,2023,8,680522.0,238088.0,253933.0,1920315.0,912261.0,79882.0,317970.0,1530406.0
GR0000001194,2024,9,598122.0,269820.0,225102.0,1137082.0,663598.0,84453.0,354273.0,1063893.0
GR0000001195,2020,5,266829.0,119881.0,130044.0,637708.0,284416.0,34862.0,154743.0,618117.0
GR0000001195,2021,4,153476.0,60188.0,126391.0,470878.0,250064.0,21883.0,82071.0,375120.0
GR0000001195,2022,3,366036.0,146691.0,100359.0,768181.0,407473.0,45413.0,192104.0,632363.0
GR0000001195,2023,2,143684.0,55434.0,54316.0,421631.0,229209.0,17739.0,73173.0,338493.0
GR0000001195,2024,2,83976.0,33780.0,51950.0,244748.0,120243.0,10193.0,43973.0,192760.0
GR0000001196,2020,60,2762969.0,1062799.0,2120814.0,8285793.0,4805288.0,298477.0,1361277.0,9954389.0
GR0000001196,2021,57,3046889.0,1049729.0,2140667.0,6923890.0,4217938.0,275193.0,1324922.0,9559069.0
GR0000001196,2022,58,3962152.0,1147701.0,2035051.0,10376548.0,7071924.0,356946.0,1504647.0,14097987.0
GR0000001196,2023,60,5362527.0,1928356.0,1687560.0,14817646.0,10041769.0,675431.0,2603788.0,19821921.0
GR0000001196,2024,60,5101507.0,1409095.0,1885841.0,14317645.0,9841393.0,516533.0,1925628.0,19205035.0
GR0000001197,2020,1,27291.0,11701.0,30236.0,243117.0,151659.0,3508.0,15209.0,120946.0
GR0000001197,2021,1,50869.0,16179.0,28116.0,610261.0,370793.0,5027.0,21206.0,232248.0
GR0000001197,2022,1,30731.0,12752.0,27435.0,412585.0,288633.0,5287.0,18039.0,202170.0
GR0000001197,2023,1,20978.0,8498.0,25553.0,172182.0,97760.0,2615.0,11113.0,102211.0
GR0000001197,2024,1,50171.0,19186.0,29602.0,387627.0,237207.0,6971.0,26157.0,208696.0
GR0000001198,2020,2,90250.0,20836.0,59904.0,296985.0,181893.0,8552.0,29388.0,228032.0
GR0000001198,2021,2,48686.0,18495.0,45764.0,163351.0,92309.0,5726.0,24221.0,161216.0
GR0000001198,2022,1,43615.0,11953.0,25864.0,178398.0,102949.0,4474.0,16427.0,128425.0
GR0000001198,2023,1,74884.0,24644.0,20609.0,250721.0,140646.0,8308.0,32953.0,172269.0
GR0000001198,2024,1,73540.0,18164.0,28070.0,225908.0,120365.0,5242.0,23407.0,200986.0
GR0000001199,2020,43,1787108.0,583220.0,996213.0,5385906.0,3718633.0,224074.0,807293.0,6494644.0
GR0000001199,2021,44,1915328.0,474384.0,1121333.0,7392945.0,5122033.0,155988.0,630372.0,8484508.0
GR0000001199,2022,48,2072746.0,684314.0,1060035.0,9633922.0,6228616.0,189799.0,874113.0,10129619.0
GR0000001199,2023,53,3311679.0,785456.0,1292517.0,8750706.0,5289546.0,273212.0,1058669.0,11938690.0
GR0000001199,2024,55,3000537.0,1123240.0,1135908.0,12467419.0,7729231.0,360806.0,1484045.0,11928814.0
GR0000001200,2020,11,540421.0,144441.0,200833.0,3085941.0,2165708.0,32979.0,177420.0,1662169.0
GR0000001200,2021,11,874872.0,175509.0,275338.0,2900533.0,1890402.0,44332.0,219841.0,2304065.0
GR0000001200,2022,11,507726.0,127931.0,280928.0,1947551.0,1383324.0,43314.0,171244.0,1254115.0
GR0000001200,2023,8,336744.0,77885.0,160910.0,892716.0,642614.0,23008.0,100892.0,783556.0
GR0000001200,2024,7,641039.0,104452.0,172024.0,2257732.0,1592737.0,33801.0,138253.0,1467804.0
GR0000001201,2020,3,170696.0,35538.0,72327.0,235060.0,113106.0,7054.0,42592.0,472848.0
GR0000001201,2021,2,179952.0,42386.0,54800.0,265784.0,203667.0,7582.0,49968.0,552447.0
GR0000001201,2022,2,158085.0,23101.0,56118.0,199475.0,119758.0,6020.0,29121.0,454001.0
GR0000001201,2023,3,184005.0,49219.0,81311.0,201414.0,116728.0,9499.0,58717.0,496897.0
GR0000001201,2024,3,223873.0,32991.0,82753.0,234623.0,134237.0,6303.0,39294.0,554526.0
GR0000001202,2020,15,1500947.0,575990.0,505727.0,12750523.0,10643027.0,214496.0,790486.0,3164221.0
GR0000001202,2021,13,1677073.0,687261.0,443223.0,42583207.0,33520470.0,248623.0,935884.0,3941372.0
GR0000001202,2022,11,687429.0,338927.0,345355.0,6368230.0,5501199.0,89448.0,428375.0,1839092.0
GR0000001202,2023,11,1276344.0,579791.0,426935.0,25656564.0,21625526.0,156782.0,736573.0,3517091.0
GR0000001202,2024,9,1430989.0,634062.0,374058.0,12123784.0,8824225.0,226792.0,860854.0,2964489.0
GR0000001203,2020,229,22610594.0,4465258.0,5220869.0,74514379.0,51328213.0,1459574.0,5924831.0,45584950.0
GR0000001203,2021,242,23039827.0,3865484.0,5666716.0,53507366.0,28410008.0,1321075.0,5186559.0,51114910.0
GR0000001203,2022,250,20442602.0,6054306.0,6302869.0,46885054.0,30114913.0,1950757.0,8005063.0,44018680.0
GR0000001203,2023,250,18942329.0,3717608.0,7066844.0,66040569.0,34500888.0,1140233.0,4857841.0,43686789.0
GR0000001203,2024,250,13110065.0,2535962.0,6538356.0,36160683.0,20651244.0,660632.0,3196594.0,36394534.0
GR0000001204,2024,2,31978.0,10411.0,49478.0,390959.0,243894.0,3333.0,13745.0,197911.0
GR0000001205,2020,11,825384.0,232825.0,278423.0,2017067.0,1190008.0,69422.0,302247.0,2009809.0
GR0000001205,2021,11,463938.0,159458.0,293169.0,2019378.0,1088688.0,58531.0,217989.0,1370678.0
GR0000001205,2022,12,783188.0,245202.0,322257.0,3099546.0,1783909.0,85181.0,330382.0,1762663.0
GR0000001205,2023,11,968227.0,229132.0,321264.0,2818681.0,1389303.0,88484.0,317616.0,2196866.0
GR0000001205,2024,10,883527.0,266607.0,281446.0,2482484.0,1577917.0,90610.0,357217.0,1996972.0
GR0000001206,2020,5,253024.0,71481.0,113237.0,873233.0,474984.0,19772.0,91252.0,1181298.0
GR0000001206,2021,4,237251.0,81264.0,94436.0,895395.0,553303.0,28486.0,109750.0,1169006.0
GR0000001206,2022,4,178160.0,68727.0,109097.0,573996.0,291975.0,18073.0,86800.0,790443.0
GR0000001206,2023,4,224260.0,61728.0,94348.0,833590.0,458211.0,17154.0,78882.0,1005688.0
GR0000001206,2024,4,179990.0,45651.0,118912.0,528331.0,297304.0,12715.0,58367.0,816092.0
GR0000001207,2020,142,11786826.0,3194344.0,4568983.0,26717412.0,12783328.0,946975.0,4141318.0,42216043.0
GR0000001207,2021,161,11743999.0,3665405.0,4329921.0,25907843.0,12072316.0,1325260.0,4990665.0,45567576.0
GR0000001207,2022,166,20240160.0,8185912.0,5311366.0,34963976.0,17352544.0,1881021.0,10066933.0,59320129.0
GR0000001207,2023,150,15027908.0,4323241.0,4632932.0,34643272.0,14230196.0,1114622.0,5437863.0,46445058.0
GR0000001207,2024,135,10637133.0,3982758.0,4142239.0,23430105.0,13623763.0,877188.0,4859946.0,34796133.0
GR0000001208,2020,10,408398.0,71185.0,187039.0,702648.0,421991.0,22407.0,93591.0,1420183.0
GR0000001208,2021,6,186756.0,42449.0,120717.0,329268.0,227783.0,9678.0,52127.0,603583.0
GR0000001208,2022,4,121207.0,15299.0,67773.0,144595.0,68830.0,4932.0,20231.0,338867.0
GR0000001208,2023,3,78277.0,18113.0,52005.0,126569.0,88776.0,4639.0,22752.0,320275.0
GR0000001208,2024,2,113764.0,18226.0,47410.0,244284.0,157613.0,4639.0,22866.0,367027.0
GR0000001209,2020,670,213144291.0,104956549.0,36062028.0,974910946.0,801462647.0,31566664.0,136523213.0,356010070.0
GR0000001209,2021,613,261339774.0,125361918.0,34738417.0,1088964055.0,966172199.0,35914916.0,161276833.0,402990813.0
GR0000001209,2022,725,161995309.0,85484734.0,40542752.0,1364647617.0,1124714786.0,25627315.0,111112049.0,338417464.0
GR0000001209,2023,679,207442800.0,91078608.0,33880367.0,1206614344.0,1080027332.0,30816213.0,121894821.0,429317444.0
GR0000001209,2024,766,135481755.0,56789580.0,49311528.0,774294047.0,630483155.0,21001299.0,77790879.0,232614099.0
GR0000001210,2020,28,1846886.0,488877.0,721324.0,5372182.0,2792001.0,148294.0,637170.0,6331215.0
GR0000001210,2021,27,1484742.0,362158.0,739979.0,4042379.0,2074620.0,99404.0,461562.0,5358499.0
GR0000001210,2022,26,1070122.0,295544.0,737495.0,2666534.0,1456542.0,87991.0,383535.0,3848876.0
GR0000001210,2023,24,760280.0,173413.0,701307.0,1916093.0,1186224.0,55012.0,228425.0,2797506.0
GR0000001210,2024,22,1483730.0,363292.0,613594.0,5843119.0,3717955.0,111664.0,474956.0,6264246.0
GR0000001211,2024,7,123325.0,35422.0,110138.0,428659.0,226205.0,11981.0,47402.0,500628.0
GR0000001212,2020,12,816808.0,330192.0,366013.0,2410997.0,1133641.0,134545.0,464737.0,2005108.0
GR0000001212,2021,13,1273977.0,523581.0,441377.0,2572116.0,1507892.0,189548.0,713129.0,2305057.0
GR0000001212,2022,14,1267511.0,421195.0,445277.0,2734445.0,1298851.0,157380.0,578576.0,2995714.0
GR0000001212,2023,14,1413654.0,566923.0,405405.0,2789637.0,1311330.0,242340.0,809263.0,2659417.0
GR0000001212,2024,15,1267832.0,377996.0,410137.0,2301513.0,996040.0,151752.0,529747.0,2584185.0
GR0000001213,2020,14,1646578.0,852836.0,509865.0,19512788.0,15779896.0,263332.0,1116168.0,3933062.0
GR0000001213,2021,16,2671127.0,1001278.0,545595.0,28556641.0,22634245.0,426905.0,1428183.0,5568103.0
GR0000001213,2022,17,940353.0,472286.0,638676.0,15979656.0,12486722.0,147150.0,619436.0,2462965.0
GR0000001213,2023,19,1682035.0,738400.0,576100.0,11762699.0,8966090.0,247130.0,985530.0,3376240.0
GR0000001213,2024,18,2310592.0,1111657.0,700553.0,21216474.0,15889389.0,440036.0,1551693.0,5119818.0
GR0000001214,2020,201,22512421.0,5150185.0,5475307.0,41123945.0,20506259.0,1706630.0,6856815.0,51355014.0
GR0000001214,2021,179,10225792.0,3126089.0,4954654.0,23412183.0,11952464.0,819720.0,3945809.0,27232854.0
GR0000001214,2022,167,20913601.0,6731630.0,5229420.0,36221445.0,23095154.0,1876382.0,8608013.0,43183594.0
GR0000001214,2023,148,18162992.0,4674527.0,4476332.0,35634953.0,15565610.0,1415611.0,6090138.0,34827940.0
GR0000001214,2024,132,16304112.0,5538204.0,4170376.0,40681304.0,20100737.0,1323626.0,6861831.0,40578568.0
GR0000001215,2020,77,16592804.0,5948820.0,4132763.0,22390258.0,12828446.0,868335.0,6817155.0,29948511.0
GR0000001215,2021,77,14737193.0,4176826.0,3734737.0,23420996.0,6759062.0,871516.0,5048342.0,25259019.0
GR0000001215,2022,62,16914847.0,5570617.0,3399920.0,30962857.0,16749839.0,1101360.0,6671977.0,32479929.0
GR0000001215,2023,44,12006881.0,3144295.0,1673161.0,15769297.0,7374559.0,667780.0,3812075.0,22251583.0
GR0000001215,2024,46,12394781.0,4372000.0,1778125.0,18634607.0,8102509.0,727893.0,5099893.0,22915187.0
GR0000001216,2020,1,9200.0,2726.0,6977.0,18474.0,12098.0,834.0,3561.0,34884.0
GR0000001216,2021,1,21282.0,5361.0,17672.0,45297.0,31115.0,2167.0,7528.0,88359.0
GR0000001216,2022,1,20208.0,4329.0,15378.0,39921.0,22511.0,1333.0,5662.0,76889.0
GR0000001216,2023,1,21541.0,4400.0,17103.0,40580.0,24178.0,1456.0,5856.0,85600.0
GR0000001216,2024,1,20556.0,5038.0,18414.0,61916.0,42541.0,1739.0,6777.0,92070.0
GR0000001217,2020,37,1826762.0,462829.0,848324.0,5778670.0,2904440.0,132879.0,595708.0,5634280.0
GR0000001217,2021,39,2246200.0,847587.0,979647.0,8498576.0,4156024.0,253441.0,1101028.0,7107533.0
GR0000001217,2022,46,2439421.0,808520.0,1162293.0,8106507.0,5024499.0,305370.0,1113890.0,7012493.0
GR0000001217,2023,41,2722653.0,844563.0,1150123.0,11942814.0,5459871.0,361002.0,1205565.0,8057224.0
GR0000001217,2024,46,1644322.0,390103.0,968605.0,6652137.0,4056729.0,162351.0,552454.0,5044585.0
GR0000001218,2020,2,178508.0,94263.0,69927.0,1724854.0,1278736.0,27022.0,121285.0,479594.0
GR0000001218,2021,2,229490.0,109360.0,69249.0,4084161.0,3038934.0,33861.0,143221.0,467706.0
GR0000001218,2022,1,68773.0,28855.0,39555.0,1164169.0,933645.0,12226.0,41082.0,169864.0
GR0000001218,2023,1,55066.0,24211.0,31165.0,430008.0,360967.0,10153.0,34364.0,120991.0
GR0000001218,2024,1,82759.0,31978.0,38110.0,944115.0,773380.0,10815.0,42793.0,216161.0
GR0000001219,2020,4,255784.0,43836.0,124950.0,736919.0,396059.0,15317.0,59154.0,1067114.0
GR0000001219,2021,4,103276.0,31594.0,94950.0,309229.0,168385.0,8445.0,40039.0,456736.0
GR0000001219,2022,3,152110.0,32740.0,78621.0,531312.0,310718.0,9928.0,42669.0,821700.0
GR0000001219,2023,3,162719.0,45810.0,66837.0,491998.0,339638.0,13638.0,59448.0,595965.0
GR0000001219,2024,3,123349.0,30872.0,92974.0,368028.0,235851.0,11930.0,42802.0,615104.0
GR0000001220,2022,40,1202712.0,413160.0,1080125.0,8923546.0,4989073.0,155152.0,568311.0,5943100.0
GR0000001220,2023,43,1298885.0,406076.0,1231521.0,7156703.0,4142350.0,150686.0,556762.0,5344198.0
GR0000001220,2024,45,788122.0,285015.0,994884.0,8647813.0,6326526.0,85710.0,370724.0,3979535.0
GR0000001221,2020,8,368093.0,82084.0,234643.0,777738.0,404263.0,20457.0,102541.0,976157.0
GR0000001221,2021,5,209745.0,48265.0,154948.0,674254.0,441716.0,10698.0,58963.0,776593.0
GR0000001221,2022,2,208574.0,68592.0,49160.0,557612.0,328841.0,18556.0,87147.0,646597.0
GR0000001221,2023,3,307234.0,88733.0,73197.0,594923.0,322537.0,13943.0,102677.0,908357.0
GR0000001221,2024,3,195937.0,68118.0,75658.0,464179.0,204029.0,11530.0,79649.0,696162.0
GR0000001222,2020,6,226400.0,73241.0,152138.0,1088914.0,701853.0,24101.0,97341.0,1127218.0
GR0000001222,2021,5,142229.0,41073.0,113266.0,469977.0,259328.0,10586.0,51658.0,591289.0
GR0000001222,2022,5,171369.0,62646.0,122428.0,478452.0,287659.0,21283.0,83929.0,708244.0
GR0000001222,2023,5,247440.0,56503.0,140129.0,1147601.0,738580.0,20994.0,77497.0,974756.0
GR0000001222,2024,4,112910.0,28616.0,110752.0,535857.0,324866.0,8877.0,37493.0,563379.0
GR0000001223,2020,197,10392963.0,4158484.0,6563202.0,73768660.0,41816495.0,1459599.0,5618082.0,36441115.0
GR0000001223,2021,216,14499399.0,5939119.0,6518656.0,79661098.0,50874366.0,1624997.0,7564117.0,50197022.0
GR0000001223,2022,224,10829000.0,4215452.0,7073912.0,62103702.0,37716116.0,1193317.0,5408769.0,45253612.0
GR0000001223,2023,249,17664899.0,6919334.0,10739708.0,92587526.0,52380611.0,1897019.0,8816353.0,65674710.0
GR0000001223,2024,236,14323451.0,5135862.0,9449032.0,116056407.0,58815226.0,1827774.0,6963635.0,63531859.0
GR0000001224,2020,1,78753.0,14081.0,22754.0,233095.0,155342.0,5382.0,19462.0,322576.0
GR0000001224,2021,1,23725.0,6661.0,18912.0,109721.0,71028.0,2227.0,8888.0,144323.0
GR0000001224,2022,1,20693.0,5421.0,25411.0,87566.0,54072.0,1476.0,6896.0,102966.0
GR0000001224,2023,1,10458.0,2992.0,17389.0,42637.0,27928.0,938.0,3930.0,57962.0
GR0000001224,2024,1,23478.0,5193.0,18896.0,69169.0,44756.0,1316.0,6509.0,94323.0
GR0000001225,2024,3,104002.0,25527.0,73766.0,356778.0,217369.0,6327.0,31854.0,432380.0
GR0000001226,2020,8,391335.0,62117.0,167954.0,1317321.0,781810.0,17175.0,79291.0,989663.0
GR0000001226,2021,8,573964.0,135570.0,197487.0,2376190.0,1726593.0,46889.0,182459.0,1693167.0
GR0000001226,2022,7,579387.0,102946.0,171403.0,1421675.0,796958.0,36730.0,139677.0,1319766.0
GR0000001226,2023,7,534053.0,105340.0,123780.0,2975270.0,2090465.0,26551.0,131891.0,1706331.0
GR0000001226,2024,7,182487.0,32432.0,145675.0,909252.0,585084.0,11214.0,43646.0,583893.0
GR0000001227,2020,42,1752244.0,623090.0,842327.0,4933906.0,2350446.0,206794.0,829885.0,4082473.0
GR0000001227,2021,42,3239140.0,1099642.0,909917.0,8961320.0,4453473.0,314849.0,1414491.0,7809964.0
GR0000001227,2022,40,1927009.0,585788.0,880194.0,5538847.0,2721874.0,180705.0,766493.0,4444226.0
GR0000001227,2023,40,1807715.0,520601.0,1121631.0,7166200.0,3807303.0,198145.0,718745.0,5523039.0
GR0000001227,2024,41,1899802.0,556614.0,992276.0,6879271.0,3872766.0,236231.0,792845.0,4996846.0
GR0000001228,2020,249,39450943.0,14360855.0,13249077.0,177499366.0,87916373.0,4560505.0,18921360.0,115337545.0
GR0000001228,2021,228,27821516.0,11525789.0,12094919.0,101759408.0,51478895.0,3766995.0,15292785.0,83532669.0
GR0000001228,2022,224,25313825.0,10594010.0,12088721.0,101170691.0,50226087.0,3978912.0,14572922.0,76382165.0
GR0000001228,2023,250,38756903.0,18151744.0,10610405.0,190516710.0,98896473.0,4259688.0,22411431.0,146196531.0
GR0000001228,2024,250,26234929.0,10146306.0,13068928.0,93759780.0,59771110.0,2703318.0,12849624.0,78498286.0
GR0000001229,2020,5,207767.0,37253.0,72225.0,1160346.0,740312.0,12286.0,49538.0,650817.0
GR0000001229,2021,4,131109.0,37952.0,67879.0,930064.0,589264.0,13162.0,51114.0,353252.0
GR0000001229,2022,4,60572.0,13348.0,66024.0,370471.0,293361.0,5705.0,19052.0,221273.0
GR0000001229,2023,3,102726.0,16352.0,43706.0,658079.0,442852.0,4745.0,21096.0,272128.0
GR0000001229,2024,3,43805.0,11790.0,59627.0,253630.0,199930.0,4206.0,15995.0,147892.0
GR0000001230,2020,8,2431435.0,1077800.0,310823.0,3666870.0,1584241.0,377098.0,1454898.0,3637945.0
GR0000001230,2021,7,1755809.0,672083.0,287529.0,2558214.0,1289570.0,217328.0,889412.0,2647210.0
GR0000001230,2022,7,1906228.0,639776.0,214532.0,2761381.0,1139311.0,176178.0,815954.0,3507928.0
GR0000001230,2023,7,768759.0,278369.0,289173.0,1508561.0,719503.0,92701.0,371071.0,1439181.0
GR0000001230,2024,7,1625435.0,613848.0,306623.0,2105281.0,1092102.0,207036.0,820884.0,2670203.0
GR0000001231,2020,198,39382242.0,12739744.0,8989068.0,54671650.0,24312464.0,3043606.0,15783350.0,64182102.0
GR0000001231,2021,139,32339686.0,10709683.0,6250526.0,48897728.0,21194965.0,2102227.0,12811910.0,45706950.0
GR0000001231,2022,111,42715799.0,16430382.0,4148403.0,65680876.0,21701955.0,3340283.0,19770665.0,62270122.0
GR0000001231,2023,91,20260930.0,5942771.0,3212796.0,30401348.0,10300733.0,1221375.0,7164146.0,36450251.0
GR0000001231,2024,63,21343399.0,7069049.0,2687813.0,43090267.0,21060793.0,1309197.0,8378246.0,37445217.0
GR0000001232,2020,3,37685.0,6145.0,55644.0,248895.0,159679.0,1934.0,8079.0,222577.0
GR0000001232,2021,3,56509.0,15197.0,56528.0,193190.0,118073.0,4360.0,19557.0,226113.0
GR0000001232,2022,3,31917.0,8243.0,44271.0,129338.0,68697.0,2375.0,10618.0,177084.0
GR0000001232,2023,3,22745.0,3609.0,24845.0,91773.0,61106.0,1413.0,5022.0,99378.0
GR0000001232,2024,3,48951.0,10333.0,52682.0,262598.0,167073.0,3272.0,13605.0,256678.0
GR0000001233,2020,99,7236103.0,2320082.0,3338343.0,18391089.0,9386708.0,513525.0,2833606.0,21179178.0
GR0000001233,2021,100,12216321.0,3370289.0,3195827.0,28804440.0,13503815.0,798542.0,4168831.0,39457509.0
GR0000001233,2022,100,7454221.0,2454786.0,3422962.0,16425883.0,7887370.0,783008.0,3237794.0,21532322.0
GR0000001233,2023,100,7815778.0,1945022.0,2815971.0,16216902.0,7947046.0,468502.0,2413524.0,25176983.0
GR0000001233,2024,97,8733323.0,2372979.0,3230922.0,15709436.0,8909075.0,748279.0,3121258.0,25485942.0
GR0000001234,2022,715,35541101.0,9665407.0,20370548.0,75082046.0,42855730.0,2365436.0,12030844.0,131850115.0
GR0000001234,2023,721,44333805.0,12268922.0,23917228.0,96044940.0,39579653.0,4127665.0,16396587.0,161006384.0
GR0000001234,2024,760,26237319.0,9858187.0,21107276.0,64316733.0,27221334.0,2614998.0,12473186.0,99466304.0
GR0000001235,2020,158,5014893.0,824600.0,3600031.0,12113838.0,5326199.0,248222.0,1072822.0,18795936.0
GR0000001235,2021,174,4310719.0,1015391.0,3433970.0,12970540.0,6297152.0,359685.0,1375076.0,17169850.0
GR0000001235,2022,193,5371801.0,1012429.0,3650946.0,12217454.0,5234182.0,319448.0,1331876.0,18254728.0
GR0000001235,2023,186,6870336.0,1994800.0,4958805.0,16549603.0,7958046.0,674570.0,2669370.0,27642999.0
GR0000001235,2024,191,8301877.0,2212975.0,5067806.0,18601983.0,8227422.0,722664.0,2935639.0,29086006.0
GR0000001236,2020,1,16094.0,4377.0,20251.0,70800.0,49761.0,1693.0,6070.0,89843.0
GR0000001236,2021,1,23231.0,3645.0,20358.0,106325.0,67106.0,1444.0,5089.0,143279.0
GR0000001236,2022,1,24462.0,6227.0,23206.0,129346.0,82641.0,2448.0,8674.0,133301.0
GR0000001236,2023,1,17053.0,4958.0,22680.0,60240.0,40776.0,1570.0,6528.0,75601.0
GR0000001236,2024,1,11928.0,3471.0,17830.0,43035.0,25442.0,1130.0,4601.0,59432.0
GR0000001237,2021,1,27511.0,9532.0,26452.0,148226.0,78654.0,2696.0,12228.0,91565.0
GR0000001237,2022,1,50219.0,13377.0,20553.0,178510.0,102783.0,5635.0,19012.0,140599.0
GR0000001237,2023,1,31712.0,12019.0,23556.0,116473.0,65003.0,3743.0,15761.0,100090.0
GR0000001237,2024,1,30414.0,9422.0,22969.0,108375.0,50396.0,3344.0,12766.0,95176.0
GR0000001238,2020,8,135994.0,20898.0,176173.0,583453.0,372106.0,6113.0,27010.0,704693.0
GR0000001238,2021,6,114642.0,26593.0,97697.0,629798.0,350799.0,10112.0,36705.0,658735.0
GR0000001238,2022,4,79134.0,17498.0,63228.0,524858.0,306966.0,5536.0,23034.0,427097.0
GR0000001238,2023,3,54355.0,8396.0,66357.0,255880.0,153071.0,2575.0,10971.0,274242.0
GR0000001238,2024,2,27067.0,4758.0,33451.0,203526.0,130893.0,1760.0,6518.0,161998.0
GR0000001239,2020,4,281438.0,101360.0,170207.0,1379972.0,820693.0,25758.0,127118.0,1018572.0
GR0000001239,2021,3,263876.0,83514.0,105425.0,1471506.0,846648.0,24038.0,107552.0,1010353.0
GR0000001239,2022,2,194049.0,86579.0,73056.0,1063212.0,605130.0,19486.0,106065.0,854911.0
GR0000001239,2023,2,329244.0,131114.0,88931.0,1502730.0,1025926.0,29565.0,160679.0,1192752.0
GR0000001239,2024,2,252568.0,105693.0,91591.0,1781400.0,924838.0,34446.0,140139.0,997530.0
GR0000001240,2020,4,59637.0,9179.0,40166.0,109247.0,71362.0,2794.0,11973.0,200829.0
GR0000001240,2021,3,40342.0,10663.0,28304.0,69525.0,39767.0,4396.0,15059.0,141519.0
GR0000001240,2022,3,75907.0,12798.0,59587.0,176520.0,109919.0,5320.0,18119.0,352867.0
GR0000001240,2023,3,44638.0,9393.0,43196.0,135923.0,76638.0,2788.0,12180.0,215979.0
GR0000001240,2024,3,42916.0,11728.0,41440.0,130585.0,76417.0,4033.0,15761.0,207201.0
GR0000001241,2022,1,18217.0,6069.0,18277.0,85834.0,54268.0,2374.0,8443.0,95291.0
GR0000001241,2023,1,21045.0,4789.0,21521.0,111218.0,66661.0,1997.0,6786.0,116344.0
GR0000001241,2024,1,24001.0,5715.0,22073.0,97905.0,61149.0,2264.0,7979.0,107387.0
GR0000001242,2020,214,22192519.0,3735660.0,5751557.0,72326529.0,50863906.0,1162943.0,4898603.0,60872568.0
GR0000001242,2021,208,14383253.0,2969213.0,5867283.0,36038086.0,25965658.0,838177.0,3807390.0,32818379.0
GR0000001242,2022,226,23743745.0,4147532.0,4994608.0,66610944.0,35824061.0,1348248.0,5495780.0,59854156.0
GR0000001242,2023,234,28616575.0,3991515.0,5368295.0,88547082.0,54533596.0,1170796.0,5162310.0,63678037.0
GR0000001242,2024,229,26130557.0,7222576.0,5263947.0,68404795.0,42698912.0,1539614.0,8762190.0,59071632.0
GR0000001243,2020,233,13643799.0,3963056.0,5365482.0,34312315.0,17335236.0,1159722.0,5122778.0,57831497.0
GR0000001243,2021,250,6234927.0,1009640.0,5284843.0,13824895.0,6273739.0,377517.0,1387157.0,26424215.0
GR0000001243,2022,250,9115425.0,2679055.0,6924644.0,25831379.0,11268561.0,966462.0,3645517.0,45401829.0
GR0000001243,2023,250,18620883.0,4092883.0,6722260.0,45899287.0,26478087.0,979864.0,5072747.0,67310669.0
GR0000001243,2024,241,8805074.0,2491143.0,5608372.0,21777930.0,9640636.0,576842.0,3067985.0,30775575.0
GR0000001244,2020,197,18125916.0,5088397.0,5036475.0,47423966.0,24584044.0,1768162.0,6856558.0,41216283.0
GR0000001244,2021,229,17904308.0,5462954.0,5885907.0,38062039.0,22684111.0,1403252.0,6866206.0,41439953.0
GR0000001244,2022,233,15957298.0,3053830.0,6581695.0,39412644.0,19982953.0,945515.0,3999345.0,36310900.0
GR0000001244,2023,225,20576606.0,4219270.0,5434644.0,45628767.0,27847691.0,1051961.0,5271231.0,42881492.0
GR0000001244,2024,250,18945473.0,4823700.0,6492550.0,56404865.0,35383424.0,1426445.0,6250145.0,49818803.0
GR0000001245,2020,67,5435474.0,1235399.0,2109726.0,15872507.0,9070189.0,424547.0,1659947.0,21526277.0
GR0000001245,2021,72,6801939.0,1782800.0,2282188.0,20003355.0,11257557.0,669212.0,2452012.0,24334104.0
GR0000001245,2022,69,3543820.0,1097723.0,2101236.0,7165380.0,3589904.0,373839.0,1471562.0,11083611.0
GR0000001245,2023,73,5098111.0,1844002.0,1848910.0,11807937.0,6605696.0,535173.0,2379175.0,16507382.0
GR0000001245,2024,83,4854680.0,1562935.0,2442206.0,9703627.0,4942472.0,515216.0,2078151.0,18066215.0
GR0000001246,2020,31,4444513.0,1088391.0,1238110.0,9761421.0,4453861.0,360227.0,1448618.0,9354628.0
GR0000001246,2021,35,3832753.0,1324398.0,1231527.0,9994869.0,4507581.0,494048.0,1818446.0,9239677.0
GR0000001246,2022,33,2377788.0,760329.0,967455.0,5598910.0,2747656.0,193569.0,953898.0,5161376.0
GR0000001246,2023,39,6629736.0,1803815.0,1104728.0,18324764.0,8067317.0,506601.0,2310416.0,14126871.0
GR0000001246,2024,39,5871931.0,1445878.0,1273953.0,15288653.0,6619699.0,383070.0,1828948.0,13316841.0
GR0000001247,2020,4,729600.0,333027.0,180016.0,9330339.0,7556548.0,101032.0,434058.0,1510769.0
GR0000001247,2021,4,665673.0,309677.0,157746.0,6298889.0,5030967.0,79404.0,389081.0,1158976.0
GR0000001247,2022,3,685463.0,288714.0,128777.0,4512563.0,3715019.0,84566.0,373279.0,1259933.0
GR0000001247,2023,3,975722.0,440322.0,130434.0,9684215.0,8414808.0,144197.0,584518.0,1882556.0
GR0000001247,2024,3,1009941.0,454712.0,140437.0,7916370.0,6252311.0,159437.0,614149.0,1776763.0
GR0000001248,2024,4,554567.0,258387.0,177418.0,3350608.0,2882187.0,69490.0,327877.0,1187436.0
GR0000001249,2020,61,4574928.0,1597661.0,1772636.0,10483527.0,4731655.0,552872.0,2150532.0,14036829.0
GR0000001249,2021,57,6751894.0,2603820.0,1719985.0,15517620.0,6930017.0,747167.0,3350987.0,21013237.0
GR0000001249,2022,54,7153475.0,2142209.0,1692239.0,17070754.0,9350388.0,693443.0,2835652.0,20826215.0
GR0000001249,2023,52,4643524.0,1224599.0,1330328.0,10016245.0,4477834.0,348334.0,1572933.0,16939508.0
GR0000001249,2024,52,7046004.0,2043240.0,1779163.0,16972033.0,7347177.0,659727.0,2702967.0,21537684.0
GR0000001250,2020,35,1123804.0,213844.0,840505.0,3426031.0,1635601.0,53884.0,267728.0,4931249.0
GR0000001250,2021,35,1324047.0,362603.0,892445.0,3721467.0,1796544.0,117762.0,480365.0,5501024.0
GR0000001250,2022,40,1204677.0,282033.0,856174.0,4238490.0,2224504.0,70634.0,352667.0,5441730.0
GR0000001250,2023,39,670977.0,132742.0,750187.0,3397774.0,2195401.0,33257.0,165999.0,3409940.0
GR0000001250,2024,40,775887.0,163293.0,714194.0,2169681.0,1324149.0,58474.0,221767.0,3246338.0
GR0000001251,2020,20,259687.0,71800.0,468351.0,1529632.0,966662.0,27038.0,98839.0,1400504.0
GR0000001251,2021,20,244239.0,60457.0,331722.0,1802055.0,1267931.0,17788.0,78245.0,1467238.0
GR0000001251,2022,18,442154.0,155830.0,327335.0,2882281.0,2305619.0,46329.0,202159.0,2361395.0
GR0000001251,2023,20,147099.0,36490.0,323281.0,1332731.0,1036935.0,10349.0,46838.0,975709.0
GR0000001251,2024,18,250455.0,70069.0,359229.0,1955473.0,1544174.0,28590.0,98659.0,1356107.0
GR0000001252,2020,3,134458.0,26961.0,89960.0,332000.0,225027.0,8068.0,35029.0,575322.0
GR0000001252,2021,3,116170.0,26340.0,79482.0,428108.0,250474.0,9363.0,35703.0,622298.0
GR0000001252,2022,3,136193.0,30601.0,87669.0,343606.0,192947.0,8692.0,39293.0,526176.0
GR0000001252,2023,3,133241.0,36285.0,93592.0,456163.0,279140.0,13687.0,49972.0,681676.0
GR0000001252,2024,3,137674.0,40914.0,77339.0,411084.0,231476.0,12006.0,52920.0,710923.0
GR0000001253,2020,1,28775.0,5098.0,22001.0,95729.0,66259.0,1455.0,6554.0,143353.0
GR0000001253,2021,1,22583.0,5454.0,20682.0,62335.0,42002.0,1562.0,7016.0,96976.0
GR0000001253,2022,1,13892.0,2251.0,18855.0,53854.0,38463.0,777.0,3028.0,72491.0
GR0000001253,2023,1,32645.0,8404.0,19957.0,105367.0,70313.0,2956.0,11360.0,139264.0
GR0000001253,2024,1,25117.0,4764.0,22701.0,103024.0,68384.0,1433.0,6198.0,148106.0
GR0000001254,2020,1,9891.0,2822.0,20476.0,57697.0,34855.0,1089.0,3912.0,60458.0
GR0000001254,2021,1,20362.0,5159.0,22621.0,143929.0,107575.0,1473.0,6632.0,123479.0
GR0000001254,2022,1,26414.0,6249.0,23820.0,165934.0,102406.0,2369.0,8618.0,117034.0
GR0000001254,2023,1,13023.0,4637.0,21349.0,68496.0,51447.0,1713.0,6350.0,76530.0
GR0000001254,2024,1,36624.0,12734.0,17858.0,206991.0,154847.0,5403.0,18137.0,158424.0
GR0000001255,2020,19,337630.0,80066.0,326472.0,1068161.0,569263.0,27576.0,107642.0,1483963.0
GR0000001255,2021,19,293466.0,76061.0,327314.0,1202870.0,779227.0,28550.0,104611.0,1487791.0
GR0000001255,2022,19,565381.0,127029.0,439354.0,2132940.0,1172939.0,37906.0,164935.0,2681819.0
GR0000001255,2023,18,435382.0,80025.0,402212.0,1849942.0,892023.0,30634.0,110659.0,2182711.0
GR0000001255,2024,18,894626.0,238736.0,332033.0,3605724.0,1841201.0,85462.0,324198.0,3475779.0
GR0000001256,2020,2,93624.0,33818.0,65274.0,258661.0,136224.0,14411.0,48229.0,186035.0
GR0000001256,2021,2,96324.0,42368.0,51566.0,271296.0,160825.0,12555.0,54923.0,210725.0
GR0000001256,2022,2,99065.0,35255.0,59187.0,327653.0,183101.0,12339.0,47594.0,238335.0
GR0000001256,2023,1,59573.0,27069.0,27053.0,157495.0,87434.0,8143.0,35212.0,144898.0
GR0000001256,2024,1,131677.0,58073.0,31282.0,264881.0,129806.0,18016.0,76090.0,232954.0
GR0000001257,2020,1,23451.0,8624.0,32498.0,367838.0,221459.0,3597.0,12221.0,156047.0
GR0000001257,2021,1,40502.0,13913.0,27290.0,393339.0,227645.0,4202.0,18115.0,235322.0
GR0000001257,2022,1,40446.0,16152.0,28557.0,396312.0,247103.0,5992.0,22144.0,230779.0
GR0000001257,2023,1,24812.0,7935.0,26598.0,250258.0,156897.0,2827.0,10763.0,106648.0
GR0000001257,2024,1,29726.0,13328.0,30826.0,265568.0,169260.0,4278.0,17606.0,165402.0
GR0000001258,2020,28,805898.0,317536.0,807489.0,5406844.0,3509331.0,133220.0,450756.0,3229955.0
GR0000001258,2021,28,607685.0,277577.0,776685.0,6340204.0,3942198.0,84475.0,362052.0,3106739.0
GR0000001258,2022,30,949861.0,332138.0,803710.0,7077343.0,5276954.0,123419.0,455557.0,4263806.0
GR0000001258,2023,28,775489.0,264597.0,842994.0,7611667.0,4959993.0,108882.0,373479.0,4710872.0
GR0000001258,2024,31,848888.0,347132.0,874599.0,5157166.0,3782404.0,125324.0,472456.0,3498397.0
GR0000001259,2023,110,4647085.0,919140.0,3928125.0,10367188.0,4980081.0,299496.0,1218636.0,17414308.0
GR0000001259,2024,107,3087928.0,947656.0,3229773.0,7733422.0,4188416.0,236721.0,1184377.0,12919094.0
GR0000001260,2020,1,49554.0,15098.0,23294.0,184219.0,89096.0,4950.0,20048.0,126737.0
GR0000001260,2021,1,46675.0,14340.0,28779.0,232106.0,120484.0,5260.0,19600.0,147714.0
GR0000001260,2022,1,40474.0,11218.0,28412.0,144444.0,82414.0,4213.0,15430.0,121126.0
GR0000001260,2023,1,50519.0,16562.0,23761.0,174538.0,100494.0,7014.0,23576.0,135718.0
GR0000001260,2024,1,55751.0,19789.0,22205.0,176802.0,111899.0,5938.0,25727.0,157789.0
GR0000001261,2023,11,367607.0,139596.0,308309.0,1729929.0,799680.0,37440.0,177035.0,1799693.0
GR0000001261,2024,12,413255.0,118769.0,287482.0,1302186.0,597080.0,34673.0,153442.0,1657653.0
GR0000001262,2023,46,1923058.0,744359.0,1127941.0,7577386.0,4383598.0,215296.0,959655.0,7875458.0
GR0000001262,2024,53,1578959.0,388282.0,1456250.0,5252995.0,2569749.0,98780.0,487062.0,5764653.0
GR0000001263,2020,42,1949019.0,593812.0,1097661.0,7604666.0,4400216.0,216226.0,810038.0,9478903.0
GR0000001263,2021,44,1547247.0,382688.0,1017607.0,5119135.0,3384296.0,120776.0,503465.0,6380142.0
GR0000001263,2022,47,1193236.0,295712.0,1317559.0,4648672.0,2721829.0,108765.0,404477.0,5954659.0
GR0000001263,2023,43,1209169.0,462880.0,944666.0,5152390.0,3412279.0,125220.0,588100.0,5702120.0
GR0000001263,2024,50,2047256.0,661414.0,1447817.0,9516690.0,6754669.0,206893.0,868307.0,9022248.0
GR0000001264,2020,190,16015136.0,6315633.0,6961268.0,107026051.0,71266861.0,2340135.0,8655768.0,72974793.0
GR0000001264,2021,181,17659416.0,6714748.0,7447866.0,115079551.0,74848942.0,2298897.0,9013645.0,59575141.0
GR0000001264,2022,213,9347562.0,3216360.0,8970878.0,61836078.0,34530195.0,1071659.0,4288019.0,45404876.0
GR0000001264,2023,215,11460913.0,4171787.0,7477116.0,77748584.0,49416598.0,1509804.0,5681591.0,54218672.0
GR0000001264,2024,221,10314381.0,3895015.0,8360683.0,49678882.0,26688122.0,1436290.0,5331305.0,38003104.0
GR0000001265,2020,240,5000825.0,979293.0,3494230.0,7405655.0,3825435.0,294329.0,1273622.0,19412388.0
GR0000001265,2021,249,7832245.0,2346971.0,4486971.0,15280603.0,7711466.0,651951.0,2998921.0,31065035.0
GR0000001265,2022,245,4327145.0,1347646.0,2875430.0,7500588.0,4885842.0,358049.0,1705696.0,15974613.0
GR0000001265,2023,249,10930567.0,3022917.0,5769626.0,16475269.0,8242196.0,863956.0,3886873.0,32053478.0
GR0000001265,2024,249,6638835.0,1685208.0,4394576.0,9037445.0,5820017.0,498260.0,2183469.0,24414309.0
GR0000001266,2024,4,85168.0,23458.0,58056.0,247219.0,150326.0,6932.0,30390.0,209940.0
GR0000001267,2024,117,43150706.0,20620851.0,5469522.0,260093512.0,208751979.0,7322961.0,27943813.0,68645007.0
GR0000001268,2020,46,1550405.0,457294.0,692877.0,6778457.0,4545983.0,158231.0,615525.0,4961116.0
GR0000001268,2021,49,1026118.0,195591.0,788800.0,8971768.0,6778262.0,76668.0,272259.0,4036822.0
GR0000001268,2022,49,1110299.0,194256.0,761400.0,7255931.0,5630568.0,57438.0,251694.0,4177705.0
GR0000001268,2023,46,646879.0,168624.0,724138.0,3985259.0,2573404.0,59298.0,227922.0,1964936.0
GR0000001268,2024,41,587854.0,132238.0,608244.0,4971362.0,3189391.0,37792.0,170029.0,2088864.0
GR0000001269,2022,1,7336.0,1836.0,10466.0,53855.0,29373.0,715.0,2551.0,41866.0
GR0000001269,2023,1,8752.0,1795.0,13643.0,56636.0,32476.0,747.0,2542.0,54572.0
GR0000001269,2024,1,17454.0,3722.0,17628.0,79994.0,54136.0,1192.0,4915.0,70511.0
GR0000001270,2020,15,386417.0,138612.0,411997.0,3811238.0,2181954.0,44003.0,182615.0,1647986.0
GR0000001270,2021,15,363082.0,152081.0,443461.0,2549079.0,1538719.0,51374.0,203455.0,1773846.0
GR0000001270,2022,15,685127.0,266730.0,385010.0,7657143.0,5193093.0,88920.0,355650.0,3163830.0
GR0000001270,2023,15,807448.0,360725.0,394736.0,5560840.0,4012455.0,116734.0,477459.0,3653435.0
GR0000001270,2024,15,628795.0,204136.0,427198.0,6938600.0,5073690.0,78054.0,282189.0,3243839.0
GR0000001271,2020,22,1668151.0,393502.0,517664.0,5771235.0,3710654.0,166562.0,560064.0,4781305.0
GR0000001271,2021,25,2267555.0,712260.0,530709.0,6885189.0,3985283.0,237082.0,949342.0,5437292.0
GR0000001271,2022,26,1746992.0,561256.0,776876.0,4857062.0,2978794.0,182989.0,744245.0,4195770.0
GR0000001271,2023,30,2246374.0,760991.0,742281.0,5994725.0,3217776.0,241811.0,1002802.0,5446580.0
GR0000001271,2024,33,1827926.0,433042.0,686536.0,7540547.0,4132167.0,162661.0,595703.0,4392092.0
GR0000001272,2020,2,56597.0,15984.0,42309.0,206486.0,124586.0,5523.0,21507.0,270673.0
GR0000001272,2021,1,18432.0,4051.0,18211.0,91857.0,59125.0,1688.0,5739.0,106016.0
GR0000001272,2022,1,18267.0,2921.0,22841.0,72851.0,41342.0,1193.0,4115.0,76138.0
GR0000001272,2023,1,17767.0,4556.0,18530.0,72946.0,53043.0,1913.0,6469.0,77764.0
GR0000001272,2024,1,17430.0,3319.0,23519.0,75848.0,53978.0,1232.0,4551.0,103392.0
GR0000001273,2020,7,766889.0,343307.0,200582.0,1532412.0,670351.0,112623.0,455930.0,1704122.0
GR0000001273,2021,8,789056.0,319777.0,210785.0,2108009.0,1041062.0,102818.0,422595.0,1815089.0
GR0000001273,2022,8,731566.0,219696.0,258516.0,1506106.0,753423.0,92002.0,311698.0,1454720.0
GR0000001273,2023,8,1087855.0,349637.0,201249.0,1923220.0,861708.0,121268.0,470904.0,1923451.0
GR0000001273,2024,9,786821.0,282006.0,296193.0,1480090.0,806039.0,94901.0,376907.0,1514355.0
GR0000001274,2020,39,1661652.0,491065.0,1113550.0,5892228.0,3941296.0,136504.0,627568.0,7484135.0
GR0000001274,2021,46,1910839.0,688971.0,936493.0,6361614.0,4047350.0,210874.0,899845.0,8372526.0
GR0000001274,2022,51,3190532.0,998240.0,1164734.0,12175610.0,7875484.0,255403.0,1253643.0,11730876.0
GR0000001274,2023,50,1094488.0,409270.0,1454481.0,3883121.0,2410305.0,135625.0,544895.0,4345757.0
GR0000001274,2024,59,3403895.0,894180.0,1756572.0,10442908.0,6197329.0,306395.0,1200574.0,12227382.0
GR0000001275,2020,8,153540.0,39998.0,125532.0,753021.0,532258.0,16331.0,56329.0,412236.0
GR0000001275,2021,7,157700.0,38060.0,138071.0,1144588.0,717345.0,12462.0,50522.0,614650.0
GR0000001275,2022,7,118369.0,31528.0,111816.0,648122.0,390812.0,11792.0,43319.0,384675.0
GR0000001275,2023,6,192426.0,55094.0,112933.0,1642735.0,1294423.0,17259.0,72353.0,700669.0
GR0000001275,2024,6,126189.0,19842.0,90858.0,428073.0,260030.0,8320.0,28163.0,323246.0
GR0000001276,2020,19,1613904.0,345562.0,499275.0,6252470.0,3891727.0,147629.0,493191.0,4545770.0
GR0000001276,2021,20,809860.0,190219.0,445476.0,3123761.0,1414366.0,54106.0,244326.0,2454420.0
GR0000001276,2022,20,1055000.0,362064.0,597843.0,4504985.0,2109039.0,132805.0,494869.0,3229347.0
GR0000001276,2023,19,1198833.0,333818.0,463156.0,4672361.0,2187091.0,137981.0,471799.0,3183414.0
GR0000001276,2024,19,1382538.0,504114.0,427113.0,5051261.0,3253922.0,173056.0,677169.0,3432133.0
GR0000001277,2022,14,3287263.0,1313630.0,639136.0,5088559.0,2069533.0,422010.0,1735640.0,4965445.0
GR0000001277,2023,14,2617853.0,767431.0,445762.0,3059234.0,1571335.0,255840.0,1023270.0,3594853.0
GR0000001277,2024,14,3678807.0,1336564.0,432912.0,6213329.0,3338865.0,386024.0,1722588.0,5938567.0
GR0000001278,2020,3,69492.0,22507.0,61347.0,410377.0,253809.0,8530.0,31037.0,359999.0
GR0000001278,2021,3,72866.0,22551.0,58748.0,375249.0,213471.0,7972.0,30523.0,481535.0
GR0000001278,2022,3,103254.0,32133.0,56670.0,525343.0,263691.0,11161.0,43294.0,456989.0
GR0000001278,2023,2,45120.0,12282.0,47214.0,233078.0,131939.0,4800.0,17082.0,263316.0
GR0000001278,2024,1,20405.0,5938.0,23425.0,101585.0,63674.0,1963.0,7901.0,83703.0
GR0000001279,2020,1,29681.0,8482.0,17458.0,132693.0,83717.0,3087.0,11569.0,132614.0
GR0000001279,2021,1,27988.0,8760.0,20938.0,129454.0,108734.0,3131.0,11891.0,115378.0
GR0000001279,2022,1,32740.0,10064.0,20060.0,151997.0,121061.0,3917.0,13981.0,141621.0
GR0000001279,2023,1,15053.0,4989.0,17215.0,79815.0,61968.0,1361.0,6350.0,83622.0
GR0000001279,2024,1,21502.0,5352.0,19345.0,127369.0,85439.0,1925.0,7276.0,108710.0
GR0000001280,2020,18,426908.0,139687.0,310897.0,2233735.0,1684943.0,45346.0,185033.0,1673136.0
GR0000001280,2021,17,445265.0,137883.0,363779.0,2437159.0,1437928.0,45285.0,183167.0,2653647.0
GR0000001280,2022,16,511330.0,189464.0,350411.0,1889033.0,1378774.0,51191.0,240655.0,2109885.0
GR0000001280,2023,16,369152.0,89600.0,394117.0,1467018.0,1151829.0,32727.0,122327.0,1686467.0
GR0000001280,2024,16,372089.0,111578.0,278581.0,1496272.0,1265443.0,34580.0,146158.0,1522309.0
GR0000001281,2020,142,8047715.0,2719235.0,3981961.0,27278251.0,15289626.0,703779.0,3423015.0,31063970.0
GR0000001281,2021,143,9865791.0,2792502.0,3821261.0,19959737.0,13585379.0,676418.0,3468920.0,29003351.0
GR0000001281,2022,146,7030457.0,2124378.0,3650388.0,16644983.0,11051381.0,535721.0,2660098.0,26182538.0
GR0000001281,2023,139,11504879.0,4532127.0,3477224.0,38844662.0,25789267.0,1096948.0,5629076.0,44686452.0
GR0000001281,2024,156,12532222.0,3965655.0,4664296.0,42660611.0,25887076.0,994576.0,4960231.0,48982918.0
GR0000001282,2020,10,378010.0,89923.0,244802.0,2336841.0,1491131.0,21255.0,111178.0,1194701.0
GR0000001282,2021,9,532886.0,106429.0,184474.0,2066569.0,1468998.0,35652.0,142081.0,1668428.0
GR0000001282,2022,8,362887.0,77856.0,205098.0,1398844.0,878360.0,24551.0,102406.0,887437.0
GR0000001282,2023,6,325426.0,69129.0,137220.0,2157154.0,1283013.0,17739.0,86867.0,1038608.0
GR0000001282,2024,6,513171.0,87936.0,132029.0,1649624.0,1140393.0,22073.0,110009.0,1119353.0
GR0000001283,2020,19,927285.0,224541.0,455461.0,2591416.0,1511896.0,57828.0,282370.0,3187185.0
GR0000001283,2021,19,1319667.0,330825.0,469400.0,3494243.0,1875685.0,95144.0,425969.0,5042346.0
GR0000001283,2022,17,1028511.0,298728.0,417503.0,2764596.0,1628931.0,113409.0,412138.0,4316154.0
GR0000001283,2023,18,1120697.0,281629.0,429642.0,3420699.0,1781240.0,106757.0,388386.0,3889073.0
GR0000001283,2024,18,1520297.0,440460.0,408935.0,3939476.0,2336388.0,124403.0,564862.0,5158668.0
GR0000001284,2020,15,262614.0,62524.0,224852.0,439506.0,276052.0,19302.0,81827.0,1124259.0
GR0000001284,2021,17,402537.0,110416.0,273048.0,794526.0,461493.0,45797.0,156213.0,1396338.0
GR0000001284,2022,16,136385.0,31008.0,91559.0,212007.0,119620.0,12278.0,43287.0,457793.0
GR0000001284,2023,16,158974.0,35545.0,137079.0,315951.0,211492.0,14711.0,50256.0,685397.0
GR0000001284,2024,18,399703.0,100812.0,277521.0,602724.0,432313.0,43146.0,143958.0,1436324.0
GR0000001285,2020,3,707744.0,305647.0,115216.0,8573966.0,7165761.0,100084.0,405731.0,1502579.0
GR0000001285,2021,3,685063.0,284896.0,107290.0,4482129.0,3605496.0,83308.0,368204.0,1186252.0
GR0000001285,2022,3,631318.0,298659.0,148258.0,3965318.0,3322510.0,100646.0,399306.0,1115201.0
GR0000001285,2023,3,1019672.0,485928.0,120958.0,10049396.0,7772276.0,143064.0,628992.0,1878896.0
GR0000001285,2024,3,443038.0,194371.0,118020.0,2546081.0,2162000.0,55334.0,249705.0,774753.0
GR0000001286,2020,5,308912.0,72955.0,93828.0,346155.0,194617.0,19933.0,92889.0,890853.0
GR0000001286,2021,4,143408.0,24586.0,84936.0,198480.0,131351.0,6791.0,31377.0,471867.0
GR0000001286,2022,4,151041.0,24657.0,83689.0,287321.0,145192.0,6220.0,30877.0,596096.0
GR0000001286,2023,4,175185.0,28343.0,82925.0,317496.0,203901.0,8057.0,36400.0,560485.0
GR0000001286,2024,4,148563.0,23197.0,86600.0,181217.0,124042.0,6734.0,29931.0,481112.0
GR0000001287,2020,107,6331739.0,1554844.0,2365433.0,17847039.0,12359996.0,524657.0,2079501.0,22424057.0
GR0000001287,2021,110,2662055.0,763710.0,2909707.0,11436790.0,8225390.0,223772.0,987482.0,12816227.0
GR0000001287,2022,116,4029407.0,1137930.0,2353338.0,13987148.0,7778377.0,337432.0,1475362.0,19855871.0
GR0000001287,2023,118,4903109.0,1386084.0,3127616.0,16921715.0,9740923.0,439839.0,1825923.0,21228957.0
GR0000001287,2024,113,2896101.0,984603.0,2312077.0,14033312.0,10448148.0,314516.0,1299119.0,14388377.0
GR0000001288,2023,11,151389.0,45416.0,240285.0,993747.0,598576.0,18725.0,64141.0,1000227.0
GR0000001288,2024,11,126703.0,41066.0,207582.0,578046.0,403054.0,17114.0,58180.0,518955.0
GR0000001289,2020,2,174041.0,60460.0,55395.0,437830.0,230687.0,20445.0,80906.0,402776.0
GR0000001289,2021,2,126026.0,28703.0,54302.0,320214.0,156611.0,11616.0,40319.0,281925.0
GR0000001289,2022,2,119747.0,42310.0,41482.0,460572.0,277674.0,16607.0,58917.0,364872.0
GR0000001289,2023,2,152021.0,40173.0,59656.0,435559.0,228528.0,14743.0,54916.0,402994.0
GR0000001289,2024,2,151887.0,46618.0,58384.0,651014.0,349977.0,13715.0,60333.0,488732.0
GR0000001290,2020,5,99601.0,18781.0,120696.0,499542.0,263642.0,6645.0,25426.0,548617.0
GR0000001290,2021,4,141672.0,42593.0,84721.0,644671.0,340572.0,11844.0,54437.0,608759.0
GR0000001290,2022,4,110128.0,32621.0,78050.0,287023.0,141082.0,9604.0,42225.0,442272.0
GR0000001290,2023,4,102766.0,20435.0,83534.0,393934.0,247858.0,6763.0,27198.0,460506.0
GR0000001290,2024,4,144627.0,34039.0,93362.0,438940.0,235815.0,9511.0,43550.0,596379.0
GR0000001291,2020,3,232988.0,56802.0,89592.0,644554.0,417989.0,14205.0,71007.0,1031646.0
GR0000001291,2021,2,160704.0,35623.0,52915.0,447023.0,311315.0,8692.0,44314.0,634680.0
GR0000001291,2022,2,172259.0,40234.0,57380.0,395819.0,240142.0,10314.0,50548.0,667737.0
GR0000001291,2023,2,130776.0,22866.0,57993.0,376350.0,208457.0,6749.0,29615.0,468688.0
GR0000001291,2024,2,149271.0,34162.0,52661.0,337929.0,199324.0,9107.0,43269.0,579642.0
GR0000001292,2020,20,244643.0,85127.0,342298.0,919832.0,701405.0,29278.0,114405.0,1180931.0
GR0000001292,2021,22,511010.0,165661.0,496673.0,2986214.0,2328430.0,49483.0,215144.0,2740692.0
GR0000001292,2022,20,481004.0,130252.0,377889.0,3170427.0,2340079.0,48963.0,179214.0,2460335.0
GR0000001292,2023,22,238616.0,68727.0,372802.0,1726172.0,1210760.0,22779.0,91506.0,1314461.0
GR0000001292,2024,22,629270.0,153591.0,484400.0,2246515.0,1634425.0,48402.0,201993.0,2520712.0
GR0000001293,2020,3,382189.0,159567.0,89648.0,1050858.0,437045.0,63009.0,222576.0,884060.0
GR0000001293,2021,3,252729.0,93917.0,75109.0,726482.0,424310.0,26897.0,120813.0,617021.0
GR0000001293,2022,3,280349.0,87620.0,98499.0,602937.0,322024.0,32243.0,119864.0,647403.0
GR0000001293,2023,3,276535.0,113709.0,93766.0,577647.0,339826.0,35002.0,148712.0,660337.0
GR0000001293,2024,3,330371.0,140254.0,99200.0,880844.0,375084.0,39676.0,179930.0,717249.0
GR0000001294,2020,5,157547.0,35809.0,142098.0,473628.0,315012.0,8999.0,44807.0,801523.0
GR0000001294,2021,5,322039.0,61154.0,152268.0,766609.0,446206.0,18941.0,80095.0,1300028.0
GR0000001294,2022,5,245784.0,48658.0,127617.0,772587.0,445304.0,16675.0,65333.0,1199489.0
GR0000001294,2023,5,244028.0,69208.0,153712.0,1025671.0,613471.0,17604.0,86812.0,1224262.0
GR0000001294,2024,5,296172.0,60609.0,111738.0,753228.0,419697.0,22053.0,82662.0,1170491.0
GR0000001295,2020,7,353614.0,61603.0,169130.0,569773.0,320109.0,22511.0,84114.0,1034916.0
GR0000001295,2021,7,221178.0,47974.0,127922.0,330781.0,211686.0,15305.0,63279.0,809297.0
GR0000001295,2022,8,235244.0,58544.0,149853.0,296771.0,153716.0,19542.0,78086.0,832519.0
GR0000001295,2023,7,218430.0,41240.0,133649.0,281881.0,175469.0,13911.0,55151.0,742493.0
GR0000001295,2024,6,235108.0,39500.0,136841.0,348489.0,184328.0,11701.0,51202.0,899575.0
GR0000001296,2020,8,926199.0,327675.0,233261.0,2732811.0,1549638.0,106777.0,434451.0,2494131.0
GR0000001296,2021,9,661429.0,207879.0,233733.0,1572810.0,837393.0,54971.0,262850.0,1506677.0
GR0000001296,2022,9,842388.0,247340.0,230789.0,2255771.0,1084964.0,65760.0,313101.0,2077246.0
GR0000001296,2023,8,1142658.0,367889.0,233657.0,2276480.0,1193333.0,119889.0,487778.0,2471957.0
GR0000001296,2024,8,981487.0,227876.0,265867.0,2252520.0,1277085.0,81418.0,309294.0,2408168.0
GR0000001297,2020,13,155630.0,44500.0,209408.0,931527.0,551530.0,15156.0,59655.0,837631.0
GR0000001297,2021,14,288930.0,57313.0,307930.0,1275064.0,847361.0,22833.0,80146.0,1285731.0
GR0000001297,2022,13,207087.0,63187.0,239950.0,1070607.0,635760.0,18085.0,81272.0,1028437.0
GR0000001297,2023,12,149387.0,37061.0,189133.0,813133.0,460653.0,14483.0,51545.0,922275.0
GR0000001297,2024,11,188780.0,29774.0,192000.0,875399.0,501310.0,12565.0,42339.0,881140.0
GR0000001298,2020,9,299281.0,65468.0,180230.0,1399195.0,796469.0,19849.0,85317.0,1232318.0
GR0000001298,2021,8,184058.0,48889.0,181985.0,1160414.0,758619.0,14579.0,63468.0,914220.0
GR0000001298,2022,8,167752.0,58901.0,170356.0,949421.0,595356.0,17245.0,76146.0,899212.0
GR0000001298,2023,6,170963.0,45698.0,127374.0,864146.0,462472.0,14855.0,60553.0,682505.0
GR0000001298,2024,5,231533.0,74507.0,110127.0,707701.0,359056.0,23516.0,98022.0,910915.0
GR0000001299,2020,15,502473.0,135801.0,374791.0,2521702.0,1730186.0,55290.0,191091.0,2334730.0
GR0000001299,2021,14,376805.0,84640.0,347340.0,1435840.0,858226.0,31221.0,115861.0,1686021.0
GR0000001299,2022,13,255011.0,97431.0,272687.0,1633093.0,874882.0,29311.0,126742.0,1512985.0
GR0000001299,2023,15,459619.0,150926.0,271532.0,1879343.0,1220914.0,49996.0,200922.0,2128936.0
GR0000001299,2024,17,339421.0,98260.0,337250.0,1949715.0,1066759.0,29723.0,127983.0,2023124.0
GR0000001300,2020,164,9153902.0,3066565.0,4979161.0,34023912.0,22456276.0,993582.0,4060147.0,41893927.0
GR0000001300,2021,142,5563349.0,1944090.0,2997642.0,16380306.0,9752214.0,591217.0,2535307.0,19107641.0
GR0000001300,2022,137,5655980.0,1259413.0,3404485.0,21444007.0,13977927.0,388958.0,1648371.0,27165935.0
GR0000001300,2023,137,10157165.0,2821674.0,3921281.0,33377156.0,19393591.0,732834.0,3554508.0,33752366.0
GR0000001300,2024,120,6160084.0,1656619.0,3029108.0,21041763.0,13377146.0,424566.0,2081185.0,26231006.0
GR0000001301,2020,99,3890010.0,1411322.0,2091179.0,11349180.0,6379517.0,449188.0,1860510.0,13433408.0
GR0000001301,2021,101,6122355.0,1913963.0,2393131.0,19824527.0,11913264.0,614230.0,2528193.0,22536730.0
GR0000001301,2022,105,6764355.0,1704521.0,2900176.0,16149326.0,9734193.0,577086.0,2281607.0,23061566.0
GR0000001301,2023,96,3537162.0,1175520.0,2859250.0,16824793.0,10202574.0,326348.0,1501868.0,14992867.0
GR0000001301,2024,101,4117496.0,1230925.0,2162774.0,13114361.0,9676260.0,394928.0,1625852.0,16545754.0
GR0000001302,2020,8,133162.0,37205.0,142571.0,754092.0,428531.0,15205.0,52410.0,757052.0
GR0000001302,2021,9,154676.0,43911.0,151104.0,916168.0,476416.0,16927.0,60838.0,925120.0
GR0000001302,2022,9,59675.0,11124.0,83167.0,233328.0,118706.0,3201.0,14325.0,332669.0
GR0000001302,2023,8,129800.0,19461.0,148771.0,547590.0,374048.0,7765.0,27226.0,595085.0
GR0000001302,2024,7,143763.0,23520.0,134629.0,523454.0,332510.0,8466.0,31986.0,620412.0
GR0000001303,2020,16,264754.0,101199.0,317576.0,1537252.0,1038165.0,29915.0,131114.0,1415163.0
GR0000001303,2021,16,398591.0,141428.0,352032.0,2344688.0,1583777.0,41217.0,182645.0,2126014.0
GR0000001303,2022,16,343788.0,85646.0,285308.0,1427749.0,1060844.0,33239.0,118886.0,1700940.0
GR0000001303,2023,15,270723.0,91583.0,340216.0,1998601.0,1489589.0,32134.0,123717.0,1605444.0
GR0000001303,2024,17,209722.0,70010.0,395794.0,1516578.0,1040441.0,20921.0,90930.0,1004751.0
GR0000001304,2020,47,663390.0,131212.0,644699.0,1888340.0,1106665.0,43645.0,174857.0,3223493.0
GR0000001304,2021,44,557181.0,132919.0,399578.0,1015717.0,680026.0,42258.0,175177.0,1997892.0
GR0000001304,2022,39,696549.0,185436.0,569059.0,1162753.0,857356.0,79295.0,264731.0,2845295.0
GR0000001304,2023,46,581388.0,112823.0,559223.0,1180433.0,708829.0,38818.0,151641.0,2796114.0
GR0000001304,2024,44,945678.0,278868.0,757703.0,1746580.0,1212540.0,84843.0,363711.0,3788513.0
GR0000001305,2020,17,340568.0,116430.0,403028.0,1277463.0,915379.0,36476.0,152906.0,1415904.0
GR0000001305,2021,16,199235.0,65636.0,308505.0,1344943.0,868727.0,20395.0,86031.0,971019.0
GR0000001305,2022,14,206197.0,51359.0,291699.0,1002484.0,637893.0,18278.0,69636.0,1107806.0
GR0000001305,2023,12,472914.0,105101.0,242376.0,2455789.0,1779037.0,35162.0,140263.0,1851569.0
GR0000001305,2024,11,374738.0,137083.0,266624.0,2085122.0,1447353.0,35356.0,172439.0,1733745.0
GR0000001306,2021,3,51608.0,9982.0,51068.0,241621.0,190228.0,3757.0,13738.0,196147.0
GR0000001306,2022,3,42122.0,11618.0,56727.0,394084.0,239326.0,3291.0,14910.0,166569.0
GR0000001306,2023,3,48267.0,11880.0,46750.0,169097.0,132032.0,3365.0,15245.0,137793.0
GR0000001306,2024,3,95112.0,26360.0,46124.0,554134.0,409558.0,10211.0,36571.0,253799.0
GR0000001307,2020,1,22641.0,7671.0,19758.0,117698.0,80221.0,2829.0,10500.0,112681.0
GR0000001307,2021,1,10201.0,2292.0,19112.0,70854.0,47928.0,897.0,3189.0,63707.0
GR0000001307,2022,1,26565.0,6045.0,20634.0,172141.0,97732.0,2075.0,8120.0,138822.0
GR0000001307,2023,1,26647.0,5760.0,20412.0,169591.0,116742.0,2235.0,7995.0,145125.0
GR0000001307,2024,1,14995.0,5676.0,21168.0,61382.0,39908.0,1800.0,7476.0,76086.0
GR0000001308,2020,1,9764.0,2061.0,15366.0,65668.0,43640.0,877.0,2938.0,61463.0
GR0000001308,2021,1,18917.0,4289.0,15442.0,81668.0,54801.0,1381.0,5670.0,91406.0
GR0000001308,2022,1,10223.0,2612.0,10763.0,30461.0,16244.0,800.0,3412.0,43050.0
GR0000001308,2023,1,9107.0,1526.0,13999.0,48334.0,31481.0,537.0,2063.0,55997.0
GR0000001308,2024,1,10148.0,1973.0,13046.0,42724.0,28433.0,637.0,2610.0,52185.0
GR0000001309,2020,62,4809503.0,1454789.0,1866981.0,11514620.0,4759527.0,339371.0,1794160.0,14667107.0
GR0000001309,2021,67,2633334.0,777638.0,1954406.0,8528854.0,3451863.0,296973.0,1074611.0,9989457.0
GR0000001309,2022,72,4814600.0,1047253.0,2097150.0,15738785.0,8645856.0,405824.0,1453078.0,17752461.0
GR0000001309,2023,69,4004935.0,1445818.0,2077588.0,8555038.0,4150728.0,415415.0,1861233.0,14224541.0
GR0000001309,2024,63,3090659.0,1171786.0,1819894.0,7114205.0,2957454.0,272704.0,1444490.0,12094190.0
GR0000001310,2020,40,2032053.0,526086.0,1124437.0,8114792.0,5679145.0,172211.0,698297.0,10012866.0
GR0000001310,2021,40,912173.0,247335.0,1163868.0,3689985.0,2516062.0,91974.0,339310.0,4366096.0
GR0000001310,2022,40,1194140.0,322112.0,1149323.0,4132407.0,2788753.0,106393.0,428505.0,4073788.0
GR0000001310,2023,39,1249035.0,274958.0,1054020.0,3844508.0,2829705.0,105583.0,380541.0,4943099.0
GR0000001310,2024,38,1464274.0,528366.0,854371.0,5246108.0,3328838.0,168066.0,696432.0,5861114.0
GR0000001311,2020,1,9658.0,3339.0,17259.0,55683.0,37952.0,1248.0,4587.0,57420.0
GR0000001311,2021,1,13644.0,4039.0,17953.0,129637.0,83144.0,1035.0,5074.0,88494.0
GR0000001311,2022,1,23547.0,8316.0,16628.0,117391.0,71410.0,2167.0,10482.0,93311.0
GR0000001311,2023,1,14468.0,3750.0,23058.0,64867.0,48309.0,1339.0,5089.0,64505.0
GR0000001311,2024,1,10768.0,2703.0,21271.0,69029.0,49419.0,812.0,3515.0,55963.0
GR0000001312,2020,5,84242.0,25327.0,117747.0,1259339.0,933234.0,9185.0,34512.0,470990.0
GR0000001312,2021,5,173212.0,76230.0,133485.0,1810511.0,1338827.0,23035.0,99266.0,721486.0
GR0000001312,2022,5,110811.0,32751.0,131928.0,1256791.0,863574.0,13061.0,45812.0,710280.0
GR0000001312,2023,5,290010.0,114472.0,134459.0,2435972.0,1517073.0,37477.0,151948.0,1369219.0
GR0000001312,2024,4,109264.0,36726.0,110813.0,799138.0,584587.0,11356.0,48082.0,479024.0
GR0000001313,2020,101,5360642.0,2298530.0,4039582.0,33573034.0,19068393.0,850361.0,3148891.0,21375391.0
GR0000001313,2021,116,5139856.0,2196836.0,3544756.0,32523525.0,17237205.0,775946.0,2972782.0,23852195.0
GR0000001313,2022,115,7122961.0,2512225.0,5096838.0,44392245.0,25335141.0,883831.0,3396056.0,34358768.0
GR0000001313,2023,126,9527672.0,3388516.0,5089764.0,46886787.0,25357966.0,1187344.0,4575860.0,33540196.0
GR0000001313,2024,124,10932218.0,4277710.0,4833666.0,58322627.0,35582417.0,1081149.0,5358859.0,38869837.0
GR0000001314,2020,31,1320158.0,217080.0,697627.0,4288996.0,3064770.0,79873.0,296953.0,3629577.0
GR0000001314,2021,36,2036392.0,399338.0,897529.0,5701079.0,4077652.0,125445.0,524783.0,4739762.0
GR0000001314,2022,33,1959786.0,357018.0,566708.0,6717784.0,3722780.0,99771.0,456788.0,4419567.0
GR0000001314,2023,38,2149266.0,415411.0,947838.0,5747418.0,3933314.0,159703.0,575114.0,5407484.0
GR0000001314,2024,39,2308997.0,451948.0,642860.0,13585527.0,8407076.0,123092.0,575040.0,7396583.0
GR0000001315,2022,2,38490.0,11232.0,29868.0,228459.0,154415.0,3853.0,15085.0,145501.0
GR0000001315,2023,2,31216.0,6113.0,36509.0,215334.0,169310.0,1737.0,7850.0,123379.0
GR0000001315,2024,2,32570.0,7043.0,28168.0,162399.0,108342.0,2293.0,9336.0,116746.0
GR0000001316,2020,15,629879.0,157077.0,285238.0,2163022.0,1618189.0,57896.0,214973.0,1722087.0
GR0000001316,2021,15,589639.0,112372.0,336888.0,2096871.0,1470631.0,39216.0,151588.0,1849519.0
GR0000001316,2022,15,442781.0,95099.0,332387.0,2354954.0,1463962.0,32462.0,127561.0,1471430.0
GR0000001316,2023,15,941534.0,156494.0,253251.0,4755529.0,2794728.0,57829.0,214323.0,2494338.0
GR0000001316,2024,15,908316.0,224593.0,270590.0,4560545.0,2707785.0,77764.0,302357.0,2608071.0
GR0000001317,2020,2,224959.0,49717.0,56520.0,467354.0,259383.0,12048.0,61765.0,471858.0
GR0000001317,2021,1,53130.0,14184.0,27309.0,191788.0,93039.0,2774.0,16958.0,115202.0
GR0000001317,2022,1,52340.0,16155.0,31776.0,137242.0,74977.0,3144.0,19299.0,126792.0
GR0000001317,2023,1,43250.0,13131.0,26058.0,116050.0,65569.0,3890.0,17021.0,98177.0
GR0000001317,2024,1,60414.0,18644.0,30384.0,168683.0,105045.0,4048.0,22692.0,141429.0
GR0000001318,2020,21,260484.0,41957.0,201887.0,431273.0,300314.0,13689.0,55646.0,1009437.0
GR0000001318,2021,19,365408.0,72396.0,281282.0,821109.0,473437.0,18546.0,90942.0,1406411.0
GR0000001318,2022,16,308604.0,51074.0,233818.0,566216.0,282551.0,8923.0,59997.0,1169089.0
GR0000001318,2023,12,338949.0,56520.0,201960.0,527484.0,321848.0,13894.0,70414.0,1009798.0
GR0000001318,2024,13,248365.0,59828.0,158207.0,464734.0,308636.0,13165.0,72993.0,791035.0
GR0000001319,2020,4,174017.0,61661.0,108293.0,519868.0,275733.0,15764.0,77425.0,646849.0
GR0000001319,2021,3,134042.0,48418.0,83244.0,418828.0,243699.0,12612.0,61030.0,635847.0
GR0000001319,2022,3,261643.0,87516.0,89044.0,911857.0,409331.0,25754.0,113269.0,960219.0
GR0000001319,2023,3,206923.0,68095.0,74663.0,649789.0,331601.0,20636.0,88731.0,892798.0
GR0000001319,2024,3,215891.0,60411.0,73028.0,682193.0,360679.0,15369.0,75780.0,792693.0
GR0000001320,2020,14,214501.0,59563.0,233435.0,1305590.0,805675.0,20280.0,79843.0,1201493.0
GR0000001320,2021,14,127499.0,19129.0,164049.0,728248.0,402458.0,7049.0,26178.0,656198.0
GR0000001320,2022,13,192308.0,56214.0,258546.0,1263861.0,853752.0,17808.0,74022.0,1160357.0
GR0000001320,2023,13,263995.0,58556.0,207601.0,1290786.0,756482.0,22988.0,81543.0,1119676.0
GR0000001320,2024,14,290254.0,46633.0,215913.0,1598943.0,1025151.0,15560.0,62193.0,1239132.0
GR0000001321,2020,20,202496.0,59094.0,176713.0,421988.0,281561.0,20248.0,79342.0,883564.0
GR0000001321,2021,21,388480.0,55499.0,361946.0,1089125.0,747259.0,22637.0,78136.0,1849770.0
GR0000001321,2022,19,439055.0,74123.0,332455.0,809060.0,596425.0,27464.0,101587.0,1662274.0
GR0000001321,2023,17,228425.0,42415.0,197578.0,467874.0,260561.0,13916.0,56331.0,987892.0
GR0000001321,2024,15,386978.0,118776.0,231062.0,570434.0,317632.0,35630.0,154406.0,1306470.0
GR0000001322,2020,28,1890234.0,543798.0,536768.0,6814596.0,4947460.0,155052.0,698849.0,5323470.0
GR0000001322,2021,30,1925701.0,549748.0,604892.0,7284877.0,4530088.0,181758.0,731506.0,5322911.0
GR0000001322,2022,31,1045084.0,222743.0,751840.0,4866224.0,2731496.0,76266.0,299009.0,3257174.0
GR0000001322,2023,32,1524168.0,353876.0,533839.0,4513866.0,2960852.0,118802.0,472678.0,3573665.0
GR0000001322,2024,29,1729924.0,453701.0,682201.0,8364986.0,5309832.0,140315.0,594016.0,5544224.0
GR0000001323,2020,1,8386.0,1844.0,10164.0,43294.0,30090.0,644.0,2487.0,40656.0
GR0000001323,2021,1,7093.0,1488.0,9037.0,29923.0,18108.0,565.0,2053.0,36148.0
GR0000001323,2022,1,16690.0,4871.0,18025.0,74047.0,41714.0,1719.0,6590.0,72101.0
GR0000001323,2023,1,17261.0,4199.0,19507.0,76473.0,43661.0,1522.0,5721.0,78030.0
GR0000001323,2024,1,14872.0,3004.0,16001.0,57459.0,30688.0,1094.0,4098.0,64004.0
GR0000001324,2020,123,14325709.0,4688322.0,5652665.0,25154749.0,12754355.0,1274261.0,5962583.0,30022240.0
GR0000001324,2021,118,19870279.0,6624826.0,4304821.0,37224565.0,16050336.0,1559012.0,8183838.0,44998870.0
GR0000001324,2022,136,21999809.0,5957389.0,5422612.0,33383963.0,11961080.0,1841759.0,7799149.0,48971666.0
GR0000001324,2023,127,26645137.0,10070893.0,4637386.0,48056053.0,18159306.0,2275635.0,12346528.0,57882282.0
GR0000001324,2024,144,24823565.0,10100064.0,6364767.0,32926275.0,14618844.0,2233832.0,12333896.0,49536183.0
GR0000001325,2021,12,919197.0,388020.0,360438.0,1994492.0,1106784.0,118336.0,506356.0,1544209.0
GR0000001325,2022,11,923331.0,377000.0,369803.0,2312021.0,1159428.0,136909.0,513909.0,1916731.0
GR0000001325,2023,12,595017.0,202415.0,414221.0,1052098.0,607303.0,83316.0,285731.0,1110439.0
GR0000001325,2024,13,646120.0,263745.0,407719.0,1614750.0,916749.0,107311.0,371056.0,1431966.0
GR0000001326,2020,1,15180.0,4314.0,22267.0,70260.0,39753.0,1367.0,5681.0,74223.0
GR0000001326,2021,1,23748.0,5575.0,24865.0,126647.0,71443.0,2331.0,7907.0,114212.0
GR0000001326,2022,1,33131.0,8096.0,24902.0,177401.0,121192.0,2644.0,10740.0,164908.0
GR0000001326,2023,1,24911.0,5579.0,18109.0,130821.0,66773.0,2042.0,7621.0,131474.0
GR0000001326,2024,1,14126.0,4870.0,19962.0,71650.0,45853.0,1393.0,6262.0,66541.0
GR0000001327,2020,81,4738092.0,1437695.0,2332789.0,15846734.0,7889404.0,504246.0,1941942.0,17705931.0
GR0000001327,2021,93,4006073.0,1179563.0,2317050.0,13849330.0,8078223.0,420788.0,1600351.0,16462037.0
GR0000001327,2022,98,3174444.0,737757.0,2357444.0,7780003.0,4131587.0,263055.0,1000812.0,11251742.0
GR0000001327,2023,105,4253822.0,1291083.0,2902475.0,16307538.0,7842611.0,400661.0,1691744.0,16183064.0
GR0000001327,2024,96,2582677.0,894236.0,2689503.0,8328237.0,5081001.0,228209.0,1122445.0,11614703.0
GR0000001328,2021,2,57365.0,19930.0,64212.0,586895.0,423246.0,6276.0,26206.0,256847.0
GR0000001328,2022,2,68988.0,24034.0,65877.0,515544.0,295827.0,8462.0,32496.0,331578.0
GR0000001328,2023,2,44507.0,15040.0,51345.0,563265.0,311764.0,5701.0,20741.0,294955.0
GR0000001328,2024,2,68837.0,29076.0,66278.0,614825.0,454833.0,8561.0,37637.0,348108.0
GR0000001329,2020,22,843894.0,274112.0,645741.0,6523165.0,4686667.0,83263.0,357375.0,3575948.0
GR0000001329,2021,25,1431078.0,579701.0,662215.0,12661120.0,7717656.0,231334.0,811035.0,5816118.0
GR0000001329,2022,23,510384.0,159056.0,734759.0,6175302.0,3570413.0,55268.0,214324.0,2939038.0
GR0000001329,2023,21,1352709.0,533131.0,595538.0,9603896.0,6720531.0,170798.0,703929.0,5922071.0
GR0000001329,2024,20,338242.0,131401.0,500428.0,3536508.0,2426669.0,49003.0,180405.0,2070774.0
GR0000001330,2020,4,221034.0,41916.0,75758.0,439957.0,262417.0,13166.0,55082.0,783379.0
GR0000001330,2021,3,247030.0,68423.0,56158.0,330570.0,186301.0,20804.0,89227.0,798084.0
GR0000001330,2022,3,200299.0,51636.0,61774.0,314996.0,173394.0,14893.0,66529.0,671807.0
GR0000001330,2023,3,125478.0,34390.0,70848.0,181444.0,129874.0,10627.0,45017.0,462262.0
GR0000001330,2024,3,116827.0,21025.0,70381.0,185870.0,104497.0,5403.0,26428.0,391007.0
GR0000001331,2020,16,3069386.0,1355195.0,606841.0,3992510.0,1558246.0,347480.0,1702676.0,4774910.0
GR0000001331,2021,16,2097246.0,866098.0,561419.0,2561275.0,1264630.0,257408.0,1123506.0,3518747.0
GR0000001331,2022,16,2216855.0,958409.0,609571.0,2955235.0,1565836.0,302329.0,1260739.0,3428699.0
GR0000001331,2023,18,4690853.0,2189156.0,700906.0,7053080.0,2867872.0,562467.0,2751623.0,7634896.0
GR0000001331,2024,20,5403649.0,2107025.0,884079.0,8190454.0,3063135.0,722027.0,2829052.0,9249772.0
GR0000001332,2020,4,110555.0,40444.0,113658.0,419436.0,258283.0,10522.0,50966.0,537996.0
GR0000001332,2021,4,133326.0,39779.0,108575.0,429140.0,237944.0,14612.0,54391.0,541270.0
GR0000001332,2022,4,80740.0,19170.0,85840.0,237495.0,160455.0,6489.0,25659.0,349782.0
GR0000001332,2023,4,118299.0,30676.0,113228.0,433569.0,308677.0,11129.0,41805.0,571815.0
GR0000001332,2024,4,128733.0,32057.0,97156.0,390845.0,273673.0,9170.0,41226.0,483699.0
GR0000001333,2020,25,2431861.0,956443.0,1023004.0,27107695.0,22437553.0,293640.0,1250083.0,5156114.0
GR0000001333,2021,24,3261833.0,1414621.0,883599.0,43187228.0,39495966.0,426955.0,1841576.0,7029544.0
GR0000001333,2022,24,1685826.0,844399.0,817464.0,16082756.0,11839066.0,211668.0,1056067.0,4550341.0
GR0000001333,2023,22,3006297.0,1141679.0,728054.0,24867213.0,21560986.0,436486.0,1578165.0,7613274.0
GR0000001333,2024,18,3001492.0,1322535.0,674381.0,21875085.0,16231574.0,396328.0,1718863.0,6082331.0
GR0000001334,2024,1,66500.0,28106.0,33227.0,413476.0,350220.0,8866.0,36972.0,137211.0
GR0000001335,2020,192,22611154.0,4185780.0,5339635.0,67928878.0,47131513.0,1545489.0,5731269.0,50491038.0
GR0000001335,2021,182,13856965.0,3671086.0,5330617.0,37363362.0,19648515.0,1079398.0,4750484.0,32701691.0
GR0000001335,2022,211,26518953.0,7491893.0,6233807.0,91422998.0,56111521.0,2903578.0,10395471.0,63414316.0
GR0000001335,2023,227,24843744.0,4905498.0,5064791.0,64074641.0,40755074.0,1535305.0,6440804.0,59514190.0
GR0000001335,2024,248,27828598.0,5446252.0,6932787.0,56446139.0,36381169.0,2028734.0,7474985.0,57578840.0
GR0000001336,2020,5,146302.0,39047.0,76493.0,1146594.0,745675.0,12170.0,51217.0,571433.0
GR0000001336,2021,4,158481.0,38540.0,79561.0,649435.0,454868.0,15991.0,54530.0,452014.0
GR0000001336,2022,4,175374.0,26019.0,68625.0,971515.0,763243.0,10429.0,36448.0,441504.0
GR0000001336,2023,4,89768.0,24691.0,75744.0,364520.0,218723.0,9792.0,34483.0,263150.0
GR0000001336,2024,3,114916.0,21770.0,48286.0,572681.0,369314.0,6498.0,28267.0,294947.0
GR0000001337,2020,1940,120171019.0,33772800.0,47446961.0,169874332.0,87870517.0,11071548.0,44844348.0,358428620.0
GR0000001337,2021,2000,179955260.0,52441231.0,49608285.0,177845321.0,108489689.0,15897243.0,68338474.0,476270654.0
GR0000001337,2022,1914,133158557.0,35321900.0,45210212.0,168435806.0,91819102.0,8654946.0,43976846.0,444535840.0
GR0000001337,2023,2000,108190611.0,27109707.0,45675752.0,99949224.0,56182606.0,7539460.0,34649168.0,304505010.0
GR0000001337,2024,1812,93795697.0,16022984.0,50066148.0,154101924.0,88487794.0,5686368.0,21709352.0,333774319.0
GR0000001338,2020,16,1260645.0,575283.0,548086.0,12456529.0,9799866.0,203995.0,779278.0,3044388.0
GR0000001338,2021,17,1253539.0,563313.0,608501.0,12091611.0,9217171.0,191683.0,754996.0,2760960.0
GR0000001338,2022,16,583225.0,299635.0,564101.0,5263787.0,3941425.0,93414.0,393049.0,1307974.0
GR0000001338,2023,16,938684.0,424906.0,624480.0,11700441.0,9177327.0,176518.0,601424.0,2337317.0
GR0000001338,2024,14,965631.0,375440.0,552750.0,8508282.0,7153231.0,135096.0,510535.0,2341745.0
GR0000001339,2020,23,229537.0,77706.0,467335.0,1266445.0,941631.0,29045.0,106751.0,1168336.0
GR0000001339,2021,25,780160.0,216163.0,533631.0,4236651.0,3334792.0,79229.0,295392.0,3186278.0
GR0000001339,2022,28,888306.0,308755.0,488170.0,3354419.0,2396875.0,105136.0,413891.0,3797712.0
GR0000001339,2023,27,480698.0,153423.0,541757.0,1809553.0,1409656.0,60872.0,214295.0,1993119.0
GR0000001339,2024,27,460403.0,148166.0,540995.0,3227265.0,2522880.0,51380.0,199547.0,2620226.0
GR0000001340,2020,12,490700.0,121465.0,316128.0,1878964.0,1084597.0,43109.0,164574.0,2342823.0
GR0000001340,2021,12,726159.0,248733.0,352185.0,1994327.0,1248797.0,94108.0,342841.0,2827286.0
GR0000001340,2022,12,462656.0,175914.0,357697.0,1775991.0,955585.0,44522.0,220435.0,1774109.0
GR0000001340,2023,12,841788.0,274487.0,279881.0,3363233.0,1801005.0,94752.0,369239.0,3913436.0
GR0000001340,2024,11,323020.0,78786.0,310643.0,1140392.0,676420.0,26746.0,105532.0,1441945.0
GR0000001341,2023,2,61369.0,10293.0,36159.0,218021.0,113508.0,1665.0,11958.0,150312.0
GR0000001341,2024,1,27167.0,6437.0,18509.0,145303.0,91340.0,1842.0,8279.0,81760.0
GR0000001342,2020,424,55806080.0,10397967.0,10727276.0,105783812.0,71239445.0,2383001.0,12780967.0,111306808.0
GR0000001342,2021,390,53696628.0,11284534.0,8443914.0,167843361.0,113644997.0,3738374.0,15022908.0,130804085.0
GR0000001342,2022,410,42159355.0,9788937.0,12409687.0,157130180.0,107831252.0,2879830.0,12668767.0,104499841.0
GR0000001342,2023,410,70752314.0,17552006.0,8631747.0,188865971.0,101051726.0,6164656.0,23716662.0,144431986.0
GR0000001342,2024,427,50141664.0,14017610.0,10455374.0,122473614.0,62656929.0,3034608.0,17052218.0,97855497.0
GR0000001343,2020,8,205433.0,42907.0,164837.0,542533.0,270054.0,15019.0,57926.0,749257.0
GR0000001343,2021,8,195958.0,36877.0,175613.0,675891.0,304748.0,9362.0,46240.0,986365.0
GR0000001343,2022,7,201607.0,28756.0,157706.0,553678.0,369245.0,9294.0,38050.0,716845.0
GR0000001343,2023,6,213543.0,35964.0,134850.0,851536.0,464697.0,11217.0,47181.0,1090573.0
GR0000001343,2024,4,185579.0,33696.0,93063.0,687821.0,332012.0,10647.0,44343.0,783887.0
GR0000001344,2022,33,211953.0,53176.0,320621.0,1188453.0,767013.0,20762.0,73938.0,1282485.0
GR0000001344,2023,39,562447.0,101993.0,659434.0,2773667.0,1506704.0,41823.0,143817.0,2637735.0
GR0000001344,2024,40,591061.0,96519.0,684205.0,2710880.0,1424319.0,28140.0,124659.0,2736818.0
GR0000001345,2020,620,30930109.0,7849715.0,15286949.0,39413607.0,24561691.0,2975782.0,10825497.0,101912995.0
GR0000001345,2021,704,57860446.0,10619017.0,23454123.0,57317664.0,29616128.0,3115693.0,13734710.0,176022113.0
GR0000001345,2022,757,59627719.0,14533806.0,17980608.0,79444961.0,49243438.0,3478222.0,18012029.0,181049630.0
GR0000001345,2023,760,46846760.0,10614755.0,19299485.0,46260476.0,25018232.0,4064948.0,14679703.0,128663233.0
GR0000001345,2024,849,64057096.0,17286702.0,20109580.0,107114241.0,57506229.0,4025808.0,21312511.0,224711985.0
GR0000001346,2020,121,5397053.0,1485600.0,3884794.0,12137952.0,4878250.0,559232.0,2044832.0,13797103.0
GR0000001346,2021,141,13176085.0,3432520.0,5483157.0,25608422.0,11802687.0,1170827.0,4603347.0,29533529.0
GR0000001346,2022,135,12373315.0,3930170.0,4086525.0,38667955.0,18638063.0,1008888.0,4939058.0,31112449.0
GR0000001346,2023,144,12072785.0,4624098.0,4303186.0,34009165.0,15060490.0,1238799.0,5862898.0,26278390.0
GR0000001346,2024,161,20011045.0,7339599.0,6015232.0,45729314.0,24790933.0,2633352.0,9972951.0,51373778.0
GR0000001347,2020,34,6150747.0,2673369.0,1467435.0,54000613.0,45141039.0,645868.0,3319236.0,13277087.0
GR0000001347,2021,27,3393299.0,1383414.0,1030975.0,21432608.0,17207009.0,357075.0,1740489.0,6449514.0
GR0000001347,2022,17,1883602.0,825360.0,701616.0,15134232.0,13517181.0,219736.0,1045096.0,4539734.0
GR0000001347,2023,17,1437980.0,535960.0,717373.0,26854724.0,17859576.0,182105.0,718064.0,2702344.0
GR0000001347,2024,14,2655210.0,1110189.0,536491.0,56740925.0,38356291.0,228698.0,1338887.0,5751906.0
GR0000001348,2020,4,104792.0,28611.0,73246.0,589678.0,427913.0,11527.0,40138.0,285891.0
GR0000001348,2021,4,69144.0,18015.0,63944.0,317077.0,197762.0,6580.0,24595.0,174183.0
GR0000001348,2022,4,184834.0,42769.0,72299.0,567091.0,390534.0,18049.0,60818.0,475137.0
GR0000001348,2023,4,126522.0,19526.0,77590.0,531778.0,338645.0,8045.0,27571.0,397842.0
GR0000001348,2024,4,105345.0,16901.0,63607.0,665377.0,439123.0,6705.0,23606.0,379224.0
GR0000001349,2020,47,2048804.0,584203.0,1287210.0,6183179.0,3182191.0,201270.0,785472.0,7535200.0
GR0000001349,2021,49,2735558.0,970058.0,1417496.0,11865063.0,5508556.0,293829.0,1263888.0,12204016.0
GR0000001349,2022,50,3237017.0,1048402.0,1380336.0,13502341.0,7360846.0,385916.0,1434318.0,14892441.0
GR0000001349,2023,50,3112797.0,831609.0,1105709.0,7889541.0,4122321.0,285176.0,1116785.0,10545393.0
GR0000001349,2024,50,2778671.0,895858.0,1207861.0,9285616.0,5195837.0,348012.0,1243870.0,11246226.0
GR0000001350,2020,7,71263.0,20474.0,89068.0,318110.0,202644.0,6216.0,26690.0,356274.0
GR0000001350,2021,7,40612.0,8869.0,46622.0,151742.0,78611.0,2526.0,11395.0,186489.0
GR0000001350,2022,6,55327.0,9851.0,86081.0,393331.0,211373.0,3026.0,12877.0,344323.0
GR0000001350,2023,5,47780.0,13428.0,57272.0,285577.0,186656.0,5273.0,18701.0,229088.0
GR0000001350,2024,5,58824.0,15434.0,60964.0,236205.0,132989.0,4654.0,20088.0,243855.0
GR0000001351,2020,20,1381508.0,439470.0,622331.0,2494227.0,1405719.0,181729.0,621200.0,2612131.0
GR0000001351,2021,20,2565038.0,785934.0,593449.0,5697303.0,2930331.0,303536.0,1089470.0,4923879.0
GR0000001351,2022,20,1996439.0,652936.0,500090.0,5423769.0,2549320.0,184655.0,837592.0,4539473.0
GR0000001351,2023,20,2622056.0,958308.0,646063.0,5499547.0,3198448.0,323434.0,1281743.0,4433767.0
GR0000001351,2024,20,800186.0,237167.0,530626.0,2303086.0,1020791.0,85631.0,322799.0,1978529.0
GR0000001352,2020,3,31138.0,7463.0,52339.0,197882.0,123840.0,3002.0,10464.0,190471.0
GR0000001352,2021,3,40005.0,12685.0,55084.0,141731.0,111822.0,5282.0,17967.0,183862.0
GR0000001352,2022,3,55881.0,16222.0,63775.0,398907.0,297266.0,6795.0,23018.0,351383.0
GR0000001352,2023,3,52539.0,14415.0,61010.0,217946.0,159242.0,4714.0,19129.0,220250.0
GR0000001352,2024,3,94350.0,31608.0,65580.0,578920.0,440732.0,12527.0,44135.0,420686.0
GR0000001353,2020,12,426029.0,66819.0,226753.0,613147.0,437950.0,26244.0,93063.0,1478713.0
GR0000001353,2021,12,171561.0,39681.0,115225.0,287072.0,174463.0,12328.0,52009.0,576125.0
GR0000001353,2022,12,267941.0,61625.0,187869.0,388788.0,275491.0,20017.0,81642.0,939343.0
GR0000001353,2023,11,199251.0,46911.0,148052.0,382788.0,246298.0,14977.0,61888.0,740259.0
GR0000001353,2024,10,192291.0,50117.0,155546.0,409864.0,297606.0,19856.0,69973.0,782438.0
GR0000001354,2020,4,221442.0,75687.0,179678.0,1229643.0,775459.0,27038.0,102725.0,881328.0
GR0000001354,2021,3,283246.0,81025.0,97965.0,1639738.0,815708.0,23353.0,104378.0,1180302.0
GR0000001354,2022,2,326689.0,154535.0,85725.0,1463451.0,938466.0,34101.0,188636.0,1132669.0
GR0000001354,2023,2,157695.0,55340.0,91859.0,1064057.0,616377.0,14393.0,69733.0,627024.0
GR0000001354,2024,2,265819.0,111572.0,82242.0,1679461.0,1098765.0,29371.0,140943.0,1217571.0
GR0000001355,2020,65,4518837.0,1347456.0,1928651.0,8353420.0,3960620.0,374130.0,1721585.0,17340637.0
GR0000001355,2021,73,4288359.0,891144.0,2631960.0,9304864.0,5922133.0,287348.0,1178492.0,15813907.0
GR0000001355,2022,79,4237051.0,1315218.0,2257159.0,9938626.0,6172441.0,366601.0,1681819.0,20260492.0
GR0000001355,2023,74,3728663.0,1004577.0,2221940.0,7556783.0,4059669.0,379766.0,1384343.0,13440505.0
GR0000001355,2024,85,5216679.0,1507639.0,2544745.0,10012572.0,5812613.0,436456.0,1944094.0,17758306.0
GR0000001356,2020,28,694119.0,138133.0,520903.0,2204985.0,1188788.0,38190.0,176324.0,2639804.0
GR0000001356,2021,28,396508.0,68777.0,403583.0,1577830.0,919033.0,19744.0,88521.0,1834469.0
GR0000001356,2022,28,560303.0,155666.0,558198.0,1831042.0,1033019.0,43953.0,199618.0,3002078.0
GR0000001356,2023,25,415099.0,107811.0,430275.0,1456038.0,882974.0,34066.0,141877.0,1955797.0
GR0000001356,2024,29,802109.0,183470.0,642853.0,3358468.0,1514246.0,51990.0,235460.0,3467419.0
GR0000001357,2020,8,308577.0,102637.0,212343.0,1160166.0,686496.0,34465.0,137101.0,1142326.0
GR0000001357,2021,8,642299.0,177872.0,182207.0,1615879.0,1151896.0,60977.0,238848.0,2266157.0
GR0000001357,2022,8,381319.0,122256.0,206085.0,1472985.0,1087222.0,40926.0,163183.0,1677929.0
GR0000001357,2023,7,220002.0,75538.0,140590.0,635173.0,378944.0,23646.0,99184.0,883598.0
GR0000001357,2024,6,283187.0,76438.0,172525.0,1345502.0,921279.0,25611.0,102049.0,1321714.0
GR0000001358,2023,193,15083691.0,2544053.0,5634518.0,15735740.0,8745376.0,409803.0,2953856.0,39525809.0
GR0000001358,2024,153,7770729.0,1529887.0,3851741.0,8931059.0,5031816.0,461716.0,1991603.0,25678274.0
GR0000001359,2020,5,1369373.0,503646.0,183931.0,2753717.0,1050468.0,169009.0,672654.0,2416677.0
GR0000001359,2021,5,966779.0,400368.0,157673.0,1488588.0,811742.0,137689.0,538057.0,1412012.0
GR0000001359,2022,5,830660.0,266765.0,155142.0,1434311.0,565713.0,102043.0,368807.0,1540511.0
GR0000001359,2023,5,1377933.0,436159.0,150541.0,1989980.0,717820.0,141521.0,577680.0,2242771.0
GR0000001359,2024,5,719523.0,241145.0,210260.0,953251.0,503214.0,81499.0,322644.0,1127287.0
GR0000001360,2020,1,37223.0,15410.0,29157.0,318120.0,229188.0,6175.0,21584.0,209421.0
GR0000001360,2021,1,46932.0,17351.0,29197.0,398308.0,282267.0,4993.0,22344.0,252227.0
GR0000001360,2022,1,49026.0,16576.0,31994.0,431436.0,303489.0,5817.0,22393.0,275636.0
GR0000001360,2023,1,39949.0,15301.0,34434.0,509773.0,308523.0,5672.0,20974.0,220763.0
GR0000001360,2024,1,57377.0,20226.0,27292.0,425024.0,254779.0,5905.0,26131.0,237719.0
GR0000001361,2020,27,1001253.0,146213.0,682050.0,1694926.0,906485.0,56050.0,202263.0,3789168.0
GR0000001361,2021,30,1049145.0,226453.0,587133.0,1617753.0,890429.0,75612.0,302065.0,3998362.0
GR0000001361,2022,30,884241.0,204625.0,504793.0,1241837.0,862618.0,58118.0,262743.0,2804406.0
GR0000001361,2023,30,990825.0,196909.0,582185.0,1555007.0,808412.0,54063.0,250973.0,3234363.0
GR0000001361,2024,30,1508443.0,288031.0,540479.0,2248333.0,1344072.0,86588.0,374619.0,5654932.0
GR0000001362,2020,4,311580.0,113250.0,171391.0,1637925.0,968748.0,30260.0,143510.0,1094744.0
GR0000001362,2021,4,319993.0,129894.0,168127.0,2143901.0,1240352.0,49466.0,179359.0,1372553.0
GR0000001362,2022,3,195010.0,85629.0,92715.0,1703641.0,1023556.0,29744.0,115373.0,934881.0
GR0000001362,2023,3,338917.0,135933.0,129169.0,1693572.0,989815.0,34165.0,170098.0,1131546.0
GR0000001362,2024,3,128245.0,50954.0,108759.0,1115644.0,637348.0,14194.0,65149.0,603637.0
GR0000001363,2020,28,759896.0,170547.0,431813.0,1426967.0,943260.0,42930.0,213477.0,2398960.0
GR0000001363,2021,25,868553.0,144076.0,500869.0,1600268.0,909920.0,53177.0,197253.0,2782608.0
GR0000001363,2022,29,1766779.0,281122.0,801589.0,2460082.0,1253983.0,74810.0,355932.0,5166426.0
GR0000001363,2023,32,1521975.0,399282.0,700922.0,3121037.0,1628208.0,146677.0,545959.0,5641494.0
GR0000001363,2024,36,1694532.0,296139.0,952764.0,2130857.0,1067379.0,99405.0,395544.0,6328055.0
GR0000001364,2023,10,136055.0,37000.0,96948.0,238146.0,132192.0,13333.0,50333.0,484742.0
GR0000001364,2024,10,120262.0,28613.0,99317.0,216640.0,124304.0,10336.0,38949.0,496587.0
GR0000001365,2020,2,33792.0,10459.0,37423.0,173120.0,111777.0,4207.0,14666.0,187519.0
GR0000001365,2021,2,40852.0,13221.0,41261.0,269474.0,186350.0,4399.0,17619.0,208520.0
GR0000001365,2022,2,24809.0,8256.0,37538.0,131713.0,70938.0,3212.0,11468.0,148862.0
GR0000001365,2023,2,68128.0,21760.0,45258.0,325678.0,218774.0,7022.0,28782.0,355599.0
GR0000001365,2024,2,61105.0,21295.0,37004.0,350725.0,197650.0,6322.0,27618.0,369831.0
GR0000001366,2020,15,751931.0,154036.0,227943.0,3858189.0,2473440.0,59310.0,213345.0,1975073.0
GR0000001366,2021,15,370271.0,92514.0,295714.0,1526065.0,927076.0,34197.0,126711.0,944087.0
GR0000001366,2022,15,263052.0,66016.0,292263.0,1642959.0,1299285.0,26891.0,92907.0,1045838.0
GR0000001366,2023,15,536932.0,138750.0,257746.0,3985116.0,2721299.0,58377.0,197127.0,1821312.0
GR0000001366,2024,14,300103.0,52488.0,218401.0,2000626.0,1213234.0,15994.0,68482.0,977518.0
GR0000001367,2020,4,206065.0,84486.0,137610.0,529101.0,292759.0,32306.0,116792.0,437986.0
GR0000001367,2021,4,627515.0,209709.0,108644.0,1114806.0,629704.0,84410.0,294120.0,1138650.0
GR0000001367,2022,4,239467.0,86896.0,119572.0,683113.0,298338.0,29967.0,116864.0,509867.0
GR0000001367,2023,4,261151.0,90324.0,139132.0,603307.0,340969.0,31116.0,121440.0,629540.0
GR0000001367,2024,3,334948.0,138368.0,99778.0,1124557.0,609022.0,51500.0,189868.0,737534.0
GR0000001368,2020,144,11859852.0,2694588.0,3331337.0,29419915.0,13504851.0,578024.0,3272612.0,43500875.0
GR0000001368,2021,117,12773088.0,2823708.0,3170723.0,31075747.0,18130379.0,534645.0,3358353.0,45600702.0
GR0000001368,2022,101,6369725.0,1627632.0,3474107.0,15026646.0,8664387.0,477397.0,2105029.0,23942947.0
GR0000001368,2023,86,2940108.0,692858.0,1967634.0,5595884.0,3107733.0,123007.0,815865.0,9838171.0
GR0000001368,2024,66,4070896.0,846173.0,2248447.0,8027560.0,3271993.0,187484.0,1033657.0,13702625.0
GR0000001369,2020,49,941875.0,152716.0,730579.0,2154426.0,1301656.0,44496.0,197212.0,3652897.0
GR0000001369,2021,49,675568.0,137150.0,578842.0,1732909.0,1218967.0,57647.0,194797.0,2894208.0
GR0000001369,2022,49,840088.0,211884.0,641782.0,1315346.0,893836.0,63832.0,275716.0,3208910.0
GR0000001369,2023,49,790321.0,220740.0,621804.0,1800389.0,1140112.0,93068.0,313808.0,3109019.0
GR0000001369,2024,49,604106.0,110642.0,527318.0,1861547.0,1098917.0,41285.0,151927.0,2636591.0
GR0000001370,2020,92,5409196.0,1463336.0,3006348.0,14851023.0,7103474.0,340247.0,1803583.0,20167144.0
GR0000001370,2021,103,6163021.0,1421488.0,3530313.0,12990865.0,6245376.0,460444.0,1881933.0,20418210.0
GR0000001370,2022,96,4043766.0,1251961.0,3033431.0,9678464.0,5301194.0,278357.0,1530318.0,12133723.0
GR0000001370,2023,109,13649639.0,4875473.0,3072883.0,26791033.0,14843879.0,1170743.0,6046216.0,39309834.0
GR0000001370,2024,128,7993828.0,2548975.0,4067969.0,19381518.0,7902655.0,797466.0,3346442.0,25842408.0
GR0000001371,2020,32,907249.0,276220.0,759747.0,4345922.0,2651742.0,91287.0,367507.0,5070633.0
GR0000001371,2021,37,803309.0,214304.0,916497.0,3842747.0,1967142.0,86779.0,301083.0,3624539.0
GR0000001371,2022,37,726919.0,253780.0,821880.0,4677076.0,3176824.0,87313.0,341093.0,4166823.0
GR0000001371,2023,38,1088863.0,392295.0,751495.0,4912177.0,2861526.0,146755.0,539049.0,4480670.0
GR0000001371,2024,38,1140161.0,302458.0,817174.0,5637343.0,3928710.0,93697.0,396156.0,5731862.0
GR0000001372,2020,134,6286591.0,2479672.0,4327534.0,55543243.0,36427990.0,666565.0,3146237.0,26551490.0
GR0000001372,2021,122,13805025.0,4874945.0,4332124.0,64846065.0,32872225.0,1584373.0,6459318.0,46848823.0
GR0000001372,2022,111,4841288.0,2018592.0,4990913.0,38078223.0,20158267.0,537446.0,2556038.0,23068116.0
GR0000001372,2023,118,10809660.0,4393182.0,3826763.0,61074502.0,35231684.0,1615303.0,6008485.0,37948871.0
GR0000001372,2024,114,12844244.0,5199058.0,4268261.0,61768580.0,39137757.0,1739503.0,6938560.0,47076229.0
GR0000001373,2020,31,1835896.0,395226.0,728185.0,5740376.0,3409320.0,100279.0,495505.0,8511808.0
GR0000001373,2021,28,1479170.0,289289.0,671104.0,4527689.0,2671833.0,74063.0,363352.0,6074160.0
GR0000001373,2022,32,1062714.0,305639.0,750752.0,2707469.0,1574197.0,101170.0,406809.0,4381134.0
GR0000001373,2023,29,943564.0,183337.0,679049.0,2182292.0,1263152.0,46993.0,230331.0,4125603.0
GR0000001373,2024,32,818635.0,223743.0,825371.0,3375128.0,1958798.0,74795.0,298538.0,4168327.0
GR0000001374,2020,41,945552.0,224112.0,1040087.0,7046800.0,4031387.0,58048.0,282160.0,5489174.0
GR0000001374,2021,33,398602.0,110936.0,711851.0,2192124.0,1166695.0,33717.0,144654.0,2372837.0
GR0000001374,2022,30,871691.0,283271.0,730139.0,4994851.0,2820788.0,87182.0,370453.0,4608963.0
GR0000001374,2023,29,293897.0,90632.0,551199.0,2089778.0,1385338.0,26561.0,117193.0,1837330.0
GR0000001374,2024,30,1206415.0,434696.0,712401.0,5823013.0,3356340.0,121948.0,556644.0,5247806.0
GR0000001375,2020,8,463456.0,146899.0,317463.0,1192118.0,597801.0,55097.0,201996.0,1108201.0
GR0000001375,2021,7,308254.0,82842.0,190424.0,877742.0,497040.0,31664.0,114506.0,842477.0
GR0000001375,2022,7,905332.0,214241.0,238316.0,1800554.0,809259.0,76641.0,290881.0,1858658.0
GR0000001375,2023,7,591141.0,225660.0,255476.0,1253011.0,727074.0,64643.0,290303.0,1407045.0
GR0000001375,2024,7,565932.0,180051.0,251388.0,1973278.0,903480.0,58976.0,239027.0,1590384.0
GR0000001376,2020,8,1245392.0,312517.0,243175.0,2327355.0,1351317.0,83916.0,396433.0,2498130.0
GR0000001376,2021,7,967433.0,226762.0,268563.0,2375834.0,1038582.0,74624.0,301385.0,2357872.0
GR0000001376,2022,6,872605.0,254642.0,167929.0,1817060.0,1086641.0,77190.0,331832.0,1793117.0
GR0000001376,2023,5,738237.0,240678.0,125369.0,1634545.0,878547.0,86497.0,327175.0,1595467.0
GR0000001376,2024,5,415043.0,137256.0,165911.0,796877.0,442995.0,36191.0,173447.0,837382.0
GR0000001377,2020,17,1369970.0,511912.0,584248.0,7583785.0,4466829.0,183263.0,695175.0,5734167.0
GR0000001377,2021,19,1866703.0,624951.0,839845.0,9906716.0,4997363.0,213829.0,838780.0,7902727.0
GR0000001377,2022,20,1665097.0,563300.0,729798.0,7868632.0,4251527.0,181055.0,744355.0,6040263.0
GR0000001377,2023,18,879357.0,301717.0,581438.0,5004966.0,3331251.0,101853.0,403570.0,3356181.0
GR0000001377,2024,20,1561188.0,672821.0,698480.0,6486726.0,3947932.0,242807.0,915628.0,5710003.0
GR0000001378,2020,13,268675.0,60736.0,285841.0,1193839.0,872646.0,22722.0,83457.0,1280899.0
GR0000001378,2021,12,308395.0,84223.0,264726.0,1349948.0,853458.0,33480.0,117704.0,1543470.0
GR0000001378,2022,13,193758.0,32789.0,297268.0,1072957.0,781738.0,9939.0,42728.0,1245919.0
GR0000001378,2023,12,260891.0,42090.0,276315.0,1333864.0,900094.0,12780.0,54870.0,1654204.0
GR0000001378,2024,11,373025.0,73794.0,238035.0,1118758.0,638841.0,23426.0,97220.0,1662998.0
GR0000001379,2020,3,59252.0,19757.0,73147.0,303817.0,183928.0,8273.0,28030.0,259760.0
GR0000001379,2021,2,53312.0,15569.0,42649.0,295339.0,148747.0,5842.0,21411.0,334654.0
GR0000001379,2022,2,59664.0,13328.0,43144.0,250308.0,133038.0,5516.0,18844.0,262136.0
GR0000001379,2023,2,24308.0,7160.0,41965.0,149728.0,79646.0,2066.0,9226.0,150937.0
GR0000001379,2024,2,31216.0,10203.0,41347.0,170695.0,94608.0,4335.0,14538.0,144795.0
GR0000001380,2020,14,520869.0,166656.0,481561.0,3943175.0,2707991.0,64155.0,230811.0,2526547.0
GR0000001380,2021,16,1055790.0,388233.0,696443.0,6938401.0,4589179.0,133751.0,521985.0,4584694.0
GR0000001380,2022,18,1147003.0,467492.0,676041.0,5397810.0,3148274.0,176220.0,643712.0,3973606.0
GR0000001380,2023,17,1507208.0,670867.0,747872.0,11882889.0,8127547.0,201268.0,872135.0,7340996.0
GR0000001380,2024,19,901029.0,294269.0,687920.0,5260979.0,3667244.0,106276.0,400544.0,3267305.0
GR0000001381,2020,49,3862247.0,779300.0,989989.0,14632424.0,9439642.0,206918.0,986219.0,9276146.0
GR0000001381,2021,45,2949835.0,599440.0,722727.0,12248719.0,6754149.0,168109.0,767549.0,6610029.0
GR0000001381,2022,51,1870317.0,433455.0,866339.0,7629079.0,5634980.0,155024.0,588479.0,5739009.0
GR0000001381,2023,53,1596789.0,476622.0,876740.0,10226372.0,5895492.0,139662.0,616284.0,5156770.0
GR0000001381,2024,62,1679522.0,326086.0,1313236.0,9564440.0,6299847.0,95643.0,421729.0,5326861.0
GR0000001382,2020,130,9976371.0,2806689.0,4518725.0,24851036.0,12964749.0,641923.0,3448612.0,38952078.0
GR0000001382,2021,153,10674757.0,2878934.0,5383872.0,20585077.0,9292327.0,1084314.0,3963248.0,35706735.0
GR0000001382,2022,179,7351981.0,1324821.0,6091182.0,12020309.0,5692048.0,363655.0,1688476.0,24853835.0
GR0000001382,2023,173,7590423.0,1297026.0,6158617.0,17874966.0,10016513.0,418397.0,1715423.0,26253568.0
GR0000001382,2024,204,14004580.0,3262520.0,6439051.0,30541116.0,16684092.0,819391.0,4081911.0,49384391.0
GR0000001383,2020,49,1008000.0,341609.0,1113524.0,4348068.0,2749169.0,100458.0,442067.0,3963761.0
GR0000001383,2021,45,1604537.0,520948.0,925617.0,4680535.0,2577186.0,146771.0,667720.0,5771499.0
GR0000001383,2022,48,1111437.0,317828.0,988202.0,3833812.0,2360105.0,112099.0,429928.0,5278450.0
GR0000001383,2023,53,1020586.0,315603.0,1229754.0,4959937.0,3326991.0,79391.0,394994.0,4437135.0
GR0000001383,2024,49,2121047.0,506833.0,1329329.0,6699977.0,4611089.0,187299.0,694133.0,8277811.0
GR0000001384,2020,15,1172026.0,363180.0,459175.0,2560514.0,1106793.0,112113.0,475293.0,2110921.0
GR0000001384,2021,17,967969.0,406945.0,586556.0,3369198.0,1646511.0,117863.0,524808.0,2364262.0
GR0000001384,2022,17,1167668.0,501921.0,509051.0,1938592.0,811748.0,182950.0,684871.0,2284915.0
GR0000001384,2023,16,1010314.0,442724.0,426655.0,1891220.0,1097167.0,159729.0,602453.0,1758292.0
GR0000001384,2024,18,1564381.0,702899.0,532333.0,3592896.0,1797649.0,210868.0,913767.0,3622234.0
GR0000001385,2020,42,999703.0,264035.0,832075.0,4469470.0,2585521.0,111740.0,375775.0,6007979.0
GR0000001385,2021,40,511124.0,138296.0,804603.0,2791713.0,1696757.0,45668.0,183964.0,3278088.0
GR0000001385,2022,45,1038864.0,292515.0,841668.0,3685492.0,2497678.0,115750.0,408265.0,5194279.0
GR0000001385,2023,49,948854.0,279888.0,1069997.0,3122049.0,2237424.0,86681.0,366569.0,4152163.0
GR0000001385,2024,49,1739835.0,440962.0,1185539.0,5987861.0,4333594.0,164175.0,605138.0,7343882.0
GR0000001386,2020,8,156520.0,40152.0,180657.0,918311.0,591760.0,9480.0,49632.0,826395.0
GR0000001386,2021,6,171675.0,34519.0,125038.0,863262.0,393980.0,9333.0,43852.0,862557.0
GR0000001386,2022,5,125915.0,30108.0,110700.0,451946.0,288576.0,6694.0,36803.0,489124.0
GR0000001386,2023,4,123596.0,22771.0,73525.0,425428.0,283058.0,7203.0,29975.0,457351.0
GR0000001386,2024,3,83809.0,19420.0,68666.0,311656.0,187955.0,3169.0,22589.0,316053.0
GR0000001387,2022,154,25203141.0,11102464.0,7246542.0,130914972.0,116510361.0,4014721.0,15117185.0,42566595.0
GR0000001387,2023,157,45136522.0,19606779.0,8874114.0,432439481.0,365610641.0,5833939.0,25440719.0,97207553.0
GR0000001387,2024,182,36625767.0,15255332.0,11338970.0,274861100.0,234082411.0,4614141.0,19869473.0,67394449.0
GR0000001388,2020,127,8369151.0,1936485.0,2173280.0,33482283.0,24956933.0,685941.0,2622427.0,25275870.0
GR0000001388,2021,149,6946885.0,1402297.0,2467817.0,19712360.0,10857364.0,477746.0,1880042.0,16345297.0
GR0000001388,2022,149,10970670.0,2264769.0,3679514.0,49458636.0,33811698.0,799425.0,3064194.0,25544770.0
GR0000001388,2023,138,8055614.0,1271807.0,3414047.0,28390421.0,18075729.0,387459.0,1659265.0,22470708.0
GR0000001388,2024,158,10417304.0,2867360.0,3789266.0,50064751.0,30087644.0,1016977.0,3884337.0,29959737.0
GR0000001389,2020,54,4011075.0,948022.0,1557300.0,8203652.0,4687176.0,358020.0,1306042.0,15838114.0
GR0000001389,2021,58,2667803.0,536328.0,1981539.0,6175500.0,2836525.0,207258.0,743586.0,11726437.0
GR0000001389,2022,55,3013029.0,878330.0,2111873.0,6642789.0,3441418.0,262814.0,1141144.0,12801201.0
GR0000001389,2023,64,4520152.0,760719.0,1886670.0,9957199.0,5680196.0,270395.0,1031113.0,19284791.0
GR0000001389,2024,67,3067944.0,890993.0,2543698.0,8057850.0,3894334.0,313691.0,1204684.0,13134876.0
GR0000001390,2020,6,177406.0,38120.0,93495.0,216380.0,107445.0,9370.0,47490.0,519416.0
GR0000001390,2021,4,113908.0,17740.0,58595.0,156956.0,90627.0,5569.0,23309.0,325528.0
GR0000001390,2022,3,109319.0,22739.0,66353.0,151753.0,82037.0,5426.0,28165.0,368629.0
GR0000001390,2023,3,123519.0,21847.0,66933.0,133232.0,71718.0,5048.0,26896.0,371848.0
GR0000001390,2024,3,241007.0,37157.0,78596.0,453797.0,250413.0,10516.0,47673.0,830690.0
GR0000001391,2020,8,318638.0,59175.0,154793.0,464078.0,260698.0,17205.0,76380.0,1205429.0
GR0000001391,2021,7,120690.0,23602.0,78700.0,247940.0,144197.0,6445.0,30047.0,437222.0
GR0000001391,2022,7,175863.0,31822.0,102341.0,218724.0,137841.0,11810.0,43632.0,568564.0
GR0000001391,2023,8,367023.0,100302.0,205891.0,502991.0,323449.0,29437.0,129738.0,1159203.0
GR0000001391,2024,8,271669.0,66853.0,175096.0,469488.0,303764.0,17041.0,83894.0,972756.0
GR0000001392,2020,3,247198.0,103893.0,89965.0,676776.0,389969.0,30231.0,134124.0,497493.0
GR0000001392,2021,2,187874.0,74044.0,59934.0,435620.0,245128.0,30095.0,104138.0,323750.0
GR0000001392,2022,1,97696.0,31012.0,32632.0,231232.0,111372.0,8767.0,39780.0,163818.0
GR0000001392,2023,1,105495.0,42727.0,32678.0,271563.0,118603.0,12656.0,55383.0,227785.0
GR0000001392,2024,1,57499.0,21050.0,31330.0,170378.0,73617.0,7386.0,28436.0,133030.0
GR0000001393,2020,20,863176.0,180853.0,508992.0,1354758.0,778111.0,64150.0,245003.0,2909713.0
GR0000001393,2021,23,780762.0,193206.0,498560.0,1169448.0,604156.0,62789.0,255995.0,2962836.0
GR0000001393,2022,25,891793.0,183940.0,543191.0,1414285.0,811808.0,63889.0,247828.0,3017725.0
GR0000001393,2023,22,1135723.0,260676.0,518705.0,1852071.0,1044579.0,86063.0,346740.0,3450181.0
GR0000001393,2024,20,857817.0,224163.0,530968.0,1462623.0,826199.0,67164.0,291326.0,3428927.0
GR0000001394,2024,4,159240.0,28245.0,100392.0,552765.0,327779.0,8217.0,36463.0,762548.0
GR0000001395,2020,2,90005.0,33104.0,50473.0,176403.0,76278.0,12432.0,45536.0,166071.0
GR0000001395,2021,1,54960.0,24307.0,25914.0,120641.0,58142.0,7130.0,31437.0,116393.0
GR0000001395,2022,1,75226.0,30606.0,30025.0,172416.0,84157.0,10936.0,41542.0,130359.0
GR0000001395,2023,1,67087.0,27999.0,33323.0,167371.0,76966.0,10171.0,38170.0,138593.0
GR0000001395,2024,1,98372.0,41267.0,33209.0,234971.0,139053.0,17603.0,58870.0,215317.0
GR0000001396,2022,11,386427.0,143302.0,326012.0,962765.0,608260.0,47556.0,190859.0,1326989.0
GR0000001396,2023,12,384051.0,98828.0,340091.0,1459788.0,896782.0,27597.0,126425.0,1734885.0
GR0000001396,2024,11,189884.0,49929.0,251688.0,755850.0,455947.0,17497.0,67426.0,898886.0
GR0000001397,2020,11,156685.0,39635.0,109746.0,251243.0,175982.0,11421.0,51056.0,548732.0
GR0000001397,2021,12,293746.0,62075.0,201784.0,745768.0,540659.0,18475.0,80550.0,1243593.0
GR0000001397,2022,12,247350.0,53011.0,219004.0,721000.0,522202.0,22641.0,75652.0,1190988.0
GR0000001397,2023,11,198164.0,30546.0,181395.0,542561.0,389790.0,9216.0,39762.0,953765.0
GR0000001397,2024,10,104003.0,17016.0,92909.0,240340.0,151679.0,6411.0,23427.0,464545.0
GR0000001398,2022,8,63133.0,19056.0,104604.0,281841.0,188880.0,6264.0,25321.0,261511.0
GR0000001398,2023,8,118453.0,26770.0,143936.0,645464.0,424950.0,10838.0,37608.0,729156.0
GR0000001398,2024,9,207548.0,61226.0,166484.0,719410.0,461036.0,25167.0,86393.0,834715.0
GR0000001399,2020,18,598350.0,170849.0,556716.0,1896876.0,1175959.0,55826.0,226675.0,2687437.0
GR0000001399,2021,16,945787.0,259044.0,489435.0,3084650.0,1895513.0,98370.0,357414.0,4115788.0
GR0000001399,2022,18,558383.0,134597.0,506639.0,2005695.0,1392885.0,43371.0,177968.0,2708111.0
GR0000001399,2023,20,699832.0,135496.0,452934.0,2942506.0,1673308.0,36140.0,171635.0,3783066.0
GR0000001399,2024,20,767733.0,168261.0,519129.0,1872907.0,1166284.0,64330.0,232592.0,3261311.0
GR0000001400,2020,7,106979.0,27103.0,144388.0,639579.0,405469.0,8266.0,35369.0,553870.0
GR0000001400,2021,5,263723.0,54109.0,96592.0,1289211.0,801341.0,17036.0,71145.0,1279091.0
GR0000001400,2022,3,136718.0,40445.0,69418.0,590857.0,355427.0,8388.0,48833.0,597703.0
GR0000001400,2023,2,135221.0,44167.0,45686.0,368651.0,235293.0,10357.0,54525.0,487760.0
GR0000001400,2024,1,63375.0,15154.0,24191.0,211256.0,113998.0,3263.0,18416.0,225649.0
GR0000001401,2020,7,114254.0,26896.0,98389.0,200611.0,136717.0,7761.0,34657.0,491947.0
GR0000001401,2021,8,73611.0,15376.0,69722.0,186093.0,123168.0,6447.0,21823.0,348612.0
GR0000001401,2022,8,92755.0,23178.0,86209.0,173276.0,123399.0,6925.0,30103.0,431045.0
GR0000001401,2023,9,205964.0,53915.0,158782.0,384436.0,212389.0,19339.0,73254.0,793909.0
GR0000001401,2024,9,222404.0,45392.0,167529.0,489484.0,352792.0,13552.0,58944.0,837647.0
GR0000001402,2020,16,2227578.0,652972.0,578496.0,5026562.0,2914664.0,212270.0,865243.0,5236501.0
GR0000001402,2021,13,1885019.0,753381.0,404655.0,3771628.0,1855054.0,229478.0,982859.0,3563932.0
GR0000001402,2022,14,1183784.0,460957.0,486351.0,2384557.0,1363944.0,141774.0,602731.0,2037873.0
GR0000001402,2023,13,1610698.0,616915.0,455762.0,3082180.0,1838304.0,204086.0,821001.0,2733018.0
GR0000001402,2024,14,2079506.0,573617.0,406353.0,3565644.0,1833469.0,212674.0,786291.0,3754213.0
GR0000001403,2020,16,1028211.0,448092.0,618305.0,4678681.0,3139383.0,122004.0,570096.0,3548793.0
GR0000001403,2021,16,893894.0,350103.0,657037.0,6164542.0,3824308.0,89089.0,439191.0,4157361.0
GR0000001403,2022,18,2076880.0,781270.0,789184.0,14165172.0,8443606.0,301730.0,1083000.0,7804170.0
GR0000001403,2023,18,2310748.0,1005383.0,768361.0,11831272.0,6425666.0,346523.0,1351906.0,7990599.0
GR0000001403,2024,21,1557348.0,578118.0,826596.0,8886436.0,5633130.0,201890.0,780008.0,5787253.0
GR0000001404,2020,1,29753.0,6890.0,16520.0,58086.0,42206.0,2276.0,9166.0,112304.0
GR0000001404,2021,1,11942.0,2098.0,10141.0,30571.0,18524.0,882.0,2980.0,50705.0
GR0000001404,2022,1,20011.0,4336.0,14121.0,34138.0,21415.0,1615.0,5951.0,70607.0
GR0000001404,2023,1,13998.0,2398.0,11602.0,37220.0,26941.0,979.0,3377.0,58012.0
GR0000001404,2024,1,25890.0,7585.0,17666.0,39631.0,26033.0,2562.0,10147.0,95388.0
GR0000001405,2020,1,197990.0,80435.0,32381.0,596131.0,262127.0,24337.0,104772.0,447133.0
GR0000001405,2021,1,73496.0,30164.0,32897.0,174683.0,80369.0,8392.0,38556.0,142442.0
GR0000001405,2022,1,61759.0,25678.0,32054.0,136751.0,80892.0,8051.0,33729.0,124045.0
GR0000001405,2023,1,111088.0,40038.0,34912.0,329435.0,180147.0,12206.0,52244.0,255026.0
GR0000001405,2024,1,97609.0,33952.0,33556.0,229693.0,121073.0,10057.0,44009.0,175251.0
GR0000001406,2020,5,1132188.0,577919.0,249321.0,8593376.0,7391379.0,158442.0,736360.0,2734875.0
GR0000001406,2021,5,1127074.0,444141.0,188002.0,10789610.0,8521206.0,121096.0,565237.0,1909319.0
GR0000001406,2022,5,627307.0,301248.0,239912.0,4442842.0,3646408.0,106084.0,407333.0,1322208.0
GR0000001406,2023,4,955306.0,416670.0,172450.0,6356908.0,5574626.0,157798.0,574469.0,1721965.0
GR0000001406,2024,4,1273769.0,643660.0,141046.0,10971229.0,9438370.0,176583.0,820243.0,2489708.0
GR0000001407,2020,2,21087.0,5835.0,27863.0,90708.0,49310.0,1866.0,7701.0,111450.0
GR0000001407,2021,1,7869.0,2071.0,9401.0,44555.0,30983.0,628.0,2700.0,37605.0
GR0000001407,2022,1,9937.0,1799.0,16307.0,53632.0,34410.0,544.0,2343.0,65229.0
GR0000001407,2023,1,14878.0,2374.0,15287.0,53416.0,32528.0,742.0,3116.0,61149.0
GR0000001407,2024,1,19805.0,4096.0,18424.0,97813.0,64045.0,1721.0,5816.0,88859.0
GR0000001408,2020,4,166637.0,46629.0,86379.0,219023.0,127654.0,11759.0,58388.0,479882.0
GR0000001408,2021,4,188618.0,47509.0,87166.0,312003.0,215868.0,17786.0,65295.0,643559.0
GR0000001408,2022,4,116303.0,32780.0,74657.0,193464.0,117653.0,11201.0,43980.0,414762.0
GR0000001408,2023,4,92960.0,22947.0,62562.0,157455.0,91612.0,7102.0,30049.0,347567.0
GR0000001408,2024,4,130491.0,26919.0,72619.0,209004.0,114572.0,9914.0,36832.0,502706.0
GR0000001409,2020,2,280451.0,140966.0,70267.0,2166946.0,1525955.0,49149.0,190115.0,634088.0
GR0000001409,2021,1,108067.0,53899.0,33375.0,1944318.0,1574302.0,20640.0,74540.0,283078.0
GR0000001409,2022,1,63694.0,29207.0,35155.0,1012556.0,825399.0,10828.0,40035.0,162130.0
GR0000001409,2023,1,78707.0,33854.0,33399.0,924485.0,697488.0,14107.0,47961.0,217381.0
GR0000001409,2024,1,127701.0,47684.0,33641.0,1948076.0,1568539.0,19994.0,67678.0,361332.0
GR0000001410,2020,111,9248976.0,2877151.0,4294737.0,21184286.0,11866592.0,697102.0,3574252.0,33638351.0
GR0000001410,2021,111,10102912.0,1494382.0,4167428.0,19545860.0,12534663.0,560734.0,2055116.0,36352219.0
GR0000001410,2022,112,11268781.0,2420432.0,4121572.0,22787929.0,10923968.0,814121.0,3234553.0,40476475.0
GR0000001410,2023,132,7012469.0,1830511.0,5264705.0,15580163.0,8870873.0,521787.0,2352298.0,25686870.0
GR0000001410,2024,142,9045307.0,1834968.0,4903821.0,24988306.0,11973489.0,410567.0,2245536.0,38262796.0
GR0000001411,2020,10,625020.0,228790.0,373185.0,1247401.0,629985.0,59906.0,288696.0,1300220.0
GR0000001411,2021,10,663110.0,175511.0,272124.0,1818800.0,1030883.0,63620.0,239132.0,1782637.0
GR0000001411,2022,10,1304523.0,323211.0,326460.0,2706007.0,1178241.0,81759.0,404971.0,2951449.0
GR0000001411,2023,10,1107155.0,294999.0,350435.0,2396495.0,1024375.0,84502.0,379502.0,2355766.0
GR0000001411,2024,10,1479569.0,373782.0,303605.0,3252114.0,1726006.0,136729.0,510511.0,3257657.0
GR0000001412,2020,14,191012.0,51712.0,305296.0,1130966.0,787522.0,15456.0,67168.0,1078523.0
GR0000001412,2021,15,608577.0,148608.0,321665.0,2349525.0,1329864.0,60074.0,208681.0,2802659.0
GR0000001412,2022,14,476291.0,138667.0,267203.0,2058379.0,1095214.0,47237.0,185904.0,2345845.0
GR0000001412,2023,14,255002.0,81339.0,329529.0,1323493.0,870071.0,31632.0,112971.0,1432174.0
GR0000001412,2024,13,256578.0,69362.0,277311.0,1201786.0,673265.0,23441.0,92803.0,1090025.0
GR0000001413,2020,2,154587.0,52873.0,48830.0,618105.0,362850.0,22656.0,75529.0,370697.0
GR0000001413,2021,1,80072.0,28617.0,26685.0,296857.0,173368.0,10119.0,38736.0,236514.0
GR0000001413,2022,1,75276.0,26494.0,21314.0,248959.0,141201.0,9361.0,35855.0,219361.0
GR0000001413,2023,1,35207.0,11379.0,26139.0,152719.0,92597.0,3421.0,14799.0,116542.0
GR0000001413,2024,1,85895.0,29567.0,28089.0,362637.0,211919.0,12105.0,41672.0,245861.0
GR0000001414,2020,171,12153657.0,3342726.0,4136590.0,35900090.0,20437370.0,1179812.0,4522538.0,25350566.0
GR0000001414,2021,176,20311006.0,5601515.0,4520929.0,65743357.0,37123248.0,1301650.0,6903164.0,51694177.0
GR0000001414,2022,169,14324325.0,3948066.0,4440277.0,46546456.0,31003481.0,1098478.0,5046543.0,31679036.0
GR0000001414,2023,153,7600197.0,2041119.0,3643706.0,31429538.0,18751132.0,521132.0,2562251.0,21573244.0
GR0000001414,2024,140,17722976.0,4069923.0,3399273.0,42799151.0,26500159.0,1243126.0,5313049.0,35800627.0
GR0000001415,2020,1,30976.0,10661.0,29654.0,347574.0,240047.0,3186.0,13847.0,194207.0
GR0000001415,2021,1,36812.0,12933.0,29479.0,465176.0,300629.0,4489.0,17423.0,176961.0
GR0000001415,2022,1,55603.0,18593.0,33593.0,552904.0,362572.0,6557.0,25151.0,265320.0
GR0000001415,2023,1,29157.0,12640.0,28734.0,201564.0,115270.0,4229.0,16869.0,118989.0
GR0000001415,2024,1,23976.0,8448.0,27513.0,345031.0,238424.0,3215.0,11663.0,143924.0
GR0000001416,2020,13,151531.0,46745.0,301325.0,707281.0,441180.0,17665.0,64410.0,753311.0
GR0000001416,2021,10,329225.0,66524.0,187136.0,2162019.0,1419243.0,24122.0,90646.0,1549899.0
GR0000001416,2022,9,246879.0,54606.0,151409.0,1406364.0,945340.0,15889.0,70494.0,1035364.0
GR0000001416,2023,7,255230.0,78501.0,126789.0,897404.0,552002.0,23299.0,101801.0,1112268.0
GR0000001416,2024,7,108998.0,37284.0,130896.0,463561.0,295725.0,10447.0,47730.0,528994.0
GR0000001417,2020,1,23665.0,5098.0,16524.0,107947.0,69125.0,1764.0,6861.0,100306.0
GR0000001417,2021,1,24531.0,3721.0,19435.0,78277.0,41759.0,1454.0,5175.0,108582.0
GR0000001417,2022,1,8599.0,2267.0,10698.0,50756.0,31691.0,696.0,2963.0,42790.0
GR0000001417,2023,1,13101.0,2385.0,19766.0,99782.0,60018.0,834.0,3219.0,79066.0
GR0000001417,2024,1,6917.0,1480.0,11276.0,34980.0,23285.0,425.0,1905.0,45103.0
GR0000001418,2020,58,8845016.0,3598799.0,2251750.0,51989556.0,45414625.0,1147241.0,4746040.0,18509883.0
GR0000001418,2021,67,14575697.0,7014335.0,3219580.0,100205459.0,75920901.0,1791284.0,8805620.0,28631740.0
GR0000001418,2022,75,11396854.0,4723788.0,2721339.0,95928093.0,80589793.0,1762939.0,6486727.0,23170531.0
GR0000001418,2023,87,14912314.0,5978170.0,4312252.0,131158900.0,99691721.0,1799716.0,7777885.0,36742148.0
GR0000001418,2024,100,13667157.0,5286806.0,3592773.0,166920273.0,128281953.0,1692844.0,6979649.0,27676471.0
GR0000001419,2020,1,24427.0,4097.0,19562.0,120455.0,87034.0,1464.0,5560.0,153102.0
GR0000001419,2021,1,17885.0,4003.0,24808.0,62587.0,43553.0,1592.0,5594.0,89648.0
GR0000001419,2022,1,19049.0,5322.0,19278.0,76593.0,47676.0,1941.0,7264.0,96262.0
GR0000001419,2023,1,18830.0,4461.0,19030.0,110408.0,69402.0,1893.0,6355.0,116930.0
GR0000001419,2024,1,16879.0,4382.0,20051.0,56167.0,39665.0,1441.0,5824.0,77874.0
GR0000001420,2020,11,3594223.0,1281115.0,556017.0,19020741.0,16545537.0,413444.0,1694558.0,6044812.0
GR0000001420,2021,10,2178749.0,916943.0,475988.0,13952353.0,10442491.0,214596.0,1131539.0,4743824.0
GR0000001420,2022,10,3376854.0,1257010.0,492037.0,20928604.0,16712041.0,397284.0,1654294.0,6297566.0
GR0000001420,2023,10,1423454.0,603192.0,471591.0,16803503.0,12942265.0,202322.0,805514.0,3088512.0
GR0000001420,2024,10,2491575.0,1042072.0,423094.0,19501467.0,17076017.0,342283.0,1384355.0,5886851.0
GR0000001421,2020,11,197316.0,46054.0,219878.0,723081.0,475332.0,19528.0,65582.0,863725.0
GR0000001421,2021,10,231266.0,59287.0,198945.0,1032548.0,575050.0,24724.0,84011.0,1121601.0
GR0000001421,2022,11,158422.0,45600.0,207034.0,765801.0,406791.0,15050.0,60650.0,730080.0
GR0000001421,2023,12,303688.0,106961.0,271207.0,1317803.0,864011.0,43705.0,150665.0,1238783.0
GR0000001421,2024,13,530595.0,191002.0,280894.0,1994667.0,1355164.0,61395.0,252396.0,2239506.0
GR0000001422,2020,6,106641.0,28145.0,78908.0,210064.0,140857.0,12053.0,40198.0,394541.0
GR0000001422,2021,5,100620.0,21730.0,67141.0,153333.0,93497.0,6929.0,28659.0,335706.0
GR0000001422,2022,5,48808.0,10198.0,38537.0,81348.0,45159.0,3828.0,14025.0,192685.0
GR0000001422,2023,5,106810.0,25861.0,75973.0,228271.0,143930.0,9487.0,35348.0,449251.0
GR0000001422,2024,5,79853.0,14843.0,58269.0,171692.0,106196.0,5705.0,20549.0,291345.0
GR0000001423,2020,16,389185.0,63901.0,234847.0,3023991.0,1859840.0,23193.0,87094.0,1292897.0
GR0000001423,2021,18,691223.0,190753.0,349682.0,2634096.0,1942769.0,64461.0,255213.0,1784984.0
GR0000001423,2022,20,423523.0,66153.0,287085.0,2006858.0,1338406.0,28181.0,94334.0,1096825.0
GR0000001423,2023,18,670959.0,105441.0,296554.0,4376337.0,2797396.0,30900.0,136341.0,2038915.0
GR0000001423,2024,20,832699.0,130737.0,316797.0,5089719.0,3430519.0,41458.0,172195.0,2284914.0
GR0000001424,2020,1277,198241779.0,76527521.0,51482856.0,373581284.0,200726849.0,18576295.0,95103816.0,460484284.0
GR0000001424,2021,1257,331183771.0,115857117.0,60431923.0,577641009.0,300424957.0,41818477.0,157675595.0,712162738.0
GR0000001424,2022,1160,159337626.0,47256078.0,45471077.0,238649550.0,100108634.0,15928719.0,63184797.0,304525332.0
GR0000001424,2023,1327,275966780.0,67112613.0,49688870.0,583063791.0,267975162.0,25476395.0,92589008.0,617319627.0
GR0000001424,2024,1500,250471173.0,83067743.0,52648078.0,375259362.0,158732390.0,18632456.0,101700199.0,592270316.0
GR0000001425,2020,4,256394.0,94048.0,130637.0,798581.0,461914.0,29524.0,123572.0,664513.0
GR0000001425,2021,4,713662.0,252564.0,139779.0,1488816.0,631399.0,75035.0,327599.0,1434450.0
GR0000001425,2022,4,440489.0,144289.0,125189.0,799808.0,472197.0,38079.0,182368.0,899062.0
GR0000001425,2023,4,461370.0,112485.0,131965.0,1361807.0,739158.0,31983.0,144468.0,1185382.0
GR0000001425,2024,4,474731.0,130362.0,131407.0,1423640.0,712481.0,39450.0,169812.0,1153401.0
GR0000001426,2020,38,3043990.0,689682.0,905462.0,10855783.0,7949008.0,250348.0,940030.0,8097866.0
GR0000001426,2021,43,1396417.0,344024.0,950128.0,6316121.0,4300980.0,93677.0,437701.0,4466871.0
GR0000001426,2022,40,2590735.0,626351.0,922734.0,14617796.0,10053478.0,210894.0,837245.0,8475934.0
GR0000001426,2023,36,1931331.0,334696.0,729362.0,9588282.0,6616953.0,100106.0,434802.0,5576504.0
GR0000001426,2024,37,2490159.0,476359.0,709556.0,8540383.0,5999869.0,130882.0,607241.0,5543553.0
GR0000001427,2023,5,148948.0,46955.0,121517.0,770751.0,394176.0,16415.0,63371.0,677589.0
GR0000001427,2024,4,49490.0,13495.0,67757.0,225918.0,132313.0,5161.0,18656.0,225856.0
GR0000001428,2020,58,10541743.0,4545948.0,2824000.0,67998756.0,51482470.0,1429684.0,5975632.0,19861626.0
GR0000001428,2021,52,11328778.0,5711928.0,2391096.0,109192814.0,90067004.0,1598204.0,7310132.0,19641341.0
GR0000001428,2022,53,5955440.0,3124541.0,2297482.0,40203102.0,34916808.0,798437.0,3922978.0,12174146.0
GR0000001428,2023,58,7545617.0,3211449.0,2438039.0,59282578.0,47364832.0,1089599.0,4301048.0,16591791.0
GR0000001428,2024,55,13175215.0,5092555.0,2076601.0,94457545.0,74312322.0,1532903.0,6625458.0,24322570.0
GR0000001429,2020,27,400757.0,105513.0,608497.0,2714359.0,1716199.0,38309.0,143822.0,2522508.0
GR0000001429,2021,32,868782.0,208385.0,582308.0,3265752.0,2219812.0,68266.0,276652.0,3607459.0
GR0000001429,2022,37,828445.0,292338.0,839303.0,4395184.0,2637199.0,111361.0,403700.0,4572137.0
GR0000001429,2023,36,768901.0,208434.0,893587.0,3134632.0,2087508.0,87602.0,296037.0,3210878.0
GR0000001429,2024,40,588691.0,168195.0,727261.0,2731321.0,1407500.0,55901.0,224096.0,2424203.0
GR0000001430,2020,9,450820.0,151921.0,219784.0,1581329.0,958497.0,38364.0,190285.0,1759237.0
GR0000001430,2021,9,642809.0,159448.0,206931.0,1691660.0,732918.0,44446.0,203894.0,2353683.0
GR0000001430,2022,9,426936.0,146917.0,239523.0,1321232.0,764645.0,37786.0,184703.0,1720237.0
GR0000001430,2023,7,708880.0,221039.0,166136.0,1636010.0,846600.0,66933.0,287972.0,2390051.0
GR0000001430,2024,7,369685.0,114949.0,181465.0,1286935.0,782569.0,30002.0,144951.0,1557508.0
GR0000001431,2020,64,22727283.0,9327144.0,2600573.0,33265570.0,12353754.0,2811340.0,12138483.0,34412369.0
GR0000001431,2021,69,19793911.0,6207521.0,2315033.0,26142795.0,9424123.0,2260282.0,8467803.0,33004378.0
GR0000001431,2022,64,14625305.0,5418180.0,2473985.0,19178348.0,8479274.0,1410844.0,6829025.0,21926761.0
GR0000001431,2023,57,9963942.0,4341871.0,1887896.0,13942844.0,5836445.0,1192623.0,5534493.0,15417728.0
GR0000001431,2024,65,19729943.0,7574959.0,2538328.0,24455597.0,9831327.0,2070020.0,9644979.0,31104493.0
GR0000001432,2023,1,7438.0,1441.0,5911.0,12637.0,8021.0,434.0,1875.0,29553.0
GR0000001432,2024,1,8044.0,2231.0,5492.0,15738.0,9150.0,785.0,3017.0,27462.0
GR0000001433,2020,9,215850.0,41139.0,152792.0,976695.0,681389.0,11310.0,52449.0,668862.0
GR0000001433,2021,7,272094.0,46181.0,137896.0,1143558.0,778373.0,16506.0,62687.0,708744.0
GR0000001433,2022,5,103040.0,17105.0,86694.0,602197.0,419598.0,4897.0,22002.0,371772.0
GR0000001433,2023,3,58580.0,9594.0,57439.0,216879.0,151660.0,2831.0,12425.0,158901.0
GR0000001433,2024,2,71739.0,17680.0,36705.0,537806.0,314461.0,6064.0,23743.0,229820.0
GR0000001434,2020,49,2266090.0,423206.0,1368190.0,7111942.0,4940978.0,137649.0,560855.0,10859823.0
GR0000001434,2021,50,2284191.0,637971.0,1323133.0,7248086.0,4261638.0,214395.0,852366.0,8333859.0
GR0000001434,2022,50,2603975.0,533948.0,1137786.0,8426748.0,4260740.0,186860.0,720808.0,9683664.0
GR0000001434,2023,50,2439130.0,390516.0,1407285.0,7933617.0,4152282.0,105287.0,495802.0,11983579.0
GR0000001434,2024,50,2809959.0,736913.0,1594959.0,7616189.0,4302356.0,259426.0,996339.0,10555059.0
GR0000001435,2020,4,143905.0,29814.0,90170.0,418395.0,230669.0,8661.0,38475.0,569954.0
GR0000001435,2021,3,102933.0,17759.0,70334.0,378227.0,187893.0,6174.0,23934.0,412668.0
GR0000001435,2022,3,112126.0,24004.0,75340.0,283869.0,139437.0,5317.0,29320.0,442782.0
GR0000001435,2023,3,55508.0,15291.0,63990.0,191818.0,88156.0,3989.0,19281.0,290865.0
GR0000001435,2024,3,149864.0,39693.0,70984.0,546347.0,342501.0,12743.0,52436.0,559657.0
GR0000001436,2022,1,46342.0,13382.0,25663.0,225070.0,107049.0,4397.0,17778.0,213369.0
GR0000001436,2023,1,22939.0,6826.0,25195.0,121866.0,79686.0,1843.0,8669.0,95304.0
GR0000001436,2024,1,18993.0,4449.0,22530.0,82631.0,47681.0,1525.0,5974.0,75100.0
GR0000001437,2020,68,1768335.0,348096.0,1514842.0,5952508.0,2749226.0,125557.0,473653.0,7393186.0
GR0000001437,2021,80,2634485.0,698128.0,1789727.0,7235545.0,3615192.0,232532.0,930661.0,9777520.0
GR0000001437,2022,80,1667319.0,483811.0,1651834.0,6603553.0,3575658.0,122369.0,606179.0,9130160.0
GR0000001437,2023,74,1063304.0,245543.0,1245989.0,5207211.0,2601269.0,83417.0,328960.0,5663585.0
GR0000001437,2024,80,2561044.0,423777.0,1590872.0,9578109.0,4909795.0,118956.0,542733.0,12267950.0
GR0000001438,2020,1,15699.0,4709.0,13222.0,37822.0,25387.0,1520.0,6229.0,66111.0
GR0000001438,2021,1,32598.0,9071.0,16049.0,55584.0,40812.0,3505.0,12577.0,127445.0
GR0000001438,2022,1,16944.0,3312.0,15817.0,36230.0,20557.0,1387.0,4699.0,80611.0
GR0000001438,2023,1,28899.0,5710.0,19066.0,43133.0,31826.0,2063.0,7773.0,98636.0
GR0000001438,2024,1,24952.0,4855.0,17620.0,51958.0,32739.0,1405.0,6260.0,88102.0
GR0000001439,2020,6,120747.0,25818.0,125855.0,743950.0,387770.0,10397.0,36215.0,595181.0
GR0000001439,2021,7,75012.0,18955.0,116730.0,379101.0,192296.0,7505.0,26460.0,466920.0
GR0000001439,2022,7,66381.0,17332.0,79780.0,293149.0,184009.0,5077.0,22409.0,319121.0
GR0000001439,2023,7,74746.0,13420.0,95490.0,290213.0,165551.0,4282.0,17702.0,381960.0
GR0000001439,2024,8,67679.0,14323.0,81969.0,328095.0,216021.0,4694.0,19017.0,327875.0
GR0000001440,2020,5,886713.0,336329.0,223874.0,1122018.0,604245.0,110894.0,447223.0,1310155.0
GR0000001440,2021,5,608040.0,282558.0,208407.0,1182182.0,588023.0,76352.0,358910.0,1144756.0
GR0000001440,2022,5,1280296.0,395689.0,186450.0,1933154.0,802418.0,135847.0,531535.0,2291451.0
GR0000001440,2023,5,847021.0,362935.0,219013.0,1428643.0,612067.0,97253.0,460188.0,1531036.0
GR0000001440,2024,4,1046066.0,349626.0,137731.0,1402267.0,646012.0,127091.0,476717.0,1785267.0
GR0000001441,2022,10,255644.0,38515.0,160151.0,1976257.0,1496085.0,13829.0,52344.0,841196.0
GR0000001441,2023,10,343836.0,79839.0,160995.0,1551222.0,1217789.0,26909.0,106748.0,978954.0
GR0000001441,2024,9,226720.0,36549.0,135483.0,1432624.0,862253.0,15164.0,51713.0,871079.0
GR0000001442,2020,7,110280.0,26634.0,160020.0,556993.0,369387.0,7211.0,33845.0,681146.0
GR0000001442,2021,7,190745.0,33314.0,140624.0,653145.0,335118.0,10611.0,43925.0,1013545.0
GR0000001442,2022,5,92539.0,13132.0,103318.0,442035.0,332866.0,4003.0,17134.0,418870.0
GR0000001442,2023,4,130667.0,34459.0,101492.0,508869.0,291846.0,11470.0,45928.0,577006.0
GR0000001442,2024,4,112762.0,20611.0,96849.0,620781.0,388786.0,7212.0,27822.0,682770.0
GR0000001443,2020,2,49102.0,18449.0,62027.0,418040.0,295945.0,7835.0,26284.0,263535.0
GR0000001443,2021,2,54309.0,21388.0,68567.0,418286.0,270186.0,9001.0,30389.0,274267.0
GR0000001443,2022,2,61223.0,24350.0,67781.0,691210.0,428058.0,9739.0,34088.0,366878.0
GR0000001443,2023,2,56420.0,17488.0,58772.0,739370.0,476178.0,5848.0,23336.0,369348.0
GR0000001443,2024,1,41919.0,13170.0,25980.0,505028.0,347599.0,3989.0,17159.0,247757.0
GR0000001444,2020,1,232399.0,88922.0,31387.0,2836065.0,1959650.0,25344.0,114266.0,565738.0
GR0000001444,2021,1,76380.0,34163.0,35109.0,891873.0,732394.0,10993.0,45156.0,204352.0
GR0000001444,2022,1,79322.0,34048.0,37709.0,1137421.0,941877.0,12510.0,46557.0,191084.0
GR0000001444,2023,1,152627.0,60822.0,38395.0,1388712.0,1158358.0,16136.0,76958.0,333156.0
GR0000001444,2024,1,138899.0,60952.0,31316.0,1537841.0,1075574.0,18633.0,79585.0,348093.0
GR0000001445,2020,5,104939.0,26779.0,96469.0,479472.0,352843.0,7285.0,34064.0,431495.0
GR0000001445,2021,4,109535.0,29834.0,95600.0,714980.0,458081.0,10348.0,40182.0,516645.0
GR0000001445,2022,4,92461.0,24013.0,90879.0,506706.0,364997.0,7692.0,31706.0,596826.0
GR0000001445,2023,4,75719.0,23987.0,77233.0,432019.0,268697.0,7434.0,31421.0,349502.0
GR0000001445,2024,4,115465.0,25341.0,83425.0,633040.0,440526.0,8321.0,33662.0,596912.0
GR0000001446,2020,59,6489434.0,2942989.0,2186913.0,29894174.0,15620994.0,893665.0,3836655.0,22885064.0
GR0000001446,2021,55,5479933.0,1860229.0,1900604.0,30390420.0,20196154.0,533362.0,2393591.0,19515964.0
GR0000001446,2022,58,3203817.0,1316321.0,1981171.0,18052091.0,10775100.0,387730.0,1704052.0,14057960.0
GR0000001446,2023,56,2779780.0,1179391.0,2031343.0,16660937.0,8438752.0,374966.0,1554357.0,12799899.0
GR0000001446,2024,63,6266155.0,2592935.0,2333170.0,34852997.0,23559794.0,941331.0,3534265.0,21414766.0
GR0000001447,2020,96,6323681.0,1905357.0,2610135.0,26352374.0,12937636.0,570781.0,2476137.0,26318906.0
GR0000001447,2021,100,5531556.0,1225999.0,2369405.0,17396147.0,10265357.0,457866.0,1683865.0,24466540.0
GR0000001447,2022,93,3851934.0,1379134.0,2331631.0,13331109.0,7773147.0,434152.0,1813286.0,18203749.0
GR0000001447,2023,93,5087542.0,1453780.0,2739074.0,22721235.0,11827368.0,435429.0,1889209.0,22813124.0
GR0000001447,2024,97,4335874.0,1031731.0,2338201.0,14157517.0,7772945.0,324205.0,1355936.0,20098085.0
GR0000001448,2020,2,75666.0,17689.0,40560.0,249691.0,113776.0,7394.0,25083.0,170395.0
GR0000001448,2021,1,35919.0,9123.0,20976.0,146131.0,78869.0,3250.0,12373.0,96752.0
GR0000001448,2022,1,69643.0,21608.0,28231.0,229499.0,141673.0,6636.0,28245.0,216355.0
GR0000001448,2023,1,56945.0,16049.0,26156.0,148354.0,90125.0,5038.0,21087.0,133162.0
GR0000001448,2024,1,92893.0,28146.0,26393.0,380385.0,245064.0,9566.0,37712.0,234462.0
GR0000001449,2020,46,2015607.0,603071.0,1167333.0,5238649.0,3099069.0,198462.0,801533.0,8070973.0
GR0000001449,2021,46,2102552.0,545566.0,974380.0,7631650.0,5333726.0,170188.0,715754.0,7759807.0
GR0000001449,2022,52,1871709.0,698754.0,1056541.0,5539080.0,3220757.0,210596.0,909350.0,7306545.0
GR0000001449,2023,54,2921767.0,743318.0,1425464.0,8420052.0,5290377.0,284450.0,1027768.0,11846564.0
GR0000001449,2024,52,2540393.0,617204.0,1226660.0,12445707.0,7155779.0,190120.0,807324.0,12019265.0
GR0000001450,2020,6,114731.0,38495.0,145922.0,631939.0,331494.0,11871.0,50367.0,643140.0
GR0000001450,2021,5,166760.0,61456.0,117074.0,896979.0,536290.0,21780.0,83237.0,794936.0
GR0000001450,2022,5,95240.0,30255.0,102383.0,510827.0,353930.0,11187.0,41442.0,536073.0
GR0000001450,2023,5,95588.0,32407.0,112461.0,617746.0,340596.0,9289.0,41696.0,564573.0
GR0000001450,2024,5,166674.0,59207.0,108223.0,801018.0,476259.0,22343.0,81550.0,837043.0
GR0000001451,2020,27,774657.0,322782.0,800246.0,8956172.0,5628193.0,138254.0,461036.0,4959137.0
GR0000001451,2021,27,1316171.0,446620.0,817314.0,10614564.0,6509387.0,177896.0,624516.0,6313735.0
GR0000001451,2022,29,871642.0,268037.0,751516.0,8112122.0,5676112.0,112681.0,380718.0,4766055.0
GR0000001451,2023,34,1026640.0,305249.0,870710.0,6468750.0,4458191.0,110127.0,415376.0,4244788.0
GR0000001451,2024,31,1297933.0,480812.0,1039938.0,8547746.0,4821023.0,168179.0,648990.0,5294728.0
GR0000001452,2020,3,121801.0,40305.0,61721.0,579388.0,382391.0,13026.0,53331.0,500528.0
GR0000001452,2021,3,62616.0,22012.0,52987.0,492970.0,309320.0,9048.0,31060.0,403501.0
GR0000001452,2022,3,72304.0,25103.0,69330.0,318236.0,203388.0,7845.0,32948.0,332403.0
GR0000001452,2023,2,40884.0,10396.0,47086.0,233922.0,182126.0,4111.0,14508.0,190086.0
GR0000001452,2024,2,26199.0,6838.0,44346.0,101110.0,80275.0,2491.0,9329.0,120393.0
GR0000001453,2020,5,334931.0,88563.0,129053.0,879653.0,495895.0,32108.0,120671.0,1218631.0
GR0000001453,2021,5,125945.0,32514.0,112534.0,342285.0,187207.0,12159.0,44673.0,540324.0
GR0000001453,2022,5,157582.0,34337.0,146972.0,605291.0,350015.0,10972.0,45309.0,683640.0
GR0000001453,2023,5,276791.0,73817.0,148069.0,781449.0,417630.0,27466.0,101283.0,1397236.0
GR0000001453,2024,4,189204.0,54117.0,126738.0,586270.0,361614.0,15660.0,69777.0,723317.0
GR0000001454,2020,2,18524.0,5441.0,27932.0,77298.0,55740.0,1553.0,6994.0,93107.0
GR0000001454,2021,1,19858.0,4965.0,20000.0,48813.0,35029.0,1473.0,6438.0,80814.0
GR0000001454,2022,1,10544.0,2572.0,16108.0,44740.0,30659.0,831.0,3403.0,53695.0
GR0000001454,2023,1,16024.0,3898.0,18107.0,65505.0,40363.0,1588.0,5486.0,80996.0
GR0000001454,2024,1,25803.0,6207.0,21131.0,102341.0,76734.0,2470.0,8677.0,131293.0
GR0000001455,2020,12,2302355.0,989767.0,506938.0,4088306.0,1443959.0,368724.0,1358490.0,3902707.0
GR0000001455,2021,11,1199580.0,427587.0,410824.0,2044447.0,832768.0,136723.0,564310.0,2312551.0
GR0000001455,2022,11,1437313.0,660481.0,460604.0,3120427.0,1294205.0,169548.0,830029.0,2762064.0
GR0000001455,2023,11,3562011.0,1566663.0,388868.0,5668068.0,2834045.0,474712.0,2041375.0,5374610.0
GR0000001455,2024,11,3558405.0,1323742.0,463489.0,5176843.0,2286652.0,438480.0,1762222.0,5162150.0
GR0000001456,2020,10,428304.0,68967.0,183511.0,1450561.0,760442.0,18982.0,87950.0,1681571.0
GR0000001456,2021,10,326215.0,51897.0,248999.0,1268407.0,604686.0,13572.0,65469.0,1400741.0
GR0000001456,2022,10,274400.0,60773.0,181958.0,1053060.0,581670.0,17776.0,78549.0,1518194.0
GR0000001456,2023,10,369224.0,72690.0,229203.0,1328573.0,830171.0,19873.0,92562.0,1342425.0
GR0000001456,2024,10,254954.0,75928.0,202680.0,1072186.0,624517.0,20487.0,96414.0,1226991.0
GR0000001457,2020,11,230026.0,67882.0,229646.0,1492596.0,761383.0,26087.0,93969.0,1188445.0
GR0000001457,2021,12,352397.0,121602.0,262141.0,1780737.0,1244656.0,35643.0,157245.0,1664649.0
GR0000001457,2022,12,258014.0,87711.0,299494.0,1587585.0,910052.0,27963.0,115674.0,1598220.0
GR0000001457,2023,11,397131.0,125395.0,201028.0,1749037.0,951569.0,35839.0,161234.0,1742839.0
GR0000001457,2024,10,137009.0,44679.0,191490.0,614401.0,337088.0,12744.0,57423.0,638299.0
GR0000001458,2020,118,3846944.0,1000540.0,2684898.0,15604810.0,11647413.0,326506.0,1327046.0,11935488.0
GR0000001458,2021,141,7698439.0,2352992.0,3405866.0,40580863.0,26447390.0,703171.0,3056164.0,22374933.0
GR0000001458,2022,158,5974434.0,953034.0,2550724.0,33803654.0,24217553.0,303025.0,1256059.0,18862620.0
GR0000001458,2023,164,7609566.0,1350342.0,3048238.0,24094040.0,15382814.0,410946.0,1761288.0,20458339.0
GR0000001458,2024,154,7963724.0,1687522.0,3257301.0,22291271.0,12858120.0,446978.0,2134500.0,18041596.0
GR0000001459,2020,83,17222997.0,8123572.0,3265521.0,28492036.0,12242184.0,2056024.0,10179595.0,27916038.0
GR0000001459,2021,81,16110049.0,6656147.0,3191149.0,21514182.0,11719448.0,1791950.0,8448096.0,24899035.0
GR0000001459,2022,86,17658726.0,7375011.0,2657225.0,26394359.0,12171197.0,2596174.0,9971185.0,32917704.0
GR0000001459,2023,79,21590094.0,7324435.0,2471717.0,28216052.0,12748514.0,2713199.0,10037634.0,31817209.0
GR0000001459,2024,85,9338439.0,3616958.0,3215153.0,13430135.0,7191367.0,1313152.0,4930110.0,17850016.0
GR0000001460,2020,17,374645.0,79971.0,399116.0,1679345.0,1030525.0,20877.0,100848.0,1858351.0
GR0000001460,2021,16,508719.0,124692.0,368854.0,1766420.0,1032422.0,41044.0,165736.0,2227787.0
GR0000001460,2022,17,327696.0,51569.0,329821.0,1239913.0,559741.0,16972.0,68542.0,1499185.0
GR0000001460,2023,18,271651.0,52378.0,329017.0,1421912.0,717600.0,17101.0,69479.0,1495534.0
GR0000001460,2024,20,537708.0,112245.0,515688.0,2155349.0,1129955.0,30200.0,142445.0,2581802.0
GR0000001461,2020,34,9270947.0,4566403.0,1645528.0,45274708.0,35227171.0,1374392.0,5940795.0,16839122.0
GR0000001461,2021,31,6893072.0,2915180.0,1500455.0,78947160.0,65382283.0,848811.0,3763991.0,15048110.0
GR0000001461,2022,36,12536365.0,6628179.0,1526975.0,96580028.0,83630035.0,1881109.0,8509288.0,23320869.0
GR0000001461,2023,40,6033599.0,2973533.0,1431961.0,51828467.0,40498525.0,1113576.0,4087109.0,13481894.0
GR0000001461,2024,45,9405475.0,3580720.0,2197123.0,101329568.0,78220147.0,1338383.0,4919103.0,20045249.0
GR0000001462,2020,3,38715.0,8301.0,38476.0,87441.0,62277.0,2450.0,10751.0,192382.0
GR0000001462,2021,3,96935.0,15925.0,47548.0,204097.0,123598.0,5066.0,20991.0,370956.0
GR0000001462,2022,3,63267.0,14177.0,55806.0,114579.0,79761.0,5039.0,19216.0,279029.0
GR0000001462,2023,2,48938.0,12314.0,33058.0,97062.0,61871.0,5010.0,17324.0,203372.0
GR0000001462,2024,2,45742.0,11573.0,34033.0,76515.0,47594.0,4281.0,15854.0,170163.0
GR0000001463,2020,5,995545.0,505676.0,218531.0,8274896.0,6490033.0,190144.0,695819.0,1739664.0
GR0000001463,2021,4,693801.0,361242.0,146227.0,5854219.0,4581349.0,111318.0,472560.0,1602885.0
GR0000001463,2022,4,1155232.0,553206.0,187077.0,8105933.0,6184320.0,142822.0,696028.0,2054556.0
GR0000001463,2023,4,551557.0,267987.0,181858.0,5212786.0,4487816.0,68892.0,336879.0,1029952.0
GR0000001463,2024,3,896465.0,460164.0,148141.0,6612208.0,5663152.0,123708.0,583872.0,1702754.0
GR0000001464,2020,126,6701037.0,1405751.0,4895749.0,17058988.0,8285649.0,285710.0,1691461.0,32278379.0
GR0000001464,2021,120,5951969.0,1064556.0,4795807.0,12997216.0,6378955.0,266778.0,1331334.0,25903536.0
GR0000001464,2022,104,6604990.0,1771839.0,3799871.0,10353114.0,5864003.0,495995.0,2267834.0,23562108.0
GR0000001464,2023,100,7796424.0,2307692.0,4082650.0,17506348.0,9214771.0,452673.0,2760364.0,33782640.0
GR0000001464,2024,97,5191165.0,976609.0,3378700.0,14456811.0,8261128.0,220706.0,1197316.0,22749336.0
GR0000001465,2020,10,245553.0,36606.0,193201.0,908475.0,616764.0,14047.0,50653.0,1040065.0
GR0000001465,2021,9,147765.0,26776.0,216149.0,673281.0,452881.0,9128.0,35904.0,729590.0
GR0000001465,2022,9,234496.0,46962.0,198955.0,754656.0,557570.0,20061.0,67023.0,1032927.0
GR0000001465,2023,9,286591.0,79201.0,196406.0,913964.0,644142.0,30975.0,110175.0,1224275.0
GR0000001465,2024,8,109135.0,18530.0,171693.0,462340.0,282434.0,5289.0,23819.0,647236.0
GR0000001466,2024,111,3467546.0,655883.0,2651157.0,13404102.0,9431815.0,197171.0,853054.0,8994070.0
GR0000001467,2020,1,31607.0,8815.0,29016.0,338668.0,218869.0,1729.0,10544.0,149062.0
GR0000001467,2021,1,52441.0,14713.0,36211.0,385327.0,237238.0,4288.0,19001.0,196409.0
GR0000001467,2022,1,27042.0,10525.0,32157.0,219359.0,163964.0,2600.0,13125.0,128627.0
GR0000001467,2023,1,42626.0,12798.0,30912.0,208894.0,161485.0,2626.0,15425.0,146852.0
GR0000001467,2024,1,49348.0,18361.0,31186.0,412401.0,325318.0,4634.0,22996.0,227105.0
GR0000001468,2020,7,133750.0,36362.0,127608.0,600943.0,332122.0,10991.0,47353.0,538539.0
GR0000001468,2021,6,149139.0,45146.0,112442.0,512765.0,338013.0,17406.0,62552.0,597196.0
GR0000001468,2022,6,70315.0,17527.0,103873.0,370194.0,200091.0,6075.0,23602.0,346243.0
GR0000001468,2023,7,75824.0,25846.0,133467.0,452338.0,256419.0,8120.0,33966.0,485238.0
GR0000001468,2024,6,67208.0,20284.0,129412.0,438412.0,299521.0,5898.0,26182.0,431374.0
GR0000001469,2020,5,161122.0,44308.0,76061.0,1060474.0,700880.0,16051.0,60359.0,500383.0
GR0000001469,2021,4,60453.0,16832.0,64571.0,404011.0,319086.0,6603.0,23435.0,203122.0
GR0000001469,2022,3,68949.0,15345.0,51196.0,252947.0,184467.0,4573.0,19919.0,174643.0
GR0000001469,2023,3,48968.0,11021.0,47375.0,252824.0,201301.0,4431.0,15453.0,168615.0
GR0000001469,2024,3,57387.0,11644.0,49064.0,303534.0,187758.0,4366.0,16011.0,222070.0
GR0000001470,2020,1,18096.0,3895.0,16471.0,36258.0,22914.0,1242.0,5137.0,82354.0
GR0000001470,2021,1,33677.0,7662.0,19269.0,69397.0,42775.0,2925.0,10587.0,114783.0
GR0000001470,2022,1,11497.0,2081.0,10097.0,26203.0,16829.0,635.0,2716.0,50487.0
GR0000001470,2023,1,19579.0,5614.0,16218.0,38438.0,21585.0,1821.0,7435.0,81089.0
GR0000001470,2024,1,19687.0,4994.0,17942.0,36583.0,26572.0,1756.0,6750.0,89709.0
GR0000001471,2020,6,927531.0,329718.0,167059.0,1933860.0,929951.0,105700.0,435418.0,1631422.0
GR0000001471,2021,7,542201.0,201778.0,184541.0,899574.0,406602.0,83230.0,285008.0,1030773.0
GR0000001471,2022,7,476140.0,189026.0,201055.0,1058920.0,622048.0,60755.0,249781.0,836258.0
GR0000001471,2023,6,624011.0,226012.0,165337.0,1405114.0,746463.0,90710.0,316722.0,1403355.0
GR0000001471,2024,6,883131.0,393615.0,188821.0,1568980.0,780354.0,114908.0,508522.0,1525421.0
GR0000001472,2020,91,21411008.0,5867163.0,3663231.0,30355423.0,15344134.0,1379798.0,7246960.0,37775602.0
GR0000001472,2021,94,13826617.0,5086154.0,4278211.0,28265127.0,12697672.0,1146701.0,6232855.0,26985258.0
GR0000001472,2022,91,16640353.0,4300006.0,4724015.0,28684713.0,15928116.0,1099026.0,5399032.0,31795320.0
GR0000001472,2023,80,19071153.0,5748034.0,4130650.0,31846350.0,17325376.0,1452131.0,7200165.0,40185891.0
GR0000001472,2024,86,15514026.0,4705899.0,3354334.0,24816145.0,11244855.0,1171544.0,5877443.0,35417757.0
GR0000001473,2020,13,423347.0,124223.0,293711.0,2485069.0,1363286.0,37128.0,161352.0,2073980.0
GR0000001473,2021,14,377689.0,90654.0,305562.0,1797269.0,937917.0,35298.0,125951.0,2061516.0
GR0000001473,2022,14,327880.0,99884.0,339252.0,2300114.0,1439622.0,33070.0,132954.0,2148108.0
GR0000001473,2023,14,269547.0,86643.0,327164.0,1792366.0,1154575.0,31728.0,118371.0,1507786.0
GR0000001473,2024,12,202804.0,66542.0,243959.0,1062190.0,699798.0,27388.0,93931.0,962448.0
GR0000001474,2020,194,51965760.0,22171769.0,13161805.0,429226205.0,351749167.0,8165554.0,30337323.0,108956645.0
GR0000001474,2021,223,48593722.0,20849140.0,10927937.0,355238465.0,293532298.0,5684812.0,26533952.0,104806546.0
GR0000001474,2022,244,74197178.0,35050245.0,13411813.0,643889175.0,538176769.0,13570494.0,48620739.0,145119518.0
GR0000001474,2023,236,65075213.0,28825706.0,12448674.0,442562809.0,393509758.0,10371675.0,39197381.0,110201524.0
GR0000001474,2024,219,68665497.0,33150841.0,12935924.0,398566245.0,353356022.0,8886781.0,42037622.0,127460671.0
GR0000001475,2020,2,64378.0,24121.0,55769.0,549823.0,303248.0,10263.0,34384.0,356288.0
GR0000001475,2021,1,45520.0,15935.0,28064.0,419522.0,253296.0,4571.0,20506.0,235256.0
GR0000001475,2022,1,58924.0,27022.0,34667.0,375435.0,212306.0,7838.0,34861.0,268136.0
GR0000001475,2023,1,39115.0,14250.0,30991.0,278794.0,173540.0,5410.0,19660.0,178750.0
GR0000001475,2024,1,40779.0,12456.0,27971.0,396384.0,289144.0,4169.0,16625.0,216835.0
GR0000001476,2020,7,322792.0,113551.0,179298.0,765228.0,383514.0,32514.0,146065.0,725717.0
GR0000001476,2021,6,682849.0,296412.0,175000.0,1521509.0,794052.0,88896.0,385308.0,1242652.0
GR0000001476,2022,7,918706.0,288173.0,228203.0,1884767.0,859630.0,93082.0,381255.0,1683051.0
GR0000001476,2023,7,459736.0,186818.0,207544.0,814977.0,436651.0,70354.0,257172.0,912996.0
GR0000001476,2024,8,990342.0,393229.0,275192.0,2037513.0,1152950.0,145232.0,538461.0,1939594.0
GR0000001477,2020,2,49428.0,12925.0,40690.0,151360.0,94149.0,3717.0,16642.0,228224.0
GR0000001477,2021,2,39082.0,8916.0,47581.0,148166.0,110471.0,2755.0,11671.0,180343.0
GR0000001477,2022,2,28645.0,8472.0,40523.0,111737.0,80085.0,2775.0,11248.0,170887.0
GR0000001477,2023,2,52079.0,12620.0,40372.0,156771.0,114029.0,4756.0,17376.0,209044.0
GR0000001477,2024,2,39763.0,9420.0,38623.0,163123.0,101595.0,2694.0,12114.0,240133.0
GR0000001478,2020,6,338101.0,122357.0,169476.0,964934.0,559726.0,45881.0,168238.0,1221816.0
GR0000001478,2021,6,365821.0,105663.0,164245.0,1339101.0,859814.0,27161.0,132824.0,1347471.0
GR0000001478,2022,6,133941.0,45161.0,153136.0,611316.0,403882.0,13542.0,58703.0,632791.0
GR0000001478,2023,5,227511.0,63224.0,127754.0,788038.0,476779.0,17333.0,80557.0,1031213.0
GR0000001478,2024,4,83644.0,28897.0,107868.0,419712.0,254327.0,9079.0,37976.0,392518.0
GR0000001479,2020,301,22016205.0,3980834.0,10047035.0,38079424.0,20230834.0,891144.0,4871978.0,76933844.0
GR0000001479,2021,355,15708652.0,3972725.0,11370297.0,42723030.0,20409593.0,948566.0,4921290.0,64328901.0
GR0000001479,2022,371,27911880.0,4273354.0,14580258.0,42102448.0,22386809.0,1500286.0,5773640.0,97684762.0
GR0000001479,2023,431,22534271.0,6177099.0,13753396.0,40442704.0,18694153.0,1496680.0,7673779.0,96566335.0
GR0000001479,2024,479,48186459.0,8101245.0,15420100.0,95099475.0,44459540.0,2551442.0,10652686.0,189971273.0
GR0000001480,2024,7,298064.0,82776.0,154156.0,1058729.0,780211.0,26704.0,109479.0,1347418.0
GR0000001481,2020,20,367211.0,70609.0,354413.0,1274651.0,830258.0,23595.0,94204.0,965796.0
GR0000001481,2021,18,390660.0,104292.0,356710.0,1307678.0,862904.0,30938.0,135230.0,1041984.0
GR0000001481,2022,19,446947.0,92332.0,343076.0,2315912.0,1631689.0,34474.0,126805.0,1608435.0
GR0000001481,2023,18,440679.0,107425.0,344474.0,2634278.0,2230173.0,31152.0,138577.0,1480154.0
GR0000001481,2024,17,858755.0,168711.0,291376.0,4017989.0,2699569.0,46941.0,215652.0,2629704.0
GR0000001482,2020,158,14150598.0,3567641.0,4217703.0,25425020.0,13792079.0,887199.0,4454840.0,48420435.0
GR0000001482,2021,186,20911503.0,7319575.0,5318736.0,52502001.0,26870557.0,2698381.0,10017956.0,70712586.0
GR0000001482,2022,197,26733437.0,6706258.0,6143815.0,62202176.0,29394824.0,2543784.0,9250042.0,82806109.0
GR0000001482,2023,224,14683716.0,4718586.0,6532658.0,34468048.0,18662007.0,1142461.0,5861047.0,54359995.0
GR0000001482,2024,202,14975951.0,4726006.0,5229005.0,41882622.0,19148259.0,1469698.0,6195704.0,57941661.0
GR0000001483,2020,23,1915044.0,805833.0,964225.0,9228666.0,5077369.0,296147.0,1101980.0,7640935.0
GR0000001483,2021,27,2343781.0,911298.0,1100884.0,13480497.0,8274697.0,335622.0,1246920.0,8191682.0
GR0000001483,2022,27,992827.0,328929.0,970508.0,8663389.0,4531130.0,126244.0,455173.0,4885616.0
GR0000001483,2023,26,1771501.0,713061.0,1114933.0,11869125.0,7957078.0,247175.0,960236.0,7756246.0
GR0000001483,2024,30,4358250.0,1917301.0,985240.0,19843245.0,13648353.0,511422.0,2428722.0,14777612.0
GR0000001484,2020,84,9211906.0,3097314.0,2887957.0,17431821.0,9491777.0,912423.0,4009736.0,27261495.0
GR0000001484,2021,83,4802345.0,1112226.0,2231377.0,11002444.0,5818468.0,426795.0,1539022.0,18793924.0
GR0000001484,2022,79,5397276.0,1688421.0,2161508.0,13697936.0,7185596.0,500493.0,2188913.0,16239419.0
GR0000001484,2023,86,10851700.0,3226220.0,2864473.0,23946178.0,11688009.0,827187.0,4053407.0,33693893.0
GR0000001484,2024,89,8840327.0,2239837.0,2243001.0,21308707.0,11048663.0,504544.0,2744381.0,27435112.0
GR0000001485,2020,6,178492.0,42253.0,143263.0,634711.0,409804.0,15982.0,58235.0,800508.0
GR0000001485,2021,6,73739.0,12753.0,94992.0,286592.0,181987.0,4756.0,17509.0,316641.0
GR0000001485,2022,5,74473.0,12382.0,95635.0,330830.0,230917.0,4985.0,17367.0,355793.0
GR0000001485,2023,5,109656.0,23303.0,110752.0,335074.0,222687.0,6843.0,30146.0,458184.0
GR0000001485,2024,5,128001.0,26827.0,118234.0,529374.0,302667.0,8107.0,34934.0,721403.0
GR0000001486,2020,29,985729.0,190088.0,585710.0,4406578.0,2726984.0,72624.0,262712.0,4449819.0
GR0000001486,2021,34,686148.0,135218.0,734675.0,2679825.0,1747391.0,46101.0,181319.0,4033172.0
GR0000001486,2022,35,554065.0,134018.0,822541.0,2821411.0,1634715.0,49166.0,183184.0,2868627.0
GR0000001486,2023,37,536589.0,97929.0,723867.0,2784795.0,1701176.0,36518.0,134446.0,2888745.0
GR0000001486,2024,40,859695.0,135749.0,884314.0,5456056.0,3034109.0,46316.0,182066.0,5470548.0
GR0000001487,2020,33,2276044.0,902345.0,875036.0,5022362.0,2576768.0,295787.0,1198132.0,4453466.0
GR0000001487,2021,32,4549310.0,1994642.0,1033928.0,9277641.0,4390309.0,686613.0,2681255.0,8353554.0
GR0000001487,2022,36,2321835.0,955319.0,916595.0,6249918.0,2817849.0,291275.0,1246594.0,4884174.0
GR0000001487,2023,36,4161410.0,1698733.0,1029842.0,7862379.0,3568354.0,497401.0,2196134.0,7199782.0
GR0000001487,2024,32,5526256.0,2180747.0,950769.0,12397817.0,6290315.0,782039.0,2962787.0,9519360.0
GR0000001488,2020,26,1841755.0,528788.0,712508.0,5732718.0,4101969.0,156689.0,685478.0,6323382.0
GR0000001488,2021,25,1053024.0,247054.0,730984.0,4155527.0,2731865.0,58378.0,305432.0,4466425.0
GR0000001488,2022,20,1544569.0,544745.0,417069.0,5564173.0,3229401.0,164883.0,709628.0,6287409.0
GR0000001488,2023,19,618295.0,142543.0,416405.0,2418719.0,1620685.0,49922.0,192466.0,2731862.0
GR0000001488,2024,19,803534.0,194465.0,420613.0,2696772.0,1990541.0,45540.0,240005.0,2872994.0
GR0000001489,2020,3,395049.0,118815.0,85723.0,911691.0,457229.0,37355.0,156170.0,622380.0
GR0000001489,2021,2,441345.0,125279.0,67695.0,639139.0,234606.0,32068.0,157348.0,665313.0
GR0000001489,2022,1,454060.0,128979.0,33027.0,904350.0,367548.0,31476.0,160455.0,683900.0
GR0000001489,2023,1,169068.0,67326.0,34441.0,298098.0,127120.0,16329.0,83655.0,314579.0
GR0000001489,2024,1,132934.0,52575.0,30375.0,232865.0,105076.0,15069.0,67645.0,199088.0
GR0000001490,2020,156,45938094.0,15722710.0,7022686.0,47353967.0,19258540.0,4508031.0,20230741.0,65575052.0
GR0000001490,2021,144,41138920.0,17849576.0,6761533.0,44353151.0,21486389.0,4663203.0,22512779.0,65812905.0
GR0000001490,2022,138,46203009.0,17729645.0,8072499.0,61959307.0,22709706.0,4029365.0,21759010.0,73757568.0
GR0000001490,2023,143,38006966.0,13405983.0,7816810.0,47960459.0,17465880.0,4773061.0,18179043.0,53389168.0
GR0000001490,2024,159,51631598.0,18227229.0,7923023.0,45503876.0,18289697.0,6479998.0,24707226.0,69912063.0
GR0000001491,2020,2,232408.0,92235.0,58519.0,544161.0,259418.0,32138.0,124373.0,482333.0
GR0000001491,2021,2,278934.0,87991.0,60775.0,783881.0,366571.0,28832.0,116823.0,606139.0
GR0000001491,2022,2,118899.0,36071.0,63890.0,202132.0,95435.0,14350.0,50421.0,199552.0
GR0000001491,2023,2,155293.0,71176.0,51020.0,340390.0,180328.0,21039.0,92215.0,283276.0
GR0000001491,2024,2,309316.0,105515.0,59136.0,671870.0,356149.0,37447.0,142963.0,645121.0
GR0000001492,2020,4,101223.0,31993.0,96433.0,408495.0,225753.0,10186.0,42179.0,310552.0
GR0000001492,2021,4,161700.0,39475.0,107504.0,835471.0,402783.0,14012.0,53487.0,533196.0
GR0000001492,2022,4,95850.0,34120.0,80433.0,561751.0,359295.0,12654.0,46775.0,309111.0
GR0000001492,2023,3,132499.0,35585.0,65539.0,342608.0,188639.0,12015.0,47600.0,297593.0
GR0000001492,2024,3,121053.0,37807.0,64465.0,457462.0,225010.0,12168.0,49975.0,388499.0
GR0000001493,2020,5,459195.0,158361.0,218928.0,2602085.0,1472142.0,54986.0,213347.0,1559870.0
GR0000001493,2021,5,229393.0,94904.0,202495.0,1612855.0,809902.0,28752.0,123656.0,1120300.0
GR0000001493,2022,4,405558.0,127268.0,151712.0,2650490.0,1693004.0,49424.0,176692.0,1883171.0
GR0000001493,2023,3,274622.0,119743.0,122323.0,1732341.0,1013981.0,42491.0,162234.0,1059579.0
GR0000001493,2024,3,216905.0,98698.0,102643.0,2074738.0,1142442.0,27945.0,126644.0,1035354.0
GR0000001494,2020,20,1911668.0,919714.0,691776.0,45056791.0,38019468.0,275142.0,1194856.0,5386899.0
GR0000001494,2021,20,893379.0,411330.0,649981.0,10636695.0,8983020.0,159740.0,571071.0,2535565.0
GR0000001494,2022,20,1760015.0,824829.0,798267.0,26430309.0,19172408.0,335631.0,1160460.0,4730934.0
GR0000001494,2023,20,2539257.0,1262807.0,621684.0,30728957.0,26024514.0,499709.0,1762516.0,5770346.0
GR0000001494,2024,19,1734362.0,746949.0,635273.0,39104716.0,30281444.0,298952.0,1045901.0,4483606.0
GR0000001495,2020,232,32235163.0,14617252.0,7620511.0,54878661.0,28289864.0,3844730.0,18461983.0,57451996.0
GR0000001495,2021,249,61391447.0,23570362.0,8735883.0,96521895.0,52128180.0,8414086.0,31984449.0,100664438.0
GR0000001495,2022,235,59275305.0,20095950.0,10507940.0,75115456.0,29560590.0,5642645.0,25738595.0,93131149.0
GR0000001495,2023,248,64506875.0,30418214.0,10403699.0,82229339.0,37566787.0,7844757.0,38262970.0,98803209.0
GR0000001495,2024,226,30476793.0,9479924.0,9030687.0,43088742.0,17442583.0,3077792.0,12557716.0,55168634.0
GR0000001496,2020,37,3663313.0,1182625.0,1405093.0,21095021.0,13416807.0,374886.0,1557511.0,12253899.0
GR0000001496,2021,35,2650079.0,968019.0,1100813.0,23475755.0,14712684.0,278213.0,1246232.0,12305609.0
GR0000001496,2022,36,2654262.0,923626.0,1414746.0,14294604.0,9345007.0,252455.0,1176080.0,10736251.0
GR0000001496,2023,34,2146578.0,811501.0,1302140.0,13277731.0,7821608.0,290885.0,1102385.0,9710419.0
GR0000001496,2024,31,2019420.0,871676.0,1277218.0,14990708.0,9247614.0,223077.0,1094753.0,7790716.0
GR0000001497,2020,64,5115841.0,1025818.0,1141405.0,22901881.0,15143830.0,374639.0,1400457.0,11723020.0
GR0000001497,2021,70,3472134.0,837807.0,1167224.0,15021421.0,11246237.0,279417.0,1117225.0,8656009.0
GR0000001497,2022,69,4657932.0,1111128.0,1202003.0,18789793.0,12965924.0,320759.0,1431887.0,14955058.0
GR0000001497,2023,77,5254855.0,1558117.0,1256936.0,23575206.0,16132049.0,536249.0,2094366.0,14998484.0
GR0000001497,2024,80,4227957.0,801220.0,1410807.0,17184790.0,10410862.0,226080.0,1027300.0,10050549.0
GR0000001498,2020,28,1567811.0,385531.0,688567.0,6451534.0,3603097.0,119982.0,505513.0,6042646.0
GR0000001498,2021,29,2360170.0,709886.0,780277.0,7783335.0,4750524.0,222260.0,932147.0,8762283.0
GR0000001498,2022,27,2329803.0,679573.0,769202.0,6776845.0,3704687.0,167060.0,846633.0,9731284.0
GR0000001498,2023,24,936012.0,212908.0,650173.0,2437613.0,1387885.0,61902.0,274809.0,3387785.0
GR0000001498,2024,24,2479039.0,782689.0,593907.0,5831529.0,3359883.0,179333.0,962022.0,7987775.0
GR0000001499,2024,873,36616384.0,10119557.0,24647203.0,80266215.0,42570506.0,2512466.0,12632023.0,128783668.0
GR0000001500,2020,18,1017272.0,426729.0,573018.0,2514469.0,1366280.0,110778.0,537507.0,2092968.0
GR0000001500,2021,15,1034778.0,408395.0,543999.0,2455652.0,1223431.0,136227.0,544623.0,2470432.0
GR0000001500,2022,14,1292118.0,379042.0,417023.0,2960911.0,1481949.0,127666.0,506708.0,2370021.0
GR0000001500,2023,13,1583305.0,463016.0,387297.0,3214870.0,1935397.0,157558.0,620574.0,2972607.0
GR0000001500,2024,13,1065629.0,311107.0,437649.0,2097728.0,1326635.0,90777.0,401885.0,2272223.0
GR0000001501,2020,112,10848206.0,2901950.0,3826741.0,19762153.0,10122038.0,735866.0,3637816.0,32241335.0
GR0000001501,2021,103,7662625.0,2833491.0,2916572.0,14205522.0,8219720.0,654816.0,3488307.0,24833354.0
GR0000001501,2022,119,4887641.0,1572974.0,4034808.0,14620946.0,7470929.0,552525.0,2125499.0,18946204.0
GR0000001501,2023,112,15224434.0,4470399.0,3346302.0,29906561.0,17051062.0,1533570.0,6003968.0,47844776.0
GR0000001501,2024,115,7603219.0,2417184.0,2922442.0,16516006.0,8669051.0,661439.0,3078623.0,26126207.0
GR0000001502,2024,191,12395753.0,4289359.0,8413114.0,59456199.0,38131153.0,1155254.0,5444613.0,42065568.0
GR0000001503,2020,52,11363035.0,3702090.0,2101073.0,21251568.0,8546419.0,1419666.0,5121756.0,22950764.0
GR0000001503,2021,61,12912055.0,4477956.0,2190613.0,22374724.0,11812856.0,1206224.0,5684179.0,26078757.0
GR0000001503,2022,63,12195221.0,3535719.0,2701986.0,19795863.0,10579056.0,1216325.0,4752045.0,24645733.0
GR0000001503,2023,66,9390529.0,3439491.0,2328245.0,15596911.0,7479336.0,1159801.0,4599292.0,18248077.0
GR0000001503,2024,67,12901878.0,3227473.0,3208164.0,31724822.0,17211381.0,1098282.0,4325755.0,32199727.0
GR0000001504,2020,1,100945.0,31948.0,22919.0,349565.0,192276.0,10159.0,42108.0,239400.0
GR0000001504,2021,1,47536.0,16221.0,30537.0,151386.0,63980.0,4178.0,20399.0,138255.0
GR0000001504,2022,1,41991.0,12637.0,22195.0,142324.0,71776.0,3876.0,16513.0,107422.0
GR0000001504,2023,1,55161.0,14504.0,27392.0,158053.0,98157.0,4147.0,18650.0,160580.0
GR0000001504,2024,1,37517.0,9522.0,24257.0,107271.0,60312.0,3641.0,13163.0,103360.0
GR0000001505,2020,4,190569.0,39853.0,90233.0,448311.0,290327.0,10076.0,49929.0,760815.0
GR0000001505,2021,4,140062.0,23056.0,110173.0,339956.0,235026.0,6274.0,29330.0,599962.0
GR0000001505,2022,3,101417.0,31533.0,72162.0,292731.0,197932.0,8595.0,40128.0,447244.0
GR0000001505,2023,3,181774.0,48261.0,81798.0,482127.0,260736.0,16142.0,64403.0,788942.0
GR0000001505,2024,3,169245.0,29340.0,74814.0,450497.0,268050.0,7526.0,36867.0,678446.0
GR0000001506,2020,5,177833.0,37801.0,92344.0,847033.0,648582.0,11988.0,49789.0,469161.0
GR0000001506,2021,5,124698.0,25079.0,78054.0,660543.0,478692.0,10175.0,35254.0,449262.0
GR0000001506,2022,5,242526.0,50352.0,77913.0,1471233.0,902212.0,21443.0,71796.0,628747.0
GR0000001506,2023,5,98153.0,14579.0,77967.0,673245.0,416916.0,6149.0,20729.0,379812.0
GR0000001506,2024,5,101960.0,25320.0,72574.0,680938.0,469799.0,10101.0,35421.0,402262.0
GR0000001507,2020,76,2776397.0,944545.0,1981676.0,5691463.0,2969773.0,263042.0,1207587.0,8681808.0
GR0000001507,2021,85,5343949.0,1309936.0,2999394.0,12853404.0,7740269.0,371624.0,1681560.0,16257978.0
GR0000001507,2022,84,3973346.0,1076806.0,2532585.0,7699000.0,4145658.0,325457.0,1402263.0,12345398.0
GR0000001507,2023,79,5634313.0,1778750.0,2046887.0,12215883.0,6816783.0,444620.0,2223369.0,17757632.0
GR0000001507,2024,92,6905168.0,2551560.0,3121026.0,18807366.0,11041578.0,680944.0,3232504.0,22250019.0
GR0000001508,2020,3,103167.0,35086.0,89598.0,389379.0,215849.0,11910.0,46996.0,237183.0
GR0000001508,2021,2,107999.0,25079.0,54205.0,434183.0,201921.0,7552.0,32631.0,259793.0
GR0000001508,2022,1,49463.0,15606.0,27324.0,171090.0,84082.0,5220.0,20826.0,146332.0
GR0000001508,2023,1,40743.0,13767.0,24555.0,144319.0,91463.0,4707.0,18474.0,129478.0
GR0000001508,2024,1,38556.0,9028.0,23073.0,136504.0,63638.0,3238.0,12267.0,127686.0
GR0000001509,2020,1,11564.0,3282.0,18898.0,61732.0,34524.0,1117.0,4400.0,62994.0
GR0000001509,2021,1,14065.0,2487.0,18470.0,68580.0,44416.0,1003.0,3490.0,80893.0
GR0000001509,2022,1,12761.0,2996.0,17408.0,40803.0,30601.0,1002.0,3998.0,58025.0
GR0000001509,2023,1,10356.0,1578.0,18795.0,51788.0,34335.0,543.0,2121.0,62651.0
GR0000001509,2024,1,29877.0,6200.0,20762.0,138609.0,79775.0,2348.0,8548.0,139202.0
GR0000001510,2020,63,1784764.0,317477.0,1129091.0,3164968.0,1817520.0,102856.0,420334.0,6272725.0
GR0000001510,2021,71,4381712.0,766209.0,1685450.0,5637673.0,3758278.0,252560.0,1018769.0,14323864.0
GR0000001510,2022,69,2807881.0,437561.0,1732740.0,4457879.0,2433782.0,138593.0,576155.0,9626333.0
GR0000001510,2023,79,5171924.0,987887.0,2173731.0,7050602.0,4328911.0,318099.0,1305986.0,15080027.0
GR0000001510,2024,86,1759818.0,283200.0,1090682.0,2024342.0,1397589.0,76543.0,359743.0,6059344.0
GR0000001511,2020,8,288702.0,71547.0,124907.0,1841434.0,1468088.0,19442.0,90989.0,876125.0
GR0000001511,2021,7,162263.0,44661.0,131135.0,774679.0,463104.0,13358.0,58019.0,532906.0
GR0000001511,2022,5,104695.0,19149.0,79779.0,491801.0,289878.0,4994.0,24143.0,393740.0
GR0000001511,2023,4,192990.0,32320.0,76085.0,753470.0,565433.0,9099.0,41419.0,625779.0
GR0000001511,2024,4,145300.0,35408.0,80674.0,830112.0,626525.0,13621.0,49028.0,538428.0
GR0000001512,2020,4,924047.0,289546.0,179412.0,1284903.0,664323.0,103963.0,393509.0,1340985.0
GR0000001512,2021,4,476803.0,162293.0,142628.0,925149.0,468041.0,41512.0,203805.0,911083.0
GR0000001512,2022,4,504292.0,183608.0,129114.0,793756.0,358256.0,46473.0,230081.0,819198.0
GR0000001512,2023,4,815714.0,364483.0,151003.0,1126177.0,560861.0,111553.0,476036.0,1312456.0
GR0000001512,2024,4,1027116.0,328647.0,161369.0,1510088.0,545580.0,115604.0,444251.0,1826920.0
GR0000001513,2020,6,70428.0,16827.0,61826.0,131689.0,104651.0,5731.0,22557.0,309129.0
GR0000001513,2021,5,92357.0,13985.0,87280.0,182140.0,100639.0,3864.0,17849.0,436402.0
GR0000001513,2022,3,56649.0,15517.0,39815.0,119740.0,83716.0,4526.0,20043.0,199076.0
GR0000001513,2023,2,59354.0,16746.0,40757.0,94726.0,64775.0,4437.0,21183.0,203784.0
GR0000001513,2024,2,57445.0,12129.0,37124.0,140740.0,80706.0,3441.0,15570.0,259261.0
GR0000001514,2020,2,179897.0,63184.0,51812.0,450602.0,215793.0,18016.0,81200.0,403933.0
GR0000001514,2021,1,77115.0,23550.0,21149.0,214959.0,104709.0,8746.0,32296.0,189120.0
GR0000001514,2022,1,95459.0,28880.0,29634.0,297562.0,154251.0,9421.0,38302.0,248045.0
GR0000001514,2023,1,34727.0,11392.0,28740.0,89363.0,55409.0,4113.0,15505.0,93815.0
GR0000001514,2024,1,62269.0,17185.0,27675.0,276074.0,157652.0,4850.0,22035.0,195264.0
GR0000001515,2020,35,7554844.0,3192616.0,1613009.0,71974266.0,60191751.0,1108804.0,4301421.0,13557087.0
GR0000001515,2021,34,9067883.0,3429910.0,1361617.0,42604700.0,31974649.0,1170819.0,4600729.0,15273926.0
GR0000001515,2022,35,8583438.0,3515663.0,1400457.0,53538700.0,46788903.0,1203040.0,4718703.0,17641503.0
GR0000001515,2023,40,11385417.0,5553263.0,1446678.0,121994648.0,97519497.0,2039448.0,7592711.0,26014308.0
GR0000001515,2024,37,5630989.0,2701987.0,1682432.0,77180542.0,59773560.0,750208.0,3452194.0,13164312.0
GR0000001516,2020,10,2563984.0,1266324.0,376461.0,23172378.0,15138709.0,223167.0,1489490.0,4309056.0
GR0000001516,2021,9,1254901.0,444905.0,361990.0,9283964.0,6643622.0,138072.0,582977.0,2465704.0
GR0000001516,2022,5,709896.0,265779.0,206004.0,5726223.0,4425122.0,64323.0,330102.0,1159488.0
GR0000001516,2023,4,617923.0,270604.0,150656.0,5656955.0,4247347.0,58892.0,329497.0,1127431.0
GR0000001516,2024,4,626219.0,281744.0,136674.0,7752035.0,5581189.0,72222.0,353966.0,1090001.0
GR0000001517,2020,3,45129.0,13935.0,65474.0,223234.0,131700.0,5937.0,19872.0,227900.0
GR0000001517,2021,3,28278.0,6983.0,50104.0,131036.0,66945.0,2730.0,9713.0,167013.0
GR0000001517,2022,3,36935.0,8797.0,57848.0,273972.0,143280.0,3435.0,12232.0,242459.0
GR0000001517,2023,2,63961.0,21789.0,49687.0,276412.0,188141.0,8297.0,30086.0,276746.0
GR0000001517,2024,1,36471.0,8007.0,21754.0,140585.0,78081.0,2993.0,11001.0,156682.0
GR0000001518,2020,18,1042489.0,357586.0,401385.0,3557972.0,1890012.0,133444.0,491030.0,4435858.0
GR0000001518,2021,17,1202993.0,431675.0,438941.0,4730907.0,2986005.0,141899.0,573574.0,4760383.0
GR0000001518,2022,17,539907.0,167969.0,442718.0,2060999.0,1285537.0,55376.0,223345.0,2160791.0
GR0000001518,2023,16,748435.0,269052.0,452861.0,1842113.0,1015812.0,84143.0,353195.0,2547201.0
GR0000001518,2024,17,656756.0,233282.0,469727.0,1906103.0,993330.0,60735.0,294017.0,2423821.0
GR0000001519,2020,8,968847.0,285033.0,248854.0,2916698.0,1415163.0,105158.0,390190.0,2122225.0
GR0000001519,2021,8,806207.0,238632.0,263973.0,1526062.0,688095.0,94608.0,333240.0,1650185.0
GR0000001519,2022,7,396416.0,146808.0,240784.0,875262.0,401728.0,61057.0,207865.0,932422.0
GR0000001519,2023,8,482979.0,192992.0,254587.0,864932.0,364192.0,80745.0,273737.0,897556.0
GR0000001519,2024,9,1470696.0,573646.0,262920.0,3431036.0,1425751.0,179732.0,753378.0,2693548.0
GR0000001520,2020,30,3842905.0,867342.0,1046437.0,11529691.0,6365454.0,244943.0,1112285.0,9480184.0
GR0000001520,2021,30,3217895.0,943525.0,814081.0,7260379.0,4371539.0,307252.0,1250777.0,8286284.0
GR0000001520,2022,28,2436093.0,679529.0,1004095.0,4554629.0,2584831.0,156819.0,836348.0,5683043.0
GR0000001520,2023,23,3268740.0,1143946.0,926668.0,7843302.0,3748104.0,298034.0,1441979.0,6638576.0
GR0000001520,2024,22,4546542.0,1011786.0,590666.0,11225696.0,5644850.0,294030.0,1305817.0,8694396.0
GR0000001521,2020,2,53327.0,15368.0,40278.0,174311.0,102475.0,5112.0,20480.0,225744.0
GR0000001521,2021,2,35078.0,7671.0,41374.0,169156.0,116768.0,3081.0,10752.0,163356.0
GR0000001521,2022,2,61665.0,17693.0,41255.0,215918.0,137030.0,5154.0,22847.0,256594.0
GR0000001521,2023,2,55134.0,12495.0,43695.0,250086.0,172795.0,5179.0,17674.0,227995.0
GR0000001521,2024,2,27607.0,8221.0,37302.0,128726.0,86920.0,3473.0,11695.0,124341.0
GR0000001522,2020,1,85755.0,37253.0,38601.0,1303093.0,968777.0,13966.0,51219.0,217682.0
GR0000001522,2021,1,163729.0,84576.0,39259.0,1197523.0,882466.0,27019.0,111595.0,352876.0
GR0000001522,2022,1,91669.0,45009.0,30300.0,1283313.0,1012893.0,17381.0,62390.0,225428.0
GR0000001522,2023,1,90725.0,40067.0,33713.0,818832.0,689103.0,12627.0,52694.0,189591.0
GR0000001522,2024,1,136393.0,59401.0,36122.0,1805318.0,1345493.0,22047.0,81447.0,315395.0
GR0000001523,2020,43,606201.0,111758.0,883428.0,3841479.0,2367722.0,45632.0,157389.0,3940528.0
GR0000001523,2021,41,725151.0,130550.0,877279.0,2023513.0,1281657.0,42166.0,172715.0,2924263.0
GR0000001523,2022,49,1120286.0,286881.0,986587.0,6230773.0,3820815.0,94397.0,381278.0,7011942.0
GR0000001523,2023,47,1436333.0,208687.0,1148053.0,5169660.0,3249482.0,84453.0,293140.0,7208018.0
GR0000001523,2024,49,1597749.0,368654.0,915099.0,6308862.0,4260420.0,120674.0,489328.0,7814592.0
GR0000001524,2020,74,2333645.0,541432.0,1478265.0,9500396.0,4779191.0,202079.0,743511.0,10166200.0
GR0000001524,2021,80,2886289.0,630869.0,1963854.0,8978595.0,4716180.0,244161.0,875030.0,12529477.0
GR0000001524,2022,74,1348556.0,229671.0,1137904.0,4147189.0,2047183.0,69877.0,299549.0,5172289.0
GR0000001524,2023,73,2715084.0,510455.0,1566157.0,11343861.0,5114332.0,141520.0,651975.0,11977046.0
GR0000001524,2024,80,1892123.0,474504.0,1626177.0,6559320.0,3097587.0,182318.0,656822.0,7391712.0
GR0000001525,2020,9,786781.0,270276.0,295512.0,1699679.0,965688.0,86841.0,357117.0,1642533.0
GR0000001525,2021,8,1046724.0,260104.0,293611.0,1935382.0,987971.0,77424.0,337527.0,2141727.0
GR0000001525,2022,7,781795.0,262750.0,243906.0,1869184.0,826465.0,100238.0,362988.0,1676882.0
GR0000001525,2023,6,970793.0,297400.0,226780.0,2120491.0,1211142.0,112946.0,410346.0,2311464.0
GR0000001525,2024,6,485774.0,114481.0,191734.0,1095327.0,583020.0,34330.0,148810.0,1103253.0
GR0000001526,2020,2,29226.0,8607.0,43839.0,152102.0,90826.0,2785.0,11391.0,176361.0
GR0000001526,2021,1,4478.0,1105.0,7448.0,30564.0,18466.0,365.0,1470.0,29790.0
GR0000001526,2022,1,13855.0,2887.0,16752.0,78821.0,39497.0,1216.0,4103.0,86601.0
GR0000001526,2023,1,16901.0,2875.0,19412.0,61885.0,39079.0,847.0,3721.0,86038.0
GR0000001526,2024,1,12674.0,3048.0,12923.0,44709.0,26106.0,987.0,4035.0,51691.0
GR0000001527,2021,3,388201.0,151461.0,118762.0,2004477.0,1759140.0,42908.0,194369.0,692049.0
GR0000001527,2022,3,510847.0,244293.0,133549.0,5147857.0,4103340.0,82307.0,326600.0,1102713.0
GR0000001527,2023,3,423739.0,184260.0,137882.0,4494404.0,3782393.0,70986.0,255246.0,801113.0
GR0000001527,2024,3,557539.0,268155.0,134486.0,4252266.0,3237704.0,82447.0,350603.0,1029090.0
GR0000001528,2020,4,216878.0,71238.0,157158.0,1077743.0,685072.0,17679.0,88918.0,887558.0
GR0000001528,2021,3,440680.0,158143.0,122963.0,2483574.0,1341373.0,49070.0,207212.0,1918664.0
GR0000001528,2022,2,243400.0,74140.0,85742.0,1490160.0,964398.0,23289.0,97430.0,1120291.0
GR0000001528,2023,2,347883.0,131660.0,80783.0,1793946.0,1023380.0,42623.0,174283.0,1194980.0
GR0000001528,2024,2,240044.0,72822.0,66449.0,1084296.0,591938.0,20511.0,93333.0,833170.0
GR0000001529,2020,7,70911.0,10719.0,126949.0,425095.0,301642.0,4313.0,15032.0,423164.0
GR0000001529,2021,8,154719.0,44396.0,160412.0,807955.0,462963.0,13456.0,57852.0,798558.0
GR0000001529,2022,8,134055.0,41056.0,154018.0,457167.0,321382.0,12328.0,53384.0,667059.0
GR0000001529,2023,8,141128.0,27373.0,172030.0,641467.0,404032.0,10463.0,37837.0,910752.0
GR0000001529,2024,8,274908.0,60708.0,175800.0,1012900.0,598676.0,23664.0,84372.0,1186485.0
GR0000001530,2020,3,560764.0,211381.0,133298.0,3624684.0,3135128.0,74152.0,285533.0,1290069.0
GR0000001530,2021,3,487487.0,208271.0,109523.0,4817984.0,3957854.0,64118.0,272389.0,1168049.0
GR0000001530,2022,3,660899.0,308332.0,147312.0,3095862.0,2619521.0,113842.0,422174.0,1102930.0
GR0000001530,2023,3,832505.0,380527.0,126782.0,6973601.0,5846389.0,144211.0,524738.0,1673403.0
GR0000001530,2024,3,800550.0,375750.0,142223.0,8080681.0,6677112.0,109871.0,485621.0,1354092.0
GR0000001531,2020,3,156323.0,39849.0,86415.0,465466.0,320646.0,14350.0,54200.0,652972.0
GR0000001531,2021,3,149545.0,25663.0,94175.0,434752.0,259099.0,6500.0,32163.0,711364.0
GR0000001531,2022,3,125917.0,33627.0,74057.0,320063.0,174140.0,11814.0,45442.0,526786.0
GR0000001531,2023,3,106297.0,16042.0,80668.0,293490.0,182831.0,6085.0,22128.0,381826.0
GR0000001531,2024,3,147391.0,39224.0,91626.0,605798.0,366176.0,12586.0,51810.0,711325.0
GR0000001532,2020,24,1189418.0,310589.0,440483.0,5984418.0,3899167.0,109838.0,420427.0,3089159.0
GR0000001532,2021,24,356541.0,96038.0,431011.0,2853848.0,2004600.0,29591.0,125628.0,1386570.0
GR0000001532,2022,23,602516.0,124425.0,444902.0,4034447.0,2488864.0,50864.0,175289.0,2315968.0
GR0000001532,2023,25,553949.0,109613.0,457319.0,3829026.0,2970133.0,33171.0,142784.0,2090353.0
GR0000001532,2024,27,894096.0,250725.0,386516.0,4543010.0,3566257.0,80314.0,331039.0,2310272.0
GR0000001533,2020,2,37738.0,13417.0,42065.0,231852.0,158237.0,4444.0,17861.0,185057.0
GR0000001533,2021,2,41771.0,11113.0,42127.0,197851.0,120545.0,3443.0,14556.0,242413.0
GR0000001533,2022,1,12962.0,3056.0,22461.0,74829.0,48570.0,1230.0,4285.0,74871.0
GR0000001533,2023,1,29934.0,9001.0,24349.0,101946.0,60530.0,3069.0,12070.0,131205.0
GR0000001533,2024,1,19192.0,6010.0,23247.0,107911.0,60714.0,1907.0,7917.0,109764.0
GR0000001534,2020,2,47681.0,10411.0,40493.0,235491.0,133881.0,4158.0,14569.0,231457.0
GR0000001534,2021,2,45222.0,9169.0,40487.0,215377.0,121235.0,2905.0,12074.0,235538.0
GR0000001534,2022,2,79115.0,23698.0,49823.0,311985.0,179102.0,7094.0,30792.0,316912.0
GR0000001534,2023,1,26587.0,4321.0,24330.0,96875.0,58441.0,1666.0,5987.0,147654.0
GR0000001534,2024,1,27779.0,5759.0,23136.0,128889.0,79765.0,1917.0,7677.0,140917.0
GR0000001535,2020,60,2767436.0,685011.0,1812822.0,6601255.0,3463467.0,254333.0,939344.0,10348949.0
GR0000001535,2021,61,1519617.0,289319.0,1439932.0,5445917.0,2315255.0,101723.0,391042.0,7199658.0
GR0000001535,2022,57,2366598.0,420222.0,1629427.0,5542263.0,3154178.0,135340.0,555561.0,8995035.0
GR0000001535,2023,61,2712079.0,539009.0,1790747.0,8258497.0,3402990.0,158782.0,697791.0,10818800.0
GR0000001535,2024,71,4114912.0,874297.0,2142198.0,13553495.0,7409313.0,250084.0,1124381.0,16242011.0
GR0000001536,2020,28,570730.0,139062.0,669591.0,1835075.0,1030201.0,52006.0,191068.0,2460053.0
GR0000001536,2021,27,397005.0,75704.0,667992.0,1809687.0,1063038.0,30825.0,106529.0,2273550.0
GR0000001536,2022,27,593004.0,124253.0,646180.0,2071484.0,1384292.0,52953.0,177206.0,2511552.0
GR0000001536,2023,29,302829.0,83703.0,525075.0,1395959.0,898517.0,34789.0,118492.0,1857191.0
GR0000001536,2024,31,952214.0,223606.0,612722.0,3654953.0,2166961.0,88162.0,311768.0,3833944.0
GR0000001537,2022,1,70061.0,27957.0,39693.0,1075668.0,845469.0,11890.0,39846.0,185632.0
GR0000001537,2023,1,53730.0,22899.0,36106.0,550717.0,460950.0,6582.0,29480.0,114164.0
GR0000001537,2024,1,85769.0,38144.0,31093.0,786746.0,647740.0,11516.0,49660.0,189699.0
GR0000001538,2020,7,967254.0,262006.0,246364.0,2659185.0,1073069.0,86826.0,348832.0,2330747.0
GR0000001538,2021,7,776118.0,189399.0,247257.0,2082465.0,1031933.0,70009.0,259408.0,1793033.0
GR0000001538,2022,7,709347.0,174299.0,260765.0,2016154.0,1081621.0,62275.0,236574.0,1853022.0
GR0000001538,2023,6,754584.0,296576.0,191359.0,1758997.0,867126.0,75070.0,371647.0,1991523.0
GR0000001538,2024,5,423887.0,101113.0,145802.0,878926.0,374264.0,27793.0,128906.0,940986.0
GR0000001539,2020,2,36686.0,6413.0,37441.0,189550.0,121514.0,2310.0,8723.0,202152.0
GR0000001539,2021,2,53980.0,14051.0,44138.0,248098.0,175550.0,4200.0,18251.0,278931.0
GR0000001539,2022,1,27101.0,5442.0,23413.0,116587.0,76419.0,2280.0,7722.0,141295.0
GR0000001539,2023,1,21149.0,5059.0,20664.0,94673.0,69048.0,1518.0,6577.0,131007.0
GR0000001539,2024,1,23536.0,6655.0,19061.0,69362.0,39177.0,1877.0,8532.0,98039.0
GR0000001540,2020,687,102495671.0,30211211.0,16481394.0,293788357.0,148512131.0,7824249.0,38035461.0,213205824.0
GR0000001540,2021,688,68634405.0,13686743.0,18107431.0,206999971.0,126060862.0,3332500.0,17019243.0,154573921.0
GR0000001540,2022,623,53858917.0,10717217.0,18605526.0,136249413.0,92482840.0,3750805.0,14468022.0,134927720.0
GR0000001540,2023,687,51605235.0,13618480.0,18456208.0,214942640.0,135501681.0,4357918.0,17976398.0,130079521.0
GR0000001540,2024,704,75473173.0,17093535.0,15007793.0,328392300.0,184467437.0,4301707.0,21395242.0,183479128.0
GR0000001541,2020,115,2914650.0,576125.0,2472701.0,9079500.0,4783567.0,208904.0,785030.0,12363507.0
GR0000001541,2021,129,4722606.0,976829.0,3094022.0,13921854.0,6918831.0,343377.0,1320206.0,18094945.0
GR0000001541,2022,120,7262322.0,1441404.0,3534983.0,15961774.0,8463534.0,399220.0,1840624.0,27188176.0
GR0000001541,2023,124,4600730.0,1014969.0,3578519.0,13720298.0,7843777.0,251687.0,1266656.0,19974995.0
GR0000001541,2024,120,6220278.0,1042221.0,2681674.0,15188722.0,7682859.0,273998.0,1316220.0,22107877.0
GR0000001542,2020,1,34593.0,14764.0,27502.0,210387.0,147495.0,5525.0,20289.0,149026.0
GR0000001542,2021,1,40924.0,12801.0,33334.0,364463.0,249933.0,5411.0,18212.0,203303.0
GR0000001542,2022,1,37587.0,11388.0,27676.0,268902.0,199502.0,4440.0,15828.0,157607.0
GR0000001542,2023,1,61287.0,23814.0,32457.0,376432.0,276729.0,8057.0,31871.0,274730.0
GR0000001542,2024,1,15163.0,5345.0,23604.0,139596.0,86298.0,1635.0,6980.0,94414.0
GR0000001543,2020,5,352860.0,163861.0,198664.0,2881625.0,1997823.0,44238.0,208099.0,1626842.0
GR0000001543,2021,4,244544.0,102729.0,131399.0,1334405.0,871190.0,34339.0,137068.0,845462.0
GR0000001543,2022,3,366472.0,131678.0,112957.0,2008210.0,1270769.0,48983.0,180661.0,1287756.0
GR0000001543,2023,3,175030.0,57248.0,122347.0,1102514.0,568273.0,18667.0,75915.0,653357.0
GR0000001543,2024,3,336833.0,122898.0,112739.0,1667480.0,1133188.0,47442.0,170340.0,1251423.0
GR0000001544,2020,14,1898833.0,788982.0,497193.0,3536626.0,2008992.0,224132.0,1013114.0,3748864.0
GR0000001544,2021,13,1123360.0,363496.0,408252.0,2532598.0,1380280.0,105624.0,469120.0,2318298.0
GR0000001544,2022,11,1900946.0,753428.0,361474.0,3349574.0,1618292.0,262927.0,1016355.0,3364214.0
GR0000001544,2023,9,1149787.0,430808.0,258431.0,2191688.0,1213221.0,111203.0,542010.0,2295055.0
GR0000001544,2024,7,650302.0,227328.0,222548.0,1167390.0,712603.0,82090.0,309417.0,1216652.0
GR0000001545,2020,7,154824.0,33928.0,136378.0,1092003.0,785691.0,12948.0,46876.0,553169.0
GR0000001545,2021,8,293239.0,76817.0,154951.0,1655764.0,1138951.0,28403.0,105221.0,887964.0
GR0000001545,2022,8,286271.0,46149.0,132394.0,1514702.0,923849.0,18570.0,64719.0,981747.0
GR0000001545,2023,7,323461.0,83770.0,131929.0,1356567.0,982787.0,27189.0,110959.0,866011.0
GR0000001545,2024,7,168507.0,39609.0,116083.0,906720.0,723005.0,16918.0,56527.0,565140.0
GR0000001546,2024,4,52184.0,9976.0,52851.0,207438.0,117433.0,2820.0,12795.0,240233.0
GR0000001547,2020,10,225989.0,78897.0,217091.0,1060119.0,662046.0,26260.0,105157.0,1127717.0
GR0000001547,2021,9,257341.0,72776.0,199489.0,1465249.0,913640.0,29839.0,102615.0,1063123.0
GR0000001547,2022,9,150362.0,51338.0,210117.0,857087.0,654597.0,20041.0,71379.0,803487.0
GR0000001547,2023,10,201085.0,51885.0,233750.0,1560952.0,1240184.0,15046.0,66931.0,1147267.0
GR0000001547,2024,9,266087.0,84479.0,186076.0,1670197.0,1281192.0,29914.0,114393.0,1368938.0
GR0000001548,2020,77,12034361.0,4088947.0,4479074.0,44250831.0,25797736.0,1355079.0,5444026.0,35069498.0
GR0000001548,2021,72,9294395.0,3544101.0,4253940.0,51699087.0,30546517.0,1207517.0,4751618.0,34226900.0
GR0000001548,2022,70,9867505.0,4108088.0,3907855.0,39837936.0,24250243.0,1154066.0,5262154.0,33072363.0
GR0000001548,2023,80,5812439.0,1860606.0,3761900.0,28755378.0,17875037.0,575121.0,2435727.0,20982661.0
GR0000001548,2024,73,6978898.0,2431220.0,3061797.0,29368348.0,16534415.0,930451.0,3361671.0,20072277.0
GR0000001549,2020,3,593635.0,252143.0,113326.0,4862639.0,3504992.0,64786.0,316929.0,1341903.0
GR0000001549,2021,2,562174.0,264525.0,73032.0,4206886.0,3794847.0,85745.0,350270.0,1102577.0
GR0000001549,2022,2,363223.0,173747.0,89803.0,2372399.0,1852194.0,55488.0,229235.0,620982.0
GR0000001549,2023,2,546969.0,256963.0,90139.0,5404120.0,4659872.0,77812.0,334775.0,1001312.0
GR0000001549,2024,2,412240.0,167279.0,102979.0,4863573.0,3934111.0,54076.0,221355.0,977119.0
GR0000001550,2020,2,237239.0,85643.0,52188.0,577663.0,280641.0,31660.0,117303.0,539611.0
GR0000001550,2021,1,39797.0,16058.0,25537.0,86450.0,41360.0,5308.0,21366.0,95223.0
GR0000001550,2022,1,104036.0,33395.0,32057.0,241229.0,109248.0,9935.0,43330.0,188646.0
GR0000001550,2023,1,109441.0,32913.0,30158.0,201776.0,106620.0,12002.0,44915.0,218731.0
GR0000001550,2024,1,103196.0,44027.0,25543.0,217272.0,88218.0,15479.0,59506.0,207689.0
GR0000001551,2020,8,344125.0,94916.0,222434.0,1513212.0,698556.0,29011.0,123927.0,1458600.0
GR0000001551,2021,7,422785.0,121048.0,192381.0,1582653.0,940117.0,31445.0,152493.0,1519962.0
GR0000001551,2022,6,295353.0,82176.0,157315.0,850930.0,523264.0,24459.0,106636.0,1179700.0
GR0000001551,2023,6,361250.0,84501.0,139124.0,1181084.0,683259.0,32353.0,116855.0,1238983.0
GR0000001551,2024,5,120736.0,43262.0,142800.0,390802.0,178774.0,11286.0,54547.0,510000.0
GR0000001552,2022,41,1375614.0,374735.0,1116448.0,5476189.0,3469205.0,99167.0,473902.0,6383658.0
GR0000001552,2023,40,1181581.0,332352.0,1114803.0,3999474.0,2227056.0,128944.0,461296.0,4583356.0
GR0000001552,2024,41,1721074.0,456617.0,1068598.0,5148189.0,2574627.0,147680.0,604297.0,5933512.0
GR0000001553,2020,512,37675673.0,13483120.0,13168565.0,79943913.0,44340840.0,5202428.0,18685549.0,133143587.0
GR0000001553,2021,467,26264105.0,7509908.0,12631755.0,55341316.0,29844989.0,2620536.0,10130444.0,89970596.0
GR0000001553,2022,549,35715066.0,12091968.0,17160192.0,78755858.0,36034480.0,3341853.0,15433821.0,126793436.0
GR0000001553,2023,581,41986673.0,10032940.0,15477415.0,97985861.0,56211604.0,3900762.0,13933702.0,131229462.0
GR0000001553,2024,683,66705010.0,19986142.0,20955628.0,166797970.0,87105766.0,7154570.0,27140712.0,255485097.0
GR0000001554,2020,276,21345189.0,5919323.0,8691396.0,42114019.0,21083415.0,1301858.0,7221181.0,65087713.0
GR0000001554,2021,297,18017685.0,4354448.0,11064821.0,56220567.0,32855833.0,1065700.0,5420149.0,63128781.0
GR0000001554,2022,321,20249656.0,5235297.0,10881819.0,51847241.0,26407390.0,1285084.0,6520381.0,69625124.0
GR0000001554,2023,328,28752189.0,9751668.0,10584786.0,64981897.0,38075515.0,3045728.0,12797396.0,87729118.0
GR0000001554,2024,295,20248338.0,4799671.0,10623722.0,53664113.0,36310874.0,1814980.0,6614652.0,77167429.0
GR0000001555,2021,11,286383.0,42166.0,217159.0,974658.0,569617.0,17351.0,59518.0,1180967.0
GR0000001555,2022,10,153389.0,31564.0,180627.0,562675.0,320946.0,10298.0,41862.0,647438.0
GR0000001555,2023,9,318628.0,59438.0,190869.0,1138190.0,815447.0,22325.0,81762.0,1283447.0
GR0000001555,2024,10,149772.0,35484.0,215611.0,614248.0,400311.0,10834.0,46318.0,862143.0
GR0000001556,2023,2,37702.0,12339.0,32351.0,134072.0,103082.0,4671.0,17010.0,154118.0
GR0000001556,2024,1,21233.0,6411.0,22979.0,115354.0,69730.0,2609.0,9020.0,94544.0
GR0000001557,2023,56,1413284.0,293988.0,1060114.0,3853819.0,2469021.0,114008.0,407996.0,5373766.0
GR0000001557,2024,55,1123413.0,333878.0,979623.0,4021553.0,2377530.0,89020.0,422898.0,4452831.0
GR0000001558,2020,5,1046407.0,400773.0,222775.0,7052568.0,6120310.0,150615.0,551387.0,1841275.0
GR0000001558,2021,5,1268265.0,585210.0,211779.0,10911871.0,8874985.0,193633.0,778843.0,2364411.0
GR0000001558,2022,4,505007.0,188256.0,157332.0,4105846.0,3121701.0,71213.0,259469.0,1249128.0
GR0000001558,2023,4,594130.0,245853.0,157307.0,5803088.0,4579910.0,65270.0,311122.0,1427701.0
GR0000001558,2024,4,1032545.0,414945.0,177216.0,9070353.0,7237916.0,151533.0,566478.0,1840305.0
GR0000001559,2020,6,487738.0,163455.0,179169.0,1295082.0,694351.0,62417.0,225873.0,1361700.0
GR0000001559,2021,5,360415.0,109179.0,186391.0,840849.0,461854.0,40585.0,149764.0,781447.0
GR0000001559,2022,4,418656.0,120214.0,128038.0,1141375.0,523826.0,37862.0,158076.0,938323.0
GR0000001559,2023,4,325569.0,107260.0,147633.0,771856.0,426756.0,29966.0,137227.0,680770.0
GR0000001559,2024,4,545868.0,199025.0,154980.0,1585574.0,774758.0,64756.0,263781.0,1340429.0
GR0000001560,2020,6,1364026.0,517930.0,194729.0,2150502.0,1039604.0,171773.0,689703.0,2605820.0
GR0000001560,2021,6,1500560.0,571864.0,184575.0,2005745.0,1070888.0,183858.0,755722.0,2313109.0
GR0000001560,2022,5,1172115.0,473111.0,210960.0,1823294.0,935281.0,132410.0,605521.0,1876809.0
GR0000001560,2023,4,575746.0,216811.0,170749.0,827609.0,432788.0,68526.0,285337.0,988830.0
GR0000001560,2024,4,695778.0,247681.0,134831.0,1012723.0,368224.0,72207.0,319888.0,1017601.0
GR0000001561,2020,3,174652.0,36556.0,93826.0,666426.0,419699.0,12777.0,49332.0,855933.0
GR0000001561,2021,3,135704.0,32761.0,92953.0,373506.0,208865.0,9865.0,42625.0,539032.0
GR0000001561,2022,3,220624.0,38880.0,87078.0,557450.0,342301.0,14299.0,53179.0,790702.0
GR0000001561,2023,3,160298.0,50095.0,93300.0,369703.0,208138.0,13171.0,63266.0,598916.0
GR0000001561,2024,3,81586.0,15033.0,79849.0,253657.0,173897.0,4390.0,19423.0,438047.0
GR0000001562,2020,40,935418.0,260320.0,761488.0,3510242.0,2038948.0,95148.0,355468.0,4935477.0
GR0000001562,2021,40,1194537.0,215220.0,789089.0,4736958.0,2542263.0,68549.0,283769.0,5708056.0
GR0000001562,2022,36,1057359.0,276112.0,861823.0,4665430.0,2656897.0,82133.0,358245.0,5342958.0
GR0000001562,2023,34,1018455.0,247435.0,808876.0,4244033.0,2214192.0,64735.0,312170.0,4872908.0
GR0000001562,2024,31,649874.0,189406.0,562091.0,2544888.0,1554719.0,49903.0,239309.0,2554959.0
GR0000001563,2020,11,276960.0,64171.0,194127.0,1703004.0,1262084.0,26034.0,90205.0,1060883.0
GR0000001563,2021,10,214265.0,45008.0,159504.0,1095149.0,733293.0,17188.0,62195.0,834028.0
GR0000001563,2022,11,334388.0,53308.0,156233.0,1884845.0,1197548.0,16687.0,69995.0,1078327.0
GR0000001563,2023,10,210865.0,45380.0,142934.0,1300407.0,871324.0,14793.0,60173.0,638631.0
GR0000001563,2024,10,430773.0,118991.0,167721.0,3725120.0,2384079.0,44518.0,163509.0,1421531.0
GR0000001564,2020,5,196293.0,54651.0,104844.0,277091.0,177003.0,20220.0,74871.0,582465.0
GR0000001564,2021,4,223886.0,49270.0,94037.0,293145.0,182048.0,13700.0,62970.0,669050.0
GR0000001564,2022,4,104998.0,26663.0,71720.0,150324.0,83905.0,9528.0,36191.0,398446.0
GR0000001564,2023,4,154059.0,26293.0,102112.0,288252.0,174166.0,9422.0,35715.0,567288.0
GR0000001564,2024,4,178436.0,49843.0,94862.0,301152.0,180129.0,18313.0,68156.0,546745.0
GR0000001565,2020,40,11640636.0,4247787.0,1364179.0,20323442.0,10375355.0,1057678.0,5305465.0,21595215.0
GR0000001565,2021,43,8012214.0,3047322.0,1419391.0,14713301.0,5918562.0,1025433.0,4072754.0,14273663.0
GR0000001565,2022,45,7916498.0,2642091.0,1964642.0,13292774.0,5778628.0,616540.0,3258632.0,13194710.0
GR0000001565,2023,40,14528901.0,5677497.0,1822068.0,17149971.0,8915364.0,1949315.0,7626812.0,20370089.0
GR0000001565,2024,35,7099109.0,2799835.0,1129123.0,9499701.0,4871958.0,899746.0,3699581.0,10069700.0
GR0000001566,2020,2,22661.0,4253.0,36878.0,112687.0,82110.0,1558.0,5811.0,123147.0
GR0000001566,2021,1,34296.0,6614.0,22316.0,142010.0,81688.0,2145.0,8759.0,158900.0
GR0000001566,2022,1,29789.0,7854.0,23656.0,102107.0,76290.0,2289.0,10143.0,146296.0
GR0000001566,2023,1,20576.0,5124.0,21409.0,77652.0,44470.0,2042.0,7166.0,89496.0
GR0000001566,2024,1,9464.0,1993.0,18678.0,42660.0,27572.0,736.0,2729.0,62260.0
GR0000001567,2020,5,318941.0,108231.0,102484.0,1353204.0,743251.0,34668.0,142899.0,902201.0
GR0000001567,2021,5,371009.0,102111.0,114314.0,1142931.0,667805.0,42061.0,144172.0,1043530.0
GR0000001567,2022,5,285564.0,91442.0,142578.0,1204378.0,727385.0,30554.0,121997.0,679757.0
GR0000001567,2023,4,337423.0,73905.0,108709.0,923678.0,468557.0,30511.0,104416.0,825124.0
GR0000001567,2024,3,284117.0,90946.0,73873.0,943760.0,438766.0,36458.0,127404.0,643074.0
GR0000001568,2020,22,591599.0,104154.0,371702.0,3515029.0,2543696.0,39979.0,144133.0,1559762.0
GR0000001568,2021,21,583046.0,105875.0,294385.0,2573409.0,1851486.0,38836.0,144710.0,1594148.0
GR0000001568,2022,20,710787.0,142548.0,384655.0,3139962.0,1993152.0,60337.0,202884.0,2425041.0
GR0000001568,2023,18,993460.0,171394.0,292316.0,3786125.0,2282331.0,70006.0,241399.0,2550646.0
GR0000001568,2024,17,714985.0,184209.0,256808.0,4162015.0,2731468.0,78242.0,262451.0,1829269.0
GR0000001569,2022,7,273150.0,61569.0,173875.0,574918.0,396747.0,15778.0,77347.0,992228.0
GR0000001569,2023,7,232899.0,62451.0,140580.0,323480.0,174518.0,23244.0,85695.0,781002.0
GR0000001569,2024,6,202999.0,40025.0,136993.0,353809.0,244646.0,11199.0,51224.0,761071.0
GR0000001570,2020,40,2490785.0,1037199.0,1365756.0,16983189.0,11279025.0,294328.0,1331527.0,9714472.0
GR0000001570,2021,40,3086806.0,1196793.0,1267101.0,17708135.0,9366041.0,411468.0,1608261.0,13207905.0
GR0000001570,2022,40,3231429.0,1534248.0,1294155.0,25377559.0,13496647.0,400601.0,1934849.0,14715577.0
GR0000001570,2023,40,1561627.0,741802.0,1677245.0,15219784.0,10299621.0,192963.0,934765.0,7750479.0
GR0000001570,2024,40,3280576.0,1435852.0,1390513.0,14253226.0,8127938.0,434077.0,1869929.0,11700977.0
GR0000001571,2020,4,342619.0,133441.0,103291.0,956519.0,518012.0,37401.0,170841.0,909524.0
GR0000001571,2021,4,547890.0,198492.0,141888.0,1626589.0,887418.0,58115.0,256607.0,1469750.0
GR0000001571,2022,4,291154.0,107399.0,108378.0,657304.0,385524.0,30804.0,138203.0,723162.0
GR0000001571,2023,4,518613.0,131813.0,116098.0,1412540.0,777672.0,33984.0,165797.0,1248307.0
GR0000001571,2024,4,564417.0,198622.0,111315.0,1286327.0,631964.0,74104.0,272726.0,1195156.0
GR0000001572,2020,963,141489711.0,29226459.0,43001324.0,226695786.0,99569958.0,9693424.0,38919883.0,323484273.0
GR0000001572,2021,850,136651224.0,32077456.0,42960123.0,220971734.0,104170202.0,6519059.0,38596515.0,312190254.0
GR0000001572,2022,839,78055743.0,18080600.0,42774711.0,158404362.0,78972604.0,4161739.0,22242339.0,187599413.0
GR0000001572,2023,701,132872202.0,45188118.0,36084888.0,168245593.0,95276598.0,11114171.0,56302289.0,242852228.0
GR0000001572,2024,628,157972982.0,38692725.0,32520500.0,294372791.0,122610226.0,10530442.0,49223168.0,312126681.0
GR0000001573,2020,9,809778.0,147561.0,223946.0,2510493.0,1498827.0,47880.0,195441.0,2001980.0
GR0000001573,2021,8,298059.0,58387.0,186011.0,1209128.0,682487.0,16634.0,75021.0,792769.0
GR0000001573,2022,6,394784.0,83981.0,109945.0,1347909.0,894290.0,25430.0,109411.0,947379.0
GR0000001573,2023,5,220426.0,54714.0,99634.0,749851.0,433219.0,15163.0,69877.0,530088.0
GR0000001573,2024,5,250958.0,70377.0,88916.0,1326311.0,724435.0,23778.0,94155.0,799886.0
GR0000001574,2020,33,1704075.0,646996.0,1000027.0,33661043.0,24516907.0,239091.0,886087.0,3627550.0
GR0000001574,2021,37,4228309.0,1751320.0,1179912.0,69693459.0,58568295.0,745073.0,2496393.0,11633065.0
GR0000001574,2022,44,3812834.0,1574194.0,1528321.0,43957287.0,35674462.0,466686.0,2040880.0,9152124.0
GR0000001574,2023,47,5132186.0,2200433.0,1560826.0,56455086.0,43318359.0,717306.0,2917739.0,11293117.0
GR0000001574,2024,46,3449942.0,1720818.0,1598642.0,38697712.0,29804600.0,515041.0,2235858.0,8045042.0
GR0000001575,2020,2,36193.0,8314.0,47087.0,131310.0,96354.0,2492.0,10807.0,180794.0
GR0000001575,2021,2,29452.0,4176.0,41618.0,131171.0,97164.0,1758.0,5934.0,138727.0
GR0000001575,2022,2,28674.0,6656.0,40257.0,126819.0,88087.0,2823.0,9480.0,134188.0
GR0000001575,2023,1,9697.0,2745.0,18682.0,49601.0,31378.0,844.0,3588.0,62274.0
GR0000001575,2024,1,13601.0,3473.0,16399.0,48514.0,33958.0,1356.0,4829.0,54664.0
GR0000001576,2020,7,219760.0,47990.0,135855.0,1033513.0,483518.0,12262.0,60252.0,1152041.0
GR0000001576,2021,6,133841.0,33047.0,131411.0,470327.0,224130.0,11616.0,44663.0,597325.0
GR0000001576,2022,6,76390.0,17690.0,90666.0,340163.0,167729.0,5236.0,22926.0,412120.0
GR0000001576,2023,6,260844.0,60210.0,128116.0,925708.0,430680.0,19883.0,80093.0,1082855.0
GR0000001576,2024,6,183354.0,42155.0,111508.0,690561.0,367707.0,15728.0,57882.0,851480.0
GR0000001577,2023,4,983854.0,498035.0,161682.0,5678143.0,4673656.0,144030.0,642065.0,1676493.0
GR0000001577,2024,4,482732.0,216471.0,161739.0,4081513.0,3186151.0,72695.0,289166.0,1179081.0
GR0000001578,2020,1784,155762639.0,46919538.0,57220503.0,167970558.0,78695276.0,12726148.0,59645685.0,451992270.0
GR0000001578,2021,1642,85311599.0,18160197.0,44236163.0,99164018.0,49448378.0,4001247.0,22161444.0,294907750.0
GR0000001578,2022,1660,87133262.0,21073137.0,44622620.0,115752443.0,63790454.0,7402152.0,28475290.0,297484133.0
GR0000001578,2023,1914,124996288.0,34579772.0,49627955.0,178674869.0,83277513.0,10628149.0,45207921.0,330853030.0
GR0000001578,2024,1775,97353854.0,24555655.0,43521791.0,130363116.0,84012000.0,9072581.0,33628236.0,290145274.0
GR0000001579,2020,16,1109917.0,385853.0,528803.0,6560082.0,4116483.0,120220.0,506074.0,4122647.0
GR0000001579,2021,16,844077.0,363973.0,550915.0,5228366.0,3432449.0,103008.0,466981.0,3742363.0
GR0000001579,2022,14,1937524.0,782490.0,633786.0,9610110.0,5478450.0,192466.0,974956.0,6810922.0
GR0000001579,2023,13,1616487.0,489097.0,495753.0,8020349.0,5128318.0,116605.0,605702.0,5502590.0
GR0000001579,2024,14,1072264.0,411036.0,551767.0,5835216.0,2884673.0,141688.0,552724.0,4084627.0
GR0000001580,2020,1,51846.0,16585.0,24651.0,125768.0,78910.0,6554.0,23140.0,134830.0
GR0000001580,2021,1,94756.0,22263.0,29306.0,280320.0,177429.0,8288.0,30551.0,242526.0
GR0000001580,2022,1,34833.0,12102.0,24544.0,140681.0,90085.0,4250.0,16352.0,84015.0
GR0000001580,2023,1,64014.0,19725.0,29763.0,301300.0,137772.0,6072.0,25797.0,195065.0
GR0000001580,2024,1,46934.0,12274.0,20998.0,176867.0,99067.0,4115.0,16389.0,119395.0
GR0000001581,2020,158,44978005.0,20606441.0,9089034.0,347011960.0,293924431.0,5272799.0,25879240.0,70328355.0
GR0000001581,2021,149,39008692.0,20621742.0,8850936.0,182722761.0,159935564.0,6335828.0,26957570.0,61601799.0
GR0000001581,2022,163,48726357.0,22692976.0,11328999.0,385435659.0,330309135.0,7352565.0,30045541.0,97517014.0
GR0000001581,2023,160,59659981.0,29705430.0,10026265.0,452201267.0,389782437.0,10020061.0,39725491.0,94769737.0
GR0000001581,2024,166,66738590.0,32777509.0,11494668.0,312654984.0,270280837.0,10690841.0,43468350.0,114258018.0
GR0000001582,2020,13,1237607.0,531840.0,518065.0,11370706.0,9450360.0,183692.0,715532.0,2574354.0
GR0000001582,2021,15,727706.0,336093.0,517712.0,10308777.0,7628047.0,97003.0,433096.0,1725542.0
GR0000001582,2022,15,1457091.0,644417.0,582695.0,18246401.0,15020033.0,273505.0,917922.0,3296854.0
GR0000001582,2023,15,1921101.0,1009239.0,494561.0,25495270.0,20278297.0,300753.0,1309991.0,3904966.0
GR0000001582,2024,15,1786448.0,760855.0,536847.0,15222192.0,12799018.0,260608.0,1021463.0,3953199.0
GR0000001583,2020,4,353633.0,95875.0,81772.0,1144297.0,666190.0,28126.0,124001.0,966914.0
GR0000001583,2021,3,181488.0,40279.0,69338.0,642892.0,368504.0,15879.0,56158.0,432211.0
GR0000001583,2022,3,139439.0,38184.0,65002.0,472045.0,293659.0,12023.0,50207.0,464436.0
GR0000001583,2023,3,198216.0,46955.0,64232.0,764502.0,359625.0,16513.0,63468.0,493908.0
GR0000001583,2024,3,123943.0,26324.0,79383.0,378249.0,231643.0,10934.0,37257.0,340300.0
GR0000001584,2020,17,269321.0,81246.0,335538.0,1032198.0,664732.0,23737.0,104983.0,795335.0
GR0000001584,2021,18,356512.0,52944.0,358096.0,1832821.0,1127293.0,20204.0,73148.0,1327237.0
GR0000001584,2022,18,423912.0,112446.0,256857.0,2201168.0,1635238.0,43790.0,156235.0,1582578.0
GR0000001584,2023,19,533081.0,151642.0,275110.0,4375977.0,2798018.0,46134.0,197776.0,1818311.0
GR0000001584,2024,20,730399.0,109616.0,355460.0,3184376.0,2293941.0,45219.0,154835.0,2243820.0
GR0000001585,2020,4,108372.0,30208.0,69848.0,615059.0,472434.0,12229.0,42437.0,283125.0
GR0000001585,2021,3,104546.0,20676.0,57092.0,600867.0,456975.0,7878.0,28554.0,322722.0
GR0000001585,2022,3,68736.0,15796.0,49837.0,261833.0,199963.0,4466.0,20262.0,187549.0
GR0000001585,2023,3,68017.0,13517.0,46575.0,428560.0,295386.0,4200.0,17718.0,189592.0
GR0000001585,2024,3,124332.0,26989.0,58731.0,591911.0,402436.0,10224.0,37213.0,371061.0
GR0000001586,2023,2,659589.0,312007.0,97119.0,3780895.0,3662519.0,62993.0,375001.0,1194907.0
GR0000001586,2024,2,404926.0,151412.0,81727.0,6025999.0,5268884.0,40290.0,191702.0,897823.0
GR0000001587,2020,3,209174.0,79074.0,98203.0,1727483.0,1182419.0,24203.0,103277.0,959621.0
GR0000001587,2021,3,271618.0,108520.0,101502.0,1899773.0,1181024.0,35689.0,144209.0,1229725.0
GR0000001587,2022,3,237920.0,90026.0,105752.0,1782486.0,1130825.0,29330.0,119356.0,1046715.0
GR0000001587,2023,3,260086.0,109817.0,105228.0,1643577.0,827800.0,34803.0,144620.0,1124288.0
GR0000001587,2024,3,294714.0,130330.0,97065.0,1528456.0,907565.0,37159.0,167490.0,1125797.0
GR0000001588,2020,2,223002.0,87029.0,68069.0,2771029.0,2150488.0,35164.0,122193.0,574227.0
GR0000001588,2021,2,94748.0,36289.0,68855.0,1918160.0,1378611.0,13000.0,49290.0,262999.0
GR0000001588,2022,1,115150.0,56383.0,36813.0,1909204.0,1596174.0,20958.0,77342.0,299826.0
GR0000001588,2023,1,68232.0,29280.0,31419.0,895963.0,734001.0,12314.0,41594.0,192744.0
GR0000001588,2024,1,128072.0,56743.0,37397.0,2763642.0,2003666.0,22384.0,79127.0,317393.0
GR0000001589,2020,38,1351719.0,409452.0,762477.0,4719502.0,2694754.0,117166.0,526617.0,5571185.0
GR0000001589,2021,39,531284.0,143010.0,601650.0,2563442.0,1291017.0,50945.0,193955.0,2734773.0
GR0000001589,2022,40,1166093.0,201807.0,985492.0,3181097.0,1607284.0,69101.0,270907.0,4525460.0
GR0000001589,2023,36,810278.0,185642.0,650973.0,2106622.0,1350394.0,57892.0,243534.0,2958967.0
GR0000001589,2024,38,927435.0,233842.0,730650.0,3444369.0,1966434.0,69381.0,303223.0,4872047.0
GR0000001590,2020,4,376949.0,167218.0,165627.0,2575540.0,1589464.0,51230.0,218448.0,1401636.0
GR0000001590,2021,3,138492.0,50259.0,118750.0,1140689.0,658995.0,19131.0,69390.0,667918.0
GR0000001590,2022,3,363321.0,107015.0,94387.0,1817143.0,1262449.0,41016.0,148031.0,1338345.0
GR0000001590,2023,3,173886.0,66358.0,130657.0,1450572.0,866838.0,21339.0,87696.0,840828.0
GR0000001590,2024,3,173298.0,68272.0,120718.0,1100478.0,641568.0,23720.0,91992.0,711328.0
GR0000001591,2020,8,139935.0,31704.0,156755.0,829229.0,463790.0,11314.0,43018.0,920634.0
GR0000001591,2021,7,147351.0,42246.0,160619.0,744441.0,536873.0,16059.0,58305.0,882682.0
GR0000001591,2022,7,266722.0,56441.0,162822.0,809950.0,460732.0,16827.0,73268.0,1145561.0
GR0000001591,2023,8,200880.0,30433.0,160642.0,1075315.0,754869.0,9777.0,40210.0,1303295.0
GR0000001591,2024,9,294311.0,45079.0,166388.0,990636.0,653466.0,19004.0,64083.0,1193262.0
GR0000001592,2020,177,20664631.0,7074886.0,8238289.0,109433060.0,59603777.0,2161954.0,9236840.0,67984958.0
GR0000001592,2021,202,19382401.0,8673137.0,11319612.0,106879082.0,52846698.0,2713110.0,11386247.0,64902540.0
GR0000001592,2022,225,47676076.0,18036861.0,12143575.0,209970709.0,95576546.0,6353213.0,24390074.0,141858845.0
GR0000001592,2023,250,32329258.0,10565477.0,14015747.0,188157579.0,86190294.0,3499819.0,14065296.0,122845565.0
GR0000001592,2024,250,37646149.0,15087237.0,11254615.0,162828167.0,98862285.0,5425724.0,20512961.0,115413839.0
GR0000001593,2020,13,550990.0,234625.0,443969.0,6334442.0,4067411.0,82958.0,317583.0,3258609.0
GR0000001593,2021,13,436608.0,138712.0,398754.0,4481547.0,2524822.0,44583.0,183295.0,2346680.0
GR0000001593,2022,13,510477.0,166053.0,415422.0,5342571.0,3023608.0,53849.0,219902.0,2295017.0
GR0000001593,2023,15,790736.0,318366.0,485182.0,7016634.0,4852573.0,105510.0,423876.0,3235370.0
GR0000001593,2024,15,664529.0,248603.0,425631.0,4545605.0,3013377.0,99988.0,348590.0,3101544.0
GR0000001594,2020,9,1218940.0,400910.0,234214.0,3453697.0,1926317.0,133597.0,534507.0,2787784.0
GR0000001594,2021,9,1023252.0,272530.0,280412.0,2861190.0,1480728.0,69908.0,342437.0,2880506.0
GR0000001594,2022,9,957903.0,255314.0,304947.0,2075315.0,949451.0,71239.0,326553.0,2402947.0
GR0000001594,2023,10,717895.0,212558.0,312810.0,1460903.0,797163.0,63195.0,275753.0,1741137.0
GR0000001594,2024,10,1520475.0,358393.0,259672.0,3712509.0,1528952.0,108530.0,466923.0,3674507.0
GR0000001595,2020,95,5078948.0,1234840.0,2282811.0,5935315.0,3378640.0,319898.0,1554737.0,15218742.0
GR0000001595,2021,90,3328192.0,665518.0,1408524.0,3650622.0,1764772.0,248167.0,913685.0,9390161.0
GR0000001595,2022,100,8808378.0,2355689.0,3081549.0,8425032.0,5186173.0,527506.0,2883195.0,23671696.0
GR0000001595,2023,100,9831845.0,2214625.0,2203450.0,8747332.0,5268627.0,520748.0,2735373.0,27130644.0
GR0000001595,2024,100,6874536.0,1078199.0,2904972.0,8855998.0,4858373.0,402992.0,1481192.0,24381725.0
GR0000001596,2020,12,328361.0,71791.0,220864.0,1389478.0,977412.0,24729.0,96519.0,1701747.0
GR0000001596,2021,14,381005.0,77863.0,327556.0,1962923.0,1357554.0,30547.0,108410.0,2090440.0
GR0000001596,2022,15,511786.0,90513.0,358950.0,1994631.0,1279932.0,29551.0,120063.0,2291569.0
GR0000001596,2023,15,359943.0,63203.0,367581.0,1098406.0,702820.0,21355.0,84558.0,1619296.0
GR0000001596,2024,15,229842.0,59039.0,337825.0,1052517.0,610143.0,23387.0,82427.0,1274052.0
GR0000001597,2020,24,903562.0,281551.0,699225.0,2438200.0,1523428.0,91574.0,373125.0,3641092.0
GR0000001597,2021,23,1389659.0,382187.0,638728.0,4065230.0,2094667.0,138956.0,521143.0,4643098.0
GR0000001597,2022,25,1044603.0,251419.0,645241.0,3883297.0,2383490.0,91654.0,343073.0,4404242.0
GR0000001597,2023,25,1066646.0,366952.0,658078.0,2585438.0,1255685.0,98618.0,465571.0,3762723.0
GR0000001597,2024,25,833880.0,225929.0,669147.0,2430503.0,1289900.0,79584.0,305513.0,3215122.0
GR0000001598,2020,3,83191.0,15264.0,58412.0,164182.0,115253.0,5587.0,20852.0,292058.0
GR0000001598,2021,3,72724.0,20733.0,52157.0,141810.0,102098.0,7758.0,28492.0,260787.0
GR0000001598,2022,3,51353.0,14844.0,36560.0,92883.0,64741.0,4820.0,19664.0,182801.0
GR0000001598,2023,3,50774.0,8481.0,36005.0,71402.0,49821.0,2841.0,11321.0,180027.0
GR0000001598,2024,2,31502.0,7114.0,21791.0,62079.0,43944.0,2910.0,10024.0,108953.0
GR0000001599,2020,1,58452.0,16159.0,27541.0,247143.0,113550.0,6270.0,22430.0,180908.0
GR0000001599,2021,1,71591.0,25046.0,22301.0,183650.0,106913.0,10290.0,35336.0,175501.0
GR0000001599,2022,1,69958.0,20275.0,20239.0,276540.0,135889.0,8264.0,28538.0,165506.0
GR0000001599,2023,1,67816.0,25613.0,22534.0,274374.0,133473.0,7253.0,32866.0,163387.0
GR0000001599,2024,1,71220.0,23085.0,23275.0,271857.0,124190.0,7750.0,30835.0,168389.0
GR0000001600,2020,3,112657.0,38082.0,71343.0,487424.0,330526.0,16260.0,54342.0,523984.0
GR0000001600,2021,3,56791.0,16060.0,60551.0,255282.0,173534.0,6182.0,22242.0,254680.0
GR0000001600,2022,3,80063.0,25780.0,69302.0,373408.0,235400.0,9846.0,35626.0,369806.0
GR0000001600,2023,2,42953.0,11412.0,48178.0,239657.0,145810.0,3257.0,14669.0,230400.0
GR0000001600,2024,2,56732.0,18236.0,37914.0,310700.0,216673.0,6505.0,24742.0,311628.0
GR0000001601,2020,2,16278.0,3954.0,24028.0,74762.0,51404.0,1477.0,5431.0,96112.0
GR0000001601,2021,1,10282.0,2323.0,10593.0,36578.0,21207.0,813.0,3137.0,42372.0
GR0000001601,2022,1,17570.0,4889.0,15786.0,101343.0,56903.0,1815.0,6705.0,91249.0
GR0000001601,2023,1,17158.0,2639.0,21642.0,88824.0,57600.0,1021.0,3659.0,107208.0
GR0000001601,2024,1,13804.0,3237.0,14945.0,76856.0,49191.0,994.0,4231.0,59779.0
GR0000001602,2024,2,194274.0,56762.0,72502.0,334679.0,147780.0,18874.0,75636.0,327867.0
GR0000001603,2020,3,299715.0,135104.0,78202.0,620662.0,264303.0,41434.0,176538.0,670598.0
GR0000001603,2021,3,313557.0,126381.0,94023.0,588154.0,322491.0,40032.0,166413.0,602380.0
GR0000001603,2022,2,211606.0,68434.0,59563.0,463210.0,260830.0,24766.0,93199.0,448386.0
GR0000001603,2023,1,73704.0,25252.0,30466.0,169822.0,72400.0,8454.0,33705.0,177409.0
GR0000001603,2024,1,77791.0,24516.0,25106.0,154739.0,92686.0,8088.0,32604.0,139704.0
GR0000001604,2020,2,161805.0,70827.0,61097.0,1633339.0,1312941.0,22327.0,93155.0,388674.0
GR0000001604,2021,1,151447.0,60472.0,30028.0,1637524.0,1314463.0,25004.0,85475.0,340827.0
GR0000001604,2022,1,50625.0,23882.0,35609.0,433777.0,304306.0,9839.0,33721.0,133705.0
GR0000001604,2023,1,160981.0,68711.0,30215.0,1555953.0,1256229.0,29016.0,97727.0,344193.0
GR0000001604,2024,1,46342.0,17612.0,33868.0,723455.0,585828.0,6013.0,23625.0,121516.0
GR0000001605,2020,32,466821.0,155779.0,671564.0,2680272.0,1608912.0,63599.0,219379.0,2238547.0
GR0000001605,2021,34,1065868.0,349433.0,788771.0,4465759.0,2845137.0,130105.0,479538.0,5392009.0
GR0000001605,2022,32,918743.0,299404.0,641807.0,4472119.0,2558506.0,109800.0,409204.0,5068826.0
GR0000001605,2023,30,427864.0,142163.0,629315.0,1930168.0,1131553.0,55902.0,198065.0,2097715.0
GR0000001605,2024,32,1119660.0,272956.0,721333.0,4756246.0,2441714.0,97182.0,370137.0,5870862.0
GR0000001606,2020,22,544108.0,89667.0,452263.0,2092063.0,1696011.0,19775.0,109442.0,1382094.0
GR0000001606,2021,16,281193.0,52543.0,330727.0,1110448.0,761858.0,13999.0,66542.0,823730.0
GR0000001606,2022,16,419921.0,103857.0,258563.0,1240978.0,957524.0,32613.0,136470.0,908032.0
GR0000001606,2023,17,606062.0,151471.0,344046.0,1906819.0,1302460.0,27351.0,178822.0,1615327.0
GR0000001606,2024,17,749253.0,148793.0,278522.0,2448316.0,1359926.0,45500.0,194293.0,1793190.0
GR0000001607,2020,388,24799035.0,6820032.0,9883538.0,60646057.0,33648190.0,2369640.0,9189671.0,86471911.0
GR0000001607,2021,425,35148434.0,9322777.0,14686047.0,73705477.0,36995369.0,2449676.0,11772452.0,110001781.0
GR0000001607,2022,479,34338478.0,10473416.0,15580658.0,91191156.0,54947891.0,2323379.0,12796796.0,125307763.0
GR0000001607,2023,556,37642125.0,12052109.0,20749970.0,89320574.0,56346130.0,3073213.0,15125322.0,150556542.0
GR0000001607,2024,529,27103406.0,8024980.0,17203837.0,79138280.0,51036441.0,3001693.0,11026672.0,90136743.0
GR0000001608,2022,1,14046.0,2571.0,16450.0,68933.0,42495.0,845.0,3416.0,47996.0
GR0000001608,2023,1,22923.0,4050.0,18472.0,172738.0,114622.0,1198.0,5247.0,67239.0
GR0000001608,2024,1,31574.0,7219.0,16429.0,157477.0,128808.0,2772.0,9991.0,101086.0
GR0000001609,2020,1,20593.0,7439.0,22667.0,114405.0,78699.0,2137.0,9576.0,115232.0
GR0000001609,2021,1,23672.0,9141.0,22058.0,155074.0,89821.0,2580.0,11721.0,126863.0
GR0000001609,2022,1,17433.0,6198.0,18591.0,84975.0,58320.0,2200.0,8398.0,81167.0
GR0000001609,2023,1,15537.0,5435.0,18942.0,105874.0,71024.0,1682.0,7117.0,101198.0
GR0000001609,2024,1,32224.0,9398.0,23020.0,196381.0,118442.0,3757.0,13155.0,186804.0
GR0000001610,2020,134,20764588.0,7120984.0,7032297.0,22354983.0,7145426.0,1963429.0,9084413.0,33878522.0
GR0000001610,2021,146,43248487.0,17510203.0,6881058.0,52045921.0,20278413.0,4745742.0,22255946.0,59529941.0
GR0000001610,2022,150,49231076.0,14571444.0,8728998.0,50702880.0,16740415.0,5129815.0,19701259.0,74082898.0
GR0000001610,2023,150,45996856.0,17417160.0,7632051.0,39971375.0,13638470.0,4220992.0,21638153.0,63187931.0
GR0000001610,2024,142,41185920.0,18774670.0,6092867.0,43760028.0,21238918.0,4289187.0,23063857.0,66985077.0
GR0000001611,2020,4,160168.0,33561.0,119714.0,496994.0,333724.0,10732.0,44292.0,740443.0
GR0000001611,2021,4,158674.0,36880.0,92367.0,456947.0,256783.0,11193.0,48073.0,752931.0
GR0000001611,2022,4,263293.0,69186.0,94906.0,675247.0,386463.0,20683.0,89869.0,1014838.0
GR0000001611,2023,4,212627.0,50996.0,90923.0,627599.0,423084.0,14237.0,65233.0,840966.0
GR0000001611,2024,3,164948.0,32774.0,79701.0,421274.0,267072.0,9185.0,41959.0,704762.0
GR0000001612,2020,20,980947.0,384481.0,703996.0,13030580.0,9687351.0,134414.0,518895.0,2779060.0
GR0000001612,2021,20,1585697.0,654123.0,703390.0,20939578.0,16998671.0,266696.0,920820.0,3256488.0
GR0000001612,2022,20,2346280.0,924434.0,725540.0,58471167.0,47592330.0,287196.0,1211630.0,6314063.0
GR0000001612,2023,20,2926633.0,1518137.0,679494.0,55154991.0,40925186.0,480089.0,1998226.0,6625852.0
GR0000001612,2024,19,2172950.0,1012363.0,674828.0,23178647.0,19381358.0,346720.0,1359083.0,4567320.0
GR0000001613,2020,42,966109.0,296387.0,1037053.0,3403986.0,1975880.0,101898.0,398285.0,2968089.0
GR0000001613,2021,40,1900188.0,666600.0,808878.0,6596762.0,3796170.0,268731.0,935331.0,5828017.0
GR0000001613,2022,44,3009010.0,948459.0,1241942.0,11950621.0,5797772.0,280296.0,1228755.0,8099183.0
GR0000001613,2023,46,2430476.0,903702.0,1367701.0,7680224.0,4606144.0,307844.0,1211546.0,6016754.0
GR0000001613,2024,49,3477885.0,1105233.0,1360438.0,10669102.0,5545557.0,424065.0,1529298.0,7989638.0
GR0000001614,2020,30,463844.0,87740.0,320890.0,902512.0,658426.0,35916.0,123656.0,1604448.0
GR0000001614,2021,31,541098.0,141445.0,426373.0,1090212.0,739577.0,54206.0,195652.0,2131863.0
GR0000001614,2022,33,584349.0,100223.0,536919.0,1242259.0,783196.0,40737.0,140960.0,2837389.0
GR0000001614,2023,38,652121.0,134582.0,543781.0,1501872.0,1000309.0,47001.0,181583.0,2718905.0
GR0000001614,2024,39,801391.0,224946.0,758159.0,1879856.0,1366608.0,79448.0,304394.0,3790795.0
GR0000001615,2020,11,392107.0,143865.0,327835.0,1236862.0,600748.0,38324.0,182189.0,1516270.0
GR0000001615,2021,11,766088.0,232296.0,248164.0,1795987.0,1159529.0,89550.0,321847.0,2780344.0
GR0000001615,2022,13,688924.0,156152.0,372355.0,2719946.0,1556916.0,54422.0,210575.0,3425388.0
GR0000001615,2023,13,647898.0,169251.0,381631.0,2069760.0,1146726.0,62639.0,231890.0,2827919.0
GR0000001615,2024,14,1170819.0,299141.0,365190.0,2775394.0,1438731.0,113725.0,412866.0,4062560.0
GR0000001616,2020,20,755871.0,219904.0,443776.0,917766.0,478176.0,65194.0,285099.0,2465422.0
GR0000001616,2021,19,488851.0,138334.0,284237.0,641020.0,382520.0,53333.0,191667.0,1579093.0
GR0000001616,2022,21,1039337.0,263022.0,444357.0,1447408.0,964269.0,70691.0,333713.0,3514377.0
GR0000001616,2023,21,1038180.0,294174.0,443269.0,1432538.0,905552.0,99814.0,393989.0,3376335.0
GR0000001616,2024,23,1238699.0,265113.0,576890.0,1351459.0,694828.0,88417.0,353529.0,3725446.0
GR0000001617,2020,96,17862708.0,5280595.0,3733368.0,33717876.0,14797504.0,1547632.0,6828227.0,37531690.0
GR0000001617,2021,108,26273674.0,9637171.0,5292150.0,34983146.0,16058501.0,3241378.0,12878549.0,51960703.0
GR0000001617,2022,116,21158165.0,5679075.0,5561032.0,39374236.0,19577541.0,1981322.0,7660397.0,49559552.0
GR0000001617,2023,135,20762101.0,8097439.0,6575745.0,36832866.0,13988099.0,1922018.0,10019457.0,46158410.0
GR0000001617,2024,122,21636562.0,5325218.0,4376391.0,41287767.0,22124471.0,1597879.0,6923097.0,51882043.0
GR0000001618,2020,2,66116.0,22174.0,55917.0,309972.0,198712.0,9221.0,31395.0,215597.0
GR0000001618,2021,2,122068.0,39021.0,41452.0,459254.0,230709.0,15269.0,54289.0,303585.0
GR0000001618,2022,2,177698.0,46317.0,53502.0,434370.0,237887.0,14634.0,60951.0,449664.0
GR0000001618,2023,2,154122.0,52614.0,51945.0,438777.0,247188.0,18377.0,70992.0,408673.0
GR0000001618,2024,1,52305.0,18999.0,20770.0,186650.0,114009.0,6320.0,25319.0,160028.0
GR0000001619,2020,21,402527.0,94412.0,431543.0,1396928.0,799293.0,32803.0,127215.0,1961559.0
GR0000001619,2021,23,506576.0,124297.0,449463.0,2352630.0,1238202.0,41216.0,165514.0,2573106.0
GR0000001619,2022,24,732708.0,183261.0,505596.0,2505236.0,1275920.0,57306.0,240567.0,3336560.0
GR0000001619,2023,22,905514.0,260834.0,472712.0,3693610.0,2323724.0,76512.0,337346.0,4178543.0
GR0000001619,2024,25,657002.0,119550.0,581254.0,3165962.0,2024697.0,38164.0,157714.0,3029874.0
GR0000001620,2020,5,124106.0,31974.0,118680.0,378155.0,216976.0,10567.0,42541.0,295092.0
GR0000001620,2021,5,160123.0,39523.0,104749.0,769191.0,470548.0,16372.0,55895.0,527301.0
GR0000001620,2022,5,241795.0,69976.0,131755.0,805380.0,518560.0,28941.0,98916.0,710717.0
GR0000001620,2023,5,165767.0,47985.0,114763.0,615463.0,318272.0,15100.0,63085.0,446102.0
GR0000001620,2024,4,163639.0,52661.0,93864.0,377608.0,243371.0,15269.0,67930.0,385310.0
GR0000001621,2020,7,649907.0,260249.0,239864.0,5255107.0,4320997.0,81794.0,342044.0,1265309.0
GR0000001621,2021,5,1086314.0,548023.0,186452.0,10147893.0,7597180.0,169684.0,717707.0,2216164.0
GR0000001621,2022,4,573153.0,263253.0,161031.0,9776982.0,8251998.0,78069.0,341322.0,1511722.0
GR0000001621,2023,3,567975.0,266141.0,108789.0,8213201.0,6149215.0,89125.0,355266.0,1164544.0
GR0000001621,2024,2,307862.0,137117.0,67264.0,2213995.0,1776817.0,36477.0,173594.0,614747.0
GR0000001622,2020,171,11867286.0,4992052.0,6961714.0,78554726.0,41345658.0,1665595.0,6657647.0,57419292.0
GR0000001622,2021,161,8320852.0,3200874.0,6155294.0,54738839.0,27807430.0,919004.0,4119878.0,33239894.0
GR0000001622,2022,153,15903003.0,6766320.0,6857077.0,98442353.0,65128455.0,1917037.0,8683356.0,69042244.0
GR0000001622,2023,163,9764997.0,3855222.0,6250407.0,62583714.0,40802200.0,984564.0,4839786.0,43490418.0
GR0000001622,2024,179,12798761.0,4574399.0,7556672.0,78394181.0,43714510.0,1375332.0,5949730.0,56465373.0
GR0000001623,2020,26,2738608.0,1052152.0,1142190.0,4916165.0,2061540.0,266057.0,1318209.0,4812904.0
GR0000001623,2021,28,6426359.0,2478043.0,949089.0,8635947.0,4291128.0,904973.0,3383016.0,10416805.0
GR0000001623,2022,27,7536404.0,3253242.0,978942.0,12997217.0,5538513.0,946139.0,4199381.0,13903100.0
GR0000001623,2023,25,3148485.0,984901.0,823633.0,4386756.0,1661740.0,337163.0,1322063.0,6036388.0
GR0000001623,2024,26,3585255.0,1165007.0,927617.0,4970373.0,2275216.0,345282.0,1510289.0,6747267.0
GR0000001624,2020,5,1171550.0,454646.0,193857.0,8648208.0,7524039.0,131507.0,586154.0,2288890.0
GR0000001624,2021,4,863616.0,430597.0,193612.0,5123296.0,4081989.0,149554.0,580152.0,1559287.0
GR0000001624,2022,3,570551.0,298356.0,141141.0,4628721.0,3977139.0,91296.0,389652.0,1255332.0
GR0000001624,2023,3,716832.0,296218.0,139053.0,8960210.0,7574991.0,113962.0,410180.0,1534244.0
GR0000001624,2024,3,848156.0,374432.0,143954.0,8193231.0,6650469.0,108653.0,483085.0,1546922.0
GR0000001625,2021,2,18418.0,5437.0,41746.0,92765.0,60043.0,1845.0,7282.0,104364.0
GR0000001625,2022,1,13146.0,4252.0,23784.0,66797.0,45330.0,1783.0,6035.0,67888.0
GR0000001625,2023,1,11229.0,2568.0,17458.0,68628.0,49927.0,848.0,3416.0,50542.0
GR0000001625,2024,1,11959.0,4204.0,17660.0,49535.0,36679.0,1678.0,5881.0,53186.0
GR0000001626,2020,43,3643905.0,1559277.0,1250622.0,10034997.0,4871594.0,514443.0,2073720.0,7310083.0
GR0000001626,2021,49,2462994.0,888880.0,1536440.0,6265141.0,3035611.0,294041.0,1182922.0,4561944.0
GR0000001626,2022,46,3278246.0,1367745.0,1573480.0,6446873.0,3297110.0,462106.0,1829852.0,6059266.0
GR0000001626,2023,47,4398969.0,1922688.0,1643556.0,10614693.0,5093338.0,618125.0,2540813.0,8147383.0
GR0000001626,2024,49,4970783.0,1737716.0,1247939.0,7771306.0,4232679.0,697455.0,2435171.0,8421295.0
GR0000001627,2022,80,8387660.0,3225368.0,4350495.0,33530950.0,17791310.0,861551.0,4086919.0,25681644.0
GR0000001627,2023,80,5346489.0,1579794.0,3687195.0,22441191.0,13765154.0,573884.0,2153678.0,18435974.0
GR0000001627,2024,72,7334091.0,2772170.0,3802245.0,36311546.0,19791678.0,788157.0,3560327.0,22455527.0
GR0000001628,2020,9,153110.0,27955.0,160162.0,601315.0,320621.0,8462.0,36417.0,655223.0
GR0000001628,2021,8,85851.0,14465.0,103023.0,351930.0,197391.0,6040.0,20505.0,412092.0
GR0000001628,2022,7,101213.0,22189.0,106417.0,477418.0,265786.0,6305.0,28494.0,546875.0
GR0000001628,2023,8,86679.0,21009.0,137432.0,541734.0,300003.0,6973.0,27983.0,575936.0
GR0000001628,2024,7,61359.0,12536.0,91696.0,353947.0,224634.0,3646.0,16182.0,366784.0
GR0000001629,2020,35,768131.0,172316.0,1001480.0,2520818.0,1745999.0,43155.0,215471.0,4260535.0
GR0000001629,2021,33,1145345.0,245680.0,809425.0,3309473.0,2056842.0,94004.0,339685.0,4318981.0
GR0000001629,2022,36,951311.0,270077.0,840479.0,3781117.0,2238482.0,92036.0,362113.0,4980245.0
GR0000001629,2023,39,1226809.0,208126.0,955595.0,5276440.0,3611968.0,72000.0,280125.0,6574374.0
GR0000001629,2024,40,1187018.0,188143.0,1237200.0,3197529.0,1878861.0,58830.0,246973.0,4515530.0
GR0000001630,2024,113,2575123.0,724438.0,2370449.0,9934757.0,6535165.0,200696.0,925134.0,6713273.0
GR0000001631,2020,7,140874.0,34706.0,117755.0,334928.0,231955.0,13278.0,47984.0,588776.0
GR0000001631,2021,6,92367.0,19262.0,81566.0,161974.0,116868.0,6308.0,25570.0,407828.0
GR0000001631,2022,6,222125.0,41418.0,127765.0,335114.0,186760.0,13353.0,54772.0,783273.0
GR0000001631,2023,5,108464.0,22544.0,79126.0,217673.0,151547.0,9138.0,31682.0,395632.0
GR0000001631,2024,5,78612.0,13516.0,69515.0,140739.0,91403.0,3915.0,17431.0,347576.0
GR0000001632,2020,170,5022622.0,1250754.0,3845266.0,13526777.0,6473803.0,362930.0,1613684.0,17478484.0
GR0000001632,2021,173,4647329.0,759547.0,3803765.0,14262482.0,8012685.0,246693.0,1006240.0,17289842.0
GR0000001632,2022,158,5959945.0,910665.0,2985703.0,16654436.0,8652251.0,274828.0,1185493.0,21282617.0
GR0000001632,2023,150,8162714.0,1688074.0,3905179.0,22864306.0,15197478.0,516082.0,2204157.0,29108805.0
GR0000001632,2024,136,3233549.0,682588.0,3022758.0,13004501.0,6073435.0,198384.0,880972.0,13739811.0
GR0000001633,2021,5,269106.0,54644.0,150145.0,560454.0,376330.0,18364.0,73008.0,997949.0
GR0000001633,2022,4,130711.0,39034.0,108431.0,576182.0,399185.0,13068.0,52102.0,701964.0
GR0000001633,2023,4,199271.0,30405.0,121012.0,521804.0,329651.0,10445.0,40849.0,832955.0
GR0000001633,2024,4,168670.0,40935.0,124081.0,705183.0,427318.0,15299.0,56234.0,905528.0
GR0000001634,2020,3,101361.0,20804.0,44241.0,415676.0,284110.0,7374.0,28178.0,303406.0
GR0000001634,2021,3,92812.0,25209.0,50345.0,426225.0,276244.0,9030.0,34239.0,304406.0
GR0000001634,2022,3,99715.0,15433.0,51950.0,389215.0,268273.0,6374.0,21807.0,278480.0
GR0000001634,2023,2,73002.0,15995.0,33803.0,313151.0,201944.0,5096.0,21091.0,216748.0
GR0000001634,2024,2,51148.0,12302.0,31566.0,338615.0,265924.0,3966.0,16268.0,194649.0
GR0000001635,2020,17,922751.0,240418.0,493454.0,2710402.0,1598760.0,85303.0,325721.0,4184860.0
GR0000001635,2021,18,999827.0,195127.0,541326.0,3218354.0,2189546.0,56514.0,251642.0,3926179.0
GR0000001635,2022,16,532088.0,131615.0,383338.0,2018237.0,1405473.0,35784.0,167399.0,2946100.0
GR0000001635,2023,16,431070.0,91516.0,461889.0,1336132.0,896213.0,35343.0,126859.0,2271098.0
GR0000001635,2024,18,618090.0,145186.0,517689.0,1486167.0,776866.0,40757.0,185944.0,2537255.0
GR0000001636,2020,13,322470.0,119662.0,381679.0,4107406.0,2822073.0,35006.0,154669.0,1867877.0
GR0000001636,2021,13,623761.0,251201.0,412797.0,7091044.0,5069951.0,88184.0,339385.0,3461236.0
GR0000001636,2022,14,611193.0,182539.0,372727.0,6011312.0,3946898.0,66902.0,249441.0,3007854.0
GR0000001636,2023,15,332575.0,128954.0,458143.0,2734203.0,1587565.0,44392.0,173345.0,2024618.0
GR0000001636,2024,15,572266.0,171595.0,472570.0,4142397.0,2906632.0,73279.0,244874.0,2563136.0
GR0000001637,2020,49,1054039.0,279298.0,830631.0,2053147.0,1208365.0,116234.0,395532.0,4153154.0
GR0000001637,2021,49,600692.0,99540.0,462887.0,1475304.0,934541.0,32296.0,131836.0,2314437.0
GR0000001637,2022,46,585873.0,113497.0,520560.0,1467542.0,849284.0,43562.0,157059.0,2602800.0
GR0000001637,2023,43,630998.0,185762.0,582192.0,1930864.0,1366126.0,59497.0,245260.0,2910961.0
GR0000001637,2024,43,935339.0,135907.0,740126.0,1955047.0,1158792.0,53601.0,189508.0,3700631.0
GR0000001638,2023,3,39948.0,12147.0,70300.0,198603.0,135774.0,3850.0,15997.0,181166.0
GR0000001638,2024,3,28417.0,8641.0,45936.0,142212.0,108636.0,3000.0,11641.0,114841.0
GR0000001639,2021,72,3757669.0,1238740.0,1955593.0,7956890.0,5303807.0,320973.0,1559713.0,11880656.0
GR0000001639,2022,65,2570791.0,769136.0,2083915.0,6589381.0,4513783.0,225370.0,994505.0,9492265.0
GR0000001639,2023,69,4844205.0,1606758.0,2166873.0,13022401.0,7872623.0,492774.0,2099532.0,17231450.0
GR0000001639,2024,81,3425247.0,1022192.0,2955347.0,7862979.0,4884106.0,265499.0,1287691.0,13512746.0
GR0000001640,2020,147,56146872.0,24633815.0,5170010.0,57433685.0,31211443.0,5709987.0,30343802.0,78113529.0
GR0000001640,2021,149,22988231.0,10169385.0,5901972.0,38814751.0,16966274.0,3060093.0,13229478.0,40743685.0
GR0000001640,2022,137,34284462.0,11521122.0,6272341.0,37199798.0,14011715.0,3442747.0,14963869.0,50116548.0
GR0000001640,2023,118,27544223.0,7956557.0,4957540.0,30670530.0,16303590.0,2011757.0,9968314.0,38892733.0
GR0000001640,2024,119,43141647.0,18674026.0,4081798.0,74038909.0,28842016.0,4624220.0,23298246.0,69068424.0
GR0000001641,2020,6,128242.0,36228.0,140611.0,626714.0,411492.0,12537.0,48766.0,659891.0
GR0000001641,2021,5,135289.0,49848.0,111572.0,618150.0,416283.0,14120.0,63967.0,674978.0
GR0000001641,2022,5,133904.0,46155.0,111240.0,577111.0,354167.0,15830.0,61985.0,554977.0
GR0000001641,2023,5,112413.0,26667.0,107692.0,556998.0,359767.0,7826.0,34493.0,453394.0
GR0000001641,2024,5,155856.0,41627.0,97375.0,808898.0,501975.0,17057.0,58684.0,825146.0
GR0000001642,2021,5,44376.0,7623.0,84274.0,251015.0,183006.0,3112.0,10735.0,280913.0
GR0000001642,2022,5,84734.0,20644.0,99804.0,413605.0,250560.0,6332.0,26975.0,493821.0
GR0000001642,2023,5,102597.0,16972.0,106658.0,514683.0,337367.0,5570.0,22542.0,590537.0
GR0000001642,2024,5,129661.0,24465.0,113040.0,410608.0,276503.0,10195.0,34660.0,537921.0
GR0000001643,2024,94,25318940.0,9113528.0,4780131.0,27963365.0,8462106.0,3458739.0,12572267.0,39460178.0
GR0000001644,2020,15,507322.0,86961.0,222666.0,1788694.0,1148464.0,27043.0,114004.0,1318520.0
GR0000001644,2021,15,508533.0,105296.0,246424.0,4457369.0,2706745.0,33926.0,139222.0,1928747.0
GR0000001644,2022,15,221970.0,49928.0,228917.0,1104657.0,881062.0,17214.0,67142.0,684401.0
GR0000001644,2023,13,294137.0,60281.0,199049.0,1410635.0,1050833.0,18543.0,78824.0,1056079.0
GR0000001644,2024,12,202215.0,48691.0,237738.0,697941.0,419843.0,18663.0,67355.0,583728.0
GR0000001645,2020,6,892799.0,248933.0,218740.0,2142547.0,1089434.0,63347.0,312280.0,2032789.0
GR0000001645,2021,5,508701.0,178614.0,131350.0,1091571.0,621132.0,62916.0,241530.0,1091189.0
GR0000001645,2022,5,319884.0,75070.0,180362.0,636483.0,365252.0,22612.0,97682.0,758789.0
GR0000001645,2023,5,605199.0,209085.0,161542.0,1599412.0,917090.0,75790.0,284875.0,1566580.0
GR0000001645,2024,4,675283.0,165249.0,114271.0,1442741.0,721259.0,42026.0,207275.0,1524352.0
GR0000001646,2020,62,4711967.0,1287588.0,1781255.0,11412365.0,7035856.0,317492.0,1605080.0,17768350.0
GR0000001646,2021,69,2330827.0,449127.0,2004315.0,6031983.0,3066427.0,159464.0,608592.0,9940604.0
GR0000001646,2022,65,4530940.0,870185.0,2200910.0,10894505.0,6887280.0,192920.0,1063105.0,18944958.0
GR0000001646,2023,75,5485023.0,1526847.0,2523030.0,11680383.0,5814462.0,579837.0,2106684.0,21727411.0
GR0000001646,2024,83,6712511.0,1712274.0,3232960.0,13428575.0,7715524.0,658003.0,2370277.0,26493841.0
GR0000001647,2020,10,293097.0,100287.0,222571.0,2265145.0,1207372.0,31747.0,132034.0,1676227.0
GR0000001647,2021,10,269380.0,59850.0,219134.0,1041308.0,696972.0,23294.0,83144.0,1123643.0
GR0000001647,2022,10,183930.0,50905.0,239999.0,798871.0,431475.0,21807.0,72712.0,869022.0
GR0000001647,2023,9,141271.0,46286.0,173918.0,989713.0,580144.0,18566.0,64852.0,846439.0
GR0000001647,2024,10,247713.0,74443.0,227073.0,1138134.0,620399.0,29295.0,103738.0,1021602.0
GR0000001648,2020,6,653954.0,187555.0,167120.0,1722865.0,776442.0,38908.0,226463.0,1348618.0
GR0000001648,2021,4,235691.0,46093.0,105313.0,546725.0,308003.0,16074.0,62167.0,551983.0
GR0000001648,2022,3,241793.0,75630.0,94282.0,788039.0,504167.0,15821.0,91452.0,547870.0
GR0000001648,2023,2,228158.0,72159.0,58059.0,733088.0,406642.0,19341.0,91500.0,479540.0
GR0000001648,2024,2,205558.0,59965.0,60555.0,691586.0,395265.0,13172.0,73137.0,390078.0
GR0000001649,2020,30,1888059.0,737567.0,1341186.0,14977052.0,8345340.0,255066.0,992633.0,8470862.0
GR0000001649,2021,30,2537730.0,876368.0,1223161.0,15518907.0,9612559.0,275700.0,1152068.0,8462641.0
GR0000001649,2022,32,2656517.0,1216934.0,1256697.0,16485902.0,10830439.0,363431.0,1580365.0,10738091.0
GR0000001649,2023,34,2126992.0,700172.0,1449635.0,12707298.0,6817523.0,175228.0,875400.0,7734432.0
GR0000001649,2024,35,1457573.0,538268.0,1217653.0,7682828.0,4824237.0,191275.0,729544.0,5534786.0
GR0000001650,2022,3,37799.0,10021.0,25639.0,58867.0,33863.0,3717.0,13737.0,128197.0
GR0000001650,2023,2,35852.0,5593.0,28799.0,66834.0,41460.0,1888.0,7481.0,143996.0
GR0000001650,2024,2,38520.0,5985.0,32435.0,101777.0,68244.0,2372.0,8356.0,162174.0
GR0000001651,2020,7,284103.0,77999.0,204647.0,864193.0,560108.0,22918.0,100917.0,1264538.0
GR0000001651,2021,7,225065.0,65374.0,168806.0,1084520.0,659967.0,21376.0,86750.0,1034172.0
GR0000001651,2022,7,172276.0,53728.0,148738.0,820800.0,548595.0,20380.0,74108.0,817530.0
GR0000001651,2023,6,309309.0,90310.0,178078.0,1101963.0,812850.0,24998.0,115308.0,1320946.0
GR0000001651,2024,6,156523.0,57961.0,142662.0,609497.0,346882.0,16324.0,74285.0,707603.0
GR0000001652,2020,24,962636.0,322760.0,626335.0,3771713.0,2246048.0,92038.0,414798.0,4342749.0
GR0000001652,2021,25,1492777.0,483936.0,612717.0,3956176.0,2267795.0,164192.0,648129.0,4999248.0
GR0000001652,2022,25,1189073.0,432941.0,663893.0,4505275.0,2738459.0,135083.0,568024.0,5491273.0
GR0000001652,2023,25,1247950.0,399425.0,636082.0,5624358.0,2894662.0,125005.0,524430.0,6080651.0
GR0000001652,2024,25,1786115.0,445935.0,561423.0,4334910.0,2123547.0,168160.0,614095.0,6529688.0
GR0000001653,2020,30,756748.0,159346.0,479615.0,1076890.0,705713.0,43923.0,203269.0,2664526.0
GR0000001653,2021,30,592493.0,152850.0,393498.0,1049481.0,683925.0,47074.0,199923.0,2186097.0
GR0000001653,2022,30,1445142.0,278565.0,832168.0,1661606.0,1025734.0,95073.0,373638.0,4814204.0
GR0000001653,2023,30,941875.0,168789.0,567568.0,1219483.0,830592.0,45265.0,214053.0,3153157.0
GR0000001653,2024,28,1045150.0,169800.0,646622.0,1412708.0,886676.0,43327.0,213127.0,4097876.0
GR0000001654,2020,80,2020108.0,598684.0,1762446.0,7216246.0,5032033.0,202572.0,801255.0,9815791.0
GR0000001654,2021,85,2549953.0,730843.0,2086604.0,8313505.0,5600001.0,228568.0,959412.0,8653847.0
GR0000001654,2022,87,5264598.0,2026399.0,2228446.0,14816479.0,9051102.0,549818.0,2576218.0,17938334.0
GR0000001654,2023,86,3478703.0,960492.0,1795452.0,9152785.0,6047776.0,269571.0,1230063.0,11854934.0
GR0000001654,2024,80,3143624.0,886048.0,2271186.0,10838265.0,6233056.0,234763.0,1120811.0,14467382.0
GR0000001655,2020,4,73102.0,30033.0,112628.0,1111187.0,730608.0,9511.0,39543.0,450512.0
GR0000001655,2021,4,80345.0,24662.0,86569.0,566139.0,349881.0,7702.0,32364.0,346276.0
GR0000001655,2022,3,163722.0,51509.0,85846.0,1537545.0,972313.0,15585.0,67094.0,666190.0
GR0000001655,2023,3,65327.0,25538.0,99282.0,660858.0,392067.0,7247.0,32784.0,397128.0
GR0000001655,2024,3,92854.0,31313.0,87469.0,647247.0,472683.0,11623.0,42936.0,390657.0
GR0000001656,2020,8,237396.0,39783.0,158827.0,1819051.0,1355814.0,16328.0,56111.0,835534.0
GR0000001656,2021,8,192684.0,47584.0,151350.0,904162.0,682463.0,16941.0,64525.0,649211.0
GR0000001656,2022,8,261001.0,56610.0,141388.0,1217322.0,946943.0,20869.0,77479.0,868525.0
GR0000001656,2023,9,211248.0,41792.0,177897.0,1597969.0,1066332.0,14841.0,56634.0,806603.0
GR0000001656,2024,10,405629.0,97397.0,170860.0,2506722.0,1775938.0,37260.0,134658.0,1220379.0
GR0000001657,2020,8,623396.0,243487.0,235956.0,1788446.0,1068637.0,73416.0,316903.0,1431531.0
GR0000001657,2021,8,979695.0,285759.0,277940.0,2716158.0,1535616.0,119315.0,405074.0,1897552.0
GR0000001657,2022,7,877720.0,366605.0,215424.0,2546412.0,1434138.0,119325.0,485930.0,1828795.0
GR0000001657,2023,6,855683.0,274361.0,174540.0,1405427.0,574356.0,105556.0,379917.0,1575121.0
GR0000001657,2024,7,1337767.0,455142.0,235329.0,3054226.0,1691820.0,130569.0,585711.0,2239263.0
GR0000001658,2020,7,116101.0,28420.0,122079.0,400002.0,250432.0,10711.0,39131.0,488314.0
GR0000001658,2021,8,203637.0,57494.0,155830.0,634928.0,409378.0,22402.0,79896.0,858118.0
GR0000001658,2022,7,136740.0,30987.0,135714.0,519377.0,338023.0,9498.0,40484.0,647199.0
GR0000001658,2023,7,175000.0,25837.0,106088.0,581370.0,319005.0,9362.0,35199.0,721161.0
GR0000001658,2024,6,106548.0,19667.0,127549.0,515938.0,261470.0,5888.0,25555.0,635647.0
GR0000001659,2020,2,78125.0,25718.0,49898.0,421048.0,287227.0,9650.0,35368.0,353374.0
GR0000001659,2021,1,26726.0,7903.0,21045.0,203601.0,138993.0,2992.0,10895.0,176119.0
GR0000001659,2022,1,24237.0,5950.0,18266.0,126087.0,69401.0,2273.0,8224.0,106071.0
GR0000001659,2023,1,41901.0,16160.0,19130.0,163023.0,106720.0,4620.0,20779.0,185358.0
GR0000001659,2024,1,23371.0,5820.0,19588.0,120814.0,65884.0,2364.0,8183.0,101144.0
GR0000001660,2020,13,254193.0,56724.0,184454.0,425304.0,273657.0,22174.0,78898.0,922269.0
GR0000001660,2021,13,441955.0,109261.0,277493.0,726851.0,405517.0,39322.0,148583.0,1498002.0
GR0000001660,2022,14,166798.0,29324.0,158778.0,333345.0,200672.0,11007.0,40331.0,793888.0
GR0000001660,2023,13,261889.0,71509.0,212739.0,653236.0,466003.0,21322.0,92830.0,1063697.0
GR0000001660,2024,14,262302.0,47511.0,216025.0,564449.0,356772.0,13577.0,61088.0,1080123.0
GR0000001661,2020,2,83858.0,24138.0,46490.0,309732.0,154125.0,7726.0,31863.0,205061.0
GR0000001661,2021,2,112290.0,28223.0,59616.0,435385.0,266705.0,10333.0,38556.0,344666.0
GR0000001661,2022,2,69348.0,17933.0,51622.0,317471.0,166751.0,6131.0,24064.0,203034.0
GR0000001661,2023,2,90344.0,20958.0,57942.0,374569.0,210876.0,8308.0,29266.0,270701.0
GR0000001661,2024,2,71021.0,22338.0,43519.0,210393.0,107998.0,7394.0,29732.0,201790.0
GR0000001662,2020,19,477354.0,109750.0,299571.0,802114.0,550897.0,35753.0,145504.0,1763829.0
GR0000001662,2021,17,255028.0,73128.0,220210.0,565973.0,394146.0,24971.0,98099.0,1101048.0
GR0000001662,2022,15,357865.0,66253.0,239546.0,731810.0,454270.0,25863.0,92116.0,1197731.0
GR0000001662,2023,16,199376.0,48018.0,195306.0,496820.0,335711.0,20391.0,68409.0,976528.0
GR0000001662,2024,19,353524.0,65705.0,291945.0,955838.0,684954.0,20364.0,86069.0,1459727.0
GR0000001663,2020,6,921954.0,381562.0,242176.0,1111955.0,601808.0,97263.0,478824.0,1335772.0
GR0000001663,2021,5,905626.0,305459.0,182708.0,1644990.0,618601.0,93709.0,399168.0,1656329.0
GR0000001663,2022,4,765257.0,332753.0,132125.0,1606503.0,867636.0,97614.0,430367.0,1497419.0
GR0000001663,2023,4,526052.0,246430.0,136037.0,728533.0,384738.0,65566.0,311997.0,780561.0
GR0000001663,2024,4,855714.0,287022.0,133710.0,1539251.0,809499.0,78821.0,365843.0,1483659.0
GR0000001664,2020,5,114015.0,19084.0,75669.0,674454.0,453238.0,7209.0,26293.0,434813.0
GR0000001664,2021,5,178849.0,31199.0,95662.0,669504.0,424141.0,13019.0,44217.0,504630.0
GR0000001664,2022,5,178809.0,37452.0,94207.0,981739.0,630843.0,14381.0,51832.0,476802.0
GR0000001664,2023,5,205789.0,34497.0,98890.0,1164497.0,842158.0,14155.0,48651.0,556206.0
GR0000001664,2024,5,82167.0,13598.0,96199.0,482914.0,312886.0,4306.0,17905.0,273780.0
GR0000001665,2020,10,145208.0,37948.0,104163.0,258205.0,166910.0,12065.0,50013.0,520817.0
GR0000001665,2021,11,158973.0,39026.0,122147.0,325206.0,200585.0,15991.0,55017.0,610733.0
GR0000001665,2022,10,178819.0,47097.0,135669.0,365501.0,246907.0,13556.0,60653.0,678344.0
GR0000001665,2023,9,138918.0,26532.0,110672.0,267931.0,154261.0,9786.0,36318.0,553358.0
GR0000001665,2024,10,186150.0,30831.0,132121.0,345888.0,252010.0,9637.0,40468.0,660604.0
GR0000001666,2020,5,316054.0,104420.0,170671.0,1857080.0,1048360.0,26178.0,130599.0,1131990.0
GR0000001666,2021,4,326833.0,109295.0,175534.0,2203769.0,1171461.0,40747.0,150041.0,1365204.0
GR0000001666,2022,4,298267.0,132946.0,169397.0,2558677.0,1287140.0,34766.0,167712.0,1278064.0
GR0000001666,2023,4,186021.0,71429.0,131722.0,1285614.0,782783.0,22743.0,94172.0,669478.0
GR0000001666,2024,4,487659.0,152884.0,156533.0,3266608.0,1911437.0,58086.0,210970.0,1951199.0
GR0000001667,2023,1,28217.0,5545.0,19060.0,74079.0,49665.0,1259.0,6804.0,61547.0
GR0000001667,2024,1,18869.0,4458.0,21154.0,73415.0,58624.0,773.0,5231.0,57928.0
GR0000001668,2020,232,58652741.0,24112244.0,14789897.0,264949456.0,220640622.0,7858992.0,31971236.0,102082954.0
GR0000001668,2021,213,54344229.0,20560651.0,10045190.0,490253473.0,429509374.0,7280689.0,27841340.0,109098475.0
GR0000001668,2022,246,90947355.0,44614349.0,13483504.0,715452302.0,582611836.0,16887000.0,61501349.0,199014749.0
GR0000001668,2023,250,82503579.0,45418369.0,14596542.0,626259488.0,560809914.0,10926846.0,56345215.0,178312226.0
GR0000001668,2024,250,94844002.0,37943948.0,13506905.0,460668189.0,401782719.0,12911627.0,50855575.0,181824905.0
GR0000001669,2020,3,102636.0,25061.0,67478.0,474170.0,295216.0,7900.0,32961.0,444048.0
GR0000001669,2021,3,80372.0,26480.0,54959.0,403504.0,241975.0,11289.0,37768.0,375902.0
GR0000001669,2022,3,100000.0,33718.0,57144.0,467340.0,301944.0,11982.0,45701.0,460242.0
GR0000001669,2023,2,28491.0,8147.0,45580.0,145152.0,75075.0,3316.0,11464.0,155977.0
GR0000001669,2024,1,13296.0,4643.0,18468.0,54632.0,30075.0,1758.0,6401.0,66518.0
GR0000001670,2020,12,1118393.0,454999.0,417558.0,2464450.0,1111814.0,145570.0,600570.0,2440289.0
GR0000001670,2021,13,1302493.0,524338.0,354390.0,3150578.0,1680704.0,190975.0,715313.0,3078531.0
GR0000001670,2022,13,1399728.0,458541.0,360556.0,4349359.0,1978399.0,151671.0,610212.0,3366596.0
GR0000001670,2023,14,2077684.0,764074.0,375204.0,4043845.0,1706372.0,315418.0,1079492.0,3531053.0
GR0000001670,2024,13,844434.0,360617.0,397547.0,1927501.0,895978.0,143805.0,504421.0,2093325.0
GR0000001671,2020,80,6763098.0,2706410.0,3343984.0,56398494.0,29363001.0,713276.0,3419685.0,28035800.0
GR0000001671,2021,93,3414852.0,1519315.0,3414380.0,24101099.0,15796997.0,428471.0,1947785.0,15519911.0
GR0000001671,2022,100,6650768.0,2194665.0,4333750.0,33797461.0,17209447.0,671916.0,2866581.0,27019783.0
GR0000001671,2023,100,9873718.0,2984835.0,3983591.0,63757824.0,32859142.0,1100498.0,4085333.0,41021507.0
GR0000001671,2024,94,5065603.0,2226371.0,3458440.0,28888958.0,15778830.0,599671.0,2826042.0,19870471.0
GR0000001672,2020,163,22720980.0,7494054.0,6061276.0,41366697.0,21645267.0,2780681.0,10274735.0,48519863.0
GR0000001672,2021,187,31261100.0,11011630.0,6745514.0,54988322.0,26635855.0,4111771.0,15123401.0,77800136.0
GR0000001672,2022,204,23571624.0,5815184.0,7351761.0,38719453.0,20063176.0,1545254.0,7360438.0,55578214.0
GR0000001672,2023,238,49766148.0,12274489.0,10897569.0,94254535.0,34809583.0,4456945.0,16731434.0,91256428.0
GR0000001672,2024,250,63938458.0,16054929.0,11771413.0,122148472.0,65436126.0,3609032.0,19663961.0,125326112.0
GR0000001673,2020,75,2257977.0,836835.0,1789975.0,5445935.0,2773931.0,244376.0,1081210.0,8583903.0
GR0000001673,2021,71,3384958.0,1048263.0,1948327.0,13245882.0,6828801.0,361334.0,1409598.0,15112293.0
GR0000001673,2022,81,5120708.0,1400785.0,1861140.0,12855428.0,5855552.0,535999.0,1936784.0,17843547.0
GR0000001673,2023,89,4299665.0,1221952.0,2053473.0,10569986.0,6748117.0,404514.0,1626467.0,15582090.0
GR0000001673,2024,99,5702305.0,1401756.0,2605007.0,15245220.0,7046168.0,431409.0,1833165.0,20515641.0
GR0000001674,2020,11,187493.0,45950.0,148325.0,504008.0,309094.0,18377.0,64327.0,741627.0
GR0000001674,2021,10,91866.0,13638.0,88412.0,262947.0,188737.0,5147.0,18785.0,442059.0
GR0000001674,2022,11,142678.0,36354.0,110482.0,262894.0,160862.0,11644.0,47998.0,552408.0
GR0000001674,2023,12,121676.0,23734.0,89079.0,256413.0,185774.0,8001.0,31735.0,445394.0
GR0000001674,2024,12,132759.0,31797.0,97431.0,269721.0,152209.0,9068.0,40865.0,487156.0
GR0000001675,2020,31,380572.0,138085.0,619362.0,2188764.0,1235905.0,41483.0,179568.0,2151826.0
GR0000001675,2021,35,1308529.0,456025.0,747106.0,6434698.0,3462261.0,130851.0,586875.0,5368994.0
GR0000001675,2022,34,669033.0,175380.0,669148.0,3512780.0,2187772.0,53223.0,228603.0,3267746.0
GR0000001675,2023,33,677814.0,191852.0,716994.0,3031824.0,1861240.0,78408.0,270261.0,3505985.0
GR0000001675,2024,36,1010000.0,271816.0,706682.0,4864077.0,3319957.0,77386.0,349202.0,5813689.0
GR0000001676,2020,181,23354522.0,6897661.0,8363075.0,34707528.0,13507898.0,2221017.0,9118678.0,52814016.0
GR0000001676,2021,163,33069549.0,7406434.0,6811683.0,56864991.0,32031396.0,2453878.0,9860312.0,63786327.0
GR0000001676,2022,162,40606004.0,11855715.0,8291694.0,74698206.0,34469200.0,3481739.0,15337454.0,91927800.0
GR0000001676,2023,162,30323100.0,10113887.0,8281055.0,39377635.0,17795624.0,2904068.0,13017955.0,61328197.0
GR0000001676,2024,137,22236243.0,6502841.0,6741148.0,43861321.0,18636340.0,2004060.0,8506901.0,53837984.0
GR0000001677,2021,5,86466.0,18786.0,52225.0,135197.0,76702.0,5604.0,24391.0,290138.0
GR0000001677,2022,5,203373.0,42329.0,96981.0,266818.0,167646.0,15811.0,58141.0,619303.0
GR0000001677,2023,4,133127.0,37343.0,70039.0,157558.0,80477.0,12223.0,49565.0,389106.0
GR0000001677,2024,4,203998.0,35682.0,102889.0,260250.0,165064.0,10531.0,46213.0,618292.0
GR0000001678,2020,3,65195.0,12939.0,52773.0,166756.0,115986.0,4263.0,17202.0,263866.0
GR0000001678,2021,3,72199.0,17813.0,58841.0,124082.0,78343.0,7271.0,25085.0,294203.0
GR0000001678,2022,3,75395.0,20294.0,49579.0,151494.0,91891.0,6899.0,27193.0,305279.0
GR0000001678,2023,3,57792.0,16566.0,41904.0,82361.0,57553.0,4803.0,21369.0,209520.0
GR0000001678,2024,3,83532.0,16051.0,45792.0,173683.0,106495.0,4914.0,20964.0,370771.0
GR0000001679,2020,3,51073.0,10550.0,46113.0,105305.0,72010.0,3844.0,14394.0,230563.0
GR0000001679,2021,3,25840.0,6046.0,23373.0,68824.0,44206.0,2366.0,8413.0,116864.0
GR0000001679,2022,2,36169.0,7253.0,25290.0,57436.0,33552.0,2707.0,9960.0,126449.0
GR0000001679,2023,2,31482.0,7704.0,29112.0,65225.0,42563.0,2379.0,10083.0,145559.0
GR0000001679,2024,2,29349.0,7737.0,26446.0,69275.0,39502.0,3310.0,11047.0,132229.0
GR0000001680,2020,6,1140561.0,421135.0,167487.0,1924114.0,1116090.0,124857.0,545992.0,1907829.0
GR0000001680,2021,6,635084.0,208192.0,182057.0,1131870.0,551090.0,63176.0,271368.0,1314915.0
GR0000001680,2022,6,891110.0,336493.0,201033.0,2309903.0,1222287.0,101557.0,438050.0,1715379.0
GR0000001680,2023,6,419476.0,180693.0,173517.0,1175261.0,600912.0,60088.0,240781.0,939792.0
GR0000001680,2024,6,831523.0,372112.0,158703.0,1655956.0,991834.0,118563.0,490675.0,1412804.0
GR0000001681,2020,1,14967.0,3714.0,11155.0,31701.0,18595.0,1140.0,4854.0,55773.0
GR0000001681,2021,1,16671.0,2604.0,13593.0,27192.0,15989.0,808.0,3412.0,67965.0
GR0000001681,2022,1,23355.0,6701.0,17812.0,38572.0,24531.0,2613.0,9314.0,89059.0
GR0000001681,2023,1,18833.0,3422.0,15413.0,41168.0,28642.0,1185.0,4606.0,77067.0
GR0000001681,2024,1,35370.0,5714.0,17393.0,74855.0,54298.0,1728.0,7442.0,118264.0
GR0000001682,2020,65,12204203.0,4335285.0,2085944.0,15778998.0,7141412.0,1216184.0,5551468.0,17918987.0
GR0000001682,2021,68,9834361.0,3314420.0,2473564.0,14030007.0,5990000.0,1225934.0,4540354.0,15448497.0
GR0000001682,2022,72,15957547.0,5558405.0,2532395.0,22684898.0,9661275.0,1805524.0,7363930.0,26030541.0
GR0000001682,2023,79,13587023.0,5600432.0,3080023.0,15750653.0,7237067.0,1528067.0,7128500.0,21015722.0
GR0000001682,2024,88,14968541.0,5450095.0,3073090.0,29841780.0,16251629.0,1736430.0,7186526.0,25460547.0
GR0000001683,2020,111,3615008.0,868314.0,2869232.0,13620942.0,9336259.0,310429.0,1178743.0,13182663.0
GR0000001683,2021,119,8828167.0,2823745.0,3426380.0,21976932.0,13860472.0,887603.0,3711348.0,32040501.0
GR0000001683,2022,124,6995147.0,2025748.0,2996315.0,21708460.0,15553068.0,683246.0,2708993.0,24503381.0
GR0000001683,2023,133,2839144.0,764474.0,2756861.0,8340603.0,6096385.0,215145.0,979619.0,11873097.0
GR0000001683,2024,147,7412625.0,2139985.0,3981277.0,32273289.0,20017671.0,633253.0,2773238.0,33079661.0
GR0000001684,2020,7,311442.0,103074.0,148131.0,899702.0,659267.0,29779.0,132853.0,1244384.0
GR0000001684,2021,6,209407.0,49697.0,169791.0,981332.0,547972.0,17983.0,67680.0,959867.0
GR0000001684,2022,6,438977.0,115928.0,160517.0,1606703.0,1168811.0,37115.0,153043.0,1585562.0
GR0000001684,2023,6,225505.0,78816.0,173840.0,819448.0,485168.0,21613.0,100429.0,870269.0
GR0000001684,2024,6,456135.0,123190.0,127094.0,1485493.0,957955.0,37561.0,160751.0,1601104.0
GR0000001685,2020,821,200908732.0,82232654.0,47147870.0,240710699.0,118796738.0,26869863.0,109102516.0,320604374.0
GR0000001685,2021,877,441786356.0,202413836.0,53579737.0,408843106.0,141430669.0,48559424.0,250973261.0,580301952.0
GR0000001685,2022,817,268422044.0,110862914.0,36987299.0,276330520.0,104979382.0,30730080.0,141592994.0,414232472.0
GR0000001685,2023,877,279830170.0,91664903.0,47054415.0,301705654.0,133545112.0,21324716.0,112989619.0,386153919.0
GR0000001685,2024,801,370966475.0,109431888.0,41686707.0,521114433.0,230607732.0,33610138.0,143042026.0,579193706.0
GR0000001686,2020,93,5058451.0,1345960.0,2530193.0,16494477.0,8628491.0,302755.0,1648714.0,19120466.0
GR0000001686,2021,95,7936068.0,2158935.0,2472528.0,21500996.0,13366530.0,535711.0,2694646.0,23560109.0
GR0000001686,2022,92,4703156.0,1512605.0,2805421.0,10775465.0,7168444.0,526711.0,2039315.0,13877955.0
GR0000001686,2023,104,4130999.0,1019255.0,3813411.0,8341338.0,5188875.0,243218.0,1262473.0,14482001.0
GR0000001686,2024,120,9793750.0,3301658.0,3800687.0,27765246.0,14009293.0,851682.0,4153340.0,30233328.0
GR0000001687,2020,29,2630831.0,1248091.0,1202476.0,14948500.0,8887061.0,323328.0,1571419.0,8894785.0
GR0000001687,2021,28,2173446.0,829021.0,1227746.0,13508379.0,7064593.0,260780.0,1089801.0,9944590.0
GR0000001687,2022,28,2225093.0,783414.0,1186407.0,14713654.0,8691862.0,277879.0,1061294.0,8568163.0
GR0000001687,2023,32,1640527.0,564268.0,1335454.0,16153201.0,8802395.0,156957.0,721225.0,8038048.0
GR0000001687,2024,33,2501533.0,1158254.0,1091708.0,18768916.0,10943432.0,297836.0,1456090.0,12280301.0
GR0000001688,2020,11,199527.0,40624.0,216543.0,640923.0,461305.0,16154.0,56778.0,838965.0
GR0000001688,2021,12,164337.0,44526.0,225267.0,516201.0,318627.0,15357.0,59883.0,750891.0
GR0000001688,2022,14,261630.0,56484.0,316950.0,962462.0,671587.0,19965.0,76449.0,1056501.0
GR0000001688,2023,14,198259.0,35182.0,301653.0,862752.0,526516.0,9943.0,45125.0,1005511.0
GR0000001688,2024,14,224457.0,53150.0,319441.0,883589.0,551681.0,20398.0,73548.0,1237522.0
GR0000001689,2020,39,1659230.0,430254.0,1054698.0,7016775.0,3876041.0,130458.0,560711.0,7957506.0
GR0000001689,2021,35,1484411.0,456557.0,1034273.0,5507598.0,2905751.0,128222.0,584780.0,7184977.0
GR0000001689,2022,31,2260540.0,508136.0,870733.0,8224025.0,4987331.0,178232.0,686368.0,7848188.0
GR0000001689,2023,33,1661398.0,599480.0,727520.0,4297176.0,2186456.0,227644.0,827124.0,6402303.0
GR0000001689,2024,31,1206066.0,316190.0,778439.0,3410252.0,1990934.0,111489.0,427679.0,4243413.0
GR0000001690,2020,8,338571.0,80902.0,201434.0,1231010.0,580977.0,30704.0,111606.0,841577.0
GR0000001690,2021,8,523213.0,194233.0,177922.0,1471647.0,839693.0,60425.0,254658.0,1255933.0
GR0000001690,2022,8,415860.0,136567.0,168456.0,1474964.0,741582.0,42890.0,179457.0,1103054.0
GR0000001690,2023,7,476741.0,111498.0,189503.0,1642245.0,787212.0,43615.0,155113.0,1540021.0
GR0000001690,2024,6,472998.0,124090.0,155224.0,1386504.0,826702.0,44673.0,168763.0,1214781.0
GR0000001691,2020,1,16898.0,5033.0,19186.0,70452.0,38818.0,1514.0,6547.0,76743.0
GR0000001691,2021,1,7919.0,1560.0,10917.0,51883.0,29009.0,479.0,2039.0,43666.0
GR0000001691,2022,1,11173.0,3158.0,12091.0,42350.0,22150.0,963.0,4122.0,48365.0
GR0000001691,2023,1,11792.0,3018.0,12826.0,58726.0,38588.0,1221.0,4239.0,51302.0
GR0000001691,2024,1,15171.0,4268.0,15859.0,63921.0,36450.0,1313.0,5581.0,65337.0
GR0000001692,2020,1,31635.0,9545.0,20620.0,130039.0,70458.0,2802.0,12347.0,145357.0
GR0000001692,2021,1,15207.0,3922.0,19435.0,61838.0,33167.0,1212.0,5134.0,64783.0
GR0000001692,2022,1,31193.0,7636.0,18467.0,144628.0,95961.0,2757.0,10393.0,150614.0
GR0000001692,2023,1,29334.0,9121.0,22332.0,170547.0,88942.0,2801.0,11922.0,153861.0
GR0000001692,2024,1,29550.0,7953.0,22229.0,143459.0,92739.0,2392.0,10345.0,126298.0
GR0000001693,2020,8,305614.0,133872.0,232404.0,2894805.0,2090981.0,46684.0,180556.0,1645818.0
GR0000001693,2021,9,200326.0,68748.0,216798.0,1465551.0,884376.0,28716.0,97464.0,867193.0
GR0000001693,2022,9,298022.0,100534.0,271748.0,2582988.0,1824300.0,33184.0,133718.0,1345211.0
GR0000001693,2023,10,469223.0,159123.0,315136.0,2581060.0,1478986.0,50423.0,209546.0,1907395.0
GR0000001693,2024,9,211256.0,91301.0,228654.0,1555666.0,1118059.0,33671.0,124971.0,914614.0
GR0000001694,2020,37,638686.0,147782.0,500878.0,1483472.0,842441.0,47899.0,195681.0,2504390.0
GR0000001694,2021,34,308664.0,67458.0,246468.0,476282.0,344009.0,22533.0,89991.0,1232340.0
GR0000001694,2022,37,568246.0,144452.0,538680.0,1091159.0,807869.0,53378.0,197831.0,2693402.0
GR0000001694,2023,33,921899.0,214537.0,567196.0,1537776.0,960611.0,66679.0,281216.0,3520103.0
GR0000001694,2024,36,729721.0,141323.0,645795.0,1697448.0,1142123.0,47232.0,188555.0,3228976.0
GR0000001695,2020,10,259030.0,41832.0,224812.0,1108682.0,651307.0,13408.0,55240.0,1290872.0
GR0000001695,2021,10,197394.0,35212.0,183445.0,931043.0,601789.0,14706.0,49918.0,1238240.0
GR0000001695,2022,9,262532.0,62501.0,170558.0,1298017.0,947275.0,24613.0,87114.0,1482841.0
GR0000001695,2023,8,124376.0,23282.0,166737.0,594528.0,403362.0,9087.0,32369.0,555789.0
GR0000001695,2024,9,162701.0,28061.0,164485.0,469223.0,260806.0,8070.0,36131.0,672187.0
GR0000001696,2020,5,213649.0,48301.0,154073.0,658001.0,423602.0,15381.0,63682.0,927744.0
GR0000001696,2021,5,239294.0,66182.0,136623.0,876690.0,511799.0,17340.0,83522.0,1268629.0
GR0000001696,2022,4,88056.0,22796.0,118165.0,298973.0,207200.0,6811.0,29607.0,471873.0
GR0000001696,2023,4,169786.0,33865.0,90305.0,380484.0,217327.0,11295.0,45160.0,629922.0
GR0000001696,2024,3,153089.0,26998.0,90607.0,310216.0,206494.0,8076.0,35074.0,547427.0
GR0000001697,2022,2,60285.0,17390.0,54331.0,143274.0,74743.0,7090.0,24480.0,153064.0
GR0000001697,2023,1,67186.0,21075.0,29635.0,167609.0,93726.0,6484.0,27559.0,152647.0
GR0000001697,2024,1,53843.0,14112.0,29716.0,163820.0,88008.0,4831.0,18943.0,160004.0
GR0000001698,2020,3,362661.0,146056.0,93798.0,1014634.0,511437.0,56791.0,202847.0,736957.0
GR0000001698,2021,3,130244.0,40236.0,100944.0,336261.0,159131.0,11903.0,52138.0,322186.0
GR0000001698,2022,3,282123.0,98863.0,103645.0,597485.0,295027.0,35696.0,134559.0,570703.0
GR0000001698,2023,3,171573.0,68915.0,89847.0,294662.0,126658.0,27447.0,96362.0,312677.0
GR0000001698,2024,3,144999.0,56964.0,89026.0,325834.0,162917.0,20577.0,77540.0,325949.0
GR0000001699,2020,13,324391.0,67440.0,183230.0,1923830.0,1460429.0,19143.0,86583.0,875529.0
GR0000001699,2021,14,272755.0,68550.0,219726.0,2204303.0,1484105.0,20311.0,88861.0,946702.0
GR0000001699,2022,13,371210.0,63490.0,187171.0,1396318.0,849047.0,23151.0,86641.0,1036492.0
GR0000001699,2023,13,359753.0,94964.0,204754.0,3481226.0,2353363.0,27775.0,122739.0,1419480.0
GR0000001699,2024,13,380187.0,98420.0,238452.0,3620220.0,2804599.0,37720.0,136141.0,1444030.0
GR0000001700,2020,218,7848309.0,1303224.0,6077321.0,18547504.0,12165051.0,422824.0,1726048.0,31293151.0
GR0000001700,2021,249,11190891.0,2855192.0,7013293.0,29856319.0,20620351.0,846769.0,3701960.0,40753402.0
GR0000001700,2022,249,7831350.0,2185615.0,5775999.0,20374062.0,13665457.0,755269.0,2940884.0,31270939.0
GR0000001700,2023,249,13929581.0,4305221.0,6778158.0,42413862.0,27348927.0,1146394.0,5451615.0,64916309.0
GR0000001700,2024,249,10874331.0,1718039.0,7476234.0,24155882.0,15911331.0,554017.0,2272056.0,39246809.0
GR0000001701,2020,14,1194053.0,406121.0,407361.0,2764769.0,1353807.0,142538.0,548659.0,2859977.0
GR0000001701,2021,15,1255684.0,384256.0,416259.0,3380056.0,2047112.0,157336.0,541592.0,2905796.0
GR0000001701,2022,15,1017366.0,316521.0,418075.0,3235373.0,1492585.0,119226.0,435747.0,3140501.0
GR0000001701,2023,14,1180275.0,310853.0,308266.0,4433733.0,2329021.0,121554.0,432407.0,2987978.0
GR0000001701,2024,13,1059442.0,339008.0,367635.0,2302642.0,1187690.0,130726.0,469734.0,2381545.0
GR0000001702,2020,249,6116656.0,1218189.0,5390429.0,15095043.0,8905173.0,383476.0,1601665.0,26952145.0
GR0000001702,2021,250,9585069.0,1565367.0,7427165.0,24917524.0,14683536.0,555255.0,2120622.0,38841474.0
GR0000001702,2022,250,10217996.0,1593550.0,7656312.0,31854409.0,18013259.0,606430.0,2199980.0,43018666.0
GR0000001702,2023,250,12734941.0,2547939.0,7836197.0,40231814.0,19473160.0,691796.0,3239734.0,53282066.0
GR0000001702,2024,250,13404298.0,2660819.0,7292960.0,35654901.0,19028888.0,694603.0,3355422.0,49416769.0
GR0000001703,2020,4,461476.0,123611.0,147376.0,1067183.0,427852.0,43017.0,166628.0,1009699.0
GR0000001703,2021,3,352058.0,111001.0,79718.0,696967.0,429727.0,36003.0,147004.0,804254.0
GR0000001703,2022,3,349452.0,75456.0,82562.0,951748.0,393472.0,22783.0,98239.0,916509.0
GR0000001703,2023,3,414421.0,106511.0,115878.0,1163042.0,554190.0,35705.0,142216.0,1035313.0
GR0000001703,2024,3,438074.0,146749.0,103123.0,1149800.0,712292.0,41443.0,188193.0,965931.0
GR0000001704,2020,5,85441.0,13889.0,92005.0,415005.0,209504.0,5031.0,18920.0,473926.0
GR0000001704,2021,5,71290.0,19736.0,80904.0,436766.0,280034.0,6765.0,26501.0,444800.0
GR0000001704,2022,5,66077.0,16373.0,88047.0,468770.0,289494.0,5794.0,22166.0,428339.0
GR0000001704,2023,5,90306.0,26384.0,93461.0,334507.0,173620.0,8177.0,34560.0,373842.0
GR0000001704,2024,5,40441.0,6781.0,64219.0,202200.0,116065.0,2552.0,9333.0,256875.0
GR0000001705,2021,121,6390806.0,2159873.0,4226166.0,12599204.0,6541836.0,506552.0,2666425.0,24215436.0
GR0000001705,2022,118,9516907.0,2252004.0,4075186.0,19083394.0,9576912.0,785173.0,3037177.0,34316044.0
GR0000001705,2023,122,12170604.0,3992745.0,4346650.0,24056243.0,10966917.0,1254595.0,5247340.0,35914110.0
GR0000001705,2024,121,10709251.0,2553669.0,3622536.0,28109674.0,13468016.0,564567.0,3118236.0,38932123.0
GR0000001706,2020,38,4296395.0,1526666.0,1404886.0,21382040.0,14635243.0,526797.0,2053463.0,15185007.0
GR0000001706,2021,40,3720491.0,1399373.0,1597437.0,18270710.0,9607860.0,488415.0,1887788.0,14100099.0
GR0000001706,2022,37,2256811.0,796955.0,1565492.0,14062604.0,7645629.0,259301.0,1056256.0,8697072.0
GR0000001706,2023,38,4202376.0,1464894.0,1438554.0,24597752.0,12549892.0,516834.0,1981729.0,15865298.0
GR0000001706,2024,40,2578715.0,866544.0,1584409.0,15887243.0,9507486.0,308000.0,1174544.0,10699888.0
GR0000001707,2020,91,17434379.0,8358287.0,4409514.0,181473282.0,159196994.0,2210577.0,10568864.0,41662381.0
GR0000001707,2021,92,11738688.0,5510818.0,4239290.0,124579868.0,94315374.0,1592321.0,7103138.0,27431614.0
GR0000001707,2022,92,13790245.0,6371955.0,4465004.0,120980101.0,92510794.0,1775137.0,8147092.0,23159454.0
GR0000001707,2023,84,15927896.0,6755110.0,3502613.0,157091491.0,130710336.0,2491292.0,9246402.0,29316218.0
GR0000001707,2024,87,12213117.0,5469098.0,3424552.0,89357043.0,70347065.0,1455711.0,6924810.0,29795816.0
GR0000001708,2020,175,5885400.0,2273235.0,4830792.0,17844472.0,11471360.0,516825.0,2790060.0,22775457.0
GR0000001708,2021,163,6067836.0,1497499.0,5663086.0,16054559.0,8802344.0,471392.0,1968891.0,22729918.0
GR0000001708,2022,183,19049985.0,5225002.0,4899299.0,58054495.0,39435040.0,1713094.0,6938096.0,61457369.0
GR0000001708,2023,206,19716728.0,5303040.0,7106624.0,52014066.0,29135639.0,1216772.0,6519812.0,63741654.0
GR0000001708,2024,219,14702492.0,5600965.0,8185401.0,32602606.0,21636042.0,1503717.0,7104682.0,49839025.0
GR0000001709,2020,8,636220.0,195501.0,252469.0,1149793.0,621508.0,81054.0,276555.0,1215713.0
GR0000001709,2021,8,690076.0,256171.0,253261.0,2024491.0,1069251.0,74498.0,330669.0,1651527.0
GR0000001709,2022,8,288018.0,101987.0,236469.0,810644.0,472552.0,32387.0,134373.0,701397.0
GR0000001709,2023,8,498573.0,209960.0,261144.0,1330974.0,680619.0,63988.0,273947.0,903143.0
GR0000001709,2024,8,626869.0,274896.0,202404.0,1193818.0,543345.0,78576.0,353472.0,1163969.0
GR0000001710,2020,78,16646386.0,5004183.0,3289393.0,26312061.0,11377906.0,1396304.0,6400488.0,29504588.0
GR0000001710,2021,73,19889736.0,7548493.0,3257774.0,25751500.0,12155051.0,1880115.0,9428609.0,29066979.0
GR0000001710,2022,69,20843377.0,7311179.0,3081645.0,31695345.0,14938078.0,2116050.0,9427230.0,29855206.0
GR0000001710,2023,67,16884333.0,4854006.0,2810067.0,23924781.0,8605999.0,1317763.0,6171768.0,29248325.0
GR0000001710,2024,57,9131563.0,3434723.0,2240238.0,10361069.0,4097780.0,1017643.0,4452366.0,13152476.0
GR0000001711,2020,10,805207.0,278121.0,212758.0,2731200.0,1315204.0,115200.0,393321.0,1957043.0
GR0000001711,2021,10,369810.0,103090.0,273475.0,1539083.0,836568.0,32262.0,135352.0,1152370.0
GR0000001711,2022,10,557098.0,208963.0,213761.0,1742711.0,950449.0,63701.0,272665.0,1826866.0
GR0000001711,2023,10,655984.0,204652.0,291794.0,1661205.0,813437.0,58759.0,263410.0,1656255.0
GR0000001711,2024,10,334934.0,79523.0,268704.0,1558366.0,799316.0,29715.0,109239.0,928641.0
GR0000001712,2020,4,175558.0,42370.0,86767.0,681571.0,437614.0,11309.0,53679.0,725841.0
GR0000001712,2021,4,245492.0,56543.0,94184.0,1048238.0,604551.0,14854.0,71397.0,912374.0
GR0000001712,2022,4,126132.0,33059.0,94535.0,370880.0,162181.0,6194.0,39253.0,428669.0
GR0000001712,2023,3,116534.0,40691.0,64156.0,732691.0,452828.0,9165.0,49856.0,575403.0
GR0000001712,2024,3,68791.0,21372.0,60202.0,313877.0,164422.0,4336.0,25708.0,391187.0
GR0000001713,2020,8,988452.0,326169.0,270851.0,2496176.0,1066354.0,107593.0,433762.0,2260390.0
GR0000001713,2021,9,815326.0,186509.0,264036.0,2073988.0,1229630.0,65785.0,252294.0,1833381.0
GR0000001713,2022,8,1197214.0,327945.0,277505.0,3604101.0,1566501.0,99642.0,427586.0,2988478.0
GR0000001713,2023,9,886247.0,301706.0,243906.0,2840094.0,1623945.0,80820.0,382526.0,2503775.0
GR0000001713,2024,10,1215092.0,418720.0,339004.0,2764650.0,1370264.0,128213.0,546934.0,2969011.0
GR0000001714,2020,1,59322.0,21248.0,32615.0,408527.0,284200.0,6118.0,27365.0,254981.0
GR0000001714,2021,1,45376.0,13399.0,34165.0,532989.0,355431.0,5673.0,19072.0,236486.0
GR0000001714,2022,1,48516.0,21036.0,28956.0,382930.0,252773.0,7416.0,28452.0,251732.0
GR0000001714,2023,1,22849.0,8795.0,28808.0,217060.0,122279.0,3109.0,11904.0,118587.0
GR0000001714,2024,1,32772.0,12349.0,31989.0,356248.0,197518.0,4561.0,16910.0,217280.0
GR0000001715,2020,4,222508.0,58340.0,91715.0,680483.0,347409.0,18260.0,76600.0,877753.0
GR0000001715,2021,4,175724.0,39680.0,114270.0,600448.0,364149.0,13800.0,53480.0,854365.0
GR0000001715,2022,4,124052.0,37826.0,104181.0,422132.0,225026.0,13699.0,51525.0,580841.0
GR0000001715,2023,4,177322.0,45218.0,114603.0,624282.0,349308.0,11835.0,57053.0,796926.0
GR0000001715,2024,4,184123.0,56161.0,92973.0,470314.0,241098.0,18483.0,74644.0,688130.0
GR0000001716,2020,1,78992.0,18935.0,28412.0,176693.0,84653.0,5585.0,24519.0,180383.0
GR0000001716,2021,1,36576.0,8959.0,20823.0,193835.0,107664.0,3266.0,12225.0,113303.0
GR0000001716,2022,1,26839.0,7632.0,30536.0,96317.0,53986.0,2610.0,10241.0,83871.0
GR0000001716,2023,1,26869.0,5985.0,31367.0,76274.0,34724.0,1683.0,7668.0,66749.0
GR0000001716,2024,1,30708.0,7136.0,26510.0,120418.0,62076.0,2070.0,9206.0,96184.0
GR0000001717,2020,140,22235730.0,7035467.0,6970821.0,33092828.0,15729942.0,2341329.0,9376796.0,50954414.0
GR0000001717,2021,132,29012579.0,9752337.0,5888482.0,55401794.0,25662716.0,3216852.0,12969188.0,61224285.0
GR0000001717,2022,132,24273704.0,7018782.0,5587442.0,37244753.0,19660644.0,2462506.0,9481289.0,48254624.0
GR0000001717,2023,122,23197205.0,6505296.0,4272298.0,41151726.0,17045076.0,1930148.0,8435444.0,44628366.0
GR0000001717,2024,113,17331712.0,4771423.0,5420868.0,28140474.0,14017918.0,1079152.0,5850575.0,36097788.0
GR0000001718,2020,17,285255.0,83786.0,299637.0,1664976.0,1058716.0,29956.0,113742.0,1095896.0
GR0000001718,2021,18,617129.0,106349.0,333599.0,3240934.0,2350054.0,39317.0,145666.0,2351499.0
GR0000001718,2022,17,551077.0,86290.0,243129.0,2458385.0,1605385.0,34209.0,120499.0,1635558.0
GR0000001718,2023,17,274278.0,74025.0,310647.0,1410036.0,980834.0,30424.0,104449.0,774838.0
GR0000001718,2024,20,592133.0,121479.0,363807.0,3083710.0,2094208.0,35657.0,157136.0,1535156.0
GR0000001719,2020,11,2308827.0,1126563.0,483981.0,18539708.0,15829237.0,423125.0,1549689.0,4805428.0
GR0000001719,2021,11,1657988.0,765806.0,544833.0,15957839.0,13732431.0,196616.0,962422.0,3530793.0
GR0000001719,2022,12,2776975.0,1173144.0,592215.0,16893262.0,14561427.0,455294.0,1628438.0,4730110.0
GR0000001719,2023,12,3835125.0,1875279.0,542729.0,24807097.0,19273134.0,685072.0,2560351.0,6393276.0
GR0000001719,2024,11,2243706.0,900704.0,437605.0,14681754.0,12620736.0,267873.0,1168577.0,4350465.0
GR0000001720,2020,164,51356605.0,27291579.0,10507460.0,509043626.0,412075765.0,6592743.0,33884322.0,111349619.0
GR0000001720,2021,189,44462739.0,19734430.0,8712032.0,226747994.0,182935243.0,5890901.0,25625331.0,81450198.0
GR0000001720,2022,216,74956037.0,35650556.0,11818069.0,492841473.0,431211598.0,8206455.0,43857010.0,135353951.0
GR0000001720,2023,225,94445431.0,52679047.0,10449940.0,778730171.0,678288515.0,12940098.0,65619145.0,206333695.0
GR0000001720,2024,216,111669289.0,56427033.0,9870546.0,882744894.0,720694673.0,19866547.0,76293581.0,208527645.0
GR0000001721,2020,32,3374399.0,1084452.0,1056686.0,16614277.0,11274310.0,368197.0,1452648.0,11853843.0
GR0000001721,2021,31,2286532.0,761276.0,1044481.0,13829065.0,7606203.0,245094.0,1006370.0,7871061.0
GR0000001721,2022,28,1568118.0,491360.0,1098170.0,7787630.0,4383823.0,140990.0,632349.0,5277787.0
GR0000001721,2023,27,2713091.0,1157006.0,1133621.0,13139529.0,6999407.0,384283.0,1541290.0,10424366.0
GR0000001721,2024,28,2814821.0,996811.0,1294078.0,12130904.0,6592573.0,246704.0,1243515.0,9220627.0
GR0000001722,2020,11,163516.0,25353.0,186513.0,801863.0,560340.0,8516.0,33869.0,633045.0
GR0000001722,2021,12,214361.0,47927.0,187938.0,1056561.0,811235.0,19912.0,67840.0,719434.0
GR0000001722,2022,11,320240.0,63586.0,164078.0,1441045.0,909477.0,23942.0,87528.0,1060945.0
GR0000001722,2023,10,214312.0,62938.0,158983.0,1352544.0,945644.0,22444.0,85382.0,557040.0
GR0000001722,2024,11,378717.0,81507.0,174898.0,1784231.0,1142325.0,33360.0,114867.0,1063538.0
GR0000001723,2020,4,1471580.0,553062.0,156001.0,2453916.0,850001.0,182133.0,735195.0,2646740.0
GR0000001723,2021,3,628056.0,254173.0,115404.0,926765.0,359422.0,69904.0,324077.0,996217.0
GR0000001723,2022,3,1045917.0,357345.0,109586.0,1291195.0,506131.0,87174.0,444519.0,1499377.0
GR0000001723,2023,3,503975.0,182032.0,93954.0,759555.0,302881.0,44574.0,226606.0,956895.0
GR0000001723,2024,3,1336122.0,393735.0,121123.0,1817800.0,789661.0,107823.0,501558.0,2140983.0
GR0000001724,2020,13,152153.0,39783.0,113573.0,246690.0,183884.0,15442.0,55225.0,567863.0
GR0000001724,2021,14,257695.0,53982.0,246460.0,538926.0,309403.0,16851.0,70833.0,1232302.0
GR0000001724,2022,15,139024.0,20566.0,114295.0,219003.0,127644.0,8774.0,29339.0,571477.0
GR0000001724,2023,15,176547.0,46079.0,139591.0,313914.0,185479.0,15592.0,61671.0,697954.0
GR0000001724,2024,15,213307.0,40020.0,165114.0,462457.0,269905.0,11719.0,51739.0,825572.0
GR0000001725,2023,30,3688991.0,1305088.0,979863.0,6623215.0,3219546.0,357866.0,1662954.0,5950121.0
GR0000001725,2024,27,3647055.0,1325398.0,824351.0,5156841.0,1827898.0,388105.0,1713503.0,5645488.0
GR0000001726,2020,5,576678.0,185660.0,203988.0,3213666.0,1962388.0,58389.0,244048.0,2090969.0
GR0000001726,2021,5,429327.0,141911.0,168510.0,2404774.0,1423885.0,54914.0,196825.0,2068896.0
GR0000001726,2022,5,244272.0,104799.0,223192.0,1765629.0,950371.0,35905.0,140704.0,1041295.0
GR0000001726,2023,5,466322.0,144400.0,197166.0,3064364.0,1608158.0,46955.0,191355.0,1630006.0
GR0000001726,2024,5,574513.0,214974.0,156070.0,3889776.0,1946116.0,70906.0,285881.0,2326245.0
GR0000001727,2020,39,2020885.0,450515.0,1301798.0,5209289.0,2923750.0,137650.0,588166.0,7322150.0
GR0000001727,2021,39,1148598.0,179143.0,1018829.0,3168491.0,2007208.0,57238.0,236381.0,4437107.0
GR0000001727,2022,40,2480303.0,530387.0,1269330.0,5185755.0,2470224.0,124020.0,654408.0,9177021.0
GR0000001727,2023,38,1730448.0,252986.0,1009223.0,4864937.0,2951189.0,70881.0,323867.0,6910974.0
GR0000001727,2024,31,1826142.0,463260.0,977351.0,5377971.0,2665659.0,148430.0,611689.0,8493246.0
GR0000001728,2020,3,50068.0,9657.0,53223.0,257084.0,134391.0,3145.0,12802.0,212891.0
GR0000001728,2021,3,54347.0,14845.0,55148.0,277711.0,143309.0,5502.0,20347.0,230375.0
GR0000001728,2022,3,22061.0,4409.0,36553.0,130743.0,81463.0,1348.0,5756.0,146213.0
GR0000001728,2023,3,49142.0,10548.0,61226.0,324889.0,195832.0,3526.0,14074.0,281326.0
GR0000001728,2024,3,34912.0,5955.0,44925.0,164534.0,101128.0,2066.0,8022.0,179699.0
GR0000001729,2020,43,5471403.0,2035875.0,1583847.0,146068988.0,118957073.0,812626.0,2848501.0,15453058.0
GR0000001729,2021,48,5095667.0,1928899.0,1855892.0,58787254.0,46914672.0,746993.0,2675892.0,13070086.0
GR0000001729,2022,44,5351383.0,2221138.0,1692233.0,37857552.0,30420414.0,754116.0,2975254.0,10828565.0
GR0000001729,2023,49,6840619.0,3516209.0,1945629.0,63022487.0,52302604.0,1267460.0,4783669.0,15511902.0
GR0000001729,2024,45,6268958.0,2557618.0,1625610.0,106439631.0,85846687.0,988804.0,3546422.0,13590008.0
GR0000001730,2020,7,275788.0,63871.0,156130.0,1044860.0,760896.0,21390.0,85261.0,980706.0
GR0000001730,2021,7,260105.0,66316.0,207964.0,767872.0,514132.0,21224.0,87539.0,904611.0
GR0000001730,2022,7,362512.0,103141.0,182088.0,1198743.0,748410.0,37588.0,140729.0,1555960.0
GR0000001730,2023,6,390185.0,119699.0,135294.0,1319233.0,782477.0,41938.0,161637.0,1518855.0
GR0000001730,2024,7,389941.0,100318.0,140376.0,1663661.0,928264.0,36762.0,137080.0,1584549.0
GR0000001731,2023,10,266216.0,101119.0,285427.0,2190455.0,1480439.0,37517.0,138636.0,1378728.0
GR0000001731,2024,9,261096.0,95470.0,263514.0,2236221.0,1342734.0,35713.0,131184.0,1483355.0
GR0000001732,2020,2,217865.0,104148.0,65019.0,2542186.0,2061903.0,33330.0,137477.0,512195.0
GR0000001732,2021,2,221550.0,87286.0,78973.0,3717375.0,2746636.0,27297.0,114583.0,511647.0
GR0000001732,2022,2,119508.0,52780.0,75020.0,964934.0,747917.0,15849.0,68629.0,287631.0
GR0000001732,2023,2,175160.0,70415.0,65414.0,1330246.0,1078568.0,21058.0,91473.0,409361.0
GR0000001732,2024,2,113330.0,52407.0,68418.0,2489250.0,2006324.0,18404.0,70811.0,264230.0
GR0000001733,2020,126,30955186.0,11444186.0,4643477.0,52072471.0,18274451.0,3695539.0,15139724.0,59590965.0
GR0000001733,2021,120,17598751.0,7865069.0,4691679.0,23708021.0,10272623.0,2035018.0,9900087.0,26004567.0
GR0000001733,2022,135,27530571.0,9621122.0,4061542.0,41447199.0,18782143.0,3724534.0,13345656.0,47971493.0
GR0000001733,2023,159,37526534.0,13428422.0,7128501.0,53105437.0,23266822.0,3721449.0,17149871.0,55280290.0
GR0000001733,2024,162,26453119.0,9109770.0,5918824.0,35317251.0,14938326.0,3237382.0,12347152.0,47169961.0
GR0000001734,2020,1,19814.0,5630.0,20111.0,87156.0,47873.0,2079.0,7709.0,81849.0
GR0000001734,2021,1,22457.0,5934.0,19698.0,112817.0,63071.0,1675.0,7609.0,92990.0
GR0000001734,2022,1,9364.0,3474.0,17869.0,55474.0,35094.0,998.0,4472.0,59562.0
GR0000001734,2023,1,23972.0,6696.0,23695.0,130284.0,89195.0,2326.0,9022.0,133554.0
GR0000001734,2024,1,28840.0,10429.0,21863.0,123730.0,61942.0,3546.0,13975.0,131208.0
GR0000001735,2020,7,237850.0,57954.0,128816.0,914626.0,566406.0,18247.0,76201.0,955902.0
GR0000001735,2021,6,159924.0,48509.0,133231.0,1258763.0,745929.0,15408.0,63917.0,987306.0
GR0000001735,2022,6,116789.0,30532.0,125388.0,657372.0,387022.0,10960.0,41492.0,762023.0
GR0000001735,2023,6,92004.0,31768.0,145091.0,490263.0,337697.0,13569.0,45337.0,515172.0
GR0000001735,2024,5,44716.0,16037.0,85226.0,231021.0,134671.0,4837.0,20873.0,284088.0
GR0000001736,2020,5,176074.0,41636.0,97297.0,244565.0,170008.0,11533.0,53169.0,540539.0
GR0000001736,2021,5,185182.0,42346.0,106022.0,285995.0,187664.0,13878.0,56224.0,589013.0
GR0000001736,2022,5,288410.0,75752.0,130583.0,390624.0,228635.0,26040.0,101792.0,1035375.0
GR0000001736,2023,4,145150.0,28455.0,82354.0,180351.0,109008.0,7737.0,36192.0,466041.0
GR0000001736,2024,4,96445.0,17460.0,62442.0,148804.0,79733.0,4998.0,22458.0,346900.0
GR0000001737,2024,1,11393.0,2734.0,22226.0,68963.0,46275.0,709.0,3443.0,69523.0
GR0000001738,2020,127,14120407.0,3220921.0,2650664.0,58596676.0,30210205.0,1051377.0,4272299.0,36455889.0
GR0000001738,2021,140,10573161.0,2861751.0,3903870.0,34201366.0,23862888.0,904477.0,3766229.0,25420736.0
GR0000001738,2022,163,19399546.0,4762345.0,3370891.0,58198553.0,32321900.0,1133942.0,5896287.0,43550644.0
GR0000001738,2023,186,19421527.0,3388807.0,4014090.0,76685564.0,50399419.0,1041268.0,4430075.0,51610465.0
GR0000001738,2024,191,14166000.0,3796157.0,4078064.0,33230473.0,17276604.0,1009773.0,4805930.0,29817534.0
GR0000001739,2023,3,52173.0,15493.0,51844.0,237586.0,176264.0,6545.0,22038.0,240333.0
GR0000001739,2024,2,13867.0,3445.0,31600.0,85443.0,62702.0,1152.0,4597.0,78999.0
GR0000001740,2022,5,113885.0,25270.0,97179.0,624962.0,377357.0,10073.0,35343.0,322594.0
GR0000001740,2023,5,132252.0,36973.0,73704.0,750359.0,521312.0,10557.0,47530.0,354455.0
GR0000001740,2024,5,91204.0,22833.0,74299.0,390934.0,259530.0,7784.0,30617.0,273671.0
GR0000001741,2020,191,12842118.0,4707887.0,5031422.0,36659164.0,20164747.0,1301644.0,6009531.0,33507408.0
GR0000001741,2021,181,15683022.0,5873987.0,5736927.0,44051589.0,19643026.0,1843677.0,7717664.0,40465235.0
GR0000001741,2022,165,23891897.0,6874473.0,4591646.0,48461325.0,25625535.0,2215215.0,9089688.0,51565640.0
GR0000001741,2023,151,22215759.0,6353021.0,4368756.0,58775459.0,23677334.0,1801872.0,8154893.0,58049603.0
GR0000001741,2024,144,23461865.0,7322248.0,5432580.0,46791767.0,27791556.0,2008976.0,9331224.0,51068377.0
GR0000001742,2020,8,462424.0,113932.0,169777.0,1861391.0,1039057.0,34408.0,148340.0,1612957.0
GR0000001742,2021,7,277981.0,74738.0,152505.0,1018059.0,711002.0,21450.0,96189.0,1154690.0
GR0000001742,2022,6,197124.0,55578.0,158008.0,801674.0,444028.0,15984.0,71562.0,870038.0
GR0000001742,2023,5,165016.0,56894.0,131559.0,783023.0,516293.0,15096.0,71990.0,819580.0
GR0000001742,2024,5,105715.0,31909.0,123947.0,365268.0,257814.0,10937.0,42847.0,496567.0
GR0000001743,2020,2,192536.0,63741.0,68113.0,404956.0,227425.0,21457.0,85198.0,403586.0
GR0000001743,2021,1,104610.0,47123.0,27189.0,181321.0,107700.0,13901.0,61024.0,186316.0
GR0000001743,2022,1,120561.0,49612.0,32038.0,257625.0,142171.0,20141.0,69752.0,263817.0
GR0000001743,2023,1,141896.0,51225.0,34042.0,309547.0,142429.0,16050.0,67275.0,258413.0
GR0000001743,2024,1,65225.0,24832.0,29968.0,176057.0,74675.0,9077.0,33909.0,145722.0
GR0000001744,2020,2,34120.0,5137.0,30875.0,68849.0,50620.0,2166.0,7303.0,154373.0
GR0000001744,2021,2,38624.0,6891.0,28765.0,81762.0,58241.0,2362.0,9253.0,143826.0
GR0000001744,2022,2,22505.0,6330.0,21070.0,50788.0,32809.0,1792.0,8122.0,105349.0
GR0000001744,2023,1,16864.0,2596.0,14743.0,30215.0,17918.0,777.0,3373.0,73714.0
GR0000001744,2024,1,15620.0,4036.0,13737.0,38082.0,24884.0,1462.0,5498.0,68684.0
GR0000001745,2020,103,63475144.0,30692851.0,5797621.0,475610458.0,392640640.0,8131440.0,38824291.0,104703966.0
GR0000001745,2021,95,38163235.0,16338903.0,5946843.0,266703639.0,201550620.0,5482810.0,21821713.0,75879584.0
GR0000001745,2022,83,29207338.0,11719096.0,5310739.0,181477152.0,158083457.0,3840397.0,15559493.0,43143292.0
GR0000001745,2023,92,45741200.0,20905880.0,4476446.0,352819630.0,276414556.0,7061076.0,27966956.0,89091723.0
GR0000001745,2024,99,53670308.0,20214764.0,5823481.0,402455580.0,311816986.0,5552345.0,25767109.0,86719599.0
GR0000001746,2020,358,12459364.0,3118093.0,10639731.0,29013934.0,16580923.0,889553.0,4007646.0,55349557.0
GR0000001746,2021,334,15689319.0,3998155.0,11470449.0,42702009.0,25567214.0,1020812.0,5018968.0,71810952.0
GR0000001746,2022,300,15705388.0,4096511.0,11422098.0,35705748.0,20731604.0,1250192.0,5346703.0,77496174.0
GR0000001746,2023,340,17941907.0,3502625.0,12924104.0,29309741.0,13629152.0,1103068.0,4605693.0,60751615.0
GR0000001746,2024,324,26622346.0,6918637.0,10188559.0,56177718.0,36264637.0,2022357.0,8940994.0,99116334.0
GR0000001747,2020,4,431760.0,107548.0,92757.0,1119433.0,582889.0,37384.0,144932.0,1005034.0
GR0000001747,2021,4,157696.0,54205.0,91222.0,516045.0,282975.0,17267.0,71472.0,374737.0
GR0000001747,2022,4,341600.0,101265.0,114991.0,1162679.0,765763.0,30485.0,131750.0,1045130.0
GR0000001747,2023,4,126493.0,42394.0,116313.0,609977.0,321989.0,10808.0,53202.0,357615.0
GR0000001747,2024,4,477336.0,130222.0,120849.0,1322408.0,794498.0,47580.0,177802.0,1017246.0
GR0000001748,2022,1,26283.0,8265.0,20101.0,134973.0,91729.0,2322.0,10587.0,102375.0
GR0000001748,2023,1,7084.0,1870.0,14531.0,40631.0,30090.0,558.0,2428.0,36328.0
GR0000001748,2024,1,18027.0,6169.0,24271.0,93164.0,67588.0,1834.0,8003.0,91776.0
GR0000001749,2020,1,31886.0,8224.0,19222.0,148831.0,96960.0,2211.0,10436.0,101638.0
GR0000001749,2021,1,37347.0,7791.0,24667.0,171084.0,126600.0,2099.0,9890.0,132548.0
GR0000001749,2022,1,17994.0,4833.0,23109.0,63848.0,41060.0,895.0,5728.0,67101.0
GR0000001749,2023,1,20775.0,5471.0,20502.0,83703.0,72335.0,1312.0,6784.0,78812.0
GR0000001749,2024,1,20084.0,5621.0,19897.0,122677.0,86777.0,1216.0,6837.0,91209.0
GR0000001750,2020,3,242588.0,88345.0,81050.0,670194.0,374565.0,32486.0,120831.0,558626.0
GR0000001750,2021,2,95087.0,36332.0,53033.0,328256.0,179508.0,10763.0,47096.0,240289.0
GR0000001750,2022,2,105169.0,23582.0,55430.0,390017.0,233581.0,9897.0,33479.0,283841.0
GR0000001750,2023,2,135977.0,45639.0,53475.0,576510.0,294648.0,18746.0,64385.0,396672.0
GR0000001750,2024,2,126315.0,34356.0,52043.0,287999.0,172393.0,13604.0,47959.0,281468.0
GR0000001751,2020,154,9615102.0,3954810.0,5418252.0,67288250.0,39109146.0,1296727.0,5251538.0,35327650.0
GR0000001751,2021,171,16938499.0,5328623.0,6423915.0,90586594.0,54472914.0,1953395.0,7282018.0,70898246.0
GR0000001751,2022,181,16309862.0,5306959.0,7128620.0,87830107.0,47950776.0,1968687.0,7275646.0,66286274.0
GR0000001751,2023,206,10409107.0,3838755.0,7253730.0,45222032.0,30896680.0,1208594.0,5047349.0,38662993.0
GR0000001751,2024,234,15344311.0,6526828.0,10504855.0,97114036.0,64796192.0,2325416.0,8852244.0,64649611.0
GR0000001752,2023,7,99942.0,25741.0,72003.0,232189.0,143876.0,9322.0,35063.0,360017.0
GR0000001752,2024,7,58748.0,10720.0,41428.0,98672.0,63309.0,3650.0,14370.0,207142.0
GR0000001753,2020,2,210685.0,67638.0,51011.0,416434.0,198012.0,28816.0,96454.0,459864.0
GR0000001753,2021,2,102079.0,43864.0,56003.0,258500.0,139797.0,17376.0,61240.0,206803.0
GR0000001753,2022,2,235615.0,74737.0,61079.0,451917.0,245282.0,24895.0,99631.0,447425.0
GR0000001753,2023,1,101778.0,34914.0,27472.0,166503.0,76422.0,12500.0,47413.0,185637.0
GR0000001753,2024,1,105446.0,32685.0,28448.0,205431.0,106872.0,12777.0,45462.0,236228.0
GR0000001754,2020,9,243172.0,82176.0,237368.0,3077448.0,2223477.0,27239.0,109415.0,1390371.0
GR0000001754,2021,9,263136.0,96963.0,283794.0,2367171.0,1728448.0,31983.0,128946.0,1193178.0
GR0000001754,2022,10,502355.0,205913.0,301311.0,4477309.0,2949617.0,62237.0,268150.0,2223993.0
GR0000001754,2023,10,496005.0,191385.0,313050.0,5429915.0,3430266.0,60918.0,252303.0,2511286.0
GR0000001754,2024,9,431522.0,149726.0,234263.0,5968185.0,3469995.0,43352.0,193078.0,2422180.0
GR0000001755,2020,23,599475.0,143289.0,454729.0,2269865.0,1201144.0,49005.0,192294.0,3022457.0
GR0000001755,2021,24,568242.0,151711.0,553541.0,2960838.0,1778708.0,48021.0,199732.0,3052400.0
GR0000001755,2022,23,712595.0,136699.0,586043.0,3227626.0,1690977.0,39097.0,175796.0,3615114.0
GR0000001755,2023,22,799178.0,120450.0,511917.0,2951220.0,1423759.0,45361.0,165810.0,3765764.0
GR0000001755,2024,21,870971.0,175527.0,414295.0,2426534.0,1228798.0,45950.0,221478.0,3474648.0
GR0000001756,2020,6,745712.0,243394.0,183600.0,1461516.0,618370.0,89708.0,333102.0,1549504.0
GR0000001756,2021,5,474333.0,209338.0,168826.0,1344100.0,566673.0,62631.0,271970.0,1080392.0
GR0000001756,2022,4,461154.0,184830.0,105887.0,1150949.0,602324.0,60858.0,245687.0,827315.0
GR0000001756,2023,4,376083.0,122810.0,105380.0,911219.0,416878.0,38949.0,161758.0,642094.0
GR0000001756,2024,4,386338.0,147825.0,136281.0,621190.0,332161.0,59193.0,207018.0,694479.0
GR0000001757,2020,63,3981197.0,616140.0,1697186.0,9805408.0,5160120.0,234875.0,851015.0,15172790.0
GR0000001757,2021,67,1917727.0,324158.0,1787436.0,4702853.0,2749271.0,91189.0,415347.0,8643082.0
GR0000001757,2022,79,3926594.0,856727.0,2450687.0,10174737.0,5965989.0,233360.0,1090087.0,17022870.0
GR0000001757,2023,80,3616771.0,824194.0,1963211.0,8129885.0,4364996.0,260663.0,1084857.0,13647906.0
GR0000001757,2024,78,4595750.0,897106.0,2447170.0,19394297.0,9915590.0,347477.0,1244584.0,22420107.0
GR0000001758,2020,25,3244141.0,988968.0,623306.0,6108739.0,2963641.0,252844.0,1241812.0,5992041.0
GR0000001758,2021,21,1939695.0,648374.0,584157.0,7387692.0,4896033.0,160821.0,809195.0,4910321.0
GR0000001758,2022,15,1033931.0,309779.0,335582.0,2608804.0,1928736.0,83432.0,393211.0,2546274.0
GR0000001758,2023,17,1264579.0,364510.0,499239.0,4781388.0,1888778.0,81210.0,445720.0,2946153.0
GR0000001758,2024,15,927999.0,235286.0,407577.0,1715026.0,1088986.0,55776.0,291062.0,1763264.0
GR0000001759,2020,3,29595.0,4797.0,29957.0,152990.0,86718.0,1441.0,6238.0,119829.0
GR0000001759,2021,3,26283.0,5570.0,43052.0,168113.0,116405.0,2074.0,7644.0,172207.0
GR0000001759,2022,3,53485.0,9221.0,54813.0,240764.0,164320.0,2829.0,12050.0,219252.0
GR0000001759,2023,3,16094.0,4305.0,23870.0,94783.0,59498.0,1266.0,5571.0,95479.0
GR0000001759,2024,3,38463.0,6238.0,56648.0,217815.0,150066.0,2314.0,8551.0,226592.0
GR0000001760,2020,6,163970.0,36559.0,151845.0,573872.0,267450.0,11749.0,48308.0,740721.0
GR0000001760,2021,6,93318.0,24861.0,109623.0,456533.0,282383.0,8614.0,33475.0,498285.0
GR0000001760,2022,5,122973.0,37834.0,94218.0,364550.0,235042.0,10550.0,48384.0,480763.0
GR0000001760,2023,5,131796.0,26791.0,111130.0,564005.0,357595.0,8727.0,35517.0,651635.0
GR0000001760,2024,4,96317.0,26219.0,82337.0,344255.0,204044.0,9382.0,35600.0,509432.0
GR0000001761,2024,10,735876.0,221370.0,222084.0,2385419.0,1513434.0,64334.0,285704.0,1784703.0
GR0000001762,2021,243,11982222.0,4358603.0,7903318.0,23973375.0,11574678.0,1157318.0,5515922.0,36012541.0
GR0000001762,2022,250,19248163.0,6259991.0,8325173.0,34205790.0,20145220.0,1901928.0,8161919.0,55488261.0
GR0000001762,2023,250,13496718.0,4026105.0,7425844.0,26893325.0,14997897.0,1020129.0,5046234.0,42271425.0
GR0000001762,2024,250,15095938.0,3389030.0,6616118.0,44317481.0,19166313.0,1222877.0,4611906.0,54303536.0
GR0000001763,2020,113,3436495.0,773187.0,2370765.0,12800854.0,7347183.0,262985.0,1036172.0,15031248.0
GR0000001763,2021,106,5995953.0,1114215.0,2336040.0,20036140.0,11331078.0,320362.0,1434577.0,21309545.0
GR0000001763,2022,110,2716536.0,522285.0,2263174.0,11077659.0,5720530.0,166222.0,688507.0,13655377.0
GR0000001763,2023,91,3973387.0,1131918.0,2257027.0,11569531.0,5404390.0,309361.0,1441279.0,14713270.0
GR0000001763,2024,96,2953762.0,441112.0,2392809.0,10847419.0,7732539.0,134940.0,576052.0,12977896.0
GR0000001764,2020,86,20022753.0,8068396.0,2786522.0,30459238.0,14793360.0,2807232.0,10875628.0,35231337.0
GR0000001764,2021,79,13297253.0,4280336.0,3449292.0,26422187.0,12172379.0,1306021.0,5586357.0,25145156.0
GR0000001764,2022,92,23338410.0,9225795.0,3833417.0,31186416.0,11793676.0,3216031.0,12441827.0,36994997.0
GR0000001764,2023,96,13567977.0,5305601.0,3219639.0,17904118.0,8108281.0,1891827.0,7197428.0,19489476.0
GR0000001764,2024,99,30870886.0,12806131.0,3129505.0,42576857.0,21943182.0,3403653.0,16209784.0,49779397.0
GR0000001765,2024,7,74619.0,24845.0,123542.0,286182.0,174788.0,8448.0,33292.0,308854.0
GR0000001766,2020,45,5804832.0,1853953.0,2090501.0,22984193.0,11116109.0,424287.0,2278240.0,16549224.0
GR0000001766,2021,45,5791663.0,1814822.0,2445154.0,30821283.0,17275854.0,516354.0,2331177.0,21874609.0
GR0000001766,2022,45,6618390.0,2439120.0,2509444.0,30418645.0,15401715.0,521449.0,2960569.0,20615113.0
GR0000001766,2023,49,8258563.0,2559942.0,2960863.0,31781556.0,18961213.0,809208.0,3369150.0,24478486.0
GR0000001766,2024,50,5762443.0,1885821.0,2279738.0,28042152.0,17869520.0,653489.0,2539310.0,18647929.0
GR0000001767,2023,23,491589.0,167995.0,512040.0,1774817.0,1167565.0,70477.0,238472.0,2039627.0
GR0000001767,2024,21,280483.0,65804.0,408328.0,1367882.0,1017661.0,27035.0,92839.0,1564861.0
GR0000001768,2023,3,156945.0,32342.0,88014.0,437320.0,222980.0,7628.0,39970.0,546757.0
GR0000001768,2024,2,112304.0,17160.0,45582.0,267167.0,132250.0,4146.0,21306.0,515313.0
GR0000001769,2022,32,504771.0,141439.0,362274.0,986971.0,629355.0,51794.0,193233.0,1811371.0
GR0000001769,2023,32,498720.0,122291.0,385485.0,1082488.0,706299.0,48556.0,170847.0,1927426.0
GR0000001769,2024,29,634439.0,106082.0,504926.0,1312273.0,861090.0,40659.0,146741.0,2524628.0
GR0000001770,2020,6,326114.0,99561.0,131040.0,1066083.0,584301.0,29621.0,129182.0,1127035.0
GR0000001770,2021,6,332966.0,103490.0,135078.0,899831.0,652197.0,32036.0,135527.0,1259392.0
GR0000001770,2022,5,279810.0,63212.0,153487.0,1098093.0,737591.0,16403.0,79615.0,1182289.0
GR0000001770,2023,3,83664.0,23373.0,83167.0,211269.0,168249.0,6488.0,29862.0,322014.0
GR0000001770,2024,3,122982.0,33639.0,83675.0,470878.0,325323.0,7638.0,41276.0,478105.0
GR0000001771,2020,2,27601.0,8350.0,38932.0,197275.0,111878.0,2594.0,10943.0,166007.0
GR0000001771,2021,2,47241.0,13875.0,34248.0,218717.0,147082.0,4123.0,17998.0,190243.0
GR0000001771,2022,1,16189.0,3495.0,19576.0,73277.0,42253.0,1268.0,4763.0,90157.0
GR0000001771,2023,1,6801.0,1118.0,9461.0,31796.0,18194.0,330.0,1448.0,37843.0
GR0000001771,2024,1,12267.0,2148.0,13724.0,60315.0,38591.0,847.0,2995.0,54896.0
GR0000001772,2020,37,858295.0,235431.0,698273.0,1999060.0,1118935.0,80177.0,315608.0,3491365.0
GR0000001772,2021,40,576413.0,157648.0,435087.0,1035717.0,755536.0,55450.0,213098.0,2175437.0
GR0000001772,2022,37,383306.0,64554.0,315586.0,676531.0,432141.0,18839.0,83394.0,1577928.0
GR0000001772,2023,39,1046307.0,230535.0,829459.0,2339172.0,1361108.0,92112.0,322647.0,4165937.0
GR0000001772,2024,45,873479.0,251011.0,817606.0,1512770.0,1058543.0,90707.0,341718.0,4088031.0
GR0000001773,2020,31,849465.0,193472.0,711217.0,2483893.0,1277359.0,72779.0,266251.0,3232804.0
GR0000001773,2021,34,559057.0,108221.0,646584.0,2647822.0,1254885.0,32826.0,141048.0,2939020.0
GR0000001773,2022,39,1565042.0,271681.0,942368.0,5554455.0,2661072.0,72981.0,344662.0,5916351.0
GR0000001773,2023,40,913085.0,175269.0,759200.0,3401502.0,1569696.0,51484.0,226753.0,3982259.0
GR0000001773,2024,39,589584.0,121312.0,679777.0,2713040.0,1554135.0,39415.0,160727.0,3089896.0
GR0000001774,2020,2,33052.0,10679.0,32475.0,179852.0,140739.0,3081.0,13760.0,181056.0
GR0000001774,2021,2,33775.0,11933.0,44010.0,205139.0,132923.0,3419.0,15352.0,174733.0
GR0000001774,2022,2,23395.0,8011.0,36144.0,130149.0,85126.0,3085.0,11096.0,130072.0
GR0000001774,2023,2,37182.0,13797.0,42481.0,194163.0,148845.0,4638.0,18435.0,162459.0
GR0000001774,2024,2,23992.0,5857.0,45923.0,157937.0,111600.0,2078.0,7935.0,147499.0
GR0000001775,2020,1384,225537825.0,78827564.0,50984017.0,375702283.0,170153345.0,18156561.0,96984125.0,423931303.0
GR0000001775,2021,1500,185122085.0,43685041.0,52940912.0,287697758.0,102689977.0,12302335.0,55987375.0,383750695.0
GR0000001775,2022,1500,227806195.0,84282546.0,59596247.0,348356542.0,178364261.0,27929824.0,112212370.0,434671163.0
GR0000001775,2023,1350,253874643.0,76787089.0,55774974.0,349961258.0,174909472.0,21293815.0,98080904.0,503024953.0
GR0000001775,2024,1350,278674720.0,106321325.0,61840699.0,424251654.0,183560461.0,31968475.0,138289800.0,581130104.0
GR0000001776,2020,10,268365.0,70414.0,242258.0,1027673.0,566389.0,26024.0,96438.0,1337691.0
GR0000001776,2021,10,268607.0,62617.0,200835.0,1385709.0,971618.0,22451.0,85068.0,1622156.0
GR0000001776,2022,10,209545.0,59071.0,216134.0,1031213.0,736810.0,22509.0,81580.0,1213572.0
GR0000001776,2023,10,163783.0,31650.0,185919.0,769973.0,425936.0,9584.0,41234.0,743980.0
GR0000001776,2024,10,105085.0,31421.0,201889.0,530801.0,306684.0,10592.0,42013.0,672962.0
GR0000001777,2021,158,10947328.0,4580690.0,6871830.0,50582044.0,30350312.0,1525659.0,6106349.0,38845440.0
GR0000001777,2022,144,8547010.0,3964271.0,5787667.0,52145796.0,30269819.0,1122492.0,5086763.0,37722285.0
GR0000001777,2023,163,9622976.0,3372780.0,5859032.0,46862747.0,27227330.0,917810.0,4290590.0,36387814.0
GR0000001777,2024,179,10395699.0,4077372.0,7460652.0,65187143.0,39911041.0,1114739.0,5192111.0,43265527.0
GR0000001778,2023,66,6792335.0,2620280.0,2474928.0,12611415.0,6211251.0,589499.0,3209779.0,16541376.0
GR0000001778,2024,71,5280733.0,1649712.0,2690354.0,7643757.0,3082456.0,607938.0,2257650.0,11329256.0
GR0000001779,2020,78,6296351.0,2197404.0,2002636.0,20934914.0,9563618.0,611825.0,2809229.0,21249843.0
GR0000001779,2021,68,5118003.0,1193712.0,1881801.0,13030173.0,6023281.0,363424.0,1557136.0,18413607.0
GR0000001779,2022,69,4553903.0,1100756.0,1644732.0,16150929.0,7990084.0,361758.0,1462514.0,21112893.0
GR0000001779,2023,70,2643843.0,680197.0,1692562.0,7692425.0,3507491.0,184411.0,864609.0,8892651.0
GR0000001779,2024,66,2983525.0,953100.0,1672381.0,10931990.0,6843150.0,329081.0,1282181.0,11815977.0
GR0000001780,2020,29,5197284.0,2020088.0,1000346.0,7770055.0,3104409.0,632258.0,2652346.0,9363379.0
GR0000001780,2021,28,6560470.0,2433945.0,859945.0,10414721.0,4595052.0,717511.0,3151456.0,12235185.0
GR0000001780,2022,33,5683453.0,1824659.0,1437020.0,7017844.0,2606417.0,511641.0,2336300.0,8229161.0
GR0000001780,2023,32,6444570.0,2182098.0,1219380.0,13664760.0,5819229.0,615340.0,2797438.0,12639059.0
GR0000001780,2024,30,7287691.0,2342788.0,1086991.0,10021963.0,4938756.0,588432.0,2931220.0,12889594.0
GR0000001781,2020,7,358741.0,92380.0,153097.0,1058494.0,821579.0,23484.0,115864.0,1098665.0
GR0000001781,2021,5,160199.0,41399.0,125210.0,394578.0,291330.0,8779.0,50178.0,574020.0
GR0000001781,2022,3,140669.0,26296.0,82485.0,456343.0,272082.0,5250.0,31546.0,571221.0
GR0000001781,2023,3,186397.0,35347.0,80322.0,524420.0,320596.0,7055.0,42403.0,676726.0
GR0000001781,2024,3,193981.0,35933.0,80808.0,451961.0,271121.0,7534.0,43467.0,616630.0
GR0000001782,2020,71,3335039.0,900372.0,1888160.0,8357685.0,3677798.0,223850.0,1124222.0,11413161.0
GR0000001782,2021,79,8563849.0,2308744.0,2272079.0,20109787.0,9944342.0,757721.0,3066465.0,31391819.0
GR0000001782,2022,94,10802326.0,3458878.0,2608582.0,24538322.0,10523812.0,1340980.0,4799858.0,34250958.0
GR0000001782,2023,97,10291311.0,2694180.0,3064230.0,23662029.0,12800564.0,642348.0,3336528.0,40046580.0
GR0000001782,2024,100,10959226.0,2931709.0,2987871.0,24690237.0,14205605.0,851859.0,3783568.0,34861540.0
GR0000001783,2020,193,17049878.0,3139516.0,5304697.0,52770816.0,30289406.0,780706.0,3920222.0,43909785.0
GR0000001783,2021,169,17903231.0,5272083.0,3587595.0,43624422.0,23716373.0,1543054.0,6815137.0,45780685.0
GR0000001783,2022,158,8939947.0,1873834.0,4414085.0,27706978.0,14747761.0,498045.0,2371880.0,21084584.0
GR0000001783,2023,150,16309633.0,3961316.0,4511955.0,47977918.0,25759576.0,1133186.0,5094503.0,38352081.0
GR0000001783,2024,155,11363883.0,2643439.0,3498852.0,32383467.0,19518288.0,860097.0,3503536.0,26741368.0
GR0000001784,2020,3,106576.0,16748.0,44549.0,368932.0,239587.0,6891.0,23640.0,298012.0
GR0000001784,2021,3,95017.0,24299.0,44803.0,581082.0,417179.0,7008.0,31307.0,375732.0
GR0000001784,2022,3,48642.0,11557.0,49544.0,195945.0,144141.0,4741.0,16298.0,150589.0
GR0000001784,2023,3,130049.0,21360.0,55387.0,591997.0,429893.0,7782.0,29142.0,396465.0
GR0000001784,2024,3,53135.0,14549.0,59722.0,238577.0,151808.0,5325.0,19874.0,155300.0
GR0000001785,2020,6,1714164.0,664647.0,183015.0,2222233.0,935340.0,246069.0,910716.0,2644253.0
GR0000001785,2021,6,961369.0,404000.0,180578.0,1591860.0,631098.0,150998.0,554998.0,1658678.0
GR0000001785,2022,6,723640.0,322013.0,256055.0,1298190.0,703310.0,96779.0,418792.0,1405630.0
GR0000001785,2023,6,1674508.0,669853.0,243603.0,2450371.0,1212290.0,171603.0,841456.0,3063128.0
GR0000001785,2024,6,838054.0,257563.0,215137.0,1102088.0,455389.0,79549.0,337112.0,1526622.0
GR0000001786,2020,95,10526912.0,2569146.0,4684663.0,23286293.0,9529537.0,768264.0,3337411.0,23935711.0
GR0000001786,2021,100,21528051.0,5863133.0,3787744.0,28896603.0,13951212.0,1441589.0,7304722.0,43332988.0
GR0000001786,2022,100,18783176.0,4350178.0,3876383.0,34281007.0,13175585.0,1574552.0,5924730.0,35552122.0
GR0000001786,2023,100,12746750.0,3594981.0,4861366.0,19284282.0,8629206.0,1219107.0,4814088.0,29339951.0
GR0000001786,2024,100,17217777.0,4600708.0,3817049.0,29542988.0,12650318.0,1663705.0,6264413.0,32326436.0
GR0000001787,2020,1,59492.0,27537.0,31508.0,916562.0,717383.0,9484.0,37021.0,149624.0
GR0000001787,2021,1,98808.0,32645.0,33874.0,739669.0,512219.0,12738.0,45383.0,194832.0
GR0000001787,2022,1,64623.0,24782.0,31957.0,806071.0,524731.0,8551.0,33332.0,175810.0
GR0000001787,2023,1,84497.0,31379.0,35292.0,651617.0,434111.0,9756.0,41136.0,166234.0
GR0000001787,2024,1,67987.0,31163.0,32706.0,923206.0,604828.0,9390.0,40552.0,145172.0
GR0000001788,2020,16,377262.0,92596.0,267429.0,714054.0,496867.0,32174.0,124770.0,1485714.0
GR0000001788,2021,17,580712.0,136998.0,351067.0,769066.0,506039.0,47419.0,184417.0,1950373.0
GR0000001788,2022,18,480355.0,106357.0,335030.0,783672.0,488147.0,34271.0,140627.0,1861278.0
GR0000001788,2023,18,997157.0,288357.0,339705.0,1327127.0,877391.0,110233.0,398591.0,3398498.0
GR0000001788,2024,19,612076.0,181652.0,379769.0,838232.0,426789.0,47443.0,229095.0,2109830.0
GR0000001789,2020,1,16681.0,6044.0,19304.0,105850.0,84005.0,2001.0,8046.0,109927.0
GR0000001789,2021,1,18048.0,4675.0,20102.0,76480.0,54564.0,1549.0,6225.0,89732.0
GR0000001789,2022,1,23674.0,5830.0,16487.0,90523.0,62804.0,2170.0,8000.0,107555.0
GR0000001789,2023,1,21241.0,6665.0,16868.0,117178.0,89281.0,2384.0,9049.0,133334.0
GR0000001789,2024,1,9750.0,2586.0,17298.0,79310.0,52054.0,1101.0,3687.0,57983.0
GR0000001790,2020,44,2325972.0,649874.0,978788.0,6687950.0,4464876.0,238523.0,888397.0,10211708.0
GR0000001790,2021,43,1303877.0,370844.0,1213279.0,3919385.0,2027441.0,120168.0,491012.0,5242928.0
GR0000001790,2022,45,1469394.0,312227.0,1113098.0,3738678.0,2120410.0,98279.0,410506.0,6022880.0
GR0000001790,2023,45,2018017.0,501321.0,1191975.0,8633709.0,5323638.0,159785.0,661106.0,10000164.0
GR0000001790,2024,40,1107994.0,277511.0,953379.0,3487986.0,1838157.0,82271.0,359781.0,6061728.0
GR0000001791,2020,200,10890973.0,2701655.0,6442393.0,20535460.0,13220042.0,583095.0,3284751.0,39383749.0
GR0000001791,2021,169,9599528.0,2194797.0,4608594.0,25673076.0,10632127.0,653968.0,2848764.0,41740682.0
GR0000001791,2022,147,6390070.0,1799405.0,3647774.0,15748539.0,6238923.0,494495.0,2293900.0,20711519.0
GR0000001791,2023,135,7851705.0,1496916.0,3746844.0,15877086.0,7979374.0,480689.0,1977605.0,28026600.0
GR0000001791,2024,137,4944813.0,761807.0,3451799.0,13370634.0,6938469.0,229067.0,990874.0,17258995.0
GR0000001792,2020,7,556368.0,159631.0,199344.0,1529076.0,825875.0,40985.0,200616.0,2011035.0
GR0000001792,2021,7,319281.0,83338.0,163583.0,1485001.0,780733.0,24940.0,108278.0,1421325.0
GR0000001792,2022,7,503467.0,142579.0,174838.0,1167917.0,601656.0,35726.0,178305.0,1750106.0
GR0000001792,2023,8,274248.0,103590.0,234519.0,1253410.0,607057.0,31306.0,134896.0,1280435.0
GR0000001792,2024,8,455105.0,150230.0,216371.0,1600775.0,952439.0,38271.0,188500.0,2128557.0
GR0000001793,2020,38,1033772.0,317093.0,850011.0,4688258.0,2961079.0,106413.0,423505.0,4377023.0
GR0000001793,2021,37,1596214.0,488071.0,834088.0,7479660.0,3976446.0,207513.0,695584.0,6458837.0
GR0000001793,2022,40,1286866.0,414472.0,803958.0,7194975.0,4309743.0,173689.0,588161.0,5396750.0
GR0000001793,2023,46,667623.0,212224.0,1056146.0,3658499.0,2037815.0,68467.0,280691.0,3556995.0
GR0000001793,2024,43,1083327.0,288030.0,853489.0,6464402.0,3631205.0,92908.0,380938.0,5888525.0
GR0000001794,2020,3,509833.0,243569.0,118949.0,5370390.0,4069621.0,72295.0,315864.0,1145073.0
GR0000001794,2021,3,420088.0,219015.0,111087.0,3228356.0,2731351.0,72588.0,291603.0,924803.0
GR0000001794,2022,3,521899.0,197183.0,109413.0,6483658.0,5371653.0,68152.0,265335.0,1109365.0
GR0000001794,2023,3,367054.0,154964.0,138703.0,3083136.0,2328710.0,41827.0,196791.0,827671.0
GR0000001794,2024,3,555525.0,202705.0,143940.0,2999809.0,2476393.0,76044.0,278749.0,940819.0
GR0000001795,2020,3,486314.0,231312.0,112991.0,3692921.0,2886840.0,64024.0,295336.0,1147142.0
GR0000001795,2021,3,911553.0,345015.0,110473.0,6525650.0,5361318.0,131048.0,476063.0,1739369.0
GR0000001795,2022,3,571297.0,237402.0,109436.0,6637148.0,5300471.0,70805.0,308207.0,1269556.0
GR0000001795,2023,3,700462.0,305399.0,109545.0,4880211.0,3990609.0,117651.0,423050.0,1544146.0
GR0000001795,2024,3,519990.0,246791.0,106941.0,3813807.0,2995319.0,64039.0,310830.0,1046177.0
GR0000001796,2020,7,1664308.0,707238.0,314431.0,1740850.0,609447.0,185999.0,893238.0,2437062.0
GR0000001796,2021,7,1138494.0,501617.0,248022.0,1481751.0,763485.0,176190.0,677807.0,1705987.0
GR0000001796,2022,7,2063216.0,889418.0,269068.0,3254102.0,1750041.0,233045.0,1122462.0,3116582.0
GR0000001796,2023,7,1529377.0,513462.0,222675.0,2098875.0,744923.0,131419.0,644881.0,2634155.0
GR0000001796,2024,7,1021794.0,465204.0,262082.0,2279219.0,1032609.0,140207.0,605411.0,2029020.0
GR0000001797,2024,20,298386.0,48173.0,344972.0,2088257.0,1641603.0,17207.0,65380.0,959096.0
GR0000001798,2020,35,757946.0,279391.0,867546.0,2993425.0,1992861.0,95258.0,374649.0,3034739.0
GR0000001798,2021,41,1128572.0,351577.0,740136.0,6200890.0,3213834.0,110464.0,462041.0,7146471.0
GR0000001798,2022,43,1334575.0,422782.0,901475.0,8159787.0,4569136.0,161416.0,584197.0,7856511.0
GR0000001798,2023,44,1350581.0,313431.0,1059188.0,6471913.0,3762419.0,99886.0,413317.0,6634237.0
GR0000001798,2024,45,1124776.0,303062.0,995063.0,4989555.0,3476225.0,126081.0,429142.0,5333974.0
GR0000001799,2020,3,481083.0,145705.0,103388.0,784751.0,422282.0,46947.0,192653.0,807692.0
GR0000001799,2021,2,356481.0,133882.0,70326.0,619918.0,331829.0,36516.0,170398.0,669463.0
GR0000001799,2022,1,128051.0,50870.0,35888.0,366095.0,155285.0,13358.0,64228.0,305218.0
GR0000001799,2023,1,171753.0,64629.0,33328.0,382769.0,156635.0,17252.0,81881.0,323513.0
GR0000001799,2024,1,188904.0,57379.0,32611.0,365545.0,200976.0,19951.0,77330.0,353268.0
GR0000001800,2020,18,233736.0,48695.0,204705.0,503278.0,308294.0,16468.0,65162.0,1023526.0
GR0000001800,2021,18,555274.0,147557.0,288580.0,1095545.0,736352.0,49301.0,196858.0,1981248.0
GR0000001800,2022,17,545754.0,84658.0,312796.0,892781.0,622218.0,25366.0,110024.0,1956317.0
GR0000001800,2023,17,448584.0,88896.0,320208.0,745413.0,565536.0,23995.0,112891.0,1601041.0
GR0000001800,2024,13,181025.0,30246.0,127331.0,271587.0,163187.0,8438.0,38684.0,636655.0
GR0000001801,2020,216,23219533.0,7144709.0,10542601.0,102878972.0,63480559.0,2257021.0,9401731.0,77957754.0
GR0000001801,2021,232,35405823.0,14146700.0,12087374.0,240466717.0,153514267.0,3977497.0,18124196.0,137242455.0
GR0000001801,2022,250,33673351.0,10836221.0,12046487.0,140167001.0,90949237.0,3371647.0,14207869.0,98422452.0
GR0000001801,2023,250,29997060.0,13914389.0,13411119.0,157463163.0,85684883.0,3336577.0,17250965.0,118437227.0
GR0000001801,2024,250,39969579.0,15810726.0,12838988.0,128931897.0,64429108.0,6120915.0,21931640.0,123336276.0
GR0000001802,2020,1,39195.0,11745.0,19516.0,165929.0,110060.0,3606.0,15351.0,121306.0
GR0000001802,2021,1,46778.0,11168.0,17117.0,154741.0,109076.0,4016.0,15184.0,117076.0
GR0000001802,2022,1,18546.0,3382.0,18350.0,94376.0,69183.0,959.0,4341.0,50939.0
GR0000001802,2023,1,26589.0,5381.0,16888.0,117300.0,81824.0,1612.0,6993.0,90159.0
GR0000001802,2024,1,41205.0,9625.0,19649.0,192946.0,149177.0,3155.0,12780.0,121095.0
GR0000001803,2020,29,458009.0,67917.0,506520.0,3262231.0,2126736.0,28852.0,96769.0,2854809.0
GR0000001803,2021,28,380618.0,90747.0,469136.0,1727049.0,988472.0,33923.0,124670.0,1876543.0
GR0000001803,2022,33,625339.0,119557.0,629089.0,3013338.0,1542038.0,37311.0,156869.0,2516355.0
GR0000001803,2023,32,228833.0,67905.0,301769.0,1161340.0,708493.0,22310.0,90215.0,1207078.0
GR0000001803,2024,37,693948.0,104972.0,685473.0,2895520.0,1906770.0,44254.0,149226.0,3084155.0
GR0000001804,2022,4,83279.0,22660.0,58163.0,428961.0,263179.0,7251.0,29912.0,316277.0
GR0000001804,2023,4,54689.0,10574.0,64079.0,339673.0,213947.0,3564.0,14138.0,158125.0
GR0000001804,2024,4,37179.0,10108.0,61773.0,300214.0,221028.0,4179.0,14287.0,146622.0
GR0000001805,2020,20,677994.0,99700.0,352314.0,2957013.0,2047704.0,39913.0,139613.0,1796423.0
GR0000001805,2021,23,586449.0,141429.0,447119.0,3145886.0,2240698.0,52212.0,193642.0,1895432.0
GR0000001805,2022,22,397426.0,97872.0,344267.0,1933926.0,1542937.0,33549.0,131420.0,1316597.0
GR0000001805,2023,21,790204.0,215041.0,396598.0,4928740.0,3740618.0,88854.0,303895.0,2223298.0
GR0000001805,2024,20,581176.0,126620.0,389003.0,2900701.0,2243846.0,43140.0,169760.0,1479678.0
GR0000001806,2020,1,94579.0,40728.0,31861.0,2021262.0,1485500.0,12503.0,53230.0,227964.0
GR0000001806,2021,1,98206.0,46846.0,37329.0,1444692.0,1142687.0,14608.0,61454.0,276973.0
GR0000001806,2022,1,111325.0,44197.0,39412.0,1899582.0,1500629.0,15806.0,60003.0,234940.0
GR0000001806,2023,1,67455.0,24968.0,33857.0,990489.0,805524.0,9357.0,34325.0,163587.0
GR0000001806,2024,1,106900.0,42269.0,33265.0,1091980.0,827058.0,15854.0,58124.0,228776.0
GR0000001807,2020,5,919907.0,457190.0,226884.0,6437690.0,5052203.0,132181.0,589371.0,1979744.0
GR0000001807,2021,5,1781849.0,885360.0,248684.0,20239754.0,15491110.0,263855.0,1149215.0,3340599.0
GR0000001807,2022,5,1101456.0,472172.0,207282.0,7847598.0,6848458.0,142675.0,614847.0,2072018.0
GR0000001807,2023,4,667476.0,357313.0,192552.0,4204108.0,3155711.0,108083.0,465396.0,1260268.0
GR0000001807,2024,3,717860.0,278525.0,143961.0,8175826.0,6842468.0,105175.0,383700.0,1225340.0
GR0000001808,2020,1,24472.0,5869.0,18228.0,109381.0,77375.0,1991.0,7859.0,114503.0
GR0000001808,2021,1,35410.0,9668.0,23610.0,106074.0,70709.0,3890.0,13557.0,143487.0
GR0000001808,2022,1,28200.0,8115.0,24243.0,105847.0,58872.0,2746.0,10861.0,120787.0
GR0000001808,2023,1,25551.0,4844.0,18510.0,116175.0,78318.0,1778.0,6621.0,125516.0
GR0000001808,2024,1,35263.0,8951.0,22405.0,110940.0,69792.0,2650.0,11602.0,161286.0
GR0000001809,2020,2,118134.0,56320.0,60991.0,1378393.0,1088221.0,19763.0,76083.0,282654.0
GR0000001809,2021,2,118927.0,57865.0,71948.0,1252093.0,929076.0,24542.0,82407.0,318735.0
GR0000001809,2022,2,190776.0,92323.0,65440.0,2261570.0,1900524.0,32370.0,124694.0,446213.0
GR0000001809,2023,2,261702.0,106439.0,69271.0,3612769.0,2542380.0,35283.0,141722.0,557036.0
GR0000001809,2024,2,328425.0,164196.0,70808.0,3062796.0,2180589.0,61792.0,225988.0,719626.0
GR0000001810,2020,9,2315219.0,729492.0,391467.0,3612712.0,1416238.0,266754.0,996246.0,4295337.0
GR0000001810,2021,9,2829370.0,1041483.0,346104.0,3661122.0,1342840.0,356921.0,1398404.0,4241650.0
GR0000001810,2022,8,1885459.0,782678.0,332731.0,2312247.0,890456.0,232846.0,1015524.0,3080858.0
GR0000001810,2023,8,1738385.0,565500.0,288577.0,2919209.0,1123056.0,148855.0,714355.0,3417153.0
GR0000001810,2024,7,2034126.0,782713.0,210514.0,2733397.0,1356281.0,203940.0,986653.0,3060274.0
GR0000001811,2020,6,163038.0,45728.0,91832.0,186581.0,113148.0,16989.0,62718.0,510180.0
GR0000001811,2021,6,273759.0,70890.0,131118.0,370046.0,210610.0,21572.0,92462.0,978454.0
GR0000001811,2022,6,233863.0,35777.0,124941.0,313432.0,202029.0,12390.0,48167.0,768990.0
GR0000001811,2023,6,365855.0,74941.0,132083.0,474011.0,324820.0,18842.0,93783.0,1060215.0
GR0000001811,2024,6,190200.0,50030.0,98988.0,195776.0,104273.0,13710.0,63740.0,549935.0
GR0000001812,2023,17,1592449.0,393420.0,436531.0,3016738.0,1645257.0,122615.0,516035.0,3728274.0
GR0000001812,2024,19,2310821.0,589909.0,549224.0,6846999.0,3358332.0,156176.0,746085.0,5643535.0
GR0000001813,2020,11,1097355.0,489697.0,358089.0,1818258.0,793668.0,146473.0,636170.0,2004378.0
GR0000001813,2021,11,2503406.0,1041726.0,436478.0,3390864.0,1361745.0,352532.0,1394258.0,3903249.0
GR0000001813,2022,11,3301235.0,1363157.0,363039.0,5020275.0,2757420.0,368166.0,1731323.0,4841099.0
GR0000001813,2023,11,1332580.0,581217.0,416757.0,1625305.0,696261.0,182109.0,763325.0,2250200.0
GR0000001813,2024,11,2450083.0,1008034.0,436663.0,3684687.0,1290417.0,302424.0,1310459.0,4523735.0
GR0000001814,2020,17,1644123.0,566781.0,496602.0,3977362.0,2074593.0,130193.0,696974.0,5911541.0
GR0000001814,2021,14,532978.0,130655.0,374344.0,1503544.0,865311.0,31513.0,162168.0,2444076.0
GR0000001814,2022,12,802325.0,273827.0,315127.0,2724182.0,1722892.0,80757.0,354583.0,3814978.0
GR0000001814,2023,10,523627.0,135891.0,244021.0,1542865.0,853213.0,39601.0,175492.0,2021792.0
GR0000001814,2024,10,727716.0,171091.0,279740.0,2330837.0,1571102.0,49466.0,220557.0,2867216.0
GR0000001815,2020,112,8385365.0,1849011.0,2821012.0,29188895.0,19214949.0,602852.0,2451862.0,20784053.0
GR0000001815,2021,104,5668474.0,1327728.0,3096478.0,17442713.0,11943471.0,387620.0,1715348.0,15419879.0
GR0000001815,2022,122,8097578.0,2247157.0,3493093.0,20099342.0,12233294.0,628398.0,2875555.0,16370399.0
GR0000001815,2023,138,12196398.0,3437381.0,3147279.0,34183868.0,19520893.0,971682.0,4409063.0,30835171.0
GR0000001815,2024,138,10009137.0,2799085.0,3560159.0,33320839.0,18448110.0,734258.0,3533343.0,27485269.0
GR0000001816,2020,4,810891.0,367690.0,165628.0,9657845.0,7610341.0,133594.0,501283.0,1708324.0
GR0000001816,2021,3,889219.0,448080.0,140733.0,6272747.0,5164796.0,134517.0,582597.0,1748216.0
GR0000001816,2022,3,632572.0,288549.0,108324.0,3491703.0,2885404.0,92097.0,380646.0,1220427.0
GR0000001816,2023,3,551013.0,257142.0,143789.0,4153710.0,3150735.0,80019.0,337161.0,1150633.0
GR0000001816,2024,3,597857.0,261921.0,109888.0,5484489.0,4486434.0,91816.0,353737.0,1114280.0
GR0000001817,2020,15,431112.0,92623.0,327307.0,762191.0,474029.0,34313.0,126937.0,1636535.0
GR0000001817,2021,13,183696.0,46370.0,122890.0,320601.0,188268.0,13631.0,60001.0,614450.0
GR0000001817,2022,13,240263.0,63929.0,173183.0,389855.0,283493.0,25881.0,89810.0,865914.0
GR0000001817,2023,11,231569.0,56663.0,158982.0,395157.0,263558.0,16553.0,73216.0,794911.0
GR0000001817,2024,11,278065.0,61642.0,214576.0,508698.0,324592.0,21934.0,83576.0,1229816.0
GR0000001818,2022,10,169668.0,26505.0,200149.0,735031.0,487325.0,11228.0,37733.0,735528.0
GR0000001818,2023,10,153327.0,39566.0,220891.0,602221.0,377751.0,12088.0,51654.0,823656.0
GR0000001818,2024,10,202113.0,33607.0,195419.0,694224.0,513624.0,10671.0,44277.0,841078.0
GR0000001819,2020,61,3608583.0,1091160.0,2001836.0,9281582.0,4597380.0,378626.0,1469785.0,13706411.0
GR0000001819,2021,69,6961701.0,1690984.0,1819485.0,13169354.0,5270650.0,472553.0,2163537.0,20288654.0
GR0000001819,2022,79,6100680.0,1719843.0,2513788.0,14155659.0,7484147.0,662199.0,2382042.0,24343366.0
GR0000001819,2023,73,6854293.0,1831093.0,2198237.0,12730213.0,6638533.0,665077.0,2496171.0,20091148.0
GR0000001819,2024,80,5336737.0,1828120.0,2672884.0,10921072.0,6490792.0,678430.0,2506550.0,18291685.0
GR0000001820,2020,7,410683.0,113598.0,120939.0,1797913.0,1049056.0,40831.0,154430.0,1196539.0
GR0000001820,2021,8,473664.0,91478.0,163642.0,2807794.0,1671014.0,30143.0,121621.0,1534494.0
GR0000001820,2022,7,437899.0,86283.0,172009.0,1586104.0,935870.0,26807.0,113089.0,1068771.0
GR0000001820,2023,7,419569.0,80377.0,119665.0,1275714.0,828931.0,26331.0,106708.0,994398.0
GR0000001820,2024,8,359980.0,56592.0,135616.0,1863681.0,1180318.0,20918.0,77510.0,864390.0
GR0000001821,2020,3,70796.0,20094.0,74461.0,210621.0,130116.0,7208.0,27302.0,307524.0
GR0000001821,2021,3,28529.0,6040.0,56160.0,149973.0,108650.0,2512.0,8551.0,187199.0
GR0000001821,2022,3,57335.0,10153.0,70904.0,182960.0,126107.0,2961.0,13114.0,260311.0
GR0000001821,2023,2,53851.0,14695.0,45170.0,209664.0,149183.0,5928.0,20624.0,290100.0
GR0000001821,2024,2,49690.0,13996.0,42403.0,265338.0,158073.0,4159.0,18155.0,255854.0
GR0000001822,2020,42,9257765.0,3401894.0,1523992.0,17880578.0,7079797.0,1184511.0,4586405.0,17876633.0
GR0000001822,2021,38,6489772.0,2393211.0,1555770.0,8640702.0,3959303.0,770176.0,3163387.0,9383769.0
GR0000001822,2022,41,6158836.0,1900171.0,1233339.0,11116175.0,4700817.0,695563.0,2595734.0,10370093.0
GR0000001822,2023,40,7932676.0,2905600.0,1245027.0,11317007.0,5530978.0,913331.0,3818931.0,11576707.0
GR0000001822,2024,43,10057491.0,4701236.0,1313713.0,22036176.0,9893357.0,1315868.0,6017104.0,19997130.0
GR0000001823,2020,15,732031.0,185568.0,383440.0,2996006.0,1511168.0,54852.0,240420.0,2405617.0
GR0000001823,2021,15,871201.0,254711.0,407748.0,2537503.0,1337672.0,85802.0,340513.0,2332836.0
GR0000001823,2022,14,582499.0,159117.0,280458.0,2674569.0,1205979.0,52661.0,211778.0,1902538.0
GR0000001823,2023,14,953063.0,221998.0,350991.0,3532470.0,1621313.0,68053.0,290050.0,2663695.0
GR0000001823,2024,12,551725.0,141660.0,314031.0,1881398.0,1022458.0,45800.0,187459.0,1243711.0
GR0000001824,2020,16,439480.0,121680.0,290394.0,2159886.0,1445615.0,37188.0,158868.0,2033900.0
GR0000001824,2021,16,294508.0,99830.0,286239.0,1126096.0,853613.0,30862.0,130692.0,1351381.0
GR0000001824,2022,15,441697.0,136380.0,250557.0,2825195.0,1796454.0,55550.0,191930.0,2157101.0
GR0000001824,2023,15,320679.0,107433.0,251966.0,1844071.0,1268493.0,43152.0,150585.0,1649831.0
GR0000001824,2024,15,379944.0,109453.0,357663.0,2335520.0,1850291.0,34582.0,144035.0,1640585.0
GR0000001825,2023,18,543435.0,208181.0,537259.0,4207170.0,2924123.0,74535.0,282716.0,2442085.0
GR0000001825,2024,20,881822.0,302773.0,649854.0,4109344.0,2234060.0,115536.0,418309.0,3270451.0
GR0000001826,2020,233,10333760.0,2415600.0,5228196.0,22933122.0,11803610.0,858240.0,3273839.0,41119305.0
GR0000001826,2021,213,6348295.0,1499854.0,5240245.0,22114092.0,11806346.0,545147.0,2045001.0,26201224.0
GR0000001826,2022,250,10330125.0,2508386.0,6368916.0,23830121.0,10189378.0,942651.0,3451037.0,38524461.0
GR0000001826,2023,236,7509155.0,2099754.0,6554547.0,19432467.0,8815078.0,504837.0,2604591.0,32772737.0
GR0000001826,2024,250,10258186.0,3020004.0,5569607.0,27248962.0,13696940.0,1019378.0,4039382.0,37401240.0
GR0000001827,2020,10,228089.0,58339.0,202471.0,910467.0,637663.0,17038.0,75376.0,1207505.0
GR0000001827,2021,10,260455.0,70933.0,195585.0,1002462.0,709280.0,29275.0,100208.0,1621187.0
GR0000001827,2022,10,187979.0,48106.0,218354.0,714677.0,459385.0,19012.0,67119.0,906302.0
GR0000001827,2023,9,138815.0,26499.0,191939.0,704688.0,510305.0,7977.0,34476.0,796688.0
GR0000001827,2024,8,250256.0,71470.0,199035.0,976867.0,719815.0,20313.0,91783.0,1145363.0
GR0000001828,2020,307,16492749.0,4981176.0,8937132.0,34242305.0,18858367.0,1172474.0,6153650.0,57652779.0
GR0000001828,2021,303,11217246.0,2200372.0,6976768.0,26121165.0,13978254.0,772877.0,2973250.0,43524527.0
GR0000001828,2022,341,18989732.0,3114828.0,8445283.0,62757741.0,29876445.0,1089133.0,4203962.0,91201358.0
GR0000001828,2023,357,8204753.0,1480397.0,7663956.0,26467308.0,12738306.0,406795.0,1887192.0,38319781.0
GR0000001828,2024,345,10836699.0,2353054.0,7370481.0,24623968.0,10735993.0,723091.0,3076145.0,36852407.0
GR0000001829,2020,21,690927.0,214175.0,594117.0,2500640.0,1668528.0,73412.0,287587.0,2622768.0
GR0000001829,2021,20,1400527.0,402475.0,506883.0,3875346.0,2900961.0,138739.0,541214.0,5205983.0
GR0000001829,2022,19,585792.0,205747.0,396944.0,2271258.0,1478216.0,77858.0,283605.0,2693416.0
GR0000001829,2023,21,911981.0,238786.0,526314.0,3461569.0,2223051.0,75638.0,314425.0,3718209.0
GR0000001829,2024,25,1772914.0,507261.0,549645.0,5514390.0,3238116.0,139819.0,647080.0,6236167.0
GR0000001830,2020,197,58000138.0,21869183.0,8865020.0,67088732.0,27487720.0,8211562.0,30080745.0,93831925.0
GR0000001830,2021,201,69610280.0,25148724.0,9867693.0,86905432.0,33527845.0,6851395.0,32000119.0,113663715.0
GR0000001830,2022,226,63750319.0,25240476.0,13219588.0,66751410.0,25771944.0,7089334.0,32329810.0,104831907.0
GR0000001830,2023,236,70547073.0,26604735.0,10053593.0,71899529.0,22174283.0,6754552.0,33359287.0,97547394.0
GR0000001830,2024,250,80957626.0,27264258.0,11552412.0,101035795.0,41721063.0,8540440.0,35804698.0,128355113.0
GR0000001831,2020,2,54745.0,13099.0,34233.0,247260.0,164273.0,4378.0,17477.0,184002.0
GR0000001831,2021,1,24988.0,7515.0,14310.0,219026.0,143153.0,2395.0,9910.0,97121.0
GR0000001831,2022,1,33825.0,7654.0,15207.0,125114.0,83046.0,2727.0,10380.0,97788.0
GR0000001831,2023,1,16211.0,3638.0,15887.0,97827.0,66431.0,1146.0,4784.0,57487.0
GR0000001831,2024,1,27936.0,7713.0,17748.0,116637.0,85249.0,2265.0,9979.0,89078.0
GR0000001832,2023,10,252102.0,62971.0,234081.0,818726.0,441156.0,15773.0,78744.0,1155257.0
GR0000001832,2024,10,262000.0,43903.0,223377.0,784361.0,442123.0,13586.0,57489.0,1015351.0
GR0000001833,2021,2,42757.0,10645.0,33813.0,91693.0,52153.0,4488.0,15133.0,169063.0
GR0000001833,2022,2,28178.0,7997.0,27659.0,78771.0,49240.0,2270.0,10266.0,138293.0
GR0000001833,2023,1,25513.0,6114.0,17233.0,48619.0,27880.0,1994.0,8108.0,91995.0
GR0000001833,2024,1,23739.0,3732.0,15988.0,48081.0,26445.0,1315.0,5047.0,79941.0
GR0000001834,2020,87,3389713.0,1072028.0,2287854.0,6726813.0,3024092.0,243339.0,1315368.0,11628047.0
GR0000001834,2021,101,4077571.0,1107199.0,2406449.0,9434938.0,4408307.0,262970.0,1370169.0,14800660.0
GR0000001834,2022,116,8967770.0,2316422.0,2963087.0,17727303.0,8119555.0,813719.0,3130141.0,30302404.0
GR0000001834,2023,112,3853210.0,860729.0,2965283.0,13662944.0,5671983.0,310610.0,1171339.0,16863311.0
GR0000001834,2024,125,9592319.0,2381912.0,3843486.0,18798591.0,9308780.0,607273.0,2989185.0,33984212.0
GR0000001835,2020,6,327130.0,89853.0,123750.0,1299519.0,696081.0,29250.0,119103.0,1028547.0
GR0000001835,2021,6,464807.0,124079.0,141545.0,2174518.0,1217669.0,39978.0,164058.0,1476056.0
GR0000001835,2022,6,180990.0,40124.0,154224.0,618943.0,397453.0,16904.0,57027.0,563286.0
GR0000001835,2023,6,288399.0,79581.0,149380.0,753209.0,487647.0,29560.0,109141.0,670400.0
GR0000001835,2024,6,335182.0,75223.0,156085.0,801482.0,494111.0,25992.0,101215.0,777047.0
GR0000001836,2020,58,1772408.0,398073.0,1467878.0,6937262.0,4183316.0,100928.0,499001.0,7481146.0
GR0000001836,2021,66,1663554.0,413468.0,1700433.0,6832965.0,4426797.0,140268.0,553736.0,8279417.0
GR0000001836,2022,74,2083245.0,388831.0,1826413.0,8989475.0,4386310.0,109527.0,498358.0,11466716.0
GR0000001836,2023,67,1676280.0,418243.0,1384590.0,6359865.0,3180882.0,107774.0,526017.0,6293589.0
GR0000001836,2024,73,2720676.0,734169.0,1819545.0,7759603.0,4753795.0,242769.0,976938.0,10233007.0
GR0000001837,2020,76,12196330.0,6486800.0,4727315.0,63931464.0,56948065.0,1559667.0,8046467.0,20623647.0
GR0000001837,2021,89,20278753.0,9052186.0,5359833.0,146939031.0,124885106.0,2176649.0,11228835.0,36776739.0
GR0000001837,2022,87,14856411.0,6935310.0,5453161.0,114986267.0,97088415.0,2645939.0,9581248.0,29428367.0
GR0000001837,2023,93,20453428.0,8512596.0,5682673.0,144388097.0,118607021.0,2716264.0,11228861.0,43314531.0
GR0000001837,2024,100,26423168.0,13725602.0,6751949.0,172497009.0,152830576.0,4331761.0,18057363.0,44552907.0
GR0000001838,2020,64,22616014.0,7658057.0,2326396.0,33597380.0,18070001.0,2213128.0,9871186.0,31910094.0
GR0000001838,2021,68,15900944.0,6008899.0,2219748.0,23253289.0,11040877.0,1511849.0,7520749.0,24612492.0
GR0000001838,2022,56,14718115.0,4047908.0,1882750.0,21500715.0,10596838.0,1381551.0,5429459.0,26269723.0
GR0000001838,2023,48,11783627.0,4383860.0,1647268.0,16480267.0,6287053.0,1244430.0,5628290.0,17189280.0
GR0000001838,2024,48,8075825.0,2265085.0,2144228.0,12940848.0,5772296.0,743243.0,3008328.0,13167204.0
GR0000001839,2020,8,352667.0,67773.0,164662.0,824733.0,422308.0,21780.0,89553.0,1206603.0
GR0000001839,2021,7,122653.0,33197.0,110036.0,453495.0,209968.0,8278.0,41475.0,500164.0
GR0000001839,2022,6,244102.0,54595.0,112974.0,680165.0,361557.0,15136.0,69732.0,887660.0
GR0000001839,2023,6,156164.0,33723.0,153344.0,575417.0,289983.0,7797.0,41520.0,731462.0
GR0000001839,2024,5,191194.0,30309.0,122880.0,502928.0,257156.0,9681.0,39990.0,663435.0
GR0000001840,2020,1,140705.0,47355.0,29649.0,358001.0,200552.0,19762.0,67117.0,278869.0
GR0000001840,2021,1,139708.0,49770.0,28404.0,325203.0,134459.0,14714.0,64484.0,240160.0
GR0000001840,2022,1,85582.0,33221.0,33865.0,219509.0,99666.0,12959.0,46180.0,189889.0
GR0000001840,2023,1,105013.0,31640.0,33874.0,252950.0,123601.0,12157.0,43797.0,261517.0
GR0000001840,2024,1,105463.0,29908.0,33658.0,196668.0,105556.0,12366.0,42274.0,201463.0
GR0000001841,2020,49,3478172.0,783219.0,1666288.0,8419727.0,4860361.0,297665.0,1080884.0,9217272.0
GR0000001841,2021,50,5108017.0,1715237.0,1699174.0,11849246.0,5787050.0,585227.0,2300464.0,13347125.0
GR0000001841,2022,48,6103705.0,1624478.0,1633898.0,19028541.0,10069649.0,515351.0,2139829.0,16621482.0
GR0000001841,2023,50,4331807.0,1285123.0,1900344.0,10325230.0,5510282.0,367076.0,1652200.0,8902220.0
GR0000001841,2024,50,5051494.0,1588961.0,1384564.0,9765641.0,4473977.0,397597.0,1986558.0,10205465.0
GR0000001842,2020,18,434929.0,117465.0,343404.0,2369461.0,1256223.0,38651.0,156116.0,2028733.0
GR0000001842,2021,20,689555.0,246468.0,488091.0,3676197.0,2283939.0,79861.0,326329.0,3161112.0
GR0000001842,2022,20,679036.0,152828.0,399295.0,2586776.0,1675996.0,64499.0,217326.0,2949265.0
GR0000001842,2023,20,193804.0,60116.0,313536.0,874378.0,607856.0,17973.0,78089.0,1045119.0
GR0000001842,2024,18,210391.0,73126.0,376247.0,1095751.0,610145.0,24750.0,97876.0,1370578.0
GR0000001843,2020,133,11727198.0,3671148.0,4501135.0,23700447.0,12697612.0,1122654.0,4793801.0,23336050.0
GR0000001843,2021,117,11426955.0,2359507.0,3204545.0,21473209.0,9958202.0,818340.0,3177848.0,26764130.0
GR0000001843,2022,113,12311428.0,3588766.0,4422370.0,26444991.0,14092640.0,1171790.0,4760556.0,23724186.0
GR0000001843,2023,111,12905892.0,3245045.0,3872859.0,25749602.0,12190240.0,1115628.0,4360673.0,27343383.0
GR0000001843,2024,107,12055171.0,3457680.0,3924612.0,23090563.0,8838580.0,1009821.0,4467501.0,24760000.0
GR0000001844,2020,8,268635.0,79685.0,207700.0,734907.0,415866.0,25422.0,105108.0,987183.0
GR0000001844,2021,7,487582.0,118625.0,203739.0,1582104.0,990883.0,45698.0,164323.0,1892657.0
GR0000001844,2022,8,459745.0,126426.0,236271.0,1750551.0,1075284.0,47959.0,174385.0,1735528.0
GR0000001844,2023,8,527229.0,128467.0,233088.0,2163799.0,1387558.0,48077.0,176544.0,2236895.0
GR0000001844,2024,9,309473.0,108283.0,248357.0,1209267.0,609212.0,27602.0,135885.0,1128772.0
GR0000001845,2020,1,116588.0,43525.0,36297.0,319074.0,149354.0,15439.0,58964.0,269561.0
GR0000001845,2021,1,116323.0,43396.0,26707.0,266954.0,126095.0,11691.0,55088.0,240758.0
GR0000001845,2022,1,117945.0,35967.0,25975.0,300992.0,131514.0,9748.0,45715.0,246508.0
GR0000001845,2023,1,105883.0,43666.0,25945.0,234611.0,103566.0,14097.0,57763.0,191988.0
GR0000001845,2024,1,113426.0,45699.0,31641.0,206004.0,114899.0,14542.0,60240.0,191561.0
GR0000001846,2020,22,755587.0,202001.0,452578.0,2592704.0,1630227.0,44289.0,246289.0,2640915.0
GR0000001846,2021,17,605307.0,93426.0,495738.0,2549462.0,1484178.0,26016.0,119442.0,2800698.0
GR0000001846,2022,12,792986.0,217206.0,338969.0,1821465.0,785173.0,49064.0,266270.0,2498513.0
GR0000001846,2023,14,494581.0,112692.0,357050.0,1751162.0,960583.0,22025.0,134717.0,2310176.0
GR0000001846,2024,14,530523.0,67123.0,302308.0,1200370.0,598506.0,20244.0,87367.0,1634743.0
GR0000001847,2020,1,86370.0,28352.0,28013.0,231465.0,113922.0,9264.0,37616.0,201278.0
GR0000001847,2021,1,58991.0,13625.0,27881.0,166327.0,96301.0,5280.0,18905.0,135967.0
GR0000001847,2022,1,43043.0,12637.0,29526.0,139929.0,73299.0,4676.0,17313.0,134907.0
GR0000001847,2023,1,70675.0,22902.0,21016.0,208863.0,120322.0,5761.0,28664.0,164198.0
GR0000001847,2024,1,43932.0,11188.0,27065.0,109209.0,50926.0,3335.0,14524.0,108630.0
GR0000001848,2020,2,344183.0,110327.0,68132.0,610130.0,278390.0,20117.0,130444.0,523496.0
GR0000001848,2021,1,105109.0,35165.0,39098.0,248848.0,112640.0,11852.0,47017.0,189248.0
GR0000001848,2022,1,159609.0,54044.0,29493.0,375229.0,180209.0,12228.0,66271.0,281166.0
GR0000001848,2023,1,225934.0,64144.0,31589.0,402200.0,168945.0,18113.0,82258.0,302427.0
GR0000001848,2024,1,116856.0,34514.0,28215.0,205147.0,77329.0,11131.0,45645.0,192550.0
GR0000001849,2020,46,1074966.0,356232.0,1387287.0,10798617.0,5978407.0,121950.0,478182.0,5662490.0
GR0000001849,2021,49,2078393.0,875344.0,1357774.0,13625664.0,7677310.0,320423.0,1195768.0,8615432.0
GR0000001849,2022,49,843063.0,320285.0,1347700.0,8867509.0,5933250.0,112228.0,432513.0,5390799.0
GR0000001849,2023,49,2986075.0,1096496.0,1564197.0,27925841.0,16837023.0,314639.0,1411135.0,12281237.0
GR0000001849,2024,49,2162175.0,671753.0,1419855.0,19974569.0,11280000.0,273584.0,945336.0,10507891.0
GR0000001850,2020,190,21653717.0,3008317.0,4811496.0,47285975.0,31654801.0,634228.0,3642546.0,40196637.0
GR0000001850,2021,157,30907973.0,5688445.0,4958221.0,65249164.0,32762076.0,797047.0,6485492.0,52503236.0
GR0000001850,2022,123,13736132.0,2754545.0,3709109.0,39346787.0,25677608.0,460505.0,3215050.0,27597699.0
GR0000001850,2023,97,16460678.0,3124600.0,3073444.0,47981066.0,33987712.0,643103.0,3767703.0,31440781.0
GR0000001850,2024,83,10454116.0,2336844.0,1916500.0,43997803.0,25288014.0,457169.0,2794013.0,24619506.0
GR0000001851,2020,1,53202.0,7265.0,22132.0,182990.0,107894.0,1786.0,9051.0,244858.0
GR0000001851,2021,1,25447.0,5729.0,23495.0,81833.0,59312.0,925.0,6655.0,116646.0
GR0000001851,2022,1,23253.0,4717.0,22773.0,71373.0,43887.0,851.0,5568.0,95298.0
GR0000001851,2023,1,30186.0,6958.0,23481.0,89701.0,51712.0,1675.0,8633.0,125990.0
GR0000001851,2024,1,18426.0,4073.0,21241.0,55753.0,40764.0,1054.0,5127.0,70804.0
GR0000001852,2020,13,3096057.0,1410250.0,607466.0,21466681.0,16558770.0,541920.0,1952171.0,5494741.0
GR0000001852,2021,12,3768844.0,1769966.0,422939.0,35684583.0,28171811.0,558209.0,2328175.0,6387210.0
GR0000001852,2022,14,1816725.0,707321.0,581699.0,12930019.0,9890394.0,228945.0,936266.0,3330998.0
GR0000001852,2023,15,2646281.0,1128809.0,544060.0,19527986.0,14861207.0,377028.0,1505837.0,6190943.0
GR0000001852,2024,15,3696847.0,1776913.0,670486.0,22448038.0,18527833.0,660071.0,2436984.0,7050954.0
GR0000001853,2020,4,64545.0,15149.0,45028.0,100066.0,55102.0,4286.0,19435.0,225138.0
GR0000001853,2021,3,105481.0,29434.0,45119.0,160801.0,93876.0,8560.0,37994.0,365489.0
GR0000001853,2022,3,32311.0,9165.0,27526.0,92637.0,51682.0,2828.0,11993.0,137631.0
GR0000001853,2023,3,59795.0,13112.0,48486.0,192132.0,135103.0,5406.0,18518.0,298936.0
GR0000001853,2024,3,52661.0,12838.0,44042.0,81313.0,53437.0,3725.0,16563.0,220210.0
GR0000001854,2023,2,39940.0,16730.0,52742.0,415139.0,284494.0,6502.0,23233.0,210968.0
GR0000001854,2024,2,47656.0,16186.0,53104.0,633238.0,379661.0,5747.0,21933.0,258456.0
GR0000001855,2020,5,187004.0,49531.0,112090.0,343999.0,226821.0,14067.0,63598.0,622723.0
GR0000001855,2021,5,217776.0,64057.0,107076.0,273923.0,144441.0,22065.0,86121.0,639229.0
GR0000001855,2022,5,171443.0,34266.0,88798.0,180340.0,107456.0,12400.0,46666.0,493322.0
GR0000001855,2023,4,110062.0,22252.0,67051.0,144875.0,72511.0,8146.0,30397.0,372503.0
GR0000001855,2024,4,96018.0,26255.0,51099.0,125472.0,70287.0,7504.0,33759.0,283883.0
GR0000001856,2020,1,17933.0,4927.0,16337.0,45058.0,32028.0,1851.0,6778.0,81686.0
GR0000001856,2021,1,16326.0,3118.0,14858.0,44164.0,31815.0,1077.0,4195.0,74290.0
GR0000001856,2022,1,14869.0,2717.0,13675.0,41952.0,27160.0,987.0,3704.0,68373.0
GR0000001856,2023,1,18681.0,3498.0,14104.0,45654.0,26382.0,1294.0,4792.0,70518.0
GR0000001856,2024,1,12671.0,3353.0,11047.0,29642.0,18682.0,1022.0,4375.0,55237.0
GR0000001857,2020,27,1033602.0,300038.0,927968.0,9936222.0,5444599.0,93769.0,393807.0,4322011.0
GR0000001857,2021,22,1148742.0,404919.0,713471.0,10214684.0,7315889.0,147524.0,552443.0,5789254.0
GR0000001857,2022,21,641903.0,242308.0,748387.0,6256506.0,4005916.0,76082.0,318390.0,3668839.0
GR0000001857,2023,18,692574.0,204664.0,649456.0,9539130.0,6328774.0,70700.0,275364.0,3825581.0
GR0000001857,2024,18,529554.0,195769.0,613606.0,6027364.0,3978080.0,74015.0,269784.0,2991949.0
GR0000001858,2020,17,1059467.0,341584.0,438372.0,2734465.0,1191726.0,104457.0,446041.0,2464395.0
GR0000001858,2021,16,1453212.0,358429.0,522827.0,3493297.0,1764568.0,99557.0,457986.0,3765421.0
GR0000001858,2022,16,1603078.0,447540.0,543268.0,3341461.0,1421088.0,140328.0,587868.0,3323212.0
GR0000001858,2023,16,1679413.0,577975.0,550618.0,4366224.0,2466660.0,218617.0,796592.0,4143747.0
GR0000001858,2024,16,868342.0,309186.0,611274.0,2992312.0,1490278.0,84597.0,393783.0,2450990.0
GR0000001859,2020,20,2081982.0,342390.0,417781.0,7802841.0,4490855.0,120827.0,463216.0,4705752.0
GR0000001859,2021,23,1279891.0,362879.0,406039.0,3112858.0,2155759.0,94063.0,456942.0,3028490.0
GR0000001859,2022,21,1931563.0,526914.0,503920.0,5486919.0,3434607.0,195402.0,722315.0,4361085.0
GR0000001859,2023,25,1447153.0,241125.0,601897.0,8925692.0,6222218.0,90633.0,331758.0,4334409.0
GR0000001859,2024,25,1725361.0,370703.0,441194.0,5926537.0,4351285.0,128036.0,498739.0,4520646.0
GR0000001860,2020,14,941897.0,302351.0,413812.0,2383798.0,1382775.0,82977.0,385328.0,2363350.0
GR0000001860,2021,15,1550588.0,511764.0,539239.0,2831596.0,1244132.0,174436.0,686199.0,3287227.0
GR0000001860,2022,17,1624384.0,556858.0,557204.0,3830515.0,1628966.0,213407.0,770265.0,3800824.0
GR0000001860,2023,18,1030777.0,366252.0,706375.0,2108232.0,1165731.0,107006.0,473258.0,2427405.0
GR0000001860,2024,18,1435731.0,504002.0,516598.0,3341824.0,1749663.0,173380.0,677381.0,3079562.0
GR0000001861,2020,4,110847.0,23288.0,126686.0,358689.0,197903.0,6134.0,29421.0,570413.0
GR0000001861,2021,4,268760.0,46473.0,100525.0,637876.0,445066.0,16894.0,63367.0,1048983.0
GR0000001861,2022,3,119289.0,25469.0,87353.0,416963.0,283333.0,7010.0,32479.0,586195.0
GR0000001861,2023,3,93382.0,16824.0,89102.0,244482.0,153666.0,5395.0,22218.0,423983.0
GR0000001861,2024,3,84553.0,14278.0,75910.0,312741.0,208471.0,3667.0,17945.0,430141.0
GR0000001862,2020,24,3353693.0,1318160.0,1045222.0,22019879.0,17855404.0,368839.0,1686999.0,6519098.0
GR0000001862,2021,27,6317442.0,2387281.0,956283.0,69616942.0,60391237.0,923306.0,3310588.0,12736099.0
GR0000001862,2022,28,10166127.0,5065271.0,1125443.0,72126874.0,55614151.0,1295586.0,6360857.0,17243082.0
GR0000001862,2023,28,5490374.0,2379716.0,1021273.0,35876131.0,27008866.0,747822.0,3127538.0,10256976.0
GR0000001862,2024,26,3955649.0,1727276.0,1244021.0,28539713.0,24917875.0,436914.0,2164190.0,7902795.0
GR0000001863,2020,11,141084.0,51705.0,255983.0,831189.0,566632.0,15962.0,67667.0,699830.0
GR0000001863,2021,13,231172.0,68146.0,230335.0,1296515.0,885565.0,24957.0,93102.0,1013270.0
GR0000001863,2022,12,189292.0,48140.0,223693.0,686974.0,453763.0,18173.0,66312.0,832963.0
GR0000001863,2023,10,260826.0,75364.0,186357.0,1277628.0,916255.0,27889.0,103253.0,1179897.0
GR0000001863,2024,9,113297.0,31419.0,170179.0,486877.0,379765.0,11671.0,43090.0,623319.0
GR0000001864,2020,15,496944.0,166466.0,327336.0,2318106.0,1546495.0,54970.0,221436.0,1990961.0
GR0000001864,2021,13,214562.0,73559.0,301347.0,1257444.0,797640.0,23584.0,97144.0,1253960.0
GR0000001864,2022,13,140635.0,36614.0,227800.0,618279.0,319057.0,10669.0,47284.0,759333.0
GR0000001864,2023,15,243906.0,57437.0,328585.0,1046576.0,618607.0,20786.0,78223.0,1256107.0
GR0000001864,2024,15,318973.0,109655.0,347054.0,1590830.0,1065083.0,36142.0,145797.0,1413702.0
GR0000001865,2020,30,2063853.0,423446.0,670913.0,5100925.0,3162248.0,106293.0,529738.0,7979676.0
GR0000001865,2021,32,1740684.0,262626.0,823866.0,4736992.0,2590117.0,91328.0,353954.0,8208139.0
GR0000001865,2022,38,1416748.0,419819.0,984264.0,5708091.0,3938278.0,126029.0,545847.0,7487357.0
GR0000001865,2023,41,2211414.0,593389.0,1009052.0,6097944.0,3497093.0,183028.0,776417.0,11017754.0
GR0000001865,2024,45,1203324.0,291046.0,1048417.0,3140699.0,1584078.0,78917.0,369963.0,4478118.0
GR0000001866,2020,772,87347956.0,25924514.0,18001091.0,193243634.0,120374299.0,6839205.0,32763719.0,203347080.0
GR0000001866,2021,764,99989898.0,18826150.0,17921212.0,302817404.0,207877566.0,5348591.0,24174741.0,254683738.0
GR0000001866,2022,897,105130149.0,25279919.0,18177174.0,245403435.0,155310175.0,8746045.0,34025965.0,249959462.0
GR0000001866,2023,887,87619720.0,16925692.0,24792619.0,235044900.0,143657835.0,6188638.0,23114330.0,211113366.0
GR0000001866,2024,889,70032795.0,13145108.0,20300534.0,164563461.0,87688862.0,3105630.0,16250738.0,168755075.0
GR0000001867,2020,16,426387.0,106455.0,294267.0,2448597.0,1750336.0,42096.0,148551.0,1334342.0
GR0000001867,2021,18,644772.0,184634.0,318681.0,2564035.0,1792530.0,70347.0,254981.0,1993385.0
GR0000001867,2022,17,254529.0,51563.0,304177.0,866138.0,678574.0,21529.0,73091.0,712729.0
GR0000001867,2023,19,721712.0,154575.0,338702.0,4418850.0,2853444.0,50302.0,204877.0,2238279.0
GR0000001867,2024,17,263879.0,63636.0,274980.0,1951416.0,1268563.0,20272.0,83908.0,942106.0
GR0000001868,2020,8,1549567.0,593240.0,319104.0,16452796.0,15232899.0,112959.0,706199.0,3606597.0
GR0000001868,2021,7,1388079.0,661054.0,249847.0,18410269.0,16212285.0,128031.0,789085.0,2957702.0
GR0000001868,2022,4,791816.0,339822.0,140183.0,12356674.0,9176243.0,102255.0,442077.0,2005052.0
GR0000001868,2023,4,753568.0,341157.0,143794.0,7220910.0,4760356.0,76136.0,417293.0,1749474.0
GR0000001868,2024,4,792733.0,361580.0,170183.0,12684328.0,9397480.0,110309.0,471888.0,1508505.0
GR0000001869,2020,13,280754.0,69195.0,290087.0,1304147.0,953725.0,27789.0,96983.0,1470872.0
GR0000001869,2021,12,214742.0,71092.0,197480.0,1283623.0,834632.0,28747.0,99840.0,1193702.0
GR0000001869,2022,12,246848.0,66768.0,197204.0,1074626.0,734962.0,20766.0,87534.0,1081935.0
GR0000001869,2023,13,114605.0,31388.0,219859.0,709176.0,531298.0,10481.0,41869.0,727443.0
GR0000001869,2024,12,218001.0,59873.0,193316.0,1712659.0,1342099.0,21038.0,80911.0,1428553.0
GR0000001870,2020,354,14549196.0,3939871.0,8923552.0,37339064.0,16825905.0,1086849.0,5026720.0,52979829.0
GR0000001870,2021,408,35468137.0,8057747.0,13985019.0,81734166.0,43131664.0,3085647.0,11143393.0,106029561.0
GR0000001870,2022,444,25431736.0,7038948.0,12550719.0,63516428.0,27161541.0,1906561.0,8945509.0,99987706.0
GR0000001870,2023,495,42322084.0,10912309.0,16913000.0,93384808.0,50085687.0,3119338.0,14031648.0,129249755.0
GR0000001870,2024,518,31879812.0,10401669.0,16092737.0,84577836.0,37825599.0,3526270.0,13927939.0,121712755.0
GR0000001871,2020,1,90249.0,33805.0,37048.0,1118918.0,813697.0,11946.0,45750.0,209512.0
GR0000001871,2021,1,54767.0,28058.0,40775.0,475644.0,376449.0,7478.0,35535.0,120439.0
GR0000001871,2022,1,65838.0,32091.0,33310.0,1168085.0,887061.0,8771.0,40862.0,133477.0
GR0000001871,2023,1,159999.0,74296.0,33361.0,1212988.0,847245.0,20140.0,94435.0,375535.0
GR0000001871,2024,1,78201.0,29701.0,37845.0,697034.0,553417.0,8177.0,37877.0,202271.0
GR0000001872,2020,3,349655.0,131605.0,111659.0,434682.0,160725.0,33814.0,165418.0,484820.0
GR0000001872,2021,2,304204.0,108300.0,74744.0,671348.0,259355.0,26501.0,134801.0,527920.0
GR0000001872,2022,2,301223.0,93044.0,57947.0,545453.0,274787.0,18134.0,111177.0,561315.0
GR0000001872,2023,2,528154.0,187497.0,57328.0,1013210.0,433781.0,47383.0,234880.0,870739.0
GR0000001872,2024,2,444078.0,136679.0,68201.0,713887.0,282637.0,48775.0,185455.0,665283.0
GR0000001873,2020,77,20628558.0,4845606.0,3053996.0,32689405.0,19958361.0,1027880.0,5873486.0,39697992.0
GR0000001873,2021,72,20515752.0,4401577.0,2899446.0,26095971.0,9145872.0,812409.0,5213986.0,41088309.0
GR0000001873,2022,66,20481671.0,6360299.0,3140276.0,33980994.0,15802736.0,1162986.0,7523285.0,34380442.0
GR0000001873,2023,64,14990314.0,4150580.0,3292382.0,20856485.0,11255889.0,964887.0,5115466.0,28225711.0
GR0000001873,2024,62,11211091.0,2649634.0,3352552.0,19821818.0,12561504.0,600280.0,3249914.0,25119780.0
GR0000001874,2024,40,701156.0,288040.0,972538.0,8267912.0,4693921.0,104883.0,392923.0,3890153.0
GR0000001875,2020,2,43038.0,7550.0,43008.0,97591.0,57660.0,2913.0,10463.0,215039.0
GR0000001875,2021,1,15660.0,3195.0,12666.0,23933.0,16467.0,1007.0,4202.0,63331.0
GR0000001875,2022,1,12616.0,2914.0,11867.0,26434.0,15691.0,825.0,3740.0,59336.0
GR0000001875,2023,1,19287.0,5593.0,13187.0,30038.0,20778.0,1865.0,7458.0,65937.0
GR0000001875,2024,1,15222.0,3023.0,11008.0,31554.0,23605.0,964.0,3988.0,55039.0
GR0000001876,2020,1,73166.0,22792.0,26065.0,136360.0,72775.0,7456.0,30248.0,126002.0
GR0000001876,2021,1,121066.0,48809.0,27648.0,290517.0,117128.0,20586.0,69395.0,278694.0
GR0000001876,2022,1,123284.0,40884.0,34603.0,250326.0,124676.0,12983.0,53866.0,224894.0
GR0000001876,2023,1,141553.0,55172.0,33499.0,313230.0,164083.0,20034.0,75206.0,299225.0
GR0000001876,2024,1,55630.0,23759.0,26338.0,118504.0,57664.0,8888.0,32647.0,102033.0
GR0000001877,2020,23,244469.0,56006.0,431165.0,1211045.0,917856.0,20154.0,76160.0,1077913.0
GR0000001877,2021,23,242170.0,79165.0,427966.0,1296693.0,1007179.0,25067.0,104232.0,1268595.0
GR0000001877,2022,22,310975.0,108932.0,417365.0,1803331.0,1288533.0,36996.0,145928.0,1453859.0
GR0000001877,2023,22,618722.0,138229.0,515916.0,2829386.0,1987375.0,53639.0,191868.0,3026701.0
GR0000001877,2024,24,770034.0,234105.0,388918.0,3188651.0,2035011.0,75795.0,309900.0,3502944.0
GR0000001878,2020,32,2488894.0,337448.0,875566.0,6445803.0,3866725.0,114125.0,451573.0,10195671.0
GR0000001878,2021,25,1658786.0,404864.0,659012.0,5721938.0,3801573.0,101082.0,505947.0,8116908.0
GR0000001878,2022,22,1132068.0,349351.0,704595.0,2591880.0,1715963.0,84163.0,433514.0,4066585.0
GR0000001878,2023,19,1261158.0,318878.0,441666.0,3388727.0,2267487.0,111123.0,430001.0,4973688.0
GR0000001878,2024,15,667050.0,177250.0,488649.0,2275510.0,1452535.0,45109.0,222359.0,3118835.0
GR0000001879,2020,5,93722.0,26683.0,99923.0,497658.0,288491.0,9514.0,36198.0,514749.0
GR0000001879,2021,4,69817.0,20163.0,81814.0,234447.0,127441.0,7244.0,27407.0,272713.0
GR0000001879,2022,4,133098.0,33224.0,81179.0,518552.0,285791.0,9541.0,42766.0,594794.0
GR0000001879,2023,4,102783.0,31677.0,91325.0,492101.0,254248.0,11117.0,42794.0,572088.0
GR0000001879,2024,4,57253.0,12651.0,85800.0,263461.0,136424.0,4206.0,16857.0,286000.0
GR0000001880,2020,36,818905.0,134674.0,812613.0,3124032.0,1663191.0,44042.0,178717.0,4180938.0
GR0000001880,2021,36,935176.0,152396.0,702387.0,3087297.0,1946656.0,47037.0,199433.0,3759500.0
GR0000001880,2022,33,937559.0,193389.0,745442.0,3735916.0,2742116.0,64380.0,257769.0,4071914.0
GR0000001880,2023,30,404971.0,74708.0,554731.0,1625498.0,1137786.0,23621.0,98329.0,1849103.0
GR0000001880,2024,33,485661.0,73004.0,664556.0,2992885.0,1775739.0,22770.0,95774.0,2938545.0
GR0000001881,2020,11,931262.0,352338.0,337289.0,2579298.0,1363354.0,108936.0,461273.0,2533882.0
GR0000001881,2021,11,856573.0,260963.0,433834.0,2631350.0,1096269.0,90356.0,351319.0,2412112.0
GR0000001881,2022,11,772938.0,234097.0,353652.0,2585792.0,1093486.0,88110.0,322207.0,2126858.0
GR0000001881,2023,11,1793131.0,627420.0,348496.0,3504107.0,1699484.0,216748.0,844167.0,3878179.0
GR0000001881,2024,11,1363913.0,459646.0,320328.0,3611006.0,2104571.0,122493.0,582139.0,3026100.0
GR0000001882,2020,5,131315.0,22114.0,116391.0,540517.0,264506.0,7169.0,29283.0,529051.0
GR0000001882,2021,5,183806.0,38941.0,114732.0,649526.0,328883.0,13052.0,51993.0,782721.0
GR0000001882,2022,5,174604.0,46046.0,99262.0,434296.0,221672.0,15670.0,61715.0,623645.0
GR0000001882,2023,5,120896.0,35632.0,116563.0,531158.0,281640.0,11937.0,47569.0,542718.0
GR0000001882,2024,5,100694.0,17967.0,89805.0,358646.0,208014.0,4822.0,22789.0,408204.0
GR0000001883,2020,130,10984924.0,2518068.0,3306102.0,32667593.0,18200237.0,879736.0,3397803.0,28878155.0
GR0000001883,2021,127,9283459.0,2208240.0,3825248.0,28035180.0,19478379.0,639786.0,2848026.0,19600391.0
GR0000001883,2022,120,15552909.0,3267266.0,3172766.0,42440503.0,24340895.0,880474.0,4147740.0,38927089.0
GR0000001883,2023,115,9479113.0,2098337.0,3036689.0,19128979.0,11713152.0,502285.0,2600623.0,18418694.0
GR0000001883,2024,105,6949239.0,1117609.0,2923462.0,27949747.0,15985671.0,373323.0,1490932.0,18288624.0
GR0000001884,2020,37,3303156.0,1413618.0,1444403.0,17073643.0,11753599.0,380638.0,1794256.0,12292137.0
GR0000001884,2021,39,2969010.0,1111938.0,1224437.0,17433143.0,12176254.0,408964.0,1520903.0,11227758.0
GR0000001884,2022,40,3181500.0,1455859.0,1218284.0,18641473.0,11337504.0,364977.0,1820836.0,14360326.0
GR0000001884,2023,40,3626168.0,1133772.0,1250519.0,23069008.0,14696684.0,331652.0,1465424.0,15077417.0
GR0000001884,2024,40,3378280.0,1114578.0,1687812.0,22716671.0,15429804.0,414815.0,1529392.0,16637176.0
GR0000001885,2020,15,242213.0,60398.0,234435.0,513201.0,326421.0,23080.0,83478.0,1172175.0
GR0000001885,2021,14,223920.0,55795.0,160599.0,393864.0,223662.0,17534.0,73329.0,802995.0
GR0000001885,2022,15,530012.0,141161.0,235193.0,1024136.0,759822.0,45349.0,186510.0,1967460.0
GR0000001885,2023,13,205193.0,33898.0,185289.0,644832.0,457496.0,11514.0,45411.0,926445.0
GR0000001885,2024,12,289507.0,41451.0,210854.0,469420.0,339048.0,17698.0,59149.0,1054271.0
GR0000001886,2020,14,848335.0,220413.0,340674.0,2384873.0,1349529.0,70329.0,290742.0,2000234.0
GR0000001886,2021,15,744040.0,132110.0,250547.0,2568345.0,1819227.0,45119.0,177229.0,2058714.0
GR0000001886,2022,13,644481.0,122535.0,211780.0,2355258.0,1627690.0,32371.0,154906.0,1833281.0
GR0000001886,2023,12,522420.0,131515.0,294212.0,2032526.0,1275833.0,44608.0,176123.0,1176241.0
GR0000001886,2024,11,476091.0,129284.0,217653.0,1930772.0,1129028.0,40577.0,169861.0,1128741.0
GR0000001887,2022,5,1143970.0,597040.0,242713.0,6255545.0,4942756.0,199158.0,796198.0,1962614.0
GR0000001887,2023,5,479791.0,186165.0,185184.0,3720194.0,2799853.0,56782.0,242947.0,1162875.0
GR0000001887,2024,5,607821.0,248071.0,245443.0,6146092.0,5278004.0,94555.0,342626.0,1484480.0
GR0000001888,2020,2,144041.0,64719.0,63516.0,289275.0,130430.0,19627.0,84346.0,274940.0
GR0000001888,2021,1,141516.0,46773.0,25471.0,237343.0,121237.0,19954.0,66727.0,240868.0
GR0000001888,2022,1,73800.0,27991.0,29226.0,229595.0,114279.0,9877.0,37867.0,178624.0
GR0000001888,2023,1,79721.0,24477.0,25616.0,254711.0,114216.0,7967.0,32444.0,184278.0
GR0000001888,2024,1,97710.0,37355.0,31823.0,210493.0,119142.0,10783.0,48137.0,183149.0
GR0000001889,2020,4,212899.0,61083.0,117744.0,441008.0,226525.0,22367.0,83450.0,459356.0
GR0000001889,2021,3,315921.0,96647.0,70943.0,906765.0,471194.0,31670.0,128317.0,716188.0
GR0000001889,2022,1,87708.0,20827.0,27376.0,323623.0,191432.0,6618.0,27445.0,257533.0
GR0000001889,2023,1,112658.0,28234.0,30679.0,237306.0,133893.0,7597.0,35831.0,257768.0
GR0000001889,2024,1,56854.0,19069.0,29319.0,190600.0,92190.0,5337.0,24406.0,158692.0
GR0000001890,2020,30,2738282.0,1223923.0,810231.0,6793123.0,3165130.0,381523.0,1605446.0,5398338.0
GR0000001890,2021,31,2327084.0,934112.0,969709.0,4005783.0,2242148.0,309889.0,1244000.0,3903837.0
GR0000001890,2022,32,2016249.0,645109.0,1103514.0,3422609.0,2033724.0,264013.0,909121.0,3664252.0
GR0000001890,2023,37,3902954.0,1420997.0,1211274.0,9356374.0,4702525.0,436989.0,1857986.0,7707207.0
GR0000001890,2024,37,2687516.0,982398.0,1294717.0,5977641.0,2902374.0,401386.0,1383784.0,6175228.0
GR0000001891,2020,34,716280.0,152910.0,729986.0,3718354.0,2460649.0,47841.0,200752.0,4207761.0
GR0000001891,2021,30,734847.0,190676.0,737505.0,2364926.0,1647803.0,71694.0,262369.0,3198429.0
GR0000001891,2022,30,426650.0,101348.0,731592.0,1733236.0,1149177.0,34614.0,135962.0,2518282.0
GR0000001891,2023,32,428894.0,119365.0,586602.0,2004165.0,1344026.0,33825.0,153190.0,2144019.0
GR0000001891,2024,32,668399.0,180618.0,757508.0,3613395.0,2601053.0,56941.0,237559.0,4313831.0
GR0000001892,2020,2,53859.0,15240.0,42321.0,120574.0,70427.0,4742.0,19981.0,223030.0
GR0000001892,2021,2,31704.0,8426.0,30946.0,91909.0,61175.0,2744.0,11170.0,154730.0
GR0000001892,2022,1,34677.0,5513.0,21333.0,45665.0,34185.0,1702.0,7215.0,117564.0
GR0000001892,2023,1,31417.0,7662.0,17993.0,48168.0,35960.0,3043.0,10705.0,108924.0
GR0000001892,2024,1,15712.0,2649.0,14622.0,30003.0,19475.0,833.0,3482.0,73111.0
GR0000001893,2022,9,584905.0,240087.0,297302.0,1482222.0,775921.0,74864.0,314951.0,1189118.0
GR0000001893,2023,10,605085.0,218656.0,333378.0,1699345.0,746148.0,92881.0,311538.0,1206336.0
GR0000001893,2024,9,522624.0,188698.0,267748.0,1263352.0,548797.0,60326.0,249024.0,1024103.0
GR0000001894,2020,1,10222.0,2178.0,12856.0,49256.0,30240.0,735.0,2913.0,51425.0
GR0000001894,2021,1,9629.0,2730.0,10692.0,43172.0,27777.0,749.0,3480.0,42767.0
GR0000001894,2022,1,18814.0,3940.0,21232.0,100324.0,61513.0,1297.0,5237.0,90793.0
GR0000001894,2023,1,14551.0,2898.0,18464.0,62487.0,32347.0,810.0,3708.0,73854.0
GR0000001894,2024,1,17920.0,3646.0,16422.0,57060.0,35887.0,1173.0,4818.0,72853.0
GR0000001895,2020,7,225194.0,36012.0,168535.0,622121.0,382977.0,12800.0,48812.0,855124.0
GR0000001895,2021,6,257051.0,43152.0,114862.0,658917.0,347138.0,14469.0,57621.0,957477.0
GR0000001895,2022,6,220733.0,64010.0,152724.0,884954.0,569452.0,20405.0,84415.0,923797.0
GR0000001895,2023,6,180323.0,48747.0,155771.0,710967.0,453741.0,16344.0,65091.0,759570.0
GR0000001895,2024,6,259136.0,50250.0,118613.0,856506.0,554100.0,16490.0,66740.0,1052998.0
GR0000001896,2020,1,18959.0,6352.0,17337.0,132269.0,85810.0,2114.0,8465.0,100275.0
GR0000001896,2021,1,15625.0,5230.0,22612.0,88265.0,69485.0,2127.0,7357.0,76449.0
GR0000001896,2022,1,33182.0,8676.0,16422.0,135126.0,90892.0,3309.0,11985.0,145285.0
GR0000001896,2023,1,15661.0,4287.0,17602.0,99894.0,76610.0,1234.0,5521.0,91097.0
GR0000001896,2024,1,34414.0,9904.0,20072.0,207433.0,127364.0,3394.0,13298.0,160846.0
GR0000001897,2020,45,986228.0,229510.0,1105411.0,3484524.0,1829882.0,57637.0,287146.0,5024594.0
GR0000001897,2021,52,1649384.0,474213.0,1236469.0,6180016.0,2802351.0,179824.0,654036.0,6074187.0
GR0000001897,2022,48,1122297.0,320547.0,1056476.0,4132290.0,2418295.0,118213.0,438759.0,5804766.0
GR0000001897,2023,49,689913.0,165441.0,687985.0,2485817.0,1480629.0,41421.0,206861.0,3127206.0
GR0000001897,2024,50,1571745.0,350232.0,1239606.0,6492572.0,3304633.0,89264.0,439496.0,7878844.0
GR0000001898,2020,38,675155.0,171827.0,695579.0,2608532.0,1948667.0,54915.0,226741.0,2917712.0
GR0000001898,2021,40,472991.0,176732.0,928866.0,2423701.0,1496809.0,59163.0,235895.0,2598489.0
GR0000001898,2022,45,1001001.0,313642.0,970253.0,4699330.0,3616900.0,109299.0,422942.0,5250970.0
GR0000001898,2023,48,581699.0,148241.0,926317.0,3316315.0,2510998.0,60884.0,209126.0,3436351.0
GR0000001898,2024,49,584410.0,198299.0,1036827.0,2817145.0,2131449.0,62376.0,260676.0,2592067.0
GR0000001899,2021,123,15156755.0,5498003.0,7013918.0,62868083.0,33860886.0,1773689.0,7271692.0,48118110.0
GR0000001899,2022,145,11645944.0,4284668.0,7933330.0,72240158.0,38188538.0,1008358.0,5293026.0,43808419.0
GR0000001899,2023,156,27057135.0,9055742.0,8356074.0,118866220.0,73858338.0,3060902.0,12116644.0,77462293.0
GR0000001899,2024,185,10698456.0,3519361.0,7978185.0,59268427.0,36025188.0,887099.0,4406460.0,39890927.0
GR0000001900,2020,6,673919.0,249965.0,212995.0,911003.0,478848.0,69538.0,319503.0,1173593.0
GR0000001900,2021,5,1307247.0,602119.0,196411.0,1695163.0,749058.0,167404.0,769524.0,2258965.0
GR0000001900,2022,5,933774.0,328695.0,154151.0,1136818.0,540671.0,83771.0,412466.0,1341515.0
GR0000001900,2023,5,989816.0,440503.0,214542.0,1213647.0,641255.0,116107.0,556609.0,1487162.0
GR0000001900,2024,5,1626887.0,589628.0,201803.0,2173788.0,990421.0,183572.0,773200.0,2401336.0
GR0000001901,2020,11,251803.0,81491.0,273910.0,2584125.0,1477323.0,31859.0,113350.0,1095639.0
GR0000001901,2021,12,264381.0,92445.0,306277.0,2702818.0,1747886.0,30461.0,122905.0,1748974.0
GR0000001901,2022,13,649507.0,270300.0,453291.0,4785673.0,2963325.0,77418.0,347717.0,3489856.0
GR0000001901,2023,14,416622.0,168967.0,449818.0,2750215.0,1991763.0,57398.0,226366.0,2037891.0
GR0000001901,2024,15,524810.0,175556.0,496044.0,5886641.0,4310708.0,58475.0,234031.0,2819588.0
GR0000001902,2020,7,334673.0,80218.0,151753.0,1000112.0,636827.0,26459.0,106677.0,827133.0
GR0000001902,2021,7,376469.0,89818.0,194483.0,885575.0,448492.0,31215.0,121034.0,931416.0
GR0000001902,2022,7,204035.0,59682.0,167207.0,902596.0,408357.0,18359.0,78041.0,637627.0
GR0000001902,2023,7,643706.0,180839.0,186455.0,1600334.0,945255.0,66540.0,247379.0,1449061.0
GR0000001902,2024,7,518063.0,132238.0,190357.0,1350786.0,740674.0,48327.0,180565.0,1318278.0
GR0000001903,2024,29,1077659.0,217119.0,707590.0,3720925.0,2461419.0,61881.0,279000.0,4764945.0
GR0000001904,2020,19,1718867.0,585159.0,597021.0,3765175.0,1592355.0,232233.0,817392.0,4293943.0
GR0000001904,2021,17,1049555.0,408291.0,514272.0,2774518.0,1252018.0,133485.0,541776.0,1817261.0
GR0000001904,2022,17,1987613.0,651195.0,460076.0,6118587.0,2862117.0,222637.0,873832.0,4903715.0
GR0000001904,2023,15,1396272.0,441220.0,509470.0,3548305.0,1517325.0,136288.0,577508.0,2553152.0
GR0000001904,2024,13,1461986.0,507361.0,331683.0,3390416.0,1561381.0,211507.0,718868.0,2897958.0
GR0000001905,2023,18,578305.0,205589.0,540415.0,4436666.0,2718989.0,52369.0,257958.0,2456431.0
GR0000001905,2024,18,1064167.0,423652.0,656317.0,6455490.0,3509922.0,133128.0,556780.0,4754588.0
GR0000001906,2020,1110,62029675.0,14520822.0,25400342.0,99585865.0,58596233.0,3939668.0,18460490.0,197744845.0
GR0000001906,2021,1152,59162905.0,9634245.0,26478082.0,72986874.0,36612581.0,3370329.0,13004574.0,176520547.0
GR0000001906,2022,1297,66396166.0,17257426.0,29562590.0,80393904.0,48357306.0,3797283.0,21054709.0,197083936.0
GR0000001906,2023,1090,51456907.0,10243366.0,24361419.0,60985315.0,33115502.0,2041123.0,12284489.0,162409462.0
GR0000001906,2024,990,83221778.0,17454936.0,30664524.0,86208656.0,49414919.0,5524206.0,22979142.0,237146428.0
GR0000001907,2020,2,61797.0,11171.0,45118.0,147638.0,90885.0,3382.0,14554.0,271625.0
GR0000001907,2021,1,34864.0,8710.0,17236.0,77391.0,59590.0,3218.0,11928.0,119148.0
GR0000001907,2022,1,13006.0,3742.0,11580.0,29447.0,19399.0,988.0,4730.0,57902.0
GR0000001907,2023,1,12197.0,2633.0,8761.0,20652.0,11890.0,888.0,3522.0,43807.0
GR0000001907,2024,1,25205.0,4413.0,22027.0,46535.0,32673.0,1389.0,5803.0,110134.0
GR0000001908,2020,7,414060.0,138035.0,198411.0,1509999.0,890067.0,31281.0,169316.0,1361561.0
GR0000001908,2021,7,364235.0,110559.0,175628.0,1253841.0,731930.0,30231.0,140789.0,1265864.0
GR0000001908,2022,6,169963.0,56931.0,159056.0,853581.0,543538.0,17286.0,74217.0,752024.0
GR0000001908,2023,4,122499.0,37055.0,114587.0,356675.0,230734.0,8520.0,45575.0,529799.0
GR0000001908,2024,3,216310.0,73631.0,70759.0,789080.0,506026.0,17620.0,91252.0,812279.0
GR0000001909,2020,231,94554258.0,32843992.0,12373969.0,93468623.0,28558219.0,11416390.0,44260382.0,135094776.0
GR0000001909,2021,250,54195355.0,18795335.0,14482430.0,58203331.0,21859474.0,6604384.0,25399719.0,74760296.0
GR0000001909,2022,250,108428206.0,52864741.0,12310924.0,112708389.0,36772545.0,11644352.0,64509093.0,158024069.0
GR0000001909,2023,250,59316143.0,22675649.0,13670767.0,71769541.0,34750844.0,6200078.0,28875727.0,98439802.0
GR0000001909,2024,250,64035390.0,25579092.0,12326746.0,63912500.0,29760254.0,9695308.0,35274400.0,92004964.0
GR0000001910,2020,24,502164.0,89646.0,476534.0,1941526.0,962288.0,32160.0,121805.0,2166064.0
GR0000001910,2021,28,629537.0,122929.0,509234.0,1628140.0,849816.0,38785.0,161714.0,2433932.0
GR0000001910,2022,32,633223.0,106607.0,537131.0,1642860.0,817401.0,37579.0,144186.0,2441504.0
GR0000001910,2023,38,803115.0,143183.0,655524.0,2863153.0,1596895.0,42656.0,185839.0,2979655.0
GR0000001910,2024,40,903724.0,254485.0,755581.0,2292435.0,1187500.0,94220.0,348705.0,3650322.0
GR0000001911,2024,7,167636.0,52299.0,212376.0,545267.0,263769.0,20139.0,72437.0,499320.0
GR0000001912,2020,1,26927.0,4312.0,18996.0,48049.0,33054.0,1582.0,5894.0,94978.0
GR0000001912,2021,1,22945.0,5543.0,19052.0,37552.0,27575.0,2081.0,7624.0,95258.0
GR0000001912,2022,1,30417.0,4700.0,18575.0,55809.0,41351.0,1577.0,6277.0,131141.0
GR0000001912,2023,1,10940.0,2723.0,9250.0,20966.0,15089.0,1083.0,3806.0,46249.0
GR0000001912,2024,1,12814.0,2748.0,10019.0,31081.0,17229.0,966.0,3714.0,50095.0
GR0000001913,2020,22,783103.0,139541.0,421433.0,3950078.0,2526166.0,39451.0,178992.0,3872243.0
GR0000001913,2021,21,415726.0,59965.0,407771.0,1558747.0,874630.0,17572.0,77537.0,1853502.0
GR0000001913,2022,22,588102.0,93640.0,407809.0,1640845.0,927962.0,22686.0,116327.0,2232333.0
GR0000001913,2023,21,517152.0,92542.0,495721.0,1663945.0,1106493.0,31012.0,123554.0,2430178.0
GR0000001913,2024,21,628792.0,124997.0,420363.0,2498073.0,1546395.0,40107.0,165104.0,2778607.0
GR0000001914,2020,21,1088463.0,250305.0,481986.0,3791577.0,1940939.0,64994.0,315300.0,5858199.0
GR0000001914,2021,19,1016253.0,227495.0,514080.0,2995355.0,1983054.0,58128.0,285623.0,4238593.0
GR0000001914,2022,20,714710.0,184892.0,577117.0,2071360.0,1254969.0,56302.0,241194.0,3230777.0
GR0000001914,2023,21,595123.0,161223.0,600479.0,2298568.0,1597065.0,60200.0,221423.0,3024062.0
GR0000001914,2024,24,1216435.0,282819.0,650197.0,3187530.0,1812529.0,96779.0,379599.0,5098485.0
GR0000001915,2020,9,423247.0,109515.0,227762.0,940299.0,500527.0,31585.0,141100.0,1634618.0
GR0000001915,2021,8,417618.0,91589.0,169252.0,668884.0,449165.0,23926.0,115516.0,1457097.0
GR0000001915,2022,7,403794.0,88448.0,142459.0,695551.0,446048.0,30898.0,119346.0,1342349.0
GR0000001915,2023,7,360012.0,86073.0,171338.0,460398.0,307465.0,29158.0,115231.0,1187682.0
GR0000001915,2024,7,401784.0,92877.0,175899.0,656051.0,386924.0,30460.0,123337.0,1440326.0
GR0000001916,2020,855,99441923.0,31893324.0,36077477.0,427843878.0,274332974.0,10137421.0,42030745.0,350073621.0
GR0000001916,2021,828,136702311.0,50042262.0,37230238.0,547313095.0,311348837.0,11549882.0,61592143.0,430982994.0
GR0000001916,2022,795,145673724.0,44766162.0,36281196.0,585118325.0,361131083.0,14203593.0,58969755.0,442377855.0
GR0000001916,2023,933,88348766.0,31053082.0,41810089.0,550711131.0,283978574.0,10458354.0,41511436.0,341441356.0
GR0000001916,2024,1011,120274442.0,46403916.0,53213795.0,417999666.0,212575156.0,12022173.0,58426089.0,349594145.0
GR0000001917,2024,15,551562.0,246926.0,402343.0,5287220.0,3263086.0,82131.0,329056.0,2704071.0
GR0000001918,2020,1,29540.0,11128.0,32499.0,303410.0,193024.0,4284.0,15412.0,152703.0
GR0000001918,2021,1,49071.0,21584.0,28022.0,410788.0,231345.0,7137.0,28721.0,239029.0
GR0000001918,2022,1,47075.0,16004.0,30884.0,403797.0,294500.0,5456.0,21461.0,215338.0
GR0000001918,2023,1,47679.0,18923.0,29648.0,475417.0,289581.0,7099.0,26022.0,231203.0
GR0000001918,2024,1,46880.0,14629.0,30836.0,464171.0,258815.0,4258.0,18887.0,239660.0
GR0000001919,2020,7,262679.0,86621.0,205516.0,2208102.0,1229402.0,31838.0,118459.0,1244965.0
GR0000001919,2021,6,222039.0,71187.0,158658.0,2381915.0,1488573.0,23610.0,94797.0,1390107.0
GR0000001919,2022,6,193768.0,85661.0,174387.0,1390590.0,832490.0,26539.0,112201.0,904392.0
GR0000001919,2023,7,215421.0,83410.0,196737.0,2702348.0,1830204.0,35740.0,119150.0,1363439.0
GR0000001919,2024,7,284991.0,91265.0,226622.0,1868338.0,1278718.0,30807.0,122072.0,1254051.0
GR0000001920,2020,157,49202207.0,18963623.0,6223528.0,62182599.0,32087432.0,3902229.0,22865853.0,68590958.0
GR0000001920,2021,159,43332116.0,16186383.0,7892748.0,71739328.0,31468423.0,3389459.0,19575843.0,67075398.0
GR0000001920,2022,133,29898312.0,9406346.0,4992137.0,50613889.0,20428613.0,2847436.0,12253782.0,52286538.0
GR0000001920,2023,120,32808774.0,11258141.0,4527495.0,46398687.0,16369080.0,1857785.0,13115925.0,52988757.0
GR0000001920,2024,91,28138588.0,9259641.0,4098402.0,41088909.0,18367069.0,2823414.0,12083055.0,47766285.0
GR0000001921,2020,12,278217.0,78322.0,287394.0,2002918.0,1325803.0,26139.0,104461.0,1632277.0
GR0000001921,2021,9,184419.0,57214.0,224595.0,800024.0,619863.0,16680.0,73894.0,814129.0
GR0000001921,2022,9,212575.0,61117.0,203567.0,993454.0,722958.0,20082.0,81199.0,1229979.0
GR0000001921,2023,7,219224.0,50173.0,137394.0,910233.0,694090.0,16200.0,66373.0,1038559.0
GR0000001921,2024,5,196200.0,61367.0,119454.0,1261551.0,985824.0,17941.0,79308.0,955058.0
GR0000001922,2020,2,57872.0,19314.0,60453.0,535266.0,373364.0,6240.0,25554.0,241811.0
GR0000001922,2021,2,39495.0,13117.0,52443.0,554507.0,370603.0,5026.0,18143.0,209771.0
GR0000001922,2022,2,66224.0,29197.0,66184.0,567116.0,320171.0,9034.0,38231.0,283599.0
GR0000001922,2023,2,55543.0,24221.0,59647.0,469173.0,307366.0,8685.0,32906.0,238590.0
GR0000001922,2024,1,24094.0,7467.0,27400.0,191032.0,119793.0,2836.0,10303.0,109601.0
GR0000001923,2020,76,19306998.0,9678666.0,3262990.0,239577588.0,196959521.0,2427345.0,12106011.0,43339186.0
GR0000001923,2021,74,11226656.0,4444383.0,2806869.0,73032168.0,55326219.0,1289719.0,5734102.0,21261031.0
GR0000001923,2022,80,17938632.0,8872807.0,3545111.0,171686468.0,138967452.0,3416082.0,12288889.0,34266176.0
GR0000001923,2023,89,22322569.0,9709482.0,4336524.0,107206229.0,92498235.0,3364871.0,13074352.0,38650684.0
GR0000001923,2024,85,12760841.0,5909227.0,3147076.0,129489899.0,107985228.0,1735303.0,7644530.0,27830009.0
GR0000001924,2020,4,1065580.0,465530.0,165719.0,1877711.0,806695.0,137357.0,602887.0,1752141.0
GR0000001924,2021,3,1035118.0,370205.0,103663.0,1104537.0,571185.0,119934.0,490139.0,1573869.0
GR0000001924,2022,3,721710.0,224906.0,136017.0,1117796.0,589560.0,64953.0,289858.0,1018798.0
GR0000001924,2023,3,935792.0,425860.0,134017.0,1489543.0,716126.0,99309.0,525169.0,1581957.0
GR0000001924,2024,3,1041730.0,352915.0,95290.0,1312602.0,515339.0,85347.0,438262.0,1605261.0
GR0000001925,2020,25,695341.0,223964.0,524146.0,1904870.0,1165538.0,82025.0,305989.0,2515074.0
GR0000001925,2021,25,648814.0,185526.0,723070.0,2935151.0,1937755.0,71346.0,256872.0,3114696.0
GR0000001925,2022,29,1633812.0,404866.0,716057.0,4861756.0,3252129.0,103085.0,507951.0,6681906.0
GR0000001925,2023,31,1834205.0,482053.0,699675.0,6218631.0,3702267.0,186003.0,668056.0,6929284.0
GR0000001925,2024,31,1569741.0,497369.0,695493.0,4041901.0,2643407.0,144180.0,641549.0,5446938.0
GR0000001926,2020,26,562759.0,85741.0,384645.0,788215.0,508935.0,30652.0,116393.0,1923223.0
GR0000001926,2021,27,537041.0,118320.0,504198.0,1195988.0,802979.0,32703.0,151024.0,2520991.0
GR0000001926,2022,25,434493.0,85891.0,330542.0,791847.0,477105.0,32438.0,118329.0,1652708.0
GR0000001926,2023,22,327168.0,85748.0,279383.0,598722.0,366332.0,29898.0,115646.0,1396915.0
GR0000001926,2024,21,589258.0,153183.0,401798.0,978878.0,706678.0,51301.0,204484.0,2008990.0
GR0000001927,2020,3,159638.0,61544.0,80521.0,294770.0,163007.0,25954.0,87498.0,284660.0
GR0000001927,2021,3,138686.0,43257.0,99985.0,330427.0,139672.0,15743.0,59000.0,318189.0
GR0000001927,2022,2,135866.0,59882.0,56084.0,290921.0,117416.0,18224.0,78106.0,333990.0
GR0000001927,2023,2,213462.0,87934.0,61707.0,452581.0,243091.0,34385.0,122319.0,494166.0
GR0000001927,2024,2,102490.0,34511.0,66355.0,262438.0,128055.0,14707.0,49218.0,255413.0
GR0000001928,2020,19,1586183.0,219209.0,467635.0,3586475.0,1862637.0,70453.0,289662.0,5826481.0
GR0000001928,2021,19,629735.0,93763.0,469772.0,1583714.0,835604.0,28884.0,122647.0,2753031.0
GR0000001928,2022,19,1179498.0,263624.0,429804.0,3593543.0,2220519.0,78819.0,342444.0,4181341.0
GR0000001928,2023,19,1099848.0,237283.0,478339.0,2088027.0,1374210.0,58522.0,295805.0,3941598.0
GR0000001928,2024,19,560241.0,100796.0,617375.0,2257855.0,1187028.0,25178.0,125974.0,3003463.0
GR0000001929,2020,23,906335.0,267370.0,505072.0,1086484.0,698488.0,69688.0,337058.0,2805954.0
GR0000001929,2021,26,784394.0,227699.0,422947.0,950640.0,517566.0,66625.0,294324.0,2349704.0
GR0000001929,2022,25,819010.0,200188.0,550738.0,1427397.0,887074.0,68885.0,269073.0,3059657.0
GR0000001929,2023,25,1344359.0,227200.0,683562.0,2070420.0,1320119.0,85045.0,312244.0,4129466.0
GR0000001929,2024,24,1358228.0,241546.0,582146.0,1841364.0,1053270.0,81590.0,323137.0,4038724.0
GR0000001930,2020,30,1427634.0,222431.0,543150.0,2046317.0,1033719.0,63559.0,285989.0,4491919.0
GR0000001930,2021,29,806463.0,251587.0,565464.0,1289476.0,726596.0,70152.0,321738.0,3141466.0
GR0000001930,2022,33,1291898.0,309732.0,725663.0,1944056.0,1254849.0,86025.0,395757.0,4140840.0
GR0000001930,2023,33,1442655.0,232742.0,859611.0,2129322.0,1292693.0,71831.0,304573.0,5412037.0
GR0000001930,2024,31,836050.0,158550.0,492288.0,949581.0,551190.0,51181.0,209731.0,2734934.0
GR0000001931,2020,10,460399.0,149590.0,246836.0,1584691.0,979560.0,53952.0,203542.0,1955543.0
GR0000001931,2021,10,419463.0,129081.0,236693.0,1721005.0,860496.0,43772.0,172853.0,1733071.0
GR0000001931,2022,10,572525.0,196451.0,241905.0,1438941.0,884481.0,56736.0,253186.0,1974547.0
GR0000001931,2023,10,754940.0,195269.0,222657.0,2622735.0,1368629.0,50389.0,245658.0,3121158.0
GR0000001931,2024,10,606449.0,226976.0,266011.0,2013175.0,999579.0,65345.0,292321.0,2220099.0
GR0000001932,2020,9,221298.0,57733.0,182592.0,1187962.0,828546.0,22011.0,79744.0,1103966.0
GR0000001932,2021,9,196064.0,35314.0,163015.0,775419.0,569367.0,15121.0,50435.0,1018318.0
GR0000001932,2022,8,127305.0,24675.0,166760.0,485787.0,275768.0,10025.0,34699.0,555865.0
GR0000001932,2023,8,135742.0,40558.0,163601.0,504886.0,341583.0,12788.0,53346.0,545336.0
GR0000001932,2024,9,92587.0,15390.0,170339.0,385114.0,259891.0,4600.0,19989.0,568680.0
GR0000001933,2020,18,993834.0,371813.0,620562.0,16042439.0,11941328.0,138137.0,509950.0,2525879.0
GR0000001933,2021,15,3237127.0,1537336.0,555751.0,53028193.0,33965467.0,513204.0,2050540.0,6750799.0
GR0000001933,2022,11,1850553.0,746443.0,453232.0,33438177.0,22257658.0,224098.0,970540.0,3809935.0
GR0000001933,2023,9,1140224.0,574860.0,314230.0,18536971.0,14485787.0,185940.0,760800.0,2831060.0
GR0000001933,2024,9,1411601.0,706319.0,279560.0,19962028.0,17930305.0,210613.0,916932.0,2858053.0
GR0000001934,2020,1,17842.0,3282.0,22501.0,89517.0,72144.0,1040.0,4322.0,88639.0
GR0000001934,2021,1,19491.0,3100.0,19644.0,66455.0,42525.0,917.0,4016.0,82147.0
GR0000001934,2022,1,26281.0,5772.0,22778.0,82340.0,52116.0,2150.0,7922.0,119035.0
GR0000001934,2023,1,27356.0,6591.0,24801.0,100932.0,56835.0,2086.0,8677.0,147104.0
GR0000001934,2024,1,25547.0,5116.0,25806.0,122549.0,76093.0,1514.0,6629.0,150672.0
GR0000001935,2020,15,198768.0,55541.0,277967.0,568869.0,337426.0,17454.0,72995.0,926555.0
GR0000001935,2021,13,212954.0,54475.0,322840.0,1055568.0,704382.0,21393.0,75868.0,1146541.0
GR0000001935,2022,12,322560.0,91685.0,283142.0,1228351.0,681082.0,35443.0,127127.0,1374353.0
GR0000001935,2023,13,198584.0,46988.0,295532.0,857414.0,489736.0,15562.0,62551.0,1051372.0
GR0000001935,2024,13,288515.0,50431.0,237431.0,1585190.0,874700.0,14247.0,64678.0,1613435.0
GR0000001936,2020,11,250386.0,69900.0,168604.0,1151673.0,791437.0,25647.0,95547.0,1199047.0
GR0000001936,2021,11,119000.0,33107.0,144918.0,530011.0,354087.0,11224.0,44331.0,579673.0
GR0000001936,2022,10,201664.0,44018.0,195948.0,726256.0,495358.0,13014.0,57032.0,864160.0
GR0000001936,2023,11,173896.0,32772.0,179648.0,750695.0,474161.0,11167.0,43939.0,851806.0
GR0000001936,2024,12,251921.0,39384.0,211751.0,894159.0,456240.0,13112.0,52496.0,1059151.0
GR0000001937,2020,187,17100498.0,4919843.0,5293876.0,31677483.0,17604355.0,1191760.0,6111603.0,42281426.0
GR0000001937,2021,167,24458395.0,6483754.0,5051687.0,45936823.0,23488393.0,1510605.0,7994359.0,64679456.0
GR0000001937,2022,137,18146668.0,4202310.0,4299877.0,36234946.0,20020995.0,615113.0,4817422.0,55533549.0
GR0000001937,2023,115,11203637.0,2292141.0,3341384.0,24406464.0,16141231.0,402164.0,2694306.0,36235214.0
GR0000001937,2024,105,13149219.0,3585941.0,3918139.0,24151052.0,12043705.0,629203.0,4215144.0,29418883.0
GR0000001938,2020,39,682465.0,169949.0,471657.0,1228390.0,843237.0,71689.0,241638.0,2358285.0
GR0000001938,2021,38,708699.0,181985.0,661515.0,1638747.0,923612.0,72041.0,254025.0,3307575.0
GR0000001938,2022,38,459559.0,129935.0,438150.0,1253323.0,708544.0,39360.0,169295.0,2190749.0
GR0000001938,2023,35,932753.0,225361.0,638610.0,2105291.0,1347256.0,66046.0,291407.0,4009262.0
GR0000001938,2024,37,516937.0,95725.0,385394.0,824808.0,483698.0,36016.0,131740.0,1926972.0
GR0000001939,2020,9,1745538.0,658709.0,329955.0,4631963.0,2177644.0,118251.0,776959.0,3089418.0
GR0000001939,2021,7,668555.0,194885.0,269691.0,965278.0,429267.0,39216.0,234100.0,1111873.0
GR0000001939,2022,5,528967.0,180943.0,162833.0,928689.0,445505.0,41267.0,222210.0,724673.0
GR0000001939,2023,4,597398.0,242233.0,130563.0,951113.0,493037.0,62884.0,305116.0,922342.0
GR0000001939,2024,3,301430.0,118784.0,89908.0,440716.0,238572.0,23244.0,142028.0,464227.0
GR0000001940,2020,9,157566.0,30336.0,145815.0,321654.0,239566.0,11562.0,41899.0,729077.0
GR0000001940,2021,9,151862.0,44529.0,137320.0,317723.0,191895.0,12735.0,57264.0,686601.0
GR0000001940,2022,9,201314.0,41465.0,162416.0,441832.0,308217.0,15425.0,56890.0,867156.0
GR0000001940,2023,8,111834.0,33351.0,86595.0,183187.0,127792.0,10537.0,43888.0,432976.0
GR0000001940,2024,9,132752.0,26042.0,116150.0,265534.0,179075.0,10039.0,36081.0,580751.0
GR0000001941,2021,971,111991863.0,49236669.0,49575892.0,500005412.0,275071137.0,17269310.0,66505979.0,329877431.0
GR0000001941,2022,1110,173083002.0,70909862.0,52270111.0,670860037.0,364366954.0,19937707.0,90847569.0,501208228.0
GR0000001941,2023,1133,168923027.0,64226945.0,65420863.0,657379799.0,296416530.0,23113190.0,87340135.0,519583941.0
GR0000001941,2024,1355,203388586.0,90089546.0,54260753.0,948849460.0,529321076.0,29286648.0,119376194.0,666911765.0
GR0000001942,2023,30,1041075.0,305511.0,603621.0,1324283.0,862341.0,85962.0,391472.0,3517903.0
GR0000001942,2024,30,557169.0,120540.0,312972.0,694014.0,361453.0,33607.0,154148.0,1738735.0
GR0000001943,2020,28,1096012.0,326246.0,523479.0,1707546.0,995254.0,98588.0,424834.0,3418482.0
GR0000001943,2021,28,1333145.0,297392.0,707568.0,1642479.0,868859.0,90319.0,387711.0,3930935.0
GR0000001943,2022,31,726789.0,215123.0,445682.0,995270.0,615076.0,59772.0,274895.0,2476012.0
GR0000001943,2023,31,1126118.0,284007.0,739006.0,1879351.0,1096433.0,87225.0,371232.0,4447745.0
GR0000001943,2024,36,1160650.0,201368.0,814693.0,2015112.0,1297512.0,70355.0,271723.0,4526073.0
GR0000001944,2020,2,129592.0,48210.0,61270.0,853058.0,605787.0,18836.0,67046.0,565021.0
GR0000001944,2021,2,94700.0,43852.0,55945.0,1035206.0,667338.0,12659.0,56511.0,502677.0
GR0000001944,2022,1,62843.0,26218.0,32081.0,720366.0,487647.0,10056.0,36274.0,277117.0
GR0000001944,2023,1,54037.0,20726.0,28912.0,377822.0,280300.0,8225.0,28951.0,235556.0
GR0000001944,2024,1,47934.0,14381.0,31301.0,510426.0,290512.0,5538.0,19919.0,204749.0
GR0000001945,2024,1,11967.0,3729.0,12574.0,37584.0,20158.0,855.0,4584.0,41914.0
GR0000001946,2020,38,996548.0,358996.0,1087668.0,9508630.0,6109428.0,112563.0,471559.0,4350673.0
GR0000001946,2021,37,1045505.0,350139.0,1068576.0,9793524.0,6382995.0,127611.0,477750.0,5780133.0
GR0000001946,2022,39,731024.0,279734.0,1182640.0,7575967.0,5089276.0,94187.0,373921.0,4730561.0
GR0000001946,2023,37,1975372.0,711590.0,1145347.0,23101327.0,15913418.0,273434.0,985024.0,9421229.0
GR0000001946,2024,41,982275.0,341673.0,1222649.0,8073361.0,5442224.0,114247.0,455919.0,4890596.0
GR0000001947,2020,2,26012.0,8712.0,33126.0,132124.0,73077.0,3064.0,11776.0,110421.0
GR0000001947,2021,1,31345.0,9637.0,21726.0,143290.0,83751.0,3607.0,13245.0,156389.0
GR0000001947,2022,1,30617.0,8097.0,18824.0,124840.0,73190.0,2923.0,11020.0,154121.0
GR0000001947,2023,1,13836.0,4966.0,17174.0,71013.0,44877.0,1408.0,6374.0,57247.0
GR0000001947,2024,1,38028.0,9918.0,23875.0,168506.0,115632.0,2946.0,12864.0,183067.0
GR0000001948,2020,3,17267.0,3647.0,22660.0,74022.0,41127.0,1172.0,4819.0,90638.0
GR0000001948,2021,3,33023.0,7672.0,38299.0,122064.0,81715.0,3112.0,10785.0,153198.0
GR0000001948,2022,3,32584.0,8816.0,47793.0,166368.0,102039.0,3272.0,12088.0,191170.0
GR0000001948,2023,3,62364.0,9396.0,62142.0,314336.0,197701.0,3810.0,13206.0,293940.0
GR0000001948,2024,3,72124.0,15495.0,45697.0,273204.0,169158.0,6012.0,21506.0,318976.0
GR0000001949,2020,1,80594.0,30266.0,34253.0,2048133.0,1688615.0,10591.0,40857.0,222039.0
GR0000001949,2021,1,79980.0,31330.0,36378.0,670850.0,497087.0,13227.0,44558.0,176005.0
GR0000001949,2022,1,48893.0,20201.0,36661.0,656222.0,551488.0,7423.0,27623.0,136313.0
GR0000001949,2023,1,95212.0,50088.0,33343.0,1202308.0,989235.0,14937.0,65025.0,208910.0
GR0000001949,2024,1,71990.0,31756.0,36980.0,755647.0,545602.0,10829.0,42585.0,147373.0
GR0000001950,2020,137,4186188.0,1602715.0,3857174.0,15859246.0,9139880.0,427761.0,2030476.0,16703403.0
GR0000001950,2021,125,3560326.0,1255104.0,3416061.0,9411778.0,5558140.0,414462.0,1669566.0,12000273.0
GR0000001950,2022,125,6326998.0,2195016.0,3220649.0,23648227.0,16428884.0,652514.0,2847531.0,27163099.0
GR0000001950,2023,132,3284159.0,959987.0,3482576.0,11737705.0,7551380.0,322874.0,1282862.0,14060056.0
GR0000001950,2024,150,6624084.0,2263927.0,3564879.0,22782270.0,14186048.0,691582.0,2955509.0,25162999.0
GR0000001951,2020,4,49242.0,7795.0,46811.0,212781.0,133787.0,2144.0,9938.0,212779.0
GR0000001951,2021,4,87411.0,16976.0,74671.0,372177.0,237552.0,4939.0,21915.0,427390.0
GR0000001951,2022,4,138944.0,27367.0,79308.0,420080.0,224719.0,7994.0,35361.0,568690.0
GR0000001951,2023,4,52090.0,10279.0,62133.0,178940.0,115312.0,3600.0,13879.0,282421.0
GR0000001951,2024,4,66577.0,11200.0,54318.0,212022.0,123907.0,4081.0,15281.0,246900.0
GR0000001952,2020,4,518321.0,237831.0,170226.0,4832449.0,3920619.0,77880.0,315710.0,1250159.0
GR0000001952,2021,3,1034535.0,451053.0,143203.0,9752524.0,8169066.0,151890.0,602943.0,2113725.0
GR0000001952,2022,2,479343.0,216817.0,96977.0,4617074.0,3555241.0,51451.0,268268.0,1060164.0
GR0000001952,2023,2,722016.0,256034.0,78397.0,7894926.0,7026059.0,75863.0,331897.0,1587256.0
GR0000001952,2024,2,762819.0,357958.0,73128.0,4404157.0,3762962.0,104905.0,462863.0,1358106.0
GR0000001953,2020,7,297709.0,74943.0,176713.0,774148.0,448981.0,19735.0,94679.0,1046989.0
GR0000001953,2021,7,336607.0,84735.0,195482.0,1290664.0,962450.0,23002.0,107738.0,1543336.0
GR0000001953,2022,8,364575.0,105016.0,235044.0,1490092.0,1061709.0,26389.0,131405.0,1359625.0
GR0000001953,2023,8,322031.0,87176.0,208901.0,1140555.0,791033.0,27810.0,114986.0,1257433.0
GR0000001953,2024,7,269418.0,73335.0,170170.0,1050228.0,756015.0,22225.0,95560.0,1237288.0
GR0000001954,2020,3,76965.0,19455.0,60609.0,305541.0,196244.0,7575.0,27030.0,239361.0
GR0000001954,2021,2,128975.0,33783.0,43827.0,317596.0,167929.0,12644.0,46427.0,293811.0
GR0000001954,2022,1,59426.0,19420.0,20722.0,156202.0,79060.0,6038.0,25458.0,138231.0
GR0000001954,2023,1,43361.0,12293.0,26152.0,149781.0,68722.0,3682.0,15976.0,132956.0
GR0000001954,2024,1,55035.0,18597.0,23891.0,176198.0,84254.0,5597.0,24194.0,138343.0
GR0000001955,2020,19,1135498.0,377819.0,647918.0,2750521.0,1208964.0,104505.0,482324.0,3124866.0
GR0000001955,2021,18,1016672.0,348891.0,614563.0,2267268.0,920050.0,114681.0,463573.0,2353735.0
GR0000001955,2022,20,2214459.0,780583.0,708416.0,4184165.0,2213085.0,195357.0,975940.0,4549290.0
GR0000001955,2023,20,2235804.0,820557.0,661200.0,6404094.0,2706016.0,227988.0,1048545.0,5688417.0
GR0000001955,2024,20,2005993.0,522322.0,535304.0,4564811.0,1953386.0,191403.0,713725.0,4020509.0
GR0000001956,2020,805,250671689.0,105937097.0,42237240.0,296853233.0,117553321.0,22264603.0,128201699.0,370992839.0
GR0000001956,2021,751,230534080.0,85393637.0,42303932.0,206884352.0,84591038.0,28489925.0,113883561.0,345811285.0
GR0000001956,2022,755,325067797.0,135550345.0,36414583.0,376468583.0,146612851.0,46029266.0,181579611.0,514361021.0
GR0000001956,2023,673,174468779.0,57930343.0,41165736.0,210711972.0,57665754.0,14423488.0,72353831.0,274907994.0
GR0000001956,2024,574,212562121.0,78299653.0,29139184.0,203584194.0,87512826.0,26798639.0,105098292.0,290789091.0
GR0000001957,2020,140,3985227.0,1235781.0,3349948.0,9065054.0,5522230.0,308374.0,1544155.0,16749741.0
GR0000001957,2021,125,7902878.0,1451164.0,3430792.0,16829687.0,8055401.0,385681.0,1836845.0,25445881.0
GR0000001957,2022,118,6552242.0,1196611.0,3276117.0,14380965.0,6196453.0,294411.0,1491022.0,21361685.0
GR0000001957,2023,117,6149460.0,1710097.0,3409317.0,17778455.0,11380927.0,469088.0,2179185.0,28099667.0
GR0000001957,2024,102,3559731.0,906322.0,2492376.0,11627063.0,7132226.0,316271.0,1222593.0,16660380.0
GR0000001958,2020,3,31906.0,5166.0,37328.0,145574.0,89038.0,1512.0,6678.0,149311.0
GR0000001958,2021,3,33645.0,5636.0,43502.0,169391.0,87556.0,2167.0,7803.0,174009.0
GR0000001958,2022,3,34255.0,7085.0,42761.0,176664.0,110465.0,2765.0,9850.0,171044.0
GR0000001958,2023,2,14973.0,2324.0,22046.0,98995.0,52953.0,953.0,3277.0,88185.0
GR0000001958,2024,2,32303.0,9294.0,36417.0,147357.0,81434.0,3103.0,12398.0,175653.0
GR0000001959,2021,181,17772334.0,3963984.0,5191742.0,40854924.0,25051691.0,1466252.0,5430236.0,37933865.0
GR0000001959,2022,186,7285941.0,2167823.0,4218479.0,19546740.0,12062132.0,549502.0,2717325.0,17997478.0
GR0000001959,2023,218,22441711.0,4709925.0,6400779.0,44039650.0,22623613.0,1347689.0,6057614.0,47089967.0
GR0000001959,2024,237,18924050.0,4639651.0,6571808.0,63148849.0,40450605.0,1454460.0,6094111.0,49178272.0
GR0000001960,2020,104,8714187.0,1364322.0,3537150.0,13498379.0,6374713.0,481126.0,1845448.0,30504024.0
GR0000001960,2021,107,5845040.0,1123452.0,3459845.0,11353508.0,6048329.0,338985.0,1462437.0,20478372.0
GR0000001960,2022,98,6338484.0,1178537.0,3431498.0,11628768.0,6951013.0,406798.0,1585335.0,22298661.0
GR0000001960,2023,104,6745741.0,1587075.0,2960763.0,13086846.0,6874054.0,454766.0,2041841.0,31690467.0
GR0000001960,2024,108,9954276.0,1982628.0,3472130.0,20089895.0,9190660.0,460111.0,2442738.0,33426040.0
GR0000001961,2020,1,44778.0,16676.0,29123.0,335545.0,207996.0,6264.0,22940.0,226051.0
GR0000001961,2021,1,23753.0,10049.0,27235.0,209373.0,129592.0,3466.0,13515.0,108938.0
GR0000001961,2022,1,14268.0,5918.0,17722.0,155718.0,90005.0,1751.0,7668.0,70889.0
GR0000001961,2023,1,15774.0,5339.0,21102.0,183807.0,137619.0,1604.0,6944.0,84407.0
GR0000001961,2024,1,22524.0,9062.0,27605.0,185900.0,127251.0,2850.0,11911.0,110420.0
GR0000001962,2020,7,284389.0,71751.0,205722.0,1093071.0,630108.0,18739.0,90490.0,1010548.0
GR0000001962,2021,8,193348.0,60665.0,183157.0,527254.0,348701.0,19941.0,80606.0,705187.0
GR0000001962,2022,8,197411.0,50083.0,203977.0,618914.0,363626.0,14259.0,64341.0,686856.0
GR0000001962,2023,8,341089.0,125681.0,207247.0,1235734.0,731846.0,44497.0,170179.0,1291904.0
GR0000001962,2024,7,348413.0,129460.0,199986.0,908629.0,512144.0,36627.0,166087.0,1305408.0
GR0000001963,2020,1,87592.0,37533.0,39505.0,1284685.0,1086721.0,13784.0,51317.0,203369.0
GR0000001963,2021,1,121874.0,57133.0,31861.0,1406513.0,1084392.0,17263.0,74396.0,264404.0
GR0000001963,2022,1,152286.0,74432.0,33039.0,1245410.0,988855.0,30449.0,104881.0,354269.0
GR0000001963,2023,1,89409.0,39924.0,35910.0,947175.0,718726.0,17051.0,56975.0,238109.0
GR0000001963,2024,1,72184.0,34423.0,37211.0,739076.0,549890.0,10738.0,45162.0,153864.0
GR0000001964,2020,325,18870263.0,5186472.0,11769099.0,42772196.0,21246470.0,1241918.0,6428391.0,76468750.0
GR0000001964,2021,360,15080372.0,2537855.0,11941387.0,34290811.0,16633120.0,711602.0,3249457.0,73174800.0
GR0000001964,2022,337,29297204.0,4817281.0,10912540.0,89948262.0,54572482.0,1391476.0,6208757.0,136821409.0
GR0000001964,2023,279,23672531.0,4449134.0,9942978.0,69344054.0,40814748.0,1262257.0,5711391.0,112050051.0
GR0000001964,2024,271,21607255.0,3577984.0,9909571.0,52227989.0,26191096.0,1087934.0,4665917.0,94033196.0
GR0000001965,2020,9,257505.0,80205.0,168443.0,1242834.0,736763.0,24044.0,104249.0,1278742.0
GR0000001965,2021,9,150452.0,43660.0,190514.0,857853.0,461470.0,18648.0,62308.0,679485.0
GR0000001965,2022,10,296160.0,98094.0,207162.0,1153830.0,794724.0,32236.0,130330.0,1258049.0
GR0000001965,2023,9,188422.0,68284.0,209495.0,953671.0,656400.0,20166.0,88450.0,806035.0
GR0000001965,2024,10,324009.0,73946.0,194316.0,1651656.0,1081740.0,30687.0,104632.0,1375537.0
GR0000001966,2020,5,365411.0,131225.0,173325.0,2286620.0,1451975.0,41959.0,173184.0,1522803.0
GR0000001966,2021,5,488477.0,184224.0,187431.0,3467198.0,2345820.0,58583.0,242806.0,1997248.0
GR0000001966,2022,4,180120.0,69941.0,176339.0,1471657.0,883783.0,23304.0,93245.0,847964.0
GR0000001966,2023,3,218090.0,75598.0,128381.0,1282663.0,839345.0,23756.0,99354.0,819870.0
GR0000001966,2024,3,259598.0,90033.0,132822.0,1383744.0,709392.0,34157.0,124191.0,1071418.0
GR0000001967,2020,2,50944.0,16321.0,67740.0,583889.0,323316.0,5681.0,22001.0,333560.0
GR0000001967,2021,1,21761.0,6464.0,33221.0,228160.0,137871.0,2702.0,9166.0,132885.0
GR0000001967,2022,1,31165.0,13604.0,29611.0,360145.0,225519.0,4495.0,18099.0,154653.0
GR0000001967,2023,1,46023.0,17873.0,34510.0,391626.0,282421.0,7045.0,24918.0,234247.0
GR0000001967,2024,1,48784.0,19940.0,27248.0,339172.0,187272.0,5696.0,25636.0,213317.0
GR0000001968,2020,4,33634.0,5278.0,58242.0,160565.0,95001.0,1725.0,7004.0,194140.0
GR0000001968,2021,4,106864.0,19914.0,86522.0,296683.0,213476.0,6365.0,26280.0,437998.0
GR0000001968,2022,4,88375.0,16838.0,87696.0,427517.0,246290.0,4987.0,21825.0,449158.0
GR0000001968,2023,3,38624.0,8762.0,59790.0,158617.0,88920.0,3645.0,12408.0,199302.0
GR0000001968,2024,3,31287.0,6506.0,50743.0,151156.0,101745.0,1913.0,8419.0,169143.0
GR0000001969,2020,5,239219.0,77255.0,141693.0,817350.0,573603.0,19777.0,97031.0,1140847.0
GR0000001969,2021,4,148522.0,50150.0,89712.0,548892.0,338617.0,19085.0,69235.0,550131.0
GR0000001969,2022,4,100611.0,37473.0,104641.0,472577.0,309493.0,11178.0,48651.0,471851.0
GR0000001969,2023,4,164622.0,51924.0,107052.0,499195.0,288059.0,18316.0,70241.0,679243.0
GR0000001969,2024,4,260271.0,82995.0,103491.0,783276.0,456617.0,25488.0,108484.0,1065933.0
GR0000001970,2020,7,196408.0,53202.0,148979.0,507452.0,269118.0,15039.0,68241.0,741970.0
GR0000001970,2021,7,111077.0,30791.0,119775.0,356037.0,196536.0,8496.0,39287.0,544432.0
GR0000001970,2022,6,148465.0,34164.0,125004.0,696462.0,414501.0,11038.0,45203.0,719330.0
GR0000001970,2023,6,232591.0,65224.0,119152.0,688847.0,407537.0,21421.0,86645.0,980736.0
GR0000001970,2024,6,248888.0,54944.0,134069.0,971123.0,520485.0,21017.0,75961.0,1099267.0
GR0000001971,2020,19,1005986.0,187595.0,327965.0,4137990.0,2504858.0,52292.0,239887.0,3007689.0
GR0000001971,2021,22,1239779.0,256549.0,511032.0,4876774.0,3566265.0,96077.0,352627.0,3304953.0
GR0000001971,2022,24,1116365.0,246496.0,520170.0,5013981.0,3731318.0,93922.0,340418.0,2638180.0
GR0000001971,2023,23,1045376.0,276264.0,550497.0,4191833.0,3117675.0,72887.0,349150.0,2511764.0
GR0000001971,2024,23,943061.0,214687.0,412648.0,4796370.0,3027214.0,72818.0,287505.0,2835217.0
GR0000001972,2020,5,527262.0,171644.0,173771.0,1377148.0,629927.0,50921.0,222565.0,1194044.0
GR0000001972,2021,5,593047.0,161831.0,187097.0,1336591.0,730684.0,46312.0,208142.0,1357056.0
GR0000001972,2022,4,542443.0,178201.0,120516.0,1321454.0,555429.0,52928.0,231129.0,1271912.0
GR0000001972,2023,4,567630.0,131863.0,122535.0,1099984.0,508993.0,46173.0,178037.0,1253129.0
GR0000001972,2024,4,557405.0,181828.0,149726.0,1460798.0,630745.0,58496.0,240323.0,1348233.0
GR0000001973,2020,18,267091.0,78599.0,395747.0,1082609.0,788632.0,24067.0,102666.0,1642893.0
GR0000001973,2021,20,467919.0,138792.0,422569.0,1663040.0,1188854.0,45498.0,184289.0,2109220.0
GR0000001973,2022,20,499260.0,74813.0,459732.0,2571282.0,1792392.0,31244.0,106057.0,3244179.0
GR0000001973,2023,18,195340.0,44900.0,307751.0,949249.0,608486.0,13060.0,57960.0,1025835.0
GR0000001973,2024,19,334037.0,87866.0,452811.0,1725553.0,1255797.0,27572.0,115438.0,1971884.0
GR0000001974,2020,94,23448284.0,10751708.0,5216677.0,150897690.0,129615946.0,2856459.0,13608168.0,48074735.0
GR0000001974,2021,108,32917885.0,16880236.0,5686498.0,154851309.0,129857153.0,5585695.0,22465932.0,56945116.0
GR0000001974,2022,112,27721225.0,11696030.0,6696554.0,191691456.0,168559113.0,3484235.0,15180265.0,54623713.0
GR0000001974,2023,129,32767539.0,16708952.0,7206479.0,274157204.0,227117695.0,3968625.0,20677577.0,71189693.0
GR0000001974,2024,126,26925161.0,12521366.0,8388655.0,145462821.0,120613832.0,3290708.0,15812075.0,51915624.0
GR0000001975,2020,3,1024144.0,382690.0,143079.0,12622364.0,9873840.0,130162.0,512851.0,1893238.0
GR0000001975,2021,3,577648.0,289881.0,143961.0,5712993.0,4322918.0,88443.0,378323.0,1053375.0
GR0000001975,2022,3,775629.0,330385.0,133666.0,5017768.0,3838638.0,109835.0,440220.0,1458575.0
GR0000001975,2023,3,980214.0,441580.0,131920.0,5856704.0,4402971.0,140594.0,582174.0,1819835.0
GR0000001975,2024,3,640285.0,271996.0,126105.0,4830554.0,4163909.0,100466.0,372463.0,1179414.0
GR0000001976,2020,2,155435.0,24559.0,60027.0,607912.0,374340.0,7449.0,32008.0,784965.0
GR0000001976,2021,2,172389.0,33694.0,57126.0,546339.0,318453.0,10641.0,44335.0,837469.0
GR0000001976,2022,2,85283.0,17401.0,52568.0,249468.0,146393.0,5353.0,22754.0,367772.0
GR0000001976,2023,2,122117.0,18332.0,52932.0,394686.0,224808.0,4359.0,22691.0,583453.0
GR0000001976,2024,2,123431.0,28897.0,63133.0,417236.0,261972.0,7847.0,36744.0,555399.0
GR0000001977,2020,7,2365410.0,724118.0,285871.0,3924219.0,2045382.0,167800.0,891918.0,3556763.0
GR0000001977,2021,6,1460199.0,478221.0,256526.0,2419069.0,1213851.0,114909.0,593129.0,2461719.0
GR0000001977,2022,5,2001024.0,603265.0,164496.0,2773781.0,1607420.0,190680.0,793945.0,2819072.0
GR0000001977,2023,4,595301.0,182316.0,172048.0,1035842.0,510521.0,60559.0,242875.0,1104072.0
GR0000001977,2024,3,811853.0,303109.0,106255.0,1111955.0,510124.0,95794.0,398903.0,1482763.0
GR0000001978,2020,2,25309.0,6101.0,38806.0,150858.0,103916.0,2007.0,8108.0,155244.0
GR0000001978,2021,1,26361.0,6357.0,21125.0,136754.0,98330.0,2587.0,8944.0,111570.0
GR0000001978,2022,1,12432.0,3775.0,21735.0,103049.0,63659.0,1336.0,5112.0,70230.0
GR0000001978,2023,1,29161.0,9522.0,18393.0,127118.0,100489.0,3855.0,13377.0,120097.0
GR0000001978,2024,1,24606.0,7788.0,18157.0,133219.0,81569.0,2708.0,10496.0,103288.0
GR0000001979,2020,1,16808.0,4352.0,21311.0,111529.0,60522.0,1823.0,6176.0,95850.0
GR0000001979,2021,1,22764.0,3509.0,21094.0,105212.0,69284.0,1373.0,4882.0,104009.0
GR0000001979,2022,1,10898.0,2912.0,16894.0,53827.0,27428.0,881.0,3792.0,67575.0
GR0000001979,2023,1,8452.0,1824.0,10138.0,48308.0,29747.0,566.0,2390.0,40553.0
GR0000001979,2024,1,16389.0,4513.0,17173.0,66749.0,44513.0,1486.0,5999.0,79577.0
GR0000001980,2020,6,54668.0,11673.0,68042.0,237046.0,122634.0,3692.0,15364.0,272167.0
GR0000001980,2021,6,32337.0,7083.0,49048.0,144709.0,74901.0,2536.0,9619.0,196192.0
GR0000001980,2022,5,35946.0,7443.0,58906.0,198816.0,127465.0,2349.0,9792.0,235623.0
GR0000001980,2023,5,41316.0,11918.0,59964.0,273953.0,155111.0,3775.0,15693.0,239855.0
GR0000001980,2024,5,63837.0,11328.0,91255.0,335773.0,192324.0,4479.0,15806.0,380807.0
GR0000001981,2020,8,191034.0,59317.0,166344.0,1167052.0,665594.0,18724.0,78040.0,1046917.0
GR0000001981,2021,8,285087.0,96591.0,171125.0,1451847.0,986405.0,28689.0,125280.0,1428222.0
GR0000001981,2022,7,103957.0,33220.0,166014.0,438836.0,255836.0,13813.0,47032.0,572195.0
GR0000001981,2023,8,178008.0,56214.0,174508.0,718203.0,445337.0,15918.0,72132.0,761217.0
GR0000001981,2024,9,229014.0,65540.0,169943.0,1698475.0,938174.0,18960.0,84501.0,1401153.0
GR0000001982,2020,5,59012.0,14404.0,93971.0,506448.0,358444.0,5031.0,19435.0,226449.0
GR0000001982,2021,5,134666.0,29510.0,93915.0,1212451.0,748730.0,9559.0,39070.0,514236.0
GR0000001982,2022,5,146194.0,33543.0,93001.0,742744.0,468433.0,13624.0,47166.0,462841.0
GR0000001982,2023,5,127605.0,20226.0,86606.0,614043.0,448413.0,7285.0,27512.0,475718.0
GR0000001982,2024,5,107248.0,20061.0,74212.0,489714.0,319135.0,7049.0,27110.0,320219.0
GR0000001983,2020,2,128457.0,65716.0,60299.0,996196.0,742614.0,23899.0,89615.0,256955.0
GR0000001983,2021,2,295562.0,133649.0,72098.0,2438704.0,1909491.0,54462.0,188110.0,649257.0
GR0000001983,2022,2,117094.0,46068.0,78588.0,1578780.0,1222019.0,16260.0,62328.0,307187.0
GR0000001983,2023,1,117393.0,59435.0,37895.0,810502.0,571750.0,20397.0,79832.0,260705.0
GR0000001983,2024,1,139641.0,71345.0,32323.0,1843446.0,1321108.0,21465.0,92809.0,290392.0
GR0000001984,2020,120,63446323.0,28786392.0,6404660.0,284863788.0,217116526.0,8260259.0,37046651.0,104442173.0
GR0000001984,2021,124,52194160.0,21032393.0,8172065.0,441880195.0,393945955.0,6042130.0,27074523.0,106747498.0
GR0000001984,2022,127,35189439.0,13337935.0,7459067.0,177097387.0,163472810.0,3928637.0,17266573.0,75297390.0
GR0000001984,2023,131,38546296.0,19953854.0,6093669.0,265856111.0,235883466.0,4901038.0,24854892.0,60629304.0
GR0000001984,2024,126,50103249.0,22959397.0,7404564.0,321422415.0,281822832.0,7735105.0,30694502.0,82500457.0
GR0000001985,2020,11,923486.0,336738.0,258894.0,2740135.0,1588227.0,102237.0,438975.0,2532964.0
GR0000001985,2021,10,620157.0,153619.0,211108.0,2368737.0,1477311.0,45147.0,198766.0,1510774.0
GR0000001985,2022,9,678518.0,194239.0,260567.0,1888094.0,1144374.0,73633.0,267872.0,1638037.0
GR0000001985,2023,10,932165.0,236725.0,292881.0,2781892.0,1534278.0,98310.0,335035.0,2361873.0
GR0000001985,2024,10,670429.0,242180.0,258156.0,2112373.0,1313543.0,79800.0,321980.0,2187077.0
GR0000001986,2020,14,1271858.0,325784.0,326396.0,3606785.0,1942904.0,121297.0,447081.0,3465541.0
GR0000001986,2021,14,714979.0,233201.0,404213.0,2575161.0,1516645.0,82169.0,315370.0,1854389.0
GR0000001986,2022,14,1302044.0,379213.0,427370.0,4640461.0,2989348.0,136674.0,515887.0,3216572.0
GR0000001986,2023,14,888010.0,307649.0,415195.0,3137193.0,2103354.0,85160.0,392810.0,1924170.0
GR0000001986,2024,13,366041.0,111311.0,391778.0,1774479.0,1035413.0,32355.0,143666.0,1159069.0
GR0000001987,2020,2,56591.0,11460.0,37122.0,221901.0,146901.0,4112.0,15572.0,289997.0
GR0000001987,2021,2,29055.0,4302.0,46472.0,154580.0,103249.0,1734.0,6035.0,190602.0
GR0000001987,2022,1,18929.0,3510.0,18742.0,102034.0,72736.0,1322.0,4833.0,118475.0
GR0000001987,2023,1,29183.0,7378.0,18309.0,105024.0,63767.0,2888.0,10266.0,136629.0
GR0000001987,2024,1,33500.0,8774.0,21424.0,125877.0,70730.0,3150.0,11925.0,152607.0
GR0000001988,2020,4,88416.0,25266.0,104931.0,297703.0,186419.0,6863.0,32129.0,461465.0
GR0000001988,2021,4,175111.0,55213.0,113904.0,569973.0,377343.0,14676.0,69889.0,827527.0
GR0000001988,2022,4,149017.0,42199.0,88202.0,527214.0,349933.0,11547.0,53746.0,727318.0
GR0000001988,2023,4,226067.0,34624.0,100518.0,658374.0,421140.0,11402.0,46027.0,953240.0
GR0000001988,2024,4,123165.0,38165.0,124100.0,262379.0,157035.0,10858.0,49023.0,492431.0
GR0000001989,2020,5,93419.0,17607.0,78951.0,187252.0,115427.0,6201.0,23808.0,394756.0
GR0000001989,2021,5,48150.0,7127.0,46634.0,116958.0,86273.0,2692.0,9819.0,233170.0
GR0000001989,2022,4,56696.0,13440.0,39257.0,80146.0,52822.0,3917.0,17357.0,196284.0
GR0000001989,2023,3,46390.0,7604.0,42919.0,119877.0,76903.0,2415.0,10019.0,214596.0
GR0000001989,2024,3,48599.0,7280.0,46776.0,122462.0,90659.0,3000.0,10281.0,233878.0
GR0000001990,2020,22,1569091.0,344297.0,572151.0,3491986.0,1927121.0,82427.0,426724.0,5254402.0
GR0000001990,2021,16,949395.0,187311.0,553951.0,2724035.0,1759788.0,46849.0,234160.0,4499684.0
GR0000001990,2022,17,962362.0,235568.0,418362.0,2371870.0,1353447.0,47681.0,283248.0,3603790.0
GR0000001990,2023,14,1058922.0,225434.0,365488.0,3180236.0,1736974.0,53829.0,279263.0,3876459.0
GR0000001990,2024,17,1469090.0,211426.0,422114.0,3487269.0,2536730.0,44168.0,255594.0,6307808.0
GR0000001991,2020,110,34977583.0,13094372.0,5166860.0,34482417.0,15627743.0,5072784.0,18167156.0,57286093.0
GR0000001991,2021,102,32198873.0,13695998.0,4203344.0,37652561.0,12297449.0,3394893.0,17090891.0,47683877.0
GR0000001991,2022,107,29420637.0,12579421.0,5138524.0,42603431.0,20499895.0,2902603.0,15482024.0,47798324.0
GR0000001991,2023,108,29955590.0,13192509.0,4777066.0,38000434.0,17766867.0,4455858.0,17648367.0,44742755.0
GR0000001991,2024,110,47635279.0,19099782.0,6125938.0,48883335.0,20487284.0,5115900.0,24215682.0,68729239.0
GR0000001992,2020,14,322423.0,76618.0,287162.0,1111937.0,717074.0,19241.0,95859.0,1486462.0
GR0000001992,2021,14,736673.0,179994.0,330881.0,2141836.0,1507071.0,53802.0,233797.0,2837556.0
GR0000001992,2022,14,395158.0,74656.0,311723.0,1506784.0,868335.0,24050.0,98706.0,2035717.0
GR0000001992,2023,14,280497.0,70411.0,260400.0,1050712.0,586433.0,18843.0,89254.0,1183635.0
GR0000001992,2024,14,648248.0,147838.0,290170.0,2544586.0,1489918.0,46385.0,194223.0,2931081.0
GR0000001993,2020,1,57369.0,26085.0,30702.0,489661.0,350393.0,9435.0,35520.0,127977.0
GR0000001993,2021,1,127737.0,52750.0,37799.0,1593080.0,1308230.0,21902.0,74652.0,278260.0
GR0000001993,2022,1,73146.0,30822.0,35603.0,755362.0,551172.0,9815.0,40637.0,188796.0
GR0000001993,2023,1,72926.0,33486.0,38117.0,1456569.0,1209014.0,9454.0,42940.0,199315.0
GR0000001993,2024,1,104377.0,47696.0,36888.0,833450.0,638135.0,15146.0,62842.0,219950.0
GR0000001994,2020,1,22725.0,6650.0,15755.0,50017.0,37100.0,2432.0,9082.0,97154.0
GR0000001994,2021,1,27508.0,4957.0,18888.0,40671.0,24711.0,1569.0,6526.0,94441.0
GR0000001994,2022,1,21174.0,4496.0,17228.0,46279.0,26680.0,1358.0,5854.0,86889.0
GR0000001994,2023,1,10523.0,2395.0,9899.0,19937.0,14137.0,774.0,3169.0,49496.0
GR0000001994,2024,1,11239.0,2004.0,8690.0,17714.0,10750.0,616.0,2620.0,43450.0
GR0000001995,2020,2,131405.0,20398.0,61377.0,267763.0,166802.0,5465.0,25863.0,405549.0
GR0000001995,2021,2,97064.0,21256.0,69503.0,406286.0,251183.0,4452.0,25708.0,461745.0
GR0000001995,2022,2,116944.0,28983.0,51816.0,323684.0,223754.0,5477.0,34461.0,408055.0
GR0000001995,2023,2,187054.0,44632.0,62713.0,508851.0,342817.0,10985.0,55617.0,646034.0
GR0000001995,2024,2,145907.0,36690.0,52575.0,575741.0,326474.0,9318.0,46008.0,723658.0
GR0000001996,2020,1,36898.0,12492.0,27348.0,492751.0,296007.0,4343.0,16835.0,191911.0
GR0000001996,2021,1,37335.0,13349.0,28927.0,412830.0,301196.0,5554.0,18902.0,163146.0
GR0000001996,2022,1,28445.0,12692.0,26470.0,321035.0,184466.0,4239.0,16931.0,179344.0
GR0000001996,2023,1,20508.0,6213.0,22403.0,169312.0,107242.0,2545.0,8757.0,89613.0
GR0000001996,2024,1,40672.0,14712.0,34699.0,334848.0,240541.0,5240.0,19951.0,225194.0
GR0000001997,2024,4,832157.0,372838.0,175912.0,14041498.0,12053668.0,112317.0,485155.0,1739621.0
GR0000001998,2021,11,126971.0,47654.0,199107.0,706761.0,479261.0,14900.0,62554.0,663690.0
GR0000001998,2022,10,135899.0,38671.0,225627.0,821017.0,432439.0,15352.0,54023.0,812818.0
GR0000001998,2023,9,207508.0,47012.0,217024.0,1279414.0,826099.0,18260.0,65272.0,1304189.0
GR0000001998,2024,8,234912.0,62494.0,198157.0,1000178.0,557975.0,23152.0,85646.0,1027587.0
GR0000001999,2020,17,387903.0,118181.0,279671.0,711953.0,517323.0,35158.0,153338.0,1403353.0
GR0000001999,2021,15,184168.0,40908.0,130889.0,411000.0,241801.0,15862.0,56770.0,654446.0
GR0000001999,2022,14,204908.0,40966.0,192058.0,670852.0,493911.0,15448.0,56413.0,960292.0
GR0000001999,2023,13,311849.0,45125.0,221308.0,557994.0,342848.0,18496.0,63621.0,1106748.0
GR0000001999,2024,13,315365.0,56392.0,216332.0,670184.0,488904.0,19680.0,76072.0,1167690.0
GR0000002000,2020,1,45755.0,14564.0,34702.0,117972.0,64675.0,5551.0,20115.0,101893.0
GR0000002000,2021,1,101589.0,41131.0,34733.0,195516.0,111772.0,12723.0,53854.0,189547.0
GR0000002000,2022,1,49964.0,19046.0,25145.0,100405.0,56354.0,6107.0,25154.0,102761.0
GR0000002000,2023,1,128321.0,53281.0,31077.0,247046.0,135516.0,21318.0,74598.0,241165.0
GR0000002000,2024,1,50895.0,16143.0,26583.0,97844.0,49469.0,5898.0,22041.0,94454.0
