benchmark_id,industry,entity_size_code,tax_year,metric,minimum,lower_quartile_value,median_value,upper_quartile_value,maximum,mean_value,standard_deviation,sample_size,last_update_date
BM-1E6E3504,Agriculture and Food Production,S,2022,profit_margin,3.0,5.0,5.46,6.26,8.86,5.59,1.41,22,2025-05-13
BM-3F02DD15,Agriculture and Food Production,S,2022,effective_tax_rate,10.64,21.96,23.68,26.65,32.81,23.47,5.54,22,2025-05-13
BM-03F4B15A,Agriculture and Food Production,S,2022,statutory_tax_rate,22.4,25.06,25.92,27.98,29.83,26.21,2.21,22,2025-05-13
BM-B43BBFE0,Agriculture and Food Production,S,2022,tax_credit_impact,-6.03,2.18,2.78,3.04,13.39,2.74,4.82,22,2025-05-13
BM-6EE60CD8,Agriculture and Food Production,S,2022,input_output_ratio,1.12,1.14,1.16,1.19,1.32,1.17,0.05,22,2025-05-13
BM-396E2C35,Agriculture and Food Production,S,2022,labour_cost_ratio,9.89,20.26,23.98,25.0,25.0,22.11,3.89,22,2025-05-13
BM-8ED5B9CF,Agriculture and Food Production,S,2022,revenue_per_employee,34285.69,53461.98,77291.17,93675.41,162985.0,77509.63,29314.45,22,2025-05-13
BM-6800BEF2,Agriculture and Food Production,S,2022,credit_utilisation_ratio,9.21,9.84,10.19,11.25,12.96,10.57,1.08,22,2025-05-13
BM-E07A38C9,Agriculture and Food Production,S,2022,vat_income_consistency,0.0,0.0,0.0,0.0,2.93,0.26,0.79,22,2025-05-13
BM-3B1233F5,Agriculture and Food Production,S,2022,tax_savings_ratio,219.72,292.59,323.18,435.84,499.61,354.07,86.35,22,2025-05-13
BM-40B4DD50,Agriculture and Food Production,S,2022,book_tax_gap,60.61,64.83,68.03,76.03,80.12,69.55,6.52,22,2025-05-13
BM-BA98F324,Agriculture and Food Production,S,2022,filing_compliance_rate,80.0,100.0,100.0,100.0,100.0,97.27,7.03,22,2025-05-13
BM-DF8C2C9B,Agriculture and Food Production,S,2022,payment_compliance_rate,0.0,99.99,100.0,100.0,100.0,81.47,39.34,22,2025-05-13
BM-CAE25F8D,Agriculture and Food Production,S,2023,profit_margin,3.0,5.0,5.81,6.5,9.32,5.74,1.56,23,2025-05-13
BM-8FA6850A,Agriculture and Food Production,S,2023,effective_tax_rate,6.53,21.91,23.28,25.27,35.6,22.68,5.85,23,2025-05-13
BM-D4F23607,Agriculture and Food Production,S,2023,statutory_tax_rate,22.4,25.11,26.15,28.17,29.83,26.29,2.2,23,2025-05-13
BM-27873BE2,Agriculture and Food Production,S,2023,tax_credit_impact,-8.1,2.51,2.8,3.13,16.6,3.61,4.99,23,2025-05-13
BM-3386152C,Agriculture and Food Production,S,2023,input_output_ratio,1.11,1.14,1.16,1.18,1.34,1.17,0.06,23,2025-05-13
BM-A773516E,Agriculture and Food Production,S,2023,labour_cost_ratio,15.52,19.86,25.0,25.0,25.0,22.59,3.39,23,2025-05-13
BM-69E1891F,Agriculture and Food Production,S,2023,revenue_per_employee,29270.67,51780.0,72007.67,90810.1,130061.0,71551.28,26561.34,23,2025-05-13
BM-B0E2D19F,Agriculture and Food Production,S,2023,credit_utilisation_ratio,9.16,9.98,10.78,11.36,12.56,10.74,0.88,23,2025-05-13
BM-BB5BB05C,Agriculture and Food Production,S,2023,vat_income_consistency,0.0,0.0,0.0,0.0,2.4,0.18,0.55,23,2025-05-13
BM-FA254AF1,Agriculture and Food Production,S,2023,tax_savings_ratio,216.88,281.81,313.31,409.93,635.0,344.58,97.79,23,2025-05-13
BM-D1B0BC0D,Agriculture and Food Production,S,2023,book_tax_gap,60.61,63.2,67.47,71.88,80.58,68.41,6.0,23,2025-05-13
BM-9CC103B0,Agriculture and Food Production,S,2023,filing_compliance_rate,60.0,100.0,100.0,100.0,100.0,97.39,9.15,23,2025-05-13
BM-20045F64,Agriculture and Food Production,S,2023,payment_compliance_rate,0.0,99.99,100.0,100.0,100.0,94.66,21.17,23,2025-05-13
BM-91379E0B,Agriculture and Food Production,S,2024,profit_margin,3.0,5.0,5.13,6.08,9.52,5.62,1.64,23,2025-05-13
BM-F9FF6A0E,Agriculture and Food Production,S,2024,effective_tax_rate,7.74,22.08,23.73,26.7,34.98,23.98,6.02,23,2025-05-13
BM-430D01A0,Agriculture and Food Production,S,2024,statutory_tax_rate,22.4,25.11,26.15,28.17,29.83,26.29,2.2,23,2025-05-13
BM-D51576D5,Agriculture and Food Production,S,2024,tax_credit_impact,-6.41,0.93,2.54,3.0,15.21,2.31,4.87,23,2025-05-13
BM-68747174,Agriculture and Food Production,S,2024,input_output_ratio,1.12,1.15,1.16,1.18,1.32,1.18,0.05,23,2025-05-13
BM-91D52090,Agriculture and Food Production,S,2024,labour_cost_ratio,17.84,24.2,25.0,25.0,25.0,24.16,1.78,23,2025-05-13
BM-CF8F85BA,Agriculture and Food Production,S,2024,revenue_per_employee,33392.0,50537.41,64680.0,76586.67,97683.84,63702.81,17638.79,23,2025-05-13
BM-0295AD70,Agriculture and Food Production,S,2024,credit_utilisation_ratio,9.28,9.64,10.59,11.3,12.92,10.53,1.0,23,2025-05-13
BM-B45B218B,Agriculture and Food Production,S,2024,vat_income_consistency,0.0,0.0,0.0,0.0,5.13,0.49,1.41,23,2025-05-13
BM-9221D58E,Agriculture and Food Production,S,2024,tax_savings_ratio,238.28,307.68,341.53,427.01,595.81,376.11,101.47,23,2025-05-13
BM-FF8AFDD2,Agriculture and Food Production,S,2024,book_tax_gap,60.91,66.55,70.53,76.02,79.46,71.01,6.26,23,2025-05-13
BM-A58E33F7,Agriculture and Food Production,S,2024,filing_compliance_rate,60.0,100.0,100.0,100.0,100.0,96.52,9.82,23,2025-05-13
BM-CBCDBC30,Agriculture and Food Production,S,2024,payment_compliance_rate,0.0,99.99,100.0,100.0,100.0,95.33,20.84,23,2025-05-13
BM-959427AE,Agriculture and Food Production,S,All,profit_margin,3.0,5.0,5.46,6.3,9.52,5.65,1.52,68,2025-05-13
BM-F215F797,Agriculture and Food Production,S,All,effective_tax_rate,6.53,21.84,23.68,26.39,35.6,23.38,5.75,68,2025-05-13
BM-5D6EB1A6,Agriculture and Food Production,S,All,statutory_tax_rate,22.4,25.0,26.15,28.15,29.83,26.26,2.17,68,2025-05-13
BM-2FB2708E,Agriculture and Food Production,S,All,tax_credit_impact,-8.1,2.19,2.68,3.08,16.6,2.89,4.85,68,2025-05-13
BM-B3628A92,Agriculture and Food Production,S,All,input_output_ratio,1.11,1.14,1.16,1.18,1.34,1.18,0.05,68,2025-05-13
BM-7B36A87A,Agriculture and Food Production,S,All,labour_cost_ratio,9.89,21.01,25.0,25.0,25.0,22.97,3.22,68,2025-05-13
BM-53CCAD9D,Agriculture and Food Production,S,All,revenue_per_employee,29270.67,52242.1,69901.36,88106.3,162985.0,70824.35,25207.75,68,2025-05-13
BM-4EBC5A5D,Agriculture and Food Production,S,All,credit_utilisation_ratio,9.16,9.81,10.6,11.34,12.96,10.61,0.98,68,2025-05-13
BM-0DC3FCE7,Agriculture and Food Production,S,All,vat_income_consistency,0.0,0.0,0.0,0.0,5.13,0.31,0.99,68,2025-05-13
BM-B0CDC174,Agriculture and Food Production,S,All,tax_savings_ratio,216.88,288.81,335.71,430.66,635.0,358.32,95.07,68,2025-05-13
BM-4131551C,Agriculture and Food Production,S,All,book_tax_gap,60.61,63.98,68.54,75.93,80.58,69.66,6.26,68,2025-05-13
BM-2487C78C,Agriculture and Food Production,S,All,filing_compliance_rate,60.0,100.0,100.0,100.0,100.0,97.06,8.65,68,2025-05-13
BM-5FF9753F,Agriculture and Food Production,S,All,payment_compliance_rate,0.0,99.99,100.0,100.0,100.0,90.62,28.56,68,2025-05-13
BM-E5239028,Agriculture and Food Production,M,2022,profit_margin,1.0,4.5,5.51,6.96,9.71,5.36,2.55,20,2025-05-13
BM-5F1CA049,Agriculture and Food Production,M,2022,effective_tax_rate,2.33,16.33,18.9,22.23,31.49,17.51,7.6,20,2025-05-13
BM-F76CB6AD,Agriculture and Food Production,M,2022,statutory_tax_rate,20.32,22.41,24.24,26.92,27.83,24.52,2.58,20,2025-05-13
BM-ECA46C0E,Agriculture and Food Production,M,2022,tax_credit_impact,-3.76,3.16,4.01,6.22,23.69,7.01,7.48,20,2025-05-13
BM-E7F8D031,Agriculture and Food Production,M,2022,input_output_ratio,1.03,1.06,1.09,1.15,1.77,1.18,0.22,20,2025-05-13
BM-CB8C4245,Agriculture and Food Production,M,2022,labour_cost_ratio,9.18,16.01,18.91,22.0,22.0,18.36,3.85,20,2025-05-13
BM-EAA7B593,Agriculture and Food Production,M,2022,revenue_per_employee,67889.78,84028.97,128354.11,151395.81,249649.0,123114.99,45317.17,20,2025-05-13
BM-1CC9CE6F,Agriculture and Food Production,M,2022,credit_utilisation_ratio,13.74,14.77,16.28,17.36,20.58,16.29,1.87,20,2025-05-13
BM-3E1AD94C,Agriculture and Food Production,M,2022,vat_income_consistency,0.0,0.0,0.0,0.34,17.5,1.78,4.23,20,2025-05-13
BM-9BAB3F4A,Agriculture and Food Production,M,2022,tax_savings_ratio,231.67,323.73,403.72,538.69,704.32,431.62,133.28,20,2025-05-13
BM-B0CD1198,Agriculture and Food Production,M,2022,book_tax_gap,62.82,69.41,74.56,76.46,79.63,73.03,4.81,20,2025-05-13
BM-39E58FD0,Agriculture and Food Production,M,2022,filing_compliance_rate,0.0,95.0,100.0,100.0,100.0,86.0,28.36,20,2025-05-13
BM-4F3FAD01,Agriculture and Food Production,M,2022,payment_compliance_rate,0.0,98.45,100.0,100.0,100.0,83.33,36.43,20,2025-05-13
BM-61A436AE,Agriculture and Food Production,M,2023,profit_margin,1.0,4.5,5.3,5.68,10.35,5.06,2.42,20,2025-05-13
BM-540A5DF0,Agriculture and Food Production,M,2023,effective_tax_rate,2.07,15.83,19.53,22.53,30.47,17.51,7.98,20,2025-05-13
BM-9D050C53,Agriculture and Food Production,M,2023,statutory_tax_rate,20.32,22.41,24.24,26.92,27.83,24.52,2.58,20,2025-05-13
BM-17E121AC,Agriculture and Food Production,M,2023,tax_credit_impact,-2.64,3.09,3.49,7.22,23.35,7.02,7.83,20,2025-05-13
BM-E98E3AC7,Agriculture and Food Production,M,2023,input_output_ratio,1.04,1.06,1.08,1.13,1.74,1.18,0.22,20,2025-05-13
BM-C5DFB8A8,Agriculture and Food Production,M,2023,labour_cost_ratio,9.93,13.96,18.88,22.0,22.0,17.6,4.38,20,2025-05-13
BM-76973148,Agriculture and Food Production,M,2023,revenue_per_employee,75121.72,94372.53,118556.74,162461.79,225911.79,131730.82,45307.17,20,2025-05-13
BM-2BA25479,Agriculture and Food Production,M,2023,credit_utilisation_ratio,13.97,14.87,16.0,17.17,20.0,16.38,1.87,20,2025-05-13
BM-186E81D0,Agriculture and Food Production,M,2023,vat_income_consistency,0.0,0.0,0.0,0.22,6.77,0.72,1.68,20,2025-05-13
BM-6070D629,Agriculture and Food Production,M,2023,tax_savings_ratio,243.17,389.64,457.06,552.4,963.33,487.12,162.4,20,2025-05-13
BM-CEA669DB,Agriculture and Food Production,M,2023,book_tax_gap,62.58,73.31,77.56,78.73,83.19,75.69,5.17,20,2025-05-13
BM-087BCE7E,Agriculture and Food Production,M,2023,filing_compliance_rate,40.0,80.0,100.0,100.0,100.0,88.0,20.93,20,2025-05-13
BM-E23950D3,Agriculture and Food Production,M,2023,payment_compliance_rate,0.0,0.0,100.0,100.0,100.0,69.09,46.49,20,2025-05-13
BM-A8D93721,Agriculture and Food Production,M,2024,profit_margin,1.0,5.0,7.17,8.32,10.32,6.24,3.0,21,2025-05-13
BM-1642D7FE,Agriculture and Food Production,M,2024,effective_tax_rate,3.2,17.41,19.16,22.45,26.2,17.11,7.53,21,2025-05-13
BM-7BFA0F95,Agriculture and Food Production,M,2024,statutory_tax_rate,20.32,22.48,24.25,26.96,27.83,24.65,2.59,21,2025-05-13
BM-7B24C762,Agriculture and Food Production,M,2024,tax_credit_impact,0.37,3.41,3.94,4.56,23.76,7.54,7.48,21,2025-05-13
BM-334BD894,Agriculture and Food Production,M,2024,input_output_ratio,1.05,1.07,1.1,1.11,1.75,1.18,0.23,21,2025-05-13
BM-A2119E67,Agriculture and Food Production,M,2024,labour_cost_ratio,7.41,16.61,20.77,22.0,22.0,18.89,4.06,21,2025-05-13
BM-76DFA824,Agriculture and Food Production,M,2024,revenue_per_employee,71038.57,87895.85,100911.0,130847.75,303891.2,116961.6,50750.98,21,2025-05-13
BM-CB4A6FC1,Agriculture and Food Production,M,2024,credit_utilisation_ratio,14.01,15.12,16.03,16.76,19.77,16.18,1.61,21,2025-05-13
BM-BD45FEE6,Agriculture and Food Production,M,2024,vat_income_consistency,0.0,0.0,0.0,0.0,12.19,1.16,2.9,21,2025-05-13
BM-0D69E4CC,Agriculture and Food Production,M,2024,tax_savings_ratio,233.56,287.25,328.51,402.34,846.84,407.78,190.23,21,2025-05-13
BM-FE863A9B,Agriculture and Food Production,M,2024,book_tax_gap,60.45,63.33,68.64,74.44,81.21,69.0,6.82,21,2025-05-13
BM-363B8FDC,Agriculture and Food Production,M,2024,filing_compliance_rate,20.0,100.0,100.0,100.0,100.0,86.67,26.33,21,2025-05-13
BM-EB16616A,Agriculture and Food Production,M,2024,payment_compliance_rate,0.0,100.0,100.0,100.0,100.0,93.91,22.04,21,2025-05-13
BM-49DC34AB,Agriculture and Food Production,M,All,profit_margin,1.0,5.0,5.62,7.78,10.35,5.56,2.68,61,2025-05-13
BM-87C4BAB8,Agriculture and Food Production,M,All,effective_tax_rate,2.07,17.31,19.16,22.45,31.49,17.37,7.58,61,2025-05-13
BM-82811AC7,Agriculture and Food Production,M,All,statutory_tax_rate,20.32,22.48,24.25,26.96,27.83,24.57,2.54,61,2025-05-13
BM-33CB32F1,Agriculture and Food Production,M,All,tax_credit_impact,-3.76,3.14,3.93,4.57,23.76,7.19,7.48,61,2025-05-13
BM-38D73244,Agriculture and Food Production,M,All,input_output_ratio,1.03,1.06,1.09,1.13,1.77,1.18,0.22,61,2025-05-13
BM-D80DE233,Agriculture and Food Production,M,All,labour_cost_ratio,7.41,14.85,20.51,22.0,22.0,18.29,4.07,61,2025-05-13
BM-549867D8,Agriculture and Food Production,M,All,revenue_per_employee,67889.78,87895.85,115038.29,150196.29,303891.2,123821.47,46865.75,61,2025-05-13
BM-4CAD7172,Agriculture and Food Production,M,All,credit_utilisation_ratio,13.74,14.89,16.03,17.28,20.58,16.28,1.76,61,2025-05-13
BM-EBCEB489,Agriculture and Food Production,M,All,vat_income_consistency,0.0,0.0,0.0,0.0,17.5,1.22,3.09,61,2025-05-13
BM-23D68684,Agriculture and Food Production,M,All,tax_savings_ratio,231.67,327.82,393.63,524.37,963.33,441.61,164.81,61,2025-05-13
BM-9167733E,Agriculture and Food Production,M,All,book_tax_gap,60.45,68.32,74.44,77.91,83.19,72.51,6.25,61,2025-05-13
BM-EB0B0578,Agriculture and Food Production,M,All,filing_compliance_rate,0.0,80.0,100.0,100.0,100.0,86.89,25.0,61,2025-05-13
BM-91642193,Agriculture and Food Production,M,All,payment_compliance_rate,0.0,93.8,100.0,100.0,100.0,82.3,37.04,61,2025-05-13
BM-C4CD317D,Agriculture and Food Production,L,2022,profit_margin,1.0,4.14,8.03,8.52,9.9,6.41,3.56,6,2025-05-13
BM-BDDEA186,Agriculture and Food Production,L,2022,effective_tax_rate,2.01,8.34,16.16,16.4,17.03,12.26,6.59,6,2025-05-13
BM-C1F4543F,Agriculture and Food Production,L,2022,statutory_tax_rate,19.87,20.11,20.33,20.96,21.52,20.54,0.64,6,2025-05-13
BM-63E33C57,Agriculture and Food Production,L,2022,tax_credit_impact,3.71,4.14,4.35,12.59,17.86,8.28,6.48,6,2025-05-13
BM-4028364D,Agriculture and Food Production,L,2022,input_output_ratio,0.97,1.01,1.01,1.14,1.58,1.13,0.24,6,2025-05-13
BM-CAA8D570,Agriculture and Food Production,L,2022,labour_cost_ratio,17.51,17.93,19.17,20.0,20.0,18.94,1.19,6,2025-05-13
BM-19A35108,Agriculture and Food Production,L,2022,revenue_per_employee,131123.95,131781.02,134314.99,145200.86,150950.39,138411.69,8941.27,6,2025-05-13
BM-915AABDB,Agriculture and Food Production,L,2022,credit_utilisation_ratio,18.48,20.27,20.87,23.8,26.73,21.97,3.12,6,2025-05-13
BM-5D124A85,Agriculture and Food Production,L,2022,vat_income_consistency,0.0,0.0,0.0,1.23,7.09,1.45,2.84,6,2025-05-13
BM-1C11D1D6,Agriculture and Food Production,L,2022,tax_savings_ratio,208.16,257.63,284.57,288.84,561.06,312.88,125.48,6,2025-05-13
BM-5A7AC42A,Agriculture and Food Production,L,2022,book_tax_gap,63.39,65.29,66.39,68.01,80.2,68.31,6.06,6,2025-05-13
BM-B405A47B,Agriculture and Food Production,L,2022,filing_compliance_rate,20.0,85.0,100.0,100.0,100.0,83.33,32.04,6,2025-05-13
BM-5BB7E530,Agriculture and Food Production,L,2022,payment_compliance_rate,98.35,100.0,100.0,100.0,100.0,99.73,0.67,6,2025-05-13
BM-46FF4A20,Agriculture and Food Production,L,2023,profit_margin,1.0,3.67,6.46,7.3,7.57,5.3,2.72,6,2025-05-13
BM-C88F0008,Agriculture and Food Production,L,2023,effective_tax_rate,1.51,7.96,16.11,16.61,17.6,12.22,6.95,6,2025-05-13
BM-69A5C37D,Agriculture and Food Production,L,2023,statutory_tax_rate,19.87,20.11,20.33,20.96,21.52,20.54,0.64,6,2025-05-13
BM-B4AE9651,Agriculture and Food Production,L,2023,tax_credit_impact,3.76,3.86,4.09,12.9,18.36,8.32,6.83,6,2025-05-13
BM-D62BE6EA,Agriculture and Food Production,L,2023,input_output_ratio,0.97,1.0,1.01,1.1,1.51,1.1,0.2,6,2025-05-13
BM-08AC5694,Agriculture and Food Production,L,2023,labour_cost_ratio,8.84,14.08,15.43,15.91,20.0,14.9,3.63,6,2025-05-13
BM-4D04827B,Agriculture and Food Production,L,2023,revenue_per_employee,126961.33,178871.32,195292.05,206457.92,287746.62,198144.95,52592.14,6,2025-05-13
BM-77B3DF02,Agriculture and Food Production,L,2023,credit_utilisation_ratio,18.22,18.7,19.95,22.38,27.77,21.23,3.66,6,2025-05-13
BM-D1CEC537,Agriculture and Food Production,L,2023,vat_income_consistency,0.0,0.0,0.0,1.61,7.56,1.62,3.03,6,2025-05-13
BM-2E4C1927,Agriculture and Food Production,L,2023,tax_savings_ratio,268.31,281.7,368.45,476.73,531.71,383.75,116.59,6,2025-05-13
BM-64FA14B2,Agriculture and Food Production,L,2023,book_tax_gap,63.19,73.16,73.68,74.53,77.16,72.59,4.83,6,2025-05-13
BM-0C8A202D,Agriculture and Food Production,L,2023,filing_compliance_rate,80.0,100.0,100.0,100.0,100.0,96.67,8.16,6,2025-05-13
BM-B887E7DA,Agriculture and Food Production,L,2023,payment_compliance_rate,0.0,94.73,100.0,100.0,100.0,82.16,40.35,6,2025-05-13
BM-17FB94F0,Agriculture and Food Production,L,2024,profit_margin,1.0,3.84,6.92,7.91,8.79,5.78,3.1,6,2025-05-13
BM-06B80B0F,Agriculture and Food Production,L,2024,effective_tax_rate,1.41,10.4,16.03,16.27,16.67,12.5,6.26,6,2025-05-13
BM-FDB4919F,Agriculture and Food Production,L,2024,statutory_tax_rate,19.87,20.11,20.33,20.96,21.52,20.54,0.64,6,2025-05-13
BM-A807F1E4,Agriculture and Food Production,L,2024,tax_credit_impact,4.09,4.12,4.51,10.64,18.46,8.04,6.09,6,2025-05-13
BM-6F2C2051,Agriculture and Food Production,L,2024,input_output_ratio,0.98,1.0,1.02,1.12,1.61,1.13,0.25,6,2025-05-13
BM-1F69BBFC,Agriculture and Food Production,L,2024,labour_cost_ratio,15.58,17.89,18.12,19.56,20.0,18.28,1.64,6,2025-05-13
BM-60CE6AC9,Agriculture and Food Production,L,2024,revenue_per_employee,102863.95,137977.02,163326.6,166182.48,179179.75,150893.09,28757.09,6,2025-05-13
BM-058967E2,Agriculture and Food Production,L,2024,credit_utilisation_ratio,20.31,20.38,21.46,22.96,28.19,22.48,3.05,6,2025-05-13
BM-55C99DF6,Agriculture and Food Production,L,2024,vat_income_consistency,0.0,0.0,0.0,0.26,10.27,1.77,4.16,6,2025-05-13
BM-320C5A85,Agriculture and Food Production,L,2024,tax_savings_ratio,235.38,267.61,335.49,400.45,472.44,340.98,92.67,6,2025-05-13
BM-954135FF,Agriculture and Food Production,L,2024,book_tax_gap,66.3,67.54,71.9,77.46,78.77,72.38,5.68,6,2025-05-13
BM-479476A2,Agriculture and Food Production,L,2024,filing_compliance_rate,20.0,100.0,100.0,100.0,100.0,86.67,32.66,6,2025-05-13
BM-A3DA13E4,Agriculture and Food Production,L,2024,payment_compliance_rate,0.0,78.67,99.72,100.0,100.0,78.53,40.08,6,2025-05-13
BM-5A04C85B,Agriculture and Food Production,L,All,profit_margin,1.0,3.0,7.27,7.93,9.9,5.83,2.99,18,2025-05-13
BM-C9B15224,Agriculture and Food Production,L,All,effective_tax_rate,1.41,6.49,16.03,16.4,17.6,12.33,6.21,18,2025-05-13
BM-908ABEFE,Agriculture and Food Production,L,All,statutory_tax_rate,19.87,20.11,20.33,21.11,21.52,20.54,0.6,18,2025-05-13
BM-B146FA22,Agriculture and Food Production,L,All,tax_credit_impact,3.71,4.09,4.23,14.62,18.46,8.22,6.08,18,2025-05-13
BM-F6005535,Agriculture and Food Production,L,All,input_output_ratio,0.97,1.0,1.01,1.14,1.61,1.12,0.22,18,2025-05-13
BM-3FA7BEAD,Agriculture and Food Production,L,All,labour_cost_ratio,8.84,15.84,17.93,20.0,20.0,17.37,2.9,18,2025-05-13
BM-E79DF46B,Agriculture and Food Production,L,All,revenue_per_employee,102863.95,131781.02,157107.37,177897.15,287746.62,162483.24,42202.19,18,2025-05-13
BM-0A89BF7C,Agriculture and Food Production,L,All,credit_utilisation_ratio,18.22,20.14,20.87,23.03,28.19,21.89,3.14,18,2025-05-13
BM-296A7673,Agriculture and Food Production,L,All,vat_income_consistency,0.0,0.0,0.0,1.32,10.27,1.61,3.19,18,2025-05-13
BM-1C783CF0,Agriculture and Food Production,L,All,tax_savings_ratio,208.16,270.08,294.76,431.34,561.06,345.87,109.79,18,2025-05-13
BM-B924C18E,Agriculture and Food Production,L,All,book_tax_gap,63.19,66.49,70.88,75.05,80.2,71.09,5.59,18,2025-05-13
BM-6B418C54,Agriculture and Food Production,L,All,filing_compliance_rate,20.0,100.0,100.0,100.0,100.0,88.89,25.87,18,2025-05-13
BM-3CB79783,Agriculture and Food Production,L,All,payment_compliance_rate,0.0,98.62,100.0,100.0,100.0,86.81,32.28,18,2025-05-13
BM-59CC8A00,Agriculture and Food Production,All,2022,profit_margin,1.0,5.0,5.55,6.89,9.9,5.6,2.23,48,2025-05-13
BM-645F5505,Agriculture and Food Production,All,2022,effective_tax_rate,2.01,16.4,21.36,23.65,32.81,19.59,7.58,48,2025-05-13
BM-5ADD324A,Agriculture and Food Production,All,2022,statutory_tax_rate,19.87,22.46,25.27,26.92,29.83,24.8,2.86,48,2025-05-13
BM-8FD4F0CD,Agriculture and Food Production,All,2022,tax_credit_impact,-6.03,2.71,3.32,4.46,23.69,5.21,6.55,48,2025-05-13
BM-65F471AA,Agriculture and Food Production,All,2022,input_output_ratio,0.97,1.08,1.14,1.19,1.77,1.17,0.17,48,2025-05-13
BM-AF1FE013,Agriculture and Food Production,All,2022,labour_cost_ratio,9.18,17.74,20.28,22.83,25.0,20.15,4.03,48,2025-05-13
BM-5C88E39C,Agriculture and Food Production,All,2022,revenue_per_employee,34285.69,74194.54,95886.83,133764.42,249649.0,104124.62,43101.87,48,2025-05-13
BM-7D31F017,Agriculture and Food Production,All,2022,credit_utilisation_ratio,9.21,10.44,14.07,16.98,26.73,14.38,4.32,48,2025-05-13
BM-3D2EFBB2,Agriculture and Food Production,All,2022,vat_income_consistency,0.0,0.0,0.0,0.0,17.5,1.04,2.98,48,2025-05-13
BM-3A462CB4,Agriculture and Food Production,All,2022,tax_savings_ratio,208.16,290.26,339.03,450.82,704.32,381.23,119.2,48,2025-05-13
BM-E93055B1,Agriculture and Food Production,All,2022,book_tax_gap,60.61,65.67,69.76,76.14,80.2,70.84,5.99,48,2025-05-13
BM-D28D61C9,Agriculture and Food Production,All,2022,filing_compliance_rate,0.0,100.0,100.0,100.0,100.0,90.83,22.2,48,2025-05-13
BM-4FF1C28E,Agriculture and Food Production,All,2022,payment_compliance_rate,0.0,99.99,100.0,100.0,100.0,84.53,35.53,48,2025-05-13
BM-C46863C0,Agriculture and Food Production,All,2023,profit_margin,1.0,5.0,5.62,6.36,10.35,5.41,2.08,49,2025-05-13
BM-CFF08739,Agriculture and Food Production,All,2023,effective_tax_rate,1.51,16.68,21.86,23.79,35.6,19.29,7.68,49,2025-05-13
BM-31D4D265,Agriculture and Food Production,All,2023,statutory_tax_rate,19.87,22.48,25.32,26.96,29.83,24.87,2.87,49,2025-05-13
BM-AED09E73,Agriculture and Food Production,All,2023,tax_credit_impact,-8.1,2.62,3.14,4.33,23.35,5.58,6.65,49,2025-05-13
BM-6637C7EC,Agriculture and Food Production,All,2023,input_output_ratio,0.97,1.08,1.13,1.18,1.74,1.17,0.16,49,2025-05-13
BM-CAB1A873,Agriculture and Food Production,All,2023,labour_cost_ratio,8.84,15.52,20.77,25.0,25.0,19.61,4.79,49,2025-05-13
BM-2A96B11D,Agriculture and Food Production,All,2023,revenue_per_employee,29270.67,74865.33,97750.0,149559.67,287746.62,111615.62,57425.25,49,2025-05-13
BM-A57B720C,Agriculture and Food Production,All,2023,credit_utilisation_ratio,9.16,10.87,14.23,16.75,27.77,14.32,4.13,49,2025-05-13
BM-ED837F86,Agriculture and Food Production,All,2023,vat_income_consistency,0.0,0.0,0.0,0.0,7.56,0.58,1.56,49,2025-05-13
BM-DA63D96A,Agriculture and Food Production,All,2023,tax_savings_ratio,216.88,300.6,392.64,471.13,963.33,407.56,144.39,49,2025-05-13
BM-CCC9DFF3,Agriculture and Food Production,All,2023,book_tax_gap,60.61,66.17,73.11,77.25,83.19,71.89,6.43,49,2025-05-13
BM-3A795E55,Agriculture and Food Production,All,2023,filing_compliance_rate,40.0,100.0,100.0,100.0,100.0,93.47,15.49,49,2025-05-13
BM-64D6CED7,Agriculture and Food Production,All,2023,payment_compliance_rate,0.0,99.96,100.0,100.0,100.0,82.69,37.1,49,2025-05-13
BM-2D28157F,Agriculture and Food Production,All,2024,profit_margin,1.0,5.0,5.76,7.86,10.32,5.9,2.44,50,2025-05-13
BM-E13F773B,Agriculture and Food Production,All,2024,effective_tax_rate,1.41,16.83,21.62,23.88,34.98,19.72,7.82,50,2025-05-13
BM-2988C611,Agriculture and Food Production,All,2024,statutory_tax_rate,19.87,22.59,25.4,27.22,29.83,24.91,2.86,50,2025-05-13
BM-BDB9B537,Agriculture and Food Production,All,2024,tax_credit_impact,-6.41,2.56,3.37,4.46,23.76,5.2,6.67,50,2025-05-13
BM-5A008E82,Agriculture and Food Production,All,2024,input_output_ratio,0.98,1.08,1.15,1.17,1.75,1.17,0.17,50,2025-05-13
BM-A23C1089,Agriculture and Food Production,All,2024,labour_cost_ratio,7.41,19.55,22.0,25.0,25.0,21.24,3.98,50,2025-05-13
BM-FD8B7E63,Agriculture and Food Production,All,2024,revenue_per_employee,33392.0,65904.75,83484.55,120720.71,303891.2,96534.34,48186.88,50,2025-05-13
BM-E58D6AC8,Agriculture and Food Production,All,2024,credit_utilisation_ratio,9.28,10.8,14.09,16.54,28.19,14.34,4.34,50,2025-05-13
BM-1B68B433,Agriculture and Food Production,All,2024,vat_income_consistency,0.0,0.0,0.0,0.0,12.19,0.93,2.51,50,2025-05-13
BM-893A3788,Agriculture and Food Production,All,2024,tax_savings_ratio,233.56,289.09,340.49,415.92,846.84,385.2,144.1,50,2025-05-13
BM-70CF2924,Agriculture and Food Production,All,2024,book_tax_gap,60.45,65.1,69.14,75.92,81.21,70.33,6.43,50,2025-05-13
BM-44E42B36,Agriculture and Food Production,All,2024,filing_compliance_rate,20.0,100.0,100.0,100.0,100.0,91.2,21.44,50,2025-05-13
BM-453D3793,Agriculture and Food Production,All,2024,payment_compliance_rate,0.0,99.99,100.0,100.0,100.0,92.72,24.2,50,2025-05-13
BM-2CD0D2D0,Agriculture and Food Production,All,All,profit_margin,1.0,5.0,5.62,7.19,10.35,5.64,2.25,147,2025-05-13
BM-B1ECD328,Agriculture and Food Production,All,All,effective_tax_rate,1.41,16.54,21.8,23.82,35.6,19.53,7.65,147,2025-05-13
BM-55CFB55D,Agriculture and Food Production,All,All,statutory_tax_rate,19.87,22.48,25.32,26.96,29.83,24.86,2.85,147,2025-05-13
BM-E0139425,Agriculture and Food Production,All,All,tax_credit_impact,-8.1,2.6,3.24,4.44,23.76,5.33,6.58,147,2025-05-13
BM-33DD0A20,Agriculture and Food Production,All,All,input_output_ratio,0.97,1.08,1.14,1.18,1.77,1.17,0.16,147,2025-05-13
BM-D65B00D1,Agriculture and Food Production,All,All,labour_cost_ratio,7.41,17.61,21.22,25.0,25.0,20.34,4.31,147,2025-05-13
BM-EA477234,Agriculture and Food Production,All,All,revenue_per_employee,29270.67,70590.31,91737.08,131172.67,303891.2,104039.89,50000.61,147,2025-05-13
BM-219245D1,Agriculture and Food Production,All,All,credit_utilisation_ratio,9.16,10.78,14.14,16.79,28.19,14.35,4.23,147,2025-05-13
BM-FB7BADD9,Agriculture and Food Production,All,All,vat_income_consistency,0.0,0.0,0.0,0.0,17.5,0.85,2.41,147,2025-05-13
BM-4ED45390,Agriculture and Food Production,All,All,tax_savings_ratio,208.16,290.89,357.12,452.89,963.33,391.36,136.14,147,2025-05-13
BM-B34D4443,Agriculture and Food Production,All,All,book_tax_gap,60.45,65.62,71.31,76.73,83.19,71.02,6.28,147,2025-05-13
BM-DB76B269,Agriculture and Food Production,All,All,filing_compliance_rate,0.0,100.0,100.0,100.0,100.0,91.84,19.83,147,2025-05-13
BM-98A743B1,Agriculture and Food Production,All,All,payment_compliance_rate,0.0,99.98,100.0,100.0,100.0,86.7,32.78,147,2025-05-13
BM-49DCFC3B,Tourism and Hospitality,S,2022,profit_margin,3.0,6.72,8.19,11.13,15.0,8.64,3.5,14,2025-05-13
BM-23DC1472,Tourism and Hospitality,S,2022,effective_tax_rate,7.71,20.75,23.61,24.96,27.36,21.56,6.15,14,2025-05-13
BM-C9CDF07C,Tourism and Hospitality,S,2022,statutory_tax_rate,22.32,23.6,26.0,27.19,29.83,25.73,2.57,14,2025-05-13
BM-E65EABA1,Tourism and Hospitality,S,2022,tax_credit_impact,1.81,2.13,2.28,2.49,17.3,4.17,4.94,14,2025-05-13
BM-2B525A6C,Tourism and Hospitality,S,2022,input_output_ratio,0.89,0.9,0.93,0.94,1.06,0.94,0.05,14,2025-05-13
BM-EA41F606,Tourism and Hospitality,S,2022,labour_cost_ratio,10.04,14.45,17.85,26.01,44.76,21.91,11.27,14,2025-05-13
BM-B09BA48A,Tourism and Hospitality,S,2022,revenue_per_employee,41885.27,66400.1,94577.79,105234.98,140166.07,88534.42,29413.86,14,2025-05-13
BM-81B49755,Tourism and Hospitality,S,2022,credit_utilisation_ratio,7.73,8.29,8.67,9.24,9.88,8.77,0.64,14,2025-05-13
BM-E2008290,Tourism and Hospitality,S,2022,vat_income_consistency,0.0,0.0,0.0,0.0,1.11,0.12,0.32,14,2025-05-13
BM-A871909F,Tourism and Hospitality,S,2022,tax_savings_ratio,243.68,321.85,349.39,405.52,500.96,363.18,68.07,14,2025-05-13
BM-2257EF8A,Tourism and Hospitality,S,2022,book_tax_gap,60.74,68.03,73.54,77.08,79.84,72.24,6.45,14,2025-05-13
BM-C6D37A11,Tourism and Hospitality,S,2022,filing_compliance_rate,80.0,85.0,100.0,100.0,100.0,94.29,9.38,14,2025-05-13
BM-305AB8D5,Tourism and Hospitality,S,2022,payment_compliance_rate,88.94,99.98,100.0,100.0,100.0,98.51,3.41,14,2025-05-13
BM-ED1BFC4A,Tourism and Hospitality,S,2023,profit_margin,3.0,6.7,9.01,10.54,13.17,8.35,2.96,15,2025-05-13
BM-B81898FD,Tourism and Hospitality,S,2023,effective_tax_rate,4.5,20.45,23.3,24.63,27.01,21.07,6.75,15,2025-05-13
BM-456F8066,Tourism and Hospitality,S,2023,statutory_tax_rate,22.05,22.93,25.67,27.18,29.83,25.49,2.65,15,2025-05-13
BM-5E0DF994,Tourism and Hospitality,S,2023,tax_credit_impact,1.79,2.09,2.42,2.58,18.67,4.42,5.63,15,2025-05-13
BM-0C710CD6,Tourism and Hospitality,S,2023,input_output_ratio,0.87,0.91,0.94,0.96,1.06,0.94,0.05,15,2025-05-13
BM-A91FF140,Tourism and Hospitality,S,2023,labour_cost_ratio,13.09,15.43,18.17,24.6,45.0,21.31,9.14,15,2025-05-13
BM-E4427447,Tourism and Hospitality,S,2023,revenue_per_employee,38999.45,68964.36,102673.63,112174.56,130837.47,89376.76,28346.71,15,2025-05-13
BM-F8DB5A25,Tourism and Hospitality,S,2023,credit_utilisation_ratio,7.83,8.47,9.15,9.4,10.13,8.98,0.68,15,2025-05-13
BM-06910D55,Tourism and Hospitality,S,2023,vat_income_consistency,0.0,0.0,0.0,0.0,5.89,0.45,1.52,15,2025-05-13
BM-52699342,Tourism and Hospitality,S,2023,tax_savings_ratio,242.93,269.12,373.89,427.61,475.79,353.53,82.83,15,2025-05-13
BM-282105EF,Tourism and Hospitality,S,2023,book_tax_gap,60.14,66.09,72.28,75.31,79.49,71.07,6.19,15,2025-05-13
BM-F0B21D54,Tourism and Hospitality,S,2023,filing_compliance_rate,60.0,100.0,100.0,100.0,100.0,96.0,11.21,15,2025-05-13
BM-B4E5DC03,Tourism and Hospitality,S,2023,payment_compliance_rate,33.92,99.39,100.0,100.0,100.0,95.0,16.95,15,2025-05-13
BM-FD019AFD,Tourism and Hospitality,S,2024,profit_margin,3.0,7.5,7.81,10.22,15.21,8.28,3.34,17,2025-05-13
BM-454F2630,Tourism and Hospitality,S,2024,effective_tax_rate,4.0,20.49,23.66,24.66,27.19,20.73,6.88,17,2025-05-13
BM-05499322,Tourism and Hospitality,S,2024,statutory_tax_rate,22.05,23.41,26.34,27.2,29.83,25.72,2.58,17,2025-05-13
BM-F5F2B365,Tourism and Hospitality,S,2024,tax_credit_impact,1.78,2.04,2.23,2.64,21.56,4.99,6.34,17,2025-05-13
BM-A4DE54FA,Tourism and Hospitality,S,2024,input_output_ratio,0.89,0.92,0.93,0.95,1.04,0.94,0.04,17,2025-05-13
BM-EEF6CC2B,Tourism and Hospitality,S,2024,labour_cost_ratio,15.22,19.73,23.34,28.62,40.18,24.66,7.27,17,2025-05-13
BM-35CF7388,Tourism and Hospitality,S,2024,revenue_per_employee,44441.76,59927.76,72154.75,91669.5,127321.3,79010.08,25886.5,17,2025-05-13
BM-618D4687,Tourism and Hospitality,S,2024,credit_utilisation_ratio,7.74,8.11,8.73,9.33,10.59,8.82,0.87,17,2025-05-13
BM-72C217A4,Tourism and Hospitality,S,2024,vat_income_consistency,0.0,0.0,0.0,0.0,8.57,0.9,2.27,17,2025-05-13
BM-F89007FB,Tourism and Hospitality,S,2024,tax_savings_ratio,222.26,263.98,353.03,440.28,567.7,365.5,101.58,17,2025-05-13
BM-5A8BF4C5,Tourism and Hospitality,S,2024,book_tax_gap,60.05,64.74,72.02,76.87,79.49,70.72,6.45,17,2025-05-13
BM-6CF7D693,Tourism and Hospitality,S,2024,filing_compliance_rate,40.0,100.0,100.0,100.0,100.0,90.59,18.86,17,2025-05-13
BM-40EA2FDE,Tourism and Hospitality,S,2024,payment_compliance_rate,72.35,99.01,100.0,100.0,100.0,96.64,7.81,17,2025-05-13
BM-DEB7FDFD,Tourism and Hospitality,S,All,profit_margin,3.0,6.72,8.7,10.52,15.21,8.41,3.2,46,2025-05-13
BM-9C226D86,Tourism and Hospitality,S,All,effective_tax_rate,4.0,20.47,23.52,24.9,27.36,21.1,6.48,46,2025-05-13
BM-90F7C48A,Tourism and Hospitality,S,All,statutory_tax_rate,22.05,23.41,26.0,27.2,29.83,25.65,2.54,46,2025-05-13
BM-DC59341C,Tourism and Hospitality,S,All,tax_credit_impact,1.78,2.04,2.33,2.61,21.56,4.55,5.6,46,2025-05-13
BM-68625511,Tourism and Hospitality,S,All,input_output_ratio,0.87,0.9,0.93,0.95,1.06,0.94,0.05,46,2025-05-13
BM-D85BAB3F,Tourism and Hospitality,S,All,labour_cost_ratio,10.04,15.75,19.54,28.01,45.0,22.73,9.15,46,2025-05-13
BM-4816F092,Tourism and Hospitality,S,All,revenue_per_employee,38999.45,61495.01,83857.29,106446.48,140166.07,85289.23,27603.1,46,2025-05-13
BM-FB0B9604,Tourism and Hospitality,S,All,credit_utilisation_ratio,7.73,8.24,8.84,9.36,10.59,8.86,0.74,46,2025-05-13
BM-EF210B83,Tourism and Hospitality,S,All,vat_income_consistency,0.0,0.0,0.0,0.0,8.57,0.52,1.64,46,2025-05-13
BM-B1CB0CB2,Tourism and Hospitality,S,All,tax_savings_ratio,222.26,285.47,351.68,423.89,567.7,360.89,84.67,46,2025-05-13
BM-D89B0753,Tourism and Hospitality,S,All,book_tax_gap,60.05,65.78,72.35,76.73,79.84,71.3,6.26,46,2025-05-13
BM-CCF43726,Tourism and Hospitality,S,All,filing_compliance_rate,40.0,100.0,100.0,100.0,100.0,93.48,14.02,46,2025-05-13
BM-E960EF29,Tourism and Hospitality,S,All,payment_compliance_rate,33.92,99.09,100.0,100.0,100.0,96.67,10.79,46,2025-05-13
BM-2C41FCA4,Tourism and Hospitality,M,2022,profit_margin,1.0,3.99,9.5,11.53,15.55,8.59,4.68,18,2025-05-13
BM-CA1BA64A,Tourism and Hospitality,M,2022,effective_tax_rate,1.38,10.0,19.83,22.04,23.96,16.26,8.11,18,2025-05-13
BM-42098C01,Tourism and Hospitality,M,2022,statutory_tax_rate,20.24,22.05,24.02,25.84,27.65,23.93,2.3,18,2025-05-13
BM-86CBCB71,Tourism and Hospitality,M,2022,tax_credit_impact,2.57,2.87,3.37,11.25,24.27,7.67,7.87,18,2025-05-13
BM-8AC45D77,Tourism and Hospitality,M,2022,input_output_ratio,0.79,0.82,0.85,0.91,1.3,0.9,0.15,18,2025-05-13
BM-EE2E44E0,Tourism and Hospitality,M,2022,labour_cost_ratio,9.46,10.16,13.74,17.36,27.86,14.86,5.53,18,2025-05-13
BM-8DDBD212,Tourism and Hospitality,M,2022,revenue_per_employee,87657.0,119851.2,163100.58,200547.53,235896.0,161030.87,48961.25,18,2025-05-13
BM-5CA7A07B,Tourism and Hospitality,M,2022,credit_utilisation_ratio,11.59,12.3,13.16,14.77,17.79,13.75,1.84,18,2025-05-13
BM-213F97F0,Tourism and Hospitality,M,2022,vat_income_consistency,0.0,0.0,0.0,0.27,12.75,1.56,3.61,18,2025-05-13
BM-9F231E5A,Tourism and Hospitality,M,2022,tax_savings_ratio,222.63,287.23,397.78,469.35,952.38,406.83,164.8,18,2025-05-13
BM-5194371F,Tourism and Hospitality,M,2022,book_tax_gap,62.12,64.21,73.58,78.49,82.81,71.97,7.01,18,2025-05-13
BM-1C6327BF,Tourism and Hospitality,M,2022,filing_compliance_rate,20.0,100.0,100.0,100.0,100.0,91.11,20.83,18,2025-05-13
BM-F0B2EF8E,Tourism and Hospitality,M,2022,payment_compliance_rate,0.0,87.0,100.0,100.0,100.0,82.42,33.36,18,2025-05-13
BM-AC23082C,Tourism and Hospitality,M,2023,profit_margin,1.0,5.33,9.13,12.49,14.46,8.57,4.51,19,2025-05-13
BM-067B2C16,Tourism and Hospitality,M,2023,effective_tax_rate,1.24,11.77,20.09,21.79,23.75,16.27,8.15,19,2025-05-13
BM-026A6DF0,Tourism and Hospitality,M,2023,statutory_tax_rate,20.24,22.13,24.48,25.69,27.65,23.96,2.24,19,2025-05-13
BM-5CA28245,Tourism and Hospitality,M,2023,tax_credit_impact,2.57,3.11,3.44,10.14,24.06,7.69,7.81,19,2025-05-13
BM-0EA2F9CC,Tourism and Hospitality,M,2023,input_output_ratio,0.81,0.82,0.85,0.9,1.32,0.9,0.15,19,2025-05-13
BM-37FDA55B,Tourism and Hospitality,M,2023,labour_cost_ratio,8.86,11.02,12.77,15.73,21.48,13.93,3.91,19,2025-05-13
BM-7B76F58A,Tourism and Hospitality,M,2023,revenue_per_employee,90158.0,119178.25,158299.47,194773.91,234993.77,160398.8,46989.2,19,2025-05-13
BM-47BEF61C,Tourism and Hospitality,M,2023,credit_utilisation_ratio,11.92,13.19,14.0,14.56,16.87,13.91,1.3,19,2025-05-13
BM-9B311125,Tourism and Hospitality,M,2023,vat_income_consistency,0.0,0.0,0.0,0.17,6.15,0.86,1.95,19,2025-05-13
BM-76BF45FB,Tourism and Hospitality,M,2023,tax_savings_ratio,246.18,320.08,363.91,441.1,856.55,390.12,134.09,19,2025-05-13
BM-EE008BD2,Tourism and Hospitality,M,2023,book_tax_gap,61.88,66.41,73.78,75.53,81.5,71.5,5.66,19,2025-05-13
BM-25E1F322,Tourism and Hospitality,M,2023,filing_compliance_rate,0.0,90.0,100.0,100.0,100.0,86.32,28.33,19,2025-05-13
BM-E8743DCB,Tourism and Hospitality,M,2023,payment_compliance_rate,57.41,91.49,99.98,100.0,100.0,91.89,13.73,19,2025-05-13
BM-8E02E96D,Tourism and Hospitality,M,2024,profit_margin,1.0,5.33,9.42,11.38,12.97,8.19,4.02,19,2025-05-13
BM-F0397CDF,Tourism and Hospitality,M,2024,effective_tax_rate,1.61,11.52,20.18,21.55,24.14,16.26,8.16,19,2025-05-13
BM-F8356F25,Tourism and Hospitality,M,2024,statutory_tax_rate,20.24,22.13,24.48,25.69,27.65,23.96,2.24,19,2025-05-13
BM-58C650D3,Tourism and Hospitality,M,2024,tax_credit_impact,2.67,3.13,3.38,9.6,24.27,7.7,7.86,19,2025-05-13
BM-98059125,Tourism and Hospitality,M,2024,input_output_ratio,0.79,0.83,0.84,0.89,1.31,0.9,0.15,19,2025-05-13
BM-BFE95630,Tourism and Hospitality,M,2024,labour_cost_ratio,7.34,12.79,15.28,18.52,23.49,15.57,4.44,19,2025-05-13
BM-D4ECE48B,Tourism and Hospitality,M,2024,revenue_per_employee,88924.09,110859.82,142988.2,170846.12,245876.4,148307.14,44634.81,19,2025-05-13
BM-BAFABF9A,Tourism and Hospitality,M,2024,credit_utilisation_ratio,11.68,13.13,13.45,14.79,16.58,14.08,1.41,19,2025-05-13
BM-C32F28E3,Tourism and Hospitality,M,2024,vat_income_consistency,0.0,0.0,0.0,1.05,13.57,1.46,3.35,19,2025-05-13
BM-4789D6C0,Tourism and Hospitality,M,2024,tax_savings_ratio,257.99,289.68,393.91,450.14,663.67,389.1,110.36,19,2025-05-13
BM-56A6C6AA,Tourism and Hospitality,M,2024,book_tax_gap,61.72,68.45,72.33,75.12,78.1,71.29,4.94,19,2025-05-13
BM-0829B99F,Tourism and Hospitality,M,2024,filing_compliance_rate,20.0,80.0,100.0,100.0,100.0,86.32,22.16,19,2025-05-13
BM-43CC2C99,Tourism and Hospitality,M,2024,payment_compliance_rate,0.0,80.65,100.0,100.0,100.0,85.01,26.08,19,2025-05-13
BM-E82D2306,Tourism and Hospitality,M,All,profit_margin,1.0,3.38,9.28,11.78,15.55,8.45,4.33,56,2025-05-13
BM-11B71718,Tourism and Hospitality,M,All,effective_tax_rate,1.24,6.84,19.97,21.91,24.14,16.26,7.99,56,2025-05-13
BM-4E04441E,Tourism and Hospitality,M,All,statutory_tax_rate,20.24,21.96,24.48,25.99,27.65,23.95,2.22,56,2025-05-13
BM-05AEE01D,Tourism and Hospitality,M,All,tax_credit_impact,2.57,3.05,3.41,14.19,24.27,7.69,7.7,56,2025-05-13
BM-ED2E6F89,Tourism and Hospitality,M,All,input_output_ratio,0.79,0.82,0.85,0.92,1.32,0.9,0.15,56,2025-05-13
BM-2B111FE7,Tourism and Hospitality,M,All,labour_cost_ratio,7.34,11.08,14.13,17.55,27.86,14.79,4.62,56,2025-05-13
BM-B7B9340C,Tourism and Hospitality,M,All,revenue_per_employee,87657.0,115435.33,147291.8,193367.85,245876.4,156499.44,46376.07,56,2025-05-13
BM-1C063068,Tourism and Hospitality,M,All,credit_utilisation_ratio,11.59,12.74,13.78,14.75,17.79,13.92,1.51,56,2025-05-13
BM-CA855D7C,Tourism and Hospitality,M,All,vat_income_consistency,0.0,0.0,0.0,0.34,13.57,1.29,3.01,56,2025-05-13
BM-259E30D9,Tourism and Hospitality,M,All,tax_savings_ratio,222.63,292.89,394.31,454.27,952.38,395.14,135.39,56,2025-05-13
BM-E9B0720A,Tourism and Hospitality,M,All,book_tax_gap,61.72,66.13,72.76,75.59,82.81,71.58,5.81,56,2025-05-13
BM-F53C7FB5,Tourism and Hospitality,M,All,filing_compliance_rate,0.0,80.0,100.0,100.0,100.0,87.86,23.72,56,2025-05-13
BM-EE350B27,Tourism and Hospitality,M,All,payment_compliance_rate,0.0,86.07,100.0,100.0,100.0,86.51,25.38,56,2025-05-13
BM-43683BA7,Tourism and Hospitality,L,2022,profit_margin,3.0,8.12,10.68,15.71,16.41,10.65,5.41,8,2025-05-13
BM-05149E21,Tourism and Hospitality,L,2022,effective_tax_rate,3.06,12.09,15.72,17.99,22.85,14.1,7.25,8,2025-05-13
BM-96872DFD,Tourism and Hospitality,L,2022,statutory_tax_rate,18.54,19.4,21.57,22.62,27.82,21.73,3.08,8,2025-05-13
BM-FAEEAB84,Tourism and Hospitality,L,2022,tax_credit_impact,3.3,3.55,3.89,8.42,19.15,7.63,7.02,8,2025-05-13
BM-E33CCB71,Tourism and Hospitality,L,2022,input_output_ratio,0.71,0.74,0.76,0.78,0.83,0.77,0.04,8,2025-05-13
BM-1AD69162,Tourism and Hospitality,L,2022,labour_cost_ratio,8.29,11.12,11.33,14.86,20.58,13.28,4.32,8,2025-05-13
BM-F50E52CB,Tourism and Hospitality,L,2022,revenue_per_employee,147416.78,171571.96,206692.88,233702.25,266279.15,203439.37,42555.35,8,2025-05-13
BM-BE98FCF1,Tourism and Hospitality,L,2022,credit_utilisation_ratio,16.76,17.74,17.86,19.12,21.03,18.4,1.33,8,2025-05-13
BM-395D80AE,Tourism and Hospitality,L,2022,vat_income_consistency,0.0,0.0,0.0,0.48,1.99,0.49,0.9,8,2025-05-13
BM-9519318F,Tourism and Hospitality,L,2022,tax_savings_ratio,202.98,257.99,292.7,334.29,477.98,305.66,85.79,8,2025-05-13
BM-12258AB6,Tourism and Hospitality,L,2022,book_tax_gap,62.83,64.48,67.37,72.84,76.9,68.64,5.14,8,2025-05-13
BM-FC5D24D8,Tourism and Hospitality,L,2022,filing_compliance_rate,80.0,95.0,100.0,100.0,100.0,95.0,9.26,8,2025-05-13
BM-B77217D2,Tourism and Hospitality,L,2022,payment_compliance_rate,58.08,92.15,99.66,100.0,100.0,91.23,16.04,8,2025-05-13
BM-C6A94D3C,Tourism and Hospitality,L,2023,profit_margin,3.0,8.13,9.43,12.0,17.09,9.89,4.49,9,2025-05-13
BM-D4B4C7B4,Tourism and Hospitality,L,2023,effective_tax_rate,4.59,15.29,15.86,17.25,22.88,14.76,5.8,9,2025-05-13
BM-DDB80BE5,Tourism and Hospitality,L,2023,statutory_tax_rate,18.54,19.52,21.15,22.21,27.82,21.48,2.97,9,2025-05-13
BM-F7B7184C,Tourism and Hospitality,L,2023,tax_credit_impact,3.19,3.66,3.9,4.94,17.4,6.72,5.64,9,2025-05-13
BM-31619AB7,Tourism and Hospitality,L,2023,input_output_ratio,0.72,0.73,0.76,0.76,0.86,0.76,0.04,9,2025-05-13
BM-51FFFE44,Tourism and Hospitality,L,2023,labour_cost_ratio,7.61,8.41,10.99,11.5,17.87,11.18,3.41,9,2025-05-13
BM-6F031E98,Tourism and Hospitality,L,2023,revenue_per_employee,123862.32,213199.06,219509.34,264700.83,289993.01,223262.07,56760.31,9,2025-05-13
BM-9AD94D65,Tourism and Hospitality,L,2023,credit_utilisation_ratio,17.19,17.96,18.73,19.15,20.94,18.8,1.18,9,2025-05-13
BM-7A44B3BD,Tourism and Hospitality,L,2023,vat_income_consistency,0.0,0.0,0.0,0.0,6.42,0.79,2.12,9,2025-05-13
BM-A3C35AEB,Tourism and Hospitality,L,2023,tax_savings_ratio,239.74,249.95,294.86,369.14,669.68,352.65,144.78,9,2025-05-13
BM-7D2A082F,Tourism and Hospitality,L,2023,book_tax_gap,62.66,65.95,74.06,78.76,79.76,72.17,6.73,9,2025-05-13
BM-E27819DE,Tourism and Hospitality,L,2023,filing_compliance_rate,80.0,80.0,100.0,100.0,100.0,93.33,10.0,9,2025-05-13
BM-EE69C1E5,Tourism and Hospitality,L,2023,payment_compliance_rate,50.5,86.12,99.83,100.0,100.0,90.61,16.21,9,2025-05-13
BM-4255504E,Tourism and Hospitality,L,2024,profit_margin,3.0,9.48,12.1,12.54,13.98,10.13,4.22,9,2025-05-13
BM-C1F086BC,Tourism and Hospitality,L,2024,effective_tax_rate,4.44,15.48,16.45,17.25,22.92,14.82,6.04,9,2025-05-13
BM-882CC4FC,Tourism and Hospitality,L,2024,statutory_tax_rate,18.54,19.52,21.15,22.21,27.82,21.48,2.97,9,2025-05-13
BM-B8F2633B,Tourism and Hospitality,L,2024,tax_credit_impact,3.06,3.11,3.9,4.9,17.55,6.66,5.97,9,2025-05-13
BM-3345299F,Tourism and Hospitality,L,2024,input_output_ratio,0.71,0.73,0.74,0.81,0.88,0.77,0.06,9,2025-05-13
BM-59A57F7D,Tourism and Hospitality,L,2024,labour_cost_ratio,7.5,9.91,11.14,20.29,21.78,14.33,6.12,9,2025-05-13
BM-41D27315,Tourism and Hospitality,L,2024,revenue_per_employee,129713.33,138874.71,216121.87,274904.48,327392.33,213894.64,78506.89,9,2025-05-13
BM-B6CEC5A4,Tourism and Hospitality,L,2024,credit_utilisation_ratio,15.74,16.48,17.62,18.99,20.67,17.83,1.76,9,2025-05-13
BM-D150AF03,Tourism and Hospitality,L,2024,vat_income_consistency,0.0,0.0,0.0,0.0,4.54,0.7,1.55,9,2025-05-13
BM-B7772813,Tourism and Hospitality,L,2024,tax_savings_ratio,196.8,335.74,365.73,406.06,419.64,346.41,75.49,9,2025-05-13
BM-0C097790,Tourism and Hospitality,L,2024,book_tax_gap,63.07,67.9,71.51,73.64,76.17,71.2,4.27,9,2025-05-13
BM-7658392C,Tourism and Hospitality,L,2024,filing_compliance_rate,80.0,100.0,100.0,100.0,100.0,97.78,6.67,9,2025-05-13
BM-547FF1D9,Tourism and Hospitality,L,2024,payment_compliance_rate,29.94,64.67,72.86,100.0,100.0,76.67,24.95,9,2025-05-13
BM-5D3925AD,Tourism and Hospitality,L,All,profit_margin,3.0,8.41,10.68,12.99,17.09,10.21,4.52,26,2025-05-13
BM-44C47F5F,Tourism and Hospitality,L,All,effective_tax_rate,3.06,15.1,15.91,17.35,22.92,14.58,6.1,26,2025-05-13
BM-1F2EEF6D,Tourism and Hospitality,L,All,statutory_tax_rate,18.54,19.52,21.15,22.21,27.82,21.56,2.88,26,2025-05-13
BM-405E03DE,Tourism and Hospitality,L,All,tax_credit_impact,3.06,3.37,3.9,4.96,19.15,6.98,5.97,26,2025-05-13
BM-7FBE67AA,Tourism and Hospitality,L,All,input_output_ratio,0.71,0.74,0.75,0.8,0.88,0.77,0.05,26,2025-05-13
BM-73B430D5,Tourism and Hospitality,L,All,labour_cost_ratio,7.5,10.01,11.17,17.18,21.78,12.92,4.78,26,2025-05-13
BM-2501A79D,Tourism and Hospitality,L,All,revenue_per_employee,123862.32,151468.39,217815.6,262716.85,327392.33,213920.2,59806.84,26,2025-05-13
BM-29F9A05A,Tourism and Hospitality,L,All,credit_utilisation_ratio,15.74,17.57,18.2,19.14,21.03,18.34,1.45,26,2025-05-13
BM-42E73576,Tourism and Hospitality,L,All,vat_income_consistency,0.0,0.0,0.0,0.0,6.42,0.66,1.57,26,2025-05-13
BM-B53FBF1B,Tourism and Hospitality,L,All,tax_savings_ratio,196.8,258.86,325.14,375.37,669.68,336.03,105.0,26,2025-05-13
BM-E3D56E03,Tourism and Hospitality,L,All,book_tax_gap,62.66,66.29,71.37,75.47,79.76,70.75,5.47,26,2025-05-13
BM-5D03656C,Tourism and Hospitality,L,All,filing_compliance_rate,80.0,100.0,100.0,100.0,100.0,95.38,8.59,26,2025-05-13
BM-A6CED63E,Tourism and Hospitality,L,All,payment_compliance_rate,29.94,73.25,99.32,100.0,100.0,85.98,20.08,26,2025-05-13
BM-3CA89D4E,Tourism and Hospitality,All,2022,profit_margin,1.0,6.53,9.94,11.78,16.41,9.02,4.43,40,2025-05-13
BM-7EABD831,Tourism and Hospitality,All,2022,effective_tax_rate,1.38,15.19,20.46,22.87,27.36,17.68,7.73,40,2025-05-13
BM-B1FC9DE3,Tourism and Hospitality,All,2022,statutory_tax_rate,18.54,22.15,24.0,26.36,29.83,24.12,2.89,40,2025-05-13
BM-DE3576DB,Tourism and Hospitality,All,2022,tax_credit_impact,1.81,2.49,3.19,4.24,24.27,6.44,6.84,40,2025-05-13
BM-59FA361E,Tourism and Hospitality,All,2022,input_output_ratio,0.71,0.81,0.87,0.93,1.3,0.89,0.12,40,2025-05-13
BM-6E256B42,Tourism and Hospitality,All,2022,labour_cost_ratio,8.29,11.27,14.54,19.22,44.76,17.01,8.52,40,2025-05-13
BM-0A36A7D7,Tourism and Hospitality,All,2022,revenue_per_employee,41885.27,98482.33,137060.2,193907.74,266279.15,144138.81,60177.29,40,2025-05-13
BM-FC7AA9D4,Tourism and Hospitality,All,2022,credit_utilisation_ratio,7.73,9.24,12.39,16.28,21.03,12.94,3.82,40,2025-05-13
BM-B09A10D3,Tourism and Hospitality,All,2022,vat_income_consistency,0.0,0.0,0.0,0.0,12.75,0.84,2.51,40,2025-05-13
BM-1AB08DCF,Tourism and Hospitality,All,2022,tax_savings_ratio,202.98,285.43,353.68,427.2,952.38,371.32,127.26,40,2025-05-13
BM-FD4B6AF8,Tourism and Hospitality,All,2022,book_tax_gap,60.74,64.64,72.87,77.01,82.81,71.4,6.48,40,2025-05-13
BM-5F6BA394,Tourism and Hospitality,All,2022,filing_compliance_rate,20.0,95.0,100.0,100.0,100.0,93.0,15.39,40,2025-05-13
BM-CFC1D423,Tourism and Hospitality,All,2022,payment_compliance_rate,0.0,95.37,100.0,100.0,100.0,89.81,24.24,40,2025-05-13
BM-C33D2239,Tourism and Hospitality,All,2023,profit_margin,1.0,6.7,9.25,10.9,17.09,8.77,3.98,43,2025-05-13
BM-4EBEE4F2,Tourism and Hospitality,All,2023,effective_tax_rate,1.24,15.61,20.19,22.48,27.01,17.63,7.54,43,2025-05-13
BM-E2517513,Tourism and Hospitality,All,2023,statutory_tax_rate,18.54,22.02,23.83,26.18,29.83,23.97,2.89,43,2025-05-13
BM-DD68C29E,Tourism and Hospitality,All,2023,tax_credit_impact,1.79,2.55,3.19,4.23,24.06,6.35,6.7,43,2025-05-13
BM-1A460A3E,Tourism and Hospitality,All,2023,input_output_ratio,0.72,0.82,0.87,0.94,1.32,0.89,0.12,43,2025-05-13
BM-3D6833C3,Tourism and Hospitality,All,2023,labour_cost_ratio,7.61,11.1,14.31,18.02,45.0,15.93,7.32,43,2025-05-13
BM-1AEDF94C,Tourism and Hospitality,All,2023,revenue_per_employee,38999.45,105972.3,130837.47,204842.17,289993.01,148781.1,65862.67,43,2025-05-13
BM-527D95E5,Tourism and Hospitality,All,2023,credit_utilisation_ratio,7.83,9.4,13.53,15.59,20.94,13.21,3.8,43,2025-05-13
BM-6DC50C31,Tourism and Hospitality,All,2023,vat_income_consistency,0.0,0.0,0.0,0.0,6.42,0.7,1.81,43,2025-05-13
BM-7BFDCAAF,Tourism and Hospitality,All,2023,tax_savings_ratio,239.74,276.61,349.3,430.95,856.55,369.51,119.7,43,2025-05-13
BM-BE022470,Tourism and Hospitality,All,2023,book_tax_gap,60.14,65.83,73.27,75.94,81.5,71.49,5.94,43,2025-05-13
BM-C6025B27,Tourism and Hospitality,All,2023,filing_compliance_rate,0.0,100.0,100.0,100.0,100.0,91.16,20.61,43,2025-05-13
BM-ACE9820E,Tourism and Hospitality,All,2023,payment_compliance_rate,33.92,93.63,100.0,100.0,100.0,92.71,15.16,43,2025-05-13
BM-93DF84C5,Tourism and Hospitality,All,2024,profit_margin,1.0,7.5,9.43,11.68,15.21,8.61,3.81,45,2025-05-13
BM-78F57FD2,Tourism and Hospitality,All,2024,effective_tax_rate,1.61,15.53,20.24,22.92,27.19,17.66,7.57,45,2025-05-13
BM-B2C7E97D,Tourism and Hospitality,All,2024,statutory_tax_rate,18.54,22.05,24.18,26.41,29.83,24.13,2.92,45,2025-05-13
BM-B48DD849,Tourism and Hospitality,All,2024,tax_credit_impact,1.78,2.57,3.14,4.53,24.27,6.47,6.92,45,2025-05-13
BM-6DA5318A,Tourism and Hospitality,All,2024,input_output_ratio,0.71,0.83,0.88,0.93,1.31,0.89,0.12,45,2025-05-13
BM-420DBE62,Tourism and Hospitality,All,2024,labour_cost_ratio,7.34,13.88,18.17,21.78,40.18,18.76,7.48,45,2025-05-13
BM-FC306FBF,Tourism and Hospitality,All,2024,revenue_per_employee,44441.76,88924.09,123713.67,151082.88,327392.33,135245.75,68848.17,45,2025-05-13
BM-6947B334,Tourism and Hospitality,All,2024,credit_utilisation_ratio,7.74,9.27,13.31,16.0,20.67,12.84,3.7,45,2025-05-13
BM-17B570D7,Tourism and Hospitality,All,2024,vat_income_consistency,0.0,0.0,0.0,0.0,13.57,1.1,2.65,45,2025-05-13
BM-8860DE49,Tourism and Hospitality,All,2024,tax_savings_ratio,196.8,284.91,371.98,430.3,663.67,371.65,100.23,45,2025-05-13
BM-78CB740C,Tourism and Hospitality,All,2024,book_tax_gap,60.05,67.59,72.02,75.21,79.49,71.05,5.34,45,2025-05-13
BM-5765B8F8,Tourism and Hospitality,All,2024,filing_compliance_rate,20.0,80.0,100.0,100.0,100.0,90.22,18.89,45,2025-05-13
BM-71757060,Tourism and Hospitality,All,2024,payment_compliance_rate,0.0,81.0,99.99,100.0,100.0,87.74,21.74,45,2025-05-13
BM-A3FD465D,Tourism and Hospitality,All,All,profit_margin,1.0,6.62,9.43,11.69,17.09,8.79,4.04,128,2025-05-13
BM-EDA9DA3B,Tourism and Hospitality,All,All,effective_tax_rate,1.24,15.45,20.23,22.86,27.36,17.66,7.55,128,2025-05-13
BM-2CB0F556,Tourism and Hospitality,All,All,statutory_tax_rate,18.54,22.03,24.0,26.36,29.83,24.07,2.88,128,2025-05-13
BM-15BFFAC8,Tourism and Hospitality,All,All,tax_credit_impact,1.78,2.54,3.17,4.54,24.27,6.42,6.77,128,2025-05-13
BM-1F6FF6DF,Tourism and Hospitality,All,All,input_output_ratio,0.71,0.82,0.87,0.94,1.32,0.89,0.12,128,2025-05-13
BM-B715495E,Tourism and Hospitality,All,All,labour_cost_ratio,7.34,11.47,15.25,20.6,45.0,17.26,7.8,128,2025-05-13
BM-AB1F3175,Tourism and Hospitality,All,All,revenue_per_employee,38999.45,98482.33,130196.83,188792.16,327392.33,142571.86,64974.66,128,2025-05-13
BM-F887E5F7,Tourism and Hospitality,All,All,credit_utilisation_ratio,7.73,9.32,13.06,16.0,21.03,13.0,3.74,128,2025-05-13
BM-1E17CD60,Tourism and Hospitality,All,All,vat_income_consistency,0.0,0.0,0.0,0.0,13.57,0.89,2.34,128,2025-05-13
BM-DAB8AFE0,Tourism and Hospitality,All,All,tax_savings_ratio,196.8,284.87,360.47,431.09,952.38,370.83,114.86,128,2025-05-13
BM-B0AEC8A3,Tourism and Hospitality,All,All,book_tax_gap,60.05,65.89,72.35,75.98,82.81,71.31,5.87,128,2025-05-13
BM-8A0441A7,Tourism and Hospitality,All,All,filing_compliance_rate,0.0,80.0,100.0,100.0,100.0,91.41,18.39,128,2025-05-13
BM-23CFBB4B,Tourism and Hospitality,All,All,payment_compliance_rate,0.0,92.42,100.0,100.0,100.0,90.05,20.6,128,2025-05-13
BM-521DB6D6,Healthcare,S,2022,profit_margin,1.0,11.42,13.27,17.03,21.28,12.82,5.83,29,2025-05-13
BM-BF858648,Healthcare,S,2022,effective_tax_rate,1.12,19.95,21.86,23.99,27.23,19.09,8.07,29,2025-05-13
BM-5EA4A762,Healthcare,S,2022,statutory_tax_rate,22.21,23.31,25.05,27.46,29.97,25.48,2.49,29,2025-05-13
BM-1986F9C8,Healthcare,S,2022,tax_credit_impact,2.01,2.31,2.6,2.98,26.85,6.39,7.77,29,2025-05-13
BM-8F2EF579,Healthcare,S,2022,input_output_ratio,0.67,0.69,0.71,0.74,1.04,0.74,0.09,29,2025-05-13
BM-9E00105C,Healthcare,S,2022,labour_cost_ratio,8.54,11.87,17.64,23.73,36.23,19.09,8.09,29,2025-05-13
BM-90055D59,Healthcare,S,2022,revenue_per_employee,64863.5,108137.91,136126.0,208477.0,325827.0,155478.86,67033.3,29,2025-05-13
BM-0D80BF8E,Healthcare,S,2022,credit_utilisation_ratio,8.57,9.09,9.87,10.55,12.27,10.04,1.13,29,2025-05-13
BM-9A51064C,Healthcare,S,2022,vat_income_consistency,0.0,0.0,0.0,0.0,7.65,1.16,2.47,29,2025-05-13
BM-F72534C9,Healthcare,S,2022,tax_savings_ratio,197.76,220.54,266.5,300.14,551.94,270.99,70.38,29,2025-05-13
BM-CDB11750,Healthcare,S,2022,book_tax_gap,50.48,54.15,58.74,64.68,69.73,59.82,5.86,29,2025-05-13
BM-7205D4DA,Healthcare,S,2022,filing_compliance_rate,40.0,100.0,100.0,100.0,100.0,89.66,19.73,29,2025-05-13
BM-90F771D5,Healthcare,S,2022,payment_compliance_rate,0.0,78.42,99.05,100.0,100.0,84.67,23.9,29,2025-05-13
BM-25CF937A,Healthcare,S,2023,profit_margin,1.0,10.5,13.69,16.74,22.4,12.4,6.05,29,2025-05-13
BM-C7914C92,Healthcare,S,2023,effective_tax_rate,1.39,20.01,21.43,24.61,26.97,18.56,8.63,29,2025-05-13
BM-7A45DC7F,Healthcare,S,2023,statutory_tax_rate,22.21,23.31,25.05,27.46,29.97,25.48,2.49,29,2025-05-13
BM-121A4532,Healthcare,S,2023,tax_credit_impact,1.9,2.35,2.6,3.15,26.8,6.92,8.26,29,2025-05-13
BM-084383B7,Healthcare,S,2023,input_output_ratio,0.68,0.7,0.72,0.75,1.06,0.75,0.09,29,2025-05-13
BM-3FDD9A91,Healthcare,S,2023,labour_cost_ratio,11.3,15.52,18.5,25.2,33.67,20.25,6.52,29,2025-05-13
BM-59FE28F5,Healthcare,S,2023,revenue_per_employee,69251.1,100929.33,140724.0,162654.94,231151.15,137867.03,43106.44,29,2025-05-13
BM-9EDDFAC2,Healthcare,S,2023,credit_utilisation_ratio,8.51,9.24,10.31,10.72,12.53,10.13,1.09,29,2025-05-13
BM-450B9845,Healthcare,S,2023,vat_income_consistency,0.0,0.0,0.0,0.0,26.77,1.87,5.61,29,2025-05-13
BM-B5CD5E2C,Healthcare,S,2023,tax_savings_ratio,191.31,209.69,251.23,296.72,535.53,269.58,77.39,29,2025-05-13
BM-4DA68731,Healthcare,S,2023,book_tax_gap,50.08,55.98,60.41,67.2,72.37,60.87,6.45,29,2025-05-13
BM-9D3F687B,Healthcare,S,2023,filing_compliance_rate,40.0,80.0,100.0,100.0,100.0,89.66,19.73,29,2025-05-13
BM-4E449F84,Healthcare,S,2023,payment_compliance_rate,0.0,76.79,100.0,100.0,100.0,83.11,30.06,29,2025-05-13
BM-7706C4ED,Healthcare,S,2024,profit_margin,1.0,10.5,13.24,15.03,18.7,11.58,5.44,31,2025-05-13
BM-24F0F600,Healthcare,S,2024,effective_tax_rate,1.23,19.91,22.1,24.08,27.33,18.68,8.52,31,2025-05-13
BM-BE69E6B1,Healthcare,S,2024,statutory_tax_rate,22.21,23.37,25.05,27.4,29.97,25.47,2.41,31,2025-05-13
BM-FF671E93,Healthcare,S,2024,tax_credit_impact,2.09,2.39,2.68,2.98,26.78,6.79,8.13,31,2025-05-13
BM-D04B3280,Healthcare,S,2024,input_output_ratio,0.67,0.7,0.71,0.74,1.0,0.74,0.08,31,2025-05-13
BM-06D0922A,Healthcare,S,2024,labour_cost_ratio,8.06,15.17,19.12,28.47,49.47,22.3,9.85,31,2025-05-13
BM-54E5D786,Healthcare,S,2024,revenue_per_employee,57117.0,94396.3,142099.0,160163.65,354848.33,135771.0,58331.79,31,2025-05-13
BM-E8F0D963,Healthcare,S,2024,credit_utilisation_ratio,8.8,9.76,10.38,10.64,12.4,10.33,0.92,31,2025-05-13
BM-2FA687A8,Healthcare,S,2024,vat_income_consistency,0.0,0.0,0.0,0.0,10.49,0.68,2.17,31,2025-05-13
BM-FFCC6BC2,Healthcare,S,2024,tax_savings_ratio,163.33,224.48,265.83,322.6,1092.98,306.67,167.75,31,2025-05-13
BM-3B00A223,Healthcare,S,2024,book_tax_gap,50.89,55.86,63.67,67.89,77.82,62.47,7.02,31,2025-05-13
BM-BD4777DD,Healthcare,S,2024,filing_compliance_rate,20.0,100.0,100.0,100.0,100.0,90.32,20.57,31,2025-05-13
BM-AFF1666D,Healthcare,S,2024,payment_compliance_rate,0.0,82.87,99.6,100.0,100.0,85.41,26.07,31,2025-05-13
BM-92956884,Healthcare,S,All,profit_margin,1.0,10.94,13.26,16.3,22.4,12.25,5.73,89,2025-05-13
BM-34D84F42,Healthcare,S,All,effective_tax_rate,1.12,19.95,21.86,24.23,27.33,18.77,8.32,89,2025-05-13
BM-06C29F4B,Healthcare,S,All,statutory_tax_rate,22.21,23.31,25.05,27.46,29.97,25.48,2.43,89,2025-05-13
BM-EBE0F4E3,Healthcare,S,All,tax_credit_impact,1.9,2.36,2.67,3.0,26.85,6.7,7.97,89,2025-05-13
BM-F50CC9C0,Healthcare,S,All,input_output_ratio,0.67,0.7,0.71,0.75,1.06,0.74,0.09,89,2025-05-13
BM-98D8EAD2,Healthcare,S,All,labour_cost_ratio,8.06,15.11,18.0,25.54,49.47,20.59,8.32,89,2025-05-13
BM-0CB13E9A,Healthcare,S,All,revenue_per_employee,57117.0,100929.33,140438.64,164913.0,354848.33,142875.64,57090.65,89,2025-05-13
BM-B2F29927,Healthcare,S,All,credit_utilisation_ratio,8.51,9.25,10.29,10.71,12.53,10.17,1.04,89,2025-05-13
BM-20120725,Healthcare,S,All,vat_income_consistency,0.0,0.0,0.0,0.0,26.77,1.22,3.71,89,2025-05-13
BM-4F9E9209,Healthcare,S,All,tax_savings_ratio,163.33,213.39,261.79,303.32,1092.98,282.96,115.67,89,2025-05-13
BM-CE1D6A6E,Healthcare,S,All,book_tax_gap,50.08,55.39,61.16,67.19,77.82,61.09,6.5,89,2025-05-13
BM-C0A061D3,Healthcare,S,All,filing_compliance_rate,20.0,100.0,100.0,100.0,100.0,89.89,19.8,89,2025-05-13
BM-5AB8C8B0,Healthcare,S,All,payment_compliance_rate,0.0,78.42,99.6,100.0,100.0,84.42,26.49,89,2025-05-13
BM-098A9F48,Healthcare,M,2022,profit_margin,3.0,14.2,16.33,19.27,22.59,14.78,6.42,9,2025-05-13
BM-B19C1A3B,Healthcare,M,2022,effective_tax_rate,3.26,18.05,18.9,19.42,20.28,16.11,6.14,9,2025-05-13
BM-DAEBCCC7,Healthcare,M,2022,statutory_tax_rate,20.76,21.89,22.54,22.89,26.78,22.74,1.8,9,2025-05-13
BM-977384EF,Healthcare,M,2022,tax_credit_impact,2.76,3.21,3.42,3.76,18.98,6.63,6.6,9,2025-05-13
BM-45C7C54E,Healthcare,M,2022,input_output_ratio,0.63,0.64,0.66,0.68,0.74,0.66,0.04,9,2025-05-13
BM-85778000,Healthcare,M,2022,labour_cost_ratio,8.41,10.82,15.8,19.94,27.25,15.75,6.03,9,2025-05-13
BM-BD5ACD06,Healthcare,M,2022,revenue_per_employee,128795.66,187198.35,240537.34,258041.8,390387.71,232390.41,78917.49,9,2025-05-13
BM-BB9BB2E4,Healthcare,M,2022,credit_utilisation_ratio,12.6,14.19,15.58,15.7,16.56,15.04,1.23,9,2025-05-13
BM-6366F5C4,Healthcare,M,2022,vat_income_consistency,0.0,0.0,0.0,0.0,8.05,1.07,2.67,9,2025-05-13
BM-087FD003,Healthcare,M,2022,tax_savings_ratio,197.17,203.13,244.9,283.6,304.53,245.37,41.96,9,2025-05-13
BM-6F2F49CB,Healthcare,M,2022,book_tax_gap,51.52,52.0,57.61,63.17,68.78,58.64,6.24,9,2025-05-13
BM-5325FCD0,Healthcare,M,2022,filing_compliance_rate,60.0,100.0,100.0,100.0,100.0,91.11,17.64,9,2025-05-13
BM-71BBD79B,Healthcare,M,2022,payment_compliance_rate,55.95,81.18,99.05,100.0,100.0,86.7,17.57,9,2025-05-13
BM-871DEBA3,Healthcare,M,2023,profit_margin,3.0,10.88,14.05,18.01,22.87,13.77,7.1,9,2025-05-13
BM-763AA7CC,Healthcare,M,2023,effective_tax_rate,3.96,18.4,19.04,19.46,20.33,15.97,6.59,9,2025-05-13
BM-27FEEDCA,Healthcare,M,2023,statutory_tax_rate,20.76,21.89,22.54,22.89,26.78,22.74,1.8,9,2025-05-13
BM-D3137EEA,Healthcare,M,2023,tax_credit_impact,2.75,3.0,3.17,3.72,21.94,6.77,7.27,9,2025-05-13
BM-6B9F4597,Healthcare,M,2023,input_output_ratio,0.62,0.65,0.65,0.67,0.71,0.66,0.03,9,2025-05-13
BM-9EA3F159,Healthcare,M,2023,labour_cost_ratio,8.04,10.74,12.77,16.68,22.02,14.43,5.02,9,2025-05-13
BM-228B0811,Healthcare,M,2023,revenue_per_employee,170625.86,195640.2,212018.41,355930.48,379160.75,256976.08,85980.28,9,2025-05-13
BM-040DB9A7,Healthcare,M,2023,credit_utilisation_ratio,12.99,13.09,14.01,16.15,17.19,14.68,1.61,9,2025-05-13
BM-669D10BE,Healthcare,M,2023,vat_income_consistency,0.0,0.0,0.0,0.0,5.29,1.03,2.07,9,2025-05-13
BM-A3EB5943,Healthcare,M,2023,tax_savings_ratio,185.3,229.37,272.4,315.03,437.76,282.18,79.08,9,2025-05-13
BM-5D72E232,Healthcare,M,2023,book_tax_gap,50.04,53.33,66.01,68.25,69.86,61.19,8.56,9,2025-05-13
BM-8A20E3CF,Healthcare,M,2023,filing_compliance_rate,80.0,100.0,100.0,100.0,100.0,95.56,8.82,9,2025-05-13
BM-49462064,Healthcare,M,2023,payment_compliance_rate,78.94,84.59,100.0,100.0,100.0,94.03,9.07,9,2025-05-13
BM-230AFCC1,Healthcare,M,2024,profit_margin,6.41,14.96,15.48,16.85,17.65,14.68,3.49,9,2025-05-13
BM-CA88C3E0,Healthcare,M,2024,effective_tax_rate,5.93,18.34,19.03,19.31,20.92,17.38,4.52,9,2025-05-13
BM-332BCF79,Healthcare,M,2024,statutory_tax_rate,20.76,21.89,22.54,22.89,26.78,22.74,1.8,9,2025-05-13
BM-CFCAEB4C,Healthcare,M,2024,tax_credit_impact,2.82,3.13,3.25,3.47,14.83,5.35,4.43,9,2025-05-13
BM-DB4C1146,Healthcare,M,2024,input_output_ratio,0.62,0.64,0.65,0.67,0.76,0.66,0.04,9,2025-05-13
BM-95BBA412,Healthcare,M,2024,labour_cost_ratio,9.44,14.22,16.94,19.63,24.84,17.09,5.15,9,2025-05-13
BM-A7468BEE,Healthcare,M,2024,revenue_per_employee,152562.14,181613.43,196638.14,217157.0,403120.33,217152.34,74189.32,9,2025-05-13
BM-4DC93A53,Healthcare,M,2024,credit_utilisation_ratio,13.02,13.34,14.33,15.86,16.1,14.57,1.21,9,2025-05-13
BM-401F91C9,Healthcare,M,2024,vat_income_consistency,0.0,0.0,0.0,0.0,3.84,0.52,1.27,9,2025-05-13
BM-E2BB00EC,Healthcare,M,2024,tax_savings_ratio,197.52,246.05,264.12,306.81,349.05,269.53,46.84,9,2025-05-13
BM-4C1CF250,Healthcare,M,2024,book_tax_gap,54.55,57.05,63.15,64.47,68.47,61.76,5.11,9,2025-05-13
BM-595DB0B9,Healthcare,M,2024,filing_compliance_rate,60.0,100.0,100.0,100.0,100.0,93.33,14.14,9,2025-05-13
BM-84F01B09,Healthcare,M,2024,payment_compliance_rate,56.91,98.64,99.68,100.0,100.0,92.66,14.95,9,2025-05-13
BM-5D27AD49,Healthcare,M,All,profit_margin,3.0,13.16,15.48,17.54,22.87,14.41,5.67,27,2025-05-13
BM-DBEB4E8C,Healthcare,M,All,effective_tax_rate,3.26,18.2,19.03,19.44,20.92,16.49,5.63,27,2025-05-13
BM-6CBB8C7D,Healthcare,M,All,statutory_tax_rate,20.76,21.89,22.54,22.89,26.78,22.74,1.73,27,2025-05-13
BM-A95D0198,Healthcare,M,All,tax_credit_impact,2.75,3.12,3.25,3.74,21.94,6.25,6.01,27,2025-05-13
BM-CDF65F00,Healthcare,M,All,input_output_ratio,0.62,0.64,0.65,0.67,0.76,0.66,0.04,27,2025-05-13
BM-22F4C6E2,Healthcare,M,All,labour_cost_ratio,8.04,11.28,15.8,19.78,27.25,15.76,5.32,27,2025-05-13
BM-A72ECDCC,Healthcare,M,All,revenue_per_employee,128795.66,183530.64,212018.41,255167.42,403120.33,235506.28,78511.35,27,2025-05-13
BM-31248AD1,Healthcare,M,All,credit_utilisation_ratio,12.6,13.65,14.71,15.9,17.19,14.76,1.32,27,2025-05-13
BM-265216F7,Healthcare,M,All,vat_income_consistency,0.0,0.0,0.0,0.0,8.05,0.87,2.02,27,2025-05-13
BM-76810540,Healthcare,M,All,tax_savings_ratio,185.3,226.14,257.57,299.24,437.76,265.69,58.16,27,2025-05-13
BM-9A68E1B1,Healthcare,M,All,book_tax_gap,50.04,54.16,60.36,67.0,69.86,60.53,6.67,27,2025-05-13
BM-515C8EEA,Healthcare,M,All,filing_compliance_rate,60.0,100.0,100.0,100.0,100.0,93.33,13.59,27,2025-05-13
BM-89905165,Healthcare,M,All,payment_compliance_rate,55.95,82.44,100.0,100.0,100.0,91.13,14.13,27,2025-05-13
BM-BBB141D5,Healthcare,L,2022,profit_margin,6.82,11.42,17.92,19.1,22.75,15.5,5.7,7,2025-05-13
BM-61F88D21,Healthcare,L,2022,effective_tax_rate,6.11,12.45,19.2,20.79,22.25,16.29,6.37,7,2025-05-13
BM-021AF1DF,Healthcare,L,2022,statutory_tax_rate,20.24,24.64,25.46,26.39,27.64,25.06,2.43,7,2025-05-13
BM-5AAE57D9,Healthcare,L,2022,tax_credit_impact,4.19,4.59,4.78,11.17,20.86,8.76,7.03,7,2025-05-13
BM-EC955F74,Healthcare,L,2022,input_output_ratio,0.55,0.57,0.59,0.64,0.7,0.61,0.06,7,2025-05-13
BM-A091F46C,Healthcare,L,2022,labour_cost_ratio,8.3,9.37,11.18,12.71,14.71,11.19,2.46,7,2025-05-13
BM-29EBD16B,Healthcare,L,2022,revenue_per_employee,309777.15,353878.25,406698.27,445911.11,557312.9,410481.01,82749.38,7,2025-05-13
BM-0C41BBEF,Healthcare,L,2022,credit_utilisation_ratio,17.58,19.03,19.92,20.82,21.53,19.82,1.39,7,2025-05-13
BM-544863FF,Healthcare,L,2022,vat_income_consistency,0.0,0.0,0.0,1.63,5.35,1.23,2.19,7,2025-05-13
BM-EE8DBAE8,Healthcare,L,2022,tax_savings_ratio,190.19,272.96,280.03,330.21,353.78,290.05,54.8,7,2025-05-13
BM-7369BB55,Healthcare,L,2022,book_tax_gap,52.26,54.73,57.35,61.9,69.84,58.96,6.16,7,2025-05-13
BM-9514958C,Healthcare,L,2022,filing_compliance_rate,60.0,80.0,100.0,100.0,100.0,88.57,19.52,7,2025-05-13
BM-496B1F9A,Healthcare,L,2022,payment_compliance_rate,68.98,77.98,97.34,100.0,100.0,88.9,13.39,7,2025-05-13
BM-22C9B6A7,Healthcare,L,2023,profit_margin,4.27,13.18,17.93,19.18,22.3,15.6,6.02,7,2025-05-13
BM-1F710D72,Healthcare,L,2023,effective_tax_rate,4.25,14.15,19.04,20.71,22.9,16.56,6.56,7,2025-05-13
BM-9E7F04B1,Healthcare,L,2023,statutory_tax_rate,20.24,24.64,25.46,26.39,27.64,25.06,2.43,7,2025-05-13
BM-5DD8F032,Healthcare,L,2023,tax_credit_impact,3.43,4.65,4.77,9.63,22.72,8.5,7.28,7,2025-05-13
BM-78294D66,Healthcare,L,2023,input_output_ratio,0.57,0.58,0.6,0.63,0.67,0.61,0.04,7,2025-05-13
BM-D46D1024,Healthcare,L,2023,labour_cost_ratio,11.3,12.43,12.95,13.08,16.24,13.07,1.53,7,2025-05-13
BM-66736051,Healthcare,L,2023,revenue_per_employee,304282.84,335211.69,378268.8,384630.22,429460.47,364527.99,41973.81,7,2025-05-13
BM-6D9FCFD2,Healthcare,L,2023,credit_utilisation_ratio,16.97,17.58,18.75,22.15,23.92,19.87,2.95,7,2025-05-13
BM-AB0C9CDB,Healthcare,L,2023,vat_income_consistency,0.0,0.0,0.0,2.29,4.63,1.32,2.25,7,2025-05-13
BM-194E67CC,Healthcare,L,2023,tax_savings_ratio,187.86,267.42,306.12,338.82,426.27,304.68,78.61,7,2025-05-13
BM-88BF4085,Healthcare,L,2023,book_tax_gap,54.15,56.24,57.74,61.39,69.23,59.48,5.43,7,2025-05-13
BM-0BFB94C4,Healthcare,L,2023,filing_compliance_rate,20.0,100.0,100.0,100.0,100.0,88.57,30.24,7,2025-05-13
BM-5E517416,Healthcare,L,2023,payment_compliance_rate,45.72,83.67,100.0,100.0,100.0,87.58,20.0,7,2025-05-13
BM-0461F124,Healthcare,L,2024,profit_margin,3.0,8.31,13.96,16.54,17.69,12.05,6.35,7,2025-05-13
BM-E4623888,Healthcare,L,2024,effective_tax_rate,4.24,10.44,19.58,20.77,21.76,15.43,7.79,7,2025-05-13
BM-6D8B42BA,Healthcare,L,2024,statutory_tax_rate,20.24,24.64,25.46,26.39,27.64,25.06,2.43,7,2025-05-13
BM-FE1721A4,Healthcare,L,2024,tax_credit_impact,3.68,4.41,4.8,13.72,22.64,9.63,8.55,7,2025-05-13
BM-91D6ED0A,Healthcare,L,2024,input_output_ratio,0.58,0.59,0.59,0.61,0.7,0.61,0.04,7,2025-05-13
BM-C38AAC6D,Healthcare,L,2024,labour_cost_ratio,8.29,9.36,10.97,14.07,19.56,12.24,3.99,7,2025-05-13
BM-9340F395,Healthcare,L,2024,revenue_per_employee,241082.14,285333.35,368069.22,430644.82,491381.17,361784.12,97785.22,7,2025-05-13
BM-21E0DAAF,Healthcare,L,2024,credit_utilisation_ratio,17.34,18.26,18.98,21.25,23.28,19.8,2.15,7,2025-05-13
BM-BFD053E6,Healthcare,L,2024,vat_income_consistency,0.0,0.0,0.0,1.11,2.37,0.66,1.12,7,2025-05-13
BM-0C8459A5,Healthcare,L,2024,tax_savings_ratio,220.56,345.85,354.69,382.38,428.75,351.49,65.91,7,2025-05-13
BM-AF9E53D5,Healthcare,L,2024,book_tax_gap,64.31,66.94,67.69,68.4,72.41,67.87,2.44,7,2025-05-13
BM-EC227A21,Healthcare,L,2024,filing_compliance_rate,80.0,80.0,100.0,100.0,100.0,91.43,10.69,7,2025-05-13
BM-5C289EDA,Healthcare,L,2024,payment_compliance_rate,46.45,76.47,100.0,100.0,100.0,85.63,20.87,7,2025-05-13
BM-228B68F5,Healthcare,L,All,profit_margin,3.0,12.21,16.2,18.49,22.75,14.39,5.97,21,2025-05-13
BM-6B2EDE41,Healthcare,L,All,effective_tax_rate,4.24,11.49,19.2,20.74,22.9,16.09,6.6,21,2025-05-13
BM-B95938BD,Healthcare,L,All,statutory_tax_rate,20.24,23.98,25.46,26.97,27.64,25.06,2.31,21,2025-05-13
BM-E8FA29F3,Healthcare,L,All,tax_credit_impact,3.43,4.45,4.78,14.32,22.72,8.96,7.27,21,2025-05-13
BM-AB59BD19,Healthcare,L,All,input_output_ratio,0.55,0.58,0.59,0.63,0.7,0.61,0.04,21,2025-05-13
BM-8EC12AB9,Healthcare,L,All,labour_cost_ratio,8.29,9.99,12.42,13.17,19.56,12.17,2.81,21,2025-05-13
BM-96AB1819,Healthcare,L,All,revenue_per_employee,241082.14,335005.15,378268.8,429460.47,557312.9,378931.04,77299.84,21,2025-05-13
BM-51F15487,Healthcare,L,All,credit_utilisation_ratio,16.97,18.19,19.49,21.2,23.92,19.83,2.14,21,2025-05-13
BM-A7517083,Healthcare,L,All,vat_income_consistency,0.0,0.0,0.0,2.22,5.35,1.07,1.85,21,2025-05-13
BM-C3DCBB3F,Healthcare,L,All,tax_savings_ratio,187.86,273.25,324.26,354.69,428.75,315.41,69.13,21,2025-05-13
BM-11CBE502,Healthcare,L,All,book_tax_gap,52.26,56.8,63.87,67.69,72.41,62.1,6.29,21,2025-05-13
BM-05EA26D4,Healthcare,L,All,filing_compliance_rate,20.0,80.0,100.0,100.0,100.0,89.52,20.61,21,2025-05-13
BM-C7D0C2C6,Healthcare,L,All,payment_compliance_rate,45.72,78.27,100.0,100.0,100.0,87.37,17.5,21,2025-05-13
BM-D315A164,Healthcare,All,2022,profit_margin,1.0,11.42,13.96,17.92,22.75,13.63,5.9,45,2025-05-13
BM-9B133637,Healthcare,All,2022,effective_tax_rate,1.12,16.05,20.39,22.76,27.23,18.06,7.47,45,2025-05-13
BM-AB2F8DEA,Healthcare,All,2022,statutory_tax_rate,20.24,22.63,24.82,26.89,29.97,24.87,2.55,45,2025-05-13
BM-C8F41E1F,Healthcare,All,2022,tax_credit_impact,2.01,2.47,2.98,5.39,26.85,6.81,7.33,45,2025-05-13
BM-78A6B8F7,Healthcare,All,2022,input_output_ratio,0.55,0.67,0.7,0.72,1.04,0.7,0.09,45,2025-05-13
BM-ADB74870,Healthcare,All,2022,labour_cost_ratio,8.3,10.98,16.26,21.81,36.23,17.2,7.59,45,2025-05-13
BM-EC3419BC,Healthcare,All,2022,revenue_per_employee,64863.5,128031.18,187198.35,258041.8,557312.9,210528.17,115677.59,45,2025-05-13
BM-AE6A4FC7,Healthcare,All,2022,credit_utilisation_ratio,8.57,9.33,10.71,15.58,21.53,12.56,3.9,45,2025-05-13
BM-3ED1226C,Healthcare,All,2022,vat_income_consistency,0.0,0.0,0.0,0.0,8.05,1.15,2.41,45,2025-05-13
BM-D91DBE0B,Healthcare,All,2022,tax_savings_ratio,190.19,220.54,268.16,300.14,551.94,268.83,63.79,45,2025-05-13
BM-339263A8,Healthcare,All,2022,book_tax_gap,50.48,54.12,58.63,64.17,69.84,59.45,5.86,45,2025-05-13
BM-CA60C839,Healthcare,All,2022,filing_compliance_rate,40.0,100.0,100.0,100.0,100.0,89.78,18.89,45,2025-05-13
BM-470D07C4,Healthcare,All,2022,payment_compliance_rate,0.0,78.27,99.05,100.0,100.0,85.74,21.13,45,2025-05-13
BM-86CD6352,Healthcare,All,2023,profit_margin,1.0,10.88,14.05,17.93,22.87,13.18,6.23,45,2025-05-13
BM-C5148C1A,Healthcare,All,2023,effective_tax_rate,1.39,16.81,20.36,22.9,26.97,17.73,7.9,45,2025-05-13
BM-F531AA97,Healthcare,All,2023,statutory_tax_rate,20.24,22.63,24.82,26.89,29.97,24.87,2.55,45,2025-05-13
BM-1389ECC6,Healthcare,All,2023,tax_credit_impact,1.9,2.49,3.0,4.94,26.8,7.14,7.79,45,2025-05-13
BM-6211682B,Healthcare,All,2023,input_output_ratio,0.57,0.66,0.7,0.73,1.06,0.71,0.09,45,2025-05-13
BM-AFECAA51,Healthcare,All,2023,labour_cost_ratio,8.04,12.67,16.68,21.25,33.67,17.97,6.46,45,2025-05-13
BM-AC3CE8D1,Healthcare,All,2023,revenue_per_employee,69251.1,122994.8,164913.0,231151.15,429460.47,196947.21,101352.03,45,2025-05-13
BM-37D150F0,Healthcare,All,2023,credit_utilisation_ratio,8.51,9.71,10.9,14.01,23.92,12.55,3.96,45,2025-05-13
BM-11F08ECD,Healthcare,All,2023,vat_income_consistency,0.0,0.0,0.0,0.0,26.77,1.61,4.65,45,2025-05-13
BM-05FC5ACB,Healthcare,All,2023,tax_savings_ratio,185.3,210.66,267.73,308.62,535.53,277.56,77.16,45,2025-05-13
BM-38C8B406,Healthcare,All,2023,book_tax_gap,50.04,54.74,60.4,67.62,72.37,60.72,6.64,45,2025-05-13
BM-E98C819A,Healthcare,All,2023,filing_compliance_rate,20.0,100.0,100.0,100.0,100.0,90.67,19.82,45,2025-05-13
BM-D43C4191,Healthcare,All,2023,payment_compliance_rate,0.0,82.71,100.0,100.0,100.0,85.99,25.76,45,2025-05-13
BM-EDC56D59,Healthcare,All,2024,profit_margin,1.0,11.1,13.53,16.01,18.7,12.25,5.31,47,2025-05-13
BM-E14EC9C2,Healthcare,All,2024,effective_tax_rate,1.23,17.45,20.44,23.0,27.33,17.95,7.76,47,2025-05-13
BM-8B10DA25,Healthcare,All,2024,statutory_tax_rate,20.24,22.7,24.82,26.83,29.97,24.88,2.5,47,2025-05-13
BM-F33ED01A,Healthcare,All,2024,tax_credit_impact,2.09,2.6,2.92,5.34,26.78,6.94,7.59,47,2025-05-13
BM-1FDC2262,Healthcare,All,2024,input_output_ratio,0.58,0.66,0.7,0.72,1.0,0.7,0.09,47,2025-05-13
BM-CC1581C2,Healthcare,All,2024,labour_cost_ratio,8.06,14.19,16.94,24.01,49.47,19.81,9.18,47,2025-05-13
BM-A0F2EA0F,Healthcare,All,2024,revenue_per_employee,57117.0,115125.0,159729.36,208811.4,491381.17,185016.19,104951.62,47,2025-05-13
BM-436D6000,Healthcare,All,2024,credit_utilisation_ratio,8.8,10.05,10.64,14.27,23.28,12.55,3.68,47,2025-05-13
BM-0FE5B575,Healthcare,All,2024,vat_income_consistency,0.0,0.0,0.0,0.0,10.49,0.64,1.88,47,2025-05-13
BM-F08D2A9F,Healthcare,All,2024,tax_savings_ratio,163.33,235.53,270.92,342.21,1092.98,306.23,140.99,47,2025-05-13
BM-EC79A49A,Healthcare,All,2024,book_tax_gap,50.89,56.72,64.31,68.0,77.82,63.14,6.45,47,2025-05-13
BM-AE6F3D8A,Healthcare,All,2024,filing_compliance_rate,20.0,90.0,100.0,100.0,100.0,91.06,18.09,47,2025-05-13
BM-68CA118D,Healthcare,All,2024,payment_compliance_rate,0.0,82.74,99.68,100.0,100.0,86.83,23.39,47,2025-05-13
BM-7D34C6A7,Healthcare,All,All,profit_margin,1.0,11.02,13.96,17.06,22.87,13.01,5.8,137,2025-05-13
BM-23B70B43,Healthcare,All,All,effective_tax_rate,1.12,16.56,20.39,22.9,27.33,17.91,7.66,137,2025-05-13
BM-EC7DD0A5,Healthcare,All,All,statutory_tax_rate,20.24,22.63,24.82,26.89,29.97,24.87,2.52,137,2025-05-13
BM-73039DB7,Healthcare,All,All,tax_credit_impact,1.9,2.49,2.98,5.39,26.85,6.96,7.52,137,2025-05-13
BM-CAFFA196,Healthcare,All,All,input_output_ratio,0.55,0.67,0.7,0.73,1.06,0.71,0.09,137,2025-05-13
BM-6937DB81,Healthcare,All,All,labour_cost_ratio,8.04,12.44,16.68,22.49,49.47,18.35,7.87,137,2025-05-13
BM-6F364641,Healthcare,All,All,revenue_per_employee,57117.0,122994.8,162654.94,240537.34,557312.9,197314.99,107183.54,137,2025-05-13
BM-714E948A,Healthcare,All,All,credit_utilisation_ratio,8.51,9.83,10.72,14.71,23.92,12.56,3.82,137,2025-05-13
BM-6C89FA9E,Healthcare,All,All,vat_income_consistency,0.0,0.0,0.0,0.0,26.77,1.13,3.2,137,2025-05-13
BM-7DB4BDDC,Healthcare,All,All,tax_savings_ratio,163.33,220.56,268.16,315.03,1092.98,284.53,101.12,137,2025-05-13
BM-0DD8E7AF,Healthcare,All,All,book_tax_gap,50.04,55.39,61.16,67.2,77.82,61.13,6.47,137,2025-05-13
BM-88549E87,Healthcare,All,All,filing_compliance_rate,20.0,100.0,100.0,100.0,100.0,90.51,18.8,137,2025-05-13
BM-4A3C441A,Healthcare,All,All,payment_compliance_rate,0.0,81.18,99.74,100.0,100.0,86.19,23.34,137,2025-05-13
BM-9A8BDCA2,Energy,S,2022,profit_margin,3.0,8.32,10.19,11.67,13.19,9.64,2.86,21,2025-05-13
BM-B958260F,Energy,S,2022,effective_tax_rate,7.7,20.37,22.39,23.97,26.24,21.22,4.85,21,2025-05-13
BM-187A5D11,Energy,S,2022,statutory_tax_rate,22.01,23.63,25.9,27.6,29.36,25.73,2.34,21,2025-05-13
BM-7C0AAFBB,Energy,S,2022,tax_credit_impact,2.27,2.59,2.76,3.23,21.38,4.51,5.38,21,2025-05-13
BM-0A8BCDE5,Energy,S,2022,input_output_ratio,0.9,0.93,0.94,0.95,1.05,0.94,0.03,21,2025-05-13
BM-7E8B3122,Energy,S,2022,labour_cost_ratio,12.69,14.74,19.78,22.43,25.0,18.8,4.16,21,2025-05-13
BM-E7EDCA78,Energy,S,2022,revenue_per_employee,108578.0,137455.0,159874.0,206956.67,243442.0,166915.55,41478.83,21,2025-05-13
BM-D79711A7,Energy,S,2022,credit_utilisation_ratio,10.05,10.53,11.28,11.66,13.52,11.24,0.95,21,2025-05-13
BM-0E96BAC0,Energy,S,2022,vat_income_consistency,0.0,0.0,0.0,0.0,2.73,0.15,0.6,21,2025-05-13
BM-87C2238C,Energy,S,2022,tax_savings_ratio,143.32,178.29,201.82,218.99,329.84,210.2,53.42,21,2025-05-13
BM-B7B6C982,Energy,S,2022,book_tax_gap,43.03,45.37,48.63,53.44,58.69,49.61,4.77,21,2025-05-13
BM-67FA3B6F,Energy,S,2022,filing_compliance_rate,40.0,100.0,100.0,100.0,100.0,96.19,13.59,21,2025-05-13
BM-8E1AD8D5,Energy,S,2022,payment_compliance_rate,0.0,96.89,100.0,100.0,100.0,88.85,29.74,21,2025-05-13
BM-947EEAA5,Energy,S,2023,profit_margin,3.0,7.32,8.71,10.61,12.59,8.55,2.55,21,2025-05-13
BM-3D8D6439,Energy,S,2023,effective_tax_rate,7.48,20.16,22.38,23.66,26.21,21.14,4.85,21,2025-05-13
BM-0B861F9C,Energy,S,2023,statutory_tax_rate,22.01,23.63,25.9,27.6,29.36,25.73,2.34,21,2025-05-13
BM-78AFEFF9,Energy,S,2023,tax_credit_impact,2.28,2.59,2.99,3.32,21.37,4.59,5.39,21,2025-05-13
BM-EA279862,Energy,S,2023,input_output_ratio,0.91,0.92,0.95,0.96,1.08,0.95,0.05,21,2025-05-13
BM-18803298,Energy,S,2023,labour_cost_ratio,10.46,14.9,17.62,21.49,25.0,18.02,4.85,21,2025-05-13
BM-8C3195F6,Energy,S,2023,revenue_per_employee,88396.17,130908.2,185645.75,212443.5,296216.67,175350.32,57156.85,21,2025-05-13
BM-92F6ADD8,Energy,S,2023,credit_utilisation_ratio,9.83,10.7,11.54,12.27,12.56,11.41,0.94,21,2025-05-13
BM-943FFF34,Energy,S,2023,vat_income_consistency,0.0,0.0,0.0,0.0,4.98,0.31,1.13,21,2025-05-13
BM-708CC7FD,Energy,S,2023,tax_savings_ratio,158.27,190.31,216.34,236.26,307.54,218.69,40.4,21,2025-05-13
BM-7DB99055,Energy,S,2023,book_tax_gap,41.63,47.42,55.46,57.19,59.99,52.63,6.56,21,2025-05-13
BM-8F5405AB,Energy,S,2023,filing_compliance_rate,80.0,100.0,100.0,100.0,100.0,98.1,6.02,21,2025-05-13
BM-AC93A9D7,Energy,S,2023,payment_compliance_rate,0.0,93.42,100.0,100.0,100.0,84.84,30.79,21,2025-05-13
BM-939E2C18,Energy,S,2024,profit_margin,3.0,8.65,9.65,11.08,13.42,9.43,2.66,21,2025-05-13
BM-33BC577E,Energy,S,2024,effective_tax_rate,7.29,19.82,22.13,24.28,26.1,21.35,4.48,21,2025-05-13
BM-93440C07,Energy,S,2024,statutory_tax_rate,22.01,23.63,25.9,27.6,29.36,25.73,2.34,21,2025-05-13
BM-95EA5C16,Energy,S,2024,tax_credit_impact,2.54,2.67,2.85,3.03,21.96,4.39,4.94,21,2025-05-13
BM-6D84F96E,Energy,S,2024,input_output_ratio,0.89,0.92,0.93,0.95,1.05,0.94,0.04,21,2025-05-13
BM-B7B57340,Energy,S,2024,labour_cost_ratio,12.14,13.19,18.38,23.37,25.0,18.39,4.9,21,2025-05-13
BM-1F822FF7,Energy,S,2024,revenue_per_employee,91545.0,133161.0,167681.5,216619.0,249893.0,171498.68,51217.99,21,2025-05-13
BM-F61EAD76,Energy,S,2024,credit_utilisation_ratio,9.82,10.81,11.22,12.04,13.5,11.45,0.98,21,2025-05-13
BM-6FB1036C,Energy,S,2024,vat_income_consistency,0.0,0.0,0.0,0.0,5.57,0.42,1.37,21,2025-05-13
BM-25E60D08,Energy,S,2024,tax_savings_ratio,153.14,180.79,204.47,217.75,289.36,204.36,32.47,21,2025-05-13
BM-1EB42FC6,Energy,S,2024,book_tax_gap,40.32,44.55,52.86,56.04,61.99,50.92,6.52,21,2025-05-13
BM-B6064FB6,Energy,S,2024,filing_compliance_rate,80.0,100.0,100.0,100.0,100.0,97.14,7.17,21,2025-05-13
BM-F0BEA82C,Energy,S,2024,payment_compliance_rate,1.16,99.77,100.0,100.0,100.0,94.61,21.55,21,2025-05-13
BM-4167F757,Energy,S,All,profit_margin,3.0,8.12,9.39,10.9,13.42,9.2,2.69,63,2025-05-13
BM-009173B9,Energy,S,All,effective_tax_rate,7.29,20.24,22.37,24.01,26.24,21.24,4.65,63,2025-05-13
BM-2625E18F,Energy,S,All,statutory_tax_rate,22.01,23.63,25.9,27.6,29.36,25.73,2.3,63,2025-05-13
BM-7642327A,Energy,S,All,tax_credit_impact,2.27,2.62,2.85,3.24,21.96,4.5,5.15,63,2025-05-13
BM-53CFC344,Energy,S,All,input_output_ratio,0.89,0.92,0.94,0.95,1.08,0.95,0.04,63,2025-05-13
BM-F0968669,Energy,S,All,labour_cost_ratio,10.46,14.62,18.38,22.69,25.0,18.41,4.58,63,2025-05-13
BM-2B7213D8,Energy,S,All,revenue_per_employee,88396.17,131935.1,164686.0,210215.78,296216.67,171254.85,49670.29,63,2025-05-13
BM-EA1C8C3C,Energy,S,All,credit_utilisation_ratio,9.82,10.62,11.29,12.18,13.52,11.36,0.95,63,2025-05-13
BM-F9B640B6,Energy,S,All,vat_income_consistency,0.0,0.0,0.0,0.0,5.57,0.3,1.07,63,2025-05-13
BM-C44B25CF,Energy,S,All,tax_savings_ratio,143.32,180.99,206.85,227.98,329.84,211.08,42.69,63,2025-05-13
BM-508FBEF6,Energy,S,All,book_tax_gap,40.32,45.36,51.69,56.5,61.99,51.05,6.04,63,2025-05-13
BM-FA26D5FF,Energy,S,All,filing_compliance_rate,40.0,100.0,100.0,100.0,100.0,97.14,9.41,63,2025-05-13
BM-A35D4186,Energy,S,All,payment_compliance_rate,0.0,96.39,100.0,100.0,100.0,89.44,27.52,63,2025-05-13
BM-830079D5,Energy,M,2022,profit_margin,1.0,9.03,12.61,13.67,16.22,10.82,4.45,18,2025-05-13
BM-296B9F2D,Energy,M,2022,effective_tax_rate,1.41,17.17,19.6,20.77,23.03,17.08,6.66,18,2025-05-13
BM-19A68A4D,Energy,M,2022,statutory_tax_rate,20.07,21.46,24.5,25.74,27.67,23.92,2.56,18,2025-05-13
BM-D13D7860,Energy,M,2022,tax_credit_impact,3.19,3.82,4.17,4.64,24.67,6.84,6.54,18,2025-05-13
BM-E1E88981,Energy,M,2022,input_output_ratio,0.84,0.87,0.88,0.9,1.21,0.9,0.08,18,2025-05-13
BM-D7707F36,Energy,M,2022,labour_cost_ratio,6.26,10.76,12.54,17.11,22.0,13.46,4.1,18,2025-05-13
BM-0A9C7E08,Energy,M,2022,revenue_per_employee,152106.0,245418.88,316744.74,341684.55,668868.14,312176.02,112267.25,18,2025-05-13
BM-6DC81839,Energy,M,2022,credit_utilisation_ratio,15.34,16.53,17.37,18.43,21.14,17.47,1.56,18,2025-05-13
BM-DFBCD5D9,Energy,M,2022,vat_income_consistency,0.0,0.0,0.0,0.0,16.05,1.45,4.01,18,2025-05-13
BM-09EFEB98,Energy,M,2022,tax_savings_ratio,170.52,193.82,204.73,223.84,418.41,220.41,58.14,18,2025-05-13
BM-F15E693A,Energy,M,2022,book_tax_gap,40.2,46.43,50.52,56.35,66.42,51.05,6.86,18,2025-05-13
BM-0372446B,Energy,M,2022,filing_compliance_rate,60.0,100.0,100.0,100.0,100.0,95.56,12.94,18,2025-05-13
BM-C5541EA0,Energy,M,2022,payment_compliance_rate,0.0,86.42,99.91,100.0,100.0,89.01,24.12,18,2025-05-13
BM-11032C71,Energy,M,2023,profit_margin,1.0,10.84,12.07,12.86,17.16,11.15,4.33,19,2025-05-13
BM-D9C03281,Energy,M,2023,effective_tax_rate,1.37,17.17,20.25,20.75,22.84,17.25,6.64,19,2025-05-13
BM-DBD79466,Energy,M,2023,statutory_tax_rate,20.07,21.86,24.44,25.62,27.67,23.95,2.49,19,2025-05-13
BM-077DCF2A,Energy,M,2023,tax_credit_impact,3.08,3.74,4.19,4.66,24.71,6.7,6.57,19,2025-05-13
BM-B99AFE67,Energy,M,2023,input_output_ratio,0.83,0.86,0.87,0.89,1.3,0.9,0.1,19,2025-05-13
BM-3704AA92,Energy,M,2023,labour_cost_ratio,6.57,9.77,11.9,13.98,22.0,12.46,4.12,19,2025-05-13
BM-880B7552,Energy,M,2023,revenue_per_employee,144426.0,263129.07,324778.0,355631.01,517301.27,326989.97,99135.85,19,2025-05-13
BM-85B6937A,Energy,M,2023,credit_utilisation_ratio,14.7,15.96,17.16,18.44,21.69,17.26,1.83,19,2025-05-13
BM-7EADC91F,Energy,M,2023,vat_income_consistency,0.0,0.0,0.0,0.0,19.17,1.74,4.76,19,2025-05-13
BM-B9D8CA24,Energy,M,2023,tax_savings_ratio,158.84,169.44,212.41,223.98,446.78,211.6,63.92,19,2025-05-13
BM-8D2ADCBF,Energy,M,2023,book_tax_gap,40.36,45.61,50.47,56.07,60.55,50.26,6.53,19,2025-05-13
BM-2903DDC7,Energy,M,2023,filing_compliance_rate,20.0,100.0,100.0,100.0,100.0,94.74,18.67,19,2025-05-13
BM-42D6F1F9,Energy,M,2023,payment_compliance_rate,0.0,84.53,100.0,100.0,100.0,81.15,33.17,19,2025-05-13
BM-88FB759A,Energy,M,2024,profit_margin,1.0,10.14,11.75,13.25,15.17,10.9,3.9,20,2025-05-13
BM-ABA803D0,Energy,M,2024,effective_tax_rate,1.17,17.1,19.86,20.52,23.53,17.44,6.31,20,2025-05-13
BM-B6132CA0,Energy,M,2024,statutory_tax_rate,20.07,22.26,24.42,25.5,27.67,23.96,2.42,20,2025-05-13
BM-57017F96,Energy,M,2024,tax_credit_impact,3.1,3.79,4.11,4.57,24.91,6.52,6.24,20,2025-05-13
BM-BAC8F570,Energy,M,2024,input_output_ratio,0.84,0.86,0.87,0.88,1.27,0.9,0.1,20,2025-05-13
BM-31E06C23,Energy,M,2024,labour_cost_ratio,9.38,12.34,14.05,15.87,22.0,14.38,3.41,20,2025-05-13
BM-33C21F56,Energy,M,2024,revenue_per_employee,155082.0,233172.83,278226.13,327590.91,400998.65,278791.6,69578.31,20,2025-05-13
BM-9E864D84,Energy,M,2024,credit_utilisation_ratio,14.83,16.32,17.85,18.27,20.34,17.36,1.63,20,2025-05-13
BM-67A38734,Energy,M,2024,vat_income_consistency,0.0,0.0,0.0,0.0,3.57,0.47,1.18,20,2025-05-13
BM-F2A0D9E7,Energy,M,2024,tax_savings_ratio,161.01,176.72,212.52,227.05,496.83,219.16,72.97,20,2025-05-13
BM-8ED7FD93,Energy,M,2024,book_tax_gap,41.33,45.08,48.68,55.68,59.84,49.99,6.02,20,2025-05-13
BM-0AE9FCDF,Energy,M,2024,filing_compliance_rate,20.0,80.0,100.0,100.0,100.0,89.0,21.98,20,2025-05-13
BM-B877779C,Energy,M,2024,payment_compliance_rate,0.0,96.84,100.0,100.0,100.0,89.04,26.4,20,2025-05-13
BM-27606711,Energy,M,All,profit_margin,1.0,10.07,12.16,13.27,17.16,10.96,4.15,57,2025-05-13
BM-6EFC772A,Energy,M,All,effective_tax_rate,1.17,17.08,19.92,20.7,23.53,17.26,6.42,57,2025-05-13
BM-86F0FC14,Energy,M,All,statutory_tax_rate,20.07,21.07,24.44,25.86,27.67,23.95,2.44,57,2025-05-13
BM-7E13FDAD,Energy,M,All,tax_credit_impact,3.08,3.79,4.17,4.63,24.91,6.68,6.33,57,2025-05-13
BM-40432D16,Energy,M,All,input_output_ratio,0.83,0.86,0.87,0.89,1.3,0.9,0.09,57,2025-05-13
BM-08FF087D,Energy,M,All,labour_cost_ratio,6.26,10.64,12.9,15.93,22.0,13.45,3.89,57,2025-05-13
BM-5951446B,Energy,M,All,revenue_per_employee,144426.0,242789.0,305512.8,347205.06,668868.14,305400.17,95149.7,57,2025-05-13
BM-C72451AD,Energy,M,All,credit_utilisation_ratio,14.7,16.38,17.36,18.41,21.69,17.36,1.65,57,2025-05-13
BM-714F8757,Energy,M,All,vat_income_consistency,0.0,0.0,0.0,0.0,19.17,1.2,3.6,57,2025-05-13
BM-7D058D18,Energy,M,All,tax_savings_ratio,158.84,178.35,211.97,226.61,496.83,217.03,64.51,57,2025-05-13
BM-937E138E,Energy,M,All,book_tax_gap,40.2,45.22,50.44,56.25,66.42,50.41,6.36,57,2025-05-13
BM-A49EE7DD,Energy,M,All,filing_compliance_rate,20.0,100.0,100.0,100.0,100.0,92.98,18.32,57,2025-05-13
BM-C9E27E71,Energy,M,All,payment_compliance_rate,0.0,86.58,100.0,100.0,100.0,86.4,27.94,57,2025-05-13
BM-20FDAB97,Energy,L,2022,profit_margin,3.0,8.76,13.59,14.46,16.93,11.42,4.91,7,2025-05-13
BM-625FD9CF,Energy,L,2022,effective_tax_rate,4.38,11.79,16.89,19.49,20.08,14.85,6.3,7,2025-05-13
BM-4CD8C34E,Energy,L,2022,statutory_tax_rate,19.92,22.12,22.98,25.31,25.9,23.38,2.24,7,2025-05-13
BM-5CAC00F0,Energy,L,2022,tax_credit_impact,3.94,5.11,5.82,10.59,18.59,8.53,5.85,7,2025-05-13
BM-D2A7EF4D,Energy,L,2022,input_output_ratio,0.79,0.81,0.82,0.86,0.91,0.84,0.05,7,2025-05-13
BM-EFB19702,Energy,L,2022,labour_cost_ratio,10.0,10.76,12.3,13.25,17.13,12.49,2.44,7,2025-05-13
BM-DAD15CBE,Energy,L,2022,revenue_per_employee,260762.58,386831.34,403460.15,493885.38,518983.97,420662.88,90492.49,7,2025-05-13
BM-CD9CEB53,Energy,L,2022,credit_utilisation_ratio,19.77,21.78,22.73,23.62,25.86,22.74,1.96,7,2025-05-13
BM-54AE0237,Energy,L,2022,vat_income_consistency,0.0,0.0,0.0,0.61,2.04,0.47,0.83,7,2025-05-13
BM-91C55A9B,Energy,L,2022,tax_savings_ratio,184.74,211.42,219.04,240.48,260.87,224.07,25.51,7,2025-05-13
BM-3129E1BA,Energy,L,2022,book_tax_gap,48.31,50.26,52.51,59.87,62.5,54.8,5.77,7,2025-05-13
BM-202CAD3A,Energy,L,2022,filing_compliance_rate,60.0,100.0,100.0,100.0,100.0,94.29,15.12,7,2025-05-13
BM-6E3A5C61,Energy,L,2022,payment_compliance_rate,65.11,88.15,91.57,99.73,100.0,90.35,12.37,7,2025-05-13
BM-0A7206DF,Energy,L,2023,profit_margin,3.0,7.63,14.62,16.65,17.25,11.92,6.0,7,2025-05-13
BM-132CE120,Energy,L,2023,effective_tax_rate,3.57,9.81,16.22,19.98,20.78,14.31,7.36,7,2025-05-13
BM-949AD1C2,Energy,L,2023,statutory_tax_rate,19.92,22.12,22.98,25.31,25.9,23.38,2.24,7,2025-05-13
BM-A59C11D5,Energy,L,2023,tax_credit_impact,4.68,5.09,5.19,12.09,19.26,9.07,6.74,7,2025-05-13
BM-D2D7A72B,Energy,L,2023,input_output_ratio,0.8,0.81,0.83,0.87,0.9,0.84,0.04,7,2025-05-13
BM-6C4F7DF5,Energy,L,2023,labour_cost_ratio,9.16,10.85,13.33,13.85,20.0,13.12,3.65,7,2025-05-13
BM-7BA384D9,Energy,L,2023,revenue_per_employee,211542.84,352000.08,417737.79,459542.02,550631.82,400428.09,110775.84,7,2025-05-13
BM-1A377995,Energy,L,2023,credit_utilisation_ratio,19.77,21.06,23.48,24.17,26.83,22.93,2.54,7,2025-05-13
BM-E390312C,Energy,L,2023,vat_income_consistency,0.0,0.0,0.0,0.54,2.51,0.51,0.97,7,2025-05-13
BM-3326F3B6,Energy,L,2023,tax_savings_ratio,153.33,165.5,190.36,245.41,293.82,208.47,53.65,7,2025-05-13
BM-50FD3307,Energy,L,2023,book_tax_gap,40.16,42.39,45.37,52.67,59.01,47.81,7.06,7,2025-05-13
BM-B5981B8C,Energy,L,2023,filing_compliance_rate,80.0,90.0,100.0,100.0,100.0,94.29,9.76,7,2025-05-13
BM-7BC7ED33,Energy,L,2023,payment_compliance_rate,55.33,83.68,98.41,99.64,100.0,88.63,16.73,7,2025-05-13
BM-0C0FB71B,Energy,L,2024,profit_margin,3.0,8.31,16.6,17.33,18.21,12.73,6.8,7,2025-05-13
BM-BD7870C0,Energy,L,2024,effective_tax_rate,2.83,9.28,16.31,19.77,19.9,13.88,7.57,7,2025-05-13
BM-0D650F03,Energy,L,2024,statutory_tax_rate,19.92,22.12,22.98,25.31,25.9,23.38,2.24,7,2025-05-13
BM-590B6566,Energy,L,2024,tax_credit_impact,4.82,5.22,5.66,12.8,20.0,9.5,7.02,7,2025-05-13
BM-5DC96A86,Energy,L,2024,input_output_ratio,0.8,0.81,0.81,0.86,0.9,0.83,0.04,7,2025-05-13
BM-1BA3428C,Energy,L,2024,labour_cost_ratio,9.19,10.45,11.5,13.57,13.76,11.78,1.86,7,2025-05-13
BM-B3516768,Energy,L,2024,revenue_per_employee,313741.65,373222.82,467561.86,512782.79,595427.76,449820.36,101484.63,7,2025-05-13
BM-CEFECF14,Energy,L,2024,credit_utilisation_ratio,21.29,22.8,23.82,24.73,27.05,23.89,1.91,7,2025-05-13
BM-15FE1241,Energy,L,2024,vat_income_consistency,0.0,0.0,0.0,0.27,3.16,0.53,1.18,7,2025-05-13
BM-91F940CD,Energy,L,2024,tax_savings_ratio,136.92,182.88,211.06,219.77,285.77,205.58,45.9,7,2025-05-13
BM-D41D09EB,Energy,L,2024,book_tax_gap,45.71,47.18,48.1,50.52,51.46,48.67,2.21,7,2025-05-13
BM-2F47CB76,Energy,L,2024,filing_compliance_rate,60.0,90.0,100.0,100.0,100.0,91.43,15.74,7,2025-05-13
BM-2E524408,Energy,L,2024,payment_compliance_rate,32.82,79.66,83.27,92.06,100.0,79.93,22.57,7,2025-05-13
BM-8116CA66,Energy,L,All,profit_margin,3.0,7.22,13.62,16.93,18.21,12.02,5.68,21,2025-05-13
BM-7D2FA908,Energy,L,All,effective_tax_rate,2.83,7.6,16.31,19.73,20.78,14.34,6.75,21,2025-05-13
BM-8A22D996,Energy,L,All,statutory_tax_rate,19.92,21.41,22.98,25.55,25.9,23.38,2.13,21,2025-05-13
BM-F291CEDD,Energy,L,All,tax_credit_impact,3.94,5.1,5.66,15.23,20.0,9.04,6.23,21,2025-05-13
BM-A59FB577,Energy,L,All,input_output_ratio,0.79,0.8,0.83,0.88,0.91,0.84,0.04,21,2025-05-13
BM-9F2B754B,Energy,L,All,labour_cost_ratio,9.16,10.27,12.47,13.59,20.0,12.47,2.67,21,2025-05-13
BM-E9110662,Energy,L,All,revenue_per_employee,211542.84,367424.07,417737.79,497843.7,595427.76,423637.11,98282.07,21,2025-05-13
BM-85A721D1,Energy,L,All,credit_utilisation_ratio,19.77,22.14,23.46,24.18,27.05,23.19,2.11,21,2025-05-13
BM-3573801F,Energy,L,All,vat_income_consistency,0.0,0.0,0.0,0.55,3.16,0.5,0.95,21,2025-05-13
BM-AAFCE46F,Energy,L,All,tax_savings_ratio,136.92,184.6,216.08,243.52,293.82,212.71,41.95,21,2025-05-13
BM-2C741D97,Energy,L,All,book_tax_gap,40.16,46.56,50.15,52.51,62.5,50.42,6.05,21,2025-05-13
BM-6A582863,Energy,L,All,filing_compliance_rate,60.0,100.0,100.0,100.0,100.0,93.33,13.17,21,2025-05-13
BM-CAA7E538,Energy,L,All,payment_compliance_rate,32.82,80.59,88.89,100.0,100.0,86.3,17.45,21,2025-05-13
BM-C17DE750,Energy,All,2022,profit_margin,1.0,8.37,10.79,13.1,16.93,10.37,3.85,46,2025-05-13
BM-7B871B7A,Energy,All,2022,effective_tax_rate,1.41,17.43,20.31,22.64,26.24,18.63,6.23,46,2025-05-13
BM-6E6E3B9F,Energy,All,2022,statutory_tax_rate,19.92,22.71,24.88,26.58,29.36,24.67,2.57,46,2025-05-13
BM-770FB426,Energy,All,2022,tax_credit_impact,2.27,2.9,3.78,4.64,24.67,6.03,5.99,46,2025-05-13
BM-916A6F5D,Energy,All,2022,input_output_ratio,0.79,0.87,0.91,0.94,1.21,0.91,0.07,46,2025-05-13
BM-97CD0881,Energy,All,2022,labour_cost_ratio,6.26,12.23,14.58,19.59,25.0,15.75,4.79,46,2025-05-13
BM-65C4C5F9,Energy,All,2022,revenue_per_employee,108578.0,160009.1,233724.56,336393.67,668868.14,262370.33,125538.9,46,2025-05-13
BM-B5BF3A8E,Energy,All,2022,credit_utilisation_ratio,10.05,11.44,15.57,18.43,25.86,15.43,4.47,46,2025-05-13
BM-F8BBC189,Energy,All,2022,vat_income_consistency,0.0,0.0,0.0,0.0,16.05,0.71,2.59,46,2025-05-13
BM-F6E16875,Energy,All,2022,tax_savings_ratio,143.32,184.88,206.68,232.38,418.41,216.31,51.63,46,2025-05-13
BM-0A2C5F25,Energy,All,2022,book_tax_gap,40.2,46.62,50.15,54.94,66.42,50.96,5.95,46,2025-05-13
BM-BA72336B,Energy,All,2022,filing_compliance_rate,40.0,100.0,100.0,100.0,100.0,95.65,13.28,46,2025-05-13
BM-28CD264F,Energy,All,2022,payment_compliance_rate,0.0,91.75,99.9,100.0,100.0,89.14,25.17,46,2025-05-13
BM-DDA47DA1,Energy,All,2023,profit_margin,1.0,7.92,10.63,12.45,17.25,10.1,4.12,47,2025-05-13
BM-299A1F35,Energy,All,2023,effective_tax_rate,1.37,17.49,20.52,22.52,26.21,18.55,6.41,47,2025-05-13
BM-F21BE0B5,Energy,All,2023,statutory_tax_rate,19.92,22.75,24.8,26.55,29.36,24.66,2.54,47,2025-05-13
BM-3D3DC2EE,Energy,All,2023,tax_credit_impact,2.28,3.05,3.7,4.78,24.71,6.11,6.16,47,2025-05-13
BM-EB57FFB7,Energy,All,2023,input_output_ratio,0.8,0.87,0.91,0.95,1.3,0.91,0.08,47,2025-05-13
BM-84DB18C1,Energy,All,2023,labour_cost_ratio,6.57,11.3,14.21,18.5,25.0,15.05,5.09,47,2025-05-13
BM-F0C4D7FD,Energy,All,2023,revenue_per_employee,88396.17,189374.54,234727.2,341890.57,550631.82,270173.68,122010.9,47,2025-05-13
BM-AB5F2BB0,Energy,All,2023,credit_utilisation_ratio,9.83,12.01,15.21,18.44,26.83,15.49,4.46,47,2025-05-13
BM-1A76295D,Energy,All,2023,vat_income_consistency,0.0,0.0,0.0,0.0,19.17,0.92,3.16,47,2025-05-13
BM-DBA5EDE5,Energy,All,2023,tax_savings_ratio,153.33,177.02,212.41,236.55,446.78,214.3,51.97,47,2025-05-13
BM-1A6A0375,Energy,All,2023,book_tax_gap,40.16,44.01,51.2,56.87,60.55,50.96,6.7,47,2025-05-13
BM-AC229EEB,Energy,All,2023,filing_compliance_rate,20.0,100.0,100.0,100.0,100.0,96.17,12.95,47,2025-05-13
BM-9A681AFC,Energy,All,2023,payment_compliance_rate,0.0,85.95,99.93,100.0,100.0,83.91,29.77,47,2025-05-13
BM-2E00A9DC,Energy,All,2024,profit_margin,1.0,8.96,10.88,13.19,18.21,10.52,4.05,48,2025-05-13
BM-5735F60A,Energy,All,2024,effective_tax_rate,1.17,17.25,19.96,22.37,26.1,18.63,6.26,48,2025-05-13
BM-E5123544,Energy,All,2024,statutory_tax_rate,19.92,22.79,24.7,26.52,29.36,24.65,2.51,48,2025-05-13
BM-3A4480C2,Energy,All,2024,tax_credit_impact,2.54,2.99,3.79,4.82,24.91,6.02,5.96,48,2025-05-13
BM-D1D9B749,Energy,All,2024,input_output_ratio,0.8,0.86,0.9,0.94,1.27,0.91,0.08,48,2025-05-13
BM-FB1E71D7,Energy,All,2024,labour_cost_ratio,9.19,12.57,14.3,18.59,25.0,15.76,4.65,48,2025-05-13
BM-33472DC2,Energy,All,2024,revenue_per_employee,91545.0,172261.72,238521.25,318909.1,595427.76,256792.64,115732.21,48,2025-05-13
BM-174CB8C7,Energy,All,2024,credit_utilisation_ratio,9.82,11.42,15.13,18.27,27.05,15.73,4.6,48,2025-05-13
BM-9704BB77,Energy,All,2024,vat_income_consistency,0.0,0.0,0.0,0.0,5.57,0.46,1.24,48,2025-05-13
BM-D52AD0B3,Energy,All,2024,tax_savings_ratio,136.92,180.76,207.94,226.39,496.83,210.7,54.06,48,2025-05-13
BM-C82847E1,Energy,All,2024,book_tax_gap,40.32,45.58,49.78,55.56,61.99,50.2,5.83,48,2025-05-13
BM-59D58B6A,Energy,All,2024,filing_compliance_rate,20.0,100.0,100.0,100.0,100.0,92.92,16.24,48,2025-05-13
BM-D3D34DF0,Energy,All,2024,payment_compliance_rate,0.0,96.74,100.0,100.0,100.0,90.15,23.86,48,2025-05-13
BM-32A55089,Energy,All,All,profit_margin,1.0,8.58,10.71,12.95,18.21,10.33,3.98,141,2025-05-13
BM-76B5D82B,Energy,All,All,effective_tax_rate,1.17,17.37,20.32,22.48,26.24,18.6,6.26,141,2025-05-13
BM-EEBB5AD7,Energy,All,All,statutory_tax_rate,19.92,22.67,24.8,26.61,29.36,24.66,2.52,141,2025-05-13
BM-2CF8B230,Energy,All,All,tax_credit_impact,2.27,2.99,3.78,4.82,24.91,6.06,6.0,141,2025-05-13
BM-A582D5BF,Energy,All,All,input_output_ratio,0.79,0.87,0.91,0.94,1.3,0.91,0.08,141,2025-05-13
BM-31E94A73,Energy,All,All,labour_cost_ratio,6.26,12.14,14.41,19.22,25.0,15.52,4.82,141,2025-05-13
BM-71D5EF0B,Energy,All,All,revenue_per_employee,88396.17,167681.5,235717.75,335509.71,668868.14,263072.66,120350.33,141,2025-05-13
BM-AAFFBDA0,Energy,All,All,credit_utilisation_ratio,9.82,11.49,15.34,18.41,27.05,15.55,4.48,141,2025-05-13
BM-25E514DF,Energy,All,All,vat_income_consistency,0.0,0.0,0.0,0.0,19.17,0.69,2.45,141,2025-05-13
BM-EFA6AC0A,Energy,All,All,tax_savings_ratio,136.92,180.79,207.26,228.36,496.83,213.73,52.26,141,2025-05-13
BM-643DC48C,Energy,All,All,book_tax_gap,40.16,45.37,50.47,56.25,66.42,50.7,6.14,141,2025-05-13
BM-997596AA,Energy,All,All,filing_compliance_rate,20.0,100.0,100.0,100.0,100.0,94.89,14.22,141,2025-05-13
BM-C491E60F,Energy,All,All,payment_compliance_rate,0.0,88.89,100.0,100.0,100.0,87.74,26.34,141,2025-05-13
BM-34299A91,Technology and Innovation,S,2022,profit_margin,1.0,18.91,21.6,25.27,32.7,19.69,8.59,31,2025-05-13
BM-8FC18A3A,Technology and Innovation,S,2022,effective_tax_rate,0.65,18.37,21.9,23.62,26.25,18.67,7.85,31,2025-05-13
BM-289B02C3,Technology and Innovation,S,2022,statutory_tax_rate,22.25,24.44,26.33,28.25,29.79,26.28,2.34,31,2025-05-13
BM-AE037256,Technology and Innovation,S,2022,tax_credit_impact,2.5,2.84,3.23,10.03,27.35,7.61,8.02,31,2025-05-13
BM-DF9A355E,Technology and Innovation,S,2022,input_output_ratio,1.57,1.62,1.65,1.85,2.81,1.79,0.34,31,2025-05-13
BM-8C47DD80,Technology and Innovation,S,2022,labour_cost_ratio,6.54,11.48,14.48,18.08,40.55,15.86,7.42,31,2025-05-13
BM-E32D53AB,Technology and Innovation,S,2022,revenue_per_employee,81547.83,188300.3,216107.0,274220.25,443041.0,228503.33,83765.25,31,2025-05-13
BM-EF49B521,Technology and Innovation,S,2022,credit_utilisation_ratio,10.56,11.2,12.42,13.02,16.46,12.57,1.53,31,2025-05-13
BM-1731AEFE,Technology and Innovation,S,2022,vat_income_consistency,0.0,0.0,0.0,1.52,8.26,1.12,2.08,31,2025-05-13
BM-B1C4B251,Technology and Innovation,S,2022,tax_savings_ratio,162.0,198.4,227.13,265.0,362.09,236.85,54.42,31,2025-05-13
BM-5F8A4EC3,Technology and Innovation,S,2022,book_tax_gap,40.95,48.76,54.63,56.21,65.04,52.99,5.89,31,2025-05-13
BM-61861ADF,Technology and Innovation,S,2022,filing_compliance_rate,0.0,80.0,100.0,100.0,100.0,86.45,26.53,31,2025-05-13
BM-E411C9B7,Technology and Innovation,S,2022,payment_compliance_rate,0.0,98.9,100.0,100.0,100.0,80.49,40.09,31,2025-05-13
BM-B21F7D3D,Technology and Innovation,S,2023,profit_margin,1.0,15.75,22.57,26.09,33.36,20.37,9.19,31,2025-05-13
BM-1EB5370C,Technology and Innovation,S,2023,effective_tax_rate,0.91,16.02,21.49,23.67,26.24,18.57,7.55,31,2025-05-13
BM-1FFE6049,Technology and Innovation,S,2023,statutory_tax_rate,22.25,24.44,26.33,28.25,29.79,26.28,2.34,31,2025-05-13
BM-B0FEC6F8,Technology and Innovation,S,2023,tax_credit_impact,2.49,3.08,3.33,12.38,27.34,7.71,7.77,31,2025-05-13
BM-ABE61F08,Technology and Innovation,S,2023,input_output_ratio,1.57,1.62,1.66,1.82,2.75,1.77,0.3,31,2025-05-13
BM-1D63DD04,Technology and Innovation,S,2023,labour_cost_ratio,9.27,12.69,17.48,23.12,35.74,19.17,7.58,31,2025-05-13
BM-93B83B08,Technology and Innovation,S,2023,revenue_per_employee,84810.0,129805.76,183259.35,245736.14,399118.76,194086.29,77075.23,31,2025-05-13
BM-76ABA049,Technology and Innovation,S,2023,credit_utilisation_ratio,10.54,12.17,12.82,13.38,15.84,12.91,1.3,31,2025-05-13
BM-F2EDEA9A,Technology and Innovation,S,2023,vat_income_consistency,0.0,0.0,0.0,0.63,3.39,0.6,1.12,31,2025-05-13
BM-16404E23,Technology and Innovation,S,2023,tax_savings_ratio,152.97,189.45,213.38,251.1,487.66,246.98,95.25,31,2025-05-13
BM-5B740A8F,Technology and Innovation,S,2023,book_tax_gap,41.1,45.27,52.49,59.45,70.42,52.95,7.79,31,2025-05-13
BM-63C0AC3F,Technology and Innovation,S,2023,filing_compliance_rate,20.0,100.0,100.0,100.0,100.0,89.03,24.68,31,2025-05-13
BM-8A7DC942,Technology and Innovation,S,2023,payment_compliance_rate,0.0,0.0,100.0,100.0,100.0,70.75,46.02,31,2025-05-13
BM-D52DC6F2,Technology and Innovation,S,2024,profit_margin,1.0,15.89,23.95,26.61,32.9,20.98,8.92,32,2025-05-13
BM-2575EC08,Technology and Innovation,S,2024,effective_tax_rate,0.64,14.7,21.95,23.73,25.92,18.76,7.38,32,2025-05-13
BM-4D2A9FB7,Technology and Innovation,S,2024,statutory_tax_rate,22.25,24.55,26.43,28.19,29.79,26.34,2.32,32,2025-05-13
BM-CF30851A,Technology and Innovation,S,2024,tax_credit_impact,2.64,3.03,3.38,10.98,27.27,7.57,7.76,32,2025-05-13
BM-B412DAA7,Technology and Innovation,S,2024,input_output_ratio,1.59,1.61,1.65,1.79,2.78,1.77,0.31,32,2025-05-13
BM-FB823EBF,Technology and Innovation,S,2024,labour_cost_ratio,8.56,13.03,19.12,22.28,32.82,18.37,6.56,32,2025-05-13
BM-4760D310,Technology and Innovation,S,2024,revenue_per_employee,99878.0,125802.27,173642.81,241804.75,330698.65,189061.23,72255.07,32,2025-05-13
BM-415E2271,Technology and Innovation,S,2024,credit_utilisation_ratio,10.64,11.81,12.56,13.59,15.7,12.89,1.44,32,2025-05-13
BM-C5C359D3,Technology and Innovation,S,2024,vat_income_consistency,0.0,0.0,0.0,1.11,7.23,0.98,2.01,32,2025-05-13
BM-C9A63257,Technology and Innovation,S,2024,tax_savings_ratio,163.39,193.89,213.14,255.67,452.31,240.0,75.95,32,2025-05-13
BM-3209941E,Technology and Innovation,S,2024,book_tax_gap,41.15,47.26,51.21,57.17,63.9,52.04,6.34,32,2025-05-13
BM-00A60149,Technology and Innovation,S,2024,filing_compliance_rate,40.0,95.0,100.0,100.0,100.0,93.12,14.01,32,2025-05-13
BM-D912A17B,Technology and Innovation,S,2024,payment_compliance_rate,0.0,100.0,100.0,100.0,100.0,83.5,36.75,32,2025-05-13
BM-9E676C37,Technology and Innovation,S,All,profit_margin,1.0,17.59,22.31,26.14,33.36,20.35,8.82,94,2025-05-13
BM-6D356F81,Technology and Innovation,S,All,effective_tax_rate,0.64,15.99,21.75,23.71,26.25,18.67,7.51,94,2025-05-13
BM-FF56029D,Technology and Innovation,S,All,statutory_tax_rate,22.25,24.34,26.33,28.3,29.79,26.3,2.31,94,2025-05-13
BM-EA5AE63C,Technology and Innovation,S,All,tax_credit_impact,2.49,2.99,3.33,11.21,27.35,7.63,7.77,94,2025-05-13
BM-1B1BFD55,Technology and Innovation,S,All,input_output_ratio,1.57,1.62,1.65,1.81,2.81,1.78,0.31,94,2025-05-13
BM-2ED37EE8,Technology and Innovation,S,All,labour_cost_ratio,6.54,12.15,16.3,21.64,40.55,17.81,7.26,94,2025-05-13
BM-4D7BC499,Technology and Innovation,S,All,revenue_per_employee,81547.83,136590.84,197755.13,258295.5,443041.0,203725.93,78927.94,94,2025-05-13
BM-A4DB7D29,Technology and Innovation,S,All,credit_utilisation_ratio,10.54,11.76,12.58,13.45,16.46,12.79,1.42,94,2025-05-13
BM-991E5BD4,Technology and Innovation,S,All,vat_income_consistency,0.0,0.0,0.0,1.29,8.26,0.9,1.79,94,2025-05-13
BM-55DD57EC,Technology and Innovation,S,All,tax_savings_ratio,152.97,194.16,219.67,257.65,487.66,241.27,76.31,94,2025-05-13
BM-4B434C81,Technology and Innovation,S,All,book_tax_gap,40.95,47.2,52.78,58.08,70.42,52.65,6.66,94,2025-05-13
BM-28B2E16A,Technology and Innovation,S,All,filing_compliance_rate,0.0,100.0,100.0,100.0,100.0,89.57,22.28,94,2025-05-13
BM-B79D9D68,Technology and Innovation,S,All,payment_compliance_rate,0.0,97.44,100.0,100.0,100.0,78.3,41.01,94,2025-05-13
BM-8A7B7CA6,Technology and Innovation,M,2022,profit_margin,1.0,21.93,28.73,31.2,39.78,23.73,11.47,28,2025-05-13
BM-7FB63334,Technology and Innovation,M,2022,effective_tax_rate,0.57,16.71,18.87,20.42,23.45,16.05,7.48,28,2025-05-13
BM-19C3D5A8,Technology and Innovation,M,2022,statutory_tax_rate,20.58,21.41,24.55,25.65,27.95,24.09,2.47,28,2025-05-13
BM-BC30AF17,Technology and Innovation,M,2022,tax_credit_impact,3.7,4.18,4.63,5.13,24.27,8.04,7.17,28,2025-05-13
BM-C455996F,Technology and Innovation,M,2022,input_output_ratio,1.42,1.49,1.51,1.57,2.56,1.66,0.36,28,2025-05-13
BM-BDAF64E0,Technology and Innovation,M,2022,labour_cost_ratio,5.24,8.34,9.78,13.08,20.39,11.06,3.65,28,2025-05-13
BM-CB6AD486,Technology and Innovation,M,2022,revenue_per_employee,155842.29,295404.26,373976.62,435917.48,652851.86,367415.76,110702.63,28,2025-05-13
BM-6652A791,Technology and Innovation,M,2022,credit_utilisation_ratio,16.1,17.4,19.49,20.12,24.5,19.37,2.15,28,2025-05-13
BM-DB69D008,Technology and Innovation,M,2022,vat_income_consistency,0.0,0.0,0.0,0.0,7.7,0.88,2.01,28,2025-05-13
BM-E885BA02,Technology and Innovation,M,2022,tax_savings_ratio,168.22,200.23,222.73,276.48,566.49,257.36,96.84,28,2025-05-13
BM-FBA89BA5,Technology and Innovation,M,2022,book_tax_gap,41.36,50.87,54.71,59.02,64.53,54.15,6.54,28,2025-05-13
BM-C6DCF5D4,Technology and Innovation,M,2022,filing_compliance_rate,20.0,100.0,100.0,100.0,100.0,89.29,24.03,28,2025-05-13
BM-4AC24522,Technology and Innovation,M,2022,payment_compliance_rate,0.0,70.87,100.0,100.0,100.0,74.78,43.98,28,2025-05-13
BM-C38CF40E,Technology and Innovation,M,2023,profit_margin,1.0,22.61,28.87,36.36,40.49,25.81,12.57,28,2025-05-13
BM-2468AD5E,Technology and Innovation,M,2023,effective_tax_rate,0.51,16.97,18.86,20.7,23.16,16.25,7.39,28,2025-05-13
BM-64FF447D,Technology and Innovation,M,2023,statutory_tax_rate,20.58,21.41,24.55,25.65,27.95,24.09,2.47,28,2025-05-13
BM-6A43F685,Technology and Innovation,M,2023,tax_credit_impact,3.34,4.02,4.54,5.52,24.69,7.84,7.27,28,2025-05-13
BM-64D1ABFA,Technology and Innovation,M,2023,input_output_ratio,1.43,1.47,1.51,1.55,2.54,1.65,0.34,28,2025-05-13
BM-A6841F9E,Technology and Innovation,M,2023,labour_cost_ratio,5.83,10.05,11.62,14.42,20.68,12.33,3.3,28,2025-05-13
BM-79C321E1,Technology and Innovation,M,2023,revenue_per_employee,175480.0,259539.46,316917.78,359425.25,565874.12,326804.96,100826.79,28,2025-05-13
BM-51F8A6A1,Technology and Innovation,M,2023,credit_utilisation_ratio,15.95,17.41,18.46,19.68,24.51,18.78,2.27,28,2025-05-13
BM-CD8B1DD6,Technology and Innovation,M,2023,vat_income_consistency,0.0,0.0,0.0,0.0,11.35,0.92,2.4,28,2025-05-13
BM-2594E017,Technology and Innovation,M,2023,tax_savings_ratio,145.3,173.88,207.13,272.02,539.09,245.01,104.16,28,2025-05-13
BM-A51B5BD6,Technology and Innovation,M,2023,book_tax_gap,40.75,43.78,50.77,58.35,67.03,51.81,8.26,28,2025-05-13
BM-E4E52BD7,Technology and Innovation,M,2023,filing_compliance_rate,20.0,100.0,100.0,100.0,100.0,90.0,22.11,28,2025-05-13
BM-D2A382DE,Technology and Innovation,M,2023,payment_compliance_rate,0.0,100.0,100.0,100.0,100.0,85.56,35.58,28,2025-05-13
BM-ACC00573,Technology and Innovation,M,2024,profit_margin,1.0,22.45,27.05,29.36,39.95,23.57,10.71,29,2025-05-13
BM-8839A146,Technology and Innovation,M,2024,effective_tax_rate,0.54,16.87,19.08,20.6,23.34,16.3,7.23,29,2025-05-13
BM-5EE9A292,Technology and Innovation,M,2024,statutory_tax_rate,20.58,21.45,24.45,25.64,27.95,24.04,2.44,29,2025-05-13
BM-6B7ADBD6,Technology and Innovation,M,2024,tax_credit_impact,3.53,3.99,4.38,5.27,24.64,7.74,7.14,29,2025-05-13
BM-B9180B99,Technology and Innovation,M,2024,input_output_ratio,1.41,1.49,1.5,1.53,2.75,1.65,0.37,29,2025-05-13
BM-19C2D745,Technology and Innovation,M,2024,labour_cost_ratio,7.17,9.24,10.72,15.65,21.44,12.75,4.28,29,2025-05-13
BM-E6738F7F,Technology and Innovation,M,2024,revenue_per_employee,182340.44,242869.93,338887.62,420844.33,627381.0,341445.72,114322.12,29,2025-05-13
BM-A12CB32D,Technology and Innovation,M,2024,credit_utilisation_ratio,16.12,16.91,18.33,19.64,23.51,18.58,1.92,29,2025-05-13
BM-0BEAB344,Technology and Innovation,M,2024,vat_income_consistency,0.0,0.0,0.0,0.0,8.91,0.9,2.33,29,2025-05-13
BM-D11F69F8,Technology and Innovation,M,2024,tax_savings_ratio,149.87,198.91,223.21,257.63,580.28,256.57,106.28,29,2025-05-13
BM-19DC1575,Technology and Innovation,M,2024,book_tax_gap,40.4,49.41,55.41,59.0,64.78,53.83,6.75,29,2025-05-13
BM-38F191EC,Technology and Innovation,M,2024,filing_compliance_rate,0.0,100.0,100.0,100.0,100.0,87.59,28.99,29,2025-05-13
BM-BB39BB26,Technology and Innovation,M,2024,payment_compliance_rate,0.0,97.27,100.0,100.0,100.0,78.35,40.99,29,2025-05-13
BM-6D109B5C,Technology and Innovation,M,All,profit_margin,1.0,21.99,27.76,31.91,40.49,24.36,11.51,85,2025-05-13
BM-9051A52A,Technology and Innovation,M,All,effective_tax_rate,0.51,16.77,19.0,20.6,23.45,16.2,7.28,85,2025-05-13
BM-5CAC5A19,Technology and Innovation,M,All,statutory_tax_rate,20.58,21.45,24.45,25.64,27.95,24.07,2.43,85,2025-05-13
BM-17FF3575,Technology and Innovation,M,All,tax_credit_impact,3.34,4.07,4.53,5.34,24.69,7.87,7.11,85,2025-05-13
BM-C81C52B6,Technology and Innovation,M,All,input_output_ratio,1.41,1.48,1.51,1.56,2.75,1.65,0.35,85,2025-05-13
BM-6E3137B2,Technology and Innovation,M,All,labour_cost_ratio,5.24,9.2,11.22,14.46,21.44,12.06,3.8,85,2025-05-13
BM-6F63048C,Technology and Innovation,M,All,revenue_per_employee,155842.29,249995.42,341133.0,400368.88,652851.86,345177.72,108836.91,85,2025-05-13
BM-20BE9A8B,Technology and Innovation,M,All,credit_utilisation_ratio,15.95,17.26,18.77,19.9,24.51,18.91,2.12,85,2025-05-13
BM-A728E22D,Technology and Innovation,M,All,vat_income_consistency,0.0,0.0,0.0,0.0,11.35,0.9,2.23,85,2025-05-13
BM-CA2BB99E,Technology and Innovation,M,All,tax_savings_ratio,145.3,190.19,220.38,267.52,580.28,253.02,101.48,85,2025-05-13
BM-4728B6C2,Technology and Innovation,M,All,book_tax_gap,40.4,47.52,54.36,59.0,67.03,53.27,7.21,85,2025-05-13
BM-71EF8872,Technology and Innovation,M,All,filing_compliance_rate,0.0,100.0,100.0,100.0,100.0,88.94,24.98,85,2025-05-13
BM-6B875E52,Technology and Innovation,M,All,payment_compliance_rate,0.0,99.48,100.0,100.0,100.0,79.55,40.11,85,2025-05-13
BM-FAEBDD54,Technology and Innovation,L,All,profit_margin,29.82,31.59,32.99,36.22,40.19,33.89,3.45,8,2025-05-13
BM-9C22878F,Technology and Innovation,L,All,effective_tax_rate,13.98,17.08,18.44,18.89,19.09,17.51,2.12,8,2025-05-13
BM-B29ED0FA,Technology and Innovation,L,All,statutory_tax_rate,18.9,22.89,24.22,24.23,24.23,22.89,2.46,8,2025-05-13
BM-FE4C8417,Technology and Innovation,L,All,tax_credit_impact,4.63,5.08,5.33,5.61,6.2,5.39,0.54,8,2025-05-13
BM-9798329B,Technology and Innovation,L,All,input_output_ratio,1.34,1.35,1.35,1.36,1.41,1.36,0.02,8,2025-05-13
BM-78E3959C,Technology and Innovation,L,All,labour_cost_ratio,7.14,9.97,12.28,15.11,16.92,12.35,3.61,8,2025-05-13
BM-98CB15B0,Technology and Innovation,L,All,revenue_per_employee,304658.41,364920.81,392559.49,453220.47,680756.02,429725.24,127740.02,8,2025-05-13
BM-AAFF74EF,Technology and Innovation,L,All,credit_utilisation_ratio,21.18,22.02,23.48,25.37,26.03,23.63,1.93,8,2025-05-13
BM-CB988854,Technology and Innovation,L,All,vat_income_consistency,0.0,0.0,0.0,0.0,0.0,0.0,0.0,8,2025-05-13
BM-B67DDE65,Technology and Innovation,L,All,tax_savings_ratio,154.89,173.17,196.29,238.93,278.81,208.06,48.14,8,2025-05-13
BM-DC42F6C5,Technology and Innovation,L,All,book_tax_gap,43.69,48.06,49.91,53.31,57.56,50.64,4.52,8,2025-05-13
BM-4C829096,Technology and Innovation,L,All,filing_compliance_rate,80.0,100.0,100.0,100.0,100.0,97.5,7.07,8,2025-05-13
BM-F9C6DCFD,Technology and Innovation,L,All,payment_compliance_rate,100.0,100.0,100.0,100.0,100.0,100.0,0.0,8,2025-05-13
BM-2F6D1478,Technology and Innovation,All,2022,profit_margin,1.0,19.43,23.14,29.16,39.78,21.93,10.16,61,2025-05-13
BM-54B9C13A,Technology and Innovation,All,2022,effective_tax_rate,0.57,16.79,19.9,22.66,26.25,17.48,7.6,61,2025-05-13
BM-9AFF1BA8,Technology and Innovation,All,2022,statutory_tax_rate,20.58,23.61,24.84,27.38,29.79,25.21,2.58,61,2025-05-13
BM-5853544C,Technology and Innovation,All,2022,tax_credit_impact,2.5,3.23,4.25,5.44,27.35,7.73,7.45,61,2025-05-13
BM-17FFDBC7,Technology and Innovation,All,2022,input_output_ratio,1.36,1.51,1.61,1.7,2.81,1.72,0.35,61,2025-05-13
BM-6A3AA7BD,Technology and Innovation,All,2022,labour_cost_ratio,5.24,9.22,12.23,15.26,40.55,13.53,6.32,61,2025-05-13
BM-28AD437A,Technology and Innovation,All,2022,revenue_per_employee,81547.83,204521.8,286354.67,384523.6,680756.02,300928.83,127282.59,61,2025-05-13
BM-8F5DCD52,Technology and Innovation,All,2022,credit_utilisation_ratio,10.56,12.42,16.1,19.51,24.5,16.01,3.99,61,2025-05-13
BM-E6E4982A,Technology and Innovation,All,2022,vat_income_consistency,0.0,0.0,0.0,0.0,8.26,0.97,2.0,61,2025-05-13
BM-618FED7F,Technology and Innovation,All,2022,tax_savings_ratio,162.0,201.06,226.61,271.02,566.49,246.46,76.36,61,2025-05-13
BM-8FA8093E,Technology and Innovation,All,2022,book_tax_gap,40.95,49.6,54.63,58.17,65.04,53.57,6.11,61,2025-05-13
BM-99BBC1C9,Technology and Innovation,All,2022,filing_compliance_rate,0.0,100.0,100.0,100.0,100.0,88.2,24.87,61,2025-05-13
BM-2AE0DA7D,Technology and Innovation,All,2022,payment_compliance_rate,0.0,97.82,100.0,100.0,100.0,78.51,41.2,61,2025-05-13
BM-9E54BE93,Technology and Innovation,All,2023,profit_margin,1.0,19.83,25.0,31.66,40.49,23.6,11.3,62,2025-05-13
BM-43301803,Technology and Innovation,All,2023,effective_tax_rate,0.51,16.24,20.07,22.17,26.24,17.44,7.33,62,2025-05-13
BM-B1529CDA,Technology and Innovation,All,2023,statutory_tax_rate,18.9,23.5,24.81,27.34,29.79,25.11,2.69,62,2025-05-13
BM-80773F84,Technology and Innovation,All,2023,tax_credit_impact,2.49,3.33,4.3,6.03,27.34,7.66,7.31,62,2025-05-13
BM-9225C9E2,Technology and Innovation,All,2023,input_output_ratio,1.35,1.51,1.62,1.71,2.75,1.7,0.32,62,2025-05-13
BM-67CFF0EF,Technology and Innovation,All,2023,labour_cost_ratio,5.83,10.73,14.33,17.52,35.74,15.78,6.74,62,2025-05-13
BM-94B64FA7,Technology and Innovation,All,2023,revenue_per_employee,84810.0,181146.34,253785.14,323431.94,565874.12,264764.27,115657.76,62,2025-05-13
BM-AEAD7F07,Technology and Innovation,All,2023,credit_utilisation_ratio,10.54,12.82,15.89,18.7,26.03,16.12,3.9,62,2025-05-13
BM-366291BC,Technology and Innovation,All,2023,vat_income_consistency,0.0,0.0,0.0,0.0,11.35,0.72,1.8,62,2025-05-13
BM-0DD7B49E,Technology and Innovation,All,2023,tax_savings_ratio,145.3,173.96,207.87,256.5,539.09,242.93,97.53,62,2025-05-13
BM-D7997A44,Technology and Innovation,All,2023,book_tax_gap,40.75,44.65,51.48,59.13,70.42,52.25,7.87,62,2025-05-13
BM-0CDEB9BA,Technology and Innovation,All,2023,filing_compliance_rate,20.0,100.0,100.0,100.0,100.0,89.68,22.83,62,2025-05-13
BM-77FE57F6,Technology and Innovation,All,2023,payment_compliance_rate,0.0,100.0,100.0,100.0,100.0,78.86,40.96,62,2025-05-13
BM-7C508C6A,Technology and Innovation,All,2024,profit_margin,1.0,20.33,25.89,28.54,39.95,22.71,9.87,64,2025-05-13
BM-4AD7E5A2,Technology and Innovation,All,2024,effective_tax_rate,0.54,16.13,20.17,22.27,25.92,17.57,7.19,64,2025-05-13
BM-DEE5784B,Technology and Innovation,All,2024,statutory_tax_rate,18.9,23.45,24.81,27.38,29.79,25.11,2.69,64,2025-05-13
BM-129EF6ED,Technology and Innovation,All,2024,tax_credit_impact,2.64,3.38,4.03,5.62,27.27,7.54,7.25,64,2025-05-13
BM-47DFB4B9,Technology and Innovation,All,2024,input_output_ratio,1.34,1.5,1.61,1.67,2.78,1.69,0.34,64,2025-05-13
BM-E6E57E14,Technology and Innovation,All,2024,labour_cost_ratio,7.17,10.01,14.52,19.58,32.82,15.53,6.14,64,2025-05-13
BM-48B70B42,Technology and Innovation,All,2024,revenue_per_employee,99878.0,175005.72,244975.67,355417.65,627381.0,268064.09,121996.41,64,2025-05-13
BM-5565D0FC,Technology and Innovation,All,2024,credit_utilisation_ratio,10.64,12.58,15.91,18.43,25.29,15.97,3.69,64,2025-05-13
BM-682503EF,Technology and Innovation,All,2024,vat_income_consistency,0.0,0.0,0.0,0.0,8.91,0.9,2.11,64,2025-05-13
BM-4EDEA0B3,Technology and Innovation,All,2024,tax_savings_ratio,149.87,193.05,218.75,258.09,580.28,246.16,89.97,64,2025-05-13
BM-8E7516D2,Technology and Innovation,All,2024,book_tax_gap,40.4,48.05,52.56,57.92,64.78,52.73,6.45,64,2025-05-13
BM-E5596C6D,Technology and Innovation,All,2024,filing_compliance_rate,0.0,100.0,100.0,100.0,100.0,90.94,21.95,64,2025-05-13
BM-1ECCF2E0,Technology and Innovation,All,2024,payment_compliance_rate,0.0,100.0,100.0,100.0,100.0,81.94,37.87,64,2025-05-13
BM-59F0E7B1,Technology and Innovation,All,All,profit_margin,1.0,19.5,24.86,29.58,40.49,22.75,10.42,187,2025-05-13
BM-3FC02039,Technology and Innovation,All,All,effective_tax_rate,0.51,16.66,20.06,22.28,26.25,17.5,7.33,187,2025-05-13
BM-30CCE663,Technology and Innovation,All,All,statutory_tax_rate,18.9,23.47,24.84,27.38,29.79,25.14,2.64,187,2025-05-13
BM-28045A57,Technology and Innovation,All,All,tax_credit_impact,2.49,3.33,4.16,5.83,27.35,7.64,7.3,187,2025-05-13
BM-59F81D57,Technology and Innovation,All,All,input_output_ratio,1.34,1.5,1.61,1.69,2.81,1.7,0.34,187,2025-05-13
BM-05BE4FFE,Technology and Innovation,All,All,labour_cost_ratio,5.24,10.0,13.54,18.12,40.55,14.96,6.45,187,2025-05-13
BM-185ED40F,Technology and Innovation,All,All,revenue_per_employee,81547.83,190491.49,262816.33,356721.35,680756.02,277690.62,122142.6,187,2025-05-13
BM-28D3DBB8,Technology and Innovation,All,All,credit_utilisation_ratio,10.54,12.58,15.95,18.98,26.03,16.03,3.84,187,2025-05-13
BM-94F76BCE,Technology and Innovation,All,All,vat_income_consistency,0.0,0.0,0.0,0.0,11.35,0.86,1.97,187,2025-05-13
BM-818635CA,Technology and Innovation,All,All,tax_savings_ratio,145.3,190.85,219.14,260.42,580.28,245.19,88.01,187,2025-05-13
BM-2E497D1F,Technology and Innovation,All,All,book_tax_gap,40.4,47.44,52.78,58.33,70.42,52.85,6.83,187,2025-05-13
BM-0CB654C1,Technology and Innovation,All,All,filing_compliance_rate,0.0,100.0,100.0,100.0,100.0,89.63,23.13,187,2025-05-13
BM-1F3EF1AA,Technology and Innovation,All,All,payment_compliance_rate,0.0,99.73,100.0,100.0,100.0,79.8,39.83,187,2025-05-13
BM-1716FED3,Manufacturing,S,2022,profit_margin,1.0,5.41,6.9,9.58,11.28,6.7,3.01,25,2025-05-13
BM-D908A4A2,Manufacturing,S,2022,effective_tax_rate,1.56,19.87,21.71,24.04,26.46,19.01,7.76,25,2025-05-13
BM-762EA2B2,Manufacturing,S,2022,statutory_tax_rate,22.24,23.13,25.62,27.8,29.61,25.69,2.45,25,2025-05-13
BM-3A3E2C55,Manufacturing,S,2022,tax_credit_impact,2.14,2.42,2.74,3.31,23.29,6.68,7.45,25,2025-05-13
BM-349763C4,Manufacturing,S,2022,input_output_ratio,1.28,1.33,1.34,1.38,2.16,1.42,0.22,25,2025-05-13
BM-7C2B2CC0,Manufacturing,S,2022,labour_cost_ratio,11.67,14.74,17.48,23.9,30.0,19.64,6.06,25,2025-05-13
BM-2ABA618F,Manufacturing,S,2022,revenue_per_employee,54088.33,90085.0,127391.0,148965.0,192346.18,122376.33,42828.37,25,2025-05-13
BM-BC48B3AF,Manufacturing,S,2022,credit_utilisation_ratio,9.31,9.82,10.68,11.38,14.1,10.86,1.19,25,2025-05-13
BM-BA230BED,Manufacturing,S,2022,vat_income_consistency,0.0,0.0,0.0,0.0,5.94,0.79,1.78,25,2025-05-13
BM-FB099DF6,Manufacturing,S,2022,tax_savings_ratio,188.62,226.29,270.55,327.61,517.25,284.65,82.48,25,2025-05-13
BM-AE20C733,Manufacturing,S,2022,book_tax_gap,52.18,57.87,62.32,65.25,69.39,61.63,5.15,25,2025-05-13
BM-4149515C,Manufacturing,S,2022,filing_compliance_rate,0.0,100.0,100.0,100.0,100.0,89.6,23.18,25,2025-05-13
BM-58C40459,Manufacturing,S,2022,payment_compliance_rate,0.0,99.99,100.0,100.0,100.0,86.65,33.19,25,2025-05-13
BM-FD8FA8E8,Manufacturing,S,2023,profit_margin,1.0,6.38,8.01,9.86,11.06,7.32,3.09,27,2025-05-13
BM-8ADFDEA5,Manufacturing,S,2023,effective_tax_rate,2.42,20.03,21.53,24.74,26.56,19.22,7.64,27,2025-05-13
BM-DDAC29E7,Manufacturing,S,2023,statutory_tax_rate,22.24,23.09,25.62,28.07,29.61,25.71,2.52,27,2025-05-13
BM-700DE837,Manufacturing,S,2023,tax_credit_impact,2.16,2.48,2.95,3.36,22.73,6.49,7.37,27,2025-05-13
BM-5E3A4457,Manufacturing,S,2023,input_output_ratio,1.3,1.32,1.34,1.38,2.14,1.42,0.21,27,2025-05-13
BM-64D8C6DC,Manufacturing,S,2023,labour_cost_ratio,7.59,14.17,20.33,26.75,30.0,20.56,6.97,27,2025-05-13
BM-06994198,Manufacturing,S,2023,revenue_per_employee,38711.0,78338.81,108215.67,150355.75,331958.0,120534.87,58577.03,27,2025-05-13
BM-DAB9878A,Manufacturing,S,2023,credit_utilisation_ratio,9.29,10.08,10.78,11.55,14.16,10.97,1.23,27,2025-05-13
BM-A54B7EB2,Manufacturing,S,2023,vat_income_consistency,0.0,0.0,0.0,0.0,14.83,1.2,3.22,27,2025-05-13
BM-860FD972,Manufacturing,S,2023,tax_savings_ratio,177.64,204.75,241.59,283.51,599.2,271.0,100.25,27,2025-05-13
BM-260BECEE,Manufacturing,S,2023,book_tax_gap,51.06,54.61,57.42,61.27,75.07,59.14,6.13,27,2025-05-13
BM-E6EB1AFD,Manufacturing,S,2023,filing_compliance_rate,40.0,100.0,100.0,100.0,100.0,91.85,16.88,27,2025-05-13
BM-5F693FDD,Manufacturing,S,2023,payment_compliance_rate,0.0,99.99,100.0,100.0,100.0,92.31,26.64,27,2025-05-13
BM-F1886811,Manufacturing,S,2024,profit_margin,1.0,5.48,7.09,8.78,11.37,7.0,2.77,28,2025-05-13
BM-FEBE0BD4,Manufacturing,S,2024,effective_tax_rate,2.62,20.08,21.87,25.4,26.86,19.79,7.33,28,2025-05-13
BM-8BB7B88E,Manufacturing,S,2024,statutory_tax_rate,22.24,23.11,25.76,28.41,29.74,25.86,2.58,28,2025-05-13
BM-3D5DCBC6,Manufacturing,S,2024,tax_credit_impact,2.12,2.46,2.78,3.13,22.61,6.07,6.83,28,2025-05-13
BM-1AC0E01F,Manufacturing,S,2024,input_output_ratio,1.28,1.33,1.34,1.37,2.07,1.4,0.19,28,2025-05-13
BM-807FD22F,Manufacturing,S,2024,labour_cost_ratio,11.97,15.59,21.0,24.23,30.0,20.16,4.99,28,2025-05-13
BM-78A0915F,Manufacturing,S,2024,revenue_per_employee,64753.5,92367.68,110356.29,144495.86,182185.0,116731.77,30816.64,28,2025-05-13
BM-475CFCF8,Manufacturing,S,2024,credit_utilisation_ratio,9.21,9.78,10.43,11.54,13.22,10.69,1.13,28,2025-05-13
BM-F47218EC,Manufacturing,S,2024,vat_income_consistency,0.0,0.0,0.0,0.0,6.93,0.91,1.92,28,2025-05-13
BM-39C113A8,Manufacturing,S,2024,tax_savings_ratio,167.4,218.78,248.93,324.17,688.69,275.42,100.66,28,2025-05-13
BM-D8CEA613,Manufacturing,S,2024,book_tax_gap,51.94,54.71,59.35,68.27,75.91,60.62,7.05,28,2025-05-13
BM-07928478,Manufacturing,S,2024,filing_compliance_rate,40.0,100.0,100.0,100.0,100.0,92.86,16.52,28,2025-05-13
BM-BD3939D7,Manufacturing,S,2024,payment_compliance_rate,0.0,99.98,100.0,100.0,100.0,81.18,38.87,28,2025-05-13
BM-FCB6BF07,Manufacturing,S,All,profit_margin,1.0,5.51,7.16,9.61,11.37,7.01,2.93,80,2025-05-13
BM-44257711,Manufacturing,S,All,effective_tax_rate,1.56,20.03,21.62,25.32,26.86,19.35,7.48,80,2025-05-13
BM-080CB75E,Manufacturing,S,All,statutory_tax_rate,22.24,23.11,25.62,28.33,29.74,25.76,2.49,80,2025-05-13
BM-958CDDFC,Manufacturing,S,All,tax_credit_impact,2.12,2.45,2.76,3.34,23.29,6.4,7.12,80,2025-05-13
BM-4CF76443,Manufacturing,S,All,input_output_ratio,1.28,1.33,1.34,1.37,2.16,1.41,0.21,80,2025-05-13
BM-CB37F035,Manufacturing,S,All,labour_cost_ratio,7.59,14.69,19.97,24.8,30.0,20.13,5.98,80,2025-05-13
BM-79CF37BF,Manufacturing,S,All,revenue_per_employee,38711.0,89022.62,109950.17,149106.96,331958.0,119779.24,44907.85,80,2025-05-13
BM-3B314570,Manufacturing,S,All,credit_utilisation_ratio,9.21,9.82,10.63,11.46,14.16,10.84,1.18,80,2025-05-13
BM-CD726B77,Manufacturing,S,All,vat_income_consistency,0.0,0.0,0.0,0.0,14.83,0.97,2.38,80,2025-05-13
BM-96E0AAF3,Manufacturing,S,All,tax_savings_ratio,167.4,210.1,253.33,306.73,688.69,276.82,94.18,80,2025-05-13
BM-452BC930,Manufacturing,S,All,book_tax_gap,51.06,54.99,59.52,65.49,75.91,60.43,6.2,80,2025-05-13
BM-058155F4,Manufacturing,S,All,filing_compliance_rate,0.0,100.0,100.0,100.0,100.0,91.5,18.77,80,2025-05-13
BM-34504F65,Manufacturing,S,All,payment_compliance_rate,0.0,99.99,100.0,100.0,100.0,86.64,33.26,80,2025-05-13
BM-A9DBF3A5,Manufacturing,M,2022,profit_margin,3.0,7.61,9.34,11.76,14.57,8.94,3.66,16,2025-05-13
BM-9D71D6C8,Manufacturing,M,2022,effective_tax_rate,5.24,17.36,18.8,19.86,23.63,17.0,5.35,16,2025-05-13
BM-50E37F33,Manufacturing,M,2022,statutory_tax_rate,20.55,21.95,23.23,24.31,27.82,23.42,2.14,16,2025-05-13
BM-1B23ED32,Manufacturing,M,2022,tax_credit_impact,3.02,3.37,3.65,4.23,19.91,6.41,6.09,16,2025-05-13
BM-587DA84D,Manufacturing,M,2022,input_output_ratio,1.22,1.25,1.26,1.27,1.46,1.28,0.07,16,2025-05-13
BM-E2E37DAE,Manufacturing,M,2022,labour_cost_ratio,8.75,10.52,12.84,14.94,20.55,13.31,3.41,16,2025-05-13
BM-DF7A9DEB,Manufacturing,M,2022,revenue_per_employee,118930.31,168609.76,218133.18,256864.72,280601.44,212328.55,52193.29,16,2025-05-13
BM-9D580092,Manufacturing,M,2022,credit_utilisation_ratio,13.85,15.08,15.87,17.43,19.38,16.15,1.53,16,2025-05-13
BM-E7CC0FCB,Manufacturing,M,2022,vat_income_consistency,0.0,0.0,0.0,0.0,2.36,0.26,0.69,16,2025-05-13
BM-F585B2B8,Manufacturing,M,2022,tax_savings_ratio,177.95,206.25,226.75,314.7,516.89,271.34,93.01,16,2025-05-13
BM-A1B7458C,Manufacturing,M,2022,book_tax_gap,50.53,52.93,58.9,64.85,71.64,59.27,6.61,16,2025-05-13
BM-2D34CF4B,Manufacturing,M,2022,filing_compliance_rate,80.0,95.0,100.0,100.0,100.0,95.0,8.94,16,2025-05-13
BM-DB523B26,Manufacturing,M,2022,payment_compliance_rate,0.0,97.94,100.0,100.0,100.0,91.48,24.9,16,2025-05-13
BM-83C45B69,Manufacturing,M,2023,profit_margin,3.0,6.83,8.29,9.66,12.59,8.03,3.04,16,2025-05-13
BM-5E7BA5A3,Manufacturing,M,2023,effective_tax_rate,4.71,17.47,18.75,20.28,23.47,17.19,5.25,16,2025-05-13
BM-2998B29C,Manufacturing,M,2023,statutory_tax_rate,20.55,21.95,23.23,24.31,27.82,23.42,2.14,16,2025-05-13
BM-8B38D5D5,Manufacturing,M,2023,tax_credit_impact,2.98,3.34,3.59,3.9,22.31,6.23,6.12,16,2025-05-13
BM-4AFBF110,Manufacturing,M,2023,input_output_ratio,1.21,1.24,1.25,1.28,1.39,1.27,0.05,16,2025-05-13
BM-0DB873FD,Manufacturing,M,2023,labour_cost_ratio,8.55,10.91,13.14,16.96,28.0,14.64,5.35,16,2025-05-13
BM-5600371C,Manufacturing,M,2023,revenue_per_employee,98108.22,159421.51,191954.56,237491.59,364074.72,201548.64,69343.46,16,2025-05-13
BM-96103E99,Manufacturing,M,2023,credit_utilisation_ratio,13.75,14.46,15.46,16.63,19.29,15.71,1.69,16,2025-05-13
BM-118F8F7A,Manufacturing,M,2023,vat_income_consistency,0.0,0.0,0.0,0.0,4.42,0.83,1.78,16,2025-05-13
BM-39F641AB,Manufacturing,M,2023,tax_savings_ratio,183.62,240.01,275.14,306.58,480.06,286.82,83.53,16,2025-05-13
BM-F4687065,Manufacturing,M,2023,book_tax_gap,52.11,56.26,62.62,68.0,72.74,62.38,6.62,16,2025-05-13
BM-544E4B1D,Manufacturing,M,2023,filing_compliance_rate,40.0,95.0,100.0,100.0,100.0,92.5,16.12,16,2025-05-13
BM-A7405E2D,Manufacturing,M,2023,payment_compliance_rate,0.0,100.0,100.0,100.0,100.0,87.5,34.16,16,2025-05-13
BM-8FEF3964,Manufacturing,M,2024,profit_margin,3.0,7.81,10.58,11.32,13.32,9.0,3.61,18,2025-05-13
BM-5FCFDCEB,Manufacturing,M,2024,effective_tax_rate,4.18,17.29,18.19,19.55,23.69,16.07,6.17,18,2025-05-13
BM-68DC949E,Manufacturing,M,2024,statutory_tax_rate,20.28,21.86,23.23,24.77,27.82,23.43,2.29,18,2025-05-13
BM-9C8D6087,Manufacturing,M,2024,tax_credit_impact,2.97,3.4,3.82,4.14,22.51,7.36,7.29,18,2025-05-13
BM-46F7DD13,Manufacturing,M,2024,input_output_ratio,1.21,1.24,1.25,1.28,1.45,1.28,0.08,18,2025-05-13
BM-63D335EF,Manufacturing,M,2024,labour_cost_ratio,7.32,10.55,12.28,16.45,21.72,13.1,4.05,18,2025-05-13
BM-C84F6F77,Manufacturing,M,2024,revenue_per_employee,119951.7,169582.23,218051.14,249225.44,304742.25,212499.22,51705.21,18,2025-05-13
BM-781EBE55,Manufacturing,M,2024,credit_utilisation_ratio,14.44,14.99,16.43,17.28,18.55,16.29,1.29,18,2025-05-13
BM-D9D7D41F,Manufacturing,M,2024,vat_income_consistency,0.0,0.0,0.0,0.0,1.95,0.27,0.64,18,2025-05-13
BM-43B5AF3F,Manufacturing,M,2024,tax_savings_ratio,166.79,207.31,230.58,287.62,449.33,254.14,72.26,18,2025-05-13
BM-1F93E3F1,Manufacturing,M,2024,book_tax_gap,51.53,56.3,59.95,63.6,70.86,59.94,5.76,18,2025-05-13
BM-FD10E7D9,Manufacturing,M,2024,filing_compliance_rate,60.0,100.0,100.0,100.0,100.0,92.22,15.55,18,2025-05-13
BM-203818CA,Manufacturing,M,2024,payment_compliance_rate,0.0,100.0,100.0,100.0,100.0,93.81,23.51,18,2025-05-13
BM-B73A5A6D,Manufacturing,M,All,profit_margin,3.0,7.07,9.22,11.04,14.57,8.67,3.41,50,2025-05-13
BM-2ACB1766,Manufacturing,M,All,effective_tax_rate,4.18,17.29,18.67,19.92,23.69,16.72,5.53,50,2025-05-13
BM-3C284A1F,Manufacturing,M,All,statutory_tax_rate,20.28,21.86,23.23,24.77,27.82,23.42,2.15,50,2025-05-13
BM-72D9C73A,Manufacturing,M,All,tax_credit_impact,2.97,3.36,3.61,4.18,22.51,6.7,6.44,50,2025-05-13
BM-C8CC9457,Manufacturing,M,All,input_output_ratio,1.21,1.24,1.25,1.28,1.46,1.28,0.07,50,2025-05-13
BM-6FF9B64D,Manufacturing,M,All,labour_cost_ratio,7.32,10.52,12.84,16.54,28.0,13.66,4.3,50,2025-05-13
BM-D6658531,Manufacturing,M,All,revenue_per_employee,98108.22,164201.9,215534.98,254311.19,364074.72,208940.42,57093.55,50,2025-05-13
BM-7C583490,Manufacturing,M,All,credit_utilisation_ratio,13.75,14.86,15.73,17.12,19.38,16.06,1.49,50,2025-05-13
BM-15FD1833,Manufacturing,M,All,vat_income_consistency,0.0,0.0,0.0,0.0,4.42,0.44,1.15,50,2025-05-13
BM-83968307,Manufacturing,M,All,tax_savings_ratio,166.79,208.07,260.24,299.09,516.89,270.1,82.35,50,2025-05-13
BM-FA396630,Manufacturing,M,All,book_tax_gap,50.53,55.16,61.22,64.87,72.74,60.51,6.33,50,2025-05-13
BM-5E9F5828,Manufacturing,M,All,filing_compliance_rate,40.0,100.0,100.0,100.0,100.0,93.2,13.77,50,2025-05-13
BM-79CE5E68,Manufacturing,M,All,payment_compliance_rate,0.0,100.0,100.0,100.0,100.0,91.05,27.31,50,2025-05-13
BM-2226D759,Manufacturing,L,2022,profit_margin,3.0,8.75,12.49,13.16,14.37,10.66,3.77,10,2025-05-13
BM-31ED5DE7,Manufacturing,L,2022,effective_tax_rate,4.76,15.39,18.26,20.0,21.21,16.42,5.32,10,2025-05-13
BM-E67F18A2,Manufacturing,L,2022,statutory_tax_rate,18.81,22.22,23.15,26.05,27.68,23.79,2.69,10,2025-05-13
BM-70A84E04,Manufacturing,L,2022,tax_credit_impact,4.05,4.55,4.94,6.34,17.34,7.37,5.05,10,2025-05-13
BM-CC69298B,Manufacturing,L,2022,input_output_ratio,1.12,1.16,1.18,1.2,1.31,1.19,0.05,10,2025-05-13
BM-B460EEFF,Manufacturing,L,2022,labour_cost_ratio,8.86,10.13,11.09,13.81,17.72,12.07,2.73,10,2025-05-13
BM-8A2E492B,Manufacturing,L,2022,revenue_per_employee,178544.09,234674.38,285185.32,303317.0,359234.67,270116.69,59006.51,10,2025-05-13
BM-B17BD573,Manufacturing,L,2022,credit_utilisation_ratio,18.53,20.1,21.64,23.04,23.36,21.49,1.73,10,2025-05-13
BM-DC9F4C5A,Manufacturing,L,2022,vat_income_consistency,0.0,0.0,0.0,0.0,4.62,0.6,1.48,10,2025-05-13
BM-77A21E69,Manufacturing,L,2022,tax_savings_ratio,193.97,224.67,269.03,302.99,470.65,284.9,86.31,10,2025-05-13
BM-B8CF504B,Manufacturing,L,2022,book_tax_gap,50.78,57.97,60.74,62.32,69.1,60.17,5.71,10,2025-05-13
BM-0B0659AF,Manufacturing,L,2022,filing_compliance_rate,60.0,100.0,100.0,100.0,100.0,94.0,13.5,10,2025-05-13
BM-E6A556A7,Manufacturing,L,2022,payment_compliance_rate,0.0,100.0,100.0,100.0,100.0,89.04,31.43,10,2025-05-13
BM-51A97F30,Manufacturing,L,2023,profit_margin,3.0,9.51,10.99,12.0,12.84,9.64,3.65,10,2025-05-13
BM-61062C37,Manufacturing,L,2023,effective_tax_rate,5.08,15.61,17.79,19.92,22.15,16.1,5.75,10,2025-05-13
BM-51A17A04,Manufacturing,L,2023,statutory_tax_rate,18.81,22.22,23.15,26.05,27.68,23.79,2.69,10,2025-05-13
BM-054497F4,Manufacturing,L,2023,tax_credit_impact,3.64,4.95,5.21,5.96,19.46,7.69,5.62,10,2025-05-13
BM-459F8099,Manufacturing,L,2023,input_output_ratio,1.13,1.15,1.17,1.19,1.39,1.2,0.09,10,2025-05-13
BM-3E551DAA,Manufacturing,L,2023,labour_cost_ratio,6.23,8.81,10.39,11.27,15.09,10.26,2.83,10,2025-05-13
BM-6D9DCBBE,Manufacturing,L,2023,revenue_per_employee,226437.76,245869.8,310088.58,366544.39,420308.91,312275.96,70120.5,10,2025-05-13
BM-77DA707C,Manufacturing,L,2023,credit_utilisation_ratio,19.36,20.66,21.62,22.87,24.56,21.73,1.61,10,2025-05-13
BM-13928589,Manufacturing,L,2023,vat_income_consistency,0.0,0.0,0.0,0.0,4.19,0.53,1.33,10,2025-05-13
BM-05FE2D2F,Manufacturing,L,2023,tax_savings_ratio,208.58,251.45,271.12,333.63,542.93,306.56,99.19,10,2025-05-13
BM-761352FD,Manufacturing,L,2023,book_tax_gap,52.92,58.68,61.46,65.85,70.44,62.0,5.65,10,2025-05-13
BM-996F4404,Manufacturing,L,2023,filing_compliance_rate,60.0,100.0,100.0,100.0,100.0,94.0,13.5,10,2025-05-13
BM-83348A34,Manufacturing,L,2023,payment_compliance_rate,0.0,100.0,100.0,100.0,100.0,90.0,31.62,10,2025-05-13
BM-C0207794,Manufacturing,L,2024,profit_margin,3.0,9.9,11.14,12.72,13.71,10.05,3.94,10,2025-05-13
BM-E44806E7,Manufacturing,L,2024,effective_tax_rate,3.77,15.45,17.9,19.87,22.18,15.77,6.58,10,2025-05-13
BM-86780D11,Manufacturing,L,2024,statutory_tax_rate,18.81,22.22,23.15,26.05,27.68,23.79,2.69,10,2025-05-13
BM-AFCD5EC5,Manufacturing,L,2024,tax_credit_impact,4.0,4.69,5.07,5.95,22.38,8.02,6.52,10,2025-05-13
BM-FD25BD12,Manufacturing,L,2024,input_output_ratio,1.11,1.13,1.15,1.18,1.37,1.18,0.09,10,2025-05-13
BM-7A1817DA,Manufacturing,L,2024,labour_cost_ratio,7.93,8.47,10.08,13.7,17.09,11.19,3.33,10,2025-05-13
BM-A4C9D0D4,Manufacturing,L,2024,revenue_per_employee,198630.39,245398.07,288038.01,353068.39,383057.25,297430.2,64941.15,10,2025-05-13
BM-E563486E,Manufacturing,L,2024,credit_utilisation_ratio,18.41,20.81,21.43,22.77,24.53,21.57,1.74,10,2025-05-13
BM-180C49C4,Manufacturing,L,2024,vat_income_consistency,0.0,0.0,0.0,0.0,2.24,0.22,0.71,10,2025-05-13
BM-3017393D,Manufacturing,L,2024,tax_savings_ratio,181.07,263.02,281.58,309.11,356.93,281.12,47.32,10,2025-05-13
BM-8B42F8C1,Manufacturing,L,2024,book_tax_gap,55.65,57.84,61.7,64.86,69.27,61.77,4.53,10,2025-05-13
BM-4E1BFD23,Manufacturing,L,2024,filing_compliance_rate,60.0,100.0,100.0,100.0,100.0,96.0,12.65,10,2025-05-13
BM-F00BA6BD,Manufacturing,L,2024,payment_compliance_rate,0.0,90.27,100.0,100.0,100.0,78.16,41.37,10,2025-05-13
BM-1ACDE85F,Manufacturing,L,All,profit_margin,3.0,9.44,11.42,12.7,14.37,10.12,3.68,30,2025-05-13
BM-3C5BC95B,Manufacturing,L,All,effective_tax_rate,3.77,14.9,17.95,20.39,22.18,16.1,5.71,30,2025-05-13
BM-10E415C9,Manufacturing,L,All,statutory_tax_rate,18.81,22.1,23.15,26.14,27.68,23.79,2.59,30,2025-05-13
BM-7D0DB13F,Manufacturing,L,All,tax_credit_impact,3.64,4.75,5.11,6.11,22.38,7.69,5.57,30,2025-05-13
BM-9DFDEC27,Manufacturing,L,All,input_output_ratio,1.11,1.15,1.17,1.2,1.39,1.19,0.07,30,2025-05-13
BM-190AC0F6,Manufacturing,L,All,labour_cost_ratio,6.23,8.91,10.55,13.49,17.72,11.17,2.97,30,2025-05-13
BM-351D1E6B,Manufacturing,L,All,revenue_per_employee,178544.09,236308.23,289037.49,341208.89,420308.91,293274.28,65043.79,30,2025-05-13
BM-DCE96575,Manufacturing,L,All,credit_utilisation_ratio,18.41,20.58,21.57,23.0,24.56,21.59,1.64,30,2025-05-13
BM-EC0F7912,Manufacturing,L,All,vat_income_consistency,0.0,0.0,0.0,0.0,4.62,0.45,1.19,30,2025-05-13
BM-ACE6BDFD,Manufacturing,L,All,tax_savings_ratio,181.07,249.91,274.91,320.43,542.93,290.86,78.67,30,2025-05-13
BM-67EC6052,Manufacturing,L,All,book_tax_gap,50.78,57.86,61.37,64.86,70.44,61.31,5.2,30,2025-05-13
BM-883D8A55,Manufacturing,L,All,filing_compliance_rate,60.0,100.0,100.0,100.0,100.0,94.67,12.79,30,2025-05-13
BM-373841FE,Manufacturing,L,All,payment_compliance_rate,0.0,100.0,100.0,100.0,100.0,85.73,34.32,30,2025-05-13
BM-6B8F354F,Manufacturing,All,2022,profit_margin,1.0,6.02,8.3,10.39,14.57,8.18,3.67,51,2025-05-13
BM-8E5B94B4,Manufacturing,All,2022,effective_tax_rate,1.56,17.16,19.87,21.84,26.46,17.87,6.63,51,2025-05-13
BM-EF48FDDF,Manufacturing,All,2022,statutory_tax_rate,18.81,22.54,24.08,26.43,29.61,24.6,2.6,51,2025-05-13
BM-6900AC83,Manufacturing,All,2022,tax_credit_impact,2.14,2.76,3.52,5.53,23.29,6.73,6.52,51,2025-05-13
BM-0563BF43,Manufacturing,All,2022,input_output_ratio,1.12,1.25,1.31,1.35,2.16,1.33,0.19,51,2025-05-13
BM-489EBA70,Manufacturing,All,2022,labour_cost_ratio,8.75,12.05,14.5,18.25,30.0,16.17,5.87,51,2025-05-13
BM-ACAC74C8,Manufacturing,All,2022,revenue_per_employee,54088.33,123160.66,170051.59,236208.64,359234.67,179565.33,77091.55,51,2025-05-13
BM-229C27D0,Manufacturing,All,2022,credit_utilisation_ratio,9.31,10.75,14.1,17.49,23.36,14.6,4.38,51,2025-05-13
BM-4435DD48,Manufacturing,All,2022,vat_income_consistency,0.0,0.0,0.0,0.0,5.94,0.58,1.46,51,2025-05-13
BM-72E61E41,Manufacturing,All,2022,tax_savings_ratio,177.95,209.78,267.67,317.81,517.25,280.53,85.09,51,2025-05-13
BM-1C265911,Manufacturing,All,2022,book_tax_gap,50.53,56.73,61.38,64.86,71.64,60.6,5.73,51,2025-05-13
BM-9397411D,Manufacturing,All,2022,filing_compliance_rate,0.0,100.0,100.0,100.0,100.0,92.16,17.92,51,2025-05-13
BM-73EF0D9D,Manufacturing,All,2022,payment_compliance_rate,0.0,100.0,100.0,100.0,100.0,88.63,29.95,51,2025-05-13
BM-3A9DB385,Manufacturing,All,2023,profit_margin,1.0,6.49,8.59,10.15,12.84,7.97,3.24,53,2025-05-13
BM-7104A32F,Manufacturing,All,2023,effective_tax_rate,2.42,17.14,20.16,22.16,26.56,18.02,6.67,53,2025-05-13
BM-4CFF46A0,Manufacturing,All,2023,statutory_tax_rate,18.81,22.57,24.08,26.49,29.61,24.66,2.63,53,2025-05-13
BM-1B6E9D13,Manufacturing,All,2023,tax_credit_impact,2.16,2.95,3.43,5.29,22.73,6.64,6.61,53,2025-05-13
BM-F96F55E6,Manufacturing,All,2023,input_output_ratio,1.13,1.24,1.31,1.36,2.14,1.33,0.18,53,2025-05-13
BM-9FADD2B5,Manufacturing,All,2023,labour_cost_ratio,6.23,11.15,14.19,22.7,30.0,16.83,7.14,53,2025-05-13
BM-05FA5864,Manufacturing,All,2023,revenue_per_employee,38711.0,106169.5,161451.8,236115.96,420308.91,181169.42,96415.94,53,2025-05-13
BM-2E9CC66C,Manufacturing,All,2023,credit_utilisation_ratio,9.29,10.78,13.75,16.72,24.56,14.43,4.36,53,2025-05-13
BM-B185544D,Manufacturing,All,2023,vat_income_consistency,0.0,0.0,0.0,0.0,14.83,0.96,2.54,53,2025-05-13
BM-3E80B746,Manufacturing,All,2023,tax_savings_ratio,177.64,212.71,265.33,300.04,599.2,282.49,94.48,53,2025-05-13
BM-524F8E75,Manufacturing,All,2023,book_tax_gap,51.06,55.05,60.21,66.57,75.07,60.66,6.28,53,2025-05-13
BM-6EA56598,Manufacturing,All,2023,filing_compliance_rate,40.0,100.0,100.0,100.0,100.0,92.45,15.8,53,2025-05-13
BM-3B8EF062,Manufacturing,All,2023,payment_compliance_rate,0.0,100.0,100.0,100.0,100.0,90.42,29.48,53,2025-05-13
BM-96426326,Manufacturing,All,2024,profit_margin,1.0,5.73,8.72,10.88,13.71,8.19,3.45,56,2025-05-13
BM-B8EAEE3E,Manufacturing,All,2024,effective_tax_rate,2.62,17.32,20.01,22.3,26.86,17.88,7.0,56,2025-05-13
BM-D6CDAF50,Manufacturing,All,2024,statutory_tax_rate,18.81,22.56,24.41,26.71,29.74,24.71,2.73,56,2025-05-13
BM-DC46A476,Manufacturing,All,2024,tax_credit_impact,2.12,2.79,3.57,5.29,22.61,6.83,6.85,56,2025-05-13
BM-0682765F,Manufacturing,All,2024,input_output_ratio,1.11,1.24,1.32,1.36,2.07,1.33,0.17,56,2025-05-13
BM-CFBFC1DE,Manufacturing,All,2024,labour_cost_ratio,7.32,11.81,15.33,21.69,30.0,16.29,5.9,56,2025-05-13
BM-217A40C5,Manufacturing,All,2024,revenue_per_employee,64753.5,110783.27,154574.43,232498.85,383057.25,179781.74,82905.56,56,2025-05-13
BM-13123438,Manufacturing,All,2024,credit_utilisation_ratio,9.21,10.44,13.83,17.4,24.53,14.43,4.38,56,2025-05-13
BM-BC12916C,Manufacturing,All,2024,vat_income_consistency,0.0,0.0,0.0,0.0,6.93,0.58,1.46,56,2025-05-13
BM-72AAD9C7,Manufacturing,All,2024,tax_savings_ratio,166.79,218.78,258.86,305.24,688.69,269.6,84.11,56,2025-05-13
BM-F3CC8810,Manufacturing,All,2024,book_tax_gap,51.53,55.98,60.12,65.18,75.91,60.61,6.2,56,2025-05-13
BM-1B9FD73A,Manufacturing,All,2024,filing_compliance_rate,40.0,100.0,100.0,100.0,100.0,93.21,15.39,56,2025-05-13
BM-2FA58479,Manufacturing,All,2024,payment_compliance_rate,0.0,99.98,100.0,100.0,100.0,84.7,35.13,56,2025-05-13
BM-3921FEBF,Manufacturing,All,All,profit_margin,1.0,6.08,8.58,10.57,14.57,8.11,3.43,160,2025-05-13
BM-B18DC6E8,Manufacturing,All,All,effective_tax_rate,1.56,17.24,20.06,22.19,26.86,17.92,6.73,160,2025-05-13
BM-D0509FC9,Manufacturing,All,All,statutory_tax_rate,18.81,22.56,24.08,26.54,29.74,24.66,2.64,160,2025-05-13
BM-53F77A13,Manufacturing,All,All,tax_credit_impact,2.12,2.76,3.48,5.34,23.29,6.74,6.62,160,2025-05-13
BM-1D1B1B05,Manufacturing,All,All,input_output_ratio,1.11,1.24,1.31,1.36,2.16,1.33,0.18,160,2025-05-13
BM-AB178C80,Manufacturing,All,All,labour_cost_ratio,6.23,11.34,14.57,20.74,30.0,16.43,6.29,160,2025-05-13
BM-4B5EA7B9,Manufacturing,All,All,revenue_per_employee,38711.0,109421.75,161754.02,235918.99,420308.91,180172.43,85365.01,160,2025-05-13
BM-43C6D9E7,Manufacturing,All,All,credit_utilisation_ratio,9.21,10.64,13.85,17.43,24.56,14.49,4.35,160,2025-05-13
BM-D822B65C,Manufacturing,All,All,vat_income_consistency,0.0,0.0,0.0,0.0,14.83,0.71,1.88,160,2025-05-13
BM-CF34A768,Manufacturing,All,All,tax_savings_ratio,166.79,213.68,263.23,309.7,688.69,277.35,87.62,160,2025-05-13
BM-6571479D,Manufacturing,All,All,book_tax_gap,50.53,55.58,60.52,65.18,75.91,60.62,6.04,160,2025-05-13
BM-A9C50138,Manufacturing,All,All,filing_compliance_rate,0.0,100.0,100.0,100.0,100.0,92.62,16.27,160,2025-05-13
BM-CF8C7944,Manufacturing,All,All,payment_compliance_rate,0.0,99.99,100.0,100.0,100.0,87.85,31.61,160,2025-05-13
BM-E262137F,Logistics and Transportation,S,2022,profit_margin,1.0,6.07,8.71,9.31,10.76,7.55,2.65,26,2025-05-13
BM-CE1DB57C,Logistics and Transportation,S,2022,effective_tax_rate,4.03,21.01,22.26,23.97,27.39,20.88,5.73,26,2025-05-13
BM-FDAC0134,Logistics and Transportation,S,2022,statutory_tax_rate,22.35,23.72,25.54,26.24,29.73,25.38,1.96,26,2025-05-13
BM-C76E8E4C,Logistics and Transportation,S,2022,tax_credit_impact,1.68,1.96,2.06,2.35,22.62,4.5,5.98,26,2025-05-13
BM-F10FE9BE,Logistics and Transportation,S,2022,input_output_ratio,1.23,1.25,1.28,1.29,2.02,1.32,0.16,26,2025-05-13
BM-6FCE17AE,Logistics and Transportation,S,2022,labour_cost_ratio,7.26,16.11,23.42,31.8,40.0,24.39,10.17,26,2025-05-13
BM-45CCA859,Logistics and Transportation,S,2022,revenue_per_employee,39849.5,63946.58,83821.67,124686.98,285806.0,99369.36,52177.14,26,2025-05-13
BM-B092CB7B,Logistics and Transportation,S,2022,credit_utilisation_ratio,7.06,7.93,8.38,8.81,10.28,8.33,0.74,26,2025-05-13
BM-0E219FD7,Logistics and Transportation,S,2022,vat_income_consistency,0.0,0.0,0.0,0.0,6.9,0.33,1.36,26,2025-05-13
BM-872EA9D0,Logistics and Transportation,S,2022,tax_savings_ratio,177.76,196.82,247.11,287.74,812.35,274.26,126.12,26,2025-05-13
BM-90D1BF40,Logistics and Transportation,S,2022,book_tax_gap,50.45,54.38,58.63,66.26,75.45,60.18,7.08,26,2025-05-13
BM-B1102192,Logistics and Transportation,S,2022,filing_compliance_rate,60.0,100.0,100.0,100.0,100.0,95.38,10.29,26,2025-05-13
BM-780746D8,Logistics and Transportation,S,2022,payment_compliance_rate,0.0,99.99,100.0,100.0,100.0,95.9,19.58,26,2025-05-13
BM-11EF8E42,Logistics and Transportation,S,2023,profit_margin,1.0,5.4,7.49,8.3,11.2,6.86,2.47,26,2025-05-13
BM-DAD7E435,Logistics and Transportation,S,2023,effective_tax_rate,3.23,21.08,22.54,23.94,27.2,20.71,6.3,26,2025-05-13
BM-E08718D5,Logistics and Transportation,S,2023,statutory_tax_rate,22.35,23.72,25.54,26.24,29.73,25.38,1.96,26,2025-05-13
BM-E05B02FE,Logistics and Transportation,S,2023,tax_credit_impact,0.07,1.87,2.05,2.41,23.41,4.67,6.59,26,2025-05-13
BM-2155438A,Logistics and Transportation,S,2023,input_output_ratio,1.21,1.25,1.28,1.32,2.07,1.32,0.16,26,2025-05-13
BM-8225B2AD,Logistics and Transportation,S,2023,labour_cost_ratio,12.62,15.2,17.47,29.56,40.0,21.65,8.59,26,2025-05-13
BM-699D7B75,Logistics and Transportation,S,2023,revenue_per_employee,43180.0,72082.4,102753.96,124874.18,168604.5,101031.8,34148.63,26,2025-05-13
BM-EB903061,Logistics and Transportation,S,2023,credit_utilisation_ratio,7.08,7.95,8.49,8.82,10.27,8.37,0.73,26,2025-05-13
BM-24A0CB84,Logistics and Transportation,S,2023,vat_income_consistency,0.0,0.0,0.0,0.0,8.53,0.51,1.72,26,2025-05-13
BM-DE796A39,Logistics and Transportation,S,2023,tax_savings_ratio,173.7,247.38,273.35,300.06,495.66,276.03,64.1,26,2025-05-13
BM-EFCD0DEB,Logistics and Transportation,S,2023,book_tax_gap,53.81,58.75,62.72,67.63,74.34,62.91,5.65,26,2025-05-13
BM-5CA44FFB,Logistics and Transportation,S,2023,filing_compliance_rate,40.0,100.0,100.0,100.0,100.0,93.85,14.72,26,2025-05-13
BM-0782AF44,Logistics and Transportation,S,2023,payment_compliance_rate,0.0,99.99,100.0,100.0,100.0,88.3,32.53,26,2025-05-13
BM-FACF1257,Logistics and Transportation,S,2024,profit_margin,1.0,6.63,7.52,8.61,12.0,7.35,2.61,26,2025-05-13
BM-DC8847CD,Logistics and Transportation,S,2024,effective_tax_rate,2.06,21.33,22.47,23.9,27.15,20.69,6.31,26,2025-05-13
BM-DFECD13F,Logistics and Transportation,S,2024,statutory_tax_rate,22.35,23.72,25.54,26.24,29.73,25.38,1.96,26,2025-05-13
BM-4007E10A,Logistics and Transportation,S,2024,tax_credit_impact,1.63,1.84,2.05,2.27,24.59,4.69,6.59,26,2025-05-13
BM-CA073124,Logistics and Transportation,S,2024,input_output_ratio,1.22,1.26,1.28,1.3,2.06,1.32,0.16,26,2025-05-13
BM-72F65FDC,Logistics and Transportation,S,2024,labour_cost_ratio,11.81,16.86,20.0,24.42,40.0,21.59,7.16,26,2025-05-13
BM-C83E193D,Logistics and Transportation,S,2024,revenue_per_employee,45797.61,79222.5,99155.91,120179.75,155956.5,99468.21,30122.24,26,2025-05-13
BM-5417FE5C,Logistics and Transportation,S,2024,credit_utilisation_ratio,7.05,7.39,8.0,8.68,10.64,8.11,0.82,26,2025-05-13
BM-78E059D2,Logistics and Transportation,S,2024,vat_income_consistency,0.0,0.0,0.0,0.0,4.06,0.42,1.11,26,2025-05-13
BM-234A4414,Logistics and Transportation,S,2024,tax_savings_ratio,176.06,202.83,233.24,283.94,474.8,252.54,69.48,26,2025-05-13
BM-7E231765,Logistics and Transportation,S,2024,book_tax_gap,51.44,54.25,58.96,64.48,69.52,59.37,6.01,26,2025-05-13
BM-E51D8426,Logistics and Transportation,S,2024,filing_compliance_rate,60.0,100.0,100.0,100.0,100.0,93.85,13.59,26,2025-05-13
BM-963D4425,Logistics and Transportation,S,2024,payment_compliance_rate,0.0,99.95,100.0,100.0,100.0,80.45,40.06,26,2025-05-13
BM-3E274255,Logistics and Transportation,S,All,profit_margin,1.0,6.11,7.63,8.94,12.0,7.25,2.56,78,2025-05-13
BM-E5B78446,Logistics and Transportation,S,All,effective_tax_rate,2.06,21.05,22.45,23.94,27.39,20.76,6.04,78,2025-05-13
BM-AC41ACA6,Logistics and Transportation,S,All,statutory_tax_rate,22.35,23.6,25.54,26.24,29.73,25.38,1.93,78,2025-05-13
BM-20369F27,Logistics and Transportation,S,All,tax_credit_impact,0.07,1.88,2.06,2.35,24.59,4.62,6.31,78,2025-05-13
BM-B4A08406,Logistics and Transportation,S,All,input_output_ratio,1.21,1.25,1.28,1.31,2.07,1.32,0.16,78,2025-05-13
BM-BEC656CC,Logistics and Transportation,S,All,labour_cost_ratio,7.26,16.33,20.85,27.65,40.0,22.54,8.71,78,2025-05-13
BM-518267C7,Logistics and Transportation,S,All,revenue_per_employee,39849.5,68397.96,101219.98,124874.18,285806.0,99956.46,39467.81,78,2025-05-13
BM-5EC80366,Logistics and Transportation,S,All,credit_utilisation_ratio,7.05,7.69,8.35,8.75,10.64,8.27,0.76,78,2025-05-13
BM-00541E06,Logistics and Transportation,S,All,vat_income_consistency,0.0,0.0,0.0,0.0,8.53,0.42,1.4,78,2025-05-13
BM-4E835A46,Logistics and Transportation,S,All,tax_savings_ratio,173.7,205.91,251.09,296.42,812.35,267.61,90.45,78,2025-05-13
BM-C762DC9F,Logistics and Transportation,S,All,book_tax_gap,50.45,55.05,59.85,66.77,75.45,60.82,6.38,78,2025-05-13
BM-1B8E9244,Logistics and Transportation,S,All,filing_compliance_rate,40.0,100.0,100.0,100.0,100.0,94.36,12.85,78,2025-05-13
BM-47753AA3,Logistics and Transportation,S,All,payment_compliance_rate,0.0,99.99,100.0,100.0,100.0,88.22,32.09,78,2025-05-13
BM-EB6EF31E,Logistics and Transportation,M,2022,profit_margin,7.99,9.38,9.85,10.63,11.84,9.98,1.09,13,2025-05-13
BM-1958452E,Logistics and Transportation,M,2022,effective_tax_rate,18.15,19.09,20.47,22.05,24.14,20.72,2.09,13,2025-05-13
BM-5FB294C8,Logistics and Transportation,M,2022,statutory_tax_rate,20.58,21.57,23.1,24.65,27.45,23.46,2.42,13,2025-05-13
BM-E79114FE,Logistics and Transportation,M,2022,tax_credit_impact,2.27,2.48,2.59,2.89,3.5,2.74,0.39,13,2025-05-13
BM-DA94CDA9,Logistics and Transportation,M,2022,input_output_ratio,1.16,1.16,1.18,1.2,1.24,1.19,0.03,13,2025-05-13
BM-167D450F,Logistics and Transportation,M,2022,labour_cost_ratio,14.07,18.87,21.35,24.03,31.84,21.72,5.11,13,2025-05-13
BM-E1B2081F,Logistics and Transportation,M,2022,revenue_per_employee,83174.55,107734.5,111268.06,136978.18,180718.12,123391.86,28256.13,13,2025-05-13
BM-54563AE0,Logistics and Transportation,M,2022,credit_utilisation_ratio,10.52,10.88,11.51,12.2,13.43,11.65,0.9,13,2025-05-13
BM-4A04832F,Logistics and Transportation,M,2022,vat_income_consistency,0.0,0.0,0.0,0.0,0.0,0.0,0.0,13,2025-05-13
BM-F27D5BB7,Logistics and Transportation,M,2022,tax_savings_ratio,164.06,206.64,242.97,277.99,318.55,242.53,47.33,13,2025-05-13
BM-91EC01D5,Logistics and Transportation,M,2022,book_tax_gap,51.04,54.84,59.38,61.79,68.66,58.84,5.76,13,2025-05-13
BM-F4A04B11,Logistics and Transportation,M,2022,filing_compliance_rate,80.0,100.0,100.0,100.0,100.0,98.46,5.55,13,2025-05-13
BM-38BA51F0,Logistics and Transportation,M,2022,payment_compliance_rate,0.0,100.0,100.0,100.0,100.0,92.31,27.73,13,2025-05-13
BM-38154827,Logistics and Transportation,M,2023,profit_margin,8.63,9.14,10.64,11.4,13.18,10.53,1.44,13,2025-05-13
BM-351C7D17,Logistics and Transportation,M,2023,effective_tax_rate,17.82,19.1,20.57,21.53,24.29,20.67,2.18,13,2025-05-13
BM-15D0569B,Logistics and Transportation,M,2023,statutory_tax_rate,20.58,21.57,23.1,24.65,27.45,23.46,2.42,13,2025-05-13
BM-92639896,Logistics and Transportation,M,2023,tax_credit_impact,2.43,2.55,2.7,2.99,3.38,2.79,0.31,13,2025-05-13
BM-FC4C881E,Logistics and Transportation,M,2023,input_output_ratio,1.15,1.17,1.2,1.21,1.25,1.19,0.03,13,2025-05-13
BM-BDB6F346,Logistics and Transportation,M,2023,labour_cost_ratio,10.83,13.58,16.21,18.43,23.39,16.3,3.74,13,2025-05-13
BM-EBA50C66,Logistics and Transportation,M,2023,revenue_per_employee,100785.76,132897.4,149094.01,190008.33,201207.2,154369.81,34493.69,13,2025-05-13
BM-BC50B0D5,Logistics and Transportation,M,2023,credit_utilisation_ratio,10.5,11.46,11.83,12.6,13.41,11.9,0.86,13,2025-05-13
BM-4DA2D7DC,Logistics and Transportation,M,2023,vat_income_consistency,0.0,0.0,0.0,0.0,0.0,0.0,0.0,13,2025-05-13
BM-E29CE5E2,Logistics and Transportation,M,2023,tax_savings_ratio,172.7,213.37,244.21,272.23,375.55,256.05,61.86,13,2025-05-13
BM-10767CF1,Logistics and Transportation,M,2023,book_tax_gap,52.85,57.29,60.07,62.42,68.61,59.85,4.52,13,2025-05-13
BM-03488C25,Logistics and Transportation,M,2023,filing_compliance_rate,80.0,100.0,100.0,100.0,100.0,98.46,5.55,13,2025-05-13
BM-EE1AF098,Logistics and Transportation,M,2023,payment_compliance_rate,0.0,100.0,100.0,100.0,100.0,92.31,27.73,13,2025-05-13
BM-D4870749,Logistics and Transportation,M,2024,profit_margin,6.74,8.35,10.54,11.75,14.12,10.32,2.31,13,2025-05-13
BM-B6AB1A26,Logistics and Transportation,M,2024,effective_tax_rate,17.99,19.09,20.1,21.97,24.42,20.71,2.13,13,2025-05-13
BM-10EC44A1,Logistics and Transportation,M,2024,statutory_tax_rate,20.58,21.57,23.1,24.65,27.45,23.46,2.42,13,2025-05-13
BM-8E599570,Logistics and Transportation,M,2024,tax_credit_impact,2.33,2.57,2.61,3.0,3.45,2.75,0.34,13,2025-05-13
BM-56F21BAB,Logistics and Transportation,M,2024,input_output_ratio,1.12,1.17,1.17,1.22,1.24,1.18,0.03,13,2025-05-13
BM-AABF2A5F,Logistics and Transportation,M,2024,labour_cost_ratio,11.8,13.85,14.55,21.34,29.11,17.52,5.52,13,2025-05-13
BM-CF103DA4,Logistics and Transportation,M,2024,revenue_per_employee,92763.25,129863.77,147776.33,192794.91,233925.25,159115.0,47541.29,13,2025-05-13
BM-783C3133,Logistics and Transportation,M,2024,credit_utilisation_ratio,10.86,11.16,11.49,12.26,13.0,11.71,0.73,13,2025-05-13
BM-7B45B687,Logistics and Transportation,M,2024,vat_income_consistency,0.0,0.0,0.0,0.0,0.0,0.0,0.0,13,2025-05-13
BM-2239C947,Logistics and Transportation,M,2024,tax_savings_ratio,169.53,225.88,256.8,300.34,380.7,260.51,57.13,13,2025-05-13
BM-F58CA183,Logistics and Transportation,M,2024,book_tax_gap,52.41,57.7,60.72,63.23,69.93,60.43,5.64,13,2025-05-13
BM-3B021078,Logistics and Transportation,M,2024,filing_compliance_rate,80.0,100.0,100.0,100.0,100.0,98.46,5.55,13,2025-05-13
BM-75A89476,Logistics and Transportation,M,2024,payment_compliance_rate,99.99,100.0,100.0,100.0,100.0,100.0,0.0,13,2025-05-13
BM-D0DC8C42,Logistics and Transportation,M,All,profit_margin,6.74,9.13,10.4,11.33,14.12,10.28,1.66,39,2025-05-13
BM-DCD998FC,Logistics and Transportation,M,All,effective_tax_rate,17.82,19.09,20.47,22.01,24.42,20.7,2.08,39,2025-05-13
BM-BD482ECF,Logistics and Transportation,M,All,statutory_tax_rate,20.58,21.57,23.1,24.65,27.45,23.46,2.35,39,2025-05-13
BM-F0127415,Logistics and Transportation,M,All,tax_credit_impact,2.27,2.49,2.62,3.0,3.5,2.76,0.34,39,2025-05-13
BM-DE5F88A3,Logistics and Transportation,M,All,input_output_ratio,1.12,1.16,1.19,1.21,1.25,1.19,0.03,39,2025-05-13
BM-DA3A15F8,Logistics and Transportation,M,All,labour_cost_ratio,10.83,14.13,17.71,21.84,31.84,18.51,5.27,39,2025-05-13
BM-7E018DBA,Logistics and Transportation,M,All,revenue_per_employee,83174.55,111195.28,138770.83,175980.77,233925.25,145625.56,39989.04,39,2025-05-13
BM-703F53AE,Logistics and Transportation,M,All,credit_utilisation_ratio,10.5,11.1,11.7,12.33,13.43,11.75,0.82,39,2025-05-13
BM-8941752F,Logistics and Transportation,M,All,vat_income_consistency,0.0,0.0,0.0,0.0,0.0,0.0,0.0,39,2025-05-13
BM-C18E257A,Logistics and Transportation,M,All,tax_savings_ratio,164.06,210.44,250.34,283.52,380.7,253.03,54.83,39,2025-05-13
BM-DBD713C2,Logistics and Transportation,M,All,book_tax_gap,51.04,55.06,60.07,62.55,69.93,59.7,5.24,39,2025-05-13
BM-21363A8F,Logistics and Transportation,M,All,filing_compliance_rate,80.0,100.0,100.0,100.0,100.0,98.46,5.4,39,2025-05-13
BM-FF56AC01,Logistics and Transportation,M,All,payment_compliance_rate,0.0,100.0,100.0,100.0,100.0,94.87,22.35,39,2025-05-13
BM-9AB6999C,Logistics and Transportation,L,2022,profit_margin,3.0,3.0,6.3,10.57,11.79,6.88,4.31,6,2025-05-13
BM-A659ED59,Logistics and Transportation,L,2022,effective_tax_rate,4.56,4.62,10.38,16.65,18.57,10.89,6.9,6,2025-05-13
BM-2AA5DA04,Logistics and Transportation,L,2022,statutory_tax_rate,18.7,20.18,21.17,22.31,26.77,21.72,2.81,6,2025-05-13
BM-3973BEF2,Logistics and Transportation,L,2022,tax_credit_impact,2.71,3.3,10.13,16.64,22.21,10.84,8.56,6,2025-05-13
BM-1275DADC,Logistics and Transportation,L,2022,input_output_ratio,1.08,1.09,1.17,1.23,1.28,1.17,0.09,6,2025-05-13
BM-0F3E6BDF,Logistics and Transportation,L,2022,labour_cost_ratio,9.89,10.7,14.05,17.05,29.21,15.81,7.23,6,2025-05-13
BM-BEACED5A,Logistics and Transportation,L,2022,revenue_per_employee,128713.99,164586.94,224403.13,298269.1,366858.92,235319.74,93325.01,6,2025-05-13
BM-A704EF76,Logistics and Transportation,L,2022,credit_utilisation_ratio,14.49,15.87,17.75,19.02,19.42,17.35,2.06,6,2025-05-13
BM-E160DE2C,Logistics and Transportation,L,2022,vat_income_consistency,0.0,0.0,0.51,2.08,4.02,1.25,1.66,6,2025-05-13
BM-114B5751,Logistics and Transportation,L,2022,tax_savings_ratio,227.18,248.42,282.27,306.25,343.48,281.1,43.78,6,2025-05-13
BM-939695C9,Logistics and Transportation,L,2022,book_tax_gap,55.01,60.2,63.22,67.85,69.83,63.31,5.67,6,2025-05-13
BM-A8671B6B,Logistics and Transportation,L,2022,filing_compliance_rate,60.0,100.0,100.0,100.0,100.0,93.33,16.33,6,2025-05-13
BM-831B50D2,Logistics and Transportation,L,2022,payment_compliance_rate,0.0,100.0,100.0,100.0,100.0,83.33,40.82,6,2025-05-13
BM-AC6D95F6,Logistics and Transportation,L,2023,profit_margin,3.0,3.0,6.75,11.03,12.6,7.22,4.67,6,2025-05-13
BM-2F3DB7B5,Logistics and Transportation,L,2023,effective_tax_rate,4.74,4.99,10.7,16.53,18.86,11.09,6.72,6,2025-05-13
BM-D0872D55,Logistics and Transportation,L,2023,statutory_tax_rate,18.7,20.18,21.17,22.31,26.77,21.72,2.81,6,2025-05-13
BM-EA28B506,Logistics and Transportation,L,2023,tax_credit_impact,2.84,3.31,9.97,16.5,21.22,10.63,8.27,6,2025-05-13
BM-6D56DD23,Logistics and Transportation,L,2023,input_output_ratio,1.12,1.13,1.17,1.22,1.27,1.18,0.06,6,2025-05-13
BM-DD0C9B34,Logistics and Transportation,L,2023,labour_cost_ratio,11.84,13.32,15.31,17.83,21.97,15.96,3.75,6,2025-05-13
BM-6B684609,Logistics and Transportation,L,2023,revenue_per_employee,161570.98,174771.12,225660.51,263797.27,273935.82,220190.89,50527.4,6,2025-05-13
BM-24088943,Logistics and Transportation,L,2023,credit_utilisation_ratio,15.18,16.06,18.09,19.52,19.8,17.76,2.09,6,2025-05-13
BM-0FD9E423,Logistics and Transportation,L,2023,vat_income_consistency,0.0,0.0,0.49,2.03,2.58,0.99,1.22,6,2025-05-13
BM-1769C455,Logistics and Transportation,L,2023,tax_savings_ratio,221.88,268.21,280.4,320.72,355.47,289.41,48.07,6,2025-05-13
BM-F4F9FD72,Logistics and Transportation,L,2023,book_tax_gap,59.26,63.73,64.11,65.27,67.73,64.08,2.8,6,2025-05-13
BM-A45444A3,Logistics and Transportation,L,2023,filing_compliance_rate,60.0,85.0,100.0,100.0,100.0,90.0,16.73,6,2025-05-13
BM-4EFBB204,Logistics and Transportation,L,2023,payment_compliance_rate,0.0,19.0,88.01,100.0,100.0,62.67,49.42,6,2025-05-13
BM-4C30FBC5,Logistics and Transportation,L,2024,profit_margin,3.0,3.13,5.99,9.71,11.9,6.67,3.98,6,2025-05-13
BM-F2D8805C,Logistics and Transportation,L,2024,effective_tax_rate,4.14,5.85,11.4,16.27,19.08,11.32,6.44,6,2025-05-13
BM-4DC34A12,Logistics and Transportation,L,2024,statutory_tax_rate,18.7,20.18,21.17,22.31,26.77,21.72,2.81,6,2025-05-13
BM-24F41A18,Logistics and Transportation,L,2024,tax_credit_impact,3.29,3.41,8.75,16.12,21.43,10.41,8.04,6,2025-05-13
BM-91870A33,Logistics and Transportation,L,2024,input_output_ratio,1.05,1.07,1.13,1.21,1.26,1.14,0.09,6,2025-05-13
BM-1FD03707,Logistics and Transportation,L,2024,labour_cost_ratio,10.06,12.41,13.26,16.29,23.28,14.88,4.74,6,2025-05-13
BM-4AFCDE3B,Logistics and Transportation,L,2024,revenue_per_employee,171883.35,193182.27,230380.4,252665.95,282306.27,225971.3,42915.27,6,2025-05-13
BM-426FA309,Logistics and Transportation,L,2024,credit_utilisation_ratio,15.69,16.99,17.49,18.24,18.68,17.44,1.09,6,2025-05-13
BM-41617435,Logistics and Transportation,L,2024,vat_income_consistency,0.0,0.0,0.77,3.05,6.33,1.91,2.58,6,2025-05-13
BM-435DEA28,Logistics and Transportation,L,2024,tax_savings_ratio,164.62,228.76,281.58,311.1,475.49,289.23,106.64,6,2025-05-13
BM-745C40EA,Logistics and Transportation,L,2024,book_tax_gap,55.73,60.66,67.28,68.26,69.23,64.43,5.75,6,2025-05-13
BM-329BA131,Logistics and Transportation,L,2024,filing_compliance_rate,60.0,85.0,100.0,100.0,100.0,90.0,16.73,6,2025-05-13
BM-AA4F212C,Logistics and Transportation,L,2024,payment_compliance_rate,0.0,88.18,100.0,100.0,100.0,80.71,40.04,6,2025-05-13
BM-CA902247,Logistics and Transportation,L,All,profit_margin,3.0,3.0,5.99,10.79,12.6,6.92,4.07,18,2025-05-13
BM-EAA16F6C,Logistics and Transportation,L,All,effective_tax_rate,4.14,4.78,11.4,16.71,19.08,11.1,6.28,18,2025-05-13
BM-183EDA48,Logistics and Transportation,L,All,statutory_tax_rate,18.7,19.92,21.17,22.63,26.77,21.72,2.64,18,2025-05-13
BM-717D4D2B,Logistics and Transportation,L,All,tax_credit_impact,2.71,3.31,9.01,16.74,22.21,10.62,7.79,18,2025-05-13
BM-A82F4674,Logistics and Transportation,L,All,input_output_ratio,1.05,1.09,1.17,1.23,1.28,1.16,0.08,18,2025-05-13
BM-71D69336,Logistics and Transportation,L,All,labour_cost_ratio,9.89,12.35,13.89,17.6,29.21,15.55,5.13,18,2025-05-13
BM-0AAE8F45,Logistics and Transportation,L,All,revenue_per_employee,128713.99,174352.3,230380.4,268032.33,366858.92,227160.64,62412.7,18,2025-05-13
BM-D0B5A5DB,Logistics and Transportation,L,All,credit_utilisation_ratio,14.49,16.06,17.58,19.21,19.8,17.52,1.71,18,2025-05-13
BM-93770E0F,Logistics and Transportation,L,All,vat_income_consistency,0.0,0.0,0.49,2.42,6.33,1.38,1.84,18,2025-05-13
BM-2EB3E767,Logistics and Transportation,L,All,tax_savings_ratio,164.62,246.02,280.4,315.36,475.49,286.58,67.85,18,2025-05-13
BM-17FEB20B,Logistics and Transportation,L,All,book_tax_gap,55.01,60.2,64.83,67.73,69.83,63.94,4.66,18,2025-05-13
BM-D26D9C50,Logistics and Transportation,L,All,filing_compliance_rate,60.0,85.0,100.0,100.0,100.0,91.11,15.68,18,2025-05-13
BM-447DF794,Logistics and Transportation,L,All,payment_compliance_rate,0.0,78.07,100.0,100.0,100.0,75.57,42.06,18,2025-05-13
BM-8DC87369,Logistics and Transportation,All,2022,profit_margin,1.0,6.69,9.1,9.94,11.84,8.16,2.8,45,2025-05-13
BM-966BEF58,Logistics and Transportation,All,2022,effective_tax_rate,4.03,18.6,21.1,23.67,27.39,19.5,6.08,45,2025-05-13
BM-4884F125,Logistics and Transportation,All,2022,statutory_tax_rate,18.7,22.57,24.24,26.23,29.73,24.34,2.54,45,2025-05-13
BM-94F74F85,Logistics and Transportation,All,2022,tax_credit_impact,1.68,2.03,2.42,3.05,22.62,4.84,5.91,45,2025-05-13
BM-C5C69B91,Logistics and Transportation,All,2022,input_output_ratio,1.08,1.19,1.24,1.28,2.02,1.26,0.14,45,2025-05-13
BM-FFFDCA92,Logistics and Transportation,All,2022,labour_cost_ratio,7.26,15.1,21.35,27.0,40.0,22.47,8.96,45,2025-05-13
BM-9C2765B6,Logistics and Transportation,All,2022,revenue_per_employee,39849.5,79105.5,109136.16,153584.5,366858.92,124435.91,69300.43,45,2025-05-13
BM-AFF3A163,Logistics and Transportation,All,2022,credit_utilisation_ratio,7.06,8.3,8.95,11.84,19.42,10.49,3.25,45,2025-05-13
BM-AD1F782D,Logistics and Transportation,All,2022,vat_income_consistency,0.0,0.0,0.0,0.0,6.9,0.36,1.23,45,2025-05-13
BM-EE54D8BB,Logistics and Transportation,All,2022,tax_savings_ratio,164.06,206.64,250.34,289.2,812.35,266.01,100.5,45,2025-05-13
BM-43C9FCB8,Logistics and Transportation,All,2022,book_tax_gap,50.45,54.84,59.85,65.52,75.45,60.21,6.56,45,2025-05-13
BM-AB954346,Logistics and Transportation,All,2022,filing_compliance_rate,60.0,100.0,100.0,100.0,100.0,96.0,10.09,45,2025-05-13
BM-0974534F,Logistics and Transportation,All,2022,payment_compliance_rate,0.0,100.0,100.0,100.0,100.0,93.19,25.2,45,2025-05-13
BM-695D8E3C,Logistics and Transportation,All,2023,profit_margin,1.0,6.11,8.3,10.49,13.18,7.97,3.04,45,2025-05-13
BM-C72C5BB4,Logistics and Transportation,All,2023,effective_tax_rate,3.23,18.76,21.27,23.5,27.2,19.42,6.31,45,2025-05-13
BM-4648DFA6,Logistics and Transportation,All,2023,statutory_tax_rate,18.7,22.57,24.24,26.23,29.73,24.34,2.54,45,2025-05-13
BM-8F1115A2,Logistics and Transportation,All,2023,tax_credit_impact,0.07,2.02,2.47,3.11,23.41,4.92,6.19,45,2025-05-13
BM-C1D85D91,Logistics and Transportation,All,2023,input_output_ratio,1.12,1.2,1.24,1.28,2.07,1.26,0.14,45,2025-05-13
BM-3A751576,Logistics and Transportation,All,2023,labour_cost_ratio,10.83,14.44,16.72,21.97,40.0,19.35,7.4,45,2025-05-13
BM-6418DB18,Logistics and Transportation,All,2023,revenue_per_employee,43180.0,100785.76,125152.88,161570.98,273935.82,132328.44,55246.78,45,2025-05-13
BM-D4E1E949,Logistics and Transportation,All,2023,credit_utilisation_ratio,7.08,8.37,8.98,11.97,19.8,10.64,3.38,45,2025-05-13
BM-7AA8E455,Logistics and Transportation,All,2023,vat_income_consistency,0.0,0.0,0.0,0.0,8.53,0.43,1.4,45,2025-05-13
BM-98DE1DCD,Logistics and Transportation,All,2023,tax_savings_ratio,172.7,227.57,270.99,300.93,495.66,272.04,61.38,45,2025-05-13
BM-12DD53E4,Logistics and Transportation,All,2023,book_tax_gap,52.85,58.68,62.42,66.28,74.34,62.18,5.2,45,2025-05-13
BM-AB6E09CD,Logistics and Transportation,All,2023,filing_compliance_rate,40.0,100.0,100.0,100.0,100.0,94.67,13.07,45,2025-05-13
BM-2751B86B,Logistics and Transportation,All,2023,payment_compliance_rate,0.0,99.99,100.0,100.0,100.0,86.04,34.32,45,2025-05-13
BM-16B9FD5C,Logistics and Transportation,All,2024,profit_margin,1.0,6.77,8.23,10.54,14.12,8.12,3.03,45,2025-05-13
BM-AB594A4D,Logistics and Transportation,All,2024,effective_tax_rate,2.06,18.93,21.36,23.54,27.15,19.45,6.24,45,2025-05-13
BM-39F6A4A3,Logistics and Transportation,All,2024,statutory_tax_rate,18.7,22.57,24.24,26.23,29.73,24.34,2.54,45,2025-05-13
BM-EB119F92,Logistics and Transportation,All,2024,tax_credit_impact,1.63,1.95,2.48,3.29,24.59,4.89,6.13,45,2025-05-13
BM-ECE46635,Logistics and Transportation,All,2024,input_output_ratio,1.05,1.19,1.25,1.28,2.06,1.26,0.15,45,2025-05-13
BM-23F62530,Logistics and Transportation,All,2024,labour_cost_ratio,10.06,14.26,17.64,22.33,40.0,19.52,6.83,45,2025-05-13
BM-5E7798D3,Logistics and Transportation,All,2024,revenue_per_employee,45797.61,93974.42,123369.0,155956.5,282306.27,133566.58,58185.0,45,2025-05-13
BM-93D70E5F,Logistics and Transportation,All,2024,credit_utilisation_ratio,7.05,7.82,8.8,11.7,18.68,10.39,3.32,45,2025-05-13
BM-6CCA6FAF,Logistics and Transportation,All,2024,vat_income_consistency,0.0,0.0,0.0,0.0,6.33,0.5,1.34,45,2025-05-13
BM-DBA57AA3,Logistics and Transportation,All,2024,tax_savings_ratio,164.62,207.56,251.86,296.86,475.49,259.74,71.23,45,2025-05-13
BM-329C1A37,Logistics and Transportation,All,2024,book_tax_gap,51.44,54.67,59.77,66.62,69.93,60.35,5.98,45,2025-05-13
BM-153B000B,Logistics and Transportation,All,2024,filing_compliance_rate,60.0,100.0,100.0,100.0,100.0,94.67,12.36,45,2025-05-13
BM-C3FA6433,Logistics and Transportation,All,2024,payment_compliance_rate,0.0,99.99,100.0,100.0,100.0,86.13,34.26,45,2025-05-13
BM-978A2203,Logistics and Transportation,All,All,profit_margin,1.0,6.54,8.53,10.38,14.12,8.08,2.94,135,2025-05-13
BM-A5D2901D,Logistics and Transportation,All,All,effective_tax_rate,2.06,18.62,21.3,23.6,27.39,19.46,6.17,135,2025-05-13
BM-3728C935,Logistics and Transportation,All,All,statutory_tax_rate,18.7,22.57,24.24,26.23,29.73,24.34,2.53,135,2025-05-13
BM-A72D1529,Logistics and Transportation,All,All,tax_credit_impact,0.07,2.01,2.45,3.14,24.59,4.88,6.03,135,2025-05-13
BM-9C6E4C6A,Logistics and Transportation,All,All,input_output_ratio,1.05,1.2,1.24,1.28,2.07,1.26,0.14,135,2025-05-13
BM-E11C813E,Logistics and Transportation,All,All,labour_cost_ratio,7.26,14.5,17.87,24.29,40.0,20.45,7.86,135,2025-05-13
BM-DCCC9CE9,Logistics and Transportation,All,All,revenue_per_employee,39849.5,90412.0,113765.5,155179.11,366858.92,130110.31,60887.65,135,2025-05-13
BM-59EDB810,Logistics and Transportation,All,All,credit_utilisation_ratio,7.05,8.2,8.94,11.91,19.8,10.51,3.3,135,2025-05-13
BM-F796C87A,Logistics and Transportation,All,All,vat_income_consistency,0.0,0.0,0.0,0.0,8.53,0.43,1.32,135,2025-05-13
BM-1BE3AF54,Logistics and Transportation,All,All,tax_savings_ratio,164.06,217.86,252.9,297.15,812.35,265.93,79.03,135,2025-05-13
BM-62E40B0E,Logistics and Transportation,All,All,book_tax_gap,50.45,55.47,60.43,66.4,75.45,60.92,5.96,135,2025-05-13
BM-45F7E524,Logistics and Transportation,All,All,filing_compliance_rate,40.0,100.0,100.0,100.0,100.0,95.11,11.84,135,2025-05-13
BM-759738AA,Logistics and Transportation,All,All,payment_compliance_rate,0.0,99.99,100.0,100.0,100.0,88.45,31.5,135,2025-05-13
BM-F44640DE,Consumer Goods and Retail,S,2022,profit_margin,1.0,3.5,5.93,7.17,9.48,5.68,2.52,14,2025-05-13
BM-B8D573F5,Consumer Goods and Retail,S,2022,effective_tax_rate,3.5,13.47,23.52,25.64,27.41,19.75,8.27,14,2025-05-13
BM-96D1940D,Consumer Goods and Retail,S,2022,statutory_tax_rate,22.85,24.13,26.26,27.82,29.68,26.1,2.23,14,2025-05-13
BM-B475C9CE,Consumer Goods and Retail,S,2022,tax_credit_impact,0.89,1.83,1.98,12.34,22.07,6.35,7.55,14,2025-05-13
BM-57D9CF85,Consumer Goods and Retail,S,2022,input_output_ratio,0.99,1.0,1.01,1.06,1.44,1.06,0.12,14,2025-05-13
BM-E24D2D73,Consumer Goods and Retail,S,2022,labour_cost_ratio,13.88,20.0,20.0,20.0,20.0,19.33,1.68,14,2025-05-13
BM-D10D8097,Consumer Goods and Retail,S,2022,revenue_per_employee,46111.5,66078.83,84894.25,106184.33,131990.75,85770.26,27103.38,14,2025-05-13
BM-8A10DD26,Consumer Goods and Retail,S,2022,credit_utilisation_ratio,6.45,7.14,7.66,7.85,8.57,7.54,0.6,14,2025-05-13
BM-352E379B,Consumer Goods and Retail,S,2022,vat_income_consistency,0.0,0.0,0.0,0.76,14.39,2.01,4.51,14,2025-05-13
BM-DDE0B117,Consumer Goods and Retail,S,2022,tax_savings_ratio,278.84,315.32,389.52,433.27,584.21,388.4,83.99,14,2025-05-13
BM-CB6B5AD3,Consumer Goods and Retail,S,2022,book_tax_gap,63.35,67.73,72.05,76.18,79.36,71.52,5.43,14,2025-05-13
BM-DC813FD3,Consumer Goods and Retail,S,2022,filing_compliance_rate,40.0,80.0,100.0,100.0,100.0,88.57,18.75,14,2025-05-13
BM-5EA99DE4,Consumer Goods and Retail,S,2022,payment_compliance_rate,0.0,89.41,99.99,100.0,100.0,77.54,42.18,14,2025-05-13
BM-A96DEAAE,Consumer Goods and Retail,S,2023,profit_margin,1.0,3.5,5.87,7.56,10.7,5.89,2.83,14,2025-05-13
BM-154FC546,Consumer Goods and Retail,S,2023,effective_tax_rate,3.49,13.76,23.11,25.35,27.5,20.01,7.87,14,2025-05-13
BM-AADA8ADA,Consumer Goods and Retail,S,2023,statutory_tax_rate,22.85,24.13,26.26,27.82,29.68,26.1,2.23,14,2025-05-13
BM-0499B640,Consumer Goods and Retail,S,2023,tax_credit_impact,1.55,1.85,1.95,9.21,22.07,6.1,7.25,14,2025-05-13
BM-0A2F764C,Consumer Goods and Retail,S,2023,input_output_ratio,0.97,0.99,1.0,1.09,1.44,1.05,0.13,14,2025-05-13
BM-EFFBC941,Consumer Goods and Retail,S,2023,labour_cost_ratio,14.25,20.0,20.0,20.0,20.0,19.45,1.54,14,2025-05-13
BM-F77C778F,Consumer Goods and Retail,S,2023,revenue_per_employee,38851.33,62499.76,72361.2,83042.48,142730.0,75448.19,26707.83,14,2025-05-13
BM-7B18D433,Consumer Goods and Retail,S,2023,credit_utilisation_ratio,6.47,7.29,7.8,8.07,8.81,7.73,0.7,14,2025-05-13
BM-DC175CE3,Consumer Goods and Retail,S,2023,vat_income_consistency,0.0,0.0,0.0,0.31,12.7,1.46,3.5,14,2025-05-13
BM-E9BC9FE0,Consumer Goods and Retail,S,2023,tax_savings_ratio,233.86,291.86,367.29,500.39,611.7,393.32,123.65,14,2025-05-13
BM-8B00C8A9,Consumer Goods and Retail,S,2023,book_tax_gap,60.16,66.06,71.77,76.06,79.59,70.93,6.37,14,2025-05-13
BM-447DEE30,Consumer Goods and Retail,S,2023,filing_compliance_rate,40.0,80.0,100.0,100.0,100.0,87.14,18.58,14,2025-05-13
BM-003719A4,Consumer Goods and Retail,S,2023,payment_compliance_rate,0.0,13.07,100.0,100.0,100.0,66.35,47.06,14,2025-05-13
BM-B6498B43,Consumer Goods and Retail,S,2024,profit_margin,1.0,3.0,6.16,8.21,9.69,5.65,3.03,16,2025-05-13
BM-9F73801F,Consumer Goods and Retail,S,2024,effective_tax_rate,2.27,11.28,21.99,25.71,27.63,18.43,9.03,16,2025-05-13
BM-D2557F59,Consumer Goods and Retail,S,2024,statutory_tax_rate,22.85,24.13,25.73,27.59,29.68,25.95,2.13,16,2025-05-13
BM-A3BB9DAE,Consumer Goods and Retail,S,2024,tax_credit_impact,-0.66,1.79,2.14,12.81,23.32,7.52,8.46,16,2025-05-13
BM-423AFF3C,Consumer Goods and Retail,S,2024,input_output_ratio,0.98,1.0,1.02,1.12,1.5,1.1,0.17,16,2025-05-13
BM-3F1FEE5F,Consumer Goods and Retail,S,2024,labour_cost_ratio,15.63,18.79,19.9,20.0,20.0,19.0,1.54,16,2025-05-13
BM-DE73ACC2,Consumer Goods and Retail,S,2024,revenue_per_employee,46801.0,55922.0,84601.25,96696.03,128902.5,81805.86,25318.66,16,2025-05-13
BM-12F8096A,Consumer Goods and Retail,S,2024,credit_utilisation_ratio,6.49,6.93,7.85,8.25,9.7,7.76,0.98,16,2025-05-13
BM-75F062C1,Consumer Goods and Retail,S,2024,vat_income_consistency,0.0,0.0,0.0,2.67,6.79,1.51,2.38,16,2025-05-13
BM-59D188EE,Consumer Goods and Retail,S,2024,tax_savings_ratio,234.14,301.12,377.64,476.11,812.31,401.1,140.11,16,2025-05-13
BM-19B7F36A,Consumer Goods and Retail,S,2024,book_tax_gap,62.21,66.22,72.13,76.94,83.31,71.59,6.4,16,2025-05-13
BM-0F3FFECC,Consumer Goods and Retail,S,2024,filing_compliance_rate,40.0,80.0,100.0,100.0,100.0,90.0,17.89,16,2025-05-13
BM-914A78EB,Consumer Goods and Retail,S,2024,payment_compliance_rate,0.0,100.0,100.0,100.0,100.0,81.25,40.31,16,2025-05-13
BM-67A17071,Consumer Goods and Retail,S,All,profit_margin,1.0,3.0,6.14,7.83,10.7,5.73,2.75,44,2025-05-13
BM-A1B760FE,Consumer Goods and Retail,S,All,effective_tax_rate,2.27,11.21,22.53,25.64,27.63,19.35,8.27,44,2025-05-13
BM-19D4006D,Consumer Goods and Retail,S,All,statutory_tax_rate,22.85,23.93,25.87,27.93,29.68,26.05,2.14,44,2025-05-13
BM-7DE4A937,Consumer Goods and Retail,S,All,tax_credit_impact,-0.66,1.82,2.01,12.46,23.32,6.7,7.65,44,2025-05-13
BM-257AD4A4,Consumer Goods and Retail,S,All,input_output_ratio,0.97,0.99,1.01,1.11,1.5,1.07,0.14,44,2025-05-13
BM-67280682,Consumer Goods and Retail,S,All,labour_cost_ratio,13.88,19.17,20.0,20.0,20.0,19.25,1.56,44,2025-05-13
BM-470A023C,Consumer Goods and Retail,S,All,revenue_per_employee,38851.33,62547.77,81600.25,96696.03,142730.0,81044.37,26058.36,44,2025-05-13
BM-9DCB7F5D,Consumer Goods and Retail,S,All,credit_utilisation_ratio,6.45,7.1,7.74,8.09,9.7,7.68,0.77,44,2025-05-13
BM-F3ACE1E6,Consumer Goods and Retail,S,All,vat_income_consistency,0.0,0.0,0.0,1.35,14.39,1.65,3.45,44,2025-05-13
BM-DB2B9987,Consumer Goods and Retail,S,All,tax_savings_ratio,233.86,301.12,389.02,469.14,812.31,394.58,116.76,44,2025-05-13
BM-F0E665DB,Consumer Goods and Retail,S,All,book_tax_gap,60.16,66.22,72.05,76.92,83.31,71.36,5.96,44,2025-05-13
BM-F6E92259,Consumer Goods and Retail,S,All,filing_compliance_rate,40.0,80.0,100.0,100.0,100.0,88.64,17.99,44,2025-05-13
BM-ECA96613,Consumer Goods and Retail,S,All,payment_compliance_rate,0.0,68.86,100.0,100.0,100.0,75.33,42.61,44,2025-05-13
BM-3B1DAC41,Consumer Goods and Retail,M,2022,profit_margin,3.0,7.12,8.33,10.13,12.32,7.79,2.98,18,2025-05-13
BM-9ED8A730,Consumer Goods and Retail,M,2022,effective_tax_rate,3.97,17.96,21.28,23.54,24.64,18.57,6.91,18,2025-05-13
BM-90266D2E,Consumer Goods and Retail,M,2022,statutory_tax_rate,20.16,22.01,24.28,26.4,27.87,24.19,2.61,18,2025-05-13
BM-EC0B83A2,Consumer Goods and Retail,M,2022,tax_credit_impact,2.05,2.78,2.91,3.22,18.52,5.62,5.62,18,2025-05-13
BM-083A42F9,Consumer Goods and Retail,M,2022,input_output_ratio,0.92,0.94,0.95,0.97,1.09,0.97,0.05,18,2025-05-13
BM-5CE65788,Consumer Goods and Retail,M,2022,labour_cost_ratio,7.38,14.42,17.0,18.0,18.0,15.49,3.41,18,2025-05-13
BM-77B47035,Consumer Goods and Retail,M,2022,revenue_per_employee,68553.0,111919.15,147151.2,170814.8,278211.0,150173.82,52578.12,18,2025-05-13
BM-33BBF441,Consumer Goods and Retail,M,2022,credit_utilisation_ratio,9.7,10.77,11.52,11.93,12.82,11.42,0.9,18,2025-05-13
BM-F386F4C2,Consumer Goods and Retail,M,2022,vat_income_consistency,0.0,0.0,0.0,0.0,8.36,0.82,2.18,18,2025-05-13
BM-C5B91011,Consumer Goods and Retail,M,2022,tax_savings_ratio,274.21,306.23,359.29,434.01,501.42,369.99,73.0,18,2025-05-13
BM-9D3BDD49,Consumer Goods and Retail,M,2022,book_tax_gap,61.02,66.46,69.92,75.24,77.8,69.93,5.49,18,2025-05-13
BM-CB8D10D1,Consumer Goods and Retail,M,2022,filing_compliance_rate,80.0,100.0,100.0,100.0,100.0,95.56,8.56,18,2025-05-13
BM-67BF468E,Consumer Goods and Retail,M,2022,payment_compliance_rate,32.59,92.05,100.0,100.0,100.0,88.17,23.6,18,2025-05-13
BM-1D432C3E,Consumer Goods and Retail,M,2023,profit_margin,3.0,5.87,8.32,9.29,11.3,7.51,2.67,20,2025-05-13
BM-A46DA977,Consumer Goods and Retail,M,2023,effective_tax_rate,5.99,18.08,21.76,23.66,25.05,19.2,6.59,20,2025-05-13
BM-716645E9,Consumer Goods and Retail,M,2023,statutory_tax_rate,20.16,22.17,24.66,26.49,27.87,24.38,2.54,20,2025-05-13
BM-BFFF4995,Consumer Goods and Retail,M,2023,tax_credit_impact,2.16,2.57,2.67,3.12,17.14,5.18,5.23,20,2025-05-13
BM-13164A5B,Consumer Goods and Retail,M,2023,input_output_ratio,0.9,0.93,0.95,0.96,1.08,0.96,0.06,20,2025-05-13
BM-3F36720F,Consumer Goods and Retail,M,2023,labour_cost_ratio,6.76,14.76,16.1,18.0,18.0,15.5,3.21,20,2025-05-13
BM-62DF9D76,Consumer Goods and Retail,M,2023,revenue_per_employee,83778.38,111522.29,134403.19,164870.87,289804.33,146721.28,57323.86,20,2025-05-13
BM-3F4DCECC,Consumer Goods and Retail,M,2023,credit_utilisation_ratio,9.5,10.23,10.85,11.86,13.19,11.01,1.04,20,2025-05-13
BM-BEF47698,Consumer Goods and Retail,M,2023,vat_income_consistency,0.0,0.0,0.0,0.0,7.19,1.01,2.31,20,2025-05-13
BM-329E9C40,Consumer Goods and Retail,M,2023,tax_savings_ratio,259.46,320.9,381.34,437.93,603.85,384.27,92.83,20,2025-05-13
BM-766EA0F5,Consumer Goods and Retail,M,2023,book_tax_gap,60.74,68.76,71.54,76.16,78.69,71.3,5.3,20,2025-05-13
BM-00F2966F,Consumer Goods and Retail,M,2023,filing_compliance_rate,80.0,100.0,100.0,100.0,100.0,97.0,7.33,20,2025-05-13
BM-44AB3FE5,Consumer Goods and Retail,M,2023,payment_compliance_rate,0.0,89.92,96.68,100.0,100.0,88.41,24.22,20,2025-05-13
BM-EAE5BBAA,Consumer Goods and Retail,M,2024,profit_margin,3.0,7.03,8.4,10.55,12.46,8.19,3.04,21,2025-05-13
BM-0F6BD33C,Consumer Goods and Retail,M,2024,effective_tax_rate,5.84,18.14,21.36,23.73,24.86,19.02,6.54,21,2025-05-13
BM-048F4463,Consumer Goods and Retail,M,2024,statutory_tax_rate,20.16,21.93,24.39,26.47,27.87,24.21,2.6,21,2025-05-13
BM-D3D58A8B,Consumer Goods and Retail,M,2024,tax_credit_impact,2.12,2.58,2.81,3.23,19.1,5.18,5.35,21,2025-05-13
BM-6212EF5E,Consumer Goods and Retail,M,2024,input_output_ratio,0.9,0.93,0.94,0.96,1.07,0.95,0.05,21,2025-05-13
BM-75148D28,Consumer Goods and Retail,M,2024,labour_cost_ratio,9.45,14.11,17.47,18.0,18.0,15.99,2.59,21,2025-05-13
BM-6B1721FC,Consumer Goods and Retail,M,2024,revenue_per_employee,76413.64,118066.14,125571.06,145869.55,249860.33,134418.73,36768.11,21,2025-05-13
BM-2247DA9B,Consumer Goods and Retail,M,2024,credit_utilisation_ratio,9.8,10.36,11.27,11.84,13.4,11.27,0.95,21,2025-05-13
BM-2772C723,Consumer Goods and Retail,M,2024,vat_income_consistency,0.0,0.0,0.0,0.0,5.42,0.76,1.65,21,2025-05-13
BM-9861C540,Consumer Goods and Retail,M,2024,tax_savings_ratio,226.08,327.86,354.62,398.96,559.74,366.86,79.71,21,2025-05-13
BM-74ABD837,Consumer Goods and Retail,M,2024,book_tax_gap,60.28,64.1,70.63,75.0,78.31,69.55,6.0,21,2025-05-13
BM-BCCC82C6,Consumer Goods and Retail,M,2024,filing_compliance_rate,40.0,100.0,100.0,100.0,100.0,95.24,14.01,21,2025-05-13
BM-19BB240D,Consumer Goods and Retail,M,2024,payment_compliance_rate,5.61,92.15,99.99,100.0,100.0,91.91,20.9,21,2025-05-13
BM-AB2A8F79,Consumer Goods and Retail,M,All,profit_margin,3.0,6.9,8.37,10.08,12.46,7.84,2.86,59,2025-05-13
BM-C74BAADE,Consumer Goods and Retail,M,All,effective_tax_rate,3.97,18.05,21.51,23.66,25.05,18.94,6.56,59,2025-05-13
BM-A1F01F8D,Consumer Goods and Retail,M,All,statutory_tax_rate,20.16,21.93,24.39,26.47,27.87,24.26,2.54,59,2025-05-13
BM-64D1C7AD,Consumer Goods and Retail,M,All,tax_credit_impact,2.05,2.59,2.81,3.21,19.1,5.32,5.31,59,2025-05-13
BM-5AF36077,Consumer Goods and Retail,M,All,input_output_ratio,0.9,0.93,0.94,0.97,1.09,0.96,0.05,59,2025-05-13
BM-32452A23,Consumer Goods and Retail,M,All,labour_cost_ratio,6.76,14.11,17.13,18.0,18.0,15.67,3.03,59,2025-05-13
BM-AB7F39D8,Consumer Goods and Retail,M,All,revenue_per_employee,68553.0,112232.8,133296.38,162924.88,289804.33,143395.72,48991.31,59,2025-05-13
BM-43ACB202,Consumer Goods and Retail,M,All,credit_utilisation_ratio,9.5,10.43,11.14,11.87,13.4,11.22,0.96,59,2025-05-13
BM-7725BE2B,Consumer Goods and Retail,M,All,vat_income_consistency,0.0,0.0,0.0,0.0,8.36,0.86,2.02,59,2025-05-13
BM-CFE2EDEE,Consumer Goods and Retail,M,All,tax_savings_ratio,226.08,315.96,359.79,432.57,603.85,373.72,81.46,59,2025-05-13
BM-88B8A091,Consumer Goods and Retail,M,All,book_tax_gap,60.28,66.53,70.63,75.31,78.69,70.26,5.57,59,2025-05-13
BM-D8ECA07F,Consumer Goods and Retail,M,All,filing_compliance_rate,40.0,100.0,100.0,100.0,100.0,95.93,10.36,59,2025-05-13
BM-211BEA88,Consumer Goods and Retail,M,All,payment_compliance_rate,0.0,90.54,99.43,100.0,100.0,89.58,22.56,59,2025-05-13
BM-699328F4,Consumer Goods and Retail,L,2022,profit_margin,1.0,8.07,10.35,11.0,13.86,9.05,4.16,7,2025-05-13
BM-DCCEB80E,Consumer Goods and Retail,L,2022,effective_tax_rate,1.71,17.41,17.85,19.22,21.31,16.3,6.6,7,2025-05-13
BM-E0558266,Consumer Goods and Retail,L,2022,statutory_tax_rate,20.04,20.68,21.23,22.16,25.2,21.74,1.78,7,2025-05-13
BM-810FA2A6,Consumer Goods and Retail,L,2022,tax_credit_impact,2.91,2.94,2.97,3.63,19.0,5.43,6.0,7,2025-05-13
BM-D3BB77B2,Consumer Goods and Retail,L,2022,input_output_ratio,0.85,0.86,0.87,0.88,1.34,0.93,0.18,7,2025-05-13
BM-E5F52320,Consumer Goods and Retail,L,2022,labour_cost_ratio,8.21,12.49,15.0,15.0,15.0,13.31,2.58,7,2025-05-13
BM-CE45BB6D,Consumer Goods and Retail,L,2022,revenue_per_employee,116476.86,131295.26,186773.55,255638.5,394886.69,210286.37,100363.51,7,2025-05-13
BM-437BAF0E,Consumer Goods and Retail,L,2022,credit_utilisation_ratio,12.7,14.13,14.53,15.67,18.77,15.09,1.93,7,2025-05-13
BM-E943E0BF,Consumer Goods and Retail,L,2022,vat_income_consistency,0.0,0.0,0.0,0.0,14.28,2.04,5.4,7,2025-05-13
BM-FE1765B3,Consumer Goods and Retail,L,2022,tax_savings_ratio,221.39,288.7,297.7,400.04,659.98,365.22,154.16,7,2025-05-13
BM-757638A9,Consumer Goods and Retail,L,2022,book_tax_gap,62.81,63.89,65.7,74.96,77.97,69.17,6.61,7,2025-05-13
BM-F2F1E21F,Consumer Goods and Retail,L,2022,filing_compliance_rate,20.0,100.0,100.0,100.0,100.0,88.57,30.24,7,2025-05-13
BM-429232BC,Consumer Goods and Retail,L,2022,payment_compliance_rate,0.0,97.98,100.0,100.0,100.0,85.14,37.57,7,2025-05-13
BM-25D34915,Consumer Goods and Retail,L,2023,profit_margin,1.0,8.46,8.95,10.73,12.32,8.66,3.69,7,2025-05-13
BM-02CFD4E0,Consumer Goods and Retail,L,2023,effective_tax_rate,1.11,17.1,17.85,19.13,21.93,16.19,6.87,7,2025-05-13
BM-86B9EA21,Consumer Goods and Retail,L,2023,statutory_tax_rate,20.04,20.68,21.23,22.16,25.2,21.74,1.78,7,2025-05-13
BM-A031A825,Consumer Goods and Retail,L,2023,tax_credit_impact,3.03,3.14,3.25,3.33,19.6,5.55,6.2,7,2025-05-13
BM-F7818A53,Consumer Goods and Retail,L,2023,input_output_ratio,0.86,0.87,0.87,0.89,1.24,0.92,0.14,7,2025-05-13
BM-1BB8A955,Consumer Goods and Retail,L,2023,labour_cost_ratio,8.15,14.11,14.61,15.0,15.0,13.71,2.49,7,2025-05-13
BM-1960F338,Consumer Goods and Retail,L,2023,revenue_per_employee,147364.24,152329.65,187042.3,198044.14,301920.75,191010.7,53835.61,7,2025-05-13
BM-3458546A,Consumer Goods and Retail,L,2023,credit_utilisation_ratio,13.0,13.71,15.75,16.06,18.83,15.3,2.02,7,2025-05-13
BM-9CDB56CA,Consumer Goods and Retail,L,2023,vat_income_consistency,0.0,0.0,0.0,0.0,7.44,1.06,2.81,7,2025-05-13
BM-A471749D,Consumer Goods and Retail,L,2023,tax_savings_ratio,287.63,302.72,313.92,352.07,612.64,360.54,114.02,7,2025-05-13
BM-C5939E32,Consumer Goods and Retail,L,2023,book_tax_gap,64.76,67.57,70.07,73.83,75.78,70.49,4.16,7,2025-05-13
BM-90B6F117,Consumer Goods and Retail,L,2023,filing_compliance_rate,60.0,100.0,100.0,100.0,100.0,94.29,15.12,7,2025-05-13
BM-B3520352,Consumer Goods and Retail,L,2023,payment_compliance_rate,0.0,99.71,100.0,100.0,100.0,85.63,37.76,7,2025-05-13
BM-BA403249,Consumer Goods and Retail,L,2024,profit_margin,1.0,7.34,8.63,11.07,12.69,8.45,3.99,7,2025-05-13
BM-8EA9001C,Consumer Goods and Retail,L,2024,effective_tax_rate,1.1,17.31,18.41,18.93,21.45,16.21,6.82,7,2025-05-13
BM-D824B493,Consumer Goods and Retail,L,2024,statutory_tax_rate,20.04,20.68,21.23,22.16,25.2,21.74,1.78,7,2025-05-13
BM-9EE84A90,Consumer Goods and Retail,L,2024,tax_credit_impact,2.78,2.91,3.19,3.65,19.61,5.53,6.22,7,2025-05-13
BM-75D50972,Consumer Goods and Retail,L,2024,input_output_ratio,0.85,0.87,0.88,0.89,1.3,0.94,0.16,7,2025-05-13
BM-CF339530,Consumer Goods and Retail,L,2024,labour_cost_ratio,8.29,10.96,13.47,15.0,15.0,12.67,2.9,7,2025-05-13
BM-61300C02,Consumer Goods and Retail,L,2024,revenue_per_employee,123690.89,148132.23,212597.69,238659.67,401054.34,215846.67,95129.77,7,2025-05-13
BM-A56255D6,Consumer Goods and Retail,L,2024,credit_utilisation_ratio,13.12,13.87,14.88,15.67,17.39,14.93,1.46,7,2025-05-13
BM-DD1CACB3,Consumer Goods and Retail,L,2024,vat_income_consistency,0.0,0.0,0.0,0.0,6.28,0.9,2.37,7,2025-05-13
BM-FC2924E9,Consumer Goods and Retail,L,2024,tax_savings_ratio,233.2,325.8,369.2,386.06,580.77,372.41,106.43,7,2025-05-13
BM-E0A99CB1,Consumer Goods and Retail,L,2024,book_tax_gap,64.59,68.88,73.44,76.14,78.31,72.34,5.31,7,2025-05-13
BM-159CEA57,Consumer Goods and Retail,L,2024,filing_compliance_rate,40.0,100.0,100.0,100.0,100.0,91.43,22.68,7,2025-05-13
BM-0FB10FB2,Consumer Goods and Retail,L,2024,payment_compliance_rate,0.0,67.13,100.0,100.0,100.0,76.32,37.25,7,2025-05-13
BM-32362099,Consumer Goods and Retail,L,All,profit_margin,1.0,7.97,9.52,11.28,13.86,8.72,3.76,21,2025-05-13
BM-2DCD4337,Consumer Goods and Retail,L,All,effective_tax_rate,1.1,17.12,17.85,19.42,21.93,16.23,6.42,21,2025-05-13
BM-EF96FD70,Consumer Goods and Retail,L,All,statutory_tax_rate,20.04,20.66,21.23,22.96,25.2,21.74,1.69,21,2025-05-13
BM-D055C64B,Consumer Goods and Retail,L,All,tax_credit_impact,2.78,2.97,3.24,3.54,19.61,5.5,5.82,21,2025-05-13
BM-AFBD3810,Consumer Goods and Retail,L,All,input_output_ratio,0.85,0.87,0.88,0.89,1.34,0.93,0.15,21,2025-05-13
BM-803E8BCA,Consumer Goods and Retail,L,All,labour_cost_ratio,8.15,13.01,14.61,15.0,15.0,13.23,2.56,21,2025-05-13
BM-DD1E6C6A,Consumer Goods and Retail,L,All,revenue_per_employee,116476.86,147364.24,187042.3,243586.63,401054.34,205714.58,82007.02,21,2025-05-13
BM-0AFE36A7,Consumer Goods and Retail,L,All,credit_utilisation_ratio,12.7,13.9,14.88,15.92,18.83,15.1,1.74,21,2025-05-13
BM-99A04D0D,Consumer Goods and Retail,L,All,vat_income_consistency,0.0,0.0,0.0,0.0,14.28,1.33,3.61,21,2025-05-13
BM-BD779431,Consumer Goods and Retail,L,All,tax_savings_ratio,221.39,295.97,325.54,371.21,659.98,366.06,120.22,21,2025-05-13
BM-E08B820A,Consumer Goods and Retail,L,All,book_tax_gap,62.81,65.7,71.99,75.78,78.31,70.66,5.34,21,2025-05-13
BM-7C9EA068,Consumer Goods and Retail,L,All,filing_compliance_rate,20.0,100.0,100.0,100.0,100.0,91.43,22.42,21,2025-05-13
BM-EB813B11,Consumer Goods and Retail,L,All,payment_compliance_rate,0.0,96.31,100.0,100.0,100.0,82.36,35.87,21,2025-05-13
BM-36E95528,Consumer Goods and Retail,All,2022,profit_margin,1.0,5.17,7.7,9.8,13.86,7.26,3.24,39,2025-05-13
BM-907823C9,Consumer Goods and Retail,All,2022,effective_tax_rate,1.71,17.41,21.21,23.85,27.41,18.59,7.29,39,2025-05-13
BM-0354CC91,Consumer Goods and Retail,All,2022,statutory_tax_rate,20.04,22.09,24.39,26.6,29.68,24.44,2.76,39,2025-05-13
BM-D4068294,Consumer Goods and Retail,All,2022,tax_credit_impact,0.89,2.15,2.91,3.63,22.07,5.85,6.28,39,2025-05-13
BM-C0EED526,Consumer Goods and Retail,All,2022,input_output_ratio,0.85,0.94,0.98,1.02,1.44,1.0,0.12,39,2025-05-13
BM-CBC8109C,Consumer Goods and Retail,All,2022,labour_cost_ratio,7.38,15.0,18.0,20.0,20.0,16.48,3.54,39,2025-05-13
BM-E783AC1D,Consumer Goods and Retail,All,2022,revenue_per_employee,46111.5,96393.39,123442.2,163396.48,394886.69,137844.03,71528.0,39,2025-05-13
BM-7F71F6D9,Consumer Goods and Retail,All,2022,credit_utilisation_ratio,6.45,7.81,10.98,12.39,18.77,10.68,2.92,39,2025-05-13
BM-82FB8BEB,Consumer Goods and Retail,All,2022,vat_income_consistency,0.0,0.0,0.0,0.0,14.39,1.47,3.75,39,2025-05-13
BM-CF932801,Consumer Goods and Retail,All,2022,tax_savings_ratio,221.39,296.76,359.79,437.0,659.98,375.74,92.98,39,2025-05-13
BM-3FD70129,Consumer Goods and Retail,All,2022,book_tax_gap,61.02,65.78,70.15,75.49,79.36,70.36,5.6,39,2025-05-13
BM-D63709CA,Consumer Goods and Retail,All,2022,filing_compliance_rate,20.0,90.0,100.0,100.0,100.0,91.79,17.6,39,2025-05-13
BM-CD8AB6F8,Consumer Goods and Retail,All,2022,payment_compliance_rate,0.0,93.29,100.0,100.0,100.0,83.81,33.23,39,2025-05-13
BM-5B8DF695,Consumer Goods and Retail,All,2023,profit_margin,1.0,5.05,8.1,9.3,12.32,7.15,3.01,41,2025-05-13
BM-53374879,Consumer Goods and Retail,All,2023,effective_tax_rate,1.11,17.4,21.72,23.82,27.5,18.96,7.04,41,2025-05-13
BM-A009E248,Consumer Goods and Retail,All,2023,statutory_tax_rate,20.04,22.25,24.75,26.61,29.68,24.52,2.72,41,2025-05-13
BM-170FD350,Consumer Goods and Retail,All,2023,tax_credit_impact,1.55,2.19,2.69,3.28,22.07,5.56,6.0,41,2025-05-13
BM-3886625A,Consumer Goods and Retail,All,2023,input_output_ratio,0.86,0.93,0.96,1.0,1.44,0.99,0.11,41,2025-05-13
BM-99E7D08F,Consumer Goods and Retail,All,2023,labour_cost_ratio,6.76,14.97,17.79,20.0,20.0,16.54,3.39,41,2025-05-13
BM-E2084518,Consumer Goods and Retail,All,2023,revenue_per_employee,38851.33,83778.38,123265.44,154575.16,301920.75,129945.73,63719.65,41,2025-05-13
BM-8F27D8AD,Consumer Goods and Retail,All,2023,credit_utilisation_ratio,6.47,8.12,10.31,11.98,18.83,10.62,2.85,41,2025-05-13
BM-05F0FA6F,Consumer Goods and Retail,All,2023,vat_income_consistency,0.0,0.0,0.0,0.0,12.7,1.17,2.78,41,2025-05-13
BM-BBFFF0C6,Consumer Goods and Retail,All,2023,tax_savings_ratio,233.86,309.46,354.49,449.69,612.64,383.31,105.54,41,2025-05-13
BM-A7CEBAF5,Consumer Goods and Retail,All,2023,book_tax_gap,60.16,67.32,71.4,75.78,79.59,71.04,5.41,41,2025-05-13
BM-A0E632F6,Consumer Goods and Retail,All,2023,filing_compliance_rate,40.0,100.0,100.0,100.0,100.0,93.17,13.86,41,2025-05-13
BM-13A4993D,Consumer Goods and Retail,All,2023,payment_compliance_rate,0.0,87.24,99.71,100.0,100.0,80.4,36.31,41,2025-05-13
BM-3781E6D1,Consumer Goods and Retail,All,2024,profit_margin,1.0,4.5,7.84,9.59,12.69,7.31,3.36,44,2025-05-13
BM-F7FE8209,Consumer Goods and Retail,All,2024,effective_tax_rate,1.1,15.89,21.32,23.76,27.63,18.36,7.47,44,2025-05-13
BM-CF0D1076,Consumer Goods and Retail,All,2024,statutory_tax_rate,20.04,22.17,24.57,26.56,29.68,24.45,2.69,44,2025-05-13
BM-74E4F4AE,Consumer Goods and Retail,All,2024,tax_credit_impact,-0.66,2.27,2.81,5.45,23.32,6.09,6.7,44,2025-05-13
BM-C8037143,Consumer Goods and Retail,All,2024,input_output_ratio,0.85,0.93,0.96,1.02,1.5,1.0,0.14,44,2025-05-13
BM-3E333165,Consumer Goods and Retail,All,2024,labour_cost_ratio,8.29,14.99,17.73,18.88,20.0,16.55,3.16,44,2025-05-13
BM-7BDD7F37,Consumer Goods and Retail,All,2024,revenue_per_employee,46801.0,90951.83,119577.14,142027.41,401054.34,128241.22,64695.3,44,2025-05-13
BM-AAB3DA8A,Consumer Goods and Retail,All,2024,credit_utilisation_ratio,6.49,8.06,10.47,11.91,17.39,10.58,2.7,44,2025-05-13
BM-8F9EA924,Consumer Goods and Retail,All,2024,vat_income_consistency,0.0,0.0,0.0,0.25,6.79,1.05,2.04,44,2025-05-13
BM-EBEDAE90,Consumer Goods and Retail,All,2024,tax_savings_ratio,226.08,309.83,365.95,410.6,812.31,380.19,107.9,44,2025-05-13
BM-7C5A6B97,Consumer Goods and Retail,All,2024,book_tax_gap,60.28,66.01,71.83,76.11,83.31,70.74,6.03,44,2025-05-13
BM-5D4AAD21,Consumer Goods and Retail,All,2024,filing_compliance_rate,40.0,100.0,100.0,100.0,100.0,92.73,16.76,44,2025-05-13
BM-138751FE,Consumer Goods and Retail,All,2024,payment_compliance_rate,0.0,91.65,100.0,100.0,100.0,85.55,31.69,44,2025-05-13
BM-3606FEB1,Consumer Goods and Retail,All,All,profit_margin,1.0,5.0,7.77,9.53,13.86,7.24,3.19,124,2025-05-13
BM-BF52F37F,Consumer Goods and Retail,All,All,effective_tax_rate,1.1,17.06,21.33,23.82,27.63,18.63,7.22,124,2025-05-13
BM-40B16749,Consumer Goods and Retail,All,All,statutory_tax_rate,20.04,22.17,24.57,26.61,29.68,24.47,2.7,124,2025-05-13
BM-234A1E4A,Consumer Goods and Retail,All,All,tax_credit_impact,-0.66,2.21,2.82,3.6,23.32,5.84,6.3,124,2025-05-13
BM-54AA7F3A,Consumer Goods and Retail,All,All,input_output_ratio,0.85,0.93,0.97,1.02,1.5,1.0,0.12,124,2025-05-13
BM-C5FE8139,Consumer Goods and Retail,All,All,labour_cost_ratio,6.76,14.99,17.87,19.43,20.0,16.53,3.33,124,2025-05-13
BM-A7AB0EFC,Consumer Goods and Retail,All,All,revenue_per_employee,38851.33,85050.73,120188.62,155173.5,401054.34,131825.05,66192.87,124,2025-05-13
BM-89129E42,Consumer Goods and Retail,All,All,credit_utilisation_ratio,6.45,7.97,10.58,12.01,18.83,10.62,2.8,124,2025-05-13
BM-D489DAFF,Consumer Goods and Retail,All,All,vat_income_consistency,0.0,0.0,0.0,0.0,14.39,1.22,2.89,124,2025-05-13
BM-248646F4,Consumer Goods and Retail,All,All,tax_savings_ratio,221.39,301.63,359.29,439.56,812.31,379.82,101.85,124,2025-05-13
BM-2D3F347E,Consumer Goods and Retail,All,All,book_tax_gap,60.16,66.1,71.33,75.84,83.31,70.72,5.65,124,2025-05-13
BM-B455B2D0,Consumer Goods and Retail,All,All,filing_compliance_rate,20.0,100.0,100.0,100.0,100.0,92.58,16.02,124,2025-05-13
BM-B3E339A5,Consumer Goods and Retail,All,All,payment_compliance_rate,0.0,90.24,100.0,100.0,100.0,83.3,33.55,124,2025-05-13
BM-220C0943,Financial Services,S,2022,profit_margin,1.0,23.66,26.22,27.55,29.52,24.3,5.95,25,2025-05-13
BM-5F75EA53,Financial Services,S,2022,effective_tax_rate,0.8,21.87,25.37,27.12,28.05,23.52,5.71,25,2025-05-13
BM-93F9FE6D,Financial Services,S,2022,statutory_tax_rate,22.6,24.43,27.2,28.9,29.82,26.55,2.49,25,2025-05-13
BM-A5F7FFE3,Financial Services,S,2022,tax_credit_impact,1.3,1.66,1.71,1.87,24.12,3.03,4.89,25,2025-05-13
BM-05048B5C,Financial Services,S,2022,input_output_ratio,0.61,0.63,0.64,0.67,0.96,0.66,0.07,25,2025-05-13
BM-B132A205,Financial Services,S,2022,labour_cost_ratio,8.39,12.03,15.84,18.9,30.06,16.18,5.52,25,2025-05-13
BM-90C0BEED,Financial Services,S,2022,revenue_per_employee,115858.89,183443.0,213059.25,279304.18,421333.4,231992.44,71403.61,25,2025-05-13
BM-A32F25B0,Financial Services,S,2022,credit_utilisation_ratio,5.61,6.1,6.46,6.95,7.98,6.53,0.62,25,2025-05-13
BM-8B246AFD,Financial Services,S,2022,vat_income_consistency,0.0,0.0,0.0,0.0,1.5,0.07,0.3,25,2025-05-13
BM-3586847B,Financial Services,S,2022,tax_savings_ratio,127.31,155.4,164.47,192.58,319.34,175.38,40.37,25,2025-05-13
BM-69C37B09,Financial Services,S,2022,book_tax_gap,30.2,35.65,38.83,44.49,54.05,39.88,6.07,25,2025-05-13
BM-E3F57322,Financial Services,S,2022,filing_compliance_rate,40.0,100.0,100.0,100.0,100.0,96.0,14.14,25,2025-05-13
BM-21817F1A,Financial Services,S,2022,payment_compliance_rate,0.0,98.45,100.0,100.0,100.0,92.37,21.43,25,2025-05-13
BM-BF9677DE,Financial Services,S,2023,profit_margin,1.0,22.67,24.69,27.9,34.41,24.01,6.97,27,2025-05-13
BM-4ECFFE86,Financial Services,S,2023,effective_tax_rate,0.88,21.98,24.46,26.65,27.91,22.89,6.38,27,2025-05-13
BM-7A904A2D,Financial Services,S,2023,statutory_tax_rate,22.6,24.15,26.54,28.67,29.82,26.41,2.47,27,2025-05-13
BM-39C1FE8D,Financial Services,S,2023,tax_credit_impact,1.35,1.57,1.69,1.99,24.03,3.52,5.45,27,2025-05-13
BM-6323D9DE,Financial Services,S,2023,input_output_ratio,0.59,0.63,0.65,0.67,1.06,0.67,0.09,27,2025-05-13
BM-278B2A48,Financial Services,S,2023,labour_cost_ratio,8.43,13.07,15.49,20.07,26.6,16.5,5.38,27,2025-05-13
BM-399213B3,Financial Services,S,2023,revenue_per_employee,123572.92,185142.02,241160.33,284744.75,371425.5,237256.72,72240.87,27,2025-05-13
BM-89BE21DE,Financial Services,S,2023,credit_utilisation_ratio,5.63,5.98,6.47,7.01,8.2,6.53,0.65,27,2025-05-13
BM-088DF4A8,Financial Services,S,2023,vat_income_consistency,0.0,0.0,0.0,0.0,10.8,0.56,2.15,27,2025-05-13
BM-C966F253,Financial Services,S,2023,tax_savings_ratio,134.29,153.11,182.18,199.75,318.12,181.2,37.75,27,2025-05-13
BM-11BC6349,Financial Services,S,2023,book_tax_gap,30.18,36.08,41.19,45.59,55.01,41.21,6.9,27,2025-05-13
BM-43AE70DC,Financial Services,S,2023,filing_compliance_rate,40.0,100.0,100.0,100.0,100.0,93.33,17.54,27,2025-05-13
BM-3DCA2DEA,Financial Services,S,2023,payment_compliance_rate,0.0,88.7,100.0,100.0,100.0,85.11,28.93,27,2025-05-13
BM-81EFCCED,Financial Services,S,2024,profit_margin,1.0,20.92,23.43,28.09,33.34,23.53,6.98,28,2025-05-13
BM-315E7A99,Financial Services,S,2024,effective_tax_rate,0.83,21.98,24.86,26.67,27.92,23.1,6.05,28,2025-05-13
BM-1B8BB9CC,Financial Services,S,2024,statutory_tax_rate,22.6,24.29,26.74,28.55,29.82,26.43,2.42,28,2025-05-13
BM-A5EB751A,Financial Services,S,2024,tax_credit_impact,1.43,1.55,1.74,2.02,24.08,3.33,5.29,28,2025-05-13
BM-44C0D32F,Financial Services,S,2024,input_output_ratio,0.6,0.63,0.65,0.66,0.96,0.66,0.07,28,2025-05-13
BM-06A356CD,Financial Services,S,2024,labour_cost_ratio,9.35,13.36,17.35,20.04,30.65,17.79,5.62,28,2025-05-13
BM-56A77EB2,Financial Services,S,2024,revenue_per_employee,119020.0,166707.5,206227.5,243319.6,344952.0,214269.78,62323.07,28,2025-05-13
BM-D38444E5,Financial Services,S,2024,credit_utilisation_ratio,5.61,6.13,6.51,6.98,8.29,6.61,0.62,28,2025-05-13
BM-B65CA5B0,Financial Services,S,2024,vat_income_consistency,0.0,0.0,0.0,0.0,18.56,0.92,3.61,28,2025-05-13
BM-05666F4C,Financial Services,S,2024,tax_savings_ratio,123.96,157.91,181.5,201.62,394.56,187.59,50.6,28,2025-05-13
BM-8908B5AC,Financial Services,S,2024,book_tax_gap,30.47,34.64,42.17,45.87,54.57,40.96,6.73,28,2025-05-13
BM-94C8B772,Financial Services,S,2024,filing_compliance_rate,40.0,100.0,100.0,100.0,100.0,97.14,11.82,28,2025-05-13
BM-38E20178,Financial Services,S,2024,payment_compliance_rate,45.54,85.82,99.79,100.0,100.0,91.27,14.29,28,2025-05-13
BM-C4545E61,Financial Services,S,All,profit_margin,1.0,22.22,24.82,27.71,34.41,23.93,6.6,80,2025-05-13
BM-51389A82,Financial Services,S,All,effective_tax_rate,0.8,21.86,24.91,26.85,28.05,23.16,5.99,80,2025-05-13
BM-89D0123F,Financial Services,S,All,statutory_tax_rate,22.6,24.29,26.74,28.9,29.82,26.46,2.43,80,2025-05-13
BM-DB05A2A5,Financial Services,S,All,tax_credit_impact,1.3,1.58,1.71,1.95,24.12,3.3,5.16,80,2025-05-13
BM-9DA97902,Financial Services,S,All,input_output_ratio,0.59,0.63,0.64,0.66,1.06,0.66,0.07,80,2025-05-13
BM-647DFA7A,Financial Services,S,All,labour_cost_ratio,8.39,12.74,16.32,19.74,30.65,16.85,5.48,80,2025-05-13
BM-61D063C3,Financial Services,S,All,revenue_per_employee,115858.89,178900.25,214328.48,264584.85,421333.4,227566.2,68519.49,80,2025-05-13
BM-A0AF192E,Financial Services,S,All,credit_utilisation_ratio,5.61,6.05,6.47,6.97,8.29,6.56,0.63,80,2025-05-13
BM-CC903FF1,Financial Services,S,All,vat_income_consistency,0.0,0.0,0.0,0.0,18.56,0.53,2.48,80,2025-05-13
BM-818B6CA8,Financial Services,S,All,tax_savings_ratio,123.96,155.32,174.75,195.06,394.56,181.62,43.18,80,2025-05-13
BM-4C68BAE0,Financial Services,S,All,book_tax_gap,30.18,35.19,40.69,45.64,55.01,40.71,6.53,80,2025-05-13
BM-AF2F9F9F,Financial Services,S,All,filing_compliance_rate,40.0,100.0,100.0,100.0,100.0,95.5,14.57,80,2025-05-13
BM-5E9496DF,Financial Services,S,All,payment_compliance_rate,0.0,90.26,100.0,100.0,100.0,89.54,22.25,80,2025-05-13
BM-B16C21EC,Financial Services,M,2022,profit_margin,1.0,18.85,23.43,26.56,35.63,21.39,10.45,11,2025-05-13
BM-FA9B8C92,Financial Services,M,2022,effective_tax_rate,0.46,12.35,19.96,21.66,23.94,16.0,8.17,11,2025-05-13
BM-74E661AC,Financial Services,M,2022,statutory_tax_rate,20.31,21.73,23.37,25.51,27.41,23.65,2.41,11,2025-05-13
BM-1743E0A3,Financial Services,M,2022,tax_credit_impact,1.88,2.09,2.44,11.47,26.96,7.66,8.66,11,2025-05-13
BM-628B9880,Financial Services,M,2022,input_output_ratio,0.53,0.54,0.58,0.65,0.91,0.63,0.13,11,2025-05-13
BM-3461D5E8,Financial Services,M,2022,labour_cost_ratio,4.94,8.19,9.35,12.95,17.57,10.68,3.74,11,2025-05-13
BM-DE3797CA,Financial Services,M,2022,revenue_per_employee,239322.68,324062.56,481949.44,524009.16,867309.33,458630.91,177337.53,11,2025-05-13
BM-E43CAE0E,Financial Services,M,2022,credit_utilisation_ratio,8.75,9.24,9.44,10.68,12.4,10.1,1.29,11,2025-05-13
BM-456702B1,Financial Services,M,2022,vat_income_consistency,0.0,0.0,0.0,4.46,18.31,3.17,5.71,11,2025-05-13
BM-CB78D6DC,Financial Services,M,2022,tax_savings_ratio,159.0,162.16,180.8,203.18,463.92,214.66,93.83,11,2025-05-13
BM-D370B84E,Financial Services,M,2022,book_tax_gap,36.06,43.44,47.06,48.23,50.53,45.79,4.15,11,2025-05-13
BM-91AA3051,Financial Services,M,2022,filing_compliance_rate,40.0,60.0,100.0,100.0,100.0,81.82,22.72,11,2025-05-13
BM-F0A1B1FF,Financial Services,M,2022,payment_compliance_rate,0.0,40.8,86.97,100.0,100.0,66.0,40.2,11,2025-05-13
BM-E10A23BB,Financial Services,M,2023,profit_margin,1.0,21.89,24.58,30.36,33.87,22.75,10.61,12,2025-05-13
BM-117FC749,Financial Services,M,2023,effective_tax_rate,0.53,14.22,20.25,21.76,24.11,16.55,8.04,12,2025-05-13
BM-734B0DE4,Financial Services,M,2023,statutory_tax_rate,20.31,21.88,23.77,25.08,27.41,23.7,2.31,12,2025-05-13
BM-CC7751DF,Financial Services,M,2023,tax_credit_impact,1.76,2.01,2.4,10.95,26.88,7.15,8.33,12,2025-05-13
BM-00E018C2,Financial Services,M,2023,input_output_ratio,0.53,0.56,0.57,0.63,0.86,0.62,0.1,12,2025-05-13
BM-159B5F56,Financial Services,M,2023,labour_cost_ratio,7.47,8.57,9.63,10.93,13.34,9.73,1.68,12,2025-05-13
BM-AC0AFD04,Financial Services,M,2023,revenue_per_employee,369378.5,437740.7,501041.31,516036.55,550177.5,478955.57,55311.29,12,2025-05-13
BM-54ED588E,Financial Services,M,2023,credit_utilisation_ratio,8.46,8.78,9.81,10.63,12.95,9.98,1.4,12,2025-05-13
BM-EAE8C54B,Financial Services,M,2023,vat_income_consistency,0.0,0.0,0.0,0.12,15.41,1.63,4.46,12,2025-05-13
BM-6583CA12,Financial Services,M,2023,tax_savings_ratio,132.13,152.37,170.46,197.67,269.4,183.95,45.38,12,2025-05-13
BM-5F52B6A7,Financial Services,M,2023,book_tax_gap,33.07,36.92,39.97,47.73,52.28,41.98,6.2,12,2025-05-13
BM-937AE654,Financial Services,M,2023,filing_compliance_rate,40.0,90.0,100.0,100.0,100.0,86.67,24.62,12,2025-05-13
BM-61EE111F,Financial Services,M,2023,payment_compliance_rate,0.0,52.57,88.01,99.75,100.0,72.45,36.12,12,2025-05-13
BM-7F6D3578,Financial Services,M,2024,profit_margin,1.0,22.07,27.49,32.06,35.28,24.12,11.24,14,2025-05-13
BM-FCB56748,Financial Services,M,2024,effective_tax_rate,0.45,14.73,20.06,21.97,23.64,16.7,7.96,14,2025-05-13
BM-0E4AD66E,Financial Services,M,2024,statutory_tax_rate,20.31,22.14,23.77,25.0,27.41,23.71,2.18,14,2025-05-13
BM-B7399119,Financial Services,M,2024,tax_credit_impact,1.72,2.35,2.6,8.62,26.87,7.01,7.96,14,2025-05-13
BM-0C3D5C64,Financial Services,M,2024,input_output_ratio,0.53,0.55,0.59,0.64,0.89,0.62,0.11,14,2025-05-13
BM-17DD941E,Financial Services,M,2024,labour_cost_ratio,2.94,8.0,10.55,13.16,21.77,11.19,5.13,14,2025-05-13
BM-CA15147C,Financial Services,M,2024,revenue_per_employee,227599.75,336529.2,390965.41,503390.46,1807175.0,524071.29,404668.64,14,2025-05-13
BM-2AA81D29,Financial Services,M,2024,credit_utilisation_ratio,8.48,9.86,10.45,10.72,13.07,10.55,1.31,14,2025-05-13
BM-3487F997,Financial Services,M,2024,vat_income_consistency,0.0,0.0,0.0,1.73,6.01,1.23,2.01,14,2025-05-13
BM-F43005CE,Financial Services,M,2024,tax_savings_ratio,117.65,156.03,183.21,215.12,362.39,200.1,72.15,14,2025-05-13
BM-9FF9B4FE,Financial Services,M,2024,book_tax_gap,30.57,40.01,44.26,47.7,53.47,43.73,6.13,14,2025-05-13
BM-9CDE30F8,Financial Services,M,2024,filing_compliance_rate,0.0,65.0,100.0,100.0,100.0,80.0,32.34,14,2025-05-13
BM-31B95EF5,Financial Services,M,2024,payment_compliance_rate,25.6,72.22,99.26,100.0,100.0,84.33,24.99,14,2025-05-13
BM-E7C43F49,Financial Services,M,All,profit_margin,1.0,20.91,24.95,30.54,35.63,22.86,10.56,37,2025-05-13
BM-C2787CA0,Financial Services,M,All,effective_tax_rate,0.45,13.25,20.01,22.0,24.11,16.44,7.82,37,2025-05-13
BM-A3138CDE,Financial Services,M,All,statutory_tax_rate,20.31,22.03,23.37,25.12,27.41,23.69,2.23,37,2025-05-13
BM-C90552E6,Financial Services,M,All,tax_credit_impact,1.72,2.12,2.51,10.65,26.96,7.25,8.06,37,2025-05-13
BM-8EFB4694,Financial Services,M,All,input_output_ratio,0.53,0.55,0.58,0.63,0.91,0.63,0.11,37,2025-05-13
BM-3232F8C6,Financial Services,M,All,labour_cost_ratio,2.94,8.31,9.7,12.49,21.77,10.56,3.83,37,2025-05-13
BM-BCAA5E0D,Financial Services,M,All,revenue_per_employee,227599.75,366742.91,470077.75,520712.54,1807175.0,489983.92,263813.69,37,2025-05-13
BM-F290AB77,Financial Services,M,All,credit_utilisation_ratio,8.46,9.16,10.32,10.74,13.07,10.23,1.32,37,2025-05-13
BM-D0969105,Financial Services,M,All,vat_income_consistency,0.0,0.0,0.0,1.84,18.31,1.94,4.16,37,2025-05-13
BM-EF9B3B4C,Financial Services,M,All,tax_savings_ratio,117.65,159.0,180.8,208.4,463.92,199.19,71.45,37,2025-05-13
BM-752206E1,Financial Services,M,All,book_tax_gap,30.57,39.54,46.03,47.78,53.47,43.77,5.69,37,2025-05-13
BM-A5AD1408,Financial Services,M,All,filing_compliance_rate,0.0,60.0,100.0,100.0,100.0,82.7,26.73,37,2025-05-13
BM-A8C81E40,Financial Services,M,All,payment_compliance_rate,0.0,56.16,97.58,100.0,100.0,75.03,33.67,37,2025-05-13
BM-48979CD9,Financial Services,L,2022,profit_margin,8.08,31.17,33.41,34.49,35.46,29.75,9.72,7,2025-05-13
BM-5D7FC1FB,Financial Services,L,2022,effective_tax_rate,4.09,15.16,18.94,19.71,21.64,16.34,6.18,7,2025-05-13
BM-88D08880,Financial Services,L,2022,statutory_tax_rate,18.75,21.83,21.86,24.04,27.06,22.77,2.6,7,2025-05-13
BM-DD9854E1,Financial Services,L,2022,tax_credit_impact,2.74,2.88,3.25,7.75,17.77,6.43,5.53,7,2025-05-13
BM-2F820BD7,Financial Services,L,2022,input_output_ratio,0.45,0.49,0.53,0.54,0.79,0.55,0.11,7,2025-05-13
BM-043DA96F,Financial Services,L,2022,labour_cost_ratio,6.53,8.17,8.88,9.92,11.7,9.04,1.68,7,2025-05-13
BM-8692A008,Financial Services,L,2022,revenue_per_employee,466880.77,544489.74,597932.07,634151.09,1076566.66,642665.88,201761.47,7,2025-05-13
BM-9878DAAD,Financial Services,L,2022,credit_utilisation_ratio,11.24,13.19,13.7,13.85,16.93,13.71,1.69,7,2025-05-13
BM-ABC4F396,Financial Services,L,2022,vat_income_consistency,0.0,0.0,0.0,4.46,18.4,3.9,6.78,7,2025-05-13
BM-4F04F730,Financial Services,L,2022,tax_savings_ratio,143.0,176.04,199.24,204.59,218.22,188.82,26.45,7,2025-05-13
BM-78E4D3FF,Financial Services,L,2022,book_tax_gap,39.76,41.02,44.29,46.72,48.16,43.96,3.39,7,2025-05-13
BM-FAC981C8,Financial Services,L,2022,filing_compliance_rate,20.0,100.0,100.0,100.0,100.0,88.57,30.24,7,2025-05-13
BM-EA4E1A13,Financial Services,L,2022,payment_compliance_rate,19.85,62.96,98.68,100.0,100.0,77.78,36.3,7,2025-05-13
BM-A8DB0CC7,Financial Services,L,2023,profit_margin,1.0,13.85,29.08,36.24,42.58,24.69,15.42,7,2025-05-13
BM-B8A751D1,Financial Services,L,2023,effective_tax_rate,0.68,9.56,18.92,20.03,21.47,14.32,8.12,7,2025-05-13
BM-DDA37421,Financial Services,L,2023,statutory_tax_rate,18.75,21.83,21.86,24.04,27.06,22.77,2.6,7,2025-05-13
BM-66232F81,Financial Services,L,2023,tax_credit_impact,2.56,2.91,2.92,13.34,21.18,8.45,7.5,7,2025-05-13
BM-CF239828,Financial Services,L,2023,input_output_ratio,0.46,0.49,0.52,0.53,0.78,0.54,0.11,7,2025-05-13
BM-E09FD931,Financial Services,L,2023,labour_cost_ratio,6.3,6.89,8.16,9.35,10.5,8.2,1.64,7,2025-05-13
BM-21DA123E,Financial Services,L,2023,revenue_per_employee,492543.04,589613.51,716492.77,888520.04,1010752.69,739436.51,206610.08,7,2025-05-13
BM-51A5B580,Financial Services,L,2023,credit_utilisation_ratio,11.73,12.13,13.32,15.25,15.63,13.63,1.71,7,2025-05-13
BM-E28F8E44,Financial Services,L,2023,vat_income_consistency,0.0,0.0,0.0,3.08,23.28,4.2,8.55,7,2025-05-13
BM-256D1A5A,Financial Services,L,2023,tax_savings_ratio,137.16,155.17,169.35,215.85,494.14,220.39,126.63,7,2025-05-13
BM-A5799CA9,Financial Services,L,2023,book_tax_gap,31.55,36.52,44.12,46.57,60.64,43.21,9.96,7,2025-05-13
BM-583970AB,Financial Services,L,2023,filing_compliance_rate,20.0,60.0,80.0,100.0,100.0,74.29,29.92,7,2025-05-13
BM-20178B80,Financial Services,L,2023,payment_compliance_rate,17.02,32.85,86.86,100.0,100.0,67.08,38.16,7,2025-05-13
BM-8095095C,Financial Services,L,2024,profit_margin,1.0,19.56,27.91,31.51,35.5,23.79,11.82,7,2025-05-13
BM-C7CE131B,Financial Services,L,2024,effective_tax_rate,0.49,12.01,19.14,19.86,21.2,14.94,7.64,7,2025-05-13
BM-87B2F7C0,Financial Services,L,2024,statutory_tax_rate,18.75,21.83,21.86,24.04,27.06,22.77,2.6,7,2025-05-13
BM-0D663B93,Financial Services,L,2024,tax_credit_impact,2.51,2.93,3.33,10.89,21.37,7.83,7.08,7,2025-05-13
BM-F77D13AA,Financial Services,L,2024,input_output_ratio,0.49,0.51,0.52,0.58,0.74,0.56,0.09,7,2025-05-13
BM-0FB47744,Financial Services,L,2024,labour_cost_ratio,7.83,9.48,12.08,12.35,15.08,11.24,2.45,7,2025-05-13
BM-443979FB,Financial Services,L,2024,revenue_per_employee,385756.36,496977.5,509408.05,632573.54,940641.58,584986.87,188348.01,7,2025-05-13
BM-6C47E842,Financial Services,L,2024,credit_utilisation_ratio,11.47,12.66,14.07,14.84,16.61,13.88,1.76,7,2025-05-13
BM-D93EA525,Financial Services,L,2024,vat_income_consistency,0.0,0.0,0.0,3.73,10.01,2.5,3.75,7,2025-05-13
BM-9725FC82,Financial Services,L,2024,tax_savings_ratio,132.28,153.14,173.59,239.16,414.02,214.93,97.74,7,2025-05-13
BM-011CFC5E,Financial Services,L,2024,book_tax_gap,32.06,35.37,45.11,48.13,51.78,42.28,8.21,7,2025-05-13
BM-D2FBC147,Financial Services,L,2024,filing_compliance_rate,40.0,70.0,100.0,100.0,100.0,82.86,29.28,7,2025-05-13
BM-FDBA5112,Financial Services,L,2024,payment_compliance_rate,15.47,83.65,100.0,100.0,100.0,83.25,32.28,7,2025-05-13
BM-9DC54C6D,Financial Services,L,All,profit_margin,1.0,18.8,31.07,33.64,42.58,26.08,12.2,21,2025-05-13
BM-F399BCDA,Financial Services,L,All,effective_tax_rate,0.49,12.19,18.94,20.37,21.64,15.2,7.03,21,2025-05-13
BM-A1B8CC14,Financial Services,L,All,statutory_tax_rate,18.75,21.82,21.86,24.38,27.06,22.77,2.47,21,2025-05-13
BM-E8856755,Financial Services,L,All,tax_credit_impact,2.51,2.88,3.25,11.99,21.37,7.57,6.47,21,2025-05-13
BM-AF55E83F,Financial Services,L,All,input_output_ratio,0.45,0.49,0.52,0.54,0.79,0.55,0.1,21,2025-05-13
BM-8651C300,Financial Services,L,All,labour_cost_ratio,6.3,7.83,9.04,10.5,15.08,9.49,2.27,21,2025-05-13
BM-14BA6941,Financial Services,L,All,revenue_per_employee,385756.36,502329.47,597932.07,734525.53,1076566.66,655696.42,199811.99,21,2025-05-13
BM-F4D93089,Financial Services,L,All,credit_utilisation_ratio,11.24,12.32,13.7,15.13,16.93,13.74,1.63,21,2025-05-13
BM-6C677C05,Financial Services,L,All,vat_income_consistency,0.0,0.0,0.0,3.78,23.28,3.54,6.36,21,2025-05-13
BM-6E2DF627,Financial Services,L,All,tax_savings_ratio,132.28,163.95,177.33,218.22,494.14,208.04,89.92,21,2025-05-13
BM-38193500,Financial Services,L,All,book_tax_gap,31.55,39.76,44.29,46.75,60.64,43.15,7.34,21,2025-05-13
BM-E0334935,Financial Services,L,All,filing_compliance_rate,20.0,60.0,100.0,100.0,100.0,81.9,28.92,21,2025-05-13
BM-1EA1824D,Financial Services,L,All,payment_compliance_rate,15.47,43.89,100.0,100.0,100.0,76.04,34.53,21,2025-05-13
BM-DBD6B88D,Financial Services,All,2022,profit_margin,1.0,22.88,26.33,28.85,35.63,24.44,8.18,43,2025-05-13
BM-D04A187E,Financial Services,All,2022,effective_tax_rate,0.46,18.95,21.87,25.71,28.05,20.43,7.32,43,2025-05-13
BM-BA0963F8,Financial Services,All,2022,statutory_tax_rate,18.75,23.03,24.81,27.44,29.82,25.19,2.93,43,2025-05-13
BM-0F5E713D,Financial Services,All,2022,tax_credit_impact,1.3,1.7,1.92,2.88,26.96,4.77,6.35,43,2025-05-13
BM-632ED999,Financial Services,All,2022,input_output_ratio,0.45,0.57,0.63,0.66,0.96,0.64,0.1,43,2025-05-13
BM-8CD01333,Financial Services,All,2022,labour_cost_ratio,4.94,9.59,12.11,17.24,30.06,13.61,5.55,43,2025-05-13
BM-E3699001,Financial Services,All,2022,revenue_per_employee,115858.89,206585.24,281150.91,491276.54,1076566.66,356823.54,204509.79,43,2025-05-13
BM-7EC84227,Financial Services,All,2022,credit_utilisation_ratio,5.61,6.34,7.09,10.32,16.93,8.61,2.92,43,2025-05-13
BM-0423088E,Financial Services,All,2022,vat_income_consistency,0.0,0.0,0.0,0.0,18.4,1.49,4.16,43,2025-05-13
BM-AA12A563,Financial Services,All,2022,tax_savings_ratio,127.31,158.72,169.26,198.61,463.92,187.61,58.38,43,2025-05-13
BM-8CD45901,Financial Services,All,2022,book_tax_gap,30.2,37.03,43.16,46.69,54.05,42.06,5.82,43,2025-05-13
BM-D7DF3178,Financial Services,All,2022,filing_compliance_rate,20.0,100.0,100.0,100.0,100.0,91.16,20.14,43,2025-05-13
BM-2ADD5B68,Financial Services,All,2022,payment_compliance_rate,0.0,86.62,100.0,100.0,100.0,83.25,31.11,43,2025-05-13
BM-E9B009E9,Financial Services,All,2023,profit_margin,1.0,22.35,24.82,28.81,42.58,23.78,9.37,46,2025-05-13
BM-B16BC7A6,Financial Services,All,2023,effective_tax_rate,0.53,19.01,21.93,25.63,27.91,19.93,7.83,46,2025-05-13
BM-16E438F6,Financial Services,All,2023,statutory_tax_rate,18.75,23.17,24.73,27.4,29.82,25.15,2.85,46,2025-05-13
BM-553D6BBD,Financial Services,All,2023,tax_credit_impact,1.35,1.66,1.99,2.91,26.88,5.22,6.78,46,2025-05-13
BM-31C06C5C,Financial Services,All,2023,input_output_ratio,0.46,0.57,0.63,0.66,1.06,0.64,0.1,46,2025-05-13
BM-514CA46B,Financial Services,All,2023,labour_cost_ratio,6.3,8.85,11.59,16.26,26.6,13.47,5.59,46,2025-05-13
BM-334A5C36,Financial Services,All,2023,revenue_per_employee,123572.92,213312.83,325741.8,499501.07,1010752.69,376727.26,210659.54,46,2025-05-13
BM-5B2A2AD1,Financial Services,All,2023,credit_utilisation_ratio,5.63,6.35,7.1,10.37,15.63,8.51,2.85,46,2025-05-13
BM-CED35796,Financial Services,All,2023,vat_income_consistency,0.0,0.0,0.0,0.0,23.28,1.39,4.35,46,2025-05-13
BM-7996FA20,Financial Services,All,2023,tax_savings_ratio,132.13,152.84,173.47,199.1,494.14,187.88,60.5,46,2025-05-13
BM-C6C5BB64,Financial Services,All,2023,book_tax_gap,30.18,36.89,41.15,46.83,60.64,41.72,7.12,46,2025-05-13
BM-5F6239D0,Financial Services,All,2023,filing_compliance_rate,20.0,100.0,100.0,100.0,100.0,88.7,22.17,46,2025-05-13
BM-84D97EC0,Financial Services,All,2023,payment_compliance_rate,0.0,65.45,99.51,100.0,100.0,79.07,32.44,46,2025-05-13
BM-E7F9B776,Financial Services,All,2024,profit_margin,1.0,20.51,24.69,29.84,35.5,23.73,8.9,49,2025-05-13
BM-080D66E6,Financial Services,All,2024,effective_tax_rate,0.45,19.14,22.02,25.44,27.92,20.1,7.59,49,2025-05-13
BM-A41BE7CC,Financial Services,All,2024,statutory_tax_rate,18.75,23.17,24.81,27.36,29.82,25.13,2.8,49,2025-05-13
BM-35640014,Financial Services,All,2024,tax_credit_impact,1.43,1.7,2.04,3.17,26.87,5.03,6.57,49,2025-05-13
BM-2931062E,Financial Services,All,2024,input_output_ratio,0.49,0.59,0.63,0.66,0.96,0.64,0.09,49,2025-05-13
BM-B04DC8FB,Financial Services,All,2024,labour_cost_ratio,2.94,10.92,13.46,18.1,30.65,14.97,6.04,49,2025-05-13
BM-4B7805DE,Financial Services,All,2024,revenue_per_employee,119020.0,201220.0,270714.9,393817.67,1807175.0,355744.08,280309.4,49,2025-05-13
BM-32CA2805,Financial Services,All,2024,credit_utilisation_ratio,5.61,6.43,7.14,10.58,16.61,8.77,2.92,49,2025-05-13
BM-BE3E28F7,Financial Services,All,2024,vat_income_consistency,0.0,0.0,0.0,0.0,18.56,1.23,3.24,49,2025-05-13
BM-042DC1B2,Financial Services,All,2024,tax_savings_ratio,117.65,155.85,181.91,212.81,414.02,195.07,64.36,49,2025-05-13
BM-0DE55540,Financial Services,All,2024,book_tax_gap,30.47,38.28,43.02,46.66,54.57,41.94,6.75,49,2025-05-13
BM-06168280,Financial Services,All,2024,filing_compliance_rate,0.0,100.0,100.0,100.0,100.0,90.2,23.14,49,2025-05-13
BM-C786BE23,Financial Services,All,2024,payment_compliance_rate,15.47,82.74,100.0,100.0,100.0,88.14,20.68,49,2025-05-13
BM-17E9F857,Financial Services,All,All,profit_margin,1.0,21.67,25.74,29.33,42.58,23.97,8.78,138,2025-05-13
BM-DC77BC8A,Financial Services,All,All,effective_tax_rate,0.45,18.99,21.93,25.64,28.05,20.15,7.53,138,2025-05-13
BM-DD61D208,Financial Services,All,All,statutory_tax_rate,18.75,23.17,24.81,27.41,29.82,25.16,2.83,138,2025-05-13
BM-83C6F2DF,Financial Services,All,All,tax_credit_impact,1.3,1.69,2.01,2.91,26.96,5.01,6.53,138,2025-05-13
BM-21231290,Financial Services,All,All,input_output_ratio,0.45,0.58,0.63,0.66,1.06,0.64,0.1,138,2025-05-13
BM-77E3CC33,Financial Services,All,All,labour_cost_ratio,2.94,9.71,12.77,17.55,30.65,14.05,5.74,138,2025-05-13
BM-F654561E,Financial Services,All,All,revenue_per_employee,115858.89,206700.71,291020.08,488398.26,1807175.0,363074.83,234567.66,138,2025-05-13
BM-626C5EFF,Financial Services,All,All,credit_utilisation_ratio,5.61,6.35,7.1,10.49,16.93,8.63,2.88,138,2025-05-13
BM-C6EF4A36,Financial Services,All,All,vat_income_consistency,0.0,0.0,0.0,0.0,23.28,1.37,3.9,138,2025-05-13
BM-03923700,Financial Services,All,All,tax_savings_ratio,117.65,156.03,177.39,201.78,494.14,190.35,60.91,138,2025-05-13
BM-32005491,Financial Services,All,All,book_tax_gap,30.18,36.89,42.21,46.83,60.64,41.9,6.56,138,2025-05-13
BM-ACC45BD6,Financial Services,All,All,filing_compliance_rate,0.0,100.0,100.0,100.0,100.0,90.0,21.78,138,2025-05-13
BM-7D4B7B03,Financial Services,All,All,payment_compliance_rate,0.0,81.99,100.0,100.0,100.0,83.59,28.4,138,2025-05-13
BM-F9F7238F,Automotive,S,2022,profit_margin,1.0,5.17,6.58,7.28,8.81,6.02,1.96,30,2025-05-13
BM-831D6FA2,Automotive,S,2022,effective_tax_rate,2.23,20.38,22.61,24.65,34.83,20.87,6.69,30,2025-05-13
BM-31FA6CE4,Automotive,S,2022,statutory_tax_rate,22.18,24.24,25.71,27.91,29.83,25.96,2.26,30,2025-05-13
BM-ADC3602A,Automotive,S,2022,tax_credit_impact,-5.24,2.26,2.44,2.69,24.22,5.1,6.55,30,2025-05-13
BM-57B8C81B,Automotive,S,2022,input_output_ratio,1.11,1.14,1.15,1.18,1.64,1.19,0.11,30,2025-05-13
BM-75864476,Automotive,S,2022,labour_cost_ratio,9.03,15.92,20.66,26.94,30.0,20.77,6.52,30,2025-05-13
BM-377F9B83,Automotive,S,2022,revenue_per_employee,49241.0,73332.21,105424.46,135356.75,267203.0,112502.81,49066.28,30,2025-05-13
BM-84176B16,Automotive,S,2022,credit_utilisation_ratio,8.42,8.96,9.66,10.21,11.76,9.72,0.94,30,2025-05-13
BM-6295F44A,Automotive,S,2022,vat_income_consistency,0.0,0.0,0.0,0.0,7.44,0.84,2.11,30,2025-05-13
BM-B2B96BC4,Automotive,S,2022,tax_savings_ratio,219.07,288.25,331.58,377.03,553.38,341.86,74.56,30,2025-05-13
BM-1A2B0F34,Automotive,S,2022,book_tax_gap,61.83,65.75,68.31,71.28,78.19,68.55,4.16,30,2025-05-13
BM-1751D0C7,Automotive,S,2022,filing_compliance_rate,60.0,100.0,100.0,100.0,100.0,94.0,13.03,30,2025-05-13
BM-1C509081,Automotive,S,2022,payment_compliance_rate,0.0,94.68,100.0,100.0,100.0,81.49,37.58,30,2025-05-13
BM-89158FEE,Automotive,S,2023,profit_margin,1.0,5.0,5.68,6.75,9.07,5.57,1.83,30,2025-05-13
BM-3CADC914,Automotive,S,2023,effective_tax_rate,3.76,20.99,22.41,24.56,28.63,21.48,5.24,30,2025-05-13
BM-3D3C5436,Automotive,S,2023,statutory_tax_rate,22.18,24.24,25.71,27.91,29.83,25.96,2.26,30,2025-05-13
BM-625FE5AF,Automotive,S,2023,tax_credit_impact,-0.58,2.37,2.49,2.89,22.69,4.48,5.17,30,2025-05-13
BM-F6E58505,Automotive,S,2023,input_output_ratio,1.09,1.12,1.14,1.18,1.68,1.18,0.11,30,2025-05-13
BM-15C7604E,Automotive,S,2023,labour_cost_ratio,10.03,18.09,21.55,27.34,30.0,22.0,5.89,30,2025-05-13
BM-AC39AA54,Automotive,S,2023,revenue_per_employee,56004.0,83272.27,105206.43,124645.29,187455.0,107891.51,34016.55,30,2025-05-13
BM-630AC2E9,Automotive,S,2023,credit_utilisation_ratio,8.55,9.31,10.03,10.63,13.14,10.03,0.99,30,2025-05-13
BM-76CFEB9D,Automotive,S,2023,vat_income_consistency,0.0,0.0,0.0,0.0,8.24,0.91,2.23,30,2025-05-13
BM-1F7D8C54,Automotive,S,2023,tax_savings_ratio,222.58,319.34,338.78,442.37,621.96,376.2,101.03,30,2025-05-13
BM-F495E379,Automotive,S,2023,book_tax_gap,62.35,65.31,70.44,75.39,78.91,70.71,5.6,30,2025-05-13
BM-B41DCD0B,Automotive,S,2023,filing_compliance_rate,60.0,85.0,100.0,100.0,100.0,92.67,13.37,30,2025-05-13
BM-540BCEA3,Automotive,S,2023,payment_compliance_rate,0.0,100.0,100.0,100.0,100.0,95.94,18.34,30,2025-05-13
BM-212D782B,Automotive,S,2024,profit_margin,1.0,5.0,5.26,6.94,9.19,5.59,2.0,30,2025-05-13
BM-5B40E63D,Automotive,S,2024,effective_tax_rate,4.88,20.31,22.83,25.19,36.73,21.59,6.73,30,2025-05-13
BM-6D546B28,Automotive,S,2024,statutory_tax_rate,22.18,24.24,25.71,27.91,29.83,25.96,2.26,30,2025-05-13
BM-D7789D20,Automotive,S,2024,tax_credit_impact,-11.11,2.2,2.41,2.75,21.57,4.37,6.73,30,2025-05-13
BM-6E379773,Automotive,S,2024,input_output_ratio,1.11,1.13,1.15,1.18,1.66,1.18,0.11,30,2025-05-13
BM-B1DA0A03,Automotive,S,2024,labour_cost_ratio,8.99,16.76,21.2,27.08,30.0,21.96,6.08,30,2025-05-13
BM-621158CF,Automotive,S,2024,revenue_per_employee,56406.69,71432.25,97429.25,124352.44,209813.5,103883.21,38785.62,30,2025-05-13
BM-BC7B11F6,Automotive,S,2024,credit_utilisation_ratio,8.77,9.09,9.87,10.37,12.39,9.89,0.93,30,2025-05-13
BM-9A80966E,Automotive,S,2024,vat_income_consistency,0.0,0.0,0.0,0.0,7.22,0.83,1.84,30,2025-05-13
BM-6CC6F812,Automotive,S,2024,tax_savings_ratio,228.78,296.94,333.79,404.78,1101.09,366.53,153.18,30,2025-05-13
BM-CCC8200C,Automotive,S,2024,book_tax_gap,62.0,65.85,68.94,74.47,84.73,69.86,5.74,30,2025-05-13
BM-92E00418,Automotive,S,2024,filing_compliance_rate,20.0,100.0,100.0,100.0,100.0,94.67,16.55,30,2025-05-13
BM-13243F59,Automotive,S,2024,payment_compliance_rate,0.0,99.99,100.0,100.0,100.0,83.09,37.82,30,2025-05-13
BM-E78DCAB8,Automotive,S,All,profit_margin,1.0,5.0,5.8,7.2,9.19,5.73,1.92,90,2025-05-13
BM-964F421B,Automotive,S,All,effective_tax_rate,2.23,20.31,22.68,24.86,36.73,21.31,6.2,90,2025-05-13
BM-8BDD0D7D,Automotive,S,All,statutory_tax_rate,22.18,24.24,25.71,28.05,29.83,25.96,2.24,90,2025-05-13
BM-C6555194,Automotive,S,All,tax_credit_impact,-11.11,2.25,2.44,2.78,24.22,4.65,6.13,90,2025-05-13
BM-039090FC,Automotive,S,All,input_output_ratio,1.09,1.13,1.14,1.18,1.68,1.18,0.11,90,2025-05-13
BM-BF269FD1,Automotive,S,All,labour_cost_ratio,8.99,16.78,21.28,27.23,30.0,21.58,6.13,90,2025-05-13
BM-D19F6102,Automotive,S,All,revenue_per_employee,49241.0,76491.55,104863.76,128964.7,267203.0,108092.51,40794.88,90,2025-05-13
BM-AFD1541F,Automotive,S,All,credit_utilisation_ratio,8.42,9.13,9.87,10.4,13.14,9.88,0.95,90,2025-05-13
BM-2C482824,Automotive,S,All,vat_income_consistency,0.0,0.0,0.0,0.0,8.24,0.86,2.04,90,2025-05-13
BM-C6C16EAC,Automotive,S,All,tax_savings_ratio,219.07,299.36,337.68,405.1,1101.09,361.53,114.0,90,2025-05-13
BM-573A942D,Automotive,S,All,book_tax_gap,61.83,65.66,68.47,73.49,84.73,69.71,5.24,90,2025-05-13
BM-31F9067A,Automotive,S,All,filing_compliance_rate,20.0,100.0,100.0,100.0,100.0,93.78,14.27,90,2025-05-13
BM-C6FE1D51,Automotive,S,All,payment_compliance_rate,0.0,99.99,100.0,100.0,100.0,86.84,32.83,90,2025-05-13
BM-36275F41,Automotive,M,2022,profit_margin,3.0,6.26,6.83,8.26,9.91,6.93,2.01,16,2025-05-13
BM-7A78E39A,Automotive,M,2022,effective_tax_rate,9.04,17.4,18.64,22.59,23.15,18.68,4.19,16,2025-05-13
BM-810CED39,Automotive,M,2022,statutory_tax_rate,20.1,20.93,23.58,26.1,27.25,23.59,2.81,16,2025-05-13
BM-749285DF,Automotive,M,2022,tax_credit_impact,2.84,3.0,3.35,4.06,16.66,4.91,4.14,16,2025-05-13
BM-6083BE68,Automotive,M,2022,input_output_ratio,1.05,1.06,1.08,1.09,1.24,1.09,0.05,16,2025-05-13
BM-8A777C88,Automotive,M,2022,labour_cost_ratio,8.7,11.61,14.51,19.5,22.74,15.2,4.56,16,2025-05-13
BM-CC0956E3,Automotive,M,2022,revenue_per_employee,98339.93,140939.34,204432.31,236607.31,266120.94,193737.26,56802.52,16,2025-05-13
BM-DCD4EC36,Automotive,M,2022,credit_utilisation_ratio,12.74,13.94,14.95,15.63,17.29,14.95,1.29,16,2025-05-13
BM-BE307C18,Automotive,M,2022,vat_income_consistency,0.0,0.0,0.0,0.0,6.01,0.55,1.62,16,2025-05-13
BM-247C9E74,Automotive,M,2022,tax_savings_ratio,203.7,275.86,315.07,337.77,592.04,325.07,90.23,16,2025-05-13
BM-F478F9E3,Automotive,M,2022,book_tax_gap,61.56,63.84,67.43,71.2,76.93,68.02,5.07,16,2025-05-13
BM-C516DD26,Automotive,M,2022,filing_compliance_rate,80.0,100.0,100.0,100.0,100.0,98.75,5.0,16,2025-05-13
BM-97B54309,Automotive,M,2022,payment_compliance_rate,0.0,100.0,100.0,100.0,100.0,93.43,24.95,16,2025-05-13
BM-CA35BD4E,Automotive,M,2023,profit_margin,3.0,5.75,6.49,8.49,9.98,6.69,1.99,17,2025-05-13
BM-31028E29,Automotive,M,2023,effective_tax_rate,10.56,17.52,18.56,22.07,23.63,18.91,3.82,17,2025-05-13
BM-E3F6C249,Automotive,M,2023,statutory_tax_rate,20.1,20.98,23.3,26.07,27.25,23.57,2.72,17,2025-05-13
BM-A2077019,Automotive,M,2023,tax_credit_impact,2.62,3.06,3.25,4.1,14.67,4.66,3.69,17,2025-05-13
BM-F44A9327,Automotive,M,2023,input_output_ratio,1.04,1.07,1.08,1.09,1.21,1.09,0.04,17,2025-05-13
BM-6D95295A,Automotive,M,2023,labour_cost_ratio,7.23,13.55,14.82,17.34,27.65,15.11,4.92,17,2025-05-13
BM-083488C0,Automotive,M,2023,revenue_per_employee,80954.33,162206.33,190562.67,228820.07,395409.0,199904.69,72271.0,17,2025-05-13
BM-DB442D18,Automotive,M,2023,credit_utilisation_ratio,12.76,14.05,14.97,15.41,17.81,14.79,1.41,17,2025-05-13
BM-5265EE08,Automotive,M,2023,vat_income_consistency,0.0,0.0,0.0,0.0,1.14,0.11,0.32,17,2025-05-13
BM-9684982F,Automotive,M,2023,tax_savings_ratio,242.37,279.93,340.79,390.79,511.82,350.11,82.84,17,2025-05-13
BM-F8C19995,Automotive,M,2023,book_tax_gap,61.37,66.56,71.07,75.82,80.11,71.17,5.74,17,2025-05-13
BM-3566C1DD,Automotive,M,2023,filing_compliance_rate,60.0,100.0,100.0,100.0,100.0,97.65,9.7,17,2025-05-13
BM-995CD973,Automotive,M,2023,payment_compliance_rate,0.0,100.0,100.0,100.0,100.0,93.67,24.21,17,2025-05-13
BM-A1D311EB,Automotive,M,2024,profit_margin,3.0,5.0,5.74,6.6,8.39,5.81,1.49,18,2025-05-13
BM-B64992C3,Automotive,M,2024,effective_tax_rate,5.9,17.86,19.59,22.9,25.11,19.3,4.8,18,2025-05-13
BM-D81EC53A,Automotive,M,2024,statutory_tax_rate,20.1,21.12,23.98,26.14,27.25,23.77,2.77,18,2025-05-13
BM-0DDA4F62,Automotive,M,2024,tax_credit_impact,0.53,2.81,3.27,4.11,18.76,4.47,4.73,18,2025-05-13
BM-36A2A64D,Automotive,M,2024,input_output_ratio,1.02,1.06,1.08,1.1,1.21,1.09,0.05,18,2025-05-13
BM-FB6C3AE6,Automotive,M,2024,labour_cost_ratio,8.52,11.95,15.56,17.56,22.34,15.08,4.11,18,2025-05-13
BM-39C2C8D2,Automotive,M,2024,revenue_per_employee,100824.75,160805.12,178937.43,207122.67,312799.5,191640.61,58122.88,18,2025-05-13
BM-8CB91B73,Automotive,M,2024,credit_utilisation_ratio,12.97,13.82,14.37,15.4,17.2,14.64,1.22,18,2025-05-13
BM-FF2A3ED4,Automotive,M,2024,vat_income_consistency,0.0,0.0,0.0,0.0,5.08,0.29,1.2,18,2025-05-13
BM-215C5CE7,Automotive,M,2024,tax_savings_ratio,222.59,337.71,368.89,396.89,596.35,380.17,97.27,18,2025-05-13
BM-8B959CDB,Automotive,M,2024,book_tax_gap,62.92,67.88,73.39,76.56,78.23,72.06,5.23,18,2025-05-13
BM-8236C260,Automotive,M,2024,filing_compliance_rate,40.0,100.0,100.0,100.0,100.0,96.67,14.14,18,2025-05-13
BM-EC77F586,Automotive,M,2024,payment_compliance_rate,0.0,100.0,100.0,100.0,100.0,83.33,38.35,18,2025-05-13
BM-626BC7DA,Automotive,M,All,profit_margin,3.0,5.51,6.41,8.04,9.98,6.45,1.87,51,2025-05-13
BM-14C73E46,Automotive,M,All,effective_tax_rate,5.9,17.49,18.72,22.76,25.11,18.98,4.22,51,2025-05-13
BM-41B822B8,Automotive,M,All,statutory_tax_rate,20.1,20.98,23.3,26.12,27.25,23.65,2.71,51,2025-05-13
BM-D7264A92,Automotive,M,All,tax_credit_impact,0.53,2.97,3.31,4.1,18.76,4.67,4.14,51,2025-05-13
BM-0FC5D08B,Automotive,M,All,input_output_ratio,1.02,1.06,1.08,1.09,1.24,1.09,0.05,51,2025-05-13
BM-D41C766A,Automotive,M,All,labour_cost_ratio,7.23,11.97,14.82,17.66,27.65,15.13,4.44,51,2025-05-13
BM-2D5BFFAA,Automotive,M,All,revenue_per_employee,80954.33,155970.52,187580.97,232155.79,395409.0,195053.07,61649.89,51,2025-05-13
BM-CB795E3C,Automotive,M,All,credit_utilisation_ratio,12.74,13.9,14.84,15.47,17.81,14.79,1.29,51,2025-05-13
BM-6EE47BBD,Automotive,M,All,vat_income_consistency,0.0,0.0,0.0,0.0,6.01,0.31,1.16,51,2025-05-13
BM-B25DC5D8,Automotive,M,All,tax_savings_ratio,203.7,282.41,340.79,390.13,596.35,352.86,91.51,51,2025-05-13
BM-A133A2A2,Automotive,M,All,book_tax_gap,61.37,65.22,70.98,75.7,80.11,70.5,5.53,51,2025-05-13
BM-B4FC494E,Automotive,M,All,filing_compliance_rate,40.0,100.0,100.0,100.0,100.0,97.65,10.31,51,2025-05-13
BM-C3527360,Automotive,M,All,payment_compliance_rate,0.0,100.0,100.0,100.0,100.0,89.95,29.98,51,2025-05-13
BM-C0D7E1A3,Automotive,L,All,profit_margin,5.19,6.05,7.74,9.09,9.73,7.56,1.67,12,2025-05-13
BM-EAD1F6D7,Automotive,L,All,effective_tax_rate,14.83,15.01,15.37,16.9,20.72,16.55,2.36,12,2025-05-13
BM-165B66DD,Automotive,L,All,statutory_tax_rate,18.53,18.71,19.11,20.91,25.32,20.52,2.92,12,2025-05-13
BM-1EABBA22,Automotive,L,All,tax_credit_impact,3.35,3.54,3.69,4.25,5.15,3.97,0.61,12,2025-05-13
BM-B53680F5,Automotive,L,All,input_output_ratio,0.97,0.98,0.99,1.01,1.03,1.0,0.02,12,2025-05-13
BM-EBB2F883,Automotive,L,All,labour_cost_ratio,8.48,12.94,14.23,15.64,20.4,14.24,3.06,12,2025-05-13
BM-47424466,Automotive,L,All,revenue_per_employee,178249.19,227619.68,244947.19,272019.43,384725.65,251351.48,53240.47,12,2025-05-13
BM-1C3BA655,Automotive,L,All,credit_utilisation_ratio,17.82,18.61,19.05,20.01,21.27,19.34,1.09,12,2025-05-13
BM-324D09DA,Automotive,L,All,vat_income_consistency,0.0,0.0,0.0,0.0,0.0,0.0,0.0,12,2025-05-13
BM-B7E2C57C,Automotive,L,All,tax_savings_ratio,186.56,225.29,285.25,305.46,445.29,282.07,67.87,12,2025-05-13
BM-96435EE3,Automotive,L,All,book_tax_gap,60.24,66.03,68.61,74.95,78.27,69.85,5.68,12,2025-05-13
BM-0E82FEFA,Automotive,L,All,filing_compliance_rate,100.0,100.0,100.0,100.0,100.0,100.0,0.0,12,2025-05-13
BM-A0B9166D,Automotive,L,All,payment_compliance_rate,92.79,100.0,100.0,100.0,100.0,99.4,2.08,12,2025-05-13
BM-AFD5097B,Automotive,All,2022,profit_margin,1.0,5.64,6.65,7.67,9.91,6.47,2.01,50,2025-05-13
BM-A98CDC72,Automotive,All,2022,effective_tax_rate,2.23,17.25,21.49,23.09,34.83,19.84,5.84,50,2025-05-13
BM-47B6FF1B,Automotive,All,2022,statutory_tax_rate,18.53,22.38,25.21,27.19,29.83,24.77,2.98,50,2025-05-13
BM-D7CB07D6,Automotive,All,2022,tax_credit_impact,-5.24,2.4,2.91,3.93,24.22,4.93,5.55,50,2025-05-13
BM-8F7B5F44,Automotive,All,2022,input_output_ratio,0.97,1.08,1.14,1.16,1.64,1.14,0.1,50,2025-05-13
BM-7F55749F,Automotive,All,2022,labour_cost_ratio,8.7,13.52,17.14,22.33,30.0,18.56,6.31,50,2025-05-13
BM-5C90EA6F,Automotive,All,2022,revenue_per_employee,49241.0,99371.4,134447.33,212857.97,278450.18,148696.97,68443.47,50,2025-05-13
BM-06A61E92,Automotive,All,2022,credit_utilisation_ratio,8.42,9.43,10.46,14.8,18.94,12.09,3.23,50,2025-05-13
BM-2A77616E,Automotive,All,2022,vat_income_consistency,0.0,0.0,0.0,0.0,7.44,0.68,1.87,50,2025-05-13
BM-1C191544,Automotive,All,2022,tax_savings_ratio,203.7,279.64,321.1,372.47,592.04,330.84,78.92,50,2025-05-13
BM-3ECB6BE7,Automotive,All,2022,book_tax_gap,61.56,65.02,68.15,71.29,78.19,68.45,4.44,50,2025-05-13
BM-1423F64C,Automotive,All,2022,filing_compliance_rate,60.0,100.0,100.0,100.0,100.0,96.0,10.69,50,2025-05-13
BM-DB6440D9,Automotive,All,2022,payment_compliance_rate,0.0,99.99,100.0,100.0,100.0,86.79,32.74,50,2025-05-13
BM-E098CA34,Automotive,All,2023,profit_margin,1.0,5.08,6.22,7.46,9.98,6.09,1.95,51,2025-05-13
BM-932D87C0,Automotive,All,2023,effective_tax_rate,3.76,17.55,21.58,23.19,28.63,20.22,4.87,51,2025-05-13
BM-83AF2B52,Automotive,All,2023,statutory_tax_rate,18.53,22.42,25.19,27.17,29.83,24.74,2.96,51,2025-05-13
BM-85CF6BA6,Automotive,All,2023,tax_credit_impact,-0.58,2.44,2.92,4.02,22.69,4.52,4.46,51,2025-05-13
BM-0B0D9668,Automotive,All,2023,input_output_ratio,0.97,1.08,1.12,1.16,1.68,1.13,0.11,51,2025-05-13
BM-D1655710,Automotive,All,2023,labour_cost_ratio,7.23,14.3,17.91,23.2,30.0,19.09,6.35,51,2025-05-13
BM-7DB2AC69,Automotive,All,2023,revenue_per_employee,56004.0,90341.83,133026.06,189008.83,395409.0,148964.24,70256.32,51,2025-05-13
BM-052ECD97,Automotive,All,2023,credit_utilisation_ratio,8.55,9.88,10.8,14.81,21.27,12.43,3.42,51,2025-05-13
BM-0CA61C1C,Automotive,All,2023,vat_income_consistency,0.0,0.0,0.0,0.0,8.24,0.57,1.76,51,2025-05-13
BM-17ADD710,Automotive,All,2023,tax_savings_ratio,186.56,287.95,337.63,427.36,621.96,360.11,97.93,51,2025-05-13
BM-916A758D,Automotive,All,2023,book_tax_gap,60.24,65.2,70.73,75.68,80.11,70.68,5.7,51,2025-05-13
BM-C824D8C2,Automotive,All,2023,filing_compliance_rate,60.0,100.0,100.0,100.0,100.0,94.9,11.89,51,2025-05-13
BM-77B10151,Automotive,All,2023,payment_compliance_rate,0.0,100.0,100.0,100.0,100.0,95.5,19.63,51,2025-05-13
BM-072CCD35,Automotive,All,2024,profit_margin,1.0,5.0,5.47,6.98,9.73,5.8,1.87,52,2025-05-13
BM-DDF30ECB,Automotive,All,2024,effective_tax_rate,4.88,17.76,21.89,23.7,36.73,20.41,6.02,52,2025-05-13
BM-02E6D62A,Automotive,All,2024,statutory_tax_rate,18.53,22.46,25.21,27.14,29.83,24.78,2.95,52,2025-05-13
BM-9EC5972E,Automotive,All,2024,tax_credit_impact,-11.11,2.27,2.74,3.81,21.57,4.37,5.77,52,2025-05-13
BM-1678F9CB,Automotive,All,2024,input_output_ratio,0.97,1.08,1.12,1.16,1.66,1.14,0.1,52,2025-05-13
BM-A129BA85,Automotive,All,2024,labour_cost_ratio,8.48,14.97,17.48,22.93,30.0,18.9,6.4,52,2025-05-13
BM-C85590D6,Automotive,All,2024,revenue_per_employee,56406.69,87368.2,132110.75,190032.21,384725.65,147312.03,73740.83,52,2025-05-13
BM-FBCFD0AF,Automotive,All,2024,credit_utilisation_ratio,8.77,9.7,10.93,14.36,20.35,12.25,3.19,52,2025-05-13
BM-182ACF03,Automotive,All,2024,vat_income_consistency,0.0,0.0,0.0,0.0,7.22,0.58,1.58,52,2025-05-13
BM-4828692A,Automotive,All,2024,tax_savings_ratio,222.59,304.12,345.62,400.33,1101.09,365.59,130.82,52,2025-05-13
BM-33393627,Automotive,All,2024,book_tax_gap,62.0,66.03,70.57,75.43,84.73,70.76,5.56,52,2025-05-13
BM-5C308737,Automotive,All,2024,filing_compliance_rate,20.0,100.0,100.0,100.0,100.0,95.77,15.0,52,2025-05-13
BM-6F3DD25C,Automotive,All,2024,payment_compliance_rate,0.0,99.99,100.0,100.0,100.0,84.34,36.34,52,2025-05-13
BM-00C07F51,Automotive,All,All,profit_margin,1.0,5.0,6.22,7.52,9.98,6.11,1.95,153,2025-05-13
BM-18DCDFD5,Automotive,All,All,effective_tax_rate,2.23,17.47,21.66,23.35,36.73,20.16,5.57,153,2025-05-13
BM-A3D01634,Automotive,All,All,statutory_tax_rate,18.53,22.34,25.19,27.21,29.83,24.76,2.94,153,2025-05-13
BM-87605874,Automotive,All,All,tax_credit_impact,-11.11,2.39,2.87,3.94,24.22,4.6,5.26,153,2025-05-13
BM-2F70F471,Automotive,All,All,input_output_ratio,0.97,1.08,1.12,1.16,1.68,1.14,0.1,153,2025-05-13
BM-5DCEDEA3,Automotive,All,All,labour_cost_ratio,7.23,14.14,17.65,22.66,30.0,18.85,6.32,153,2025-05-13
BM-F52D13DE,Automotive,All,All,revenue_per_employee,49241.0,92313.5,133898.0,190562.67,395409.0,148315.36,70418.99,153,2025-05-13
BM-380A6E47,Automotive,All,All,credit_utilisation_ratio,8.42,9.61,10.79,14.68,21.27,12.26,3.26,153,2025-05-13
BM-F105F3E9,Automotive,All,All,vat_income_consistency,0.0,0.0,0.0,0.0,8.24,0.61,1.73,153,2025-05-13
BM-95BA3463,Automotive,All,All,tax_savings_ratio,186.56,287.21,330.93,392.55,1101.09,352.41,105.53,153,2025-05-13
BM-4B8CF5DE,Automotive,All,All,book_tax_gap,60.24,65.64,69.17,74.79,84.73,69.98,5.35,153,2025-05-13
BM-DD6C0AAB,Automotive,All,All,filing_compliance_rate,20.0,100.0,100.0,100.0,100.0,95.56,12.61,153,2025-05-13
BM-94D385C4,Automotive,All,All,payment_compliance_rate,0.0,100.0,100.0,100.0,100.0,88.86,30.64,153,2025-05-13
BM-7D358BA3,All,S,2022,profit_margin,1.0,6.03,8.59,15.0,32.7,11.22,7.84,237,2025-05-13
BM-3CCB05C5,All,S,2022,effective_tax_rate,0.65,20.39,22.58,24.96,34.83,20.7,6.88,237,2025-05-13
BM-44180EA3,All,S,2022,statutory_tax_rate,22.01,23.9,25.87,27.98,29.97,25.91,2.32,237,2025-05-13
BM-D32A2038,All,S,2022,tax_credit_impact,-6.03,2.07,2.55,3.23,27.35,5.21,6.63,237,2025-05-13
BM-13A2616A,All,S,2022,input_output_ratio,0.61,0.91,1.14,1.32,2.81,1.15,0.38,237,2025-05-13
BM-E0291A3C,All,S,2022,labour_cost_ratio,6.54,14.03,18.79,24.02,44.76,19.65,7.38,237,2025-05-13
BM-BCAE4712,All,S,2022,revenue_per_employee,34285.69,84936.0,127391.0,189698.6,443041.0,143717.72,77695.55,237,2025-05-13
BM-F6DFD789,All,S,2022,credit_utilisation_ratio,5.61,8.48,9.82,11.15,16.46,9.79,2.03,237,2025-05-13
BM-10E679B5,All,S,2022,vat_income_consistency,0.0,0.0,0.0,0.0,14.39,0.68,1.96,237,2025-05-13
BM-BE662849,All,S,2022,tax_savings_ratio,127.31,207.02,268.16,333.63,812.35,281.92,98.46,237,2025-05-13
BM-DCD6D70E,All,S,2022,book_tax_gap,30.2,52.78,61.29,67.59,80.12,59.58,11.21,237,2025-05-13
BM-5C70FF6C,All,S,2022,filing_compliance_rate,0.0,100.0,100.0,100.0,100.0,92.57,17.34,237,2025-05-13
BM-7AD961D1,All,S,2022,payment_compliance_rate,0.0,97.54,100.0,100.0,100.0,86.44,31.53,237,2025-05-13
BM-995A06D1,All,S,2023,profit_margin,1.0,5.68,8.33,14.07,34.41,11.12,8.13,243,2025-05-13
BM-E48F4EAE,All,S,2023,effective_tax_rate,0.88,20.37,22.51,24.87,35.6,20.56,6.86,243,2025-05-13
BM-1B787E77,All,S,2023,statutory_tax_rate,22.01,23.88,25.87,27.98,29.97,25.9,2.33,243,2025-05-13
BM-0402772C,All,S,2023,tax_credit_impact,-8.1,2.1,2.58,3.3,27.34,5.34,6.6,243,2025-05-13
BM-E33896E0,All,S,2023,input_output_ratio,0.59,0.92,1.13,1.32,2.75,1.14,0.37,243,2025-05-13
BM-A59677BF,All,S,2023,labour_cost_ratio,7.59,15.16,19.63,25.0,45.0,20.14,6.59,243,2025-05-13
BM-746C45DE,All,S,2023,revenue_per_employee,29270.67,84235.15,113765.5,170343.04,399118.76,136887.76,72571.19,243,2025-05-13
BM-D260C3BD,All,S,2023,credit_utilisation_ratio,5.63,8.56,9.99,11.32,15.84,9.94,2.08,243,2025-05-13
BM-6129C117,All,S,2023,vat_income_consistency,0.0,0.0,0.0,0.0,26.77,0.82,2.74,243,2025-05-13
BM-340B620D,All,S,2023,tax_savings_ratio,134.29,206.81,258.25,328.71,635.0,285.9,105.29,243,2025-05-13
BM-6F7B9BCD,All,S,2023,book_tax_gap,30.18,53.77,60.61,68.6,80.58,60.13,11.26,243,2025-05-13
BM-B547C1C7,All,S,2023,filing_compliance_rate,20.0,100.0,100.0,100.0,100.0,92.76,16.57,243,2025-05-13
BM-5E6E31AC,All,S,2023,payment_compliance_rate,0.0,98.92,100.0,100.0,100.0,85.93,31.94,243,2025-05-13
BM-454BE7BF,All,S,2024,profit_margin,1.0,5.32,8.64,13.67,33.34,11.12,8.04,252,2025-05-13
BM-0B49FC66,All,S,2024,effective_tax_rate,0.64,20.15,22.77,25.08,36.73,20.69,7.08,252,2025-05-13
BM-B7515DE2,All,S,2024,statutory_tax_rate,22.01,23.92,25.89,28.0,29.97,25.92,2.32,252,2025-05-13
BM-8090A97C,All,S,2024,tax_credit_impact,-11.11,2.08,2.58,3.22,27.27,5.24,6.82,252,2025-05-13
BM-8EBAF813,All,S,2024,input_output_ratio,0.6,0.92,1.14,1.32,2.78,1.14,0.37,252,2025-05-13
BM-71A0E71F,All,S,2024,labour_cost_ratio,8.06,15.88,20.0,25.0,49.47,20.74,6.57,252,2025-05-13
BM-0319B663,All,S,2024,revenue_per_employee,33392.0,81123.99,113614.64,159946.51,354848.33,130747.13,66799.2,252,2025-05-13
BM-57779155,All,S,2024,credit_utilisation_ratio,5.61,8.57,9.87,11.17,15.7,9.85,2.09,252,2025-05-13
BM-91E01EF9,All,S,2024,vat_income_consistency,0.0,0.0,0.0,0.0,18.56,0.79,2.11,252,2025-05-13
BM-99A98EBC,All,S,2024,tax_savings_ratio,123.96,207.01,254.34,341.57,1101.09,290.82,127.7,252,2025-05-13
BM-ACFE72BF,All,S,2024,book_tax_gap,30.47,52.58,60.79,68.62,84.73,60.06,11.65,252,2025-05-13
BM-9D36D8B9,All,S,2024,filing_compliance_rate,20.0,100.0,100.0,100.0,100.0,93.73,15.16,252,2025-05-13
BM-EF6CC865,All,S,2024,payment_compliance_rate,0.0,99.02,100.0,100.0,100.0,86.73,31.1,252,2025-05-13
BM-41894933,All,S,All,profit_margin,1.0,5.65,8.53,14.42,34.41,11.15,8.0,732,2025-05-13
BM-D09F1037,All,S,All,effective_tax_rate,0.64,20.35,22.57,25.0,36.73,20.65,6.94,732,2025-05-13
BM-D2BE1853,All,S,All,statutory_tax_rate,22.01,23.9,25.87,27.98,29.97,25.91,2.32,732,2025-05-13
BM-B81AD604,All,S,All,tax_credit_impact,-11.11,2.08,2.57,3.24,27.35,5.26,6.68,732,2025-05-13
BM-CB576061,All,S,All,input_output_ratio,0.59,0.92,1.14,1.32,2.81,1.14,0.37,732,2025-05-13
BM-424D5C3D,All,S,All,labour_cost_ratio,6.54,15.2,19.64,25.0,49.47,20.19,6.86,732,2025-05-13
BM-8C4E40BC,All,S,All,revenue_per_employee,29270.67,83493.0,116216.44,171299.25,443041.0,136985.11,72475.25,732,2025-05-13
BM-AA979013,All,S,All,credit_utilisation_ratio,5.61,8.56,9.87,11.24,16.46,9.86,2.07,732,2025-05-13
BM-294135FA,All,S,All,vat_income_consistency,0.0,0.0,0.0,0.0,26.77,0.77,2.29,732,2025-05-13
BM-54C36AC4,All,S,All,tax_savings_ratio,123.96,206.86,261.84,337.37,1101.09,286.3,111.41,732,2025-05-13
BM-97C32A7E,All,S,All,book_tax_gap,30.18,53.01,60.85,68.3,84.73,59.93,11.37,732,2025-05-13
BM-7EDB76A1,All,S,All,filing_compliance_rate,0.0,100.0,100.0,100.0,100.0,93.03,16.34,732,2025-05-13
BM-B87077B3,All,S,All,payment_compliance_rate,0.0,98.52,100.0,100.0,100.0,86.37,31.48,732,2025-05-13
BM-7839CD84,All,M,2022,profit_margin,1.0,6.51,9.58,14.6,39.78,12.05,8.91,167,2025-05-13
BM-F298A13D,All,M,2022,effective_tax_rate,0.46,17.13,19.25,21.61,31.49,17.34,6.64,167,2025-05-13
BM-2F999946,All,M,2022,statutory_tax_rate,20.07,21.59,23.94,26.04,27.95,23.85,2.43,167,2025-05-13
BM-0F7FF860,All,M,2022,tax_credit_impact,-3.76,2.93,3.76,4.7,26.96,6.52,6.51,167,2025-05-13
BM-6938FE0B,All,M,2022,input_output_ratio,0.53,0.88,1.07,1.26,2.56,1.12,0.35,167,2025-05-13
BM-05AD24AB,All,M,2022,labour_cost_ratio,4.94,10.45,14.18,18.0,31.84,14.75,5.16,167,2025-05-13
BM-CB78D0BF,All,M,2022,revenue_per_employee,67889.78,135218.96,202635.44,294433.16,867309.33,234780.81,133515.32,167,2025-05-13
BM-1573B0ED,All,M,2022,credit_utilisation_ratio,8.75,12.39,15.34,17.35,24.5,15.16,3.26,167,2025-05-13
BM-23F778C3,All,M,2022,vat_income_consistency,0.0,0.0,0.0,0.0,18.31,1.12,3.06,167,2025-05-13
BM-D23AA2BC,All,M,2022,tax_savings_ratio,159.0,207.36,278.19,366.8,952.38,305.71,124.04,167,2025-05-13
BM-1AA3F28E,All,M,2022,book_tax_gap,36.06,52.22,62.12,69.3,82.81,61.57,10.61,167,2025-05-13
BM-B031B205,All,M,2022,filing_compliance_rate,0.0,100.0,100.0,100.0,100.0,92.22,18.35,167,2025-05-13
BM-451BD455,All,M,2022,payment_compliance_rate,0.0,92.79,100.0,100.0,100.0,84.42,32.21,167,2025-05-13
BM-EFBB7BE2,All,M,2023,profit_margin,1.0,5.73,9.3,14.0,40.49,12.28,9.7,173,2025-05-13
BM-397D5265,All,M,2023,effective_tax_rate,0.51,17.52,19.46,21.72,30.47,17.53,6.64,173,2025-05-13
BM-C53EFC9E,All,M,2023,statutory_tax_rate,20.07,21.66,24.08,26.01,27.95,23.89,2.4,173,2025-05-13
BM-0816F91A,All,M,2023,tax_credit_impact,-2.64,2.98,3.54,4.56,26.88,6.35,6.52,173,2025-05-13
BM-2A5A39BC,All,M,2023,input_output_ratio,0.53,0.87,1.07,1.25,2.54,1.1,0.34,173,2025-05-13
BM-31D75ABF,All,M,2023,labour_cost_ratio,5.83,10.74,13.73,17.31,28.0,14.21,4.44,173,2025-05-13
BM-AD658961,All,M,2023,revenue_per_employee,75121.72,141510.6,196485.27,316202.69,565874.12,235087.77,122210.11,173,2025-05-13
BM-CE5D870A,All,M,2023,credit_utilisation_ratio,8.46,12.6,14.89,16.96,24.51,14.89,3.19,173,2025-05-13
BM-C2BD710B,All,M,2023,vat_income_consistency,0.0,0.0,0.0,0.0,19.17,0.89,2.56,173,2025-05-13
BM-E363F7AD,All,M,2023,tax_savings_ratio,132.13,212.41,278.23,394.39,963.33,314.09,134.65,173,2025-05-13
BM-FE0A659E,All,M,2023,book_tax_gap,33.07,52.85,63.76,71.88,83.19,62.11,12.22,173,2025-05-13
BM-E0DCCBFB,All,M,2023,filing_compliance_rate,0.0,100.0,100.0,100.0,100.0,92.37,18.6,173,2025-05-13
BM-3F12C257,All,M,2023,payment_compliance_rate,0.0,91.43,100.0,100.0,100.0,85.21,31.61,173,2025-05-13
BM-9EA09653,All,M,2024,profit_margin,1.0,6.49,10.32,14.08,39.95,12.25,8.92,182,2025-05-13
BM-73FCE0CF,All,M,2024,effective_tax_rate,0.45,17.42,19.33,21.83,26.2,17.5,6.58,182,2025-05-13
BM-EEB32016,All,M,2024,statutory_tax_rate,20.07,21.7,24.1,26.06,27.95,23.89,2.41,182,2025-05-13
BM-1ACE5816,All,M,2024,tax_credit_impact,0.37,2.93,3.7,4.54,26.87,6.39,6.5,182,2025-05-13
BM-A86C9ABE,All,M,2024,input_output_ratio,0.53,0.87,1.07,1.25,2.75,1.1,0.35,182,2025-05-13
BM-39F1E3A9,All,M,2024,labour_cost_ratio,2.94,11.73,14.62,18.0,29.11,15.01,4.66,182,2025-05-13
BM-CFE21CB4,All,M,2024,revenue_per_employee,71038.57,138076.63,193539.12,277734.86,1807175.0,231917.37,169151.58,182,2025-05-13
BM-67E96E89,All,M,2024,credit_utilisation_ratio,8.48,12.69,14.94,16.89,23.51,14.93,3.0,182,2025-05-13
BM-5F3FC9F9,All,M,2024,vat_income_consistency,0.0,0.0,0.0,0.0,13.57,0.75,2.01,182,2025-05-13
BM-C07F0958,All,M,2024,tax_savings_ratio,117.65,219.5,272.61,367.24,846.84,305.03,125.54,182,2025-05-13
BM-D184F288,All,M,2024,book_tax_gap,30.57,53.53,62.0,70.55,81.21,61.29,10.86,182,2025-05-13
BM-FF59AC59,All,M,2024,filing_compliance_rate,0.0,100.0,100.0,100.0,100.0,90.22,21.92,182,2025-05-13
BM-03DF6D0E,All,M,2024,payment_compliance_rate,0.0,98.49,100.0,100.0,100.0,88.32,28.06,182,2025-05-13
BM-80A3CB95,All,M,All,profit_margin,1.0,6.1,9.56,14.19,40.49,12.2,9.17,522,2025-05-13
BM-1E278848,All,M,All,effective_tax_rate,0.45,17.36,19.38,21.8,31.49,17.46,6.61,522,2025-05-13
BM-57496D3C,All,M,All,statutory_tax_rate,20.07,21.61,24.06,26.06,27.95,23.88,2.41,522,2025-05-13
BM-7E44AEF6,All,M,All,tax_credit_impact,-3.76,2.94,3.63,4.59,26.96,6.42,6.5,522,2025-05-13
BM-E432B38D,All,M,All,input_output_ratio,0.53,0.87,1.07,1.25,2.75,1.11,0.35,522,2025-05-13
BM-40BE4B2F,All,M,All,labour_cost_ratio,2.94,10.74,14.16,18.0,31.84,14.66,4.76,522,2025-05-13
BM-02BA92EB,All,M,All,revenue_per_employee,67889.78,137194.94,198513.5,295404.26,1807175.0,233884.18,143362.11,522,2025-05-13
BM-F5A00DB5,All,M,All,credit_utilisation_ratio,8.46,12.61,15.04,17.18,24.51,14.99,3.15,522,2025-05-13
BM-EC58F0B3,All,M,All,vat_income_consistency,0.0,0.0,0.0,0.0,19.17,0.91,2.57,522,2025-05-13
BM-6EB2665A,All,M,All,tax_savings_ratio,117.65,213.1,278.09,372.45,963.33,308.25,127.99,522,2025-05-13
BM-640CD751,All,M,All,book_tax_gap,30.57,52.91,62.45,70.62,83.19,61.65,11.24,522,2025-05-13
BM-6BDE0658,All,M,All,filing_compliance_rate,0.0,100.0,100.0,100.0,100.0,91.57,19.73,522,2025-05-13
BM-2739E784,All,M,All,payment_compliance_rate,0.0,93.97,100.0,100.0,100.0,86.04,30.61,522,2025-05-13
BM-64D8FA4B,All,L,2022,profit_margin,1.0,7.47,10.67,15.38,35.46,12.91,8.92,64,2025-05-13
BM-0E647459,All,L,2022,effective_tax_rate,1.71,14.12,17.08,19.24,22.85,15.11,6.07,64,2025-05-13
BM-C5173BEA,All,L,2022,statutory_tax_rate,18.53,20.45,22.07,25.1,27.82,22.6,2.68,64,2025-05-13
BM-F46AC52B,All,L,2022,tax_credit_impact,2.71,3.62,4.56,7.15,22.21,7.49,5.97,64,2025-05-13
BM-2027D704,All,L,2022,input_output_ratio,0.45,0.76,0.88,1.15,1.58,0.92,0.26,64,2025-05-13
BM-6A843ECA,All,L,2022,labour_cost_ratio,6.53,10.0,12.52,15.0,29.21,13.17,4.18,64,2025-05-13
BM-DE151B75,All,L,2022,revenue_per_employee,116476.86,180040.07,274163.01,397030.05,1076566.66,317267.59,176398.4,64,2025-05-13
BM-C854EACE,All,L,2022,credit_utilisation_ratio,11.24,17.4,19.15,21.53,26.73,18.99,3.44,64,2025-05-13
BM-9117351E,All,L,2022,vat_income_consistency,0.0,0.0,0.0,1.08,18.4,1.24,3.19,64,2025-05-13
BM-84BFE666,All,L,2022,tax_savings_ratio,143.0,218.84,271.85,300.96,659.98,279.78,91.5,64,2025-05-13
BM-A7C8462B,All,L,2022,book_tax_gap,39.76,54.79,62.66,67.12,80.2,61.18,9.48,64,2025-05-13
BM-7B744757,All,L,2022,filing_compliance_rate,20.0,100.0,100.0,100.0,100.0,91.88,19.75,64,2025-05-13
BM-18EC1437,All,L,2022,payment_compliance_rate,0.0,96.26,100.0,100.0,100.0,89.28,25.21,64,2025-05-13
BM-24870360,All,L,2023,profit_margin,1.0,7.24,10.6,15.1,42.58,12.51,9.65,66,2025-05-13
BM-E73B1FAC,All,L,2023,effective_tax_rate,0.68,13.33,16.78,19.21,22.9,14.84,6.24,66,2025-05-13
BM-C5C87613,All,L,2023,statutory_tax_rate,18.53,20.16,22.01,24.89,27.82,22.5,2.71,66,2025-05-13
BM-285CC4A3,All,L,2023,tax_credit_impact,2.56,3.66,4.88,11.1,22.72,7.65,6.15,66,2025-05-13
BM-3526AEDC,All,L,2023,input_output_ratio,0.46,0.75,0.89,1.15,1.51,0.92,0.26,66,2025-05-13
BM-BFF53076,All,L,2023,labour_cost_ratio,6.23,9.44,12.95,14.9,21.97,12.44,3.54,66,2025-05-13
BM-4A779436,All,L,2023,revenue_per_employee,123862.32,211956.9,277778.21,383286.86,1010752.69,329093.61,182968.49,66,2025-05-13
BM-C2FEDCF8,All,L,2023,credit_utilisation_ratio,11.73,17.01,19.48,21.75,27.77,19.36,3.69,66,2025-05-13
BM-DFCD5C2F,All,L,2023,vat_income_consistency,0.0,0.0,0.0,0.49,23.28,1.18,3.31,66,2025-05-13
BM-E5E129B7,All,L,2023,tax_savings_ratio,137.16,223.47,276.6,334.45,669.68,297.12,114.16,66,2025-05-13
BM-1D8848E4,All,L,2023,book_tax_gap,31.55,55.53,63.7,69.86,79.76,61.48,11.71,66,2025-05-13
BM-A1CA545F,All,L,2023,filing_compliance_rate,20.0,85.0,100.0,100.0,100.0,91.52,17.56,66,2025-05-13
BM-DBF05F41,All,L,2023,payment_compliance_rate,0.0,86.31,100.0,100.0,100.0,84.65,30.47,66,2025-05-13
BM-A098BE3D,All,L,2024,profit_margin,1.0,5.91,11.07,13.97,36.37,12.03,8.63,66,2025-05-13
BM-E7A12FC5,All,L,2024,effective_tax_rate,0.49,14.4,16.56,19.33,22.92,14.77,6.35,66,2025-05-13
BM-B6FCCA63,All,L,2024,statutory_tax_rate,18.53,20.16,22.01,24.89,27.82,22.5,2.71,66,2025-05-13
BM-2DB58BDB,All,L,2024,tax_credit_impact,2.51,3.55,4.77,8.87,22.64,7.73,6.39,66,2025-05-13
BM-561292B6,All,L,2024,input_output_ratio,0.49,0.74,0.89,1.13,1.61,0.92,0.26,66,2025-05-13
BM-D498D20B,All,L,2024,labour_cost_ratio,7.5,9.94,12.35,15.3,23.28,13.09,4.06,66,2025-05-13
BM-D74080EA,All,L,2024,revenue_per_employee,102863.95,202122.21,282906.79,385498.68,940641.58,314333.65,155078.55,66,2025-05-13
BM-D3B0F721,All,L,2024,credit_utilisation_ratio,11.47,16.63,18.98,21.51,28.19,19.26,3.71,66,2025-05-13
BM-B44CBED3,All,L,2024,vat_income_consistency,0.0,0.0,0.0,0.0,10.27,0.95,2.21,66,2025-05-13
BM-D2AADEDB,All,L,2024,tax_savings_ratio,132.28,223.98,293.49,356.37,580.77,295.86,93.44,66,2025-05-13
BM-0E7B9715,All,L,2024,book_tax_gap,32.06,53.35,66.51,70.73,78.77,62.62,11.52,66,2025-05-13
BM-988D5CD3,All,L,2024,filing_compliance_rate,20.0,100.0,100.0,100.0,100.0,92.42,17.81,66,2025-05-13
BM-9ECD3991,All,L,2024,payment_compliance_rate,0.0,73.11,100.0,100.0,100.0,81.75,30.27,66,2025-05-13
BM-D97C17B9,All,L,All,profit_margin,1.0,6.95,10.67,15.28,42.58,12.48,9.04,196,2025-05-13
BM-C95B31DC,All,L,All,effective_tax_rate,0.49,13.76,16.8,19.29,22.92,14.91,6.19,196,2025-05-13
BM-1E305705,All,L,All,statutory_tax_rate,18.53,20.22,22.04,25.07,27.82,22.53,2.69,196,2025-05-13
BM-2D49DCAD,All,L,All,tax_credit_impact,2.51,3.62,4.75,9.15,22.72,7.63,6.14,196,2025-05-13
BM-DAF17774,All,L,All,input_output_ratio,0.45,0.74,0.89,1.14,1.61,0.92,0.26,196,2025-05-13
BM-81F53923,All,L,All,labour_cost_ratio,6.23,9.99,12.61,15.0,29.21,12.9,3.93,196,2025-05-13
BM-F1127D0D,All,L,All,revenue_per_employee,102863.95,198284.5,279511.14,386779.47,1076566.66,320261.86,171084.29,196,2025-05-13
BM-175867ED,All,L,All,credit_utilisation_ratio,11.24,16.83,19.18,21.54,28.19,19.21,3.6,196,2025-05-13
BM-615D830B,All,L,All,vat_income_consistency,0.0,0.0,0.0,0.4,23.28,1.12,2.93,196,2025-05-13
BM-1F8EA28C,All,L,All,tax_savings_ratio,132.28,221.18,278.2,335.25,669.68,291.03,100.1,196,2025-05-13
BM-79952590,All,L,All,book_tax_gap,31.55,54.8,63.81,68.88,80.2,61.76,10.93,196,2025-05-13
BM-5CC65C43,All,L,All,filing_compliance_rate,20.0,100.0,100.0,100.0,100.0,91.94,18.29,196,2025-05-13
BM-EB6D64FE,All,L,All,payment_compliance_rate,0.0,84.21,100.0,100.0,100.0,85.19,28.81,196,2025-05-13
BM-CFCEE20F,All,All,2022,profit_margin,1.0,6.14,9.38,14.98,39.78,11.75,8.39,468,2025-05-13
BM-049E03C8,All,All,2022,effective_tax_rate,0.46,17.11,20.62,23.28,34.83,18.73,7.0,468,2025-05-13
BM-B099EE83,All,All,2022,statutory_tax_rate,18.53,22.56,24.79,26.93,29.97,24.72,2.72,468,2025-05-13
BM-72387588,All,All,2022,tax_credit_impact,-6.03,2.44,3.15,4.72,27.35,5.99,6.54,468,2025-05-13
BM-5D7F4500,All,All,2022,input_output_ratio,0.45,0.87,1.09,1.28,2.81,1.11,0.36,468,2025-05-13
BM-8D16C866,All,All,2022,labour_cost_ratio,4.94,11.8,16.12,20.62,44.76,17.02,6.84,468,2025-05-13
BM-5373EB90,All,All,2022,revenue_per_employee,34285.69,107857.88,162029.49,257896.37,1076566.66,199945.77,132324.09,468,2025-05-13
BM-880175D3,All,All,2022,credit_utilisation_ratio,5.61,9.57,11.83,16.04,26.73,12.96,4.39,468,2025-05-13
BM-91938507,All,All,2022,vat_income_consistency,0.0,0.0,0.0,0.0,18.4,0.92,2.59,468,2025-05-13
BM-9BA6B906,All,All,2022,tax_savings_ratio,127.31,208.34,273.26,337.73,952.38,290.11,107.86,468,2025-05-13
BM-209C94EB,All,All,2022,book_tax_gap,30.2,52.7,61.75,68.25,82.81,60.51,10.8,468,2025-05-13
BM-B4E4A492,All,All,2022,filing_compliance_rate,0.0,100.0,100.0,100.0,100.0,92.35,18.01,468,2025-05-13
BM-39AAEF94,All,All,2022,payment_compliance_rate,0.0,95.73,100.0,100.0,100.0,86.11,30.97,468,2025-05-13
BM-E657D412,All,All,2023,profit_margin,1.0,5.74,9.07,14.12,42.58,11.73,8.94,482,2025-05-13
BM-107BC4AB,All,All,2023,effective_tax_rate,0.51,17.2,20.69,23.14,35.6,18.69,7.0,482,2025-05-13
BM-4FB39A32,All,All,2023,statutory_tax_rate,18.53,22.57,24.76,26.91,29.97,24.71,2.72,482,2025-05-13
BM-5F080D0B,All,All,2023,tax_credit_impact,-8.1,2.48,3.15,4.77,27.34,6.02,6.55,482,2025-05-13
BM-3DF88B7E,All,All,2023,input_output_ratio,0.46,0.86,1.08,1.28,2.75,1.1,0.35,482,2025-05-13
BM-4B6324E1,All,All,2023,labour_cost_ratio,5.83,12.48,15.79,20.57,45.0,16.96,6.42,482,2025-05-13
BM-E1BACA7B,All,All,2023,revenue_per_employee,29270.67,108235.0,163903.69,250922.81,1010752.69,198452.47,131353.61,482,2025-05-13
BM-D28A8EF8,All,All,2023,credit_utilisation_ratio,5.63,9.74,12.01,15.77,27.77,13.0,4.39,482,2025-05-13
BM-75974F58,All,All,2023,vat_income_consistency,0.0,0.0,0.0,0.0,26.77,0.89,2.76,482,2025-05-13
BM-E584BA64,All,All,2023,tax_savings_ratio,132.13,209.05,272.0,356.02,963.33,297.55,118.28,482,2025-05-13
BM-DB66A2CD,All,All,2023,book_tax_gap,30.18,53.67,61.93,69.86,83.19,61.02,11.69,482,2025-05-13
BM-A0BF1C6A,All,All,2023,filing_compliance_rate,0.0,100.0,100.0,100.0,100.0,92.45,17.43,482,2025-05-13
BM-CA0B03AB,All,All,2023,payment_compliance_rate,0.0,95.35,100.0,100.0,100.0,85.5,31.57,482,2025-05-13
BM-20D28EC6,All,All,2024,profit_margin,1.0,5.78,9.43,14.01,39.95,11.65,8.45,500,2025-05-13
BM-62F87C6E,All,All,2024,effective_tax_rate,0.45,17.23,20.57,23.35,36.73,18.75,7.12,500,2025-05-13
BM-AB4E7832,All,All,2024,statutory_tax_rate,18.53,22.58,24.79,26.92,29.97,24.73,2.72,500,2025-05-13
BM-94013D05,All,All,2024,tax_credit_impact,-11.11,2.47,3.14,4.69,27.27,5.99,6.7,500,2025-05-13
BM-3F1F7CA1,All,All,2024,input_output_ratio,0.49,0.86,1.08,1.28,2.78,1.1,0.36,500,2025-05-13
BM-437CE492,All,All,2024,labour_cost_ratio,2.94,12.91,17.11,21.48,49.47,17.64,6.47,500,2025-05-13
BM-1F9C98E8,All,All,2024,revenue_per_employee,33392.0,102788.46,152916.52,238382.92,1807175.0,191806.52,142164.83,500,2025-05-13
BM-9687756B,All,All,2024,credit_utilisation_ratio,5.61,9.79,11.88,16.0,28.19,12.94,4.34,500,2025-05-13
BM-38F9FDEB,All,All,2024,vat_income_consistency,0.0,0.0,0.0,0.0,18.56,0.8,2.09,500,2025-05-13
BM-6F792B6F,All,All,2024,tax_savings_ratio,117.65,212.77,266.38,353.18,1101.09,296.66,122.88,500,2025-05-13
BM-E1E470BA,All,All,2024,book_tax_gap,30.47,52.75,62.1,69.18,84.73,60.85,11.37,500,2025-05-13
BM-2463DAE9,All,All,2024,filing_compliance_rate,0.0,100.0,100.0,100.0,100.0,92.28,18.27,500,2025-05-13
BM-61B670B5,All,All,2024,payment_compliance_rate,0.0,96.54,100.0,100.0,100.0,86.65,29.93,500,2025-05-13
