payment_id,tax_filing_id,entity_uid,due_date,payment_date,payment_amount,payment_method,payment_status,late_payment_days
PMT-3C31D61C,TR-424CC75C,GR0000000001,2023-06-30,2023-06-30,13476.0,Direct Debit,Paid,0.0
PMT-2DEA5C8B,TR-11531FF7,GR0000000001,2024-06-30,2024-06-30,10726.0,Direct Debit,Paid,0.0
PMT-CC5BF712,TR-964C5BE0,GR0000000001,2025-06-30,2025-06-30,10548.0,Bank Transfer,Paid,0.0
PMT-58684FFF,TR-EA91072A,GR0000000002,2023-06-30,2023-06-30,52441.0,Bank Transfer,Paid,0.0
PMT-63866231,TR-002E4ED6,GR0000000002,2024-06-30,2024-06-30,81027.0,Bank Transfer,Paid,0.0
PMT-38C930C6,TR-C76046A8,GR0000000002,2025-06-30,2025-06-30,55330.0,Bank Transfer,Paid,0.0
PMT-3B1A6AB8,TR-C4DD78C1,GR0000000003,2023-06-30,2023-06-30,106719.0,Direct Debit,Paid,0.0
PMT-9588A1FD,TR-CE4C8FD3,GR0000000003,2024-06-30,2024-06-30,66653.0,Bank Transfer,Paid,0.0
PMT-E6477F99,TR-5D6C8DC2,GR0000000003,2025-06-30,2025-06-30,105345.0,Bank Transfer,Paid,0.0
PMT-2D9B7B6A,TR-CAB03FD7,GR0000000004,2023-06-30,2023-06-30,43112.0,Direct Debit,Paid,0.0
PMT-B6395EE2,TR-D0651E2C,GR0000000004,2024-06-30,2024-06-30,95808.0,Direct Debit,Paid,0.0
PMT-48808A8B,TR-FCC04F17,GR0000000004,2025-06-30,2025-06-30,35957.0,Bank Transfer,Paid,0.0
PMT-4C11F0EA,TR-3172C570,GR0000000005,2023-06-30,2023-06-30,39956.0,Bank Transfer,Paid,0.0
PMT-EDDCA073,TR-F0B81DA5,GR0000000005,2024-06-30,2024-06-30,17016.0,Direct Debit,Paid,0.0
PMT-195A0DC4,TR-D0A847CF,GR0000000005,2025-06-30,2025-06-30,29937.0,Direct Debit,Paid,0.0
PMT-3C4BEB45,TR-A8153F6E,GR0000000006,2023-06-30,,0.0,,Unpaid,
PMT-B5D25BFF,TR-1D878CBA,GR0000000006,2024-06-30,2024-07-29,470.0,Bank Transfer,Paid,29.0
PMT-93B14E6D,TR-2F6024E3,GR0000000006,2025-06-30,2025-07-28,203.0,Bank Transfer,Paid,28.0
PMT-8D4ADFAE,TR-F1118E80,GR0000000007,2025-06-30,2025-06-30,215907.0,Direct Debit,Paid,0.0
PMT-0D317599,TR-2D088546,GR0000000008,2023-06-30,2023-06-30,252688.0,Direct Debit,Paid,0.0
PMT-5E780803,TR-3FC9D5D2,GR0000000008,2024-06-30,2024-06-30,321109.0,Bank Transfer,Paid,0.0
PMT-15E233CF,TR-D0F6C42B,GR0000000008,2025-06-30,2025-06-30,589699.0,Direct Debit,Paid,0.0
PMT-2473E05A,TR-30E9F31C,GR0000000009,2023-06-30,2023-06-30,671922.0,Bank Transfer,Paid,0.0
PMT-41CB0D25,TR-6A65C0C3,GR0000000009,2024-06-30,2024-06-30,688153.0,Bank Transfer,Paid,0.0
PMT-3E221FF3,TR-D369EF56,GR0000000009,2025-06-30,2025-06-30,540985.0,Bank Transfer,Paid,0.0
PMT-999E0334,TR-5B0AC9A2,GR0000000010,2023-06-30,2023-06-30,2438103.0,Bank Transfer,Paid,0.0
PMT-B153DE91,TR-BAB60B10,GR0000000010,2024-06-30,2024-06-30,2413928.0,Direct Debit,Paid,0.0
PMT-9D0D205A,TR-49C7A34A,GR0000000010,2025-06-30,2025-06-30,2258159.0,Bank Transfer,Paid,0.0
PMT-8F88D2AD,TR-F26F7C44,GR0000000011,2023-06-30,2023-07-13,304.0,Bank Transfer,Paid,13.0
PMT-164CC48B,TR-CD45EE2D,GR0000000011,2024-06-30,2024-06-30,173.0,Online Payment,Paid,0.0
PMT-925D5E06,TR-9398CF6E,GR0000000011,2025-06-30,,0.0,,Unpaid,
PMT-5FF583E0,TR-4ED2F3CD,GR0000000012,2023-06-30,2023-06-30,31287.0,Direct Debit,Paid,0.0
PMT-41D88DB6,TR-F3F3F3C9,GR0000000012,2024-06-30,2024-06-30,18274.0,Bank Transfer,Paid,0.0
PMT-C015F126,TR-D05A68C9,GR0000000012,2025-06-30,,0.0,,Unpaid,
PMT-0BA5617D,TR-55089449,GR0000000013,2023-06-30,2023-06-30,10438.0,Bank Transfer,Paid,0.0
PMT-2819BD07,TR-94AD463C,GR0000000013,2024-06-30,2024-07-01,10844.0,Direct Debit,Paid,1.0
PMT-2002548E,TR-317194F5,GR0000000013,2025-06-30,2025-06-30,9643.0,Direct Debit,Paid,0.0
PMT-74B99C13,TR-469EB6EE,GR0000000014,2023-06-30,,0.0,,Unpaid,
PMT-08C2BCA8,TR-FD2D82AE,GR0000000014,2024-06-30,2024-06-29,11425.0,Bank Transfer,Paid,0.0
PMT-72514544,TR-55789FD9,GR0000000014,2025-06-30,2025-06-29,15693.0,Other,Paid,0.0
PMT-9CBEAAF8,TR-5DA0D577,GR0000000015,2023-06-30,2023-06-30,162810.0,Direct Debit,Paid,0.0
PMT-0AEA42FA,TR-49AAF9D0,GR0000000015,2024-06-30,2024-06-30,347993.0,Bank Transfer,Paid,0.0
PMT-51C0906E,TR-B8D3CEB3,GR0000000015,2025-06-30,2025-06-30,238120.0,Bank Transfer,Paid,0.0
PMT-F5FD283B,TR-CEFAFB17,GR0000000016,2023-06-30,2023-06-30,405602.0,Online Payment,Paid,0.0
PMT-17DFF121,TR-20584094,GR0000000016,2024-06-30,2024-06-30,330758.0,Bank Transfer,Paid,0.0
PMT-C7CF1C91,TR-696D1C6C,GR0000000016,2025-06-30,2025-06-30,279878.0,Bank Transfer,Paid,0.0
PMT-F4183F8E,TR-8176B017,GR0000000017,2024-06-30,2024-06-30,108408.0,Online Payment,Paid,0.0
PMT-736061F2,TR-7403C26F,GR0000000017,2025-06-30,2025-06-30,60677.0,Bank Transfer,Paid,0.0
PMT-DFB851F3,TR-6A1D7F92,GR0000000018,2023-06-30,2023-06-30,188394.0,Bank Transfer,Paid,0.0
PMT-52347756,TR-07890469,GR0000000018,2024-06-30,2024-06-30,141774.0,Online Payment,Paid,0.0
PMT-D9DF4432,TR-C0BFE914,GR0000000018,2025-06-30,2025-06-30,154995.0,Direct Debit,Paid,0.0
PMT-59D16FB3,TR-5DC4F046,GR0000000019,2023-06-30,2023-06-29,10065.0,Bank Transfer,Partial,0.0
PMT-AE1EB270,TR-CC23B7A7,GR0000000019,2024-06-30,2024-06-30,10092.0,Bank Transfer,Paid,0.0
PMT-25DC8A49,TR-49668ED9,GR0000000019,2025-06-30,2025-06-30,11819.0,Bank Transfer,Paid,0.0
PMT-D851654F,TR-26B5C2D4,GR0000000020,2023-06-30,2023-06-30,8148076.0,Bank Transfer,Paid,0.0
PMT-4FF99F76,TR-BB43D0F8,GR0000000020,2024-06-30,2024-07-14,3909820.0,Bank Transfer,Partial,14.0
PMT-6BB06A54,TR-6DB23877,GR0000000020,2025-06-30,2025-06-29,5729611.0,Bank Transfer,Paid,0.0
PMT-6F7F43F0,TR-E761C1EE,GR0000000021,2023-06-30,2023-06-30,683193.0,Bank Transfer,Paid,0.0
PMT-8405AFE0,TR-82A3F1B6,GR0000000021,2024-06-30,2024-06-30,378959.0,Bank Transfer,Paid,0.0
PMT-3B7BFF94,TR-1F7FC6B9,GR0000000021,2025-06-30,2025-06-30,819279.0,Bank Transfer,Paid,0.0
PMT-0D62B4F0,TR-D6FAF43A,GR0000000022,2023-06-30,2023-06-30,1826259.0,Direct Debit,Paid,0.0
PMT-56EB0DCD,TR-E5967456,GR0000000022,2024-06-30,2024-07-01,1271111.0,Bank Transfer,Paid,1.0
PMT-77571D1A,TR-3D08877F,GR0000000022,2025-06-30,2025-06-30,2130200.0,Bank Transfer,Paid,0.0
PMT-681A987F,TR-BD6982D2,GR0000000023,2023-06-30,2023-06-29,9603.0,Bank Transfer,Partial,0.0
PMT-B63EFEDD,TR-ECC37683,GR0000000023,2024-06-30,,0.0,,Unpaid,
PMT-4B794644,TR-9D55EC0A,GR0000000023,2025-06-30,2025-06-30,15909.0,Online Payment,Partial,0.0
PMT-31C4F2FF,TR-39485371,GR0000000024,2023-06-30,2023-06-30,5537.0,Bank Transfer,Paid,0.0
PMT-2D18DA8F,TR-72D6B090,GR0000000024,2024-06-30,2024-06-30,4564.0,Other,Paid,0.0
PMT-0B5175F0,TR-A32CC263,GR0000000024,2025-06-30,2025-07-14,3697.0,Bank Transfer,Paid,14.0
PMT-7C2C0C17,TR-0DE417C9,GR0000000025,2023-06-30,2023-06-30,111544.0,Bank Transfer,Paid,0.0
PMT-4468508C,TR-4C176B53,GR0000000025,2024-06-30,2024-06-30,60226.0,Bank Transfer,Partial,0.0
PMT-D9E141E7,TR-FA9D5CFB,GR0000000025,2025-06-30,2025-06-30,69391.0,Bank Transfer,Paid,0.0
PMT-D74E83C9,TR-6B8DF997,GR0000000026,2023-06-30,2023-06-30,54715.0,Bank Transfer,Paid,0.0
PMT-15708C83,TR-A9DC3CB7,GR0000000026,2024-06-30,2024-06-30,23032.0,Bank Transfer,Paid,0.0
PMT-414813F2,TR-3BBEE0D5,GR0000000026,2025-06-30,2025-06-30,94947.0,Bank Transfer,Paid,0.0
PMT-6FADA8F0,TR-33CAF73F,GR0000000027,2023-06-30,2023-06-30,56466.0,Bank Transfer,Partial,0.0
PMT-9025D07E,TR-93D064BE,GR0000000027,2024-06-30,2024-06-30,60954.0,Bank Transfer,Paid,0.0
PMT-48166154,TR-A06E2EC6,GR0000000027,2025-06-30,2025-06-30,47153.0,Bank Transfer,Paid,0.0
PMT-68311DD2,TR-7320A08A,GR0000000028,2023-06-30,2023-06-30,113279.0,Bank Transfer,Paid,0.0
PMT-AAAC43B7,TR-AFAC2653,GR0000000028,2024-06-30,2024-06-30,242464.0,Bank Transfer,Paid,0.0
PMT-9D4F4224,TR-0C264C90,GR0000000028,2025-06-30,2025-06-30,154509.0,Online Payment,Paid,0.0
PMT-0B704650,TR-C6D4BA48,GR0000000029,2023-06-30,2023-06-30,8915.0,Bank Transfer,Partial,0.0
PMT-5624CB6C,TR-6B5628A0,GR0000000029,2024-06-30,2024-06-30,8556.0,Bank Transfer,Paid,0.0
PMT-69AB4944,TR-1139538F,GR0000000029,2025-06-30,2025-06-30,35792.0,Bank Transfer,Paid,0.0
PMT-202121D4,TR-0B51FD4B,GR0000000030,2023-06-30,2023-06-30,22912.0,Bank Transfer,Paid,0.0
PMT-ABE31A96,TR-258CC5C2,GR0000000030,2024-06-30,2024-06-30,10033.0,Bank Transfer,Paid,0.0
PMT-50FA27CC,TR-CE9C9C4A,GR0000000030,2025-06-30,2025-06-30,16738.0,Direct Debit,Paid,0.0
PMT-2382AB6A,TR-38D7663C,GR0000000031,2023-06-30,2023-06-30,6813.0,Bank Transfer,Paid,0.0
PMT-6D6A5370,TR-59CAB1CA,GR0000000031,2024-06-30,2024-06-30,6518.0,Direct Debit,Paid,0.0
PMT-AC0DFFA6,TR-C0182D0D,GR0000000031,2025-06-30,2025-07-05,6640.0,Bank Transfer,Paid,5.0
PMT-7A5C8088,TR-615BC85E,GR0000000032,2023-06-30,2023-06-30,1518618.0,Online Payment,Paid,0.0
PMT-6BFF19BD,TR-67542463,GR0000000032,2024-06-30,2024-06-30,1037927.0,Bank Transfer,Paid,0.0
PMT-3B813828,TR-6F91DE13,GR0000000032,2025-06-30,2025-06-30,1299218.0,Bank Transfer,Paid,0.0
PMT-D65D497C,TR-B5E193CB,GR0000000033,2023-06-30,2023-06-30,4173636.0,Bank Transfer,Paid,0.0
PMT-E3D1258A,TR-E182BA7F,GR0000000033,2024-06-30,2024-06-30,6767788.0,Direct Debit,Paid,0.0
PMT-ED9A3A28,TR-A6FF2437,GR0000000033,2025-06-30,2025-06-30,3169966.0,Bank Transfer,Paid,0.0
PMT-1D365E46,TR-4546A696,GR0000000034,2023-06-30,2023-06-30,11918.0,Bank Transfer,Paid,0.0
PMT-2A03AF78,TR-0FE41772,GR0000000034,2024-06-30,2024-06-30,9547.0,Direct Debit,Paid,0.0
PMT-960202C2,TR-291C9D28,GR0000000034,2025-06-30,2025-06-30,8512.0,Bank Transfer,Paid,0.0
PMT-505975EE,TR-89B46507,GR0000000035,2023-06-30,2023-06-30,1017339.0,Bank Transfer,Paid,0.0
PMT-D2AE77F0,TR-93D3B08F,GR0000000035,2024-06-30,2024-06-30,1150502.0,Direct Debit,Paid,0.0
PMT-516CE594,TR-88168D60,GR0000000035,2025-06-30,2025-06-30,861844.0,Bank Transfer,Paid,0.0
PMT-7F8D362C,TR-993C0D58,GR0000000036,2023-06-30,2023-06-30,401491.0,Direct Debit,Paid,0.0
PMT-051C3CC7,TR-433F1115,GR0000000036,2024-06-30,2024-06-30,274192.0,Direct Debit,Paid,0.0
PMT-6F5D0476,TR-B8429A32,GR0000000036,2025-06-30,2025-06-30,458302.0,Direct Debit,Paid,0.0
PMT-26788D76,TR-FF2732AD,GR0000000037,2023-06-30,2023-06-30,141328.0,Online Payment,Paid,0.0
PMT-DD24BB22,TR-C85428A7,GR0000000037,2024-06-30,2024-06-30,81538.0,Direct Debit,Paid,0.0
PMT-0351B7D3,TR-621AE242,GR0000000037,2025-06-30,2025-07-02,82787.0,Direct Debit,Paid,2.0
PMT-4E7C17DA,TR-69F6700F,GR0000000038,2023-06-30,2023-06-30,39584.0,Bank Transfer,Partial,0.0
PMT-3CE04686,TR-18861442,GR0000000038,2024-06-30,2024-06-30,75061.0,Bank Transfer,Paid,0.0
PMT-2C168BFC,TR-DC0B5589,GR0000000038,2025-06-30,2025-06-30,45606.0,Bank Transfer,Paid,0.0
PMT-B3684A01,TR-EEB6CB81,GR0000000039,2023-06-30,2023-06-29,8098.0,Bank Transfer,Paid,0.0
PMT-21340B33,TR-903D2B16,GR0000000039,2024-06-30,2024-07-08,1095.0,Direct Debit,Partial,8.0
PMT-C2716403,TR-CD04BDC0,GR0000000039,2025-06-30,2025-07-04,603.0,Bank Transfer,Paid,4.0
PMT-348BA307,TR-703078C8,GR0000000040,2023-06-30,2023-06-30,820876.0,Bank Transfer,Paid,0.0
PMT-44CB6F70,TR-3E29988D,GR0000000040,2024-06-30,2024-06-30,612111.0,Bank Transfer,Paid,0.0
PMT-44F805A8,TR-2A1BB0C2,GR0000000040,2025-06-30,2025-06-30,631615.0,Online Payment,Paid,0.0
PMT-DA26A277,TR-45CBF8CF,GR0000000041,2023-06-30,2023-06-30,13570.0,Bank Transfer,Paid,0.0
PMT-F64FC457,TR-1D44FC19,GR0000000041,2024-06-30,2024-07-03,3647.0,Bank Transfer,Paid,3.0
PMT-60AE2DF1,TR-9F72BBED,GR0000000041,2025-06-30,2025-06-30,4340.0,Direct Debit,Paid,0.0
PMT-17F54FD8,TR-9FEFC8A7,GR0000000042,2025-06-30,2025-06-30,367864.0,Bank Transfer,Paid,0.0
PMT-A9555A5E,TR-77ACA2AD,GR0000000043,2023-06-30,2023-06-30,401541.0,Bank Transfer,Paid,0.0
PMT-452D9FFE,TR-92411DBD,GR0000000043,2024-06-30,2024-06-30,330564.0,Bank Transfer,Paid,0.0
PMT-2125581D,TR-8038CD78,GR0000000043,2025-06-30,2025-06-30,452235.0,Direct Debit,Paid,0.0
PMT-3F9C0D2B,TR-2634E38A,GR0000000044,2023-06-30,2023-06-30,9284.0,Direct Debit,Paid,0.0
PMT-F3EE2008,TR-6AF186F8,GR0000000044,2024-06-30,2024-06-30,13152.0,Direct Debit,Paid,0.0
PMT-1F1E66C4,TR-97B8796C,GR0000000044,2025-06-30,2025-06-30,5766.0,Bank Transfer,Paid,0.0
PMT-1285548C,TR-ECFCE6CF,GR0000000045,2023-06-30,2023-06-30,3138.0,Direct Debit,Paid,0.0
PMT-72638F53,TR-9221A3A6,GR0000000045,2024-06-30,2024-06-30,3673.0,Bank Transfer,Paid,0.0
PMT-CF57A585,TR-E87CC586,GR0000000045,2025-06-30,2025-06-30,2652.0,Bank Transfer,Paid,0.0
PMT-0A6A3DAD,TR-FAFC5A77,GR0000000046,2025-06-30,2025-06-30,92636.0,Bank Transfer,Paid,0.0
PMT-9A7236A8,TR-B0E6F784,GR0000000047,2023-06-30,2023-06-30,327041.0,Direct Debit,Paid,0.0
PMT-77345A67,TR-912C154D,GR0000000047,2024-06-30,2024-06-30,475882.0,Direct Debit,Paid,0.0
PMT-2668CF40,TR-D528C20A,GR0000000047,2025-06-30,2025-06-30,353123.0,Bank Transfer,Paid,0.0
PMT-AC003895,TR-5AFDEB4C,GR0000000048,2023-06-30,2023-07-02,116541.0,Direct Debit,Paid,2.0
PMT-95CDCD0A,TR-7CD40EDD,GR0000000048,2024-06-30,2024-06-30,71183.0,Bank Transfer,Paid,0.0
PMT-92A0D89B,TR-EFF510D3,GR0000000048,2025-06-30,2025-06-30,118943.0,Direct Debit,Paid,0.0
PMT-49789B78,TR-C7DD91C4,GR0000000049,2023-06-30,2023-06-30,16988.0,Bank Transfer,Paid,0.0
PMT-4FD12ADC,TR-7FFB1422,GR0000000049,2024-06-30,2024-06-30,11334.0,Direct Debit,Paid,0.0
PMT-109F2852,TR-EAD92840,GR0000000049,2025-06-30,2025-06-30,10793.0,Bank Transfer,Paid,0.0
PMT-8D94987C,TR-0B4BAECE,GR0000000050,2023-06-30,2023-06-30,1435351.0,Direct Debit,Partial,0.0
PMT-ECD6F418,TR-4A483736,GR0000000050,2024-06-30,,0.0,,Unpaid,
PMT-1DD70DCF,TR-02973E1D,GR0000000050,2025-06-30,,0.0,,Unpaid,
PMT-3F3567C5,TR-18D24D9A,GR0000000051,2023-06-30,2023-06-30,325718.0,Bank Transfer,Paid,0.0
PMT-618CCDA3,TR-AE43DFA5,GR0000000051,2024-06-30,2024-06-30,132491.0,Bank Transfer,Paid,0.0
PMT-CE7B9F6C,TR-A9748BD7,GR0000000051,2025-06-30,2025-06-30,182177.0,Bank Transfer,Paid,0.0
PMT-BC8F9C9A,TR-887FD18C,GR0000000052,2023-06-30,2023-06-30,25503.0,Online Payment,Paid,0.0
PMT-014D5269,TR-5C04BAE3,GR0000000052,2024-06-30,2024-06-30,29946.0,Direct Debit,Paid,0.0
PMT-D381417D,TR-979AC86B,GR0000000052,2025-06-30,2025-06-30,32165.0,Direct Debit,Paid,0.0
PMT-1CAB28D8,TR-ED153809,GR0000000053,2023-06-30,2023-06-29,12600.0,Direct Debit,Paid,0.0
PMT-32255DF1,TR-4535FFAC,GR0000000053,2024-06-30,2024-07-05,7785.0,Direct Debit,Paid,5.0
PMT-26AA1869,TR-398FBCEF,GR0000000053,2025-06-30,2025-06-30,3238.0,Bank Transfer,Partial,0.0
PMT-7401D502,TR-95A5BA38,GR0000000054,2023-06-30,2023-06-30,54222.0,Bank Transfer,Paid,0.0
PMT-5A593FA6,TR-F5C21A75,GR0000000054,2024-06-30,2024-06-30,32176.0,Bank Transfer,Paid,0.0
PMT-C1B08748,TR-0AD63DDA,GR0000000054,2025-06-30,2025-06-30,25154.0,Direct Debit,Paid,0.0
PMT-4691C9AD,TR-38431394,GR0000000055,2024-06-30,2024-06-30,11520628.0,Bank Transfer,Paid,0.0
PMT-A4F7BB3A,TR-29F490F9,GR0000000055,2025-06-30,2025-06-30,17414718.0,Bank Transfer,Paid,0.0
PMT-5AA5474B,TR-C7F193D3,GR0000000056,2023-06-30,2023-06-30,5412.0,Direct Debit,Paid,0.0
PMT-7ECB1197,TR-2A76EE16,GR0000000056,2024-06-30,2024-06-30,4817.0,Bank Transfer,Paid,0.0
PMT-2D310D45,TR-C7912091,GR0000000056,2025-06-30,2025-06-30,2778.0,Direct Debit,Paid,0.0
PMT-E0F87496,TR-941F37A6,GR0000000057,2023-06-30,2023-06-30,24364.0,Bank Transfer,Paid,0.0
PMT-61372041,TR-CAB547E9,GR0000000057,2024-06-30,2024-06-30,31303.0,Bank Transfer,Paid,0.0
PMT-F9BD73DE,TR-E1F031F8,GR0000000057,2025-06-30,2025-06-30,11147.0,Bank Transfer,Paid,0.0
PMT-CF62D3C3,TR-D71C6236,GR0000000058,2023-06-30,2023-06-30,449329.0,Direct Debit,Paid,0.0
PMT-19B73F1E,TR-7EB3FCEA,GR0000000058,2024-06-30,2024-06-30,532049.0,Other,Paid,0.0
PMT-0BC85BB1,TR-6D49FBD6,GR0000000058,2025-06-30,2025-06-30,870552.0,Bank Transfer,Paid,0.0
PMT-19827005,TR-00FC5310,GR0000000059,2023-06-30,2023-06-30,1599116.0,Direct Debit,Paid,0.0
PMT-AE1BD52B,TR-9A838938,GR0000000059,2024-06-30,2024-06-30,1416826.0,Bank Transfer,Paid,0.0
PMT-C0CC0996,TR-F4B4F1E3,GR0000000059,2025-06-30,2025-06-30,1286166.0,Bank Transfer,Paid,0.0
PMT-4036050C,TR-D654AEFF,GR0000000060,2023-06-30,2023-06-30,706651.0,Bank Transfer,Paid,0.0
PMT-81138F11,TR-58D4EDD2,GR0000000060,2024-06-30,2024-07-04,1204569.0,Bank Transfer,Paid,4.0
PMT-549AE2F3,TR-C78359EE,GR0000000060,2025-06-30,2025-06-30,855169.0,Direct Debit,Paid,0.0
PMT-34431121,TR-34DA2FFF,GR0000000061,2023-06-30,2023-06-30,117969.0,Bank Transfer,Paid,0.0
PMT-EA29276D,TR-8678DCC9,GR0000000061,2024-06-30,2024-06-30,187198.0,Direct Debit,Paid,0.0
PMT-45B723DF,TR-A0C02BE7,GR0000000061,2025-06-30,2025-06-30,225390.0,Direct Debit,Partial,0.0
PMT-667F2AC2,TR-E6432E95,GR0000000062,2023-06-30,2023-06-30,301830.0,Direct Debit,Paid,0.0
PMT-FFBB5E2E,TR-4059F018,GR0000000062,2024-06-30,2024-06-30,300769.0,Bank Transfer,Paid,0.0
PMT-AE91DD30,TR-1F6085F9,GR0000000062,2025-06-30,2025-06-30,314355.0,Bank Transfer,Paid,0.0
PMT-0C5C2F76,TR-8ABD79EB,GR0000000063,2023-06-30,,0.0,,Unpaid,
PMT-8A67F69E,TR-A66FF3EF,GR0000000063,2024-06-30,,0.0,,Unpaid,
PMT-5378014F,TR-AA39599F,GR0000000063,2025-06-30,2025-07-12,548.0,Bank Transfer,Partial,12.0
PMT-53F08793,TR-EA94FE70,GR0000000064,2023-06-30,2023-06-30,8095.0,Online Payment,Paid,0.0
PMT-501FC465,TR-7EB8E9FC,GR0000000064,2024-06-30,2024-06-30,10175.0,Bank Transfer,Paid,0.0
PMT-CFE8C138,TR-1D91B825,GR0000000064,2025-06-30,2025-06-30,10655.0,Bank Transfer,Paid,0.0
PMT-DD87C7CC,TR-5AB74722,GR0000000065,2023-06-30,2023-06-30,594.0,Bank Transfer,Paid,0.0
PMT-7B411984,TR-8089B157,GR0000000065,2024-06-30,2024-06-30,390.0,Direct Debit,Paid,0.0
PMT-C7EF6656,TR-FE0891B0,GR0000000065,2025-06-30,2025-06-30,382.0,Bank Transfer,Paid,0.0
PMT-2111D5B1,TR-7461CEBB,GR0000000066,2023-06-30,2023-06-30,115970.0,Bank Transfer,Paid,0.0
PMT-A91418AC,TR-C12B9DE5,GR0000000066,2024-06-30,2024-06-30,77175.0,Direct Debit,Paid,0.0
PMT-9FFA1314,TR-05CCC603,GR0000000066,2025-06-30,2025-06-30,105343.0,Bank Transfer,Paid,0.0
PMT-D96654F2,TR-AA2AC14D,GR0000000067,2023-06-30,2023-06-30,619122.0,Direct Debit,Paid,0.0
PMT-68FF3355,TR-F905A12E,GR0000000067,2024-06-30,2024-06-30,403534.0,Direct Debit,Paid,0.0
PMT-320E17B9,TR-9C52C12D,GR0000000067,2025-06-30,2025-06-30,304362.0,Bank Transfer,Paid,0.0
PMT-441C1EC5,TR-45D063B3,GR0000000068,2023-06-30,2023-07-10,1164.0,Bank Transfer,Paid,10.0
PMT-5A43D3AB,TR-F2A051E4,GR0000000068,2024-06-30,2024-07-14,1026.0,Online Payment,Paid,14.0
PMT-061389DB,TR-3204DA17,GR0000000068,2025-06-30,2025-06-29,400.0,Bank Transfer,Paid,0.0
PMT-312918E5,TR-96E06A26,GR0000000069,2023-06-30,2023-06-30,3928.0,Bank Transfer,Paid,0.0
PMT-0554A104,TR-6E6981AA,GR0000000069,2024-06-30,2024-06-30,9781.0,Bank Transfer,Partial,0.0
PMT-D515ED15,TR-665B3F9E,GR0000000069,2025-06-30,2025-06-30,11987.0,Bank Transfer,Partial,0.0
PMT-CB990ABB,TR-EAF0579A,GR0000000070,2023-06-30,2023-06-30,108824.0,Bank Transfer,Paid,0.0
PMT-60155BF8,TR-CF61D870,GR0000000070,2024-06-30,2024-06-30,152012.0,Direct Debit,Paid,0.0
PMT-1095C25A,TR-C9461DC2,GR0000000070,2025-06-30,2025-06-30,147309.0,Direct Debit,Paid,0.0
PMT-461E003E,TR-D87C6F76,GR0000000071,2025-06-30,2025-06-30,7329.0,Bank Transfer,Paid,0.0
PMT-B6E0925B,TR-A3F8415A,GR0000000072,2023-06-30,2023-06-30,47203.0,Bank Transfer,Paid,0.0
PMT-C25F7258,TR-1386159F,GR0000000072,2024-06-30,2024-06-30,68102.0,Direct Debit,Paid,0.0
PMT-71D01E5C,TR-AAF1207E,GR0000000072,2025-06-30,2025-06-30,78990.0,Bank Transfer,Paid,0.0
PMT-C2694A0A,TR-F4877066,GR0000000073,2023-06-30,2023-06-30,13291.0,Bank Transfer,Paid,0.0
PMT-1C4CABD1,TR-9CC6A264,GR0000000073,2024-06-30,2024-06-30,25922.0,Bank Transfer,Paid,0.0
PMT-6067889B,TR-295D22C8,GR0000000073,2025-06-30,2025-06-30,19010.0,Bank Transfer,Paid,0.0
PMT-AE65C463,TR-8845261E,GR0000000074,2023-06-30,2023-06-30,4625.0,Bank Transfer,Paid,0.0
PMT-D4143D80,TR-AE3C067D,GR0000000074,2024-06-30,2024-06-30,12082.0,Direct Debit,Paid,0.0
PMT-CBD8E96F,TR-677C5074,GR0000000074,2025-06-30,2025-07-05,6279.0,Bank Transfer,Paid,5.0
PMT-E72704CA,TR-5AA84A72,GR0000000075,2023-06-30,2023-07-02,992109.0,Bank Transfer,Paid,2.0
PMT-154678B6,TR-485D5899,GR0000000075,2024-06-30,2024-06-30,1047624.0,Bank Transfer,Paid,0.0
PMT-A0B230CE,TR-A1F4BA07,GR0000000075,2025-06-30,2025-06-30,995085.0,Bank Transfer,Paid,0.0
PMT-EB09A16A,TR-B11E501A,GR0000000076,2023-06-30,2023-06-30,8381.0,Direct Debit,Paid,0.0
PMT-28F690A3,TR-6CC8B07C,GR0000000076,2024-06-30,2024-06-30,4828.0,Bank Transfer,Paid,0.0
PMT-D93E6CCE,TR-F0A342E4,GR0000000076,2025-06-30,2025-06-30,2999.0,Bank Transfer,Paid,0.0
PMT-3BAC7E5D,TR-DCFF6A53,GR0000000077,2023-06-30,2023-06-30,65303.0,Online Payment,Paid,0.0
PMT-0735AB22,TR-36790FE5,GR0000000077,2024-06-30,2024-06-30,74530.0,Bank Transfer,Paid,0.0
PMT-75B0AC36,TR-8E766E93,GR0000000077,2025-06-30,2025-06-30,55520.0,Bank Transfer,Paid,0.0
PMT-AC0EF94E,TR-E477D338,GR0000000078,2023-06-30,2023-06-30,551218.0,Bank Transfer,Paid,0.0
PMT-832B2A15,TR-C85566B7,GR0000000078,2024-06-30,2024-07-05,292277.0,Bank Transfer,Paid,5.0
PMT-F38D5BAF,TR-D5761A27,GR0000000078,2025-06-30,2025-06-29,183923.0,Direct Debit,Paid,0.0
PMT-447848F3,TR-6E8EC4FF,GR0000000079,2023-06-30,2023-06-30,144886.0,Direct Debit,Paid,0.0
PMT-301CBCF3,TR-A7B7366B,GR0000000079,2024-06-30,2024-06-30,167135.0,Bank Transfer,Paid,0.0
PMT-B2E12388,TR-2BCCAF81,GR0000000079,2025-06-30,2025-06-30,215514.0,Bank Transfer,Paid,0.0
PMT-50CBE64B,TR-D3614AE1,GR0000000080,2023-06-30,2023-06-30,129965.0,Bank Transfer,Partial,0.0
PMT-D9DC939D,TR-030843C3,GR0000000080,2024-06-30,2024-06-30,93992.0,Bank Transfer,Paid,0.0
PMT-C198D4A5,TR-9119342C,GR0000000080,2025-06-30,2025-06-30,61383.0,Bank Transfer,Paid,0.0
PMT-DDBD6E67,TR-DF7584E1,GR0000000081,2023-06-30,2023-06-30,168528.0,Bank Transfer,Paid,0.0
PMT-3550ABD9,TR-C2FD56B8,GR0000000081,2024-06-30,2024-06-30,240429.0,Direct Debit,Paid,0.0
PMT-2C187DFD,TR-5BE5FE15,GR0000000081,2025-06-30,2025-06-30,234765.0,Online Payment,Paid,0.0
PMT-B8B5EC0A,TR-25F03174,GR0000000082,2023-06-30,,0.0,,Unpaid,
PMT-6D7FEB2E,TR-68967BC6,GR0000000082,2024-06-30,,0.0,,Unpaid,
PMT-383E795B,TR-4583EA14,GR0000000082,2025-06-30,2025-08-14,87409.0,Bank Transfer,Paid,45.0
PMT-70BB3032,TR-C80A28CE,GR0000000083,2023-06-30,2023-06-30,1292811.0,Bank Transfer,Paid,0.0
PMT-A62127A1,TR-87D057C8,GR0000000083,2024-06-30,2024-06-30,1069009.0,Direct Debit,Paid,0.0
PMT-37C3ADCB,TR-7205F09F,GR0000000083,2025-06-30,2025-06-30,726104.0,Bank Transfer,Paid,0.0
PMT-34E121B1,TR-503FA233,GR0000000084,2023-06-30,2023-06-30,750839.0,Bank Transfer,Paid,0.0
PMT-FB20060B,TR-BFAFBAFA,GR0000000084,2024-06-30,2024-06-30,513145.0,Direct Debit,Paid,0.0
PMT-898E4C77,TR-C9691032,GR0000000084,2025-06-30,2025-06-30,848511.0,Bank Transfer,Paid,0.0
PMT-AB00D4BB,TR-17B4EDA1,GR0000000085,2023-06-30,2023-06-30,2132.0,Direct Debit,Paid,0.0
PMT-87EB3448,TR-DAD88D90,GR0000000085,2024-06-30,2024-06-30,1057.0,Bank Transfer,Paid,0.0
PMT-67BC23B6,TR-C09363C4,GR0000000085,2025-06-30,2025-07-05,1059.0,Bank Transfer,Paid,5.0
PMT-58BDCB1B,TR-A31E81F1,GR0000000086,2023-06-30,2023-06-30,2443.0,Direct Debit,Partial,0.0
PMT-E59B89A4,TR-BD69C395,GR0000000086,2024-06-30,2024-06-30,1617.0,Online Payment,Paid,0.0
PMT-088C11FC,TR-43CE0D08,GR0000000086,2025-06-30,2025-06-30,1529.0,Direct Debit,Paid,0.0
PMT-09447C23,TR-508EE3F1,GR0000000087,2023-06-30,2023-06-30,108811.0,Bank Transfer,Paid,0.0
PMT-BE5CEF08,TR-EBE93AE5,GR0000000087,2024-06-30,2024-06-30,182804.0,Direct Debit,Paid,0.0
PMT-A7847F79,TR-1790B337,GR0000000087,2025-06-30,2025-06-30,160908.0,Bank Transfer,Paid,0.0
PMT-1351BEB4,TR-BA24A15F,GR0000000088,2023-06-30,2023-06-30,113137.0,Direct Debit,Paid,0.0
PMT-76F71CEB,TR-4DD18D33,GR0000000088,2024-06-30,2024-06-30,114148.0,Bank Transfer,Paid,0.0
PMT-F6D5D059,TR-31BA7EBC,GR0000000088,2025-06-30,2025-06-30,131977.0,Online Payment,Paid,0.0
PMT-3E2E4B22,TR-9CE24645,GR0000000089,2023-06-30,2023-06-30,401706.0,Direct Debit,Paid,0.0
PMT-3BFC0907,TR-48A66063,GR0000000089,2024-06-30,2024-06-30,326358.0,Bank Transfer,Paid,0.0
PMT-FF5F805C,TR-EFC471E3,GR0000000089,2025-06-30,2025-06-30,647194.0,Direct Debit,Paid,0.0
PMT-2BB6BE8E,TR-B2C3AAD9,GR0000000090,2023-06-30,2023-06-30,932630.0,Bank Transfer,Paid,0.0
PMT-2315669F,TR-DBCF29C0,GR0000000090,2024-06-30,2024-06-30,467012.0,Bank Transfer,Paid,0.0
PMT-74EB2D33,TR-99F147D4,GR0000000090,2025-06-30,2025-06-30,627492.0,Bank Transfer,Paid,0.0
PMT-A4C721C5,TR-B45F38D0,GR0000000091,2023-06-30,2023-06-30,57640.0,Direct Debit,Paid,0.0
PMT-D9060825,TR-89701E8D,GR0000000091,2024-06-30,2024-06-30,28540.0,Bank Transfer,Paid,0.0
PMT-6A88B75D,TR-CCD5406B,GR0000000091,2025-06-30,2025-06-30,28996.0,Bank Transfer,Paid,0.0
PMT-32AEB116,TR-E542DAAE,GR0000000092,2023-06-30,2023-06-30,1051478.0,Bank Transfer,Paid,0.0
PMT-6DD99740,TR-8C571B29,GR0000000092,2024-06-30,2024-06-30,1599112.0,Bank Transfer,Paid,0.0
PMT-6B905ADF,TR-A9C076E5,GR0000000092,2025-06-30,2025-06-30,959001.0,Bank Transfer,Paid,0.0
PMT-5BAFF6A8,TR-8308A6C2,GR0000000093,2023-06-30,2023-06-30,20580.0,Bank Transfer,Paid,0.0
PMT-9FE4A0B2,TR-E2668B17,GR0000000093,2024-06-30,2024-06-30,14186.0,Direct Debit,Paid,0.0
PMT-4E6BE076,TR-C31B778C,GR0000000093,2025-06-30,2025-06-30,7376.0,Bank Transfer,Paid,0.0
PMT-96CD10D1,TR-CF457B8A,GR0000000094,2023-06-30,2023-06-30,2605.0,Direct Debit,Paid,0.0
PMT-D5F81A22,TR-0E61F3EB,GR0000000094,2024-06-30,2024-06-30,2490.0,Direct Debit,Paid,0.0
PMT-FC46ECEC,TR-81FC71B2,GR0000000094,2025-06-30,2025-06-30,2592.0,Direct Debit,Paid,0.0
PMT-3E053CED,TR-AA44CA9C,GR0000000095,2023-06-30,2023-06-30,43899.0,Bank Transfer,Paid,0.0
PMT-D6D1BE2B,TR-CE0FA20F,GR0000000095,2024-06-30,2024-06-30,27722.0,Bank Transfer,Paid,0.0
PMT-EC177924,TR-2AE16DA4,GR0000000095,2025-06-30,2025-06-30,52311.0,Other,Paid,0.0
PMT-6CB4B545,TR-1B2B3C3A,GR0000000096,2023-06-30,2023-06-30,17602.0,Bank Transfer,Paid,0.0
PMT-CDD2F899,TR-ED0C1703,GR0000000096,2024-06-30,2024-06-30,15729.0,Bank Transfer,Paid,0.0
PMT-F0E3E158,TR-38E40574,GR0000000096,2025-06-30,2025-06-30,13006.0,Bank Transfer,Paid,0.0
PMT-5BE0B0C2,TR-1BD52F6A,GR0000000097,2023-06-30,2023-06-30,4294.0,Bank Transfer,Partial,0.0
PMT-BE881475,TR-9530CFDE,GR0000000097,2024-06-30,2024-06-30,6835.0,Direct Debit,Paid,0.0
PMT-B596C3FC,TR-FB7027D5,GR0000000097,2025-06-30,2025-06-30,5115.0,Bank Transfer,Paid,0.0
PMT-C5B80CB1,TR-6FD58B22,GR0000000098,2023-06-30,2023-07-05,1168.0,Bank Transfer,Paid,5.0
PMT-0D60A64B,TR-97B3E617,GR0000000098,2024-06-30,2024-07-14,728.0,Bank Transfer,Paid,14.0
PMT-01D6AC1F,TR-480A769F,GR0000000098,2025-06-30,,0.0,,Unpaid,
PMT-D525CB6D,TR-FEB21794,GR0000000099,2023-06-30,2023-06-30,64543.0,Bank Transfer,Paid,0.0
PMT-DB6C65C2,TR-1FBA53B7,GR0000000099,2024-06-30,2024-06-30,130936.0,Direct Debit,Paid,0.0
PMT-B633D30D,TR-2DC92175,GR0000000099,2025-06-30,2025-06-30,117021.0,Online Payment,Paid,0.0
PMT-E7D993EC,TR-032D25C4,GR0000000100,2023-06-30,2023-06-30,49953.0,Direct Debit,Paid,0.0
PMT-2DEA363A,TR-21C05FBC,GR0000000100,2024-06-30,2024-06-30,52180.0,Bank Transfer,Paid,0.0
PMT-CFDDA4C9,TR-38A72E62,GR0000000100,2025-06-30,2025-06-30,33197.0,Other,Paid,0.0
PMT-1A91165D,TR-219F6579,GR0000000101,2023-06-30,,0.0,,Unpaid,
PMT-3E2BCE77,TR-A79A3B47,GR0000000101,2024-06-30,2024-08-01,121.0,Other,Paid,32.0
PMT-94DF5631,TR-D7D530DB,GR0000000101,2025-06-30,2025-07-11,235.0,Bank Transfer,Paid,11.0
PMT-1D1178B9,TR-F3521351,GR0000000102,2023-06-30,2023-06-30,204370.0,Bank Transfer,Paid,0.0
PMT-3B65C7A2,TR-1BAC8FD8,GR0000000102,2024-06-30,2024-06-30,206124.0,Bank Transfer,Paid,0.0
PMT-DC9AB2B3,TR-55B10320,GR0000000102,2025-06-30,2025-06-30,233224.0,Bank Transfer,Partial,0.0
PMT-201D4630,TR-B7BBDB98,GR0000000103,2023-06-30,2023-06-30,3262.0,Bank Transfer,Paid,0.0
PMT-DA5BAFBE,TR-91FC48A7,GR0000000103,2024-06-30,2024-06-30,4369.0,Bank Transfer,Partial,0.0
PMT-4C0FB6B3,TR-6E0E33BE,GR0000000103,2025-06-30,2025-06-30,6134.0,Bank Transfer,Paid,0.0
PMT-BAAE9122,TR-3AA3AA88,GR0000000104,2023-06-30,2023-06-30,167763.0,Bank Transfer,Paid,0.0
PMT-9552D010,TR-A457AA0E,GR0000000104,2024-06-30,2024-06-30,201092.0,Direct Debit,Partial,0.0
PMT-4DD61FB2,TR-C6A3076B,GR0000000104,2025-06-30,2025-06-30,388272.0,Online Payment,Paid,0.0
PMT-21FED77F,TR-04698A2E,GR0000000105,2023-06-30,,0.0,,Unpaid,
PMT-C81F885F,TR-24A10D07,GR0000000105,2024-06-30,2024-07-05,41516.0,Bank Transfer,Paid,5.0
PMT-D14ECCFE,TR-D369C448,GR0000000105,2025-06-30,2025-06-29,17718.0,Bank Transfer,Paid,0.0
PMT-6A063091,TR-C3B9DC39,GR0000000106,2023-06-30,2023-06-30,590541.0,Direct Debit,Paid,0.0
PMT-BD8F8EF3,TR-160BC6C9,GR0000000106,2024-06-30,2024-06-30,313827.0,Bank Transfer,Partial,0.0
PMT-AF14EC59,TR-F325881B,GR0000000106,2025-06-30,2025-07-03,532016.0,Bank Transfer,Paid,3.0
PMT-A92AF9FB,TR-757252D4,GR0000000107,2023-06-30,2023-07-07,69501.0,Bank Transfer,Partial,7.0
PMT-9FCB6306,TR-B55F008E,GR0000000107,2024-06-30,2024-06-30,11029.0,Direct Debit,Partial,0.0
PMT-4FD77ECE,TR-1BE02616,GR0000000107,2025-06-30,2025-07-15,14677.0,Bank Transfer,Paid,15.0
PMT-82E53344,TR-CFABC8CE,GR0000000108,2023-06-30,2023-06-30,1436.0,Bank Transfer,Paid,0.0
PMT-493733D1,TR-14246BA4,GR0000000108,2024-06-30,2024-06-30,4342.0,Direct Debit,Paid,0.0
PMT-3EB92787,TR-6C48822D,GR0000000108,2025-06-30,2025-06-30,1837.0,Direct Debit,Paid,0.0
PMT-91C33E1A,TR-10BF5375,GR0000000109,2023-06-30,2023-06-30,1180.0,Bank Transfer,Paid,0.0
PMT-2B104269,TR-BF5CC388,GR0000000109,2024-06-30,2024-06-30,1718.0,Direct Debit,Paid,0.0
PMT-D685B033,TR-B7B83C19,GR0000000109,2025-06-30,2025-06-30,1540.0,Bank Transfer,Paid,0.0
PMT-99B5CB35,TR-7C93BC82,GR0000000110,2023-06-30,2023-06-30,4489.0,Bank Transfer,Paid,0.0
PMT-386A9219,TR-3FDB92F2,GR0000000110,2024-06-30,,0.0,,Unpaid,
PMT-8A24D771,TR-8C7DD31A,GR0000000110,2025-06-30,2025-06-29,1105.0,Bank Transfer,Paid,0.0
PMT-81A1CEBB,TR-AFC5D47E,GR0000000111,2023-06-30,2023-06-30,20567.0,Bank Transfer,Paid,0.0
PMT-33A265CC,TR-8BA448C9,GR0000000111,2024-06-30,2024-06-30,31169.0,Online Payment,Paid,0.0
PMT-B5FFD5B8,TR-23709DBF,GR0000000111,2025-06-30,2025-06-30,41420.0,Direct Debit,Paid,0.0
PMT-8A8A2BA8,TR-D34313D6,GR0000000112,2023-06-30,2023-06-30,48741.0,Bank Transfer,Paid,0.0
PMT-2CBBD1F7,TR-BFCE5A9F,GR0000000112,2024-06-30,2024-07-04,45051.0,Online Payment,Paid,4.0
PMT-4C5701BF,TR-CD3AAD7D,GR0000000112,2025-06-30,2025-06-30,38734.0,Bank Transfer,Paid,0.0
PMT-4F28A54C,TR-06020F56,GR0000000113,2023-06-30,2023-06-30,6158.0,Bank Transfer,Paid,0.0
PMT-0CDD4DD9,TR-3242F940,GR0000000113,2024-06-30,2024-06-30,6388.0,Bank Transfer,Paid,0.0
PMT-2637FE8F,TR-F2B65A3F,GR0000000113,2025-06-30,2025-06-30,2142.0,Bank Transfer,Paid,0.0
PMT-8D7E11A5,TR-BCF9F6B7,GR0000000114,2023-06-30,2023-06-30,1021.0,Direct Debit,Paid,0.0
PMT-E85CF016,TR-6C324B4A,GR0000000114,2024-06-30,2024-06-30,1691.0,Online Payment,Paid,0.0
PMT-218E616C,TR-8AAF1AEF,GR0000000114,2025-06-30,2025-06-30,745.0,Direct Debit,Paid,0.0
PMT-D7B9B1EE,TR-4C51A06F,GR0000000115,2023-06-30,2023-06-29,39496.0,Bank Transfer,Paid,0.0
PMT-150D3531,TR-DFFA0E12,GR0000000115,2024-06-30,2024-06-30,61654.0,Online Payment,Paid,0.0
PMT-754300A1,TR-85710F6E,GR0000000115,2025-06-30,,0.0,,Unpaid,
PMT-76E9E040,TR-335D0267,GR0000000116,2023-06-30,2023-06-30,87350.0,Bank Transfer,Paid,0.0
PMT-6D9025AA,TR-C3151B7F,GR0000000116,2024-06-30,2024-06-30,63543.0,Bank Transfer,Paid,0.0
PMT-6E3947E2,TR-7AFD04D1,GR0000000116,2025-06-30,2025-06-30,44869.0,Bank Transfer,Paid,0.0
PMT-2D475A10,TR-AE350018,GR0000000117,2023-06-30,2023-06-30,27709.0,Direct Debit,Paid,0.0
PMT-6098C783,TR-AAC7486B,GR0000000117,2024-06-30,2024-06-30,17540.0,Online Payment,Paid,0.0
PMT-DD1D3495,TR-80FE5B74,GR0000000117,2025-06-30,2025-06-30,24813.0,Bank Transfer,Paid,0.0
PMT-80A0E95F,TR-6E960662,GR0000000118,2023-06-30,2023-06-30,41987.0,Bank Transfer,Partial,0.0
PMT-08590701,TR-33AFDA33,GR0000000118,2024-06-30,2024-06-29,41027.0,Bank Transfer,Paid,0.0
PMT-5342BFE2,TR-3CD72401,GR0000000118,2025-06-30,2025-06-30,51944.0,Online Payment,Paid,0.0
PMT-8E3FC4DC,TR-8E6DC765,GR0000000119,2023-06-30,2023-07-10,4414.0,Bank Transfer,Paid,10.0
PMT-DF4C76A1,TR-87D9947A,GR0000000119,2024-06-30,2024-08-12,1904.0,Other,Paid,43.0
PMT-969C6203,TR-9BA947D4,GR0000000119,2025-06-30,2025-06-28,3190.0,Bank Transfer,Paid,0.0
PMT-FF203D67,TR-7C0A66C8,GR0000000120,2023-06-30,2023-06-30,13834.0,Bank Transfer,Paid,0.0
PMT-1DA8BB6E,TR-F7C11F18,GR0000000120,2024-06-30,2024-06-30,26508.0,Direct Debit,Partial,0.0
PMT-CFDD8747,TR-FE30D4F3,GR0000000120,2025-06-30,2025-06-30,19821.0,Direct Debit,Paid,0.0
PMT-0D575F6C,TR-726B5013,GR0000000121,2023-06-30,2023-06-29,91323.0,Online Payment,Paid,0.0
PMT-905463B5,TR-828D1B52,GR0000000121,2024-06-30,2024-06-30,162435.0,Bank Transfer,Paid,0.0
PMT-94F931E0,TR-EFB742F6,GR0000000121,2025-06-30,2025-07-02,177159.0,Bank Transfer,Paid,2.0
PMT-2E9301C0,TR-2F9ED75C,GR0000000122,2023-06-30,2023-06-30,332654.0,Bank Transfer,Paid,0.0
PMT-C0278735,TR-8AF0A0D6,GR0000000122,2024-06-30,2024-06-30,143279.0,Bank Transfer,Paid,0.0
PMT-2CB27629,TR-81EA4F5F,GR0000000122,2025-06-30,2025-06-30,90223.0,Direct Debit,Paid,0.0
PMT-E385B178,TR-89B8C201,GR0000000123,2023-06-30,2023-06-30,30312.0,Bank Transfer,Paid,0.0
PMT-18C9B1E8,TR-A389329D,GR0000000123,2024-06-30,2024-06-30,39185.0,Bank Transfer,Paid,0.0
PMT-D8335589,TR-F33B367F,GR0000000123,2025-06-30,2025-06-30,32017.0,Direct Debit,Paid,0.0
PMT-FC18F3A6,TR-B4F01256,GR0000000124,2023-06-30,2023-06-30,12084.0,Bank Transfer,Paid,0.0
PMT-5DA150C4,TR-BE5A7F7A,GR0000000124,2024-06-30,2024-07-01,13812.0,Other,Paid,1.0
PMT-02A33A46,TR-58A8E5F4,GR0000000124,2025-06-30,2025-06-30,22152.0,Direct Debit,Paid,0.0
PMT-A3A2E7BE,TR-10D563C9,GR0000000125,2023-06-30,2023-06-30,255116.0,Bank Transfer,Paid,0.0
PMT-2F1D759F,TR-F44740C7,GR0000000125,2024-06-30,2024-06-30,408103.0,Bank Transfer,Paid,0.0
PMT-C1DB52E2,TR-DB1C949A,GR0000000125,2025-06-30,2025-06-30,252192.0,Bank Transfer,Paid,0.0
PMT-41E6371C,TR-886C7C15,GR0000000126,2023-06-30,2023-06-30,174765.0,Direct Debit,Partial,0.0
PMT-CF944CA9,TR-95C951C3,GR0000000126,2024-06-30,2024-06-30,214225.0,Direct Debit,Paid,0.0
PMT-BE4D4803,TR-6752D64D,GR0000000126,2025-06-30,2025-06-30,155710.0,Bank Transfer,Paid,0.0
PMT-3016F94E,TR-8EC07C7D,GR0000000127,2023-06-30,2023-06-30,87765.0,Bank Transfer,Paid,0.0
PMT-88725D8D,TR-81393901,GR0000000127,2024-06-30,2024-06-30,51195.0,Direct Debit,Paid,0.0
PMT-49A4C676,TR-FD1F7607,GR0000000127,2025-06-30,2025-06-30,59175.0,Direct Debit,Paid,0.0
PMT-CFF1D90A,TR-9A6DF06A,GR0000000128,2023-06-30,2023-06-30,185872.0,Direct Debit,Paid,0.0
PMT-B3250C22,TR-26B9F9BA,GR0000000128,2024-06-30,2024-06-30,182577.0,Direct Debit,Paid,0.0
PMT-ED6AE811,TR-3E698783,GR0000000128,2025-06-30,2025-06-30,138076.0,Direct Debit,Paid,0.0
PMT-5C1008CB,TR-0EEEC206,GR0000000129,2023-06-30,2023-06-30,30311.0,Bank Transfer,Paid,0.0
PMT-DF4CE14B,TR-D26FA347,GR0000000129,2024-06-30,2024-06-30,35101.0,Direct Debit,Paid,0.0
PMT-1024419E,TR-ACDA7AB5,GR0000000129,2025-06-30,2025-06-30,28439.0,Direct Debit,Paid,0.0
PMT-BC0F685C,TR-4BC58B4C,GR0000000130,2023-06-30,2023-06-30,188156.0,Direct Debit,Paid,0.0
PMT-C9C627DE,TR-82A8EDCA,GR0000000130,2024-06-30,2024-06-30,223550.0,Bank Transfer,Paid,0.0
PMT-232349A5,TR-A833D788,GR0000000130,2025-06-30,2025-06-30,198188.0,Bank Transfer,Paid,0.0
PMT-3EAD4D60,TR-E130A06E,GR0000000131,2023-06-30,2023-06-30,998750.0,Direct Debit,Paid,0.0
PMT-149DCD8F,TR-7DA7C9EE,GR0000000131,2024-06-30,2024-06-30,1303150.0,Direct Debit,Paid,0.0
PMT-2EBBDB57,TR-332EC90C,GR0000000131,2025-06-30,2025-07-05,1185491.0,Direct Debit,Paid,5.0
PMT-03B2DE90,TR-F4A5E085,GR0000000132,2024-06-30,2024-06-30,4180.0,Direct Debit,Paid,0.0
PMT-78935B9A,TR-E928C629,GR0000000132,2025-06-30,2025-06-30,4603.0,Bank Transfer,Paid,0.0
PMT-755EAC5D,TR-A809E739,GR0000000133,2024-06-30,2024-06-30,274201.0,Online Payment,Paid,0.0
PMT-30D99F60,TR-6E394794,GR0000000133,2025-06-30,2025-06-30,258739.0,Direct Debit,Paid,0.0
PMT-DF0680D4,TR-73945673,GR0000000134,2023-06-30,2023-06-30,15767.0,Bank Transfer,Paid,0.0
PMT-6D766306,TR-873EF081,GR0000000134,2024-06-30,2024-06-30,7253.0,Bank Transfer,Paid,0.0
PMT-976B5D5A,TR-BC23FF6E,GR0000000134,2025-06-30,2025-06-30,6461.0,Bank Transfer,Paid,0.0
PMT-39F74BBD,TR-70877F4E,GR0000000135,2023-06-30,2023-06-30,186924.0,Bank Transfer,Paid,0.0
PMT-6D1EF135,TR-D11CDBDD,GR0000000135,2024-06-30,2024-06-30,104606.0,Direct Debit,Paid,0.0
PMT-5749C47A,TR-5C7F4DC5,GR0000000135,2025-06-30,2025-06-30,130814.0,Direct Debit,Paid,0.0
PMT-FA02763F,TR-6D5EB167,GR0000000136,2023-06-30,2023-06-30,2521.0,Bank Transfer,Paid,0.0
PMT-DA1241D8,TR-B0117900,GR0000000136,2024-06-30,2024-06-30,2123.0,Bank Transfer,Paid,0.0
PMT-D04E2778,TR-EF11370E,GR0000000136,2025-06-30,2025-06-30,2219.0,Bank Transfer,Paid,0.0
PMT-8CB94118,TR-1517BCF3,GR0000000137,2023-06-30,2023-06-30,49885.0,Bank Transfer,Paid,0.0
PMT-C6C5D967,TR-FA156E62,GR0000000137,2024-06-30,2024-06-30,58181.0,Bank Transfer,Paid,0.0
PMT-83E201E1,TR-70838F55,GR0000000137,2025-06-30,2025-06-30,33594.0,Bank Transfer,Paid,0.0
PMT-86D8118C,TR-C735510C,GR0000000138,2023-06-30,2023-06-30,27675.0,Direct Debit,Paid,0.0
PMT-87BB7D13,TR-66F74C58,GR0000000138,2024-06-30,2024-06-30,25454.0,Bank Transfer,Paid,0.0
PMT-6DD6009E,TR-C5A2A12C,GR0000000138,2025-06-30,2025-06-30,29019.0,Bank Transfer,Paid,0.0
PMT-7B4285A0,TR-37700BD1,GR0000000139,2023-06-30,2023-06-30,17285.0,Bank Transfer,Paid,0.0
PMT-F4D4E8A7,TR-E52D1EFF,GR0000000139,2024-06-30,2024-06-30,13533.0,Bank Transfer,Paid,0.0
PMT-590759AE,TR-FC663E9E,GR0000000139,2025-06-30,2025-06-30,17259.0,Bank Transfer,Paid,0.0
PMT-292288D3,TR-9D55CAB3,GR0000000140,2023-06-30,2023-06-30,14760.0,Online Payment,Paid,0.0
PMT-78B1F3B1,TR-1D90AF15,GR0000000140,2024-06-30,,0.0,,Unpaid,
PMT-D57C3CB7,TR-D474F33F,GR0000000140,2025-06-30,2025-06-29,14548.0,Direct Debit,Paid,0.0
PMT-BA789547,TR-998C39EC,GR0000000141,2025-06-30,2025-06-30,570305.0,Bank Transfer,Paid,0.0
PMT-5056BBBD,TR-2EF8D5DF,GR0000000142,2023-06-30,2023-07-03,3199.0,Direct Debit,Paid,3.0
PMT-0DFDF13B,TR-F8E29DA5,GR0000000142,2024-06-30,2024-06-29,2793.0,Bank Transfer,Paid,0.0
PMT-AC8DC68D,TR-2D9D87E7,GR0000000142,2025-06-30,2025-07-04,3720.0,Bank Transfer,Paid,4.0
PMT-C15F1D6C,TR-4C96B9E2,GR0000000143,2023-06-30,2023-06-30,1211.0,Bank Transfer,Paid,0.0
PMT-5D1089D9,TR-98C28AA3,GR0000000143,2024-06-30,2024-06-29,544.0,Bank Transfer,Paid,0.0
PMT-97369BA4,TR-FD86A955,GR0000000143,2025-06-30,,0.0,,Unpaid,
PMT-20D04FB3,TR-95350E66,GR0000000144,2025-06-30,,0.0,,Unpaid,
PMT-52350B65,TR-64C3EC87,GR0000000145,2023-06-30,2023-07-09,1907.0,Bank Transfer,Paid,9.0
PMT-0BF1B586,TR-7EFA2922,GR0000000145,2024-06-30,,0.0,,Unpaid,
PMT-9CC8DECF,TR-0A46DD08,GR0000000145,2025-06-30,2025-06-26,548.0,Bank Transfer,Paid,0.0
PMT-7699BF75,TR-5E3843BB,GR0000000146,2023-06-30,2023-06-30,20365.0,Direct Debit,Paid,0.0
PMT-673E7B15,TR-09D1D383,GR0000000146,2024-06-30,2024-06-30,37779.0,Bank Transfer,Paid,0.0
PMT-FE5A9280,TR-823F0605,GR0000000146,2025-06-30,2025-06-30,18318.0,Bank Transfer,Paid,0.0
PMT-D7DEEFD8,TR-7E866DB9,GR0000000147,2023-06-30,2023-06-25,32288.0,Bank Transfer,Paid,0.0
PMT-99A718A7,TR-C9292A4C,GR0000000147,2024-06-30,,0.0,,Unpaid,
PMT-1EA9D4BB,TR-AF0884E6,GR0000000147,2025-06-30,2025-08-14,8130.0,Bank Transfer,Partial,45.0
PMT-E63A6B79,TR-2D42B93D,GR0000000148,2023-06-30,2023-06-30,5354.0,Direct Debit,Paid,0.0
PMT-107632FB,TR-C9CAD18F,GR0000000148,2024-06-30,2024-06-30,4969.0,Direct Debit,Paid,0.0
PMT-508918F9,TR-E9451122,GR0000000148,2025-06-30,2025-06-30,5612.0,Bank Transfer,Paid,0.0
PMT-CE7B8066,TR-F2800899,GR0000000149,2023-06-30,2023-06-30,1264.0,Bank Transfer,Partial,0.0
PMT-96D691AD,TR-3740C079,GR0000000149,2024-06-30,2024-06-30,2816.0,Bank Transfer,Paid,0.0
PMT-77AE8FD7,TR-DE7460B6,GR0000000149,2025-06-30,2025-06-30,1559.0,Bank Transfer,Paid,0.0
PMT-8D858971,TR-B2766874,GR0000000150,2023-06-30,2023-06-30,2481.0,Bank Transfer,Partial,0.0
PMT-9C20A982,TR-643C44A6,GR0000000150,2024-06-30,2024-06-30,5260.0,Bank Transfer,Paid,0.0
PMT-151EE271,TR-7795C227,GR0000000150,2025-06-30,2025-06-30,5103.0,Bank Transfer,Paid,0.0
PMT-47988D6E,TR-9D8D1F29,GR0000000151,2023-06-30,2023-06-30,629647.0,Online Payment,Paid,0.0
PMT-3A6D6299,TR-7C2D33B2,GR0000000151,2024-06-30,2024-06-30,683773.0,Online Payment,Paid,0.0
PMT-447E2D57,TR-38BEAF1B,GR0000000151,2025-06-30,2025-06-30,726740.0,Bank Transfer,Paid,0.0
PMT-FA116ADC,TR-A2A05EC0,GR0000000152,2023-06-30,2023-06-30,14899.0,Bank Transfer,Paid,0.0
PMT-564315C0,TR-784B7B0A,GR0000000152,2024-06-30,2024-06-30,20674.0,Bank Transfer,Paid,0.0
PMT-910DA2FF,TR-D0A8AA4B,GR0000000152,2025-06-30,2025-06-30,29788.0,Direct Debit,Paid,0.0
PMT-04649398,TR-F0ADBEE4,GR0000000153,2023-06-30,2023-06-30,310068.0,Direct Debit,Paid,0.0
PMT-EBE8602E,TR-9A0722EE,GR0000000153,2024-06-30,2024-06-30,309691.0,Bank Transfer,Paid,0.0
PMT-24EE98B8,TR-5FD1C355,GR0000000153,2025-06-30,2025-06-30,187193.0,Bank Transfer,Paid,0.0
PMT-CBDC8E27,TR-E587C601,GR0000000154,2023-06-30,2023-06-30,55259.0,Bank Transfer,Paid,0.0
PMT-6BBC6F5A,TR-E55E8190,GR0000000154,2024-06-30,2024-06-30,22700.0,Online Payment,Paid,0.0
PMT-2009F639,TR-A486D639,GR0000000154,2025-06-30,2025-06-30,20166.0,Bank Transfer,Paid,0.0
PMT-5E5BD664,TR-0252791B,GR0000000155,2023-06-30,2023-06-30,14634.0,Bank Transfer,Paid,0.0
PMT-740C8289,TR-0E790BCD,GR0000000155,2024-06-30,2024-06-30,13374.0,Direct Debit,Paid,0.0
PMT-2DE50155,TR-D46F2148,GR0000000155,2025-06-30,2025-06-30,10862.0,Direct Debit,Paid,0.0
PMT-D19CD265,TR-C93FFCCB,GR0000000156,2023-06-30,2023-06-30,20950.0,Bank Transfer,Paid,0.0
PMT-232EFB25,TR-2318C4BE,GR0000000156,2024-06-30,2024-06-30,27277.0,Bank Transfer,Paid,0.0
PMT-6FC54871,TR-CBD0516E,GR0000000156,2025-06-30,2025-06-30,39627.0,Bank Transfer,Paid,0.0
PMT-C84039EC,TR-DE2B5338,GR0000000157,2023-06-30,2023-06-30,99166.0,Bank Transfer,Paid,0.0
PMT-0FB010CF,TR-4E241322,GR0000000157,2024-06-30,2024-06-30,98051.0,Direct Debit,Paid,0.0
PMT-824B9798,TR-1AFED966,GR0000000157,2025-06-30,2025-06-30,109119.0,Bank Transfer,Paid,0.0
PMT-A868961B,TR-138DBBEC,GR0000000158,2023-06-30,2023-06-30,138988.0,Direct Debit,Paid,0.0
PMT-49E30C10,TR-B5545131,GR0000000158,2024-06-30,2024-06-30,219549.0,Direct Debit,Paid,0.0
PMT-C3F9CC8A,TR-F7293728,GR0000000158,2025-06-30,2025-06-30,171421.0,Direct Debit,Paid,0.0
PMT-DAF68BE4,TR-3FC7431F,GR0000000159,2023-06-30,2023-06-30,88436.0,Direct Debit,Partial,0.0
PMT-98C91EA3,TR-2F8E3D45,GR0000000159,2024-06-30,2024-06-30,38126.0,Bank Transfer,Paid,0.0
PMT-DAAC50AC,TR-C98AC357,GR0000000159,2025-06-30,2025-06-30,76292.0,Online Payment,Paid,0.0
PMT-511CFF9A,TR-B17B057A,GR0000000160,2023-06-30,2023-06-30,79540.0,Bank Transfer,Paid,0.0
PMT-FCD8BF69,TR-DC8602DA,GR0000000160,2024-06-30,2024-06-30,56348.0,Bank Transfer,Paid,0.0
PMT-1EEBBAF2,TR-E82D2C6D,GR0000000160,2025-06-30,2025-06-30,136577.0,Direct Debit,Paid,0.0
PMT-6B520BA2,TR-ACFD2F8B,GR0000000161,2023-06-30,2023-07-03,570.0,Bank Transfer,Partial,3.0
PMT-77A9EE6D,TR-78E13F95,GR0000000161,2024-06-30,2024-06-29,613.0,Bank Transfer,Paid,0.0
PMT-DB6B9522,TR-22E4E0A5,GR0000000161,2025-06-30,2025-06-30,336.0,Bank Transfer,Paid,0.0
PMT-82B0A7DD,TR-AE6D95CB,GR0000000162,2023-06-30,2023-06-30,2632984.0,Bank Transfer,Paid,0.0
PMT-22C204C0,TR-EFE6EE8C,GR0000000162,2024-06-30,2024-06-30,1985974.0,Bank Transfer,Paid,0.0
PMT-F19D848A,TR-FAFF5F62,GR0000000162,2025-06-30,2025-06-30,3849541.0,Direct Debit,Paid,0.0
PMT-3F5EC5C6,TR-C1B3F398,GR0000000163,2023-06-30,2023-06-30,21523.0,Bank Transfer,Paid,0.0
PMT-189F918B,TR-5F27D6C5,GR0000000163,2024-06-30,2024-06-30,29676.0,Bank Transfer,Paid,0.0
PMT-A3592C46,TR-3C7F5CAE,GR0000000163,2025-06-30,2025-06-30,28461.0,Bank Transfer,Paid,0.0
PMT-DCFC8549,TR-CD1FD2BC,GR0000000164,2023-06-30,2023-07-14,158371.0,Direct Debit,Paid,14.0
PMT-45ACB49F,TR-57033937,GR0000000164,2024-06-30,2024-06-30,128634.0,Bank Transfer,Paid,0.0
PMT-08351135,TR-4ECB9925,GR0000000164,2025-06-30,,0.0,,Unpaid,
PMT-7634F2B8,TR-C162433D,GR0000000165,2023-06-30,2023-06-30,15717.0,Direct Debit,Paid,0.0
PMT-40DFCD72,TR-9CE0B834,GR0000000165,2024-06-30,2024-06-30,32284.0,Bank Transfer,Paid,0.0
PMT-E1D9FE88,TR-FE314BC1,GR0000000165,2025-06-30,2025-06-30,24637.0,Bank Transfer,Paid,0.0
PMT-E2D52EFC,TR-B5631E47,GR0000000166,2023-06-30,2023-06-30,59917.0,Bank Transfer,Paid,0.0
PMT-7B6EDC48,TR-060EE0B0,GR0000000166,2024-06-30,2024-06-30,120464.0,Bank Transfer,Paid,0.0
PMT-C7ADC414,TR-0567B884,GR0000000166,2025-06-30,2025-06-30,86172.0,Bank Transfer,Paid,0.0
PMT-153211F5,TR-D581C283,GR0000000167,2023-06-30,2023-06-30,144191.0,Bank Transfer,Paid,0.0
PMT-F62983DA,TR-2E6316EB,GR0000000167,2024-06-30,2024-06-30,95973.0,Bank Transfer,Paid,0.0
PMT-189752E7,TR-BEB20A3C,GR0000000167,2025-06-30,2025-06-30,182121.0,Direct Debit,Paid,0.0
PMT-930B9157,TR-61A239ED,GR0000000168,2023-06-30,2023-06-30,1758943.0,Direct Debit,Paid,0.0
PMT-775FA7F6,TR-8AB4B2A5,GR0000000168,2024-06-30,2024-06-30,1987477.0,Bank Transfer,Paid,0.0
PMT-4C18798B,TR-973E3B32,GR0000000168,2025-06-30,2025-06-30,2164648.0,Bank Transfer,Paid,0.0
PMT-D11A6D68,TR-0A1FE2B3,GR0000000169,2023-06-30,2023-06-30,24292.0,Bank Transfer,Paid,0.0
PMT-95CBEF8A,TR-BC7C2D46,GR0000000169,2024-06-30,2024-06-30,27603.0,Other,Paid,0.0
PMT-514ADF29,TR-6AAF62C5,GR0000000169,2025-06-30,2025-06-30,38475.0,Bank Transfer,Paid,0.0
PMT-57B1EBDD,TR-DC0301BE,GR0000000170,2025-06-30,2025-06-30,651.0,Direct Debit,Paid,0.0
PMT-C05D261F,TR-9ECD09EF,GR0000000171,2023-06-30,2023-06-30,1992.0,Bank Transfer,Paid,0.0
PMT-7E485F36,TR-4CBD1CFC,GR0000000171,2024-06-30,2024-06-30,2618.0,Direct Debit,Paid,0.0
PMT-515264D0,TR-A0B8B062,GR0000000171,2025-06-30,2025-06-30,2373.0,Other,Paid,0.0
PMT-AE5BA7E9,TR-5C920C1E,GR0000000172,2023-06-30,2023-06-30,3463.0,Direct Debit,Paid,0.0
PMT-77F020D1,TR-F196289A,GR0000000172,2024-06-30,2024-06-30,8800.0,Bank Transfer,Paid,0.0
PMT-FDECDDCF,TR-DBD4F53B,GR0000000172,2025-06-30,2025-06-30,1876.0,Direct Debit,Paid,0.0
PMT-57F5A19D,TR-456256FD,GR0000000173,2023-06-30,2023-06-30,35861.0,Bank Transfer,Paid,0.0
PMT-A09D14A4,TR-EFE78E87,GR0000000173,2024-06-30,2024-07-05,82970.0,Bank Transfer,Paid,5.0
PMT-560A302C,TR-EE65DF83,GR0000000173,2025-06-30,2025-06-30,69050.0,Bank Transfer,Paid,0.0
PMT-A063D95E,TR-5C97FED6,GR0000000174,2023-06-30,2023-06-30,10011.0,Direct Debit,Paid,0.0
PMT-51DA4CAE,TR-BEB75086,GR0000000174,2024-06-30,2024-06-30,13405.0,Direct Debit,Paid,0.0
PMT-78E5BBF0,TR-4D7A69E2,GR0000000174,2025-06-30,2025-06-30,12399.0,Direct Debit,Paid,0.0
PMT-42152C07,TR-920AC338,GR0000000175,2023-06-30,2023-07-07,2082.0,Bank Transfer,Paid,7.0
PMT-F4CA37D8,TR-6FB3AC50,GR0000000175,2024-06-30,2024-06-29,505.0,Direct Debit,Partial,0.0
PMT-5439AACF,TR-DACD5FCB,GR0000000175,2025-06-30,2025-06-30,266.0,Direct Debit,Paid,0.0
PMT-85826DDF,TR-D453D4DB,GR0000000176,2023-06-30,2023-06-30,7858.0,Bank Transfer,Paid,0.0
PMT-C057682A,TR-58213C6B,GR0000000176,2024-06-30,2024-06-30,2914.0,Bank Transfer,Partial,0.0
PMT-753EDBC3,TR-30630A1C,GR0000000176,2025-06-30,2025-06-29,3507.0,Bank Transfer,Paid,0.0
PMT-F30F47CC,TR-FF981642,GR0000000177,2023-06-30,2023-06-30,1266336.0,Direct Debit,Partial,0.0
PMT-79BFB734,TR-BF6D7D9E,GR0000000177,2024-06-30,2024-06-30,2315137.0,Bank Transfer,Paid,0.0
PMT-EB7EB3FA,TR-A039DC2D,GR0000000177,2025-06-30,2025-07-01,2017877.0,Bank Transfer,Paid,1.0
PMT-FB157FB8,TR-0A6D2527,GR0000000178,2023-06-30,2023-06-30,26067.0,Bank Transfer,Paid,0.0
PMT-DF21C642,TR-C1CDCB44,GR0000000178,2024-06-30,2024-06-30,16349.0,Online Payment,Paid,0.0
PMT-24AD326D,TR-9A7BB6A8,GR0000000178,2025-06-30,2025-06-30,23574.0,Bank Transfer,Paid,0.0
PMT-AC99BE4A,TR-8AEF1310,GR0000000179,2023-06-30,2023-06-30,6307.0,Bank Transfer,Paid,0.0
PMT-786A6CA1,TR-7EE160B3,GR0000000179,2024-06-30,2024-06-30,9143.0,Direct Debit,Paid,0.0
PMT-5D985A33,TR-145F2BA3,GR0000000179,2025-06-30,2025-06-30,8177.0,Bank Transfer,Paid,0.0
PMT-4F47B0B5,TR-CAC19668,GR0000000180,2023-06-30,2023-06-30,706706.0,Direct Debit,Paid,0.0
PMT-23C9F11C,TR-23848B28,GR0000000180,2024-06-30,2024-06-30,1370367.0,Bank Transfer,Paid,0.0
PMT-0F50A532,TR-D07C0B62,GR0000000180,2025-06-30,2025-06-30,758641.0,Direct Debit,Paid,0.0
PMT-35CE8D6A,TR-9F6F0631,GR0000000181,2023-06-30,2023-06-30,644794.0,Bank Transfer,Paid,0.0
PMT-1DF84261,TR-BDE80BE6,GR0000000181,2024-06-30,2024-06-30,1107905.0,Bank Transfer,Paid,0.0
PMT-E374E233,TR-AB4AC6D6,GR0000000181,2025-06-30,2025-06-30,1311717.0,Bank Transfer,Paid,0.0
PMT-7D2F5A76,TR-1D4A9213,GR0000000182,2023-06-30,2023-06-30,14446.0,Bank Transfer,Paid,0.0
PMT-D75AEFE0,TR-50B6BE89,GR0000000182,2024-06-30,2024-06-30,12722.0,Other,Paid,0.0
PMT-C1C3D7C0,TR-137E8FE5,GR0000000182,2025-06-30,2025-06-30,15728.0,Direct Debit,Paid,0.0
PMT-685DCB4A,TR-BF946A8B,GR0000000183,2023-06-30,2023-06-29,7482.0,Online Payment,Paid,0.0
PMT-CFC4147F,TR-95BD36B9,GR0000000183,2024-06-30,2024-07-12,5047.0,Direct Debit,Paid,12.0
PMT-FFA49FA6,TR-C16789F3,GR0000000183,2025-06-30,2025-06-30,6443.0,Direct Debit,Paid,0.0
PMT-C0E01F9C,TR-AC7D91A3,GR0000000184,2023-06-30,2023-06-30,101926.0,Other,Paid,0.0
PMT-B725CEB3,TR-CA304584,GR0000000184,2024-06-30,,0.0,,Unpaid,
PMT-02B8FD87,TR-335904A0,GR0000000184,2025-06-30,2025-07-04,122688.0,Direct Debit,Paid,4.0
PMT-05A4C505,TR-6463A3A1,GR0000000185,2023-06-30,2023-06-30,26707.0,Bank Transfer,Paid,0.0
PMT-E26BCADD,TR-4116F522,GR0000000185,2024-06-30,2024-07-02,32422.0,Direct Debit,Paid,2.0
PMT-18BAFC9D,TR-7701AD50,GR0000000185,2025-06-30,2025-06-30,23975.0,Bank Transfer,Paid,0.0
PMT-CB9471FC,TR-78ECD9A1,GR0000000186,2023-06-30,2023-06-30,7668.0,Bank Transfer,Paid,0.0
PMT-C06C6A30,TR-CBB90641,GR0000000186,2024-06-30,2024-06-30,5446.0,Bank Transfer,Paid,0.0
PMT-27F26630,TR-E1476953,GR0000000186,2025-06-30,2025-06-30,4054.0,Bank Transfer,Paid,0.0
PMT-FACB7509,TR-8210B524,GR0000000187,2023-06-30,2023-06-30,25884.0,Direct Debit,Partial,0.0
PMT-B8ECC9A6,TR-4BEDD984,GR0000000187,2024-06-30,2024-06-30,18498.0,Direct Debit,Paid,0.0
PMT-521E69C3,TR-7FD93175,GR0000000187,2025-06-30,2025-06-30,39261.0,Direct Debit,Paid,0.0
PMT-CFF78470,TR-ADEDBA16,GR0000000188,2023-06-30,2023-06-30,2228970.0,Bank Transfer,Paid,0.0
PMT-0F32F785,TR-0E2BF4E5,GR0000000188,2024-06-30,2024-06-30,1342088.0,Bank Transfer,Paid,0.0
PMT-B876EA02,TR-B9B1D506,GR0000000188,2025-06-30,2025-06-30,2909969.0,Direct Debit,Paid,0.0
PMT-5EC519D9,TR-CF2A24B6,GR0000000189,2023-06-30,2023-06-30,3052.0,Bank Transfer,Paid,0.0
PMT-3B8246AF,TR-8DB95138,GR0000000189,2024-06-30,2024-06-30,1476.0,Bank Transfer,Paid,0.0
PMT-ACEE8E9A,TR-5D92EA4A,GR0000000189,2025-06-30,2025-06-30,1604.0,Direct Debit,Partial,0.0
PMT-494F8966,TR-1BB3D8F9,GR0000000190,2023-06-30,2023-07-06,2068306.0,Direct Debit,Paid,6.0
PMT-FDACD49E,TR-84AACE56,GR0000000190,2024-06-30,,0.0,,Unpaid,
PMT-776AE841,TR-25A128A7,GR0000000190,2025-06-30,,0.0,,Unpaid,
PMT-661F8228,TR-B6D99FA8,GR0000000191,2023-06-30,2023-06-30,23344.0,Bank Transfer,Paid,0.0
PMT-659FC6CB,TR-1E393F68,GR0000000191,2024-06-30,2024-06-30,9039.0,Direct Debit,Paid,0.0
PMT-F2AC8640,TR-C743095A,GR0000000191,2025-06-30,2025-06-30,5574.0,Direct Debit,Paid,0.0
PMT-84C3E837,TR-C00E2F77,GR0000000192,2023-06-30,2023-06-30,8893.0,Direct Debit,Paid,0.0
PMT-95736893,TR-A7BD5C30,GR0000000192,2024-06-30,2024-06-30,3706.0,Direct Debit,Paid,0.0
PMT-CC817D0A,TR-C3DCDC1B,GR0000000192,2025-06-30,2025-06-30,5273.0,Bank Transfer,Paid,0.0
PMT-C1FCDA54,TR-F6A12B31,GR0000000193,2023-06-30,2023-06-30,148472.0,Bank Transfer,Paid,0.0
PMT-CED22616,TR-FAFA032C,GR0000000193,2024-06-30,2024-06-30,70086.0,Bank Transfer,Paid,0.0
PMT-4F17C265,TR-EE397B70,GR0000000193,2025-06-30,2025-06-30,80039.0,Direct Debit,Paid,0.0
PMT-45FAC125,TR-EBA00461,GR0000000194,2023-06-30,2023-07-07,477760.0,Bank Transfer,Paid,7.0
PMT-DE35D1FB,TR-A3981589,GR0000000194,2024-06-30,2024-06-30,863294.0,Bank Transfer,Paid,0.0
PMT-7E1C686D,TR-A2E159DF,GR0000000194,2025-06-30,2025-06-29,811308.0,Bank Transfer,Paid,0.0
PMT-34354DD2,TR-F10840E5,GR0000000195,2023-06-30,2023-06-30,20790.0,Bank Transfer,Paid,0.0
PMT-FEC9C696,TR-0CD9C55C,GR0000000195,2024-06-30,2024-06-30,13389.0,Bank Transfer,Paid,0.0
PMT-B0E9BEC4,TR-1BDCDCD0,GR0000000195,2025-06-30,2025-06-30,17095.0,Direct Debit,Paid,0.0
PMT-D99EB070,TR-7DD86B35,GR0000000196,2023-06-30,,0.0,,Unpaid,
PMT-391C1851,TR-661F9FBF,GR0000000196,2024-06-30,,0.0,,Unpaid,
PMT-923E9E48,TR-D3533884,GR0000000196,2025-06-30,,0.0,,Unpaid,
PMT-B7841D06,TR-AFD8D02C,GR0000000197,2023-06-30,2023-06-30,15249.0,Bank Transfer,Paid,0.0
PMT-6FF48E38,TR-B50CEFF5,GR0000000197,2024-06-30,2024-06-30,14472.0,Bank Transfer,Paid,0.0
PMT-025BD3C7,TR-4EB5BFC0,GR0000000197,2025-06-30,2025-06-30,27878.0,Bank Transfer,Paid,0.0
PMT-B966BC27,TR-FC33EAC7,GR0000000198,2023-06-30,2023-06-30,305228.0,Online Payment,Paid,0.0
PMT-231A3FC0,TR-46390AB6,GR0000000198,2024-06-30,2024-06-30,331563.0,Bank Transfer,Paid,0.0
PMT-4296B126,TR-8D683AA2,GR0000000198,2025-06-30,2025-06-30,442174.0,Bank Transfer,Paid,0.0
PMT-6C7ACE09,TR-228DCBEA,GR0000000199,2023-06-30,2023-06-30,7009.0,Bank Transfer,Paid,0.0
PMT-8586EBB0,TR-7AA94836,GR0000000199,2024-06-30,2024-07-12,2890.0,Bank Transfer,Paid,12.0
PMT-E96CF4DA,TR-44E3515B,GR0000000199,2025-06-30,2025-06-30,4133.0,Bank Transfer,Paid,0.0
PMT-0F24CCE6,TR-79085CA2,GR0000000200,2023-06-30,2023-06-30,432.0,Bank Transfer,Partial,0.0
PMT-AB41145F,TR-0A43B90D,GR0000000200,2024-06-30,2024-06-29,775.0,Direct Debit,Paid,0.0
PMT-223AE0D6,TR-750D3A3D,GR0000000200,2025-06-30,2025-06-30,630.0,Bank Transfer,Paid,0.0
PMT-C30AEF54,TR-2ECAFC09,GR0000000201,2023-06-30,2023-06-30,150086.0,Direct Debit,Paid,0.0
PMT-672F76A7,TR-BCBF2083,GR0000000201,2024-06-30,2024-06-30,267975.0,Direct Debit,Paid,0.0
PMT-01992C48,TR-F6BA45EA,GR0000000201,2025-06-30,2025-06-30,234576.0,Bank Transfer,Paid,0.0
PMT-DE1C1CF6,TR-D6AC8FA0,GR0000000202,2023-06-30,2023-06-30,18600.0,Direct Debit,Paid,0.0
PMT-73640E88,TR-7483D4F2,GR0000000202,2024-06-30,2024-06-30,4170.0,Bank Transfer,Paid,0.0
PMT-BEC7847E,TR-8BBC5876,GR0000000202,2025-06-30,2025-06-30,6471.0,Bank Transfer,Paid,0.0
PMT-41553307,TR-5F14445C,GR0000000203,2025-06-30,2025-06-30,17642.0,Bank Transfer,Paid,0.0
PMT-A1FA7638,TR-3409F342,GR0000000204,2023-06-30,2023-06-30,209305.0,Bank Transfer,Paid,0.0
PMT-60C3D789,TR-1604600B,GR0000000204,2024-06-30,2024-06-30,215056.0,Direct Debit,Paid,0.0
PMT-B05DC636,TR-CD3B8FBA,GR0000000204,2025-06-30,2025-06-30,311837.0,Bank Transfer,Paid,0.0
PMT-1C70E719,TR-6A0106B7,GR0000000205,2023-06-30,2023-06-30,3235.0,Bank Transfer,Paid,0.0
PMT-02C53216,TR-6DCF7FE5,GR0000000205,2024-06-30,2024-06-30,3288.0,Bank Transfer,Paid,0.0
PMT-4487802E,TR-4E84DF9F,GR0000000205,2025-06-30,2025-06-30,2629.0,Direct Debit,Paid,0.0
PMT-6E708DB1,TR-A97FD0CF,GR0000000206,2023-06-30,2023-06-30,42391.0,Bank Transfer,Paid,0.0
PMT-D6D5308C,TR-F4C047CF,GR0000000206,2024-06-30,2024-06-30,44161.0,Bank Transfer,Paid,0.0
PMT-ADE8D00F,TR-1A7F7F8C,GR0000000206,2025-06-30,2025-06-30,32299.0,Bank Transfer,Paid,0.0
PMT-FA4CD145,TR-4F34A005,GR0000000207,2023-06-30,2023-06-30,307299.0,Bank Transfer,Paid,0.0
PMT-BBF3CD42,TR-B9CF2CC1,GR0000000207,2024-06-30,2024-06-30,291489.0,Bank Transfer,Paid,0.0
PMT-E042A60E,TR-E40655AD,GR0000000207,2025-06-30,2025-06-30,320430.0,Direct Debit,Paid,0.0
PMT-92466C50,TR-0CD36BEB,GR0000000208,2023-06-30,,0.0,,Unpaid,
PMT-F100025C,TR-7CEA55E1,GR0000000208,2024-06-30,,0.0,,Unpaid,
PMT-71F311B8,TR-F309D2AF,GR0000000208,2025-06-30,,0.0,,Unpaid,
PMT-BE2AE9AB,TR-63FDF054,GR0000000209,2023-06-30,2023-07-08,3685.0,Bank Transfer,Paid,8.0
PMT-FC304517,TR-0F6F9FE6,GR0000000209,2024-06-30,,0.0,,Unpaid,
PMT-EE367C27,TR-DD106325,GR0000000209,2025-06-30,2025-08-09,1046.0,Bank Transfer,Paid,40.0
PMT-DDBCAF65,TR-D599A175,GR0000000210,2023-06-30,2023-06-30,1858622.0,Bank Transfer,Paid,0.0
PMT-FC9CD974,TR-1C573199,GR0000000210,2024-06-30,2024-06-30,2512704.0,Direct Debit,Paid,0.0
PMT-EF7F2FB2,TR-26264540,GR0000000210,2025-06-30,2025-06-30,2186266.0,Direct Debit,Paid,0.0
PMT-71BDFC5F,TR-9B5C2E5E,GR0000000211,2023-06-30,2023-06-30,42614.0,Bank Transfer,Paid,0.0
PMT-584E7140,TR-1AFF5620,GR0000000211,2024-06-30,2024-06-30,22561.0,Direct Debit,Paid,0.0
PMT-05D7114F,TR-8B8035DA,GR0000000211,2025-06-30,2025-06-30,35268.0,Bank Transfer,Paid,0.0
PMT-52D7E236,TR-8093EF57,GR0000000212,2023-06-30,2023-06-30,48778.0,Bank Transfer,Paid,0.0
PMT-3AE01203,TR-46652206,GR0000000212,2024-06-30,2024-06-30,31138.0,Direct Debit,Paid,0.0
PMT-07886067,TR-DB99722E,GR0000000212,2025-06-30,2025-06-30,31410.0,Online Payment,Paid,0.0
PMT-0A2C9FDE,TR-620A1F8C,GR0000000213,2024-06-30,2024-06-30,754113.0,Bank Transfer,Paid,0.0
PMT-D5CBA347,TR-BFBC0A79,GR0000000213,2025-06-30,2025-07-01,641894.0,Bank Transfer,Paid,1.0
PMT-ED617F0F,TR-F9304AEC,GR0000000214,2023-06-30,,0.0,,Unpaid,
PMT-4728D9A4,TR-EB501BAA,GR0000000214,2024-06-30,2024-07-21,3644.0,Bank Transfer,Paid,21.0
PMT-4C1D860A,TR-50C9CE04,GR0000000214,2025-06-30,2025-06-26,5209.0,Bank Transfer,Paid,0.0
PMT-C65AA5C9,TR-D91092E0,GR0000000215,2023-06-30,2023-06-30,10617.0,Bank Transfer,Paid,0.0
PMT-21E47F38,TR-6D018312,GR0000000215,2024-06-30,2024-06-30,6772.0,Direct Debit,Partial,0.0
PMT-4333C8C0,TR-61C811E4,GR0000000215,2025-06-30,2025-06-30,6213.0,Bank Transfer,Paid,0.0
PMT-93AD775C,TR-40E30BA8,GR0000000216,2023-06-30,2023-06-30,6767.0,Bank Transfer,Paid,0.0
PMT-72238699,TR-D568B7D4,GR0000000216,2024-06-30,2024-06-30,19319.0,Online Payment,Paid,0.0
PMT-6E7FCB27,TR-BF14F385,GR0000000216,2025-06-30,2025-07-02,18889.0,Bank Transfer,Paid,2.0
PMT-E4446938,TR-D28035CB,GR0000000217,2023-06-30,2023-06-30,1869.0,Bank Transfer,Paid,0.0
PMT-6A149B6E,TR-E12E26D1,GR0000000217,2024-06-30,2024-06-30,1731.0,Bank Transfer,Paid,0.0
PMT-1A6898F3,TR-3F50ABC0,GR0000000217,2025-06-30,2025-06-30,2081.0,Direct Debit,Paid,0.0
PMT-0F172FC7,TR-355FDDCB,GR0000000218,2023-06-30,2023-06-30,44539.0,Online Payment,Paid,0.0
PMT-92F02F8C,TR-51B16777,GR0000000218,2024-06-30,2024-06-30,84029.0,Online Payment,Paid,0.0
PMT-168E7810,TR-F34450E8,GR0000000218,2025-06-30,2025-06-30,35379.0,Direct Debit,Paid,0.0
PMT-E2D2ACE4,TR-4EE13D48,GR0000000219,2024-06-30,2024-06-30,8803.0,Direct Debit,Paid,0.0
PMT-99DB81BA,TR-AD119816,GR0000000219,2025-06-30,2025-06-30,12826.0,Online Payment,Paid,0.0
PMT-968121B2,TR-DD3061C5,GR0000000220,2023-06-30,2023-06-30,71419.0,Other,Paid,0.0
PMT-B22A8FF5,TR-F44CCD2A,GR0000000220,2024-06-30,2024-06-30,38734.0,Direct Debit,Paid,0.0
PMT-5D2AC580,TR-5CB113FD,GR0000000220,2025-06-30,2025-06-30,48752.0,Bank Transfer,Paid,0.0
PMT-6E2E9EBB,TR-ACA3E0C6,GR0000000221,2023-06-30,2023-06-30,336681.0,Bank Transfer,Paid,0.0
PMT-13ED50C5,TR-0E456592,GR0000000221,2024-06-30,2024-06-30,425685.0,Direct Debit,Paid,0.0
PMT-B453CCAC,TR-B15C371C,GR0000000221,2025-06-30,2025-06-30,285869.0,Direct Debit,Paid,0.0
PMT-87CFF029,TR-431BA61C,GR0000000222,2023-06-30,2023-06-30,4239.0,Bank Transfer,Paid,0.0
PMT-DC613B53,TR-96A011E6,GR0000000222,2024-06-30,2024-06-30,3337.0,Direct Debit,Paid,0.0
PMT-AB9511D7,TR-1B8D23F6,GR0000000222,2025-06-30,2025-06-30,2786.0,Bank Transfer,Paid,0.0
PMT-9C4277D2,TR-0E0FF999,GR0000000223,2023-06-30,2023-06-30,19895.0,Bank Transfer,Paid,0.0
PMT-5BD83D2D,TR-28FB191C,GR0000000223,2024-06-30,2024-06-30,24238.0,Bank Transfer,Paid,0.0
PMT-9B0D2AD0,TR-C3C40AB5,GR0000000223,2025-06-30,2025-06-30,11808.0,Online Payment,Paid,0.0
PMT-218926ED,TR-AF4D4A1E,GR0000000224,2023-06-30,2023-06-30,5179.0,Bank Transfer,Paid,0.0
PMT-C904DA77,TR-37D31EFA,GR0000000224,2024-06-30,2024-06-30,6096.0,Bank Transfer,Paid,0.0
PMT-BEAFB9AB,TR-EF1F0EB5,GR0000000224,2025-06-30,2025-06-29,6428.0,Bank Transfer,Partial,0.0
PMT-3E7B2AE9,TR-E3B09F13,GR0000000225,2023-06-30,,0.0,,Unpaid,
PMT-D667DA16,TR-67C5F3DE,GR0000000225,2024-06-30,,0.0,,Unpaid,
PMT-F6B81F3A,TR-DE7EECE3,GR0000000225,2025-06-30,2025-07-15,9052.0,Direct Debit,Paid,15.0
PMT-5F76D2D5,TR-076326CE,GR0000000226,2023-06-30,2023-06-30,17781.0,Direct Debit,Paid,0.0
PMT-7F2A30E7,TR-BD5C31DA,GR0000000226,2024-06-30,2024-06-30,7062.0,Direct Debit,Paid,0.0
PMT-0A71393D,TR-6883CD67,GR0000000226,2025-06-30,2025-06-30,18556.0,Bank Transfer,Paid,0.0
PMT-99B93DBF,TR-9FC6706C,GR0000000227,2023-06-30,2023-06-30,1587.0,Bank Transfer,Paid,0.0
PMT-CDF98D9D,TR-8EBA61FE,GR0000000227,2024-06-30,2024-06-30,2142.0,Direct Debit,Paid,0.0
PMT-DC1A8F36,TR-4C6DB700,GR0000000227,2025-06-30,2025-06-30,898.0,Direct Debit,Paid,0.0
PMT-C45BAB55,TR-A4AA844E,GR0000000228,2023-06-30,2023-06-30,5133.0,Bank Transfer,Paid,0.0
PMT-BEFFF441,TR-7A9B3677,GR0000000228,2024-06-30,2024-06-30,7065.0,Bank Transfer,Paid,0.0
PMT-D4C3BD2B,TR-00783823,GR0000000228,2025-06-30,2025-06-30,8750.0,Direct Debit,Paid,0.0
PMT-24139497,TR-82BD1446,GR0000000229,2023-06-30,2023-06-30,4530.0,Bank Transfer,Paid,0.0
PMT-7743989C,TR-384B3D0E,GR0000000229,2024-06-30,2024-06-30,1609.0,Direct Debit,Paid,0.0
PMT-A0AEF4C1,TR-C719A5C0,GR0000000229,2025-06-30,2025-06-30,1663.0,Direct Debit,Paid,0.0
PMT-9941B68B,TR-99D692A5,GR0000000230,2023-06-30,2023-06-30,4444962.0,Direct Debit,Paid,0.0
PMT-1C99D0EE,TR-180B50D5,GR0000000230,2024-06-30,2024-06-30,2057285.0,Bank Transfer,Paid,0.0
PMT-0A3DD5CF,TR-11E89B19,GR0000000230,2025-06-30,2025-06-30,2805962.0,Direct Debit,Paid,0.0
PMT-D67D100F,TR-5CA9B5D0,GR0000000231,2023-06-30,2023-06-30,11150.0,Bank Transfer,Paid,0.0
PMT-B31DF439,TR-00BDF0F5,GR0000000231,2024-06-30,2024-06-30,22199.0,Bank Transfer,Paid,0.0
PMT-9EB62529,TR-F51A56E7,GR0000000231,2025-06-30,2025-06-30,20660.0,Direct Debit,Paid,0.0
PMT-23AEE93F,TR-EA6B5716,GR0000000232,2023-06-30,2023-06-30,2130.0,Online Payment,Paid,0.0
PMT-F98A61AA,TR-F2E0E27D,GR0000000232,2024-06-30,2024-06-29,4512.0,Bank Transfer,Paid,0.0
PMT-B06F4C29,TR-E483F5A5,GR0000000232,2025-06-30,2025-06-30,4079.0,Direct Debit,Paid,0.0
PMT-B1D5EC29,TR-89EDD9AD,GR0000000233,2023-06-30,2023-07-04,51429.0,Bank Transfer,Paid,4.0
PMT-0BDEC61D,TR-9FF84920,GR0000000233,2024-06-30,2024-06-30,23437.0,Direct Debit,Paid,0.0
PMT-FD86543A,TR-CD755C9D,GR0000000233,2025-06-30,2025-06-30,14588.0,Bank Transfer,Paid,0.0
PMT-8B3254FA,TR-3E0C1D79,GR0000000234,2023-06-30,2023-07-05,77458.0,Bank Transfer,Paid,5.0
PMT-93A5C747,TR-8D083455,GR0000000234,2024-06-30,2024-06-30,64259.0,Bank Transfer,Paid,0.0
PMT-FBDDE34C,TR-DD3D8412,GR0000000234,2025-06-30,2025-06-30,44465.0,Direct Debit,Paid,0.0
PMT-B7730A1F,TR-6F147A32,GR0000000235,2023-06-30,2023-06-30,24002.0,Direct Debit,Paid,0.0
PMT-C9BD1F98,TR-013EEB21,GR0000000235,2024-06-30,2024-07-04,12037.0,Direct Debit,Paid,4.0
PMT-8C458027,TR-4A10B000,GR0000000235,2025-06-30,2025-06-30,11756.0,Direct Debit,Paid,0.0
PMT-98EAA079,TR-1C034607,GR0000000236,2023-06-30,2023-06-30,99430.0,Bank Transfer,Paid,0.0
PMT-68B8A25B,TR-8BE3E667,GR0000000236,2024-06-30,2024-06-30,49670.0,Bank Transfer,Paid,0.0
PMT-BAEC2A67,TR-6D39B669,GR0000000236,2025-06-30,2025-06-30,120071.0,Bank Transfer,Paid,0.0
PMT-89D323F7,TR-04239F65,GR0000000237,2023-06-30,2023-06-30,3190793.0,Bank Transfer,Paid,0.0
PMT-32C4A377,TR-A0C0E2F0,GR0000000237,2024-06-30,2024-06-30,4465936.0,Bank Transfer,Paid,0.0
PMT-5D1198C5,TR-511CF348,GR0000000237,2025-06-30,2025-06-30,3911184.0,Bank Transfer,Paid,0.0
PMT-90747FBB,TR-75B7BECB,GR0000000238,2023-06-30,2023-06-30,71581.0,Bank Transfer,Paid,0.0
PMT-67F0D077,TR-E1493EF8,GR0000000238,2024-06-30,2024-07-02,97517.0,Direct Debit,Paid,2.0
PMT-C4D8A59F,TR-55B06EB6,GR0000000238,2025-06-30,2025-06-30,55217.0,Bank Transfer,Paid,0.0
PMT-A69B5C66,TR-C821DE71,GR0000000239,2023-06-30,,0.0,,Unpaid,
PMT-4025DCDD,TR-AC37D1F6,GR0000000239,2024-06-30,2024-07-14,726.0,Bank Transfer,Paid,14.0
PMT-1CEDD93B,TR-EE0D2A76,GR0000000239,2025-06-30,2025-06-30,421.0,Other,Paid,0.0
PMT-076F26A5,TR-D97E467B,GR0000000240,2023-06-30,2023-06-30,172322.0,Bank Transfer,Paid,0.0
PMT-6B2DBD2A,TR-C979D6E0,GR0000000240,2024-06-30,2024-06-30,423849.0,Direct Debit,Paid,0.0
PMT-9BD462F3,TR-DF60B60C,GR0000000240,2025-06-30,2025-06-30,399446.0,Bank Transfer,Paid,0.0
PMT-210E1BD8,TR-CD77BC03,GR0000000241,2023-06-30,2023-06-30,4035.0,Direct Debit,Paid,0.0
PMT-65ECD81B,TR-8A6F27B4,GR0000000241,2024-06-30,2024-06-30,2332.0,Bank Transfer,Paid,0.0
PMT-26A6267B,TR-3E818715,GR0000000241,2025-06-30,2025-06-30,2665.0,Direct Debit,Paid,0.0
PMT-67833073,TR-6769DA9C,GR0000000242,2023-06-30,,0.0,,Unpaid,
PMT-04BE06F2,TR-B4D01070,GR0000000242,2024-06-30,2024-06-30,87214.0,Direct Debit,Partial,0.0
PMT-763283CF,TR-FFBF0A62,GR0000000242,2025-06-30,2025-07-15,75136.0,Bank Transfer,Paid,15.0
PMT-5C97AB65,TR-05961EBD,GR0000000243,2023-06-30,2023-06-30,210244.0,Bank Transfer,Paid,0.0
PMT-D45D3EAC,TR-A3BF6377,GR0000000243,2024-06-30,2024-06-30,116817.0,Bank Transfer,Paid,0.0
PMT-E6AA2F50,TR-79BEF1AD,GR0000000243,2025-06-30,2025-06-30,216460.0,Online Payment,Paid,0.0
PMT-CD0D74A5,TR-02B1E79A,GR0000000244,2023-06-30,2023-06-30,366966.0,Bank Transfer,Paid,0.0
PMT-2E9E07C4,TR-FEB6A776,GR0000000244,2024-06-30,2024-06-30,393311.0,Bank Transfer,Paid,0.0
PMT-072EA18E,TR-B6CF5B93,GR0000000244,2025-06-30,2025-06-30,454558.0,Direct Debit,Paid,0.0
PMT-660879F0,TR-0F6793B3,GR0000000245,2023-06-30,2023-06-30,218038.0,Bank Transfer,Paid,0.0
PMT-0A194ED3,TR-C79CB04C,GR0000000245,2024-06-30,,0.0,,Unpaid,
PMT-836BEFE3,TR-F44B4C8B,GR0000000245,2025-06-30,,0.0,,Unpaid,
PMT-55888ECA,TR-74A75FD5,GR0000000246,2023-06-30,2023-06-30,163697.0,Bank Transfer,Paid,0.0
PMT-D1C56E7F,TR-380D1D3F,GR0000000246,2024-06-30,2024-06-30,93288.0,Online Payment,Paid,0.0
PMT-1B67C069,TR-956EE76F,GR0000000246,2025-06-30,2025-07-01,62150.0,Direct Debit,Paid,1.0
PMT-2899C5EA,TR-3315E03C,GR0000000247,2023-06-30,2023-06-30,24372.0,Direct Debit,Paid,0.0
PMT-419C9B0F,TR-FAA5E427,GR0000000247,2024-06-30,2024-06-30,27766.0,Online Payment,Paid,0.0
PMT-E89EB8E7,TR-334969CF,GR0000000247,2025-06-30,2025-06-30,23725.0,Bank Transfer,Paid,0.0
PMT-DAD30F9A,TR-4024D87C,GR0000000248,2025-06-30,,0.0,,Unpaid,
PMT-BCA1A462,TR-8186C580,GR0000000249,2023-06-30,,0.0,,Unpaid,
PMT-43C08D03,TR-AE7DEFDB,GR0000000249,2024-06-30,2024-07-27,11807.0,Bank Transfer,Paid,27.0
PMT-4E8594E8,TR-210D6F30,GR0000000249,2025-06-30,,0.0,,Unpaid,
PMT-825F16D1,TR-CB28DBFF,GR0000000250,2023-06-30,2023-06-30,122958.0,Bank Transfer,Paid,0.0
PMT-6B468B84,TR-1F095028,GR0000000250,2024-06-30,2024-06-30,243511.0,Direct Debit,Paid,0.0
PMT-BB02651C,TR-5353D33F,GR0000000250,2025-06-30,2025-06-30,263975.0,Bank Transfer,Paid,0.0
PMT-7C7614E4,TR-1F341D95,GR0000000251,2023-06-30,2023-06-30,50227.0,Bank Transfer,Partial,0.0
PMT-1194E159,TR-F0AB901C,GR0000000251,2024-06-30,2024-06-29,34051.0,Bank Transfer,Paid,0.0
PMT-0055FDB7,TR-79EB3093,GR0000000251,2025-06-30,2025-06-30,33675.0,Bank Transfer,Paid,0.0
PMT-28EB0002,TR-4F2047CB,GR0000000252,2023-06-30,2023-06-30,1357490.0,Direct Debit,Paid,0.0
PMT-9A59362C,TR-256A1473,GR0000000252,2024-06-30,2024-06-30,1700152.0,Bank Transfer,Paid,0.0
PMT-81C6A912,TR-2BEBD5D4,GR0000000252,2025-06-30,2025-06-30,1183227.0,Bank Transfer,Paid,0.0
PMT-4C167F00,TR-00625A74,GR0000000253,2023-06-30,2023-06-30,2628.0,Bank Transfer,Paid,0.0
PMT-420E8132,TR-F7763701,GR0000000253,2024-06-30,2024-06-30,5517.0,Direct Debit,Partial,0.0
PMT-B423A95E,TR-84C1A751,GR0000000253,2025-06-30,2025-07-01,3639.0,Bank Transfer,Paid,1.0
PMT-12DE62BE,TR-1C5349C0,GR0000000254,2023-06-30,2023-06-30,1452.0,Online Payment,Paid,0.0
PMT-044F4CD0,TR-5C3A9D60,GR0000000254,2024-06-30,2024-06-30,1112.0,Bank Transfer,Paid,0.0
PMT-2C2D2354,TR-704847B4,GR0000000254,2025-06-30,2025-06-30,531.0,Bank Transfer,Paid,0.0
PMT-C938ADF2,TR-D2B62008,GR0000000255,2023-06-30,2023-06-30,134074.0,Bank Transfer,Paid,0.0
PMT-1FFE1064,TR-768389D8,GR0000000255,2024-06-30,2024-06-30,70700.0,Direct Debit,Paid,0.0
PMT-642EB49F,TR-04DA1C20,GR0000000255,2025-06-30,2025-06-30,61009.0,Bank Transfer,Paid,0.0
PMT-4EAA56BA,TR-ED8059B4,GR0000000256,2023-06-30,2023-06-29,8389.0,Bank Transfer,Paid,0.0
PMT-C065A95D,TR-DE2176ED,GR0000000256,2024-06-30,2024-06-29,3345.0,Direct Debit,Paid,0.0
PMT-EEF39F10,TR-DDBD28BF,GR0000000256,2025-06-30,2025-07-02,5624.0,Online Payment,Paid,2.0
PMT-A2898875,TR-7303F78C,GR0000000257,2023-06-30,2023-06-30,1573506.0,Bank Transfer,Paid,0.0
PMT-F3E7B1C5,TR-6548013C,GR0000000257,2024-06-30,2024-06-30,1354671.0,Bank Transfer,Paid,0.0
PMT-4685C595,TR-00F2D7EC,GR0000000257,2025-06-30,2025-06-30,649867.0,Online Payment,Paid,0.0
PMT-AC8138BC,TR-77D18738,GR0000000258,2023-06-30,2023-06-30,84493.0,Other,Paid,0.0
PMT-94CBDB6F,TR-86E5AF01,GR0000000258,2024-06-30,2024-06-30,70341.0,Direct Debit,Paid,0.0
PMT-E9B3F8A8,TR-CC8D96F2,GR0000000258,2025-06-30,2025-06-30,66841.0,Bank Transfer,Paid,0.0
PMT-565BD80D,TR-A06EC5F2,GR0000000259,2023-06-30,2023-06-30,7706.0,Bank Transfer,Paid,0.0
PMT-37E9078B,TR-56826E2A,GR0000000259,2024-06-30,2024-06-30,24573.0,Bank Transfer,Paid,0.0
PMT-E40A7C86,TR-465A1A2E,GR0000000259,2025-06-30,2025-06-30,16932.0,Bank Transfer,Paid,0.0
PMT-07057113,TR-0552F44A,GR0000000260,2023-06-30,2023-06-30,362170.0,Direct Debit,Paid,0.0
PMT-2A158E76,TR-791F666E,GR0000000260,2024-06-30,2024-06-30,275820.0,Bank Transfer,Paid,0.0
PMT-F4C99C55,TR-BDF856EC,GR0000000260,2025-06-30,2025-06-30,461667.0,Bank Transfer,Paid,0.0
PMT-F5EEC6CE,TR-B5C420DB,GR0000000261,2023-06-30,2023-06-30,195148.0,Direct Debit,Paid,0.0
PMT-9677B612,TR-06F1003E,GR0000000261,2024-06-30,2024-06-30,250168.0,Bank Transfer,Paid,0.0
PMT-7A8FEB1C,TR-B382ECDC,GR0000000261,2025-06-30,2025-06-30,114848.0,Online Payment,Paid,0.0
PMT-10E8A75D,TR-AA3B094D,GR0000000262,2023-06-30,2023-06-30,7482.0,Online Payment,Paid,0.0
PMT-95D2E9C1,TR-CBA2AFBF,GR0000000262,2024-06-30,2024-06-30,10116.0,Bank Transfer,Paid,0.0
PMT-FE9ACF26,TR-BE521F29,GR0000000262,2025-06-30,2025-06-30,5190.0,Bank Transfer,Paid,0.0
PMT-063E48BF,TR-B5BBA0DA,GR0000000263,2023-06-30,2023-06-30,72599.0,Bank Transfer,Paid,0.0
PMT-620F3F0D,TR-25E1DF9C,GR0000000263,2024-06-30,2024-07-01,144921.0,Bank Transfer,Paid,1.0
PMT-C4B23DC8,TR-906E59A5,GR0000000263,2025-06-30,2025-06-30,66513.0,Direct Debit,Partial,0.0
PMT-5C70E274,TR-450F8D7E,GR0000000264,2023-06-30,2023-07-04,28154.0,Online Payment,Paid,4.0
PMT-B4AF3DDA,TR-1C6AD74B,GR0000000264,2024-06-30,2024-06-30,26901.0,Direct Debit,Paid,0.0
PMT-14F0A6F5,TR-63A30BA2,GR0000000264,2025-06-30,2025-06-30,17061.0,Bank Transfer,Paid,0.0
PMT-55CD6DFF,TR-10BBB6FE,GR0000000265,2023-06-30,2023-06-30,95340.0,Bank Transfer,Paid,0.0
PMT-CFF0D43F,TR-802048B3,GR0000000265,2024-06-30,2024-06-30,61684.0,Bank Transfer,Paid,0.0
PMT-BCC77FEB,TR-0FDC3E59,GR0000000265,2025-06-30,2025-06-30,89210.0,Direct Debit,Paid,0.0
PMT-23EAA980,TR-F18C7EAD,GR0000000266,2023-06-30,2023-06-30,245855.0,Direct Debit,Partial,0.0
PMT-F5F28794,TR-E82A99B7,GR0000000266,2024-06-30,2024-06-30,205801.0,Bank Transfer,Paid,0.0
PMT-3882AE80,TR-578E71B2,GR0000000266,2025-06-30,2025-06-30,241393.0,Online Payment,Paid,0.0
PMT-9AE469AF,TR-90555341,GR0000000267,2023-06-30,2023-06-30,23777.0,Bank Transfer,Paid,0.0
PMT-EEF0C238,TR-930267F4,GR0000000267,2024-06-30,2024-06-30,13884.0,Bank Transfer,Paid,0.0
PMT-32AF7A7A,TR-E2646EDC,GR0000000267,2025-06-30,2025-06-30,23033.0,Bank Transfer,Paid,0.0
PMT-13AD8AA5,TR-75F91A43,GR0000000268,2023-06-30,2023-06-30,1958072.0,Direct Debit,Paid,0.0
PMT-5B55B868,TR-82BE2FB4,GR0000000268,2024-06-30,2024-06-30,1867067.0,Bank Transfer,Paid,0.0
PMT-A3CD1C60,TR-4F514CCC,GR0000000268,2025-06-30,2025-06-30,1900477.0,Direct Debit,Paid,0.0
PMT-8C5653BE,TR-07236B01,GR0000000269,2023-06-30,2023-06-30,3841.0,Bank Transfer,Paid,0.0
PMT-2D8C85EA,TR-4AEC6131,GR0000000269,2024-06-30,2024-06-30,7550.0,Bank Transfer,Paid,0.0
PMT-0BB3A3D1,TR-A6BF6627,GR0000000269,2025-06-30,2025-06-30,4052.0,Bank Transfer,Paid,0.0
PMT-1216B408,TR-149ADFC2,GR0000000270,2023-06-30,2023-06-29,17137.0,Bank Transfer,Paid,0.0
PMT-CA15C617,TR-AE9980BF,GR0000000270,2024-06-30,2024-06-30,10030.0,Bank Transfer,Paid,0.0
PMT-0272C300,TR-4F18F4EA,GR0000000270,2025-06-30,2025-07-12,40113.0,Bank Transfer,Paid,12.0
PMT-7B1CA7CC,TR-7FBBBA17,GR0000000271,2023-06-30,2023-06-30,938026.0,Bank Transfer,Paid,0.0
PMT-27F180F4,TR-35768D80,GR0000000271,2024-06-30,2024-06-30,410454.0,Online Payment,Paid,0.0
PMT-1FA76918,TR-070D1761,GR0000000271,2025-06-30,,0.0,,Unpaid,
PMT-5A6D63C1,TR-EBEB9D67,GR0000000272,2023-06-30,2023-06-30,12558.0,Direct Debit,Paid,0.0
PMT-A6C4EA48,TR-283D993A,GR0000000272,2024-06-30,2024-06-30,25566.0,Bank Transfer,Paid,0.0
PMT-04B4AAC4,TR-8FE25F33,GR0000000272,2025-06-30,2025-06-30,9984.0,Bank Transfer,Paid,0.0
PMT-FCD43137,TR-1B825F05,GR0000000273,2023-06-30,2023-06-30,794151.0,Direct Debit,Paid,0.0
PMT-E94F686F,TR-91C5E0D5,GR0000000273,2024-06-30,2024-06-30,1691315.0,Online Payment,Paid,0.0
PMT-565258A4,TR-DBE37C73,GR0000000273,2025-06-30,2025-06-30,3072469.0,Online Payment,Paid,0.0
PMT-0CE2B293,TR-2FB39BCB,GR0000000274,2023-06-30,2023-06-30,1835.0,Bank Transfer,Paid,0.0
PMT-6B29F058,TR-519A74C5,GR0000000274,2024-06-30,2024-06-30,698.0,Bank Transfer,Paid,0.0
PMT-B87275A8,TR-04B2FA0C,GR0000000274,2025-06-30,2025-06-30,2810.0,Bank Transfer,Paid,0.0
PMT-05CB368E,TR-110924AD,GR0000000275,2023-06-30,,0.0,,Unpaid,
PMT-F93BDC08,TR-7240F234,GR0000000275,2024-06-30,,0.0,,Unpaid,
PMT-FC674BA0,TR-5231A7C1,GR0000000275,2025-06-30,,0.0,,Unpaid,
PMT-51CDD58E,TR-2E6D0F46,GR0000000276,2023-06-30,2023-06-30,18564.0,Online Payment,Paid,0.0
PMT-AD85EC32,TR-9601E2EF,GR0000000276,2024-06-30,2024-06-30,28566.0,Bank Transfer,Paid,0.0
PMT-E82B114A,TR-35AB1082,GR0000000276,2025-06-30,2025-06-30,20547.0,Direct Debit,Paid,0.0
PMT-0E26584F,TR-FFC0F74D,GR0000000277,2023-06-30,2023-07-07,21686.0,Bank Transfer,Paid,7.0
PMT-FFDA4232,TR-C44BC5F5,GR0000000277,2024-06-30,,0.0,,Unpaid,
PMT-99AE2C20,TR-75AA6F78,GR0000000277,2025-06-30,2025-06-29,7177.0,Bank Transfer,Partial,0.0
PMT-7E23F2CA,TR-A77791C2,GR0000000278,2023-06-30,2023-06-30,9863.0,Bank Transfer,Paid,0.0
PMT-4BF6F060,TR-9BE7CEA5,GR0000000278,2024-06-30,2024-07-04,13231.0,Bank Transfer,Paid,4.0
PMT-F80A1F5C,TR-05F5E4FA,GR0000000278,2025-06-30,2025-06-30,5655.0,Bank Transfer,Paid,0.0
PMT-30C3E0AA,TR-99B79B9D,GR0000000279,2023-06-30,2023-06-30,302221.0,Direct Debit,Paid,0.0
PMT-C07EA571,TR-B517BEB1,GR0000000279,2024-06-30,2024-06-30,287313.0,Bank Transfer,Paid,0.0
PMT-B5487649,TR-7FC06F4D,GR0000000279,2025-06-30,2025-06-30,288566.0,Bank Transfer,Paid,0.0
PMT-0F2B833E,TR-BF61BBDB,GR0000000280,2023-06-30,2023-06-30,8636.0,Online Payment,Paid,0.0
PMT-3C2BC9AF,TR-0B090805,GR0000000280,2024-06-30,2024-06-30,11595.0,Bank Transfer,Paid,0.0
PMT-A4AF672A,TR-7B468072,GR0000000280,2025-06-30,2025-06-30,5691.0,Bank Transfer,Paid,0.0
PMT-E746615D,TR-8E263A99,GR0000000281,2023-06-30,2023-06-30,9917.0,Bank Transfer,Paid,0.0
PMT-0A45C1F0,TR-021FA458,GR0000000281,2024-06-30,2024-06-30,12207.0,Bank Transfer,Partial,0.0
PMT-AD235788,TR-728F133C,GR0000000281,2025-06-30,2025-06-29,14411.0,Online Payment,Paid,0.0
PMT-20FA1F3B,TR-BE8BED39,GR0000000282,2023-06-30,2023-06-30,242750.0,Bank Transfer,Partial,0.0
PMT-8FF26BB5,TR-45C1A76E,GR0000000282,2024-06-30,2024-06-30,221908.0,Bank Transfer,Paid,0.0
PMT-B84F8FCA,TR-45F527FC,GR0000000282,2025-06-30,2025-06-30,296039.0,Bank Transfer,Paid,0.0
PMT-51887AF2,TR-6611AE74,GR0000000283,2023-06-30,2023-06-30,1602.0,Bank Transfer,Partial,0.0
PMT-1A1AA878,TR-9D017A25,GR0000000283,2024-06-30,2024-06-30,2272.0,Online Payment,Paid,0.0
PMT-4FF6E150,TR-DB63184D,GR0000000283,2025-06-30,2025-06-30,806.0,Bank Transfer,Paid,0.0
PMT-4CF94729,TR-7BA808E5,GR0000000284,2023-06-30,2023-06-30,24126.0,Online Payment,Paid,0.0
PMT-71A205E2,TR-03F64B64,GR0000000284,2024-06-30,2024-06-30,14247.0,Direct Debit,Paid,0.0
PMT-8AFE678A,TR-C9092C57,GR0000000284,2025-06-30,2025-06-30,13716.0,Bank Transfer,Paid,0.0
PMT-F777AB9D,TR-F6EA1090,GR0000000285,2023-06-30,2023-06-30,5211939.0,Bank Transfer,Partial,0.0
PMT-E614F572,TR-10BEA810,GR0000000285,2024-06-30,2024-06-30,3516982.0,Bank Transfer,Paid,0.0
PMT-6D8E5AD6,TR-916A75DA,GR0000000285,2025-06-30,2025-06-30,2305325.0,Bank Transfer,Paid,0.0
PMT-B60E3F0A,TR-630E9BB9,GR0000000286,2025-06-30,2025-06-30,3249.0,Bank Transfer,Paid,0.0
PMT-E5DECF5B,TR-84136280,GR0000000287,2023-06-30,2023-06-30,169694.0,Bank Transfer,Paid,0.0
PMT-058BBE2E,TR-923D9909,GR0000000287,2024-06-30,2024-06-30,96959.0,Bank Transfer,Paid,0.0
PMT-28011AF9,TR-834C165D,GR0000000287,2025-06-30,2025-06-30,161121.0,Bank Transfer,Paid,0.0
PMT-2A0F8CB3,TR-95A0CF15,GR0000000288,2023-06-30,2023-07-10,15252.0,Bank Transfer,Partial,10.0
PMT-F56862AC,TR-FFC144A1,GR0000000288,2024-06-30,2024-07-15,7004.0,Bank Transfer,Paid,15.0
PMT-53313F2C,TR-0E5C8F22,GR0000000288,2025-06-30,2025-06-30,3833.0,Bank Transfer,Partial,0.0
PMT-48B6CD6C,TR-755C98C7,GR0000000289,2023-06-30,2023-06-30,252218.0,Direct Debit,Paid,0.0
PMT-137EB81F,TR-D73582B6,GR0000000289,2024-06-30,2024-06-30,524880.0,Direct Debit,Paid,0.0
PMT-251DE050,TR-E3AD8618,GR0000000289,2025-06-30,2025-06-30,845693.0,Direct Debit,Partial,0.0
PMT-051A8891,TR-D93369B5,GR0000000290,2023-06-30,2023-06-30,67326.0,Bank Transfer,Paid,0.0
PMT-D4E820AF,TR-DD30CB2E,GR0000000290,2024-06-30,2024-06-30,29593.0,Bank Transfer,Paid,0.0
PMT-AB94D801,TR-B6AAAB72,GR0000000290,2025-06-30,2025-06-30,62689.0,Direct Debit,Paid,0.0
PMT-D42ADC4C,TR-014EE7DF,GR0000000291,2023-06-30,2023-07-08,1136.0,Bank Transfer,Paid,8.0
PMT-B96DA75A,TR-008DCC45,GR0000000291,2024-06-30,2024-07-09,547.0,Bank Transfer,Partial,9.0
PMT-6AF9BEB1,TR-7E0B5CED,GR0000000291,2025-06-30,2025-06-29,1071.0,Direct Debit,Paid,0.0
PMT-FCE1B2F1,TR-C883F1F9,GR0000000292,2023-06-30,2023-06-30,18597.0,Bank Transfer,Paid,0.0
PMT-6C4F1FD6,TR-5A53D788,GR0000000292,2024-06-30,2024-06-30,2775.0,Bank Transfer,Paid,0.0
PMT-89377DBF,TR-6E61BC5F,GR0000000292,2025-06-30,2025-06-29,5444.0,Bank Transfer,Paid,0.0
PMT-3B7C25BE,TR-DFE789C3,GR0000000293,2023-06-30,2023-06-30,159686.0,Bank Transfer,Paid,0.0
PMT-249FD893,TR-0B0D0639,GR0000000293,2024-06-30,2024-06-30,161805.0,Bank Transfer,Paid,0.0
PMT-3AD0EF4B,TR-A4BCE383,GR0000000293,2025-06-30,2025-06-30,129148.0,Bank Transfer,Paid,0.0
PMT-A0FF39AA,TR-1C487994,GR0000000294,2023-06-30,2023-06-30,27656.0,Bank Transfer,Paid,0.0
PMT-DC39E64A,TR-7A0B103D,GR0000000294,2024-06-30,2024-07-01,25569.0,Direct Debit,Paid,1.0
PMT-57271178,TR-72E80385,GR0000000294,2025-06-30,2025-06-30,20641.0,Bank Transfer,Paid,0.0
PMT-2DC88A31,TR-E59DB9BD,GR0000000295,2023-06-30,2023-07-04,2761.0,Bank Transfer,Paid,4.0
PMT-4D932CA7,TR-8BA33E4F,GR0000000295,2024-06-30,2024-06-30,860.0,Bank Transfer,Paid,0.0
PMT-85F83ADA,TR-606E1C23,GR0000000295,2025-06-30,2025-07-02,1224.0,Bank Transfer,Paid,2.0
PMT-D5C8A79F,TR-25A9B95B,GR0000000296,2023-06-30,2023-06-30,18578.0,Direct Debit,Paid,0.0
PMT-112536C4,TR-C42435AE,GR0000000296,2024-06-30,2024-06-30,24851.0,Bank Transfer,Paid,0.0
PMT-230CE066,TR-E9318376,GR0000000296,2025-06-30,2025-06-30,10750.0,Direct Debit,Paid,0.0
PMT-1D368136,TR-544DBD97,GR0000000297,2023-06-30,2023-06-30,279308.0,Bank Transfer,Paid,0.0
PMT-138698C1,TR-47A465AB,GR0000000297,2024-06-30,2024-06-30,596441.0,Bank Transfer,Paid,0.0
PMT-8D1A5BC1,TR-3632DEB4,GR0000000297,2025-06-30,2025-06-30,317940.0,Bank Transfer,Paid,0.0
PMT-A0B9BB21,TR-729714A0,GR0000000298,2023-06-30,2023-07-05,10895.0,Other,Paid,5.0
PMT-9A601C4A,TR-C085DB79,GR0000000298,2024-06-30,2024-06-30,7791.0,Bank Transfer,Paid,0.0
PMT-2E679CDE,TR-D8FEA218,GR0000000298,2025-06-30,2025-06-30,15331.0,Online Payment,Paid,0.0
PMT-F1B0FE7C,TR-E827AE11,GR0000000299,2023-06-30,,0.0,,Unpaid,
PMT-AB43F9E6,TR-DBB5B8D3,GR0000000299,2024-06-30,,0.0,,Unpaid,
PMT-95D6DFE9,TR-79051E20,GR0000000299,2025-06-30,,0.0,,Unpaid,
PMT-1024B906,TR-7551E4D6,GR0000000300,2023-06-30,2023-07-02,2250035.0,Direct Debit,Paid,2.0
PMT-C8048B53,TR-BDE98BC6,GR0000000300,2024-06-30,2024-06-30,1986245.0,Direct Debit,Paid,0.0
PMT-B9E41530,TR-A4540745,GR0000000300,2025-06-30,2025-06-30,2312893.0,Direct Debit,Paid,0.0
PMT-04025992,TR-B584221A,GR0000000301,2023-06-30,,0.0,,Unpaid,
PMT-595C615D,TR-C1DED99C,GR0000000301,2024-06-30,2024-06-29,183768.0,Direct Debit,Paid,0.0
PMT-A9CAB7FE,TR-ED3A702F,GR0000000301,2025-06-30,2025-06-30,126140.0,Direct Debit,Paid,0.0
PMT-11D2AC9B,TR-7C5DD122,GR0000000302,2023-06-30,2023-06-30,71364.0,Bank Transfer,Paid,0.0
PMT-A7CA6100,TR-332170FD,GR0000000302,2024-06-30,2024-06-30,63386.0,Bank Transfer,Paid,0.0
PMT-2752BE00,TR-1FA0B64F,GR0000000302,2025-06-30,2025-06-30,89794.0,Direct Debit,Paid,0.0
PMT-C2CC5348,TR-5379261E,GR0000000303,2023-06-30,2023-06-30,78728.0,Bank Transfer,Partial,0.0
PMT-0FE20136,TR-9BA45DC4,GR0000000303,2024-06-30,2024-06-30,64806.0,Direct Debit,Paid,0.0
PMT-8B095507,TR-4F5589DC,GR0000000303,2025-06-30,2025-06-30,104046.0,Bank Transfer,Paid,0.0
PMT-1BEF3893,TR-0C67F43E,GR0000000304,2023-06-30,2023-06-30,112876.0,Bank Transfer,Paid,0.0
PMT-BD228599,TR-408B0BD3,GR0000000304,2024-06-30,2024-06-30,165773.0,Bank Transfer,Paid,0.0
PMT-7D764435,TR-B32C2A03,GR0000000304,2025-06-30,2025-06-30,297054.0,Direct Debit,Paid,0.0
PMT-03A2161E,TR-BD79F011,GR0000000305,2023-06-30,2023-06-30,59638.0,Bank Transfer,Paid,0.0
PMT-5C6B78EF,TR-E940BF15,GR0000000305,2024-06-30,2024-06-30,57395.0,Online Payment,Partial,0.0
PMT-7584489D,TR-241213A8,GR0000000305,2025-06-30,2025-06-30,36325.0,Bank Transfer,Paid,0.0
PMT-84B4CA0E,TR-8C455A84,GR0000000306,2023-06-30,2023-07-02,208596.0,Other,Paid,2.0
PMT-D3A2477F,TR-FA77377F,GR0000000306,2024-06-30,2024-06-30,270268.0,Bank Transfer,Paid,0.0
PMT-87B25586,TR-6FF35A1F,GR0000000306,2025-06-30,2025-06-30,232991.0,Bank Transfer,Paid,0.0
PMT-3C69403B,TR-34D0716E,GR0000000307,2023-06-30,2023-06-30,5398700.0,Bank Transfer,Paid,0.0
PMT-A45E7070,TR-E8A12279,GR0000000307,2024-06-30,2024-06-30,5763491.0,Bank Transfer,Paid,0.0
PMT-6D449B16,TR-9BCA5E99,GR0000000307,2025-06-30,2025-06-30,4307055.0,Bank Transfer,Paid,0.0
PMT-EE201F2B,TR-2DEFF6A0,GR0000000308,2023-06-30,2023-06-30,8849.0,Bank Transfer,Paid,0.0
PMT-29F242D1,TR-5110F96A,GR0000000308,2024-06-30,,0.0,,Unpaid,
PMT-FE1D3A43,TR-75425920,GR0000000308,2025-06-30,2025-07-13,2684.0,Bank Transfer,Partial,13.0
PMT-31457C8F,TR-40F7E83D,GR0000000309,2023-06-30,2023-06-30,492932.0,Direct Debit,Paid,0.0
PMT-1323FB0B,TR-F63335B0,GR0000000309,2024-06-30,2024-06-30,487580.0,Direct Debit,Paid,0.0
PMT-DB62FFFD,TR-72CD3A3B,GR0000000309,2025-06-30,2025-06-30,276639.0,Bank Transfer,Paid,0.0
PMT-791A1C1C,TR-0DC860B8,GR0000000310,2023-06-30,2023-06-30,8242.0,Bank Transfer,Paid,0.0
PMT-B93E2C67,TR-B70260D8,GR0000000310,2024-06-30,2024-06-30,8616.0,Bank Transfer,Paid,0.0
PMT-12725AEB,TR-5DDB714C,GR0000000310,2025-06-30,2025-06-30,5552.0,Direct Debit,Paid,0.0
PMT-9784F13A,TR-AF5DFBFA,GR0000000311,2023-06-30,2023-06-30,8729.0,Bank Transfer,Paid,0.0
PMT-DA4F7BCB,TR-F5FB7A5B,GR0000000311,2024-06-30,2024-06-30,9635.0,Bank Transfer,Paid,0.0
PMT-E0A7D49B,TR-F7573EFE,GR0000000311,2025-06-30,2025-06-30,5598.0,Online Payment,Paid,0.0
PMT-0690AA8D,TR-FC82A4FC,GR0000000312,2023-06-30,2023-06-30,201937.0,Direct Debit,Paid,0.0
PMT-914E917E,TR-A247ACF4,GR0000000312,2024-06-30,2024-06-30,84744.0,Bank Transfer,Partial,0.0
PMT-0C1681C2,TR-C71ECBF3,GR0000000312,2025-06-30,2025-06-30,120379.0,Online Payment,Paid,0.0
PMT-A964D15A,TR-82F8A7E5,GR0000000313,2023-06-30,2023-06-30,124325.0,Bank Transfer,Paid,0.0
PMT-465FCEA1,TR-5D4B4CC3,GR0000000313,2024-06-30,2024-06-30,97013.0,Bank Transfer,Paid,0.0
PMT-160FF011,TR-C35BD68B,GR0000000313,2025-06-30,2025-06-30,90829.0,Direct Debit,Paid,0.0
PMT-D267ACCE,TR-9F7EDB11,GR0000000314,2023-06-30,2023-06-30,9790.0,Bank Transfer,Paid,0.0
PMT-424B209E,TR-E846C481,GR0000000314,2024-06-30,2024-06-30,14208.0,Direct Debit,Paid,0.0
PMT-229E019F,TR-C896B2B6,GR0000000314,2025-06-30,2025-06-30,21982.0,Direct Debit,Paid,0.0
PMT-244C9B5D,TR-91E3E503,GR0000000315,2023-06-30,2023-07-04,157344.0,Bank Transfer,Paid,4.0
PMT-AE19C60F,TR-489E2100,GR0000000315,2024-06-30,2024-06-29,124461.0,Direct Debit,Paid,0.0
PMT-ECEFB8CB,TR-D00A0F4A,GR0000000315,2025-06-30,2025-06-30,91394.0,Online Payment,Partial,0.0
PMT-3D06A52D,TR-8BDAD6A9,GR0000000316,2023-06-30,2023-06-30,20620.0,Bank Transfer,Paid,0.0
PMT-831DDC71,TR-331AF924,GR0000000316,2024-06-30,2024-06-30,51663.0,Online Payment,Paid,0.0
PMT-9DCE8F3F,TR-1036B8AE,GR0000000316,2025-06-30,2025-06-30,26767.0,Bank Transfer,Paid,0.0
PMT-426EC490,TR-20FB0433,GR0000000317,2023-06-30,2023-06-30,652.0,Bank Transfer,Paid,0.0
PMT-A3BAB481,TR-2737A4AD,GR0000000317,2024-06-30,2024-06-30,653.0,Bank Transfer,Paid,0.0
PMT-395292AF,TR-9BB843C1,GR0000000317,2025-06-30,2025-06-30,1043.0,Bank Transfer,Paid,0.0
PMT-83A95F30,TR-2B3D1248,GR0000000318,2023-06-30,2023-06-30,50287.0,Bank Transfer,Paid,0.0
PMT-25AB5FB0,TR-349C5D48,GR0000000318,2024-06-30,2024-06-30,63694.0,Online Payment,Paid,0.0
PMT-3DEC11B6,TR-BAB247CB,GR0000000318,2025-06-30,2025-06-30,45437.0,Bank Transfer,Paid,0.0
PMT-D08E456D,TR-41C63FE4,GR0000000319,2023-06-30,2023-06-30,400942.0,Bank Transfer,Paid,0.0
PMT-930F2776,TR-87258A7B,GR0000000319,2024-06-30,2024-06-30,156738.0,Bank Transfer,Paid,0.0
PMT-49B5ED88,TR-F67DB9E8,GR0000000319,2025-06-30,2025-06-30,312416.0,Direct Debit,Partial,0.0
PMT-E60DDE39,TR-38318D61,GR0000000320,2023-06-30,2023-06-30,1989.0,Bank Transfer,Paid,0.0
PMT-59B994F8,TR-DDB52C1D,GR0000000320,2024-06-30,2024-06-30,2137.0,Bank Transfer,Paid,0.0
PMT-32BD8867,TR-393D1E34,GR0000000320,2025-06-30,2025-07-09,2111.0,Bank Transfer,Paid,9.0
PMT-7D7B5FC3,TR-D9614D2E,GR0000000321,2025-06-30,2025-07-05,1080.0,Bank Transfer,Paid,5.0
PMT-39B7A7D2,TR-3732BA93,GR0000000322,2023-06-30,2023-06-30,150126.0,Direct Debit,Paid,0.0
PMT-93F9606C,TR-CEEA8A5F,GR0000000322,2024-06-30,2024-06-30,209086.0,Bank Transfer,Partial,0.0
PMT-D667C1C7,TR-84D3FA29,GR0000000322,2025-06-30,2025-06-30,180559.0,Direct Debit,Paid,0.0
PMT-5AF8A053,TR-983F2195,GR0000000323,2023-06-30,2023-06-30,30408.0,Bank Transfer,Paid,0.0
PMT-39198517,TR-04305D28,GR0000000323,2024-06-30,2024-06-30,33743.0,Bank Transfer,Paid,0.0
PMT-C4D4C492,TR-B919701F,GR0000000323,2025-06-30,2025-06-29,15346.0,Direct Debit,Partial,0.0
PMT-A9FA7792,TR-997762B7,GR0000000324,2023-06-30,2023-06-30,161339.0,Bank Transfer,Paid,0.0
PMT-E172A801,TR-8F649C2D,GR0000000324,2024-06-30,2024-06-30,167517.0,Direct Debit,Paid,0.0
PMT-661D523D,TR-25793F01,GR0000000324,2025-06-30,2025-06-30,133719.0,Bank Transfer,Paid,0.0
PMT-64A8858F,TR-3F77C352,GR0000000325,2024-06-30,2024-06-30,11215.0,Bank Transfer,Paid,0.0
PMT-54AAD9DA,TR-9B2849F0,GR0000000325,2025-06-30,2025-07-01,21763.0,Bank Transfer,Paid,1.0
PMT-29BF2575,TR-419460E2,GR0000000326,2023-06-30,2023-06-30,39222.0,Bank Transfer,Paid,0.0
PMT-A386E0E3,TR-255305BC,GR0000000326,2024-06-30,2024-06-30,39552.0,Bank Transfer,Paid,0.0
PMT-7917B9C2,TR-0AAB99EB,GR0000000326,2025-06-30,2025-06-30,37749.0,Bank Transfer,Paid,0.0
PMT-8BAA9C42,TR-7C5C361F,GR0000000327,2023-06-30,2023-06-30,23169.0,Bank Transfer,Paid,0.0
PMT-6F23D21F,TR-50CA5049,GR0000000327,2024-06-30,2024-06-30,33094.0,Online Payment,Paid,0.0
PMT-4BDEEFD4,TR-E669BB70,GR0000000327,2025-06-30,2025-06-30,34151.0,Direct Debit,Paid,0.0
PMT-11E6A035,TR-E938ABAC,GR0000000328,2023-06-30,2023-06-30,150718.0,Bank Transfer,Paid,0.0
PMT-1A9DD45C,TR-ED8AA5AE,GR0000000328,2024-06-30,2024-06-30,132163.0,Bank Transfer,Paid,0.0
PMT-35DF5121,TR-AEB1F524,GR0000000328,2025-06-30,2025-06-30,103917.0,Direct Debit,Paid,0.0
PMT-AC15089C,TR-06E62856,GR0000000329,2023-06-30,2023-06-30,2185.0,Bank Transfer,Paid,0.0
PMT-5012509B,TR-F4F58156,GR0000000329,2024-06-30,2024-06-30,2702.0,Direct Debit,Paid,0.0
PMT-ACD15C8F,TR-BDCA2708,GR0000000329,2025-06-30,2025-06-30,3960.0,Bank Transfer,Paid,0.0
PMT-B98307EC,TR-D0DACAB0,GR0000000330,2023-06-30,2023-06-30,9140.0,Bank Transfer,Paid,0.0
PMT-A535D6F7,TR-B373C793,GR0000000330,2024-06-30,2024-06-30,1568.0,Online Payment,Paid,0.0
PMT-A71497B8,TR-651EBB10,GR0000000330,2025-06-30,2025-06-30,3461.0,Direct Debit,Paid,0.0
PMT-DDE6EDBC,TR-6919AF7B,GR0000000331,2023-06-30,2023-06-30,1328.0,Bank Transfer,Paid,0.0
PMT-774F1B8E,TR-2E048B10,GR0000000331,2024-06-30,2024-07-04,967.0,Bank Transfer,Paid,4.0
PMT-5CAF1544,TR-AD56B253,GR0000000331,2025-06-30,2025-06-30,1349.0,Direct Debit,Paid,0.0
PMT-CF32A84B,TR-196205EE,GR0000000332,2023-06-30,2023-06-30,550777.0,Direct Debit,Paid,0.0
PMT-B7527F00,TR-DC14EC3E,GR0000000332,2024-06-30,2024-06-30,615397.0,Bank Transfer,Paid,0.0
PMT-3BA42A29,TR-12DA7295,GR0000000332,2025-06-30,2025-06-30,873586.0,Bank Transfer,Paid,0.0
PMT-DE400161,TR-BA836C59,GR0000000333,2023-06-30,2023-06-30,15333.0,Bank Transfer,Paid,0.0
PMT-F4A69525,TR-5D44580D,GR0000000333,2024-06-30,2024-06-30,19898.0,Direct Debit,Paid,0.0
PMT-9D9F5C7A,TR-6B611302,GR0000000333,2025-06-30,2025-06-30,9758.0,Bank Transfer,Paid,0.0
PMT-7CF2EC95,TR-F8869500,GR0000000334,2023-06-30,2023-06-30,3228.0,Direct Debit,Paid,0.0
PMT-399D1E50,TR-8E048509,GR0000000334,2024-06-30,2024-06-30,1445.0,Bank Transfer,Paid,0.0
PMT-03DFA91C,TR-58A07102,GR0000000334,2025-06-30,2025-06-30,2216.0,Bank Transfer,Paid,0.0
PMT-C01BA5E1,TR-7F2C1ACE,GR0000000335,2023-06-30,2023-06-30,1813.0,Bank Transfer,Paid,0.0
PMT-E3F3B901,TR-BA11FD4C,GR0000000335,2024-06-30,2024-06-30,1015.0,Bank Transfer,Paid,0.0
PMT-EB0E2648,TR-8C7765EB,GR0000000335,2025-06-30,2025-06-30,918.0,Online Payment,Paid,0.0
PMT-697EBC17,TR-885EACBF,GR0000000336,2024-06-30,2024-06-30,7820.0,Bank Transfer,Paid,0.0
PMT-65F40182,TR-B725AC60,GR0000000336,2025-06-30,2025-06-30,8986.0,Bank Transfer,Paid,0.0
PMT-14108FDF,TR-53E26B07,GR0000000337,2023-06-30,2023-06-30,69441.0,Bank Transfer,Paid,0.0
PMT-5AFB01A0,TR-5B891A54,GR0000000337,2024-06-30,2024-06-30,19683.0,Bank Transfer,Paid,0.0
PMT-0E0A21BC,TR-0D5D3121,GR0000000337,2025-06-30,2025-06-30,29148.0,Bank Transfer,Paid,0.0
PMT-3BE5E2F8,TR-027EA536,GR0000000338,2023-06-30,2023-06-30,14692.0,Bank Transfer,Paid,0.0
PMT-40FE1674,TR-60E18D0A,GR0000000338,2024-06-30,2024-07-01,13750.0,Online Payment,Paid,1.0
PMT-C63D30AC,TR-FCE9304B,GR0000000338,2025-06-30,2025-06-30,8462.0,Bank Transfer,Paid,0.0
PMT-A28C7425,TR-3739DAE6,GR0000000339,2023-06-30,2023-06-30,3332.0,Bank Transfer,Paid,0.0
PMT-41C1C0BF,TR-00B8A2FF,GR0000000339,2024-06-30,2024-06-30,7934.0,Bank Transfer,Paid,0.0
PMT-9AE96F00,TR-87D59464,GR0000000339,2025-06-30,2025-06-30,9898.0,Direct Debit,Paid,0.0
PMT-BD4FC534,TR-7C75E16F,GR0000000340,2023-06-30,2023-06-30,221291.0,Bank Transfer,Paid,0.0
PMT-5E64AD05,TR-B20580F8,GR0000000340,2024-06-30,2024-06-30,284114.0,Bank Transfer,Paid,0.0
PMT-F9A56E19,TR-5B63FACC,GR0000000340,2025-06-30,2025-06-30,168579.0,Direct Debit,Paid,0.0
PMT-5172A0AF,TR-B6E43B71,GR0000000341,2025-06-30,2025-06-30,34819.0,Bank Transfer,Paid,0.0
PMT-FFA85C6F,TR-3382366E,GR0000000342,2023-06-30,2023-06-30,5386.0,Bank Transfer,Paid,0.0
PMT-2E17175B,TR-B16EE52D,GR0000000342,2024-06-30,2024-06-30,4803.0,Bank Transfer,Paid,0.0
PMT-7B2310A5,TR-DC7E1D76,GR0000000342,2025-06-30,2025-06-30,4538.0,Bank Transfer,Paid,0.0
PMT-BECA3D5A,TR-11484BC9,GR0000000343,2023-06-30,2023-06-30,734750.0,Bank Transfer,Paid,0.0
PMT-76D6EA88,TR-34BE7512,GR0000000343,2024-06-30,2024-06-30,699480.0,Bank Transfer,Paid,0.0
PMT-648EF2EA,TR-76E04AE9,GR0000000343,2025-06-30,2025-06-30,470413.0,Direct Debit,Paid,0.0
PMT-21FA31C8,TR-CCF2DDD1,GR0000000344,2023-06-30,2023-06-29,948.0,Bank Transfer,Paid,0.0
PMT-70E57D6C,TR-42742AC7,GR0000000344,2024-06-30,2024-06-30,748.0,Bank Transfer,Paid,0.0
PMT-0B428770,TR-B37440D3,GR0000000344,2025-06-30,2025-06-30,668.0,Bank Transfer,Paid,0.0
PMT-102139F3,TR-43EDC294,GR0000000345,2023-06-30,2023-06-30,243599.0,Other,Paid,0.0
PMT-46E4BD52,TR-549DE174,GR0000000345,2024-06-30,2024-06-30,372878.0,Bank Transfer,Paid,0.0
PMT-6E784860,TR-9034A8DD,GR0000000345,2025-06-30,2025-06-30,236301.0,Online Payment,Paid,0.0
PMT-DF0A1D3A,TR-35CBB02E,GR0000000346,2024-06-30,2024-06-30,42416.0,Bank Transfer,Paid,0.0
PMT-3976EF52,TR-53973194,GR0000000346,2025-06-30,2025-06-30,50163.0,Bank Transfer,Paid,0.0
PMT-B83CABD8,TR-7E09EAC7,GR0000000347,2023-06-30,2023-06-30,39773.0,Bank Transfer,Paid,0.0
PMT-0DE2F8C6,TR-BFC49567,GR0000000347,2024-06-30,2024-07-05,59258.0,Bank Transfer,Paid,5.0
PMT-CFB90CA8,TR-78A53535,GR0000000347,2025-06-30,2025-06-30,31436.0,Online Payment,Paid,0.0
PMT-C9DA650E,TR-D35AF807,GR0000000348,2023-06-30,2023-06-30,23608.0,Bank Transfer,Paid,0.0
PMT-222459A2,TR-A5FF8F41,GR0000000348,2024-06-30,2024-06-30,26349.0,Direct Debit,Paid,0.0
PMT-F3F5AF8E,TR-4AD04A8D,GR0000000348,2025-06-30,2025-06-30,51592.0,Bank Transfer,Paid,0.0
PMT-BC745C6B,TR-64464CA5,GR0000000349,2023-06-30,2023-06-30,46196.0,Bank Transfer,Paid,0.0
PMT-F56A3846,TR-2B7BCAA7,GR0000000349,2024-06-30,2024-06-30,68795.0,Online Payment,Paid,0.0
PMT-987254DF,TR-9193F6E7,GR0000000349,2025-06-30,2025-06-30,80956.0,Online Payment,Paid,0.0
PMT-601AF876,TR-11FA3BEF,GR0000000350,2023-06-30,2023-06-30,17730.0,Direct Debit,Paid,0.0
PMT-D28B68CD,TR-8AB095C3,GR0000000350,2024-06-30,2024-06-30,12199.0,Bank Transfer,Paid,0.0
PMT-8B7AA3C1,TR-BF0A9CFC,GR0000000350,2025-06-30,2025-06-30,11326.0,Bank Transfer,Paid,0.0
PMT-629A1578,TR-B0C17391,GR0000000351,2023-06-30,2023-06-30,33203.0,Bank Transfer,Partial,0.0
PMT-C5432220,TR-7E43D35C,GR0000000351,2024-06-30,2024-06-30,38307.0,Bank Transfer,Partial,0.0
PMT-B1A9DB47,TR-C1B26000,GR0000000351,2025-06-30,2025-06-30,35472.0,Bank Transfer,Paid,0.0
PMT-669ED774,TR-EB486EDC,GR0000000352,2023-06-30,2023-06-30,213153.0,Direct Debit,Paid,0.0
PMT-4869608E,TR-993BC314,GR0000000352,2024-06-30,2024-06-30,282569.0,Online Payment,Paid,0.0
PMT-E16EAE28,TR-1E845843,GR0000000352,2025-06-30,2025-06-30,416710.0,Bank Transfer,Partial,0.0
PMT-00A5FE13,TR-9095CE8A,GR0000000353,2023-06-30,2023-06-30,420843.0,Direct Debit,Paid,0.0
PMT-53B2EE01,TR-97F49584,GR0000000353,2024-06-30,2024-06-30,454376.0,Direct Debit,Paid,0.0
PMT-00B96957,TR-88C9A44C,GR0000000353,2025-06-30,2025-06-30,426118.0,Bank Transfer,Paid,0.0
PMT-31D83F40,TR-E5E769AA,GR0000000354,2023-06-30,2023-06-30,133991.0,Bank Transfer,Paid,0.0
PMT-3DD2601F,TR-2ACDC901,GR0000000354,2024-06-30,2024-06-30,151593.0,Direct Debit,Partial,0.0
PMT-5FA88673,TR-52F719B5,GR0000000354,2025-06-30,2025-06-30,83927.0,Direct Debit,Paid,0.0
PMT-91E822B0,TR-AD7C3A63,GR0000000355,2023-06-30,2023-06-30,428022.0,Bank Transfer,Paid,0.0
PMT-858DB23F,TR-F604BBF2,GR0000000355,2024-06-30,2024-06-30,384971.0,Direct Debit,Paid,0.0
PMT-BC6B171D,TR-8E34AB5B,GR0000000355,2025-06-30,2025-06-30,338798.0,Bank Transfer,Paid,0.0
PMT-B2424CA7,TR-3D50CA4B,GR0000000356,2023-06-30,2023-06-30,932.0,Bank Transfer,Paid,0.0
PMT-53C05B28,TR-558D607D,GR0000000356,2024-06-30,2024-06-30,1412.0,Direct Debit,Paid,0.0
PMT-AF723F1A,TR-AA8DCAB2,GR0000000356,2025-06-30,2025-06-30,2109.0,Bank Transfer,Paid,0.0
PMT-3D404062,TR-E97F48A4,GR0000000357,2024-06-30,2024-06-30,31551.0,Bank Transfer,Paid,0.0
PMT-CBA82369,TR-82657957,GR0000000357,2025-06-30,2025-06-30,29429.0,Direct Debit,Paid,0.0
PMT-BE7E0148,TR-BD850025,GR0000000358,2025-06-30,2025-06-30,733759.0,Direct Debit,Paid,0.0
PMT-F2E093F8,TR-56B42159,GR0000000359,2023-06-30,2023-07-04,51272.0,Bank Transfer,Partial,4.0
PMT-16338F0F,TR-4AED2FBF,GR0000000359,2024-06-30,2024-06-30,48465.0,Direct Debit,Paid,0.0
PMT-1C77B315,TR-56E84DC4,GR0000000359,2025-06-30,2025-06-30,34546.0,Bank Transfer,Paid,0.0
PMT-C9572D2D,TR-87D62C20,GR0000000360,2023-06-30,2023-06-30,40225.0,Bank Transfer,Paid,0.0
PMT-284E43AB,TR-20E660DA,GR0000000360,2024-06-30,2024-06-30,42847.0,Bank Transfer,Paid,0.0
PMT-243A32CC,TR-0ED6A226,GR0000000360,2025-06-30,2025-06-30,48050.0,Bank Transfer,Paid,0.0
PMT-C03B91F6,TR-CE00A5F6,GR0000000361,2025-06-30,2025-06-30,385196.0,Bank Transfer,Paid,0.0
PMT-635ADCEA,TR-00246CA6,GR0000000362,2023-06-30,2023-07-04,8310.0,Direct Debit,Paid,4.0
PMT-010CF776,TR-C5287407,GR0000000362,2024-06-30,2024-06-30,10876.0,Direct Debit,Paid,0.0
PMT-269296FF,TR-53ACAFE3,GR0000000362,2025-06-30,2025-06-30,16922.0,Bank Transfer,Paid,0.0
PMT-E1966F79,TR-2BF532FE,GR0000000363,2023-06-30,2023-06-30,966655.0,Bank Transfer,Paid,0.0
PMT-337610E8,TR-C6876B66,GR0000000363,2024-06-30,2024-06-29,1362767.0,Direct Debit,Paid,0.0
PMT-97D52AA1,TR-7F7F6691,GR0000000363,2025-06-30,2025-06-30,173847.0,Bank Transfer,Paid,0.0
PMT-3430983C,TR-339D9B47,GR0000000364,2023-06-30,2023-06-29,3895.0,Bank Transfer,Partial,0.0
PMT-ACC2D717,TR-995346C9,GR0000000364,2024-06-30,2024-06-29,4084.0,Bank Transfer,Partial,0.0
PMT-49659A9F,TR-F8DB86AF,GR0000000364,2025-06-30,2025-06-30,6038.0,Bank Transfer,Paid,0.0
PMT-1DC6092A,TR-B91DCA3A,GR0000000365,2023-06-30,2023-06-30,31671.0,Online Payment,Paid,0.0
PMT-840AB441,TR-3B5F2F43,GR0000000365,2024-06-30,2024-06-30,29209.0,Bank Transfer,Paid,0.0
PMT-3F98F20E,TR-7261ADFB,GR0000000365,2025-06-30,2025-06-30,12098.0,Direct Debit,Paid,0.0
PMT-C217F96B,TR-0A4D12D9,GR0000000366,2023-06-30,2023-06-30,55169.0,Bank Transfer,Paid,0.0
PMT-573247C6,TR-D0F98CD3,GR0000000366,2024-06-30,2024-06-30,23819.0,Bank Transfer,Paid,0.0
PMT-0688D9BD,TR-9FE37DA6,GR0000000366,2025-06-30,2025-06-30,53041.0,Bank Transfer,Paid,0.0
PMT-4F05F576,TR-08D36186,GR0000000367,2023-06-30,2023-06-30,12349.0,Bank Transfer,Paid,0.0
PMT-A4056824,TR-BDEC6D90,GR0000000367,2024-06-30,2024-06-30,13453.0,Bank Transfer,Paid,0.0
PMT-9DF32197,TR-4F378530,GR0000000367,2025-06-30,2025-06-30,10726.0,Online Payment,Paid,0.0
PMT-C0605176,TR-45912D76,GR0000000368,2023-06-30,2023-06-30,387185.0,Direct Debit,Paid,0.0
PMT-24AFD838,TR-356DCB19,GR0000000368,2024-06-30,2024-07-07,145156.0,Other,Paid,7.0
PMT-B99473E0,TR-3ED4C748,GR0000000368,2025-06-30,2025-06-29,202022.0,Bank Transfer,Paid,0.0
PMT-41E9B4B3,TR-70010D4D,GR0000000369,2023-06-30,2023-06-30,144075.0,Bank Transfer,Paid,0.0
PMT-52520FAC,TR-60E1F41C,GR0000000369,2024-06-30,2024-06-30,166340.0,Bank Transfer,Paid,0.0
PMT-26F81354,TR-9B70C037,GR0000000369,2025-06-30,2025-06-30,116333.0,Bank Transfer,Paid,0.0
PMT-10C73AB9,TR-4E10BCB1,GR0000000370,2023-06-30,2023-06-30,29763.0,Online Payment,Paid,0.0
PMT-079A464A,TR-847357CF,GR0000000370,2024-06-30,2024-06-30,10997.0,Direct Debit,Paid,0.0
PMT-4B3328B3,TR-EC091788,GR0000000370,2025-06-30,2025-06-30,26135.0,Bank Transfer,Paid,0.0
PMT-4E3DF6C4,TR-62539F68,GR0000000371,2023-06-30,2023-06-30,232874.0,Other,Paid,0.0
PMT-9C593F4B,TR-9302EF0B,GR0000000371,2024-06-30,2024-06-29,413145.0,Bank Transfer,Paid,0.0
PMT-C4E36D0F,TR-C280360B,GR0000000371,2025-06-30,2025-06-30,145346.0,Bank Transfer,Partial,0.0
PMT-A88B3A19,TR-47806DCE,GR0000000372,2023-06-30,2023-06-30,51398.0,Bank Transfer,Paid,0.0
PMT-77BCECBA,TR-3DE03257,GR0000000372,2024-06-30,2024-06-30,84149.0,Direct Debit,Paid,0.0
PMT-07B1C59C,TR-C372F721,GR0000000372,2025-06-30,2025-06-30,168965.0,Bank Transfer,Paid,0.0
PMT-04C75407,TR-83BE4FBA,GR0000000373,2023-06-30,2023-06-30,36527.0,Online Payment,Paid,0.0
PMT-52DBC665,TR-AFCB5D74,GR0000000373,2024-06-30,2024-06-30,22900.0,Direct Debit,Paid,0.0
PMT-17154D82,TR-3D14CF8B,GR0000000373,2025-06-30,2025-06-30,15006.0,Direct Debit,Paid,0.0
PMT-D35FCF9A,TR-DC0F8CC4,GR0000000374,2023-06-30,2023-06-30,16478.0,Bank Transfer,Paid,0.0
PMT-CA857F7A,TR-B28ECA10,GR0000000374,2024-06-30,2024-06-30,12037.0,Bank Transfer,Paid,0.0
PMT-3A288043,TR-ABA8C67D,GR0000000374,2025-06-30,2025-06-30,34078.0,Bank Transfer,Paid,0.0
PMT-50B0BD25,TR-5A31B4D7,GR0000000375,2023-06-30,2023-06-30,264627.0,Direct Debit,Paid,0.0
PMT-42EE47C1,TR-C3F68E59,GR0000000375,2024-06-30,2024-06-30,224603.0,Direct Debit,Partial,0.0
PMT-8DE5B083,TR-14E1D8F0,GR0000000375,2025-06-30,2025-06-30,215249.0,Bank Transfer,Paid,0.0
PMT-ED861287,TR-F889AC4B,GR0000000376,2023-06-30,2023-06-30,3188.0,Online Payment,Paid,0.0
PMT-BDE019F5,TR-DE8722ED,GR0000000376,2024-06-30,2024-06-30,2981.0,Online Payment,Paid,0.0
PMT-41294848,TR-376F16E2,GR0000000376,2025-06-30,2025-06-30,2797.0,Bank Transfer,Paid,0.0
PMT-34C9E673,TR-A2C1B725,GR0000000377,2023-06-30,2023-06-30,4622.0,Bank Transfer,Paid,0.0
PMT-4DB04625,TR-6690D7B5,GR0000000377,2024-06-30,2024-06-29,4882.0,Direct Debit,Paid,0.0
PMT-0714671C,TR-61C81843,GR0000000377,2025-06-30,2025-07-14,2171.0,Bank Transfer,Paid,14.0
PMT-0700B0F8,TR-D3E0F913,GR0000000378,2023-06-30,2023-06-30,22459.0,Bank Transfer,Paid,0.0
PMT-F206D752,TR-41F79785,GR0000000378,2024-06-30,2024-06-29,25035.0,Bank Transfer,Paid,0.0
PMT-4CBAD56C,TR-FB51530A,GR0000000378,2025-06-30,2025-07-15,9838.0,Bank Transfer,Paid,15.0
PMT-8A734153,TR-B8FBA7C5,GR0000000379,2023-06-30,2023-06-30,24220.0,Direct Debit,Paid,0.0
PMT-7BBCE1A5,TR-B491C17D,GR0000000379,2024-06-30,,0.0,,Unpaid,
PMT-B2FDDE28,TR-2B2412E0,GR0000000379,2025-06-30,2025-06-29,24785.0,Bank Transfer,Paid,0.0
PMT-3A8FB2CE,TR-70C214C9,GR0000000380,2023-06-30,2023-06-30,135765.0,Bank Transfer,Paid,0.0
PMT-00A6CA57,TR-DF6B4F8F,GR0000000380,2024-06-30,2024-06-30,194081.0,Direct Debit,Paid,0.0
PMT-E89E98AD,TR-B56A3CAA,GR0000000380,2025-06-30,2025-06-30,156470.0,Bank Transfer,Paid,0.0
PMT-7723772E,TR-34FB2A38,GR0000000381,2023-06-30,2023-06-30,21180.0,Direct Debit,Partial,0.0
PMT-D3456547,TR-D23B7512,GR0000000381,2024-06-30,2024-06-30,9975.0,Bank Transfer,Paid,0.0
PMT-752324DE,TR-B3329FA5,GR0000000381,2025-06-30,2025-06-30,16314.0,Direct Debit,Paid,0.0
PMT-BF792345,TR-E018A3AB,GR0000000382,2023-06-30,2023-06-30,34497.0,Bank Transfer,Paid,0.0
PMT-B4132BA3,TR-64D61CD3,GR0000000382,2024-06-30,2024-06-30,44502.0,Direct Debit,Paid,0.0
PMT-F87FAAD3,TR-F071E1CB,GR0000000382,2025-06-30,2025-06-30,9538.0,Bank Transfer,Paid,0.0
PMT-8A96189D,TR-F575030A,GR0000000383,2023-06-30,2023-06-30,19601.0,Direct Debit,Paid,0.0
PMT-BBF7C2F1,TR-DDA6B3C3,GR0000000383,2024-06-30,2024-07-01,20270.0,Bank Transfer,Paid,1.0
PMT-0C5F0B4E,TR-9C3BA670,GR0000000383,2025-06-30,2025-06-30,16508.0,Direct Debit,Paid,0.0
PMT-BCBD6AB1,TR-06105837,GR0000000384,2023-06-30,2023-06-30,23531.0,Online Payment,Partial,0.0
PMT-FF351966,TR-4D3025D9,GR0000000384,2024-06-30,2024-06-30,37407.0,Bank Transfer,Paid,0.0
PMT-BB363FD8,TR-5D699879,GR0000000384,2025-06-30,2025-06-30,25982.0,Bank Transfer,Paid,0.0
PMT-545E69FB,TR-7307CE36,GR0000000385,2023-06-30,2023-06-30,11293.0,Direct Debit,Paid,0.0
PMT-CFA3D5C0,TR-F9A0B735,GR0000000385,2024-06-30,2024-06-30,15993.0,Bank Transfer,Paid,0.0
PMT-1A7FD1BB,TR-9011B243,GR0000000385,2025-06-30,2025-06-30,4445.0,Bank Transfer,Paid,0.0
PMT-039E26D3,TR-705DE6C0,GR0000000386,2023-06-30,2023-06-30,6343440.0,Bank Transfer,Paid,0.0
PMT-B72F7D8F,TR-08425F14,GR0000000386,2024-06-30,2024-06-30,5794281.0,Bank Transfer,Paid,0.0
PMT-79C20C80,TR-4E3C2B9F,GR0000000386,2025-06-30,2025-06-30,3443179.0,Direct Debit,Paid,0.0
PMT-45D6ED60,TR-281D439E,GR0000000387,2023-06-30,2023-06-30,2261.0,Bank Transfer,Paid,0.0
PMT-9308F0A3,TR-58AD1C58,GR0000000387,2024-06-30,2024-06-30,3590.0,Direct Debit,Paid,0.0
PMT-93014F4A,TR-A23ECB98,GR0000000387,2025-06-30,2025-06-30,5526.0,Direct Debit,Paid,0.0
PMT-91F89B00,TR-8B885ACA,GR0000000388,2023-06-30,2023-06-30,25804.0,Direct Debit,Paid,0.0
PMT-6AA847B8,TR-37756BBC,GR0000000388,2024-06-30,2024-07-03,37596.0,Online Payment,Paid,3.0
PMT-CD88D729,TR-C09090DC,GR0000000388,2025-06-30,2025-06-30,35100.0,Bank Transfer,Paid,0.0
PMT-70C0828C,TR-39876F97,GR0000000389,2023-06-30,2023-07-14,1111.0,Direct Debit,Partial,14.0
PMT-D9C81B97,TR-F1916883,GR0000000389,2024-06-30,2024-06-29,1004.0,Online Payment,Paid,0.0
PMT-2899AE91,TR-85D20EC7,GR0000000389,2025-06-30,2025-06-29,928.0,Direct Debit,Paid,0.0
PMT-6B0EDB2A,TR-FC1871FA,GR0000000390,2023-06-30,,0.0,,Unpaid,
PMT-E34C8E0F,TR-F135C81A,GR0000000390,2024-06-30,2024-07-15,178126.0,Bank Transfer,Paid,15.0
PMT-9F2B3D7F,TR-E7960EC6,GR0000000390,2025-06-30,2025-06-29,118749.0,Bank Transfer,Paid,0.0
PMT-E5F8FC9A,TR-4C6D2597,GR0000000391,2023-06-30,2023-06-30,11767.0,Online Payment,Paid,0.0
PMT-56714112,TR-94BC8331,GR0000000391,2024-06-30,2024-06-30,21733.0,Bank Transfer,Paid,0.0
PMT-992C5144,TR-C6F489D1,GR0000000391,2025-06-30,2025-06-30,22214.0,Bank Transfer,Paid,0.0
PMT-5A2F72F4,TR-3649EA57,GR0000000392,2023-06-30,2023-06-30,82633.0,Bank Transfer,Paid,0.0
PMT-68A7B41A,TR-76C6C28B,GR0000000392,2024-06-30,2024-06-30,62885.0,Bank Transfer,Paid,0.0
PMT-7F56A023,TR-58A74AEF,GR0000000392,2025-06-30,2025-06-30,44865.0,Bank Transfer,Paid,0.0
PMT-B645C193,TR-08E8C1A7,GR0000000393,2023-06-30,2023-06-30,38870.0,Direct Debit,Paid,0.0
PMT-02D62A22,TR-AE48835E,GR0000000393,2024-06-30,2024-06-30,108372.0,Bank Transfer,Paid,0.0
PMT-3E2047F9,TR-31F0B3ED,GR0000000393,2025-06-30,2025-06-30,39630.0,Bank Transfer,Paid,0.0
PMT-723981B9,TR-B00E6FF6,GR0000000394,2023-06-30,2023-06-30,44606.0,Other,Paid,0.0
PMT-6A0A4CD5,TR-E82FC07D,GR0000000394,2024-06-30,2024-06-30,35247.0,Direct Debit,Partial,0.0
PMT-8EC7C2D2,TR-482F706A,GR0000000394,2025-06-30,2025-06-30,88210.0,Bank Transfer,Paid,0.0
PMT-D8C921C7,TR-739F43E4,GR0000000395,2023-06-30,2023-06-30,1711.0,Bank Transfer,Paid,0.0
PMT-4AE489A5,TR-643824A7,GR0000000395,2024-06-30,2024-06-29,621.0,Bank Transfer,Paid,0.0
PMT-0367AE05,TR-6DA9556D,GR0000000395,2025-06-30,2025-07-03,437.0,Bank Transfer,Paid,3.0
PMT-3D9311AD,TR-6FD4AB31,GR0000000396,2023-06-30,2023-06-30,15843.0,Bank Transfer,Paid,0.0
PMT-D5A63E85,TR-479FDC52,GR0000000396,2024-06-30,2024-06-30,13448.0,Bank Transfer,Paid,0.0
PMT-FE07ACA3,TR-FE898905,GR0000000396,2025-06-30,2025-07-04,5312.0,Bank Transfer,Paid,4.0
PMT-C2057064,TR-6D0B7984,GR0000000397,2023-06-30,2023-06-30,90748.0,Online Payment,Paid,0.0
PMT-ED200058,TR-D454F6A9,GR0000000397,2024-06-30,2024-06-30,121041.0,Bank Transfer,Paid,0.0
PMT-45219B56,TR-3F13B989,GR0000000397,2025-06-30,2025-06-30,121696.0,Bank Transfer,Paid,0.0
PMT-0E4F1BBD,TR-7DAF93FA,GR0000000398,2023-06-30,2023-06-30,352372.0,Bank Transfer,Paid,0.0
PMT-A3225440,TR-EC4CB67C,GR0000000398,2024-06-30,2024-06-30,271334.0,Bank Transfer,Paid,0.0
PMT-C49CEBBB,TR-65ED08CF,GR0000000398,2025-06-30,2025-06-30,337774.0,Online Payment,Paid,0.0
PMT-5DE30E99,TR-22BF1899,GR0000000399,2025-06-30,2025-06-30,71884.0,Bank Transfer,Paid,0.0
PMT-B869DE92,TR-5EBB8C2E,GR0000000400,2025-06-30,2025-06-30,61109.0,Bank Transfer,Paid,0.0
PMT-5D6AAF22,TR-8DBED834,GR0000000401,2023-06-30,2023-06-30,4998.0,Direct Debit,Paid,0.0
PMT-74C3882C,TR-3C295B66,GR0000000401,2024-06-30,2024-06-30,5376.0,Bank Transfer,Paid,0.0
PMT-A5444D49,TR-D96AEDF8,GR0000000401,2025-06-30,2025-06-30,3780.0,Bank Transfer,Paid,0.0
PMT-A9947AA9,TR-F4FA93E3,GR0000000402,2023-06-30,2023-06-30,1728.0,Bank Transfer,Paid,0.0
PMT-7D97DEA5,TR-B55EF4CB,GR0000000402,2024-06-30,2024-06-30,2913.0,Bank Transfer,Paid,0.0
PMT-628D6950,TR-C798120B,GR0000000402,2025-06-30,2025-06-30,1969.0,Bank Transfer,Paid,0.0
PMT-875A8BB0,TR-9EBDC849,GR0000000403,2023-06-30,2023-06-30,15250.0,Direct Debit,Paid,0.0
PMT-9862E28E,TR-B5F4B4AF,GR0000000403,2024-06-30,2024-06-30,10563.0,Bank Transfer,Paid,0.0
PMT-77DE85A8,TR-869D7263,GR0000000403,2025-06-30,2025-06-30,20835.0,Bank Transfer,Paid,0.0
PMT-4694471E,TR-E96F0573,GR0000000404,2023-06-30,2023-06-30,478073.0,Bank Transfer,Paid,0.0
PMT-0125D64D,TR-C08A2D89,GR0000000404,2024-06-30,2024-06-30,641765.0,Direct Debit,Paid,0.0
PMT-E61580EF,TR-B477BCC8,GR0000000404,2025-06-30,2025-06-30,515231.0,Direct Debit,Paid,0.0
PMT-BC01FB59,TR-95DB849A,GR0000000405,2023-06-30,2023-06-30,69562.0,Bank Transfer,Paid,0.0
PMT-71227674,TR-6F70D417,GR0000000405,2024-06-30,2024-06-30,64484.0,Bank Transfer,Paid,0.0
PMT-87DA94BD,TR-CC8CD10C,GR0000000405,2025-06-30,2025-06-30,96508.0,Direct Debit,Paid,0.0
PMT-4DA14063,TR-32C31635,GR0000000406,2023-06-30,2023-07-06,125574.0,Bank Transfer,Partial,6.0
PMT-3A33E080,TR-3DFCF9F0,GR0000000406,2024-06-30,2024-06-29,254829.0,Online Payment,Paid,0.0
PMT-F5932360,TR-BE9551F2,GR0000000406,2025-06-30,,0.0,,Unpaid,
PMT-E02BCB34,TR-B3E916ED,GR0000000407,2023-06-30,2023-06-30,16611.0,Bank Transfer,Paid,0.0
PMT-31B49CAF,TR-F1C8260E,GR0000000407,2024-06-30,2024-06-30,13061.0,Online Payment,Paid,0.0
PMT-705A06A0,TR-55BE332B,GR0000000407,2025-06-30,2025-06-30,19828.0,Bank Transfer,Paid,0.0
PMT-B5AFAEEC,TR-C25FA06C,GR0000000408,2023-06-30,2023-06-30,46312.0,Direct Debit,Paid,0.0
PMT-022662C8,TR-39E81EF1,GR0000000408,2024-06-30,2024-06-30,41689.0,Direct Debit,Paid,0.0
PMT-81AD0D40,TR-5CEEAB00,GR0000000408,2025-06-30,2025-06-30,40419.0,Bank Transfer,Paid,0.0
PMT-E7E298A5,TR-57D06BB5,GR0000000409,2024-06-30,2024-06-30,24179.0,Direct Debit,Paid,0.0
PMT-6A7299A4,TR-A9E611BC,GR0000000409,2025-06-30,2025-06-30,31260.0,Direct Debit,Paid,0.0
PMT-C5010551,TR-924DD50F,GR0000000410,2023-06-30,2023-06-30,52214.0,Bank Transfer,Paid,0.0
PMT-6FAD48AD,TR-D6929910,GR0000000410,2024-06-30,2024-06-30,74077.0,Bank Transfer,Paid,0.0
PMT-9AB0857D,TR-430398E9,GR0000000410,2025-06-30,2025-06-30,154317.0,Direct Debit,Partial,0.0
PMT-F1D80ED9,TR-EC2CA63F,GR0000000411,2023-06-30,2023-07-03,5486.0,Direct Debit,Paid,3.0
PMT-1E720DC6,TR-B9C75329,GR0000000411,2024-06-30,2024-06-30,6807.0,Bank Transfer,Paid,0.0
PMT-317F212F,TR-68009801,GR0000000411,2025-06-30,2025-06-30,4336.0,Bank Transfer,Paid,0.0
PMT-3D505102,TR-0C27D173,GR0000000412,2023-06-30,,0.0,,Unpaid,
PMT-F79541C5,TR-4DB163A8,GR0000000412,2024-06-30,2024-06-27,5437.0,Bank Transfer,Partial,0.0
PMT-800AE537,TR-81440B85,GR0000000412,2025-06-30,,0.0,,Unpaid,
PMT-A03C9312,TR-96BF242A,GR0000000413,2023-06-30,2023-06-30,3023.0,Bank Transfer,Paid,0.0
PMT-2F3AFAAE,TR-E8758E58,GR0000000413,2024-06-30,2024-06-30,4483.0,Bank Transfer,Paid,0.0
PMT-7011AE97,TR-EDB7EEDE,GR0000000413,2025-06-30,2025-06-30,3003.0,Direct Debit,Paid,0.0
PMT-61515311,TR-38AD44DA,GR0000000414,2023-06-30,2023-06-30,2641.0,Bank Transfer,Paid,0.0
PMT-249EC071,TR-3ABD40E9,GR0000000414,2024-06-30,2024-07-10,1077.0,Bank Transfer,Partial,10.0
PMT-7C1C7CA2,TR-D3C2BE8E,GR0000000414,2025-06-30,2025-07-15,5073.0,Bank Transfer,Paid,15.0
PMT-7E0CDCCD,TR-54ACB643,GR0000000415,2024-06-30,2024-06-30,1315.0,Direct Debit,Paid,0.0
PMT-46E80BFD,TR-BFC87A85,GR0000000415,2025-06-30,2025-06-30,2142.0,Bank Transfer,Partial,0.0
PMT-A3FA7A7A,TR-B4835D2C,GR0000000416,2023-06-30,2023-06-30,749073.0,Online Payment,Paid,0.0
PMT-CCC92C03,TR-B1C33995,GR0000000416,2024-06-30,2024-06-30,1205468.0,Direct Debit,Partial,0.0
PMT-8B1CB3B4,TR-89FC13AD,GR0000000416,2025-06-30,2025-06-30,780156.0,Direct Debit,Paid,0.0
PMT-846A9FFA,TR-1C7D689F,GR0000000417,2023-06-30,2023-06-30,68901.0,Direct Debit,Paid,0.0
PMT-6107A023,TR-9A22882B,GR0000000417,2024-06-30,2024-06-30,56591.0,Direct Debit,Paid,0.0
PMT-00E08D59,TR-5F2A3CD5,GR0000000417,2025-06-30,2025-06-30,95160.0,Bank Transfer,Paid,0.0
PMT-7A492EEC,TR-8CF459DA,GR0000000418,2023-06-30,2023-06-30,29761.0,Direct Debit,Paid,0.0
PMT-226BE995,TR-D192C804,GR0000000418,2024-06-30,2024-06-30,41554.0,Direct Debit,Paid,0.0
PMT-CEAAA497,TR-A69FC76F,GR0000000418,2025-06-30,2025-06-30,29450.0,Online Payment,Paid,0.0
PMT-964090BC,TR-691F4A9D,GR0000000419,2023-06-30,2023-06-30,182015.0,Bank Transfer,Paid,0.0
PMT-2A307EB6,TR-85BD0AA1,GR0000000419,2024-06-30,2024-06-30,160981.0,Bank Transfer,Paid,0.0
PMT-189DDE9A,TR-4FAE2859,GR0000000419,2025-06-30,2025-06-30,351883.0,Bank Transfer,Paid,0.0
PMT-36001000,TR-3422987A,GR0000000420,2023-06-30,2023-06-30,2338.0,Bank Transfer,Paid,0.0
PMT-D408C788,TR-D1D45A62,GR0000000420,2024-06-30,2024-06-30,1152.0,Bank Transfer,Paid,0.0
PMT-3756329C,TR-020C9E1B,GR0000000420,2025-06-30,2025-06-30,602.0,Direct Debit,Paid,0.0
PMT-B790005A,TR-522D8186,GR0000000421,2023-06-30,2023-06-30,483751.0,Direct Debit,Paid,0.0
PMT-DAEA14F6,TR-E75CD522,GR0000000421,2024-06-30,2024-06-30,207739.0,Online Payment,Paid,0.0
PMT-7BD7BC10,TR-B9984FC1,GR0000000421,2025-06-30,2025-06-30,253706.0,Direct Debit,Paid,0.0
PMT-E4FB5C6D,TR-A2EA4206,GR0000000422,2023-06-30,,0.0,,Unpaid,
PMT-B658FC91,TR-2895D88F,GR0000000422,2024-06-30,2024-07-26,113899.0,Bank Transfer,Paid,26.0
PMT-547A36E0,TR-CF439A80,GR0000000422,2025-06-30,2025-08-04,72688.0,Direct Debit,Paid,35.0
PMT-43735AB5,TR-ABF75842,GR0000000423,2023-06-30,2023-06-30,213115.0,Direct Debit,Partial,0.0
PMT-9221DCD0,TR-60785093,GR0000000423,2024-06-30,2024-06-30,319507.0,Bank Transfer,Paid,0.0
PMT-08A20B9A,TR-95B15089,GR0000000423,2025-06-30,2025-06-30,247715.0,Direct Debit,Paid,0.0
PMT-D0CB4248,TR-99878144,GR0000000424,2023-06-30,2023-06-30,8667.0,Bank Transfer,Paid,0.0
PMT-83CC02A8,TR-CE697888,GR0000000424,2024-06-30,2024-06-30,2643.0,Direct Debit,Paid,0.0
PMT-337E6DF7,TR-9144ED67,GR0000000424,2025-06-30,2025-06-30,4352.0,Bank Transfer,Paid,0.0
PMT-08BDAFEE,TR-D5D42B72,GR0000000425,2023-06-30,2023-06-30,26904.0,Bank Transfer,Paid,0.0
PMT-D373DE1A,TR-3544DE2F,GR0000000425,2024-06-30,2024-06-30,33839.0,Bank Transfer,Paid,0.0
PMT-FBFFE926,TR-95D77BB3,GR0000000425,2025-06-30,2025-06-30,38089.0,Bank Transfer,Paid,0.0
PMT-A325DDAB,TR-9701A455,GR0000000426,2023-06-30,2023-06-30,799.0,Direct Debit,Paid,0.0
PMT-8EC1D48D,TR-F736C010,GR0000000426,2024-06-30,2024-06-30,1969.0,Online Payment,Paid,0.0
PMT-4D951C7B,TR-B333EFEA,GR0000000426,2025-06-30,2025-06-30,2162.0,Bank Transfer,Paid,0.0
PMT-083C8A6C,TR-1544DC98,GR0000000427,2023-06-30,2023-06-29,1249.0,Online Payment,Paid,0.0
PMT-1851A055,TR-5CCE8226,GR0000000427,2024-06-30,2024-07-15,1032.0,Bank Transfer,Paid,15.0
PMT-3A8875BA,TR-BA70986F,GR0000000427,2025-06-30,2025-06-30,1202.0,Bank Transfer,Paid,0.0
PMT-0FE4BBE5,TR-C55A3BBE,GR0000000428,2023-06-30,2023-06-30,16825.0,Bank Transfer,Paid,0.0
PMT-1E499BEB,TR-8C19AD02,GR0000000428,2024-06-30,2024-06-30,17445.0,Bank Transfer,Paid,0.0
PMT-2854CA61,TR-7D9BCD14,GR0000000428,2025-06-30,2025-07-03,12263.0,Bank Transfer,Paid,3.0
PMT-5E578DF7,TR-A20A5D92,GR0000000429,2023-06-30,,0.0,,Unpaid,
PMT-6D3ABB0D,TR-B5DD5825,GR0000000429,2024-06-30,2024-06-27,5879.0,Bank Transfer,Paid,0.0
PMT-7320C70B,TR-9EB1F653,GR0000000429,2025-06-30,,0.0,,Unpaid,
PMT-C92EC1E0,TR-821E30BA,GR0000000430,2023-06-30,2023-06-30,26774.0,Direct Debit,Paid,0.0
PMT-FA452358,TR-1F859C79,GR0000000430,2024-06-30,2024-06-30,5054.0,Direct Debit,Paid,0.0
PMT-03676CF5,TR-4CD11767,GR0000000430,2025-06-30,2025-06-30,13570.0,Bank Transfer,Paid,0.0
PMT-1FFEA3E1,TR-8DB75F87,GR0000000431,2025-06-30,2025-06-30,75335.0,Direct Debit,Paid,0.0
PMT-B3EAA5D9,TR-0E996A94,GR0000000432,2023-06-30,2023-06-30,758627.0,Online Payment,Paid,0.0
PMT-E20F98B8,TR-A39148B8,GR0000000432,2024-06-30,2024-06-30,624246.0,Direct Debit,Paid,0.0
PMT-CF1AB6EF,TR-D19BE632,GR0000000432,2025-06-30,2025-06-30,525256.0,Direct Debit,Paid,0.0
PMT-C14F28D0,TR-7DB4D97E,GR0000000433,2023-06-30,2023-06-30,61866.0,Bank Transfer,Paid,0.0
PMT-641F40EE,TR-21EF5A13,GR0000000433,2024-06-30,2024-06-30,54444.0,Direct Debit,Paid,0.0
PMT-BEA472DF,TR-59BD172F,GR0000000433,2025-06-30,2025-06-30,40275.0,Direct Debit,Paid,0.0
PMT-7B616151,TR-C9AE1C2A,GR0000000434,2023-06-30,2023-06-30,78759.0,Bank Transfer,Paid,0.0
PMT-86EE1FD1,TR-C0D3CC25,GR0000000434,2024-06-30,2024-06-30,69842.0,Bank Transfer,Paid,0.0
PMT-0C80D2D6,TR-7AE4AD59,GR0000000434,2025-06-30,2025-06-30,80083.0,Bank Transfer,Partial,0.0
PMT-2E76BF58,TR-E64F975D,GR0000000435,2023-06-30,2023-06-30,19050.0,Bank Transfer,Paid,0.0
PMT-77EB98CB,TR-8412190C,GR0000000435,2024-06-30,2024-06-30,18588.0,Bank Transfer,Paid,0.0
PMT-3A1CC8A0,TR-5EBD5E62,GR0000000435,2025-06-30,2025-06-30,15802.0,Direct Debit,Paid,0.0
PMT-17118FD0,TR-CBD535E9,GR0000000436,2023-06-30,2023-06-30,66810210.0,Direct Debit,Paid,0.0
PMT-DD386C35,TR-F0E4CDFE,GR0000000436,2024-06-30,2024-06-30,56117505.0,Direct Debit,Paid,0.0
PMT-90E742A5,TR-8CFC6406,GR0000000436,2025-06-30,2025-06-30,49851719.0,Direct Debit,Paid,0.0
PMT-5A7BEC14,TR-23976A5A,GR0000000437,2023-06-30,,0.0,,Unpaid,
PMT-B5F44329,TR-EE43895A,GR0000000437,2024-06-30,,0.0,,Unpaid,
PMT-499446F2,TR-61F3CE1F,GR0000000437,2025-06-30,2025-06-27,2613.0,Bank Transfer,Paid,0.0
PMT-43B25F1E,TR-DE471EE4,GR0000000438,2023-06-30,2023-07-03,128095.0,Online Payment,Paid,3.0
PMT-BD21C5EC,TR-73C6AB1E,GR0000000438,2024-06-30,2024-06-30,77125.0,Bank Transfer,Paid,0.0
PMT-446BF749,TR-3E73CF85,GR0000000438,2025-06-30,2025-06-30,136629.0,Direct Debit,Paid,0.0
PMT-D8EAAC8C,TR-4B4EE716,GR0000000439,2023-06-30,2023-06-30,356776.0,Direct Debit,Paid,0.0
PMT-56FE62A5,TR-60B24A98,GR0000000439,2024-06-30,2024-06-30,624647.0,Direct Debit,Paid,0.0
PMT-9D3A09C1,TR-27BBCC44,GR0000000439,2025-06-30,2025-07-03,550454.0,Bank Transfer,Paid,3.0
PMT-FE1581B9,TR-D7590A56,GR0000000440,2023-06-30,2023-07-01,970764.0,Bank Transfer,Paid,1.0
PMT-C8811C8C,TR-CFB7F198,GR0000000440,2024-06-30,2024-06-30,1185908.0,Bank Transfer,Paid,0.0
PMT-C3366E07,TR-91B0C995,GR0000000440,2025-06-30,2025-06-30,1604628.0,Bank Transfer,Paid,0.0
PMT-6341B4AD,TR-9D41A4C9,GR0000000441,2023-06-30,,0.0,,Unpaid,
PMT-2A6F35ED,TR-A699D5A1,GR0000000441,2024-06-30,,0.0,,Unpaid,
PMT-9DF717E6,TR-681FFF97,GR0000000441,2025-06-30,,0.0,,Unpaid,
PMT-B23E6B37,TR-63FB5DDF,GR0000000442,2023-06-30,2023-06-30,11857.0,Bank Transfer,Paid,0.0
PMT-90E07E8F,TR-1130F0D6,GR0000000442,2024-06-30,2024-06-30,10709.0,Online Payment,Partial,0.0
PMT-BE89253C,TR-33F6382C,GR0000000442,2025-06-30,2025-06-30,19998.0,Bank Transfer,Paid,0.0
PMT-0980DCE4,TR-3F12B1D9,GR0000000443,2023-06-30,2023-06-30,2419.0,Bank Transfer,Paid,0.0
PMT-7DECE7A7,TR-C66F641B,GR0000000443,2024-06-30,2024-06-30,1434.0,Online Payment,Paid,0.0
PMT-9A637509,TR-0323AF8A,GR0000000443,2025-06-30,2025-06-30,1403.0,Bank Transfer,Paid,0.0
PMT-5435BDBD,TR-604131B5,GR0000000444,2023-06-30,2023-06-30,1264070.0,Bank Transfer,Paid,0.0
PMT-8E24CC09,TR-551A39A5,GR0000000444,2024-06-30,2024-06-30,2529519.0,Bank Transfer,Paid,0.0
PMT-B70B469C,TR-71747206,GR0000000444,2025-06-30,2025-06-30,1493430.0,Other,Paid,0.0
PMT-2004E025,TR-7714D157,GR0000000445,2023-06-30,2023-06-30,6421.0,Bank Transfer,Paid,0.0
PMT-939811AB,TR-1C0AEF3D,GR0000000445,2024-06-30,2024-06-30,15012.0,Online Payment,Paid,0.0
PMT-6CC57588,TR-BC474DD3,GR0000000445,2025-06-30,2025-06-30,14435.0,Online Payment,Paid,0.0
PMT-2883340C,TR-80A27AE2,GR0000000446,2023-06-30,,0.0,,Unpaid,
PMT-74AF543B,TR-842DFEA6,GR0000000446,2024-06-30,2024-07-25,1260.0,Bank Transfer,Paid,25.0
PMT-9E858B65,TR-9DE0F2A1,GR0000000446,2025-06-30,,0.0,,Unpaid,
PMT-09A27BB6,TR-F030D651,GR0000000447,2023-06-30,2023-06-30,21272.0,Bank Transfer,Paid,0.0
PMT-B9E79B2B,TR-E889EA8C,GR0000000447,2024-06-30,2024-06-30,8938.0,Bank Transfer,Paid,0.0
PMT-A0A1380F,TR-206EFE6B,GR0000000447,2025-06-30,2025-06-30,8410.0,Bank Transfer,Paid,0.0
PMT-B1FF6F1D,TR-949131A8,GR0000000448,2023-06-30,2023-06-30,1359.0,Bank Transfer,Paid,0.0
PMT-DEE17A8A,TR-67F52C8B,GR0000000448,2024-06-30,2024-06-30,1182.0,Bank Transfer,Paid,0.0
PMT-4EF726F0,TR-012AFB8E,GR0000000448,2025-06-30,2025-06-30,1010.0,Bank Transfer,Paid,0.0
PMT-B229773E,TR-FF0ADB32,GR0000000449,2023-06-30,2023-07-05,224329.0,Bank Transfer,Paid,5.0
PMT-CA37CED4,TR-BA1F5156,GR0000000449,2024-06-30,2024-06-30,375152.0,Direct Debit,Paid,0.0
PMT-859DF1B6,TR-2DB5DF67,GR0000000449,2025-06-30,2025-06-30,457387.0,Direct Debit,Paid,0.0
PMT-1978301C,TR-CABBAD1D,GR0000000450,2023-06-30,2023-06-30,5213.0,Online Payment,Partial,0.0
PMT-7A04CD05,TR-3AF3555B,GR0000000450,2024-06-30,2024-06-30,2547.0,Bank Transfer,Paid,0.0
PMT-54B8CF5D,TR-A4E1806F,GR0000000450,2025-06-30,2025-06-30,3068.0,Bank Transfer,Paid,0.0
PMT-8FA9A637,TR-7A5DD16E,GR0000000451,2023-06-30,2023-06-30,577478.0,Bank Transfer,Paid,0.0
PMT-7772CEFC,TR-D628CAFD,GR0000000451,2024-06-30,2024-06-30,429580.0,Online Payment,Paid,0.0
PMT-2F368225,TR-0E45ED4F,GR0000000451,2025-06-30,2025-06-30,288269.0,Direct Debit,Paid,0.0
PMT-227AA622,TR-CAFF7E34,GR0000000452,2023-06-30,2023-06-30,705950.0,Bank Transfer,Paid,0.0
PMT-5D85B6A8,TR-9805FFE9,GR0000000452,2024-06-30,2024-06-30,663761.0,Direct Debit,Partial,0.0
PMT-48ABD9C0,TR-49E36C46,GR0000000452,2025-06-30,2025-06-30,612232.0,Direct Debit,Paid,0.0
PMT-B4ACC6D9,TR-3DE1D966,GR0000000453,2023-06-30,2023-06-30,5255.0,Direct Debit,Partial,0.0
PMT-1DD2E893,TR-44283D18,GR0000000453,2024-06-30,2024-06-30,5843.0,Direct Debit,Paid,0.0
PMT-53E4549A,TR-FADF7F23,GR0000000453,2025-06-30,2025-06-30,7278.0,Direct Debit,Paid,0.0
PMT-F9AD5E15,TR-23E03C5E,GR0000000454,2023-06-30,2023-06-30,15160.0,Bank Transfer,Paid,0.0
PMT-214B6B83,TR-D598116D,GR0000000454,2024-06-30,2024-06-30,22275.0,Direct Debit,Paid,0.0
PMT-8FF9F0BA,TR-0FD05D11,GR0000000454,2025-06-30,2025-06-30,7623.0,Online Payment,Paid,0.0
PMT-009BE9EA,TR-7ED0A219,GR0000000455,2023-06-30,,0.0,,Unpaid,
PMT-EB6EF6AC,TR-2FE82EC2,GR0000000455,2024-06-30,2024-06-29,1671.0,Other,Paid,0.0
PMT-096902D6,TR-C1357CB4,GR0000000455,2025-06-30,2025-06-30,664.0,Bank Transfer,Paid,0.0
PMT-BE15EE4F,TR-36976845,GR0000000456,2023-06-30,2023-06-30,307929.0,Bank Transfer,Paid,0.0
PMT-16EC0A2B,TR-77BAFD53,GR0000000456,2024-06-30,2024-06-30,233432.0,Bank Transfer,Paid,0.0
PMT-E95D3B80,TR-A0B74D96,GR0000000456,2025-06-30,2025-06-30,257498.0,Bank Transfer,Paid,0.0
PMT-3FA1D1DD,TR-20423DB6,GR0000000457,2023-06-30,2023-06-30,63449.0,Bank Transfer,Paid,0.0
PMT-5F317609,TR-80FEFE7A,GR0000000457,2024-06-30,2024-06-30,50868.0,Bank Transfer,Paid,0.0
PMT-6FB76A0B,TR-1B7F4184,GR0000000457,2025-06-30,2025-06-30,53443.0,Direct Debit,Paid,0.0
PMT-2F919427,TR-226617D0,GR0000000458,2023-06-30,2023-06-30,38363.0,Direct Debit,Paid,0.0
PMT-59D323A5,TR-FC16444B,GR0000000458,2024-06-30,2024-06-30,21518.0,Bank Transfer,Partial,0.0
PMT-5C6E31B9,TR-DCB9587C,GR0000000458,2025-06-30,2025-06-30,30723.0,Bank Transfer,Paid,0.0
PMT-77852484,TR-C6CDB303,GR0000000459,2023-06-30,2023-06-30,18826.0,Bank Transfer,Paid,0.0
PMT-4113783E,TR-D676BC0C,GR0000000459,2024-06-30,2024-06-30,16416.0,Bank Transfer,Paid,0.0
PMT-FF02834A,TR-83E3ADD2,GR0000000459,2025-06-30,2025-06-30,7425.0,Direct Debit,Paid,0.0
PMT-E2334010,TR-3FE69190,GR0000000460,2023-06-30,2023-06-29,59954.0,Direct Debit,Paid,0.0
PMT-F3FD7416,TR-AFDEA04C,GR0000000460,2024-06-30,2024-07-03,83489.0,Bank Transfer,Paid,3.0
PMT-8EA95880,TR-3158F140,GR0000000460,2025-06-30,2025-06-30,86743.0,Direct Debit,Partial,0.0
PMT-8A196311,TR-D85BB8B2,GR0000000461,2023-06-30,2023-06-30,619384.0,Bank Transfer,Paid,0.0
PMT-30C0FAD7,TR-B39CE7A2,GR0000000461,2024-06-30,2024-06-30,933672.0,Bank Transfer,Paid,0.0
PMT-E10452CC,TR-1ECE1F7E,GR0000000461,2025-06-30,2025-06-30,848461.0,Direct Debit,Paid,0.0
PMT-5D332991,TR-FD9118F0,GR0000000462,2023-06-30,2023-06-30,5584422.0,Direct Debit,Paid,0.0
PMT-466DBFAA,TR-094207E9,GR0000000462,2024-06-30,2024-06-30,4110481.0,Direct Debit,Paid,0.0
PMT-666AD4F8,TR-C8ED6361,GR0000000462,2025-06-30,2025-06-30,3420208.0,Direct Debit,Partial,0.0
PMT-404BD3B9,TR-86FA5751,GR0000000463,2023-06-30,2023-06-30,12970.0,Direct Debit,Paid,0.0
PMT-5DDE9410,TR-FAE4AE44,GR0000000463,2024-06-30,2024-06-30,7174.0,Online Payment,Paid,0.0
PMT-ABBB03DD,TR-61985378,GR0000000463,2025-06-30,2025-06-30,7845.0,Direct Debit,Paid,0.0
PMT-D57D8B5A,TR-58489938,GR0000000464,2023-06-30,2023-06-30,38237.0,Bank Transfer,Paid,0.0
PMT-BFAA5142,TR-4C0E3A24,GR0000000464,2024-06-30,2024-06-30,28418.0,Bank Transfer,Paid,0.0
PMT-8A82DE0B,TR-E4F68C25,GR0000000464,2025-06-30,2025-06-30,39562.0,Bank Transfer,Paid,0.0
PMT-3E955298,TR-FB69B4E7,GR0000000465,2023-06-30,2023-06-30,874627.0,Direct Debit,Paid,0.0
PMT-4061769D,TR-0FAEF726,GR0000000465,2024-06-30,2024-06-30,750194.0,Direct Debit,Paid,0.0
PMT-3298D952,TR-5DFA0AE8,GR0000000465,2025-06-30,2025-06-30,675976.0,Bank Transfer,Paid,0.0
PMT-2CCF0087,TR-2CAE6CA7,GR0000000466,2024-06-30,2024-06-30,2543.0,Direct Debit,Paid,0.0
PMT-5F15CECF,TR-D4E66ACC,GR0000000466,2025-06-30,2025-06-30,4926.0,Bank Transfer,Paid,0.0
PMT-BE48860C,TR-E3A05A0F,GR0000000467,2023-06-30,2023-06-30,69500.0,Bank Transfer,Paid,0.0
PMT-4A45D1C5,TR-9EFE3D8C,GR0000000467,2024-06-30,2024-06-30,76884.0,Direct Debit,Paid,0.0
PMT-5765FE93,TR-5F4649B3,GR0000000467,2025-06-30,2025-06-30,66642.0,Bank Transfer,Paid,0.0
PMT-AB799E69,TR-3BD0481C,GR0000000468,2023-06-30,2023-06-30,153523.0,Bank Transfer,Paid,0.0
PMT-5808BE88,TR-F3532CB9,GR0000000468,2024-06-30,2024-06-30,213426.0,Direct Debit,Paid,0.0
PMT-3582E55B,TR-3391663F,GR0000000468,2025-06-30,2025-06-30,132816.0,Direct Debit,Paid,0.0
PMT-D0F6A58E,TR-09A416B5,GR0000000469,2023-06-30,2023-06-30,548098.0,Bank Transfer,Paid,0.0
PMT-93AAD70D,TR-55D63A29,GR0000000469,2024-06-30,2024-06-30,390283.0,Direct Debit,Paid,0.0
PMT-5479E569,TR-9AF3DF7D,GR0000000469,2025-06-30,2025-06-30,438062.0,Direct Debit,Paid,0.0
PMT-9BB00D9A,TR-29EDCACB,GR0000000470,2023-06-30,2023-06-29,12764.0,Bank Transfer,Paid,0.0
PMT-9E2A9F27,TR-4333B469,GR0000000470,2024-06-30,2024-06-30,11654.0,Bank Transfer,Paid,0.0
PMT-6065DE6A,TR-8CD84149,GR0000000470,2025-06-30,2025-06-30,4865.0,Bank Transfer,Partial,0.0
PMT-2523363E,TR-D7AAD7DB,GR0000000471,2023-06-30,2023-06-30,674177.0,Bank Transfer,Paid,0.0
PMT-43DC1853,TR-A07C1542,GR0000000471,2024-06-30,2024-06-30,799775.0,Direct Debit,Paid,0.0
PMT-CC8BCE2F,TR-BEA57F12,GR0000000471,2025-06-30,2025-06-30,918607.0,Direct Debit,Paid,0.0
PMT-BB7BDEEB,TR-BF71406A,GR0000000472,2023-06-30,2023-06-30,29223.0,Bank Transfer,Paid,0.0
PMT-EF58DB3F,TR-625B6CD3,GR0000000472,2024-06-30,2024-06-30,12383.0,Bank Transfer,Paid,0.0
PMT-ED14EF97,TR-D4CAD930,GR0000000472,2025-06-30,2025-06-30,14615.0,Bank Transfer,Paid,0.0
PMT-5AC9A6AA,TR-E4074930,GR0000000473,2023-06-30,2023-06-30,2831839.0,Bank Transfer,Paid,0.0
PMT-0192E095,TR-D7CEEBB4,GR0000000473,2024-06-30,2024-06-30,6398567.0,Direct Debit,Paid,0.0
PMT-C598E06B,TR-549D4CCF,GR0000000473,2025-06-30,2025-06-30,5434131.0,Direct Debit,Paid,0.0
PMT-B6829BDA,TR-611A2BD3,GR0000000474,2023-06-30,2023-06-30,319488.0,Online Payment,Paid,0.0
PMT-C17AEED1,TR-B5AA4D27,GR0000000474,2024-06-30,2024-06-30,316356.0,Direct Debit,Paid,0.0
PMT-AD9540C0,TR-3A6876D3,GR0000000474,2025-06-30,2025-06-30,350352.0,Direct Debit,Paid,0.0
PMT-8C20F3C5,TR-A90CF748,GR0000000475,2023-06-30,2023-07-14,262473.0,Direct Debit,Paid,14.0
PMT-E284015C,TR-5F9EE727,GR0000000475,2024-06-30,,0.0,,Unpaid,
PMT-0E1C8665,TR-4BC6C0C8,GR0000000475,2025-06-30,2025-06-29,124433.0,Bank Transfer,Paid,0.0
PMT-ABE23913,TR-BF6ACFF0,GR0000000476,2023-06-30,2023-08-03,986.0,Bank Transfer,Paid,34.0
PMT-DBB50C2F,TR-2AE52E55,GR0000000476,2024-06-30,,0.0,,Unpaid,
PMT-DD436478,TR-72DE5F90,GR0000000476,2025-06-30,,0.0,,Unpaid,
PMT-613BB7FE,TR-BD902E1F,GR0000000477,2025-06-30,2025-06-30,10673.0,Bank Transfer,Paid,0.0
PMT-071B03FC,TR-B7508C0F,GR0000000478,2023-06-30,2023-06-30,15854500.0,Direct Debit,Paid,0.0
PMT-6C6F49B7,TR-2377EF7A,GR0000000478,2024-06-30,2024-06-30,14602299.0,Direct Debit,Paid,0.0
PMT-F39338AB,TR-D39CE828,GR0000000478,2025-06-30,2025-06-30,15386074.0,Direct Debit,Paid,0.0
PMT-6EC60A46,TR-F18B7E26,GR0000000479,2023-06-30,2023-06-30,42531.0,Direct Debit,Paid,0.0
PMT-323675F2,TR-9DAD8D08,GR0000000479,2024-06-30,2024-06-30,50858.0,Bank Transfer,Paid,0.0
PMT-EE5E5D49,TR-DE950A39,GR0000000479,2025-06-30,2025-06-30,14236.0,Direct Debit,Paid,0.0
PMT-F36BD0C2,TR-5A64775D,GR0000000480,2023-06-30,2023-06-30,3071.0,Bank Transfer,Paid,0.0
PMT-C5C52E21,TR-A937039B,GR0000000480,2024-06-30,2024-06-30,5167.0,Direct Debit,Paid,0.0
PMT-501B2850,TR-CB86F21D,GR0000000480,2025-06-30,2025-06-30,2068.0,Direct Debit,Paid,0.0
PMT-EEA3848B,TR-29913AF7,GR0000000481,2023-06-30,2023-06-30,64761.0,Bank Transfer,Paid,0.0
PMT-F4314167,TR-23965D2F,GR0000000481,2024-06-30,2024-06-30,56314.0,Online Payment,Paid,0.0
PMT-8088459F,TR-04CDD093,GR0000000481,2025-06-30,2025-06-30,21358.0,Bank Transfer,Paid,0.0
PMT-B76F650F,TR-50CC9143,GR0000000482,2023-06-30,2023-06-30,10013.0,Bank Transfer,Paid,0.0
PMT-CD6F837D,TR-30BEDD52,GR0000000482,2024-06-30,2024-06-30,11164.0,Bank Transfer,Partial,0.0
PMT-4AC8567C,TR-6597FFD1,GR0000000482,2025-06-30,2025-06-30,5349.0,Bank Transfer,Paid,0.0
PMT-B9B6E9D9,TR-4FEF54CB,GR0000000483,2023-06-30,2023-06-30,157303.0,Bank Transfer,Paid,0.0
PMT-C24B8925,TR-0B3065B3,GR0000000483,2024-06-30,2024-06-30,134632.0,Direct Debit,Paid,0.0
PMT-886CCC39,TR-2C5C82D3,GR0000000483,2025-06-30,2025-07-04,80122.0,Direct Debit,Paid,4.0
PMT-57B428D5,TR-16A53ACA,GR0000000484,2023-06-30,2023-08-09,561.0,Bank Transfer,Partial,40.0
PMT-682F8420,TR-539F35E7,GR0000000484,2024-06-30,2024-07-21,453.0,Other,Paid,21.0
PMT-3C43185D,TR-46B3D5BE,GR0000000484,2025-06-30,2025-07-30,3163.0,Bank Transfer,Paid,30.0
PMT-5734F9B6,TR-5D4BA564,GR0000000485,2023-06-30,,0.0,,Unpaid,
PMT-128CC275,TR-3C220C1C,GR0000000485,2024-06-30,2024-07-11,572232.0,Bank Transfer,Paid,11.0
PMT-4E06D509,TR-4B2DAA57,GR0000000485,2025-06-30,2025-06-30,312241.0,Bank Transfer,Paid,0.0
PMT-1BF02284,TR-0DC7D506,GR0000000486,2023-06-30,2023-06-30,45372.0,Direct Debit,Paid,0.0
PMT-766B3EF8,TR-8F1E06CD,GR0000000486,2024-06-30,2024-06-30,44139.0,Bank Transfer,Paid,0.0
PMT-E16EEEE6,TR-37388568,GR0000000486,2025-06-30,2025-07-01,22942.0,Direct Debit,Paid,1.0
PMT-E50E29E2,TR-CB9A0570,GR0000000487,2023-06-30,2023-06-30,27270.0,Online Payment,Paid,0.0
PMT-B1CE30A7,TR-C0C0CA87,GR0000000487,2024-06-30,2024-06-30,17741.0,Bank Transfer,Paid,0.0
PMT-07BAF7AC,TR-A692449E,GR0000000487,2025-06-30,2025-06-30,39293.0,Direct Debit,Paid,0.0
PMT-AC506793,TR-57594999,GR0000000488,2024-06-30,2024-06-30,32974.0,Direct Debit,Paid,0.0
PMT-D945CB2C,TR-BA350EA3,GR0000000488,2025-06-30,2025-06-30,50554.0,Online Payment,Paid,0.0
PMT-3803F4AD,TR-FC1031B1,GR0000000489,2023-06-30,2023-06-30,3249.0,Bank Transfer,Paid,0.0
PMT-7875C302,TR-FB80C545,GR0000000489,2024-06-30,2024-06-30,1727.0,Bank Transfer,Paid,0.0
PMT-A34063E5,TR-156D9118,GR0000000489,2025-06-30,2025-06-30,1387.0,Direct Debit,Paid,0.0
PMT-D9E7C44E,TR-C8F5A1B1,GR0000000490,2023-06-30,2023-06-30,1919.0,Bank Transfer,Paid,0.0
PMT-6330531F,TR-2992EE65,GR0000000490,2024-06-30,2024-06-30,3269.0,Bank Transfer,Paid,0.0
PMT-9E90E1B8,TR-900A1AF7,GR0000000490,2025-06-30,2025-06-30,3866.0,Bank Transfer,Paid,0.0
PMT-8A44ABE5,TR-932E1751,GR0000000491,2023-06-30,2023-06-30,26871.0,Bank Transfer,Paid,0.0
PMT-C5107467,TR-1C3DDB2B,GR0000000491,2024-06-30,2024-06-30,23306.0,Online Payment,Paid,0.0
PMT-7C9E7943,TR-E9FA0D3D,GR0000000491,2025-06-30,2025-06-30,12050.0,Bank Transfer,Paid,0.0
PMT-2C2ACB03,TR-3411C2F6,GR0000000492,2023-06-30,2023-07-19,2006.0,Bank Transfer,Paid,19.0
PMT-544B2E46,TR-7764B1D0,GR0000000492,2024-06-30,2024-06-27,1458.0,Bank Transfer,Paid,0.0
PMT-EBE7EB93,TR-5985352D,GR0000000492,2025-06-30,2025-06-27,710.0,Bank Transfer,Partial,0.0
PMT-50A7710C,TR-296844E8,GR0000000493,2023-06-30,2023-06-29,627797.0,Online Payment,Paid,0.0
PMT-18D854ED,TR-C886DE20,GR0000000493,2024-06-30,2024-07-05,182617.0,Direct Debit,Paid,5.0
PMT-0530B490,TR-4D92BC62,GR0000000493,2025-06-30,2025-07-10,118877.0,Bank Transfer,Paid,10.0
PMT-06112E95,TR-8501EE31,GR0000000494,2023-06-30,2023-06-30,844.0,Direct Debit,Partial,0.0
PMT-F06979D0,TR-7CABCB58,GR0000000494,2024-06-30,2024-06-30,1120.0,Direct Debit,Paid,0.0
PMT-FD5902C9,TR-6A251C62,GR0000000494,2025-06-30,2025-06-30,1497.0,Bank Transfer,Paid,0.0
PMT-6DC95718,TR-F4D91C4B,GR0000000495,2023-06-30,2023-06-30,816.0,Direct Debit,Paid,0.0
PMT-C6B501F8,TR-4A0A5B7F,GR0000000495,2024-06-30,2024-07-02,1989.0,Bank Transfer,Partial,2.0
PMT-040D9FEA,TR-934A4BCB,GR0000000495,2025-06-30,2025-06-30,1512.0,Direct Debit,Paid,0.0
PMT-400166C4,TR-2EBAB8BF,GR0000000496,2023-06-30,2023-06-30,2979266.0,Direct Debit,Partial,0.0
PMT-E0111BB1,TR-A65481AA,GR0000000496,2024-06-30,2024-06-30,3370854.0,Direct Debit,Paid,0.0
PMT-17C40D25,TR-4842BA58,GR0000000496,2025-06-30,2025-06-30,2666739.0,Bank Transfer,Paid,0.0
PMT-3270C312,TR-F4E269EB,GR0000000497,2023-06-30,2023-06-30,288942.0,Bank Transfer,Paid,0.0
PMT-2FE90846,TR-DFFD0E81,GR0000000497,2024-06-30,2024-06-30,268294.0,Bank Transfer,Paid,0.0
PMT-80452610,TR-EBABAE60,GR0000000497,2025-06-30,2025-06-30,296727.0,Direct Debit,Paid,0.0
PMT-6391712F,TR-DF8809BF,GR0000000498,2023-06-30,2023-06-30,400226.0,Direct Debit,Paid,0.0
PMT-AB988DEF,TR-946D94F4,GR0000000498,2024-06-30,2024-06-30,275005.0,Bank Transfer,Paid,0.0
PMT-07C4AD52,TR-4E4A0232,GR0000000498,2025-06-30,2025-06-30,426648.0,Direct Debit,Paid,0.0
PMT-A5AC3D8E,TR-81BA53F7,GR0000000499,2023-06-30,2023-06-30,42642.0,Direct Debit,Paid,0.0
PMT-79A88B06,TR-0908BBD9,GR0000000499,2024-06-30,2024-06-30,45260.0,Direct Debit,Paid,0.0
PMT-71F6CAF1,TR-E4C76DA4,GR0000000499,2025-06-30,2025-06-30,45598.0,Bank Transfer,Paid,0.0
PMT-18488856,TR-5C03EFAF,GR0000000500,2023-06-30,2023-07-05,128161.0,Direct Debit,Paid,5.0
PMT-B0F4BF1A,TR-20A818CF,GR0000000500,2024-06-30,2024-06-30,109040.0,Bank Transfer,Paid,0.0
PMT-31EFAC00,TR-E31834ED,GR0000000500,2025-06-30,2025-06-30,157752.0,Bank Transfer,Paid,0.0
PMT-E602628F,VAT-96AD43D0,GR0000000002,2022-04-30,2022-04-30,4362.0,Online Payment,Paid,0.0
PMT-D29B7345,VAT-A0A91BFA,GR0000000002,2022-07-31,2022-07-31,10603.0,Bank Transfer,Paid,0.0
PMT-4A69B9DF,VAT-8B9AECA0,GR0000000002,2022-10-31,2022-10-31,11253.0,Bank Transfer,Paid,0.0
PMT-61444EE1,VAT-835CF78D,GR0000000002,2023-01-31,2023-01-31,11251.0,Bank Transfer,Paid,0.0
PMT-8C89FA4E,VAT-EA96CE6D,GR0000000002,2023-04-30,2023-04-30,5244.0,Bank Transfer,Paid,0.0
PMT-55E2E95D,VAT-31DC6CB3,GR0000000002,2023-07-31,2023-07-31,23629.0,Direct Debit,Paid,0.0
PMT-CE13EE9D,VAT-2B6A5D70,GR0000000002,2023-10-31,2023-10-31,18586.0,Bank Transfer,Paid,0.0
PMT-743E2140,VAT-FBFF51B1,GR0000000002,2024-01-31,2024-01-31,14662.0,Bank Transfer,Paid,0.0
PMT-7F80E821,VAT-3C384CDB,GR0000000002,2024-04-30,2024-04-30,7399.0,Bank Transfer,Paid,0.0
PMT-D384E2F7,VAT-21B6FD53,GR0000000002,2024-07-31,2024-07-31,23167.0,Direct Debit,Paid,0.0
PMT-166CB54D,VAT-0E3A759C,GR0000000002,2024-10-31,2024-10-31,16935.0,Bank Transfer,Paid,0.0
PMT-AD1F921F,VAT-FC65E14B,GR0000000002,2025-01-31,2025-02-02,14510.0,Direct Debit,Partial,2.0
PMT-92BC38CD,VAT-75F5FE2F,GR0000000003,2022-04-30,2022-04-30,57785.0,Direct Debit,Paid,0.0
PMT-889C6058,VAT-0DBEC347,GR0000000003,2022-07-31,2022-07-31,63024.0,Bank Transfer,Paid,0.0
PMT-A0E79BD0,VAT-DD5D5B08,GR0000000003,2022-10-31,2022-10-31,64779.0,Other,Partial,0.0
PMT-45C05C7B,VAT-76068044,GR0000000003,2023-01-31,2023-01-31,65302.0,Direct Debit,Paid,0.0
PMT-6CCBD00A,VAT-B119DAB0,GR0000000003,2023-04-30,2023-04-30,37024.0,Bank Transfer,Paid,0.0
PMT-EC09E8CC,VAT-B31741F8,GR0000000003,2023-07-31,2023-07-31,28544.0,Bank Transfer,Paid,0.0
PMT-2E8DBD29,VAT-A813D1C8,GR0000000003,2023-10-31,2023-10-31,30072.0,Bank Transfer,Paid,0.0
PMT-3049485E,VAT-E9FCC7A6,GR0000000003,2024-01-31,2024-01-31,36937.0,Bank Transfer,Paid,0.0
PMT-9BAD8DAF,VAT-F6FAE2C1,GR0000000003,2024-04-30,2024-04-30,46833.0,Bank Transfer,Paid,0.0
PMT-0E790E5D,VAT-2317D80B,GR0000000003,2024-07-31,2024-07-31,41436.0,Direct Debit,Paid,0.0
PMT-2369CD54,VAT-2C75A1EE,GR0000000003,2024-10-31,2024-11-02,51387.0,Bank Transfer,Paid,2.0
PMT-A5FBA440,VAT-EA6F353A,GR0000000003,2025-01-31,2025-01-31,48537.0,Online Payment,Paid,0.0
PMT-614AE652,VAT-5F2B98AC,GR0000000004,2022-04-30,2022-04-30,19589.0,Direct Debit,Paid,0.0
PMT-E2FCBE16,VAT-DD12FF31,GR0000000004,2022-07-31,2022-07-31,22398.0,Direct Debit,Paid,0.0
PMT-2656D7D2,VAT-5D3DAD6F,GR0000000004,2022-10-31,2022-10-31,24643.0,Bank Transfer,Paid,0.0
PMT-E9302FF7,VAT-680ED98F,GR0000000004,2023-01-31,2023-02-02,23796.0,Direct Debit,Paid,2.0
PMT-D8D6532F,VAT-97C22319,GR0000000004,2023-04-30,2023-04-30,36861.0,Direct Debit,Paid,0.0
PMT-4951B4E3,VAT-72FBE8A8,GR0000000004,2023-07-31,2023-07-31,42342.0,Bank Transfer,Paid,0.0
PMT-0C5C38A8,VAT-5BB58E06,GR0000000004,2023-10-31,2023-10-31,45454.0,Bank Transfer,Paid,0.0
PMT-51809648,VAT-0455B252,GR0000000004,2024-01-31,2024-01-31,45806.0,Direct Debit,Paid,0.0
PMT-408E5A94,VAT-5363DD51,GR0000000004,2024-04-30,2024-04-30,26992.0,Direct Debit,Paid,0.0
PMT-18D04BAC,VAT-5841110F,GR0000000004,2024-07-31,2024-07-31,23935.0,Bank Transfer,Paid,0.0
PMT-E0DDFDAF,VAT-5C616DB6,GR0000000004,2024-10-31,2024-10-31,19245.0,Bank Transfer,Partial,0.0
PMT-C188E930,VAT-D948EC91,GR0000000004,2025-01-31,2025-01-31,27272.0,Bank Transfer,Paid,0.0
PMT-1985AE38,VAT-D5B3993C,GR0000000005,2022-04-30,2022-04-30,5249.0,Bank Transfer,Paid,0.0
PMT-97808A1C,VAT-1D78DCA7,GR0000000005,2022-07-31,2022-07-31,779.0,Bank Transfer,Paid,0.0
PMT-D3F2B9A6,VAT-795298CB,GR0000000005,2022-10-31,2022-10-31,5457.0,Direct Debit,Partial,0.0
PMT-8C1435EE,VAT-6F19FFB6,GR0000000005,2023-01-31,2023-01-31,267.0,Bank Transfer,Paid,0.0
PMT-FC07B149,VAT-62473400,GR0000000005,2023-04-30,2023-04-30,465.0,Bank Transfer,Paid,0.0
PMT-873E93D5,VAT-CC207B57,GR0000000005,2023-07-31,2023-07-31,48.0,Bank Transfer,Paid,0.0
PMT-08ABE2E4,VAT-2EF807BB,GR0000000005,2023-10-31,2023-10-31,2493.0,Direct Debit,Paid,0.0
PMT-9E122128,VAT-53B32835,GR0000000005,2024-01-31,2024-01-31,3547.0,Bank Transfer,Paid,0.0
PMT-12A10C31,VAT-ECF7A403,GR0000000005,2024-04-30,2024-04-30,6581.0,Bank Transfer,Paid,0.0
PMT-7DBE0A33,VAT-F135F418,GR0000000005,2024-07-31,2024-07-31,4768.0,Bank Transfer,Paid,0.0
PMT-948C8173,VAT-94353A6C,GR0000000005,2024-10-31,2024-10-31,4675.0,Online Payment,Paid,0.0
PMT-707C933D,VAT-644E2756,GR0000000005,2025-01-31,2025-01-31,3964.0,Direct Debit,Paid,0.0
PMT-011A7019,VAT-C7438751,GR0000000010,2022-04-30,2022-04-30,795719.0,Bank Transfer,Paid,0.0
PMT-A9A863EA,VAT-D70518F1,GR0000000010,2022-07-31,2022-07-31,434491.0,Bank Transfer,Paid,0.0
PMT-1C5A3AA2,VAT-F6000FA8,GR0000000010,2022-10-31,2022-10-31,453942.0,Bank Transfer,Paid,0.0
PMT-8F601789,VAT-0BFE17D3,GR0000000010,2023-01-31,2023-01-31,367384.0,Direct Debit,Paid,0.0
PMT-343210F6,VAT-D95268B5,GR0000000010,2023-04-30,2023-04-30,441672.0,Bank Transfer,Paid,0.0
PMT-CE673245,VAT-58E671CA,GR0000000010,2023-07-31,2023-07-31,337053.0,Bank Transfer,Paid,0.0
PMT-7A11DBE1,VAT-9A81C68D,GR0000000010,2023-10-31,2023-10-31,527642.0,Bank Transfer,Paid,0.0
PMT-25531A00,VAT-3FC47483,GR0000000010,2024-01-31,2024-01-31,383510.0,Bank Transfer,Paid,0.0
PMT-4155C696,VAT-8C0D8438,GR0000000010,2024-04-30,2024-04-30,807104.0,Direct Debit,Paid,0.0
PMT-42A62FCA,VAT-26E9910A,GR0000000010,2024-07-31,2024-07-31,597028.0,Bank Transfer,Paid,0.0
PMT-8700E6AF,VAT-52623EE9,GR0000000010,2024-10-31,2024-10-31,535928.0,Bank Transfer,Paid,0.0
PMT-082EF21F,VAT-F8056B75,GR0000000010,2025-01-31,2025-01-31,653945.0,Direct Debit,Partial,0.0
PMT-0D43F6BD,VAT-B2DAD306,GR0000000016,2022-04-30,2022-04-30,174116.0,Bank Transfer,Paid,0.0
PMT-D86A3C3E,VAT-14756EBB,GR0000000016,2022-07-31,2022-07-31,158451.0,Bank Transfer,Paid,0.0
PMT-E6AECFE9,VAT-1C127804,GR0000000016,2022-10-31,2022-10-31,157652.0,Bank Transfer,Paid,0.0
PMT-186026C8,VAT-9B3E0B53,GR0000000016,2023-01-31,2023-01-31,178808.0,Bank Transfer,Paid,0.0
PMT-EEE25643,VAT-7CCFD4FF,GR0000000016,2023-04-30,2023-04-30,151178.0,Bank Transfer,Paid,0.0
PMT-26414605,VAT-A5700743,GR0000000016,2023-07-31,2023-07-31,120902.0,Bank Transfer,Paid,0.0
PMT-48B6F085,VAT-2C556C68,GR0000000016,2023-10-31,2023-10-31,159221.0,Bank Transfer,Paid,0.0
PMT-407A518C,VAT-FAE6D4C5,GR0000000016,2024-01-31,2024-01-31,153057.0,Other,Paid,0.0
PMT-EA717821,VAT-D025D828,GR0000000016,2024-04-30,2024-04-30,136486.0,Bank Transfer,Paid,0.0
PMT-EDCF63BC,VAT-3D9B975D,GR0000000016,2024-07-31,2024-07-31,162552.0,Bank Transfer,Paid,0.0
PMT-C2A5C78A,VAT-D793A709,GR0000000016,2024-10-31,2024-10-31,138638.0,Bank Transfer,Paid,0.0
PMT-E509A3A9,VAT-2C5B7428,GR0000000016,2025-01-31,2025-01-31,147698.0,Direct Debit,Partial,0.0
PMT-1781172C,VAT-C67DE5F8,GR0000000017,2023-04-30,2023-04-30,21057.0,Bank Transfer,Paid,0.0
PMT-820ED21A,VAT-F447CB96,GR0000000017,2023-07-31,2023-08-02,27346.0,Direct Debit,Paid,2.0
PMT-CA49A138,VAT-C68EB25D,GR0000000017,2023-10-31,2023-10-31,27320.0,Direct Debit,Paid,0.0
PMT-07F5C7A4,VAT-54F6185C,GR0000000017,2024-01-31,2024-01-31,33780.0,Bank Transfer,Paid,0.0
PMT-239116DC,VAT-C01C890E,GR0000000017,2024-04-30,2024-04-30,12701.0,Online Payment,Paid,0.0
PMT-EA009432,VAT-911989C8,GR0000000017,2024-07-31,2024-07-31,16044.0,Direct Debit,Paid,0.0
PMT-1AE9C898,VAT-95981E16,GR0000000017,2024-10-31,2024-10-31,16272.0,Bank Transfer,Paid,0.0
PMT-C905B1BA,VAT-C9705136,GR0000000017,2025-01-31,2025-01-31,18500.0,Bank Transfer,Paid,0.0
PMT-58DF316D,VAT-9BC9782F,GR0000000020,2022-04-30,2022-04-30,1717619.0,Other,Paid,0.0
PMT-E69D9C6B,VAT-7C2290E9,GR0000000020,2022-07-31,2022-07-30,2029513.0,Bank Transfer,Paid,0.0
PMT-2666E555,VAT-0718A6EE,GR0000000020,2022-10-31,2022-10-30,1903885.0,Direct Debit,Paid,0.0
PMT-A9A6AD4D,VAT-D8D38C7B,GR0000000020,2023-01-31,2023-01-31,1464535.0,Bank Transfer,Partial,0.0
PMT-03AFFFC4,VAT-F826412A,GR0000000020,2023-04-30,2023-05-08,1953969.0,Bank Transfer,Partial,8.0
PMT-57D15A46,VAT-9B4AE517,GR0000000020,2023-07-31,2023-08-04,2901516.0,Bank Transfer,Paid,4.0
PMT-A9CCA1BE,VAT-8328EF2D,GR0000000020,2023-10-31,,0.0,,Unpaid,
PMT-B9E641A5,VAT-19576E85,GR0000000020,2024-01-31,2024-01-30,2659247.0,Other,Partial,0.0
PMT-4355861E,VAT-D3CBBC99,GR0000000020,2024-04-30,2024-04-30,2305515.0,Bank Transfer,Paid,0.0
PMT-3B2636F8,VAT-CFCAD39C,GR0000000020,2024-07-31,2024-07-31,2228212.0,Bank Transfer,Paid,0.0
PMT-551979FB,VAT-F0B9867C,GR0000000020,2024-10-31,2024-10-30,2052855.0,Direct Debit,Paid,0.0
PMT-AC2B144A,VAT-10C47496,GR0000000020,2025-01-31,2025-01-31,2470800.0,Bank Transfer,Paid,0.0
PMT-6D4DE5B0,VAT-78049DDB,GR0000000021,2022-04-30,2022-04-30,67185.0,Bank Transfer,Paid,0.0
PMT-D48E6CFC,VAT-7E4F7914,GR0000000021,2022-07-31,2022-07-31,325592.0,Direct Debit,Paid,0.0
PMT-48AADC64,VAT-A851F21D,GR0000000021,2022-10-31,2022-10-31,244032.0,Bank Transfer,Paid,0.0
PMT-74726574,VAT-BC6CF8E3,GR0000000021,2023-01-31,2023-01-31,234872.0,Bank Transfer,Paid,0.0
PMT-1ED01CFE,VAT-F95A4F02,GR0000000021,2023-04-30,2023-04-30,104353.0,Bank Transfer,Paid,0.0
PMT-152A48F8,VAT-5684A2FC,GR0000000021,2023-07-31,2023-07-31,216453.0,Direct Debit,Paid,0.0
PMT-30037E3C,VAT-3818E07A,GR0000000021,2023-10-31,2023-10-31,221303.0,Bank Transfer,Paid,0.0
PMT-4F13FF4B,VAT-42F483AA,GR0000000021,2024-01-31,2024-01-31,142439.0,Direct Debit,Paid,0.0
PMT-D17CD8F7,VAT-157FCD4E,GR0000000021,2024-04-30,2024-04-30,152679.0,Direct Debit,Paid,0.0
PMT-61E1627F,VAT-42200BCA,GR0000000021,2024-07-31,2024-07-31,553866.0,Direct Debit,Partial,0.0
PMT-1E972BA5,VAT-C1E5F4A5,GR0000000021,2024-10-31,2024-10-31,869787.0,Direct Debit,Paid,0.0
PMT-AE1CD29D,VAT-911F8BCF,GR0000000021,2025-01-31,2025-01-31,404504.0,Bank Transfer,Paid,0.0
PMT-303D41CF,VAT-6CFB23EA,GR0000000022,2022-04-30,2022-04-30,202878.0,Bank Transfer,Paid,0.0
PMT-D6B8F419,VAT-E82C8FE0,GR0000000022,2022-07-31,2022-07-31,343646.0,Direct Debit,Paid,0.0
PMT-CB21AC2F,VAT-CFA33D22,GR0000000022,2022-10-31,2022-10-31,310392.0,Bank Transfer,Paid,0.0
PMT-A3FDDF58,VAT-54E27105,GR0000000022,2023-01-31,2023-01-31,270611.0,Bank Transfer,Paid,0.0
PMT-21880E75,VAT-FCE42C93,GR0000000022,2023-04-30,2023-04-30,378307.0,Direct Debit,Paid,0.0
PMT-4C8A9FE9,VAT-1505EFDB,GR0000000022,2023-07-31,2023-07-31,282896.0,Bank Transfer,Paid,0.0
PMT-40573936,VAT-964A2C95,GR0000000022,2023-10-31,2023-10-31,329665.0,Bank Transfer,Paid,0.0
PMT-8C691F03,VAT-2830188A,GR0000000022,2024-01-31,2024-01-31,434824.0,Online Payment,Paid,0.0
PMT-A36A4B9B,VAT-7B301876,GR0000000022,2024-04-30,2024-04-30,630259.0,Direct Debit,Paid,0.0
PMT-F112B511,VAT-E95A9324,GR0000000022,2024-07-31,2024-07-31,388603.0,Direct Debit,Paid,0.0
PMT-CCE6831F,VAT-ABA4E2B5,GR0000000022,2024-10-31,2024-10-31,187110.0,Direct Debit,Paid,0.0
PMT-A0DB83C3,VAT-7019DCE7,GR0000000022,2025-01-31,2025-01-31,731856.0,Direct Debit,Paid,0.0
PMT-59E1F35A,VAT-F513A2DD,GR0000000025,2022-04-30,2022-04-30,36403.0,Online Payment,Paid,0.0
PMT-FB26721F,VAT-44D1F0F7,GR0000000025,2022-07-31,2022-08-01,48996.0,Bank Transfer,Paid,1.0
PMT-8AD05AC2,VAT-DC85F8DF,GR0000000025,2022-10-31,2022-10-31,48926.0,Bank Transfer,Paid,0.0
PMT-A7774116,VAT-583281B3,GR0000000025,2023-01-31,2023-01-31,39577.0,Bank Transfer,Paid,0.0
PMT-7A28B3C2,VAT-AB4DB075,GR0000000025,2023-04-30,2023-04-30,20073.0,Direct Debit,Partial,0.0
PMT-A786DD47,VAT-C0EBEA34,GR0000000025,2023-07-31,2023-07-31,27862.0,Direct Debit,Paid,0.0
PMT-4F213745,VAT-2F1AF99E,GR0000000025,2023-10-31,2023-10-31,23900.0,Bank Transfer,Paid,0.0
PMT-B3F8E44B,VAT-8E96EA49,GR0000000025,2024-01-31,2024-01-31,29078.0,Bank Transfer,Paid,0.0
PMT-143B8314,VAT-E3E91879,GR0000000025,2024-04-30,2024-04-30,23668.0,Online Payment,Paid,0.0
PMT-A1B4996D,VAT-18108A8F,GR0000000025,2024-07-31,2024-07-31,19886.0,Direct Debit,Paid,0.0
PMT-27315E26,VAT-5E751225,GR0000000025,2024-10-31,2024-10-31,23540.0,Direct Debit,Paid,0.0
PMT-D8B62122,VAT-5DFAABD6,GR0000000025,2025-01-31,2025-01-31,22421.0,Bank Transfer,Paid,0.0
PMT-4E41669C,VAT-D658B6F2,GR0000000026,2022-04-30,2022-04-30,1541.0,Bank Transfer,Paid,0.0
PMT-7E7CF839,VAT-6B277B1B,GR0000000026,2022-07-31,2022-07-31,7228.0,Bank Transfer,Paid,0.0
PMT-EBA71E9C,VAT-18935233,GR0000000026,2022-10-31,2022-10-31,9907.0,Bank Transfer,Paid,0.0
PMT-08578CD2,VAT-33426BC0,GR0000000026,2023-01-31,2023-01-31,3697.0,Bank Transfer,Paid,0.0
PMT-A6ACF0AF,VAT-8E6ABD20,GR0000000026,2023-04-30,2023-05-02,1227.0,Direct Debit,Paid,2.0
PMT-BB04F905,VAT-510EE1FD,GR0000000026,2023-07-31,2023-07-31,3310.0,Online Payment,Paid,0.0
PMT-C3FAAEAC,VAT-D8542032,GR0000000026,2023-10-31,2023-10-31,3115.0,Bank Transfer,Paid,0.0
PMT-AD1BFD96,VAT-BD97AAE5,GR0000000026,2024-01-31,2024-01-31,5087.0,Bank Transfer,Paid,0.0
PMT-09E72EFD,VAT-A0F28DAA,GR0000000026,2024-04-30,2024-04-30,17168.0,Bank Transfer,Paid,0.0
PMT-DADA83F1,VAT-AD14D8BE,GR0000000026,2024-07-31,2024-07-31,17785.0,Bank Transfer,Paid,0.0
PMT-09829482,VAT-582173D3,GR0000000026,2024-10-31,2024-10-31,14029.0,Direct Debit,Paid,0.0
PMT-D43F9B6C,VAT-91C6D911,GR0000000026,2025-01-31,2025-01-31,7158.0,Bank Transfer,Paid,0.0
PMT-ED197994,VAT-D6BFCAEB,GR0000000027,2022-04-30,2022-04-30,11041.0,Bank Transfer,Paid,0.0
PMT-56B4C0C1,VAT-64745664,GR0000000027,2022-07-31,2022-07-31,23854.0,Bank Transfer,Paid,0.0
PMT-04375AF3,VAT-5B2052A9,GR0000000027,2022-10-31,2022-10-31,21130.0,Bank Transfer,Paid,0.0
PMT-C8A8D4DC,VAT-BC3D70B4,GR0000000027,2023-01-31,2023-01-31,12139.0,Online Payment,Paid,0.0
PMT-83977221,VAT-9F52E69D,GR0000000027,2023-04-30,2023-04-30,6480.0,Direct Debit,Paid,0.0
PMT-7676C5BC,VAT-8BE26457,GR0000000027,2023-07-31,2023-07-31,9522.0,Direct Debit,Paid,0.0
PMT-D84AACE5,VAT-78CE52EB,GR0000000027,2023-10-31,2023-10-31,16670.0,Bank Transfer,Paid,0.0
PMT-2C3E27E2,VAT-5CE76AB2,GR0000000027,2024-01-31,2024-01-31,5805.0,Bank Transfer,Paid,0.0
PMT-F97780BB,VAT-F26F66C1,GR0000000027,2024-04-30,2024-04-30,4330.0,Bank Transfer,Paid,0.0
PMT-EE84BD0C,VAT-53DD4B77,GR0000000027,2024-07-31,2024-07-31,19739.0,Online Payment,Paid,0.0
PMT-E8C4ED8A,VAT-DAF10524,GR0000000027,2024-10-31,2024-10-31,19958.0,Bank Transfer,Paid,0.0
PMT-EA161BAC,VAT-99D5EEC0,GR0000000027,2025-01-31,2025-01-31,14413.0,Bank Transfer,Paid,0.0
PMT-1B5AEBC0,VAT-7A2758DA,GR0000000028,2022-04-30,2022-04-30,29131.0,Bank Transfer,Paid,0.0
PMT-A0C58A40,VAT-323B9CE4,GR0000000028,2022-07-31,2022-07-31,24102.0,Bank Transfer,Paid,0.0
PMT-5EAEC609,VAT-7626D497,GR0000000028,2022-10-31,2022-10-31,27755.0,Direct Debit,Paid,0.0
PMT-EF84A4E5,VAT-61EEAE3C,GR0000000028,2023-01-31,2023-01-31,36220.0,Bank Transfer,Paid,0.0
PMT-AC9CA861,VAT-BDA891CA,GR0000000028,2023-04-30,2023-04-30,56355.0,Direct Debit,Paid,0.0
PMT-53BA6349,VAT-40988484,GR0000000028,2023-07-31,2023-07-31,55065.0,Bank Transfer,Paid,0.0
PMT-57DB72A8,VAT-859A738F,GR0000000028,2023-10-31,2023-10-31,56125.0,Bank Transfer,Paid,0.0
PMT-F6BDDCBE,VAT-E1BEB277,GR0000000028,2024-01-31,2024-01-31,57310.0,Bank Transfer,Partial,0.0
PMT-DD5E3582,VAT-4D72E77A,GR0000000028,2024-04-30,2024-04-30,56772.0,Bank Transfer,Paid,0.0
PMT-EB9A38AF,VAT-5BFAB75E,GR0000000028,2024-07-31,2024-07-31,63634.0,Direct Debit,Paid,0.0
PMT-725625C1,VAT-357ED9D8,GR0000000028,2024-10-31,2024-10-31,63374.0,Direct Debit,Paid,0.0
PMT-F13DCA82,VAT-AC04B192,GR0000000028,2025-01-31,2025-02-04,70550.0,Direct Debit,Paid,4.0
PMT-29DA6329,VAT-6D6B52A2,GR0000000032,2022-04-30,2022-04-30,19872.0,Bank Transfer,Paid,0.0
PMT-75C5F712,VAT-EE2605A2,GR0000000032,2022-07-31,2022-07-31,253159.0,Bank Transfer,Paid,0.0
PMT-E4E1D2E8,VAT-4984244A,GR0000000032,2022-10-31,2022-10-31,184919.0,Direct Debit,Paid,0.0
PMT-AF1164AB,VAT-D92B9B67,GR0000000032,2023-04-30,2023-04-30,40242.0,Bank Transfer,Paid,0.0
PMT-9C86F7DD,VAT-D9C2B1C5,GR0000000032,2023-07-31,2023-07-31,255041.0,Bank Transfer,Paid,0.0
PMT-6507A678,VAT-583FF11E,GR0000000032,2024-01-31,2024-01-31,215012.0,Direct Debit,Paid,0.0
PMT-B1CD7C5B,VAT-0087678E,GR0000000032,2024-04-30,2024-04-30,365757.0,Direct Debit,Paid,0.0
PMT-7C34151D,VAT-6D74A04E,GR0000000032,2024-10-31,2024-10-31,429384.0,Direct Debit,Paid,0.0
PMT-DB5B6B1A,VAT-D0E2E29E,GR0000000033,2022-04-30,2022-04-30,1276028.0,Direct Debit,Paid,0.0
PMT-0B123D2F,VAT-E4421076,GR0000000033,2022-07-31,2022-07-31,1252159.0,Bank Transfer,Paid,0.0
PMT-36CAF385,VAT-E61461A7,GR0000000033,2022-10-31,2022-10-31,1017661.0,Direct Debit,Paid,0.0
PMT-8EC9D77C,VAT-75F55D22,GR0000000033,2023-01-31,2023-01-31,1231088.0,Bank Transfer,Paid,0.0
PMT-60D9CE13,VAT-F47B03BF,GR0000000033,2023-04-30,2023-04-30,1779356.0,Bank Transfer,Paid,0.0
PMT-E20BBF0E,VAT-18861066,GR0000000033,2023-07-31,2023-07-31,1933726.0,Direct Debit,Paid,0.0
PMT-46927375,VAT-A92D1BF0,GR0000000033,2023-10-31,2023-10-31,1850975.0,Bank Transfer,Paid,0.0
PMT-E0593A82,VAT-B3909125,GR0000000033,2024-01-31,2024-01-31,2038523.0,Direct Debit,Paid,0.0
PMT-66DA7876,VAT-EBDA9062,GR0000000033,2024-04-30,2024-04-30,1057085.0,Bank Transfer,Paid,0.0
PMT-1B2C422D,VAT-55E269F5,GR0000000033,2024-07-31,2024-07-31,1003597.0,Direct Debit,Paid,0.0
PMT-D8E64594,VAT-F45F643B,GR0000000033,2024-10-31,2024-10-31,1117195.0,Bank Transfer,Paid,0.0
PMT-977C085E,VAT-570B8291,GR0000000033,2025-01-31,2025-01-31,1113510.0,Direct Debit,Paid,0.0
PMT-F21246D7,VAT-AEA7B2FC,GR0000000036,2022-04-30,2022-04-30,225459.0,Bank Transfer,Paid,0.0
PMT-2342A01B,VAT-5D8A8F9C,GR0000000036,2022-07-31,2022-07-31,209702.0,Bank Transfer,Paid,0.0
PMT-4D6E0A84,VAT-D9B5AE09,GR0000000036,2022-10-31,2022-11-05,248430.0,Bank Transfer,Paid,5.0
PMT-9B7C0C9B,VAT-1451F7B5,GR0000000036,2023-01-31,2023-01-31,235069.0,Direct Debit,Paid,0.0
PMT-CF31A600,VAT-D9DCF684,GR0000000036,2023-04-30,2023-04-30,202143.0,Online Payment,Paid,0.0
PMT-6BB24081,VAT-CEA2668F,GR0000000036,2023-07-31,2023-07-31,173785.0,Bank Transfer,Paid,0.0
PMT-7F08E6DF,VAT-60B58A20,GR0000000036,2023-10-31,2023-10-31,145771.0,Bank Transfer,Paid,0.0
PMT-305A7D6A,VAT-53BAB4BE,GR0000000036,2024-01-31,2024-01-31,160326.0,Bank Transfer,Paid,0.0
PMT-F4DA8689,VAT-92DFD0F2,GR0000000036,2024-04-30,2024-04-30,254562.0,Online Payment,Paid,0.0
PMT-C90BE90F,VAT-067CA7DA,GR0000000036,2024-07-31,2024-07-31,220871.0,Bank Transfer,Paid,0.0
PMT-E665F507,VAT-AA23AA2B,GR0000000036,2024-10-31,2024-10-31,293571.0,Bank Transfer,Paid,0.0
PMT-2314743B,VAT-A39CCF86,GR0000000036,2025-01-31,2025-01-31,236615.0,Direct Debit,Paid,0.0
PMT-FC2C9386,VAT-C2212247,GR0000000037,2022-04-30,2022-04-30,47077.0,Bank Transfer,Paid,0.0
PMT-F5EE3B59,VAT-D08B67C1,GR0000000037,2022-07-31,2022-07-31,53527.0,Direct Debit,Paid,0.0
PMT-2472FD59,VAT-9821A088,GR0000000037,2022-10-31,2022-10-31,53124.0,Bank Transfer,Paid,0.0
PMT-D3921A80,VAT-751538CF,GR0000000037,2023-01-31,2023-01-31,48890.0,Bank Transfer,Paid,0.0
PMT-B19DA2BB,VAT-36BD5416,GR0000000037,2023-04-30,2023-04-30,39291.0,Direct Debit,Paid,0.0
PMT-56B0C1DE,VAT-F6692107,GR0000000037,2023-07-31,2023-07-31,42765.0,Online Payment,Paid,0.0
PMT-048CD8A8,VAT-904BFECC,GR0000000037,2023-10-31,2023-10-31,28645.0,Bank Transfer,Paid,0.0
PMT-EBD3E875,VAT-8DFE76EF,GR0000000037,2024-01-31,2024-01-31,41593.0,Bank Transfer,Paid,0.0
PMT-E17EB4A7,VAT-54E20EF7,GR0000000037,2024-04-30,2024-04-30,32451.0,Direct Debit,Paid,0.0
PMT-F8EE20AE,VAT-7A9EBFCF,GR0000000037,2024-07-31,2024-07-31,37482.0,Bank Transfer,Paid,0.0
PMT-4D0D4375,VAT-677BF424,GR0000000037,2024-10-31,2024-10-31,36807.0,Direct Debit,Paid,0.0
PMT-8C111809,VAT-AA869D67,GR0000000037,2025-01-31,2025-01-31,40254.0,Direct Debit,Paid,0.0
PMT-35970CD5,VAT-563AA838,GR0000000039,2022-04-30,2022-04-29,3502.0,Bank Transfer,Paid,0.0
PMT-3FCDC38D,VAT-0EAE7302,GR0000000039,2022-07-31,2022-07-31,4592.0,Bank Transfer,Paid,0.0
PMT-BE4ABDD4,VAT-8E462F19,GR0000000039,2022-10-31,2022-10-31,2626.0,Online Payment,Paid,0.0
PMT-397FDD32,VAT-654B71D2,GR0000000039,2023-01-31,2023-02-04,2985.0,Direct Debit,Paid,4.0
PMT-AA47C561,VAT-C9D5CB52,GR0000000039,2023-04-30,2023-05-13,879.0,Bank Transfer,Paid,13.0
PMT-EE362086,VAT-C81A7B49,GR0000000039,2023-07-31,2023-07-30,679.0,Online Payment,Paid,0.0
PMT-3C94F20E,VAT-68531BC2,GR0000000039,2023-10-31,2023-10-30,621.0,Online Payment,Paid,0.0
PMT-79E7313A,VAT-064BB36A,GR0000000039,2024-01-31,2024-02-07,829.0,Bank Transfer,Paid,7.0
PMT-774F18A5,VAT-056EFAFE,GR0000000039,2024-04-30,2024-04-29,926.0,Direct Debit,Paid,0.0
PMT-27DC3D8C,VAT-F1F7B832,GR0000000039,2024-07-31,2024-07-31,980.0,Bank Transfer,Paid,0.0
PMT-2B0C4B28,VAT-8B4E3258,GR0000000039,2024-10-31,2024-10-31,808.0,Online Payment,Paid,0.0
PMT-9978522E,VAT-6ADDE973,GR0000000039,2025-01-31,2025-01-30,661.0,Bank Transfer,Partial,0.0
PMT-C5C16203,VAT-D98B17BD,GR0000000041,2022-04-30,2022-04-30,4651.0,Bank Transfer,Paid,0.0
PMT-13453022,VAT-1A7B3EF2,GR0000000041,2022-07-31,2022-07-31,4812.0,Direct Debit,Paid,0.0
PMT-D8C5FEDC,VAT-D5C5BE42,GR0000000041,2022-10-31,2022-10-31,5723.0,Bank Transfer,Paid,0.0
PMT-9BC35BEB,VAT-11607523,GR0000000041,2023-01-31,2023-01-31,5396.0,Direct Debit,Paid,0.0
PMT-8BC7BB05,VAT-A942DAC8,GR0000000041,2023-04-30,2023-04-30,1634.0,Direct Debit,Paid,0.0
PMT-55897D0D,VAT-188AA465,GR0000000041,2023-07-31,2023-07-31,1374.0,Bank Transfer,Paid,0.0
PMT-F67EFF00,VAT-B479B850,GR0000000041,2023-10-31,2023-10-31,1487.0,Bank Transfer,Paid,0.0
PMT-FB201A05,VAT-9A0CD56C,GR0000000041,2024-01-31,2024-01-31,1293.0,Bank Transfer,Paid,0.0
PMT-52E83267,VAT-5AAF4AF8,GR0000000041,2024-04-30,2024-04-30,2019.0,Direct Debit,Paid,0.0
PMT-FEA486C2,VAT-2D7AB4A5,GR0000000041,2024-07-31,2024-07-31,2021.0,Direct Debit,Paid,0.0
PMT-A47607EC,VAT-5215A782,GR0000000041,2024-10-31,2024-10-31,1847.0,Direct Debit,Paid,0.0
PMT-CF67685A,VAT-336CCE31,GR0000000041,2025-01-31,2025-01-31,2230.0,Direct Debit,Paid,0.0
PMT-C19729BF,VAT-15FB5778,GR0000000042,2024-04-30,2024-04-30,77639.0,Bank Transfer,Paid,0.0
PMT-BBF8A025,VAT-AC272827,GR0000000042,2024-07-31,2024-07-31,80496.0,Bank Transfer,Paid,0.0
PMT-5F9C84E8,VAT-FB64A39B,GR0000000042,2024-10-31,2024-10-31,74362.0,Online Payment,Paid,0.0
PMT-C94012F6,VAT-ECBC3D00,GR0000000042,2025-01-31,2025-01-31,114285.0,Bank Transfer,Paid,0.0
PMT-228E7C27,VAT-5ED3715B,GR0000000043,2022-04-30,2022-04-30,161584.0,Bank Transfer,Paid,0.0
PMT-537A1746,VAT-03AB6CC7,GR0000000043,2022-07-31,2022-07-31,163029.0,Bank Transfer,Paid,0.0
PMT-97A74326,VAT-DFF3149B,GR0000000043,2022-10-31,2022-10-31,137590.0,Online Payment,Paid,0.0
PMT-90CC0F44,VAT-673C4AB5,GR0000000043,2023-01-31,2023-01-31,181772.0,Bank Transfer,Paid,0.0
PMT-7381D100,VAT-4AE7D9F9,GR0000000043,2023-04-30,2023-04-30,120930.0,Bank Transfer,Paid,0.0
PMT-48446D98,VAT-EB155918,GR0000000043,2023-07-31,2023-07-31,122624.0,Bank Transfer,Paid,0.0
PMT-BE1FC92B,VAT-2A28F3C9,GR0000000043,2023-10-31,2023-10-31,121898.0,Bank Transfer,Paid,0.0
PMT-44CE8853,VAT-595ACEF1,GR0000000043,2024-01-31,2024-01-31,156582.0,Bank Transfer,Paid,0.0
PMT-EDAD8112,VAT-35068237,GR0000000043,2024-04-30,2024-04-30,170428.0,Bank Transfer,Paid,0.0
PMT-2C1E1130,VAT-A5F44E49,GR0000000043,2024-07-31,2024-07-31,159204.0,Direct Debit,Partial,0.0
PMT-6C8526DB,VAT-5197E25F,GR0000000043,2024-10-31,2024-10-31,181534.0,Bank Transfer,Paid,0.0
PMT-6F540DAB,VAT-65115CAD,GR0000000043,2025-01-31,2025-01-31,171428.0,Bank Transfer,Paid,0.0
PMT-8D683312,VAT-F21EB44F,GR0000000047,2023-01-31,2023-01-31,41876.0,Direct Debit,Paid,0.0
PMT-A38D90DF,VAT-BC07B870,GR0000000047,2023-10-31,2023-10-31,45770.0,Online Payment,Paid,0.0
PMT-45A4C0A1,VAT-8004172F,GR0000000047,2024-04-30,2024-04-30,4129.0,Online Payment,Paid,0.0
PMT-1A0CBD44,VAT-D6F36AB5,GR0000000047,2024-10-31,2024-10-31,8723.0,Bank Transfer,Paid,0.0
PMT-6CA15301,VAT-440E1EF0,GR0000000047,2025-01-31,2025-01-31,49498.0,Direct Debit,Paid,0.0
PMT-3F165902,VAT-58EE2CA3,GR0000000048,2022-04-30,2022-04-30,20416.0,Bank Transfer,Paid,0.0
PMT-3623A832,VAT-5625C943,GR0000000048,2022-07-31,2022-07-31,15679.0,Bank Transfer,Paid,0.0
PMT-B8DCE9BA,VAT-68B8AC33,GR0000000048,2022-10-31,2022-10-31,18266.0,Direct Debit,Partial,0.0
PMT-2A40EF29,VAT-874AB310,GR0000000048,2023-01-31,2023-01-31,2254.0,Bank Transfer,Paid,0.0
PMT-FC70BDC6,VAT-8A8F0028,GR0000000048,2023-04-30,2023-04-30,15655.0,Bank Transfer,Paid,0.0
PMT-884B4537,VAT-899850B1,GR0000000048,2023-07-31,2023-07-31,15472.0,Bank Transfer,Paid,0.0
PMT-251AF834,VAT-1A396240,GR0000000048,2023-10-31,2023-11-03,5080.0,Online Payment,Paid,3.0
PMT-A67C3E0B,VAT-4B8668EA,GR0000000048,2024-01-31,2024-01-31,13548.0,Bank Transfer,Paid,0.0
PMT-C550BFC8,VAT-B4AA9DF2,GR0000000048,2024-04-30,2024-04-30,4939.0,Direct Debit,Paid,0.0
PMT-125E7809,VAT-E604BFA8,GR0000000048,2024-07-31,2024-07-31,19343.0,Direct Debit,Paid,0.0
PMT-5A9FD880,VAT-180B7897,GR0000000048,2024-10-31,2024-11-01,18513.0,Bank Transfer,Paid,1.0
PMT-791C57FF,VAT-588FC7FE,GR0000000048,2025-01-31,2025-01-31,26541.0,Direct Debit,Paid,0.0
PMT-6FCD77D1,VAT-9D13853B,GR0000000049,2022-04-30,2022-04-30,4874.0,Bank Transfer,Paid,0.0
PMT-6A7B8EFE,VAT-EB3DA9D0,GR0000000049,2022-07-31,2022-07-31,5338.0,Bank Transfer,Paid,0.0
PMT-47F7FFC2,VAT-2344EDA2,GR0000000049,2022-10-31,2022-10-31,7430.0,Bank Transfer,Paid,0.0
PMT-BA781DE8,VAT-9A78B80E,GR0000000049,2023-01-31,2023-01-31,5760.0,Bank Transfer,Paid,0.0
PMT-A5C63D96,VAT-0D93E73F,GR0000000049,2023-04-30,2023-04-30,4096.0,Bank Transfer,Paid,0.0
PMT-D29B5356,VAT-887CCA78,GR0000000049,2023-07-31,2023-07-31,4603.0,Direct Debit,Paid,0.0
PMT-DA7F16DD,VAT-A67B35C4,GR0000000049,2023-10-31,2023-10-31,4410.0,Direct Debit,Paid,0.0
PMT-67975766,VAT-B0A40CA8,GR0000000049,2024-01-31,2024-01-31,5294.0,Online Payment,Paid,0.0
PMT-15AC78CA,VAT-82A5BFE1,GR0000000049,2024-04-30,2024-04-30,4540.0,Direct Debit,Paid,0.0
PMT-3AF6F6A0,VAT-30941FD2,GR0000000049,2024-07-31,2024-07-31,3308.0,Bank Transfer,Paid,0.0
PMT-ACCDCB3E,VAT-E2B7974F,GR0000000049,2024-10-31,2024-10-31,5234.0,Bank Transfer,Paid,0.0
PMT-9C91AE0B,VAT-5883378C,GR0000000049,2025-01-31,2025-01-31,3854.0,Direct Debit,Paid,0.0
PMT-517C6256,VAT-6A2A5152,GR0000000050,2022-04-30,2022-04-29,1621058.0,Bank Transfer,Paid,0.0
PMT-B3F8EEFE,VAT-5E223383,GR0000000050,2022-07-31,2022-07-30,1937393.0,Direct Debit,Paid,0.0
PMT-0F7375BF,VAT-25A7E367,GR0000000050,2022-10-31,2022-11-06,450458.0,Bank Transfer,Partial,6.0
PMT-AB11BC77,VAT-11842AD3,GR0000000050,2023-01-31,2023-02-06,1845909.0,Other,Paid,6.0
PMT-65A7A29A,VAT-B6B304FB,GR0000000050,2023-04-30,2023-04-30,288635.0,Bank Transfer,Paid,0.0
PMT-6D88AB3D,VAT-4565BD9B,GR0000000050,2023-07-31,2023-07-31,1104564.0,Direct Debit,Paid,0.0
PMT-E723563D,VAT-4AA86CC5,GR0000000050,2023-10-31,2023-11-12,749093.0,Direct Debit,Paid,12.0
PMT-101BB599,VAT-DA37EAB9,GR0000000050,2024-01-31,2024-01-30,1461424.0,Bank Transfer,Paid,0.0
PMT-43407FEC,VAT-D1E75DD8,GR0000000050,2024-04-30,,0.0,,Unpaid,
PMT-0735F6FE,VAT-1BD60E87,GR0000000050,2024-07-31,2024-07-31,1005491.0,Bank Transfer,Paid,0.0
PMT-EC676340,VAT-ED16BD48,GR0000000050,2024-10-31,2024-11-05,1418702.0,Bank Transfer,Partial,5.0
PMT-2467FFBE,VAT-8155D181,GR0000000050,2025-01-31,2025-01-31,1496687.0,Direct Debit,Paid,0.0
PMT-23836B8C,VAT-93185A8D,GR0000000051,2022-04-30,2022-04-30,169031.0,Bank Transfer,Paid,0.0
PMT-32B74DC2,VAT-3A28D6F0,GR0000000051,2022-07-31,2022-07-31,170101.0,Bank Transfer,Paid,0.0
PMT-6B5B7A46,VAT-46E9010F,GR0000000051,2022-10-31,2022-10-31,152823.0,Direct Debit,Paid,0.0
PMT-D0558FAC,VAT-F5EF1451,GR0000000051,2023-01-31,2023-01-31,204314.0,Direct Debit,Paid,0.0
PMT-EEBE734A,VAT-7CDFE4BA,GR0000000051,2023-04-30,2023-04-30,103956.0,Bank Transfer,Paid,0.0
PMT-C0384B80,VAT-0ACDA6AE,GR0000000051,2023-07-31,2023-07-31,123143.0,Direct Debit,Paid,0.0
PMT-186A51C5,VAT-C9034019,GR0000000051,2023-10-31,2023-10-31,133892.0,Bank Transfer,Paid,0.0
PMT-BAEE9F18,VAT-FC593DDE,GR0000000051,2024-01-31,2024-01-31,116498.0,Bank Transfer,Paid,0.0
PMT-E6CBA987,VAT-3B22CFAD,GR0000000051,2024-04-30,2024-04-30,109460.0,Direct Debit,Partial,0.0
PMT-1CED5870,VAT-0B232C40,GR0000000051,2024-07-31,2024-07-31,90852.0,Direct Debit,Paid,0.0
PMT-38D0577F,VAT-6C3324B6,GR0000000051,2024-10-31,2024-10-31,114219.0,Bank Transfer,Paid,0.0
PMT-748DE3AA,VAT-C708C38F,GR0000000051,2025-01-31,2025-01-31,75386.0,Direct Debit,Paid,0.0
PMT-76F9CD74,VAT-C109D997,GR0000000059,2022-04-30,2022-04-30,923229.0,Bank Transfer,Paid,0.0
PMT-8F5AB3C9,VAT-7A62F714,GR0000000059,2022-07-31,2022-07-31,917036.0,Online Payment,Paid,0.0
PMT-208FF825,VAT-B1A98CAA,GR0000000059,2022-10-31,2022-10-31,981392.0,Bank Transfer,Paid,0.0
PMT-DE9AE615,VAT-54C450D5,GR0000000059,2023-01-31,2023-01-31,797569.0,Bank Transfer,Paid,0.0
PMT-44DBC52D,VAT-B69F04F1,GR0000000059,2023-04-30,2023-04-30,794644.0,Direct Debit,Paid,0.0
PMT-6F13E343,VAT-C0D67A6C,GR0000000059,2023-07-31,2023-07-31,828830.0,Direct Debit,Paid,0.0
PMT-1486633B,VAT-465AB670,GR0000000059,2023-10-31,2023-10-31,792080.0,Bank Transfer,Paid,0.0
PMT-3AB3537A,VAT-15D96528,GR0000000059,2024-01-31,2024-01-31,815507.0,Bank Transfer,Paid,0.0
PMT-EE0FF877,VAT-B97BA4D9,GR0000000059,2024-04-30,2024-04-30,893368.0,Bank Transfer,Paid,0.0
PMT-DFAD5E91,VAT-BC18559A,GR0000000059,2024-07-31,2024-07-31,900720.0,Direct Debit,Paid,0.0
PMT-BDD0A3A2,VAT-502D4BB1,GR0000000059,2024-10-31,2024-10-31,1098134.0,Direct Debit,Paid,0.0
PMT-32E97113,VAT-45C07CF9,GR0000000059,2025-01-31,2025-01-31,1052962.0,Online Payment,Paid,0.0
PMT-653F4B9D,VAT-CB0A6029,GR0000000061,2022-04-30,2022-04-30,22754.0,Bank Transfer,Paid,0.0
PMT-7E84378B,VAT-C097423A,GR0000000061,2022-07-31,2022-07-31,27556.0,Bank Transfer,Paid,0.0
PMT-76844DD7,VAT-0E00F66A,GR0000000061,2022-10-31,2022-10-31,21187.0,Bank Transfer,Paid,0.0
PMT-1FA5FEE1,VAT-42247977,GR0000000061,2023-01-31,2023-01-31,28450.0,Direct Debit,Paid,0.0
PMT-ADC35B8F,VAT-52582F6E,GR0000000061,2023-04-30,2023-04-30,39240.0,Direct Debit,Partial,0.0
PMT-6C2B4AF2,VAT-B4D5FF37,GR0000000061,2023-07-31,2023-07-31,45733.0,Bank Transfer,Paid,0.0
PMT-B54617B7,VAT-5273337F,GR0000000061,2023-10-31,2023-10-31,61821.0,Bank Transfer,Paid,0.0
PMT-2CD5F0BC,VAT-992B5E04,GR0000000061,2024-01-31,2024-01-31,48066.0,Bank Transfer,Paid,0.0
PMT-D0837CD7,VAT-CF781EF0,GR0000000061,2024-04-30,2024-04-30,48191.0,Bank Transfer,Paid,0.0
PMT-81B09D26,VAT-8D202365,GR0000000061,2024-07-31,2024-07-31,39934.0,Bank Transfer,Paid,0.0
PMT-3EDE8AA6,VAT-8E34BF8F,GR0000000061,2024-10-31,2024-10-31,51023.0,Bank Transfer,Paid,0.0
PMT-B3891D76,VAT-02479FE0,GR0000000061,2025-01-31,2025-01-31,45761.0,Bank Transfer,Paid,0.0
PMT-18777D37,VAT-892A17D0,GR0000000062,2022-04-30,2022-04-30,27024.0,Online Payment,Paid,0.0
PMT-1DB6D053,VAT-A3C10FC7,GR0000000062,2022-07-31,2022-07-31,4839.0,Bank Transfer,Paid,0.0
PMT-47F6A3FE,VAT-2684896E,GR0000000062,2022-10-31,2022-10-31,16748.0,Direct Debit,Paid,0.0
PMT-D987B2EF,VAT-8E002005,GR0000000062,2023-01-31,2023-01-31,105091.0,Bank Transfer,Paid,0.0
PMT-948F7353,VAT-47CB5310,GR0000000062,2023-04-30,2023-04-30,45957.0,Direct Debit,Partial,0.0
PMT-FE2EC9C2,VAT-6855E2A9,GR0000000062,2023-07-31,2023-07-31,33564.0,Bank Transfer,Paid,0.0
PMT-ED9DA849,VAT-C9CDAD10,GR0000000062,2023-10-31,2023-10-31,27212.0,Direct Debit,Paid,0.0
PMT-C8E97C5C,VAT-CE8D3F01,GR0000000062,2024-01-31,2024-01-31,19639.0,Bank Transfer,Paid,0.0
PMT-E4A89BDF,VAT-D7D67487,GR0000000062,2024-04-30,2024-04-30,18454.0,Bank Transfer,Paid,0.0
PMT-58A80F0C,VAT-13214CDB,GR0000000062,2024-07-31,2024-07-31,4210.0,Bank Transfer,Paid,0.0
PMT-839A8C11,VAT-487172E2,GR0000000062,2024-10-31,2024-10-31,25573.0,Direct Debit,Paid,0.0
PMT-B3B85201,VAT-4AB587E7,GR0000000062,2025-01-31,2025-01-31,27874.0,Bank Transfer,Paid,0.0
PMT-3CFB2176,VAT-9CA28818,GR0000000067,2022-04-30,2022-04-30,143739.0,Bank Transfer,Paid,0.0
PMT-5C9B1747,VAT-A4CEDF56,GR0000000067,2022-07-31,2022-07-31,125002.0,Bank Transfer,Paid,0.0
PMT-23567A85,VAT-7B9ACDC0,GR0000000067,2022-10-31,2022-10-31,129928.0,Online Payment,Paid,0.0
PMT-9F246F8A,VAT-5E993AA5,GR0000000067,2023-01-31,2023-01-31,166307.0,Other,Paid,0.0
PMT-90F4B4C0,VAT-40FF05D6,GR0000000067,2023-04-30,2023-04-30,118678.0,Direct Debit,Paid,0.0
PMT-822ADAD3,VAT-925F0C67,GR0000000067,2023-07-31,2023-07-31,141894.0,Bank Transfer,Paid,0.0
PMT-B56D8248,VAT-22AFA757,GR0000000067,2023-10-31,2023-10-31,109351.0,Bank Transfer,Paid,0.0
PMT-7F071333,VAT-A84BD309,GR0000000067,2024-01-31,2024-01-31,144945.0,Bank Transfer,Paid,0.0
PMT-25D4785E,VAT-A44A2B58,GR0000000067,2024-04-30,2024-04-30,70772.0,Bank Transfer,Paid,0.0
PMT-C396DD27,VAT-04A9F418,GR0000000067,2024-07-31,2024-07-31,104970.0,Direct Debit,Paid,0.0
PMT-74A20EA0,VAT-630DA45B,GR0000000067,2024-10-31,2024-10-31,104162.0,Bank Transfer,Paid,0.0
PMT-909CA42A,VAT-FBD2B5DE,GR0000000067,2025-01-31,2025-01-31,105949.0,Bank Transfer,Paid,0.0
PMT-D288A6C1,VAT-0B1819F0,GR0000000071,2024-04-30,2024-04-30,3846.0,Bank Transfer,Partial,0.0
PMT-D7C68240,VAT-336B5FA8,GR0000000071,2024-07-31,2024-07-31,4142.0,Direct Debit,Partial,0.0
PMT-A7C8DC2D,VAT-BC838FAF,GR0000000071,2024-10-31,2024-10-31,3963.0,Direct Debit,Paid,0.0
PMT-75703AD9,VAT-D4041183,GR0000000071,2025-01-31,2025-01-31,3986.0,Direct Debit,Paid,0.0
PMT-625EDC94,VAT-167A4FA9,GR0000000072,2022-04-30,2022-05-02,6335.0,Bank Transfer,Paid,2.0
PMT-F0D3387F,VAT-DCADFC9B,GR0000000072,2022-07-31,2022-07-31,8411.0,Direct Debit,Paid,0.0
PMT-465BA1A6,VAT-40C4D9A1,GR0000000072,2022-10-31,2022-10-31,4090.0,Direct Debit,Paid,0.0
PMT-E9E97CB2,VAT-F91223E0,GR0000000072,2023-01-31,2023-01-31,16195.0,Bank Transfer,Paid,0.0
PMT-B5C8EF19,VAT-2C8B99B2,GR0000000072,2023-04-30,2023-04-30,20805.0,Bank Transfer,Paid,0.0
PMT-9843B143,VAT-47C6C1BD,GR0000000072,2023-07-31,2023-07-31,951.0,Bank Transfer,Paid,0.0
PMT-278687A9,VAT-9F71E22A,GR0000000072,2023-10-31,2023-10-31,10698.0,Direct Debit,Paid,0.0
PMT-7D146186,VAT-C7ABC7BB,GR0000000072,2024-01-31,2024-01-31,3169.0,Bank Transfer,Paid,0.0
PMT-5FD551E3,VAT-F23A70BA,GR0000000072,2024-04-30,2024-04-30,23929.0,Direct Debit,Paid,0.0
PMT-6E3A29A0,VAT-56E6D0B6,GR0000000072,2024-07-31,2024-07-31,8332.0,Online Payment,Paid,0.0
PMT-879424BD,VAT-B12F7045,GR0000000072,2024-10-31,2024-10-31,3534.0,Bank Transfer,Paid,0.0
PMT-DE8728BC,VAT-418A88E9,GR0000000072,2025-01-31,2025-01-31,12634.0,Direct Debit,Partial,0.0
PMT-07B2B3A8,VAT-1592DDCF,GR0000000074,2022-04-30,2022-04-30,1557.0,Direct Debit,Paid,0.0
PMT-86AF7363,VAT-18A3ED4D,GR0000000074,2022-07-31,2022-07-31,1930.0,Direct Debit,Paid,0.0
PMT-AAEF9520,VAT-594F50E3,GR0000000074,2022-10-31,2022-10-31,1620.0,Bank Transfer,Paid,0.0
PMT-7D9762A2,VAT-1782D1DD,GR0000000074,2023-01-31,2023-01-31,1870.0,Bank Transfer,Paid,0.0
PMT-9AA42078,VAT-8C13FB99,GR0000000074,2023-04-30,2023-04-30,4202.0,Online Payment,Paid,0.0
PMT-EB0AC32A,VAT-D0E2FC7F,GR0000000074,2023-07-31,2023-07-31,4648.0,Bank Transfer,Paid,0.0
PMT-E25B56E4,VAT-7432B2EF,GR0000000074,2023-10-31,2023-10-31,5790.0,Direct Debit,Paid,0.0
PMT-23A7C97B,VAT-5215F7E1,GR0000000074,2024-01-31,2024-01-31,5044.0,Direct Debit,Paid,0.0
PMT-9A2C81A2,VAT-0D78E6BD,GR0000000074,2024-04-30,2024-04-30,3289.0,Direct Debit,Paid,0.0
PMT-A0CDB00E,VAT-12719FA0,GR0000000074,2024-07-31,2024-07-31,3206.0,Bank Transfer,Paid,0.0
PMT-116B7052,VAT-D6389920,GR0000000074,2024-10-31,2024-10-31,2870.0,Direct Debit,Paid,0.0
PMT-918B2498,VAT-16668CAB,GR0000000074,2025-01-31,2025-01-31,2894.0,Direct Debit,Paid,0.0
PMT-A863CF5F,VAT-A05ACD3F,GR0000000076,2022-04-30,2022-04-30,699.0,Bank Transfer,Paid,0.0
PMT-9987812D,VAT-31A23FED,GR0000000076,2022-07-31,2022-07-31,1075.0,Online Payment,Paid,0.0
PMT-9E4B977B,VAT-BABAE7A0,GR0000000076,2022-10-31,2022-10-31,932.0,Bank Transfer,Paid,0.0
PMT-1E54A2A2,VAT-59BCECBE,GR0000000076,2023-01-31,2023-01-31,1802.0,Bank Transfer,Paid,0.0
PMT-52F42A18,VAT-30AD2D30,GR0000000076,2023-04-30,2023-04-30,634.0,Bank Transfer,Paid,0.0
PMT-7D751B14,VAT-81D9DB3D,GR0000000076,2023-07-31,2023-07-31,407.0,Bank Transfer,Paid,0.0
PMT-79CB015B,VAT-C7DA7AAA,GR0000000076,2023-10-31,2023-10-31,488.0,Direct Debit,Paid,0.0
PMT-DDC37281,VAT-0BF9326A,GR0000000076,2024-01-31,2024-01-31,131.0,Bank Transfer,Paid,0.0
PMT-C2EBA1FA,VAT-2F02DBBA,GR0000000076,2024-04-30,2024-04-30,764.0,Bank Transfer,Paid,0.0
PMT-3D2A4B4F,VAT-D26F56A1,GR0000000076,2024-07-31,2024-07-31,549.0,Bank Transfer,Paid,0.0
PMT-9C3EFFE5,VAT-04264F2C,GR0000000076,2024-10-31,2024-10-31,274.0,Bank Transfer,Paid,0.0
PMT-602CBC11,VAT-2A388C1B,GR0000000076,2025-01-31,2025-01-31,799.0,Bank Transfer,Paid,0.0
PMT-D8195347,VAT-C2BA1B8F,GR0000000077,2022-04-30,2022-04-30,30733.0,Bank Transfer,Paid,0.0
PMT-55B6E45E,VAT-A6FA4FA1,GR0000000077,2022-07-31,2022-07-31,31416.0,Bank Transfer,Paid,0.0
PMT-14F279BD,VAT-5C32D4A6,GR0000000077,2022-10-31,2022-10-31,25779.0,Bank Transfer,Paid,0.0
PMT-CFAF32A0,VAT-73B67D81,GR0000000077,2023-01-31,2023-01-31,29165.0,Bank Transfer,Paid,0.0
PMT-0F3D3CFA,VAT-899D4668,GR0000000077,2023-04-30,2023-04-30,27599.0,Bank Transfer,Paid,0.0
PMT-8C6D4C01,VAT-43187C7D,GR0000000077,2023-07-31,2023-07-31,31202.0,Online Payment,Paid,0.0
PMT-317EB4C8,VAT-D2C8CC3D,GR0000000077,2023-10-31,2023-10-31,33880.0,Bank Transfer,Paid,0.0
PMT-B7C1B525,VAT-657E19F0,GR0000000077,2024-01-31,2024-01-31,27535.0,Bank Transfer,Paid,0.0
PMT-D5E4D88C,VAT-04BF7C52,GR0000000077,2024-04-30,2024-04-30,30279.0,Direct Debit,Paid,0.0
PMT-259EFC81,VAT-665E204A,GR0000000077,2024-07-31,2024-07-31,28308.0,Bank Transfer,Paid,0.0
PMT-DDC43679,VAT-D3B59CFE,GR0000000077,2024-10-31,2024-10-31,26268.0,Bank Transfer,Paid,0.0
PMT-6246D971,VAT-EDD09D23,GR0000000077,2025-01-31,2025-01-31,26593.0,Direct Debit,Paid,0.0
PMT-18BFCE92,VAT-D1F13A9F,GR0000000081,2022-04-30,2022-04-30,102400.0,Bank Transfer,Paid,0.0
PMT-4EFE5FD1,VAT-E38ED4F7,GR0000000081,2022-07-31,2022-07-31,96038.0,Bank Transfer,Paid,0.0
PMT-0E531977,VAT-6AFC9953,GR0000000081,2022-10-31,2022-10-31,98838.0,Bank Transfer,Paid,0.0
PMT-6CEC7B89,VAT-B9D85F74,GR0000000081,2023-01-31,2023-01-31,128731.0,Online Payment,Paid,0.0
PMT-A84ECEF6,VAT-0CEF4F30,GR0000000081,2023-04-30,2023-04-30,114700.0,Online Payment,Paid,0.0
PMT-41F4D366,VAT-F7BE64AF,GR0000000081,2023-07-31,2023-07-31,114958.0,Bank Transfer,Paid,0.0
PMT-B0085456,VAT-55DB0201,GR0000000081,2023-10-31,2023-10-31,140562.0,Direct Debit,Paid,0.0
PMT-F0B5526C,VAT-2ED05146,GR0000000081,2024-01-31,2024-01-31,129074.0,Direct Debit,Paid,0.0
PMT-6D4CA831,VAT-A0A3A222,GR0000000081,2024-04-30,2024-04-30,160244.0,Bank Transfer,Paid,0.0
PMT-98BE832E,VAT-9310B6F3,GR0000000081,2024-07-31,2024-07-31,182193.0,Direct Debit,Paid,0.0
PMT-16BE93D1,VAT-956AD3F4,GR0000000081,2024-10-31,2024-10-31,169139.0,Direct Debit,Paid,0.0
PMT-C1CC9E38,VAT-19F291F0,GR0000000081,2025-01-31,2025-01-31,186083.0,Bank Transfer,Paid,0.0
PMT-CC82127D,VAT-4386192E,GR0000000083,2022-04-30,2022-04-30,327533.0,Direct Debit,Paid,0.0
PMT-4BD1EDC2,VAT-CB670ACD,GR0000000083,2022-07-31,2022-07-31,208729.0,Other,Paid,0.0
PMT-4E428DF5,VAT-9CD22163,GR0000000083,2022-10-31,2022-10-31,298320.0,Bank Transfer,Paid,0.0
PMT-9D69AFA2,VAT-AC85296B,GR0000000083,2023-01-31,2023-01-31,335356.0,Direct Debit,Paid,0.0
PMT-A831369E,VAT-5F6BD2BE,GR0000000083,2023-04-30,2023-04-30,256677.0,Bank Transfer,Paid,0.0
PMT-3651475D,VAT-E601E108,GR0000000083,2023-07-31,2023-07-31,330798.0,Bank Transfer,Paid,0.0
PMT-B5C96065,VAT-016C3D39,GR0000000083,2023-10-31,2023-10-31,148020.0,Bank Transfer,Partial,0.0
PMT-F45C14F9,VAT-C6EE4DEA,GR0000000083,2024-01-31,2024-01-31,367369.0,Bank Transfer,Partial,0.0
PMT-E745B9EF,VAT-8786729A,GR0000000083,2024-04-30,2024-04-30,183438.0,Online Payment,Paid,0.0
PMT-77ADB348,VAT-FAEA365B,GR0000000083,2024-07-31,2024-07-31,210369.0,Bank Transfer,Paid,0.0
PMT-B0BCEB58,VAT-93C6F118,GR0000000083,2024-10-31,2024-10-31,181806.0,Direct Debit,Paid,0.0
PMT-F651D95B,VAT-8FD9454D,GR0000000083,2025-01-31,2025-01-31,461586.0,Direct Debit,Paid,0.0
PMT-F45128B5,VAT-6169583E,GR0000000084,2022-10-31,2022-10-31,104797.0,Direct Debit,Paid,0.0
PMT-9415BFCA,VAT-787C11E7,GR0000000084,2023-04-30,2023-04-30,8260.0,Bank Transfer,Paid,0.0
PMT-8AB28116,VAT-C3DFBDA5,GR0000000084,2023-10-31,2023-10-31,90944.0,Bank Transfer,Paid,0.0
PMT-ACBF2E27,VAT-30C30057,GR0000000084,2024-01-31,2024-01-31,34325.0,Direct Debit,Paid,0.0
PMT-B44FD873,VAT-F01E05AA,GR0000000084,2024-04-30,2024-05-01,85866.0,Bank Transfer,Paid,1.0
PMT-EE44B5D9,VAT-02B21009,GR0000000084,2024-10-31,2024-10-31,127694.0,Bank Transfer,Paid,0.0
PMT-0E50CC47,VAT-7D10DFE6,GR0000000084,2025-01-31,2025-01-31,129512.0,Direct Debit,Paid,0.0
PMT-F4E91B3F,VAT-9A8F2626,GR0000000087,2022-04-30,2022-04-30,77608.0,Online Payment,Paid,0.0
PMT-B3E82DC7,VAT-FBBF1A1C,GR0000000087,2022-07-31,2022-07-31,75783.0,Direct Debit,Paid,0.0
PMT-EEB62E36,VAT-35D613E5,GR0000000087,2022-10-31,2022-10-31,69580.0,Direct Debit,Partial,0.0
PMT-6396BADD,VAT-A8211B9B,GR0000000087,2023-01-31,2023-01-31,61408.0,Bank Transfer,Paid,0.0
PMT-4C1726B3,VAT-21F1E2B6,GR0000000087,2023-04-30,2023-04-30,109287.0,Bank Transfer,Partial,0.0
PMT-63692716,VAT-8DD85B56,GR0000000087,2023-07-31,2023-07-31,146029.0,Bank Transfer,Paid,0.0
PMT-AE8CA20E,VAT-1E461524,GR0000000087,2023-10-31,2023-11-04,114009.0,Online Payment,Paid,4.0
PMT-F0A88975,VAT-F93F71B8,GR0000000087,2024-01-31,2024-01-31,135263.0,Bank Transfer,Paid,0.0
PMT-120A135E,VAT-6223E3D1,GR0000000087,2024-04-30,2024-04-30,119067.0,Bank Transfer,Paid,0.0
PMT-E771279A,VAT-2A99F14E,GR0000000087,2024-07-31,2024-07-31,111485.0,Online Payment,Paid,0.0
PMT-0B89EAE4,VAT-2FB4B0DB,GR0000000087,2024-10-31,2024-10-31,110745.0,Direct Debit,Paid,0.0
PMT-E2F2628A,VAT-0C8260A9,GR0000000087,2025-01-31,2025-01-31,94597.0,Bank Transfer,Paid,0.0
PMT-6A2E2FB2,VAT-A4FC7C91,GR0000000090,2022-04-30,2022-04-30,289990.0,Bank Transfer,Paid,0.0
PMT-3D8017D4,VAT-423E4A97,GR0000000090,2022-07-31,2022-07-31,234505.0,Bank Transfer,Paid,0.0
PMT-053E1849,VAT-30F094FC,GR0000000090,2022-10-31,2022-10-31,317262.0,Bank Transfer,Paid,0.0
PMT-70A13DAB,VAT-39E6D666,GR0000000090,2023-01-31,2023-01-31,610732.0,Direct Debit,Paid,0.0
PMT-0997959D,VAT-E43CE69D,GR0000000090,2023-04-30,2023-04-30,215546.0,Direct Debit,Paid,0.0
PMT-8A62F6EB,VAT-91E6ABA2,GR0000000090,2023-07-31,2023-07-31,209514.0,Bank Transfer,Paid,0.0
PMT-C1FB46A9,VAT-97137AC7,GR0000000090,2023-10-31,2023-10-31,204108.0,Bank Transfer,Paid,0.0
PMT-B75F40C5,VAT-487879CB,GR0000000090,2024-01-31,2024-01-31,287425.0,Direct Debit,Paid,0.0
PMT-63058BB8,VAT-0D7ADD96,GR0000000090,2024-04-30,2024-05-04,190969.0,Bank Transfer,Paid,4.0
PMT-40B52680,VAT-C58E219C,GR0000000090,2024-07-31,2024-08-05,232143.0,Direct Debit,Paid,5.0
PMT-50EF2029,VAT-54C6F65F,GR0000000090,2024-10-31,2024-10-31,256776.0,Direct Debit,Paid,0.0
PMT-FDBAA994,VAT-677E7B8B,GR0000000090,2025-01-31,2025-01-31,310152.0,Bank Transfer,Paid,0.0
PMT-F326BFF4,VAT-7824807A,GR0000000091,2022-04-30,2022-04-30,7223.0,Bank Transfer,Paid,0.0
PMT-0A5E3B9C,VAT-16C56CAD,GR0000000091,2022-07-31,2022-07-31,11620.0,Bank Transfer,Paid,0.0
PMT-FB9AABC7,VAT-05168FD5,GR0000000091,2022-10-31,2022-10-31,6760.0,Bank Transfer,Paid,0.0
PMT-DA986A89,VAT-7A877259,GR0000000091,2023-01-31,2023-01-31,2197.0,Direct Debit,Paid,0.0
PMT-8132EF89,VAT-9AEC036F,GR0000000091,2023-04-30,2023-04-30,8414.0,Bank Transfer,Paid,0.0
PMT-DEEB288A,VAT-661BECBC,GR0000000091,2023-07-31,2023-07-31,9695.0,Direct Debit,Paid,0.0
PMT-0208A0F1,VAT-91F7A9E7,GR0000000091,2023-10-31,2023-10-31,8338.0,Bank Transfer,Paid,0.0
PMT-C6918D67,VAT-7A5D854C,GR0000000091,2024-01-31,2024-01-31,7226.0,Direct Debit,Paid,0.0
PMT-68108165,VAT-4A1C4CC2,GR0000000091,2024-04-30,2024-04-30,6991.0,Bank Transfer,Paid,0.0
PMT-D3262F1C,VAT-7663939B,GR0000000091,2024-07-31,2024-07-31,7908.0,Direct Debit,Paid,0.0
PMT-59F0ADBE,VAT-542414AE,GR0000000091,2024-10-31,2024-10-31,298.0,Direct Debit,Paid,0.0
PMT-EBE5E070,VAT-7D418653,GR0000000091,2025-01-31,2025-01-31,10384.0,Direct Debit,Paid,0.0
PMT-D21D1260,VAT-CB2D391C,GR0000000092,2022-04-30,2022-04-30,393447.0,Bank Transfer,Paid,0.0
PMT-10A6E572,VAT-D0C387B3,GR0000000092,2022-07-31,2022-07-31,464325.0,Bank Transfer,Paid,0.0
PMT-A94D3FF5,VAT-6B193E27,GR0000000092,2022-10-31,2022-10-31,373440.0,Direct Debit,Paid,0.0
PMT-32DF4A20,VAT-177CC9FD,GR0000000092,2023-01-31,2023-01-31,467377.0,Bank Transfer,Paid,0.0
PMT-026C9DF8,VAT-AE4514D6,GR0000000092,2023-04-30,2023-04-30,407909.0,Bank Transfer,Paid,0.0
PMT-8E7710E7,VAT-68F8F41F,GR0000000092,2023-07-31,2023-07-31,472781.0,Direct Debit,Paid,0.0
PMT-DD166BD3,VAT-7A14B35F,GR0000000092,2023-10-31,2023-11-04,388290.0,Bank Transfer,Paid,4.0
PMT-824A43DA,VAT-1D69C1C0,GR0000000092,2024-01-31,2024-01-31,530077.0,Bank Transfer,Paid,0.0
PMT-B8FEA953,VAT-100A5026,GR0000000092,2024-04-30,2024-04-30,225470.0,Bank Transfer,Paid,0.0
PMT-5B9F6BB6,VAT-580EBF6D,GR0000000092,2024-07-31,2024-07-31,211512.0,Bank Transfer,Paid,0.0
PMT-A9099793,VAT-8F558261,GR0000000092,2024-10-31,2024-10-31,246663.0,Bank Transfer,Paid,0.0
PMT-CE4A8E96,VAT-8E830437,GR0000000092,2025-01-31,2025-01-31,327034.0,Bank Transfer,Paid,0.0
PMT-AD6FED56,VAT-93E178F8,GR0000000099,2022-04-30,2022-04-30,19373.0,Bank Transfer,Partial,0.0
PMT-D28B2AE8,VAT-52EB2EFD,GR0000000099,2022-07-31,2022-07-31,18083.0,Bank Transfer,Partial,0.0
PMT-71A0FE17,VAT-07D3048D,GR0000000099,2022-10-31,2022-10-31,17633.0,Direct Debit,Paid,0.0
PMT-07748932,VAT-1E697C12,GR0000000099,2023-01-31,2023-01-31,28886.0,Direct Debit,Paid,0.0
PMT-9C2474D1,VAT-D5D1CD4A,GR0000000099,2023-04-30,2023-04-30,24471.0,Bank Transfer,Paid,0.0
PMT-A696D254,VAT-E894A064,GR0000000099,2023-07-31,2023-07-31,24144.0,Online Payment,Paid,0.0
PMT-3A31BF19,VAT-A3855E0F,GR0000000099,2023-10-31,2023-10-31,25340.0,Bank Transfer,Paid,0.0
PMT-4AF0ABC0,VAT-0836AF96,GR0000000099,2024-01-31,2024-01-31,38530.0,Direct Debit,Paid,0.0
PMT-48B9453A,VAT-9BC50A68,GR0000000099,2024-04-30,2024-05-02,24578.0,Bank Transfer,Paid,2.0
PMT-D7298021,VAT-0E0247DB,GR0000000099,2024-07-31,2024-07-31,26415.0,Bank Transfer,Paid,0.0
PMT-2712EF0F,VAT-920C3FCC,GR0000000099,2024-10-31,2024-10-31,24929.0,Bank Transfer,Paid,0.0
PMT-F8063398,VAT-C909A1A9,GR0000000099,2025-01-31,2025-01-31,27026.0,Bank Transfer,Paid,0.0
PMT-EF58F8FB,VAT-C91C9BB5,GR0000000100,2022-04-30,2022-04-30,13848.0,Direct Debit,Partial,0.0
PMT-FFE01E19,VAT-96D52293,GR0000000100,2022-07-31,2022-07-31,14531.0,Bank Transfer,Paid,0.0
PMT-A447069B,VAT-A032511A,GR0000000100,2022-10-31,2022-10-31,13949.0,Bank Transfer,Paid,0.0
PMT-24B137AE,VAT-6C756FB1,GR0000000100,2023-01-31,2023-01-31,18547.0,Direct Debit,Paid,0.0
PMT-5D65E213,VAT-620E95E4,GR0000000100,2023-04-30,2023-04-30,15484.0,Direct Debit,Paid,0.0
PMT-C73CD66E,VAT-A1E792B7,GR0000000100,2023-07-31,2023-07-31,13116.0,Direct Debit,Paid,0.0
PMT-51B90ECB,VAT-C855781A,GR0000000100,2023-10-31,2023-10-31,16143.0,Bank Transfer,Paid,0.0
PMT-CF31D1E2,VAT-FE792868,GR0000000100,2024-01-31,2024-01-31,19087.0,Online Payment,Paid,0.0
PMT-7D401BC9,VAT-BF027AF0,GR0000000100,2024-04-30,2024-04-30,13886.0,Other,Paid,0.0
PMT-5133CBA6,VAT-36049D42,GR0000000100,2024-07-31,2024-07-31,10264.0,Direct Debit,Paid,0.0
PMT-49FA0AE4,VAT-334C61C8,GR0000000100,2024-10-31,2024-10-31,10858.0,Bank Transfer,Paid,0.0
PMT-E2307D09,VAT-32CA3E23,GR0000000100,2025-01-31,2025-01-31,12200.0,Bank Transfer,Paid,0.0
PMT-E011823C,VAT-7930CC1F,GR0000000102,2022-04-30,2022-04-30,68333.0,Direct Debit,Paid,0.0
PMT-BA0F8583,VAT-507139B2,GR0000000102,2022-07-31,2022-07-31,52254.0,Bank Transfer,Partial,0.0
PMT-4C81AB17,VAT-924E2D4F,GR0000000102,2022-10-31,2022-10-31,55326.0,Bank Transfer,Paid,0.0
PMT-03053FCF,VAT-273196EA,GR0000000102,2023-01-31,2023-01-31,77999.0,Direct Debit,Paid,0.0
PMT-32F844B9,VAT-A1CE5B55,GR0000000102,2023-04-30,2023-04-30,53475.0,Online Payment,Paid,0.0
PMT-39827F43,VAT-FCFB85C7,GR0000000102,2023-07-31,2023-07-31,51037.0,Direct Debit,Paid,0.0
PMT-37688521,VAT-712670A3,GR0000000102,2023-10-31,2023-10-31,59407.0,Direct Debit,Paid,0.0
PMT-216D3D6D,VAT-F207C286,GR0000000102,2024-01-31,2024-01-31,75428.0,Direct Debit,Paid,0.0
PMT-33E0DC23,VAT-48F38409,GR0000000102,2024-04-30,2024-04-30,60659.0,Bank Transfer,Partial,0.0
PMT-BAA0FF65,VAT-54032E31,GR0000000102,2024-07-31,2024-07-31,61420.0,Direct Debit,Paid,0.0
PMT-02B9DD07,VAT-94CBD8A9,GR0000000102,2024-10-31,2024-10-31,55867.0,Direct Debit,Paid,0.0
PMT-C03A1D0D,VAT-9ADBA045,GR0000000102,2025-01-31,2025-01-31,76532.0,Direct Debit,Paid,0.0
PMT-D4186A59,VAT-D7776619,GR0000000103,2022-04-30,2022-04-30,204.0,Bank Transfer,Paid,0.0
PMT-24AA6873,VAT-45B827A6,GR0000000103,2022-07-31,2022-07-31,28.0,Bank Transfer,Paid,0.0
PMT-B67E9DE0,VAT-16EA98D3,GR0000000103,2022-10-31,2022-10-31,773.0,Bank Transfer,Paid,0.0
PMT-F25D5B0D,VAT-99BF6DB4,GR0000000103,2023-01-31,2023-01-31,727.0,Other,Paid,0.0
PMT-D0734EC3,VAT-D1A9B867,GR0000000103,2023-04-30,2023-04-30,459.0,Direct Debit,Paid,0.0
PMT-4216AF57,VAT-77BEB52A,GR0000000103,2023-07-31,2023-07-31,473.0,Direct Debit,Paid,0.0
PMT-785ABA89,VAT-8FB133F0,GR0000000103,2023-10-31,2023-10-31,56.0,Bank Transfer,Paid,0.0
PMT-D286F189,VAT-49B39DEE,GR0000000103,2024-01-31,2024-01-31,185.0,Bank Transfer,Paid,0.0
PMT-7DF33635,VAT-A0002E4F,GR0000000103,2024-04-30,2024-04-30,669.0,Bank Transfer,Paid,0.0
PMT-918AD283,VAT-5D83BD8F,GR0000000103,2024-07-31,2024-07-31,2028.0,Bank Transfer,Paid,0.0
PMT-15879DF2,VAT-089D9A11,GR0000000103,2024-10-31,2024-10-31,1465.0,Bank Transfer,Paid,0.0
PMT-DF526055,VAT-A9BD9F96,GR0000000103,2025-01-31,2025-01-31,559.0,Bank Transfer,Paid,0.0
PMT-85C5D258,VAT-ED9548F4,GR0000000104,2022-04-30,2022-04-30,12385.0,Bank Transfer,Paid,0.0
PMT-48070270,VAT-4FA0E310,GR0000000104,2022-07-31,2022-07-31,681.0,Online Payment,Paid,0.0
PMT-70383690,VAT-9F5AB1E7,GR0000000104,2022-10-31,2022-10-31,19181.0,Bank Transfer,Paid,0.0
PMT-31A1A79F,VAT-90696B72,GR0000000104,2023-01-31,2023-01-31,4590.0,Bank Transfer,Paid,0.0
PMT-F02A0804,VAT-3DE16907,GR0000000104,2023-04-30,2023-04-30,34655.0,Bank Transfer,Paid,0.0
PMT-9CA57311,VAT-42185BED,GR0000000104,2023-07-31,2023-08-05,7660.0,Online Payment,Paid,5.0
PMT-E0CFC1E7,VAT-9598037E,GR0000000104,2023-10-31,2023-10-31,14326.0,Bank Transfer,Paid,0.0
PMT-1A004EA3,VAT-DC908282,GR0000000104,2024-01-31,2024-01-31,78907.0,Bank Transfer,Paid,0.0
PMT-56B06166,VAT-690E40DC,GR0000000104,2024-04-30,2024-04-30,64713.0,Direct Debit,Paid,0.0
PMT-0C99B93F,VAT-15F7A1DE,GR0000000104,2024-07-31,2024-07-31,59784.0,Bank Transfer,Partial,0.0
PMT-300E8AB6,VAT-F03873E4,GR0000000104,2024-10-31,2024-10-31,67953.0,Bank Transfer,Paid,0.0
PMT-64B77840,VAT-2E798995,GR0000000104,2025-01-31,2025-01-31,75049.0,Bank Transfer,Paid,0.0
PMT-DCE1C360,VAT-AFFFEFDA,GR0000000107,2022-04-30,2022-04-29,39207.0,Bank Transfer,Paid,0.0
PMT-BD0976C9,VAT-2D79306D,GR0000000107,2022-07-31,2022-07-30,32357.0,Bank Transfer,Partial,0.0
PMT-02D017C1,VAT-E44F12CC,GR0000000107,2022-10-31,2022-11-03,21086.0,Bank Transfer,Paid,3.0
PMT-037D28F0,VAT-8B4FF642,GR0000000107,2023-01-31,,0.0,,Unpaid,
PMT-DC7172EE,VAT-7C6F11D8,GR0000000107,2023-04-30,2023-04-30,13879.0,Bank Transfer,Paid,0.0
PMT-EE77EB3A,VAT-FB5CB2FA,GR0000000107,2023-07-31,2023-07-30,12178.0,Bank Transfer,Partial,0.0
PMT-B47806BD,VAT-30EF9A32,GR0000000107,2023-10-31,2023-10-31,15839.0,Bank Transfer,Partial,0.0
PMT-26BA7DB5,VAT-4E7E3539,GR0000000107,2024-01-31,2024-02-10,23203.0,Bank Transfer,Paid,10.0
PMT-730CE148,VAT-0504BF37,GR0000000107,2024-04-30,2024-04-30,32937.0,Bank Transfer,Paid,0.0
PMT-AF91DBAD,VAT-59196733,GR0000000107,2024-07-31,2024-07-30,28996.0,Other,Paid,0.0
PMT-58513049,VAT-55D9198A,GR0000000107,2024-10-31,2024-10-30,23600.0,Bank Transfer,Paid,0.0
PMT-22F3EEBC,VAT-A825B0C3,GR0000000107,2025-01-31,2025-01-30,18650.0,Bank Transfer,Paid,0.0
PMT-B4C91E83,VAT-FF3870FC,GR0000000112,2022-04-30,2022-04-30,30442.0,Direct Debit,Paid,0.0
PMT-4A982D3F,VAT-627C7976,GR0000000112,2022-07-31,2022-07-31,26775.0,Bank Transfer,Paid,0.0
PMT-D92A8A1C,VAT-7E1B4B64,GR0000000112,2022-10-31,2022-11-05,38671.0,Online Payment,Paid,5.0
PMT-62C659A8,VAT-FF338F53,GR0000000112,2023-01-31,2023-01-31,34557.0,Bank Transfer,Paid,0.0
PMT-545B3697,VAT-49D648C4,GR0000000112,2023-04-30,2023-04-30,30032.0,Direct Debit,Paid,0.0
PMT-7010D22C,VAT-4CFB02F1,GR0000000112,2023-07-31,2023-07-31,25280.0,Bank Transfer,Paid,0.0
PMT-19878A11,VAT-FB7A9C5D,GR0000000112,2023-10-31,2023-10-31,25239.0,Online Payment,Paid,0.0
PMT-C5521C45,VAT-4C7AC9AF,GR0000000112,2024-01-31,2024-01-31,31912.0,Bank Transfer,Paid,0.0
PMT-66E9C9B6,VAT-4E0CB57B,GR0000000112,2024-04-30,2024-04-30,19012.0,Bank Transfer,Paid,0.0
PMT-DB95DCA9,VAT-6A1E361B,GR0000000112,2024-07-31,2024-07-31,20167.0,Direct Debit,Paid,0.0
PMT-B021E7AF,VAT-280ED766,GR0000000112,2024-10-31,2024-10-31,21179.0,Direct Debit,Partial,0.0
PMT-F6F700A5,VAT-E5592B9C,GR0000000112,2025-01-31,2025-01-31,19395.0,Bank Transfer,Paid,0.0
PMT-B4F4CF52,VAT-1C32F932,GR0000000114,2022-04-30,2022-04-30,59.0,Online Payment,Paid,0.0
PMT-088B38FD,VAT-DC8141E5,GR0000000114,2022-10-31,2022-10-31,212.0,Bank Transfer,Paid,0.0
PMT-435EEF94,VAT-B61646AE,GR0000000114,2023-01-31,2023-01-31,41.0,Bank Transfer,Partial,0.0
PMT-EAC8B37D,VAT-07282FF3,GR0000000114,2023-04-30,2023-04-30,68.0,Bank Transfer,Paid,0.0
PMT-32D7BE25,VAT-57AC5F33,GR0000000114,2023-07-31,2023-07-31,99.0,Bank Transfer,Paid,0.0
PMT-0E7BDBA1,VAT-8A9FDB27,GR0000000114,2023-10-31,2023-10-31,74.0,Direct Debit,Paid,0.0
PMT-2A37AA8B,VAT-14BA30A2,GR0000000114,2024-04-30,2024-04-30,98.0,Direct Debit,Paid,0.0
PMT-85A7BD2B,VAT-196439F0,GR0000000114,2024-07-31,2024-07-31,24.0,Bank Transfer,Paid,0.0
PMT-65A51C85,VAT-D12153F3,GR0000000114,2024-10-31,2024-10-31,85.0,Direct Debit,Paid,0.0
PMT-3481E906,VAT-F0A59995,GR0000000115,2022-04-30,2022-04-30,1898.0,Bank Transfer,Paid,0.0
PMT-9F178466,VAT-7B3B13D7,GR0000000115,2022-07-31,2022-07-30,31207.0,Bank Transfer,Paid,0.0
PMT-7991DC84,VAT-51D8BE18,GR0000000115,2022-10-31,2022-11-13,4668.0,Bank Transfer,Paid,13.0
PMT-BA4268E5,VAT-9B054040,GR0000000115,2023-01-31,2023-01-30,16041.0,Bank Transfer,Paid,0.0
PMT-44D7A9DA,VAT-6E188B0C,GR0000000115,2023-07-31,2023-07-31,20922.0,Direct Debit,Partial,0.0
PMT-64962252,VAT-DE61456F,GR0000000115,2024-01-31,2024-01-30,26981.0,Bank Transfer,Paid,0.0
PMT-D6A3C4C9,VAT-021C0C4C,GR0000000115,2024-04-30,2024-05-14,30.0,Bank Transfer,Partial,14.0
PMT-216F117C,VAT-6645B39F,GR0000000115,2024-07-31,2024-07-31,17401.0,Bank Transfer,Paid,0.0
PMT-C8574580,VAT-60B5F972,GR0000000115,2024-10-31,2024-10-30,4119.0,Bank Transfer,Paid,0.0
PMT-29BE7898,VAT-ABE04E13,GR0000000115,2025-01-31,2025-01-30,12210.0,Bank Transfer,Paid,0.0
PMT-C98CF4A6,VAT-E7F19E0E,GR0000000119,2022-04-30,2022-05-23,18760.0,Bank Transfer,Paid,23.0
PMT-196E9AAB,VAT-906E453E,GR0000000119,2022-07-31,2022-08-20,2284.0,Bank Transfer,Partial,20.0
PMT-65C3C684,VAT-A617371F,GR0000000119,2022-10-31,,0.0,,Unpaid,
PMT-45A7C63D,VAT-1FE2DA7C,GR0000000119,2023-04-30,,0.0,,Unpaid,
PMT-47DCAB01,VAT-4C34ABB8,GR0000000119,2023-07-31,,0.0,,Unpaid,
PMT-50634EBD,VAT-D0EB5A4E,GR0000000119,2023-10-31,,0.0,,Unpaid,
PMT-58D28DAB,VAT-A32C1168,GR0000000119,2024-01-31,2024-02-09,7324.0,Bank Transfer,Paid,9.0
PMT-11F864A5,VAT-5B6EB733,GR0000000119,2024-04-30,2024-04-27,9067.0,Bank Transfer,Paid,0.0
PMT-035BB2DE,VAT-6E2781A5,GR0000000119,2024-07-31,,0.0,,Unpaid,
PMT-E67A03CC,VAT-6D59B997,GR0000000119,2024-10-31,,0.0,,Unpaid,
PMT-7208B032,VAT-42D7B011,GR0000000119,2025-01-31,,0.0,,Unpaid,
PMT-986CF519,VAT-5363A7A6,GR0000000123,2022-04-30,2022-04-30,3608.0,Online Payment,Paid,0.0
PMT-9A987713,VAT-31CFA332,GR0000000123,2022-07-31,2022-07-31,6896.0,Bank Transfer,Paid,0.0
PMT-5E3E0BEC,VAT-0AAE58CA,GR0000000123,2022-10-31,2022-10-31,3716.0,Bank Transfer,Paid,0.0
PMT-43F2E7DC,VAT-141A968E,GR0000000123,2023-01-31,2023-01-31,3008.0,Bank Transfer,Paid,0.0
PMT-71414AE6,VAT-5E186B4C,GR0000000123,2023-04-30,2023-04-30,9365.0,Bank Transfer,Paid,0.0
PMT-6E541ABA,VAT-C40656F5,GR0000000123,2023-07-31,2023-07-31,6235.0,Direct Debit,Paid,0.0
PMT-785E4BD8,VAT-473540B3,GR0000000123,2023-10-31,2023-11-01,4609.0,Bank Transfer,Paid,1.0
PMT-8C1E8CBE,VAT-7586998D,GR0000000123,2024-01-31,2024-01-31,10705.0,Bank Transfer,Paid,0.0
PMT-D8C7634E,VAT-8F499832,GR0000000123,2024-04-30,2024-04-30,9504.0,Direct Debit,Paid,0.0
PMT-87E87685,VAT-7AED5B07,GR0000000123,2024-07-31,2024-07-31,5447.0,Bank Transfer,Paid,0.0
PMT-6C652CE9,VAT-CC7645A0,GR0000000123,2024-10-31,2024-10-31,6613.0,Bank Transfer,Paid,0.0
PMT-07CE85E3,VAT-9C8085A8,GR0000000123,2025-01-31,2025-01-31,970.0,Bank Transfer,Paid,0.0
PMT-098873CA,VAT-B595D30C,GR0000000124,2022-04-30,2022-04-30,2780.0,Bank Transfer,Paid,0.0
PMT-2A2FC4D9,VAT-E0142311,GR0000000124,2022-07-31,2022-07-31,2372.0,Direct Debit,Paid,0.0
PMT-CDD4BA8E,VAT-39D7ED3F,GR0000000124,2022-10-31,2022-10-31,2332.0,Bank Transfer,Paid,0.0
PMT-A49BC8FF,VAT-51FC6B86,GR0000000124,2023-01-31,2023-01-31,2452.0,Direct Debit,Paid,0.0
PMT-B8779B01,VAT-84997213,GR0000000124,2023-04-30,2023-04-30,2231.0,Bank Transfer,Paid,0.0
PMT-E7C4650F,VAT-B899E59A,GR0000000124,2023-07-31,2023-07-31,2763.0,Direct Debit,Paid,0.0
PMT-A28FC8C1,VAT-15E7DBBE,GR0000000124,2023-10-31,2023-10-31,2818.0,Bank Transfer,Paid,0.0
PMT-00FBA5D8,VAT-D4141CC0,GR0000000124,2024-01-31,2024-01-31,3387.0,Direct Debit,Paid,0.0
PMT-633D0F5C,VAT-B7CCEA81,GR0000000124,2024-04-30,2024-04-30,3956.0,Bank Transfer,Paid,0.0
PMT-12B3B6BD,VAT-009FCA4F,GR0000000124,2024-07-31,2024-07-31,5714.0,Bank Transfer,Paid,0.0
PMT-D5ADFC8B,VAT-52EDA22A,GR0000000124,2024-10-31,2024-10-31,5122.0,Direct Debit,Paid,0.0
PMT-47BB48E5,VAT-5102E46A,GR0000000124,2025-01-31,2025-01-31,5554.0,Bank Transfer,Paid,0.0
PMT-020159AF,VAT-DACDD564,GR0000000125,2022-04-30,2022-04-30,69342.0,Bank Transfer,Paid,0.0
PMT-6231C4C4,VAT-30EAE31C,GR0000000125,2022-07-31,2022-07-31,29383.0,Bank Transfer,Paid,0.0
PMT-4266CDA3,VAT-5E1A0ED7,GR0000000125,2022-10-31,2022-10-31,45216.0,Bank Transfer,Paid,0.0
PMT-A1357BAF,VAT-51F18680,GR0000000125,2023-01-31,2023-01-31,30873.0,Bank Transfer,Paid,0.0
PMT-907B8FFB,VAT-8881E975,GR0000000125,2023-04-30,2023-04-30,159120.0,Direct Debit,Paid,0.0
PMT-846B82AA,VAT-B5081E71,GR0000000125,2023-07-31,2023-07-31,97019.0,Bank Transfer,Paid,0.0
PMT-C42A1B6C,VAT-41108B24,GR0000000125,2023-10-31,2023-10-31,101202.0,Bank Transfer,Paid,0.0
PMT-5412ABE7,VAT-7993F597,GR0000000125,2024-01-31,2024-01-31,137108.0,Online Payment,Paid,0.0
PMT-C0CFF0A5,VAT-DC2C0F9F,GR0000000125,2024-04-30,2024-04-30,45761.0,Direct Debit,Paid,0.0
PMT-3B3E9E93,VAT-761185AB,GR0000000125,2024-07-31,2024-07-31,75598.0,Bank Transfer,Paid,0.0
PMT-CD49BE1A,VAT-3B5E7EAA,GR0000000125,2024-10-31,2024-10-31,60272.0,Bank Transfer,Paid,0.0
PMT-BCB45991,VAT-0A64ACBE,GR0000000125,2025-01-31,2025-01-31,74268.0,Bank Transfer,Paid,0.0
PMT-4417A65A,VAT-0E8398F5,GR0000000126,2022-04-30,2022-04-30,69633.0,Online Payment,Paid,0.0
PMT-FB4E315B,VAT-A06E3324,GR0000000126,2022-07-31,2022-07-31,24222.0,Online Payment,Paid,0.0
PMT-5F4FD8EC,VAT-A325F590,GR0000000126,2022-10-31,2022-10-31,24982.0,Bank Transfer,Paid,0.0
PMT-AAECF0D4,VAT-2A79579F,GR0000000126,2023-01-31,2023-01-31,50906.0,Direct Debit,Paid,0.0
PMT-51EE086F,VAT-1EA963E5,GR0000000126,2023-04-30,2023-04-30,49364.0,Other,Paid,0.0
PMT-6DA56340,VAT-15745185,GR0000000126,2023-07-31,2023-07-31,25984.0,Bank Transfer,Paid,0.0
PMT-DBF51072,VAT-E34799C0,GR0000000126,2023-10-31,2023-10-31,41786.0,Bank Transfer,Paid,0.0
PMT-3C4F8247,VAT-71CE558D,GR0000000126,2024-01-31,2024-01-31,55805.0,Bank Transfer,Paid,0.0
PMT-0E8DC9E7,VAT-6692EB0B,GR0000000126,2024-04-30,2024-04-30,55628.0,Bank Transfer,Paid,0.0
PMT-6AF9CA4E,VAT-B9E74B94,GR0000000126,2024-07-31,2024-07-31,48857.0,Bank Transfer,Paid,0.0
PMT-F3B71748,VAT-097B51DB,GR0000000126,2024-10-31,2024-10-31,32334.0,Direct Debit,Paid,0.0
PMT-ED82FE69,VAT-D9DED5BD,GR0000000126,2025-01-31,2025-01-31,59738.0,Bank Transfer,Paid,0.0
PMT-ACBEC13B,VAT-28FFE7B4,GR0000000127,2022-04-30,2022-04-30,11946.0,Bank Transfer,Paid,0.0
PMT-2979DC32,VAT-99816950,GR0000000127,2022-07-31,2022-07-31,563.0,Online Payment,Paid,0.0
PMT-30B4F7CD,VAT-AA418E0A,GR0000000127,2022-10-31,2022-10-31,22807.0,Other,Paid,0.0
PMT-48AE87F7,VAT-535F53F8,GR0000000127,2023-01-31,2023-01-31,50880.0,Bank Transfer,Paid,0.0
PMT-AF8335B4,VAT-97920B9F,GR0000000127,2023-04-30,2023-04-30,14605.0,Bank Transfer,Paid,0.0
PMT-67257909,VAT-6CE6FB31,GR0000000127,2023-07-31,2023-07-31,15998.0,Direct Debit,Paid,0.0
PMT-FF1CE432,VAT-0182DB34,GR0000000127,2023-10-31,2023-10-31,10025.0,Bank Transfer,Paid,0.0
PMT-3470F78A,VAT-2B5A39DC,GR0000000127,2024-01-31,2024-02-03,15303.0,Bank Transfer,Paid,3.0
PMT-F3727D4C,VAT-44064ECF,GR0000000127,2024-04-30,2024-04-30,16893.0,Bank Transfer,Paid,0.0
PMT-7102BCA3,VAT-9F68EE82,GR0000000127,2024-07-31,2024-07-31,12682.0,Bank Transfer,Paid,0.0
PMT-07E3E2B9,VAT-CE8E156D,GR0000000127,2024-10-31,2024-10-31,20240.0,Direct Debit,Paid,0.0
PMT-F6DAFA41,VAT-C3CE8898,GR0000000127,2025-01-31,2025-01-31,7660.0,Bank Transfer,Paid,0.0
PMT-D9C55AD7,VAT-27D1C3E3,GR0000000128,2022-04-30,2022-04-30,37259.0,Other,Paid,0.0
PMT-33322F11,VAT-671AB4AE,GR0000000128,2022-07-31,2022-07-31,39706.0,Direct Debit,Paid,0.0
PMT-8EBFE04B,VAT-92368187,GR0000000128,2022-10-31,2022-10-31,36454.0,Bank Transfer,Paid,0.0
PMT-9CFD232B,VAT-1B423F8B,GR0000000128,2023-01-31,2023-01-31,44209.0,Bank Transfer,Paid,0.0
PMT-11C4AD78,VAT-6771E9CB,GR0000000128,2023-04-30,2023-04-30,28704.0,Bank Transfer,Paid,0.0
PMT-A17FB00B,VAT-2076ECFA,GR0000000128,2023-07-31,2023-07-31,27130.0,Bank Transfer,Paid,0.0
PMT-3F49BA00,VAT-ADFD3154,GR0000000128,2023-10-31,2023-10-31,29986.0,Bank Transfer,Paid,0.0
PMT-7599F417,VAT-817FB5F2,GR0000000128,2024-01-31,2024-01-31,30214.0,Direct Debit,Paid,0.0
PMT-E581A83C,VAT-0B52783D,GR0000000128,2024-04-30,2024-04-30,27188.0,Direct Debit,Paid,0.0
PMT-B51EC2C9,VAT-AD4900AA,GR0000000128,2024-07-31,2024-07-31,22224.0,Bank Transfer,Paid,0.0
PMT-96F67B5F,VAT-DE7B5E42,GR0000000128,2024-10-31,2024-10-31,25251.0,Direct Debit,Paid,0.0
PMT-06787191,VAT-A302A7ED,GR0000000128,2025-01-31,2025-01-31,32851.0,Online Payment,Paid,0.0
PMT-644FDE0D,VAT-65F0DF17,GR0000000129,2022-04-30,2022-04-30,4811.0,Direct Debit,Paid,0.0
PMT-DDB0A720,VAT-5267BF60,GR0000000129,2022-07-31,2022-07-31,10751.0,Bank Transfer,Paid,0.0
PMT-60D90FB6,VAT-75620758,GR0000000129,2022-10-31,2022-10-31,14265.0,Bank Transfer,Paid,0.0
PMT-EF9CD1A5,VAT-65BCDC5A,GR0000000129,2023-01-31,2023-01-31,4936.0,Direct Debit,Paid,0.0
PMT-D19E6381,VAT-3CC1E547,GR0000000129,2023-04-30,2023-04-30,4298.0,Bank Transfer,Paid,0.0
PMT-E7564832,VAT-62096C9F,GR0000000129,2023-07-31,2023-07-31,10698.0,Direct Debit,Paid,0.0
PMT-6D966858,VAT-4AAC58BB,GR0000000129,2023-10-31,2023-10-31,13876.0,Direct Debit,Paid,0.0
PMT-B7166AF2,VAT-FA0B0AE0,GR0000000129,2024-01-31,2024-01-31,11682.0,Bank Transfer,Paid,0.0
PMT-901A21A0,VAT-A80099D3,GR0000000129,2024-04-30,2024-04-30,3204.0,Bank Transfer,Paid,0.0
PMT-0EBD6695,VAT-EC63C682,GR0000000129,2024-07-31,2024-07-31,5157.0,Direct Debit,Paid,0.0
PMT-181B0962,VAT-941DF888,GR0000000129,2024-10-31,2024-10-31,10458.0,Bank Transfer,Paid,0.0
PMT-E995B688,VAT-49CF5B52,GR0000000129,2025-01-31,2025-01-31,7104.0,Bank Transfer,Paid,0.0
PMT-11A01A65,VAT-14C5B19A,GR0000000131,2022-04-30,2022-04-30,250589.0,Direct Debit,Paid,0.0
PMT-D386EF84,VAT-81640631,GR0000000131,2022-07-31,2022-07-31,653782.0,Bank Transfer,Paid,0.0
PMT-3E857571,VAT-FBCD8A1E,GR0000000131,2022-10-31,2022-10-31,722070.0,Bank Transfer,Paid,0.0
PMT-030C75D0,VAT-F0619FA0,GR0000000131,2023-01-31,2023-01-31,454128.0,Bank Transfer,Paid,0.0
PMT-4C2E1F76,VAT-17B00BEF,GR0000000131,2023-04-30,2023-04-30,240080.0,Direct Debit,Paid,0.0
PMT-F9A01385,VAT-200C7AD9,GR0000000131,2023-07-31,2023-07-31,469340.0,Bank Transfer,Paid,0.0
PMT-E6248468,VAT-31A1D91B,GR0000000131,2023-10-31,2023-10-31,971318.0,Bank Transfer,Paid,0.0
PMT-2ECC08DB,VAT-EE2EBDCA,GR0000000131,2024-01-31,2024-01-31,523608.0,Direct Debit,Paid,0.0
PMT-25BBD8FD,VAT-9FB91B40,GR0000000131,2024-04-30,2024-04-30,219784.0,Bank Transfer,Paid,0.0
PMT-F8E9521A,VAT-D01D9FD2,GR0000000131,2024-07-31,2024-07-31,578502.0,Other,Paid,0.0
PMT-088DFCCB,VAT-DB07F9EF,GR0000000131,2024-10-31,2024-10-31,905093.0,Bank Transfer,Paid,0.0
PMT-38AFC068,VAT-5A5F4929,GR0000000131,2025-01-31,2025-01-31,466737.0,Bank Transfer,Paid,0.0
PMT-A41BD741,VAT-E9E9967F,GR0000000133,2023-04-30,2023-04-30,79721.0,Bank Transfer,Paid,0.0
PMT-353EA115,VAT-F7159A1C,GR0000000133,2023-07-31,2023-07-31,57817.0,Bank Transfer,Paid,0.0
PMT-8E846508,VAT-759953A2,GR0000000133,2023-10-31,2023-10-31,69201.0,Bank Transfer,Paid,0.0
PMT-73820CBA,VAT-F37B96C9,GR0000000133,2024-01-31,2024-01-31,87519.0,Direct Debit,Paid,0.0
PMT-8459E5EF,VAT-1F809276,GR0000000133,2024-04-30,2024-04-30,62783.0,Bank Transfer,Paid,0.0
PMT-BC183AA3,VAT-9BD5F4BB,GR0000000133,2024-07-31,2024-07-31,51210.0,Direct Debit,Paid,0.0
PMT-55A85D1F,VAT-D7C5FD19,GR0000000133,2024-10-31,2024-10-31,77597.0,Bank Transfer,Partial,0.0
PMT-9F14F54B,VAT-1033386A,GR0000000133,2025-01-31,2025-01-31,78738.0,Bank Transfer,Paid,0.0
PMT-815D26AA,VAT-EABEC890,GR0000000135,2022-04-30,2022-04-30,28580.0,Bank Transfer,Paid,0.0
PMT-8B80B822,VAT-9EA98E53,GR0000000135,2022-07-31,2022-07-31,28423.0,Direct Debit,Paid,0.0
PMT-74A1D5CE,VAT-3840AAE5,GR0000000135,2022-10-31,2022-10-31,32038.0,Bank Transfer,Paid,0.0
PMT-C63D0414,VAT-99194CC7,GR0000000135,2023-01-31,2023-01-31,42772.0,Bank Transfer,Paid,0.0
PMT-58511D66,VAT-5C86551B,GR0000000135,2023-04-30,2023-04-30,25102.0,Direct Debit,Paid,0.0
PMT-D310C3FB,VAT-7C75EEDD,GR0000000135,2023-07-31,2023-07-31,29216.0,Direct Debit,Paid,0.0
PMT-5CC55A92,VAT-549CB9F9,GR0000000135,2023-10-31,2023-10-31,26531.0,Bank Transfer,Paid,0.0
PMT-EDE203A5,VAT-4ED20206,GR0000000135,2024-01-31,2024-01-31,33354.0,Bank Transfer,Paid,0.0
PMT-CDE3679C,VAT-9DA099AC,GR0000000135,2024-04-30,2024-04-30,37159.0,Online Payment,Paid,0.0
PMT-3EFDD85A,VAT-E4167743,GR0000000135,2024-07-31,2024-07-31,46632.0,Bank Transfer,Paid,0.0
PMT-47ED823F,VAT-E20528A3,GR0000000135,2024-10-31,2024-10-31,37181.0,Bank Transfer,Paid,0.0
PMT-B3424B24,VAT-AAC70240,GR0000000135,2025-01-31,2025-01-31,45061.0,Direct Debit,Paid,0.0
PMT-1EE76DDE,VAT-F2E0BE9B,GR0000000136,2022-04-30,2022-04-30,175.0,Direct Debit,Paid,0.0
PMT-9F6E3658,VAT-F6AD0675,GR0000000136,2022-07-31,2022-07-31,54.0,Direct Debit,Paid,0.0
PMT-3EDD43AC,VAT-26E20DAF,GR0000000136,2022-10-31,2022-10-31,754.0,Direct Debit,Paid,0.0
PMT-DB767C97,VAT-ED04CA38,GR0000000136,2023-01-31,2023-01-31,828.0,Bank Transfer,Paid,0.0
PMT-8DDFD779,VAT-B0DA225D,GR0000000136,2023-04-30,2023-04-30,575.0,Direct Debit,Paid,0.0
PMT-25AF7854,VAT-C7D65206,GR0000000136,2023-07-31,2023-07-31,426.0,Bank Transfer,Paid,0.0
PMT-0A97E904,VAT-6EB0B0B2,GR0000000136,2023-10-31,2023-10-31,299.0,Bank Transfer,Paid,0.0
PMT-3B5845AF,VAT-B838503F,GR0000000136,2024-01-31,2024-01-31,562.0,Bank Transfer,Paid,0.0
PMT-31B7ACCB,VAT-585F9244,GR0000000136,2024-04-30,2024-04-30,233.0,Direct Debit,Paid,0.0
PMT-90EA9C63,VAT-231F575D,GR0000000136,2024-07-31,2024-07-31,399.0,Direct Debit,Paid,0.0
PMT-42AC0CDA,VAT-EBDA72E1,GR0000000136,2024-10-31,2024-10-31,367.0,Bank Transfer,Paid,0.0
PMT-9BA65D34,VAT-A20C27E8,GR0000000136,2025-01-31,2025-01-31,330.0,Online Payment,Paid,0.0
PMT-54FA0BCA,VAT-EE9E281F,GR0000000139,2022-04-30,2022-04-30,6174.0,Direct Debit,Partial,0.0
PMT-1306FDF3,VAT-242C4C3E,GR0000000139,2022-07-31,2022-07-31,4764.0,Bank Transfer,Paid,0.0
PMT-23D761AA,VAT-2484950C,GR0000000139,2022-10-31,2022-10-31,1248.0,Bank Transfer,Paid,0.0
PMT-C0DB8251,VAT-7C822BF4,GR0000000139,2023-01-31,2023-01-31,2122.0,Bank Transfer,Partial,0.0
PMT-F598B148,VAT-379BD7B5,GR0000000139,2023-04-30,2023-04-30,4835.0,Bank Transfer,Paid,0.0
PMT-6132EB5A,VAT-D09B06A0,GR0000000139,2023-07-31,2023-07-31,285.0,Direct Debit,Paid,0.0
PMT-715D2720,VAT-BFC55802,GR0000000139,2023-10-31,2023-10-31,1559.0,Bank Transfer,Paid,0.0
PMT-2989F30A,VAT-026E6094,GR0000000139,2024-01-31,2024-01-31,1827.0,Online Payment,Paid,0.0
PMT-C7913D86,VAT-5B71847F,GR0000000139,2024-04-30,2024-04-30,6756.0,Direct Debit,Paid,0.0
PMT-146623F0,VAT-F1D24CAC,GR0000000139,2024-07-31,2024-07-31,1342.0,Direct Debit,Paid,0.0
PMT-73AF4042,VAT-38D19445,GR0000000139,2024-10-31,2024-10-31,4396.0,Bank Transfer,Paid,0.0
PMT-B1F66DF0,VAT-C380FC49,GR0000000139,2025-01-31,2025-01-31,2728.0,Direct Debit,Paid,0.0
PMT-B3B1395D,VAT-305F15A4,GR0000000141,2024-04-30,2024-04-30,73621.0,Bank Transfer,Paid,0.0
PMT-B12C6DE4,VAT-C957487F,GR0000000141,2024-07-31,2024-07-31,65211.0,Bank Transfer,Paid,0.0
PMT-EEC3E1B5,VAT-5F60C861,GR0000000141,2024-10-31,2024-11-05,101985.0,Bank Transfer,Paid,5.0
PMT-692E7533,VAT-70586DF6,GR0000000141,2025-01-31,2025-01-31,194291.0,Direct Debit,Paid,0.0
PMT-30897237,VAT-37654121,GR0000000146,2022-04-30,2022-04-30,5318.0,Bank Transfer,Paid,0.0
PMT-2F56F991,VAT-7A090B6C,GR0000000146,2022-07-31,2022-07-31,6433.0,Online Payment,Paid,0.0
PMT-A67D82D4,VAT-25115B78,GR0000000146,2022-10-31,2022-10-31,7887.0,Direct Debit,Paid,0.0
PMT-E040BFB5,VAT-DC3D5EF1,GR0000000146,2023-01-31,2023-01-31,6040.0,Online Payment,Paid,0.0
PMT-89F934AF,VAT-5DBFEBBB,GR0000000146,2023-04-30,2023-04-30,13381.0,Bank Transfer,Paid,0.0
PMT-91C838CB,VAT-53A031A3,GR0000000146,2023-07-31,2023-07-31,9466.0,Bank Transfer,Paid,0.0
PMT-601A4299,VAT-191A9A92,GR0000000146,2023-10-31,2023-10-31,9781.0,Online Payment,Paid,0.0
PMT-87D205D2,VAT-8BA6B865,GR0000000146,2024-01-31,2024-01-31,11033.0,Direct Debit,Paid,0.0
PMT-BF933249,VAT-2EE7A8AC,GR0000000146,2024-04-30,2024-04-30,7124.0,Online Payment,Partial,0.0
PMT-2EAFBA0E,VAT-B1A01921,GR0000000146,2024-07-31,2024-07-31,7737.0,Bank Transfer,Partial,0.0
PMT-3D46DDFE,VAT-5F938A6F,GR0000000146,2024-10-31,2024-10-31,8989.0,Direct Debit,Paid,0.0
PMT-3AE1EB24,VAT-7120F9FE,GR0000000146,2025-01-31,2025-01-31,4431.0,Bank Transfer,Paid,0.0
PMT-B61302B6,VAT-671C91B1,GR0000000150,2022-04-30,2022-04-30,664.0,Bank Transfer,Paid,0.0
PMT-FAA6EFEE,VAT-D6434EEC,GR0000000150,2022-07-31,2022-07-31,437.0,Direct Debit,Paid,0.0
PMT-A1B8E9CE,VAT-B585C837,GR0000000150,2022-10-31,2022-10-31,490.0,Direct Debit,Paid,0.0
PMT-DD2B7140,VAT-6BDECCA0,GR0000000150,2023-01-31,2023-01-31,499.0,Bank Transfer,Paid,0.0
PMT-6F8436DD,VAT-D2F35B9D,GR0000000150,2023-04-30,2023-04-30,41.0,Bank Transfer,Paid,0.0
PMT-091D83CE,VAT-12BDA0D5,GR0000000150,2023-07-31,2023-07-31,183.0,Direct Debit,Paid,0.0
PMT-9D05EFDC,VAT-7E10F4B9,GR0000000150,2023-10-31,2023-10-31,695.0,Bank Transfer,Paid,0.0
PMT-245F62C4,VAT-2BC14D2F,GR0000000150,2024-01-31,2024-01-31,893.0,Bank Transfer,Paid,0.0
PMT-CDA33C5C,VAT-4E8B5138,GR0000000150,2024-04-30,2024-04-30,316.0,Direct Debit,Paid,0.0
PMT-362B4D08,VAT-6ED85A51,GR0000000150,2024-07-31,2024-07-31,771.0,Bank Transfer,Paid,0.0
PMT-E828C6AE,VAT-FDD0BC6E,GR0000000150,2024-10-31,2024-10-31,866.0,Online Payment,Paid,0.0
PMT-20714F7D,VAT-36B02D8B,GR0000000150,2025-01-31,2025-01-31,981.0,Bank Transfer,Paid,0.0
PMT-B0795C74,VAT-B2A6A937,GR0000000151,2022-04-30,2022-04-30,313055.0,Direct Debit,Paid,0.0
PMT-C691AA83,VAT-D3CD03E2,GR0000000151,2022-07-31,2022-08-02,132097.0,Bank Transfer,Paid,2.0
PMT-7DAF1D0D,VAT-CA4B4779,GR0000000151,2022-10-31,2022-10-31,225127.0,Bank Transfer,Paid,0.0
PMT-4BE5CF6C,VAT-92D28B7A,GR0000000151,2023-01-31,2023-01-31,267314.0,Bank Transfer,Paid,0.0
PMT-5DF9EEAA,VAT-281A7486,GR0000000151,2023-04-30,2023-05-02,164004.0,Online Payment,Paid,2.0
PMT-A610E21F,VAT-892EE180,GR0000000151,2023-07-31,2023-07-31,228959.0,Direct Debit,Paid,0.0
PMT-59956994,VAT-DB4EEB28,GR0000000151,2023-10-31,2023-10-31,232505.0,Bank Transfer,Paid,0.0
PMT-88E3AFCB,VAT-CB7B71C1,GR0000000151,2024-01-31,2024-01-31,167500.0,Online Payment,Paid,0.0
PMT-A825122E,VAT-E9CCE1DC,GR0000000151,2024-04-30,2024-04-30,189501.0,Bank Transfer,Paid,0.0
PMT-AC180E22,VAT-1AD49CFF,GR0000000151,2024-07-31,2024-07-31,180838.0,Bank Transfer,Paid,0.0
PMT-5EFDDFE9,VAT-0C225C73,GR0000000151,2024-10-31,2024-10-31,137486.0,Other,Paid,0.0
PMT-69A467DC,VAT-69AD8D59,GR0000000151,2025-01-31,2025-01-31,263548.0,Bank Transfer,Paid,0.0
PMT-F7882C7E,VAT-68F00B93,GR0000000154,2022-04-30,2022-04-30,4807.0,Bank Transfer,Paid,0.0
PMT-4D9E9F42,VAT-4232155D,GR0000000154,2022-07-31,2022-08-02,4119.0,Direct Debit,Paid,2.0
PMT-D42E588C,VAT-174C8FCD,GR0000000154,2022-10-31,2022-10-31,8164.0,Bank Transfer,Paid,0.0
PMT-701F910D,VAT-6F68912A,GR0000000154,2023-01-31,2023-01-31,13501.0,Bank Transfer,Paid,0.0
PMT-E37880BF,VAT-39D11A3A,GR0000000154,2023-04-30,2023-04-30,9962.0,Online Payment,Paid,0.0
PMT-2A7C8F3E,VAT-4E4EF29A,GR0000000154,2023-07-31,2023-07-31,3456.0,Direct Debit,Paid,0.0
PMT-44DE7C40,VAT-6AACDA72,GR0000000154,2023-10-31,2023-10-31,5305.0,Bank Transfer,Paid,0.0
PMT-C74E043A,VAT-9C4F251A,GR0000000154,2024-01-31,2024-01-31,2987.0,Bank Transfer,Paid,0.0
PMT-D8C8C24B,VAT-8E486806,GR0000000154,2024-04-30,2024-04-30,4820.0,Online Payment,Partial,0.0
PMT-CE2635C5,VAT-50136A9A,GR0000000154,2024-07-31,2024-08-05,3515.0,Direct Debit,Partial,5.0
PMT-DF05A424,VAT-852A9A9D,GR0000000154,2024-10-31,2024-10-31,1830.0,Bank Transfer,Paid,0.0
PMT-DF02B7AB,VAT-592B6549,GR0000000154,2025-01-31,2025-01-31,1409.0,Bank Transfer,Paid,0.0
PMT-ACA54603,VAT-FF85EE0C,GR0000000155,2022-07-31,2022-07-31,1226.0,Bank Transfer,Paid,0.0
PMT-AB698E42,VAT-62C36821,GR0000000155,2023-04-30,2023-04-30,1518.0,Online Payment,Paid,0.0
PMT-1941B4A2,VAT-CC75B1F3,GR0000000155,2023-10-31,2023-10-31,1737.0,Bank Transfer,Paid,0.0
PMT-6A17ED02,VAT-EAC984E2,GR0000000155,2024-04-30,2024-04-30,1174.0,Bank Transfer,Paid,0.0
PMT-B395761A,VAT-B89C3551,GR0000000155,2024-07-31,2024-07-31,879.0,Online Payment,Paid,0.0
PMT-5099545F,VAT-A785834D,GR0000000156,2022-04-30,2022-04-30,5276.0,Direct Debit,Paid,0.0
PMT-8F116397,VAT-3B1A63CC,GR0000000156,2022-07-31,2022-07-31,3854.0,Online Payment,Paid,0.0
PMT-86AD28A4,VAT-B362A090,GR0000000156,2022-10-31,2022-10-31,4456.0,Bank Transfer,Paid,0.0
PMT-CFF8423A,VAT-CE1D78FD,GR0000000156,2023-01-31,2023-01-31,515.0,Bank Transfer,Paid,0.0
PMT-BA68EF1F,VAT-A29A5A54,GR0000000156,2023-04-30,2023-05-02,6726.0,Bank Transfer,Paid,2.0
PMT-F5FC95C4,VAT-1BA9C42D,GR0000000156,2023-07-31,2023-07-31,2823.0,Bank Transfer,Paid,0.0
PMT-085C5DE7,VAT-2E96269F,GR0000000156,2023-10-31,2023-10-31,5862.0,Bank Transfer,Paid,0.0
PMT-B67ECC5C,VAT-B36B3295,GR0000000156,2024-01-31,2024-01-31,3142.0,Direct Debit,Paid,0.0
PMT-B608492C,VAT-BA1DA4AF,GR0000000156,2024-04-30,2024-04-30,11566.0,Bank Transfer,Paid,0.0
PMT-9B410768,VAT-C93D15C8,GR0000000156,2024-07-31,2024-07-31,7515.0,Bank Transfer,Paid,0.0
PMT-D7D8BC66,VAT-C9AAE2D5,GR0000000156,2024-10-31,2024-10-31,4707.0,Bank Transfer,Paid,0.0
PMT-01B02E0C,VAT-4C816E93,GR0000000156,2025-01-31,2025-01-31,1656.0,Bank Transfer,Paid,0.0
PMT-6A29674D,VAT-B21FE1EB,GR0000000157,2022-04-30,2022-04-30,32392.0,Bank Transfer,Paid,0.0
PMT-05057FD8,VAT-9A873434,GR0000000157,2022-07-31,2022-07-31,32169.0,Bank Transfer,Paid,0.0
PMT-FE61FAC7,VAT-0E5525D3,GR0000000157,2022-10-31,2022-11-05,30046.0,Direct Debit,Paid,5.0
PMT-4C70056A,VAT-B1B01545,GR0000000157,2023-01-31,2023-01-31,32680.0,Bank Transfer,Paid,0.0
PMT-BF72513F,VAT-4B531086,GR0000000157,2023-04-30,2023-04-30,29961.0,Direct Debit,Paid,0.0
PMT-76DF5CB5,VAT-E261D713,GR0000000157,2023-07-31,2023-07-31,41487.0,Bank Transfer,Paid,0.0
PMT-EA8EB45D,VAT-0439B0A2,GR0000000157,2023-10-31,2023-10-31,41700.0,Direct Debit,Paid,0.0
PMT-5052B5B6,VAT-47F58161,GR0000000157,2024-01-31,2024-01-31,36856.0,Bank Transfer,Paid,0.0
PMT-0801898C,VAT-A497C654,GR0000000157,2024-04-30,2024-04-30,37699.0,Bank Transfer,Paid,0.0
PMT-FEACF44B,VAT-F1C89AD0,GR0000000157,2024-07-31,2024-08-05,34424.0,Direct Debit,Paid,5.0
PMT-5EF11A33,VAT-85F79B20,GR0000000157,2024-10-31,2024-10-31,38152.0,Direct Debit,Paid,0.0
PMT-264F441D,VAT-1C78522A,GR0000000157,2025-01-31,2025-02-03,36259.0,Online Payment,Paid,3.0
PMT-7AD2667D,VAT-67C1288B,GR0000000158,2022-04-30,2022-05-05,39603.0,Bank Transfer,Paid,5.0
PMT-FE1671F6,VAT-88AB2BC7,GR0000000158,2022-07-31,2022-07-31,32580.0,Bank Transfer,Paid,0.0
PMT-20714630,VAT-6FAA3261,GR0000000158,2022-10-31,2022-10-31,30979.0,Bank Transfer,Paid,0.0
PMT-6C5CC4AC,VAT-B488C406,GR0000000158,2023-01-31,2023-01-31,46140.0,Bank Transfer,Paid,0.0
PMT-0C6230DC,VAT-7E109D9C,GR0000000158,2023-04-30,2023-04-30,35684.0,Bank Transfer,Paid,0.0
PMT-5078A9C4,VAT-9FD94381,GR0000000158,2023-07-31,2023-07-31,44165.0,Bank Transfer,Paid,0.0
PMT-65D4A8BF,VAT-3144FAD4,GR0000000158,2023-10-31,2023-10-31,50071.0,Bank Transfer,Paid,0.0
PMT-D229062A,VAT-52CB9967,GR0000000158,2024-01-31,2024-01-31,43031.0,Direct Debit,Paid,0.0
PMT-725831B7,VAT-48B2FC88,GR0000000158,2024-04-30,2024-04-30,43952.0,Bank Transfer,Paid,0.0
PMT-4C214B2E,VAT-63D830E7,GR0000000158,2024-07-31,2024-07-31,35637.0,Bank Transfer,Paid,0.0
PMT-EF571C83,VAT-B2638CBC,GR0000000158,2024-10-31,2024-10-31,52248.0,Bank Transfer,Paid,0.0
PMT-2192CED9,VAT-561A925C,GR0000000158,2025-01-31,2025-01-31,57390.0,Bank Transfer,Paid,0.0
PMT-B16C985F,VAT-67C062D9,GR0000000159,2022-04-30,2022-04-30,5371.0,Direct Debit,Paid,0.0
PMT-78B5BFB8,VAT-42CB21AA,GR0000000159,2022-07-31,2022-07-31,9301.0,Bank Transfer,Paid,0.0
PMT-9C8977E7,VAT-900CA914,GR0000000159,2022-10-31,2022-10-31,5143.0,Direct Debit,Paid,0.0
PMT-E032C52E,VAT-86CCE974,GR0000000159,2023-01-31,2023-01-31,3306.0,Online Payment,Paid,0.0
PMT-D84DCF3F,VAT-01209034,GR0000000159,2023-04-30,2023-04-30,2062.0,Bank Transfer,Paid,0.0
PMT-7323E2A7,VAT-7FD7B612,GR0000000159,2023-07-31,2023-07-31,9954.0,Bank Transfer,Paid,0.0
PMT-33AF01F9,VAT-CB78D61D,GR0000000159,2023-10-31,2023-11-03,2486.0,Direct Debit,Paid,3.0
PMT-88951914,VAT-84BD75CB,GR0000000159,2024-01-31,2024-01-31,988.0,Bank Transfer,Paid,0.0
PMT-20ECA48F,VAT-190DE933,GR0000000159,2024-04-30,2024-04-30,12704.0,Bank Transfer,Paid,0.0
PMT-4EB0C114,VAT-260F7D9D,GR0000000159,2024-07-31,2024-07-31,10990.0,Bank Transfer,Paid,0.0
PMT-FE5383BD,VAT-3E7C345C,GR0000000159,2024-10-31,2024-10-31,5470.0,Bank Transfer,Paid,0.0
PMT-2DEE1F6A,VAT-2761D7AD,GR0000000159,2025-01-31,2025-01-31,2727.0,Bank Transfer,Paid,0.0
PMT-10246A5A,VAT-12D5A5D4,GR0000000162,2022-04-30,2022-04-30,684327.0,Direct Debit,Paid,0.0
PMT-6C4B6DE1,VAT-C7731861,GR0000000162,2022-07-31,2022-07-31,1410508.0,Bank Transfer,Paid,0.0
PMT-3349527B,VAT-FC1F2FDF,GR0000000162,2022-10-31,2022-10-31,2435670.0,Bank Transfer,Paid,0.0
PMT-9C9D7C50,VAT-4359E716,GR0000000162,2023-01-31,2023-01-31,1497480.0,Bank Transfer,Partial,0.0
PMT-F2105BA2,VAT-0E94FCFB,GR0000000162,2023-04-30,2023-05-02,528462.0,Bank Transfer,Paid,2.0
PMT-82D1E57B,VAT-C2A8189D,GR0000000162,2023-07-31,2023-07-31,1808246.0,Direct Debit,Paid,0.0
PMT-80E3B62D,VAT-8ADC0AA7,GR0000000162,2023-10-31,2023-10-31,3028165.0,Bank Transfer,Paid,0.0
PMT-F8137C5D,VAT-F15A8BB5,GR0000000162,2024-01-31,2024-01-31,839117.0,Direct Debit,Paid,0.0
PMT-3B7B4E4E,VAT-87B8BB7B,GR0000000162,2024-04-30,2024-04-30,766452.0,Direct Debit,Paid,0.0
PMT-15FA583B,VAT-888646B2,GR0000000162,2024-07-31,2024-08-05,1442618.0,Direct Debit,Paid,5.0
PMT-F0144017,VAT-4DA19D8F,GR0000000162,2024-10-31,2024-10-31,1784475.0,Direct Debit,Paid,0.0
PMT-70C725CC,VAT-BC3F87C5,GR0000000162,2025-01-31,2025-02-04,941255.0,Direct Debit,Paid,4.0
PMT-CEBF2278,VAT-5F8506D2,GR0000000164,2022-04-30,2022-04-30,392832.0,Bank Transfer,Partial,0.0
PMT-4E1B5923,VAT-E5D33273,GR0000000164,2022-07-31,2022-07-31,425622.0,Online Payment,Paid,0.0
PMT-F5C491C8,VAT-7E0C2819,GR0000000164,2022-10-31,,0.0,,Unpaid,
PMT-7E82C20D,VAT-8138F4BF,GR0000000164,2023-01-31,2023-01-31,414448.0,Bank Transfer,Paid,0.0
PMT-F8705F99,VAT-E422981E,GR0000000164,2023-04-30,2023-04-30,408600.0,Bank Transfer,Paid,0.0
PMT-BC6B8E16,VAT-C6BC7873,GR0000000164,2023-07-31,2023-08-03,332363.0,Bank Transfer,Paid,3.0
PMT-EFF642D0,VAT-D89B970E,GR0000000164,2023-10-31,2023-10-31,363920.0,Online Payment,Paid,0.0
PMT-C0035323,VAT-0B045359,GR0000000164,2024-01-31,2024-01-30,344795.0,Other,Paid,0.0
PMT-914C567D,VAT-5F3E2B8D,GR0000000164,2024-04-30,2024-04-29,211148.0,Bank Transfer,Partial,0.0
PMT-DEE85D13,VAT-8F5D9A8C,GR0000000164,2024-07-31,2024-07-30,286383.0,Bank Transfer,Paid,0.0
PMT-BA6E3EE4,VAT-91EB3D91,GR0000000164,2024-10-31,2024-10-30,236251.0,Direct Debit,Partial,0.0
PMT-8D4C6116,VAT-D2859210,GR0000000164,2025-01-31,2025-01-30,318604.0,Bank Transfer,Paid,0.0
PMT-BB1B762F,VAT-D9836E4B,GR0000000166,2022-04-30,2022-04-30,25367.0,Bank Transfer,Paid,0.0
PMT-3AEFDA47,VAT-4D2E6A4F,GR0000000166,2022-07-31,2022-07-31,26652.0,Bank Transfer,Paid,0.0
PMT-78CA3DB2,VAT-274B3E24,GR0000000166,2022-10-31,2022-10-31,31513.0,Bank Transfer,Paid,0.0
PMT-4D961034,VAT-A4045FF0,GR0000000166,2023-01-31,2023-01-31,25819.0,Bank Transfer,Paid,0.0
PMT-ACA586DC,VAT-0977E8A5,GR0000000166,2023-04-30,2023-04-30,49116.0,Bank Transfer,Paid,0.0
PMT-1B82BBEF,VAT-D0345AA8,GR0000000166,2023-07-31,2023-07-31,56434.0,Bank Transfer,Paid,0.0
PMT-C6D14664,VAT-632C9547,GR0000000166,2023-10-31,2023-10-31,50006.0,Bank Transfer,Paid,0.0
PMT-34344A3D,VAT-092F9B30,GR0000000166,2024-01-31,2024-01-31,40726.0,Online Payment,Paid,0.0
PMT-5B337386,VAT-A6AC1E69,GR0000000166,2024-04-30,2024-04-30,43151.0,Bank Transfer,Paid,0.0
PMT-91A70620,VAT-AA9B5E87,GR0000000166,2024-07-31,2024-07-31,42523.0,Online Payment,Paid,0.0
PMT-83C5668E,VAT-5F7A5AC4,GR0000000166,2024-10-31,2024-10-31,27768.0,Direct Debit,Paid,0.0
PMT-F3E51863,VAT-17E446C6,GR0000000166,2025-01-31,2025-01-31,40154.0,Direct Debit,Paid,0.0
PMT-D26E7C4E,VAT-5FC4F7EC,GR0000000168,2022-04-30,2022-04-30,981371.0,Direct Debit,Paid,0.0
PMT-9CCFE0F8,VAT-037D8C0A,GR0000000168,2022-07-31,2022-07-31,924968.0,Bank Transfer,Paid,0.0
PMT-5BF68D5E,VAT-84581911,GR0000000168,2022-10-31,2022-10-31,928168.0,Online Payment,Paid,0.0
PMT-8D6D80A1,VAT-9A3BD549,GR0000000168,2023-01-31,2023-01-31,820037.0,Bank Transfer,Paid,0.0
PMT-89E47BC7,VAT-B2C64CA1,GR0000000168,2023-04-30,2023-04-30,1187149.0,Bank Transfer,Paid,0.0
PMT-C7E9A69C,VAT-38D28D01,GR0000000168,2023-07-31,2023-07-31,975699.0,Bank Transfer,Paid,0.0
PMT-FB45C9C7,VAT-6762038A,GR0000000168,2023-10-31,2023-10-31,985953.0,Direct Debit,Paid,0.0
PMT-F2C37346,VAT-11B85CE1,GR0000000168,2024-01-31,2024-01-31,1110629.0,Direct Debit,Paid,0.0
PMT-FC2C8783,VAT-148B51AD,GR0000000168,2024-04-30,2024-04-30,1435632.0,Direct Debit,Paid,0.0
PMT-FEFC8C64,VAT-A440AA67,GR0000000168,2024-07-31,2024-08-03,1437660.0,Direct Debit,Paid,3.0
PMT-69F5130C,VAT-36B393C3,GR0000000168,2024-10-31,2024-10-31,1583016.0,Direct Debit,Paid,0.0
PMT-493CAB2D,VAT-B5128BD9,GR0000000168,2025-01-31,2025-01-31,1827038.0,Direct Debit,Paid,0.0
PMT-F4CB7561,VAT-12327C2E,GR0000000170,2024-07-31,2024-08-08,93.0,Direct Debit,Paid,8.0
PMT-D7506C0D,VAT-A2E774ED,GR0000000170,2025-01-31,2025-02-13,60.0,Bank Transfer,Paid,13.0
PMT-736A3C26,VAT-3A514877,GR0000000172,2022-04-30,2022-04-30,1884.0,Direct Debit,Paid,0.0
PMT-2572569C,VAT-0EDEF4CC,GR0000000172,2022-07-31,2022-07-31,1916.0,Bank Transfer,Paid,0.0
PMT-8FE06C44,VAT-7B56A1F3,GR0000000172,2022-10-31,2022-10-31,2248.0,Online Payment,Paid,0.0
PMT-F25CCB8B,VAT-660F0167,GR0000000172,2023-01-31,2023-01-31,2382.0,Direct Debit,Paid,0.0
PMT-C1003054,VAT-EBF878DE,GR0000000172,2023-04-30,2023-04-30,2617.0,Direct Debit,Paid,0.0
PMT-EFA5CFDE,VAT-300B36A5,GR0000000172,2023-07-31,2023-07-31,3302.0,Bank Transfer,Paid,0.0
PMT-7DCE4BD1,VAT-F59424AE,GR0000000172,2023-10-31,2023-10-31,2465.0,Bank Transfer,Paid,0.0
PMT-EA91D309,VAT-B41E4DAF,GR0000000172,2024-01-31,2024-01-31,2716.0,Bank Transfer,Paid,0.0
PMT-6E2254B6,VAT-9FB90E73,GR0000000172,2024-04-30,2024-04-30,1030.0,Bank Transfer,Paid,0.0
PMT-63647160,VAT-4A98AD80,GR0000000172,2024-07-31,2024-07-31,915.0,Direct Debit,Partial,0.0
PMT-FE9148C4,VAT-19815E0F,GR0000000172,2024-10-31,2024-10-31,707.0,Direct Debit,Partial,0.0
PMT-F216B32A,VAT-E3CC88BF,GR0000000172,2025-01-31,2025-01-31,801.0,Bank Transfer,Partial,0.0
PMT-A5F13107,VAT-6D64B7E1,GR0000000173,2022-04-30,2022-04-30,5591.0,Online Payment,Paid,0.0
PMT-426E6003,VAT-9B46356F,GR0000000173,2022-07-31,2022-07-31,7792.0,Online Payment,Paid,0.0
PMT-7B460F38,VAT-6E72B6A8,GR0000000173,2022-10-31,2022-10-31,977.0,Direct Debit,Paid,0.0
PMT-D3E60F7F,VAT-3805929E,GR0000000173,2023-01-31,2023-01-31,9859.0,Bank Transfer,Paid,0.0
PMT-7E46F99B,VAT-451C2848,GR0000000173,2023-04-30,2023-04-30,14009.0,Bank Transfer,Paid,0.0
PMT-748FAF8B,VAT-E832AF7A,GR0000000173,2023-07-31,2023-07-31,1397.0,Direct Debit,Paid,0.0
PMT-6892E11C,VAT-52ADEA08,GR0000000173,2023-10-31,2023-10-31,8589.0,Online Payment,Paid,0.0
PMT-ED7CE1C3,VAT-B328AF17,GR0000000173,2024-01-31,2024-02-05,1626.0,Online Payment,Paid,5.0
PMT-E197C66A,VAT-386BB2B2,GR0000000173,2024-04-30,2024-04-30,15384.0,Direct Debit,Paid,0.0
PMT-CC7DFD5F,VAT-7303BCA6,GR0000000173,2024-07-31,2024-07-31,9158.0,Bank Transfer,Partial,0.0
PMT-2AFAD7EB,VAT-11A6CB87,GR0000000173,2024-10-31,2024-10-31,6441.0,Direct Debit,Paid,0.0
PMT-C1E4F8DD,VAT-2F7B5BD3,GR0000000173,2025-01-31,2025-01-31,2726.0,Direct Debit,Paid,0.0
PMT-E70B1F48,VAT-30F939CF,GR0000000174,2022-04-30,2022-04-30,2850.0,Direct Debit,Paid,0.0
PMT-92E61078,VAT-2289B10F,GR0000000174,2022-07-31,2022-07-31,3175.0,Direct Debit,Paid,0.0
PMT-72E02817,VAT-455BDD7F,GR0000000174,2022-10-31,2022-10-31,3247.0,Bank Transfer,Paid,0.0
PMT-E7E56C03,VAT-6B679EB3,GR0000000174,2023-01-31,2023-01-31,3080.0,Bank Transfer,Paid,0.0
PMT-CFCFE9A0,VAT-D3480424,GR0000000174,2023-04-30,2023-04-30,2349.0,Bank Transfer,Paid,0.0
PMT-56DCB9C6,VAT-D9807E0E,GR0000000174,2023-07-31,2023-07-31,3072.0,Direct Debit,Paid,0.0
PMT-A921771D,VAT-3349219A,GR0000000174,2023-10-31,2023-10-31,2260.0,Direct Debit,Paid,0.0
PMT-E173DE07,VAT-EA5DA0B8,GR0000000174,2024-01-31,2024-01-31,3141.0,Bank Transfer,Paid,0.0
PMT-06BFDB51,VAT-97BFCFAC,GR0000000174,2024-04-30,2024-04-30,2985.0,Other,Paid,0.0
PMT-E76EFBD7,VAT-E2B35414,GR0000000174,2024-07-31,2024-07-31,2571.0,Direct Debit,Paid,0.0
PMT-2D421BCB,VAT-F9E695B3,GR0000000174,2024-10-31,2024-10-31,3183.0,Bank Transfer,Paid,0.0
PMT-7C33DF14,VAT-7E30FEC1,GR0000000174,2025-01-31,2025-01-31,3174.0,Bank Transfer,Paid,0.0
PMT-55420C4A,VAT-83015FAD,GR0000000176,2022-07-31,2022-07-31,7013.0,Bank Transfer,Paid,0.0
PMT-C2616E8C,VAT-C357CD37,GR0000000176,2022-10-31,2022-11-13,3165.0,Direct Debit,Paid,13.0
PMT-3E5EF5A7,VAT-8F942F68,GR0000000176,2023-01-31,2023-01-31,2174.0,Bank Transfer,Paid,0.0
PMT-A46BDEC2,VAT-DB93F5A0,GR0000000176,2023-04-30,2023-04-30,293.0,Direct Debit,Paid,0.0
PMT-897559D0,VAT-16BF503F,GR0000000176,2023-07-31,2023-07-31,562.0,Bank Transfer,Paid,0.0
PMT-11A05C1E,VAT-14D95EC9,GR0000000176,2023-10-31,2023-10-31,3493.0,Direct Debit,Paid,0.0
PMT-DDEB1983,VAT-E5099EF0,GR0000000176,2024-01-31,2024-01-31,2163.0,Bank Transfer,Paid,0.0
PMT-D6D8F8D3,VAT-C9A4B87A,GR0000000176,2024-04-30,2024-04-29,362.0,Bank Transfer,Paid,0.0
PMT-AC8D194E,VAT-CA75885D,GR0000000176,2024-07-31,2024-07-31,1074.0,Bank Transfer,Partial,0.0
PMT-F60CED4D,VAT-6EA86BEA,GR0000000176,2025-01-31,2025-01-30,1809.0,Bank Transfer,Paid,0.0
PMT-74DAFBBD,VAT-E79C419A,GR0000000180,2023-01-31,2023-01-31,47999.0,Direct Debit,Paid,0.0
PMT-A157E8D2,VAT-77244C05,GR0000000180,2023-07-31,2023-07-31,320381.0,Other,Paid,0.0
PMT-5B6697A5,VAT-05117EE3,GR0000000180,2024-04-30,2024-04-30,95997.0,Direct Debit,Paid,0.0
PMT-9FAF61D6,VAT-755B0BE1,GR0000000180,2025-01-31,2025-01-31,5166.0,Bank Transfer,Paid,0.0
PMT-2012C059,VAT-C0820FCB,GR0000000181,2022-04-30,2022-04-30,154736.0,Bank Transfer,Paid,0.0
PMT-2CCE8CF8,VAT-3FB86A09,GR0000000181,2022-07-31,2022-07-31,143634.0,Direct Debit,Paid,0.0
PMT-59EB415F,VAT-E2151288,GR0000000181,2022-10-31,2022-10-31,147223.0,Direct Debit,Paid,0.0
PMT-F682E444,VAT-C6C9DC47,GR0000000181,2023-01-31,2023-01-31,163328.0,Online Payment,Paid,0.0
PMT-7036074F,VAT-E4B02B51,GR0000000181,2023-04-30,2023-04-30,337362.0,Bank Transfer,Paid,0.0
PMT-0E3CA04B,VAT-8E9B40CB,GR0000000181,2023-07-31,2023-07-31,317321.0,Bank Transfer,Paid,0.0
PMT-77C7E862,VAT-CF09B20D,GR0000000181,2023-10-31,2023-10-31,395517.0,Bank Transfer,Paid,0.0
PMT-F019192A,VAT-BB839C74,GR0000000181,2024-01-31,2024-01-31,422837.0,Bank Transfer,Paid,0.0
PMT-4428D2C4,VAT-2E1AA8E7,GR0000000181,2024-04-30,2024-04-30,326153.0,Direct Debit,Paid,0.0
PMT-E70AE62D,VAT-37AF764E,GR0000000181,2024-07-31,2024-07-31,296374.0,Direct Debit,Paid,0.0
PMT-4107E956,VAT-1958CB6F,GR0000000181,2024-10-31,2024-10-31,382319.0,Bank Transfer,Paid,0.0
PMT-A542C8C9,VAT-485D3ABB,GR0000000181,2025-01-31,2025-01-31,391125.0,Direct Debit,Paid,0.0
PMT-5DA5E397,VAT-B98604BF,GR0000000185,2022-04-30,2022-04-30,11668.0,Bank Transfer,Paid,0.0
PMT-B6E8D822,VAT-07A71E79,GR0000000185,2022-07-31,2022-07-31,9770.0,Bank Transfer,Paid,0.0
PMT-2CD03230,VAT-55C4F4EC,GR0000000185,2022-10-31,2022-10-31,5961.0,Direct Debit,Paid,0.0
PMT-3F719DD5,VAT-B83DEC28,GR0000000185,2023-01-31,2023-01-31,14244.0,Direct Debit,Paid,0.0
PMT-EE9E368B,VAT-0F97C3C6,GR0000000185,2023-04-30,2023-04-30,11862.0,Direct Debit,Paid,0.0
PMT-0EB10D90,VAT-4FF5EC42,GR0000000185,2023-07-31,2023-07-31,5302.0,Bank Transfer,Paid,0.0
PMT-A910A084,VAT-A9221E1C,GR0000000185,2023-10-31,2023-10-31,3336.0,Bank Transfer,Paid,0.0
PMT-9D920998,VAT-FE89A164,GR0000000185,2024-01-31,2024-02-04,7494.0,Direct Debit,Paid,4.0
PMT-A5286B83,VAT-F0BF499A,GR0000000185,2024-04-30,2024-04-30,7842.0,Direct Debit,Paid,0.0
PMT-DB549A11,VAT-CDEADE6B,GR0000000185,2024-07-31,2024-07-31,4672.0,Bank Transfer,Paid,0.0
PMT-CED83AAD,VAT-9A21A4CD,GR0000000185,2024-10-31,2024-10-31,2895.0,Direct Debit,Partial,0.0
PMT-8987BE29,VAT-F6F34AD2,GR0000000185,2025-01-31,2025-01-31,5727.0,Online Payment,Paid,0.0
PMT-5E8A2B9D,VAT-D116B645,GR0000000187,2022-04-30,2022-04-30,5756.0,Bank Transfer,Paid,0.0
PMT-C7CB8DBE,VAT-176EB9DF,GR0000000187,2022-07-31,2022-07-31,7067.0,Online Payment,Paid,0.0
PMT-8843ED79,VAT-8EA1C870,GR0000000187,2022-10-31,2022-10-31,7832.0,Bank Transfer,Paid,0.0
PMT-1B30C034,VAT-88DEC30A,GR0000000187,2023-01-31,2023-01-31,10314.0,Bank Transfer,Paid,0.0
PMT-A9892438,VAT-71FDE522,GR0000000187,2023-04-30,2023-04-30,4397.0,Bank Transfer,Paid,0.0
PMT-7CE5E6CD,VAT-96C82A5B,GR0000000187,2023-07-31,2023-07-31,3387.0,Bank Transfer,Paid,0.0
PMT-D6D26582,VAT-6DA6ADD1,GR0000000187,2023-10-31,2023-10-31,4186.0,Direct Debit,Paid,0.0
PMT-FFB4C865,VAT-3A26E2CA,GR0000000187,2024-01-31,2024-01-31,4846.0,Bank Transfer,Paid,0.0
PMT-06709439,VAT-5B9FD26D,GR0000000187,2024-04-30,2024-05-05,5224.0,Bank Transfer,Partial,5.0
PMT-CF2F2FC6,VAT-A58D0026,GR0000000187,2024-07-31,2024-07-31,8987.0,Bank Transfer,Paid,0.0
PMT-74BF058C,VAT-737D2BB1,GR0000000187,2024-10-31,2024-11-02,5682.0,Bank Transfer,Paid,2.0
PMT-5E683B74,VAT-E8E23B54,GR0000000187,2025-01-31,2025-02-02,9543.0,Bank Transfer,Paid,2.0
PMT-BFFBDB7C,VAT-7894B32F,GR0000000188,2022-04-30,2022-04-30,715442.0,Bank Transfer,Paid,0.0
PMT-5235F196,VAT-FA769479,GR0000000188,2022-07-31,2022-07-31,628731.0,Bank Transfer,Paid,0.0
PMT-17A31510,VAT-33E65B1F,GR0000000188,2022-10-31,2022-10-31,462740.0,Bank Transfer,Paid,0.0
PMT-C5310AE6,VAT-2AC896B7,GR0000000188,2023-01-31,2023-01-31,640194.0,Direct Debit,Paid,0.0
PMT-E827FD7D,VAT-4F99523E,GR0000000188,2023-04-30,2023-04-30,503488.0,Online Payment,Paid,0.0
PMT-755CBEEC,VAT-4A280354,GR0000000188,2023-07-31,2023-07-31,288537.0,Bank Transfer,Paid,0.0
PMT-ECA4D231,VAT-C584272B,GR0000000188,2023-10-31,2023-10-31,237696.0,Bank Transfer,Paid,0.0
PMT-EA73FEA5,VAT-16CB146D,GR0000000188,2024-01-31,2024-01-31,426796.0,Bank Transfer,Paid,0.0
PMT-B2B326CC,VAT-8054DF71,GR0000000188,2024-04-30,2024-05-01,1193054.0,Bank Transfer,Paid,1.0
PMT-A59C1A66,VAT-0984F0F2,GR0000000188,2024-07-31,2024-07-31,612993.0,Bank Transfer,Paid,0.0
PMT-B8FE9416,VAT-1E05E719,GR0000000188,2024-10-31,2024-10-31,648408.0,Direct Debit,Paid,0.0
PMT-29CF391B,VAT-51E71592,GR0000000188,2025-01-31,2025-01-31,781956.0,Bank Transfer,Paid,0.0
PMT-660BA034,VAT-2AC736EE,GR0000000190,2022-04-30,2022-05-13,755997.0,Bank Transfer,Paid,13.0
PMT-ADE9AD6E,VAT-E3B7DBE9,GR0000000190,2022-07-31,2022-08-15,812037.0,Bank Transfer,Paid,15.0
PMT-3A81068A,VAT-45ABE776,GR0000000190,2022-10-31,2022-10-30,672741.0,Other,Paid,0.0
PMT-DB8B6219,VAT-C5372070,GR0000000190,2023-01-31,2023-01-31,874331.0,Bank Transfer,Paid,0.0
PMT-0B95571A,VAT-58032761,GR0000000190,2023-04-30,2023-05-08,828236.0,Bank Transfer,Paid,8.0
PMT-D581ABE7,VAT-9A79B76E,GR0000000190,2023-07-31,2023-07-30,962825.0,Other,Paid,0.0
PMT-46769EF7,VAT-7F3C8B47,GR0000000190,2023-10-31,2023-11-04,840275.0,Direct Debit,Paid,4.0
PMT-0191A8BB,VAT-16DB3758,GR0000000190,2024-01-31,2024-01-31,1055486.0,Bank Transfer,Paid,0.0
PMT-D9F74EF1,VAT-8A648426,GR0000000190,2024-04-30,2024-04-30,355105.0,Bank Transfer,Paid,0.0
PMT-69980AA6,VAT-7171ECF4,GR0000000190,2024-07-31,2024-07-31,415037.0,Direct Debit,Paid,0.0
PMT-8D309141,VAT-4D9C9E82,GR0000000190,2024-10-31,2024-10-30,383703.0,Online Payment,Paid,0.0
PMT-E7A5ED1C,VAT-ED46A410,GR0000000190,2025-01-31,2025-01-30,494716.0,Online Payment,Paid,0.0
PMT-D156950F,VAT-480A51F5,GR0000000193,2022-04-30,2022-04-30,50488.0,Online Payment,Paid,0.0
PMT-9424FDF0,VAT-86E3ADFB,GR0000000193,2022-07-31,2022-07-31,38640.0,Bank Transfer,Paid,0.0
PMT-9B155318,VAT-C71AC623,GR0000000193,2022-10-31,2022-11-03,46482.0,Bank Transfer,Paid,3.0
PMT-F40322B2,VAT-E3D32A6F,GR0000000193,2023-01-31,2023-02-03,48373.0,Bank Transfer,Paid,3.0
PMT-97FF96F1,VAT-89E8AA68,GR0000000193,2023-04-30,2023-04-30,41556.0,Direct Debit,Paid,0.0
PMT-7E6E8A18,VAT-ED0F4DB4,GR0000000193,2023-07-31,2023-07-31,35091.0,Direct Debit,Paid,0.0
PMT-5480E07B,VAT-EB424867,GR0000000193,2023-10-31,2023-10-31,37070.0,Direct Debit,Paid,0.0
PMT-93FE8994,VAT-6A57B0A8,GR0000000193,2024-01-31,2024-01-31,34836.0,Bank Transfer,Paid,0.0
PMT-38C129A8,VAT-BFE84EB9,GR0000000193,2024-04-30,2024-04-30,31976.0,Direct Debit,Paid,0.0
PMT-CDFEFAD1,VAT-44374D42,GR0000000193,2024-07-31,2024-07-31,32088.0,Direct Debit,Paid,0.0
PMT-3CD2FAF1,VAT-61BCB295,GR0000000193,2024-10-31,2024-10-31,29747.0,Direct Debit,Paid,0.0
PMT-15BD862B,VAT-B7332BEC,GR0000000193,2025-01-31,2025-01-31,24625.0,Bank Transfer,Paid,0.0
PMT-C9A8E38E,VAT-4430CEC8,GR0000000194,2022-04-30,2022-04-30,183618.0,Bank Transfer,Paid,0.0
PMT-336C0D92,VAT-8F0E4D63,GR0000000194,2022-07-31,2022-07-31,166150.0,Direct Debit,Paid,0.0
PMT-2483464B,VAT-D2E7170F,GR0000000194,2022-10-31,2022-10-30,144398.0,Bank Transfer,Paid,0.0
PMT-356C399B,VAT-15BC441E,GR0000000194,2023-01-31,2023-02-11,209762.0,Bank Transfer,Paid,11.0
PMT-F01497D6,VAT-4B1D341D,GR0000000194,2023-04-30,2023-04-30,245436.0,Other,Paid,0.0
PMT-2692A581,VAT-195DA1D3,GR0000000194,2023-07-31,2023-08-01,235053.0,Bank Transfer,Paid,1.0
PMT-BFD8791E,VAT-8733BA0A,GR0000000194,2023-10-31,2023-11-12,138840.0,Bank Transfer,Partial,12.0
PMT-8156FF98,VAT-7D5EABCF,GR0000000194,2024-01-31,2024-02-11,310707.0,Bank Transfer,Paid,11.0
PMT-F4F6BAFB,VAT-6E3B3525,GR0000000194,2024-04-30,2024-05-10,193512.0,Bank Transfer,Paid,10.0
PMT-675D9476,VAT-2685FE69,GR0000000194,2024-07-31,2024-07-31,230158.0,Bank Transfer,Paid,0.0
PMT-E1339B82,VAT-1F41484B,GR0000000194,2024-10-31,2024-10-31,248321.0,Bank Transfer,Paid,0.0
PMT-633D383F,VAT-7D262640,GR0000000194,2025-01-31,2025-01-31,199555.0,Bank Transfer,Paid,0.0
PMT-4467E4FC,VAT-BDFD17D3,GR0000000197,2022-04-30,2022-04-30,5734.0,Direct Debit,Paid,0.0
PMT-4670604B,VAT-AF5CA960,GR0000000197,2022-07-31,2022-07-31,3092.0,Bank Transfer,Paid,0.0
PMT-62464E24,VAT-942B5BA9,GR0000000197,2022-10-31,2022-10-31,2730.0,Direct Debit,Paid,0.0
PMT-BA506DF4,VAT-F639E136,GR0000000197,2023-01-31,2023-01-31,5925.0,Online Payment,Paid,0.0
PMT-DFF890A4,VAT-5EE98D7F,GR0000000197,2023-04-30,2023-04-30,4808.0,Direct Debit,Paid,0.0
PMT-8701EE2B,VAT-B828E9E6,GR0000000197,2023-07-31,2023-07-31,2187.0,Bank Transfer,Paid,0.0
PMT-1301508F,VAT-E219B333,GR0000000197,2023-10-31,2023-10-31,3293.0,Bank Transfer,Paid,0.0
PMT-42574C88,VAT-C1A38DF1,GR0000000197,2024-01-31,2024-01-31,3366.0,Direct Debit,Paid,0.0
PMT-F8B9775D,VAT-F22876C8,GR0000000197,2024-04-30,2024-04-30,8687.0,Online Payment,Paid,0.0
PMT-19516711,VAT-C47F6FA2,GR0000000197,2024-07-31,2024-07-31,7275.0,Bank Transfer,Paid,0.0
PMT-E9008F13,VAT-6FFA4F50,GR0000000197,2024-10-31,2024-10-31,3863.0,Direct Debit,Paid,0.0
PMT-651F49B8,VAT-F4260312,GR0000000197,2025-01-31,2025-01-31,7492.0,Online Payment,Paid,0.0
PMT-AE60C211,VAT-189898A1,GR0000000198,2022-04-30,2022-04-30,4176.0,Bank Transfer,Partial,0.0
PMT-77C9CF1B,VAT-78390B32,GR0000000198,2022-10-31,2022-10-31,36032.0,Direct Debit,Paid,0.0
PMT-02A832D2,VAT-724A860A,GR0000000198,2023-04-30,2023-04-30,20431.0,Bank Transfer,Paid,0.0
PMT-13225382,VAT-DAD7F1EE,GR0000000198,2023-07-31,2023-07-31,34000.0,Direct Debit,Paid,0.0
PMT-AFA93C3A,VAT-23E76214,GR0000000198,2024-04-30,2024-04-30,21840.0,Bank Transfer,Paid,0.0
PMT-8A51A7F1,VAT-AD0CEB99,GR0000000198,2024-10-31,2024-10-31,29631.0,Direct Debit,Paid,0.0
PMT-FAC088D8,VAT-83B320E5,GR0000000200,2022-04-30,2022-04-30,1050.0,Direct Debit,Partial,0.0
PMT-0C0C3387,VAT-F2C6ED29,GR0000000200,2022-07-31,2022-07-31,1134.0,Bank Transfer,Paid,0.0
PMT-C7234FA7,VAT-08D89E97,GR0000000200,2022-10-31,,0.0,,Unpaid,
PMT-F458BD50,VAT-F898429C,GR0000000200,2023-01-31,2023-01-31,648.0,Online Payment,Partial,0.0
PMT-483D5FE2,VAT-013C0226,GR0000000200,2023-04-30,2023-04-30,1137.0,Direct Debit,Paid,0.0
PMT-190C5F41,VAT-2BA23415,GR0000000200,2023-07-31,2023-07-30,1596.0,Bank Transfer,Paid,0.0
PMT-F5249032,VAT-B3DB86E8,GR0000000200,2023-10-31,2023-10-30,1347.0,Bank Transfer,Paid,0.0
PMT-E4A7A0AD,VAT-3D172ED2,GR0000000200,2024-01-31,2024-01-31,1920.0,Bank Transfer,Paid,0.0
PMT-3621FACE,VAT-B508CD22,GR0000000200,2024-04-30,2024-04-30,975.0,Bank Transfer,Paid,0.0
PMT-74C2DBA8,VAT-B7224C1D,GR0000000200,2024-07-31,2024-07-31,890.0,Bank Transfer,Paid,0.0
PMT-B9E120F9,VAT-CD11C427,GR0000000200,2024-10-31,2024-10-30,975.0,Online Payment,Paid,0.0
PMT-46F2D829,VAT-34923232,GR0000000200,2025-01-31,,0.0,,Unpaid,
PMT-B6B7B34F,VAT-FB891DF9,GR0000000201,2022-04-30,2022-04-30,94291.0,Direct Debit,Paid,0.0
PMT-F3C19908,VAT-9DDA4AF8,GR0000000201,2022-07-31,2022-07-31,76069.0,Bank Transfer,Paid,0.0
PMT-317F2265,VAT-DD629151,GR0000000201,2022-10-31,2022-10-31,109988.0,Bank Transfer,Paid,0.0
PMT-92CCB2B6,VAT-75AC98FB,GR0000000201,2023-01-31,2023-01-31,86802.0,Bank Transfer,Paid,0.0
PMT-83D1CA83,VAT-1E9B99A7,GR0000000201,2023-04-30,2023-04-30,131159.0,Direct Debit,Paid,0.0
PMT-A4BD5E46,VAT-3F291584,GR0000000201,2023-07-31,2023-07-31,129419.0,Bank Transfer,Paid,0.0
PMT-4A7AC9DB,VAT-2671F52B,GR0000000201,2023-10-31,2023-10-31,112002.0,Bank Transfer,Paid,0.0
PMT-5DE0DF31,VAT-80AA307F,GR0000000201,2024-01-31,2024-01-31,121349.0,Bank Transfer,Paid,0.0
PMT-9782C2D1,VAT-F048B0C9,GR0000000201,2024-04-30,2024-04-30,79156.0,Bank Transfer,Paid,0.0
PMT-F6B02133,VAT-A8BBFAE8,GR0000000201,2024-07-31,2024-07-31,98683.0,Bank Transfer,Paid,0.0
PMT-216A946A,VAT-CB07DDAC,GR0000000201,2024-10-31,2024-10-31,108323.0,Bank Transfer,Paid,0.0
PMT-CE605254,VAT-09FD9180,GR0000000201,2025-01-31,2025-02-05,86591.0,Bank Transfer,Paid,5.0
PMT-AB839CC3,VAT-D4030ED6,GR0000000202,2022-04-30,2022-04-30,7191.0,Bank Transfer,Paid,0.0
PMT-C17AA34E,VAT-7C26EF6E,GR0000000202,2022-07-31,2022-07-31,6489.0,Bank Transfer,Paid,0.0
PMT-0EF89179,VAT-E250B733,GR0000000202,2022-10-31,2022-10-31,7550.0,Direct Debit,Paid,0.0
PMT-7A97BB82,VAT-FDBA7665,GR0000000202,2023-01-31,2023-01-31,5598.0,Bank Transfer,Paid,0.0
PMT-8EE999E5,VAT-3D9F89E0,GR0000000202,2023-04-30,2023-04-30,1231.0,Bank Transfer,Paid,0.0
PMT-B1F18EED,VAT-7BC2C546,GR0000000202,2023-07-31,2023-07-31,1088.0,Direct Debit,Paid,0.0
PMT-AD1D6CEB,VAT-6C4052DB,GR0000000202,2023-10-31,2023-10-31,1068.0,Bank Transfer,Paid,0.0
PMT-F3C717FF,VAT-7FE5EDB7,GR0000000202,2024-01-31,2024-01-31,1180.0,Bank Transfer,Paid,0.0
PMT-9BD1BC8A,VAT-A3C68530,GR0000000202,2024-04-30,2024-04-30,2631.0,Direct Debit,Paid,0.0
PMT-FFC4AA19,VAT-CDC82EB9,GR0000000202,2024-07-31,2024-07-31,2346.0,Bank Transfer,Paid,0.0
PMT-5F2A4462,VAT-F0F0AB5C,GR0000000202,2024-10-31,2024-10-31,2429.0,Direct Debit,Paid,0.0
PMT-115C4E75,VAT-D46E4790,GR0000000202,2025-01-31,2025-01-31,2508.0,Other,Partial,0.0
PMT-C9EF925E,VAT-43FEFD84,GR0000000203,2024-04-30,2024-04-30,1009.0,Bank Transfer,Paid,0.0
PMT-2D230DF6,VAT-72A06E08,GR0000000203,2024-07-31,2024-07-31,3563.0,Bank Transfer,Paid,0.0
PMT-C3B232B5,VAT-105275A5,GR0000000203,2024-10-31,2024-10-31,3916.0,Bank Transfer,Paid,0.0
PMT-01FC6746,VAT-CF872BB3,GR0000000203,2025-01-31,2025-01-31,1505.0,Bank Transfer,Paid,0.0
PMT-C4FE73BE,VAT-A79CF6B7,GR0000000206,2022-04-30,2022-04-30,15470.0,Direct Debit,Paid,0.0
PMT-C749BE8E,VAT-ADCE168D,GR0000000206,2022-07-31,2022-07-31,5110.0,Bank Transfer,Paid,0.0
PMT-B0B651DB,VAT-6D898B6A,GR0000000206,2022-10-31,2022-10-31,9381.0,Online Payment,Paid,0.0
PMT-2CB7EF56,VAT-0EA7670A,GR0000000206,2023-01-31,2023-01-31,15590.0,Bank Transfer,Paid,0.0
PMT-E31C23DB,VAT-5791AAB5,GR0000000206,2023-04-30,2023-04-30,11036.0,Bank Transfer,Paid,0.0
PMT-AAF6A9A5,VAT-B84CB678,GR0000000206,2023-07-31,2023-07-31,17178.0,Bank Transfer,Paid,0.0
PMT-475F8D5C,VAT-B35A41AC,GR0000000206,2023-10-31,2023-10-31,13639.0,Online Payment,Paid,0.0
PMT-87CD9BB4,VAT-DEBF0271,GR0000000206,2024-01-31,2024-02-05,18257.0,Direct Debit,Paid,5.0
PMT-E2DA542A,VAT-C9EF946A,GR0000000206,2024-04-30,2024-04-30,11471.0,Bank Transfer,Paid,0.0
PMT-575FD148,VAT-906CF5FC,GR0000000206,2024-07-31,2024-07-31,11926.0,Direct Debit,Paid,0.0
PMT-96CD8646,VAT-49C55692,GR0000000206,2024-10-31,2024-10-31,5437.0,Direct Debit,Paid,0.0
PMT-B5DDA2CF,VAT-4A4C2B05,GR0000000206,2025-01-31,2025-01-31,17747.0,Online Payment,Paid,0.0
PMT-56B85AF4,VAT-EE0C6097,GR0000000210,2022-04-30,2022-04-30,620484.0,Direct Debit,Paid,0.0
PMT-69D43C66,VAT-5231B37E,GR0000000210,2022-07-31,2022-07-31,639094.0,Direct Debit,Paid,0.0
PMT-7FB6297C,VAT-024D5C46,GR0000000210,2022-10-31,2022-10-31,615358.0,Direct Debit,Paid,0.0
PMT-1D8748A6,VAT-1441B605,GR0000000210,2023-01-31,2023-01-31,827921.0,Direct Debit,Paid,0.0
PMT-9B87A53E,VAT-F126871C,GR0000000210,2023-04-30,2023-05-04,741427.0,Bank Transfer,Paid,4.0
PMT-21C31F1B,VAT-F4D33D77,GR0000000210,2023-07-31,2023-07-31,726691.0,Direct Debit,Paid,0.0
PMT-EFEE5D5B,VAT-DCC8488F,GR0000000210,2023-10-31,2023-10-31,840184.0,Direct Debit,Paid,0.0
PMT-6D163541,VAT-FE477172,GR0000000210,2024-01-31,2024-01-31,820312.0,Direct Debit,Paid,0.0
PMT-81A3F879,VAT-B4B3B952,GR0000000210,2024-04-30,2024-04-30,649301.0,Direct Debit,Paid,0.0
PMT-F7AF0401,VAT-920454A6,GR0000000210,2024-07-31,2024-07-31,666329.0,Direct Debit,Paid,0.0
PMT-88B96626,VAT-A926CCC0,GR0000000210,2024-10-31,2024-10-31,597902.0,Direct Debit,Paid,0.0
PMT-C7408AF7,VAT-00B77999,GR0000000210,2025-01-31,2025-01-31,663503.0,Bank Transfer,Paid,0.0
PMT-BF2D1EBA,VAT-9294F57B,GR0000000213,2023-04-30,2023-04-30,216398.0,Direct Debit,Paid,0.0
PMT-A4CA625B,VAT-6DB39801,GR0000000213,2023-07-31,2023-07-31,455005.0,Bank Transfer,Paid,0.0
PMT-1C84E048,VAT-1482740D,GR0000000213,2023-10-31,2023-10-31,878205.0,Online Payment,Paid,0.0
PMT-D2E15160,VAT-4A0A49C3,GR0000000213,2024-01-31,2024-01-31,284373.0,Bank Transfer,Paid,0.0
PMT-E6EFC414,VAT-83D8BF2B,GR0000000213,2024-04-30,2024-04-30,110299.0,Direct Debit,Paid,0.0
PMT-CCA8F386,VAT-9A67B104,GR0000000213,2024-07-31,2024-07-31,406457.0,Bank Transfer,Paid,0.0
PMT-330FB2A5,VAT-5A1381F3,GR0000000213,2024-10-31,2024-10-31,495485.0,Bank Transfer,Paid,0.0
PMT-601E7596,VAT-2C8AF9A7,GR0000000213,2025-01-31,2025-01-31,233428.0,Direct Debit,Paid,0.0
PMT-735F2B5C,VAT-A2981218,GR0000000217,2022-04-30,2022-04-30,105.0,Bank Transfer,Partial,0.0
PMT-51AD00BB,VAT-8B2CC927,GR0000000217,2022-07-31,2022-07-31,79.0,Bank Transfer,Paid,0.0
PMT-4708378F,VAT-0731DCB9,GR0000000217,2022-10-31,2022-10-31,132.0,Direct Debit,Paid,0.0
PMT-9CD59AD3,VAT-19B3707A,GR0000000217,2023-07-31,2023-07-31,141.0,Bank Transfer,Paid,0.0
PMT-57247B7D,VAT-1DA3D0C0,GR0000000217,2023-10-31,2023-10-31,135.0,Bank Transfer,Paid,0.0
PMT-74128928,VAT-2F161547,GR0000000217,2024-01-31,2024-01-31,394.0,Bank Transfer,Paid,0.0
PMT-8584C25E,VAT-BB4261BA,GR0000000217,2024-07-31,2024-07-31,111.0,Bank Transfer,Paid,0.0
PMT-D5B6BDAC,VAT-0B7BACEA,GR0000000217,2024-10-31,2024-10-31,47.0,Other,Paid,0.0
PMT-9C5BFA10,VAT-573BB8D2,GR0000000219,2023-04-30,2023-04-30,1368.0,Bank Transfer,Partial,0.0
PMT-F5A064BD,VAT-E82E02B5,GR0000000219,2023-07-31,2023-07-31,1219.0,Online Payment,Paid,0.0
PMT-D8520EEF,VAT-DFA5FB78,GR0000000219,2023-10-31,2023-10-31,2460.0,Bank Transfer,Paid,0.0
PMT-A544A79A,VAT-5FC66AA1,GR0000000219,2024-01-31,2024-01-31,1588.0,Direct Debit,Paid,0.0
PMT-5033A6DB,VAT-B21BEB46,GR0000000219,2024-04-30,2024-04-30,1577.0,Bank Transfer,Paid,0.0
PMT-292CEEE9,VAT-18AF2D8D,GR0000000219,2024-07-31,2024-07-31,2663.0,Direct Debit,Paid,0.0
PMT-08530DD2,VAT-E823DB84,GR0000000219,2024-10-31,2024-10-31,701.0,Bank Transfer,Paid,0.0
PMT-DCD8FB9B,VAT-EA730F55,GR0000000219,2025-01-31,2025-01-31,4095.0,Bank Transfer,Paid,0.0
PMT-6E6B2A5E,VAT-47AB07DA,GR0000000220,2022-04-30,2022-04-30,11636.0,Bank Transfer,Paid,0.0
PMT-186AD150,VAT-13B725E7,GR0000000220,2022-07-31,2022-07-31,1607.0,Bank Transfer,Paid,0.0
PMT-FFCF2CAD,VAT-8069E520,GR0000000220,2022-10-31,2022-10-31,5097.0,Direct Debit,Paid,0.0
PMT-B3556AB9,VAT-5E38044C,GR0000000220,2023-01-31,2023-01-31,2504.0,Bank Transfer,Paid,0.0
PMT-8CA0740F,VAT-F3635690,GR0000000220,2023-04-30,2023-04-30,2176.0,Direct Debit,Paid,0.0
PMT-4E28778C,VAT-F2D895F1,GR0000000220,2023-07-31,2023-07-31,4785.0,Bank Transfer,Paid,0.0
PMT-AA6AB350,VAT-CC853E6B,GR0000000220,2023-10-31,2023-10-31,1890.0,Online Payment,Paid,0.0
PMT-A2E77ED5,VAT-4DB5F5B6,GR0000000220,2024-01-31,2024-01-31,3664.0,Bank Transfer,Paid,0.0
PMT-4A96231F,VAT-D59936BB,GR0000000220,2024-04-30,2024-04-30,4240.0,Other,Paid,0.0
PMT-97826000,VAT-D60ECFCE,GR0000000220,2024-07-31,2024-07-31,2694.0,Bank Transfer,Paid,0.0
PMT-192AEA8D,VAT-52F3E031,GR0000000220,2024-10-31,2024-10-31,5396.0,Bank Transfer,Paid,0.0
PMT-C9FEDF30,VAT-ED49F502,GR0000000220,2025-01-31,2025-01-31,4045.0,Bank Transfer,Partial,0.0
PMT-346CF9D0,VAT-B32B3CD0,GR0000000221,2022-04-30,2022-04-30,25436.0,Bank Transfer,Paid,0.0
PMT-7F8800F6,VAT-FC98C6E6,GR0000000221,2022-07-31,2022-07-31,87690.0,Bank Transfer,Paid,0.0
PMT-DD9BA40B,VAT-49E73FEF,GR0000000221,2022-10-31,2022-10-31,56953.0,Bank Transfer,Paid,0.0
PMT-E054FC9F,VAT-9C181E5C,GR0000000221,2023-01-31,2023-01-31,71912.0,Bank Transfer,Paid,0.0
PMT-6364B14A,VAT-C776D123,GR0000000221,2023-04-30,2023-04-30,24085.0,Bank Transfer,Paid,0.0
PMT-76498706,VAT-0B26BB14,GR0000000221,2023-07-31,2023-07-31,64556.0,Bank Transfer,Paid,0.0
PMT-2050334B,VAT-711BEF2D,GR0000000221,2023-10-31,2023-11-02,167756.0,Bank Transfer,Paid,2.0
PMT-9444ECCB,VAT-2FF07149,GR0000000221,2024-01-31,2024-01-31,73959.0,Bank Transfer,Paid,0.0
PMT-899DCB41,VAT-E39139B6,GR0000000221,2024-04-30,2024-04-30,36781.0,Bank Transfer,Paid,0.0
PMT-D137F863,VAT-433BE7CF,GR0000000221,2024-07-31,2024-07-31,119006.0,Direct Debit,Paid,0.0
PMT-7180A867,VAT-D45E0821,GR0000000221,2024-10-31,2024-10-31,175119.0,Direct Debit,Paid,0.0
PMT-64539B24,VAT-9F8BC92D,GR0000000221,2025-01-31,2025-01-31,54703.0,Bank Transfer,Paid,0.0
PMT-A5EBFFB0,VAT-ED0CAACE,GR0000000222,2022-04-30,2022-04-30,188.0,Bank Transfer,Paid,0.0
PMT-38514D98,VAT-164ECE03,GR0000000222,2023-01-31,2023-02-04,718.0,Bank Transfer,Paid,4.0
PMT-32EADB2B,VAT-AD25047E,GR0000000222,2023-04-30,2023-04-30,322.0,Bank Transfer,Paid,0.0
PMT-C72DF502,VAT-3F71E729,GR0000000222,2023-07-31,2023-07-31,46.0,Bank Transfer,Partial,0.0
PMT-633DC338,VAT-9EBED46C,GR0000000222,2024-01-31,2024-01-31,659.0,Direct Debit,Paid,0.0
PMT-0AF21AA1,VAT-88BF4299,GR0000000222,2024-04-30,2024-04-30,97.0,Direct Debit,Paid,0.0
PMT-C27A1AB7,VAT-B571E5FF,GR0000000222,2024-07-31,2024-07-31,80.0,Bank Transfer,Paid,0.0
PMT-1888012F,VAT-37E0A8EE,GR0000000222,2024-10-31,2024-10-31,247.0,Bank Transfer,Paid,0.0
PMT-C2623711,VAT-64EADC32,GR0000000223,2022-04-30,2022-04-30,9155.0,Bank Transfer,Paid,0.0
PMT-E5055489,VAT-DEB863DF,GR0000000223,2022-07-31,2022-07-31,8135.0,Direct Debit,Paid,0.0
PMT-BDCEFEB2,VAT-76981CB8,GR0000000223,2022-10-31,2022-10-31,6816.0,Bank Transfer,Paid,0.0
PMT-2630114E,VAT-6210FFB5,GR0000000223,2023-01-31,2023-01-31,6013.0,Direct Debit,Paid,0.0
PMT-CE839E33,VAT-450CE83E,GR0000000223,2023-04-30,2023-04-30,4676.0,Direct Debit,Paid,0.0
PMT-7BB09022,VAT-EC65CBD5,GR0000000223,2023-07-31,2023-07-31,6846.0,Online Payment,Paid,0.0
PMT-7F52E731,VAT-7ED825FF,GR0000000223,2023-10-31,2023-10-31,7862.0,Other,Paid,0.0
PMT-3C61C8B4,VAT-DE5D5D63,GR0000000223,2024-01-31,2024-01-31,4271.0,Bank Transfer,Paid,0.0
PMT-2D6E0A7E,VAT-C3053234,GR0000000223,2024-04-30,2024-04-30,2290.0,Bank Transfer,Paid,0.0
PMT-1973FE0E,VAT-7BE52C79,GR0000000223,2024-07-31,2024-07-31,4028.0,Bank Transfer,Paid,0.0
PMT-10B33257,VAT-EEC023AA,GR0000000223,2024-10-31,2024-10-31,3253.0,Bank Transfer,Paid,0.0
PMT-075FACAD,VAT-2C7802FB,GR0000000223,2025-01-31,2025-01-31,4621.0,Bank Transfer,Paid,0.0
PMT-455DCE0C,VAT-FC09A91F,GR0000000225,2024-07-31,2024-07-31,106.0,Direct Debit,Paid,0.0
PMT-D5FD8EBE,VAT-092F70FC,GR0000000226,2022-04-30,2022-04-30,340.0,Bank Transfer,Paid,0.0
PMT-E39881B7,VAT-0AF363B6,GR0000000226,2022-07-31,2022-07-31,1072.0,Direct Debit,Paid,0.0
PMT-D13EADE8,VAT-4618B0DA,GR0000000226,2023-01-31,2023-01-31,567.0,Direct Debit,Paid,0.0
PMT-ACB42A95,VAT-696DA19B,GR0000000226,2023-04-30,2023-04-30,399.0,Direct Debit,Paid,0.0
PMT-CAE82685,VAT-C56B7361,GR0000000226,2024-01-31,2024-01-31,340.0,Bank Transfer,Paid,0.0
PMT-E0CDC4A1,VAT-CC6A5AA3,GR0000000226,2024-07-31,2024-07-31,2639.0,Bank Transfer,Paid,0.0
PMT-031873CD,VAT-A34A2606,GR0000000226,2024-10-31,2024-10-31,2015.0,Direct Debit,Paid,0.0
PMT-75E23AA1,VAT-11A1E268,GR0000000228,2022-04-30,2022-04-30,1236.0,Bank Transfer,Paid,0.0
PMT-CE6547FD,VAT-E44C634A,GR0000000228,2022-07-31,2022-07-31,291.0,Bank Transfer,Paid,0.0
PMT-81A35A86,VAT-9FAF4821,GR0000000228,2022-10-31,2022-10-31,46.0,Bank Transfer,Paid,0.0
PMT-82B3AE05,VAT-56FF5946,GR0000000228,2023-01-31,2023-01-31,665.0,Bank Transfer,Paid,0.0
PMT-40BC0666,VAT-9D6EBF3E,GR0000000228,2023-04-30,2023-04-30,1505.0,Direct Debit,Paid,0.0
PMT-02FCE3B4,VAT-F9BEB951,GR0000000228,2023-07-31,2023-07-31,1320.0,Online Payment,Paid,0.0
PMT-35CE0706,VAT-45A66185,GR0000000228,2023-10-31,2023-10-31,1209.0,Bank Transfer,Paid,0.0
PMT-A548EFBF,VAT-5BE2621C,GR0000000228,2024-01-31,2024-02-03,436.0,Direct Debit,Paid,3.0
PMT-AC742B07,VAT-A9EDF0C9,GR0000000228,2024-04-30,2024-04-30,1468.0,Bank Transfer,Paid,0.0
PMT-032D4862,VAT-9A707BC0,GR0000000228,2024-07-31,2024-07-31,82.0,Direct Debit,Paid,0.0
PMT-B7C67A59,VAT-9692E675,GR0000000228,2024-10-31,2024-10-31,443.0,Direct Debit,Paid,0.0
PMT-5D3CC906,VAT-47395638,GR0000000228,2025-01-31,2025-01-31,1394.0,Direct Debit,Paid,0.0
PMT-47078D37,VAT-E2B56A59,GR0000000232,2024-10-31,2024-11-07,898.0,Online Payment,Paid,7.0
PMT-C3238E6C,VAT-69F7B224,GR0000000236,2022-04-30,2022-04-30,11284.0,Bank Transfer,Paid,0.0
PMT-969468AB,VAT-BED5E2E8,GR0000000236,2022-07-31,2022-07-31,46229.0,Bank Transfer,Paid,0.0
PMT-9772BC2B,VAT-975857B6,GR0000000236,2022-10-31,2022-10-31,70902.0,Bank Transfer,Paid,0.0
PMT-F944D8C5,VAT-D0FEC025,GR0000000236,2023-01-31,2023-01-31,17846.0,Direct Debit,Paid,0.0
PMT-EE3C7C93,VAT-0020B159,GR0000000236,2023-04-30,2023-04-30,8068.0,Direct Debit,Paid,0.0
PMT-245893AA,VAT-2E201E01,GR0000000236,2023-07-31,2023-07-31,20181.0,Other,Paid,0.0
PMT-CAD5B5B5,VAT-8AD53735,GR0000000236,2023-10-31,2023-10-31,32134.0,Bank Transfer,Paid,0.0
PMT-D46A0575,VAT-12D29D9F,GR0000000236,2024-01-31,2024-01-31,10074.0,Direct Debit,Partial,0.0
PMT-F0B0772B,VAT-C1EA91AB,GR0000000236,2024-04-30,2024-04-30,11627.0,Bank Transfer,Paid,0.0
PMT-5778ECE2,VAT-942BF213,GR0000000236,2024-07-31,2024-07-31,59235.0,Online Payment,Paid,0.0
PMT-F2513F9C,VAT-CD95EAA3,GR0000000236,2024-10-31,2024-10-31,45634.0,Bank Transfer,Paid,0.0
PMT-EC91A572,VAT-D5E72B65,GR0000000236,2025-01-31,2025-01-31,19916.0,Bank Transfer,Paid,0.0
PMT-C087D7C7,VAT-4DF8A648,GR0000000243,2022-04-30,2022-04-30,36390.0,Bank Transfer,Paid,0.0
PMT-3508BA8D,VAT-A002C4C8,GR0000000243,2022-07-31,2022-07-31,34985.0,Bank Transfer,Paid,0.0
PMT-2ED76085,VAT-C90FE3EB,GR0000000243,2022-10-31,2022-10-31,46065.0,Bank Transfer,Paid,0.0
PMT-E1648C8C,VAT-AAA8AEBB,GR0000000243,2023-01-31,2023-01-31,39330.0,Direct Debit,Paid,0.0
PMT-BA00172D,VAT-6CA37619,GR0000000243,2023-04-30,2023-04-30,16593.0,Bank Transfer,Paid,0.0
PMT-AC883D89,VAT-40C6E133,GR0000000243,2023-07-31,2023-07-31,22066.0,Bank Transfer,Paid,0.0
PMT-47E617EB,VAT-258C9E3E,GR0000000243,2023-10-31,2023-10-31,23213.0,Direct Debit,Paid,0.0
PMT-DDE9A7C0,VAT-1D6A101D,GR0000000243,2024-01-31,2024-01-31,25128.0,Bank Transfer,Paid,0.0
PMT-D50FC928,VAT-F7D4F572,GR0000000243,2024-04-30,2024-04-30,59048.0,Bank Transfer,Paid,0.0
PMT-41E0A0C3,VAT-42CC800E,GR0000000243,2024-07-31,2024-08-03,56470.0,Direct Debit,Paid,3.0
PMT-EAD3D1FC,VAT-9C79C72B,GR0000000243,2024-10-31,2024-10-31,47084.0,Bank Transfer,Paid,0.0
PMT-2E65C18D,VAT-495F4380,GR0000000243,2025-01-31,2025-01-31,50322.0,Online Payment,Paid,0.0
PMT-6F21F8EF,VAT-D1A82C93,GR0000000245,2022-04-30,2022-04-30,28767.0,Direct Debit,Paid,0.0
PMT-9C51F286,VAT-38FEEEE6,GR0000000245,2022-07-31,2022-07-31,195635.0,Bank Transfer,Paid,0.0
PMT-DB54E226,VAT-990550B3,GR0000000245,2022-10-31,2022-10-30,195549.0,Bank Transfer,Paid,0.0
PMT-0FE1998C,VAT-2F6568AC,GR0000000245,2023-04-30,2023-04-30,13890.0,Online Payment,Paid,0.0
PMT-61501E9C,VAT-CE30070D,GR0000000245,2023-07-31,2023-07-31,145037.0,Bank Transfer,Paid,0.0
PMT-F053120C,VAT-4BDF69E3,GR0000000245,2023-10-31,2023-11-04,15768.0,Bank Transfer,Partial,4.0
PMT-F7A03FD7,VAT-FA470B19,GR0000000245,2024-01-31,2024-01-31,105816.0,Bank Transfer,Paid,0.0
PMT-51B68B0F,VAT-4FF5DE10,GR0000000245,2024-04-30,2024-04-29,8710.0,Bank Transfer,Paid,0.0
PMT-3DC984A7,VAT-3A9088E2,GR0000000245,2024-10-31,2024-10-31,57644.0,Bank Transfer,Partial,0.0
PMT-742665E9,VAT-79D323DF,GR0000000245,2025-01-31,2025-01-30,70671.0,Other,Paid,0.0
PMT-2BFB386A,VAT-12148162,GR0000000246,2022-04-30,2022-04-30,25293.0,Bank Transfer,Paid,0.0
PMT-C39B084C,VAT-66226B92,GR0000000246,2022-07-31,2022-08-04,25522.0,Bank Transfer,Paid,4.0
PMT-F5D5D80B,VAT-A18FC68F,GR0000000246,2022-10-31,2022-10-31,27327.0,Bank Transfer,Paid,0.0
PMT-4BCDB916,VAT-3A048208,GR0000000246,2023-01-31,2023-01-31,33723.0,Direct Debit,Paid,0.0
PMT-589D1243,VAT-E2DE0C2F,GR0000000246,2023-04-30,2023-04-30,12439.0,Direct Debit,Paid,0.0
PMT-6D85D08F,VAT-25CB1101,GR0000000246,2023-07-31,2023-07-31,13858.0,Direct Debit,Paid,0.0
PMT-E1CF3E9F,VAT-4822A3AE,GR0000000246,2023-10-31,2023-10-31,13346.0,Bank Transfer,Paid,0.0
PMT-19042169,VAT-943BA5CD,GR0000000246,2024-01-31,2024-01-31,14807.0,Bank Transfer,Paid,0.0
PMT-2D4CCF44,VAT-20E9C846,GR0000000246,2024-04-30,2024-04-30,14371.0,Bank Transfer,Paid,0.0
PMT-1FE9CA29,VAT-29D5AC68,GR0000000246,2024-07-31,2024-07-31,9369.0,Bank Transfer,Paid,0.0
PMT-ED2E0159,VAT-CD425E73,GR0000000246,2024-10-31,2024-10-31,15083.0,Online Payment,Paid,0.0
PMT-CBEB4EAC,VAT-1E85059A,GR0000000246,2025-01-31,2025-01-31,13148.0,Bank Transfer,Paid,0.0
PMT-F0A64846,VAT-2EB2AAE6,GR0000000247,2022-04-30,2022-04-30,1332.0,Online Payment,Paid,0.0
PMT-BEC23213,VAT-8A9B9DC5,GR0000000247,2022-07-31,2022-07-31,921.0,Bank Transfer,Paid,0.0
PMT-38669C2E,VAT-BE9F7AE9,GR0000000247,2022-10-31,2022-11-01,3750.0,Bank Transfer,Paid,1.0
PMT-AB55162F,VAT-C2296632,GR0000000247,2023-01-31,2023-01-31,3526.0,Bank Transfer,Paid,0.0
PMT-41059435,VAT-59A5A38A,GR0000000247,2023-04-30,2023-04-30,1891.0,Direct Debit,Paid,0.0
PMT-21C94228,VAT-D4E06B1D,GR0000000247,2023-07-31,2023-08-03,1825.0,Bank Transfer,Paid,3.0
PMT-6AEDDA96,VAT-3CFA915A,GR0000000247,2023-10-31,2023-10-31,2888.0,Direct Debit,Paid,0.0
PMT-C204F2D2,VAT-36890318,GR0000000247,2024-01-31,2024-01-31,4168.0,Direct Debit,Paid,0.0
PMT-3D339DE8,VAT-5FDC81A2,GR0000000247,2024-04-30,2024-04-30,211.0,Bank Transfer,Partial,0.0
PMT-E67BBA9F,VAT-15B8A916,GR0000000247,2024-07-31,2024-07-31,1824.0,Direct Debit,Paid,0.0
PMT-A37C9B21,VAT-9A740955,GR0000000247,2024-10-31,2024-10-31,686.0,Direct Debit,Paid,0.0
PMT-619ED346,VAT-587F5627,GR0000000247,2025-01-31,2025-01-31,4894.0,Bank Transfer,Paid,0.0
PMT-AEE41563,VAT-0543471B,GR0000000253,2022-04-30,2022-04-30,1332.0,Bank Transfer,Paid,0.0
PMT-4728899C,VAT-079150F8,GR0000000253,2022-07-31,2022-07-31,1399.0,Bank Transfer,Paid,0.0
PMT-FB8C964B,VAT-F965AC7F,GR0000000253,2022-10-31,2022-10-31,1433.0,Bank Transfer,Partial,0.0
PMT-EB4EC26F,VAT-7809AEE2,GR0000000253,2023-01-31,2023-01-31,1258.0,Bank Transfer,Paid,0.0
PMT-2966EBBF,VAT-E750596D,GR0000000253,2023-04-30,2023-04-30,2807.0,Bank Transfer,Paid,0.0
PMT-3139C4C9,VAT-D8E1DCF8,GR0000000253,2023-07-31,2023-07-31,2008.0,Bank Transfer,Paid,0.0
PMT-337BF4C6,VAT-9655082F,GR0000000253,2023-10-31,2023-10-31,2192.0,Direct Debit,Paid,0.0
PMT-8C93823B,VAT-42DFA127,GR0000000253,2024-01-31,2024-01-31,2082.0,Online Payment,Paid,0.0
PMT-BD8B91A3,VAT-ED79EBE2,GR0000000253,2024-04-30,2024-04-30,1880.0,Bank Transfer,Paid,0.0
PMT-10EFDCB1,VAT-D5B7267F,GR0000000253,2024-07-31,2024-07-31,2118.0,Bank Transfer,Paid,0.0
PMT-F712E80F,VAT-18B809D7,GR0000000253,2024-10-31,2024-10-31,2171.0,Bank Transfer,Paid,0.0
PMT-EA9B6C6A,VAT-728EF818,GR0000000253,2025-01-31,2025-01-31,2436.0,Bank Transfer,Paid,0.0
PMT-5A78A55B,VAT-94E0069C,GR0000000257,2022-04-30,2022-04-30,674752.0,Bank Transfer,Paid,0.0
PMT-CF1F237B,VAT-ADCB66E0,GR0000000257,2022-07-31,2022-07-31,789432.0,Bank Transfer,Paid,0.0
PMT-4ABF0ADD,VAT-F2C1DC70,GR0000000257,2022-10-31,2022-10-31,667268.0,Bank Transfer,Paid,0.0
PMT-A6F0FB9C,VAT-BE57A6DA,GR0000000257,2023-01-31,2023-01-31,698750.0,Bank Transfer,Paid,0.0
PMT-46A7B1EE,VAT-07DF0DD6,GR0000000257,2023-04-30,2023-04-30,811588.0,Bank Transfer,Paid,0.0
PMT-BBBFB9BC,VAT-8459AF8B,GR0000000257,2023-07-31,2023-07-31,640766.0,Direct Debit,Paid,0.0
PMT-AA5E6078,VAT-BC10E805,GR0000000257,2023-10-31,2023-10-31,610672.0,Bank Transfer,Paid,0.0
PMT-66A476D0,VAT-DF8D76E1,GR0000000257,2024-01-31,2024-01-31,650022.0,Bank Transfer,Paid,0.0
PMT-F612E266,VAT-93D5430E,GR0000000257,2024-04-30,2024-04-30,343587.0,Bank Transfer,Paid,0.0
PMT-EDE8B718,VAT-405C6473,GR0000000257,2024-07-31,2024-07-31,329054.0,Bank Transfer,Paid,0.0
PMT-15FF0922,VAT-486E4E1A,GR0000000257,2024-10-31,2024-10-31,298858.0,Direct Debit,Paid,0.0
PMT-472768CD,VAT-7D01967A,GR0000000257,2025-01-31,2025-01-31,379737.0,Bank Transfer,Paid,0.0
PMT-74EB7F7C,VAT-B7824260,GR0000000259,2022-04-30,2022-04-30,1350.0,Bank Transfer,Paid,0.0
PMT-505F1BCE,VAT-34738B16,GR0000000259,2022-07-31,2022-07-31,1855.0,Online Payment,Paid,0.0
PMT-F683089A,VAT-43DA6003,GR0000000259,2022-10-31,2022-10-31,267.0,Direct Debit,Paid,0.0
PMT-84F1116A,VAT-C76042F6,GR0000000259,2023-01-31,2023-01-31,1705.0,Other,Paid,0.0
PMT-4F44DE8F,VAT-67A61EE0,GR0000000259,2023-04-30,2023-04-30,1963.0,Direct Debit,Paid,0.0
PMT-BF76237E,VAT-390D65D2,GR0000000259,2023-07-31,2023-07-31,483.0,Online Payment,Paid,0.0
PMT-67620A78,VAT-A4DCDBBF,GR0000000259,2023-10-31,2023-10-31,11095.0,Bank Transfer,Paid,0.0
PMT-68901897,VAT-E4E81D45,GR0000000259,2024-01-31,2024-01-31,3809.0,Direct Debit,Paid,0.0
PMT-2748DD51,VAT-4C273A22,GR0000000259,2024-04-30,2024-04-30,1395.0,Bank Transfer,Paid,0.0
PMT-2D3CA1F4,VAT-21854C6A,GR0000000259,2024-07-31,2024-07-31,2455.0,Online Payment,Paid,0.0
PMT-B7706221,VAT-AE1DF248,GR0000000259,2024-10-31,2024-10-31,5340.0,Bank Transfer,Paid,0.0
PMT-486F7421,VAT-FDE5107B,GR0000000259,2025-01-31,2025-01-31,2926.0,Bank Transfer,Paid,0.0
PMT-8D829750,VAT-929D4F96,GR0000000260,2022-04-30,2022-04-30,48035.0,Other,Paid,0.0
PMT-93AA6780,VAT-653A2745,GR0000000260,2022-10-31,2022-11-03,7063.0,Bank Transfer,Paid,3.0
PMT-38C4F59D,VAT-1D76B267,GR0000000260,2023-01-31,2023-01-31,11464.0,Online Payment,Paid,0.0
PMT-9418E1E5,VAT-171A53AC,GR0000000260,2023-04-30,2023-04-30,14593.0,Bank Transfer,Paid,0.0
PMT-1384E21F,VAT-2E0A6B3C,GR0000000260,2023-07-31,2023-07-31,1437.0,Bank Transfer,Paid,0.0
PMT-B869B219,VAT-C1481EF3,GR0000000260,2023-10-31,2023-10-31,54360.0,Other,Paid,0.0
PMT-A730250E,VAT-470B0EA9,GR0000000260,2024-01-31,2024-01-31,60896.0,Direct Debit,Paid,0.0
PMT-AA02EB62,VAT-D2687196,GR0000000260,2024-07-31,2024-07-31,116323.0,Direct Debit,Paid,0.0
PMT-CD46EB9C,VAT-D3D786EC,GR0000000260,2024-10-31,2024-10-31,36248.0,Direct Debit,Partial,0.0
PMT-2F9CBCE9,VAT-944E5937,GR0000000263,2022-04-30,2022-04-30,16086.0,Bank Transfer,Paid,0.0
PMT-B737481E,VAT-4A8BADFC,GR0000000263,2022-07-31,2022-07-31,13486.0,Bank Transfer,Paid,0.0
PMT-FAFD18B1,VAT-C6B46DAE,GR0000000263,2022-10-31,2022-10-31,13737.0,Bank Transfer,Paid,0.0
PMT-0E90AA88,VAT-005763E4,GR0000000263,2023-01-31,2023-01-31,21181.0,Bank Transfer,Paid,0.0
PMT-F7BEE86C,VAT-6B9C2213,GR0000000263,2023-04-30,2023-05-01,26229.0,Bank Transfer,Paid,1.0
PMT-438012D7,VAT-145A4815,GR0000000263,2023-07-31,2023-07-31,34164.0,Direct Debit,Paid,0.0
PMT-105AD387,VAT-79275D8F,GR0000000263,2023-10-31,2023-10-31,24220.0,Direct Debit,Paid,0.0
PMT-7DD2A81D,VAT-1F9FE839,GR0000000263,2024-01-31,2024-02-01,39883.0,Direct Debit,Paid,1.0
PMT-DDE92039,VAT-D4869CF8,GR0000000263,2024-04-30,2024-04-30,17370.0,Bank Transfer,Paid,0.0
PMT-DDB1E8C3,VAT-6F0915EC,GR0000000263,2024-07-31,2024-07-31,17380.0,Direct Debit,Partial,0.0
PMT-B456A364,VAT-AFC8E01A,GR0000000263,2024-10-31,2024-10-31,17440.0,Bank Transfer,Paid,0.0
PMT-AA5DE230,VAT-47C40B85,GR0000000263,2025-01-31,2025-01-31,18443.0,Direct Debit,Paid,0.0
PMT-50B1F1C0,VAT-0C026731,GR0000000264,2022-04-30,2022-04-30,1723.0,Direct Debit,Paid,0.0
PMT-F4DF9465,VAT-74F1C3E3,GR0000000264,2022-07-31,2022-07-31,7732.0,Bank Transfer,Paid,0.0
PMT-70ACE54A,VAT-019847EB,GR0000000264,2022-10-31,2022-10-31,11383.0,Direct Debit,Paid,0.0
PMT-82011968,VAT-B09B339C,GR0000000264,2023-01-31,2023-01-31,8735.0,Bank Transfer,Paid,0.0
PMT-8F8023A1,VAT-D3D0741E,GR0000000264,2023-04-30,2023-04-30,1452.0,Online Payment,Paid,0.0
PMT-E710CD16,VAT-3241F725,GR0000000264,2023-07-31,2023-07-31,7757.0,Bank Transfer,Paid,0.0
PMT-AD7BEA13,VAT-DE678579,GR0000000264,2023-10-31,2023-10-31,4778.0,Direct Debit,Paid,0.0
PMT-F2AC0DF3,VAT-79F781F0,GR0000000264,2024-01-31,2024-02-03,3736.0,Direct Debit,Paid,3.0
PMT-DFF26B9C,VAT-8A929C11,GR0000000264,2024-04-30,2024-04-30,2520.0,Bank Transfer,Paid,0.0
PMT-1E7AB1E3,VAT-18F50E72,GR0000000264,2024-07-31,2024-07-31,5873.0,Bank Transfer,Paid,0.0
PMT-B19E9582,VAT-193DBBAC,GR0000000264,2024-10-31,2024-10-31,8245.0,Bank Transfer,Paid,0.0
PMT-1467023F,VAT-8CE94843,GR0000000264,2025-01-31,2025-01-31,6164.0,Direct Debit,Paid,0.0
PMT-5A8B5B59,VAT-7357664A,GR0000000265,2022-04-30,2022-04-30,20041.0,Bank Transfer,Paid,0.0
PMT-10C29ECF,VAT-95B1AF81,GR0000000265,2022-07-31,2022-07-31,15110.0,Bank Transfer,Paid,0.0
PMT-28412D5F,VAT-E1AC5938,GR0000000265,2022-10-31,2022-10-31,4938.0,Bank Transfer,Paid,0.0
PMT-B9186D21,VAT-95A00536,GR0000000265,2023-01-31,2023-01-31,34232.0,Direct Debit,Paid,0.0
PMT-228B29D4,VAT-706AF07A,GR0000000265,2023-04-30,2023-04-30,14980.0,Direct Debit,Paid,0.0
PMT-72B439F7,VAT-B06833A7,GR0000000265,2023-07-31,2023-07-31,1578.0,Bank Transfer,Paid,0.0
PMT-73D76C40,VAT-1212EC7B,GR0000000265,2023-10-31,2023-10-31,12843.0,Direct Debit,Paid,0.0
PMT-46B549EB,VAT-3B73A5B2,GR0000000265,2024-01-31,2024-01-31,24011.0,Direct Debit,Paid,0.0
PMT-9DF9AB8F,VAT-D08906DE,GR0000000265,2024-04-30,2024-04-30,3259.0,Other,Paid,0.0
PMT-53685FDA,VAT-25024163,GR0000000265,2024-07-31,2024-07-31,18837.0,Bank Transfer,Partial,0.0
PMT-21DA1C99,VAT-965A8398,GR0000000265,2024-10-31,2024-10-31,13204.0,Other,Paid,0.0
PMT-D17B7010,VAT-BD3E5BF3,GR0000000265,2025-01-31,2025-01-31,16189.0,Bank Transfer,Paid,0.0
PMT-88B16E8F,VAT-8AD05A9F,GR0000000267,2022-04-30,2022-04-30,3277.0,Direct Debit,Paid,0.0
PMT-14975B1D,VAT-B625FFFB,GR0000000267,2022-07-31,2022-07-31,6817.0,Bank Transfer,Paid,0.0
PMT-7724ABBC,VAT-6BC5D7EA,GR0000000267,2022-10-31,2022-10-31,12625.0,Direct Debit,Paid,0.0
PMT-38726C92,VAT-00668C83,GR0000000267,2023-01-31,2023-01-31,5377.0,Direct Debit,Paid,0.0
PMT-01F06F56,VAT-AB59311D,GR0000000267,2023-04-30,2023-04-30,1810.0,Direct Debit,Paid,0.0
PMT-84765B10,VAT-3849D15B,GR0000000267,2023-07-31,2023-07-31,5653.0,Direct Debit,Partial,0.0
PMT-72555F7E,VAT-64546EC6,GR0000000267,2023-10-31,2023-10-31,5907.0,Bank Transfer,Paid,0.0
PMT-1C340C88,VAT-D975DE3D,GR0000000267,2024-01-31,2024-01-31,6341.0,Direct Debit,Paid,0.0
PMT-2F6FAA82,VAT-F601E261,GR0000000267,2024-04-30,2024-05-02,1892.0,Bank Transfer,Paid,2.0
PMT-9F57EE5A,VAT-D1CBE069,GR0000000267,2024-07-31,2024-08-02,3760.0,Online Payment,Paid,2.0
PMT-A32D37CA,VAT-DBA515FE,GR0000000267,2024-10-31,2024-10-31,7957.0,Bank Transfer,Paid,0.0
PMT-933A3EED,VAT-C20AB157,GR0000000267,2025-01-31,2025-01-31,5678.0,Bank Transfer,Paid,0.0
PMT-45D1CC8E,VAT-63C38C4A,GR0000000268,2022-04-30,2022-05-04,501344.0,Bank Transfer,Paid,4.0
PMT-CD90CE9B,VAT-C1D702BF,GR0000000268,2022-07-31,2022-07-31,746331.0,Direct Debit,Paid,0.0
PMT-DB86EDC9,VAT-F55DA0F5,GR0000000268,2022-10-31,2022-10-31,793210.0,Direct Debit,Paid,0.0
PMT-143BA86A,VAT-D2E0DB75,GR0000000268,2023-01-31,2023-01-31,470225.0,Direct Debit,Paid,0.0
PMT-7414D2FB,VAT-3FBDE867,GR0000000268,2023-04-30,2023-04-30,1194119.0,Bank Transfer,Paid,0.0
PMT-6EAE7B93,VAT-EF4E57FE,GR0000000268,2023-07-31,2023-07-31,859426.0,Bank Transfer,Paid,0.0
PMT-31BA47AE,VAT-F67D0375,GR0000000268,2023-10-31,2023-10-31,732871.0,Direct Debit,Paid,0.0
PMT-89A08CD9,VAT-210077B1,GR0000000268,2024-01-31,2024-01-31,540890.0,Bank Transfer,Paid,0.0
PMT-7582C130,VAT-A92D1495,GR0000000268,2024-04-30,2024-04-30,670642.0,Bank Transfer,Paid,0.0
PMT-F394051E,VAT-D68DECEA,GR0000000268,2024-07-31,2024-07-31,458325.0,Bank Transfer,Paid,0.0
PMT-B697CBB4,VAT-366A27C9,GR0000000268,2024-10-31,2024-11-04,664956.0,Bank Transfer,Paid,4.0
PMT-B5E85172,VAT-229B80D7,GR0000000268,2025-01-31,2025-01-31,491566.0,Bank Transfer,Paid,0.0
PMT-DB7FBC8C,VAT-D3E885A4,GR0000000270,2022-04-30,2022-05-13,10755.0,Bank Transfer,Partial,13.0
PMT-41CAB77C,VAT-0EDABADC,GR0000000270,2022-07-31,,0.0,,Unpaid,
PMT-B3BF4D90,VAT-0532052A,GR0000000270,2022-10-31,2022-10-30,17254.0,Bank Transfer,Paid,0.0
PMT-55366E05,VAT-CF57DC63,GR0000000270,2023-01-31,2023-01-30,9787.0,Direct Debit,Partial,0.0
PMT-5BC295A5,VAT-2E34DEC7,GR0000000270,2023-04-30,2023-04-30,20529.0,Direct Debit,Paid,0.0
PMT-21AC304F,VAT-DBD2BCB8,GR0000000270,2023-07-31,,0.0,,Unpaid,
PMT-CA897E92,VAT-421C6FD9,GR0000000270,2023-10-31,2023-10-31,21056.0,Bank Transfer,Paid,0.0
PMT-243CF4BD,VAT-6A115731,GR0000000270,2024-01-31,2024-01-31,23780.0,Bank Transfer,Paid,0.0
PMT-D3DFC5DA,VAT-2583F58D,GR0000000270,2024-04-30,2024-04-29,13839.0,Bank Transfer,Paid,0.0
PMT-B267BF79,VAT-D881CF23,GR0000000270,2024-07-31,2024-07-31,12741.0,Bank Transfer,Paid,0.0
PMT-99975E99,VAT-367D5A1D,GR0000000270,2024-10-31,2024-10-30,13110.0,Online Payment,Paid,0.0
PMT-D32FDDCC,VAT-E0801EC1,GR0000000270,2025-01-31,2025-01-31,13283.0,Bank Transfer,Paid,0.0
PMT-17BFC5F1,VAT-4FD5848F,GR0000000271,2022-04-30,2022-04-30,530198.0,Bank Transfer,Paid,0.0
PMT-80D53E20,VAT-03126022,GR0000000271,2022-07-31,2022-08-01,114586.0,Bank Transfer,Partial,1.0
PMT-5F1AE35F,VAT-7CEBD97A,GR0000000271,2022-10-31,2022-11-15,126466.0,Direct Debit,Paid,15.0
PMT-7D065376,VAT-F905645A,GR0000000271,2023-01-31,2023-01-30,489869.0,Bank Transfer,Paid,0.0
PMT-599C17C0,VAT-07C24213,GR0000000271,2023-04-30,2023-04-29,555611.0,Bank Transfer,Paid,0.0
PMT-4EF3A5E7,VAT-91365AB5,GR0000000271,2023-07-31,2023-08-06,405819.0,Direct Debit,Paid,6.0
PMT-89D04DE5,VAT-0A3119F5,GR0000000271,2023-10-31,2023-10-31,199701.0,Direct Debit,Paid,0.0
PMT-0EAD561C,VAT-6B3CE64F,GR0000000271,2024-01-31,2024-01-31,313798.0,Bank Transfer,Paid,0.0
PMT-44810A5A,VAT-AB7EB003,GR0000000271,2024-04-30,2024-04-30,116737.0,Online Payment,Paid,0.0
PMT-5D8C073F,VAT-C35F1455,GR0000000271,2024-07-31,2024-07-31,379285.0,Direct Debit,Paid,0.0
PMT-3DD51D32,VAT-43F70D4A,GR0000000271,2024-10-31,2024-10-30,223299.0,Bank Transfer,Paid,0.0
PMT-E80F8832,VAT-F180D6AC,GR0000000271,2025-01-31,2025-01-30,266908.0,Direct Debit,Paid,0.0
PMT-B00D7B5B,VAT-FEFC243F,GR0000000273,2022-04-30,2022-04-30,626019.0,Bank Transfer,Paid,0.0
PMT-2004FE1D,VAT-5060811F,GR0000000273,2022-07-31,2022-07-31,485582.0,Online Payment,Paid,0.0
PMT-0A415B8C,VAT-ECAC00D9,GR0000000273,2022-10-31,2022-10-31,301862.0,Bank Transfer,Paid,0.0
PMT-1E3B3FFE,VAT-4619388F,GR0000000273,2023-01-31,2023-01-31,489047.0,Direct Debit,Partial,0.0
PMT-7706E44F,VAT-C04796C1,GR0000000273,2023-04-30,2023-04-30,439920.0,Bank Transfer,Paid,0.0
PMT-60F88DD2,VAT-9B6EAC08,GR0000000273,2023-07-31,2023-07-31,395818.0,Online Payment,Partial,0.0
PMT-E4990631,VAT-CBA357DD,GR0000000273,2023-10-31,2023-10-31,385436.0,Bank Transfer,Paid,0.0
PMT-995B71FE,VAT-E4139215,GR0000000273,2024-01-31,2024-01-31,685346.0,Bank Transfer,Paid,0.0
PMT-32793BA6,VAT-873CF294,GR0000000273,2024-04-30,2024-04-30,1094548.0,Direct Debit,Paid,0.0
PMT-6D64BD88,VAT-5E8A1777,GR0000000273,2024-07-31,2024-07-31,881931.0,Direct Debit,Paid,0.0
PMT-627DF61B,VAT-079E2332,GR0000000273,2024-10-31,2024-10-31,1122538.0,Bank Transfer,Paid,0.0
PMT-2253AD9D,VAT-8FA389E7,GR0000000273,2025-01-31,2025-02-02,1240058.0,Bank Transfer,Paid,2.0
PMT-5FFA57A0,VAT-C8020436,GR0000000279,2022-04-30,2022-04-30,29029.0,Bank Transfer,Paid,0.0
PMT-98F2A911,VAT-6C726473,GR0000000279,2022-07-31,2022-07-31,144703.0,Bank Transfer,Paid,0.0
PMT-FABC961A,VAT-DE6B26FE,GR0000000279,2022-10-31,2022-10-31,180088.0,Bank Transfer,Paid,0.0
PMT-DCB84259,VAT-B3B958F4,GR0000000279,2023-01-31,2023-01-31,107460.0,Bank Transfer,Paid,0.0
PMT-4D3636B0,VAT-4996793C,GR0000000279,2023-04-30,2023-04-30,55551.0,Bank Transfer,Paid,0.0
PMT-AB4EF330,VAT-267C5F5E,GR0000000279,2023-07-31,2023-07-31,95857.0,Bank Transfer,Paid,0.0
PMT-4D92E2C0,VAT-47BC08C5,GR0000000279,2023-10-31,2023-10-31,122455.0,Bank Transfer,Paid,0.0
PMT-BBE5FB3D,VAT-6514BDCF,GR0000000279,2024-01-31,2024-01-31,103493.0,Direct Debit,Paid,0.0
PMT-5345D954,VAT-AB9D5227,GR0000000279,2024-04-30,2024-04-30,35869.0,Bank Transfer,Paid,0.0
PMT-E7113DCB,VAT-F7D6A417,GR0000000279,2024-07-31,2024-07-31,157102.0,Bank Transfer,Paid,0.0
PMT-5B888049,VAT-7F511A9F,GR0000000279,2024-10-31,2024-10-31,142404.0,Direct Debit,Paid,0.0
PMT-BE37A512,VAT-41E2DFC2,GR0000000279,2025-01-31,2025-01-31,59093.0,Direct Debit,Paid,0.0
PMT-FB2EAF47,VAT-1D0B92A4,GR0000000281,2023-07-31,2023-07-30,4243.0,Direct Debit,Paid,0.0
PMT-4538AF49,VAT-7945AB45,GR0000000281,2024-04-30,2024-04-29,1658.0,Other,Paid,0.0
PMT-CF397549,VAT-9B880B37,GR0000000282,2022-04-30,2022-04-30,29116.0,Direct Debit,Partial,0.0
PMT-2F3BF0FC,VAT-A0F0DD9F,GR0000000282,2022-07-31,2022-07-31,29129.0,Direct Debit,Paid,0.0
PMT-3B767629,VAT-7BE411B3,GR0000000282,2022-10-31,2022-10-31,48401.0,Bank Transfer,Paid,0.0
PMT-9CB6FDE3,VAT-A0A98111,GR0000000282,2023-01-31,2023-01-31,35580.0,Bank Transfer,Paid,0.0
PMT-F91CC16D,VAT-44DC35CC,GR0000000282,2023-04-30,2023-04-30,41206.0,Bank Transfer,Paid,0.0
PMT-9EEB5539,VAT-2C9C5C1D,GR0000000282,2023-07-31,2023-07-31,83377.0,Bank Transfer,Partial,0.0
PMT-12D93E7A,VAT-54166EBC,GR0000000282,2023-10-31,2023-10-31,56682.0,Bank Transfer,Paid,0.0
PMT-39EE6640,VAT-1388AB5A,GR0000000282,2024-01-31,2024-01-31,42387.0,Bank Transfer,Paid,0.0
PMT-F180C1FE,VAT-E252C336,GR0000000282,2024-04-30,2024-04-30,48769.0,Direct Debit,Paid,0.0
PMT-5BF05441,VAT-520763EF,GR0000000282,2024-07-31,2024-07-31,27584.0,Bank Transfer,Paid,0.0
PMT-2505B27D,VAT-19850CB2,GR0000000282,2024-10-31,2024-10-31,54390.0,Direct Debit,Paid,0.0
PMT-791B5976,VAT-E1637CF9,GR0000000282,2025-01-31,2025-02-05,73998.0,Online Payment,Paid,5.0
PMT-9C0371D0,VAT-042EEE0F,GR0000000284,2022-04-30,2022-04-30,13236.0,Direct Debit,Paid,0.0
PMT-13A2CE8B,VAT-DD9C3141,GR0000000284,2022-07-31,2022-07-31,13713.0,Bank Transfer,Paid,0.0
PMT-5EF8BCC6,VAT-07BF7D64,GR0000000284,2022-10-31,2022-10-31,11155.0,Online Payment,Paid,0.0
PMT-27C89D59,VAT-52224ABA,GR0000000284,2023-01-31,2023-01-31,12802.0,Direct Debit,Paid,0.0
PMT-5B1A6719,VAT-38A857E6,GR0000000284,2023-04-30,2023-04-30,7160.0,Bank Transfer,Paid,0.0
PMT-8E15DFAA,VAT-08D610B1,GR0000000284,2023-07-31,2023-07-31,11381.0,Bank Transfer,Paid,0.0
PMT-4ABF70FF,VAT-3DDA890D,GR0000000284,2023-10-31,2023-10-31,8968.0,Bank Transfer,Paid,0.0
PMT-4E944CAC,VAT-81D373B3,GR0000000284,2024-01-31,2024-01-31,7663.0,Online Payment,Paid,0.0
PMT-0CE7AA18,VAT-392E8E20,GR0000000284,2024-04-30,2024-04-30,7637.0,Bank Transfer,Paid,0.0
PMT-6F519645,VAT-2C29D038,GR0000000284,2024-07-31,2024-07-31,9036.0,Bank Transfer,Paid,0.0
PMT-43613A5E,VAT-601AF587,GR0000000284,2024-10-31,2024-10-31,6876.0,Bank Transfer,Paid,0.0
PMT-C372AE79,VAT-FB45DDEC,GR0000000284,2025-01-31,2025-01-31,7372.0,Bank Transfer,Paid,0.0
PMT-D49E5AD3,VAT-F1518ECA,GR0000000286,2024-04-30,2024-04-30,1849.0,Bank Transfer,Partial,0.0
PMT-3B05B04A,VAT-A60BBF0F,GR0000000286,2024-07-31,2024-07-31,2046.0,Bank Transfer,Paid,0.0
PMT-160345DB,VAT-EB89045D,GR0000000286,2024-10-31,2024-10-31,1833.0,Direct Debit,Paid,0.0
PMT-C928D97E,VAT-02F68536,GR0000000286,2025-01-31,2025-01-31,1867.0,Bank Transfer,Paid,0.0
PMT-1DD24EC3,VAT-D075EBB5,GR0000000290,2022-04-30,2022-04-30,4772.0,Direct Debit,Paid,0.0
PMT-153EC61B,VAT-4038B157,GR0000000290,2022-07-31,2022-07-31,8835.0,Bank Transfer,Paid,0.0
PMT-44FFCBFC,VAT-7E564703,GR0000000290,2022-10-31,2022-10-31,6714.0,Bank Transfer,Paid,0.0
PMT-EBD65146,VAT-24FD5953,GR0000000290,2023-01-31,2023-01-31,10893.0,Bank Transfer,Paid,0.0
PMT-E9E5E547,VAT-CB942CDE,GR0000000290,2023-04-30,2023-04-30,1494.0,Bank Transfer,Paid,0.0
PMT-FE897DC4,VAT-97799879,GR0000000290,2023-07-31,2023-07-31,3479.0,Bank Transfer,Paid,0.0
PMT-06A60708,VAT-F9AC8432,GR0000000290,2023-10-31,2023-10-31,1877.0,Bank Transfer,Paid,0.0
PMT-9CF7549D,VAT-075C4FBA,GR0000000290,2024-01-31,2024-01-31,6242.0,Online Payment,Paid,0.0
PMT-1D1E9FDB,VAT-63005764,GR0000000290,2024-04-30,2024-05-01,5794.0,Bank Transfer,Paid,1.0
PMT-531D4580,VAT-64061EC2,GR0000000290,2024-07-31,2024-07-31,12831.0,Bank Transfer,Paid,0.0
PMT-4C431D36,VAT-446D111D,GR0000000290,2024-10-31,2024-10-31,16064.0,Bank Transfer,Paid,0.0
PMT-568DA8E3,VAT-A6D678DD,GR0000000290,2025-01-31,2025-01-31,4919.0,Bank Transfer,Paid,0.0
PMT-47160853,VAT-2C445DD9,GR0000000294,2022-04-30,2022-05-01,3824.0,Bank Transfer,Paid,1.0
PMT-75BD72D9,VAT-B3046000,GR0000000294,2022-07-31,2022-07-31,4342.0,Direct Debit,Paid,0.0
PMT-049DFDB3,VAT-74DDFA67,GR0000000294,2022-10-31,2022-10-31,13923.0,Bank Transfer,Paid,0.0
PMT-AF5256B2,VAT-78DA3026,GR0000000294,2023-01-31,2023-01-31,2486.0,Bank Transfer,Paid,0.0
PMT-4B40FF5F,VAT-F470FFDE,GR0000000294,2023-04-30,2023-04-30,3484.0,Bank Transfer,Paid,0.0
PMT-0C5F310B,VAT-8EA43952,GR0000000294,2023-07-31,2023-07-31,1755.0,Direct Debit,Paid,0.0
PMT-F617F2FB,VAT-731FFA44,GR0000000294,2023-10-31,2023-10-31,3598.0,Direct Debit,Paid,0.0
PMT-BB02391D,VAT-53A4C3DC,GR0000000294,2024-01-31,2024-01-31,4288.0,Direct Debit,Paid,0.0
PMT-0D91318E,VAT-0DACCBF1,GR0000000294,2024-04-30,2024-04-30,1341.0,Direct Debit,Partial,0.0
PMT-36424D1E,VAT-363F907E,GR0000000294,2024-07-31,2024-07-31,1004.0,Bank Transfer,Paid,0.0
PMT-C0F57EED,VAT-C8A10277,GR0000000294,2024-10-31,2024-10-31,5637.0,Bank Transfer,Paid,0.0
PMT-3BEC6EC4,VAT-8AC3824B,GR0000000294,2025-01-31,2025-01-31,3608.0,Bank Transfer,Partial,0.0
PMT-3644BE61,VAT-7FBCD1FA,GR0000000299,2022-10-31,,0.0,,Unpaid,
PMT-75D989CB,VAT-36F63A73,GR0000000299,2023-01-31,,0.0,,Unpaid,
PMT-9DF2D009,VAT-A94DAA6B,GR0000000299,2023-04-30,,0.0,,Unpaid,
PMT-9C976CCB,VAT-ED95CF78,GR0000000299,2023-07-31,,0.0,,Unpaid,
PMT-430A5AEE,VAT-852225CC,GR0000000299,2024-04-30,,0.0,,Unpaid,
PMT-9CD20191,VAT-D3379C46,GR0000000299,2025-01-31,2025-01-31,1174.0,Bank Transfer,Paid,0.0
PMT-1167700F,VAT-0E09D259,GR0000000300,2022-04-30,2022-04-30,1979232.0,Bank Transfer,Paid,0.0
PMT-B1486151,VAT-0E65CD94,GR0000000300,2022-07-31,2022-07-31,1799780.0,Bank Transfer,Paid,0.0
PMT-C046FC50,VAT-0FED47D0,GR0000000300,2022-10-31,2022-10-31,2081475.0,Direct Debit,Paid,0.0
PMT-1BAEB1B4,VAT-9C0A092A,GR0000000300,2023-01-31,2023-01-31,2244846.0,Bank Transfer,Paid,0.0
PMT-C8EEC5BB,VAT-EF446F75,GR0000000300,2023-04-30,2023-04-30,1510374.0,Direct Debit,Paid,0.0
PMT-33B928E5,VAT-1816B7B1,GR0000000300,2023-07-31,2023-07-31,1964224.0,Bank Transfer,Paid,0.0
PMT-4A32B42F,VAT-9E594424,GR0000000300,2023-10-31,2023-10-31,1949866.0,Bank Transfer,Paid,0.0
PMT-C5AE150C,VAT-CB39CFF0,GR0000000300,2024-01-31,2024-01-31,1443198.0,Bank Transfer,Paid,0.0
PMT-8286B52A,VAT-9321486D,GR0000000300,2024-04-30,2024-04-30,1617794.0,Bank Transfer,Paid,0.0
PMT-8E5C561F,VAT-7BFF595F,GR0000000300,2024-07-31,2024-07-31,1699027.0,Direct Debit,Paid,0.0
PMT-9CFE95C4,VAT-63317353,GR0000000300,2024-10-31,2024-10-31,1254190.0,Bank Transfer,Paid,0.0
PMT-7CBCFDAE,VAT-29B882C2,GR0000000300,2025-01-31,2025-01-31,1276442.0,Direct Debit,Paid,0.0
PMT-09A26CC3,VAT-14626370,GR0000000301,2022-04-30,2022-04-29,56364.0,Bank Transfer,Paid,0.0
PMT-6607B93F,VAT-E81B1FE1,GR0000000301,2022-07-31,2022-07-30,163574.0,Bank Transfer,Paid,0.0
PMT-08D26786,VAT-33ECDBE7,GR0000000301,2022-10-31,2022-10-31,226616.0,Bank Transfer,Paid,0.0
PMT-037FB2B2,VAT-8AF7CE21,GR0000000301,2023-01-31,2023-02-15,56201.0,Direct Debit,Paid,15.0
PMT-53D0E5A1,VAT-F05D70FE,GR0000000301,2023-04-30,2023-04-29,63212.0,Online Payment,Paid,0.0
PMT-955BCABB,VAT-D8DCF408,GR0000000301,2023-07-31,2023-07-30,132845.0,Bank Transfer,Paid,0.0
PMT-9C15635F,VAT-8E642FD1,GR0000000301,2023-10-31,,0.0,,Unpaid,
PMT-3040BEC5,VAT-2FCE5F57,GR0000000301,2024-01-31,2024-01-31,114052.0,Bank Transfer,Paid,0.0
PMT-2181E3E1,VAT-CD5FD688,GR0000000301,2024-04-30,2024-04-30,72056.0,Bank Transfer,Paid,0.0
PMT-F976CFEF,VAT-08911227,GR0000000301,2024-07-31,2024-07-30,192050.0,Online Payment,Paid,0.0
PMT-EBA1761D,VAT-834F6D5E,GR0000000301,2024-10-31,2024-11-14,109604.0,Online Payment,Paid,14.0
PMT-A07F2312,VAT-46AD482C,GR0000000301,2025-01-31,2025-02-15,181895.0,Bank Transfer,Paid,15.0
PMT-93C8ADF3,VAT-9BC586F4,GR0000000305,2022-04-30,2022-04-30,4781.0,Online Payment,Paid,0.0
PMT-B8EA15CF,VAT-BEB27B43,GR0000000305,2022-07-31,2022-07-31,12732.0,Bank Transfer,Paid,0.0
PMT-90371656,VAT-9D60EF37,GR0000000305,2022-10-31,2022-11-01,14786.0,Bank Transfer,Paid,1.0
PMT-EBCBF924,VAT-2E7285CE,GR0000000305,2023-01-31,2023-01-31,20603.0,Online Payment,Partial,0.0
PMT-F5162385,VAT-D56CD698,GR0000000305,2023-04-30,2023-04-30,19017.0,Direct Debit,Paid,0.0
PMT-B75A7C0E,VAT-38676267,GR0000000305,2023-07-31,2023-07-31,23402.0,Bank Transfer,Paid,0.0
PMT-7C06212C,VAT-054D2E90,GR0000000305,2023-10-31,2023-10-31,4348.0,Bank Transfer,Paid,0.0
PMT-B54F4B35,VAT-30C062A2,GR0000000305,2024-01-31,2024-01-31,26736.0,Bank Transfer,Paid,0.0
PMT-68ADD3C9,VAT-3BCBA040,GR0000000305,2024-04-30,2024-04-30,1253.0,Bank Transfer,Paid,0.0
PMT-4F479302,VAT-5F3461B0,GR0000000305,2024-07-31,2024-07-31,7406.0,Bank Transfer,Paid,0.0
PMT-BC281A4B,VAT-01B0142D,GR0000000305,2024-10-31,2024-10-31,861.0,Bank Transfer,Paid,0.0
PMT-61B09397,VAT-7FB2F7D2,GR0000000305,2025-01-31,2025-01-31,5706.0,Bank Transfer,Paid,0.0
PMT-0DC0D24B,VAT-AD3D0509,GR0000000306,2022-04-30,2022-04-30,21453.0,Bank Transfer,Paid,0.0
PMT-93B93942,VAT-38D302E0,GR0000000306,2022-07-31,2022-07-31,48560.0,Online Payment,Paid,0.0
PMT-8C8A2D19,VAT-A1C7CAF1,GR0000000306,2022-10-31,2022-10-31,29547.0,Bank Transfer,Paid,0.0
PMT-59828E19,VAT-371ED74C,GR0000000306,2023-01-31,2023-01-31,16158.0,Other,Paid,0.0
PMT-E781FD4A,VAT-FB707A53,GR0000000306,2023-04-30,2023-04-30,60426.0,Bank Transfer,Paid,0.0
PMT-6E341B23,VAT-8B16C7C9,GR0000000306,2023-07-31,2023-07-31,3076.0,Bank Transfer,Paid,0.0
PMT-3F24DA41,VAT-73CC9E79,GR0000000306,2023-10-31,2023-10-31,10748.0,Direct Debit,Paid,0.0
PMT-6E421553,VAT-8E67966A,GR0000000306,2024-01-31,2024-01-31,70660.0,Bank Transfer,Paid,0.0
PMT-EA43329B,VAT-F5FE8E2A,GR0000000306,2024-04-30,2024-04-30,31386.0,Direct Debit,Paid,0.0
PMT-353E4745,VAT-79D19111,GR0000000306,2024-07-31,2024-07-31,35321.0,Bank Transfer,Paid,0.0
PMT-DBA96386,VAT-5CE4EC81,GR0000000306,2024-10-31,2024-11-05,9422.0,Direct Debit,Paid,5.0
PMT-39F5CA57,VAT-4BA0EC2F,GR0000000306,2025-01-31,2025-01-31,96583.0,Direct Debit,Paid,0.0
PMT-F464F782,VAT-2DD69D77,GR0000000307,2022-04-30,2022-04-30,1424433.0,Direct Debit,Paid,0.0
PMT-D6E8E17F,VAT-6FCEC89A,GR0000000307,2022-07-31,2022-07-31,1476796.0,Direct Debit,Paid,0.0
PMT-79E65A53,VAT-B5B644EA,GR0000000307,2022-10-31,2022-10-31,1312087.0,Bank Transfer,Paid,0.0
PMT-8136CBAE,VAT-94593D5D,GR0000000307,2023-01-31,2023-01-31,1632267.0,Bank Transfer,Partial,0.0
PMT-BB3083B8,VAT-9E9A1C29,GR0000000307,2023-04-30,2023-04-30,1231818.0,Bank Transfer,Paid,0.0
PMT-C8467C42,VAT-BED997F4,GR0000000307,2023-07-31,2023-07-31,1256403.0,Bank Transfer,Paid,0.0
PMT-462A43D5,VAT-F798DE8F,GR0000000307,2023-10-31,2023-10-31,1279299.0,Bank Transfer,Paid,0.0
PMT-F96F4EA6,VAT-01BDEE63,GR0000000307,2024-01-31,2024-01-31,1554161.0,Direct Debit,Paid,0.0
PMT-5312B045,VAT-B45AA3A2,GR0000000307,2024-04-30,2024-04-30,1062307.0,Direct Debit,Paid,0.0
PMT-450630BD,VAT-C29059A1,GR0000000307,2024-07-31,2024-07-31,1087352.0,Bank Transfer,Paid,0.0
PMT-C21F2F33,VAT-0072DCD5,GR0000000307,2024-10-31,2024-10-31,1058944.0,Bank Transfer,Paid,0.0
PMT-C742EE0B,VAT-2DB9B84C,GR0000000307,2025-01-31,2025-01-31,1755770.0,Bank Transfer,Paid,0.0
PMT-213A0023,VAT-93D19D16,GR0000000309,2022-04-30,2022-04-30,84442.0,Direct Debit,Paid,0.0
PMT-2C98E3A6,VAT-230D2B9A,GR0000000309,2022-07-31,2022-07-31,212734.0,Bank Transfer,Paid,0.0
PMT-FBF19334,VAT-EFD1B091,GR0000000309,2022-10-31,2022-10-31,230860.0,Bank Transfer,Paid,0.0
PMT-25CFE6D1,VAT-02E6E24C,GR0000000309,2023-01-31,2023-01-31,139047.0,Bank Transfer,Paid,0.0
PMT-8586E4F3,VAT-66B80106,GR0000000309,2023-04-30,2023-04-30,60021.0,Direct Debit,Paid,0.0
PMT-91779B11,VAT-8FD61D40,GR0000000309,2023-07-31,2023-07-31,261424.0,Direct Debit,Paid,0.0
PMT-257D708B,VAT-803F251D,GR0000000309,2023-10-31,2023-10-31,331285.0,Bank Transfer,Paid,0.0
PMT-7D8114B4,VAT-0898AE69,GR0000000309,2024-01-31,2024-01-31,166309.0,Direct Debit,Paid,0.0
PMT-84AC7A24,VAT-8B4346C9,GR0000000309,2024-04-30,2024-04-30,70835.0,Bank Transfer,Paid,0.0
PMT-41322A5A,VAT-E84FB92A,GR0000000309,2024-07-31,2024-07-31,196682.0,Direct Debit,Paid,0.0
PMT-BB9BA1B0,VAT-C621B00A,GR0000000309,2024-10-31,2024-10-31,146355.0,Bank Transfer,Paid,0.0
PMT-B2F2252D,VAT-713C5D5D,GR0000000309,2025-01-31,2025-01-31,126908.0,Bank Transfer,Paid,0.0
PMT-66993D84,VAT-6C298CED,GR0000000310,2022-04-30,2022-04-30,141.0,Bank Transfer,Paid,0.0
PMT-DCBC2231,VAT-FA104754,GR0000000310,2022-07-31,2022-07-31,1258.0,Direct Debit,Paid,0.0
PMT-2B710F2A,VAT-14C2550F,GR0000000310,2022-10-31,2022-10-31,1513.0,Direct Debit,Paid,0.0
PMT-7B27BB7B,VAT-52E64EF8,GR0000000310,2023-01-31,2023-01-31,1118.0,Bank Transfer,Paid,0.0
PMT-31F0B592,VAT-AE104EEF,GR0000000310,2023-04-30,2023-05-02,24.0,Bank Transfer,Paid,2.0
PMT-D09AF89C,VAT-8D429E19,GR0000000310,2023-07-31,2023-08-03,119.0,Bank Transfer,Paid,3.0
PMT-86C54105,VAT-18F85AC6,GR0000000310,2023-10-31,2023-10-31,1371.0,Online Payment,Paid,0.0
PMT-080FF9BC,VAT-BCCA3373,GR0000000310,2024-01-31,2024-01-31,1701.0,Direct Debit,Paid,0.0
PMT-34FCDF27,VAT-4BA56627,GR0000000310,2024-04-30,2024-04-30,298.0,Bank Transfer,Paid,0.0
PMT-2E3290E1,VAT-2FA7AE29,GR0000000310,2024-07-31,2024-07-31,6.0,Direct Debit,Paid,0.0
PMT-8B40D5FD,VAT-74ECE850,GR0000000310,2024-10-31,2024-10-31,1150.0,Bank Transfer,Paid,0.0
PMT-15A2CC16,VAT-728EB718,GR0000000310,2025-01-31,2025-01-31,622.0,Direct Debit,Paid,0.0
PMT-4C0DACC3,VAT-5300D215,GR0000000312,2022-04-30,2022-04-30,47913.0,Direct Debit,Paid,0.0
PMT-3B281BE1,VAT-8FB1006B,GR0000000312,2022-07-31,2022-07-31,35900.0,Direct Debit,Paid,0.0
PMT-C539E937,VAT-3F0888A5,GR0000000312,2022-10-31,2022-10-31,58130.0,Bank Transfer,Paid,0.0
PMT-BA11C513,VAT-7C3EFEB3,GR0000000312,2023-01-31,2023-01-31,61213.0,Direct Debit,Paid,0.0
PMT-3AC05FED,VAT-898A6135,GR0000000312,2023-04-30,2023-04-30,22556.0,Online Payment,Paid,0.0
PMT-70CA0C05,VAT-6E7190E9,GR0000000312,2023-07-31,2023-07-31,26755.0,Bank Transfer,Paid,0.0
PMT-0D816FB2,VAT-4591D763,GR0000000312,2023-10-31,2023-10-31,27896.0,Bank Transfer,Paid,0.0
PMT-01BF68F0,VAT-455D6FF2,GR0000000312,2024-01-31,2024-01-31,33473.0,Bank Transfer,Partial,0.0
PMT-73355B0F,VAT-D45D8684,GR0000000312,2024-04-30,2024-04-30,37500.0,Bank Transfer,Paid,0.0
PMT-EE1F5041,VAT-04D52118,GR0000000312,2024-07-31,2024-07-31,28190.0,Bank Transfer,Paid,0.0
PMT-71C31D24,VAT-01639E41,GR0000000312,2024-10-31,2024-10-31,30346.0,Bank Transfer,Paid,0.0
PMT-B2E7B7F2,VAT-C292448F,GR0000000312,2025-01-31,2025-01-31,47373.0,Bank Transfer,Paid,0.0
PMT-F49606D8,VAT-275B3720,GR0000000313,2022-04-30,2022-04-30,34813.0,Direct Debit,Paid,0.0
PMT-11ADEACA,VAT-6D366697,GR0000000313,2022-07-31,2022-07-31,43389.0,Bank Transfer,Paid,0.0
PMT-32353D01,VAT-399738B4,GR0000000313,2022-10-31,2022-10-31,37412.0,Bank Transfer,Paid,0.0
PMT-C200C09B,VAT-04BEB76B,GR0000000313,2023-01-31,2023-02-01,35934.0,Bank Transfer,Paid,1.0
PMT-7841F1D6,VAT-7AA6AC1F,GR0000000313,2023-04-30,2023-04-30,28924.0,Bank Transfer,Paid,0.0
PMT-8662EABA,VAT-51A16223,GR0000000313,2023-07-31,2023-07-31,27745.0,Bank Transfer,Paid,0.0
PMT-925AABF8,VAT-46B294E8,GR0000000313,2023-10-31,2023-10-31,29001.0,Bank Transfer,Partial,0.0
PMT-96DD6AAD,VAT-AFCF63BD,GR0000000313,2024-01-31,2024-01-31,40657.0,Bank Transfer,Paid,0.0
PMT-57BE4354,VAT-CC569004,GR0000000313,2024-04-30,2024-04-30,21196.0,Bank Transfer,Paid,0.0
PMT-A7BA2227,VAT-5A4EDF73,GR0000000313,2024-07-31,2024-07-31,22219.0,Bank Transfer,Paid,0.0
PMT-AE857E29,VAT-07D62DCD,GR0000000313,2024-10-31,2024-10-31,17904.0,Bank Transfer,Paid,0.0
PMT-39DAE1D7,VAT-B7C53041,GR0000000313,2025-01-31,2025-01-31,24076.0,Bank Transfer,Paid,0.0
PMT-6C2CF598,VAT-62DD15C2,GR0000000316,2022-04-30,2022-04-30,12999.0,Bank Transfer,Paid,0.0
PMT-8CC0D64F,VAT-B4F1FB0A,GR0000000316,2022-07-31,2022-07-31,12220.0,Direct Debit,Paid,0.0
PMT-35A52D1F,VAT-3E78C014,GR0000000316,2022-10-31,2022-10-31,12546.0,Bank Transfer,Paid,0.0
PMT-2163026B,VAT-F9FB4EFB,GR0000000316,2023-01-31,2023-01-31,10905.0,Direct Debit,Paid,0.0
PMT-503F7583,VAT-0A16962B,GR0000000316,2023-04-30,2023-04-30,21430.0,Bank Transfer,Paid,0.0
PMT-996E9C0A,VAT-2E13F787,GR0000000316,2023-07-31,2023-07-31,22868.0,Direct Debit,Paid,0.0
PMT-79176B50,VAT-EDD7BF8A,GR0000000316,2023-10-31,2023-10-31,19997.0,Bank Transfer,Paid,0.0
PMT-7AB5CC4F,VAT-DAF9C468,GR0000000316,2024-01-31,2024-01-31,24877.0,Bank Transfer,Paid,0.0
PMT-390A5C99,VAT-D5C48263,GR0000000316,2024-04-30,2024-04-30,15441.0,Direct Debit,Paid,0.0
PMT-6311F4AA,VAT-2B6394DB,GR0000000316,2024-07-31,2024-07-31,16547.0,Bank Transfer,Paid,0.0
PMT-CAF00263,VAT-0B5D98C0,GR0000000316,2024-10-31,2024-10-31,12245.0,Online Payment,Paid,0.0
PMT-4699F1AA,VAT-2EF29288,GR0000000316,2025-01-31,2025-01-31,19564.0,Bank Transfer,Paid,0.0
PMT-F703B445,VAT-63482761,GR0000000318,2022-04-30,2022-04-30,3510.0,Bank Transfer,Paid,0.0
PMT-55FB8F31,VAT-EAF3CA81,GR0000000318,2022-07-31,2022-07-31,2299.0,Direct Debit,Paid,0.0
PMT-B2774A5F,VAT-DBEEB6E0,GR0000000318,2022-10-31,2022-10-31,1745.0,Direct Debit,Paid,0.0
PMT-5537C860,VAT-4A557AD7,GR0000000318,2023-01-31,2023-01-31,23905.0,Direct Debit,Partial,0.0
PMT-F524F29E,VAT-3CD25E00,GR0000000318,2023-04-30,2023-04-30,1105.0,Bank Transfer,Paid,0.0
PMT-61D75FF5,VAT-F75836E6,GR0000000318,2023-07-31,2023-07-31,6811.0,Direct Debit,Paid,0.0
PMT-9C24D39E,VAT-BAC243F6,GR0000000318,2023-10-31,2023-10-31,3035.0,Bank Transfer,Paid,0.0
PMT-C1DA9BB0,VAT-FDD82213,GR0000000318,2024-01-31,2024-01-31,7763.0,Bank Transfer,Paid,0.0
PMT-63B5E9EE,VAT-94DCE65D,GR0000000318,2024-04-30,2024-04-30,3028.0,Bank Transfer,Paid,0.0
PMT-E2D72768,VAT-1041475B,GR0000000318,2024-07-31,2024-07-31,10093.0,Bank Transfer,Paid,0.0
PMT-D8E3F222,VAT-4218D735,GR0000000318,2024-10-31,2024-10-31,8536.0,Bank Transfer,Paid,0.0
PMT-C8B861AE,VAT-4483BCC1,GR0000000318,2025-01-31,2025-01-31,12142.0,Bank Transfer,Paid,0.0
PMT-798F5A1C,VAT-0BDA51DE,GR0000000323,2022-04-30,2022-04-29,2444.0,Bank Transfer,Paid,0.0
PMT-579225E7,VAT-E10AB93A,GR0000000323,2022-10-31,,0.0,,Unpaid,
PMT-86D1B94E,VAT-5F01BCD0,GR0000000323,2023-01-31,2023-01-30,36454.0,Other,Paid,0.0
PMT-0CAE7623,VAT-3A8DFD04,GR0000000323,2023-04-30,2023-04-29,16291.0,Direct Debit,Paid,0.0
PMT-FECD00BE,VAT-442E5D3B,GR0000000323,2023-07-31,2023-07-31,13390.0,Direct Debit,Paid,0.0
PMT-B244A580,VAT-FCF7CAA0,GR0000000323,2023-10-31,2023-10-30,4848.0,Online Payment,Paid,0.0
PMT-6BC1E724,VAT-E841087C,GR0000000323,2024-01-31,2024-01-31,13944.0,Direct Debit,Partial,0.0
PMT-0A96AFF7,VAT-6A3BFB19,GR0000000323,2024-07-31,2024-07-31,696.0,Bank Transfer,Paid,0.0
PMT-31664AE5,VAT-D3F94865,GR0000000323,2025-01-31,2025-01-30,2471.0,Bank Transfer,Paid,0.0
PMT-EE1DAA63,VAT-C281EE56,GR0000000325,2023-04-30,2023-04-30,3205.0,Direct Debit,Paid,0.0
PMT-7C990365,VAT-B79550CF,GR0000000325,2023-07-31,2023-07-31,1364.0,Direct Debit,Paid,0.0
PMT-05EA454A,VAT-D9CCE1D3,GR0000000325,2023-10-31,2023-10-31,1123.0,Bank Transfer,Paid,0.0
PMT-61EFBE5D,VAT-D35B02DE,GR0000000325,2024-01-31,2024-01-31,3164.0,Bank Transfer,Paid,0.0
PMT-F8AF46AA,VAT-72ED2078,GR0000000325,2024-04-30,2024-04-30,4673.0,Bank Transfer,Paid,0.0
PMT-761CF18B,VAT-7908FA69,GR0000000325,2024-07-31,2024-07-31,4374.0,Other,Partial,0.0
PMT-8C46B120,VAT-F06634F5,GR0000000325,2024-10-31,2024-10-31,4335.0,Bank Transfer,Paid,0.0
PMT-30E1951C,VAT-FF8A5569,GR0000000325,2025-01-31,2025-02-01,7765.0,Direct Debit,Paid,1.0
PMT-A2E8A329,VAT-A1629589,GR0000000326,2022-04-30,2022-04-30,21209.0,Bank Transfer,Paid,0.0
PMT-A0D46DFF,VAT-99D76C58,GR0000000326,2022-07-31,2022-08-01,21913.0,Bank Transfer,Paid,1.0
PMT-D6D20B25,VAT-B4B5B813,GR0000000326,2022-10-31,2022-10-31,18984.0,Online Payment,Paid,0.0
PMT-B4719FEB,VAT-3546ECF1,GR0000000326,2023-01-31,2023-01-31,26416.0,Bank Transfer,Paid,0.0
PMT-45FACE0C,VAT-74159D2E,GR0000000326,2023-04-30,2023-04-30,25012.0,Bank Transfer,Paid,0.0
PMT-7D2B7336,VAT-F7E43BA2,GR0000000326,2023-07-31,2023-07-31,24930.0,Other,Paid,0.0
PMT-380E91DD,VAT-5BB37338,GR0000000326,2023-10-31,2023-11-04,26554.0,Direct Debit,Paid,4.0
PMT-DDAC0A05,VAT-0304D738,GR0000000326,2024-01-31,2024-01-31,26894.0,Online Payment,Paid,0.0
PMT-B4BEA48D,VAT-FE641E07,GR0000000326,2024-04-30,2024-04-30,23412.0,Direct Debit,Paid,0.0
PMT-B0A2CC67,VAT-781BF8E1,GR0000000326,2024-07-31,2024-07-31,23548.0,Bank Transfer,Paid,0.0
PMT-DFF30493,VAT-AA8C3566,GR0000000326,2024-10-31,2024-10-31,19916.0,Bank Transfer,Paid,0.0
PMT-824A9EEF,VAT-09D463AD,GR0000000326,2025-01-31,2025-01-31,24247.0,Bank Transfer,Paid,0.0
PMT-F4B54FEE,VAT-482E2F09,GR0000000327,2022-04-30,2022-04-30,4533.0,Direct Debit,Paid,0.0
PMT-FDC6690D,VAT-AC18F23E,GR0000000327,2022-07-31,2022-07-31,4172.0,Direct Debit,Paid,0.0
PMT-C052E92F,VAT-8A99A4D0,GR0000000327,2022-10-31,2022-10-31,4611.0,Direct Debit,Paid,0.0
PMT-26CF36A5,VAT-4C3D2C8E,GR0000000327,2023-01-31,2023-01-31,6712.0,Bank Transfer,Paid,0.0
PMT-2A9953D0,VAT-18539C41,GR0000000327,2023-04-30,2023-04-30,6146.0,Bank Transfer,Partial,0.0
PMT-0277DC02,VAT-C3817B84,GR0000000327,2023-07-31,2023-07-31,7791.0,Bank Transfer,Paid,0.0
PMT-A91AFB72,VAT-E2E10D2F,GR0000000327,2023-10-31,2023-10-31,8982.0,Bank Transfer,Paid,0.0
PMT-F7F12BE8,VAT-E746CD15,GR0000000327,2024-01-31,2024-01-31,7696.0,Online Payment,Paid,0.0
PMT-D2239835,VAT-57F7403F,GR0000000327,2024-04-30,2024-04-30,7580.0,Bank Transfer,Paid,0.0
PMT-9DD9E2A2,VAT-89CEA015,GR0000000327,2024-07-31,2024-07-31,7528.0,Bank Transfer,Paid,0.0
PMT-DDB0CA52,VAT-AA8A3FD0,GR0000000327,2024-10-31,2024-10-31,9704.0,Direct Debit,Paid,0.0
PMT-6B2CF00C,VAT-A70761A4,GR0000000327,2025-01-31,2025-01-31,9771.0,Bank Transfer,Paid,0.0
PMT-3CD36272,VAT-615A157F,GR0000000328,2022-04-30,2022-04-30,23711.0,Bank Transfer,Paid,0.0
PMT-CDB4E9C3,VAT-5C3B80E8,GR0000000328,2022-07-31,2022-07-31,23074.0,Other,Paid,0.0
PMT-4FE31F0D,VAT-E4476F8A,GR0000000328,2022-10-31,2022-10-31,41205.0,Online Payment,Paid,0.0
PMT-002551FA,VAT-E5B2862F,GR0000000328,2023-01-31,2023-01-31,22875.0,Online Payment,Paid,0.0
PMT-C225AD74,VAT-02343E63,GR0000000328,2023-04-30,2023-04-30,45730.0,Direct Debit,Paid,0.0
PMT-263B005A,VAT-555B80BC,GR0000000328,2023-07-31,2023-08-04,28874.0,Bank Transfer,Paid,4.0
PMT-3321473A,VAT-BB4B5306,GR0000000328,2023-10-31,2023-10-31,27899.0,Bank Transfer,Paid,0.0
PMT-758AF3F3,VAT-56AACDA7,GR0000000328,2024-01-31,2024-01-31,32863.0,Bank Transfer,Paid,0.0
PMT-BD905E7F,VAT-EA99DEC2,GR0000000328,2024-04-30,2024-04-30,25927.0,Bank Transfer,Paid,0.0
PMT-CC2AC347,VAT-7F41D7F1,GR0000000328,2024-07-31,2024-07-31,15153.0,Bank Transfer,Paid,0.0
PMT-817D7245,VAT-5A10D549,GR0000000328,2024-10-31,2024-10-31,21098.0,Bank Transfer,Paid,0.0
PMT-889D8C13,VAT-5EB8C790,GR0000000328,2025-01-31,2025-01-31,35674.0,Bank Transfer,Paid,0.0
PMT-3284BF45,VAT-963DB464,GR0000000331,2022-07-31,2022-07-31,173.0,Bank Transfer,Paid,0.0
PMT-6FBFE10C,VAT-BE7E932C,GR0000000331,2022-10-31,2022-10-31,139.0,Online Payment,Paid,0.0
PMT-0ADBA9E0,VAT-DF189F9D,GR0000000331,2023-07-31,2023-07-31,111.0,Bank Transfer,Partial,0.0
PMT-E4324C4E,VAT-C8D5B8C1,GR0000000331,2024-01-31,2024-01-31,17.0,Bank Transfer,Paid,0.0
PMT-8330D5F1,VAT-99580AB6,GR0000000331,2024-07-31,2024-07-31,90.0,Bank Transfer,Paid,0.0
PMT-86D09773,VAT-487655F5,GR0000000333,2022-04-30,2022-05-03,5143.0,Bank Transfer,Paid,3.0
PMT-D4336F1C,VAT-10987A67,GR0000000333,2022-07-31,2022-07-31,4386.0,Bank Transfer,Paid,0.0
PMT-5930CA8E,VAT-F184FA9B,GR0000000333,2022-10-31,2022-10-31,2198.0,Bank Transfer,Paid,0.0
PMT-19140C96,VAT-D3FAE432,GR0000000333,2023-01-31,2023-01-31,4041.0,Online Payment,Paid,0.0
PMT-CCEA45C0,VAT-5D49B895,GR0000000333,2023-04-30,2023-04-30,4032.0,Direct Debit,Paid,0.0
PMT-1911949E,VAT-20B9FB53,GR0000000333,2023-07-31,2023-07-31,3634.0,Bank Transfer,Paid,0.0
PMT-BE457F52,VAT-0937C2BF,GR0000000333,2023-10-31,2023-11-04,4903.0,Direct Debit,Paid,4.0
PMT-09433837,VAT-03112B30,GR0000000333,2024-01-31,2024-01-31,4062.0,Bank Transfer,Paid,0.0
PMT-54C15A60,VAT-86F932BC,GR0000000333,2024-04-30,2024-04-30,3922.0,Online Payment,Paid,0.0
PMT-28EF5E48,VAT-55814840,GR0000000333,2024-07-31,2024-07-31,3450.0,Bank Transfer,Paid,0.0
PMT-63F7D280,VAT-F0254B26,GR0000000333,2024-10-31,2024-10-31,2825.0,Direct Debit,Paid,0.0
PMT-AA74F777,VAT-77BFA9BD,GR0000000333,2025-01-31,2025-01-31,3299.0,Direct Debit,Paid,0.0
PMT-AE320B91,VAT-0B36D909,GR0000000334,2022-04-30,2022-04-30,15.0,Bank Transfer,Paid,0.0
PMT-A6B6D311,VAT-AD73C622,GR0000000334,2022-07-31,2022-07-31,53.0,Bank Transfer,Paid,0.0
PMT-13ED7B15,VAT-75490FEC,GR0000000334,2022-10-31,2022-10-31,984.0,Online Payment,Paid,0.0
PMT-5BF58554,VAT-86CBEFB7,GR0000000334,2023-01-31,2023-01-31,471.0,Bank Transfer,Paid,0.0
PMT-C03FEA68,VAT-DE0300FC,GR0000000334,2023-04-30,2023-04-30,82.0,Bank Transfer,Paid,0.0
PMT-A8CD088F,VAT-19E249B3,GR0000000334,2023-07-31,2023-07-31,262.0,Direct Debit,Paid,0.0
PMT-903560D0,VAT-A3A000E1,GR0000000334,2023-10-31,2023-10-31,262.0,Other,Paid,0.0
PMT-2A859433,VAT-B0E97E57,GR0000000334,2024-01-31,2024-01-31,225.0,Bank Transfer,Paid,0.0
PMT-4C9ED2F5,VAT-83B04B9C,GR0000000334,2024-04-30,2024-04-30,78.0,Bank Transfer,Paid,0.0
PMT-3900778E,VAT-F33014EF,GR0000000334,2024-07-31,2024-07-31,301.0,Direct Debit,Paid,0.0
PMT-1ABC4EB2,VAT-A331971E,GR0000000334,2024-10-31,2024-10-31,54.0,Direct Debit,Paid,0.0
PMT-3A9DD370,VAT-91CD14B4,GR0000000334,2025-01-31,2025-01-31,127.0,Bank Transfer,Paid,0.0
PMT-CB60E552,VAT-C9C3AFF2,GR0000000336,2023-04-30,2023-04-30,168.0,Bank Transfer,Paid,0.0
PMT-DF516C7F,VAT-0F4209F9,GR0000000336,2023-07-31,2023-07-31,789.0,Bank Transfer,Paid,0.0
PMT-0093A5BA,VAT-C16042C4,GR0000000336,2023-10-31,2023-10-31,2022.0,Bank Transfer,Paid,0.0
PMT-45F218BB,VAT-641B0E36,GR0000000336,2024-01-31,2024-01-31,485.0,Bank Transfer,Paid,0.0
PMT-7958AC4C,VAT-57F24FBF,GR0000000336,2024-04-30,2024-04-30,721.0,Bank Transfer,Paid,0.0
PMT-E85FA8B0,VAT-54FFB705,GR0000000336,2024-07-31,2024-07-31,1189.0,Online Payment,Partial,0.0
PMT-56B28B66,VAT-3BF7A227,GR0000000336,2024-10-31,2024-10-31,1275.0,Bank Transfer,Paid,0.0
PMT-58D500F2,VAT-A8E0BB07,GR0000000336,2025-01-31,2025-01-31,1512.0,Bank Transfer,Paid,0.0
PMT-03AB2CDE,VAT-056FA991,GR0000000340,2022-04-30,2022-04-30,77569.0,Direct Debit,Paid,0.0
PMT-AAA03AB5,VAT-0E868449,GR0000000340,2022-07-31,2022-07-31,97717.0,Bank Transfer,Paid,0.0
PMT-A3EB1189,VAT-B37FD771,GR0000000340,2022-10-31,2022-11-04,81015.0,Bank Transfer,Paid,4.0
PMT-D202547D,VAT-1C6FEA5D,GR0000000340,2023-01-31,2023-02-02,71685.0,Direct Debit,Paid,2.0
PMT-7F931A91,VAT-FAD410F3,GR0000000340,2023-04-30,2023-04-30,111425.0,Direct Debit,Paid,0.0
PMT-B239B10E,VAT-F80A81A3,GR0000000340,2023-07-31,2023-07-31,49217.0,Online Payment,Paid,0.0
PMT-634BB030,VAT-81C2E178,GR0000000340,2023-10-31,2023-10-31,80823.0,Bank Transfer,Paid,0.0
PMT-C646C5A7,VAT-887656AF,GR0000000340,2024-01-31,2024-01-31,114128.0,Bank Transfer,Paid,0.0
PMT-6EAF65F1,VAT-381DDB30,GR0000000340,2024-04-30,2024-04-30,55360.0,Bank Transfer,Paid,0.0
PMT-97A1303F,VAT-4D76409A,GR0000000340,2024-07-31,2024-07-31,34577.0,Direct Debit,Paid,0.0
PMT-68102D72,VAT-F7D10C89,GR0000000340,2024-10-31,2024-10-31,39784.0,Direct Debit,Paid,0.0
PMT-4BF7E8F8,VAT-3DC74A54,GR0000000340,2025-01-31,2025-01-31,61595.0,Bank Transfer,Paid,0.0
PMT-CF6D29A4,VAT-0C504580,GR0000000341,2024-04-30,2024-04-30,4205.0,Bank Transfer,Paid,0.0
PMT-FA23F835,VAT-80561AC4,GR0000000341,2024-07-31,2024-07-31,9966.0,Bank Transfer,Paid,0.0
PMT-3CB145EE,VAT-397CA898,GR0000000341,2024-10-31,2024-10-31,3567.0,Bank Transfer,Paid,0.0
PMT-C4147519,VAT-19EEB1ED,GR0000000341,2025-01-31,2025-01-31,3083.0,Direct Debit,Partial,0.0
PMT-0B2FF57B,VAT-F7D13A9C,GR0000000343,2022-04-30,2022-04-30,203001.0,Bank Transfer,Paid,0.0
PMT-996EF706,VAT-70B842E3,GR0000000343,2022-07-31,2022-07-31,189412.0,Bank Transfer,Paid,0.0
PMT-BBE57963,VAT-C307AB44,GR0000000343,2022-10-31,2022-10-31,146567.0,Direct Debit,Paid,0.0
PMT-8C0D6035,VAT-C43BBD24,GR0000000343,2023-01-31,2023-01-31,188602.0,Bank Transfer,Paid,0.0
PMT-4EAB05B7,VAT-FDF16E3C,GR0000000343,2023-04-30,2023-04-30,138083.0,Direct Debit,Paid,0.0
PMT-3D06DF0B,VAT-D64B8D0A,GR0000000343,2023-07-31,2023-07-31,152883.0,Bank Transfer,Paid,0.0
PMT-89FC36C0,VAT-A4087656,GR0000000343,2023-10-31,2023-10-31,159153.0,Bank Transfer,Paid,0.0
PMT-46DC7892,VAT-A4C6FA17,GR0000000343,2024-01-31,2024-01-31,200533.0,Bank Transfer,Paid,0.0
PMT-78B3B6D1,VAT-BC125129,GR0000000343,2024-04-30,2024-04-30,113896.0,Online Payment,Paid,0.0
PMT-34D2C5ED,VAT-9DDAC506,GR0000000343,2024-07-31,2024-07-31,74971.0,Bank Transfer,Paid,0.0
PMT-AD578B40,VAT-4AE051D0,GR0000000343,2024-10-31,2024-10-31,89117.0,Bank Transfer,Paid,0.0
PMT-924DE51A,VAT-2CFBAE1C,GR0000000343,2025-01-31,2025-01-31,156439.0,Direct Debit,Paid,0.0
PMT-26D9AED3,VAT-AAC96B3C,GR0000000344,2022-07-31,2022-07-30,548.0,Bank Transfer,Paid,0.0
PMT-03647B6D,VAT-6E864347,GR0000000344,2023-10-31,2023-10-31,115.0,Bank Transfer,Paid,0.0
PMT-FDB997AC,VAT-AADCF8F5,GR0000000344,2025-01-31,2025-01-31,41.0,Bank Transfer,Paid,0.0
PMT-65EDFFF3,VAT-61CDBEC4,GR0000000346,2023-04-30,2023-04-30,7316.0,Bank Transfer,Paid,0.0
PMT-5AE1CAE3,VAT-E8FAA33C,GR0000000346,2023-07-31,2023-07-31,14067.0,Bank Transfer,Paid,0.0
PMT-DCB01ED6,VAT-A3687CE3,GR0000000346,2023-10-31,2023-10-31,15838.0,Bank Transfer,Paid,0.0
PMT-C72F4047,VAT-24FF427D,GR0000000346,2024-01-31,2024-01-31,15911.0,Bank Transfer,Paid,0.0
PMT-3DFE467C,VAT-6592CEA2,GR0000000346,2024-04-30,2024-04-30,3829.0,Bank Transfer,Paid,0.0
PMT-EFB6927C,VAT-D938A4BC,GR0000000346,2024-07-31,2024-07-31,17519.0,Direct Debit,Paid,0.0
PMT-87B5C4E4,VAT-4E55F65D,GR0000000346,2024-10-31,2024-10-31,25043.0,Bank Transfer,Paid,0.0
PMT-F1C24489,VAT-60312435,GR0000000346,2025-01-31,2025-01-31,6616.0,Direct Debit,Paid,0.0
PMT-AD558A02,VAT-26D26DB1,GR0000000347,2022-04-30,2022-04-30,11882.0,Bank Transfer,Paid,0.0
PMT-BF6CDAC3,VAT-6ED9DF34,GR0000000347,2022-07-31,2022-07-31,8165.0,Bank Transfer,Paid,0.0
PMT-095B505A,VAT-20B315D8,GR0000000347,2022-10-31,2022-10-31,2794.0,Bank Transfer,Paid,0.0
PMT-B0B03107,VAT-D6601302,GR0000000347,2023-01-31,2023-01-31,15775.0,Bank Transfer,Paid,0.0
PMT-586CA926,VAT-81300E1E,GR0000000347,2023-04-30,2023-04-30,296.0,Bank Transfer,Paid,0.0
PMT-F8D29DF6,VAT-664400D3,GR0000000347,2023-07-31,2023-07-31,4978.0,Online Payment,Paid,0.0
PMT-786C4FED,VAT-BEF79E5D,GR0000000347,2023-10-31,2023-10-31,1598.0,Bank Transfer,Paid,0.0
PMT-966D9A35,VAT-1CD6C5D3,GR0000000347,2024-01-31,2024-01-31,4505.0,Bank Transfer,Paid,0.0
PMT-81B6BA8D,VAT-B1737422,GR0000000347,2024-04-30,2024-04-30,4042.0,Direct Debit,Paid,0.0
PMT-518FDF49,VAT-B16CF333,GR0000000347,2024-07-31,2024-07-31,5042.0,Bank Transfer,Paid,0.0
PMT-F5187B78,VAT-301E633B,GR0000000347,2024-10-31,2024-10-31,2541.0,Direct Debit,Paid,0.0
PMT-C7C5B8BF,VAT-3A8261D9,GR0000000347,2025-01-31,2025-01-31,51.0,Bank Transfer,Paid,0.0
PMT-6E49D85D,VAT-E0A5A383,GR0000000351,2022-04-30,2022-04-30,12101.0,Bank Transfer,Paid,0.0
PMT-7110115B,VAT-7BAC34C1,GR0000000351,2022-07-31,2022-07-31,11881.0,Bank Transfer,Paid,0.0
PMT-AF36DEC9,VAT-D1600E80,GR0000000351,2022-10-31,2022-10-31,11767.0,Bank Transfer,Paid,0.0
PMT-374D893D,VAT-260A5F8F,GR0000000351,2023-01-31,2023-01-31,14342.0,Bank Transfer,Paid,0.0
PMT-3A2A7D96,VAT-1C2D4983,GR0000000351,2023-04-30,2023-04-30,7298.0,Bank Transfer,Paid,0.0
PMT-6D82BC0F,VAT-06AC273D,GR0000000351,2023-07-31,2023-07-31,9926.0,Bank Transfer,Paid,0.0
PMT-97B11A3C,VAT-675CA946,GR0000000351,2023-10-31,2023-10-31,11793.0,Bank Transfer,Paid,0.0
PMT-FC87C69E,VAT-FFF57EB3,GR0000000351,2024-01-31,2024-01-31,10836.0,Direct Debit,Paid,0.0
PMT-356DD11F,VAT-A1CE4778,GR0000000351,2024-04-30,2024-04-30,13260.0,Bank Transfer,Paid,0.0
PMT-8F32F4FB,VAT-6C7BA10A,GR0000000351,2024-07-31,2024-07-31,17860.0,Bank Transfer,Paid,0.0
PMT-BA76FADC,VAT-F88EB688,GR0000000351,2024-10-31,2024-10-31,12022.0,Bank Transfer,Paid,0.0
PMT-1C95DA9F,VAT-4E0D348F,GR0000000351,2025-01-31,2025-01-31,17310.0,Bank Transfer,Paid,0.0
PMT-0D94CF30,VAT-8D4065D3,GR0000000354,2022-10-31,2022-10-31,20580.0,Bank Transfer,Paid,0.0
PMT-EAD8130A,VAT-B0F961D0,GR0000000354,2023-04-30,2023-04-30,12403.0,Other,Paid,0.0
PMT-17009FC3,VAT-701252A8,GR0000000354,2023-10-31,2023-10-31,10980.0,Bank Transfer,Paid,0.0
PMT-45F9B8C9,VAT-FAF16956,GR0000000354,2024-01-31,2024-01-31,16883.0,Bank Transfer,Paid,0.0
PMT-FE9AD919,VAT-D40975CC,GR0000000354,2024-07-31,2024-07-31,21503.0,Direct Debit,Paid,0.0
PMT-7089DB0F,VAT-44B91EA5,GR0000000356,2022-04-30,2022-04-30,1.0,Online Payment,Paid,0.0
PMT-5E6FC060,VAT-81F3A61C,GR0000000356,2022-07-31,2022-07-31,33.0,Bank Transfer,Paid,0.0
PMT-7B04C465,VAT-41C41BDF,GR0000000356,2022-10-31,2022-10-31,269.0,Bank Transfer,Paid,0.0
PMT-AA156717,VAT-0B36F2E6,GR0000000356,2023-01-31,2023-01-31,168.0,Bank Transfer,Paid,0.0
PMT-DA162CBE,VAT-5AD921A0,GR0000000356,2023-04-30,2023-04-30,188.0,Bank Transfer,Paid,0.0
PMT-3304D0DC,VAT-F9C77619,GR0000000356,2023-07-31,2023-07-31,402.0,Bank Transfer,Paid,0.0
PMT-5997E6BC,VAT-6EC3D2B8,GR0000000356,2023-10-31,2023-10-31,454.0,Direct Debit,Paid,0.0
PMT-7F781FC2,VAT-162D0DEF,GR0000000356,2024-01-31,2024-01-31,336.0,Bank Transfer,Paid,0.0
PMT-1A8BA50C,VAT-9620FDED,GR0000000356,2024-04-30,2024-04-30,40.0,Direct Debit,Paid,0.0
PMT-308A1F3B,VAT-8EC498F1,GR0000000356,2024-07-31,2024-07-31,531.0,Bank Transfer,Paid,0.0
PMT-47A673E5,VAT-68E7022C,GR0000000356,2024-10-31,2024-10-31,237.0,Bank Transfer,Paid,0.0
PMT-69C05337,VAT-0BEA89C5,GR0000000356,2025-01-31,2025-02-04,93.0,Bank Transfer,Paid,4.0
PMT-12707A22,VAT-579AA804,GR0000000357,2023-04-30,2023-04-29,11726.0,Bank Transfer,Partial,0.0
PMT-02045143,VAT-0EAB8777,GR0000000357,2023-07-31,2023-07-31,18627.0,Bank Transfer,Paid,0.0
PMT-C84063E6,VAT-052CF4BB,GR0000000357,2023-10-31,2023-11-02,17918.0,Bank Transfer,Paid,2.0
PMT-5AC48AA7,VAT-9FB51A9C,GR0000000357,2024-01-31,2024-01-30,27082.0,Bank Transfer,Paid,0.0
PMT-9A51B374,VAT-EC43BFB4,GR0000000357,2024-04-30,2024-04-29,3834.0,Bank Transfer,Paid,0.0
PMT-8CB394B1,VAT-5CCEE87B,GR0000000357,2024-07-31,2024-07-31,3494.0,Bank Transfer,Paid,0.0
PMT-81E43D6F,VAT-47F02EE2,GR0000000357,2024-10-31,2024-10-30,3679.0,Direct Debit,Partial,0.0
PMT-D1EB864F,VAT-3F6A9368,GR0000000357,2025-01-31,2025-02-15,9120.0,Bank Transfer,Paid,15.0
PMT-75B7FBAD,VAT-3F3E83FD,GR0000000363,2022-04-30,2022-04-30,646989.0,Bank Transfer,Paid,0.0
PMT-6491E343,VAT-81AC3593,GR0000000363,2022-07-31,2022-07-30,624819.0,Direct Debit,Paid,0.0
PMT-A7D3ADD5,VAT-46DF8F52,GR0000000363,2022-10-31,2022-11-06,822475.0,Direct Debit,Paid,6.0
PMT-40C785CA,VAT-454C93FC,GR0000000363,2023-01-31,2023-01-31,626764.0,Bank Transfer,Paid,0.0
PMT-E22A1B4E,VAT-3CD14513,GR0000000363,2023-04-30,2023-04-30,702159.0,Bank Transfer,Paid,0.0
PMT-12B82C2A,VAT-11B15ED3,GR0000000363,2023-07-31,,0.0,,Unpaid,
PMT-8F458217,VAT-56D93961,GR0000000363,2023-10-31,2023-11-04,560760.0,Direct Debit,Partial,4.0
PMT-10849D0B,VAT-04F60CF0,GR0000000363,2024-01-31,,0.0,,Unpaid,
PMT-86AB98A4,VAT-B67C9C06,GR0000000363,2024-04-30,2024-04-30,505869.0,Bank Transfer,Paid,0.0
PMT-B52C770D,VAT-C1A134C7,GR0000000363,2024-07-31,2024-07-31,438144.0,Bank Transfer,Partial,0.0
PMT-BD4739E7,VAT-98E7F759,GR0000000363,2024-10-31,2024-11-04,413173.0,Bank Transfer,Paid,4.0
PMT-7AC09537,VAT-B71ECA85,GR0000000363,2025-01-31,2025-01-30,464445.0,Bank Transfer,Partial,0.0
PMT-ECD2E5B0,VAT-BF4E1658,GR0000000367,2022-04-30,2022-04-30,857.0,Direct Debit,Paid,0.0
PMT-61C89E1E,VAT-921EE0E4,GR0000000367,2022-07-31,2022-07-31,1789.0,Bank Transfer,Paid,0.0
PMT-97DE8390,VAT-3DD2F9E7,GR0000000367,2022-10-31,2022-10-31,1856.0,Direct Debit,Paid,0.0
PMT-9E34E3FC,VAT-BD75BEC6,GR0000000367,2023-01-31,2023-01-31,246.0,Bank Transfer,Paid,0.0
PMT-9EECCEB8,VAT-42C39AAA,GR0000000367,2023-04-30,2023-04-30,1386.0,Direct Debit,Paid,0.0
PMT-BB923B08,VAT-7F4C0CB7,GR0000000367,2023-07-31,2023-08-05,982.0,Direct Debit,Paid,5.0
PMT-51684824,VAT-26EDB100,GR0000000367,2023-10-31,2023-10-31,2300.0,Direct Debit,Paid,0.0
PMT-65EC7319,VAT-2E992362,GR0000000367,2024-01-31,2024-01-31,2961.0,Bank Transfer,Paid,0.0
PMT-4038F1B3,VAT-90CD69C5,GR0000000367,2024-04-30,2024-04-30,978.0,Bank Transfer,Paid,0.0
PMT-568AA0AE,VAT-5DC4510D,GR0000000367,2024-07-31,2024-07-31,2995.0,Bank Transfer,Partial,0.0
PMT-A5D320BB,VAT-FBFC7829,GR0000000367,2024-10-31,2024-10-31,3112.0,Bank Transfer,Paid,0.0
PMT-071D6755,VAT-867265A5,GR0000000367,2025-01-31,2025-01-31,6314.0,Bank Transfer,Paid,0.0
PMT-8D56AB9D,VAT-B71CC05D,GR0000000369,2022-04-30,2022-04-30,36634.0,Direct Debit,Paid,0.0
PMT-63B48866,VAT-08E932AB,GR0000000369,2022-07-31,2022-07-31,27851.0,Bank Transfer,Paid,0.0
PMT-20AC3BB6,VAT-3792ACB8,GR0000000369,2022-10-31,2022-10-31,4054.0,Bank Transfer,Partial,0.0
PMT-033BED07,VAT-8E7B21C3,GR0000000369,2023-01-31,2023-01-31,6660.0,Direct Debit,Paid,0.0
PMT-1804AC0B,VAT-80A5A2D8,GR0000000369,2023-04-30,2023-05-02,24833.0,Bank Transfer,Paid,2.0
PMT-253575BC,VAT-363A789C,GR0000000369,2023-07-31,2023-07-31,22813.0,Bank Transfer,Paid,0.0
PMT-4FBB72FC,VAT-891DA474,GR0000000369,2023-10-31,2023-10-31,31247.0,Bank Transfer,Paid,0.0
PMT-71B20A55,VAT-E84F2182,GR0000000369,2024-01-31,2024-01-31,69906.0,Bank Transfer,Partial,0.0
PMT-96693B1D,VAT-6512D038,GR0000000369,2024-04-30,2024-04-30,22061.0,Bank Transfer,Paid,0.0
PMT-16B1A1B6,VAT-303D31C2,GR0000000369,2024-07-31,2024-07-31,25067.0,Bank Transfer,Partial,0.0
PMT-191BA57F,VAT-EBEE358D,GR0000000369,2024-10-31,2024-10-31,3183.0,Bank Transfer,Paid,0.0
PMT-561C9204,VAT-B02F4087,GR0000000369,2025-01-31,2025-01-31,18144.0,Direct Debit,Paid,0.0
PMT-E9689215,VAT-3F653BDA,GR0000000372,2022-04-30,2022-04-30,9049.0,Bank Transfer,Paid,0.0
PMT-1B264E49,VAT-8677250E,GR0000000372,2022-07-31,2022-07-31,41714.0,Bank Transfer,Paid,0.0
PMT-D783F10A,VAT-BF01733C,GR0000000372,2022-10-31,2022-10-31,37619.0,Online Payment,Paid,0.0
PMT-DAAEEC30,VAT-5CECB837,GR0000000372,2023-01-31,2023-01-31,27542.0,Bank Transfer,Paid,0.0
PMT-25E0ADAE,VAT-1893C8BC,GR0000000372,2023-04-30,2023-04-30,13849.0,Direct Debit,Paid,0.0
PMT-DCEE6852,VAT-1D892C8A,GR0000000372,2023-07-31,2023-07-31,31263.0,Bank Transfer,Paid,0.0
PMT-1BD65640,VAT-FFB09FF4,GR0000000372,2023-10-31,2023-11-05,57954.0,Bank Transfer,Paid,5.0
PMT-4CB3F704,VAT-4E7AC3C8,GR0000000372,2024-01-31,2024-01-31,31252.0,Bank Transfer,Paid,0.0
PMT-40C5254D,VAT-18976DAC,GR0000000372,2024-04-30,2024-04-30,17250.0,Direct Debit,Paid,0.0
PMT-C25AC659,VAT-658CB67C,GR0000000372,2024-07-31,2024-07-31,46400.0,Direct Debit,Paid,0.0
PMT-1738618C,VAT-115FBD08,GR0000000372,2024-10-31,2024-10-31,94853.0,Direct Debit,Partial,0.0
PMT-749F7797,VAT-5D167B25,GR0000000372,2025-01-31,2025-01-31,37428.0,Other,Paid,0.0
PMT-B6062F91,VAT-69DFB803,GR0000000373,2022-04-30,2022-04-30,14374.0,Bank Transfer,Paid,0.0
PMT-084B173A,VAT-EFE2C67A,GR0000000373,2022-07-31,2022-07-31,12648.0,Bank Transfer,Paid,0.0
PMT-E17EFEB0,VAT-6C2A74DA,GR0000000373,2022-10-31,2022-10-31,5192.0,Bank Transfer,Paid,0.0
PMT-1F0BAB8D,VAT-07E61AAD,GR0000000373,2023-01-31,2023-01-31,15343.0,Bank Transfer,Partial,0.0
PMT-74582DEB,VAT-E9C6E9C0,GR0000000373,2023-04-30,2023-04-30,6050.0,Bank Transfer,Paid,0.0
PMT-DD9D9BA6,VAT-D59CA629,GR0000000373,2023-07-31,2023-07-31,4675.0,Bank Transfer,Paid,0.0
PMT-2A27705D,VAT-048A6739,GR0000000373,2023-10-31,2023-10-31,7979.0,Online Payment,Paid,0.0
PMT-A1FA853F,VAT-0E680B2F,GR0000000373,2024-01-31,2024-01-31,5438.0,Online Payment,Paid,0.0
PMT-2A79434F,VAT-607EB039,GR0000000373,2024-04-30,2024-04-30,6347.0,Other,Paid,0.0
PMT-C675C6D7,VAT-59F4A737,GR0000000373,2024-07-31,2024-07-31,5083.0,Bank Transfer,Paid,0.0
PMT-DB8870A4,VAT-6F7053B3,GR0000000373,2024-10-31,2024-10-31,4404.0,Bank Transfer,Paid,0.0
PMT-6644ACC1,VAT-4378BAFA,GR0000000373,2025-01-31,2025-01-31,2841.0,Bank Transfer,Paid,0.0
PMT-84318C33,VAT-92F4150F,GR0000000375,2022-04-30,2022-04-30,50897.0,Direct Debit,Paid,0.0
PMT-B5D0F5E6,VAT-365CDF94,GR0000000375,2022-07-31,2022-07-31,65944.0,Bank Transfer,Paid,0.0
PMT-1C9E765F,VAT-C4FAC3B2,GR0000000375,2022-10-31,2022-10-31,62234.0,Bank Transfer,Paid,0.0
PMT-C94183A6,VAT-A21F0575,GR0000000375,2023-01-31,2023-02-04,94003.0,Online Payment,Paid,4.0
PMT-EC4053B2,VAT-59CB2A4B,GR0000000375,2023-04-30,2023-04-30,66927.0,Bank Transfer,Paid,0.0
PMT-56FD7587,VAT-1ED2B967,GR0000000375,2023-07-31,2023-07-31,74534.0,Bank Transfer,Paid,0.0
PMT-2CE8F8F7,VAT-B60F3D19,GR0000000375,2023-10-31,2023-10-31,60686.0,Bank Transfer,Paid,0.0
PMT-EE62EFE8,VAT-69BB6E03,GR0000000375,2024-01-31,2024-01-31,84276.0,Direct Debit,Paid,0.0
PMT-AEE7E7E9,VAT-CD92D72C,GR0000000375,2024-04-30,2024-04-30,42022.0,Bank Transfer,Paid,0.0
PMT-FF5DC80C,VAT-B4A77B23,GR0000000375,2024-07-31,2024-07-31,49031.0,Bank Transfer,Paid,0.0
PMT-4F97FCCA,VAT-F0B8B3F5,GR0000000375,2024-10-31,2024-10-31,40937.0,Direct Debit,Paid,0.0
PMT-AAD69537,VAT-954025B4,GR0000000375,2025-01-31,2025-01-31,59294.0,Online Payment,Paid,0.0
PMT-551EAA73,VAT-61A01F17,GR0000000376,2022-04-30,2022-04-30,499.0,Other,Paid,0.0
PMT-B6F1E592,VAT-0E1F9829,GR0000000376,2022-07-31,2022-07-31,500.0,Bank Transfer,Paid,0.0
PMT-CB3BCC54,VAT-DFABF445,GR0000000376,2022-10-31,2022-10-31,17.0,Bank Transfer,Paid,0.0
PMT-CA97E714,VAT-A1AE17AB,GR0000000376,2023-01-31,2023-01-31,424.0,Bank Transfer,Paid,0.0
PMT-961514CB,VAT-E718BB5F,GR0000000376,2023-04-30,2023-05-01,1134.0,Direct Debit,Paid,1.0
PMT-D0C611E6,VAT-78EFBE1D,GR0000000376,2023-07-31,2023-07-31,120.0,Bank Transfer,Paid,0.0
PMT-D0775D54,VAT-11E83F76,GR0000000376,2023-10-31,2023-10-31,576.0,Direct Debit,Paid,0.0
PMT-080CCCAE,VAT-A4DBAFAA,GR0000000376,2024-01-31,2024-01-31,1193.0,Bank Transfer,Paid,0.0
PMT-4C8D3058,VAT-BF6125B3,GR0000000376,2024-04-30,2024-04-30,498.0,Bank Transfer,Paid,0.0
PMT-391668B1,VAT-779CDA5A,GR0000000376,2024-07-31,2024-07-31,466.0,Bank Transfer,Partial,0.0
PMT-A36B0E17,VAT-2909AD36,GR0000000376,2024-10-31,2024-10-31,615.0,Bank Transfer,Paid,0.0
PMT-92246D2D,VAT-9FE96E16,GR0000000376,2025-01-31,2025-01-31,402.0,Direct Debit,Partial,0.0
PMT-DF96312D,VAT-53F905D1,GR0000000377,2022-10-31,2022-10-30,180.0,Bank Transfer,Paid,0.0
PMT-6DDAEE01,VAT-B947BDF5,GR0000000377,2023-07-31,2023-07-30,319.0,Online Payment,Partial,0.0
PMT-B475834B,VAT-75D93E32,GR0000000377,2024-04-30,2024-04-29,149.0,Bank Transfer,Partial,0.0
PMT-843F9F29,VAT-F4D16862,GR0000000377,2024-10-31,2024-11-13,278.0,Bank Transfer,Paid,13.0
PMT-CC4A3BE9,VAT-28450A18,GR0000000379,2022-10-31,2022-10-31,20288.0,Bank Transfer,Paid,0.0
PMT-5A119345,VAT-8AD60C47,GR0000000379,2023-01-31,2023-02-15,14785.0,Bank Transfer,Paid,15.0
PMT-B595384C,VAT-00B2983D,GR0000000379,2023-04-30,2023-05-07,17236.0,Bank Transfer,Paid,7.0
PMT-6B710BFE,VAT-C0BC977E,GR0000000379,2023-10-31,2023-10-30,2506.0,Direct Debit,Paid,0.0
PMT-910CA52E,VAT-0B34324C,GR0000000379,2024-01-31,2024-02-08,18490.0,Direct Debit,Paid,8.0
PMT-9E201CC9,VAT-DA4FF6AD,GR0000000379,2024-04-30,2024-04-29,12672.0,Direct Debit,Paid,0.0
PMT-49A3CF1D,VAT-65AE1E7D,GR0000000382,2022-04-30,2022-04-30,3481.0,Bank Transfer,Paid,0.0
PMT-881EE047,VAT-BDF44083,GR0000000382,2022-07-31,2022-07-31,1499.0,Direct Debit,Paid,0.0
PMT-5E59D094,VAT-83F2D88E,GR0000000382,2022-10-31,2022-10-31,3528.0,Direct Debit,Paid,0.0
PMT-8AFB7078,VAT-A7410E18,GR0000000382,2023-01-31,2023-01-31,5021.0,Direct Debit,Paid,0.0
PMT-0DB3FFB3,VAT-44BA270A,GR0000000382,2023-04-30,2023-04-30,32.0,Bank Transfer,Paid,0.0
PMT-E55A4130,VAT-742A8C1C,GR0000000382,2023-07-31,2023-07-31,4263.0,Bank Transfer,Paid,0.0
PMT-68999A0A,VAT-57FFAB01,GR0000000382,2023-10-31,2023-10-31,1239.0,Direct Debit,Paid,0.0
PMT-C5271E92,VAT-0CD97D4B,GR0000000382,2024-01-31,2024-01-31,4661.0,Bank Transfer,Paid,0.0
PMT-392A623B,VAT-89F604EA,GR0000000382,2024-04-30,2024-04-30,786.0,Bank Transfer,Paid,0.0
PMT-1F0F2BDD,VAT-CD3F9D8B,GR0000000382,2024-07-31,2024-07-31,758.0,Bank Transfer,Paid,0.0
PMT-B10AD238,VAT-11810728,GR0000000382,2024-10-31,2024-10-31,3438.0,Bank Transfer,Paid,0.0
PMT-DCEC2DBC,VAT-669229D7,GR0000000382,2025-01-31,2025-01-31,3033.0,Bank Transfer,Paid,0.0
PMT-24D4069B,VAT-2AA43C85,GR0000000383,2022-04-30,2022-05-02,367.0,Direct Debit,Paid,2.0
PMT-6D14BFE9,VAT-9B0AC27A,GR0000000383,2022-07-31,2022-07-31,4479.0,Direct Debit,Paid,0.0
PMT-0DFF0687,VAT-C3B17806,GR0000000383,2022-10-31,2022-10-31,3765.0,Bank Transfer,Paid,0.0
PMT-4157C2CD,VAT-BB2B68A6,GR0000000383,2023-01-31,2023-01-31,5475.0,Direct Debit,Paid,0.0
PMT-B5772B84,VAT-43A7A844,GR0000000383,2023-04-30,2023-04-30,2493.0,Bank Transfer,Paid,0.0
PMT-E86721C7,VAT-C12D1FDC,GR0000000383,2023-07-31,2023-07-31,3690.0,Bank Transfer,Paid,0.0
PMT-258FB297,VAT-F34728B5,GR0000000383,2023-10-31,2023-10-31,3829.0,Online Payment,Paid,0.0
PMT-6355E38B,VAT-4A8A978C,GR0000000383,2024-01-31,2024-01-31,6969.0,Bank Transfer,Paid,0.0
PMT-30EC0931,VAT-621C1285,GR0000000383,2024-04-30,2024-04-30,3502.0,Bank Transfer,Paid,0.0
PMT-64740864,VAT-F8490530,GR0000000383,2024-07-31,2024-07-31,3041.0,Bank Transfer,Paid,0.0
PMT-ED2AF92F,VAT-240307CB,GR0000000383,2024-10-31,2024-10-31,3647.0,Bank Transfer,Paid,0.0
PMT-AAE00328,VAT-3360D5E4,GR0000000383,2025-01-31,2025-01-31,8350.0,Bank Transfer,Paid,0.0
PMT-A47F2A80,VAT-A9D06CB8,GR0000000384,2022-04-30,2022-04-30,1118.0,Bank Transfer,Paid,0.0
PMT-F905B220,VAT-2D60158A,GR0000000384,2022-07-31,2022-07-31,5647.0,Bank Transfer,Paid,0.0
PMT-C8EDE907,VAT-9A1D2FC5,GR0000000384,2022-10-31,2022-10-31,5373.0,Bank Transfer,Paid,0.0
PMT-1EC4DAB6,VAT-3DA6CDAB,GR0000000384,2023-01-31,2023-01-31,2349.0,Bank Transfer,Paid,0.0
PMT-E8362D6E,VAT-E06A4A5F,GR0000000384,2023-04-30,2023-04-30,2712.0,Bank Transfer,Paid,0.0
PMT-0FC7CC4A,VAT-A075ACFB,GR0000000384,2023-07-31,2023-07-31,1684.0,Bank Transfer,Paid,0.0
PMT-206A8F57,VAT-D0657BFF,GR0000000384,2023-10-31,2023-10-31,6081.0,Bank Transfer,Paid,0.0
PMT-07E40220,VAT-4902B96A,GR0000000384,2024-01-31,2024-01-31,2202.0,Online Payment,Paid,0.0
PMT-1EE80436,VAT-F93D7BCD,GR0000000384,2024-04-30,2024-04-30,65.0,Bank Transfer,Paid,0.0
PMT-C4B9E2A0,VAT-3041023F,GR0000000384,2024-07-31,2024-07-31,6105.0,Bank Transfer,Paid,0.0
PMT-63D73FE3,VAT-B9EAA23A,GR0000000384,2024-10-31,2024-10-31,4022.0,Bank Transfer,Paid,0.0
PMT-4120F972,VAT-9A9B37BA,GR0000000384,2025-01-31,2025-01-31,1477.0,Bank Transfer,Paid,0.0
PMT-4A0B5944,VAT-8346CA7D,GR0000000385,2022-04-30,2022-04-30,3531.0,Bank Transfer,Paid,0.0
PMT-B2832242,VAT-D7382E88,GR0000000385,2022-07-31,2022-07-31,4336.0,Bank Transfer,Paid,0.0
PMT-D39F3E6D,VAT-6AD98C17,GR0000000385,2022-10-31,2022-10-31,4002.0,Online Payment,Paid,0.0
PMT-79391FA3,VAT-5DB293C5,GR0000000385,2023-01-31,2023-01-31,3420.0,Other,Paid,0.0
PMT-7E000477,VAT-3932655C,GR0000000385,2023-04-30,2023-04-30,5966.0,Bank Transfer,Paid,0.0
PMT-1F9ECB08,VAT-6CCAF18A,GR0000000385,2023-07-31,2023-07-31,5710.0,Direct Debit,Paid,0.0
PMT-687AEB80,VAT-E7173DCF,GR0000000385,2023-10-31,2023-10-31,5827.0,Bank Transfer,Paid,0.0
PMT-38B7A415,VAT-D9404ABA,GR0000000385,2024-01-31,2024-01-31,4586.0,Direct Debit,Paid,0.0
PMT-C419AF3A,VAT-90795EC1,GR0000000385,2024-04-30,2024-04-30,2090.0,Direct Debit,Paid,0.0
PMT-31EA9787,VAT-CBBED9B6,GR0000000385,2024-07-31,2024-07-31,1547.0,Bank Transfer,Paid,0.0
PMT-BE3F6976,VAT-7EA13F43,GR0000000385,2024-10-31,2024-10-31,2403.0,Bank Transfer,Paid,0.0
PMT-D3E63402,VAT-0299675F,GR0000000385,2025-01-31,2025-01-31,1707.0,Bank Transfer,Paid,0.0
PMT-BE957C11,VAT-D9786DEB,GR0000000388,2022-04-30,2022-04-30,6026.0,Bank Transfer,Paid,0.0
PMT-3B74FB06,VAT-961458DC,GR0000000388,2022-07-31,2022-07-31,5321.0,Direct Debit,Paid,0.0
PMT-11A173AD,VAT-5BD65C21,GR0000000388,2022-10-31,2022-10-31,5859.0,Bank Transfer,Paid,0.0
PMT-3DE92F53,VAT-EDAF4A04,GR0000000388,2023-01-31,2023-01-31,7482.0,Bank Transfer,Paid,0.0
PMT-3F369F4F,VAT-B22703DD,GR0000000388,2023-04-30,2023-04-30,9515.0,Bank Transfer,Paid,0.0
PMT-FD4B6BC5,VAT-4B6CD62B,GR0000000388,2023-07-31,2023-07-31,7781.0,Bank Transfer,Paid,0.0
PMT-3D69789C,VAT-FB221E0F,GR0000000388,2023-10-31,2023-10-31,9720.0,Bank Transfer,Paid,0.0
PMT-7F2140A8,VAT-8826C8F0,GR0000000388,2024-01-31,2024-01-31,11990.0,Bank Transfer,Paid,0.0
PMT-18682EE8,VAT-C160706E,GR0000000388,2024-04-30,2024-04-30,4763.0,Direct Debit,Paid,0.0
PMT-8544D304,VAT-19F8E8CF,GR0000000388,2024-07-31,2024-07-31,5328.0,Direct Debit,Paid,0.0
PMT-097B9025,VAT-5458D14C,GR0000000388,2024-10-31,2024-10-31,7156.0,Direct Debit,Paid,0.0
PMT-8400BB39,VAT-EDFA4976,GR0000000388,2025-01-31,2025-01-31,8475.0,Bank Transfer,Paid,0.0
PMT-3638F459,VAT-E112905F,GR0000000389,2022-04-30,2022-04-29,1420.0,Bank Transfer,Paid,0.0
PMT-A0CD1E6C,VAT-D559CF6F,GR0000000389,2022-07-31,2022-08-05,1725.0,Online Payment,Paid,5.0
PMT-46DA555F,VAT-027ECA08,GR0000000389,2022-10-31,2022-10-30,2835.0,Bank Transfer,Paid,0.0
PMT-4D26AF58,VAT-EA84E328,GR0000000389,2023-01-31,2023-02-05,1835.0,Bank Transfer,Paid,5.0
PMT-E2571B22,VAT-AB7070E9,GR0000000389,2023-04-30,2023-04-29,2058.0,Bank Transfer,Paid,0.0
PMT-D7AF8458,VAT-71863408,GR0000000389,2023-07-31,2023-07-31,1111.0,Bank Transfer,Paid,0.0
PMT-1B265341,VAT-1FF44BB0,GR0000000389,2023-10-31,2023-11-05,1226.0,Bank Transfer,Paid,5.0
PMT-4D997E3E,VAT-7F697640,GR0000000389,2024-01-31,2024-01-30,1316.0,Bank Transfer,Partial,0.0
PMT-3584DBD2,VAT-550665BF,GR0000000389,2024-04-30,2024-05-03,1046.0,Bank Transfer,Paid,3.0
PMT-8E99E128,VAT-BA4BA109,GR0000000389,2024-07-31,2024-08-06,1256.0,Online Payment,Paid,6.0
PMT-CA5D89E1,VAT-30DE719E,GR0000000389,2024-10-31,2024-10-31,1169.0,Bank Transfer,Paid,0.0
PMT-549EA4F5,VAT-3CC14E38,GR0000000389,2025-01-31,2025-01-31,1215.0,Bank Transfer,Paid,0.0
PMT-1306CB72,VAT-DBF444A9,GR0000000390,2022-04-30,2022-04-29,122511.0,Bank Transfer,Paid,0.0
PMT-D688498E,VAT-BB28CFDB,GR0000000390,2022-07-31,2022-07-31,109405.0,Online Payment,Paid,0.0
PMT-AF9E692E,VAT-2F77C3A1,GR0000000390,2022-10-31,2022-10-31,107004.0,Bank Transfer,Paid,0.0
PMT-C1ADE0DC,VAT-B17C496E,GR0000000390,2023-01-31,2023-01-31,84828.0,Bank Transfer,Paid,0.0
PMT-9B5CC1C1,VAT-F480DF1A,GR0000000390,2023-04-30,,0.0,,Unpaid,
PMT-A2ACF76F,VAT-A0F398D1,GR0000000390,2023-07-31,2023-07-30,42068.0,Bank Transfer,Paid,0.0
PMT-8BD8CEEC,VAT-D547C3B2,GR0000000390,2023-10-31,,0.0,,Unpaid,
PMT-A510422F,VAT-37B1C5CD,GR0000000390,2024-01-31,2024-01-31,55162.0,Bank Transfer,Paid,0.0
PMT-442F09C7,VAT-4FCCCF4F,GR0000000390,2024-04-30,2024-04-30,81015.0,Bank Transfer,Paid,0.0
PMT-FFA97514,VAT-22F7E53F,GR0000000390,2024-07-31,2024-08-11,56705.0,Bank Transfer,Paid,11.0
PMT-3864E4B7,VAT-0D225D6C,GR0000000390,2024-10-31,,0.0,,Unpaid,
PMT-E0F5308D,VAT-A7554CE2,GR0000000390,2025-01-31,2025-01-30,80685.0,Bank Transfer,Paid,0.0
PMT-4668A459,VAT-5AE68F3A,GR0000000400,2024-04-30,2024-05-12,13424.0,Direct Debit,Partial,12.0
PMT-AAC30205,VAT-1BCC8C77,GR0000000400,2024-07-31,,0.0,,Unpaid,
PMT-033B5ABB,VAT-803AD47C,GR0000000400,2024-10-31,2024-10-31,16155.0,Bank Transfer,Paid,0.0
PMT-4A31D9CE,VAT-4843CF22,GR0000000400,2025-01-31,2025-02-15,25811.0,Bank Transfer,Paid,15.0
PMT-DABD9F0E,VAT-BE0EEC34,GR0000000402,2022-04-30,2022-04-30,51.0,Online Payment,Paid,0.0
PMT-59AD9B9A,VAT-0F19F5A7,GR0000000402,2022-07-31,2022-07-31,144.0,Bank Transfer,Paid,0.0
PMT-C867EB20,VAT-3AF79D94,GR0000000402,2022-10-31,2022-10-31,284.0,Other,Paid,0.0
PMT-464322A0,VAT-2ECF0B62,GR0000000402,2023-01-31,2023-01-31,256.0,Direct Debit,Paid,0.0
PMT-93152C14,VAT-017055D7,GR0000000402,2023-04-30,2023-04-30,109.0,Bank Transfer,Paid,0.0
PMT-33C90402,VAT-5904F35E,GR0000000402,2023-07-31,2023-07-31,611.0,Bank Transfer,Paid,0.0
PMT-20C024C4,VAT-00538209,GR0000000402,2023-10-31,2023-10-31,535.0,Other,Paid,0.0
PMT-2D630F9E,VAT-679D090D,GR0000000402,2024-01-31,2024-01-31,481.0,Bank Transfer,Paid,0.0
PMT-DDB91F5D,VAT-4F364959,GR0000000402,2024-04-30,2024-04-30,123.0,Bank Transfer,Paid,0.0
PMT-145DABB0,VAT-46E58185,GR0000000402,2024-07-31,2024-07-31,94.0,Bank Transfer,Paid,0.0
PMT-048C3B19,VAT-5C9E848D,GR0000000402,2024-10-31,2024-10-31,324.0,Direct Debit,Paid,0.0
PMT-EDA78C89,VAT-2191877D,GR0000000402,2025-01-31,2025-01-31,250.0,Direct Debit,Paid,0.0
PMT-D4256113,VAT-D8337762,GR0000000404,2022-04-30,2022-04-30,124670.0,Bank Transfer,Partial,0.0
PMT-8832AA36,VAT-7C687163,GR0000000404,2022-07-31,2022-07-31,64916.0,Direct Debit,Paid,0.0
PMT-119E8ACB,VAT-75B6BEAA,GR0000000404,2022-10-31,2022-10-31,76971.0,Bank Transfer,Paid,0.0
PMT-2321433B,VAT-5C15F44E,GR0000000404,2023-01-31,2023-01-31,130453.0,Bank Transfer,Paid,0.0
PMT-0F3A9DB1,VAT-6D366D83,GR0000000404,2023-04-30,2023-04-30,212077.0,Direct Debit,Paid,0.0
PMT-6CEFDDA4,VAT-5CDB3968,GR0000000404,2023-07-31,2023-07-31,243099.0,Direct Debit,Paid,0.0
PMT-2A2B61F2,VAT-57F39BB9,GR0000000404,2023-10-31,2023-10-31,189720.0,Direct Debit,Paid,0.0
PMT-B63AAB0F,VAT-63CCF329,GR0000000404,2024-01-31,2024-01-31,243933.0,Online Payment,Paid,0.0
PMT-FFB7A772,VAT-3CA4E772,GR0000000404,2024-04-30,2024-04-30,145983.0,Online Payment,Paid,0.0
PMT-BFB57EC0,VAT-D2C2E8A3,GR0000000404,2024-07-31,2024-07-31,128584.0,Bank Transfer,Paid,0.0
PMT-36F4D4EE,VAT-E4817B13,GR0000000404,2024-10-31,2024-10-31,85300.0,Direct Debit,Paid,0.0
PMT-E7972C4E,VAT-00B0698F,GR0000000404,2025-01-31,2025-01-31,185750.0,Direct Debit,Paid,0.0
PMT-69C31553,VAT-B52E6322,GR0000000406,2022-04-30,2022-04-30,27207.0,Direct Debit,Paid,0.0
PMT-01157D6B,VAT-973DBB9D,GR0000000406,2022-07-31,,0.0,,Unpaid,
PMT-F623FF49,VAT-F3364BB6,GR0000000406,2022-10-31,2022-10-31,243368.0,Bank Transfer,Paid,0.0
PMT-C7AC25E2,VAT-8D1EC3EF,GR0000000406,2023-01-31,2023-01-30,202638.0,Bank Transfer,Paid,0.0
PMT-AE7A5EEC,VAT-7ACAA5F5,GR0000000406,2023-04-30,2023-04-30,148083.0,Bank Transfer,Paid,0.0
PMT-94931007,VAT-ABB03AF3,GR0000000406,2023-07-31,2023-07-31,559831.0,Online Payment,Paid,0.0
PMT-8BB17B2C,VAT-3BE41AE1,GR0000000406,2023-10-31,2023-11-06,560207.0,Online Payment,Partial,6.0
PMT-1AA6F327,VAT-5CB2700F,GR0000000406,2024-01-31,2024-02-10,230752.0,Bank Transfer,Partial,10.0
PMT-7AD6E686,VAT-D93DEED1,GR0000000406,2024-04-30,2024-04-29,45296.0,Direct Debit,Paid,0.0
PMT-D7603325,VAT-686E0513,GR0000000406,2024-07-31,2024-08-15,119622.0,Direct Debit,Paid,15.0
PMT-EED66AFD,VAT-FEE0B101,GR0000000406,2024-10-31,2024-10-31,119130.0,Bank Transfer,Paid,0.0
PMT-1856639F,VAT-97FE4C52,GR0000000406,2025-01-31,2025-02-15,128150.0,Direct Debit,Paid,15.0
PMT-76247264,VAT-B34D53EF,GR0000000407,2022-07-31,2022-07-31,228.0,Bank Transfer,Paid,0.0
PMT-BFDD00A0,VAT-3500DC13,GR0000000407,2023-07-31,2023-07-31,1888.0,Bank Transfer,Paid,0.0
PMT-0A8190A1,VAT-EAC48E89,GR0000000407,2024-10-31,2024-10-31,1575.0,Bank Transfer,Paid,0.0
PMT-D276D486,VAT-B5EDBBE3,GR0000000407,2025-01-31,2025-01-31,2605.0,Bank Transfer,Paid,0.0
PMT-4BE2A9CE,VAT-0143981A,GR0000000409,2023-04-30,2023-04-30,5853.0,Bank Transfer,Paid,0.0
PMT-619F591C,VAT-A88FDFB4,GR0000000409,2023-07-31,2023-07-31,3819.0,Bank Transfer,Paid,0.0
PMT-CEEBA4E9,VAT-EEA3E25B,GR0000000409,2023-10-31,2023-10-31,2051.0,Bank Transfer,Paid,0.0
PMT-15118435,VAT-226E7163,GR0000000409,2024-01-31,2024-01-31,762.0,Direct Debit,Paid,0.0
PMT-3FAF0FBC,VAT-B1F8CFC5,GR0000000409,2024-04-30,2024-04-30,4551.0,Bank Transfer,Paid,0.0
PMT-EC1A9BD3,VAT-77A53EB9,GR0000000409,2024-07-31,2024-07-31,2354.0,Bank Transfer,Paid,0.0
PMT-92968341,VAT-4F3C5852,GR0000000409,2024-10-31,2024-10-31,2367.0,Bank Transfer,Paid,0.0
PMT-4288A397,VAT-7260D7E5,GR0000000409,2025-01-31,2025-01-31,8528.0,Bank Transfer,Paid,0.0
PMT-78D85DB2,VAT-92D87E62,GR0000000416,2022-04-30,2022-04-30,202744.0,Online Payment,Paid,0.0
PMT-74151DE6,VAT-097906F7,GR0000000416,2022-07-31,2022-07-31,214494.0,Direct Debit,Paid,0.0
PMT-4FB4D52F,VAT-52E15EF5,GR0000000416,2022-10-31,2022-10-31,176977.0,Bank Transfer,Paid,0.0
PMT-A10A002C,VAT-A2BA6188,GR0000000416,2023-01-31,2023-01-31,242447.0,Direct Debit,Paid,0.0
PMT-8EA972EF,VAT-75B2F176,GR0000000416,2023-04-30,2023-04-30,302533.0,Bank Transfer,Paid,0.0
PMT-EE06C3C2,VAT-EFF22B1F,GR0000000416,2023-07-31,2023-07-31,275770.0,Bank Transfer,Paid,0.0
PMT-DEC931EC,VAT-685CD1B0,GR0000000416,2023-10-31,2023-10-31,328844.0,Bank Transfer,Paid,0.0
PMT-2574E6DF,VAT-111F4E2B,GR0000000416,2024-01-31,2024-01-31,346800.0,Online Payment,Paid,0.0
PMT-85EBDB15,VAT-403A9BFA,GR0000000416,2024-04-30,2024-04-30,269449.0,Bank Transfer,Paid,0.0
PMT-23473124,VAT-79AD454D,GR0000000416,2024-07-31,2024-07-31,295249.0,Bank Transfer,Paid,0.0
PMT-D8954D7A,VAT-E918DAC3,GR0000000416,2024-10-31,2024-10-31,309035.0,Bank Transfer,Partial,0.0
PMT-55F695C5,VAT-A7F7ABFB,GR0000000416,2025-01-31,2025-01-31,295959.0,Direct Debit,Paid,0.0
PMT-C0546236,VAT-77FDD545,GR0000000418,2022-04-30,2022-04-30,3867.0,Direct Debit,Partial,0.0
PMT-40A31747,VAT-9230C4B9,GR0000000418,2022-07-31,2022-07-31,13478.0,Bank Transfer,Partial,0.0
PMT-0653C8DD,VAT-395D2BD0,GR0000000418,2022-10-31,2022-11-03,24545.0,Bank Transfer,Paid,3.0
PMT-1D2CFFB2,VAT-F80D9067,GR0000000418,2023-01-31,2023-02-05,9612.0,Bank Transfer,Paid,5.0
PMT-81B81DBC,VAT-A43C6156,GR0000000418,2023-04-30,2023-04-30,3970.0,Online Payment,Paid,0.0
PMT-EF0F6C27,VAT-0BD7159C,GR0000000418,2023-07-31,2023-07-31,11638.0,Bank Transfer,Paid,0.0
PMT-C6DB4286,VAT-3B897DAC,GR0000000418,2023-10-31,2023-10-31,29826.0,Bank Transfer,Paid,0.0
PMT-39013A0C,VAT-F83533A7,GR0000000418,2024-01-31,2024-01-31,11279.0,Online Payment,Paid,0.0
PMT-E75F794E,VAT-C8B3445D,GR0000000418,2024-04-30,2024-04-30,3030.0,Direct Debit,Paid,0.0
PMT-E8E4BE1D,VAT-7D18EAC7,GR0000000418,2024-07-31,2024-07-31,19044.0,Online Payment,Paid,0.0
PMT-49A3F88B,VAT-C8587D72,GR0000000418,2024-10-31,2024-11-02,12032.0,Bank Transfer,Paid,2.0
PMT-6F4577CF,VAT-0D44B426,GR0000000418,2025-01-31,2025-02-05,5457.0,Direct Debit,Paid,5.0
PMT-8A42B361,VAT-CC3772A9,GR0000000422,2022-04-30,2022-05-12,473210.0,Bank Transfer,Partial,12.0
PMT-CBB15C47,VAT-96EF1E05,GR0000000422,2022-07-31,2022-07-28,875344.0,Bank Transfer,Paid,0.0
PMT-457EDEFE,VAT-FA7FDF7C,GR0000000422,2022-10-31,2022-11-25,425975.0,Bank Transfer,Paid,25.0
PMT-B389E64C,VAT-44A0C3F7,GR0000000422,2023-01-31,,0.0,,Unpaid,
PMT-9486EC95,VAT-12070811,GR0000000422,2023-04-30,2023-05-23,662731.0,Online Payment,Paid,23.0
PMT-B61EF335,VAT-7A6F0F4F,GR0000000422,2023-07-31,2023-07-29,378802.0,Bank Transfer,Paid,0.0
PMT-A3885939,VAT-7A4453AE,GR0000000422,2023-10-31,,0.0,,Unpaid,
PMT-FF592205,VAT-8A5BF8F0,GR0000000422,2024-01-31,,0.0,,Unpaid,
PMT-02BC3A89,VAT-96906F16,GR0000000422,2024-04-30,2024-04-30,238265.0,Bank Transfer,Partial,0.0
PMT-6772E96D,VAT-972C75E8,GR0000000422,2024-07-31,,0.0,,Unpaid,
PMT-47AB0D6D,VAT-EB2EAA6C,GR0000000422,2024-10-31,,0.0,,Unpaid,
PMT-C64049E4,VAT-1F673CB9,GR0000000422,2025-01-31,2025-03-03,161231.0,Bank Transfer,Partial,31.0
PMT-18C79347,VAT-42E76060,GR0000000423,2022-04-30,2022-04-30,74802.0,Direct Debit,Paid,0.0
PMT-097D8DF8,VAT-0FD9C697,GR0000000423,2022-07-31,2022-07-31,53584.0,Direct Debit,Paid,0.0
PMT-94740F85,VAT-91AD112C,GR0000000423,2022-10-31,2022-10-31,90049.0,Online Payment,Paid,0.0
PMT-00CC0E28,VAT-1415F52D,GR0000000423,2023-01-31,2023-01-31,109656.0,Direct Debit,Paid,0.0
PMT-FD212BDC,VAT-71D54DE2,GR0000000423,2023-04-30,2023-04-30,50866.0,Direct Debit,Paid,0.0
PMT-D072D2FD,VAT-B726643B,GR0000000423,2023-07-31,2023-07-31,76075.0,Bank Transfer,Paid,0.0
PMT-EAEC2CF9,VAT-1A54F8F0,GR0000000423,2023-10-31,2023-10-31,79568.0,Direct Debit,Paid,0.0
PMT-ED5919B1,VAT-776C0435,GR0000000423,2024-01-31,2024-01-31,149899.0,Direct Debit,Paid,0.0
PMT-753AF3FE,VAT-46842D9C,GR0000000423,2024-04-30,2024-04-30,82923.0,Bank Transfer,Paid,0.0
PMT-360D6DB7,VAT-82C773A8,GR0000000423,2024-07-31,2024-07-31,69874.0,Direct Debit,Paid,0.0
PMT-E83C867A,VAT-F23FAD9F,GR0000000423,2024-10-31,2024-10-31,119906.0,Direct Debit,Paid,0.0
PMT-9F4F54D9,VAT-F76B6546,GR0000000423,2025-01-31,2025-01-31,155948.0,Other,Paid,0.0
PMT-A63326A6,VAT-0C1E5E96,GR0000000424,2022-04-30,2022-04-30,1714.0,Online Payment,Paid,0.0
PMT-5AD93FBB,VAT-2E0E8372,GR0000000424,2022-07-31,2022-07-31,740.0,Direct Debit,Paid,0.0
PMT-C50DBA87,VAT-43480BC2,GR0000000424,2022-10-31,2022-10-31,1327.0,Bank Transfer,Paid,0.0
PMT-277D41A8,VAT-75EB471E,GR0000000424,2023-01-31,2023-01-31,306.0,Bank Transfer,Paid,0.0
PMT-164A9F43,VAT-BE323C83,GR0000000424,2023-04-30,2023-04-30,29.0,Bank Transfer,Paid,0.0
PMT-32A4E714,VAT-00D8557F,GR0000000424,2023-07-31,2023-07-31,127.0,Online Payment,Paid,0.0
PMT-37433B4A,VAT-E5DBCF93,GR0000000424,2023-10-31,2023-10-31,353.0,Bank Transfer,Paid,0.0
PMT-8F8E1752,VAT-92D36178,GR0000000424,2024-01-31,2024-01-31,643.0,Direct Debit,Paid,0.0
PMT-1F138536,VAT-37214E42,GR0000000424,2024-04-30,2024-04-30,552.0,Bank Transfer,Paid,0.0
PMT-2AF01A9E,VAT-F40E7042,GR0000000424,2024-07-31,2024-07-31,654.0,Direct Debit,Paid,0.0
PMT-84D1450C,VAT-6D34B7B0,GR0000000424,2024-10-31,2024-10-31,585.0,Bank Transfer,Paid,0.0
PMT-23BAAE09,VAT-91D731E3,GR0000000424,2025-01-31,2025-01-31,1396.0,Online Payment,Paid,0.0
PMT-AED88393,VAT-A25BC92C,GR0000000425,2022-04-30,2022-04-30,1815.0,Bank Transfer,Paid,0.0
PMT-DA943779,VAT-C0D89B8D,GR0000000425,2022-07-31,2022-07-31,3707.0,Bank Transfer,Paid,0.0
PMT-74E32245,VAT-59969FE5,GR0000000425,2022-10-31,2022-10-31,6929.0,Online Payment,Paid,0.0
PMT-167D42BC,VAT-7A3BA876,GR0000000425,2023-01-31,2023-01-31,3873.0,Bank Transfer,Paid,0.0
PMT-BFE4E416,VAT-40DFFD24,GR0000000425,2023-04-30,2023-04-30,6268.0,Bank Transfer,Paid,0.0
PMT-2C327966,VAT-6CC83644,GR0000000425,2023-07-31,2023-07-31,15986.0,Bank Transfer,Paid,0.0
PMT-D866F11D,VAT-C6393526,GR0000000425,2023-10-31,2023-10-31,14558.0,Direct Debit,Paid,0.0
PMT-E6A7C9DD,VAT-5A7D0C6F,GR0000000425,2024-01-31,2024-01-31,5262.0,Other,Paid,0.0
PMT-A688DFCC,VAT-DE0341E0,GR0000000425,2024-04-30,2024-04-30,5437.0,Direct Debit,Paid,0.0
PMT-8ABED4A1,VAT-697D609F,GR0000000425,2024-07-31,2024-07-31,9655.0,Bank Transfer,Paid,0.0
PMT-BC3AF0CF,VAT-74C6E0AD,GR0000000425,2024-10-31,2024-10-31,26516.0,Bank Transfer,Paid,0.0
PMT-4C732092,VAT-4B8ED79B,GR0000000425,2025-01-31,2025-01-31,9162.0,Bank Transfer,Paid,0.0
PMT-38DE19D9,VAT-34BD3963,GR0000000427,2022-04-30,2022-05-01,1391.0,Bank Transfer,Paid,1.0
PMT-BE52288A,VAT-0887FFB0,GR0000000427,2022-07-31,2022-07-30,2332.0,Direct Debit,Paid,0.0
PMT-0FA5F0D0,VAT-0B18232F,GR0000000427,2022-10-31,2022-10-30,1509.0,Bank Transfer,Partial,0.0
PMT-87E50EE4,VAT-4EB101FD,GR0000000427,2023-01-31,2023-01-31,1486.0,Bank Transfer,Paid,0.0
PMT-D7B53973,VAT-60C84BAA,GR0000000427,2023-04-30,2023-04-29,726.0,Bank Transfer,Partial,0.0
PMT-0E2A2CDF,VAT-B7BBF874,GR0000000427,2023-07-31,2023-07-31,2099.0,Other,Paid,0.0
PMT-9A658E3C,VAT-0999A433,GR0000000427,2023-10-31,2023-11-12,1888.0,Direct Debit,Paid,12.0
PMT-47EB3B8F,VAT-311D4763,GR0000000427,2024-01-31,,0.0,,Unpaid,
PMT-32B45915,VAT-C45E74F4,GR0000000427,2024-04-30,2024-04-29,2655.0,Bank Transfer,Paid,0.0
PMT-A872C0F2,VAT-EC93D23A,GR0000000427,2024-07-31,2024-07-30,2847.0,Bank Transfer,Paid,0.0
PMT-95E547F0,VAT-121A6294,GR0000000427,2024-10-31,2024-10-31,2041.0,Direct Debit,Paid,0.0
PMT-62681442,VAT-147606F5,GR0000000427,2025-01-31,2025-01-31,2128.0,Bank Transfer,Paid,0.0
PMT-E10E6A16,VAT-39162896,GR0000000430,2022-04-30,2022-04-30,1801.0,Bank Transfer,Paid,0.0
PMT-ED4A7F53,VAT-4AE68525,GR0000000430,2022-07-31,2022-07-31,3384.0,Online Payment,Paid,0.0
PMT-B9BB9C20,VAT-AC8ADD3A,GR0000000430,2022-10-31,2022-10-31,5467.0,Bank Transfer,Paid,0.0
PMT-B5D5781F,VAT-A5AD2CBD,GR0000000430,2023-01-31,2023-01-31,2716.0,Direct Debit,Paid,0.0
PMT-C173FCED,VAT-F295931B,GR0000000430,2023-04-30,2023-04-30,751.0,Bank Transfer,Paid,0.0
PMT-F947F6FC,VAT-C087C54A,GR0000000430,2023-07-31,2023-07-31,757.0,Bank Transfer,Paid,0.0
PMT-6FEDD614,VAT-D6C94579,GR0000000430,2023-10-31,2023-10-31,170.0,Online Payment,Paid,0.0
PMT-05B211DF,VAT-42DD79A0,GR0000000430,2024-01-31,2024-01-31,564.0,Bank Transfer,Paid,0.0
PMT-D4498397,VAT-97D9A45B,GR0000000430,2024-04-30,2024-04-30,1725.0,Direct Debit,Paid,0.0
PMT-B1469541,VAT-168917D9,GR0000000430,2024-07-31,2024-07-31,1282.0,Direct Debit,Paid,0.0
PMT-4C7C63BA,VAT-D81C9D30,GR0000000430,2024-10-31,2024-10-31,916.0,Direct Debit,Paid,0.0
PMT-ECD9B7C9,VAT-736A73C2,GR0000000430,2025-01-31,2025-01-31,1418.0,Direct Debit,Paid,0.0
PMT-D30B2EF7,VAT-051E1310,GR0000000432,2022-04-30,2022-04-30,117651.0,Direct Debit,Paid,0.0
PMT-F7EC6525,VAT-D33E72C2,GR0000000432,2022-07-31,2022-07-31,296220.0,Direct Debit,Paid,0.0
PMT-A4E99097,VAT-F1B349F4,GR0000000432,2022-10-31,2022-10-31,339490.0,Bank Transfer,Partial,0.0
PMT-FFC44F0D,VAT-3FB44B02,GR0000000432,2023-01-31,2023-01-31,192493.0,Bank Transfer,Paid,0.0
PMT-39C81BF2,VAT-27F98E20,GR0000000432,2023-04-30,2023-04-30,58389.0,Direct Debit,Paid,0.0
PMT-8B47FF7A,VAT-C57EFE22,GR0000000432,2023-07-31,2023-07-31,252598.0,Online Payment,Paid,0.0
PMT-B1AFAC83,VAT-2EBC3505,GR0000000432,2023-10-31,2023-10-31,202292.0,Direct Debit,Paid,0.0
PMT-F83DC3B7,VAT-3D4F13F5,GR0000000432,2024-01-31,2024-01-31,134241.0,Direct Debit,Partial,0.0
PMT-B4F23779,VAT-AF96B59D,GR0000000432,2024-04-30,2024-04-30,102583.0,Bank Transfer,Paid,0.0
PMT-68D104AC,VAT-E0A8A944,GR0000000432,2024-07-31,2024-07-31,283716.0,Direct Debit,Paid,0.0
PMT-C7F7CBB2,VAT-99473C0C,GR0000000432,2024-10-31,2024-10-31,374435.0,Direct Debit,Paid,0.0
PMT-396911B1,VAT-09AC96F3,GR0000000432,2025-01-31,2025-01-31,168929.0,Bank Transfer,Paid,0.0
PMT-151114CB,VAT-14175C7D,GR0000000435,2022-04-30,2022-04-30,1745.0,Bank Transfer,Paid,0.0
PMT-92332C94,VAT-636222B6,GR0000000435,2022-07-31,2022-07-31,962.0,Bank Transfer,Paid,0.0
PMT-BD288B3A,VAT-C00B8BDB,GR0000000435,2022-10-31,2022-10-31,2308.0,Bank Transfer,Paid,0.0
PMT-210D64DE,VAT-C6FD19A4,GR0000000435,2023-01-31,2023-01-31,408.0,Bank Transfer,Paid,0.0
PMT-E6297D6F,VAT-2CB171B2,GR0000000435,2023-04-30,2023-04-30,1937.0,Online Payment,Paid,0.0
PMT-0DBC987B,VAT-28D9A271,GR0000000435,2023-07-31,2023-07-31,3159.0,Bank Transfer,Paid,0.0
PMT-80E2783B,VAT-9931E71C,GR0000000435,2023-10-31,2023-10-31,1300.0,Direct Debit,Paid,0.0
PMT-2888420F,VAT-D66FBBD0,GR0000000435,2024-01-31,2024-01-31,5631.0,Online Payment,Paid,0.0
PMT-5CE6DAD2,VAT-F53E015F,GR0000000435,2024-04-30,2024-04-30,644.0,Direct Debit,Paid,0.0
PMT-DCFBE2F8,VAT-42FEFA62,GR0000000435,2024-07-31,2024-07-31,882.0,Bank Transfer,Paid,0.0
PMT-63FA6C41,VAT-DDAA3982,GR0000000435,2024-10-31,2024-11-05,2146.0,Bank Transfer,Paid,5.0
PMT-C3ADA3BF,VAT-7D3447DF,GR0000000435,2025-01-31,2025-01-31,813.0,Direct Debit,Paid,0.0
PMT-D953DE6E,VAT-3D2084DF,GR0000000436,2022-04-30,2022-04-30,20273502.0,Bank Transfer,Paid,0.0
PMT-6F1C4527,VAT-992617F6,GR0000000436,2022-07-31,2022-07-31,21118897.0,Online Payment,Paid,0.0
PMT-C0FC7493,VAT-6D809173,GR0000000436,2022-10-31,2022-10-31,17924933.0,Direct Debit,Paid,0.0
PMT-A4DC814F,VAT-F0008DF7,GR0000000436,2023-01-31,2023-01-31,25275589.0,Direct Debit,Paid,0.0
PMT-4E8C2D35,VAT-E1C73579,GR0000000436,2023-04-30,2023-04-30,21490421.0,Bank Transfer,Paid,0.0
PMT-9CF8F37F,VAT-EAFDABFB,GR0000000436,2023-07-31,2023-07-31,19658878.0,Bank Transfer,Paid,0.0
PMT-0CD34CA5,VAT-C29A433E,GR0000000436,2023-10-31,2023-10-31,25408231.0,Direct Debit,Paid,0.0
PMT-0B257514,VAT-85152D28,GR0000000436,2024-01-31,2024-01-31,22433485.0,Direct Debit,Paid,0.0
PMT-422C6DD8,VAT-AF4D6713,GR0000000436,2024-04-30,2024-04-30,20092046.0,Bank Transfer,Paid,0.0
PMT-73B94BFE,VAT-5FD524F7,GR0000000436,2024-07-31,2024-07-31,22270468.0,Bank Transfer,Paid,0.0
PMT-AE00C005,VAT-929B386C,GR0000000436,2024-10-31,2024-10-31,20986521.0,Bank Transfer,Paid,0.0
PMT-5AAF32EB,VAT-2EBF84F7,GR0000000436,2025-01-31,2025-01-31,17376411.0,Direct Debit,Paid,0.0
PMT-3783F202,VAT-CED38C6D,GR0000000438,2022-04-30,2022-04-30,8980.0,Bank Transfer,Paid,0.0
PMT-9A067A5E,VAT-022304A4,GR0000000438,2022-07-31,2022-07-31,33697.0,Bank Transfer,Paid,0.0
PMT-21156194,VAT-E3437830,GR0000000438,2022-10-31,2022-10-31,39063.0,Bank Transfer,Paid,0.0
PMT-2293F30A,VAT-98EDCA8C,GR0000000438,2023-01-31,2023-01-31,22273.0,Online Payment,Paid,0.0
PMT-936247AC,VAT-4DFC9CD9,GR0000000438,2023-04-30,2023-04-30,9674.0,Bank Transfer,Paid,0.0
PMT-9CC7D640,VAT-88E59A84,GR0000000438,2023-07-31,2023-07-31,6753.0,Bank Transfer,Paid,0.0
PMT-68369695,VAT-90499D18,GR0000000438,2023-10-31,2023-11-04,14638.0,Online Payment,Paid,4.0
PMT-6A35E789,VAT-27BAE73B,GR0000000438,2024-01-31,2024-01-31,6556.0,Bank Transfer,Paid,0.0
PMT-9B56559D,VAT-0422C9D7,GR0000000438,2024-04-30,2024-04-30,26145.0,Bank Transfer,Paid,0.0
PMT-1465B166,VAT-AE5AFCBA,GR0000000438,2024-07-31,2024-07-31,11294.0,Bank Transfer,Paid,0.0
PMT-5B5EF955,VAT-01344C2B,GR0000000438,2024-10-31,2024-10-31,34864.0,Bank Transfer,Paid,0.0
PMT-DC800FE7,VAT-D14CE5A0,GR0000000438,2025-01-31,2025-01-31,23539.0,Bank Transfer,Paid,0.0
PMT-2E3FAD22,VAT-81FECC5B,GR0000000441,2022-04-30,2022-04-27,37.0,Bank Transfer,Paid,0.0
PMT-E4994E71,VAT-B7087FDD,GR0000000441,2022-07-31,2022-07-28,334.0,Bank Transfer,Paid,0.0
PMT-31794804,VAT-510E8F47,GR0000000441,2022-10-31,,0.0,,Unpaid,
PMT-ED6F2685,VAT-5344396E,GR0000000441,2023-01-31,,0.0,,Unpaid,
PMT-949AA8A1,VAT-E23F5D40,GR0000000441,2023-04-30,2023-06-10,4866.0,Bank Transfer,Paid,41.0
PMT-2263F4CC,VAT-46C015F7,GR0000000441,2023-07-31,,0.0,,Unpaid,
PMT-E176ECE4,VAT-78FAA202,GR0000000441,2023-10-31,2023-10-28,3686.0,Bank Transfer,Paid,0.0
PMT-FFDBAD3E,VAT-B83C48DF,GR0000000441,2024-01-31,2024-01-29,1472.0,Direct Debit,Paid,0.0
PMT-D937C7DD,VAT-583B8B9C,GR0000000441,2024-04-30,,0.0,,Unpaid,
PMT-B00CD81B,VAT-9DB49BAB,GR0000000441,2024-07-31,,0.0,,Unpaid,
PMT-B835565D,VAT-F23A104B,GR0000000441,2024-10-31,2024-10-26,3880.0,Bank Transfer,Paid,0.0
PMT-1A56DF0B,VAT-62C97AD5,GR0000000441,2025-01-31,2025-02-05,2732.0,Bank Transfer,Partial,5.0
PMT-8DAC7F49,VAT-364C66DD,GR0000000444,2022-04-30,2022-04-30,416065.0,Bank Transfer,Paid,0.0
PMT-3C4ED4B6,VAT-DEDCC2D4,GR0000000444,2022-07-31,2022-07-31,465049.0,Bank Transfer,Paid,0.0
PMT-AB2E5035,VAT-0B5DD922,GR0000000444,2022-10-31,2022-10-31,404856.0,Online Payment,Paid,0.0
PMT-41E2B290,VAT-1465F967,GR0000000444,2023-01-31,2023-01-31,505061.0,Bank Transfer,Paid,0.0
PMT-5168ED0C,VAT-B5F76E3F,GR0000000444,2023-04-30,2023-04-30,635011.0,Bank Transfer,Paid,0.0
PMT-613A9AA9,VAT-39796CFB,GR0000000444,2023-07-31,2023-07-31,800056.0,Bank Transfer,Paid,0.0
PMT-F00BD656,VAT-91D08B1F,GR0000000444,2023-10-31,2023-11-01,753885.0,Direct Debit,Paid,1.0
PMT-A55864D3,VAT-A1A2B737,GR0000000444,2024-01-31,2024-01-31,856683.0,Bank Transfer,Paid,0.0
PMT-3B49E8EC,VAT-112FF59E,GR0000000444,2024-04-30,2024-04-30,391289.0,Bank Transfer,Paid,0.0
PMT-75E8D889,VAT-3C935E5A,GR0000000444,2024-07-31,2024-07-31,423813.0,Other,Paid,0.0
PMT-E1F95464,VAT-095E5630,GR0000000444,2024-10-31,2024-10-31,379230.0,Bank Transfer,Paid,0.0
PMT-3D34B87C,VAT-0311244F,GR0000000444,2025-01-31,2025-01-31,457740.0,Bank Transfer,Paid,0.0
PMT-38785F48,VAT-C91F1939,GR0000000446,2022-04-30,2022-04-28,6899.0,Bank Transfer,Paid,0.0
PMT-5CE1D492,VAT-1C758E4C,GR0000000446,2022-07-31,2022-07-27,1764.0,Bank Transfer,Partial,0.0
PMT-6A30D0D2,VAT-692DA1BB,GR0000000446,2024-01-31,2024-03-06,626.0,Bank Transfer,Paid,35.0
PMT-F802CA70,VAT-20750C1E,GR0000000446,2024-04-30,,0.0,,Unpaid,
PMT-8D4671CB,VAT-AF745E8F,GR0000000446,2024-10-31,2024-11-13,682.0,Bank Transfer,Paid,13.0
PMT-C92AFA85,VAT-E5947F9B,GR0000000450,2022-04-30,2022-04-30,2003.0,Bank Transfer,Paid,0.0
PMT-4E13B2AB,VAT-800E120D,GR0000000450,2022-07-31,2022-07-31,2240.0,Bank Transfer,Paid,0.0
PMT-34CAFFDF,VAT-A3AC0E95,GR0000000450,2022-10-31,2022-11-01,2090.0,Bank Transfer,Paid,1.0
PMT-E04E9ADA,VAT-457589E7,GR0000000450,2023-01-31,2023-01-31,1819.0,Bank Transfer,Paid,0.0
PMT-DE1DE5BC,VAT-D154B225,GR0000000450,2023-04-30,2023-04-30,1583.0,Direct Debit,Paid,0.0
PMT-18158101,VAT-09C3D14C,GR0000000450,2023-07-31,2023-07-31,1932.0,Bank Transfer,Paid,0.0
PMT-5E8256CC,VAT-119B7271,GR0000000450,2023-10-31,2023-10-31,1532.0,Bank Transfer,Paid,0.0
PMT-33E605A8,VAT-14383E39,GR0000000450,2024-01-31,2024-01-31,1362.0,Bank Transfer,Paid,0.0
PMT-6792DA14,VAT-720857CB,GR0000000450,2024-04-30,2024-04-30,1825.0,Bank Transfer,Paid,0.0
PMT-43958DDF,VAT-A2C3246C,GR0000000450,2024-07-31,2024-07-31,1784.0,Online Payment,Paid,0.0
PMT-D77A37AF,VAT-DFEC5A38,GR0000000450,2024-10-31,2024-10-31,1938.0,Bank Transfer,Paid,0.0
PMT-702B21E3,VAT-D45D6554,GR0000000450,2025-01-31,2025-01-31,1632.0,Bank Transfer,Paid,0.0
PMT-FD6B5C11,VAT-C79F7D5B,GR0000000452,2022-04-30,2022-04-30,171338.0,Bank Transfer,Paid,0.0
PMT-7EAB1668,VAT-C922A2C9,GR0000000452,2022-07-31,2022-07-31,146441.0,Bank Transfer,Paid,0.0
PMT-5F783B61,VAT-4D3EEFF6,GR0000000452,2022-10-31,2022-10-31,158553.0,Online Payment,Paid,0.0
PMT-8CCDCDEB,VAT-4AA487EF,GR0000000452,2023-01-31,2023-01-31,331787.0,Bank Transfer,Paid,0.0
PMT-9DD37358,VAT-54403949,GR0000000452,2023-04-30,2023-04-30,238040.0,Other,Paid,0.0
PMT-664D0D10,VAT-F0A880FE,GR0000000452,2023-07-31,2023-07-31,162087.0,Bank Transfer,Paid,0.0
PMT-3A7A58DE,VAT-D713237A,GR0000000452,2023-10-31,2023-10-31,284014.0,Bank Transfer,Paid,0.0
PMT-32DED946,VAT-D1A3D5D3,GR0000000452,2024-01-31,2024-01-31,183771.0,Bank Transfer,Paid,0.0
PMT-1984926E,VAT-6EC4F2E3,GR0000000452,2024-04-30,2024-04-30,222779.0,Direct Debit,Paid,0.0
PMT-C6F74E80,VAT-BA3535FA,GR0000000452,2024-07-31,2024-07-31,188707.0,Bank Transfer,Paid,0.0
PMT-7DAD2B93,VAT-7328345A,GR0000000452,2024-10-31,2024-10-31,232829.0,Direct Debit,Paid,0.0
PMT-085A1AD8,VAT-BED40865,GR0000000452,2025-01-31,2025-01-31,172991.0,Direct Debit,Paid,0.0
PMT-2B8FE55D,VAT-BBE4F8BB,GR0000000454,2022-04-30,2022-04-30,3699.0,Online Payment,Paid,0.0
PMT-A4D600E3,VAT-761B98DE,GR0000000454,2022-07-31,2022-07-31,3231.0,Direct Debit,Paid,0.0
PMT-9123FA49,VAT-BD0707FD,GR0000000454,2022-10-31,2022-10-31,3608.0,Bank Transfer,Paid,0.0
PMT-A00EA755,VAT-53156B8B,GR0000000454,2023-01-31,2023-01-31,3772.0,Bank Transfer,Paid,0.0
PMT-E093A5B4,VAT-0C72F3B8,GR0000000454,2023-04-30,2023-04-30,6178.0,Bank Transfer,Paid,0.0
PMT-84C61897,VAT-35C3BB91,GR0000000454,2023-07-31,2023-07-31,3707.0,Direct Debit,Paid,0.0
PMT-6747D992,VAT-1B17AD34,GR0000000454,2023-10-31,2023-10-31,5583.0,Bank Transfer,Paid,0.0
PMT-F5FC1404,VAT-4DEB8091,GR0000000454,2024-01-31,2024-01-31,6359.0,Bank Transfer,Paid,0.0
PMT-0439C58B,VAT-B90C917A,GR0000000454,2024-04-30,2024-04-30,1782.0,Bank Transfer,Paid,0.0
PMT-C878AD0C,VAT-0D511C33,GR0000000454,2024-07-31,2024-07-31,1731.0,Bank Transfer,Paid,0.0
PMT-97419405,VAT-5A486FDD,GR0000000454,2024-10-31,2024-10-31,1380.0,Online Payment,Paid,0.0
PMT-9D3AAB56,VAT-6287B6A0,GR0000000454,2025-01-31,2025-01-31,2068.0,Direct Debit,Paid,0.0
PMT-4BBF66F6,VAT-402F9A38,GR0000000456,2022-04-30,2022-04-30,27156.0,Direct Debit,Paid,0.0
PMT-735843D3,VAT-78ADB1A0,GR0000000456,2022-07-31,2022-07-31,99089.0,Bank Transfer,Paid,0.0
PMT-58ABA6E8,VAT-3D184677,GR0000000456,2022-10-31,2022-10-31,165624.0,Direct Debit,Paid,0.0
PMT-249FC7C3,VAT-947B65A5,GR0000000456,2023-01-31,2023-01-31,42949.0,Bank Transfer,Paid,0.0
PMT-B69D44BF,VAT-29372FA3,GR0000000456,2023-04-30,2023-04-30,16798.0,Bank Transfer,Paid,0.0
PMT-5E664360,VAT-4512BC4A,GR0000000456,2023-07-31,2023-07-31,68853.0,Direct Debit,Paid,0.0
PMT-8987FFF1,VAT-D64C0ABE,GR0000000456,2023-10-31,2023-10-31,91441.0,Bank Transfer,Paid,0.0
PMT-349FCB17,VAT-91F090D6,GR0000000456,2024-01-31,2024-01-31,56866.0,Bank Transfer,Paid,0.0
PMT-F834C225,VAT-01DCEB8B,GR0000000456,2024-04-30,2024-04-30,19485.0,Bank Transfer,Paid,0.0
PMT-30508A71,VAT-2213AED0,GR0000000456,2024-07-31,2024-07-31,71023.0,Other,Paid,0.0
PMT-79BA7B1B,VAT-01E2D852,GR0000000456,2024-10-31,2024-10-31,49395.0,Bank Transfer,Paid,0.0
PMT-90F73848,VAT-0B5200F0,GR0000000456,2025-01-31,2025-01-31,45835.0,Direct Debit,Paid,0.0
PMT-00494F9B,VAT-2A1F9978,GR0000000457,2022-04-30,2022-04-30,3330.0,Bank Transfer,Paid,0.0
PMT-2294A95F,VAT-92DFECF4,GR0000000457,2022-07-31,2022-07-31,9574.0,Bank Transfer,Paid,0.0
PMT-8043454A,VAT-68AED4D7,GR0000000457,2022-10-31,2022-10-31,17290.0,Bank Transfer,Paid,0.0
PMT-55059D88,VAT-D2436BD6,GR0000000457,2023-01-31,2023-01-31,8883.0,Direct Debit,Paid,0.0
PMT-456CBB51,VAT-68EAB980,GR0000000457,2023-04-30,2023-04-30,5211.0,Bank Transfer,Paid,0.0
PMT-506A2A7E,VAT-33774C03,GR0000000457,2023-07-31,2023-07-31,17507.0,Bank Transfer,Paid,0.0
PMT-A1EA99EF,VAT-17110512,GR0000000457,2023-10-31,2023-10-31,10681.0,Bank Transfer,Paid,0.0
PMT-D4BD122D,VAT-62D7382B,GR0000000457,2024-01-31,2024-01-31,6129.0,Bank Transfer,Paid,0.0
PMT-0276CC1D,VAT-0877C1AC,GR0000000457,2024-04-30,2024-04-30,2966.0,Bank Transfer,Paid,0.0
PMT-2CB36321,VAT-11835A38,GR0000000457,2024-07-31,2024-07-31,16345.0,Online Payment,Paid,0.0
PMT-97F8B7DA,VAT-E4F85879,GR0000000457,2024-10-31,2024-10-31,14632.0,Bank Transfer,Paid,0.0
PMT-25E26120,VAT-0F62E855,GR0000000457,2025-01-31,2025-01-31,14963.0,Direct Debit,Paid,0.0
PMT-7C94CC72,VAT-62C53360,GR0000000461,2022-04-30,2022-04-30,68837.0,Direct Debit,Paid,0.0
PMT-69807DBF,VAT-F1DB4D4E,GR0000000461,2022-07-31,2022-07-31,90236.0,Bank Transfer,Paid,0.0
PMT-30A69CB8,VAT-BAE5742C,GR0000000461,2022-10-31,2022-10-31,98761.0,Direct Debit,Paid,0.0
PMT-DACF6F3E,VAT-E66E9386,GR0000000461,2023-01-31,2023-01-31,373589.0,Bank Transfer,Paid,0.0
PMT-C1CE945D,VAT-D270417E,GR0000000461,2023-04-30,2023-04-30,210944.0,Bank Transfer,Paid,0.0
PMT-FBC05DF6,VAT-E2AF8365,GR0000000461,2023-07-31,2023-07-31,222806.0,Bank Transfer,Paid,0.0
PMT-D8D69C3D,VAT-C3C6A618,GR0000000461,2023-10-31,2023-10-31,201251.0,Bank Transfer,Paid,0.0
PMT-FB20C4A9,VAT-212F98A9,GR0000000461,2024-01-31,2024-01-31,326241.0,Bank Transfer,Paid,0.0
PMT-A2CE66DB,VAT-98F76727,GR0000000461,2024-04-30,2024-04-30,173360.0,Bank Transfer,Paid,0.0
PMT-65BE2D42,VAT-806212FC,GR0000000461,2024-07-31,2024-07-31,85108.0,Direct Debit,Paid,0.0
PMT-8AFB0EB2,VAT-07931B4C,GR0000000461,2024-10-31,2024-10-31,153048.0,Bank Transfer,Paid,0.0
PMT-1197F52E,VAT-920E469C,GR0000000461,2025-01-31,2025-01-31,260498.0,Bank Transfer,Paid,0.0
PMT-F442C9A5,VAT-A6A9EF5A,GR0000000463,2022-04-30,2022-04-30,540.0,Bank Transfer,Paid,0.0
PMT-1C5A71D8,VAT-C2D4ED4F,GR0000000463,2023-04-30,2023-04-30,920.0,Bank Transfer,Paid,0.0
PMT-C0070B4B,VAT-B10F7313,GR0000000463,2023-07-31,2023-07-31,42.0,Bank Transfer,Paid,0.0
PMT-8A817E83,VAT-7153B4EC,GR0000000463,2023-10-31,2023-10-31,960.0,Bank Transfer,Paid,0.0
PMT-E05E1379,VAT-FE40CACD,GR0000000463,2024-07-31,2024-07-31,480.0,Bank Transfer,Paid,0.0
PMT-9C9E0D04,VAT-BCA3F06A,GR0000000467,2022-07-31,2022-07-31,15612.0,Bank Transfer,Paid,0.0
PMT-434DE98D,VAT-2BDB8612,GR0000000467,2022-10-31,2022-10-31,17405.0,Direct Debit,Paid,0.0
PMT-F0DCCDDC,VAT-056A7D16,GR0000000467,2023-04-30,2023-04-30,560.0,Bank Transfer,Paid,0.0
PMT-0E09A35E,VAT-A9195E59,GR0000000467,2023-07-31,2023-07-31,17591.0,Direct Debit,Paid,0.0
PMT-5B403FDF,VAT-71327C40,GR0000000467,2024-01-31,2024-01-31,1128.0,Direct Debit,Paid,0.0
PMT-75152E38,VAT-361BA467,GR0000000467,2024-10-31,2024-10-31,3738.0,Bank Transfer,Paid,0.0
PMT-C04012FA,VAT-EE463BCE,GR0000000468,2022-04-30,2022-04-30,77140.0,Bank Transfer,Paid,0.0
PMT-9859ACE3,VAT-9D2D6070,GR0000000468,2022-07-31,2022-07-31,91873.0,Bank Transfer,Paid,0.0
PMT-E0796986,VAT-E6DFFCE9,GR0000000468,2022-10-31,2022-10-31,85273.0,Direct Debit,Paid,0.0
PMT-18FC3503,VAT-143A521C,GR0000000468,2023-01-31,2023-01-31,62423.0,Bank Transfer,Paid,0.0
PMT-7338CACB,VAT-CE559725,GR0000000468,2023-04-30,2023-04-30,109133.0,Bank Transfer,Partial,0.0
PMT-D1F82F75,VAT-68086B4A,GR0000000468,2023-07-31,2023-07-31,91439.0,Direct Debit,Paid,0.0
PMT-B7239409,VAT-55117DF7,GR0000000468,2023-10-31,2023-10-31,81716.0,Bank Transfer,Paid,0.0
PMT-2D222319,VAT-1BFE64BA,GR0000000468,2024-01-31,2024-01-31,104744.0,Bank Transfer,Paid,0.0
PMT-FEC9F374,VAT-CB3E392B,GR0000000468,2024-04-30,2024-04-30,57487.0,Online Payment,Paid,0.0
PMT-7CDEB757,VAT-805DE8F3,GR0000000468,2024-07-31,2024-07-31,48055.0,Online Payment,Paid,0.0
PMT-D8F7AFBC,VAT-3134882F,GR0000000468,2024-10-31,2024-10-31,59624.0,Bank Transfer,Paid,0.0
PMT-8ACDCF48,VAT-C710AA13,GR0000000468,2025-01-31,2025-01-31,49518.0,Online Payment,Paid,0.0
PMT-1CF3F730,VAT-70AA0211,GR0000000469,2022-04-30,2022-04-30,134256.0,Direct Debit,Paid,0.0
PMT-36B86012,VAT-D9BDE080,GR0000000469,2022-07-31,2022-07-31,182948.0,Bank Transfer,Paid,0.0
PMT-22FF4510,VAT-3E2D5F63,GR0000000469,2022-10-31,2022-10-31,154289.0,Direct Debit,Paid,0.0
PMT-4FAEA75D,VAT-D9708EDE,GR0000000469,2023-01-31,2023-01-31,176768.0,Bank Transfer,Paid,0.0
PMT-D575AED4,VAT-084FDDA0,GR0000000469,2023-04-30,2023-04-30,138148.0,Bank Transfer,Paid,0.0
PMT-03664A2D,VAT-36023BFB,GR0000000469,2023-07-31,2023-07-31,83507.0,Bank Transfer,Paid,0.0
PMT-D9A3E047,VAT-F4E32F38,GR0000000469,2023-10-31,2023-10-31,136566.0,Bank Transfer,Paid,0.0
PMT-436C82E2,VAT-19220B6C,GR0000000469,2024-01-31,2024-01-31,294844.0,Direct Debit,Paid,0.0
PMT-D831333C,VAT-34D5862C,GR0000000469,2024-04-30,2024-04-30,119986.0,Direct Debit,Paid,0.0
PMT-7EB0C7C4,VAT-3E3547B8,GR0000000469,2024-07-31,2024-07-31,91355.0,Bank Transfer,Paid,0.0
PMT-D8FAB5C4,VAT-D4DFE078,GR0000000469,2024-10-31,2024-10-31,94226.0,Bank Transfer,Paid,0.0
PMT-C31A0480,VAT-34AC64E8,GR0000000469,2025-01-31,2025-01-31,149356.0,Direct Debit,Paid,0.0
PMT-E85341E2,VAT-D41A017A,GR0000000470,2024-04-30,2024-04-29,227.0,Bank Transfer,Partial,0.0
PMT-402727B0,VAT-9CEB0561,GR0000000470,2024-10-31,,0.0,,Unpaid,
PMT-4BEE2E2D,VAT-7B69C127,GR0000000470,2025-01-31,2025-01-31,1532.0,Bank Transfer,Paid,0.0
PMT-9BF3D326,VAT-B8A30A6E,GR0000000471,2022-04-30,2022-04-30,101396.0,Bank Transfer,Paid,0.0
PMT-BDAC860C,VAT-7C9903B1,GR0000000471,2022-07-31,2022-07-31,285518.0,Direct Debit,Paid,0.0
PMT-57ADDC7D,VAT-DDF4C494,GR0000000471,2022-10-31,2022-10-31,459972.0,Direct Debit,Paid,0.0
PMT-B783C8E6,VAT-493AAAF8,GR0000000471,2023-01-31,2023-01-31,139077.0,Bank Transfer,Paid,0.0
PMT-D34AE063,VAT-C4457BAE,GR0000000471,2023-04-30,2023-04-30,126082.0,Bank Transfer,Paid,0.0
PMT-3921AA83,VAT-2A34141E,GR0000000471,2023-07-31,2023-07-31,409298.0,Bank Transfer,Paid,0.0
PMT-7CA858C3,VAT-8BD46393,GR0000000471,2023-10-31,2023-10-31,653097.0,Bank Transfer,Paid,0.0
PMT-2C078E2D,VAT-38C347D9,GR0000000471,2024-01-31,2024-02-04,320415.0,Bank Transfer,Paid,4.0
PMT-49696AEF,VAT-4299C195,GR0000000471,2024-04-30,2024-04-30,121640.0,Bank Transfer,Paid,0.0
PMT-02751D64,VAT-BE76BF5C,GR0000000471,2024-07-31,2024-07-31,354223.0,Direct Debit,Paid,0.0
PMT-0289CCBA,VAT-CA880324,GR0000000471,2024-10-31,2024-10-31,550919.0,Bank Transfer,Paid,0.0
PMT-049F0678,VAT-C76C1999,GR0000000471,2025-01-31,2025-01-31,230053.0,Direct Debit,Paid,0.0
PMT-B423EF47,VAT-851C4843,GR0000000472,2022-04-30,2022-04-30,5707.0,Bank Transfer,Paid,0.0
PMT-870917C1,VAT-C5590CE5,GR0000000472,2022-07-31,2022-07-31,5559.0,Bank Transfer,Paid,0.0
PMT-C86B2D0B,VAT-21268B4C,GR0000000472,2022-10-31,2022-10-31,4813.0,Bank Transfer,Paid,0.0
PMT-0C97036F,VAT-3DBC66C7,GR0000000472,2023-01-31,2023-01-31,6149.0,Direct Debit,Paid,0.0
PMT-D76AA6EE,VAT-1B814B37,GR0000000472,2023-04-30,2023-05-01,2699.0,Direct Debit,Paid,1.0
PMT-37526BE5,VAT-983D0EA1,GR0000000472,2023-07-31,2023-08-05,1967.0,Direct Debit,Paid,5.0
PMT-870B690F,VAT-23B4D244,GR0000000472,2023-10-31,2023-10-31,2397.0,Bank Transfer,Paid,0.0
PMT-D1B62770,VAT-FCCBB2DA,GR0000000472,2024-01-31,2024-01-31,3210.0,Bank Transfer,Paid,0.0
PMT-DBB9A152,VAT-9B4FAB08,GR0000000472,2024-04-30,2024-04-30,2491.0,Bank Transfer,Paid,0.0
PMT-A58F5760,VAT-1A308110,GR0000000472,2024-07-31,2024-07-31,2733.0,Bank Transfer,Paid,0.0
PMT-AAB5ABCA,VAT-0C6C9BDC,GR0000000472,2024-10-31,2024-10-31,2808.0,Bank Transfer,Paid,0.0
PMT-708FD394,VAT-A794E35E,GR0000000472,2025-01-31,2025-01-31,2642.0,Bank Transfer,Partial,0.0
PMT-2C5FD424,VAT-95969FFA,GR0000000473,2022-04-30,2022-04-30,1431553.0,Direct Debit,Paid,0.0
PMT-34399E4D,VAT-ABB9A6DF,GR0000000473,2022-07-31,2022-07-31,1473214.0,Bank Transfer,Paid,0.0
PMT-101A7627,VAT-917586D6,GR0000000473,2022-10-31,2022-10-31,894070.0,Direct Debit,Partial,0.0
PMT-FCAC28DD,VAT-B46B89E0,GR0000000473,2023-01-31,2023-01-31,3051823.0,Direct Debit,Paid,0.0
PMT-95ED989A,VAT-7310FDAC,GR0000000473,2023-04-30,2023-04-30,1168480.0,Bank Transfer,Paid,0.0
PMT-AC5ACBFC,VAT-9C6C31B5,GR0000000473,2023-07-31,2023-07-31,1639932.0,Direct Debit,Paid,0.0
PMT-B107F6C7,VAT-A49B94B1,GR0000000473,2023-10-31,2023-10-31,2317081.0,Bank Transfer,Paid,0.0
PMT-10799071,VAT-CCC89CBB,GR0000000473,2024-01-31,2024-01-31,3863250.0,Direct Debit,Paid,0.0
PMT-3E03CC65,VAT-B61ECD35,GR0000000473,2024-04-30,2024-04-30,1586024.0,Bank Transfer,Paid,0.0
PMT-3ADE0F8F,VAT-773A1498,GR0000000473,2024-07-31,2024-07-31,2181610.0,Bank Transfer,Paid,0.0
PMT-F6064E44,VAT-2C3979C6,GR0000000473,2024-10-31,2024-11-01,1607051.0,Bank Transfer,Paid,1.0
PMT-187CAD18,VAT-AE49EAD7,GR0000000473,2025-01-31,2025-02-01,4422064.0,Bank Transfer,Paid,1.0
PMT-BCE69172,VAT-1FF400DD,GR0000000476,2022-07-31,2022-08-24,476.0,Bank Transfer,Partial,24.0
PMT-3D53A102,VAT-28E6735A,GR0000000476,2024-04-30,,0.0,,Unpaid,
PMT-61FA5CFA,VAT-36625710,GR0000000476,2024-07-31,,0.0,,Unpaid,
PMT-05A94E7F,VAT-2453A546,GR0000000476,2025-01-31,,0.0,,Unpaid,
PMT-330E5B14,VAT-B61D993C,GR0000000477,2024-04-30,2024-05-03,2262.0,Direct Debit,Paid,3.0
PMT-7D409C8D,VAT-6CC295E8,GR0000000477,2024-07-31,2024-07-31,2964.0,Bank Transfer,Partial,0.0
PMT-3765BB0F,VAT-F3BC229E,GR0000000477,2024-10-31,2024-10-31,2892.0,Bank Transfer,Paid,0.0
PMT-2FDFF744,VAT-A0FE5F32,GR0000000477,2025-01-31,2025-02-05,2731.0,Direct Debit,Partial,5.0
PMT-166984A4,VAT-F6552E4C,GR0000000478,2022-04-30,2022-04-30,9612351.0,Bank Transfer,Paid,0.0
PMT-6A4F3928,VAT-79CB8032,GR0000000478,2022-07-31,2022-07-31,9358461.0,Bank Transfer,Paid,0.0
PMT-D33F02AC,VAT-12A9FBE8,GR0000000478,2022-10-31,2022-10-31,8164687.0,Bank Transfer,Paid,0.0
PMT-BA778D4A,VAT-D6990902,GR0000000478,2023-01-31,2023-01-31,7863874.0,Direct Debit,Paid,0.0
PMT-0F33BC46,VAT-0D3A63CC,GR0000000478,2023-04-30,2023-04-30,8398882.0,Bank Transfer,Paid,0.0
PMT-45B003AC,VAT-A7411735,GR0000000478,2023-07-31,2023-07-31,6409436.0,Direct Debit,Paid,0.0
PMT-10FB93B1,VAT-701D0E81,GR0000000478,2023-10-31,2023-10-31,7159303.0,Direct Debit,Paid,0.0
PMT-C8123927,VAT-EE54B9E5,GR0000000478,2024-01-31,2024-02-03,6988002.0,Bank Transfer,Paid,3.0
PMT-83A56DCA,VAT-1F1DEC9E,GR0000000478,2024-04-30,2024-04-30,7910474.0,Bank Transfer,Paid,0.0
PMT-978C22BD,VAT-81EC9E53,GR0000000478,2024-07-31,2024-07-31,8842056.0,Direct Debit,Paid,0.0
PMT-8112291E,VAT-ABFF3CD5,GR0000000478,2024-10-31,2024-10-31,7998419.0,Direct Debit,Paid,0.0
PMT-88CC019E,VAT-9AD3A56F,GR0000000478,2025-01-31,2025-01-31,8364118.0,Bank Transfer,Paid,0.0
PMT-6CD650B1,VAT-66F3D67D,GR0000000479,2022-04-30,2022-04-30,6212.0,Bank Transfer,Paid,0.0
PMT-BF0EAEEF,VAT-67C8A549,GR0000000479,2022-07-31,2022-07-31,8102.0,Bank Transfer,Paid,0.0
PMT-F649BB89,VAT-FA8BEC77,GR0000000479,2022-10-31,2022-10-31,7294.0,Bank Transfer,Paid,0.0
PMT-D0712715,VAT-FBB4B151,GR0000000479,2023-01-31,2023-01-31,11673.0,Direct Debit,Paid,0.0
PMT-B04ACB22,VAT-CD697EFE,GR0000000479,2023-04-30,2023-04-30,10157.0,Bank Transfer,Paid,0.0
PMT-25EBEFFC,VAT-DC1CA05E,GR0000000479,2023-07-31,2023-07-31,11111.0,Bank Transfer,Paid,0.0
PMT-1921B53E,VAT-710F3AB4,GR0000000479,2023-10-31,2023-10-31,10259.0,Direct Debit,Paid,0.0
PMT-8E830C21,VAT-0D70F7D0,GR0000000479,2024-01-31,2024-01-31,11097.0,Direct Debit,Paid,0.0
PMT-A1E8DDF9,VAT-A5BE2364,GR0000000479,2024-04-30,2024-04-30,2486.0,Other,Paid,0.0
PMT-38265CB5,VAT-8C9A019E,GR0000000479,2024-07-31,2024-07-31,3012.0,Bank Transfer,Paid,0.0
PMT-BD866434,VAT-A4CC202B,GR0000000479,2024-10-31,2024-10-31,2668.0,Bank Transfer,Paid,0.0
PMT-F922306D,VAT-BE390FC4,GR0000000479,2025-01-31,2025-01-31,3394.0,Direct Debit,Paid,0.0
PMT-6ED58182,VAT-5E20D49D,GR0000000482,2022-04-30,2022-04-30,93.0,Bank Transfer,Paid,0.0
PMT-AC2E9D12,VAT-25204F49,GR0000000482,2022-07-31,2022-07-31,308.0,Bank Transfer,Paid,0.0
PMT-9974C2CC,VAT-FD73224D,GR0000000482,2022-10-31,2022-10-31,981.0,Direct Debit,Paid,0.0
PMT-2ACF14E0,VAT-00DC8C95,GR0000000482,2023-01-31,2023-02-04,1636.0,Bank Transfer,Paid,4.0
PMT-D329E9E4,VAT-F955024D,GR0000000482,2023-04-30,2023-04-30,145.0,Bank Transfer,Paid,0.0
PMT-88117FEE,VAT-1DEA3947,GR0000000482,2023-07-31,2023-07-31,2536.0,Direct Debit,Paid,0.0
PMT-75105E02,VAT-F6067E06,GR0000000482,2023-10-31,2023-10-31,1923.0,Bank Transfer,Paid,0.0
PMT-EA9EC5A6,VAT-97E98EA1,GR0000000482,2024-01-31,2024-01-31,3155.0,Direct Debit,Paid,0.0
PMT-F4CF246A,VAT-DA5C2A09,GR0000000482,2024-04-30,2024-04-30,252.0,Bank Transfer,Paid,0.0
PMT-BE4FEF4D,VAT-B59D7029,GR0000000482,2024-07-31,2024-07-31,1380.0,Online Payment,Paid,0.0
PMT-EEA5AD14,VAT-E8934D46,GR0000000482,2024-10-31,2024-10-31,721.0,Bank Transfer,Paid,0.0
PMT-FC50DCF8,VAT-C21F75A4,GR0000000482,2025-01-31,2025-01-31,662.0,Direct Debit,Paid,0.0
PMT-0981AADA,VAT-7571DC58,GR0000000485,2022-04-30,2022-04-30,191011.0,Bank Transfer,Partial,0.0
PMT-8F2236A4,VAT-4DA404D6,GR0000000485,2022-07-31,2022-08-07,261168.0,Bank Transfer,Paid,7.0
PMT-7FA818DD,VAT-B54D66B8,GR0000000485,2022-10-31,2022-10-31,242307.0,Bank Transfer,Paid,0.0
PMT-D341536C,VAT-D781B26D,GR0000000485,2023-01-31,2023-01-31,261050.0,Bank Transfer,Paid,0.0
PMT-0582F2F9,VAT-0A780058,GR0000000485,2023-04-30,2023-04-30,255211.0,Bank Transfer,Paid,0.0
PMT-621BBACE,VAT-EB98A921,GR0000000485,2023-07-31,,0.0,,Unpaid,
PMT-2C7A5622,VAT-BFAD6E76,GR0000000485,2023-10-31,2023-10-30,200118.0,Bank Transfer,Paid,0.0
PMT-41A66C01,VAT-AFDC7189,GR0000000485,2024-01-31,2024-02-01,394880.0,Direct Debit,Paid,1.0
PMT-6BE3D71C,VAT-8B4DF53C,GR0000000485,2024-04-30,2024-05-11,131507.0,Bank Transfer,Paid,11.0
PMT-834AA543,VAT-04192E22,GR0000000485,2024-07-31,2024-07-31,127126.0,Bank Transfer,Partial,0.0
PMT-46D16F62,VAT-45DA3B72,GR0000000485,2024-10-31,2024-10-31,201305.0,Bank Transfer,Paid,0.0
PMT-47A255A5,VAT-8D1574EB,GR0000000485,2025-01-31,2025-02-15,168088.0,Bank Transfer,Paid,15.0
PMT-65AACBAB,VAT-D915F1E8,GR0000000487,2022-04-30,2022-04-30,2159.0,Direct Debit,Paid,0.0
PMT-D21C178D,VAT-D0975643,GR0000000487,2022-07-31,2022-07-31,2655.0,Bank Transfer,Paid,0.0
PMT-3CE0CF06,VAT-00A735FC,GR0000000487,2022-10-31,2022-10-31,3756.0,Direct Debit,Partial,0.0
PMT-0068791E,VAT-708E6707,GR0000000487,2023-01-31,2023-02-05,3863.0,Direct Debit,Paid,5.0
PMT-82240492,VAT-2B23EB38,GR0000000487,2023-04-30,2023-04-30,1341.0,Direct Debit,Paid,0.0
PMT-382C36D2,VAT-12DE183E,GR0000000487,2023-07-31,2023-07-31,4270.0,Bank Transfer,Paid,0.0
PMT-9EF29BB9,VAT-55CAB429,GR0000000487,2023-10-31,2023-11-01,1156.0,Direct Debit,Paid,1.0
PMT-60A96DC0,VAT-9CB6E4BB,GR0000000487,2024-01-31,2024-01-31,316.0,Direct Debit,Paid,0.0
PMT-99C70C5D,VAT-FE7796B0,GR0000000487,2024-04-30,2024-05-04,4317.0,Bank Transfer,Paid,4.0
PMT-622F1CA2,VAT-DF606F7C,GR0000000487,2024-07-31,2024-07-31,2541.0,Direct Debit,Paid,0.0
PMT-B80740AE,VAT-9C6E36C9,GR0000000487,2024-10-31,2024-10-31,2504.0,Bank Transfer,Paid,0.0
PMT-88C8BF34,VAT-0853D9BA,GR0000000487,2025-01-31,2025-01-31,6340.0,Bank Transfer,Paid,0.0
PMT-D6A07BD5,VAT-077A1F5C,GR0000000493,2022-04-30,,0.0,,Unpaid,
PMT-FB678D00,VAT-96B508BA,GR0000000493,2022-07-31,2022-07-31,525580.0,Bank Transfer,Paid,0.0
PMT-EA1BB8E8,VAT-AEBC6CC2,GR0000000493,2022-10-31,2022-10-30,498365.0,Bank Transfer,Partial,0.0
PMT-80CC8E00,VAT-AF532133,GR0000000493,2023-01-31,2023-01-30,557622.0,Direct Debit,Paid,0.0
PMT-DF587823,VAT-26664FD5,GR0000000493,2023-04-30,2023-04-30,329999.0,Direct Debit,Paid,0.0
PMT-DE007FF9,VAT-12F5A8BA,GR0000000493,2023-07-31,2023-07-30,305691.0,Bank Transfer,Paid,0.0
PMT-3CEC1564,VAT-60BCD78E,GR0000000493,2023-10-31,2023-10-30,381025.0,Bank Transfer,Paid,0.0
PMT-8573B0D1,VAT-436FC6B4,GR0000000493,2024-01-31,2024-01-31,314170.0,Direct Debit,Partial,0.0
PMT-1D22AB7F,VAT-26463310,GR0000000493,2024-04-30,2024-05-13,260008.0,Bank Transfer,Paid,13.0
PMT-A197B911,VAT-F8F87839,GR0000000493,2024-07-31,,0.0,,Unpaid,
PMT-EB0D80FD,VAT-8C03D30A,GR0000000493,2024-10-31,2024-10-30,305142.0,Bank Transfer,Paid,0.0
PMT-75337664,VAT-6794507B,GR0000000493,2025-01-31,2025-01-30,280415.0,Bank Transfer,Paid,0.0
PMT-874B1821,VAT-EBF23DC5,GR0000000495,2022-07-31,2022-07-31,4.0,Bank Transfer,Paid,0.0
PMT-BCB56093,VAT-DC0188E2,GR0000000495,2022-10-31,2022-10-31,31.0,Direct Debit,Paid,0.0
PMT-A03658BC,VAT-CD84F66A,GR0000000495,2023-07-31,2023-07-31,157.0,Bank Transfer,Paid,0.0
PMT-754D7214,VAT-EE2F1C34,GR0000000495,2023-10-31,2023-10-31,130.0,Bank Transfer,Paid,0.0
PMT-DFD72649,VAT-FCEFE118,GR0000000495,2024-01-31,2024-01-31,137.0,Bank Transfer,Paid,0.0
PMT-15450306,VAT-9E922551,GR0000000495,2024-07-31,2024-07-31,23.0,Bank Transfer,Paid,0.0
PMT-BE39F750,VAT-2F559478,GR0000000495,2024-10-31,2024-10-31,67.0,Bank Transfer,Paid,0.0
PMT-646D06E4,VAT-A4C34613,GR0000000496,2022-04-30,2022-04-30,1961182.0,Direct Debit,Paid,0.0
PMT-BF373F60,VAT-ED8F07BA,GR0000000496,2022-07-31,2022-07-31,2006298.0,Bank Transfer,Paid,0.0
PMT-F132A0D9,VAT-016EE363,GR0000000496,2022-10-31,2022-10-31,2038720.0,Direct Debit,Paid,0.0
PMT-045456AA,VAT-14337197,GR0000000496,2023-01-31,2023-01-31,1893422.0,Direct Debit,Paid,0.0
PMT-D7237A5A,VAT-A31B05B9,GR0000000496,2023-04-30,2023-04-30,1510687.0,Direct Debit,Paid,0.0
PMT-C12D8E76,VAT-E3A5682C,GR0000000496,2023-07-31,2023-07-31,1771073.0,Direct Debit,Paid,0.0
PMT-90690260,VAT-24FE339A,GR0000000496,2023-10-31,2023-10-31,1763239.0,Bank Transfer,Paid,0.0
PMT-E48CF7E2,VAT-D0916842,GR0000000496,2024-01-31,2024-01-31,2136340.0,Direct Debit,Paid,0.0
PMT-702C270C,VAT-A27EA92F,GR0000000496,2024-04-30,2024-04-30,2001314.0,Bank Transfer,Paid,0.0
PMT-277A8CDD,VAT-6E1B7B5E,GR0000000496,2024-07-31,2024-07-31,2063789.0,Direct Debit,Paid,0.0
PMT-3B94A836,VAT-1528CA23,GR0000000496,2024-10-31,2024-10-31,2200252.0,Direct Debit,Paid,0.0
PMT-445644CD,VAT-DA4D691E,GR0000000496,2025-01-31,2025-01-31,1882884.0,Direct Debit,Paid,0.0
PMT-17C3BC6D,VAT-AF90B5E9,GR0000000499,2022-07-31,2022-07-31,1396.0,Direct Debit,Paid,0.0
PMT-1725FCEB,VAT-65BB4CB8,GR0000000499,2022-10-31,2022-10-31,995.0,Direct Debit,Paid,0.0
PMT-3493E2B9,VAT-BEF0DE47,GR0000000499,2023-01-31,2023-01-31,423.0,Bank Transfer,Paid,0.0
PMT-42C282DF,VAT-3559F686,GR0000000499,2023-07-31,2023-07-31,4308.0,Bank Transfer,Paid,0.0
PMT-4C308D9C,VAT-D2C2776F,GR0000000499,2024-01-31,2024-01-31,6608.0,Online Payment,Paid,0.0
PMT-28D9C24D,VAT-03EFED5D,GR0000000499,2024-07-31,2024-07-31,4964.0,Bank Transfer,Paid,0.0
PMT-7902D91E,VAT-3EB4507A,GR0000000499,2024-10-31,2024-10-31,4152.0,Direct Debit,Paid,0.0
PMT-24791D65,VAT-4857CFEE,GR0000000499,2025-01-31,2025-01-31,5751.0,Bank Transfer,Paid,0.0
PMT-522FB800,VAT-AE972A05,GR0000000500,2022-04-30,2022-04-30,34961.0,Bank Transfer,Paid,0.0
PMT-050F9A76,VAT-A9C3BEDD,GR0000000500,2022-07-31,2022-07-31,46792.0,Bank Transfer,Paid,0.0
PMT-4D03F8DA,VAT-82D4709E,GR0000000500,2022-10-31,2022-10-31,37485.0,Online Payment,Paid,0.0
PMT-C6763F78,VAT-12C645A7,GR0000000500,2023-01-31,2023-01-31,45930.0,Bank Transfer,Paid,0.0
PMT-B79E1B98,VAT-1C209D85,GR0000000500,2023-04-30,2023-04-30,28119.0,Bank Transfer,Paid,0.0
PMT-49A13DB1,VAT-BDCB6955,GR0000000500,2023-07-31,2023-07-31,29127.0,Bank Transfer,Paid,0.0
PMT-8980E8C7,VAT-C472B485,GR0000000500,2023-10-31,2023-10-31,37631.0,Bank Transfer,Paid,0.0
PMT-CC770C0A,VAT-5A6F7DD7,GR0000000500,2024-01-31,2024-01-31,45622.0,Bank Transfer,Paid,0.0
PMT-A133B86D,VAT-1C35F257,GR0000000500,2024-04-30,2024-04-30,37069.0,Bank Transfer,Paid,0.0
PMT-F5D20DF9,VAT-450E3E97,GR0000000500,2024-07-31,2024-07-31,41478.0,Bank Transfer,Paid,0.0
PMT-0608F9A2,VAT-ED4163A8,GR0000000500,2024-10-31,2024-10-31,43161.0,Direct Debit,Paid,0.0
PMT-93A70892,VAT-42346A56,GR0000000500,2025-01-31,2025-01-31,54337.0,Bank Transfer,Paid,0.0
