return_id,entity_id,tax_year,submission_date,filing_status,preparation_method,total_revenue,total_expenses,taxable_profit,tax_liability,tax_credits_claimed,final_tax_due,paid_status
TR-424CC75C,GR0000000001,2022,2023-06-17,On-time,Agent-prepared,1057096.0,992668.0,64428.0,14866.71,1390.61,13476.1,Paid
TR-11531FF7,GR0000000001,2023,2024-06-13,On-time,Agent-prepared,790987.0,738356.0,52631.0,12144.56,1418.11,10726.45,Paid
TR-964C5BE0,GR0000000001,2024,2025-06-25,On-time,Agent-prepared,993014.0,941657.0,51357.0,11850.58,1302.1,10548.49,Paid
TR-EA91072A,GR0000000002,2022,2023-08-21,Extended,Agent-prepared,1834689.0,1615781.0,218908.0,60524.28,8083.08,52441.21,Paid
TR-002E4ED6,GR0000000002,2023,2024-06-10,On-time,Agent-prepared,2412271.0,2071173.0,341098.0,94307.71,13280.57,81027.14,Paid
TR-C76046A8,GR0000000002,2024,2025-07-20,Extended,Agent-prepared,2429150.0,2199966.0,229184.0,63365.42,8035.13,55330.29,Paid
TR-C4DD78C1,GR0000000003,2022,2023-06-11,On-time,Agent-prepared,4430211.0,3941911.0,488300.0,116721.85,10003.18,106718.67,Paid
TR-CE4C8FD3,GR0000000003,2023,2024-06-14,On-time,Agent-prepared,2316760.0,2005751.0,311009.0,74342.71,7689.77,66652.94,Paid
TR-5D6C8DC2,GR0000000003,2024,2025-06-11,On-time,Agent-prepared,3060457.0,2570920.0,489537.0,117017.54,11672.98,105344.56,Paid
TR-CAB03FD7,GR0000000004,2022,2023-06-17,On-time,Agent-prepared,1379966.0,1154602.0,225364.0,49328.54,6216.97,43111.57,Paid
TR-D0651E2C,GR0000000004,2023,2024-06-17,On-time,Agent-prepared,2200027.0,1696877.0,503150.0,110131.41,14323.56,95807.84,Paid
TR-FCC04F17,GR0000000004,2024,2025-06-10,On-time,Agent-prepared,1298135.0,1102887.0,195248.0,42736.63,6779.85,35956.78,Paid
TR-3172C570,GR0000000005,2022,2023-06-25,On-time,Agent-prepared,1259207.0,1093163.0,166044.0,44804.01,4848.13,39955.88,Paid
TR-F0B81DA5,GR0000000005,2023,2024-06-19,On-time,Agent-prepared,654541.0,582619.0,71922.0,19406.87,2390.63,17016.24,Paid
TR-D0A847CF,GR0000000005,2024,2025-06-24,On-time,Agent-prepared,985521.0,862200.0,123321.0,33275.97,3338.63,29937.34,Paid
TR-A8153F6E,GR0000000006,2022,2023-07-22,Late,Self-prepared,308095.36,305014.41,3080.95,873.35,143.72,729.63,Unpaid
TR-1D878CBA,GR0000000006,2023,2024-06-26,On-time,Self-prepared,197092.99,195122.06,1970.93,558.69,88.47,470.22,Paid
TR-2F6024E3,GR0000000006,2024,2025-06-27,On-time,Self-prepared,84914.29,84065.14,849.14,240.7,37.8,202.9,Paid
TR-F1118E80,GR0000000007,2024,2025-06-11,On-time,Agent-prepared,3531562.0,2389676.0,1141886.0,257959.61,42052.19,215907.42,Paid
TR-2D088546,GR0000000008,2022,2023-06-11,On-time,Agent-prepared,16324953.0,14980310.0,1344643.0,293315.68,40627.51,252688.17,Paid
TR-3FC9D5D2,GR0000000008,2023,2024-06-15,On-time,Agent-prepared,23276572.0,21567866.0,1708706.0,372731.09,51622.51,321108.58,Paid
TR-D0F6C42B,GR0000000008,2024,2025-06-16,On-time,Agent-prepared,26351294.0,23116669.0,3234625.0,705589.68,115890.87,589698.81,Paid
TR-30E9F31C,GR0000000009,2022,2023-06-13,On-time,Agent-prepared,37683225.0,34065314.0,3617911.0,818735.92,146813.87,671922.05,Paid
TR-6A65C0C3,GR0000000009,2023,2024-06-11,On-time,Agent-prepared,34770242.0,31121225.0,3649017.0,825775.23,137621.89,688153.34,Paid
TR-D369EF56,GR0000000009,2024,2025-07-03,Late,Agent-prepared,27990912.0,25155547.0,2835365.0,641645.19,100660.67,540984.51,Paid
TR-5B0AC9A2,GR0000000010,2022,2023-06-16,On-time,Agent-prepared,80618089.0,68456736.0,12161353.0,2988192.89,550089.7,2438103.19,Paid
TR-BAB60B10,GR0000000010,2023,2024-06-10,On-time,Agent-prepared,68557810.0,56796326.0,11761484.0,2889940.2,476012.23,2413927.97,Paid
TR-49C7A34A,GR0000000010,2024,2025-08-21,Extended,Agent-prepared,83644970.0,72627241.0,11017729.0,2707190.52,449031.41,2258159.1,Paid
TR-F26F7C44,GR0000000011,2022,2023-08-26,Extended,Self-prepared,138256.35,136873.78,1382.56,354.2,49.93,304.27,Paid
TR-CD45EE2D,GR0000000011,2023,2024-06-28,On-time,Self-prepared,78747.76,77960.28,787.48,201.74,28.56,173.18,Paid
TR-9398CF6E,GR0000000011,2024,2025-09-19,Extended,Self-prepared,111807.04,110688.97,1118.07,286.44,37.87,248.57,Unpaid
TR-4ED2F3CD,GR0000000012,2022,2023-06-28,On-time,Agent-prepared,4426374.72,4293583.48,132791.24,34255.58,2968.58,31287.0,Paid
TR-F3F3F3C9,GR0000000012,2023,2024-06-28,On-time,Agent-prepared,2581670.24,2504220.13,77450.11,19979.47,1704.97,18274.5,Paid
TR-D05A68C9,GR0000000012,2024,2025-06-28,On-time,Self-prepared,4792927.03,4649139.22,143787.81,37092.32,3189.48,33902.84,Unpaid
TR-55089449,GR0000000013,2022,2023-06-22,On-time,Agent-prepared,505093.0,457874.0,47219.0,11366.59,928.61,10437.98,Paid
TR-94AD463C,GR0000000013,2023,2024-06-13,On-time,Agent-prepared,553238.0,504074.0,49164.0,11834.79,991.14,10843.66,Paid
TR-317194F5,GR0000000013,2024,2025-06-21,On-time,Agent-prepared,523146.0,479241.0,43905.0,10568.84,925.46,9643.38,Paid
TR-469EB6EE,GR0000000014,2022,2023-06-20,On-time,Self-prepared,3357739.86,3257007.66,100732.2,23021.97,1865.25,21156.72,Unpaid
TR-FD2D82AE,GR0000000014,2023,2024-06-29,On-time,Agent-prepared,1813565.91,1759158.93,54406.98,12434.51,1009.59,11424.93,Paid
TR-55789FD9,GR0000000014,2024,2025-06-26,On-time,Agent-prepared,2490279.84,2415571.45,74708.4,17074.33,1381.26,15693.07,Paid
TR-5DA0D577,GR0000000015,2022,2023-06-24,On-time,Agent-prepared,3260129.0,2550294.0,709835.0,196780.01,33970.29,162809.72,Paid
TR-49AAF9D0,GR0000000015,2023,2024-06-14,On-time,Self-prepared,5885681.0,4383187.0,1502494.0,416520.44,68527.64,347992.8,Paid
TR-B8D3CEB3,GR0000000015,2024,2025-06-10,On-time,Agent-prepared,3579121.0,2555080.0,1024041.0,283884.0,45764.41,238119.59,Paid
TR-CEFAFB17,GR0000000016,2022,2023-06-15,On-time,Agent-prepared,9140419.0,7075636.0,2064783.0,472673.89,67071.52,405602.37,Paid
TR-20584094,GR0000000016,2023,2024-06-16,On-time,Agent-prepared,7844681.0,6182268.0,1662413.0,380562.61,49804.97,330757.64,Paid
TR-696D1C6C,GR0000000016,2024,2025-06-12,On-time,Agent-prepared,8455440.0,7030401.0,1425039.0,326222.52,46344.94,279877.58,Paid
TR-8176B017,GR0000000017,2023,2024-06-12,On-time,Self-prepared,1477514.0,977130.0,500384.0,120972.19,12564.19,108408.0,Paid
TR-7403C26F,GR0000000017,2024,2025-06-23,On-time,Self-prepared,910399.0,632375.0,278024.0,67214.72,6538.16,60676.56,Paid
TR-6A1D7F92,GR0000000018,2022,2023-06-20,On-time,Agent-prepared,3845236.0,2760211.0,1085025.0,232739.15,44345.25,188393.91,Paid
TR-07890469,GR0000000018,2023,2024-06-13,On-time,Agent-prepared,3195822.0,2387695.0,808127.0,173344.2,31570.1,141774.11,Paid
TR-C0BFE914,GR0000000018,2024,2025-06-20,On-time,Agent-prepared,3682021.0,2797049.0,884972.0,189827.55,34832.81,154994.74,Paid
TR-5DC4F046,GR0000000019,2022,2023-08-20,Extended,Self-prepared,1733589.07,1681581.4,52007.67,14258.95,1480.56,12778.38,Partial
TR-CC23B7A7,GR0000000019,2023,2024-06-20,On-time,Agent-prepared,1381060.89,1339629.07,41431.83,11359.37,1267.75,10091.62,Paid
TR-49668ED9,GR0000000019,2024,2025-06-29,On-time,Self-prepared,1615713.25,1567241.86,48471.4,13289.41,1470.85,11818.55,Paid
TR-26B5C2D4,GR0000000020,2022,2023-06-22,On-time,Self-prepared,111819872.58,76856118.08,34963754.5,9459932.14,1311856.08,8148076.06,Paid
TR-BB43D0F8,GR0000000020,2023,2024-07-19,Extended,Self-prepared,137669103.87,115424039.14,22245064.72,6018712.97,915079.81,5103633.16,Partial
TR-6DB23877,GR0000000020,2024,2025-06-23,On-time,Self-prepared,122788105.37,97836236.79,24951868.57,6751076.56,1021465.1,5729611.46,Paid
TR-E761C1EE,GR0000000021,2022,2023-06-18,On-time,Agent-prepared,27038922.0,22821714.0,4217208.0,828660.07,145467.05,683193.02,Paid
TR-82A3F1B6,GR0000000021,2023,2024-06-19,On-time,Agent-prepared,23971763.0,21596876.0,2374887.0,466653.3,87694.13,378959.17,Paid
TR-1F7FC6B9,GR0000000021,2024,2025-06-14,On-time,Agent-prepared,52386570.0,47422290.0,4964280.0,975455.94,156176.51,819279.43,Paid
TR-D6FAF43A,GR0000000022,2022,2023-06-18,On-time,Agent-prepared,53732039.0,45693116.0,8038923.0,2224022.31,397763.77,1826258.54,Paid
TR-E5967456,GR0000000022,2023,2024-06-15,On-time,Agent-prepared,43887601.0,38321521.0,5566080.0,1539893.61,268782.66,1271110.94,Paid
TR-3D08877F,GR0000000022,2024,2025-06-23,On-time,Self-prepared,69895111.0,60843007.0,9052104.0,2504325.68,374125.68,2130200.0,Paid
TR-BD6982D2,GR0000000023,2022,2023-06-22,On-time,Agent-prepared,1957544.38,1898818.05,58726.33,16090.38,2899.96,13190.42,Partial
TR-ECC37683,GR0000000023,2023,2024-06-24,On-time,Self-prepared,2018954.77,1958386.13,60568.64,16595.16,2952.97,13642.18,Unpaid
TR-9D55EC0A,GR0000000023,2024,2025-06-27,On-time,Self-prepared,2983373.86,2893872.65,89501.22,24522.37,4349.31,20173.06,Partial
TR-39485371,GR0000000024,2022,2023-08-06,Late,Agent-prepared,867957.37,841918.65,26038.72,6691.62,1154.94,5536.69,Paid
TR-72D6B090,GR0000000024,2023,2024-06-21,On-time,Agent-prepared,720322.48,698712.8,21609.67,5553.41,989.14,4564.27,Paid
TR-A32CC263,GR0000000024,2024,2025-06-25,On-time,Agent-prepared,573076.79,555884.48,17192.3,4418.21,721.06,3697.15,Paid
TR-0DE417C9,GR0000000025,2022,2023-06-25,On-time,Agent-prepared,2877440.0,2387403.0,490037.0,122586.18,11042.1,111544.08,Paid
TR-4C176B53,GR0000000025,2023,2024-06-23,On-time,Agent-prepared,1716376.0,1423492.0,292884.0,73266.98,7551.6,65715.38,Partial
TR-FA9D5CFB,GR0000000025,2024,2025-06-25,On-time,Agent-prepared,1757023.0,1447120.0,309903.0,77524.4,8133.01,69391.39,Paid
TR-6B8DF997,GR0000000026,2022,2023-06-12,On-time,Agent-prepared,2034329.0,1813220.0,221109.0,61862.61,7147.65,54714.96,Paid
TR-A9DC3CB7,GR0000000026,2023,2024-06-13,On-time,Agent-prepared,1060754.0,969336.0,91418.0,25577.23,2544.84,23032.39,Paid
TR-3BBEE0D5,GR0000000026,2024,2025-06-15,On-time,Agent-prepared,3417437.0,3038774.0,378663.0,105943.58,10996.32,94947.26,Paid
TR-33CAF73F,GR0000000027,2022,2023-06-14,On-time,Agent-prepared,3129123.0,2849139.0,279984.0,70522.31,8175.93,62346.38,Partial
TR-93D064BE,GR0000000027,2023,2024-06-11,On-time,Agent-prepared,1904693.0,1629328.0,275365.0,69358.87,8405.16,60953.72,Paid
TR-A06E2EC6,GR0000000027,2024,2025-06-20,On-time,Self-prepared,2598517.0,2378815.0,219702.0,55338.49,8185.42,47153.08,Paid
TR-7320A08A,GR0000000028,2022,2023-06-19,On-time,Agent-prepared,2013436.0,1485534.0,527902.0,120908.87,7629.48,113279.39,Paid
TR-AFAC2653,GR0000000028,2023,2024-06-20,On-time,Self-prepared,4340886.0,3202761.0,1138125.0,260672.25,18208.28,242463.97,Paid
TR-0C264C90,GR0000000028,2024,2025-06-14,On-time,Self-prepared,3757535.0,3036602.0,720933.0,165120.02,10610.65,154509.38,Paid
TR-C6D4BA48,GR0000000029,2022,2023-06-14,On-time,Agent-prepared,814404.0,773683.8,40720.2,10744.01,1094.65,9649.36,Partial
TR-6B5628A0,GR0000000029,2023,2024-06-18,On-time,Agent-prepared,730900.0,694355.0,36545.0,9642.38,1086.49,8555.89,Paid
TR-1139538F,GR0000000029,2024,2025-06-23,On-time,Agent-prepared,1850981.0,1700134.0,150847.0,39800.91,4008.81,35792.1,Paid
TR-0B51FD4B,GR0000000030,2022,2023-06-19,On-time,Agent-prepared,1336609.0,1240034.0,96575.0,25411.44,2498.98,22912.47,Paid
TR-258CC5C2,GR0000000030,2023,2024-06-11,On-time,Agent-prepared,845889.0,803594.55,42294.45,11128.79,1095.33,10033.47,Paid
TR-CE9C9C4A,GR0000000030,2024,2025-06-18,On-time,Agent-prepared,1402841.0,1332698.95,70142.05,18456.23,1718.18,16738.05,Paid
TR-38D7663C,GR0000000031,2022,2023-06-16,On-time,Agent-prepared,404990.0,364860.0,40130.0,8065.42,1252.76,6812.66,Paid
TR-59CAB1CA,GR0000000031,2023,2024-06-14,On-time,Agent-prepared,639092.0,601230.0,37862.0,7609.59,1091.9,6517.69,Paid
TR-C0182D0D,GR0000000031,2024,2025-06-24,On-time,Agent-prepared,500680.0,462359.0,38321.0,7701.84,1062.28,6639.56,Paid
TR-615BC85E,GR0000000032,2022,2023-06-22,On-time,Self-prepared,104697266.0,94853935.0,9843331.0,1848008.4,329390.05,1518618.35,Paid
TR-67542463,GR0000000032,2023,2024-06-12,On-time,Self-prepared,87948278.0,80950287.0,6997991.0,1313818.07,275891.45,1037926.62,Paid
TR-6F91DE13,GR0000000032,2024,2025-06-11,On-time,Agent-prepared,147349923.0,138863318.0,8486605.0,1593293.71,294075.29,1299218.42,Paid
TR-B5E193CB,GR0000000033,2022,2023-06-10,On-time,Agent-prepared,60694500.0,40290843.0,20403657.0,4836336.81,662700.32,4173636.5,Paid
TR-E182BA7F,GR0000000033,2023,2024-09-26,Extended,Self-prepared,83829654.0,51266523.0,32563131.0,7718531.5,950743.41,6767788.09,Paid
TR-A6FF2437,GR0000000033,2024,2025-06-10,On-time,Self-prepared,52751102.0,37187942.0,15563160.0,3688980.05,519013.9,3169966.15,Paid
TR-4546A696,GR0000000034,2022,2023-06-21,On-time,Agent-prepared,1051374.0,993689.0,57685.0,13977.93,2060.32,11917.61,Paid
TR-0FE41772,GR0000000034,2023,2024-06-21,On-time,Agent-prepared,805268.0,759135.0,46133.0,11178.71,1632.02,9546.69,Paid
TR-291C9D28,GR0000000034,2024,2025-06-19,On-time,Agent-prepared,497270.0,455883.0,41387.0,10028.68,1516.8,8511.88,Paid
TR-89B46507,GR0000000035,2022,2023-06-20,On-time,Agent-prepared,38502481.0,32968745.0,5533736.0,1299705.59,282366.76,1017338.83,Paid
TR-93D3B08F,GR0000000035,2023,2024-06-14,On-time,Self-prepared,56200957.0,49997512.0,6203445.0,1456999.78,306497.81,1150501.97,Paid
TR-88168D60,GR0000000035,2024,2025-06-13,On-time,Agent-prepared,35864006.0,31146502.0,4717504.0,1107997.62,246154.01,861843.61,Paid
TR-993C0D58,GR0000000036,2022,2023-06-11,On-time,Agent-prepared,12167893.0,10100223.0,2067670.0,467905.54,66414.32,401491.22,Paid
TR-433F1115,GR0000000036,2023,2024-06-20,On-time,Agent-prepared,10066926.0,8657889.0,1409037.0,318859.5,44667.59,274191.9,Paid
TR-B8429A32,GR0000000036,2024,2025-06-20,On-time,Self-prepared,14933688.0,12550168.0,2383520.0,539381.14,81078.7,458302.44,Paid
TR-FF2732AD,GR0000000037,2022,2023-06-12,On-time,Agent-prepared,3459881.0,2895921.0,563960.0,154841.06,13512.66,141328.4,Paid
TR-C85428A7,GR0000000037,2023,2024-08-27,Extended,Agent-prepared,2381023.0,2055006.0,326017.0,89511.35,7973.21,81538.14,Paid
TR-621AE242,GR0000000037,2024,2025-08-07,Late,Agent-prepared,2266213.0,1930006.0,336207.0,92309.12,9522.41,82786.71,Paid
TR-69F6700F,GR0000000038,2022,2023-06-11,On-time,Agent-prepared,916016.0,744391.0,171625.0,46537.47,6073.08,40464.4,Partial
TR-18861442,GR0000000038,2023,2024-06-21,On-time,Agent-prepared,1313467.0,1001981.0,311486.0,84461.89,9401.07,75060.82,Paid
TR-DC0B5589,GR0000000038,2024,2025-06-18,On-time,Agent-prepared,713105.0,521867.0,191238.0,51855.69,6249.99,45605.71,Paid
TR-EEB6CB81,GR0000000039,2022,2023-06-20,On-time,Agent-prepared,316494.36,277720.44,38773.93,9181.2,1083.57,8097.63,Paid
TR-903D2B16,GR0000000039,2023,2024-09-27,Extended,Agent-prepared,82460.65,75712.66,6747.99,1597.84,175.19,1422.65,Partial
TR-CD04BDC0,GR0000000039,2024,2025-08-23,Extended,Agent-prepared,96161.01,93276.18,2884.83,683.09,80.05,603.04,Paid
TR-703078C8,GR0000000040,2022,2023-06-17,On-time,Agent-prepared,35564232.0,31047141.0,4517091.0,1020233.2,199357.63,820875.58,Paid
TR-3E29988D,GR0000000040,2023,2024-06-19,On-time,Agent-prepared,28970749.0,25493435.0,3477314.0,785388.47,173277.76,612110.71,Paid
TR-2A1BB0C2,GR0000000040,2024,2025-06-12,On-time,Agent-prepared,35999362.0,32472427.0,3526935.0,796595.91,164980.91,631615.0,Paid
TR-45CBF8CF,GR0000000041,2022,2023-06-20,On-time,Agent-prepared,321524.0,261415.0,60109.0,15056.2,1485.77,13570.43,Paid
TR-1D44FC19,GR0000000041,2023,2024-06-18,On-time,Agent-prepared,108592.0,92513.0,16079.0,4027.49,380.2,3647.29,Paid
TR-9F72BBED,GR0000000041,2024,2025-06-17,On-time,Self-prepared,134984.0,115971.0,19013.0,4762.41,422.22,4340.19,Paid
TR-9FEFC8A7,GR0000000042,2024,2025-06-13,On-time,Agent-prepared,5010904.0,3378746.0,1632158.0,409923.25,42058.91,367864.34,Paid
TR-77ACA2AD,GR0000000043,2022,2023-06-22,On-time,Agent-prepared,8378245.0,6199569.0,2178676.0,442454.56,40913.53,401541.03,Paid
TR-92411DBD,GR0000000043,2023,2024-06-17,On-time,Self-prepared,6897674.0,5115216.0,1782458.0,361988.96,31424.47,330564.49,Paid
TR-8038CD78,GR0000000043,2024,2025-06-18,On-time,Agent-prepared,9151663.0,6718481.0,2433182.0,494140.69,41905.33,452235.37,Paid
TR-2634E38A,GR0000000044,2022,2023-06-24,On-time,Agent-prepared,430938.0,386251.0,44687.0,10397.9,1113.87,9284.03,Paid
TR-6AF186F8,GR0000000044,2023,2024-06-14,On-time,Agent-prepared,699534.0,635581.0,63953.0,14880.77,1728.28,13152.48,Paid
TR-97B8796C,GR0000000044,2024,2025-06-19,On-time,Agent-prepared,371053.0,343142.0,27911.0,6494.41,728.09,5766.32,Paid
TR-ECFCE6CF,GR0000000045,2022,2023-06-12,On-time,Self-prepared,230459.0,216126.0,14333.0,3465.0,326.7,3138.31,Paid
TR-9221A3A6,GR0000000045,2023,2024-06-11,On-time,Agent-prepared,203602.0,186649.0,16953.0,4098.39,425.13,3673.26,Paid
TR-E87CC586,GR0000000045,2024,2025-06-25,On-time,Agent-prepared,208053.0,195673.0,12380.0,2992.87,340.74,2652.13,Paid
TR-FAFC5A77,GR0000000046,2024,2025-06-15,On-time,Agent-prepared,6668580.0,6271582.0,396998.0,107610.85,14975.35,92635.51,Paid
TR-B0E6F784,GR0000000047,2022,2023-06-12,On-time,Agent-prepared,19406344.0,17485713.0,1920631.0,413290.26,86249.45,327040.81,Paid
TR-912C154D,GR0000000047,2023,2024-06-14,On-time,Agent-prepared,36876979.0,34172816.0,2704163.0,581894.3,106012.46,475881.84,Paid
TR-D528C20A,GR0000000047,2024,2025-06-24,On-time,Self-prepared,26305605.0,24187673.0,2117932.0,455746.4,102623.51,353122.89,Paid
TR-5AFDEB4C,GR0000000048,2022,2023-06-23,On-time,Agent-prepared,5102324.0,4567151.0,535173.0,130503.34,13962.03,116541.31,Paid
TR-7CD40EDD,GR0000000048,2023,2024-06-10,On-time,Self-prepared,3510372.0,3183910.0,326462.0,79608.62,8425.17,71183.45,Paid
TR-EFF510D3,GR0000000048,2024,2025-06-13,On-time,Self-prepared,5119490.0,4574006.0,545484.0,133017.71,14074.61,118943.1,Paid
TR-C7DD91C4,GR0000000049,2022,2023-06-14,On-time,Agent-prepared,388818.0,306067.0,82751.0,18648.0,1659.64,16988.35,Paid
TR-7FFB1422,GR0000000049,2023,2024-06-15,On-time,Agent-prepared,329826.0,274624.0,55202.0,12439.81,1105.42,11334.39,Paid
TR-EAD92840,GR0000000049,2024,2025-06-23,On-time,Agent-prepared,296204.0,243027.0,53177.0,11983.48,1190.75,10792.72,Paid
TR-0B4BAECE,GR0000000050,2022,2023-06-23,On-time,Agent-prepared,311716732.83,302365230.85,9351501.98,2148541.78,514735.98,1633805.79,Partial
TR-4A483736,GR0000000050,2023,2024-06-27,On-time,Agent-prepared,203145577.99,193891980.25,9253597.74,2126047.92,570524.79,1555523.13,Unpaid
TR-02973E1D,GR0000000050,2024,2025-06-24,On-time,Agent-prepared,277942804.3,269604520.17,8338284.13,1915751.27,484423.36,1431327.91,Unpaid
TR-18D24D9A,GR0000000051,2022,2023-06-17,On-time,Self-prepared,9123268.0,7365257.0,1758011.0,385850.75,60133.25,325717.5,Paid
TR-AE43DFA5,GR0000000051,2023,2024-06-13,On-time,Agent-prepared,6617991.0,5898087.0,719904.0,158005.55,25514.94,132490.61,Paid
TR-A9748BD7,GR0000000051,2024,2025-06-15,On-time,Agent-prepared,5492237.0,4534711.0,957526.0,210159.17,27982.46,182176.71,Paid
TR-887FD18C,GR0000000052,2022,2023-06-24,On-time,Agent-prepared,1147739.0,1054136.0,93603.0,27918.82,2415.5,25503.31,Paid
TR-5C04BAE3,GR0000000052,2023,2024-06-10,On-time,Agent-prepared,1744374.0,1633725.0,110649.0,33003.1,3056.62,29946.48,Paid
TR-979AC86B,GR0000000052,2024,2025-06-16,On-time,Agent-prepared,1358655.0,1238080.0,120575.0,35963.71,3798.5,32165.22,Paid
TR-ED153809,GR0000000053,2022,2023-06-21,On-time,Self-prepared,1908536.85,1851280.75,57256.11,14278.03,1677.69,12600.34,Paid
TR-4535FFAC,GR0000000053,2023,2024-06-25,On-time,Agent-prepared,1091180.05,1055612.35,35567.7,8869.56,1084.46,7785.1,Paid
TR-398FBCEF,GR0000000053,2024,2025-07-24,Late,Self-prepared,656352.98,636662.39,19690.59,4910.27,620.61,4289.66,Partial
TR-95A5BA38,GR0000000054,2022,2023-06-20,On-time,Agent-prepared,2407276.0,2173644.0,233632.0,63802.9,9580.75,54222.15,Paid
TR-F5C21A75,GR0000000054,2023,2024-06-23,On-time,Agent-prepared,2486712.0,2346136.0,140576.0,38390.1,6213.72,32176.38,Paid
TR-0AD63DDA,GR0000000054,2024,2025-06-15,On-time,Self-prepared,1757917.0,1648962.0,108955.0,29754.68,4600.97,25153.71,Paid
TR-38431394,GR0000000055,2023,2024-09-23,Extended,Agent-prepared,227755913.0,145363332.0,82392581.0,15574997.96,4054369.86,11520628.1,Paid
TR-29F490F9,GR0000000055,2024,2025-06-20,On-time,Self-prepared,335578349.0,213532963.0,122045386.0,23070725.72,5656007.62,17414718.1,Paid
TR-C7F193D3,GR0000000056,2022,2023-06-20,On-time,Agent-prepared,267421.0,247659.0,19762.0,5874.72,462.7,5412.02,Paid
TR-2A76EE16,GR0000000056,2023,2024-06-25,On-time,Agent-prepared,222732.0,205020.0,17712.0,5265.31,448.32,4816.99,Paid
TR-C7912091,GR0000000056,2024,2025-06-11,On-time,Agent-prepared,167616.0,157384.0,10232.0,3041.7,264.19,2777.51,Paid
TR-941F37A6,GR0000000057,2022,2023-06-24,On-time,Agent-prepared,1665194.0,1543937.0,121257.0,27089.45,2725.43,24364.02,Paid
TR-CAB547E9,GR0000000057,2023,2024-06-12,On-time,Self-prepared,2245224.0,2088526.0,156698.0,35007.16,3704.57,31302.58,Paid
TR-E1F031F8,GR0000000057,2024,2025-06-13,On-time,Agent-prepared,1107762.0,1052373.9,55388.1,12373.99,1226.65,11147.34,Paid
TR-D71C6236,GR0000000058,2022,2023-06-23,On-time,Agent-prepared,25510074.0,23472674.0,2037400.0,502138.77,52810.15,449328.62,Paid
TR-7EB3FCEA,GR0000000058,2023,2024-06-14,On-time,Agent-prepared,23222398.0,20751428.0,2470970.0,608996.68,76948.1,532048.58,Paid
TR-6D49FBD6,GR0000000058,2024,2025-06-18,On-time,Agent-prepared,36224145.0,32261699.0,3962446.0,976586.71,106034.34,870552.37,Paid
TR-00FC5310,GR0000000059,2022,2023-06-16,On-time,Agent-prepared,43788254.0,33825769.0,9962485.0,2016591.74,417475.67,1599116.08,Paid
TR-9A838938,GR0000000059,2023,2024-06-14,On-time,Agent-prepared,37792521.0,29362921.0,8429600.0,1706307.39,289481.58,1416825.81,Paid
TR-F4B4F1E3,GR0000000059,2024,2025-06-14,On-time,Agent-prepared,47931875.0,40165404.0,7766471.0,1572077.78,285911.63,1286166.15,Paid
TR-D654AEFF,GR0000000060,2022,2023-06-20,On-time,Self-prepared,47348818.0,43607033.0,3741785.0,840496.74,133845.95,706650.79,Paid
TR-58D4EDD2,GR0000000060,2023,2024-06-23,On-time,Agent-prepared,51703267.0,45264197.0,6439070.0,1446373.14,241804.31,1204568.83,Paid
TR-C78359EE,GR0000000060,2024,2025-06-17,On-time,Self-prepared,49785125.0,45313160.0,4471965.0,1004513.08,149343.63,855169.45,Paid
TR-34DA2FFF,GR0000000061,2022,2023-06-18,On-time,Agent-prepared,1768365.0,1279895.0,488470.0,126786.78,8818.01,117968.77,Paid
TR-8678DCC9,GR0000000061,2023,2024-06-14,On-time,Agent-prepared,3370616.0,2605317.0,765299.0,198640.24,11442.69,187197.55,Paid
TR-A0C02BE7,GR0000000061,2024,2025-06-21,On-time,Self-prepared,3025553.0,2084318.0,941235.0,244306.01,15232.71,229073.3,Partial
TR-E6432E95,GR0000000062,2022,2023-08-25,Extended,Agent-prepared,12335064.0,11103123.0,1231941.0,337846.67,36016.68,301829.99,Paid
TR-4059F018,GR0000000062,2023,2024-06-12,On-time,Agent-prepared,13329638.0,12115736.0,1213902.0,332899.67,32130.47,300769.19,Paid
TR-1F6085F9,GR0000000062,2024,2025-06-14,On-time,Agent-prepared,10429072.0,9129685.0,1299387.0,356343.01,41988.0,314355.01,Paid
TR-8ABD79EB,GR0000000063,2022,2023-06-27,On-time,Agent-prepared,1225787.7,1213529.83,12257.88,3133.25,268.58,2864.67,Unpaid
TR-A66FF3EF,GR0000000063,2023,2024-06-29,On-time,Self-prepared,521886.2,516667.34,5218.86,1334.0,117.51,1216.49,Unpaid
TR-AA39599F,GR0000000063,2024,2025-06-25,On-time,Self-prepared,385925.42,382066.17,3859.25,986.47,90.1,896.37,Partial
TR-EA94FE70,GR0000000064,2022,2023-06-10,On-time,Agent-prepared,512329.0,477909.0,34420.0,8883.55,788.1,8095.45,Paid
TR-7EB8E9FC,GR0000000064,2023,2024-06-11,On-time,Agent-prepared,645093.0,601364.0,43729.0,11286.13,1111.04,10175.1,Paid
TR-1D91B825,GR0000000064,2024,2025-06-20,On-time,Agent-prepared,583000.0,537423.0,45577.0,11763.09,1107.97,10655.12,Paid
TR-5AB74722,GR0000000065,2022,2023-06-17,On-time,Agent-prepared,37841.0,35238.0,2603.0,659.03,64.95,594.08,Paid
TR-8089B157,GR0000000065,2023,2024-06-14,On-time,Agent-prepared,30618.0,28907.0,1711.0,433.19,43.02,390.17,Paid
TR-FE0891B0,GR0000000065,2024,2025-06-18,On-time,Agent-prepared,33392.0,31722.4,1669.6,422.71,40.65,382.05,Paid
TR-7461CEBB,GR0000000066,2022,2023-06-10,On-time,Self-prepared,6998237.0,6334191.0,664046.0,136570.83,20600.49,115970.34,Paid
TR-C12B9DE5,GR0000000066,2023,2024-08-17,Extended,Agent-prepared,6368671.0,5929851.0,438820.0,90249.79,13075.02,77174.77,Paid
TR-05CCC603,GR0000000066,2024,2025-06-14,On-time,Agent-prepared,5239752.0,4641089.0,598663.0,123123.85,17780.67,105343.18,Paid
TR-AA2AC14D,GR0000000067,2022,2023-06-18,On-time,Agent-prepared,10555850.0,7648084.0,2907766.0,657107.14,37985.52,619121.62,Paid
TR-F905A12E,GR0000000067,2023,2024-06-18,On-time,Self-prepared,9003199.0,7103620.0,1899579.0,429273.51,25739.19,403534.33,Paid
TR-9C52C12D,GR0000000067,2024,2025-06-19,On-time,Agent-prepared,6151420.0,4700999.0,1450421.0,327771.21,23409.22,304362.0,Paid
TR-45D063B3,GR0000000068,2022,2023-08-09,Late,Self-prepared,150843.92,146318.6,4525.32,1264.07,99.58,1164.49,Paid
TR-F2A051E4,GR0000000068,2023,2024-06-28,On-time,Agent-prepared,134003.45,129983.34,4020.1,1122.95,97.23,1025.72,Paid
TR-3204DA17,GR0000000068,2024,2025-06-29,On-time,Agent-prepared,52310.4,50741.09,1569.31,438.36,38.35,400.01,Paid
TR-96E06A26,GR0000000069,2022,2023-06-25,On-time,Agent-prepared,263409.0,247535.0,15874.0,4361.21,433.43,3927.78,Paid
TR-6E6981AA,GR0000000069,2023,2024-06-23,On-time,Agent-prepared,682696.0,640203.0,42493.0,11674.5,1022.24,10652.26,Partial
TR-665B3F9E,GR0000000069,2024,2025-06-22,On-time,Agent-prepared,634400.0,582504.0,51896.0,14257.87,1340.63,12917.24,Partial
TR-EAF0579A,GR0000000070,2022,2023-06-22,On-time,Self-prepared,4657775.0,4200020.0,457755.0,124867.11,16043.5,108823.61,Paid
TR-CF61D870,GR0000000070,2023,2024-06-18,On-time,Agent-prepared,7197302.0,6571508.0,625794.0,170705.05,18693.44,152011.61,Paid
TR-C9461DC2,GR0000000070,2024,2025-06-22,On-time,Agent-prepared,7402235.0,6783979.0,618256.0,168648.82,21339.44,147309.39,Paid
TR-D87C6F76,GR0000000071,2024,2025-06-17,On-time,Agent-prepared,294657.0,261488.0,33169.0,8156.27,827.55,7328.71,Paid
TR-A3F8415A,GR0000000072,2022,2023-06-25,On-time,Self-prepared,2727045.0,2494704.0,232341.0,52479.82,5276.55,47203.27,Paid
TR-1386159F,GR0000000072,2023,2024-06-13,On-time,Agent-prepared,3786111.0,3448355.0,337756.0,76290.34,8188.38,68101.96,Paid
TR-AAF1207E,GR0000000072,2024,2025-06-20,On-time,Agent-prepared,4122184.0,3723660.0,398524.0,90016.26,11025.93,78990.34,Paid
TR-F4877066,GR0000000073,2022,2023-06-10,On-time,Agent-prepared,920338.0,860013.0,60325.0,14621.89,1331.3,13290.59,Paid
TR-9CC6A264,GR0000000073,2023,2024-06-14,On-time,Agent-prepared,1536688.0,1419575.0,117113.0,28386.46,2464.59,25921.88,Paid
TR-295D22C8,GR0000000073,2024,2025-06-24,On-time,Agent-prepared,1653440.0,1566417.0,87023.0,21093.09,2083.18,19009.91,Paid
TR-8845261E,GR0000000074,2022,2023-06-10,On-time,Agent-prepared,129727.0,112062.0,17665.0,5101.27,476.0,4625.27,Paid
TR-AE3C067D,GR0000000074,2023,2024-06-15,On-time,Self-prepared,322565.0,276468.0,46097.0,13311.81,1230.28,12081.53,Paid
TR-677C5074,GR0000000074,2024,2025-06-10,On-time,Agent-prepared,219080.0,195102.0,23978.0,6924.33,644.97,6279.36,Paid
TR-5AA84A72,GR0000000075,2022,2023-06-19,On-time,Agent-prepared,15360311.0,10138927.0,5221384.0,1232599.65,240490.42,992109.23,Paid
TR-485D5899,GR0000000075,2023,2024-06-22,On-time,Agent-prepared,14769819.0,9278434.0,5491385.0,1296338.14,248714.55,1047623.59,Paid
TR-A1F4BA07,GR0000000075,2024,2025-06-11,On-time,Agent-prepared,22602529.0,17529234.0,5073295.0,1197640.63,202555.7,995084.93,Paid
TR-B11E501A,GR0000000076,2022,2023-06-19,On-time,Agent-prepared,288203.0,250874.0,37329.0,9318.98,937.67,8381.31,Paid
TR-6CC8B07C,GR0000000076,2023,2024-06-11,On-time,Agent-prepared,202498.0,180928.0,21570.0,5384.83,557.19,4827.64,Paid
TR-F0A342E4,GR0000000076,2024,2025-06-18,On-time,Agent-prepared,164686.0,151281.0,13405.0,3346.48,347.63,2998.86,Paid
TR-DCFF6A53,GR0000000077,2022,2023-06-21,On-time,Agent-prepared,1936792.0,1679817.0,256975.0,72962.71,7659.39,65303.33,Paid
TR-36790FE5,GR0000000077,2023,2024-06-21,On-time,Agent-prepared,1966141.0,1672705.0,293436.0,83315.06,8784.93,74530.13,Paid
TR-8E766E93,GR0000000077,2024,2025-06-22,On-time,Agent-prepared,1652304.0,1433909.0,218395.0,62008.72,6489.18,55519.54,Paid
TR-E477D338,GR0000000078,2022,2023-06-29,On-time,Agent-prepared,45549448.57,42803508.26,2745940.31,717920.09,166701.66,551218.44,Paid
TR-C85566B7,GR0000000078,2023,2024-06-24,On-time,Agent-prepared,49396248.84,47914361.38,1481887.47,387436.24,95159.46,292276.78,Paid
TR-D5761A27,GR0000000078,2024,2025-06-22,On-time,Agent-prepared,30436569.74,29523472.65,913097.09,238727.24,54803.86,183923.37,Paid
TR-6E8EC4FF,GR0000000079,2022,2023-06-22,On-time,Agent-prepared,13365596.0,12557214.0,808382.0,171075.37,26189.32,144886.05,Paid
TR-A7B7366B,GR0000000079,2023,2024-06-18,On-time,Agent-prepared,18765695.0,17827410.25,938284.75,198566.29,31431.78,167134.51,Paid
TR-2BCCAF81,GR0000000079,2024,2025-06-24,On-time,Agent-prepared,16521581.0,15337013.0,1184568.0,250686.45,35172.14,215514.3,Paid
TR-D3614AE1,GR0000000080,2022,2023-06-22,On-time,Agent-prepared,2320811.0,1587847.0,732964.0,162512.26,31862.54,130649.72,Partial
TR-030843C3,GR0000000080,2023,2024-06-24,On-time,Agent-prepared,1445612.0,920515.0,525097.0,116424.13,22431.67,93992.46,Paid
TR-9119342C,GR0000000080,2024,2025-06-23,On-time,Agent-prepared,1271727.0,926673.0,345054.0,76505.13,15122.58,61382.55,Paid
TR-DF7584E1,GR0000000081,2022,2023-06-11,On-time,Agent-prepared,5850823.0,5019946.0,830877.0,199805.34,31277.47,168527.87,Paid
TR-C2FD56B8,GR0000000081,2023,2024-06-13,On-time,Self-prepared,7016087.0,5833324.0,1182763.0,284425.21,43995.98,240429.23,Paid
TR-5BE5FE15,GR0000000081,2024,2025-06-15,On-time,Agent-prepared,9103041.0,7980669.0,1122372.0,269902.67,35137.94,234764.73,Paid
TR-25F03174,GR0000000082,2022,2023-07-23,Extended,Self-prepared,12058096.46,11937515.49,120580.96,25512.24,5666.15,19846.09,Unpaid
TR-68967BC6,GR0000000082,2023,2024-06-28,On-time,Agent-prepared,7710750.62,7633643.11,77107.51,16314.22,3862.17,12452.06,Unpaid
TR-4583EA14,GR0000000082,2024,2025-06-29,On-time,Self-prepared,5378517.78,4851655.28,526862.5,111472.33,24063.2,87409.12,Paid
TR-C80A28CE,GR0000000083,2022,2023-06-23,On-time,Self-prepared,46525047.0,40075755.0,6449292.0,1480858.16,188047.16,1292811.0,Paid
TR-87D057C8,GR0000000083,2023,2024-06-25,On-time,Self-prepared,53138052.0,47770611.0,5367441.0,1232448.28,163438.95,1069009.33,Paid
TR-7205F09F,GR0000000083,2024,2025-06-10,On-time,Agent-prepared,46937170.0,43197643.0,3739527.0,858653.8,132550.12,726103.68,Paid
TR-503FA233,GR0000000084,2022,2023-06-17,On-time,Agent-prepared,51816164.0,48192894.0,3623270.0,917242.08,166402.66,750839.42,Paid
TR-BFAFBAFA,GR0000000084,2023,2024-06-22,On-time,Agent-prepared,48478781.0,45962482.0,2516299.0,637008.93,123863.91,513145.02,Paid
TR-C9691032,GR0000000084,2024,2025-06-17,On-time,Agent-prepared,49093690.0,44885331.0,4208359.0,1065359.18,216848.54,848510.64,Paid
TR-17B4EDA1,GR0000000085,2022,2023-06-13,On-time,Agent-prepared,102847.0,93120.0,9727.0,2295.25,163.0,2132.25,Paid
TR-DAD88D90,GR0000000085,2023,2024-06-19,On-time,Agent-prepared,43180.0,38344.0,4836.0,1141.14,84.31,1056.83,Paid
TR-C09363C4,GR0000000085,2024,2025-06-22,On-time,Agent-prepared,45849.0,41006.0,4843.0,1142.79,84.03,1058.76,Paid
TR-A31E81F1,GR0000000086,2022,2023-06-18,On-time,Agent-prepared,177720.0,167640.0,10080.0,2855.89,304.87,2551.02,Partial
TR-BD69C395,GR0000000086,2023,2024-06-21,On-time,Agent-prepared,78605.0,72310.0,6295.0,1783.51,166.92,1616.59,Paid
TR-43CE0D08,GR0000000086,2024,2025-06-23,On-time,Agent-prepared,77131.0,71097.0,6034.0,1709.57,180.63,1528.94,Paid
TR-508EE3F1,GR0000000087,2022,2023-06-12,On-time,Agent-prepared,4121461.0,3518756.0,602705.0,127578.42,18767.04,108811.37,Paid
TR-EBE93AE5,GR0000000087,2023,2024-06-12,On-time,Agent-prepared,7064205.0,6071618.0,992587.0,210107.23,27303.11,182804.11,Paid
TR-1790B337,GR0000000087,2024,2025-06-15,On-time,Agent-prepared,5863239.0,4986019.0,877220.0,185686.76,24778.9,160907.86,Paid
TR-BA24A15F,GR0000000088,2022,2023-06-22,On-time,Agent-prepared,1876028.0,1291831.0,584197.0,135416.34,22279.69,113136.65,Paid
TR-4DD18D33,GR0000000088,2023,2024-06-20,On-time,Agent-prepared,1683143.0,1070606.0,612537.0,141985.53,27837.24,114148.3,Paid
TR-31BA7EBC,GR0000000088,2024,2025-06-10,On-time,Agent-prepared,2535414.0,1849606.0,685808.0,158969.68,26992.2,131977.48,Paid
TR-9CE24645,GR0000000089,2022,2023-06-11,On-time,Agent-prepared,19657550.0,16935704.0,2721846.0,512003.91,110297.88,401706.03,Paid
TR-48A66063,GR0000000089,2023,2024-06-22,On-time,Agent-prepared,23096652.0,20945244.0,2151408.0,404699.35,78341.55,326357.81,Paid
TR-EFC471E3,GR0000000089,2024,2025-06-23,On-time,Agent-prepared,34525025.0,30154844.0,4370181.0,822070.67,174876.68,647193.99,Paid
TR-B2C3AAD9,GR0000000090,2022,2023-06-16,On-time,Self-prepared,50861168.0,45415122.0,5446046.0,1091208.14,158578.59,932629.56,Paid
TR-DBCF29C0,GR0000000090,2023,2024-06-22,On-time,Self-prepared,33293529.0,30513056.0,2780473.0,557115.16,90102.68,467012.47,Paid
TR-99F147D4,GR0000000090,2024,2025-06-14,On-time,Agent-prepared,39117975.0,35393903.0,3724072.0,746181.3,118689.24,627492.06,Paid
TR-B45F38D0,GR0000000091,2022,2023-06-23,On-time,Self-prepared,2423772.0,2140859.0,282913.0,64131.18,6490.74,57640.44,Paid
TR-89701E8D,GR0000000091,2023,2024-06-16,On-time,Agent-prepared,2192611.0,2048743.0,143868.0,32612.23,4071.79,28540.45,Paid
TR-CCD5406B,GR0000000091,2024,2025-06-21,On-time,Agent-prepared,2077549.0,1931242.0,146307.0,33165.11,4169.24,28995.87,Paid
TR-E542DAAE,GR0000000092,2022,2023-06-14,On-time,Agent-prepared,22026560.0,17095262.0,4931298.0,1152363.32,100885.48,1051477.84,Paid
TR-8C571B29,GR0000000092,2023,2024-06-23,On-time,Agent-prepared,24994202.0,17518972.0,7475230.0,1746838.43,147726.12,1599112.3,Paid
TR-A9C076E5,GR0000000092,2024,2025-06-16,On-time,Agent-prepared,15378039.0,10788728.0,4589311.0,1072446.57,113445.17,959001.4,Paid
TR-8308A6C2,GR0000000093,2022,2023-06-16,On-time,Agent-prepared,1192582.0,1113705.0,78877.0,23109.97,2530.34,20579.63,Paid
TR-E2668B17,GR0000000093,2023,2024-06-14,On-time,Agent-prepared,898384.0,844572.0,53812.0,15766.24,1580.68,14185.56,Paid
TR-C31B778C,GR0000000093,2024,2025-08-17,Extended,Self-prepared,563143.0,534985.85,28157.15,8249.69,873.29,7376.4,Paid
TR-CF457B8A,GR0000000094,2022,2023-06-15,On-time,Agent-prepared,203607.0,192584.0,11023.0,2907.25,302.51,2604.75,Paid
TR-0E61F3EB,GR0000000094,2023,2024-06-15,On-time,Agent-prepared,160998.0,150589.0,10409.0,2745.31,255.08,2490.23,Paid
TR-81FC71B2,GR0000000094,2024,2025-06-18,On-time,Agent-prepared,129539.0,118431.0,11108.0,2929.67,337.25,2592.41,Paid
TR-AA44CA9C,GR0000000095,2022,2023-06-15,On-time,Agent-prepared,3058378.0,2887685.0,170693.0,47932.8,4033.69,43899.11,Paid
TR-CE0FA20F,GR0000000095,2023,2024-06-14,On-time,Agent-prepared,1736124.0,1626536.0,109588.0,30773.73,3051.51,27722.22,Paid
TR-2AE16DA4,GR0000000095,2024,2025-06-23,On-time,Agent-prepared,4086942.0,3882594.9,204347.1,57383.31,5072.0,52311.31,Paid
TR-1B2B3C3A,GR0000000096,2022,2023-06-20,On-time,Agent-prepared,931027.0,853616.0,77411.0,19325.47,1723.39,17602.07,Paid
TR-ED0C1703,GR0000000096,2023,2024-06-23,On-time,Agent-prepared,1333788.0,1263989.0,69799.0,17425.15,1696.2,15728.95,Paid
TR-38E40574,GR0000000096,2024,2025-06-15,On-time,Agent-prepared,767101.0,709998.0,57103.0,14255.62,1249.55,13006.07,Paid
TR-1BD52F6A,GR0000000097,2022,2023-06-12,On-time,Agent-prepared,357786.0,333427.0,24359.0,5250.9,729.01,4521.89,Partial
TR-9530CFDE,GR0000000097,2023,2024-06-15,On-time,Self-prepared,574448.0,537159.0,37289.0,8038.13,1203.13,6835.0,Paid
TR-FB7027D5,GR0000000097,2024,2025-06-25,On-time,Agent-prepared,501357.0,473932.0,27425.0,5911.81,796.44,5115.37,Paid
TR-6FD58B22,GR0000000098,2022,2023-06-30,On-time,Self-prepared,540739.4,535332.01,5407.39,1343.8,175.77,1168.03,Paid
TR-97B3E617,GR0000000098,2023,2024-06-30,On-time,Self-prepared,335702.15,332345.13,3357.02,834.26,106.26,728.0,Paid
TR-480A769F,GR0000000098,2024,2025-06-29,On-time,Agent-prepared,257875.23,255296.48,2578.75,640.85,81.68,559.17,Unpaid
TR-FEB21794,GR0000000099,2022,2023-06-14,On-time,Self-prepared,1357700.0,1085258.0,272442.0,68742.09,4198.73,64543.36,Paid
TR-1FBA53B7,GR0000000099,2023,2024-06-22,On-time,Agent-prepared,1972009.0,1416662.0,555347.0,140124.18,9188.16,130936.03,Paid
TR-2DC92175,GR0000000099,2024,2025-06-18,On-time,Agent-prepared,1816125.0,1321160.0,494965.0,124888.7,7867.46,117021.24,Paid
TR-032D25C4,GR0000000100,2022,2023-06-18,On-time,Agent-prepared,977112.0,748654.0,228458.0,52923.1,2970.57,49952.54,Paid
TR-21C05FBC,GR0000000100,2023,2024-06-18,On-time,Agent-prepared,972881.0,733674.0,239207.0,55413.15,3233.44,52179.7,Paid
TR-38A72E62,GR0000000100,2024,2025-06-10,On-time,Agent-prepared,804880.0,651056.0,153824.0,35633.87,2436.38,33197.49,Paid
TR-219F6579,GR0000000101,2022,2023-06-28,On-time,Self-prepared,228655.22,226368.67,2286.55,609.35,62.65,546.7,Unpaid
TR-A79A3B47,GR0000000101,2023,2024-06-29,On-time,Self-prepared,50474.7,49969.95,504.75,134.51,13.81,120.7,Paid
TR-D7D530DB,GR0000000101,2024,2025-06-26,On-time,Self-prepared,98851.87,97863.35,988.52,263.43,28.04,235.39,Paid
TR-F3521351,GR0000000102,2022,2023-06-15,On-time,Agent-prepared,3992422.0,3042785.0,949637.0,220176.85,15806.6,204370.24,Paid
TR-1BAC8FD8,GR0000000102,2023,2024-06-16,On-time,Agent-prepared,3851121.0,2900398.0,950723.0,220428.64,14304.58,206124.06,Paid
TR-55B10320,GR0000000102,2024,2025-06-21,On-time,Agent-prepared,4295613.0,3168544.0,1127069.0,261315.11,16618.48,244696.63,Partial
TR-B7BBDB98,GR0000000103,2022,2023-06-10,On-time,Agent-prepared,177818.0,165896.0,11922.0,3556.62,294.37,3262.25,Paid
TR-91FC48A7,GR0000000103,2023,2024-06-16,On-time,Agent-prepared,190642.0,173830.0,16812.0,5015.42,473.72,4541.7,Partial
TR-6E0E33BE,GR0000000103,2024,2025-06-10,On-time,Self-prepared,288619.0,266064.0,22555.0,6728.7,594.91,6133.79,Paid
TR-3AA3AA88,GR0000000104,2022,2023-06-13,On-time,Agent-prepared,5552793.0,4868436.0,684357.0,189427.88,21664.62,167763.26,Paid
TR-A457AA0E,GR0000000104,2023,2024-06-16,On-time,Agent-prepared,11674420.0,10863645.0,810775.0,224419.99,21321.46,203098.52,Partial
TR-C6A3076B,GR0000000104,2024,2025-06-25,On-time,Agent-prepared,14429782.0,12868155.0,1561627.0,432253.47,43981.11,388272.36,Paid
TR-04698A2E,GR0000000105,2022,2023-06-23,On-time,Self-prepared,4392794.13,4261010.31,131783.82,35614.31,6387.27,29227.04,Unpaid
TR-24A10D07,GR0000000105,2023,2024-06-20,On-time,Self-prepared,6344494.46,6154159.62,190334.83,51437.6,9921.56,41516.04,Paid
TR-D369C448,GR0000000105,2024,2025-06-28,On-time,Agent-prepared,2682702.64,2602221.56,80481.08,21749.85,4031.84,17718.01,Paid
TR-C3B9DC39,GR0000000106,2022,2023-06-23,On-time,Agent-prepared,8995266.0,6240604.0,2754662.0,707547.88,117006.97,590540.91,Paid
TR-160BC6C9,GR0000000106,2023,2024-06-18,On-time,Agent-prepared,7138564.0,5590125.0,1548439.0,397723.83,69861.46,327862.37,Partial
TR-F325881B,GR0000000106,2024,2025-06-25,On-time,Agent-prepared,6348917.0,3812631.0,2536286.0,651456.98,119440.53,532016.45,Paid
TR-757252D4,GR0000000107,2022,2023-08-20,Extended,Self-prepared,3124135.68,2688035.72,436099.96,104541.25,12474.31,92066.94,Partial
TR-B55F008E,GR0000000107,2023,2024-06-21,On-time,Agent-prepared,1962147.39,1903282.96,58864.42,14110.89,1607.56,12503.33,Partial
TR-1BE02616,GR0000000107,2024,2025-07-28,Late,Agent-prepared,2278259.03,2209911.26,68347.77,16384.23,1707.14,14677.09,Paid
TR-CFABC8CE,GR0000000108,2022,2023-06-11,On-time,Agent-prepared,64757.0,57854.0,6903.0,1590.74,154.93,1435.81,Paid
TR-14246BA4,GR0000000108,2023,2024-06-13,On-time,Agent-prepared,189209.0,168391.0,20818.0,4797.33,454.9,4342.43,Paid
TR-6C48822D,GR0000000108,2024,2025-06-12,On-time,Agent-prepared,91782.0,82927.0,8855.0,2040.56,203.47,1837.09,Paid
TR-10BF5375,GR0000000109,2022,2023-06-13,On-time,Agent-prepared,79699.0,74367.0,5332.0,1292.3,112.13,1180.17,Paid
TR-BF5CC388,GR0000000109,2023,2024-06-11,On-time,Agent-prepared,103142.0,95514.0,7628.0,1848.77,131.17,1717.6,Paid
TR-B7B83C19,GR0000000109,2024,2025-06-13,On-time,Agent-prepared,90519.0,83608.0,6911.0,1675.0,135.05,1539.95,Paid
TR-7C93BC82,GR0000000110,2022,2023-07-27,Extended,Self-prepared,207727.16,190093.24,17633.92,5197.44,708.79,4488.65,Paid
TR-3FDB92F2,GR0000000110,2023,2024-06-23,On-time,Agent-prepared,279453.45,224148.61,55304.84,16300.6,2161.84,14138.77,Unpaid
TR-8C7DD31A,GR0000000110,2024,2025-07-15,Late,Agent-prepared,93697.64,89314.46,4383.18,1291.9,187.21,1104.69,Paid
TR-AFC5D47E,GR0000000111,2022,2023-06-17,On-time,Agent-prepared,862894.0,784599.0,78295.0,22405.97,1838.84,20567.13,Paid
TR-8BA448C9,GR0000000111,2023,2024-06-19,On-time,Agent-prepared,1425028.0,1305940.0,119088.0,34079.85,2911.2,31168.64,Paid
TR-23709DBF,GR0000000111,2024,2025-06-14,On-time,Agent-prepared,2106091.0,1949920.0,156171.0,44692.02,3271.95,41420.07,Paid
TR-D34313D6,GR0000000112,2022,2023-06-12,On-time,Agent-prepared,2241815.0,2033784.0,208031.0,53775.96,5034.74,48741.21,Paid
TR-BFCE5A9F,GR0000000112,2023,2024-06-18,On-time,Agent-prepared,1858969.0,1663764.0,195205.0,50460.44,5409.1,45051.34,Paid
TR-CD3AAD7D,GR0000000112,2024,2025-06-10,On-time,Agent-prepared,1296668.0,1129475.0,167193.0,43219.35,4485.14,38734.2,Paid
TR-06020F56,GR0000000113,2022,2023-06-11,On-time,Agent-prepared,414960.0,383972.0,30988.0,6893.11,735.48,6157.63,Paid
TR-3242F940,GR0000000113,2023,2024-06-11,On-time,Agent-prepared,344892.0,313062.0,31830.0,7080.41,692.0,6388.41,Paid
TR-F2B65A3F,GR0000000113,2024,2025-06-24,On-time,Agent-prepared,149811.0,139171.0,10640.0,2366.81,225.14,2141.67,Paid
TR-BCF9F6B7,GR0000000114,2022,2023-06-21,On-time,Agent-prepared,91901.0,87305.95,4595.05,1099.48,78.14,1021.34,Paid
TR-6C324B4A,GR0000000114,2023,2024-06-17,On-time,Agent-prepared,80667.0,72991.0,7676.0,1836.67,145.72,1690.95,Paid
TR-8AAF1AEF,GR0000000114,2024,2025-06-21,On-time,Agent-prepared,46801.0,43419.0,3382.0,809.23,64.17,745.06,Paid
TR-4C51A06F,GR0000000115,2022,2023-06-25,On-time,Agent-prepared,5671171.92,5501036.76,170135.16,46220.99,6724.75,39496.24,Paid
TR-DFFA0E12,GR0000000115,2023,2024-06-26,On-time,Agent-prepared,7654603.26,7386406.44,268196.81,72861.62,11207.79,61653.83,Paid
TR-85710F6E,GR0000000115,2024,2025-06-25,On-time,Agent-prepared,3210326.23,3114016.44,96309.79,26164.69,4185.67,21979.02,Unpaid
TR-335D0267,GR0000000116,2022,2023-06-13,On-time,Agent-prepared,7498716.0,7112955.0,385761.0,102500.02,15149.72,87350.3,Paid
TR-C3151B7F,GR0000000116,2023,2024-06-16,On-time,Agent-prepared,5668434.0,5385012.3,283421.7,75307.58,11764.31,63543.28,Paid
TR-7AFD04D1,GR0000000116,2024,2025-06-21,On-time,Agent-prepared,4030907.0,3829361.65,201545.35,53552.33,8683.73,44868.61,Paid
TR-AE350018,GR0000000117,2022,2023-07-21,Extended,Agent-prepared,1445745.0,1303404.0,142341.0,31202.32,3493.75,27708.57,Paid
TR-AAC7486B,GR0000000117,2023,2024-06-21,On-time,Agent-prepared,1001223.0,909946.0,91277.0,20008.67,2468.9,17539.77,Paid
TR-80FE5B74,GR0000000117,2024,2025-06-24,On-time,Self-prepared,907685.0,779488.0,128197.0,28101.84,3288.99,24812.84,Paid
TR-6E960662,GR0000000118,2022,2023-06-22,On-time,Self-prepared,7584821.08,7357276.45,227544.63,58451.34,10250.65,48200.69,Partial
TR-33AFDA33,GR0000000118,2023,2024-09-17,Extended,Agent-prepared,6416834.85,6224329.81,192505.05,49450.42,8423.71,41026.72,Paid
TR-3CD72401,GR0000000118,2024,2025-07-11,Late,Agent-prepared,8120828.53,7877203.67,243624.86,62582.01,10638.05,51943.96,Paid
TR-8E6DC765,GR0000000119,2022,2023-06-25,On-time,Agent-prepared,1834959.05,1816609.46,18349.59,5029.72,615.42,4414.29,Paid
TR-87D9947A,GR0000000119,2023,2024-06-29,On-time,Agent-prepared,797983.88,790004.04,7979.84,2187.31,283.25,1904.06,Paid
TR-9BA947D4,GR0000000119,2024,2025-07-11,Late,Agent-prepared,1336573.41,1323207.67,13365.73,3663.61,474.08,3189.54,Paid
TR-7C0A66C8,GR0000000120,2022,2023-06-16,On-time,Agent-prepared,647830.0,590524.0,57306.0,14968.04,1133.82,13834.22,Paid
TR-F7C11F18,GR0000000120,2023,2024-06-17,On-time,Agent-prepared,1356454.0,1241003.0,115451.0,30155.23,2503.37,27651.85,Partial
TR-FE30D4F3,GR0000000120,2024,2025-06-17,On-time,Agent-prepared,1207827.0,1126095.0,81732.0,21347.99,1526.98,19821.01,Paid
TR-726B5013,GR0000000121,2022,2023-06-20,On-time,Self-prepared,7610247.39,7046399.95,563847.43,116707.46,25384.56,91322.9,Paid
TR-828D1B52,GR0000000121,2023,2024-06-23,On-time,Agent-prepared,5959337.13,4974721.36,984615.77,203799.83,41364.61,162435.21,Paid
TR-EFB742F6,GR0000000121,2024,2025-06-26,On-time,Agent-prepared,10383471.91,9301735.33,1081736.58,223902.29,46743.13,177159.16,Paid
TR-2F9ED75C,GR0000000122,2022,2023-06-25,On-time,Agent-prepared,12101813.0,10460972.0,1640841.0,395116.94,62462.75,332654.2,Paid
TR-8AF0A0D6,GR0000000122,2023,2024-06-13,On-time,Agent-prepared,7387850.0,6684899.0,702951.0,169271.64,25992.45,143279.19,Paid
TR-81EA4F5F,GR0000000122,2024,2025-06-25,On-time,Agent-prepared,5277875.0,4838160.0,439715.0,105884.02,15661.09,90222.93,Paid
TR-89B8C201,GR0000000123,2022,2023-06-14,On-time,Agent-prepared,1428276.0,1275231.0,153045.0,34311.02,3999.1,30311.91,Paid
TR-A389329D,GR0000000123,2023,2024-06-21,On-time,Agent-prepared,1883623.0,1689072.0,194551.0,43616.21,4430.78,39185.43,Paid
TR-F33B367F,GR0000000123,2024,2025-06-18,On-time,Agent-prepared,1645836.0,1483693.0,162143.0,36350.69,4334.1,32016.59,Paid
TR-B4F01256,GR0000000124,2022,2023-06-13,On-time,Self-prepared,179291.0,135728.0,43563.0,12932.22,848.51,12083.71,Paid
TR-BE5A7F7A,GR0000000124,2023,2024-06-14,On-time,Agent-prepared,210067.0,160586.0,49481.0,14689.05,877.43,13811.63,Paid
TR-58A8E5F4,GR0000000124,2024,2025-06-20,On-time,Agent-prepared,344952.0,265615.0,79337.0,23552.18,1400.17,22152.01,Paid
TR-10D563C9,GR0000000125,2022,2023-06-10,On-time,Agent-prepared,8188679.0,7064881.0,1123798.0,305678.29,50562.68,255115.61,Paid
TR-F44740C7,GR0000000125,2023,2024-06-20,On-time,Agent-prepared,17820484.0,16026228.0,1794256.0,488045.99,79942.79,408103.2,Paid
TR-DB1C949A,GR0000000125,2024,2025-06-23,On-time,Self-prepared,9688128.0,8561266.0,1126862.0,306511.71,54320.03,252191.68,Paid
TR-886C7C15,GR0000000126,2022,2023-06-25,On-time,Agent-prepared,6951444.0,6062332.0,889112.0,218549.19,33684.99,184864.2,Partial
TR-95C951C3,GR0000000126,2023,2024-06-19,On-time,Self-prepared,6666908.0,5645190.0,1021718.0,251144.56,36919.42,214225.14,Paid
TR-6752D64D,GR0000000126,2024,2025-07-29,Extended,Agent-prepared,8019973.0,7259907.0,760066.0,186828.89,31119.37,155709.52,Paid
TR-8EC07C7D,GR0000000127,2022,2023-06-11,On-time,Agent-prepared,5728595.0,5249066.0,479529.0,97615.83,9850.38,87765.45,Paid
TR-81393901,GR0000000127,2023,2024-06-20,On-time,Agent-prepared,3066149.0,2781400.0,284749.0,57965.23,6770.7,51194.53,Paid
TR-FD1F7607,GR0000000127,2024,2025-06-19,On-time,Agent-prepared,4394987.0,4068850.0,326137.0,66390.43,7215.76,59174.67,Paid
TR-9A6DF06A,GR0000000128,2022,2023-06-24,On-time,Agent-prepared,2556711.0,1883563.0,673148.0,198715.13,12843.24,185871.88,Paid
TR-26B9F9BA,GR0000000128,2023,2024-06-22,On-time,Agent-prepared,1934224.0,1268635.0,665589.0,196483.69,13906.36,182577.33,Paid
TR-3E698783,GR0000000128,2024,2025-06-23,On-time,Agent-prepared,2001608.0,1498259.0,503349.0,148590.0,10514.41,138075.59,Paid
TR-0EEEC206,GR0000000129,2022,2023-06-22,On-time,Agent-prepared,1339647.0,1195641.0,144006.0,35553.33,5241.84,30311.49,Paid
TR-D26FA347,GR0000000129,2023,2024-06-21,On-time,Self-prepared,2161338.0,1995539.0,165799.0,40933.75,5832.39,35101.36,Paid
TR-ACDA7AB5,GR0000000129,2024,2025-06-10,On-time,Agent-prepared,1289125.0,1155158.0,133967.0,33074.82,4635.87,28438.95,Paid
TR-4BC58B4C,GR0000000130,2022,2023-07-18,Extended,Agent-prepared,2986492.0,2049283.0,937209.0,226413.05,38257.35,188155.7,Paid
TR-82A8EDCA,GR0000000130,2023,2024-06-18,On-time,Agent-prepared,3033601.0,1930733.0,1102868.0,266433.32,42883.71,223549.61,Paid
TR-A833D788,GR0000000130,2024,2025-06-17,On-time,Agent-prepared,3818197.0,2824252.0,993945.0,240119.45,41931.64,198187.81,Paid
TR-E130A06E,GR0000000131,2022,2023-06-10,On-time,Agent-prepared,55569509.0,49821938.0,5747571.0,1215861.39,217111.79,998749.6,Paid
TR-7DA7C9EE,GR0000000131,2023,2024-06-13,On-time,Agent-prepared,62928484.0,55375597.0,7552887.0,1597764.29,294614.67,1303149.62,Paid
TR-332EC90C,GR0000000131,2024,2025-06-17,On-time,Agent-prepared,58829558.0,51958478.0,6871080.0,1453532.44,268041.03,1185491.41,Paid
TR-F4A5E085,GR0000000132,2023,2024-06-10,On-time,Agent-prepared,242863.0,221717.0,21146.0,4926.9,747.1,4179.79,Paid
TR-E928C629,GR0000000132,2024,2025-06-18,On-time,Agent-prepared,459496.0,436521.2,22974.8,5353.0,750.06,4602.93,Paid
TR-A809E739,GR0000000133,2023,2024-06-16,On-time,Agent-prepared,4819344.0,3682804.0,1136540.0,294939.64,20738.42,274201.23,Paid
TR-6E394794,GR0000000133,2024,2025-06-15,On-time,Agent-prepared,4533122.0,3461842.0,1071280.0,278004.24,19264.8,258739.44,Paid
TR-73945673,GR0000000134,2022,2023-06-23,On-time,Agent-prepared,803388.0,736338.0,67050.0,17347.81,1581.25,15766.56,Paid
TR-873EF081,GR0000000134,2023,2024-06-18,On-time,Agent-prepared,487035.0,456102.0,30933.0,8003.28,750.75,7252.53,Paid
TR-BC23FF6E,GR0000000134,2024,2025-06-12,On-time,Agent-prepared,444346.0,416933.0,27413.0,7092.55,631.27,6461.28,Paid
TR-70877F4E,GR0000000135,2022,2023-06-23,On-time,Agent-prepared,2465274.0,1737564.0,727710.0,199074.39,12149.94,186924.44,Paid
TR-D11CDBDD,GR0000000135,2023,2024-06-13,On-time,Self-prepared,1753775.0,1345908.0,407867.0,111577.24,6971.55,104605.69,Paid
TR-5C7F4DC5,GR0000000135,2024,2025-06-11,On-time,Agent-prepared,2707149.0,2193012.0,514137.0,140648.76,9834.68,130814.08,Paid
TR-6D5EB167,GR0000000136,2022,2023-06-24,On-time,Agent-prepared,137455.0,126906.0,10549.0,2806.64,285.92,2520.72,Paid
TR-B0117900,GR0000000136,2023,2024-06-23,On-time,Agent-prepared,103224.0,94234.0,8990.0,2391.86,268.78,2123.08,Paid
TR-EF11370E,GR0000000136,2024,2025-06-16,On-time,Agent-prepared,91545.0,82138.0,9407.0,2502.8,284.29,2218.51,Paid
TR-1517BCF3,GR0000000137,2022,2023-06-14,On-time,Agent-prepared,993439.0,691327.0,302112.0,62171.42,12286.08,49885.35,Paid
TR-FA156E62,GR0000000137,2023,2024-06-15,On-time,Agent-prepared,1168336.0,820271.0,348065.0,71628.06,13447.5,58180.56,Paid
TR-70838F55,GR0000000137,2024,2025-06-21,On-time,Self-prepared,958734.0,759614.0,199120.0,40976.77,7383.18,33593.59,Paid
TR-C735510C,GR0000000138,2022,2023-06-23,On-time,Agent-prepared,1500174.0,1372188.0,127986.0,30137.49,2462.13,27675.36,Paid
TR-66F74C58,GR0000000138,2023,2024-06-12,On-time,Agent-prepared,1433123.0,1314355.0,118768.0,27966.88,2512.57,25454.32,Paid
TR-C5A2A12C,GR0000000138,2024,2025-06-20,On-time,Agent-prepared,1575115.0,1441436.0,133679.0,31478.05,2459.12,29018.93,Paid
TR-37700BD1,GR0000000139,2022,2023-06-16,On-time,Agent-prepared,1034966.0,946146.0,88820.0,19551.13,2266.12,17285.01,Paid
TR-E52D1EFF,GR0000000139,2023,2024-06-19,On-time,Self-prepared,797772.0,728471.0,69301.0,15254.59,1721.97,13532.62,Paid
TR-FC663E9E,GR0000000139,2024,2025-06-18,On-time,Agent-prepared,1006089.0,916957.0,89132.0,19619.81,2361.27,17258.53,Paid
TR-9D55CAB3,GR0000000140,2022,2023-08-01,Late,Agent-prepared,1921700.14,1864049.14,57651.0,16241.86,1481.69,14760.17,Paid
TR-1D90AF15,GR0000000140,2023,2024-07-19,Extended,Agent-prepared,2127749.86,2063917.37,63832.5,17983.36,1559.27,16424.08,Unpaid
TR-D474F33F,GR0000000140,2024,2025-06-23,On-time,Agent-prepared,1887512.58,1830887.2,56625.38,15952.91,1405.3,14547.61,Paid
TR-998C39EC,GR0000000141,2024,2025-08-20,Extended,Agent-prepared,20036840.0,17154777.0,2882063.0,695688.71,125384.19,570304.52,Paid
TR-2EF8D5DF,GR0000000142,2022,2023-06-28,On-time,Agent-prepared,522862.2,507176.34,15685.87,3868.25,668.88,3199.36,Paid
TR-F8E29DA5,GR0000000142,2023,2024-06-25,On-time,Self-prepared,455993.53,442313.72,13679.81,3373.54,580.93,2792.61,Paid
TR-2D9D87E7,GR0000000142,2024,2025-06-29,On-time,Agent-prepared,607250.37,589032.86,18217.51,4492.57,772.73,3719.84,Paid
TR-4C96B9E2,GR0000000143,2022,2023-06-26,On-time,Self-prepared,156419.6,151727.01,4692.59,1372.63,161.4,1211.23,Paid
TR-98C28AA3,GR0000000143,2023,2024-06-26,On-time,Agent-prepared,69181.92,67106.47,2075.46,607.09,63.11,543.99,Paid
TR-FD86A955,GR0000000143,2024,2025-06-21,On-time,Agent-prepared,106681.25,103480.81,3200.44,936.16,108.29,827.87,Unpaid
TR-95350E66,GR0000000144,2024,2025-06-29,On-time,Self-prepared,1130569.2,1119263.51,11305.69,2892.69,280.67,2612.02,Unpaid
TR-64C3EC87,GR0000000145,2022,2023-07-15,Late,Self-prepared,871130.75,862419.44,8711.31,2348.9,442.0,1906.9,Paid
TR-7EFA2922,GR0000000145,2023,2024-09-17,Extended,Self-prepared,363227.69,359595.41,3632.28,979.4,187.78,791.62,Unpaid
TR-0A46DD08,GR0000000145,2024,2025-07-06,Late,Agent-prepared,249818.85,247320.66,2498.19,673.61,125.22,548.39,Paid
TR-5E3843BB,GR0000000146,2022,2023-06-23,On-time,Agent-prepared,1213945.0,1097638.0,116307.0,24502.03,4137.37,20364.66,Paid
TR-09D1D383,GR0000000146,2023,2024-06-10,On-time,Agent-prepared,1320372.0,1102858.0,217514.0,45822.98,8043.62,37779.36,Paid
TR-823F0605,GR0000000146,2024,2025-06-24,On-time,Agent-prepared,1115189.0,1009177.0,106012.0,22333.21,4015.4,18317.81,Paid
TR-7E866DB9,GR0000000147,2022,2023-06-26,On-time,Self-prepared,17215469.87,17043315.17,172154.7,42766.53,10478.26,32288.28,Paid
TR-C9292A4C,GR0000000147,2023,2024-06-28,On-time,Agent-prepared,14297927.62,14154948.35,142979.28,35518.8,7827.09,27691.71,Unpaid
TR-AF0884E6,GR0000000147,2024,2025-08-15,Extended,Agent-prepared,8394994.2,8311044.25,83949.94,20854.78,4517.24,16337.54,Partial
TR-2D42B93D,GR0000000148,2022,2023-06-17,On-time,Self-prepared,474327.0,450610.65,23716.35,5983.16,629.12,5354.04,Paid
TR-C9CAD18F,GR0000000148,2023,2024-06-18,On-time,Agent-prepared,238410.0,216179.0,22231.0,5608.44,639.39,4969.05,Paid
TR-E9451122,GR0000000148,2024,2025-06-10,On-time,Agent-prepared,259024.0,234377.0,24647.0,6217.95,605.94,5612.01,Paid
TR-F2800899,GR0000000149,2022,2023-06-19,On-time,Agent-prepared,113923.0,107665.0,6258.0,1412.36,122.52,1289.84,Partial
TR-3740C079,GR0000000149,2023,2024-06-20,On-time,Agent-prepared,274148.0,260440.6,13707.4,3093.6,278.02,2815.58,Paid
TR-DE7460B6,GR0000000149,2024,2025-06-13,On-time,Agent-prepared,105396.0,97935.0,7461.0,1683.86,124.79,1559.07,Paid
TR-B2766874,GR0000000150,2022,2023-06-12,On-time,Agent-prepared,108578.0,98382.0,10196.0,2915.08,334.92,2580.16,Partial
TR-643C44A6,GR0000000150,2023,2024-06-20,On-time,Agent-prepared,226237.0,205199.0,21038.0,6014.86,755.19,5259.67,Paid
TR-7795C227,GR0000000150,2024,2025-06-13,On-time,Agent-prepared,184239.0,164083.0,20156.0,5762.69,659.32,5103.37,Paid
TR-9D8D1F29,GR0000000151,2022,2023-06-16,On-time,Agent-prepared,23911961.0,20661227.0,3250734.0,814820.45,185173.62,629646.83,Paid
TR-7C2D33B2,GR0000000151,2023,2024-06-25,On-time,Agent-prepared,24010700.0,20500977.0,3509723.0,879737.95,195964.62,683773.33,Paid
TR-38BEAF1B,GR0000000151,2024,2025-06-25,On-time,Self-prepared,21275233.0,17591584.0,3683649.0,923333.78,196593.38,726740.4,Paid
TR-A2A05EC0,GR0000000152,2022,2023-06-10,On-time,Agent-prepared,657137.0,594090.0,63047.0,17540.45,2640.96,14899.49,Paid
TR-784B7B0A,GR0000000152,2023,2024-06-21,On-time,Agent-prepared,872657.0,784579.0,88078.0,24504.38,3830.43,20673.95,Paid
TR-D0A8AA4B,GR0000000152,2024,2025-06-13,On-time,Agent-prepared,1218969.0,1093220.0,125749.0,34984.91,5196.67,29788.25,Paid
TR-F0ADBEE4,GR0000000153,2022,2023-06-25,On-time,Agent-prepared,4543309.0,3220892.0,1322417.0,369575.1,59507.46,310067.64,Paid
TR-9A0722EE,GR0000000153,2023,2024-06-16,On-time,Agent-prepared,3546767.0,2207912.0,1338855.0,374169.02,64478.3,309690.72,Paid
TR-5FD1C355,GR0000000153,2024,2025-06-18,On-time,Agent-prepared,3146579.0,2344637.0,801942.0,224118.26,36925.39,187192.87,Paid
TR-E587C601,GR0000000154,2022,2023-06-23,On-time,Agent-prepared,2136016.0,1872367.0,263649.0,62287.44,7028.71,55258.74,Paid
TR-E55E8190,GR0000000154,2023,2024-06-11,On-time,Agent-prepared,1410794.0,1301523.0,109271.0,25815.43,3115.62,22699.8,Paid
TR-A486D639,GR0000000154,2024,2025-06-21,On-time,Agent-prepared,995420.0,899376.0,96044.0,22690.53,2524.5,20166.03,Paid
TR-0252791B,GR0000000155,2022,2023-06-21,On-time,Agent-prepared,909052.0,849959.0,59093.0,15746.57,1112.41,14634.15,Paid
TR-0E790BCD,GR0000000155,2023,2024-06-10,On-time,Agent-prepared,783842.0,729725.0,54117.0,14420.61,1047.06,13373.55,Paid
TR-D46F2148,GR0000000155,2024,2025-06-12,On-time,Agent-prepared,879456.0,835483.2,43972.8,11717.47,855.64,10861.83,Paid
TR-C93FFCCB,GR0000000156,2022,2023-06-15,On-time,Agent-prepared,877535.0,787345.0,90190.0,23361.23,2411.58,20949.65,Paid
TR-2318C4BE,GR0000000156,2023,2024-06-16,On-time,Agent-prepared,1358291.0,1238306.0,119985.0,31078.8,3802.26,27276.53,Paid
TR-CBD0516E,GR0000000156,2024,2025-06-22,On-time,Agent-prepared,1885742.0,1716100.0,169642.0,43941.07,4313.87,39627.2,Paid
TR-DE2B5338,GR0000000157,2022,2023-06-22,On-time,Agent-prepared,2041171.0,1627831.0,413340.0,111160.13,11994.55,99165.58,Paid
TR-4E241322,GR0000000157,2023,2024-06-12,On-time,Agent-prepared,2602479.0,2203991.0,398488.0,107165.96,9114.88,98051.08,Paid
TR-1AFED966,GR0000000157,2024,2025-06-10,On-time,Agent-prepared,2408969.0,1958542.0,450427.0,121134.0,12014.93,109119.06,Paid
TR-138DBBEC,GR0000000158,2022,2023-06-13,On-time,Agent-prepared,2490006.0,1949924.0,540082.0,148382.23,9394.34,138987.89,Paid
TR-B5545131,GR0000000158,2023,2024-06-25,On-time,Self-prepared,2898208.0,2046721.0,851487.0,233937.7,14389.09,219548.61,Paid
TR-F7293728,GR0000000158,2024,2025-06-21,On-time,Agent-prepared,3018368.0,2349630.0,668738.0,183729.2,12308.64,171420.56,Paid
TR-3FC7431F,GR0000000159,2022,2023-06-25,On-time,Self-prepared,3257860.0,2846926.0,410934.0,103375.21,11356.2,92019.01,Partial
TR-2F8E3D45,GR0000000159,2023,2024-06-19,On-time,Agent-prepared,2307719.0,2138742.0,168977.0,42508.12,4381.91,38126.21,Paid
TR-C98AC357,GR0000000159,2024,2025-06-14,On-time,Agent-prepared,2716098.0,2371342.0,344756.0,86727.37,10435.29,76292.08,Paid
TR-B17B057A,GR0000000160,2022,2023-06-13,On-time,Agent-prepared,6377753.0,5935447.0,442306.0,92797.11,13256.7,79540.41,Paid
TR-DC8602DA,GR0000000160,2023,2024-06-21,On-time,Agent-prepared,5039393.0,4724944.0,314449.0,65972.33,9624.66,56347.67,Paid
TR-E82D2C6D,GR0000000160,2024,2025-06-10,On-time,Agent-prepared,11307339.0,10542698.0,764641.0,160423.95,23847.36,136576.59,Paid
TR-ACFD2F8B,GR0000000161,2022,2023-06-27,On-time,Self-prepared,95150.57,92296.05,2854.52,746.33,94.92,651.41,Partial
TR-78E13F95,GR0000000161,2023,2024-06-21,On-time,Self-prepared,88323.83,85674.12,2649.72,692.79,80.03,612.75,Paid
TR-22E4E0A5,GR0000000161,2024,2025-06-21,On-time,Agent-prepared,48446.19,46992.8,1453.39,380.0,44.39,335.61,Paid
TR-AE6D95CB,GR0000000162,2022,2023-06-25,On-time,Agent-prepared,175960224.0,158680472.0,17279752.0,3203154.83,570170.64,2632984.2,Paid
TR-EFE6EE8C,GR0000000162,2023,2024-06-10,On-time,Agent-prepared,159141994.0,146205256.0,12936738.0,2398088.52,412114.11,1985974.41,Paid
TR-FAFF5F62,GR0000000162,2024,2025-06-12,On-time,Agent-prepared,177868299.0,153003298.0,24865001.0,4609235.6,759694.86,3849540.75,Paid
TR-C1B3F398,GR0000000163,2022,2023-06-10,On-time,Agent-prepared,479764.0,388247.0,91517.0,24097.68,2574.9,21522.77,Paid
TR-5F27D6C5,GR0000000163,2023,2024-06-12,On-time,Self-prepared,577257.0,448353.0,128904.0,33942.18,4266.06,29676.12,Paid
TR-3C7F5CAE,GR0000000163,2024,2025-06-15,On-time,Agent-prepared,468477.0,346262.0,122215.0,32180.88,3719.91,28460.97,Paid
TR-CD1FD2BC,GR0000000164,2022,2023-06-24,On-time,Agent-prepared,30159729.64,29254937.75,904791.89,187859.04,29487.96,158371.08,Paid
TR-57033937,GR0000000164,2023,2024-08-14,Extended,Self-prepared,24938032.45,24189891.47,748140.97,155334.11,26700.39,128633.72,Paid
TR-4ECB9925,GR0000000164,2024,2025-06-27,On-time,Agent-prepared,17280324.65,16173503.41,1106821.24,229805.74,36635.3,193170.44,Unpaid
TR-C162433D,GR0000000165,2022,2023-06-12,On-time,Agent-prepared,1376759.0,1285270.0,91489.0,18420.94,2704.01,15716.93,Paid
TR-9CE0B834,GR0000000165,2023,2024-06-12,On-time,Agent-prepared,3203481.0,3019173.0,184308.0,37109.68,4825.21,32284.47,Paid
TR-FE314BC1,GR0000000165,2024,2025-06-13,On-time,Agent-prepared,2812253.0,2671640.35,140612.65,28311.79,3675.26,24636.54,Paid
TR-B5631E47,GR0000000166,2022,2023-06-10,On-time,Self-prepared,1769160.0,1487857.0,281303.0,65908.49,5991.42,59917.07,Paid
TR-060EE0B0,GR0000000166,2023,2024-06-17,On-time,Agent-prepared,3004965.0,2437051.0,567914.0,133060.63,12596.43,120464.2,Paid
TR-0567B884,GR0000000166,2024,2025-06-18,On-time,Agent-prepared,2470879.0,2065031.0,405848.0,95089.03,8917.12,86171.91,Paid
TR-D581C283,GR0000000167,2022,2023-06-16,On-time,Self-prepared,3173820.0,2486642.0,687178.0,163758.86,19567.46,144191.39,Paid
TR-2E6316EB,GR0000000167,2023,2024-06-13,On-time,Agent-prepared,1622007.0,1156957.0,465050.0,110824.35,14851.09,95973.26,Paid
TR-BEB20A3C,GR0000000167,2024,2025-06-10,On-time,Agent-prepared,3261364.0,2395924.0,865440.0,206239.82,24119.22,182120.59,Paid
TR-61A239ED,GR0000000168,2022,2023-06-12,On-time,Agent-prepared,43059024.0,34573974.0,8485050.0,2159920.07,400976.73,1758943.34,Paid
TR-8AB4B2A5,GR0000000168,2023,2024-06-25,On-time,Agent-prepared,50309750.0,40700002.0,9609748.0,2446218.65,458741.35,1987477.3,Paid
TR-973E3B32,GR0000000168,2024,2025-07-26,Extended,Agent-prepared,73707176.0,63419231.0,10287945.0,2618857.74,454209.97,2164647.77,Paid
TR-0A1FE2B3,GR0000000169,2022,2023-06-12,On-time,Agent-prepared,1125787.0,995392.0,130395.0,28744.56,4452.45,24292.11,Paid
TR-BC7C2D46,GR0000000169,2023,2024-06-22,On-time,Agent-prepared,1178254.0,1029955.0,148299.0,32691.36,5088.26,27603.1,Paid
TR-6AAF62C5,GR0000000169,2024,2025-06-21,On-time,Agent-prepared,1906364.0,1697519.0,208845.0,46038.25,7563.39,38474.86,Paid
TR-DC0301BE,GR0000000170,2024,2025-07-26,Extended,Self-prepared,85340.67,82780.45,2560.22,724.52,73.8,650.72,Paid
TR-9ECD09EF,GR0000000171,2022,2023-06-19,On-time,Agent-prepared,105520.0,97819.0,7701.0,2175.72,183.25,1992.47,Paid
TR-4CBD1CFC,GR0000000171,2023,2024-06-19,On-time,Agent-prepared,142268.0,132108.0,10160.0,2870.45,252.24,2618.21,Paid
TR-A0B8B062,GR0000000171,2024,2025-08-03,Late,Self-prepared,110612.0,101514.0,9098.0,2570.41,197.62,2372.79,Paid
TR-5C920C1E,GR0000000172,2022,2023-06-13,On-time,Agent-prepared,131109.0,115576.0,15533.0,3855.32,392.12,3463.19,Paid
TR-F196289A,GR0000000172,2023,2024-06-24,On-time,Agent-prepared,202260.0,162655.0,39605.0,9830.02,1030.47,8799.56,Paid
TR-DBD4F53B,GR0000000172,2024,2025-06-24,On-time,Self-prepared,62650.0,54342.0,8308.0,2062.06,186.31,1875.75,Paid
TR-456256FD,GR0000000173,2022,2023-06-14,On-time,Agent-prepared,2059970.0,1896982.0,162988.0,40083.66,4222.46,35861.2,Paid
TR-EFE78E87,GR0000000173,2023,2024-06-19,On-time,Agent-prepared,3158456.0,2773429.0,385027.0,94689.74,11720.2,82969.55,Paid
TR-EE65DF83,GR0000000173,2024,2025-06-23,On-time,Agent-prepared,3354613.0,3038372.0,316241.0,77773.19,8723.65,69049.54,Paid
TR-5C97FED6,GR0000000174,2022,2023-06-15,On-time,Agent-prepared,194190.0,156650.0,37540.0,10673.68,662.85,10010.83,Paid
TR-BEB75086,GR0000000174,2023,2024-06-15,On-time,Agent-prepared,177728.0,127048.0,50680.0,14409.76,1004.83,13404.92,Paid
TR-4D7A69E2,GR0000000174,2024,2025-06-21,On-time,Agent-prepared,205859.0,159177.0,46682.0,13273.01,873.88,12399.13,Paid
TR-920AC338,GR0000000175,2022,2023-06-20,On-time,Self-prepared,308037.58,298796.46,9241.13,2361.26,279.72,2081.54,Paid
TR-6FB3AC50,GR0000000175,2023,2024-06-26,On-time,Agent-prepared,97489.45,94564.77,2924.68,747.31,93.88,653.43,Partial
TR-DACD5FCB,GR0000000175,2024,2025-06-23,On-time,Self-prepared,39324.31,38144.58,1179.73,301.44,35.56,265.88,Paid
TR-D453D4DB,GR0000000176,2022,2023-06-23,On-time,Agent-prepared,1544072.39,1497750.22,46322.17,9374.49,1516.83,7857.66,Paid
TR-58213C6B,GR0000000176,2023,2024-06-26,On-time,Agent-prepared,734041.37,712020.13,22021.24,4456.57,649.95,3806.62,Partial
TR-30630A1C,GR0000000176,2024,2025-06-22,On-time,Self-prepared,688240.43,667593.22,20647.21,4178.5,671.47,3507.03,Paid
TR-FF981642,GR0000000177,2022,2023-06-20,On-time,Agent-prepared,65384053.0,58782247.0,6601806.0,1827274.39,426825.04,1400449.34,Partial
TR-BF6D7D9E,GR0000000177,2023,2024-06-15,On-time,Agent-prepared,85743018.0,75292220.0,10450798.0,2892613.86,577477.03,2315136.82,Paid
TR-A039DC2D,GR0000000177,2024,2025-06-11,On-time,Agent-prepared,71394023.0,62295822.0,9098201.0,2518236.62,500359.65,2017876.97,Paid
TR-0A6D2527,GR0000000178,2022,2023-06-25,On-time,Self-prepared,1948443.0,1851020.85,97422.15,28826.22,2759.39,26066.83,Paid
TR-C1CDCB44,GR0000000178,2023,2024-06-16,On-time,Agent-prepared,1167288.0,1106376.0,60912.0,18023.24,1674.41,16348.82,Paid
TR-9A7BB6A8,GR0000000178,2024,2025-06-15,On-time,Agent-prepared,1010982.0,923395.0,87587.0,25916.1,2341.98,23574.11,Paid
TR-8AEF1310,GR0000000179,2022,2023-06-21,On-time,Self-prepared,490750.0,463337.0,27413.0,7459.63,1152.34,6307.29,Paid
TR-7EE160B3,GR0000000179,2023,2024-06-25,On-time,Agent-prepared,486619.0,447924.0,38695.0,10529.69,1387.12,9142.57,Paid
TR-145F2BA3,GR0000000179,2024,2025-06-22,On-time,Self-prepared,511174.0,475674.0,35500.0,9660.26,1482.89,8177.38,Paid
TR-CAC19668,GR0000000180,2022,2023-06-11,On-time,Agent-prepared,72725668.0,68256794.0,4468874.0,868856.27,162150.28,706705.99,Paid
TR-23848B28,GR0000000180,2023,2024-06-19,On-time,Agent-prepared,118963560.0,110011501.0,8952059.0,1740494.95,370127.67,1370367.28,Paid
TR-D07C0B62,GR0000000180,2024,2025-06-14,On-time,Agent-prepared,92201157.0,87386037.0,4815120.0,936174.8,177533.75,758641.05,Paid
TR-9F6F0631,GR0000000181,2022,2023-07-27,Late,Agent-prepared,9187916.0,6319581.0,2868335.0,706973.88,62179.99,644793.89,Paid
TR-BDE80BE6,GR0000000181,2023,2024-06-23,On-time,Agent-prepared,20755748.0,15730177.0,5025571.0,1238679.38,130773.93,1107905.45,Paid
TR-AB4AC6D6,GR0000000181,2024,2025-06-15,On-time,Agent-prepared,18147665.0,12190415.0,5957250.0,1468315.29,156598.54,1311716.76,Paid
TR-1D4A9213,GR0000000182,2022,2023-06-17,On-time,Agent-prepared,941546.0,878901.0,62645.0,16047.47,1601.77,14445.7,Paid
TR-50B6BE89,GR0000000182,2023,2024-06-13,On-time,Agent-prepared,988489.0,933197.0,55292.0,14163.89,1441.6,12722.29,Paid
TR-137E8FE5,GR0000000182,2024,2025-06-22,On-time,Self-prepared,1354185.0,1286475.75,67709.25,17344.76,1616.81,15727.95,Paid
TR-BF946A8B,GR0000000183,2022,2023-08-27,Extended,Self-prepared,192197.61,154588.63,37608.98,8598.75,1116.88,7481.87,Paid
TR-95BD36B9,GR0000000183,2023,2024-06-29,On-time,Self-prepared,202045.82,176140.14,25905.68,5922.96,876.05,5046.91,Paid
TR-C16789F3,GR0000000183,2024,2025-06-24,On-time,Agent-prepared,216547.71,183806.17,32741.54,7485.88,1043.24,6442.64,Paid
TR-AC7D91A3,GR0000000184,2022,2023-06-27,On-time,Agent-prepared,18527565.26,17971738.31,555826.96,123434.4,21508.21,101926.19,Paid
TR-CA304584,GR0000000184,2023,2024-06-27,On-time,Agent-prepared,38228810.16,37081945.86,1146864.3,254688.09,48505.53,206182.56,Unpaid
TR-335904A0,GR0000000184,2024,2025-06-29,On-time,Agent-prepared,22124473.19,21460739.0,663734.2,147397.73,24710.0,122687.73,Paid
TR-6463A3A1,GR0000000185,2022,2023-06-23,On-time,Agent-prepared,1409045.0,1293069.0,115976.0,31547.55,4840.51,26707.04,Paid
TR-4116F522,GR0000000185,2023,2024-06-17,On-time,Agent-prepared,1195005.0,1050780.0,144225.0,39231.78,6809.89,32421.89,Paid
TR-7701AD50,GR0000000185,2024,2025-06-22,On-time,Agent-prepared,872571.0,769017.0,103554.0,28168.54,4193.6,23974.94,Paid
TR-78ECD9A1,GR0000000186,2022,2023-06-17,On-time,Agent-prepared,360340.0,325437.0,34903.0,8634.44,966.52,7667.92,Paid
TR-CBB90641,GR0000000186,2023,2024-06-23,On-time,Agent-prepared,324647.0,300067.0,24580.0,6080.7,634.98,5445.71,Paid
TR-E1476953,GR0000000186,2024,2025-06-18,On-time,Agent-prepared,253113.0,234865.0,18248.0,4514.26,459.77,4054.49,Paid
TR-8210B524,GR0000000187,2022,2023-06-18,On-time,Self-prepared,517869.0,395360.0,122509.0,30394.36,2038.17,28356.19,Partial
TR-4BEDD984,GR0000000187,2023,2024-06-11,On-time,Agent-prepared,310495.0,230905.0,79590.0,19746.2,1248.5,18497.69,Paid
TR-7FD93175,GR0000000187,2024,2025-06-14,On-time,Agent-prepared,506223.0,337435.0,168788.0,41876.13,2615.44,39260.69,Paid
TR-ADEDBA16,GR0000000188,2022,2023-06-13,On-time,Agent-prepared,72480942.0,61381043.0,11099899.0,2874500.79,645530.32,2228970.47,Paid
TR-0E2BF4E5,GR0000000188,2023,2024-06-15,On-time,Agent-prepared,37443083.0,30983753.0,6459330.0,1672749.38,330660.94,1342088.45,Paid
TR-B9B1D506,GR0000000188,2024,2025-06-20,On-time,Agent-prepared,88459723.0,73777936.0,14681787.0,3802089.4,892120.77,2909968.64,Paid
TR-CF2A24B6,GR0000000189,2022,2023-06-25,On-time,Agent-prepared,141914.0,129199.0,12715.0,3289.05,237.26,3051.78,Paid
TR-8DB95138,GR0000000189,2023,2024-08-17,Extended,Agent-prepared,122985.0,116835.75,6149.25,1590.66,114.49,1476.16,Paid
TR-5D92EA4A,GR0000000189,2024,2025-09-19,Extended,Agent-prepared,96994.0,89599.0,7395.0,1912.9,163.76,1749.14,Partial
TR-1BB3D8F9,GR0000000190,2022,2023-06-21,On-time,Agent-prepared,41211617.8,28407074.24,12804543.56,2400323.43,332017.46,2068305.96,Paid
TR-84AACE56,GR0000000190,2023,2024-06-27,On-time,Agent-prepared,49936061.22,44172822.85,5763238.37,1080369.33,168866.08,911503.25,Unpaid
TR-25A128A7,GR0000000190,2024,2025-06-23,On-time,Agent-prepared,26601365.73,21599995.43,5001370.3,937550.51,136473.66,801076.85,Unpaid
TR-B6D99FA8,GR0000000191,2022,2023-06-21,On-time,Agent-prepared,1040251.0,937650.0,102601.0,26751.57,3407.91,23343.66,Paid
TR-1E393F68,GR0000000191,2023,2024-06-17,On-time,Agent-prepared,794924.0,755177.8,39746.2,10363.19,1323.86,9039.32,Paid
TR-C743095A,GR0000000191,2024,2025-06-25,On-time,Agent-prepared,507493.0,482118.35,25374.65,6616.03,1042.33,5573.71,Paid
TR-C00E2F77,GR0000000192,2022,2023-06-16,On-time,Agent-prepared,541765.0,495228.0,46537.0,10697.32,1803.88,8893.44,Paid
TR-A7BD5C30,GR0000000192,2023,2024-06-10,On-time,Agent-prepared,332141.0,313343.0,18798.0,4321.04,614.83,3706.2,Paid
TR-C3DCDC1B,GR0000000192,2024,2025-06-24,On-time,Agent-prepared,333260.0,306289.0,26971.0,6199.74,926.86,5272.88,Paid
TR-F6A12B31,GR0000000193,2022,2023-06-11,On-time,Agent-prepared,3100262.0,2473805.0,626457.0,165975.66,17503.89,148471.77,Paid
TR-FAFA032C,GR0000000193,2023,2024-08-26,Late,Agent-prepared,2599938.0,2304486.0,295452.0,78278.06,8191.98,70086.09,Paid
TR-EE397B70,GR0000000193,2024,2025-06-21,On-time,Agent-prepared,2086602.0,1752064.0,334538.0,88633.64,8595.02,80038.62,Paid
TR-EBA00461,GR0000000194,2022,2023-06-28,On-time,Agent-prepared,11981563.79,9971198.39,2010365.4,533131.46,55371.56,477759.9,Paid
TR-A3981589,GR0000000194,2023,2024-06-21,On-time,Agent-prepared,15639374.3,11988169.57,3651204.72,968267.81,104973.31,863294.5,Paid
TR-A2E159DF,GR0000000194,2024,2025-06-23,On-time,Agent-prepared,13822314.95,10408940.04,3413374.9,905197.41,93889.72,811307.69,Paid
TR-F10840E5,GR0000000195,2022,2023-06-10,On-time,Agent-prepared,1254100.0,1167629.0,86471.0,23143.23,2353.19,20790.03,Paid
TR-0CD9C55C,GR0000000195,2023,2024-06-10,On-time,Agent-prepared,510775.0,454285.0,56490.0,15119.07,1729.73,13389.34,Paid
TR-1BDCDCD0,GR0000000195,2024,2025-06-14,On-time,Agent-prepared,1009884.0,939535.0,70349.0,18828.31,1733.53,17094.78,Paid
TR-7DD86B35,GR0000000196,2022,2023-08-25,Late,Agent-prepared,3481757.7,3390427.12,91330.58,23010.92,5196.73,17814.19,Unpaid
TR-661F9FBF,GR0000000196,2023,2024-08-21,Extended,Agent-prepared,1933989.04,1914649.15,19339.89,4872.72,1088.96,3783.76,Unpaid
TR-D3533884,GR0000000196,2024,2025-08-17,Extended,Self-prepared,1433087.83,1418756.96,14330.88,3610.69,848.85,2761.85,Unpaid
TR-AFD8D02C,GR0000000197,2022,2023-06-10,On-time,Agent-prepared,604966.0,529848.0,75118.0,18267.96,3018.54,15249.41,Paid
TR-B50CEFF5,GR0000000197,2023,2024-06-13,On-time,Self-prepared,579310.0,508848.0,70462.0,17135.66,2664.1,14471.56,Paid
TR-4EB5BFC0,GR0000000197,2024,2025-06-16,On-time,Agent-prepared,980502.0,843829.0,136673.0,33237.52,5359.31,27878.21,Paid
TR-FC33EAC7,GR0000000198,2022,2023-06-23,On-time,Agent-prepared,22172325.0,20140244.0,2032081.0,376540.27,71312.12,305228.15,Paid
TR-46390AB6,GR0000000198,2023,2024-06-20,On-time,Self-prepared,24627758.0,22393823.0,2233935.0,413943.38,82380.28,331563.1,Paid
TR-8D683AA2,GR0000000198,2024,2025-06-21,On-time,Self-prepared,30335283.0,27384488.0,2950795.0,546776.01,104601.74,442174.27,Paid
TR-228DCBEA,GR0000000199,2022,2023-09-19,Extended,Agent-prepared,1029537.02,998650.91,30886.11,7645.54,636.5,7009.03,Paid
TR-7AA94836,GR0000000199,2023,2024-06-21,On-time,Agent-prepared,425573.78,412806.57,12767.21,3160.39,270.67,2889.72,Paid
TR-44E3515B,GR0000000199,2024,2025-06-28,On-time,Self-prepared,610935.45,592607.38,18328.06,4536.92,403.92,4133.01,Paid
TR-79085CA2,GR0000000200,2022,2023-06-20,On-time,Agent-prepared,94455.67,91622.0,2833.67,633.75,75.09,558.66,Partial
TR-0A43B90D,GR0000000200,2023,2024-06-25,On-time,Agent-prepared,129640.4,125751.18,3889.21,869.82,94.84,774.98,Paid
TR-750D3A3D,GR0000000200,2024,2025-08-27,Late,Self-prepared,106325.27,103135.51,3189.76,713.39,83.76,629.63,Paid
TR-2ECAFC09,GR0000000201,2022,2023-06-12,On-time,Agent-prepared,6168165.0,5435976.0,732189.0,165012.1,14925.98,150086.13,Paid
TR-BCBF2083,GR0000000201,2023,2024-06-18,On-time,Agent-prepared,7562239.0,6234460.0,1327779.0,299239.14,31264.55,267974.58,Paid
TR-F6BA45EA,GR0000000201,2024,2025-06-25,On-time,Agent-prepared,6448497.0,5301527.0,1146970.0,258490.54,23914.41,234576.13,Paid
TR-D6AC8FA0,GR0000000202,2022,2023-06-23,On-time,Agent-prepared,416954.0,343682.0,73272.0,20597.53,1997.33,18600.2,Paid
TR-7483D4F2,GR0000000202,2023,2024-06-20,On-time,Agent-prepared,89475.0,73046.0,16429.0,4618.36,448.24,4170.12,Paid
TR-8BBC5876,GR0000000202,2024,2025-06-19,On-time,Agent-prepared,169116.0,143359.0,25757.0,7240.56,769.95,6470.61,Paid
TR-5F14445C,GR0000000203,2024,2025-06-21,On-time,Agent-prepared,826463.0,731644.0,94819.0,19652.25,2009.9,17642.35,Paid
TR-3409F342,GR0000000204,2022,2023-06-23,On-time,Agent-prepared,4412910.0,3459550.0,953360.0,240010.78,30705.43,209305.35,Paid
TR-1604600B,GR0000000204,2023,2024-06-16,On-time,Agent-prepared,5309151.0,4334881.0,974270.0,245274.93,30218.81,215056.12,Paid
TR-CD3B8FBA,GR0000000204,2024,2025-06-16,On-time,Agent-prepared,5446487.0,4029240.0,1417247.0,356795.5,44958.2,311837.3,Paid
TR-6A0106B7,GR0000000205,2022,2023-06-22,On-time,Agent-prepared,282086.0,267981.7,14104.3,3593.12,358.02,3235.1,Paid
TR-6DCF7FE5,GR0000000205,2023,2024-06-17,On-time,Agent-prepared,232472.0,218264.0,14208.0,3619.54,331.45,3288.09,Paid
TR-4E84DF9F,GR0000000205,2024,2025-06-16,On-time,Agent-prepared,184251.0,172817.0,11434.0,2912.85,283.43,2629.42,Paid
TR-A97FD0CF,GR0000000206,2022,2023-06-20,On-time,Agent-prepared,1927557.0,1667514.0,260043.0,52188.5,9797.32,42391.19,Paid
TR-F4C047CF,GR0000000206,2023,2024-06-18,On-time,Agent-prepared,2115124.0,1854784.0,260340.0,52248.11,8087.54,44160.57,Paid
TR-1A7F7F8C,GR0000000206,2024,2025-06-21,On-time,Agent-prepared,1794899.0,1600801.0,194098.0,38953.88,6654.57,32299.31,Paid
TR-4F34A005,GR0000000207,2022,2023-06-13,On-time,Agent-prepared,6134545.0,4787513.0,1347032.0,350872.38,43573.08,307299.3,Paid
TR-B9CF2CC1,GR0000000207,2023,2024-06-17,On-time,Agent-prepared,5360992.0,4081475.0,1279517.0,333286.2,41796.86,291489.34,Paid
TR-E40655AD,GR0000000207,2024,2025-06-15,On-time,Agent-prepared,5677499.0,4274207.0,1403292.0,365526.88,45096.42,320430.46,Paid
TR-0CD36BEB,GR0000000208,2022,2023-08-12,Late,Agent-prepared,4023986.65,3983746.79,40239.87,9751.13,1553.92,8197.21,Unpaid
TR-7CEA55E1,GR0000000208,2023,2024-09-15,Extended,Self-prepared,6923682.31,6854445.49,69236.82,16777.81,2600.0,14177.81,Unpaid
TR-F309D2AF,GR0000000208,2024,2025-06-29,On-time,Agent-prepared,3641728.67,3605311.38,36417.29,8824.82,1381.97,7442.84,Unpaid
TR-63FDF054,GR0000000209,2022,2023-06-29,On-time,Agent-prepared,1576999.02,1561229.03,15769.99,4172.16,487.62,3684.54,Paid
TR-0F6F9FE6,GR0000000209,2023,2024-06-27,On-time,Self-prepared,522290.67,517067.77,5222.91,1381.79,181.56,1200.23,Unpaid
TR-DD106325,GR0000000209,2024,2025-09-15,Extended,Self-prepared,451218.14,446705.95,4512.18,1193.76,147.93,1045.83,Paid
TR-D599A175,GR0000000210,2022,2023-06-12,On-time,Agent-prepared,29332501.0,19532320.0,9800181.0,2141050.03,282428.22,1858621.81,Paid
TR-1C573199,GR0000000210,2023,2024-06-22,On-time,Agent-prepared,38725473.0,25696475.0,13028998.0,2846451.16,333747.12,2512704.05,Paid
TR-26264540,GR0000000210,2024,2025-06-25,On-time,Agent-prepared,31837293.0,20533920.0,11303373.0,2469453.08,283187.13,2186265.95,Paid
TR-9B5C2E5E,GR0000000211,2022,2023-06-11,On-time,Agent-prepared,648321.0,468251.0,180070.0,47753.07,5139.34,42613.73,Paid
TR-1AFF5620,GR0000000211,2023,2024-06-18,On-time,Agent-prepared,465374.0,369702.0,95672.0,25371.42,2810.75,22560.67,Paid
TR-8B8035DA,GR0000000211,2024,2025-06-19,On-time,Self-prepared,492399.0,340082.0,152317.0,40393.2,5125.49,35267.71,Paid
TR-8093EF57,GR0000000212,2022,2023-09-14,Extended,Agent-prepared,2335344.0,2126831.0,208513.0,52482.94,3705.27,48777.67,Paid
TR-46652206,GR0000000212,2023,2024-06-20,On-time,Self-prepared,1296902.0,1162257.0,134645.0,33890.29,2752.69,31137.59,Paid
TR-DB99722E,GR0000000212,2024,2025-06-25,On-time,Self-prepared,1838609.0,1702122.0,136487.0,34353.92,2944.41,31409.51,Paid
TR-620A1F8C,GR0000000213,2023,2024-06-20,On-time,Self-prepared,51365185.0,46611838.0,4753347.0,927922.87,173810.31,754112.56,Paid
TR-BFBC0A79,GR0000000213,2024,2025-09-20,Extended,Agent-prepared,29701904.0,25799497.0,3902407.0,761806.93,119912.48,641894.45,Paid
TR-F9304AEC,GR0000000214,2022,2023-08-25,Extended,Self-prepared,817294.91,809121.96,8172.95,1972.81,406.02,1566.78,Unpaid
TR-EB501BAA,GR0000000214,2023,2024-07-25,Late,Self-prepared,1887198.9,1868326.91,18871.99,4555.37,910.97,3644.4,Paid
TR-50C9CE04,GR0000000214,2024,2025-06-30,On-time,Agent-prepared,2689537.85,2662642.47,26895.38,6492.08,1283.51,5208.57,Paid
TR-D91092E0,GR0000000215,2022,2023-06-16,On-time,Agent-prepared,945188.0,884559.0,60629.0,12339.44,1722.29,10617.16,Paid
TR-6D018312,GR0000000215,2023,2024-06-25,On-time,Agent-prepared,690863.0,648265.0,42598.0,8669.71,1342.4,7327.3,Partial
TR-61C811E4,GR0000000215,2024,2025-06-10,On-time,Self-prepared,582850.0,547221.0,35629.0,7251.35,1038.74,6212.61,Paid
TR-40E30BA8,GR0000000216,2022,2023-06-12,On-time,Agent-prepared,434356.0,407897.0,26459.0,7638.73,871.84,6766.89,Paid
TR-D568B7D4,GR0000000216,2023,2024-06-13,On-time,Agent-prepared,849356.0,774243.0,75113.0,21685.16,2366.15,19319.0,Paid
TR-BF14F385,GR0000000216,2024,2025-06-20,On-time,Agent-prepared,1087386.0,1013743.0,73643.0,21260.77,2371.76,18889.01,Paid
TR-D28035CB,GR0000000217,2022,2023-07-27,Late,Agent-prepared,92223.0,85404.0,6819.0,2024.06,155.24,1868.82,Paid
TR-E12E26D1,GR0000000217,2023,2024-09-22,Extended,Agent-prepared,124696.0,118402.0,6294.0,1868.22,137.67,1730.55,Paid
TR-3F50ABC0,GR0000000217,2024,2025-06-25,On-time,Agent-prepared,84512.0,76981.0,7531.0,2235.4,154.72,2080.67,Paid
TR-355FDDCB,GR0000000218,2022,2023-06-10,On-time,Agent-prepared,2323183.0,2124149.0,199034.0,48570.07,4031.13,44538.94,Paid
TR-51B16777,GR0000000218,2023,2024-06-19,On-time,Agent-prepared,4592707.0,4220321.0,372386.0,90872.98,6843.94,84029.04,Paid
TR-F34450E8,GR0000000218,2024,2025-06-11,On-time,Agent-prepared,2219727.0,2063570.0,156157.0,38106.83,2727.47,35379.36,Paid
TR-4EE13D48,GR0000000219,2023,2024-06-23,On-time,Agent-prepared,637323.0,598884.0,38439.0,9834.92,1032.11,8802.81,Paid
TR-AD119816,GR0000000219,2024,2025-06-19,On-time,Agent-prepared,795563.0,739649.0,55914.0,14306.04,1480.31,12825.72,Paid
TR-DD3061C5,GR0000000220,2022,2023-06-25,On-time,Agent-prepared,2190978.0,1902795.0,288183.0,80633.74,9214.88,71418.86,Paid
TR-F44CCD2A,GR0000000220,2023,2024-06-25,On-time,Agent-prepared,1485166.0,1327267.0,157899.0,44180.22,5446.51,38733.7,Paid
TR-5CB113FD,GR0000000220,2024,2025-08-13,Late,Agent-prepared,1677666.0,1482312.0,195354.0,54660.14,5908.55,48751.6,Paid
TR-ACA3E0C6,GR0000000221,2022,2023-06-14,On-time,Agent-prepared,11539297.0,9789868.0,1749429.0,384240.12,47559.04,336681.08,Paid
TR-0E456592,GR0000000221,2023,2024-06-11,On-time,Agent-prepared,17321675.0,15110563.0,2211112.0,485642.99,59957.74,425685.26,Paid
TR-B15C371C,GR0000000221,2024,2025-06-11,On-time,Agent-prepared,12920032.0,11424964.0,1495068.0,328372.92,42503.5,285869.42,Paid
TR-431BA61C,GR0000000222,2022,2023-06-13,On-time,Agent-prepared,303121.0,286916.0,16205.0,4574.76,335.9,4238.85,Paid
TR-96A011E6,GR0000000222,2023,2024-07-26,Extended,Agent-prepared,226852.0,214196.0,12656.0,3572.86,236.31,3336.54,Paid
TR-1B8D23F6,GR0000000222,2024,2025-06-14,On-time,Agent-prepared,112152.0,101438.0,10714.0,3024.62,238.54,2786.07,Paid
TR-0E0FF999,GR0000000223,2022,2023-06-21,On-time,Self-prepared,1006487.0,900365.0,106122.0,24043.87,4148.38,19895.49,Paid
TR-28FB191C,GR0000000223,2023,2024-06-11,On-time,Agent-prepared,974334.0,842846.0,131488.0,29791.0,5552.81,24238.19,Paid
TR-C3C40AB5,GR0000000223,2024,2025-06-23,On-time,Agent-prepared,601957.0,539627.0,62330.0,14121.99,2314.47,11807.52,Paid
TR-AF4D4A1E,GR0000000224,2022,2023-09-27,Extended,Self-prepared,862887.5,837000.87,25886.62,5827.15,647.99,5179.16,Paid
TR-37D31EFA,GR0000000224,2023,2024-06-22,On-time,Agent-prepared,1033624.01,1002615.29,31008.72,6980.15,883.93,6096.21,Paid
TR-EF1F0EB5,GR0000000224,2024,2025-06-27,On-time,Agent-prepared,1482985.77,1438496.19,44489.57,10014.72,1232.45,8782.27,Partial
TR-E3B09F13,GR0000000225,2022,2023-08-14,Extended,Agent-prepared,1247782.17,1210348.7,37433.47,10331.77,1397.04,8934.73,Unpaid
TR-67C5F3DE,GR0000000225,2023,2024-07-18,Extended,Agent-prepared,721299.87,699660.88,21639.0,5972.44,713.63,5258.81,Unpaid
TR-DE7EECE3,GR0000000225,2024,2025-06-28,On-time,Agent-prepared,1259387.33,1221605.71,37781.62,10427.86,1376.08,9051.79,Paid
TR-076326CE,GR0000000226,2022,2023-06-19,On-time,Agent-prepared,906333.0,832251.0,74082.0,19166.8,1386.17,17780.63,Paid
TR-BD5C31DA,GR0000000226,2023,2024-06-15,On-time,Agent-prepared,466216.0,437034.0,29182.0,7550.09,488.49,7061.6,Paid
TR-6883CD67,GR0000000226,2024,2025-06-25,On-time,Agent-prepared,1243917.0,1166855.0,77062.0,19937.79,1381.63,18556.17,Paid
TR-9FC6706C,GR0000000227,2022,2023-06-20,On-time,Agent-prepared,96859.0,89844.0,7015.0,1767.25,180.71,1586.54,Paid
TR-8EBA61FE,GR0000000227,2023,2024-06-18,On-time,Agent-prepared,124764.0,115360.0,9404.0,2369.1,227.6,2141.5,Paid
TR-4C6DB700,GR0000000227,2024,2025-06-11,On-time,Agent-prepared,68497.0,64571.0,3926.0,989.06,90.81,898.24,Paid
TR-A4AA844E,GR0000000228,2022,2023-06-14,On-time,Agent-prepared,180180.0,160620.0,19560.0,5742.22,608.75,5133.47,Paid
TR-7A9B3677,GR0000000228,2023,2024-06-21,On-time,Agent-prepared,254128.0,227170.0,26958.0,7914.05,848.58,7065.47,Paid
TR-00783823,GR0000000228,2024,2025-06-18,On-time,Agent-prepared,249893.0,216366.0,33527.0,9842.5,1092.46,8750.04,Paid
TR-82BD1446,GR0000000229,2022,2023-06-11,On-time,Agent-prepared,173718.0,155029.0,18689.0,4902.21,371.92,4530.29,Paid
TR-384B3D0E,GR0000000229,2023,2024-06-25,On-time,Agent-prepared,114346.0,107744.0,6602.0,1731.73,122.6,1609.13,Paid
TR-C719A5C0,GR0000000229,2024,2025-06-25,On-time,Agent-prepared,77694.0,70748.0,6946.0,1821.97,158.61,1663.36,Paid
TR-99D692A5,GR0000000230,2022,2023-06-24,On-time,Agent-prepared,64658437.0,43065219.0,21593218.0,5536493.73,1091531.24,4444962.49,Paid
TR-180B50D5,GR0000000230,2023,2024-06-13,On-time,Self-prepared,37430166.0,27534964.0,9895202.0,2537126.42,479841.49,2057284.93,Paid
TR-11E89B19,GR0000000230,2024,2025-06-12,On-time,Agent-prepared,47602507.0,34028539.0,13573968.0,3480360.77,674399.23,2805961.54,Paid
TR-5CA9B5D0,GR0000000231,2022,2023-06-16,On-time,Agent-prepared,552171.0,504790.0,47381.0,12715.2,1565.67,11149.53,Paid
TR-00BDF0F5,GR0000000231,2023,2024-06-17,On-time,Agent-prepared,1006036.0,911386.0,94650.0,25400.35,3201.41,22198.94,Paid
TR-F51A56E7,GR0000000231,2024,2025-06-24,On-time,Agent-prepared,935701.0,847954.0,87747.0,23547.85,2887.94,20659.92,Paid
TR-EA6B5716,GR0000000232,2022,2023-06-26,On-time,Self-prepared,365807.85,354833.61,10974.24,2441.56,312.0,2129.56,Paid
TR-F2E0E27D,GR0000000232,2023,2024-06-23,On-time,Agent-prepared,778635.8,755276.72,23359.07,5196.96,685.36,4511.6,Paid
TR-E483F5A5,GR0000000232,2024,2025-06-20,On-time,Agent-prepared,698974.0,678004.78,20969.22,4665.26,586.23,4079.03,Paid
TR-89EDD9AD,GR0000000233,2022,2023-06-22,On-time,Agent-prepared,2836080.0,2629650.0,206430.0,56685.3,5256.46,51428.83,Paid
TR-9FF84920,GR0000000233,2023,2024-06-25,On-time,Agent-prepared,1304202.0,1208691.0,95511.0,26227.14,2790.49,23436.65,Paid
TR-CD755C9D,GR0000000233,2024,2025-06-18,On-time,Agent-prepared,902507.0,843564.0,58943.0,16185.64,1597.51,14588.13,Paid
TR-3E0C1D79,GR0000000234,2022,2023-06-18,On-time,Self-prepared,5163993.0,4821274.0,342719.0,84770.95,7313.01,77457.93,Paid
TR-8D083455,GR0000000234,2023,2024-06-20,On-time,Agent-prepared,4986837.0,4695606.0,291231.0,72035.48,7776.82,64258.65,Paid
TR-DD3D8412,GR0000000234,2024,2025-06-21,On-time,Agent-prepared,3948531.0,3751104.45,197426.55,48833.11,4368.18,44464.93,Paid
TR-6F147A32,GR0000000235,2022,2023-06-11,On-time,Agent-prepared,560893.0,451908.0,108985.0,27000.54,2998.64,24001.89,Paid
TR-013EEB21,GR0000000235,2023,2024-06-10,On-time,Agent-prepared,236750.0,180733.0,56017.0,13877.96,1840.87,12037.09,Paid
TR-4A10B000,GR0000000235,2024,2025-06-10,On-time,Agent-prepared,275742.0,222641.0,53101.0,13155.53,1399.91,11755.62,Paid
TR-1C034607,GR0000000236,2022,2023-06-24,On-time,Agent-prepared,5051378.0,4601351.0,450027.0,114243.7,14813.74,99429.96,Paid
TR-8BE3E667,GR0000000236,2023,2024-06-19,On-time,Agent-prepared,3144567.0,2919278.0,225289.0,57191.79,7521.97,49669.82,Paid
TR-6D39B669,GR0000000236,2024,2025-06-20,On-time,Agent-prepared,5790492.0,5244740.0,545752.0,138544.42,18472.97,120071.45,Paid
TR-04239F65,GR0000000237,2022,2023-06-15,On-time,Agent-prepared,56666465.0,39766676.0,16899789.0,4094017.7,903224.33,3190793.37,Paid
TR-A0C0E2F0,GR0000000237,2023,2024-06-24,On-time,Agent-prepared,71723985.0,48116455.0,23607530.0,5718985.35,1253049.48,4465935.87,Paid
TR-511CF348,GR0000000237,2024,2025-06-23,On-time,Self-prepared,67796389.0,46186708.0,21609681.0,5235001.25,1323816.81,3911184.44,Paid
TR-75B7BECB,GR0000000238,2022,2023-06-17,On-time,Agent-prepared,4398554.0,4070141.0,328413.0,86592.38,15011.21,71581.17,Paid
TR-E1493EF8,GR0000000238,2023,2024-06-12,On-time,Agent-prepared,5329411.0,4886872.0,442539.0,116683.88,19166.4,97517.48,Paid
TR-55B06EB6,GR0000000238,2024,2025-06-22,On-time,Agent-prepared,2862075.0,2612677.0,249398.0,65758.56,10541.12,55217.44,Paid
TR-C821DE71,GR0000000239,2022,2023-09-23,Extended,Self-prepared,192868.78,187082.72,5786.06,1327.89,172.14,1155.75,Unpaid
TR-AC37D1F6,GR0000000239,2023,2024-06-21,On-time,Agent-prepared,119771.52,116178.37,3593.15,824.62,98.67,725.95,Paid
TR-EE0D2A76,GR0000000239,2024,2025-09-23,Extended,Agent-prepared,70162.63,68057.76,2104.88,483.06,62.4,420.67,Paid
TR-D97E467B,GR0000000240,2022,2023-06-13,On-time,Agent-prepared,13299857.0,12532720.0,767137.0,206446.9,34125.35,172321.55,Paid
TR-C979D6E0,GR0000000240,2023,2024-06-22,On-time,Agent-prepared,18281819.0,16389966.0,1891853.0,509123.12,85274.18,423848.94,Paid
TR-DF60B60C,GR0000000240,2024,2025-06-17,On-time,Agent-prepared,19359080.0,17579947.0,1779133.0,478788.65,79342.56,399446.1,Paid
TR-CD77BC03,GR0000000241,2022,2023-06-15,On-time,Agent-prepared,262956.0,246444.0,16512.0,4541.67,506.34,4035.32,Paid
TR-8A6F27B4,GR0000000241,2023,2024-06-21,On-time,Agent-prepared,187398.0,178028.1,9369.9,2577.21,244.84,2332.37,Paid
TR-3E818715,GR0000000241,2024,2025-06-12,On-time,Agent-prepared,208982.0,198265.0,10717.0,2947.74,283.2,2664.54,Paid
TR-6769DA9C,GR0000000242,2022,2023-06-25,On-time,Self-prepared,12905404.62,12518242.48,387162.14,82672.9,16026.3,66646.6,Unpaid
TR-B4D01070,GR0000000242,2023,2024-09-25,Extended,Agent-prepared,22253079.06,21585486.68,667592.37,142554.74,27821.95,114732.79,Partial
TR-FFBF0A62,GR0000000242,2024,2025-06-22,On-time,Agent-prepared,12050854.98,11624930.65,425924.32,90950.01,15814.19,75135.82,Paid
TR-05961EBD,GR0000000243,2022,2023-06-21,On-time,Agent-prepared,2632947.0,1883525.0,749422.0,223507.25,13263.55,210243.7,Paid
TR-A3BF6377,GR0000000243,2023,2024-06-23,On-time,Agent-prepared,1458754.0,1037046.0,421708.0,125769.99,8953.34,116816.65,Paid
TR-79BEF1AD,GR0000000243,2024,2025-06-23,On-time,Agent-prepared,3606458.0,2825399.0,781059.0,232942.66,16483.12,216459.53,Paid
TR-02B1E79A,GR0000000244,2022,2023-09-22,Extended,Agent-prepared,5359880.0,3961661.0,1398219.0,413446.48,46480.72,366965.77,Paid
TR-FEB6A776,GR0000000244,2023,2024-06-11,On-time,Self-prepared,4493237.0,2994389.0,1498848.0,443201.98,49891.27,393310.71,Paid
TR-B6CF5B93,GR0000000244,2024,2025-06-10,On-time,Agent-prepared,6613973.0,4860121.0,1753852.0,518605.41,64047.15,454558.26,Paid
TR-0F6793B3,GR0000000245,2022,2023-06-22,On-time,Self-prepared,40881527.54,39655081.72,1226445.83,257634.08,39596.33,218037.75,Paid
TR-C79CB04C,GR0000000245,2023,2024-06-27,On-time,Self-prepared,32457421.09,31483698.46,973722.63,204545.63,29873.73,174671.9,Unpaid
TR-F44B4C8B,GR0000000245,2024,2025-06-24,On-time,Self-prepared,12945763.87,12557390.96,388372.92,81583.79,11900.24,69683.55,Unpaid
TR-74A75FD5,GR0000000246,2022,2023-06-12,On-time,Agent-prepared,2106667.0,1512479.0,594188.0,174789.9,11092.83,163697.07,Paid
TR-380D1D3F,GR0000000246,2023,2024-06-17,On-time,Agent-prepared,1003823.0,663997.0,339826.0,99965.25,6676.79,93288.46,Paid
TR-956EE76F,GR0000000246,2024,2025-06-22,On-time,Agent-prepared,826384.0,599330.0,227054.0,66791.56,4641.51,62150.06,Paid
TR-3315E03C,GR0000000247,2022,2023-06-14,On-time,Agent-prepared,1000536.0,896268.0,104268.0,26761.46,2389.77,24371.69,Paid
TR-FAA5E427,GR0000000247,2023,2024-06-20,On-time,Agent-prepared,904521.0,785355.0,119166.0,30585.19,2819.16,27766.03,Paid
TR-334969CF,GR0000000247,2024,2025-06-17,On-time,Agent-prepared,1113423.0,1013143.0,100280.0,25737.9,2012.69,23725.2,Paid
TR-4024D87C,GR0000000248,2024,2025-06-25,On-time,Agent-prepared,588042.15,570400.89,17641.26,4709.19,826.86,3882.33,Unpaid
TR-8186C580,GR0000000249,2022,2023-06-27,On-time,Agent-prepared,20149754.12,19948256.58,201497.54,41731.92,7834.59,33897.33,Unpaid
TR-AE7DEFDB,GR0000000249,2023,2024-06-26,On-time,Self-prepared,7023365.63,6953131.97,70233.66,14546.01,2738.76,11807.25,Paid
TR-210D6F30,GR0000000249,2024,2025-07-24,Late,Self-prepared,11832118.5,11713797.31,118321.18,24505.36,4262.41,20242.95,Unpaid
TR-CB28DBFF,GR0000000250,2022,2023-06-11,On-time,Self-prepared,5650089.0,5049475.0,600614.0,138744.54,15787.04,122957.5,Paid
TR-1F095028,GR0000000250,2023,2024-06-24,On-time,Agent-prepared,10115299.0,8937427.0,1177872.0,272093.74,28582.28,243511.46,Paid
TR-5353D33F,GR0000000250,2024,2025-08-28,Extended,Agent-prepared,11182105.0,9868561.0,1313544.0,303434.58,39459.57,263975.01,Paid
TR-1F341D95,GR0000000251,2022,2023-06-26,On-time,Self-prepared,10392548.52,10080772.06,311776.46,73449.19,14236.7,59212.48,Partial
TR-F0AB901C,GR0000000251,2023,2024-06-26,On-time,Agent-prepared,5961351.08,5782510.55,178840.53,42131.76,8081.21,34050.55,Paid
TR-79EB3093,GR0000000251,2024,2025-06-28,On-time,Self-prepared,5849619.13,5674130.56,175488.57,41342.1,7667.39,33674.71,Paid
TR-4F2047CB,GR0000000252,2022,2023-06-22,On-time,Agent-prepared,50989252.0,44523411.0,6465841.0,1666200.8,308710.38,1357490.42,Paid
TR-256A1473,GR0000000252,2023,2024-06-12,On-time,Self-prepared,82174468.0,73871961.0,8302507.0,2139496.44,439344.53,1700151.91,Paid
TR-2BEBD5D4,GR0000000252,2024,2025-06-18,On-time,Agent-prepared,55080487.0,49452683.0,5627804.0,1450244.68,267017.35,1183227.33,Paid
TR-00625A74,GR0000000253,2022,2023-06-14,On-time,Agent-prepared,85027.0,73881.0,11146.0,2932.02,303.74,2628.28,Paid
TR-F7763701,GR0000000253,2023,2024-06-25,On-time,Agent-prepared,155720.0,130493.0,25227.0,6636.1,628.5,6007.6,Partial
TR-84C1A751,GR0000000253,2024,2025-06-19,On-time,Agent-prepared,153921.0,138441.0,15480.0,4072.1,433.13,3638.97,Paid
TR-1C5349C0,GR0000000254,2022,2023-06-13,On-time,Agent-prepared,74010.0,67452.0,6558.0,1639.4,187.78,1451.62,Paid
TR-5C3A9D60,GR0000000254,2023,2024-06-23,On-time,Self-prepared,97750.0,92727.0,5023.0,1255.67,143.4,1112.27,Paid
TR-704847B4,GR0000000254,2024,2025-06-19,On-time,Agent-prepared,47015.0,44664.25,2350.75,587.65,56.74,530.91,Paid
TR-D2B62008,GR0000000255,2022,2023-06-21,On-time,Self-prepared,2732530.0,2052671.0,679859.0,152576.58,18502.11,134074.47,Paid
TR-768389D8,GR0000000255,2023,2024-06-18,On-time,Agent-prepared,1089313.0,734110.0,355203.0,79716.03,9016.42,70699.6,Paid
TR-04DA1C20,GR0000000255,2024,2025-06-22,On-time,Agent-prepared,1410949.0,1097624.0,313325.0,70317.6,9308.17,61009.43,Paid
TR-ED8059B4,GR0000000256,2022,2023-06-22,On-time,Agent-prepared,1221891.64,1185234.89,36656.75,9498.06,1109.26,8388.8,Paid
TR-DE2176ED,GR0000000256,2023,2024-06-20,On-time,Agent-prepared,484730.52,470188.6,14541.92,3767.93,423.15,3344.77,Paid
TR-DDBD28BF,GR0000000256,2024,2025-06-27,On-time,Agent-prepared,823428.15,798725.3,24702.84,6400.71,776.89,5623.81,Paid
TR-7303F78C,GR0000000257,2022,2023-06-20,On-time,Self-prepared,41771485.0,33445021.0,8326464.0,1876494.6,302988.48,1573506.12,Paid
TR-6548013C,GR0000000257,2023,2024-06-23,On-time,Agent-prepared,38796422.0,31810512.0,6985910.0,1574380.48,219709.86,1354670.63,Paid
TR-00F2D7EC,GR0000000257,2024,2025-06-23,On-time,Agent-prepared,19069410.0,15703430.0,3365980.0,758574.5,108707.02,649867.49,Paid
TR-77D18738,GR0000000258,2022,2023-06-10,On-time,Agent-prepared,1550315.0,1194712.0,355603.0,96828.08,12334.96,84493.12,Paid
TR-86E5AF01,GR0000000258,2023,2024-06-12,On-time,Agent-prepared,1234474.0,942119.0,292355.0,79606.11,9264.7,70341.41,Paid
TR-CC8D96F2,GR0000000258,2024,2025-06-10,On-time,Agent-prepared,1237234.0,955734.0,281500.0,76650.38,9809.75,66840.62,Paid
TR-A06EC5F2,GR0000000259,2022,2023-06-15,On-time,Agent-prepared,628279.0,590607.0,37672.0,8407.07,700.68,7706.39,Paid
TR-56826E2A,GR0000000259,2023,2024-06-20,On-time,Agent-prepared,1317307.0,1195441.0,121866.0,27196.23,2622.9,24573.33,Paid
TR-465A1A2E,GR0000000259,2024,2025-06-19,On-time,Agent-prepared,755510.0,672869.0,82641.0,18442.58,1510.69,16931.9,Paid
TR-0552F44A,GR0000000260,2022,2023-06-17,On-time,Agent-prepared,25981837.0,23772396.0,2209441.0,444245.9,82075.86,362170.05,Paid
TR-791F666E,GR0000000260,2023,2024-06-15,On-time,Agent-prepared,24122653.0,22382125.0,1740528.0,349962.92,74143.41,275819.51,Paid
TR-BDF856EC,GR0000000260,2024,2025-06-19,On-time,Agent-prepared,32816136.0,29931732.0,2884404.0,579958.76,118291.75,461667.01,Paid
TR-B5C420DB,GR0000000261,2022,2023-06-12,On-time,Agent-prepared,4122144.0,3081263.0,1040881.0,244264.1,49115.69,195148.41,Paid
TR-06F1003E,GR0000000261,2023,2024-06-14,On-time,Agent-prepared,3514385.0,2207607.0,1306778.0,306662.29,56494.67,250167.61,Paid
TR-B382ECDC,GR0000000261,2024,2025-06-11,On-time,Agent-prepared,2558973.0,1957151.0,601822.0,141229.89,26381.63,114848.25,Paid
TR-AA3B094D,GR0000000262,2022,2023-06-23,On-time,Agent-prepared,676711.0,637577.0,39134.0,8807.33,1325.75,7481.58,Paid
TR-CBA2AFBF,GR0000000262,2023,2024-06-14,On-time,Agent-prepared,571688.0,520169.0,51519.0,11594.64,1479.0,10115.64,Paid
TR-BE521F29,GR0000000262,2024,2025-06-20,On-time,Agent-prepared,504205.0,477267.0,26938.0,6062.55,872.66,5189.89,Paid
TR-B5BBA0DA,GR0000000263,2022,2023-06-21,On-time,Self-prepared,1042730.0,766896.0,275834.0,77059.57,4460.18,72599.39,Paid
TR-25E1DF9C,GR0000000263,2023,2024-07-19,Extended,Self-prepared,1996571.0,1444563.0,552008.0,154214.13,9293.53,144920.6,Paid
TR-906E59A5,GR0000000263,2024,2025-06-14,On-time,Agent-prepared,1434327.0,1162722.0,271605.0,75878.12,4670.02,71208.1,Partial
TR-450F8D7E,GR0000000264,2022,2023-06-25,On-time,Agent-prepared,1176123.0,1047445.0,128678.0,32137.49,3983.13,28154.36,Paid
TR-1C6AD74B,GR0000000264,2023,2024-06-12,On-time,Agent-prepared,901580.0,775555.0,126025.0,31474.9,4574.09,26900.81,Paid
TR-63A30BA2,GR0000000264,2024,2025-06-10,On-time,Agent-prepared,978165.0,899325.0,78840.0,19690.39,2629.88,17060.51,Paid
TR-10BBB6FE,GR0000000265,2022,2023-06-24,On-time,Agent-prepared,4633215.0,4230792.0,402423.0,106539.58,11199.25,95340.32,Paid
TR-802048B3,GR0000000265,2023,2024-06-23,On-time,Agent-prepared,4811020.0,4552035.0,258985.0,68565.05,6880.65,61684.4,Paid
TR-0FDC3E59,GR0000000265,2024,2025-06-18,On-time,Agent-prepared,4061335.0,3685436.0,375899.0,99517.47,10307.91,89209.56,Paid
TR-F18C7EAD,GR0000000266,2022,2023-06-23,On-time,Self-prepared,22084424.0,20980202.8,1104221.2,306183.75,44077.73,262106.02,Partial
TR-E82A99B7,GR0000000266,2023,2024-07-27,Extended,Agent-prepared,14075842.0,13203692.0,872150.0,241833.93,36032.97,205800.96,Paid
TR-578E71B2,GR0000000266,2024,2025-06-17,On-time,Agent-prepared,12880126.0,11867781.0,1012345.0,280707.88,39314.62,241393.26,Paid
TR-90555341,GR0000000267,2022,2023-06-16,On-time,Agent-prepared,1066527.0,941471.0,125056.0,26988.93,3212.07,23776.85,Paid
TR-930267F4,GR0000000267,2023,2024-06-16,On-time,Agent-prepared,939293.0,866253.0,73040.0,15763.11,1879.5,13883.61,Paid
TR-E2646EDC,GR0000000267,2024,2025-08-26,Extended,Agent-prepared,986148.0,860890.0,125258.0,27032.52,3999.26,23033.27,Paid
TR-75F91A43,GR0000000268,2022,2023-06-19,On-time,Agent-prepared,73429747.0,63441328.0,9988419.0,2552411.17,594339.5,1958071.67,Paid
TR-82BE2FB4,GR0000000268,2023,2024-06-19,On-time,Agent-prepared,85131272.0,76016047.0,9115225.0,2329277.75,462210.87,1867066.88,Paid
TR-4F514CCC,GR0000000268,2024,2025-06-25,On-time,Agent-prepared,70126530.0,60574117.0,9552413.0,2440995.49,540518.68,1900476.8,Paid
TR-07236B01,GR0000000269,2022,2023-06-15,On-time,Agent-prepared,302259.0,283229.0,19030.0,4247.31,406.81,3840.51,Paid
TR-4AEC6131,GR0000000269,2023,2024-06-20,On-time,Agent-prepared,594646.0,557193.0,37453.0,8359.15,808.83,7550.32,Paid
TR-A6BF6627,GR0000000269,2024,2025-06-20,On-time,Agent-prepared,194422.0,174208.0,20214.0,4511.57,459.72,4051.85,Paid
TR-149ADFC2,GR0000000270,2022,2023-08-20,Extended,Agent-prepared,1257834.15,1181127.09,76707.05,20538.42,3401.07,17137.35,Paid
TR-AE9980BF,GR0000000270,2023,2024-06-27,On-time,Agent-prepared,1438128.09,1393410.45,44717.65,11973.21,1943.04,10030.17,Paid
TR-4F18F4EA,GR0000000270,2024,2025-06-23,On-time,Agent-prepared,1153759.33,975188.4,178570.92,47812.61,7699.3,40113.31,Paid
TR-7FBBBA17,GR0000000271,2022,2023-06-20,On-time,Agent-prepared,76779441.87,71238720.24,5540721.63,1265262.03,327236.29,938025.73,Paid
TR-35768D80,GR0000000271,2023,2024-06-23,On-time,Self-prepared,78942444.54,76574171.21,2368273.34,540811.56,130357.15,410454.42,Paid
TR-070D1761,GR0000000271,2024,2025-06-23,On-time,Agent-prepared,53321226.45,51721589.65,1599636.79,365288.1,98794.71,266493.4,Unpaid
TR-EBEB9D67,GR0000000272,2022,2023-06-18,On-time,Agent-prepared,863625.0,817255.0,46370.0,13832.56,1274.35,12558.21,Paid
TR-283D993A,GR0000000272,2023,2024-06-21,On-time,Agent-prepared,1518893.0,1424304.0,94589.0,28216.68,2650.64,25566.04,Paid
TR-8FE25F33,GR0000000272,2024,2025-06-17,On-time,Agent-prepared,752453.0,714830.35,37622.65,11223.15,1238.72,9984.42,Paid
TR-1B825F05,GR0000000273,2022,2023-06-12,On-time,Agent-prepared,48241077.0,43272143.0,4968934.0,989841.38,195690.72,794150.66,Paid
TR-91C5E0D5,GR0000000273,2023,2024-06-10,On-time,Agent-prepared,64622608.0,53527537.0,11095071.0,2210204.53,518889.06,1691315.47,Paid
TR-DBE37C73,GR0000000273,2024,2025-06-14,On-time,Agent-prepared,111688897.0,91346180.0,20342717.0,4052390.95,979921.87,3072469.08,Paid
TR-2FB39BCB,GR0000000274,2022,2023-06-13,On-time,Agent-prepared,83546.0,74852.0,8694.0,2013.17,178.56,1834.61,Paid
TR-519A74C5,GR0000000274,2023,2024-06-15,On-time,Agent-prepared,50547.0,47259.0,3288.0,761.37,63.18,698.18,Paid
TR-04B2FA0C,GR0000000274,2024,2025-06-12,On-time,Agent-prepared,109561.0,96414.0,13147.0,3044.3,234.74,2809.56,Paid
TR-110924AD,GR0000000275,2022,2023-06-27,On-time,Self-prepared,12544286.57,12418843.71,125442.87,32711.93,6915.45,25796.47,Unpaid
TR-7240F234,GR0000000275,2023,2024-06-26,On-time,Agent-prepared,5099127.63,5048136.36,50991.28,13297.07,2883.99,10413.08,Unpaid
TR-5231A7C1,GR0000000275,2024,2025-06-27,On-time,Agent-prepared,2367045.33,2343374.88,23670.45,6172.58,1255.21,4917.37,Unpaid
TR-2E6D0F46,GR0000000276,2022,2023-06-23,On-time,Agent-prepared,1036042.0,953643.0,82399.0,20586.14,2022.11,18564.03,Paid
TR-9601E2EF,GR0000000276,2023,2024-06-17,On-time,Agent-prepared,1255295.0,1127880.0,127415.0,31832.71,3266.83,28565.88,Paid
TR-35AB1082,GR0000000276,2024,2025-07-21,Extended,Agent-prepared,1018192.0,927014.0,91178.0,22779.44,2232.17,20547.28,Paid
TR-FFC0F74D,GR0000000277,2022,2023-06-23,On-time,Agent-prepared,1047818.61,947483.6,100335.01,27302.55,5616.74,21685.81,Paid
TR-C44BC5F5,GR0000000277,2023,2024-06-21,On-time,Agent-prepared,933789.76,854829.67,78960.1,21486.14,4205.37,17280.77,Unpaid
TR-75AA6F78,GR0000000277,2024,2025-06-27,On-time,Agent-prepared,719795.54,676143.34,43652.19,11878.37,2288.89,9589.48,Partial
TR-A77791C2,GR0000000278,2022,2023-06-12,On-time,Agent-prepared,491505.0,448900.0,42605.0,11611.91,1749.33,9862.58,Paid
TR-9BE7CEA5,GR0000000278,2023,2024-06-20,On-time,Agent-prepared,674250.0,616982.0,57268.0,15608.28,2377.04,13231.24,Paid
TR-05F5E4FA,GR0000000278,2024,2025-06-13,On-time,Agent-prepared,403299.0,379076.0,24223.0,6601.93,946.98,5654.95,Paid
TR-99B79B9D,GR0000000279,2022,2023-06-19,On-time,Agent-prepared,15136838.0,13613812.0,1523026.0,354614.4,52393.57,302220.83,Paid
TR-B517BEB1,GR0000000279,2023,2024-06-19,On-time,Agent-prepared,15066320.0,13636123.0,1430197.0,333000.52,45687.35,287313.17,Paid
TR-7FC06F4D,GR0000000279,2024,2025-06-17,On-time,Agent-prepared,16088009.0,14658388.0,1429621.0,332866.41,44300.07,288566.33,Paid
TR-BF61BBDB,GR0000000280,2022,2023-06-18,On-time,Agent-prepared,768588.0,722403.0,46185.0,10380.86,1745.15,8635.7,Paid
TR-0B090805,GR0000000280,2023,2024-06-16,On-time,Agent-prepared,707126.0,647164.0,59962.0,13477.47,1882.18,11595.29,Paid
TR-7B468072,GR0000000280,2024,2025-06-15,On-time,Self-prepared,601272.0,571208.4,30063.6,6757.3,1066.7,5690.6,Paid
TR-8E263A99,GR0000000281,2022,2023-06-20,On-time,Agent-prepared,1880889.77,1824463.08,56426.69,11374.95,1457.8,9917.15,Paid
TR-021FA458,GR0000000281,2023,2024-06-27,On-time,Agent-prepared,2982302.13,2892833.07,89469.06,18035.89,2161.53,15874.36,Partial
TR-728F133C,GR0000000281,2024,2025-06-29,On-time,Self-prepared,2751648.0,2669098.56,82549.44,16640.98,2229.69,14411.29,Paid
TR-BE8BED39,GR0000000282,2022,2023-06-17,On-time,Agent-prepared,9119106.0,7864405.0,1254701.0,318364.54,58692.13,259672.41,Partial
TR-45C1A76E,GR0000000282,2023,2024-06-24,On-time,Agent-prepared,10118309.0,9070277.0,1048032.0,265924.89,44016.42,221908.47,Paid
TR-45F527FC,GR0000000282,2024,2025-06-15,On-time,Agent-prepared,9605734.0,8178638.0,1427096.0,362107.6,66068.77,296038.83,Paid
TR-6611AE74,GR0000000283,2022,2023-06-21,On-time,Agent-prepared,312782.82,303399.34,9383.48,2608.52,333.95,2274.57,Partial
TR-9D017A25,GR0000000283,2023,2024-06-22,On-time,Self-prepared,310684.51,301363.98,9320.54,2591.02,318.64,2272.38,Paid
TR-DB63184D,GR0000000283,2024,2025-08-19,Extended,Agent-prepared,76684.07,73393.06,3291.01,914.87,108.45,806.42,Paid
TR-7BA808E5,GR0000000284,2022,2023-06-12,On-time,Agent-prepared,969048.0,848112.0,120936.0,26923.48,2797.81,24125.67,Paid
TR-03F64B64,GR0000000284,2023,2024-06-19,On-time,Agent-prepared,605576.0,535606.0,69970.0,15577.13,1330.49,14246.64,Paid
TR-C9092C57,GR0000000284,2024,2025-06-16,On-time,Agent-prepared,520746.0,451701.0,69045.0,15371.2,1655.23,13715.97,Paid
TR-F6EA1090,GR0000000285,2022,2023-06-23,On-time,Agent-prepared,83807036.0,56727196.0,27079840.0,6674222.1,1158694.53,5515527.57,Partial
TR-10BEA810,GR0000000285,2023,2024-06-24,On-time,Self-prepared,60078512.0,42570871.0,17507641.0,4315013.84,798032.1,3516981.74,Paid
TR-916A75DA,GR0000000285,2024,2025-06-10,On-time,Agent-prepared,38109153.0,26919180.0,11189973.0,2757932.29,452607.67,2305324.61,Paid
TR-630E9BB9,GR0000000286,2024,2025-06-14,On-time,Agent-prepared,114234.0,100234.0,14000.0,3630.83,381.89,3248.93,Paid
TR-84136280,GR0000000287,2022,2023-06-24,On-time,Agent-prepared,3465369.0,2612466.0,852903.0,208517.26,38822.79,169694.47,Paid
TR-923D9909,GR0000000287,2023,2024-06-24,On-time,Agent-prepared,1955253.0,1471922.0,483331.0,118164.5,21205.3,96959.2,Paid
TR-834C165D,GR0000000287,2024,2025-06-12,On-time,Agent-prepared,2215550.0,1426984.0,788566.0,192788.19,31667.06,161121.13,Paid
TR-95A0CF15,GR0000000288,2022,2023-06-26,On-time,Agent-prepared,406284.16,324470.03,81814.13,24118.36,3353.12,20765.25,Partial
TR-FFC144A1,GR0000000288,2023,2024-08-20,Extended,Self-prepared,234709.88,207303.56,27406.32,8079.23,1075.72,7003.52,Paid
TR-0E5C8F22,GR0000000288,2024,2025-06-25,On-time,Agent-prepared,255434.58,235409.47,20025.11,5903.3,877.25,5026.05,Partial
TR-755C98C7,GR0000000289,2022,2023-06-23,On-time,Agent-prepared,14804176.0,13575884.0,1228292.0,325426.76,73208.57,252218.19,Paid
TR-D73582B6,GR0000000289,2023,2024-06-24,On-time,Self-prepared,21486552.0,18911460.0,2575092.0,682251.32,157371.49,524879.82,Paid
TR-E3AD8618,GR0000000289,2024,2025-06-25,On-time,Agent-prepared,32933340.0,28419765.0,4513575.0,1195837.85,275181.04,920656.81,Partial
TR-D93369B5,GR0000000290,2022,2023-06-14,On-time,Agent-prepared,2485998.0,2203575.0,282423.0,74394.65,7068.88,67325.78,Paid
TR-DD30CB2E,GR0000000290,2023,2024-06-19,On-time,Agent-prepared,1950799.0,1826976.0,123823.0,32616.92,3023.6,29593.32,Paid
TR-B6AAAB72,GR0000000290,2024,2025-06-12,On-time,Agent-prepared,2546426.0,2288344.0,258082.0,67982.85,5294.06,62688.79,Paid
TR-014EE7DF,GR0000000291,2022,2023-06-29,On-time,Self-prepared,156811.41,152107.07,4704.34,1282.76,147.07,1135.68,Paid
TR-008DCC45,GR0000000291,2023,2024-06-26,On-time,Agent-prepared,95933.34,93055.34,2878.0,784.76,101.4,683.36,Partial
TR-7E0B5CED,GR0000000291,2024,2025-06-25,On-time,Agent-prepared,85002.8,80529.03,4473.77,1219.89,148.81,1071.08,Paid
TR-C883F1F9,GR0000000292,2022,2023-06-23,On-time,Self-prepared,579745.22,502131.56,77613.65,21843.64,3246.72,18596.92,Paid
TR-5A53D788,GR0000000292,2023,2024-06-27,On-time,Self-prepared,160817.29,149369.78,11447.51,3221.8,447.28,2774.51,Paid
TR-6E61BC5F,GR0000000292,2024,2025-06-29,On-time,Agent-prepared,216151.85,193547.99,22603.86,6361.65,917.71,5443.94,Paid
TR-DFE789C3,GR0000000293,2022,2023-06-21,On-time,Self-prepared,6663829.0,5914110.0,749719.0,178587.81,18901.53,159686.28,Paid
TR-0B0D0639,GR0000000293,2023,2024-06-25,On-time,Self-prepared,8812485.0,8051673.0,760812.0,181230.23,19425.43,161804.81,Paid
TR-A4BCE383,GR0000000293,2024,2025-06-12,On-time,Agent-prepared,5251372.0,4642322.0,609050.0,145079.56,15932.0,129147.56,Paid
TR-1C487994,GR0000000294,2022,2023-06-13,On-time,Agent-prepared,1704133.0,1576085.0,128048.0,29974.17,2317.89,27656.28,Paid
TR-7A0B103D,GR0000000294,2023,2024-06-18,On-time,Agent-prepared,1698053.0,1578456.0,119597.0,27995.91,2427.19,25568.72,Paid
TR-72E80385,GR0000000294,2024,2025-09-23,Extended,Self-prepared,1283373.0,1187137.0,96236.0,22527.44,1886.54,20640.91,Paid
TR-E59DB9BD,GR0000000295,2022,2023-06-12,On-time,Agent-prepared,135843.0,125407.0,10436.0,3015.66,254.69,2760.97,Paid
TR-8BA33E4F,GR0000000295,2023,2024-06-10,On-time,Agent-prepared,61799.0,58467.0,3332.0,962.84,102.85,859.99,Paid
TR-606E1C23,GR0000000295,2024,2025-06-25,On-time,Agent-prepared,87190.0,82532.0,4658.0,1346.01,121.93,1224.07,Paid
TR-25A9B95B,GR0000000296,2022,2023-06-11,On-time,Agent-prepared,1091789.0,989415.0,102374.0,21073.19,2495.13,18578.06,Paid
TR-C42435AE,GR0000000296,2023,2024-06-23,On-time,Self-prepared,1140050.0,1000629.0,139421.0,28699.13,3847.85,24851.29,Paid
TR-E9318376,GR0000000296,2024,2025-06-17,On-time,Agent-prepared,886658.0,826895.0,59763.0,12301.92,1551.93,10749.99,Paid
TR-544DBD97,GR0000000297,2022,2023-06-12,On-time,Agent-prepared,5547247.0,4352299.0,1194948.0,313118.1,33810.17,279307.94,Paid
TR-47A465AB,GR0000000297,2023,2024-06-18,On-time,Self-prepared,8442595.0,5851547.0,2591048.0,678945.06,82503.59,596441.47,Paid
TR-3632DEB4,GR0000000297,2024,2025-06-25,On-time,Agent-prepared,4138869.0,2777040.0,1361829.0,356846.75,38906.41,317940.35,Paid
TR-729714A0,GR0000000298,2022,2023-06-19,On-time,Agent-prepared,196955.0,145441.0,51514.0,12181.25,1286.14,10895.11,Paid
TR-C085DB79,GR0000000298,2023,2024-06-17,On-time,Agent-prepared,165469.0,128639.0,36830.0,8709.0,918.18,7790.82,Paid
TR-D8FEA218,GR0000000298,2024,2025-06-16,On-time,Agent-prepared,284706.0,211375.0,73331.0,17340.2,2009.05,15331.15,Paid
TR-E827AE11,GR0000000299,2022,2023-06-29,On-time,Self-prepared,141727.2,140309.93,1417.27,353.08,27.82,325.26,Unpaid
TR-DBB5B8D3,GR0000000299,2023,2024-06-27,On-time,Self-prepared,250580.75,248074.94,2505.81,624.26,51.21,573.05,Unpaid
TR-79051E20,GR0000000299,2024,2025-06-26,On-time,Self-prepared,190402.87,188498.84,1904.03,474.34,39.33,435.01,Unpaid
TR-7551E4D6,GR0000000300,2022,2023-06-16,On-time,Agent-prepared,95980792.0,84261755.0,11719037.0,2809868.56,559833.81,2250034.75,Paid
TR-BDE98BC6,GR0000000300,2023,2024-06-15,On-time,Self-prepared,83854558.0,73423464.0,10431094.0,2501059.01,514813.53,1986245.48,Paid
TR-A4540745,GR0000000300,2024,2025-06-16,On-time,Agent-prepared,70004698.0,58191779.0,11812919.0,2832378.61,519486.05,2312892.56,Paid
TR-B584221A,GR0000000301,2022,2023-06-20,On-time,Agent-prepared,18701508.45,18140463.2,561045.25,123358.99,25946.87,97412.12,Unpaid
TR-C1DED99C,GR0000000301,2023,2024-09-23,Extended,Agent-prepared,21446525.61,20399227.67,1047297.95,230273.08,46504.86,183768.22,Paid
TR-ED3A702F,GR0000000301,2024,2025-06-27,On-time,Agent-prepared,24106478.9,23383284.54,723194.37,159011.28,32871.26,126140.03,Paid
TR-7C5DD122,GR0000000302,2022,2023-06-17,On-time,Agent-prepared,1090896.0,776184.0,314712.0,87243.3,15878.87,71364.43,Paid
TR-332170FD,GR0000000302,2023,2024-06-20,On-time,Agent-prepared,1245507.0,960040.0,285467.0,79136.11,15750.0,63386.11,Paid
TR-1FA0B64F,GR0000000302,2024,2025-06-17,On-time,Agent-prepared,1235407.0,832326.0,403081.0,111740.63,21946.89,89793.74,Paid
TR-5379261E,GR0000000303,2022,2023-06-10,On-time,Agent-prepared,1896986.0,1480540.0,416446.0,92672.81,11767.47,80905.34,Partial
TR-9BA45DC4,GR0000000303,2023,2024-06-15,On-time,Agent-prepared,1668150.0,1335292.0,332858.0,74071.76,9266.15,64805.61,Paid
TR-4F5589DC,GR0000000303,2024,2025-06-16,On-time,Agent-prepared,2584120.0,2049637.0,534483.0,118939.89,14894.3,104045.59,Paid
TR-0C67F43E,GR0000000304,2022,2023-06-13,On-time,Agent-prepared,7986451.0,7365454.0,620997.0,130850.42,17974.12,112876.3,Paid
TR-408B0BD3,GR0000000304,2023,2024-06-15,On-time,Self-prepared,16480151.0,15555812.0,924339.0,194767.69,28994.8,165772.88,Paid
TR-B32C2A03,GR0000000304,2024,2025-06-17,On-time,Self-prepared,17563160.0,15887677.0,1675483.0,353041.42,55987.65,297053.77,Paid
TR-BD79F011,GR0000000305,2022,2023-07-24,Extended,Agent-prepared,3104350.0,2819869.0,284481.0,66741.31,7103.02,59638.3,Paid
TR-E940BF15,GR0000000305,2023,2024-06-21,On-time,Self-prepared,4443250.0,4142319.0,300931.0,70600.6,6943.26,63657.34,Partial
TR-241213A8,GR0000000305,2024,2025-06-14,On-time,Self-prepared,1849477.0,1675886.0,173591.0,40725.71,4401.11,36324.6,Paid
TR-8C455A84,GR0000000306,2022,2023-06-10,On-time,Agent-prepared,11693959.0,10684599.0,1009360.0,236581.07,27984.65,208596.42,Paid
TR-FA77377F,GR0000000306,2023,2024-06-14,On-time,Agent-prepared,14248932.0,12941180.0,1307752.0,306520.33,36252.14,270268.19,Paid
TR-6FF35A1F,GR0000000306,2024,2025-06-25,On-time,Agent-prepared,10697909.0,9569477.0,1128432.0,264490.02,31498.77,232991.25,Paid
TR-34D0716E,GR0000000307,2022,2023-06-15,On-time,Agent-prepared,70555984.0,45605199.0,24950785.0,6082332.9,683632.88,5398700.01,Paid
TR-E8A12279,GR0000000307,2023,2024-06-24,On-time,Agent-prepared,63045509.0,36198540.0,26846969.0,6544571.75,781080.29,5763491.46,Paid
TR-9BCA5E99,GR0000000307,2024,2025-06-25,On-time,Agent-prepared,60619558.0,40307166.0,20312392.0,4951616.95,644561.7,4307055.25,Paid
TR-2DEFF6A0,GR0000000308,2022,2023-06-28,On-time,Agent-prepared,6076760.18,6015992.58,60767.6,12076.84,3228.24,8848.6,Paid
TR-5110F96A,GR0000000308,2023,2024-06-30,On-time,Self-prepared,5594921.43,5538972.21,55949.21,11119.24,3088.34,8030.9,Unpaid
TR-75425920,GR0000000308,2024,2025-09-25,Extended,Agent-prepared,3499066.96,3464076.29,34990.67,6953.98,1960.6,4993.38,Partial
TR-40F7E83D,GR0000000309,2022,2023-06-18,On-time,Agent-prepared,19959587.0,16685125.0,3274462.0,610178.91,117247.09,492931.82,Paid
TR-F63335B0,GR0000000309,2023,2024-09-18,Extended,Agent-prepared,20893508.0,17704042.0,3189466.0,594340.35,106760.35,487580.0,Paid
TR-72CD3A3B,GR0000000309,2024,2025-06-10,On-time,Agent-prepared,14201791.0,12420181.0,1781610.0,331993.73,55354.52,276639.21,Paid
TR-0DC860B8,GR0000000310,2022,2023-08-26,Late,Self-prepared,273317.0,239164.0,34153.0,9019.28,776.87,8242.41,Paid
TR-B70260D8,GR0000000310,2023,2024-06-10,On-time,Self-prepared,340514.0,304600.0,35914.0,9484.33,868.2,8616.13,Paid
TR-5DDB714C,GR0000000310,2024,2025-06-19,On-time,Self-prepared,149802.0,127014.0,22788.0,6017.96,465.93,5552.02,Paid
TR-AF5DFBFA,GR0000000311,2022,2023-06-17,On-time,Agent-prepared,485500.0,451391.0,34109.0,9742.74,1013.42,8729.32,Paid
TR-F5FB7A5B,GR0000000311,2023,2024-06-17,On-time,Agent-prepared,442756.0,405780.0,36976.0,10561.65,926.49,9635.17,Paid
TR-F7573EFE,GR0000000311,2024,2025-06-25,On-time,Agent-prepared,437138.0,415281.1,21856.9,6243.1,644.65,5598.45,Paid
TR-FC82A4FC,GR0000000312,2022,2023-06-16,On-time,Agent-prepared,3072346.0,2276272.0,796074.0,216556.79,14619.36,201937.42,Paid
TR-A247ACF4,GR0000000312,2023,2024-06-20,On-time,Self-prepared,1628192.0,1265881.0,362311.0,98559.82,5842.46,92717.36,Partial
TR-C71ECBF3,GR0000000312,2024,2025-06-18,On-time,Agent-prepared,2285728.0,1816916.0,468812.0,127531.39,7152.84,120378.55,Paid
TR-82F8A7E5,GR0000000313,2022,2023-06-18,On-time,Agent-prepared,2130267.0,1565167.0,565100.0,138544.58,14219.36,124325.22,Paid
TR-5D4B4CC3,GR0000000313,2023,2024-06-23,On-time,Agent-prepared,1748842.0,1312523.0,436319.0,106971.57,9958.14,97013.43,Paid
TR-C35BD68B,GR0000000313,2024,2025-06-20,On-time,Agent-prepared,1181453.0,773736.0,407717.0,99959.27,9130.37,90828.89,Paid
TR-9F7EDB11,GR0000000314,2022,2023-06-11,On-time,Agent-prepared,562582.0,511298.0,51284.0,11062.7,1273.14,9789.56,Paid
TR-E846C481,GR0000000314,2023,2024-08-24,Extended,Self-prepared,707553.0,633165.0,74388.0,16046.57,1838.71,14207.86,Paid
TR-C896B2B6,GR0000000314,2024,2025-06-21,On-time,Agent-prepared,852076.0,736945.0,115131.0,24835.43,2853.42,21982.01,Paid
TR-91E3E503,GR0000000315,2022,2023-06-26,On-time,Self-prepared,30950991.04,30022461.31,928529.73,205201.76,47857.9,157343.85,Paid
TR-489E2100,GR0000000315,2023,2024-06-23,On-time,Agent-prepared,24149079.48,23424607.09,724472.38,160105.81,35644.49,124461.32,Paid
TR-D00A0F4A,GR0000000315,2024,2025-06-25,On-time,Agent-prepared,20354945.7,19744297.33,610648.37,134951.11,33105.78,101845.33,Partial
TR-8BDAD6A9,GR0000000316,2022,2023-06-25,On-time,Self-prepared,895038.0,792788.0,102250.0,22710.8,2090.6,20620.2,Paid
TR-331AF924,GR0000000316,2023,2024-06-10,On-time,Agent-prepared,1593056.0,1334899.0,258157.0,57339.39,5675.97,51663.41,Paid
TR-1036B8AE,GR0000000316,2024,2025-08-28,Extended,Agent-prepared,990750.0,856653.0,134097.0,29784.35,3017.37,26766.98,Paid
TR-20FB0433,GR0000000317,2022,2023-06-16,On-time,Self-prepared,53331.0,50482.0,2849.0,732.12,80.26,651.87,Paid
TR-2737A4AD,GR0000000317,2023,2024-06-14,On-time,Agent-prepared,55878.0,53045.0,2833.0,728.01,75.31,652.7,Paid
TR-9BB843C1,GR0000000317,2024,2025-06-24,On-time,Agent-prepared,64680.0,60092.0,4588.0,1179.0,135.81,1043.19,Paid
TR-2B3D1248,GR0000000318,2022,2023-06-17,On-time,Agent-prepared,2870663.0,2649713.0,220950.0,56539.11,6252.0,50287.11,Paid
TR-349C5D48,GR0000000318,2023,2024-06-16,On-time,Agent-prepared,2897607.0,2614417.0,283190.0,72465.77,8772.11,63693.66,Paid
TR-BAB247CB,GR0000000318,2024,2025-06-18,On-time,Agent-prepared,2618776.0,2419141.0,199635.0,51084.79,5647.79,45437.0,Paid
TR-41C63FE4,GR0000000319,2022,2023-06-19,On-time,Agent-prepared,17249562.0,15021899.0,2227663.0,477243.33,76301.5,400941.84,Paid
TR-87258A7B,GR0000000319,2023,2024-06-20,On-time,Agent-prepared,12892901.0,12037127.0,855774.0,183336.72,26598.69,156738.04,Paid
TR-F67DB9E8,GR0000000319,2024,2025-06-14,On-time,Self-prepared,14193032.0,12302950.0,1890082.0,404921.68,62209.33,342712.35,Partial
TR-38318D61,GR0000000320,2022,2023-06-29,On-time,Agent-prepared,284431.3,275898.36,8532.94,2181.38,192.78,1988.6,Paid
TR-DDB52C1D,GR0000000320,2023,2024-06-29,On-time,Self-prepared,307252.43,298034.86,9217.57,2356.4,219.76,2136.64,Paid
TR-393D1E34,GR0000000320,2024,2025-06-21,On-time,Self-prepared,301867.13,292811.11,9056.01,2315.1,203.71,2111.39,Paid
TR-D9614D2E,GR0000000321,2024,2025-06-20,On-time,Agent-prepared,161383.73,156542.22,4841.51,1171.82,91.63,1080.19,Paid
TR-3732BA93,GR0000000322,2022,2023-06-20,On-time,Agent-prepared,2919426.0,2325171.0,594255.0,172264.28,22138.34,150125.93,Paid
TR-CEEA8A5F,GR0000000322,2023,2024-06-13,On-time,Self-prepared,3625131.0,2738838.0,886293.0,256921.06,32940.49,223980.57,Partial
TR-84D3FA29,GR0000000322,2024,2025-06-15,On-time,Agent-prepared,3181531.0,2483415.0,698116.0,202371.79,21812.67,180559.12,Paid
TR-983F2195,GR0000000323,2022,2023-06-28,On-time,Self-prepared,4870548.32,4724431.87,146116.45,37792.04,7384.48,30407.55,Paid
TR-04305D28,GR0000000323,2023,2024-07-21,Extended,Agent-prepared,5448467.2,5285013.18,163454.02,42276.28,8533.03,33743.25,Paid
TR-B919701F,GR0000000323,2024,2025-08-16,Extended,Self-prepared,3385699.22,3284128.24,101570.98,26270.65,5290.17,20980.48,Partial
TR-997762B7,GR0000000324,2022,2023-06-15,On-time,Agent-prepared,2804293.0,1987065.0,817228.0,202024.67,40685.63,161339.04,Paid
TR-8F649C2D,GR0000000324,2023,2024-06-10,On-time,Agent-prepared,2131802.0,1321227.0,810575.0,200380.0,32863.13,167516.87,Paid
TR-25793F01,GR0000000324,2024,2025-06-15,On-time,Agent-prepared,2711101.0,2060726.0,650375.0,160777.4,27058.01,133719.4,Paid
TR-3F77C352,GR0000000325,2023,2024-06-21,On-time,Agent-prepared,433278.0,377955.0,55323.0,13502.15,2287.53,11214.62,Paid
TR-9B2849F0,GR0000000325,2024,2025-06-14,On-time,Agent-prepared,821792.0,713000.0,108792.0,26551.81,4789.08,21762.73,Paid
TR-419460E2,GR0000000326,2022,2023-06-13,On-time,Agent-prepared,1408343.0,1219207.0,189136.0,43190.23,3968.01,39222.22,Paid
TR-255305BC,GR0000000326,2023,2024-06-21,On-time,Agent-prepared,1599734.0,1409279.0,190455.0,43491.43,3939.76,39551.67,Paid
TR-0AAB99EB,GR0000000326,2024,2025-06-11,On-time,Agent-prepared,1492531.0,1307830.0,184701.0,42177.47,4428.23,37749.25,Paid
TR-7C5C361F,GR0000000327,2022,2023-06-25,On-time,Agent-prepared,317539.0,232345.0,85194.0,24624.52,1455.07,23169.45,Paid
TR-50CA5049,GR0000000327,2023,2024-06-17,On-time,Agent-prepared,525083.0,401798.0,123285.0,35634.36,2540.18,33094.18,Paid
TR-E669BB70,GR0000000327,2024,2025-06-23,On-time,Agent-prepared,603104.0,476088.0,127016.0,36712.77,2561.64,34151.14,Paid
TR-E938ABAC,GR0000000328,2022,2023-06-20,On-time,Agent-prepared,5611005.0,4892063.0,718942.0,180717.18,29999.59,150717.59,Paid
TR-ED8AA5AE,GR0000000328,2023,2024-06-12,On-time,Self-prepared,5452883.0,4809337.0,643546.0,161765.23,29602.7,132162.53,Paid
TR-AEB1F524,GR0000000328,2024,2025-06-17,On-time,Agent-prepared,3861196.0,3356397.0,504799.0,126889.03,22972.27,103916.76,Paid
TR-06E62856,GR0000000329,2022,2023-06-19,On-time,Agent-prepared,83334.0,74906.0,8428.0,2413.74,229.05,2184.69,Paid
TR-F4F58156,GR0000000329,2023,2024-06-18,On-time,Agent-prepared,109180.0,98606.0,10574.0,3028.34,326.33,2702.01,Paid
TR-BDCA2708,GR0000000329,2024,2025-06-16,On-time,Agent-prepared,153808.0,138334.0,15474.0,4431.68,471.6,3960.08,Paid
TR-D0DACAB0,GR0000000330,2022,2023-06-19,On-time,Agent-prepared,355682.0,320923.0,34759.0,10291.6,1151.58,9140.02,Paid
TR-B373C793,GR0000000330,2023,2024-06-17,On-time,Self-prepared,75427.0,69454.0,5973.0,1768.51,200.17,1568.34,Paid
TR-651EBB10,GR0000000330,2024,2025-06-20,On-time,Agent-prepared,182185.0,169300.0,12885.0,3815.05,354.37,3460.67,Paid
TR-6919AF7B,GR0000000331,2022,2023-06-12,On-time,Self-prepared,87255.0,82244.0,5011.0,1437.44,109.88,1327.56,Paid
TR-2E048B10,GR0000000331,2023,2024-06-22,On-time,Agent-prepared,73162.0,69503.9,3658.1,1049.35,82.1,967.25,Paid
TR-AD56B253,GR0000000331,2024,2025-06-12,On-time,Agent-prepared,52747.0,47638.0,5109.0,1465.55,116.9,1348.65,Paid
TR-196205EE,GR0000000332,2022,2023-06-10,On-time,Self-prepared,20099223.0,17170267.0,2928956.0,644097.36,93320.78,550776.58,Paid
TR-DC14EC3E,GR0000000332,2023,2024-06-22,On-time,Agent-prepared,29365030.0,26120409.0,3244621.0,713514.24,98117.65,615396.59,Paid
TR-12DA7295,GR0000000332,2024,2025-06-13,On-time,Self-prepared,43872540.0,39058890.0,4813650.0,1058554.4,184968.79,873585.61,Paid
TR-BA836C59,GR0000000333,2022,2023-06-16,On-time,Agent-prepared,608424.0,532310.0,76114.0,18601.26,3268.69,15332.57,Paid
TR-5D44580D,GR0000000333,2023,2024-06-13,On-time,Agent-prepared,758371.0,660085.0,98286.0,24019.8,4121.6,19898.2,Paid
TR-6B611302,GR0000000333,2024,2025-06-23,On-time,Self-prepared,465246.0,416266.0,48980.0,11970.07,2212.27,9757.79,Paid
TR-F8869500,GR0000000334,2022,2023-06-17,On-time,Agent-prepared,101415.0,89304.0,12111.0,3560.42,332.7,3227.73,Paid
TR-8E048509,GR0000000334,2023,2024-06-18,On-time,Self-prepared,53778.0,48427.0,5351.0,1573.1,127.79,1445.31,Paid
TR-58A07102,GR0000000334,2024,2025-06-19,On-time,Agent-prepared,67803.0,59545.0,8258.0,2427.71,211.86,2215.84,Paid
TR-7F2C1ACE,GR0000000335,2022,2023-06-20,On-time,Agent-prepared,86517.0,77918.0,8599.0,1991.22,178.01,1813.21,Paid
TR-BA11FD4C,GR0000000335,2023,2024-06-21,On-time,Agent-prepared,90305.0,85546.0,4759.0,1102.01,86.7,1015.31,Paid
TR-8C7765EB,GR0000000335,2024,2025-06-15,On-time,Agent-prepared,65457.0,61149.0,4308.0,997.58,79.09,918.49,Paid
TR-885EACBF,GR0000000336,2023,2024-06-12,On-time,Agent-prepared,428994.0,390335.0,38659.0,8524.55,704.57,7819.97,Paid
TR-B725AC60,GR0000000336,2024,2025-06-18,On-time,Agent-prepared,587614.0,542698.0,44916.0,9904.25,918.01,8986.24,Paid
TR-53E26B07,GR0000000337,2022,2023-06-11,On-time,Agent-prepared,1022609.0,688262.0,334347.0,78955.62,9514.93,69440.69,Paid
TR-5B891A54,GR0000000337,2023,2024-06-21,On-time,Self-prepared,466002.0,371563.0,94439.0,22301.65,2618.21,19683.44,Paid
TR-0D5D3121,GR0000000337,2024,2025-06-11,On-time,Agent-prepared,578850.0,436492.0,142358.0,33617.66,4469.75,29147.92,Paid
TR-027EA536,GR0000000338,2022,2023-06-19,On-time,Self-prepared,666735.0,587765.0,78970.0,16486.0,1794.05,14691.94,Paid
TR-60E18D0A,GR0000000338,2023,2024-06-12,On-time,Self-prepared,664487.0,589811.0,74676.0,15589.57,1839.47,13750.1,Paid
TR-FCE9304B,GR0000000338,2024,2025-06-22,On-time,Agent-prepared,573176.0,527549.0,45627.0,9525.22,1063.41,8461.81,Paid
TR-3739DAE6,GR0000000339,2022,2023-06-14,On-time,Agent-prepared,232751.0,216494.0,16257.0,3760.23,428.04,3332.19,Paid
TR-00B8A2FF,GR0000000339,2023,2024-06-14,On-time,Agent-prepared,453536.0,415347.0,38189.0,8833.08,898.77,7934.3,Paid
TR-87D59464,GR0000000339,2024,2025-06-17,On-time,Agent-prepared,435528.0,388228.0,47300.0,10940.44,1042.16,9898.28,Paid
TR-7C75E16F,GR0000000340,2022,2023-06-25,On-time,Agent-prepared,13060447.0,11904555.0,1155892.0,268166.63,46875.43,221291.21,Paid
TR-B20580F8,GR0000000340,2023,2024-06-25,On-time,Agent-prepared,12749369.0,11305064.0,1444305.0,335078.37,50964.18,284114.19,Paid
TR-5B63FACC,GR0000000340,2024,2025-06-17,On-time,Agent-prepared,6430173.0,5577012.0,853161.0,197933.12,29354.59,168578.54,Paid
TR-B6E43B71,GR0000000341,2024,2025-06-24,On-time,Agent-prepared,1849654.0,1706786.0,142868.0,38086.44,3267.25,34819.19,Paid
TR-3382366E,GR0000000342,2022,2023-06-14,On-time,Agent-prepared,398036.0,372160.0,25876.0,5942.75,556.41,5386.34,Paid
TR-B16EE52D,GR0000000342,2023,2024-06-21,On-time,Agent-prepared,221697.0,198339.0,23358.0,5364.46,561.7,4802.76,Paid
TR-DC7E1D76,GR0000000342,2024,2025-06-12,On-time,Agent-prepared,218177.0,196125.0,22052.0,5064.52,526.69,4537.83,Paid
TR-11484BC9,GR0000000343,2022,2023-06-22,On-time,Agent-prepared,11498583.0,8137857.0,3360726.0,789783.88,55033.48,734750.4,Paid
TR-34BE7512,GR0000000343,2023,2024-06-24,On-time,Agent-prepared,11096340.0,7936881.0,3159459.0,742485.34,43005.03,699480.31,Paid
TR-76E04AE9,GR0000000343,2024,2025-06-12,On-time,Agent-prepared,7201669.0,5070627.0,2131042.0,500803.28,30390.14,470413.15,Paid
TR-CCF2DDD1,GR0000000344,2022,2023-08-28,Extended,Self-prepared,140016.45,135815.95,4200.49,1050.55,102.26,948.29,Paid
TR-42742AC7,GR0000000344,2023,2024-06-25,On-time,Agent-prepared,108704.62,105377.58,3327.04,832.1,84.3,747.8,Paid
TR-B37440D3,GR0000000344,2024,2025-06-20,On-time,Agent-prepared,98286.63,95338.03,2948.6,737.45,69.57,667.89,Paid
TR-43EDC294,GR0000000345,2022,2023-06-22,On-time,Self-prepared,13306047.0,12225385.0,1080662.0,282758.17,39159.49,243598.68,Paid
TR-549DE174,GR0000000345,2023,2024-06-20,On-time,Agent-prepared,16936237.0,15246646.0,1689591.0,442086.11,69208.5,372877.61,Paid
TR-9034A8DD,GR0000000345,2024,2025-06-14,On-time,Agent-prepared,12844404.0,11769089.0,1075315.0,281359.11,45058.08,236301.03,Paid
TR-35CBB02E,GR0000000346,2023,2024-06-15,On-time,Agent-prepared,2374492.0,2177520.0,196972.0,48218.84,5802.64,42416.2,Paid
TR-53973194,GR0000000346,2024,2025-07-28,Late,Self-prepared,1812811.0,1577742.0,235069.0,57545.0,7382.45,50162.56,Paid
TR-7E09EAC7,GR0000000347,2022,2023-06-20,On-time,Agent-prepared,2280847.0,2099284.0,181563.0,45031.23,5258.49,39772.74,Paid
TR-BFC49567,GR0000000347,2023,2024-06-14,On-time,Agent-prepared,2124435.0,1856886.0,267549.0,66357.46,7099.0,59258.47,Paid
TR-78A53535,GR0000000347,2024,2025-06-25,On-time,Agent-prepared,1284795.0,1142388.0,142407.0,35319.76,3883.37,31436.39,Paid
TR-D35AF807,GR0000000348,2022,2023-06-14,On-time,Agent-prepared,1526770.0,1434962.0,91808.0,26603.51,2995.69,23607.82,Paid
TR-A5FF8F41,GR0000000348,2023,2024-06-21,On-time,Agent-prepared,1014944.0,912023.0,102921.0,29823.76,3475.04,26348.72,Paid
TR-4AD04A8D,GR0000000348,2024,2025-06-21,On-time,Agent-prepared,2259938.0,2062820.0,197118.0,57119.53,5527.89,51591.64,Paid
TR-64464CA5,GR0000000349,2022,2023-06-23,On-time,Agent-prepared,2683663.0,2481781.0,201882.0,51032.7,4836.75,46195.95,Paid
TR-2B7BCAA7,GR0000000349,2023,2024-06-10,On-time,Agent-prepared,6090169.0,5785660.55,304508.45,76975.1,8179.82,68795.28,Paid
TR-9193F6E7,GR0000000349,2024,2025-06-13,On-time,Agent-prepared,6755247.0,6399840.0,355407.0,89841.48,8885.51,80955.97,Paid
TR-11FA3BEF,GR0000000350,2022,2023-06-10,On-time,Agent-prepared,941966.0,865199.0,76767.0,20818.86,3089.01,17729.85,Paid
TR-8AB095C3,GR0000000350,2023,2024-06-22,On-time,Agent-prepared,588761.0,535772.0,52989.0,14370.37,2171.6,12198.77,Paid
TR-BF0A9CFC,GR0000000350,2024,2025-06-14,On-time,Agent-prepared,832815.0,783446.0,49369.0,13388.65,2062.23,11326.42,Paid
TR-B0C17391,GR0000000351,2022,2023-06-14,On-time,Agent-prepared,849977.0,710081.0,139896.0,40378.98,3568.17,36810.81,Partial
TR-7E43D35C,GR0000000351,2023,2024-06-14,On-time,Agent-prepared,661656.0,513464.0,148192.0,42773.5,3710.3,39063.21,Partial
TR-C1B26000,GR0000000351,2024,2025-06-18,On-time,Agent-prepared,919388.0,783097.0,136291.0,39338.45,3866.48,35471.97,Paid
TR-EB486EDC,GR0000000352,2022,2023-06-12,On-time,Agent-prepared,4189413.0,3365881.0,823532.0,239707.1,26553.81,213153.29,Paid
TR-993BC314,GR0000000352,2023,2024-06-22,On-time,Agent-prepared,4071424.0,2958745.0,1112679.0,323869.7,41300.46,282569.24,Paid
TR-1E845843,GR0000000352,2024,2025-06-14,On-time,Agent-prepared,6198266.0,4504535.0,1693731.0,492997.67,58291.7,434705.96,Partial
TR-9095CE8A,GR0000000353,2022,2023-06-16,On-time,Agent-prepared,35158376.0,32749494.0,2408882.0,500575.63,79733.07,420842.56,Paid
TR-97F49584,GR0000000353,2023,2024-06-23,On-time,Agent-prepared,39368801.0,36783790.0,2585011.0,537175.96,82799.55,454376.41,Paid
TR-88C9A44C,GR0000000353,2024,2025-06-17,On-time,Agent-prepared,47120883.0,44764838.85,2356044.15,489595.71,63478.18,426117.53,Paid
TR-E5E769AA,GR0000000354,2022,2023-06-14,On-time,Agent-prepared,9867417.0,9026663.0,840754.0,169317.85,35327.16,133990.68,Paid
TR-2ACDC901,GR0000000354,2023,2024-06-15,On-time,Agent-prepared,13401799.0,12387498.0,1014301.0,204268.15,38181.94,166086.21,Partial
TR-52F719B5,GR0000000354,2024,2025-06-19,On-time,Self-prepared,8229116.0,7706151.0,522965.0,105318.92,21392.36,83926.57,Paid
TR-AD7C3A63,GR0000000355,2022,2023-06-15,On-time,Agent-prepared,8296188.0,5859961.0,2436227.0,518265.44,90242.93,428022.5,Paid
TR-F604BBF2,GR0000000355,2023,2024-06-15,On-time,Agent-prepared,7735618.0,5582080.0,2153538.0,458128.21,73157.6,384970.6,Paid
TR-8E34AB5B,GR0000000355,2024,2025-06-13,On-time,Agent-prepared,6963855.0,5030644.0,1933211.0,411257.42,72459.86,338797.57,Paid
TR-3D50CA4B,GR0000000356,2022,2023-07-15,Extended,Self-prepared,55123.0,51388.0,3735.0,1015.89,83.59,932.3,Paid
TR-558D607D,GR0000000356,2023,2024-06-25,On-time,Agent-prepared,76541.0,70834.0,5707.0,1552.26,140.28,1411.98,Paid
TR-AA8DCAB2,GR0000000356,2024,2025-06-25,On-time,Agent-prepared,81521.0,72969.0,8552.0,2326.08,217.04,2109.03,Paid
TR-E97F48A4,GR0000000357,2023,2024-06-29,On-time,Self-prepared,1767087.51,1621308.4,145779.11,34217.76,2667.16,31550.6,Paid
TR-82657957,GR0000000357,2024,2025-06-20,On-time,Agent-prepared,583373.21,447500.52,135872.69,31892.49,2463.23,29429.26,Paid
TR-BD850025,GR0000000358,2024,2025-06-23,On-time,Agent-prepared,10938671.0,7956966.0,2981705.0,838404.62,104645.2,733759.42,Paid
TR-56B42159,GR0000000359,2022,2023-06-15,On-time,Agent-prepared,1125694.0,803633.0,322061.0,66809.43,12799.34,54010.1,Partial
TR-4AED2FBF,GR0000000359,2023,2024-06-19,On-time,Agent-prepared,701920.0,417702.0,284218.0,58959.15,10494.61,48464.54,Paid
TR-56E84DC4,GR0000000359,2024,2025-06-21,On-time,Agent-prepared,837091.0,628984.0,208107.0,43170.43,8624.11,34546.32,Paid
TR-87D62C20,GR0000000360,2022,2023-06-20,On-time,Self-prepared,489287.0,333988.0,155299.0,45593.56,5368.7,40224.86,Paid
TR-20E660DA,GR0000000360,2023,2024-06-16,On-time,Agent-prepared,509882.0,341670.0,168212.0,49384.63,6537.65,42846.98,Paid
TR-0ED6A226,GR0000000360,2024,2025-06-15,On-time,Agent-prepared,708949.0,523472.0,185477.0,54453.38,6403.38,48050.0,Paid
TR-CE00A5F6,GR0000000361,2024,2025-06-11,On-time,Agent-prepared,22124777.0,20439871.0,1684906.0,460032.58,74836.33,385196.25,Paid
TR-00246CA6,GR0000000362,2022,2023-06-22,On-time,Agent-prepared,592404.0,559518.0,32886.0,9253.54,943.45,8310.09,Paid
TR-C5287407,GR0000000362,2023,2024-06-18,On-time,Agent-prepared,870658.0,827125.1,43532.9,12249.39,1373.5,10875.88,Paid
TR-53ACAFE3,GR0000000362,2024,2025-06-10,On-time,Agent-prepared,836541.0,768567.0,67974.0,19126.68,2205.12,16921.56,Paid
TR-2BF532FE,GR0000000363,2022,2023-06-29,On-time,Agent-prepared,44555372.9,39817317.22,4738055.69,1222616.12,255961.29,966654.83,Paid
TR-C6876B66,GR0000000363,2023,2024-08-25,Late,Agent-prepared,49732854.73,42810251.99,6922602.74,1786320.43,423553.59,1362766.84,Paid
TR-7F7F6691,GR0000000363,2024,2025-07-17,Extended,Self-prepared,28500366.54,27645355.55,855011.0,220628.52,46781.62,173846.9,Paid
TR-339D9B47,GR0000000364,2022,2023-07-28,Extended,Self-prepared,702383.03,681311.54,21071.49,5957.41,626.96,5330.45,Partial
TR-995346C9,GR0000000364,2023,2024-06-21,On-time,Agent-prepared,620237.66,601630.53,18607.13,5260.68,537.57,4723.11,Partial
TR-F8DB86AF,GR0000000364,2024,2025-06-27,On-time,Self-prepared,797237.22,773320.1,23917.12,6761.93,723.49,6038.44,Paid
TR-B91DCA3A,GR0000000365,2022,2023-06-25,On-time,Agent-prepared,582222.0,452468.0,129754.0,35569.55,3898.18,31671.36,Paid
TR-3B5F2F43,GR0000000365,2023,2024-06-11,On-time,Self-prepared,429456.0,306470.0,122986.0,33714.23,4505.61,29208.62,Paid
TR-7261ADFB,GR0000000365,2024,2025-06-17,On-time,Agent-prepared,216093.0,165730.0,50363.0,13806.04,1707.63,12098.41,Paid
TR-0A4D12D9,GR0000000366,2022,2023-06-13,On-time,Self-prepared,4140432.0,3816433.0,323999.0,66586.36,11417.28,55169.08,Paid
TR-D0F98CD3,GR0000000366,2023,2024-06-19,On-time,Agent-prepared,1765948.0,1626969.0,138979.0,28562.14,4742.75,23819.39,Paid
TR-9FE37DA6,GR0000000366,2024,2025-06-20,On-time,Agent-prepared,2599375.0,2293407.0,305968.0,62880.74,9839.88,53040.85,Paid
TR-08D36186,GR0000000367,2022,2023-06-25,On-time,Agent-prepared,892844.0,823658.0,69186.0,14028.24,1678.83,12349.41,Paid
TR-BDEC6D90,GR0000000367,2023,2024-06-13,On-time,Agent-prepared,747802.0,673527.0,74275.0,15060.09,1606.91,13453.17,Paid
TR-4F378530,GR0000000367,2024,2025-06-21,On-time,Agent-prepared,775823.0,715951.0,59872.0,12139.72,1413.85,10725.86,Paid
TR-45912D76,GR0000000368,2022,2023-06-20,On-time,Agent-prepared,58479231.95,56724854.99,1754376.96,469648.66,82463.46,387185.2,Paid
TR-356DCB19,GR0000000368,2023,2024-06-27,On-time,Agent-prepared,22536897.36,21860790.44,676106.92,180994.57,35838.73,145155.84,Paid
TR-3ED4C748,GR0000000368,2024,2025-06-28,On-time,Agent-prepared,30847805.86,29922371.69,925434.18,247739.75,45717.85,202021.9,Paid
TR-70010D4D,GR0000000369,2022,2023-06-21,On-time,Agent-prepared,7478884.0,6859115.0,619769.0,162134.12,18059.5,144074.61,Paid
TR-60E1F41C,GR0000000369,2023,2024-06-10,On-time,Agent-prepared,7633630.0,6929248.0,704382.0,184269.22,17929.67,166339.55,Paid
TR-9B70C037,GR0000000369,2024,2025-06-24,On-time,Self-prepared,5484177.0,4991161.0,493016.0,128975.01,12641.87,116333.14,Paid
TR-4E10BCB1,GR0000000370,2022,2023-06-19,On-time,Agent-prepared,1558447.0,1416622.0,141825.0,32611.38,2848.38,29762.99,Paid
TR-847357CF,GR0000000370,2023,2024-06-14,On-time,Agent-prepared,832835.0,780301.0,52534.0,12079.72,1082.38,10997.33,Paid
TR-EC091788,GR0000000370,2024,2025-06-13,On-time,Agent-prepared,1127693.0,1005353.0,122340.0,28130.98,1996.09,26134.89,Paid
TR-62539F68,GR0000000371,2022,2023-06-27,On-time,Agent-prepared,48892963.39,47426174.49,1466788.9,309593.07,76719.51,232873.56,Paid
TR-9302EF0B,GR0000000371,2023,2024-06-28,On-time,Self-prepared,84498045.97,81963104.59,2534941.38,535046.51,121901.3,413145.21,Paid
TR-C280360B,GR0000000371,2024,2025-06-21,On-time,Agent-prepared,41612799.9,40364415.9,1248384.0,263494.65,60895.45,202599.21,Partial
TR-47806DCE,GR0000000372,2022,2023-06-25,On-time,Agent-prepared,4032222.0,3750929.0,281293.0,58896.32,7497.94,51398.38,Paid
TR-3DE03257,GR0000000372,2023,2024-06-14,On-time,Agent-prepared,5137512.0,4668236.0,469276.0,98255.66,14106.63,84149.03,Paid
TR-C372F721,GR0000000372,2024,2025-06-17,On-time,Agent-prepared,8260701.0,7335922.0,924779.0,193627.57,24662.53,168965.04,Paid
TR-83BE4FBA,GR0000000373,2022,2023-06-24,On-time,Agent-prepared,1683465.0,1469664.0,213801.0,43342.38,6815.26,36527.12,Paid
TR-AFCB5D74,GR0000000373,2023,2024-06-12,On-time,Agent-prepared,1173636.0,1034437.0,139199.0,28218.84,5318.68,22900.16,Paid
TR-3D14CF8B,GR0000000373,2024,2025-06-16,On-time,Agent-prepared,769731.0,682325.0,87406.0,17719.21,2713.35,15005.86,Paid
TR-DC0F8CC4,GR0000000374,2022,2023-06-10,On-time,Self-prepared,434114.0,358874.0,75240.0,18548.84,2070.93,16477.91,Paid
TR-B28ECA10,GR0000000374,2023,2024-06-10,On-time,Agent-prepared,244996.0,189262.0,55734.0,13740.04,1703.09,12036.95,Paid
TR-ABA8C67D,GR0000000374,2024,2025-06-20,On-time,Agent-prepared,531843.0,376276.0,155567.0,38351.77,4273.59,34078.18,Paid
TR-5A31B4D7,GR0000000375,2022,2023-06-23,On-time,Agent-prepared,4383753.0,3190523.0,1193230.0,284820.46,20193.09,264627.37,Paid
TR-C3F68E59,GR0000000375,2023,2024-06-11,On-time,Agent-prepared,4522617.0,3516839.0,1005778.0,240076.22,13680.46,226395.76,Partial
TR-14E1D8F0,GR0000000375,2024,2025-06-19,On-time,Agent-prepared,3053354.0,2093571.0,959783.0,229097.35,13848.39,215248.96,Paid
TR-F889AC4B,GR0000000376,2022,2023-06-11,On-time,Agent-prepared,159874.0,146573.0,13301.0,3641.58,453.55,3188.04,Paid
TR-DE8722ED,GR0000000376,2023,2024-06-11,On-time,Agent-prepared,206288.0,193898.0,12390.0,3392.17,411.54,2980.63,Paid
TR-376F16E2,GR0000000376,2024,2025-06-24,On-time,Agent-prepared,133161.0,121681.0,11480.0,3143.03,346.4,2796.63,Paid
TR-A2C1B725,GR0000000377,2022,2023-06-28,On-time,Agent-prepared,804845.5,780700.14,24145.37,5293.93,672.43,4621.5,Paid
TR-6690D7B5,GR0000000377,2023,2024-06-22,On-time,Agent-prepared,841573.34,816326.14,25247.2,5535.51,653.56,4881.95,Paid
TR-61C81843,GR0000000377,2024,2025-06-28,On-time,Self-prepared,373398.16,362196.22,11201.94,2456.05,285.05,2171.0,Paid
TR-D3E0F913,GR0000000378,2022,2023-06-26,On-time,Agent-prepared,3784258.71,3670730.95,113527.76,25182.56,2723.21,22459.36,Paid
TR-41F79785,GR0000000378,2023,2024-06-24,On-time,Agent-prepared,4242870.57,4115584.45,127286.12,28234.42,3199.36,25035.06,Paid
TR-FB51530A,GR0000000378,2024,2025-09-17,Extended,Agent-prepared,1649802.44,1600308.37,49494.07,10978.7,1140.21,9838.49,Paid
TR-B8FBA7C5,GR0000000379,2022,2023-06-28,On-time,Self-prepared,4925488.44,4777723.79,147764.65,29921.85,5701.41,24220.44,Paid
TR-B491C17D,GR0000000379,2023,2024-06-27,On-time,Agent-prepared,6838328.1,6633178.25,205149.84,41542.17,7717.34,33824.83,Unpaid
TR-2B2412E0,GR0000000379,2024,2025-07-18,Extended,Agent-prepared,3464514.15,3313352.16,151161.99,30609.8,5825.2,24784.6,Paid
TR-70C214C9,GR0000000380,2022,2023-06-15,On-time,Agent-prepared,2725502.0,2126231.0,599271.0,164052.21,28286.85,135765.36,Paid
TR-DF6B4F8F,GR0000000380,2023,2024-06-23,On-time,Agent-prepared,2783491.0,1895156.0,888335.0,243184.33,49103.26,194081.07,Paid
TR-B56A3CAA,GR0000000380,2024,2025-06-19,On-time,Agent-prepared,2161620.0,1453699.0,707921.0,193795.47,37325.35,156470.12,Paid
TR-34FB2A38,GR0000000381,2022,2023-06-14,On-time,Self-prepared,1643972.0,1529222.0,114750.0,27350.82,4273.29,23077.53,Partial
TR-D23B7512,GR0000000381,2023,2024-06-11,On-time,Agent-prepared,573555.0,524284.0,49271.0,11743.81,1768.36,9975.45,Paid
TR-B3329FA5,GR0000000381,2024,2025-06-23,On-time,Agent-prepared,895641.0,812799.0,82842.0,19745.5,3431.58,16313.92,Paid
TR-E018A3AB,GR0000000382,2022,2023-06-20,On-time,Agent-prepared,1962325.0,1793785.0,168540.0,37843.2,3345.87,34497.34,Paid
TR-64D61CD3,GR0000000382,2023,2024-06-20,On-time,Agent-prepared,1962562.0,1747242.0,215320.0,48346.97,3844.52,44502.45,Paid
TR-F071E1CB,GR0000000382,2024,2025-06-20,On-time,Agent-prepared,842323.0,796185.0,46138.0,10359.62,821.56,9538.06,Paid
TR-F575030A,GR0000000383,2022,2023-06-22,On-time,Agent-prepared,907972.0,815570.0,92402.0,22296.19,2695.13,19601.06,Paid
TR-DDA6B3C3,GR0000000383,2023,2024-06-14,On-time,Agent-prepared,1109389.0,1016067.0,93322.0,22518.18,2248.61,20269.57,Paid
TR-9C3BA670,GR0000000383,2024,2025-06-22,On-time,Agent-prepared,962066.0,884467.0,77599.0,18724.29,2216.49,16507.8,Paid
TR-06105837,GR0000000384,2022,2023-09-24,Extended,Self-prepared,947352.0,849230.0,98122.0,26646.14,2155.83,24490.31,Partial
TR-4D3025D9,GR0000000384,2023,2024-06-10,On-time,Self-prepared,1407236.0,1254724.0,152512.0,41416.36,4009.13,37407.23,Paid
TR-5D699879,GR0000000384,2024,2025-06-13,On-time,Agent-prepared,1018772.0,914656.0,104116.0,28273.88,2292.19,25981.69,Paid
TR-7307CE36,GR0000000385,2022,2023-06-14,On-time,Agent-prepared,236807.0,194679.0,42128.0,12387.58,1094.68,11292.9,Paid
TR-F9A0B735,GR0000000385,2023,2024-06-24,On-time,Agent-prepared,333572.0,272659.0,60913.0,17911.24,1917.83,15993.4,Paid
TR-9011B243,GR0000000385,2024,2025-06-25,On-time,Agent-prepared,130024.0,113342.0,16682.0,4905.28,460.62,4444.66,Paid
TR-705DE6C0,GR0000000386,2022,2023-06-22,On-time,Agent-prepared,102113403.0,68343599.0,33769804.0,8178912.16,1835471.81,6343440.35,Paid
TR-08425F14,GR0000000386,2023,2024-06-25,On-time,Agent-prepared,80004833.0,47850297.0,32154536.0,7787700.68,1993419.84,5794280.84,Paid
TR-4E3C2B9F,GR0000000386,2024,2025-06-18,On-time,Agent-prepared,58673662.0,40636791.0,18036871.0,4368458.39,925278.99,3443179.4,Paid
TR-281D439E,GR0000000387,2022,2023-07-17,Extended,Agent-prepared,158211.0,148658.0,9553.0,2438.08,177.06,2261.02,Paid
TR-58AD1C58,GR0000000387,2023,2024-06-24,On-time,Agent-prepared,250015.0,234738.0,15277.0,3898.93,308.67,3590.27,Paid
TR-A23ECB98,GR0000000387,2024,2025-06-17,On-time,Agent-prepared,271363.0,247874.0,23489.0,5994.77,469.01,5525.76,Paid
TR-8B885ACA,GR0000000388,2022,2023-06-18,On-time,Agent-prepared,406086.0,308746.0,97340.0,27670.48,1866.45,25804.03,Paid
TR-37756BBC,GR0000000388,2023,2024-06-19,On-time,Self-prepared,628844.0,486540.0,142304.0,40452.22,2855.93,37596.3,Paid
TR-C09090DC,GR0000000388,2024,2025-06-16,On-time,Agent-prepared,436936.0,304967.0,131969.0,37514.33,2413.96,35100.37,Paid
TR-39876F97,GR0000000389,2022,2023-09-18,Extended,Agent-prepared,204538.89,198402.73,6136.17,1678.31,172.65,1505.65,Partial
TR-F1916883,GR0000000389,2023,2024-06-29,On-time,Agent-prepared,138497.86,134342.92,4154.94,1136.42,132.18,1004.24,Paid
TR-85D20EC7,GR0000000389,2024,2025-06-22,On-time,Agent-prepared,127908.77,124071.51,3837.26,1049.53,121.07,928.46,Paid
TR-FC1871FA,GR0000000390,2022,2023-06-29,On-time,Agent-prepared,8861954.38,7535422.62,1326531.76,352048.98,28098.89,323950.09,Unpaid
TR-F135C81A,GR0000000390,2023,2024-06-22,On-time,Agent-prepared,5202047.88,4481376.45,720671.44,191259.38,13133.62,178125.77,Paid
TR-E7960EC6,GR0000000390,2024,2025-06-20,On-time,Agent-prepared,6218140.61,5734871.93,483268.68,128254.94,9506.14,118748.8,Paid
TR-4C6D2597,GR0000000391,2022,2023-07-28,Extended,Self-prepared,648225.0,588706.0,59519.0,14250.38,2483.11,11767.26,Paid
TR-94BC8331,GR0000000391,2023,2024-06-17,On-time,Agent-prepared,1139803.0,1033820.0,105983.0,25375.05,3642.25,21732.8,Paid
TR-C6F489D1,GR0000000391,2024,2025-06-18,On-time,Agent-prepared,1011475.0,900260.0,111215.0,26627.72,4413.39,22214.33,Paid
TR-3649EA57,GR0000000392,2022,2023-06-17,On-time,Agent-prepared,5207135.0,4868309.0,338826.0,91219.44,8586.08,82633.36,Paid
TR-76C6C28B,GR0000000392,2023,2024-06-11,On-time,Agent-prepared,5002172.0,4746271.0,255901.0,68894.2,6009.33,62884.87,Paid
TR-58A74AEF,GR0000000392,2024,2025-06-22,On-time,Agent-prepared,2250032.0,2067345.0,182687.0,49183.37,4318.77,44864.61,Paid
TR-08E8C1A7,GR0000000393,2022,2023-06-21,On-time,Agent-prepared,2858645.0,2688970.0,169675.0,42403.77,3533.72,38870.05,Paid
TR-AE48835E,GR0000000393,2023,2024-06-24,On-time,Agent-prepared,5987296.0,5515777.0,471519.0,117838.12,9465.8,108372.33,Paid
TR-31F0B3ED,GR0000000393,2024,2025-06-24,On-time,Agent-prepared,2244083.0,2072874.0,171209.0,42787.14,3157.07,39630.07,Paid
TR-B00E6FF6,GR0000000394,2022,2023-06-10,On-time,Agent-prepared,2797196.0,2607321.0,189875.0,52847.33,8241.26,44606.07,Paid
TR-E82FC07D,GR0000000394,2023,2024-06-21,On-time,Agent-prepared,3288779.0,3124340.05,164438.95,45767.79,7218.1,38549.69,Partial
TR-482F706A,GR0000000394,2024,2025-06-18,On-time,Agent-prepared,3576023.0,3206888.0,369135.0,102740.22,14529.76,88210.46,Paid
TR-739F43E4,GR0000000395,2022,2023-06-26,On-time,Agent-prepared,258301.22,250552.18,7749.04,1934.58,223.68,1710.9,Paid
TR-643824A7,GR0000000395,2023,2024-09-19,Extended,Self-prepared,93356.06,90555.38,2800.68,699.2,78.1,621.1,Paid
TR-6DA9556D,GR0000000395,2024,2025-06-29,On-time,Self-prepared,66071.63,64089.48,1982.15,494.85,57.72,437.13,Paid
TR-6FD4AB31,GR0000000396,2022,2023-06-22,On-time,Agent-prepared,1284714.0,1206178.0,78536.0,17595.04,1752.36,15842.68,Paid
TR-479FDC52,GR0000000396,2023,2024-06-25,On-time,Agent-prepared,1353872.0,1286178.4,67693.6,15165.93,1717.72,13448.21,Paid
TR-FE898905,GR0000000396,2024,2025-06-12,On-time,Self-prepared,474907.0,448336.0,26571.0,5952.91,640.99,5311.92,Paid
TR-6D0B7984,GR0000000397,2022,2023-06-21,On-time,Agent-prepared,2397510.0,1859582.0,537928.0,112779.93,22031.93,90748.0,Paid
TR-D454F6A9,GR0000000397,2023,2024-06-22,On-time,Agent-prepared,2223430.0,1536560.0,686870.0,144006.54,22965.4,121041.14,Paid
TR-3F13B989,GR0000000397,2024,2025-06-24,On-time,Agent-prepared,2540660.0,1842654.0,698006.0,146341.27,24645.03,121696.24,Paid
TR-7DAF93FA,GR0000000398,2022,2023-06-15,On-time,Agent-prepared,4609066.0,3014598.0,1594468.0,437564.83,85193.12,352371.71,Paid
TR-EC4CB67C,GR0000000398,2023,2024-06-23,On-time,Agent-prepared,4189752.0,2991795.0,1197957.0,328751.57,57417.97,271333.59,Paid
TR-65ED08CF,GR0000000398,2024,2025-06-22,On-time,Agent-prepared,4541456.0,3025014.0,1516442.0,416152.4,78378.37,337774.03,Paid
TR-22BF1899,GR0000000399,2024,2025-06-11,On-time,Self-prepared,5445633.0,5029433.0,416200.0,84412.95,12529.43,71883.51,Paid
TR-5EBB8C2E,GR0000000400,2024,2025-06-25,On-time,Self-prepared,1425799.63,1120993.07,304806.56,68464.1,7355.04,61109.07,Paid
TR-8DBED834,GR0000000401,2022,2023-06-16,On-time,Self-prepared,210915.0,189983.0,20932.0,5438.45,440.74,4997.71,Paid
TR-3C295B66,GR0000000401,2023,2024-06-10,On-time,Self-prepared,299368.0,276660.0,22708.0,5899.88,523.39,5376.49,Paid
TR-D96AEDF8,GR0000000401,2024,2025-06-10,On-time,Agent-prepared,246738.0,230891.0,15847.0,4117.29,337.48,3779.81,Paid
TR-F4FA93E3,GR0000000402,2022,2023-06-21,On-time,Agent-prepared,84936.0,78321.0,6615.0,1890.25,162.0,1728.25,Paid
TR-B55EF4CB,GR0000000402,2023,2024-06-18,On-time,Agent-prepared,106261.0,95074.0,11187.0,3196.71,283.24,2913.47,Paid
TR-C798120B,GR0000000402,2024,2025-06-25,On-time,Self-prepared,78583.0,70944.0,7639.0,2182.86,214.24,1968.62,Paid
TR-9EBDC849,GR0000000403,2022,2023-06-18,On-time,Agent-prepared,799573.0,729164.0,70409.0,16896.14,1646.1,15250.05,Paid
TR-B5F4B4AF,GR0000000403,2023,2024-08-25,Extended,Agent-prepared,539731.0,490785.0,48946.0,11745.64,1182.86,10562.78,Paid
TR-869D7263,GR0000000403,2024,2025-06-14,On-time,Agent-prepared,1046955.0,950740.0,96215.0,23088.85,2253.98,20834.86,Paid
TR-E96F0573,GR0000000404,2022,2023-06-21,On-time,Agent-prepared,16925076.0,14179032.0,2746044.0,568419.33,90346.65,478072.68,Paid
TR-C08A2D89,GR0000000404,2023,2024-06-15,On-time,Agent-prepared,30271259.0,26628393.0,3642866.0,754057.64,112293.02,641764.62,Paid
TR-B477BCC8,GR0000000404,2024,2025-06-17,On-time,Agent-prepared,20097208.0,17049386.0,3047822.0,630886.08,115655.22,515230.86,Paid
TR-95DB849A,GR0000000405,2022,2023-06-20,On-time,Agent-prepared,3700283.0,3359885.0,340398.0,76072.96,6510.9,69562.06,Paid
TR-6F70D417,GR0000000405,2023,2024-06-11,On-time,Agent-prepared,3925922.0,3610279.0,315643.0,70540.65,6056.27,64484.38,Paid
TR-CC8CD10C,GR0000000405,2024,2025-06-13,On-time,Agent-prepared,4394681.0,3921887.0,472794.0,105661.14,9153.27,96507.86,Paid
TR-32C31635,GR0000000406,2022,2023-06-22,On-time,Agent-prepared,27707410.63,26876188.31,831222.32,184615.85,35245.63,149370.22,Partial
TR-3DFCF9F0,GR0000000406,2023,2024-06-25,On-time,Agent-prepared,48372685.97,46921505.39,1451180.58,322309.61,67480.82,254828.79,Paid
TR-BE9551F2,GR0000000406,2024,2025-06-22,On-time,Agent-prepared,25662868.55,24892982.49,769886.06,170992.97,33971.53,137021.44,Unpaid
TR-B3E916ED,GR0000000407,2022,2023-06-23,On-time,Agent-prepared,688758.0,623463.0,65295.0,17803.4,1192.46,16610.94,Paid
TR-F1C8260E,GR0000000407,2023,2024-06-19,On-time,Agent-prepared,838343.0,786731.0,51612.0,14072.58,1011.27,13061.31,Paid
TR-55BE332B,GR0000000407,2024,2025-06-20,On-time,Agent-prepared,1265933.0,1188120.0,77813.0,21216.57,1388.45,19828.12,Paid
TR-C25FA06C,GR0000000408,2022,2023-06-24,On-time,Agent-prepared,4146794.0,3937762.0,209032.0,55156.38,8844.31,46312.07,Paid
TR-39E81EF1,GR0000000408,2023,2024-06-16,On-time,Self-prepared,3769064.0,3580610.8,188453.2,49726.34,8037.17,41689.17,Paid
TR-5CEEAB00,GR0000000408,2024,2025-06-15,On-time,Agent-prepared,3661598.0,3476419.0,185179.0,48862.39,8443.31,40419.08,Paid
TR-57D06BB5,GR0000000409,2023,2024-06-12,On-time,Agent-prepared,1355100.0,1251883.0,103217.0,27463.28,3284.41,24178.87,Paid
TR-A9E611BC,GR0000000409,2024,2025-06-13,On-time,Agent-prepared,1248407.0,1116731.0,131676.0,35035.46,3775.08,31260.38,Paid
TR-924DD50F,GR0000000410,2022,2023-06-24,On-time,Self-prepared,5159623.0,4873785.0,285838.0,60530.98,8316.93,52214.05,Paid
TR-D6929910,GR0000000410,2023,2024-06-11,On-time,Agent-prepared,7291822.0,6881782.0,410040.0,86832.83,12755.91,74076.92,Paid
TR-430398E9,GR0000000410,2024,2025-06-23,On-time,Agent-prepared,11760507.0,10836851.0,923656.0,195599.61,30177.34,165422.26,Partial
TR-EC2CA63F,GR0000000411,2022,2023-06-10,On-time,Agent-prepared,399944.0,374213.0,25731.0,6106.44,620.59,5485.85,Paid
TR-B9C75329,GR0000000411,2023,2024-09-25,Extended,Agent-prepared,544371.0,513007.0,31364.0,7443.26,636.13,6807.12,Paid
TR-68009801,GR0000000411,2024,2025-06-22,On-time,Agent-prepared,405757.0,385469.15,20287.85,4814.68,478.98,4335.71,Paid
TR-0C27D173,GR0000000412,2022,2023-06-29,On-time,Self-prepared,2687160.41,2660288.81,26871.6,5992.34,992.9,4999.44,Unpaid
TR-4DB163A8,GR0000000412,2023,2024-06-28,On-time,Agent-prepared,4670356.03,4623652.47,46703.56,10414.84,1644.74,8770.1,Partial
TR-81440B85,GR0000000412,2024,2025-06-29,On-time,Agent-prepared,2128625.52,2107339.27,21286.26,4746.81,787.12,3959.69,Unpaid
TR-96BF242A,GR0000000413,2022,2023-06-13,On-time,Agent-prepared,233288.0,221623.6,11664.4,3332.23,309.48,3022.75,Paid
TR-E8758E58,GR0000000413,2023,2024-06-24,On-time,Agent-prepared,233333.0,215685.0,17648.0,5041.6,558.69,4482.91,Paid
TR-EDB7EEDE,GR0000000413,2024,2025-06-22,On-time,Agent-prepared,235918.0,224122.1,11795.9,3369.8,366.67,3003.13,Paid
TR-38AD44DA,GR0000000414,2022,2023-06-26,On-time,Agent-prepared,407322.42,395102.75,12219.67,3101.24,459.77,2641.48,Paid
TR-3ABD40E9,GR0000000414,2023,2024-07-27,Extended,Agent-prepared,77799.33,70774.1,7025.23,1782.94,256.76,1526.18,Partial
TR-D3C2BE8E,GR0000000414,2024,2025-06-27,On-time,Agent-prepared,143129.77,120026.17,23103.6,5863.49,790.28,5073.21,Paid
TR-54ACB643,GR0000000415,2023,2024-06-19,On-time,Agent-prepared,87812.0,82579.0,5233.0,1475.8,160.41,1315.39,Paid
TR-BFC87A85,GR0000000415,2024,2025-06-14,On-time,Agent-prepared,161085.0,151849.0,9236.0,2604.71,292.0,2312.71,Partial
TR-B4835D2C,GR0000000416,2022,2023-06-14,On-time,Agent-prepared,10530198.0,6777786.0,3752412.0,826607.94,77535.1,749072.84,Paid
TR-B1C33995,GR0000000416,2023,2024-06-16,On-time,Agent-prepared,19268367.0,12940225.0,6328142.0,1394008.02,127640.32,1266367.7,Partial
TR-89FC13AD,GR0000000416,2024,2025-06-10,On-time,Self-prepared,16136688.0,12238512.0,3898176.0,858717.87,78561.51,780156.36,Paid
TR-1C7D689F,GR0000000417,2022,2023-06-16,On-time,Agent-prepared,3013520.0,2728076.0,285444.0,78349.6,9448.54,68901.06,Paid
TR-9A22882B,GR0000000417,2023,2024-06-24,On-time,Self-prepared,2116501.0,1882291.0,234210.0,64286.72,7695.82,56590.9,Paid
TR-5F2A3CD5,GR0000000417,2024,2025-06-24,On-time,Agent-prepared,3191729.0,2802073.0,389656.0,106954.04,11793.99,95160.05,Paid
TR-8CF459DA,GR0000000418,2022,2023-06-16,On-time,Agent-prepared,1873687.0,1723438.0,150249.0,33927.33,4166.34,29760.99,Paid
TR-D192C804,GR0000000418,2023,2024-06-13,On-time,Agent-prepared,2123688.0,1909711.0,213977.0,48317.58,6763.51,41554.07,Paid
TR-A69FC76F,GR0000000418,2024,2025-08-21,Late,Agent-prepared,1617782.0,1465050.0,152732.0,34488.01,5038.32,29449.69,Paid
TR-691F4A9D,GR0000000419,2022,2023-06-22,On-time,Agent-prepared,7165965.0,6283943.0,882022.0,220455.68,38441.05,182014.63,Paid
TR-85BD0AA1,GR0000000419,2023,2024-06-18,On-time,Self-prepared,8202528.0,7450231.0,752297.0,188031.76,27050.82,160980.94,Paid
TR-4FAE2859,GR0000000419,2024,2025-06-19,On-time,Agent-prepared,13028105.0,11352656.0,1675449.0,418767.62,66884.81,351882.81,Paid
TR-3422987A,GR0000000420,2022,2023-06-23,On-time,Self-prepared,229091.0,217417.0,11674.0,2592.88,255.32,2337.57,Paid
TR-D1D45A62,GR0000000420,2023,2024-06-25,On-time,Agent-prepared,115252.0,109489.4,5762.6,1279.92,127.85,1152.07,Paid
TR-020C9E1B,GR0000000420,2024,2025-06-11,On-time,Agent-prepared,59682.0,56670.0,3012.0,668.99,67.03,601.96,Paid
TR-522D8186,GR0000000421,2022,2023-06-21,On-time,Agent-prepared,26554037.0,24270726.0,2283311.0,576205.37,92454.79,483750.58,Paid
TR-E75CD522,GR0000000421,2023,2024-06-20,On-time,Agent-prepared,14366815.0,13402210.0,964605.0,243423.07,35683.64,207739.43,Paid
TR-B9984FC1,GR0000000421,2024,2025-06-22,On-time,Agent-prepared,13784523.0,12627998.0,1156525.0,291855.08,38149.24,253705.84,Paid
TR-A2EA4206,GR0000000422,2022,2023-07-14,Late,Agent-prepared,105239679.39,96741377.34,8498302.04,1857691.04,314574.09,1543116.95,Unpaid
TR-2895D88F,GR0000000422,2023,2024-07-24,Extended,Self-prepared,61513729.45,60898592.16,615137.29,134466.28,20567.06,113899.21,Paid
TR-CF439A80,GR0000000422,2024,2025-06-30,On-time,Self-prepared,39875108.6,39476357.51,398751.09,87165.21,14477.51,72687.7,Paid
TR-ABF75842,GR0000000423,2022,2023-06-15,On-time,Agent-prepared,13636536.0,12326653.0,1309883.0,278090.52,44259.05,233831.47,Partial
TR-60785093,GR0000000423,2023,2024-06-16,On-time,Agent-prepared,14530065.0,12739659.0,1790406.0,380106.42,60599.51,319506.92,Paid
TR-95B15089,GR0000000423,2024,2025-06-10,On-time,Agent-prepared,20033511.0,18690565.0,1342946.0,285109.86,37394.8,247715.06,Paid
TR-99878144,GR0000000424,2022,2023-06-12,On-time,Agent-prepared,365995.0,328708.0,37287.0,9878.32,1211.02,8667.31,Paid
TR-CE697888,GR0000000424,2023,2024-06-25,On-time,Agent-prepared,139311.0,128034.0,11277.0,2987.58,344.67,2642.91,Paid
TR-9144ED67,GR0000000424,2024,2025-06-18,On-time,Agent-prepared,216619.0,197873.0,18746.0,4966.32,614.66,4351.66,Paid
TR-D5D42B72,GR0000000425,2022,2023-06-15,On-time,Agent-prepared,916278.0,785073.0,131205.0,30639.16,3735.55,26903.61,Paid
TR-3544DE2F,GR0000000425,2023,2024-06-20,On-time,Agent-prepared,1634630.0,1467045.0,167585.0,39134.66,5295.85,33838.81,Paid
TR-95D77BB3,GR0000000425,2024,2025-06-20,On-time,Agent-prepared,2458764.0,2270555.0,188209.0,43950.8,5861.71,38089.09,Paid
TR-9701A455,GR0000000426,2022,2023-06-17,On-time,Agent-prepared,49241.0,45482.0,3759.0,876.1,77.12,798.98,Paid
TR-F736C010,GR0000000426,2023,2024-06-23,On-time,Agent-prepared,187455.0,178004.0,9451.0,2202.72,234.18,1968.54,Paid
TR-B333EFEA,GR0000000426,2024,2025-06-15,On-time,Agent-prepared,146842.0,136444.0,10398.0,2423.44,261.37,2162.06,Paid
TR-1544DC98,GR0000000427,2022,2023-07-28,Late,Self-prepared,200018.81,194018.25,6000.56,1398.69,149.79,1248.9,Paid
TR-5CCE8226,GR0000000427,2023,2024-06-24,On-time,Agent-prepared,167332.41,162312.44,5019.97,1170.12,137.96,1032.16,Paid
TR-BA70986F,GR0000000427,2024,2025-06-28,On-time,Agent-prepared,195147.52,189293.09,5854.43,1364.63,162.91,1201.72,Paid
TR-C55A3BBE,GR0000000428,2022,2023-06-24,On-time,Agent-prepared,686747.0,609254.0,77493.0,18628.74,1803.67,16825.07,Paid
TR-8C19AD02,GR0000000428,2023,2024-06-22,On-time,Agent-prepared,807259.0,726243.0,81016.0,19475.64,2030.35,17445.3,Paid
TR-7D9BCD14,GR0000000428,2024,2025-06-20,On-time,Agent-prepared,500893.0,443923.0,56970.0,13695.16,1431.92,12263.25,Paid
TR-A20A5D92,GR0000000429,2022,2023-09-17,Extended,Agent-prepared,4839054.1,4790663.56,48390.54,11979.6,2838.67,9140.94,Unpaid
TR-B5DD5825,GR0000000429,2023,2024-06-28,On-time,Agent-prepared,3146131.13,3114669.82,31461.31,7788.59,1909.25,5879.34,Paid
TR-9EB1F653,GR0000000429,2024,2025-07-29,Late,Agent-prepared,3243688.53,3211251.64,32436.89,8030.1,1735.22,6294.89,Unpaid
TR-821E30BA,GR0000000430,2022,2023-06-19,On-time,Agent-prepared,808646.0,687311.0,121335.0,29333.46,2559.83,26773.63,Paid
TR-1F859C79,GR0000000430,2023,2024-06-25,On-time,Agent-prepared,429714.0,407032.0,22682.0,5483.51,429.51,5054.0,Paid
TR-4CD11767,GR0000000430,2024,2025-06-19,On-time,Agent-prepared,794873.0,733034.0,61839.0,14949.95,1379.44,13570.5,Paid
TR-8DB75F87,GR0000000431,2024,2025-06-20,On-time,Agent-prepared,3667564.0,3385431.0,282133.0,83909.91,8574.93,75334.97,Paid
TR-0E996A94,GR0000000432,2022,2023-06-11,On-time,Agent-prepared,23809487.0,19985703.0,3823784.0,911374.55,152747.77,758626.77,Paid
TR-A39148B8,GR0000000432,2023,2024-06-21,On-time,Agent-prepared,18950935.0,15711451.0,3239484.0,772110.37,147864.13,624246.23,Paid
TR-D19BE632,GR0000000432,2024,2025-06-21,On-time,Agent-prepared,22219954.0,19499547.0,2720407.0,648391.67,123135.58,525256.09,Paid
TR-7DB4D97E,GR0000000433,2022,2023-06-16,On-time,Agent-prepared,4995734.0,4665264.0,330470.0,71358.57,9493.07,61865.5,Paid
TR-21EF5A13,GR0000000433,2023,2024-06-23,On-time,Agent-prepared,5122089.0,4828724.0,293365.0,63346.47,8902.07,54444.4,Paid
TR-59BD172F,GR0000000433,2024,2025-06-19,On-time,Agent-prepared,3967845.0,3747405.0,220440.0,47599.73,7324.57,40275.16,Paid
TR-C9AE1C2A,GR0000000434,2022,2023-06-16,On-time,Agent-prepared,4076672.0,3675731.0,400941.0,91795.19,13036.06,78759.13,Paid
TR-C0D3CC25,GR0000000434,2023,2024-06-13,On-time,Self-prepared,4530405.0,4168787.0,361618.0,82792.21,12949.89,69842.32,Paid
TR-7AE4AD59,GR0000000434,2024,2025-06-12,On-time,Agent-prepared,3966748.0,3536552.0,430196.0,98493.1,16358.68,82134.42,Partial
TR-E64F975D,GR0000000435,2022,2023-06-20,On-time,Self-prepared,690383.0,613061.0,77322.0,21552.24,2502.0,19050.24,Paid
TR-8412190C,GR0000000435,2023,2024-06-17,On-time,Agent-prepared,658115.0,583778.0,74337.0,20720.22,2132.36,18587.86,Paid
TR-5EBD5E62,GR0000000435,2024,2025-06-12,On-time,Agent-prepared,616748.0,552392.0,64356.0,17938.18,2135.81,15802.37,Paid
TR-CBD535E9,GR0000000436,2022,2023-06-25,On-time,Agent-prepared,994612343.0,641904700.0,352707643.0,76968697.74,10158488.14,66810209.6,Paid
TR-F0E4CDFE,GR0000000436,2023,2024-06-18,On-time,Agent-prepared,1020158670.0,723479477.0,296679193.0,64742036.6,8624532.03,56117504.57,Paid
TR-8CFC6406,GR0000000436,2024,2025-06-23,On-time,Self-prepared,933144626.0,672665843.0,260478783.0,56842297.34,6990577.98,49851719.36,Paid
TR-23976A5A,GR0000000437,2022,2023-06-29,On-time,Agent-prepared,5166085.36,5114424.51,51660.85,12526.23,2379.59,10146.64,Unpaid
TR-EE43895A,GR0000000437,2023,2024-06-26,On-time,Self-prepared,3539067.04,3503676.37,35390.67,8581.19,1696.96,6884.23,Unpaid
TR-61F3CE1F,GR0000000437,2024,2025-06-29,On-time,Agent-prepared,1330230.97,1316928.66,13302.31,3225.42,612.37,2613.05,Paid
TR-DE471EE4,GR0000000438,2022,2023-06-17,On-time,Agent-prepared,9261143.0,8606382.0,654761.0,141850.42,13755.72,128094.71,Paid
TR-73C6AB1E,GR0000000438,2023,2024-06-16,On-time,Agent-prepared,4859146.0,4458881.0,400265.0,86715.24,9590.01,77125.23,Paid
TR-3E73CF85,GR0000000438,2024,2025-06-10,On-time,Agent-prepared,8460434.0,7749703.0,710731.0,153976.02,17346.93,136629.09,Paid
TR-4B4EE716,GR0000000439,2022,2023-06-13,On-time,Agent-prepared,16783144.0,14719469.0,2063675.0,454796.05,98020.5,356775.55,Paid
TR-60B24A98,GR0000000439,2023,2024-06-24,On-time,Agent-prepared,28750861.0,25058681.0,3692180.0,813688.62,189041.85,624646.77,Paid
TR-27BBCC44,GR0000000439,2024,2025-06-13,On-time,Agent-prepared,30261523.0,27095564.0,3165959.0,697719.18,147265.58,550453.61,Paid
TR-D7590A56,GR0000000440,2022,2023-06-18,On-time,Agent-prepared,24988798.0,19205444.0,5783354.0,1214161.06,243397.02,970764.05,Paid
TR-CFB7F198,GR0000000440,2023,2024-06-15,On-time,Agent-prepared,17339214.0,10610349.0,6728865.0,1412662.25,226753.99,1185908.26,Paid
TR-91B0C995,GR0000000440,2024,2025-06-20,On-time,Agent-prepared,28541394.0,19190136.0,9351258.0,1963209.12,358581.24,1604627.89,Paid
TR-9D41A4C9,GR0000000441,2022,2023-08-15,Extended,Agent-prepared,1378544.22,1312450.0,66094.22,14158.86,1755.87,12402.99,Unpaid
TR-A699D5A1,GR0000000441,2023,2024-06-27,On-time,Agent-prepared,968091.19,932257.39,35833.8,7676.4,897.01,6779.39,Unpaid
TR-681FFF97,GR0000000441,2024,2025-07-19,Late,Self-prepared,637362.79,630989.16,6373.63,1365.37,178.45,1186.93,Unpaid
TR-63FB5DDF,GR0000000442,2022,2023-06-23,On-time,Agent-prepared,1239955.0,1177957.25,61997.75,14216.87,2359.99,11856.88,Paid
TR-1130F0D6,GR0000000442,2023,2024-06-18,On-time,Agent-prepared,1244161.0,1181952.95,62208.05,14265.09,2419.25,11845.84,Partial
TR-33F6382C,GR0000000442,2024,2025-06-16,On-time,Agent-prepared,1038590.0,934219.0,104371.0,23933.59,3935.19,19998.4,Paid
TR-3F12B1D9,GR0000000443,2022,2023-06-16,On-time,Self-prepared,152098.0,142598.0,9500.0,2665.04,245.86,2419.17,Paid
TR-C66F641B,GR0000000443,2023,2024-06-19,On-time,Self-prepared,112983.0,107333.85,5649.15,1584.76,150.49,1434.27,Paid
TR-0323AF8A,GR0000000443,2024,2025-06-16,On-time,Agent-prepared,108834.0,103285.0,5549.0,1556.66,153.68,1402.98,Paid
TR-604131B5,GR0000000444,2022,2023-06-13,On-time,Agent-prepared,23363663.0,17151919.0,6211744.0,1395850.76,131781.12,1264069.64,Paid
TR-551A39A5,GR0000000444,2023,2024-06-10,On-time,Agent-prepared,38941761.0,26596871.0,12344890.0,2774039.65,244520.98,2529518.67,Paid
TR-71747206,GR0000000444,2024,2025-06-25,On-time,Agent-prepared,21054327.0,13626822.0,7427505.0,1669046.33,175616.53,1493429.8,Paid
TR-7714D157,GR0000000445,2022,2023-06-13,On-time,Agent-prepared,445714.0,418303.0,27411.0,7238.31,816.9,6421.41,Paid
TR-1C0AEF3D,GR0000000445,2023,2024-06-12,On-time,Agent-prepared,930915.0,867799.0,63116.0,16666.77,1654.48,15012.29,Paid
TR-BC474DD3,GR0000000445,2024,2025-06-20,On-time,Agent-prepared,1205187.0,1144927.65,60259.35,15912.43,1477.21,14435.22,Paid
TR-80A27AE2,GR0000000446,2022,2023-06-29,On-time,Self-prepared,1683272.76,1666440.03,16832.73,4763.43,584.52,4178.91,Unpaid
TR-842DFEA6,GR0000000446,2023,2024-06-26,On-time,Agent-prepared,504827.59,499779.32,5048.28,1428.59,168.74,1259.86,Paid
TR-9DE0F2A1,GR0000000446,2024,2025-06-25,On-time,Self-prepared,771232.35,763520.03,7712.32,2182.48,270.61,1911.87,Unpaid
TR-F030D651,GR0000000447,2022,2023-06-18,On-time,Self-prepared,373804.0,277753.0,96051.0,24289.53,3017.97,21271.55,Paid
TR-E889EA8C,GR0000000447,2023,2024-06-20,On-time,Agent-prepared,180442.0,139710.0,40732.0,10300.37,1362.84,8937.53,Paid
TR-206EFE6B,GR0000000447,2024,2025-06-23,On-time,Agent-prepared,115596.0,77663.0,37933.0,9592.56,1183.01,8409.54,Paid
TR-949131A8,GR0000000448,2022,2023-06-21,On-time,Agent-prepared,115661.0,109429.0,6232.0,1510.82,152.29,1358.53,Paid
TR-67F52C8B,GR0000000448,2023,2024-06-11,On-time,Agent-prepared,80496.0,75130.0,5366.0,1300.88,119.31,1181.57,Paid
TR-012AFB8E,GR0000000448,2024,2025-06-18,On-time,Agent-prepared,71172.0,66597.0,4575.0,1109.12,99.19,1009.93,Paid
TR-FF0ADB32,GR0000000449,2022,2023-06-15,On-time,Self-prepared,11571878.0,10367975.0,1203903.0,259127.14,34797.98,224329.16,Paid
TR-BA1F5156,GR0000000449,2023,2024-06-24,On-time,Agent-prepared,15175793.0,13175839.0,1999954.0,430468.53,55316.47,375152.06,Paid
TR-2DB5DF67,GR0000000449,2024,2025-06-18,On-time,Agent-prepared,22915064.0,20498852.0,2416212.0,520063.57,62676.99,457386.59,Paid
TR-CABBAD1D,GR0000000450,2022,2023-06-25,On-time,Agent-prepared,136126.0,109619.0,26507.0,6035.84,631.73,5404.11,Partial
TR-3AF3555B,GR0000000450,2023,2024-06-25,On-time,Agent-prepared,100184.0,87900.0,12284.0,2797.16,250.43,2546.73,Paid
TR-A4E1806F,GR0000000450,2024,2025-06-20,On-time,Agent-prepared,113676.0,98621.0,15055.0,3428.13,360.0,3068.13,Paid
TR-7A5DD16E,GR0000000451,2022,2023-06-24,On-time,Self-prepared,37584632.0,34264155.0,3320477.0,674828.38,97349.89,577478.49,Paid
TR-D628CAFD,GR0000000451,2023,2024-06-12,On-time,Agent-prepared,44013837.0,41532324.0,2481513.0,504323.74,74743.31,429580.43,Paid
TR-0E45ED4F,GR0000000451,2024,2025-06-20,On-time,Self-prepared,27800895.0,26145499.0,1655396.0,336430.04,48160.84,288269.19,Paid
TR-CAFF7E34,GR0000000452,2022,2023-06-18,On-time,Agent-prepared,24683393.0,20504534.0,4178859.0,894803.96,188853.94,705950.02,Paid
TR-9805FFE9,GR0000000452,2023,2024-06-22,On-time,Self-prepared,26317481.0,22073741.0,4243740.0,908696.7,220249.44,688447.26,Partial
TR-49E36C46,GR0000000452,2024,2025-06-23,On-time,Agent-prepared,21648174.0,17894972.0,3753202.0,803659.57,191427.11,612232.46,Paid
TR-3DE1D966,GR0000000453,2022,2023-06-23,On-time,Agent-prepared,391625.0,365762.0,25863.0,6180.4,524.18,5656.22,Partial
TR-44283D18,GR0000000453,2023,2024-06-19,On-time,Agent-prepared,368250.0,341019.0,27231.0,6507.31,664.55,5842.75,Paid
TR-FADF7F23,GR0000000453,2024,2025-06-18,On-time,Agent-prepared,615270.0,581611.0,33659.0,8043.39,765.2,7278.19,Paid
TR-23E03C5E,GR0000000454,2022,2023-06-24,On-time,Self-prepared,257982.0,191262.0,66720.0,16296.43,1136.46,15159.97,Paid
TR-D598116D,GR0000000454,2023,2024-06-24,On-time,Agent-prepared,353349.0,255895.0,97454.0,23803.24,1528.55,22274.69,Paid
TR-0FD05D11,GR0000000454,2024,2025-06-13,On-time,Agent-prepared,119020.0,85803.0,33217.0,8113.29,490.59,7622.7,Paid
TR-7ED0A219,GR0000000455,2022,2023-06-20,On-time,Agent-prepared,216011.95,209531.59,6480.36,1895.49,241.22,1654.27,Unpaid
TR-2FE82EC2,GR0000000455,2023,2024-06-24,On-time,Agent-prepared,217037.43,210526.31,6511.12,1904.48,233.71,1670.78,Paid
TR-C1357CB4,GR0000000455,2024,2025-06-25,On-time,Agent-prepared,87438.37,84815.22,2623.15,767.26,103.59,663.68,Paid
TR-36976845,GR0000000456,2022,2023-06-15,On-time,Agent-prepared,12963953.0,11621128.0,1342825.0,348941.41,41012.31,307929.1,Paid
TR-77BAFD53,GR0000000456,2023,2024-06-23,On-time,Self-prepared,8474374.0,7439183.0,1035191.0,269000.8,35568.59,233432.22,Paid
TR-A0B74D96,GR0000000456,2024,2025-06-25,On-time,Agent-prepared,9203686.0,8058798.0,1144888.0,297506.25,40008.16,257498.09,Paid
TR-20423DB6,GR0000000457,2022,2023-06-15,On-time,Agent-prepared,1823719.0,1540099.0,283620.0,73774.93,10326.32,63448.6,Paid
TR-80FEFE7A,GR0000000457,2023,2024-06-24,On-time,Agent-prepared,1630046.0,1403061.0,226985.0,59043.09,8174.79,50868.3,Paid
TR-1B7F4184,GR0000000457,2024,2025-06-11,On-time,Agent-prepared,1940225.0,1707592.0,232633.0,60512.24,7069.62,53442.63,Paid
TR-226617D0,GR0000000458,2022,2023-06-14,On-time,Agent-prepared,2115808.0,1925646.0,190162.0,42919.98,4557.42,38362.56,Paid
TR-FC16444B,GR0000000458,2023,2024-06-25,On-time,Agent-prepared,1794394.0,1678003.0,116391.0,26269.7,3008.52,23261.19,Partial
TR-DCB9587C,GR0000000458,2024,2025-06-20,On-time,Agent-prepared,1752666.0,1599749.0,152917.0,34513.7,3790.67,30723.03,Paid
TR-C6CDB303,GR0000000459,2022,2023-06-15,On-time,Agent-prepared,1015288.0,945131.0,70157.0,20818.56,1992.36,18826.21,Paid
TR-D676BC0C,GR0000000459,2023,2024-06-21,On-time,Self-prepared,881512.0,819543.0,61969.0,18388.84,1972.89,16415.95,Paid
TR-83E3ADD2,GR0000000459,2024,2025-06-15,On-time,Self-prepared,481125.0,453252.0,27873.0,8271.1,845.83,7425.28,Paid
TR-3FE69190,GR0000000460,2022,2023-06-25,On-time,Agent-prepared,11819872.76,11465276.58,354596.18,74402.33,14448.76,59953.56,Paid
TR-AFDEA04C,GR0000000460,2023,2024-06-25,On-time,Agent-prepared,16481782.49,15987329.02,494453.47,103747.56,20259.04,83488.52,Paid
TR-3158F140,GR0000000460,2024,2025-06-22,On-time,Agent-prepared,20114252.39,19510824.82,603427.57,126612.8,23646.77,102966.03,Partial
TR-D85BB8B2,GR0000000461,2022,2023-06-16,On-time,Agent-prepared,28070923.0,25164853.0,2906070.0,732387.26,113003.39,619383.86,Paid
TR-B39CE7A2,GR0000000461,2023,2024-06-17,On-time,Agent-prepared,37521035.0,33262580.0,4258455.0,1073215.09,139542.86,933672.23,Paid
TR-1ECE1F7E,GR0000000461,2024,2025-06-21,On-time,Agent-prepared,31334141.0,27378930.0,3955211.0,996791.59,148331.02,848460.57,Paid
TR-FD9118F0,GR0000000462,2022,2023-06-16,On-time,Agent-prepared,69905338.0,42094282.0,27811056.0,6880851.19,1296428.83,5584422.36,Paid
TR-094207E9,GR0000000462,2023,2024-06-12,On-time,Agent-prepared,66102842.0,45971537.0,20131305.0,4980771.46,870290.72,4110480.74,Paid
TR-C8ED6361,GR0000000462,2024,2025-06-14,On-time,Self-prepared,62248860.0,45024021.0,17224839.0,4261670.39,745623.78,3516046.61,Partial
TR-86FA5751,GR0000000463,2022,2023-06-10,On-time,Self-prepared,971091.0,911609.0,59482.0,14056.2,1085.88,12970.32,Paid
TR-FAE4AE44,GR0000000463,2023,2024-06-22,On-time,Agent-prepared,423040.0,390121.0,32919.0,7779.09,605.51,7173.59,Paid
TR-61985378,GR0000000463,2024,2025-06-13,On-time,Agent-prepared,447786.0,412059.0,35727.0,8442.65,597.35,7845.3,Paid
TR-58489938,GR0000000464,2022,2023-06-23,On-time,Agent-prepared,3519394.0,3343424.3,175969.7,42541.33,4303.87,38237.45,Paid
TR-4C0E3A24,GR0000000464,2023,2024-06-10,On-time,Agent-prepared,2069289.0,1937768.0,131521.0,31795.69,3377.38,28418.31,Paid
TR-E4F68C25,GR0000000464,2024,2025-06-23,On-time,Self-prepared,3614302.0,3433586.9,180715.1,43688.54,4126.75,39561.79,Paid
TR-FB69B4E7,GR0000000465,2022,2023-06-19,On-time,Agent-prepared,43999048.0,38813710.0,5185338.0,1032751.86,158124.52,874627.35,Paid
TR-0FAEF726,GR0000000465,2023,2024-06-19,On-time,Agent-prepared,39945764.0,35468893.0,4476871.0,891648.12,141454.15,750193.97,Paid
TR-5DFA0AE8,GR0000000465,2024,2025-06-25,On-time,Agent-prepared,34296457.0,30214248.0,4082209.0,813044.19,137068.0,675976.19,Paid
TR-2CAE6CA7,GR0000000466,2023,2024-06-19,On-time,Agent-prepared,116133.0,106298.0,9835.0,2871.11,328.58,2542.53,Paid
TR-D4E66ACC,GR0000000466,2024,2025-06-12,On-time,Self-prepared,337053.0,318361.0,18692.0,5456.71,531.2,4925.51,Paid
TR-E3A05A0F,GR0000000467,2022,2023-06-16,On-time,Agent-prepared,5605315.0,5181637.0,423678.0,86958.87,17458.74,69500.13,Paid
TR-9EFE3D8C,GR0000000467,2023,2024-06-13,On-time,Self-prepared,8087120.0,7626324.0,460796.0,94577.25,17693.72,76883.54,Paid
TR-5F4649B3,GR0000000467,2024,2025-06-16,On-time,Agent-prepared,5441012.0,5033224.0,407788.0,83697.49,17055.23,66642.26,Paid
TR-3BD0481C,GR0000000468,2022,2023-06-11,On-time,Agent-prepared,4649930.0,4086038.0,563892.0,168973.38,15450.76,153522.62,Paid
TR-F3532CB9,GR0000000468,2023,2024-06-18,On-time,Agent-prepared,6467101.0,5675728.0,791373.0,237139.33,23713.3,213426.03,Paid
TR-3391663F,GR0000000468,2024,2025-06-20,On-time,Self-prepared,3604752.0,3118752.0,486000.0,145632.61,12816.56,132816.05,Paid
TR-09A416B5,GR0000000469,2022,2023-06-25,On-time,Agent-prepared,27455712.0,24357383.0,3098329.0,639970.41,91872.06,548098.35,Paid
TR-55D63A29,GR0000000469,2023,2024-06-19,On-time,Agent-prepared,25051921.0,22809260.0,2242661.0,463229.27,72946.44,390282.83,Paid
TR-9AF3DF7D,GR0000000469,2024,2025-06-17,On-time,Agent-prepared,19419469.0,16955468.0,2464001.0,508947.8,70886.08,438061.72,Paid
TR-29EDCACB,GR0000000470,2022,2023-06-26,On-time,Agent-prepared,2114279.14,2050850.76,63428.37,14163.67,1399.28,12764.39,Paid
TR-4333B469,GR0000000470,2023,2024-06-23,On-time,Agent-prepared,1919377.44,1861796.11,57581.32,12858.01,1203.97,11654.05,Paid
TR-8CD84149,GR0000000470,2024,2025-06-26,On-time,Self-prepared,1088821.66,1056157.01,32664.65,7294.08,772.76,6521.32,Partial
TR-D7AAD7DB,GR0000000471,2022,2023-06-22,On-time,Agent-prepared,26791611.0,23841401.0,2950210.0,820769.82,146592.77,674177.05,Paid
TR-A07C1542,GR0000000471,2023,2024-06-24,On-time,Agent-prepared,37058116.0,33562041.0,3496075.0,972633.42,172858.35,799775.07,Paid
TR-BEA57F12,GR0000000471,2024,2025-06-15,On-time,Agent-prepared,33122673.0,29114461.0,4008212.0,1115113.65,196506.17,918607.48,Paid
TR-BF71406A,GR0000000472,2022,2023-06-13,On-time,Agent-prepared,366886.0,259129.0,107757.0,31327.77,2105.12,29222.66,Paid
TR-625B6CD3,GR0000000472,2023,2024-06-14,On-time,Agent-prepared,165071.0,119934.0,45137.0,13122.5,739.34,12383.17,Paid
TR-D4CAD930,GR0000000472,2024,2025-06-21,On-time,Agent-prepared,166428.0,113039.0,53389.0,15521.58,906.15,14615.42,Paid
TR-E4074930,GR0000000473,2022,2023-06-20,On-time,Agent-prepared,235404282.0,220008346.0,15395936.0,3289077.5,457238.8,2831838.7,Paid
TR-D7CEEBB4,GR0000000473,2023,2024-06-21,On-time,Agent-prepared,407609370.0,372715754.0,34893616.0,7454422.22,1055854.89,6398567.33,Paid
TR-549D4CCF,GR0000000473,2024,2025-06-14,On-time,Agent-prepared,341855784.0,312340890.0,29514894.0,6305350.58,871219.1,5434131.47,Paid
TR-611A2BD3,GR0000000474,2022,2023-06-16,On-time,Agent-prepared,18343433.0,16344967.0,1998466.0,373637.13,54149.52,319487.61,Paid
TR-B5AA4D27,GR0000000474,2023,2024-06-10,On-time,Agent-prepared,15833956.0,13838953.0,1995003.0,372989.69,56634.19,316355.5,Paid
TR-3A6876D3,GR0000000474,2024,2025-06-14,On-time,Self-prepared,26948292.0,24674193.0,2274099.0,425170.02,74818.18,350351.84,Paid
TR-A90CF748,GR0000000475,2022,2023-06-28,On-time,Agent-prepared,4119091.05,3107059.2,1012031.85,301523.57,39050.32,262473.24,Paid
TR-5F9EE727,GR0000000475,2023,2024-06-29,On-time,Agent-prepared,3003342.82,2608268.52,395074.3,117707.97,16538.78,101169.19,Unpaid
TR-4BC6C0C8,GR0000000475,2024,2025-06-23,On-time,Agent-prepared,4591052.75,4099853.77,491198.98,146347.24,21913.76,124433.48,Paid
TR-BF6ACFF0,GR0000000476,2022,2023-06-27,On-time,Agent-prepared,432272.46,427949.74,4322.72,1123.2,137.36,985.84,Paid
TR-2AE52E55,GR0000000476,2023,2024-07-06,Late,Self-prepared,233850.32,231511.81,2338.5,607.63,76.14,531.49,Unpaid
TR-72DE5F90,GR0000000476,2024,2025-06-30,On-time,Agent-prepared,365180.43,361528.63,3651.8,948.87,109.91,838.96,Unpaid
TR-BD902E1F,GR0000000477,2024,2025-06-24,On-time,Agent-prepared,193364.0,151320.0,42044.0,11323.86,650.73,10673.13,Paid
TR-B7508C0F,GR0000000478,2022,2023-06-15,On-time,Agent-prepared,385218550.0,313977810.0,71240740.0,19692020.39,3837520.12,15854500.28,Paid
TR-2377EF7A,GR0000000478,2023,2024-06-25,On-time,Agent-prepared,330985087.0,267215340.0,63769747.0,17626924.68,3024625.41,14602299.28,Paid
TR-D39CE828,GR0000000478,2024,2025-06-23,On-time,Agent-prepared,399723170.0,329006922.0,70716248.0,19547042.85,4160968.86,15386074.0,Paid
TR-F18B7E26,GR0000000479,2022,2023-06-10,On-time,Agent-prepared,578981.0,425209.0,153772.0,45116.41,2585.18,42531.23,Paid
TR-9DAD8D08,GR0000000479,2023,2024-06-19,On-time,Agent-prepared,742851.0,557522.0,185329.0,54375.17,3517.19,50857.97,Paid
TR-DE950A39,GR0000000479,2024,2025-06-10,On-time,Agent-prepared,182059.0,129908.0,52151.0,15301.0,1065.33,14235.67,Paid
TR-5A64775D,GR0000000480,2022,2023-06-11,On-time,Agent-prepared,162265.0,148570.0,13695.0,3443.3,372.76,3070.55,Paid
TR-A937039B,GR0000000480,2023,2024-06-17,On-time,Agent-prepared,220796.0,197836.0,22960.0,5772.78,605.37,5167.41,Paid
TR-CB86F21D,GR0000000480,2024,2025-06-11,On-time,Agent-prepared,129507.0,120447.0,9060.0,2277.94,210.15,2067.79,Paid
TR-29913AF7,GR0000000481,2022,2023-06-22,On-time,Agent-prepared,923681.0,654291.0,269390.0,73877.24,9115.74,64761.49,Paid
TR-23965D2F,GR0000000481,2023,2024-06-25,On-time,Agent-prepared,921450.0,687622.0,233828.0,64124.75,7811.1,56313.65,Paid
TR-04CDD093,GR0000000481,2024,2025-06-14,On-time,Agent-prepared,390910.0,300904.0,90006.0,24683.15,3325.51,21357.64,Paid
TR-50CC9143,GR0000000482,2022,2023-06-16,On-time,Agent-prepared,645284.0,598376.0,46908.0,11337.1,1324.13,10012.97,Paid
TR-30BEDD52,GR0000000482,2023,2024-06-18,On-time,Agent-prepared,542480.0,487107.0,55373.0,13382.99,1474.88,11908.11,Partial
TR-6597FFD1,GR0000000482,2024,2025-06-22,On-time,Agent-prepared,364781.0,339741.0,25040.0,6051.87,702.91,5348.96,Paid
TR-4FEF54CB,GR0000000483,2022,2023-06-12,On-time,Agent-prepared,6496082.0,5837650.0,658432.0,172757.08,15454.19,157302.89,Paid
TR-0B3065B3,GR0000000483,2023,2024-06-24,On-time,Agent-prepared,5476865.0,4914042.0,562823.0,147671.53,13039.81,134631.72,Paid
TR-2C5C82D3,GR0000000483,2024,2025-06-10,On-time,Agent-prepared,3458539.0,3123487.0,335052.0,87909.77,7787.8,80121.97,Paid
TR-16A53ACA,GR0000000484,2022,2023-07-19,Late,Self-prepared,500234.09,495231.75,5002.34,1329.38,191.52,1137.87,Partial
TR-539F35E7,GR0000000484,2023,2024-06-29,On-time,Self-prepared,200558.99,198553.4,2005.59,532.99,79.56,453.43,Paid
TR-46B3D5BE,GR0000000484,2024,2025-06-30,On-time,Self-prepared,150542.7,136438.37,14104.34,3748.26,585.24,3163.02,Paid
TR-5D4BA564,GR0000000485,2022,2023-06-29,On-time,Agent-prepared,18693459.59,14784304.79,3909154.8,825597.4,90645.36,734952.04,Unpaid
TR-3C220C1C,GR0000000485,2023,2024-06-29,On-time,Agent-prepared,17242476.12,14221322.99,3021153.13,638055.1,65823.11,572231.99,Paid
TR-4B2DAA57,GR0000000485,2024,2025-06-23,On-time,Agent-prepared,11281701.32,9608808.69,1672892.64,353308.04,41067.13,312240.9,Paid
TR-0DC7D506,GR0000000486,2022,2023-06-14,On-time,Self-prepared,859064.0,638555.0,220509.0,51553.83,6181.79,45372.04,Paid
TR-8F1E06CD,GR0000000486,2023,2024-06-15,On-time,Agent-prepared,808179.0,591628.0,216551.0,50628.47,6489.65,44138.82,Paid
TR-37388568,GR0000000486,2024,2025-06-15,On-time,Agent-prepared,399510.0,287022.0,112488.0,26299.09,3356.66,22942.43,Paid
TR-CB9A0570,GR0000000487,2022,2023-06-10,On-time,Agent-prepared,1128601.0,1013212.0,115389.0,30634.22,3363.86,27270.36,Paid
TR-C0C0CA87,GR0000000487,2023,2024-06-12,On-time,Agent-prepared,919324.0,844818.0,74506.0,19780.33,2039.6,17740.73,Paid
TR-A692449E,GR0000000487,2024,2025-06-11,On-time,Agent-prepared,1407467.0,1242596.0,164871.0,43771.02,4478.39,39292.63,Paid
TR-57594999,GR0000000488,2023,2024-06-25,On-time,Self-prepared,2355064.0,2195658.0,159406.0,36499.63,3525.57,32974.06,Paid
TR-BA350EA3,GR0000000488,2024,2025-06-10,On-time,Agent-prepared,3512294.0,3264211.0,248083.0,56804.24,6250.37,50553.87,Paid
TR-FC1031B1,GR0000000489,2022,2023-06-17,On-time,Self-prepared,127391.0,115110.0,12281.0,3624.28,375.18,3249.1,Paid
TR-FB80C545,GR0000000489,2023,2024-06-19,On-time,Agent-prepared,98365.0,91865.0,6500.0,1918.23,191.72,1726.51,Paid
TR-156D9118,GR0000000489,2024,2025-06-18,On-time,Agent-prepared,106387.0,101067.65,5319.35,1569.81,182.72,1387.09,Paid
TR-C8F5A1B1,GR0000000490,2022,2023-06-22,On-time,Agent-prepared,139735.0,132300.0,7435.0,2171.83,253.28,1918.55,Paid
TR-2992EE65,GR0000000490,2023,2024-06-10,On-time,Self-prepared,216023.0,203480.0,12543.0,3663.92,395.08,3268.85,Paid
TR-900A1AF7,GR0000000490,2024,2025-06-16,On-time,Agent-prepared,187286.0,172694.0,14592.0,4262.45,396.66,3865.79,Paid
TR-932E1751,GR0000000491,2022,2023-06-13,On-time,Agent-prepared,1191720.0,1077608.0,114112.0,29629.06,2757.73,26871.33,Paid
TR-1C3DDB2B,GR0000000491,2023,2024-06-14,On-time,Agent-prepared,1059191.0,957542.0,101649.0,26393.05,3087.37,23305.68,Paid
TR-E9FA0D3D,GR0000000491,2024,2025-06-13,On-time,Agent-prepared,889682.0,838151.0,51531.0,13379.97,1329.7,12050.27,Paid
TR-3411C2F6,GR0000000492,2022,2023-09-17,Extended,Agent-prepared,922786.53,913558.67,9227.87,2440.24,434.21,2006.04,Paid
TR-7764B1D0,GR0000000492,2023,2024-08-25,Late,Agent-prepared,663359.32,656725.73,6633.59,1754.21,295.98,1458.23,Paid
TR-5985352D,GR0000000492,2024,2025-06-30,On-time,Self-prepared,639309.67,632916.57,6393.1,1690.61,276.85,1413.76,Partial
TR-296844E8,GR0000000493,2022,2023-06-28,On-time,Self-prepared,43483682.27,40517113.29,2966568.98,800025.55,172228.78,627796.76,Paid
TR-C886DE20,GR0000000493,2023,2024-06-28,On-time,Agent-prepared,20844574.4,19954556.99,890017.41,240020.26,57403.61,182616.65,Paid
TR-4D92BC62,GR0000000493,2024,2025-06-23,On-time,Agent-prepared,19153337.63,18578737.5,574600.13,154958.4,36081.02,118877.38,Paid
TR-8501EE31,GR0000000494,2022,2023-06-11,On-time,Agent-prepared,58095.0,54505.0,3590.0,969.85,87.05,882.8,Partial
TR-7CABCB58,GR0000000494,2023,2024-06-15,On-time,Agent-prepared,54570.0,50041.0,4529.0,1223.53,103.49,1120.03,Paid
TR-6A251C62,GR0000000494,2024,2025-06-20,On-time,Agent-prepared,86389.0,80426.0,5963.0,1610.93,113.61,1497.31,Paid
TR-F4D91C4B,GR0000000495,2022,2023-06-23,On-time,Agent-prepared,49349.0,46174.0,3175.0,872.38,56.28,816.1,Paid
TR-4A0A5B7F,GR0000000495,2023,2024-06-11,On-time,Agent-prepared,84636.0,76634.0,8002.0,2198.66,169.27,2029.39,Partial
TR-934A4BCB,GR0000000495,2024,2025-06-25,On-time,Agent-prepared,95757.0,89854.0,5903.0,1621.93,109.89,1512.05,Paid
TR-2EBAB8BF,GR0000000496,2022,2023-06-11,On-time,Agent-prepared,87689008.0,71977012.0,15711996.0,3975130.7,698695.27,3276435.43,Partial
TR-A65481AA,GR0000000496,2023,2024-06-11,On-time,Agent-prepared,90651384.0,74401941.0,16249443.0,4111104.64,740250.25,3370854.39,Paid
TR-4842BA58,GR0000000496,2024,2025-06-25,On-time,Self-prepared,95492723.0,82483456.0,13009267.0,3291341.0,624601.58,2666739.42,Paid
TR-F4E269EB,GR0000000497,2022,2023-06-18,On-time,Self-prepared,13454455.0,11965186.0,1489269.0,329093.59,40152.0,288941.59,Paid
TR-DFFD0E81,GR0000000497,2023,2024-06-18,On-time,Agent-prepared,12076615.0,10699523.0,1377092.0,304305.1,36011.46,268293.64,Paid
TR-EBABAE60,GR0000000497,2024,2025-06-22,On-time,Agent-prepared,15937024.0,14424612.0,1512412.0,334207.65,37480.37,296727.28,Paid
TR-DF8809BF,GR0000000498,2022,2023-06-11,On-time,Agent-prepared,16381779.0,14199924.0,2181855.0,497910.05,97684.43,400225.63,Paid
TR-946D94F4,GR0000000498,2023,2024-06-22,On-time,Agent-prepared,13976219.0,12447273.0,1528946.0,348913.01,73908.32,275004.68,Paid
TR-4E4A0232,GR0000000498,2024,2025-06-19,On-time,Agent-prepared,20185724.0,17801382.0,2384342.0,544118.58,117470.94,426647.65,Paid
TR-81BA53F7,GR0000000499,2022,2023-06-15,On-time,Self-prepared,2155072.0,1953305.0,201767.0,46224.26,3582.7,42641.56,Paid
TR-0908BBD9,GR0000000499,2023,2024-06-17,On-time,Self-prepared,2003691.0,1789238.0,214453.0,49130.59,3870.63,45259.95,Paid
TR-E4C76DA4,GR0000000499,2024,2025-06-17,On-time,Agent-prepared,2236619.0,2023771.0,212848.0,48762.88,3164.93,45597.96,Paid
TR-5C03EFAF,GR0000000500,2022,2023-06-19,On-time,Self-prepared,2284185.0,1748911.0,535274.0,141198.33,13037.3,128161.02,Paid
TR-20A818CF,GR0000000500,2023,2024-06-19,On-time,Agent-prepared,1880311.0,1428004.0,452307.0,119312.71,10272.38,109040.32,Paid
TR-E31834ED,GR0000000500,2024,2025-06-17,On-time,Agent-prepared,2349508.0,1682262.0,667246.0,176010.83,18259.15,157751.67,Paid
