vat_return_id,entity_id,reporting_period,submission_date,sales_domestic,sales_eu,sales_non_eu,purchases_domestic,purchases_eu,purchases_non_eu,vat_collected,vat_deducted,net_vat_position,paid_status
VAT-53FE19C1,GR0000000001,2022-Q1,2022-04-22,148298.0,57038.0,22815.0,113844.0,43786.0,17514.0,35591.0,42035.0,-6443.0,Paid
VAT-DE8C26C3,GR0000000001,2022-Q2,2022-07-24,195853.0,75328.0,30131.0,148662.0,57178.0,22871.0,47005.0,54891.0,-7886.0,Paid
VAT-0E03909D,GR0000000001,2022-Q3,2022-10-25,206674.0,79490.0,31796.0,145288.0,55880.0,22352.0,49602.0,53645.0,-4043.0,Paid
VAT-4B107936,GR0000000001,2022-Q4,2023-01-20,136288.0,52418.0,20967.0,98572.0,37912.0,15165.0,32709.0,36396.0,-3687.0,Paid
VAT-ACB53638,GR0000000001,2023-Q1,2023-04-12,101992.0,39228.0,15691.0,73643.0,28324.0,11330.0,24478.0,27191.0,-2713.0,Paid
VAT-FD6650F6,GR0000000001,2023-Q2,2023-07-18,151766.0,58371.0,23349.0,118520.0,45585.0,18234.0,36424.0,43761.0,-7338.0,Paid
VAT-AD7788C3,GR0000000001,2023-Q3,2023-10-26,156407.0,60156.0,24063.0,121353.0,46674.0,18670.0,37538.0,44807.0,-7270.0,Paid
VAT-88716F6A,GR0000000001,2023-Q4,2024-01-21,103977.0,39991.0,15997.0,80043.0,30786.0,12314.0,24955.0,29554.0,-4600.0,Paid
VAT-6D695159,GR0000000001,2024-Q1,2024-04-23,125743.0,48363.0,19345.0,92797.0,35691.0,14276.0,30178.0,34264.0,-4085.0,Paid
VAT-3E3F4355,GR0000000001,2024-Q2,2024-07-15,181414.0,69774.0,27910.0,142364.0,54755.0,21902.0,43539.0,52565.0,-9026.0,Paid
VAT-8504DE6C,GR0000000001,2024-Q3,2024-10-18,212655.0,81791.0,32716.0,166023.0,63855.0,25542.0,51037.0,61301.0,-10263.0,Paid
VAT-B84A6091,GR0000000001,2024-Q4,2025-01-12,125648.0,48326.0,19330.0,94691.0,36420.0,14568.0,30155.0,34963.0,-4807.0,Paid
VAT-96AD43D0,GR0000000002,2022-Q1,2022-04-14,118191.0,59096.0,19699.0,65011.0,25004.0,10002.0,28366.0,24004.0,4362.0,Paid
VAT-A0A91BFA,GR0000000002,2022-Q2,2022-07-25,316054.0,158027.0,52676.0,176717.0,67968.0,27187.0,75853.0,65250.0,10603.0,Paid
VAT-8B9AECA0,GR0000000002,2022-Q3,2022-10-24,436393.0,218196.0,72732.0,253177.0,97376.0,38950.0,104734.0,93481.0,11253.0,Paid
VAT-835CF78D,GR0000000002,2022-Q4,2023-01-14,230176.0,115088.0,38363.0,119142.0,45824.0,18330.0,55242.0,43991.0,11251.0,Paid
VAT-EA96CE6D,GR0000000002,2023-Q1,2023-04-23,147159.0,73580.0,24527.0,81451.0,31327.0,12531.0,35318.0,30074.0,5244.0,Paid
VAT-31DC6CB3,GR0000000002,2023-Q2,2023-07-19,441963.0,220981.0,73660.0,223280.0,85877.0,34351.0,106071.0,82442.0,23629.0,Paid
VAT-2B6A5D70,GR0000000002,2023-Q3,2023-10-19,569842.0,284921.0,94974.0,320061.0,123101.0,49240.0,136762.0,118177.0,18586.0,Paid
VAT-FBFF51B1,GR0000000002,2023-Q4,2024-01-25,288398.0,144199.0,48066.0,147750.0,56827.0,22731.0,69216.0,54554.0,14662.0,Paid
VAT-3C384CDB,GR0000000002,2024-Q1,2024-04-15,143679.0,71839.0,23946.0,73353.0,28213.0,11285.0,34483.0,27084.0,7399.0,Paid
VAT-21B6FD53,GR0000000002,2024-Q2,2024-07-12,426765.0,213383.0,71128.0,214653.0,82559.0,33024.0,102424.0,79257.0,23167.0,Paid
VAT-0E3A759C,GR0000000002,2024-Q3,2024-10-18,562246.0,281123.0,93708.0,319596.0,122921.0,49169.0,134939.0,118005.0,16935.0,Paid
VAT-FC65E14B,GR0000000002,2024-Q4,2025-01-14,324800.0,162400.0,54133.0,171077.0,65799.0,26320.0,77952.0,63167.0,14785.0,Partial
VAT-75F5FE2F,GR0000000003,2022-Q1,2022-04-21,862596.0,101482.0,50741.0,404186.0,155456.0,62182.0,207023.0,149238.0,57785.0,Paid
VAT-0DBEC347,GR0000000003,2022-Q2,2022-07-13,928650.0,109253.0,54626.0,432933.0,166513.0,66605.0,222876.0,159852.0,63024.0,Paid
VAT-DD5D5B08,GR0000000003,2022-Q3,2022-10-12,977424.0,114991.0,57496.0,450641.0,173323.0,69329.0,234582.0,166391.0,68191.0,Partial
VAT-76068044,GR0000000003,2022-Q4,2023-01-26,997010.0,117295.0,58648.0,471197.0,181230.0,72492.0,239282.0,173980.0,65302.0,Paid
VAT-B119DAB0,GR0000000003,2023-Q1,2023-04-16,511172.0,60138.0,30069.0,231988.0,89226.0,35690.0,122681.0,85657.0,37024.0,Paid
VAT-B31741F8,GR0000000003,2023-Q2,2023-07-18,498460.0,58642.0,29321.0,246692.0,94882.0,37953.0,119630.0,91086.0,28544.0,Paid
VAT-A813D1C8,GR0000000003,2023-Q3,2023-10-23,500142.0,58840.0,29420.0,243648.0,93711.0,37484.0,120034.0,89962.0,30072.0,Paid
VAT-E9FCC7A6,GR0000000003,2023-Q4,2024-01-20,459472.0,54056.0,27028.0,198619.0,76392.0,30557.0,110273.0,73336.0,36937.0,Paid
VAT-F6FAE2C1,GR0000000003,2024-Q1,2024-04-15,660458.0,77701.0,38850.0,302458.0,116330.0,46532.0,158510.0,111677.0,46833.0,Paid
VAT-2317D80B,GR0000000003,2024-Q2,2024-07-15,691813.0,81390.0,40695.0,337456.0,129791.0,51916.0,166035.0,124599.0,41436.0,Paid
VAT-2C75A1EE,GR0000000003,2024-Q3,2024-10-17,659275.0,77562.0,38781.0,289355.0,111291.0,44516.0,158226.0,106839.0,51387.0,Paid
VAT-EA6F353A,GR0000000003,2024-Q4,2025-01-24,589842.0,69393.0,34697.0,251944.0,96902.0,38761.0,141562.0,93026.0,48537.0,Paid
VAT-5F2B98AC,GR0000000004,2022-Q1,2022-04-10,271727.0,31968.0,15984.0,123570.0,47527.0,19011.0,65214.0,45626.0,19589.0,Paid
VAT-DD12FF31,GR0000000004,2022-Q2,2022-07-13,312843.0,36805.0,18403.0,142687.0,54880.0,21952.0,75082.0,52685.0,22398.0,Paid
VAT-5D3DAD6F,GR0000000004,2022-Q3,2022-10-20,313154.0,36842.0,18421.0,136809.0,52619.0,21047.0,75157.0,50514.0,24643.0,Paid
VAT-680ED98F,GR0000000004,2022-Q4,2023-01-15,275246.0,32382.0,16191.0,114462.0,44024.0,17610.0,66059.0,42263.0,23796.0,Paid
VAT-97C22319,GR0000000004,2023-Q1,2023-04-18,448388.0,52752.0,26376.0,191619.0,73700.0,29480.0,107613.0,70752.0,36861.0,Paid
VAT-72FBE8A8,GR0000000004,2023-Q2,2023-07-25,458450.0,53935.0,26968.0,183316.0,70506.0,28202.0,110028.0,67686.0,42342.0,Paid
VAT-5BB58E06,GR0000000004,2023-Q3,2023-10-16,469452.0,55230.0,27615.0,182040.0,70015.0,28006.0,112669.0,67215.0,45454.0,Paid
VAT-0455B252,GR0000000004,2023-Q4,2024-01-11,493732.0,58086.0,29043.0,196869.0,75719.0,30287.0,118496.0,72690.0,45806.0,Paid
VAT-5363DD51,GR0000000004,2024-Q1,2024-04-12,288849.0,33982.0,16991.0,114648.0,44096.0,17638.0,69324.0,42332.0,26992.0,Paid
VAT-5841110F,GR0000000004,2024-Q2,2024-07-13,269481.0,31704.0,15852.0,110338.0,42438.0,16975.0,64675.0,40740.0,23935.0,Paid
VAT-5C616DB6,GR0000000004,2024-Q3,2024-10-25,264253.0,31089.0,15544.0,114645.0,44094.0,17638.0,63421.0,42331.0,21090.0,Partial
VAT-D948EC91,GR0000000004,2024-Q4,2025-01-23,280831.0,33039.0,16519.0,108678.0,41799.0,16720.0,67399.0,40127.0,27272.0,Paid
VAT-D5B3993C,GR0000000005,2022-Q1,2022-04-21,302620.0,56741.0,18914.0,182488.0,70188.0,28075.0,72629.0,67380.0,5249.0,Paid
VAT-1D78DCA7,GR0000000005,2022-Q2,2022-07-19,206761.0,38768.0,12923.0,132286.0,50879.0,20352.0,49623.0,48844.0,779.0,Paid
VAT-795298CB,GR0000000005,2022-Q3,2022-10-23,210454.0,39460.0,13153.0,120561.0,46370.0,18548.0,50509.0,44515.0,5994.0,Partial
VAT-6F19FFB6,GR0000000005,2022-Q4,2023-01-26,287530.0,53912.0,17971.0,186170.0,71604.0,28642.0,69007.0,68740.0,267.0,Paid
VAT-62473400,GR0000000005,2023-Q1,2023-04-13,158718.0,29760.0,9920.0,101908.0,39196.0,15678.0,38092.0,37628.0,465.0,Paid
VAT-CC207B57,GR0000000005,2023-Q2,2023-07-26,108797.0,20399.0,6800.0,70588.0,27149.0,10860.0,26111.0,26063.0,48.0,Paid
VAT-2EF807BB,GR0000000005,2023-Q3,2023-10-12,116242.0,21795.0,7265.0,68807.0,26464.0,10586.0,27898.0,25406.0,2493.0,Paid
VAT-53B32835,GR0000000005,2023-Q4,2024-01-11,139876.0,26227.0,8742.0,81314.0,31275.0,12510.0,33570.0,30024.0,3547.0,Paid
VAT-ECF7A403,GR0000000005,2024-Q1,2024-04-24,230948.0,43303.0,14434.0,132293.0,50882.0,20353.0,55428.0,48847.0,6581.0,Paid
VAT-F135F418,GR0000000005,2024-Q2,2024-07-21,168534.0,31600.0,10533.0,96633.0,37166.0,14867.0,40448.0,35680.0,4768.0,Paid
VAT-94353A6C,GR0000000005,2024-Q3,2024-10-21,167307.0,31370.0,10457.0,96087.0,36957.0,14783.0,40154.0,35478.0,4675.0,Paid
VAT-644E2756,GR0000000005,2024-Q4,2025-01-19,221627.0,41555.0,13852.0,133321.0,51277.0,20511.0,53190.0,49226.0,3964.0,Paid
VAT-7F04FFE0,GR0000000006,2022-Q1,2022-05-30,21933.0,23784.0,17341.0,29827.0,11122.0,4045.0,5264.0,12705.0,-7441.0,Paid
VAT-D5959C1A,GR0000000006,2022-Q2,2022-08-05,28176.0,28166.0,21982.0,45518.0,15485.0,5408.0,6762.0,18669.0,-11907.0,Paid
VAT-5E288D9B,GR0000000006,2022-Q3,2022-11-20,22618.0,25426.0,20278.0,38193.0,13156.0,4970.0,5428.0,16428.0,-11000.0,Paid
VAT-59D423E9,GR0000000006,2022-Q4,2023-02-17,25232.0,33357.0,23403.0,44307.0,14992.0,5375.0,6056.0,18287.0,-12232.0,Paid
VAT-882472E8,GR0000000006,2023-Q1,2023-05-04,14136.0,13799.0,10690.0,17177.0,6735.0,2366.0,3393.0,7531.0,-4139.0,Paid
VAT-38F6A3E1,GR0000000006,2023-Q2,2023-08-03,20396.0,21610.0,15489.0,32665.0,10990.0,3996.0,4895.0,13297.0,-8402.0,Paid
VAT-957DDB3E,GR0000000006,2023-Q3,2023-11-11,14188.0,16919.0,12544.0,24862.0,8667.0,3107.0,3405.0,10657.0,-7252.0,Paid
VAT-476A656B,GR0000000006,2023-Q4,2024-02-09,22803.0,24560.0,16867.0,32074.0,10713.0,4140.0,5473.0,13855.0,-8383.0,Paid
VAT-58824B0A,GR0000000006,2024-Q1,2024-05-05,5442.0,7009.0,4932.0,9951.0,3443.0,1225.0,1306.0,4266.0,-2960.0,Paid
VAT-8B073DE0,GR0000000006,2024-Q2,2024-07-27,6545.0,7982.0,5813.0,10348.0,3389.0,1286.0,1571.0,4188.0,-2617.0,Paid
VAT-724FBBF0,GR0000000006,2024-Q3,2024-10-30,6673.0,7180.0,5583.0,9002.0,3349.0,1173.0,1601.0,4025.0,-2423.0,Paid
VAT-52CAD32A,GR0000000006,2024-Q4,2025-01-26,9571.0,9642.0,7296.0,14334.0,4933.0,1799.0,2297.0,5849.0,-3552.0,Paid
VAT-A289D55C,GR0000000007,2024-Q1,2024-04-15,257362.0,225192.0,160851.0,246846.0,94941.0,37976.0,61767.0,91143.0,-29376.0,Paid
VAT-1C2859E5,GR0000000007,2024-Q2,2024-07-17,375643.0,328688.0,234777.0,369574.0,142144.0,56857.0,90154.0,136458.0,-46304.0,Paid
VAT-EB455A50,GR0000000007,2024-Q3,2024-10-20,348310.0,304771.0,217694.0,335100.0,128885.0,51554.0,83594.0,123729.0,-40135.0,Paid
VAT-306C436A,GR0000000007,2024-Q4,2025-01-14,431309.0,377396.0,269568.0,432954.0,166521.0,66608.0,103514.0,159860.0,-56346.0,Paid
VAT-FDFCD1AC,GR0000000008,2022-Q1,2022-04-25,2085917.0,869132.0,521479.0,1650488.0,634803.0,253921.0,500620.0,609411.0,-108791.0,Paid
VAT-05A1B297,GR0000000008,2022-Q2,2022-07-20,2468750.0,1028646.0,617187.0,1987108.0,764272.0,305709.0,592500.0,733701.0,-141201.0,Paid
VAT-45718756,GR0000000008,2022-Q3,2022-10-16,2316941.0,965392.0,579235.0,1873726.0,720664.0,288266.0,556066.0,691837.0,-135772.0,Paid
VAT-98DB716C,GR0000000008,2022-Q4,2023-01-12,2923364.0,1218068.0,730841.0,2430854.0,934944.0,373978.0,701607.0,897546.0,-195939.0,Paid
VAT-75FE5148,GR0000000008,2023-Q1,2023-04-23,2660340.0,1108475.0,665085.0,2099213.0,807390.0,322956.0,638482.0,775094.0,-136612.0,Paid
VAT-936C11AA,GR0000000008,2023-Q2,2023-07-16,3512934.0,1463722.0,878233.0,2699515.0,1038275.0,415310.0,843104.0,996744.0,-153640.0,Paid
VAT-D1B6E2D7,GR0000000008,2023-Q3,2023-10-19,3623156.0,1509648.0,905789.0,3011638.0,1158322.0,463329.0,869557.0,1111989.0,-242432.0,Paid
VAT-188C49C3,GR0000000008,2023-Q4,2024-01-19,4169514.0,1737297.0,1042378.0,3526203.0,1356232.0,542493.0,1000683.0,1301983.0,-301300.0,Paid
VAT-CC681A5D,GR0000000008,2024-Q1,2024-04-23,2956640.0,1231933.0,739160.0,2387990.0,918458.0,367383.0,709594.0,881719.0,-172126.0,Paid
VAT-96B1C7DD,GR0000000008,2024-Q2,2024-07-20,3615368.0,1506403.0,903842.0,3023005.0,1162694.0,465078.0,867688.0,1116187.0,-248498.0,Paid
VAT-D1FB6349,GR0000000008,2024-Q3,2024-10-14,4361090.0,1817121.0,1090273.0,3540729.0,1361819.0,544728.0,1046662.0,1307346.0,-260685.0,Paid
VAT-35E43ACF,GR0000000008,2024-Q4,2025-01-19,4877678.0,2032366.0,1219419.0,3776885.0,1452648.0,581059.0,1170643.0,1394542.0,-223899.0,Paid
VAT-0D1AF8D7,GR0000000009,2022-Q1,2022-04-12,4431649.0,2417263.0,1208632.0,2995188.0,1151995.0,460798.0,1063596.0,1105915.0,-42320.0,Paid
VAT-1E9CD535,GR0000000009,2022-Q2,2022-07-12,5235008.0,2855459.0,1427729.0,3433824.0,1320702.0,528281.0,1256402.0,1267874.0,-11472.0,Paid
VAT-0143C854,GR0000000009,2022-Q3,2022-10-19,5203731.0,2838398.0,1419199.0,3946656.0,1517945.0,607178.0,1248895.0,1457227.0,-208332.0,Paid
VAT-0C1354F1,GR0000000009,2022-Q4,2023-01-23,5855386.0,3193847.0,1596924.0,4121873.0,1585336.0,634134.0,1405293.0,1521922.0,-116630.0,Paid
VAT-58B01409,GR0000000009,2023-Q1,2023-04-11,4242822.0,2314267.0,1157133.0,3065033.0,1178859.0,471544.0,1018277.0,1131705.0,-113427.0,Paid
VAT-96B94510,GR0000000009,2023-Q2,2023-07-13,4699669.0,2563456.0,1281728.0,3516095.0,1352344.0,540938.0,1127920.0,1298251.0,-170330.0,Paid
VAT-F3177947,GR0000000009,2023-Q3,2023-10-12,4990980.0,2722353.0,1361176.0,3773349.0,1451288.0,580515.0,1197835.0,1393236.0,-195401.0,Paid
VAT-C424361C,GR0000000009,2023-Q4,2024-01-11,5190163.0,2830998.0,1415499.0,3649671.0,1403720.0,561488.0,1245639.0,1347571.0,-101932.0,Paid
VAT-01717E18,GR0000000009,2024-Q1,2024-04-10,3445516.0,1879372.0,939686.0,2494795.0,959537.0,383815.0,826924.0,921155.0,-94231.0,Paid
VAT-D5FE9467,GR0000000009,2024-Q2,2024-07-18,3981029.0,2171471.0,1085735.0,2794623.0,1074855.0,429942.0,955447.0,1031861.0,-76414.0,Paid
VAT-7B9503DB,GR0000000009,2024-Q3,2024-10-17,3561630.0,1942707.0,971354.0,2413763.0,928370.0,371348.0,854791.0,891235.0,-36444.0,Paid
VAT-CA032911,GR0000000009,2024-Q4,2025-01-16,4406826.0,2403723.0,1201862.0,3030944.0,1165748.0,466299.0,1057638.0,1119118.0,-61479.0,Paid
VAT-C7438751,GR0000000010,2022-Q1,2022-04-19,18473671.0,3463813.0,1154604.0,9852814.0,3789544.0,1515818.0,4433681.0,3637962.0,795719.0,Paid
VAT-D70518F1,GR0000000010,2022-Q2,2022-07-12,13357955.0,2504617.0,834872.0,7505924.0,2886894.0,1154758.0,3205909.0,2771418.0,434491.0,Paid
VAT-F6000FA8,GR0000000010,2022-Q3,2022-10-13,13625459.0,2554774.0,851591.0,7627123.0,2933509.0,1173404.0,3270110.0,2816169.0,453942.0,Paid
VAT-0BFE17D3,GR0000000010,2022-Q4,2023-01-26,19037386.0,3569510.0,1189837.0,11379302.0,4376655.0,1750662.0,4568973.0,4201588.0,367384.0,Paid
VAT-D95268B5,GR0000000010,2023-Q1,2023-04-12,15307446.0,2870146.0,956715.0,8753646.0,3366787.0,1346715.0,3673787.0,3232116.0,441672.0,Paid
VAT-58E671CA,GR0000000010,2023-Q2,2023-07-19,11104393.0,2082074.0,694025.0,6305004.0,2425002.0,970001.0,2665054.0,2328001.0,337053.0,Paid
VAT-9A81C68D,GR0000000010,2023-Q3,2023-10-11,11956742.0,2241889.0,747296.0,6342852.0,2439558.0,975823.0,2869618.0,2341976.0,527642.0,Paid
VAT-3FC47483,GR0000000010,2023-Q4,2024-01-14,16477666.0,3089562.0,1029854.0,9671809.0,3719927.0,1487971.0,3954640.0,3571129.0,383510.0,Paid
VAT-8C0D8438,GR0000000010,2024-Q1,2024-04-25,18998918.0,3562297.0,1187432.0,10163390.0,3908996.0,1563599.0,4559740.0,3752636.0,807104.0,Paid
VAT-26E9910A,GR0000000010,2024-Q2,2024-07-12,15096238.0,2830545.0,943515.0,8195604.0,3152155.0,1260862.0,3623097.0,3026069.0,597028.0,Paid
VAT-52623EE9,GR0000000010,2024-Q3,2024-10-16,13866117.0,2599897.0,866632.0,7561504.0,2908271.0,1163308.0,3327868.0,2791940.0,535928.0,Paid
VAT-F8056B75,GR0000000010,2024-Q4,2025-01-14,18954703.0,3554007.0,1184669.0,10438987.0,4014995.0,1605998.0,4549129.0,3854395.0,694733.0,Partial
VAT-BF12667D,GR0000000011,2022-Q1,2022-05-10,13423.0,8660.0,5046.0,15198.0,6013.0,2104.0,3222.0,6452.0,-3231.0,Paid
VAT-250AC785,GR0000000011,2022-Q2,2022-08-06,20700.0,10695.0,7269.0,25379.0,8801.0,3333.0,4968.0,10899.0,-5931.0,Paid
VAT-7FFBC094,GR0000000011,2022-Q3,2022-12-11,17256.0,9861.0,6419.0,20853.0,7438.0,2648.0,4141.0,9070.0,-4929.0,Paid
VAT-90003640,GR0000000011,2022-Q4,2023-02-03,26013.0,12901.0,8397.0,31049.0,10697.0,3895.0,6243.0,12642.0,-6399.0,Paid
VAT-746F8BF2,GR0000000011,2023-Q1,2023-06-04,8602.0,4133.0,2623.0,10255.0,3474.0,1317.0,2064.0,4502.0,-2437.0,Paid
VAT-6712886D,GR0000000011,2023-Q2,2023-08-25,10394.0,5828.0,3552.0,11729.0,4163.0,1622.0,2494.0,4951.0,-2456.0,Paid
VAT-31E85127,GR0000000011,2023-Q3,2023-11-17,10429.0,5487.0,3503.0,12486.0,4412.0,1663.0,2503.0,5389.0,-2886.0,Paid
VAT-00B3F67A,GR0000000011,2023-Q4,2024-01-28,9562.0,5953.0,3638.0,12317.0,4235.0,1563.0,2295.0,5213.0,-2918.0,Paid
VAT-555E1D54,GR0000000011,2024-Q1,2024-04-22,11628.0,6880.0,4104.0,14537.0,5233.0,1940.0,2791.0,6112.0,-3321.0,Paid
VAT-6DB958B4,GR0000000011,2024-Q2,2024-08-10,17463.0,8569.0,5673.0,18398.0,6792.0,2543.0,4191.0,8052.0,-3861.0,Paid
VAT-DB5AAAA8,GR0000000011,2024-Q3,2024-12-02,14187.0,7915.0,5258.0,15614.0,5967.0,2138.0,3405.0,6943.0,-3538.0,Paid
VAT-805A7DE7,GR0000000011,2024-Q4,2025-01-30,16740.0,10170.0,6518.0,19224.0,7257.0,2564.0,4018.0,8617.0,-4600.0,Paid
VAT-F78283B0,GR0000000012,2022-Q1,2022-04-16,512548.0,311051.0,151780.0,465923.0,171427.0,67348.0,123011.0,176110.0,-53099.0,Paid
VAT-D7C375EE,GR0000000012,2022-Q2,2022-07-29,533775.0,299304.0,156720.0,438924.0,172702.0,66022.0,128106.0,173717.0,-45611.0,Paid
VAT-8B9B4FC5,GR0000000012,2022-Q3,2022-10-17,520112.0,296331.0,155382.0,438354.0,165040.0,64232.0,124827.0,166892.0,-42065.0,Paid
VAT-59E1B65F,GR0000000012,2022-Q4,2023-01-27,638713.0,367466.0,197375.0,611677.0,229743.0,88529.0,153291.0,231164.0,-77873.0,Paid
VAT-0597350D,GR0000000012,2023-Q1,2023-04-29,296162.0,164423.0,85162.0,281814.0,104649.0,41088.0,71079.0,108258.0,-37179.0,Paid
VAT-8A0518F4,GR0000000012,2023-Q2,2023-08-14,349768.0,195915.0,98267.0,294206.0,113010.0,44343.0,83944.0,114807.0,-30862.0,Paid
VAT-DFE21D5C,GR0000000012,2023-Q3,2023-10-29,333293.0,204463.0,103617.0,311531.0,116972.0,44866.0,79990.0,120342.0,-40351.0,Paid
VAT-A3D90825,GR0000000012,2023-Q4,2024-01-30,425124.0,240957.0,124324.0,369057.0,141066.0,55516.0,102030.0,144323.0,-42293.0,Paid
VAT-007A9656,GR0000000012,2024-Q1,2024-04-29,528339.0,312989.0,157107.0,462635.0,171766.0,67182.0,126801.0,176477.0,-49676.0,Paid
VAT-216F85D9,GR0000000012,2024-Q2,2024-07-23,603787.0,354556.0,176858.0,517092.0,187605.0,75382.0,144909.0,198535.0,-53626.0,Paid
VAT-D436BBDC,GR0000000012,2024-Q3,2024-10-23,674081.0,378898.0,204740.0,581793.0,227856.0,88104.0,161780.0,223583.0,-61804.0,Paid
VAT-AEFE6643,GR0000000012,2024-Q4,2025-01-19,682514.0,388663.0,201597.0,622145.0,236052.0,93898.0,163803.0,243884.0,-80081.0,Paid
VAT-BD78B73B,GR0000000013,2022-Q1,2022-04-16,57972.0,31621.0,15810.0,49507.0,19041.0,7616.0,13913.0,18280.0,-4366.0,Paid
VAT-20C3245A,GR0000000013,2022-Q2,2022-07-11,72837.0,39730.0,19865.0,63401.0,24385.0,9754.0,17481.0,23409.0,-5928.0,Paid
VAT-4677AF25,GR0000000013,2022-Q3,2022-10-12,67121.0,36611.0,18306.0,55833.0,21474.0,8590.0,16109.0,20615.0,-4506.0,Paid
VAT-77B3D6F5,GR0000000013,2022-Q4,2023-01-15,79871.0,43566.0,21783.0,64494.0,24805.0,9922.0,19169.0,23813.0,-4644.0,Paid
VAT-8AC63843,GR0000000013,2023-Q1,2023-04-18,67249.0,36681.0,18341.0,56204.0,21617.0,8647.0,16140.0,20752.0,-4612.0,Paid
VAT-F4F45E28,GR0000000013,2023-Q2,2023-07-19,70819.0,38629.0,19314.0,61567.0,23679.0,9472.0,16997.0,22732.0,-5736.0,Paid
VAT-A7D87225,GR0000000013,2023-Q3,2023-10-13,78887.0,43030.0,21515.0,61007.0,23464.0,9386.0,18933.0,22526.0,-3593.0,Paid
VAT-282CA722,GR0000000013,2023-Q4,2024-01-11,87325.0,47632.0,23816.0,74360.0,28600.0,11440.0,20958.0,27456.0,-6498.0,Paid
VAT-BE18E386,GR0000000013,2024-Q1,2024-04-21,65022.0,35467.0,17733.0,53755.0,20675.0,8270.0,15605.0,19848.0,-4243.0,Paid
VAT-704F890A,GR0000000013,2024-Q2,2024-07-25,67972.0,37076.0,18538.0,53229.0,20473.0,8189.0,16313.0,19654.0,-3341.0,Paid
VAT-382B7B14,GR0000000013,2024-Q3,2024-10-16,71834.0,39182.0,19591.0,62565.0,24063.0,9625.0,17240.0,23101.0,-5861.0,Paid
VAT-479C5D23,GR0000000013,2024-Q4,2025-01-12,82901.0,45219.0,22609.0,64660.0,24869.0,9948.0,19896.0,23875.0,-3978.0,Paid
VAT-0390A81B,GR0000000014,2022-Q1,2022-04-22,597779.0,107230.0,39021.0,396794.0,151694.0,59096.0,143467.0,150780.0,-7313.0,Paid
VAT-2127C0E0,GR0000000014,2022-Q2,2022-08-01,464467.0,94578.0,32529.0,332473.0,118680.0,47000.0,111472.0,126916.0,-15444.0,Paid
VAT-C5A5E74F,GR0000000014,2022-Q3,2022-10-20,465893.0,96585.0,33649.0,324354.0,122655.0,48131.0,111814.0,122672.0,-10858.0,Paid
VAT-97A738B4,GR0000000014,2022-Q4,2023-01-27,1095871.0,219233.0,77082.0,723775.0,273692.0,108959.0,263009.0,278587.0,-15578.0,Paid
VAT-0DC9BD2C,GR0000000014,2023-Q1,2023-04-16,275944.0,53268.0,18801.0,193669.0,76078.0,29616.0,66227.0,75077.0,-8851.0,Paid
VAT-335FB49D,GR0000000014,2023-Q2,2023-08-11,258462.0,51852.0,18090.0,175115.0,66956.0,26228.0,62031.0,69520.0,-7489.0,Paid
VAT-3B36FBA7,GR0000000014,2023-Q3,2023-10-24,263348.0,56249.0,19131.0,195968.0,71839.0,27870.0,63203.0,76047.0,-12843.0,Paid
VAT-B6A2FE47,GR0000000014,2023-Q4,2024-02-06,572618.0,115334.0,39662.0,383042.0,142471.0,55581.0,137428.0,149492.0,-12064.0,Paid
VAT-DA1516C6,GR0000000014,2024-Q1,2024-04-25,434924.0,80263.0,28044.0,283777.0,109713.0,42877.0,104382.0,109786.0,-5404.0,Paid
VAT-E10629F5,GR0000000014,2024-Q2,2024-08-11,369449.0,69723.0,24523.0,267642.0,97583.0,38223.0,88668.0,104394.0,-15726.0,Paid
VAT-8361FAE6,GR0000000014,2024-Q3,2024-10-23,403065.0,77917.0,26314.0,279715.0,106800.0,41024.0,96736.0,108440.0,-11705.0,Paid
VAT-7ECC4193,GR0000000014,2024-Q4,2025-01-29,754694.0,148029.0,48341.0,522390.0,195560.0,78741.0,181127.0,202309.0,-21183.0,Paid
VAT-3C4470B6,GR0000000015,2022-Q1,2022-04-24,260749.0,228155.0,162968.0,273139.0,105054.0,42021.0,62580.0,100851.0,-38272.0,Paid
VAT-2AB31B57,GR0000000015,2022-Q2,2022-07-17,341484.0,298799.0,213428.0,360467.0,138641.0,55456.0,81956.0,133095.0,-51139.0,Paid
VAT-148D1B91,GR0000000015,2022-Q3,2022-10-23,338081.0,295821.0,211301.0,307499.0,118269.0,47308.0,81139.0,113538.0,-32399.0,Paid
VAT-A3F9ED47,GR0000000015,2022-Q4,2023-01-22,363738.0,318270.0,227336.0,348062.0,133870.0,53548.0,87297.0,128515.0,-41218.0,Paid
VAT-ACECDEEC,GR0000000015,2023-Q1,2023-04-21,445544.0,389851.0,278465.0,462310.0,177811.0,71125.0,106931.0,170699.0,-63768.0,Paid
VAT-DD0A97E1,GR0000000015,2023-Q2,2023-07-23,623058.0,545176.0,389411.0,641267.0,246641.0,98656.0,149534.0,236775.0,-87242.0,Paid
VAT-B1B7A428,GR0000000015,2023-Q3,2023-10-13,594143.0,519875.0,371339.0,621679.0,239107.0,95643.0,142594.0,229543.0,-86949.0,Paid
VAT-8AA7F03D,GR0000000015,2023-Q4,2024-01-18,691528.0,605087.0,432205.0,621729.0,239127.0,95651.0,165967.0,229562.0,-63595.0,Paid
VAT-1A49F899,GR0000000015,2024-Q1,2024-04-22,269264.0,235606.0,168290.0,283575.0,109067.0,43627.0,64623.0,104705.0,-40081.0,Paid
VAT-C52A85D2,GR0000000015,2024-Q2,2024-07-15,341614.0,298912.0,213509.0,335542.0,129055.0,51622.0,81987.0,123892.0,-41905.0,Paid
VAT-F8FBD9F6,GR0000000015,2024-Q3,2024-10-15,376662.0,329580.0,235414.0,340348.0,130903.0,52361.0,90399.0,125667.0,-35268.0,Paid
VAT-A9A65A29,GR0000000015,2024-Q4,2025-01-18,444108.0,388595.0,277568.0,410620.0,157931.0,63172.0,106586.0,151613.0,-45027.0,Paid
VAT-B2DAD306,GR0000000016,2022-Q1,2022-04-25,1787723.0,210320.0,105160.0,690456.0,265560.0,106224.0,429054.0,254937.0,174116.0,Paid
VAT-14756EBB,GR0000000016,2022-Q2,2022-07-22,2068471.0,243349.0,121675.0,915368.0,352065.0,140826.0,496433.0,337982.0,158451.0,Paid
VAT-1C127804,GR0000000016,2022-Q3,2022-10-20,1916347.0,225453.0,112726.0,818652.0,314866.0,125946.0,459923.0,302271.0,157652.0,Paid
VAT-9B3E0B53,GR0000000016,2022-Q4,2023-01-19,1996816.0,234919.0,117460.0,813659.0,312946.0,125178.0,479236.0,300428.0,178808.0,Paid
VAT-7CCFD4FF,GR0000000016,2023-Q1,2023-04-21,1808992.0,212823.0,106411.0,766404.0,294771.0,117908.0,434158.0,282980.0,151178.0,Paid
VAT-A5700743,GR0000000016,2023-Q2,2023-07-23,1508295.0,177446.0,88723.0,652947.0,251134.0,100453.0,361991.0,241088.0,120902.0,Paid
VAT-2C556C68,GR0000000016,2023-Q3,2023-10-26,1794882.0,211163.0,105581.0,735449.0,282865.0,113146.0,430772.0,271550.0,159221.0,Paid
VAT-FAE6D4C5,GR0000000016,2023-Q4,2024-01-16,1555811.0,183037.0,91518.0,596746.0,229518.0,91807.0,373395.0,220337.0,153057.0,Paid
VAT-D025D828,GR0000000016,2024-Q1,2024-04-11,1775873.0,208926.0,104463.0,784666.0,301795.0,120718.0,426209.0,289723.0,136486.0,Paid
VAT-3D9B975D,GR0000000016,2024-Q2,2024-07-23,1888795.0,222211.0,111106.0,787473.0,302874.0,121150.0,453311.0,290759.0,162552.0,Paid
VAT-D793A709,GR0000000016,2024-Q3,2024-10-25,1770841.0,208334.0,104167.0,775568.0,298295.0,119318.0,425002.0,286363.0,138638.0,Paid
VAT-2C5B7428,GR0000000016,2024-Q4,2025-01-17,1751615.0,206072.0,103036.0,731088.0,281188.0,112475.0,420388.0,269940.0,150447.0,Partial
VAT-C67DE5F8,GR0000000017,2023-Q1,2023-04-10,220321.0,78686.0,15737.0,86179.0,33146.0,13258.0,52877.0,31820.0,21057.0,Paid
VAT-F447CB96,GR0000000017,2023-Q2,2023-07-24,250979.0,89635.0,17927.0,89075.0,34260.0,13704.0,60235.0,32889.0,27346.0,Paid
VAT-C68EB25D,GR0000000017,2023-Q3,2023-10-22,247079.0,88242.0,17648.0,86610.0,33312.0,13325.0,59299.0,31979.0,27320.0,Paid
VAT-54F6185C,GR0000000017,2023-Q4,2024-01-16,315881.0,112815.0,22563.0,113834.0,43782.0,17513.0,75811.0,42031.0,33780.0,Paid
VAT-C01C890E,GR0000000017,2024-Q1,2024-04-22,139935.0,49977.0,9995.0,56560.0,21754.0,8702.0,33584.0,20884.0,12701.0,Paid
VAT-911989C8,GR0000000017,2024-Q2,2024-07-20,152434.0,54441.0,10888.0,55628.0,21396.0,8558.0,36584.0,20540.0,16044.0,Paid
VAT-95981E16,GR0000000017,2024-Q3,2024-10-13,150139.0,53621.0,10724.0,53520.0,20585.0,8234.0,36033.0,19761.0,16272.0,Paid
VAT-C9705136,GR0000000017,2024-Q4,2025-01-13,194772.0,69561.0,13912.0,76497.0,29422.0,11769.0,46745.0,28245.0,18500.0,Paid
VAT-74AC378A,GR0000000018,2022-Q1,2022-04-10,291958.0,255463.0,182474.0,264122.0,101586.0,40634.0,70070.0,97522.0,-27452.0,Paid
VAT-8252BECE,GR0000000018,2022-Q2,2022-07-24,360577.0,315505.0,225361.0,327728.0,126049.0,50420.0,86538.0,121007.0,-34469.0,Paid
VAT-5FF74B1C,GR0000000018,2022-Q3,2022-10-23,413562.0,361866.0,258476.0,419660.0,161408.0,64563.0,99255.0,154951.0,-55697.0,Paid
VAT-E470D27F,GR0000000018,2022-Q4,2023-01-15,471998.0,412998.0,294999.0,484111.0,186196.0,74479.0,113279.0,178748.0,-65469.0,Paid
VAT-851FF03E,GR0000000018,2023-Q1,2023-04-22,258694.0,226357.0,161684.0,248477.0,95568.0,38227.0,62087.0,91745.0,-29659.0,Paid
VAT-D68B9F93,GR0000000018,2023-Q2,2023-07-13,325292.0,284631.0,203308.0,336617.0,129468.0,51787.0,78070.0,124289.0,-46219.0,Paid
VAT-09F33536,GR0000000018,2023-Q3,2023-10-25,323701.0,283238.0,202313.0,340247.0,130864.0,52346.0,77688.0,125630.0,-47941.0,Paid
VAT-7F71A08E,GR0000000018,2023-Q4,2024-01-17,370642.0,324311.0,231651.0,352440.0,135554.0,54222.0,88954.0,130132.0,-41178.0,Paid
VAT-27B0C1C6,GR0000000018,2024-Q1,2024-04-22,305243.0,267088.0,190777.0,290177.0,111607.0,44643.0,73258.0,107142.0,-33884.0,Paid
VAT-A73CED52,GR0000000018,2024-Q2,2024-07-15,354114.0,309850.0,221321.0,323101.0,124269.0,49708.0,84987.0,119299.0,-34311.0,Paid
VAT-E41FE0CB,GR0000000018,2024-Q3,2024-10-18,387476.0,339042.0,242173.0,382455.0,147098.0,58839.0,92994.0,141214.0,-48220.0,Paid
VAT-F9E587A1,GR0000000018,2024-Q4,2025-01-13,425975.0,372728.0,266234.0,439217.0,168930.0,67572.0,102234.0,162173.0,-59939.0,Paid
VAT-8E05D047,GR0000000019,2022-Q1,2022-04-26,222787.0,72739.0,37010.0,181569.0,68213.0,27200.0,53469.0,69497.0,-16028.0,Paid
VAT-AF28616C,GR0000000019,2022-Q2,2022-07-21,338911.0,99146.0,53397.0,270336.0,105744.0,40852.0,81339.0,105166.0,-23827.0,Paid
VAT-85ADFA72,GR0000000019,2022-Q3,2022-10-17,276636.0,79042.0,41519.0,210987.0,81315.0,31859.0,66393.0,81191.0,-14798.0,Paid
VAT-17B0088E,GR0000000019,2022-Q4,2023-01-22,267411.0,82490.0,42396.0,198204.0,76844.0,29989.0,64179.0,77334.0,-13155.0,Paid
VAT-CDF301EF,GR0000000019,2023-Q1,2023-04-19,165543.0,48948.0,26230.0,124931.0,46260.0,18422.0,39730.0,47396.0,-7665.0,Paid
VAT-AFC601EE,GR0000000019,2023-Q2,2023-07-28,306138.0,84404.0,44423.0,244437.0,89784.0,34780.0,73473.0,93756.0,-20283.0,Paid
VAT-867B498C,GR0000000019,2023-Q3,2023-10-25,249529.0,68819.0,37559.0,196171.0,74078.0,28764.0,59887.0,75483.0,-15596.0,Paid
VAT-6AD8BF76,GR0000000019,2023-Q4,2024-02-06,234351.0,69610.0,36392.0,181791.0,67921.0,26994.0,56244.0,68780.0,-12536.0,Paid
VAT-7E5461EE,GR0000000019,2024-Q1,2024-04-16,226429.0,67523.0,35378.0,189267.0,68234.0,27455.0,54343.0,72589.0,-18246.0,Paid
VAT-8CD1D9A5,GR0000000019,2024-Q2,2024-07-23,343074.0,99404.0,52204.0,272105.0,104954.0,40280.0,82338.0,105368.0,-23031.0,Paid
VAT-BF5AF7B6,GR0000000019,2024-Q3,2024-10-15,243648.0,71245.0,38263.0,185153.0,71334.0,28004.0,58475.0,72527.0,-14052.0,Paid
VAT-4F42F9CD,GR0000000019,2024-Q4,2025-01-30,247520.0,76040.0,38433.0,191428.0,75287.0,29109.0,59405.0,73796.0,-14391.0,Paid
VAT-9BC9782F,GR0000000020,2022-Q1,2022-04-20,17532600.0,6183039.0,1349228.0,6588770.0,2376655.0,933357.0,4207824.0,2490205.0,1717619.0,Paid
VAT-7C2290E9,GR0000000020,2022-Q2,2022-07-27,18355226.0,6653676.0,1387758.0,6089006.0,2255752.0,884331.0,4405254.0,2375741.0,2029513.0,Paid
VAT-0718A6EE,GR0000000020,2022-Q3,2022-10-19,17843252.0,6843397.0,1472511.0,6088998.0,2232649.0,881064.0,4282381.0,2378496.0,1903885.0,Paid
VAT-D8D38C7B,GR0000000020,2022-Q4,2023-01-28,19200073.0,7270601.0,1490019.0,6638217.0,2368020.0,946901.0,4608018.0,2521148.0,2086869.0,Partial
VAT-F826412A,GR0000000020,2023-Q1,2023-04-26,20139691.0,7284151.0,1513165.0,6418316.0,2358707.0,927174.0,4833526.0,2500934.0,2332592.0,Partial
VAT-9B4AE517,GR0000000020,2023-Q2,2023-07-17,24589059.0,9138093.0,1815406.0,7882439.0,2949581.0,1164996.0,5901374.0,2999858.0,2901516.0,Paid
VAT-8328EF2D,GR0000000020,2023-Q3,2023-10-15,21247726.0,7718267.0,1595682.0,7256240.0,2795203.0,1090350.0,5099454.0,2813160.0,2286295.0,Unpaid
VAT-19576E85,GR0000000020,2023-Q4,2024-02-02,26035626.0,9621912.0,1910049.0,8342646.0,3195279.0,1255694.0,6248550.0,3247718.0,3000833.0,Partial
VAT-D3CBBC99,GR0000000020,2024-Q1,2024-05-06,19202942.0,6663055.0,1412172.0,5991612.0,2223324.0,880532.0,4608706.0,2303192.0,2305515.0,Paid
VAT-CFCAD39C,GR0000000020,2024-Q2,2024-07-16,20657809.0,8212323.0,1658917.0,7060189.0,2662416.0,1072142.0,4957874.0,2729662.0,2228212.0,Paid
VAT-F0B9867C,GR0000000020,2024-Q3,2024-10-31,17720059.0,6790012.0,1463155.0,5816713.0,2185016.0,850006.0,4252814.0,2199959.0,2052855.0,Paid
VAT-10C47496,GR0000000020,2024-Q4,2025-01-31,24189779.0,8570489.0,1878514.0,8627037.0,3228739.0,1267952.0,5805547.0,3334747.0,2470800.0,Paid
VAT-78049DDB,GR0000000021,2022-Q1,2022-04-23,1604847.0,802423.0,267474.0,861191.0,331227.0,132491.0,385163.0,317978.0,67185.0,Paid
VAT-7E4F7914,GR0000000021,2022-Q2,2022-07-26,5057202.0,2528601.0,842867.0,2405370.0,925142.0,370057.0,1213729.0,888136.0,325592.0,Paid
VAT-A851F21D,GR0000000021,2022-Q3,2022-10-14,5987273.0,2993637.0,997879.0,3230808.0,1242619.0,497047.0,1436946.0,1192914.0,244032.0,Paid
VAT-BC6CF8E3,GR0000000021,2022-Q4,2023-01-26,3574031.0,1787015.0,595672.0,1687009.0,648850.0,259540.0,857767.0,622896.0,234872.0,Paid
VAT-F95A4F02,GR0000000021,2023-Q1,2023-04-15,1397635.0,698818.0,232939.0,625842.0,240708.0,96283.0,335432.0,231080.0,104353.0,Paid
VAT-5684A2FC,GR0000000021,2023-Q2,2023-07-16,4560785.0,2280392.0,760131.0,2378283.0,914724.0,365890.0,1094588.0,878135.0,216453.0,Paid
VAT-3818E07A,GR0000000021,2023-Q3,2023-10-12,5428452.0,2714226.0,904742.0,2929131.0,1126589.0,450636.0,1302828.0,1081525.0,221303.0,Paid
VAT-42F483AA,GR0000000021,2023-Q4,2024-01-21,2996186.0,1498093.0,499364.0,1561749.0,600673.0,240269.0,719085.0,576646.0,142439.0,Paid
VAT-157FCD4E,GR0000000021,2024-Q1,2024-04-19,3425714.0,1712857.0,570952.0,1813210.0,697388.0,278955.0,822171.0,669493.0,152679.0,Paid
VAT-42200BCA,GR0000000021,2024-Q2,2024-07-17,9656736.0,4828368.0,1609456.0,4723752.0,1816828.0,726731.0,2317617.0,1744155.0,573462.0,Partial
VAT-C1E5F4A5,GR0000000021,2024-Q3,2024-10-11,12449106.0,6224553.0,2074851.0,5736245.0,2206248.0,882499.0,2987785.0,2117998.0,869787.0,Paid
VAT-911F8BCF,GR0000000021,2024-Q4,2025-01-20,5900386.0,2950193.0,983398.0,2739719.0,1053738.0,421495.0,1416093.0,1011588.0,404504.0,Paid
VAT-6CFB23EA,GR0000000022,2022-Q1,2022-04-12,11076898.0,2076918.0,692306.0,6650523.0,2557893.0,1023157.0,2658456.0,2455578.0,202878.0,Paid
VAT-E82C8FE0,GR0000000022,2022-Q2,2022-07-14,9866687.0,1850004.0,616668.0,5482639.0,2108707.0,843483.0,2368005.0,2024359.0,343646.0,Paid
VAT-CFA33D22,GR0000000022,2022-Q3,2022-10-11,9134656.0,1712748.0,570916.0,5096882.0,1960339.0,784136.0,2192318.0,1881926.0,310392.0,Paid
VAT-54E27105,GR0000000022,2022-Q4,2023-01-18,12907389.0,2420135.0,806712.0,7656899.0,2944961.0,1177985.0,3097773.0,2827163.0,270611.0,Paid
VAT-FCE42C93,GR0000000022,2023-Q1,2023-04-15,9024063.0,1692012.0,564004.0,4841059.0,1861946.0,744778.0,2165775.0,1787468.0,378307.0,Paid
VAT-1505EFDB,GR0000000022,2023-Q2,2023-07-17,7901001.0,1481438.0,493813.0,4369473.0,1680567.0,672227.0,1896240.0,1613344.0,282896.0,Paid
VAT-964A2C95,GR0000000022,2023-Q3,2023-10-13,8241491.0,1545280.0,515093.0,4464126.0,1716972.0,686789.0,1977958.0,1648293.0,329665.0,Paid
VAT-2830188A,GR0000000022,2023-Q4,2024-01-12,9943526.0,1864411.0,621470.0,5285644.0,2032940.0,813176.0,2386446.0,1951622.0,434824.0,Paid
VAT-7B301876,GR0000000022,2024-Q1,2024-04-24,14743325.0,2764374.0,921458.0,7876210.0,3029312.0,1211725.0,3538398.0,2908139.0,630259.0,Paid
VAT-E95A9324,GR0000000022,2024-Q2,2024-07-15,13125198.0,2460975.0,820325.0,7478912.0,2876505.0,1150602.0,3150048.0,2761444.0,388603.0,Paid
VAT-ABA4E2B5,GR0000000022,2024-Q3,2024-10-21,11397830.0,2137093.0,712364.0,6901832.0,2654551.0,1061820.0,2735479.0,2548369.0,187110.0,Paid
VAT-7019DCE7,GR0000000022,2024-Q4,2025-01-12,16649735.0,3121825.0,1040608.0,8840217.0,3400083.0,1360033.0,3995936.0,3264080.0,731856.0,Paid
VAT-9F8D6822,GR0000000023,2022-Q1,2022-04-23,257124.0,103653.0,43334.0,205719.0,78426.0,30495.0,61710.0,79778.0,-18068.0,Paid
VAT-717A665A,GR0000000023,2022-Q2,2022-07-20,332951.0,137414.0,58631.0,278751.0,99525.0,39841.0,79908.0,106891.0,-26983.0,Paid
VAT-24B63F25,GR0000000023,2022-Q3,2022-11-03,352314.0,137116.0,59840.0,270283.0,102949.0,39721.0,84555.0,102517.0,-17962.0,Paid
VAT-64E41490,GR0000000023,2022-Q4,2023-01-28,249664.0,98428.0,40227.0,174481.0,65328.0,26077.0,59919.0,67961.0,-8042.0,Paid
VAT-542FEFAC,GR0000000023,2023-Q1,2023-04-14,249867.0,98662.0,42041.0,186696.0,69805.0,27038.0,59968.0,71143.0,-11175.0,Paid
VAT-53AA4461,GR0000000023,2023-Q2,2023-08-09,363943.0,148627.0,60096.0,277822.0,103543.0,41268.0,87346.0,107099.0,-19753.0,Paid
VAT-52012CF1,GR0000000023,2023-Q3,2023-10-20,404459.0,175110.0,69638.0,310158.0,110489.0,43771.0,97070.0,115657.0,-18587.0,Paid
VAT-AC9E9AA4,GR0000000023,2023-Q4,2024-01-29,251037.0,96222.0,39416.0,180632.0,68901.0,27595.0,60249.0,69419.0,-9170.0,Paid
VAT-2C921D09,GR0000000023,2024-Q1,2024-04-24,351888.0,139209.0,58250.0,276375.0,104094.0,39943.0,84453.0,104155.0,-19702.0,Paid
VAT-91FE02E4,GR0000000023,2024-Q2,2024-07-22,594937.0,244081.0,100074.0,454236.0,166774.0,66550.0,142785.0,173949.0,-31165.0,Paid
VAT-194F1189,GR0000000023,2024-Q3,2024-11-06,524372.0,200317.0,85231.0,416033.0,154935.0,60719.0,125849.0,162683.0,-36834.0,Paid
VAT-B852995E,GR0000000023,2024-Q4,2025-01-25,363954.0,150779.0,63454.0,289361.0,109497.0,42806.0,87349.0,110494.0,-23145.0,Paid
VAT-1F4ECB91,GR0000000024,2022-Q1,2022-04-18,116417.0,33767.0,16915.0,84190.0,32916.0,12659.0,27940.0,33447.0,-5507.0,Paid
VAT-479B490D,GR0000000024,2022-Q2,2022-07-28,194638.0,53880.0,28422.0,136981.0,52981.0,20942.0,46713.0,53791.0,-7078.0,Paid
VAT-B9162005,GR0000000024,2022-Q3,2022-10-15,158979.0,46389.0,23920.0,116509.0,43818.0,17278.0,38155.0,44319.0,-6164.0,Paid
VAT-F28DDBF6,GR0000000024,2022-Q4,2023-01-20,150822.0,45998.0,23360.0,118632.0,43334.0,17108.0,36197.0,45069.0,-8872.0,Paid
VAT-70687464,GR0000000024,2023-Q1,2023-04-21,93053.0,28524.0,14986.0,71219.0,26814.0,10477.0,22333.0,27251.0,-4918.0,Paid
VAT-B3462B58,GR0000000024,2023-Q2,2023-07-27,155169.0,46305.0,23982.0,121690.0,45220.0,17584.0,37241.0,46340.0,-9100.0,Paid
VAT-002D9794,GR0000000024,2023-Q3,2023-10-16,132198.0,39102.0,19475.0,94071.0,35864.0,13894.0,31728.0,36894.0,-5167.0,Paid
VAT-A46CF0C2,GR0000000024,2023-Q4,2024-01-26,118920.0,35342.0,18462.0,85941.0,33228.0,12822.0,28541.0,34130.0,-5589.0,Paid
VAT-F2D84EB8,GR0000000024,2024-Q1,2024-04-25,78241.0,24116.0,12289.0,59840.0,22038.0,8648.0,18778.0,23462.0,-4684.0,Paid
VAT-D05624D6,GR0000000024,2024-Q2,2024-08-05,113138.0,33770.0,17603.0,88046.0,32242.0,12634.0,27153.0,33280.0,-6127.0,Paid
VAT-E0077565,GR0000000024,2024-Q3,2024-11-05,96832.0,31007.0,15298.0,70728.0,26556.0,10579.0,23240.0,27074.0,-3834.0,Paid
VAT-8C4B84F9,GR0000000024,2024-Q4,2025-02-02,102908.0,30572.0,16118.0,75119.0,28129.0,11160.0,24698.0,28483.0,-3785.0,Paid
VAT-F513A2DD,GR0000000025,2022-Q1,2022-04-17,623746.0,73382.0,36691.0,306844.0,118017.0,47207.0,149699.0,113296.0,36403.0,Paid
VAT-44D1F0F7,GR0000000025,2022-Q2,2022-07-22,600281.0,70621.0,35311.0,257485.0,99033.0,39613.0,144067.0,95071.0,48996.0,Paid
VAT-DC85F8DF,GR0000000025,2022-Q3,2022-10-19,628378.0,73927.0,36963.0,275939.0,106130.0,42452.0,150811.0,101885.0,48926.0,Paid
VAT-583281B3,GR0000000025,2022-Q4,2023-01-19,593418.0,69814.0,34907.0,278534.0,107129.0,42851.0,142420.0,102843.0,39577.0,Paid
VAT-AB4DB075,GR0000000025,2023-Q1,2023-04-25,358370.0,42161.0,21081.0,177159.0,68138.0,27255.0,86009.0,65412.0,20596.0,Partial
VAT-C0EBEA34,GR0000000025,2023-Q2,2023-07-21,380548.0,44770.0,22385.0,171895.0,66114.0,26445.0,91331.0,63469.0,27862.0,Paid
VAT-2F1AF99E,GR0000000025,2023-Q3,2023-10-11,335558.0,39477.0,19739.0,153383.0,58994.0,23597.0,80534.0,56634.0,23900.0,Paid
VAT-8E96EA49,GR0000000025,2023-Q4,2024-01-17,384443.0,45229.0,22614.0,171134.0,65821.0,26328.0,92266.0,63188.0,29078.0,Paid
VAT-E3E91879,GR0000000025,2024-Q1,2024-04-24,401687.0,47257.0,23629.0,196997.0,75768.0,30307.0,96405.0,72737.0,23668.0,Paid
VAT-18108A8F,GR0000000025,2024-Q2,2024-07-21,340893.0,40105.0,20053.0,167721.0,64508.0,25803.0,81814.0,61928.0,19886.0,Paid
VAT-5E751225,GR0000000025,2024-Q3,2024-10-14,376893.0,44340.0,22170.0,181227.0,69703.0,27881.0,90454.0,66914.0,23540.0,Paid
VAT-5DFAABD6,GR0000000025,2024-Q4,2025-01-17,373997.0,44000.0,22000.0,182374.0,70144.0,28057.0,89759.0,67338.0,22421.0,Paid
VAT-D658B6F2,GR0000000026,2022-Q1,2022-04-10,463872.0,86976.0,28992.0,297343.0,114363.0,45745.0,111329.0,109788.0,1541.0,Paid
VAT-6B277B1B,GR0000000026,2022-Q2,2022-07-12,331341.0,62127.0,20709.0,195796.0,75306.0,30122.0,79522.0,72294.0,7228.0,Paid
VAT-18935233,GR0000000026,2022-Q3,2022-10-16,394318.0,73935.0,24645.0,229475.0,88259.0,35304.0,94636.0,84729.0,9907.0,Paid
VAT-33426BC0,GR0000000026,2022-Q4,2023-01-18,437932.0,82112.0,27371.0,274643.0,105632.0,42253.0,105104.0,101407.0,3697.0,Paid
VAT-8E6ABD20,GR0000000026,2023-Q1,2023-04-13,236405.0,44326.0,14775.0,150340.0,57823.0,23129.0,56737.0,55510.0,1227.0,Paid
VAT-510EE1FD,GR0000000026,2023-Q2,2023-07-24,184130.0,34524.0,11508.0,110721.0,42585.0,17034.0,44191.0,40882.0,3310.0,Paid
VAT-D8542032,GR0000000026,2023-Q3,2023-10-22,198699.0,37256.0,12419.0,120718.0,46430.0,18572.0,47688.0,44573.0,3115.0,Paid
VAT-BD97AAE5,GR0000000026,2023-Q4,2024-01-26,229369.0,43007.0,14336.0,135314.0,52044.0,20818.0,55049.0,49962.0,5087.0,Paid
VAT-A0F28DAA,GR0000000026,2024-Q1,2024-04-25,774943.0,145302.0,48434.0,457218.0,175853.0,70341.0,185986.0,168819.0,17168.0,Paid
VAT-AD14D8BE,GR0000000026,2024-Q2,2024-07-19,632095.0,118518.0,39506.0,362695.0,139498.0,55799.0,151703.0,133918.0,17785.0,Paid
VAT-582173D3,GR0000000026,2024-Q3,2024-10-17,556521.0,104348.0,34783.0,323744.0,124517.0,49807.0,133565.0,119536.0,14029.0,Paid
VAT-91C6D911,GR0000000026,2024-Q4,2025-01-17,770389.0,144448.0,48149.0,481367.0,185141.0,74056.0,184893.0,177736.0,7158.0,Paid
VAT-D6BFCAEB,GR0000000027,2022-Q1,2022-04-10,204943.0,102472.0,34157.0,103311.0,39735.0,15894.0,49186.0,38146.0,11041.0,Paid
VAT-64745664,GR0000000027,2022-Q2,2022-07-15,550066.0,275033.0,91678.0,292938.0,112668.0,45067.0,132016.0,108162.0,23854.0,Paid
VAT-5B2052A9,GR0000000027,2022-Q3,2022-10-11,711318.0,355659.0,118553.0,405129.0,155819.0,62327.0,170716.0,149586.0,21130.0,Paid
VAT-BC3D70B4,GR0000000027,2022-Q4,2023-01-20,411146.0,205573.0,68524.0,234368.0,90141.0,36057.0,98675.0,86536.0,12139.0,Paid
VAT-9F52E69D,GR0000000027,2023-Q1,2023-04-14,113928.0,56964.0,18988.0,56504.0,21732.0,8693.0,27343.0,20863.0,6480.0,Paid
VAT-8BE26457,GR0000000027,2023-Q2,2023-07-25,354632.0,177316.0,59105.0,204723.0,78740.0,31496.0,85112.0,75590.0,9522.0,Paid
VAT-78CE52EB,GR0000000027,2023-Q3,2023-10-20,449424.0,224712.0,74904.0,246978.0,94992.0,37997.0,107862.0,91192.0,16670.0,Paid
VAT-5CE76AB2,GR0000000027,2023-Q4,2024-01-16,224831.0,112416.0,37472.0,130418.0,50161.0,20064.0,53960.0,48154.0,5805.0,Paid
VAT-F26F66C1,GR0000000027,2024-Q1,2024-04-11,156572.0,78286.0,26095.0,90046.0,34633.0,13853.0,37577.0,33248.0,4330.0,Paid
VAT-53DD4B77,GR0000000027,2024-Q2,2024-07-13,473038.0,236519.0,78840.0,254015.0,97698.0,39079.0,113529.0,93790.0,19739.0,Paid
VAT-DAF10524,GR0000000027,2024-Q3,2024-10-12,603141.0,301571.0,100524.0,337990.0,129996.0,51999.0,144754.0,124796.0,19958.0,Paid
VAT-99D5EEC0,GR0000000027,2024-Q4,2025-01-26,326359.0,163179.0,54393.0,173099.0,66576.0,26631.0,78326.0,63913.0,14413.0,Paid
VAT-7A2758DA,GR0000000028,2022-Q1,2022-04-23,345551.0,123411.0,24682.0,145712.0,56043.0,22417.0,82932.0,53801.0,29131.0,Paid
VAT-323B9CE4,GR0000000028,2022-Q2,2022-07-24,349062.0,124665.0,24933.0,161615.0,62160.0,24864.0,83775.0,59673.0,24102.0,Paid
VAT-7626D497,GR0000000028,2022-Q3,2022-10-17,312425.0,111580.0,22316.0,127905.0,49194.0,19678.0,74982.0,47226.0,27755.0,Paid
VAT-61EEAE3C,GR0000000028,2022-Q4,2023-01-13,402367.0,143702.0,28740.0,163441.0,62862.0,25145.0,96568.0,60348.0,36220.0,Paid
VAT-BDA891CA,GR0000000028,2023-Q1,2023-04-21,700496.0,250177.0,50035.0,302694.0,116421.0,46568.0,168119.0,111764.0,56355.0,Paid
VAT-40988484,GR0000000028,2023-Q2,2023-07-21,800166.0,285774.0,57155.0,370974.0,142682.0,57073.0,192040.0,136975.0,55065.0,Paid
VAT-859A738F,GR0000000028,2023-Q3,2023-10-22,720458.0,257307.0,51461.0,316292.0,121651.0,48660.0,172910.0,116785.0,56125.0,Paid
VAT-E1BEB277,GR0000000028,2023-Q4,2024-01-26,817500.0,291964.0,58393.0,361045.0,138864.0,55545.0,196200.0,133309.0,62891.0,Partial
VAT-4D72E77A,GR0000000028,2024-Q1,2024-04-18,601587.0,214853.0,42971.0,237273.0,91259.0,36504.0,144381.0,87609.0,56772.0,Paid
VAT-5BFAB75E,GR0000000028,2024-Q2,2024-07-18,660135.0,235762.0,47152.0,256746.0,98749.0,39499.0,158432.0,94799.0,63634.0,Paid
VAT-357ED9D8,GR0000000028,2024-Q3,2024-10-23,622826.0,222438.0,44488.0,233199.0,89692.0,35877.0,149478.0,86104.0,63374.0,Paid
VAT-AC04B192,GR0000000028,2024-Q4,2025-01-26,745727.0,266331.0,53266.0,293649.0,112942.0,45177.0,178974.0,108424.0,70550.0,Paid
VAT-4372DD9D,GR0000000029,2022-Q1,2022-04-18,105154.0,40444.0,16177.0,81395.0,31306.0,12522.0,25237.0,30053.0,-4817.0,Paid
VAT-F4D6C326,GR0000000029,2022-Q2,2022-07-14,153163.0,58909.0,23564.0,113937.0,43822.0,17529.0,36759.0,42069.0,-5310.0,Paid
VAT-7E9BA1FC,GR0000000029,2022-Q3,2022-10-20,160148.0,61595.0,24638.0,124185.0,47763.0,19105.0,38436.0,45853.0,-7417.0,Paid
VAT-467E00AB,GR0000000029,2022-Q4,2023-01-25,110898.0,42653.0,17061.0,79183.0,30455.0,12182.0,26615.0,29237.0,-2621.0,Paid
VAT-DA9404B9,GR0000000029,2023-Q1,2023-04-15,101176.0,38914.0,15565.0,73220.0,28162.0,11265.0,24282.0,27035.0,-2753.0,Paid
VAT-F6D5C9AD,GR0000000029,2023-Q2,2023-07-22,130786.0,50302.0,20121.0,104442.0,40170.0,16068.0,31389.0,38563.0,-7174.0,Paid
VAT-924ED140,GR0000000029,2023-Q3,2023-10-19,149634.0,57552.0,23021.0,110932.0,42666.0,17066.0,35912.0,40960.0,-5047.0,Paid
VAT-1C5C5FF4,GR0000000029,2023-Q4,2024-01-18,93489.0,35957.0,14383.0,66012.0,25389.0,10156.0,22437.0,24374.0,-1936.0,Paid
VAT-F5DFCCD7,GR0000000029,2024-Q1,2024-04-12,244954.0,94213.0,37685.0,185083.0,71186.0,28474.0,58789.0,68339.0,-9550.0,Paid
VAT-5AC9E88F,GR0000000029,2024-Q2,2024-07-25,362791.0,139535.0,55814.0,289227.0,111241.0,44496.0,87070.0,106792.0,-19722.0,Paid
VAT-12F3379A,GR0000000029,2024-Q3,2024-10-14,364939.0,140361.0,56145.0,284135.0,109283.0,43713.0,87585.0,104911.0,-17326.0,Paid
VAT-5135D39C,GR0000000029,2024-Q4,2025-01-16,230454.0,88636.0,35454.0,177364.0,68217.0,27287.0,55309.0,65488.0,-10179.0,Paid
VAT-3FBE0DCF,GR0000000030,2022-Q1,2022-04-18,176415.0,67852.0,27141.0,138474.0,53259.0,21304.0,42340.0,51129.0,-8789.0,Paid
VAT-3E3A0ABE,GR0000000030,2022-Q2,2022-07-17,258780.0,99531.0,39812.0,203337.0,78207.0,31283.0,62107.0,75078.0,-12971.0,Paid
VAT-76E8C245,GR0000000030,2022-Q3,2022-10-22,252525.0,97125.0,38850.0,197116.0,75814.0,30325.0,60606.0,72781.0,-12175.0,Paid
VAT-E51A9954,GR0000000030,2022-Q4,2023-01-25,181076.0,69644.0,27858.0,136936.0,52668.0,21067.0,43458.0,50561.0,-7103.0,Paid
VAT-C00CF934,GR0000000030,2023-Q1,2023-04-19,121480.0,46723.0,18689.0,89048.0,34249.0,13700.0,29155.0,32879.0,-3724.0,Paid
VAT-A8E81BED,GR0000000030,2023-Q2,2023-07-24,168539.0,64823.0,25929.0,133520.0,51354.0,20542.0,40449.0,49300.0,-8850.0,Paid
VAT-E46CACC7,GR0000000030,2023-Q3,2023-10-15,154436.0,59398.0,23759.0,109533.0,42128.0,16851.0,37065.0,40443.0,-3378.0,Paid
VAT-80E19BA4,GR0000000030,2023-Q4,2024-01-20,105374.0,40528.0,16211.0,74305.0,28579.0,11431.0,25290.0,27436.0,-2146.0,Paid
VAT-F493870D,GR0000000030,2024-Q1,2024-04-19,185946.0,71518.0,28607.0,139077.0,53491.0,21396.0,44627.0,51351.0,-6724.0,Paid
VAT-256908F4,GR0000000030,2024-Q2,2024-07-16,291947.0,112287.0,44915.0,213215.0,82006.0,32802.0,70067.0,78725.0,-8658.0,Paid
VAT-2A609D89,GR0000000030,2024-Q3,2024-10-26,259611.0,99851.0,39940.0,187227.0,72010.0,28804.0,62307.0,69130.0,-6823.0,Paid
VAT-068368A3,GR0000000030,2024-Q4,2025-01-20,174341.0,67054.0,26822.0,138812.0,53389.0,21356.0,41842.0,51254.0,-9412.0,Paid
VAT-969976FF,GR0000000031,2022-Q1,2022-04-19,52320.0,14949.0,7474.0,35935.0,13821.0,5528.0,12557.0,13268.0,-711.0,Paid
VAT-FC2901E3,GR0000000031,2022-Q2,2022-07-19,93476.0,26707.0,13354.0,65551.0,25212.0,10085.0,22434.0,24204.0,-1769.0,Paid
VAT-69FB6096,GR0000000031,2022-Q3,2022-10-17,70522.0,20149.0,10075.0,48332.0,18589.0,7436.0,16925.0,17846.0,-920.0,Paid
VAT-34F7ECCF,GR0000000031,2022-Q4,2023-01-15,67175.0,19193.0,9596.0,45587.0,17534.0,7013.0,16122.0,16832.0,-710.0,Paid
VAT-76322CBE,GR0000000031,2023-Q1,2023-04-10,84363.0,24104.0,12052.0,60803.0,23386.0,9354.0,20247.0,22450.0,-2203.0,Paid
VAT-886B8A5D,GR0000000031,2023-Q2,2023-07-16,140168.0,40048.0,20024.0,103010.0,39619.0,15848.0,33640.0,38034.0,-4394.0,Paid
VAT-E2BE9E8F,GR0000000031,2023-Q3,2023-10-15,107762.0,30789.0,15395.0,73177.0,28145.0,11258.0,25863.0,27019.0,-1156.0,Paid
VAT-9E9F9ABE,GR0000000031,2023-Q4,2024-01-25,115071.0,32877.0,16439.0,80807.0,31080.0,12432.0,27617.0,29836.0,-2219.0,Paid
VAT-CA004B38,GR0000000031,2024-Q1,2024-04-12,67719.0,19348.0,9674.0,45874.0,17644.0,7058.0,16253.0,16938.0,-685.0,Paid
VAT-1439C19D,GR0000000031,2024-Q2,2024-07-20,99958.0,28559.0,14280.0,68034.0,26167.0,10467.0,23990.0,25120.0,-1130.0,Paid
VAT-F7DA4334,GR0000000031,2024-Q3,2024-10-14,85357.0,24388.0,12194.0,59998.0,23076.0,9231.0,20486.0,22153.0,-1668.0,Paid
VAT-45FC2393,GR0000000031,2024-Q4,2025-01-19,97441.0,27840.0,13920.0,67855.0,26098.0,10439.0,23386.0,25054.0,-1668.0,Paid
VAT-6D6B52A2,GR0000000032,2022-Q1,2022-04-10,14796849.0,4227671.0,2113836.0,9564131.0,3678512.0,1471405.0,3551244.0,3531372.0,19872.0,Paid
VAT-EE2605A2,GR0000000032,2022-Q2,2022-07-15,22325479.0,6378708.0,3189354.0,13825923.0,5317663.0,2127065.0,5358115.0,5104956.0,253159.0,Paid
VAT-4984244A,GR0000000032,2022-Q3,2022-10-11,17070514.0,4877290.0,2438645.0,10595012.0,4075005.0,1630002.0,4096923.0,3912005.0,184919.0,Paid
VAT-525618F3,GR0000000032,2022-Q4,2023-01-25,19095243.0,5455784.0,2727892.0,12454365.0,4790140.0,1916056.0,4582858.0,4598535.0,-15676.0,Paid
VAT-D92B9B67,GR0000000032,2023-Q1,2023-04-25,13397624.0,3827893.0,1913946.0,8599466.0,3307487.0,1322995.0,3215430.0,3175187.0,40242.0,Paid
VAT-D9C2B1C5,GR0000000032,2023-Q2,2023-07-19,17217936.0,4919410.0,2459705.0,10500922.0,4038816.0,1615526.0,4132305.0,3877263.0,255041.0,Paid
VAT-7D332AD2,GR0000000032,2023-Q3,2023-10-20,16680932.0,4765981.0,2382990.0,10851486.0,4173648.0,1669459.0,4003424.0,4006702.0,-3279.0,Paid
VAT-583FF11E,GR0000000032,2023-Q4,2024-01-15,14267303.0,4076372.0,2038186.0,8691422.0,3342855.0,1337142.0,3424153.0,3209140.0,215012.0,Paid
VAT-0087678E,GR0000000032,2024-Q1,2024-04-12,21853786.0,6243939.0,3121969.0,13214370.0,5082450.0,2032980.0,5244909.0,4879152.0,365757.0,Paid
VAT-0570A7E2,GR0000000032,2024-Q2,2024-07-18,32653076.0,9329450.0,4664725.0,21332860.0,8204946.0,3281978.0,7836738.0,7876748.0,-40010.0,Paid
VAT-6D74A04E,GR0000000032,2024-Q3,2024-10-17,25936671.0,7410477.0,3705239.0,15695920.0,6036892.0,2414757.0,6224801.0,5795416.0,429384.0,Paid
VAT-2A05AB79,GR0000000032,2024-Q4,2025-01-13,22701414.0,6486118.0,3243059.0,15401317.0,5923583.0,2369433.0,5448339.0,5686640.0,-238301.0,Paid
VAT-D0E2E29E,GR0000000033,2022-Q1,2022-04-19,11010372.0,3932276.0,786455.0,3700834.0,1423398.0,569359.0,2642489.0,1366462.0,1276028.0,Paid
VAT-E4421076,GR0000000033,2022-Q2,2022-07-15,9784218.0,3494363.0,698873.0,2968477.0,1141722.0,456689.0,2348212.0,1096053.0,1252159.0,Paid
VAT-E61461A7,GR0000000033,2022-Q3,2022-10-15,9761488.0,3486246.0,697249.0,3588802.0,1380308.0,552123.0,2342757.0,1325096.0,1017661.0,Paid
VAT-75F55D22,GR0000000033,2022-Q4,2023-01-19,11930072.0,4260740.0,852148.0,4420350.0,1700135.0,680054.0,2863217.0,1632129.0,1231088.0,Paid
VAT-F47B03BF,GR0000000033,2023-Q1,2023-04-24,13285010.0,4744646.0,948929.0,3816167.0,1467757.0,587103.0,3188402.0,1409046.0,1779356.0,Paid
VAT-18861066,GR0000000033,2023-Q2,2023-07-11,14300704.0,5107394.0,1021479.0,4058284.0,1560878.0,624351.0,3432169.0,1498443.0,1933726.0,Paid
VAT-A92D1BF0,GR0000000033,2023-Q3,2023-10-21,13781578.0,4921992.0,984398.0,3944969.0,1517296.0,606918.0,3307579.0,1456604.0,1850975.0,Paid
VAT-B3909125,GR0000000033,2023-Q4,2024-01-16,17313466.0,6183381.0,1236676.0,5732753.0,2204905.0,881962.0,4155232.0,2116709.0,2038523.0,Paid
VAT-EBDA9062,GR0000000033,2024-Q1,2024-04-10,8268284.0,2952958.0,590592.0,2511446.0,965941.0,386376.0,1984388.0,927303.0,1057085.0,Paid
VAT-55E269F5,GR0000000033,2024-Q2,2024-07-18,9440350.0,3371553.0,674311.0,3418152.0,1314674.0,525869.0,2265684.0,1262087.0,1003597.0,Paid
VAT-F45F643B,GR0000000033,2024-Q3,2024-10-25,8528623.0,3045937.0,609187.0,2517869.0,968411.0,387365.0,2046870.0,929675.0,1117195.0,Paid
VAT-570B8291,GR0000000033,2024-Q4,2025-01-26,10688515.0,3817327.0,763465.0,3931778.0,1512222.0,604889.0,2565244.0,1451733.0,1113510.0,Paid
VAT-EC84052A,GR0000000034,2022-Q1,2022-04-20,143599.0,55230.0,22092.0,101438.0,39014.0,15606.0,34464.0,37454.0,-2990.0,Paid
VAT-71E7CA47,GR0000000034,2022-Q2,2022-07-14,213777.0,82222.0,32889.0,153428.0,59011.0,23604.0,51306.0,56650.0,-5344.0,Paid
VAT-4CABB35C,GR0000000034,2022-Q3,2022-10-16,200882.0,77262.0,30905.0,138284.0,53186.0,21274.0,48212.0,51059.0,-2847.0,Paid
VAT-1E85B924,GR0000000034,2022-Q4,2023-01-22,125135.0,48129.0,19252.0,91230.0,35088.0,14035.0,30032.0,33685.0,-3652.0,Paid
VAT-93CBFDCC,GR0000000034,2023-Q1,2023-04-22,109653.0,42174.0,16870.0,76067.0,29257.0,11703.0,26317.0,28086.0,-1770.0,Paid
VAT-6C6D5627,GR0000000034,2023-Q2,2023-07-24,145117.0,55814.0,22326.0,99269.0,38180.0,15272.0,34828.0,36653.0,-1825.0,Paid
VAT-2D1BF9F3,GR0000000034,2023-Q3,2023-10-14,166259.0,63946.0,25578.0,124177.0,47761.0,19104.0,39902.0,45850.0,-5948.0,Paid
VAT-187C77A0,GR0000000034,2023-Q4,2024-01-16,102396.0,39383.0,15753.0,66860.0,25716.0,10286.0,24575.0,24687.0,-112.0,Paid
VAT-AF62EB88,GR0000000034,2024-Q1,2024-04-13,60853.0,23405.0,9362.0,42182.0,16224.0,6490.0,14605.0,15575.0,-970.0,Paid
VAT-9E3DFBCD,GR0000000034,2024-Q2,2024-07-14,105034.0,40398.0,16159.0,69172.0,26605.0,10642.0,25208.0,25540.0,-332.0,Paid
VAT-A57CDC5D,GR0000000034,2024-Q3,2024-10-17,95434.0,36706.0,14682.0,69649.0,26788.0,10715.0,22904.0,25716.0,-2812.0,Paid
VAT-29CE9C11,GR0000000034,2024-Q4,2025-01-24,61905.0,23809.0,9524.0,40746.0,15671.0,6269.0,14857.0,15045.0,-188.0,Paid
VAT-C646BD9F,GR0000000035,2022-Q1,2022-04-15,4225450.0,1760604.0,1056362.0,3140534.0,1207898.0,483159.0,1014108.0,1159582.0,-145474.0,Paid
VAT-B9339908,GR0000000035,2022-Q2,2022-07-24,5914438.0,2464349.0,1478609.0,4168079.0,1603107.0,641243.0,1419465.0,1538983.0,-119518.0,Paid
VAT-45C454CC,GR0000000035,2022-Q3,2022-10-17,5826174.0,2427573.0,1456544.0,4383301.0,1685885.0,674354.0,1398282.0,1618450.0,-220168.0,Paid
VAT-770929A9,GR0000000035,2022-Q4,2023-01-18,7135427.0,2973094.0,1783857.0,5103555.0,1962906.0,785162.0,1712502.0,1884389.0,-171887.0,Paid
VAT-5C7B0DA6,GR0000000035,2023-Q1,2023-04-22,6290384.0,2620993.0,1572596.0,4447375.0,1710529.0,684212.0,1509692.0,1642108.0,-132416.0,Paid
VAT-6BB62F35,GR0000000035,2023-Q2,2023-07-15,8452078.0,3521699.0,2113020.0,6459138.0,2484284.0,993714.0,2028499.0,2384913.0,-356414.0,Paid
VAT-B7A9126A,GR0000000035,2023-Q3,2023-10-16,8668061.0,3611692.0,2167015.0,6914826.0,2659548.0,1063819.0,2080335.0,2553166.0,-472832.0,Paid
VAT-B5204792,GR0000000035,2023-Q4,2024-01-26,10310051.0,4295855.0,2577513.0,7585965.0,2917679.0,1167072.0,2474412.0,2800972.0,-326559.0,Paid
VAT-6250D58B,GR0000000035,2024-Q1,2024-04-18,4128190.0,1720079.0,1032048.0,3162727.0,1216433.0,486573.0,990766.0,1167776.0,-177010.0,Paid
VAT-8C236E00,GR0000000035,2024-Q2,2024-07-21,4840244.0,2016768.0,1210061.0,3767690.0,1449112.0,579645.0,1161658.0,1391147.0,-229489.0,Paid
VAT-0A84D0CD,GR0000000035,2024-Q3,2024-10-21,5702187.0,2375911.0,1425547.0,4101057.0,1577329.0,630932.0,1368525.0,1514236.0,-145711.0,Paid
VAT-9608641E,GR0000000035,2024-Q4,2025-01-17,6847783.0,2853243.0,1711946.0,5021096.0,1931191.0,772476.0,1643468.0,1853943.0,-210475.0,Paid
VAT-AEA7B2FC,GR0000000036,2022-Q1,2022-04-23,2543910.0,299284.0,149642.0,1042923.0,401124.0,160450.0,610538.0,385079.0,225459.0,Paid
VAT-5D8A8F9C,GR0000000036,2022-Q2,2022-07-11,2555558.0,300654.0,150327.0,1093170.0,420450.0,168180.0,613334.0,403632.0,209702.0,Paid
VAT-D9B5AE09,GR0000000036,2022-Q3,2022-10-23,2615107.0,307660.0,153830.0,1026989.0,394996.0,157998.0,627626.0,379196.0,248430.0,Paid
VAT-1451F7B5,GR0000000036,2022-Q4,2023-01-14,2628134.0,309192.0,154596.0,1071642.0,412170.0,164868.0,630752.0,395683.0,235069.0,Paid
VAT-D9DCF684,GR0000000036,2023-Q1,2023-04-21,2237565.0,263243.0,131621.0,906946.0,348826.0,139530.0,537016.0,334872.0,202143.0,Paid
VAT-CEA2668F,GR0000000036,2023-Q2,2023-07-20,2037379.0,239692.0,119846.0,853627.0,328318.0,131327.0,488971.0,315185.0,173785.0,Paid
VAT-60B58A20,GR0000000036,2023-Q3,2023-10-14,2039570.0,239949.0,119975.0,930925.0,358048.0,143219.0,489497.0,343726.0,145771.0,Paid
VAT-53BAB4BE,GR0000000036,2023-Q4,2024-01-11,2242374.0,263809.0,131904.0,1023326.0,393587.0,157435.0,538170.0,377843.0,160326.0,Paid
VAT-92DFD0F2,GR0000000036,2024-Q1,2024-04-19,3100563.0,364772.0,182386.0,1325928.0,509972.0,203989.0,744135.0,489573.0,254562.0,Paid
VAT-067CA7DA,GR0000000036,2024-Q2,2024-07-26,3071275.0,361326.0,180663.0,1398136.0,537744.0,215098.0,737106.0,516235.0,220871.0,Paid
VAT-AA23AA2B,GR0000000036,2024-Q3,2024-10-20,3396094.0,399540.0,199770.0,1412374.0,543221.0,217288.0,815063.0,521492.0,293571.0,Paid
VAT-A39CCF86,GR0000000036,2024-Q4,2025-01-24,3125703.0,367730.0,183865.0,1390874.0,534952.0,213981.0,750169.0,513554.0,236615.0,Paid
VAT-C2212247,GR0000000037,2022-Q1,2022-04-21,729753.0,85853.0,42927.0,346839.0,133400.0,53360.0,175141.0,128064.0,47077.0,Paid
VAT-D08B67C1,GR0000000037,2022-Q2,2022-07-24,743156.0,87430.0,43715.0,338083.0,130032.0,52013.0,178357.0,124831.0,53527.0,Paid
VAT-9821A088,GR0000000037,2022-Q3,2022-10-14,763080.0,89774.0,44887.0,352124.0,135432.0,54173.0,183139.0,130015.0,53124.0,Paid
VAT-751538CF,GR0000000037,2022-Q4,2023-01-13,704910.0,82931.0,41465.0,325782.0,125301.0,50120.0,169178.0,120289.0,48890.0,Paid
VAT-36BD5416,GR0000000037,2023-Q1,2023-04-23,481400.0,56635.0,28318.0,206497.0,79422.0,31769.0,115536.0,76245.0,39291.0,Paid
VAT-F6692107,GR0000000037,2023-Q2,2023-07-15,534495.0,62882.0,31441.0,231601.0,89077.0,35631.0,128279.0,85514.0,42765.0,Paid
VAT-904BFECC,GR0000000037,2023-Q3,2023-10-14,498971.0,58702.0,29351.0,246752.0,94904.0,37962.0,119753.0,91108.0,28645.0,Paid
VAT-8DFE76EF,GR0000000037,2023-Q4,2024-01-13,509004.0,59883.0,29941.0,218205.0,83925.0,33570.0,122161.0,80568.0,41593.0,Paid
VAT-54E20EF7,GR0000000037,2024-Q1,2024-04-18,449969.0,52938.0,26469.0,204591.0,78689.0,31475.0,107993.0,75541.0,32451.0,Paid
VAT-7A9EBFCF,GR0000000037,2024-Q2,2024-07-22,499983.0,58822.0,29411.0,223476.0,85952.0,34381.0,119996.0,82514.0,37482.0,Paid
VAT-677BF424,GR0000000037,2024-Q3,2024-10-23,481986.0,56704.0,28352.0,213607.0,82156.0,32863.0,115677.0,78870.0,36807.0,Paid
VAT-AA869D67,GR0000000037,2024-Q4,2025-01-24,494343.0,58158.0,29079.0,212303.0,81655.0,32662.0,118642.0,78389.0,40254.0,Paid
VAT-87CE3839,GR0000000038,2022-Q1,2022-04-10,71128.0,62237.0,44455.0,73375.0,28221.0,11289.0,17071.0,27092.0,-10022.0,Paid
VAT-9138D068,GR0000000038,2022-Q2,2022-07-23,92170.0,80649.0,57606.0,96429.0,37088.0,14835.0,22121.0,35604.0,-13484.0,Paid
VAT-DC137937,GR0000000038,2022-Q3,2022-10-12,94918.0,83053.0,59324.0,97464.0,37486.0,14994.0,22780.0,35987.0,-13206.0,Paid
VAT-1B16F5FA,GR0000000038,2022-Q4,2023-01-17,108190.0,94667.0,67619.0,106271.0,40874.0,16349.0,25966.0,39239.0,-13273.0,Paid
VAT-223C08D7,GR0000000038,2023-Q1,2023-04-20,114874.0,100515.0,71796.0,129361.0,49754.0,19902.0,27570.0,47764.0,-20194.0,Paid
VAT-4DEC53FE,GR0000000038,2023-Q2,2023-07-19,124628.0,109050.0,77893.0,131963.0,50755.0,20302.0,29911.0,48725.0,-18814.0,Paid
VAT-5883CBE2,GR0000000038,2023-Q3,2023-10-21,133460.0,116778.0,83413.0,137302.0,52808.0,21123.0,32030.0,50696.0,-18666.0,Paid
VAT-FE953DDA,GR0000000038,2023-Q4,2024-01-13,152424.0,133371.0,95265.0,172353.0,66290.0,26516.0,36582.0,63638.0,-27056.0,Paid
VAT-5166D4CB,GR0000000038,2024-Q1,2024-04-12,55250.0,48344.0,34531.0,57420.0,22085.0,8834.0,13260.0,21201.0,-7941.0,Paid
VAT-F9C563E6,GR0000000038,2024-Q2,2024-07-20,71590.0,62641.0,44744.0,75030.0,28858.0,11543.0,17182.0,27704.0,-10522.0,Paid
VAT-93B75D69,GR0000000038,2024-Q3,2024-10-13,68370.0,59824.0,42732.0,70981.0,27300.0,10920.0,16409.0,26208.0,-9800.0,Paid
VAT-FED37556,GR0000000038,2024-Q4,2025-01-20,90032.0,78778.0,56270.0,90791.0,34920.0,13968.0,21608.0,33523.0,-11915.0,Paid
VAT-563AA838,GR0000000039,2022-Q1,2022-04-18,69114.0,7938.0,4192.0,33964.0,12617.0,5031.0,16587.0,13085.0,3502.0,Paid
VAT-0EAE7302,GR0000000039,2022-Q2,2022-07-27,69659.0,8325.0,4344.0,32357.0,11814.0,4681.0,16718.0,12126.0,4592.0,Paid
VAT-8E462F19,GR0000000039,2022-Q3,2022-11-02,55357.0,7017.0,3692.0,27717.0,10270.0,4039.0,13286.0,10660.0,2626.0,Paid
VAT-654B71D2,GR0000000039,2022-Q4,2023-02-05,55826.0,7032.0,3696.0,27265.0,10487.0,4096.0,13398.0,10413.0,2985.0,Paid
VAT-C9D5CB52,GR0000000039,2023-Q1,2023-04-15,16898.0,2113.0,1054.0,8069.0,3092.0,1221.0,4056.0,3177.0,879.0,Paid
VAT-C81A7B49,GR0000000039,2023-Q2,2023-08-02,16760.0,2202.0,1134.0,8548.0,3267.0,1254.0,4022.0,3344.0,679.0,Paid
VAT-68531BC2,GR0000000039,2023-Q3,2023-11-04,16149.0,2107.0,1033.0,8237.0,3179.0,1219.0,3876.0,3255.0,621.0,Paid
VAT-064BB36A,GR0000000039,2023-Q4,2024-01-27,15426.0,1962.0,1006.0,7532.0,2847.0,1126.0,3702.0,2873.0,829.0,Paid
VAT-056EFAFE,GR0000000039,2024-Q1,2024-04-19,20057.0,2544.0,1297.0,10194.0,3956.0,1534.0,4814.0,3888.0,926.0,Paid
VAT-F1F7B832,GR0000000039,2024-Q2,2024-07-29,17928.0,2213.0,1131.0,8766.0,3232.0,1270.0,4303.0,3323.0,980.0,Paid
VAT-8B4E3258,GR0000000039,2024-Q3,2024-11-11,18942.0,2351.0,1179.0,9535.0,3578.0,1409.0,4546.0,3738.0,808.0,Paid
VAT-6ADDE973,GR0000000039,2024-Q4,2025-01-16,18961.0,2456.0,1252.0,9769.0,3630.0,1433.0,4551.0,3814.0,737.0,Partial
VAT-E6EB3ACA,GR0000000040,2022-Q1,2022-04-25,4428236.0,1845098.0,1107059.0,3177816.0,1222237.0,488895.0,1062777.0,1173347.0,-110571.0,Paid
VAT-57384CD3,GR0000000040,2022-Q2,2022-07-21,4781817.0,1992424.0,1195454.0,3595795.0,1382998.0,553199.0,1147636.0,1327678.0,-180042.0,Paid
VAT-DB1DBD8D,GR0000000040,2022-Q3,2022-10-26,5392160.0,2246733.0,1348040.0,4376362.0,1683216.0,673286.0,1294118.0,1615888.0,-321769.0,Paid
VAT-798AA3EF,GR0000000040,2022-Q4,2023-01-13,6736327.0,2806803.0,1684082.0,4891142.0,1881209.0,752483.0,1616718.0,1805960.0,-189242.0,Paid
VAT-46D40754,GR0000000040,2023-Q1,2023-04-17,3695656.0,1539857.0,923914.0,2639728.0,1015280.0,406112.0,886957.0,974669.0,-87711.0,Paid
VAT-76D7007D,GR0000000040,2023-Q2,2023-07-15,4123941.0,1718309.0,1030985.0,3015806.0,1159925.0,463970.0,989746.0,1113528.0,-123782.0,Paid
VAT-D007F818,GR0000000040,2023-Q3,2023-10-15,4585208.0,1910503.0,1146302.0,3558833.0,1368782.0,547513.0,1100450.0,1314030.0,-213581.0,Paid
VAT-48F72945,GR0000000040,2023-Q4,2024-01-21,4977645.0,2074019.0,1244411.0,3533017.0,1358853.0,543541.0,1194635.0,1304499.0,-109864.0,Paid
VAT-08AB1297,GR0000000040,2024-Q1,2024-04-23,4321111.0,1800463.0,1080278.0,3372198.0,1296999.0,518800.0,1037067.0,1245119.0,-208053.0,Paid
VAT-B3E0576B,GR0000000040,2024-Q2,2024-07-26,5507174.0,2294656.0,1376794.0,4005298.0,1540499.0,616200.0,1321722.0,1478879.0,-157157.0,Paid
VAT-82FD1D70,GR0000000040,2024-Q3,2024-10-24,5537992.0,2307497.0,1384498.0,3979282.0,1530493.0,612197.0,1329118.0,1469273.0,-140155.0,Paid
VAT-27DDDCE3,GR0000000040,2024-Q4,2025-01-19,6233340.0,2597225.0,1558335.0,4740080.0,1823108.0,729243.0,1496002.0,1750183.0,-254182.0,Paid
VAT-D98B17BD,GR0000000041,2022-Q1,2022-04-12,71441.0,8405.0,4202.0,33839.0,13015.0,5206.0,17146.0,12494.0,4651.0,Paid
VAT-1A7B3EF2,GR0000000041,2022-Q2,2022-07-19,65127.0,7662.0,3831.0,29300.0,11269.0,4508.0,15631.0,10818.0,4812.0,Paid
VAT-D5C5BE42,GR0000000041,2022-Q3,2022-10-23,69974.0,8232.0,4116.0,29983.0,11532.0,4613.0,16794.0,11071.0,5723.0,Paid
VAT-11607523,GR0000000041,2022-Q4,2023-01-17,66753.0,7853.0,3927.0,28776.0,11068.0,4427.0,16021.0,10625.0,5396.0,Paid
VAT-A942DAC8,GR0000000041,2023-Q1,2023-04-25,24217.0,2849.0,1425.0,11316.0,4352.0,1741.0,5812.0,4178.0,1634.0,Paid
VAT-188AA465,GR0000000041,2023-Q2,2023-07-15,21359.0,2513.0,1256.0,10163.0,3909.0,1564.0,5126.0,3753.0,1374.0,Paid
VAT-B479B850,GR0000000041,2023-Q3,2023-10-22,25323.0,2979.0,1490.0,12432.0,4781.0,1913.0,6077.0,4590.0,1487.0,Paid
VAT-9A0CD56C,GR0000000041,2023-Q4,2024-01-12,21404.0,2518.0,1259.0,10410.0,4004.0,1602.0,5137.0,3844.0,1293.0,Paid
VAT-5AAF4AF8,GR0000000041,2024-Q1,2024-04-12,26623.0,3132.0,1566.0,11838.0,4553.0,1821.0,6390.0,4371.0,2019.0,Paid
VAT-2D7AB4A5,GR0000000041,2024-Q2,2024-07-18,30396.0,3576.0,1788.0,14283.0,5493.0,2197.0,7295.0,5274.0,2021.0,Paid
VAT-5215A782,GR0000000041,2024-Q3,2024-10-17,29453.0,3465.0,1733.0,14142.0,5439.0,2176.0,7069.0,5222.0,1847.0,Paid
VAT-336CCE31,GR0000000041,2024-Q4,2025-01-17,28264.0,3325.0,1663.0,12332.0,4743.0,1897.0,6783.0,4553.0,2230.0,Paid
VAT-15FB5778,GR0000000042,2024-Q1,2024-04-18,753535.0,269120.0,53824.0,279527.0,107510.0,43004.0,180849.0,103210.0,77639.0,Paid
VAT-AC272827,GR0000000042,2024-Q2,2024-07-11,820359.0,292985.0,58597.0,315223.0,121240.0,48496.0,196886.0,116390.0,80496.0,Paid
VAT-FB64A39B,GR0000000042,2024-Q3,2024-10-26,863026.0,308223.0,61645.0,359570.0,138296.0,55319.0,207126.0,132764.0,74362.0,Paid
VAT-ECBC3D00,GR0000000042,2024-Q4,2025-01-22,1070713.0,382397.0,76479.0,386442.0,148632.0,59453.0,256971.0,142686.0,114285.0,Paid
VAT-5ED3715B,GR0000000043,2022-Q1,2022-04-23,1352989.0,483210.0,96642.0,441818.0,169930.0,67972.0,324717.0,163133.0,161584.0,Paid
VAT-03AB6CC7,GR0000000043,2022-Q2,2022-07-18,1447819.0,517078.0,103416.0,499546.0,192133.0,76853.0,347476.0,184448.0,163029.0,Paid
VAT-DFF3149B,GR0000000043,2022-Q3,2022-10-14,1340635.0,478798.0,95760.0,498773.0,191836.0,76734.0,321753.0,184162.0,137590.0,Paid
VAT-673C4AB5,GR0000000043,2022-Q4,2023-01-13,1723329.0,615474.0,123095.0,627864.0,241486.0,96594.0,413599.0,231827.0,181772.0,Paid
VAT-4AE7D9F9,GR0000000043,2023-Q1,2023-04-23,1180154.0,421484.0,84297.0,439582.0,169070.0,67628.0,283237.0,162307.0,120930.0,Paid
VAT-EB155918,GR0000000043,2023-Q2,2023-07-22,1206819.0,431007.0,86201.0,452325.0,173971.0,69588.0,289637.0,167012.0,122624.0,Paid
VAT-2A28F3C9,GR0000000043,2023-Q3,2023-10-24,1114594.0,398069.0,79614.0,394345.0,151671.0,60668.0,267503.0,145604.0,121898.0,Paid
VAT-595ACEF1,GR0000000043,2023-Q4,2024-01-19,1326804.0,473859.0,94772.0,438346.0,168594.0,67438.0,318433.0,161851.0,156582.0,Paid
VAT-35068237,GR0000000043,2024-Q1,2024-04-20,1470417.0,525149.0,105030.0,494194.0,190075.0,76030.0,352900.0,182472.0,170428.0,Paid
VAT-A5F44E49,GR0000000043,2024-Q2,2024-07-26,1540221.0,550079.0,110016.0,524003.0,201540.0,80616.0,369653.0,193478.0,176175.0,Partial
VAT-5197E25F,GR0000000043,2024-Q3,2024-10-18,1588561.0,567343.0,113469.0,540911.0,208043.0,83217.0,381255.0,199721.0,181534.0,Paid
VAT-65115CAD,GR0000000043,2024-Q4,2025-01-18,1806966.0,645345.0,129069.0,710243.0,273170.0,109268.0,433672.0,262244.0,171428.0,Paid
VAT-875F5205,GR0000000044,2022-Q1,2022-04-17,55914.0,30499.0,15249.0,44355.0,17060.0,6824.0,13419.0,16377.0,-2958.0,Paid
VAT-D10E2213,GR0000000044,2022-Q2,2022-07-24,56892.0,31032.0,15516.0,43678.0,16799.0,6720.0,13654.0,16127.0,-2473.0,Paid
VAT-306A0211,GR0000000044,2022-Q3,2022-10-15,58002.0,31637.0,15819.0,41509.0,15965.0,6386.0,13920.0,15326.0,-1406.0,Paid
VAT-C25BEBB8,GR0000000044,2022-Q4,2023-01-21,66208.0,36113.0,18057.0,49824.0,19163.0,7665.0,15890.0,18397.0,-2507.0,Paid
VAT-0CFF67A6,GR0000000044,2023-Q1,2023-04-18,81679.0,44552.0,22276.0,65069.0,25026.0,10011.0,19603.0,24025.0,-4422.0,Paid
VAT-B75824E2,GR0000000044,2023-Q2,2023-07-26,89846.0,49007.0,24503.0,64177.0,24683.0,9873.0,21563.0,23696.0,-2133.0,Paid
VAT-E43C5183,GR0000000044,2023-Q3,2023-10-26,99040.0,54022.0,27011.0,73091.0,28112.0,11245.0,23770.0,26987.0,-3218.0,Paid
VAT-C542E213,GR0000000044,2023-Q4,2024-01-11,114179.0,62279.0,31140.0,85875.0,33029.0,13211.0,27403.0,31708.0,-4305.0,Paid
VAT-74553E5D,GR0000000044,2024-Q1,2024-04-12,48698.0,26563.0,13281.0,35824.0,13778.0,5511.0,11688.0,13227.0,-1540.0,Paid
VAT-D9DE9A86,GR0000000044,2024-Q2,2024-07-19,47771.0,26057.0,13028.0,36224.0,13932.0,5573.0,11465.0,13375.0,-1910.0,Paid
VAT-F50C1ED3,GR0000000044,2024-Q3,2024-10-16,55749.0,30408.0,15204.0,41318.0,15892.0,6357.0,13380.0,15256.0,-1876.0,Paid
VAT-36DCE8A7,GR0000000044,2024-Q4,2025-01-24,51861.0,28288.0,14144.0,40277.0,15491.0,6197.0,12447.0,14872.0,-2425.0,Paid
VAT-27C60074,GR0000000045,2022-Q1,2022-04-24,28915.0,11121.0,4448.0,22999.0,8846.0,3538.0,6940.0,8492.0,-1552.0,Paid
VAT-77EB2439,GR0000000045,2022-Q2,2022-07-24,48573.0,18682.0,7473.0,38261.0,14716.0,5886.0,11658.0,14127.0,-2470.0,Paid
VAT-77D7EC83,GR0000000045,2022-Q3,2022-10-17,42746.0,16441.0,6576.0,33229.0,12780.0,5112.0,10259.0,12269.0,-2010.0,Paid
VAT-500DFD3A,GR0000000045,2022-Q4,2023-01-17,29565.0,11371.0,4548.0,21663.0,8332.0,3333.0,7095.0,7999.0,-903.0,Paid
VAT-71060350,GR0000000045,2023-Q1,2023-04-16,27946.0,10748.0,4299.0,21629.0,8319.0,3327.0,6707.0,7986.0,-1279.0,Paid
VAT-FA2D3C74,GR0000000045,2023-Q2,2023-07-19,37396.0,14383.0,5753.0,27912.0,10735.0,4294.0,8975.0,10306.0,-1331.0,Paid
VAT-07BCB069,GR0000000045,2023-Q3,2023-10-11,38995.0,14998.0,5999.0,31187.0,11995.0,4798.0,9359.0,11515.0,-2157.0,Paid
VAT-9CD8A6A0,GR0000000045,2023-Q4,2024-01-20,28005.0,10771.0,4308.0,21655.0,8329.0,3331.0,6721.0,7996.0,-1274.0,Paid
VAT-A427658D,GR0000000045,2024-Q1,2024-04-25,26870.0,10335.0,4134.0,19435.0,7475.0,2990.0,6449.0,7176.0,-727.0,Paid
VAT-BFAE2180,GR0000000045,2024-Q2,2024-07-15,42297.0,16268.0,6507.0,32298.0,12422.0,4969.0,10151.0,11925.0,-1774.0,Paid
VAT-1CF63E1C,GR0000000045,2024-Q3,2024-10-26,37143.0,14286.0,5714.0,29532.0,11358.0,4543.0,8914.0,10904.0,-1990.0,Paid
VAT-4BC57A95,GR0000000045,2024-Q4,2025-01-26,28925.0,11125.0,4450.0,22442.0,8632.0,3453.0,6942.0,8286.0,-1345.0,Paid
VAT-62AFA0E8,GR0000000046,2024-Q1,2024-04-18,924392.0,264112.0,132056.0,636890.0,244958.0,97983.0,221854.0,235159.0,-13305.0,Paid
VAT-0746447C,GR0000000046,2024-Q2,2024-07-25,1489469.0,425563.0,212781.0,1102667.0,424103.0,169641.0,357473.0,407139.0,-49666.0,Paid
VAT-0E7FAFF7,GR0000000046,2024-Q3,2024-10-22,1139195.0,325484.0,162742.0,815757.0,313753.0,125501.0,273407.0,301203.0,-27796.0,Paid
VAT-B0E7920C,GR0000000046,2024-Q4,2025-01-24,1114950.0,318557.0,159279.0,729263.0,280486.0,112194.0,267588.0,269266.0,-1678.0,Paid
VAT-7A304AA6,GR0000000047,2022-Q1,2022-04-11,2339159.0,899676.0,359871.0,1631459.0,627484.0,250994.0,561398.0,602385.0,-40987.0,Paid
VAT-CE86385C,GR0000000047,2022-Q2,2022-07-24,3964088.0,1524649.0,609860.0,2608675.0,1003337.0,401335.0,951381.0,963203.0,-11822.0,Paid
VAT-19DA07A0,GR0000000047,2022-Q3,2022-10-22,3643396.0,1401306.0,560522.0,2418201.0,930077.0,372031.0,874415.0,892874.0,-18459.0,Paid
VAT-F21EB44F,GR0000000047,2022-Q4,2023-01-14,2667481.0,1025954.0,410382.0,1620449.0,623250.0,249300.0,640195.0,598320.0,41876.0,Paid
VAT-E5678310,GR0000000047,2023-Q1,2023-04-15,4732150.0,1820058.0,728023.0,3277507.0,1260580.0,504232.0,1135716.0,1210156.0,-74440.0,Paid
VAT-4F0E1A08,GR0000000047,2023-Q2,2023-07-14,7859450.0,3022865.0,1209146.0,5266401.0,2025539.0,810216.0,1886268.0,1944517.0,-58250.0,Paid
VAT-BC07B870,GR0000000047,2023-Q3,2023-10-16,6813128.0,2620434.0,1048174.0,4304574.0,1655605.0,662242.0,1635151.0,1589381.0,45770.0,Paid
VAT-7AAE1EA5,GR0000000047,2023-Q4,2024-01-24,4565309.0,1755888.0,702355.0,3169947.0,1219211.0,487684.0,1095674.0,1170442.0,-74768.0,Paid
VAT-8004172F,GR0000000047,2024-Q1,2024-04-11,3294669.0,1267181.0,506872.0,2130351.0,819366.0,327746.0,790721.0,786591.0,4129.0,Paid
VAT-2CEC45E8,GR0000000047,2024-Q2,2024-07-15,5617873.0,2160720.0,864288.0,3912643.0,1504863.0,601945.0,1348289.0,1444668.0,-96379.0,Paid
VAT-D6F36AB5,GR0000000047,2024-Q3,2024-10-20,4913074.0,1889644.0,755858.0,3169875.0,1219183.0,487673.0,1179138.0,1170415.0,8723.0,Paid
VAT-440E1EF0,GR0000000047,2024-Q4,2025-01-23,3273027.0,1258857.0,503543.0,1993411.0,766697.0,306679.0,785526.0,736029.0,49498.0,Paid
VAT-58EE2CA3,GR0000000048,2022-Q1,2022-04-15,799035.0,149819.0,49940.0,464081.0,178493.0,71397.0,191768.0,171353.0,20416.0,Paid
VAT-5625C943,GR0000000048,2022-Q2,2022-07-15,865644.0,162308.0,54103.0,520205.0,200079.0,80031.0,207755.0,192076.0,15679.0,Paid
VAT-68B8AC33,GR0000000048,2022-Q3,2022-10-17,848779.0,159146.0,53049.0,500685.0,192571.0,77028.0,203707.0,184868.0,18839.0,Partial
VAT-874AB310,GR0000000048,2022-Q4,2023-01-26,1568401.0,294075.0,98025.0,1013356.0,389752.0,155901.0,376416.0,374162.0,2254.0,Paid
VAT-8A8F0028,GR0000000048,2023-Q1,2023-04-21,593970.0,111369.0,37123.0,343682.0,132185.0,52874.0,142553.0,126898.0,15655.0,Paid
VAT-899850B1,GR0000000048,2023-Q2,2023-07-19,593285.0,111241.0,37080.0,343732.0,132205.0,52882.0,142388.0,126916.0,15472.0,Paid
VAT-1A396240,GR0000000048,2023-Q3,2023-10-15,539785.0,101210.0,33737.0,337102.0,129654.0,51862.0,129548.0,124468.0,5080.0,Paid
VAT-4B8668EA,GR0000000048,2023-Q4,2024-01-24,1081258.0,202736.0,67579.0,666124.0,256201.0,102481.0,259502.0,245953.0,13548.0,Paid
VAT-B4AA9DF2,GR0000000048,2024-Q1,2024-04-11,863309.0,161870.0,53957.0,547774.0,210682.0,84273.0,207194.0,202255.0,4939.0,Paid
VAT-E604BFA8,GR0000000048,2024-Q2,2024-07-16,734782.0,137772.0,45924.0,425222.0,163547.0,65419.0,176348.0,157005.0,19343.0,Paid
VAT-180B7897,GR0000000048,2024-Q3,2024-10-25,741716.0,139072.0,46357.0,431975.0,166144.0,66458.0,178012.0,159498.0,18513.0,Paid
VAT-588FC7FE,GR0000000048,2024-Q4,2025-01-14,1755786.0,329210.0,109737.0,1069379.0,411300.0,164520.0,421389.0,394848.0,26541.0,Paid
VAT-9D13853B,GR0000000049,2022-Q1,2022-04-11,81559.0,9595.0,4798.0,39813.0,15313.0,6125.0,19574.0,14700.0,4874.0,Paid
VAT-EB3DA9D0,GR0000000049,2022-Q2,2022-07-19,80355.0,9454.0,4727.0,37774.0,14528.0,5811.0,19285.0,13947.0,5338.0,Paid
VAT-2344EDA2,GR0000000049,2022-Q3,2022-10-11,89533.0,10533.0,5267.0,38074.0,14644.0,5858.0,21488.0,14058.0,7430.0,Paid
VAT-9A78B80E,GR0000000049,2022-Q4,2023-01-22,79048.0,9300.0,4650.0,35781.0,13762.0,5505.0,18972.0,13211.0,5760.0,Paid
VAT-0D93E73F,GR0000000049,2023-Q1,2023-04-25,72147.0,8488.0,4244.0,35803.0,13770.0,5508.0,17315.0,13220.0,4096.0,Paid
VAT-887CCA78,GR0000000049,2023-Q2,2023-07-15,64683.0,7610.0,3805.0,29577.0,11376.0,4550.0,15524.0,10921.0,4603.0,Paid
VAT-A67B35C4,GR0000000049,2023-Q3,2023-10-15,74829.0,8803.0,4402.0,36695.0,14113.0,5645.0,17959.0,13549.0,4410.0,Paid
VAT-B0A40CA8,GR0000000049,2023-Q4,2024-01-14,68694.0,8082.0,4041.0,30312.0,11659.0,4663.0,16487.0,11192.0,5294.0,Paid
VAT-82A5BFE1,GR0000000049,2024-Q1,2024-04-10,65083.0,7657.0,3828.0,30008.0,11542.0,4617.0,15620.0,11080.0,4540.0,Paid
VAT-30941FD2,GR0000000049,2024-Q2,2024-07-19,57833.0,6804.0,3402.0,28631.0,11012.0,4405.0,13880.0,10572.0,3308.0,Paid
VAT-E2B7974F,GR0000000049,2024-Q3,2024-10-19,67811.0,7978.0,3989.0,29902.0,11501.0,4600.0,16275.0,11041.0,5234.0,Paid
VAT-5883378C,GR0000000049,2024-Q4,2025-01-25,61046.0,7182.0,3591.0,29242.0,11247.0,4499.0,14651.0,10797.0,3854.0,Paid
VAT-6A2A5152,GR0000000050,2022-Q1,2022-04-26,67355107.0,12159963.0,4265903.0,37365227.0,14289914.0,5538093.0,16165226.0,14544168.0,1621058.0,Paid
VAT-5E223383,GR0000000050,2022-Q2,2022-07-31,57143887.0,10959862.0,3668650.0,30859946.0,11697580.0,4552641.0,13714533.0,11777140.0,1937393.0,Paid
VAT-25A7E367,GR0000000050,2022-Q3,2022-10-28,49975334.0,9336305.0,3218200.0,30169982.0,11181453.0,4286193.0,11994080.0,11362516.0,631564.0,Partial
VAT-11842AD3,GR0000000050,2022-Q4,2023-02-13,71890464.0,13249091.0,4735562.0,40789008.0,15127083.0,6003061.0,17253711.0,15407802.0,1845909.0,Paid
VAT-B6B304FB,GR0000000050,2023-Q1,2023-04-19,41802971.0,7985768.0,2818822.0,25784416.0,9368560.0,3709204.0,10032713.0,9744078.0,288635.0,Paid
VAT-4565BD9B,GR0000000050,2023-Q2,2023-08-03,36986179.0,7137869.0,2316970.0,20414930.0,7694963.0,2997155.0,8876683.0,7772119.0,1104564.0,Paid
VAT-4AA86CC5,GR0000000050,2023-Q3,2023-10-25,33502819.0,6572055.0,2323816.0,18894652.0,6908269.0,2685231.0,8040677.0,7291583.0,749093.0,Paid
VAT-DA37EAB9,GR0000000050,2023-Q4,2024-01-19,44937069.0,8743006.0,3047188.0,23642193.0,8993023.0,3528258.0,10784896.0,9323473.0,1461424.0,Paid
VAT-D1E75DD8,GR0000000050,2024-Q1,2024-04-28,61316758.0,12975824.0,4312242.0,33855898.0,13053497.0,4989328.0,14716022.0,12935303.0,1780718.0,Unpaid
VAT-1BD60E87,GR0000000050,2024-Q2,2024-08-07,50685760.0,9675959.0,3276601.0,29705557.0,11020346.0,4298995.0,12164582.0,11159091.0,1005491.0,Paid
VAT-ED16BD48,GR0000000050,2024-Q3,2024-10-25,50154783.0,9385925.0,3274185.0,25825056.0,9674422.0,3867665.0,12037148.0,10128310.0,1908838.0,Partial
VAT-8155D181,GR0000000050,2024-Q4,2025-02-08,56726785.0,10938365.0,3709931.0,31205927.0,11990369.0,4722105.0,13614428.0,12117742.0,1496687.0,Paid
VAT-93185A8D,GR0000000051,2022-Q1,2022-04-14,1806754.0,212559.0,106280.0,716597.0,275614.0,110246.0,433621.0,264590.0,169031.0,Paid
VAT-3A28D6F0,GR0000000051,2022-Q2,2022-07-12,1985020.0,233532.0,116766.0,829572.0,319066.0,127626.0,476405.0,306303.0,170101.0,Paid
VAT-46E9010F,GR0000000051,2022-Q3,2022-10-18,1843646.0,216899.0,108450.0,784473.0,301721.0,120688.0,442475.0,289652.0,152823.0,Paid
VAT-F5EF1451,GR0000000051,2022-Q4,2023-01-23,2119358.0,249336.0,124668.0,824233.0,317013.0,126805.0,508646.0,304332.0,204314.0,Paid
VAT-7CDFE4BA,GR0000000051,2023-Q1,2023-04-13,1372983.0,161527.0,80764.0,610891.0,234958.0,93983.0,329516.0,225560.0,103956.0,Paid
VAT-0ACDA6AE,GR0000000051,2023-Q2,2023-07-11,1489886.0,175281.0,87640.0,634913.0,244197.0,97679.0,357573.0,234429.0,123143.0,Paid
VAT-C9034019,GR0000000051,2023-Q3,2023-10-17,1386131.0,163074.0,81537.0,538360.0,207062.0,82825.0,332671.0,198779.0,133892.0,Paid
VAT-FC593DDE,GR0000000051,2023-Q4,2024-01-25,1376293.0,161917.0,80958.0,579074.0,222721.0,89088.0,330310.0,213812.0,116498.0,Paid
VAT-3B22CFAD,GR0000000051,2024-Q1,2024-04-11,1223858.0,143983.0,71992.0,484125.0,186202.0,74481.0,293726.0,178754.0,114972.0,Partial
VAT-0B232C40,GR0000000051,2024-Q2,2024-07-20,1195478.0,140644.0,70322.0,531003.0,204232.0,81693.0,286915.0,196063.0,90852.0,Paid
VAT-6C3324B6,GR0000000051,2024-Q3,2024-10-13,1182256.0,139089.0,69544.0,459124.0,176586.0,70634.0,283741.0,169523.0,114219.0,Paid
VAT-C708C38F,GR0000000051,2024-Q4,2025-01-20,1066809.0,125507.0,62753.0,489255.0,188175.0,75270.0,256034.0,180648.0,75386.0,Paid
VAT-11BA9B1E,GR0000000052,2022-Q1,2022-04-23,164814.0,47090.0,23545.0,116113.0,44659.0,17864.0,39555.0,42872.0,-3317.0,Paid
VAT-48C22051,GR0000000052,2022-Q2,2022-07-14,220514.0,63004.0,31502.0,164877.0,63414.0,25366.0,52923.0,60878.0,-7954.0,Paid
VAT-ABCF53BF,GR0000000052,2022-Q3,2022-10-18,208979.0,59708.0,29854.0,155624.0,59855.0,23942.0,50155.0,57461.0,-7306.0,Paid
VAT-5A124498,GR0000000052,2022-Q4,2023-01-26,209110.0,59746.0,29873.0,160903.0,61886.0,24754.0,50186.0,59410.0,-9224.0,Paid
VAT-6A537D71,GR0000000052,2023-Q1,2023-04-21,250730.0,71637.0,35819.0,187807.0,72233.0,28893.0,60175.0,69344.0,-9169.0,Paid
VAT-0E7A2486,GR0000000052,2023-Q2,2023-07-23,368717.0,105348.0,52674.0,288453.0,110943.0,44377.0,88492.0,106506.0,-18014.0,Paid
VAT-BABC9AC3,GR0000000052,2023-Q3,2023-10-23,300965.0,85990.0,42995.0,231560.0,89061.0,35625.0,72232.0,85499.0,-13267.0,Paid
VAT-E9BAFBB1,GR0000000052,2023-Q4,2024-01-15,300650.0,85900.0,42950.0,233890.0,89958.0,35983.0,72156.0,86359.0,-14203.0,Paid
VAT-EDD32427,GR0000000052,2024-Q1,2024-04-20,180858.0,51674.0,25837.0,130580.0,50223.0,20089.0,43406.0,48214.0,-4808.0,Paid
VAT-BF66F33B,GR0000000052,2024-Q2,2024-07-22,293532.0,83866.0,41933.0,221275.0,85106.0,34042.0,70448.0,81702.0,-11254.0,Paid
VAT-FCCE3C72,GR0000000052,2024-Q3,2024-10-14,240683.0,68766.0,34383.0,168485.0,64802.0,25921.0,57764.0,62210.0,-4446.0,Paid
VAT-36FC73F0,GR0000000052,2024-Q4,2025-01-16,235986.0,67425.0,33712.0,179479.0,69030.0,27612.0,56637.0,66269.0,-9632.0,Paid
VAT-6F7B905F,GR0000000053,2022-Q1,2022-04-19,272872.0,55778.0,18632.0,182705.0,67486.0,26203.0,65489.0,71550.0,-6061.0,Paid
VAT-01DDCC7C,GR0000000053,2022-Q2,2022-07-20,314896.0,58345.0,20488.0,214499.0,78333.0,30924.0,75575.0,83234.0,-7658.0,Paid
VAT-27375423,GR0000000053,2022-Q3,2022-10-18,291767.0,55385.0,19531.0,182016.0,67028.0,26853.0,70024.0,71113.0,-1089.0,Paid
VAT-FE38D7AA,GR0000000053,2022-Q4,2023-02-01,565976.0,111934.0,39373.0,354131.0,132196.0,52328.0,135834.0,136156.0,-322.0,Paid
VAT-2E20E263,GR0000000053,2023-Q1,2023-05-13,161706.0,31070.0,11075.0,109833.0,42346.0,16266.0,38809.0,41695.0,-2886.0,Paid
VAT-EAEF877D,GR0000000053,2023-Q2,2023-07-27,165738.0,31610.0,10892.0,107810.0,40863.0,15931.0,39777.0,42231.0,-2454.0,Paid
VAT-D181E744,GR0000000053,2023-Q3,2023-10-20,177971.0,33023.0,11765.0,117117.0,42462.0,16937.0,42713.0,44996.0,-2283.0,Paid
VAT-266592FC,GR0000000053,2023-Q4,2024-01-14,310622.0,61739.0,21734.0,209587.0,77860.0,30142.0,74549.0,82317.0,-7767.0,Paid
VAT-5076AB6B,GR0000000053,2024-Q1,2024-05-01,118216.0,22222.0,7733.0,78249.0,30025.0,11772.0,28372.0,30106.0,-1734.0,Paid
VAT-28E989C6,GR0000000053,2024-Q2,2024-07-25,108853.0,20800.0,7189.0,73940.0,27496.0,10726.0,26125.0,29069.0,-2944.0,Paid
VAT-84B3E345,GR0000000053,2024-Q3,2024-11-06,102070.0,20640.0,6959.0,66278.0,25274.0,9868.0,24497.0,25848.0,-1351.0,Paid
VAT-E2FA5F6E,GR0000000053,2024-Q4,2025-01-26,208019.0,40369.0,13826.0,140118.0,52819.0,20891.0,49925.0,53522.0,-3598.0,Paid
VAT-73E4DED3,GR0000000054,2022-Q1,2022-04-16,338797.0,130306.0,52123.0,234463.0,90178.0,36071.0,81311.0,86571.0,-5260.0,Paid
VAT-2B3A9AC0,GR0000000054,2022-Q2,2022-07-16,485122.0,186585.0,74634.0,333360.0,128215.0,51286.0,116429.0,123087.0,-6658.0,Paid
VAT-375C2436,GR0000000054,2022-Q3,2022-10-17,444446.0,170941.0,68376.0,309502.0,119039.0,47616.0,106667.0,114278.0,-7610.0,Paid
VAT-3159EE0B,GR0000000054,2022-Q4,2023-01-23,296365.0,113986.0,45595.0,206582.0,79455.0,31782.0,71128.0,76276.0,-5149.0,Paid
VAT-1D17F921,GR0000000054,2023-Q1,2023-04-19,337125.0,129664.0,51865.0,236004.0,90771.0,36308.0,80910.0,87140.0,-6230.0,Paid
VAT-A59D9649,GR0000000054,2023-Q2,2023-07-14,479037.0,184245.0,73698.0,336755.0,129521.0,51809.0,114969.0,124340.0,-9372.0,Paid
VAT-F507116D,GR0000000054,2023-Q3,2023-10-13,513029.0,197319.0,78928.0,336243.0,129324.0,51730.0,123127.0,124151.0,-1024.0,Paid
VAT-72174334,GR0000000054,2023-Q4,2024-01-22,287171.0,110450.0,44180.0,190606.0,73310.0,29324.0,68921.0,70378.0,-1457.0,Paid
VAT-B536027A,GR0000000054,2024-Q1,2024-04-11,214190.0,82381.0,32952.0,142291.0,54727.0,21891.0,51406.0,52538.0,-1133.0,Paid
VAT-2AE84BEA,GR0000000054,2024-Q2,2024-07-21,335564.0,129063.0,51625.0,244255.0,93944.0,37578.0,80535.0,90186.0,-9651.0,Paid
VAT-6F529EF8,GR0000000054,2024-Q3,2024-10-11,346515.0,133275.0,53310.0,236761.0,91062.0,36425.0,83164.0,87419.0,-4256.0,Paid
VAT-A1D8A182,GR0000000054,2024-Q4,2025-01-21,246377.0,94760.0,37904.0,167867.0,64564.0,25826.0,59130.0,61982.0,-2851.0,Paid
VAT-9F67A512,GR0000000055,2023-Q1,2023-04-20,16917652.0,14802945.0,10573532.0,15091497.0,5804422.0,2321769.0,4060236.0,5572245.0,-1512009.0,Paid
VAT-6B7888A4,GR0000000055,2023-Q2,2023-07-24,22975226.0,20103322.0,14359516.0,19150505.0,7365579.0,2946231.0,5514054.0,7070956.0,-1556901.0,Paid
VAT-37C67F52,GR0000000055,2023-Q3,2023-10-13,21849346.0,19118177.0,13655841.0,20001803.0,7693001.0,3077200.0,5243843.0,7385281.0,-2141438.0,Paid
VAT-C884800A,GR0000000055,2023-Q4,2024-01-14,29360142.0,25690125.0,18350089.0,25902006.0,9962310.0,3984924.0,7046434.0,9563818.0,-2517383.0,Paid
VAT-EC02ADD0,GR0000000055,2024-Q1,2024-04-25,26998742.0,23623899.0,16874214.0,25849973.0,9942297.0,3976919.0,6479698.0,9544606.0,-3064908.0,Paid
VAT-CD354A5D,GR0000000055,2024-Q2,2024-07-20,30543153.0,26725259.0,19089471.0,24905234.0,9578936.0,3831574.0,7330357.0,9195779.0,-1865422.0,Paid
VAT-6F4D5E8B,GR0000000055,2024-Q3,2024-10-26,34130718.0,29864378.0,21331699.0,31206966.0,12002679.0,4801072.0,8191372.0,11522572.0,-3331200.0,Paid
VAT-F94C819A,GR0000000055,2024-Q4,2025-01-19,42558727.0,37238886.0,26599204.0,36143773.0,13901451.0,5560580.0,10214094.0,13345393.0,-3131298.0,Paid
VAT-9E615531,GR0000000056,2022-Q1,2022-04-16,35238.0,19221.0,9610.0,27764.0,10679.0,4271.0,8457.0,10251.0,-1794.0,Paid
VAT-0043C037,GR0000000056,2022-Q2,2022-07-25,35836.0,19547.0,9773.0,28791.0,11074.0,4429.0,8601.0,10631.0,-2030.0,Paid
VAT-E76C97E1,GR0000000056,2022-Q3,2022-10-17,34277.0,18696.0,9348.0,28178.0,10838.0,4335.0,8226.0,10404.0,-2178.0,Paid
VAT-E444DB29,GR0000000056,2022-Q4,2023-01-16,41731.0,22763.0,11381.0,34196.0,13152.0,5261.0,10016.0,12626.0,-2611.0,Paid
VAT-0461EFE8,GR0000000056,2023-Q1,2023-04-19,27567.0,15036.0,7518.0,21714.0,8351.0,3341.0,6616.0,8017.0,-1401.0,Paid
VAT-216576DF,GR0000000056,2023-Q2,2023-07-14,27986.0,15265.0,7633.0,21562.0,8293.0,3317.0,6717.0,7961.0,-1245.0,Paid
VAT-CD3EF108,GR0000000056,2023-Q3,2023-10-19,33194.0,18106.0,9053.0,28352.0,10905.0,4362.0,7967.0,10468.0,-2502.0,Paid
VAT-089C2642,GR0000000056,2023-Q4,2024-01-22,33755.0,18412.0,9206.0,26773.0,10297.0,4119.0,8101.0,9885.0,-1784.0,Paid
VAT-F43CA290,GR0000000056,2024-Q1,2024-04-24,18867.0,10291.0,5146.0,15330.0,5896.0,2358.0,4528.0,5660.0,-1132.0,Paid
VAT-39F3FE3A,GR0000000056,2024-Q2,2024-07-18,23729.0,12943.0,6471.0,20391.0,7843.0,3137.0,5695.0,7529.0,-1834.0,Paid
VAT-7030F6F1,GR0000000056,2024-Q3,2024-10-25,21920.0,11956.0,5978.0,18377.0,7068.0,2827.0,5261.0,6785.0,-1525.0,Paid
VAT-3BC34F00,GR0000000056,2024-Q4,2025-01-25,27673.0,15094.0,7547.0,23423.0,9009.0,3603.0,6641.0,8648.0,-2007.0,Paid
VAT-1CF58053,GR0000000057,2022-Q1,2022-04-13,244529.0,69865.0,34933.0,173103.0,66578.0,26631.0,58687.0,63915.0,-5228.0,Paid
VAT-0E1D6C05,GR0000000057,2022-Q2,2022-07-18,321682.0,91909.0,45955.0,238199.0,91615.0,36646.0,77204.0,87951.0,-10747.0,Paid
VAT-433FD623,GR0000000057,2022-Q3,2022-10-22,307807.0,87945.0,43972.0,220239.0,84707.0,33883.0,73874.0,81319.0,-7445.0,Paid
VAT-07829584,GR0000000057,2022-Q4,2023-01-26,291617.0,83319.0,41660.0,211244.0,81248.0,32499.0,69988.0,77998.0,-8010.0,Paid
VAT-B5071604,GR0000000057,2023-Q1,2023-04-21,321283.0,91795.0,45898.0,236246.0,90864.0,36345.0,77108.0,87229.0,-10121.0,Paid
VAT-0D6D0B1E,GR0000000057,2023-Q2,2023-07-23,482001.0,137715.0,68857.0,358576.0,137914.0,55166.0,115680.0,132397.0,-16717.0,Paid
VAT-DFDF85E5,GR0000000057,2023-Q3,2023-10-23,371129.0,106037.0,53018.0,268207.0,103157.0,41263.0,89071.0,99030.0,-9959.0,Paid
VAT-FCA78FD1,GR0000000057,2023-Q4,2024-01-23,397244.0,113498.0,56749.0,295012.0,113466.0,45387.0,95339.0,108928.0,-13589.0,Paid
VAT-A33CCFCB,GR0000000057,2024-Q1,2024-04-14,149319.0,42663.0,21331.0,113743.0,43747.0,17499.0,35837.0,41998.0,-6161.0,Paid
VAT-3CAC6FD6,GR0000000057,2024-Q2,2024-07-17,231386.0,66110.0,33055.0,164589.0,63304.0,25321.0,55533.0,60771.0,-5239.0,Paid
VAT-23808EC8,GR0000000057,2024-Q3,2024-10-11,194777.0,55651.0,27825.0,152114.0,58505.0,23402.0,46747.0,56165.0,-9418.0,Paid
VAT-EBEBFD04,GR0000000057,2024-Q4,2025-01-11,199951.0,57129.0,28564.0,145390.0,55919.0,22368.0,47988.0,53682.0,-5694.0,Paid
VAT-9D8FED7F,GR0000000058,2022-Q1,2022-04-10,2709773.0,1478058.0,739029.0,1969239.0,757399.0,302960.0,650346.0,727103.0,-76758.0,Paid
VAT-B767F0F5,GR0000000058,2022-Q2,2022-07-24,3536725.0,1929123.0,964561.0,2833683.0,1089878.0,435951.0,848814.0,1046283.0,-197469.0,Paid
VAT-4295D2A5,GR0000000058,2022-Q3,2022-10-24,3697604.0,2016875.0,1008437.0,2938127.0,1130049.0,452020.0,887425.0,1084847.0,-197422.0,Paid
VAT-D1F92714,GR0000000058,2022-Q4,2023-01-23,4086438.0,2228966.0,1114483.0,3334613.0,1282543.0,513017.0,980745.0,1231242.0,-250496.0,Paid
VAT-D77B5D24,GR0000000058,2023-Q1,2023-04-24,2848738.0,1553857.0,776929.0,2053617.0,789853.0,315941.0,683697.0,758259.0,-74561.0,Paid
VAT-1EB3710B,GR0000000058,2023-Q2,2023-07-21,3119160.0,1701360.0,850680.0,2534000.0,974616.0,389846.0,748598.0,935631.0,-187033.0,Paid
VAT-1F33E3E6,GR0000000058,2023-Q3,2023-10-17,3446722.0,1880030.0,940015.0,2590769.0,996450.0,398580.0,827213.0,956592.0,-129378.0,Paid
VAT-C0BA68CF,GR0000000058,2023-Q4,2024-01-16,3357698.0,1831472.0,915736.0,2549956.0,980752.0,392301.0,805848.0,941522.0,-135675.0,Paid
VAT-28ADF35A,GR0000000058,2024-Q1,2024-04-21,4076092.0,2223323.0,1111662.0,3209871.0,1234566.0,493826.0,978262.0,1185183.0,-206921.0,Paid
VAT-0EA4F8B1,GR0000000058,2024-Q2,2024-07-21,5369820.0,2928993.0,1464496.0,4016264.0,1544717.0,617887.0,1288757.0,1482928.0,-194171.0,Paid
VAT-E466BAD0,GR0000000058,2024-Q3,2024-10-12,5409002.0,2950365.0,1475182.0,4446011.0,1710004.0,684002.0,1298161.0,1641604.0,-343444.0,Paid
VAT-89329847,GR0000000058,2024-Q4,2025-01-18,5068365.0,2764563.0,1382281.0,4120128.0,1584665.0,633866.0,1216408.0,1521278.0,-304871.0,Paid
VAT-C109D997,GR0000000059,2022-Q1,2022-04-11,8770447.0,1031817.0,515909.0,3200379.0,1230915.0,492366.0,2104907.0,1181678.0,923229.0,Paid
VAT-7A62F714,GR0000000059,2022-Q2,2022-07-11,10149164.0,1194019.0,597010.0,4113318.0,1582045.0,632818.0,2435799.0,1518764.0,917036.0,Paid
VAT-B1A98CAA,GR0000000059,2022-Q3,2022-10-21,8942150.0,1052018.0,526009.0,3154461.0,1213254.0,485302.0,2146116.0,1164724.0,981392.0,Paid
VAT-54C450D5,GR0000000059,2022-Q4,2023-01-25,9358255.0,1100971.0,550486.0,3922782.0,1508762.0,603505.0,2245981.0,1448412.0,797569.0,Paid
VAT-B69F04F1,GR0000000059,2023-Q1,2023-04-11,7369876.0,867044.0,433522.0,2638259.0,1014715.0,405886.0,1768770.0,974126.0,794644.0,Paid
VAT-C0D67A6C,GR0000000059,2023-Q2,2023-07-15,8662588.0,1019128.0,509564.0,3385933.0,1302282.0,520913.0,2079021.0,1250191.0,828830.0,Paid
VAT-465AB670,GR0000000059,2023-Q3,2023-10-22,7976538.0,938416.0,469208.0,3039532.0,1169051.0,467620.0,1914369.0,1122289.0,792080.0,Paid
VAT-15D96528,GR0000000059,2023-Q4,2024-01-13,8114642.0,954664.0,477332.0,3065852.0,1179174.0,471670.0,1947514.0,1132007.0,815507.0,Paid
VAT-B97BA4D9,GR0000000059,2024-Q1,2024-04-18,10469559.0,1231713.0,615856.0,4385676.0,1686799.0,674719.0,2512694.0,1619327.0,893368.0,Paid
VAT-BC18559A,GR0000000059,2024-Q2,2024-07-16,9164435.0,1078169.0,539084.0,3517434.0,1352859.0,541144.0,2199464.0,1298745.0,900720.0,Paid
VAT-502D4BB1,GR0000000059,2024-Q3,2024-10-23,10902882.0,1282692.0,641346.0,4112761.0,1581831.0,632732.0,2616692.0,1518558.0,1098134.0,Paid
VAT-45C07CF9,GR0000000059,2024-Q4,2025-01-11,10205218.0,1200614.0,600307.0,3781618.0,1454468.0,581787.0,2449252.0,1396290.0,1052962.0,Paid
VAT-527A4E8D,GR0000000060,2022-Q1,2022-04-24,5314378.0,2214324.0,1328595.0,4036774.0,1552606.0,621042.0,1275451.0,1490501.0,-215051.0,Paid
VAT-BC94AC82,GR0000000060,2022-Q2,2022-07-21,7260583.0,3025243.0,1815146.0,5903603.0,2270617.0,908247.0,1742540.0,2179792.0,-437252.0,Paid
VAT-8D8653DC,GR0000000060,2022-Q3,2022-10-11,6878873.0,2866197.0,1719718.0,5851302.0,2250501.0,900200.0,1650929.0,2160481.0,-509551.0,Paid
VAT-3BC1B3D1,GR0000000060,2022-Q4,2023-01-21,8955457.0,3731440.0,2238864.0,6863854.0,2639944.0,1055978.0,2149310.0,2534346.0,-385036.0,Paid
VAT-CBF1ABA1,GR0000000060,2023-Q1,2023-04-18,6299617.0,2624841.0,1574904.0,5152900.0,1981885.0,792754.0,1511908.0,1902609.0,-390701.0,Paid
VAT-7337D1B0,GR0000000060,2023-Q2,2023-07-14,7478944.0,3116227.0,1869736.0,5998275.0,2307029.0,922812.0,1794947.0,2214748.0,-419801.0,Paid
VAT-5F0C0B4A,GR0000000060,2023-Q3,2023-10-19,8629370.0,3595571.0,2157342.0,6617633.0,2545244.0,1018097.0,2071049.0,2443434.0,-372385.0,Paid
VAT-281DA9BA,GR0000000060,2023-Q4,2024-01-12,8614029.0,3589179.0,2153507.0,7280032.0,2800012.0,1120005.0,2067367.0,2688012.0,-620645.0,Paid
VAT-53D28D6E,GR0000000060,2024-Q1,2024-04-10,5970538.0,2487724.0,1492634.0,5009685.0,1926802.0,770721.0,1432929.0,1849730.0,-416801.0,Paid
VAT-774863DE,GR0000000060,2024-Q2,2024-07-26,8079295.0,3366373.0,2019824.0,6216638.0,2391015.0,956406.0,1939031.0,2295374.0,-356343.0,Paid
VAT-5D12CDA9,GR0000000060,2024-Q3,2024-10-13,7461618.0,3109007.0,1865404.0,5687358.0,2187445.0,874978.0,1790788.0,2099948.0,-309159.0,Paid
VAT-733D5A71,GR0000000060,2024-Q4,2025-01-26,8359624.0,3483177.0,2089906.0,7087346.0,2725902.0,1090361.0,2006310.0,2616866.0,-610556.0,Paid
VAT-CB0A6029,GR0000000061,2022-Q1,2022-04-19,282962.0,101058.0,20212.0,122300.0,47038.0,18815.0,67911.0,45157.0,22754.0,Paid
VAT-C097423A,GR0000000061,2022-Q2,2022-07-16,304828.0,108867.0,21773.0,123506.0,47502.0,19001.0,73159.0,45602.0,27556.0,Paid
VAT-0E00F66A,GR0000000061,2022-Q3,2022-10-19,286658.0,102378.0,20476.0,128947.0,49595.0,19838.0,68798.0,47611.0,21187.0,Paid
VAT-42247977,GR0000000061,2022-Q4,2023-01-11,363408.0,129788.0,25958.0,159164.0,61217.0,24487.0,87218.0,58768.0,28450.0,Paid
VAT-52582F6E,GR0000000061,2023-Q1,2023-04-14,561523.0,200544.0,40109.0,251837.0,96860.0,38744.0,134766.0,92986.0,41780.0,Partial
VAT-B4D5FF37,GR0000000061,2023-Q2,2023-07-17,543926.0,194259.0,38852.0,229692.0,88343.0,35337.0,130542.0,84809.0,45733.0,Paid
VAT-5273337F,GR0000000061,2023-Q3,2023-10-23,610354.0,217984.0,43597.0,229297.0,88191.0,35277.0,146485.0,84664.0,61821.0,Paid
VAT-992B5E04,GR0000000061,2023-Q4,2024-01-22,643628.0,229867.0,45973.0,288179.0,110838.0,44335.0,154471.0,106405.0,48066.0,Paid
VAT-CF781EF0,GR0000000061,2024-Q1,2024-04-13,504803.0,180287.0,36057.0,197604.0,76002.0,30401.0,121153.0,72961.0,48191.0,Paid
VAT-8D202365,GR0000000061,2024-Q2,2024-07-20,510128.0,182189.0,36438.0,223430.0,85935.0,34374.0,122431.0,82497.0,39934.0,Paid
VAT-8E34BF8F,GR0000000061,2024-Q3,2024-10-13,503865.0,179952.0,35990.0,189326.0,72818.0,29127.0,120928.0,69905.0,51023.0,Paid
VAT-02479FE0,GR0000000061,2024-Q4,2025-01-23,599091.0,213961.0,42792.0,265474.0,102105.0,40842.0,143782.0,98021.0,45761.0,Paid
VAT-892A17D0,GR0000000062,2022-Q1,2022-04-24,2016241.0,378045.0,126015.0,1237366.0,475910.0,190364.0,483898.0,456874.0,27024.0,Paid
VAT-A3C10FC7,GR0000000062,2022-Q2,2022-07-11,2132613.0,399865.0,133288.0,1373094.0,528113.0,211245.0,511827.0,506989.0,4839.0,Paid
VAT-2684896E,GR0000000062,2022-Q3,2022-10-21,1811500.0,339656.0,113219.0,1132115.0,435429.0,174172.0,434760.0,418012.0,16748.0,Paid
VAT-8E002005,GR0000000062,2022-Q4,2023-01-22,3907697.0,732693.0,244231.0,2255381.0,867454.0,346982.0,937847.0,832756.0,105091.0,Paid
VAT-47CB5310,GR0000000062,2023-Q1,2023-04-18,2165317.0,405997.0,135332.0,1279658.0,492176.0,196870.0,519676.0,472489.0,47187.0,Partial
VAT-6855E2A9,GR0000000062,2023-Q2,2023-07-17,2044749.0,383390.0,127797.0,1238185.0,476225.0,190490.0,490740.0,457176.0,33564.0,Paid
VAT-C9CDAD10,GR0000000062,2023-Q3,2023-10-13,2282030.0,427881.0,142627.0,1409622.0,542162.0,216865.0,547687.0,520476.0,27212.0,Paid
VAT-CE8D3F01,GR0000000062,2023-Q4,2024-01-17,4171614.0,782178.0,260726.0,2658360.0,1022446.0,408979.0,1001187.0,981548.0,19639.0,Paid
VAT-D7D67487,GR0000000062,2024-Q1,2024-04-19,1636729.0,306887.0,102296.0,1013894.0,389959.0,155984.0,392815.0,374361.0,18454.0,Paid
VAT-13214CDB,GR0000000062,2024-Q2,2024-07-15,1780518.0,333847.0,111282.0,1145936.0,440745.0,176298.0,427324.0,423115.0,4210.0,Paid
VAT-487172E2,GR0000000062,2024-Q3,2024-10-21,1718218.0,322166.0,107389.0,1047582.0,402916.0,161167.0,412372.0,386800.0,25573.0,Paid
VAT-4AB587E7,GR0000000062,2024-Q4,2025-01-16,3207793.0,601461.0,200487.0,2009573.0,772913.0,309165.0,769870.0,741996.0,27874.0,Paid
VAT-A2E274AA,GR0000000063,2022-Q1,2022-04-30,160294.0,38421.0,12852.0,135059.0,44483.0,16301.0,38471.0,54553.0,-16083.0,Paid
VAT-C3E47E12,GR0000000063,2022-Q2,2022-07-24,164270.0,35567.0,12634.0,120756.0,45791.0,16711.0,39425.0,51877.0,-12452.0,Paid
VAT-AB32FFB8,GR0000000063,2022-Q3,2022-10-31,181429.0,40629.0,14206.0,161562.0,55054.0,20145.0,43543.0,69803.0,-26260.0,Paid
VAT-412F0D33,GR0000000063,2022-Q4,2023-02-28,304206.0,79614.0,27447.0,246848.0,90261.0,32688.0,73009.0,104295.0,-31285.0,Paid
VAT-D4AB56E8,GR0000000063,2023-Q1,2023-06-02,67094.0,16194.0,5350.0,54653.0,18055.0,6905.0,16102.0,23852.0,-7750.0,Paid
VAT-50F5586B,GR0000000063,2023-Q2,2023-07-26,61764.0,16718.0,5847.0,50249.0,19368.0,6830.0,14823.0,21955.0,-7132.0,Paid
VAT-A53A9778,GR0000000063,2023-Q3,2023-11-06,77784.0,17634.0,6232.0,61486.0,23012.0,8377.0,18668.0,25796.0,-7128.0,Paid
VAT-F13D78DD,GR0000000063,2023-Q4,2024-03-05,145847.0,31271.0,11357.0,115352.0,40768.0,15695.0,35003.0,50156.0,-15153.0,Paid
VAT-EC46F7B1,GR0000000063,2024-Q1,2024-05-08,56581.0,13856.0,5027.0,49657.0,15984.0,5963.0,13580.0,21285.0,-7705.0,Paid
VAT-CE43FD2A,GR0000000063,2024-Q2,2024-08-13,62123.0,14449.0,5335.0,52644.0,17414.0,6662.0,14909.0,21995.0,-7086.0,Paid
VAT-9A02B00D,GR0000000063,2024-Q3,2024-10-25,53029.0,13864.0,5257.0,49047.0,16589.0,6203.0,12727.0,20191.0,-7464.0,Paid
VAT-63CBA277,GR0000000063,2024-Q4,2025-01-26,98847.0,26968.0,9350.0,82668.0,27854.0,10605.0,23723.0,33641.0,-9917.0,Paid
VAT-A6F7D3B3,GR0000000064,2022-Q1,2022-04-18,70563.0,20161.0,10080.0,55111.0,21197.0,8479.0,16935.0,20349.0,-3414.0,Paid
VAT-C6766A59,GR0000000064,2022-Q2,2022-07-13,108269.0,30934.0,15467.0,79302.0,30501.0,12200.0,25984.0,29281.0,-3296.0,Paid
VAT-63ACAAE0,GR0000000064,2022-Q3,2022-10-14,91649.0,26186.0,13093.0,67512.0,25966.0,10387.0,21996.0,24928.0,-2932.0,Paid
VAT-57D1ABB7,GR0000000064,2022-Q4,2023-01-26,88149.0,25186.0,12593.0,64578.0,24838.0,9935.0,21156.0,23844.0,-2688.0,Paid
VAT-E1EAADB6,GR0000000064,2023-Q1,2023-04-24,88343.0,25241.0,12620.0,67274.0,25875.0,10350.0,21202.0,24840.0,-3637.0,Paid
VAT-DB181091,GR0000000064,2023-Q2,2023-07-24,129289.0,36940.0,18470.0,94335.0,36283.0,14513.0,31029.0,34831.0,-3802.0,Paid
VAT-BDEF64CD,GR0000000064,2023-Q3,2023-10-23,124822.0,35663.0,17832.0,90289.0,34727.0,13891.0,29957.0,33338.0,-3380.0,Paid
VAT-1143E7BD,GR0000000064,2023-Q4,2024-01-17,109112.0,31175.0,15587.0,82134.0,31590.0,12636.0,26187.0,30326.0,-4140.0,Paid
VAT-2CB52797,GR0000000064,2024-Q1,2024-04-25,75999.0,21714.0,10857.0,56273.0,21643.0,8657.0,18240.0,20778.0,-2538.0,Paid
VAT-114500AB,GR0000000064,2024-Q2,2024-07-19,129380.0,36966.0,18483.0,91742.0,35285.0,14114.0,31051.0,33874.0,-2823.0,Paid
VAT-1675BE38,GR0000000064,2024-Q3,2024-10-14,96983.0,27709.0,13855.0,74717.0,28737.0,11495.0,23276.0,27588.0,-4312.0,Paid
VAT-DD451173,GR0000000064,2024-Q4,2025-01-17,105739.0,30211.0,15106.0,83067.0,31949.0,12779.0,25377.0,30671.0,-5293.0,Paid
VAT-50E8C9B5,GR0000000065,2022-Q1,2022-04-14,4423.0,1701.0,680.0,3520.0,1354.0,541.0,1062.0,1300.0,-238.0,Paid
VAT-F691069A,GR0000000065,2022-Q2,2022-07-26,7396.0,2845.0,1138.0,5587.0,2149.0,859.0,1775.0,2063.0,-288.0,Paid
VAT-BAEFA27E,GR0000000065,2022-Q3,2022-10-22,7735.0,2975.0,1190.0,5510.0,2119.0,848.0,1856.0,2034.0,-178.0,Paid
VAT-6AB98A92,GR0000000065,2022-Q4,2023-01-26,5043.0,1940.0,776.0,3819.0,1469.0,588.0,1210.0,1410.0,-200.0,Paid
VAT-3F689AFA,GR0000000065,2023-Q1,2023-04-14,4049.0,1557.0,623.0,2920.0,1123.0,449.0,972.0,1078.0,-106.0,Paid
VAT-34C7C84A,GR0000000065,2023-Q2,2023-07-22,6265.0,2409.0,964.0,4486.0,1725.0,690.0,1503.0,1656.0,-153.0,Paid
VAT-BF52D146,GR0000000065,2023-Q3,2023-10-19,5691.0,2189.0,875.0,4334.0,1667.0,667.0,1366.0,1600.0,-235.0,Paid
VAT-FC1D4303,GR0000000065,2023-Q4,2024-01-18,3897.0,1499.0,600.0,2804.0,1078.0,431.0,935.0,1035.0,-100.0,Paid
VAT-8DCB27C4,GR0000000065,2024-Q1,2024-04-11,3906.0,1502.0,601.0,2986.0,1149.0,459.0,938.0,1103.0,-165.0,Paid
VAT-D810EFFA,GR0000000065,2024-Q2,2024-07-24,6634.0,2551.0,1021.0,4836.0,1860.0,744.0,1592.0,1786.0,-194.0,Paid
VAT-CC64F804,GR0000000065,2024-Q3,2024-10-24,6699.0,2577.0,1031.0,4857.0,1868.0,747.0,1608.0,1794.0,-186.0,Paid
VAT-A8F0A9C2,GR0000000065,2024-Q4,2025-01-20,4466.0,1718.0,687.0,3450.0,1327.0,531.0,1072.0,1274.0,-202.0,Paid
VAT-90285EAA,GR0000000066,2022-Q1,2022-04-22,853191.0,355496.0,213298.0,673358.0,258984.0,103594.0,204766.0,248625.0,-43859.0,Paid
VAT-934BE15F,GR0000000066,2022-Q2,2022-07-24,1033057.0,430440.0,258264.0,884137.0,340053.0,136021.0,247934.0,326451.0,-78517.0,Paid
VAT-07BA5D33,GR0000000066,2022-Q3,2022-10-16,989724.0,412385.0,247431.0,802635.0,308706.0,123482.0,237534.0,296357.0,-58824.0,Paid
VAT-81D9ACBD,GR0000000066,2022-Q4,2023-01-16,1322971.0,551238.0,330743.0,1091588.0,419842.0,167937.0,317513.0,403048.0,-85535.0,Paid
VAT-392B8036,GR0000000066,2023-Q1,2023-04-15,740774.0,308656.0,185193.0,638686.0,245649.0,98259.0,177786.0,235823.0,-58037.0,Paid
VAT-62CDA2CC,GR0000000066,2023-Q2,2023-07-21,979628.0,408178.0,244907.0,743397.0,285922.0,114369.0,235111.0,274485.0,-39374.0,Paid
VAT-BD31645E,GR0000000066,2023-Q3,2023-10-19,976041.0,406684.0,244010.0,823238.0,316630.0,126652.0,234250.0,303965.0,-69715.0,Paid
VAT-8AAE50B6,GR0000000066,2023-Q4,2024-01-13,1124760.0,468650.0,281190.0,886656.0,341022.0,136409.0,269942.0,327381.0,-57438.0,Paid
VAT-4C9A4DFF,GR0000000066,2024-Q1,2024-04-11,614953.0,256231.0,153738.0,490239.0,188553.0,75421.0,147589.0,181011.0,-33423.0,Paid
VAT-38CAAFBF,GR0000000066,2024-Q2,2024-07-17,819325.0,341386.0,204831.0,664546.0,255594.0,102238.0,196638.0,245371.0,-48733.0,Paid
VAT-086DEAAC,GR0000000066,2024-Q3,2024-10-23,764275.0,318448.0,191069.0,594128.0,228511.0,91404.0,183426.0,219370.0,-35944.0,Paid
VAT-9B134172,GR0000000066,2024-Q4,2025-01-24,945297.0,393874.0,236324.0,803056.0,308868.0,123547.0,226871.0,296513.0,-69642.0,Paid
VAT-9CA28818,GR0000000067,2022-Q1,2022-04-23,1844769.0,658846.0,131769.0,809808.0,311465.0,124586.0,442745.0,299006.0,143739.0,Paid
VAT-A4CEDF56,GR0000000067,2022-Q2,2022-07-26,1666798.0,595285.0,119057.0,744872.0,286489.0,114596.0,400031.0,275030.0,125002.0,Paid
VAT-7B9ACDC0,GR0000000067,2022-Q3,2022-10-20,1809990.0,646425.0,129285.0,824605.0,317156.0,126862.0,434398.0,304470.0,129928.0,Paid
VAT-5E993AA5,GR0000000067,2022-Q4,2023-01-11,2067538.0,738406.0,147681.0,893484.0,343648.0,137459.0,496209.0,329902.0,166307.0,Paid
VAT-40FF05D6,GR0000000067,2023-Q1,2023-04-21,1365294.0,487605.0,97521.0,566023.0,217701.0,87080.0,327671.0,208993.0,118678.0,Paid
VAT-925F0C67,GR0000000067,2023-Q2,2023-07-14,1569942.0,560694.0,112139.0,636166.0,244679.0,97872.0,376786.0,234892.0,141894.0,Paid
VAT-22AFA757,GR0000000067,2023-Q3,2023-10-19,1482049.0,529303.0,105861.0,667174.0,256605.0,102642.0,355692.0,246341.0,109351.0,Paid
VAT-A84BD309,GR0000000067,2023-Q4,2024-01-21,1884954.0,673198.0,134640.0,832661.0,320254.0,128102.0,452389.0,307444.0,144945.0,Paid
VAT-A44A2B58,GR0000000067,2024-Q1,2024-04-21,911705.0,325609.0,65122.0,400935.0,154206.0,61682.0,218809.0,148038.0,70772.0,Paid
VAT-04A9F418,GR0000000067,2024-Q2,2024-07-15,1034476.0,369456.0,73891.0,388116.0,149276.0,59710.0,248274.0,143305.0,104970.0,Paid
VAT-630DA45B,GR0000000067,2024-Q3,2024-10-19,1034364.0,369416.0,73883.0,390230.0,150089.0,60035.0,248247.0,144085.0,104162.0,Paid
VAT-FBD2B5DE,GR0000000067,2024-Q4,2025-01-25,1325449.0,473375.0,94675.0,574597.0,220999.0,88400.0,318108.0,212159.0,105949.0,Paid
VAT-12EFBB83,GR0000000068,2022-Q1,2022-04-18,22637.0,4731.0,1582.0,16839.0,6110.0,2373.0,5433.0,6485.0,-1052.0,Paid
VAT-A965C0D2,GR0000000068,2022-Q2,2022-08-08,21708.0,4372.0,1518.0,15789.0,5865.0,2330.0,5210.0,6077.0,-867.0,Paid
VAT-BCFD66F0,GR0000000068,2022-Q3,2022-10-22,25478.0,4583.0,1686.0,17893.0,6647.0,2636.0,6115.0,6809.0,-695.0,Paid
VAT-4FDC597C,GR0000000068,2022-Q4,2023-02-01,46468.0,9285.0,3338.0,32052.0,11774.0,4620.0,11152.0,12098.0,-946.0,Paid
VAT-37F04BC4,GR0000000068,2023-Q1,2023-05-06,20354.0,3705.0,1298.0,14714.0,5333.0,2086.0,4885.0,5729.0,-844.0,Paid
VAT-839BFAF1,GR0000000068,2023-Q2,2023-07-26,20948.0,4055.0,1450.0,15356.0,5612.0,2156.0,5028.0,5947.0,-919.0,Paid
VAT-B263D60E,GR0000000068,2023-Q3,2023-10-23,19559.0,3718.0,1335.0,14628.0,5318.0,2060.0,4694.0,5540.0,-846.0,Paid
VAT-976D3FC3,GR0000000068,2023-Q4,2024-01-28,42278.0,8219.0,2810.0,27039.0,10413.0,4097.0,10147.0,10290.0,-144.0,Paid
VAT-C4F4A889,GR0000000068,2024-Q1,2024-04-18,8781.0,1665.0,565.0,5920.0,2258.0,876.0,2107.0,2285.0,-178.0,Paid
VAT-0D7045B1,GR0000000068,2024-Q2,2024-07-14,9064.0,1777.0,604.0,6272.0,2324.0,910.0,2175.0,2437.0,-262.0,Paid
VAT-E1DCEF9C,GR0000000068,2024-Q3,2024-10-20,7896.0,1630.0,562.0,5318.0,1947.0,767.0,1895.0,2049.0,-154.0,Paid
VAT-CD7D685B,GR0000000068,2024-Q4,2025-01-16,14491.0,2882.0,977.0,9735.0,3637.0,1426.0,3478.0,3834.0,-357.0,Paid
VAT-E81F0559,GR0000000069,2022-Q1,2022-04-13,36237.0,10353.0,5177.0,27712.0,10659.0,4263.0,8697.0,10232.0,-1535.0,Paid
VAT-708AC724,GR0000000069,2022-Q2,2022-07-23,53546.0,15299.0,7649.0,41009.0,15773.0,6309.0,12851.0,15142.0,-2291.0,Paid
VAT-30BFE80C,GR0000000069,2022-Q3,2022-10-12,49141.0,14040.0,7020.0,37797.0,14537.0,5815.0,11794.0,13956.0,-2162.0,Paid
VAT-8CAFCC36,GR0000000069,2022-Q4,2023-01-21,45462.0,12989.0,6495.0,32085.0,12340.0,4936.0,10911.0,11847.0,-936.0,Paid
VAT-26A4E0F5,GR0000000069,2023-Q1,2023-04-24,92211.0,26346.0,13173.0,65594.0,25229.0,10091.0,22131.0,24219.0,-2089.0,Paid
VAT-B963FC58,GR0000000069,2023-Q2,2023-07-26,145986.0,41710.0,20855.0,112573.0,43297.0,17319.0,35037.0,41565.0,-6529.0,Paid
VAT-362B4134,GR0000000069,2023-Q3,2023-10-22,121995.0,34856.0,17428.0,90304.0,34732.0,13893.0,29279.0,33343.0,-4064.0,Paid
VAT-856C93E4,GR0000000069,2023-Q4,2024-01-13,117695.0,33627.0,16814.0,82930.0,31896.0,12758.0,28247.0,30620.0,-2373.0,Paid
VAT-B34CC628,GR0000000069,2024-Q1,2024-04-13,84654.0,24187.0,12093.0,63782.0,24532.0,9813.0,20317.0,23550.0,-3233.0,Paid
VAT-929EFF82,GR0000000069,2024-Q2,2024-07-17,129854.0,37101.0,18551.0,99014.0,38082.0,15233.0,31165.0,36559.0,-5394.0,Paid
VAT-D1B0C3CE,GR0000000069,2024-Q3,2024-10-25,113503.0,32430.0,16215.0,89014.0,34236.0,13695.0,27241.0,32867.0,-5626.0,Paid
VAT-F76EF6DB,GR0000000069,2024-Q4,2025-01-21,116069.0,33162.0,16581.0,87734.0,33744.0,13498.0,27856.0,32394.0,-4538.0,Paid
VAT-3B54E39C,GR0000000070,2022-Q1,2022-04-16,552697.0,301471.0,150736.0,404633.0,155628.0,62251.0,132647.0,149403.0,-16756.0,Paid
VAT-C9A4E06C,GR0000000070,2022-Q2,2022-07-19,597893.0,326124.0,163062.0,467430.0,179781.0,71912.0,143494.0,172590.0,-29095.0,Paid
VAT-7731F751,GR0000000070,2022-Q3,2022-10-25,655776.0,357696.0,178848.0,492885.0,189571.0,75828.0,157386.0,181988.0,-24602.0,Paid
VAT-BC64460E,GR0000000070,2022-Q4,2023-01-26,755409.0,412041.0,206021.0,622755.0,239521.0,95809.0,181298.0,229940.0,-48642.0,Paid
VAT-61C3E9B5,GR0000000070,2023-Q1,2023-04-13,819321.0,446902.0,223451.0,637722.0,245278.0,98111.0,196637.0,235467.0,-38830.0,Paid
VAT-E5484498,GR0000000070,2023-Q2,2023-07-26,969429.0,528779.0,264390.0,771842.0,296862.0,118745.0,232663.0,284988.0,-52325.0,Paid
VAT-F8CEDB68,GR0000000070,2023-Q3,2023-10-24,994497.0,542453.0,271226.0,813221.0,312777.0,125111.0,238679.0,300266.0,-61587.0,Paid
VAT-5F5A54DD,GR0000000070,2023-Q4,2024-01-17,1175270.0,641056.0,320528.0,934231.0,359319.0,143728.0,282065.0,344947.0,-62882.0,Paid
VAT-28EF6A17,GR0000000070,2024-Q1,2024-04-18,891295.0,486161.0,243080.0,695880.0,267646.0,107058.0,213911.0,256940.0,-43030.0,Paid
VAT-E51A6839,GR0000000070,2024-Q2,2024-07-20,1017603.0,555056.0,277528.0,776264.0,298563.0,119425.0,244225.0,286620.0,-42396.0,Paid
VAT-42272A1A,GR0000000070,2024-Q3,2024-10-14,970465.0,529344.0,264672.0,754085.0,290033.0,116013.0,232912.0,278431.0,-45520.0,Paid
VAT-CFF57C24,GR0000000070,2024-Q4,2025-01-18,1191866.0,650109.0,325054.0,869796.0,334537.0,133815.0,286048.0,321156.0,-35108.0,Paid
VAT-0B1819F0,GR0000000071,2024-Q1,2024-04-22,62982.0,7410.0,3705.0,30357.0,11676.0,4670.0,15116.0,11209.0,3907.0,Partial
VAT-336B5FA8,GR0000000071,2024-Q2,2024-07-18,63642.0,7487.0,3744.0,30145.0,11594.0,4638.0,15274.0,11131.0,4143.0,Partial
VAT-BC838FAF,GR0000000071,2024-Q3,2024-10-11,62944.0,7405.0,3703.0,30180.0,11608.0,4643.0,15107.0,11143.0,3963.0,Paid
VAT-D4041183,GR0000000071,2024-Q4,2025-01-12,60891.0,7164.0,3582.0,28784.0,11071.0,4428.0,14614.0,10628.0,3986.0,Paid
VAT-167A4FA9,GR0000000072,2022-Q1,2022-04-18,653614.0,122553.0,40851.0,407691.0,156804.0,62722.0,156867.0,150532.0,6335.0,Paid
VAT-DCADFC9B,GR0000000072,2022-Q2,2022-07-16,477154.0,89466.0,29822.0,287370.0,110527.0,44211.0,114517.0,106106.0,8411.0,Paid
VAT-40C4D9A1,GR0000000072,2022-Q3,2022-10-26,455686.0,85441.0,28480.0,285119.0,109661.0,43864.0,109365.0,105275.0,4090.0,Paid
VAT-F91223E0,GR0000000072,2022-Q4,2023-01-17,595183.0,111597.0,37199.0,343008.0,131926.0,52770.0,142844.0,126649.0,16195.0,Paid
VAT-2C8B99B2,GR0000000072,2023-Q1,2023-04-14,887467.0,166400.0,55467.0,520507.0,200195.0,80078.0,212992.0,192187.0,20805.0,Paid
VAT-47C6C1BD,GR0000000072,2023-Q2,2023-07-21,599662.0,112437.0,37479.0,387204.0,148924.0,59570.0,143919.0,142967.0,951.0,Paid
VAT-9F71E22A,GR0000000072,2023-Q3,2023-10-20,711753.0,133454.0,44485.0,433666.0,166795.0,66718.0,170821.0,160123.0,10698.0,Paid
VAT-C7ABC7BB,GR0000000072,2023-Q4,2024-01-19,830007.0,155626.0,51875.0,530923.0,204201.0,81680.0,199202.0,196033.0,3169.0,Paid
VAT-F23A70BA,GR0000000072,2024-Q1,2024-04-22,906274.0,169926.0,56642.0,524270.0,201642.0,80657.0,217506.0,193577.0,23929.0,Paid
VAT-56E6D0B6,GR0000000072,2024-Q2,2024-07-11,719178.0,134846.0,44949.0,444900.0,171116.0,68446.0,172603.0,164271.0,8332.0,Paid
VAT-B12F7045,GR0000000072,2024-Q3,2024-10-25,775035.0,145319.0,48440.0,494202.0,190078.0,76031.0,186008.0,182475.0,3534.0,Paid
VAT-418A88E9,GR0000000072,2024-Q4,2025-01-16,897260.0,168236.0,56079.0,546210.0,210081.0,84032.0,215342.0,201677.0,13665.0,Partial
VAT-41C9C4DD,GR0000000073,2022-Q1,2022-04-17,130987.0,37425.0,18712.0,96063.0,36947.0,14779.0,31437.0,35469.0,-4032.0,Paid
VAT-1B822834,GR0000000073,2022-Q2,2022-07-22,195453.0,55844.0,27922.0,137102.0,52731.0,21093.0,46909.0,50622.0,-3713.0,Paid
VAT-B2017860,GR0000000073,2022-Q3,2022-10-13,151411.0,43260.0,21630.0,112172.0,43143.0,17257.0,36339.0,41417.0,-5079.0,Paid
VAT-BAADA8DE,GR0000000073,2022-Q4,2023-01-25,166385.0,47539.0,23769.0,123639.0,47553.0,19021.0,39932.0,45651.0,-5719.0,Paid
VAT-F94D803C,GR0000000073,2023-Q1,2023-04-11,207555.0,59301.0,29651.0,150631.0,57935.0,23174.0,49813.0,55617.0,-5804.0,Paid
VAT-9D03E826,GR0000000073,2023-Q2,2023-07-26,329949.0,94271.0,47136.0,230148.0,88518.0,35407.0,79188.0,84978.0,-5790.0,Paid
VAT-900DBEDE,GR0000000073,2023-Q3,2023-10-20,247838.0,70811.0,35405.0,181333.0,69744.0,27897.0,59481.0,66954.0,-7473.0,Paid
VAT-F44A4204,GR0000000073,2023-Q4,2024-01-23,290341.0,82954.0,41477.0,210975.0,81144.0,32458.0,69682.0,77899.0,-8217.0,Paid
VAT-48F7FE04,GR0000000073,2024-Q1,2024-04-10,241687.0,69053.0,34527.0,189829.0,73011.0,29204.0,58005.0,70091.0,-12086.0,Paid
VAT-4F34112B,GR0000000073,2024-Q2,2024-07-16,337495.0,96427.0,48214.0,246509.0,94811.0,37924.0,80999.0,91019.0,-10020.0,Paid
VAT-FA971774,GR0000000073,2024-Q3,2024-10-11,298314.0,85233.0,42616.0,219498.0,84422.0,33769.0,71595.0,81045.0,-9450.0,Paid
VAT-B5AE30CA,GR0000000073,2024-Q4,2025-01-13,279912.0,79975.0,39987.0,213152.0,81981.0,32793.0,67179.0,78702.0,-11523.0,Paid
VAT-1592DDCF,GR0000000074,2022-Q1,2022-04-21,27291.0,3211.0,1605.0,13522.0,5201.0,2080.0,6550.0,4993.0,1557.0,Paid
VAT-18A3ED4D,GR0000000074,2022-Q2,2022-07-23,29991.0,3528.0,1764.0,14267.0,5487.0,2195.0,7198.0,5268.0,1930.0,Paid
VAT-594F50E3,GR0000000074,2022-Q3,2022-10-13,26772.0,3150.0,1575.0,13013.0,5005.0,2002.0,6425.0,4805.0,1620.0,Paid
VAT-1782D1DD,GR0000000074,2022-Q4,2023-01-22,26213.0,3084.0,1542.0,11973.0,4605.0,1842.0,6291.0,4421.0,1870.0,Paid
VAT-8C13FB99,GR0000000074,2023-Q1,2023-04-15,67201.0,7906.0,3953.0,32300.0,12423.0,4969.0,16128.0,11926.0,4202.0,Paid
VAT-D0E2FC7F,GR0000000074,2023-Q2,2023-07-25,63281.0,7445.0,3722.0,28543.0,10978.0,4391.0,15187.0,10539.0,4648.0,Paid
VAT-7432B2EF,GR0000000074,2023-Q3,2023-10-25,73642.0,8664.0,4332.0,32186.0,12379.0,4952.0,17674.0,11884.0,5790.0,Paid
VAT-5215F7E1,GR0000000074,2023-Q4,2024-01-23,70056.0,8242.0,4121.0,31875.0,12260.0,4904.0,16813.0,11769.0,5044.0,Paid
VAT-0D78E6BD,GR0000000074,2024-Q1,2024-04-25,45010.0,5295.0,2648.0,20348.0,7826.0,3130.0,10802.0,7513.0,3289.0,Paid
VAT-12719FA0,GR0000000074,2024-Q2,2024-07-20,46857.0,5513.0,2756.0,21774.0,8375.0,3350.0,11246.0,8040.0,3206.0,Paid
VAT-D6389920,GR0000000074,2024-Q3,2024-10-21,50297.0,5917.0,2959.0,24921.0,9585.0,3834.0,12071.0,9202.0,2870.0,Paid
VAT-16668CAB,GR0000000074,2024-Q4,2025-01-16,44054.0,5183.0,2591.0,20797.0,7999.0,3199.0,10573.0,7679.0,2894.0,Paid
VAT-57403CD1,GR0000000075,2022-Q1,2022-04-21,1273976.0,1114729.0,796235.0,1318364.0,507063.0,202825.0,305754.0,486780.0,-181026.0,Paid
VAT-4E09AD87,GR0000000075,2022-Q2,2022-07-16,1639031.0,1434152.0,1024394.0,1577231.0,606627.0,242651.0,393367.0,582362.0,-188995.0,Paid
VAT-255090AE,GR0000000075,2022-Q3,2022-10-14,1484373.0,1298826.0,927733.0,1531422.0,589009.0,235603.0,356250.0,565448.0,-209199.0,Paid
VAT-219AEC70,GR0000000075,2022-Q4,2023-01-24,1746745.0,1528402.0,1091715.0,1583609.0,609080.0,243632.0,419219.0,584717.0,-165498.0,Paid
VAT-8A66FE82,GR0000000075,2023-Q1,2023-04-13,1139282.0,996872.0,712051.0,1068450.0,410942.0,164377.0,273428.0,394505.0,-121077.0,Paid
VAT-EE121338,GR0000000075,2023-Q2,2023-07-12,1415240.0,1238335.0,884525.0,1444476.0,555568.0,222227.0,339657.0,533345.0,-193687.0,Paid
VAT-1D23EEA9,GR0000000075,2023-Q3,2023-10-15,1515067.0,1325684.0,946917.0,1538222.0,591624.0,236650.0,363616.0,567959.0,-204343.0,Paid
VAT-FCE72164,GR0000000075,2023-Q4,2024-01-12,1838339.0,1608547.0,1148962.0,1766687.0,679495.0,271798.0,441201.0,652315.0,-211114.0,Paid
VAT-4D6D1603,GR0000000075,2024-Q1,2024-04-23,1720341.0,1505298.0,1075213.0,1596421.0,614008.0,245603.0,412882.0,589448.0,-176566.0,Paid
VAT-6163F5E0,GR0000000075,2024-Q2,2024-07-14,2076608.0,1817032.0,1297880.0,1890729.0,727203.0,290881.0,498386.0,698115.0,-199729.0,Paid
VAT-8DFF922C,GR0000000075,2024-Q3,2024-10-24,2400130.0,2100114.0,1500082.0,2510486.0,965572.0,386229.0,576031.0,926949.0,-350917.0,Paid
VAT-C4DE66A9,GR0000000075,2024-Q4,2025-01-11,2843933.0,2488441.0,1777458.0,2795217.0,1075084.0,430033.0,682544.0,1032080.0,-349536.0,Paid
VAT-A05ACD3F,GR0000000076,2022-Q1,2022-04-17,61051.0,11447.0,3816.0,37789.0,14534.0,5814.0,14652.0,13953.0,699.0,Paid
VAT-31A23FED,GR0000000076,2022-Q2,2022-07-14,51897.0,9731.0,3244.0,30821.0,11854.0,4742.0,12455.0,11380.0,1075.0,Paid
VAT-BABAE7A0,GR0000000076,2022-Q3,2022-10-17,55796.0,10462.0,3487.0,33743.0,12978.0,5191.0,13391.0,12459.0,932.0,Paid
VAT-59BCECBE,GR0000000076,2022-Q4,2023-01-21,61818.0,11591.0,3864.0,35303.0,13578.0,5431.0,14836.0,13035.0,1802.0,Paid
VAT-30AD2D30,GR0000000076,2023-Q1,2023-04-17,46847.0,8784.0,2928.0,28732.0,11051.0,4420.0,11243.0,10609.0,634.0,Paid
VAT-81D9DB3D,GR0000000076,2023-Q2,2023-07-21,33133.0,6212.0,2071.0,20435.0,7860.0,3144.0,7952.0,7545.0,407.0,Paid
VAT-C7DA7AAA,GR0000000076,2023-Q3,2023-10-13,34170.0,6407.0,2136.0,20887.0,8034.0,3213.0,8201.0,7712.0,488.0,Paid
VAT-0BF9326A,GR0000000076,2023-Q4,2024-01-17,47848.0,8972.0,2991.0,30747.0,11826.0,4730.0,11484.0,11353.0,131.0,Paid
VAT-2F02DBBA,GR0000000076,2024-Q1,2024-04-21,36585.0,6860.0,2287.0,21710.0,8350.0,3340.0,8780.0,8016.0,764.0,Paid
VAT-D26F56A1,GR0000000076,2024-Q2,2024-07-22,27909.0,5233.0,1744.0,16653.0,6405.0,2562.0,6698.0,6149.0,549.0,Paid
VAT-04264F2C,GR0000000076,2024-Q3,2024-10-26,29237.0,5482.0,1827.0,18262.0,7024.0,2810.0,7017.0,6743.0,274.0,Paid
VAT-2A388C1B,GR0000000076,2024-Q4,2025-01-11,38018.0,7128.0,2376.0,22548.0,8672.0,3469.0,9124.0,8325.0,799.0,Paid
VAT-C2BA1B8F,GR0000000077,2022-Q1,2022-04-19,420536.0,49475.0,24737.0,190113.0,73121.0,29248.0,100929.0,70196.0,30733.0,Paid
VAT-A6FA4FA1,GR0000000077,2022-Q2,2022-07-14,404584.0,47598.0,23799.0,177895.0,68421.0,27368.0,97100.0,65684.0,31416.0,Paid
VAT-5C32D4A6,GR0000000077,2022-Q3,2022-10-14,420441.0,49464.0,24732.0,203468.0,78257.0,31303.0,100906.0,75127.0,25779.0,Paid
VAT-73B67D81,GR0000000077,2022-Q4,2023-01-24,400712.0,47143.0,23571.0,181473.0,69797.0,27919.0,96171.0,67005.0,29165.0,Paid
VAT-899D4668,GR0000000077,2023-Q1,2023-04-16,415662.0,48901.0,24451.0,195434.0,75167.0,30067.0,99759.0,72160.0,27599.0,Paid
VAT-43187C7D,GR0000000077,2023-Q2,2023-07-18,427144.0,50252.0,25126.0,193139.0,74284.0,29714.0,102514.0,71313.0,31202.0,Paid
VAT-D2C8CC3D,GR0000000077,2023-Q3,2023-10-21,419060.0,49301.0,24651.0,180630.0,69473.0,27789.0,100574.0,66694.0,33880.0,Paid
VAT-657E19F0,GR0000000077,2023-Q4,2024-01-12,409354.0,48159.0,24080.0,191507.0,73656.0,29463.0,98245.0,70710.0,27535.0,Paid
VAT-04BF7C52,GR0000000077,2024-Q1,2024-04-25,381084.0,44833.0,22417.0,165698.0,63730.0,25492.0,91460.0,61181.0,30279.0,Paid
VAT-665E204A,GR0000000077,2024-Q2,2024-07-18,348726.0,41027.0,20513.0,150005.0,57694.0,23078.0,83694.0,55386.0,28308.0,Paid
VAT-D3B59CFE,GR0000000077,2024-Q3,2024-10-26,336200.0,39553.0,19776.0,147387.0,56687.0,22675.0,80688.0,54420.0,26268.0,Paid
VAT-EDD09D23,GR0000000077,2024-Q4,2025-01-11,338449.0,39818.0,19909.0,147969.0,56911.0,22764.0,81228.0,54635.0,26593.0,Paid
VAT-1E4499A5,GR0000000078,2022-Q1,2022-05-05,5038296.0,2230301.0,1457927.0,4282038.0,1629335.0,643553.0,1209191.0,1663105.0,-453914.0,Paid
VAT-EBFBEB6A,GR0000000078,2022-Q2,2022-07-19,6511522.0,2646040.0,1724877.0,4850479.0,1867241.0,723941.0,1562765.0,1905448.0,-342682.0,Paid
VAT-93D50C31,GR0000000078,2022-Q3,2022-10-28,6235702.0,2598422.0,1648820.0,5047536.0,1853843.0,710192.0,1496569.0,1948097.0,-451528.0,Paid
VAT-27F22896,GR0000000078,2022-Q4,2023-01-27,7958954.0,3323655.0,2165064.0,6744451.0,2426385.0,954879.0,1910149.0,2579980.0,-669831.0,Paid
VAT-49957C4B,GR0000000078,2023-Q1,2023-05-11,5736361.0,2483765.0,1494436.0,4480600.0,1624984.0,643652.0,1376727.0,1723966.0,-347240.0,Paid
VAT-EB9A5B14,GR0000000078,2023-Q2,2023-07-17,6693393.0,2873196.0,1845805.0,5519030.0,2124608.0,830709.0,1606414.0,2151638.0,-545224.0,Paid
VAT-6C667E33,GR0000000078,2023-Q3,2023-10-26,7426333.0,3377855.0,2148719.0,6167841.0,2307296.0,925248.0,1782320.0,2386836.0,-604516.0,Paid
VAT-9501D594,GR0000000078,2023-Q4,2024-02-09,8573495.0,3795377.0,2413042.0,7046063.0,2650459.0,1018346.0,2057639.0,2717008.0,-659369.0,Paid
VAT-35EE5488,GR0000000078,2024-Q1,2024-04-15,3153841.0,1494083.0,915196.0,2730045.0,1049752.0,409523.0,756922.0,1062694.0,-305772.0,Paid
VAT-A145ED83,GR0000000078,2024-Q2,2024-07-30,4572074.0,2031027.0,1281802.0,3592130.0,1339429.0,535416.0,1097298.0,1354308.0,-257011.0,Paid
VAT-360EA76A,GR0000000078,2024-Q3,2024-10-22,4507795.0,1897820.0,1227302.0,3892267.0,1427351.0,556726.0,1081871.0,1502086.0,-420215.0,Paid
VAT-6ED3FB81,GR0000000078,2024-Q4,2025-01-18,4921765.0,2345525.0,1420475.0,4524578.0,1659134.0,642075.0,1181224.0,1739668.0,-558445.0,Paid
VAT-6EA7F691,GR0000000079,2022-Q1,2022-04-23,1851921.0,712277.0,284911.0,1358283.0,522417.0,208967.0,444461.0,501520.0,-57059.0,Paid
VAT-C9116E37,GR0000000079,2022-Q2,2022-07-24,2391730.0,919896.0,367958.0,1780548.0,684826.0,273930.0,574015.0,657433.0,-83418.0,Paid
VAT-E7BCCBD0,GR0000000079,2022-Q3,2022-10-23,2684843.0,1032632.0,413053.0,1772326.0,681664.0,272665.0,644362.0,654397.0,-10035.0,Paid
VAT-5037F33E,GR0000000079,2022-Q4,2023-01-19,1759144.0,676594.0,270638.0,1236970.0,475758.0,190303.0,422195.0,456728.0,-34533.0,Paid
VAT-7A72D15F,GR0000000079,2023-Q1,2023-04-20,2336893.0,898805.0,359522.0,1649478.0,634415.0,253766.0,560854.0,609038.0,-48184.0,Paid
VAT-28837B14,GR0000000079,2023-Q2,2023-07-13,3757044.0,1445017.0,578007.0,2722395.0,1047075.0,418830.0,901691.0,1005192.0,-103501.0,Paid
VAT-12BE6DAA,GR0000000079,2023-Q3,2023-10-15,3549668.0,1365257.0,546103.0,2546707.0,979503.0,391801.0,851920.0,940322.0,-88402.0,Paid
VAT-67559C79,GR0000000079,2023-Q4,2024-01-13,2554097.0,982345.0,392938.0,1885645.0,725248.0,290099.0,612983.0,696238.0,-83255.0,Paid
VAT-21AE54FA,GR0000000079,2024-Q1,2024-04-20,2098943.0,807286.0,322914.0,1476376.0,567837.0,227135.0,503746.0,545123.0,-41377.0,Paid
VAT-468F4177,GR0000000079,2024-Q2,2024-07-12,3157581.0,1214454.0,485782.0,2347194.0,902767.0,361107.0,757819.0,866656.0,-108837.0,Paid
VAT-A5F00C6B,GR0000000079,2024-Q3,2024-10-16,3306785.0,1271840.0,508736.0,2331310.0,896658.0,358663.0,793628.0,860791.0,-67163.0,Paid
VAT-378F1118,GR0000000079,2024-Q4,2025-01-16,2175719.0,836815.0,334726.0,1598034.0,614628.0,245851.0,522172.0,590043.0,-67871.0,Paid
VAT-4561D862,GR0000000080,2022-Q1,2022-04-18,180806.0,158205.0,113004.0,178141.0,68516.0,27406.0,43393.0,65775.0,-22382.0,Paid
VAT-E6A61AF0,GR0000000080,2022-Q2,2022-07-20,236171.0,206649.0,147607.0,225472.0,86720.0,34688.0,56681.0,83251.0,-26570.0,Paid
VAT-C0FF48DE,GR0000000080,2022-Q3,2022-10-18,245046.0,214415.0,153154.0,233346.0,89748.0,35899.0,58811.0,86158.0,-27347.0,Paid
VAT-63A69F5E,GR0000000080,2022-Q4,2023-01-12,266301.0,233014.0,166438.0,257372.0,98989.0,39596.0,63912.0,95030.0,-31117.0,Paid
VAT-A31D65F5,GR0000000080,2023-Q1,2023-04-21,109217.0,95565.0,68261.0,115244.0,44325.0,17730.0,26212.0,42552.0,-16339.0,Paid
VAT-782269CE,GR0000000080,2023-Q2,2023-07-17,145700.0,127487.0,91062.0,130375.0,50144.0,20058.0,34968.0,48138.0,-13170.0,Paid
VAT-F33FA7F4,GR0000000080,2023-Q3,2023-10-19,152855.0,133748.0,95534.0,141950.0,54596.0,21838.0,36685.0,52412.0,-15727.0,Paid
VAT-34D5C269,GR0000000080,2023-Q4,2024-01-16,170473.0,149164.0,106545.0,152961.0,58831.0,23532.0,40913.0,56478.0,-15565.0,Paid
VAT-2CC4FC3D,GR0000000080,2024-Q1,2024-04-21,106754.0,93409.0,66721.0,97047.0,37326.0,14930.0,25621.0,35833.0,-10212.0,Paid
VAT-5FB3E87C,GR0000000080,2024-Q2,2024-07-12,130127.0,113861.0,81329.0,123821.0,47624.0,19049.0,31230.0,45719.0,-14488.0,Paid
VAT-F1B0EA0F,GR0000000080,2024-Q3,2024-10-22,119752.0,104783.0,74845.0,112185.0,43148.0,17259.0,28741.0,41422.0,-12682.0,Paid
VAT-A106D0CD,GR0000000080,2024-Q4,2025-01-19,152058.0,133051.0,95036.0,141659.0,54484.0,21794.0,36494.0,52305.0,-15811.0,Paid
VAT-D1F13A9F,GR0000000081,2022-Q1,2022-04-23,1306240.0,153675.0,76838.0,571722.0,219893.0,87957.0,313498.0,211097.0,102400.0,Paid
VAT-E38ED4F7,GR0000000081,2022-Q2,2022-07-21,1129363.0,132866.0,66433.0,473984.0,182302.0,72921.0,271047.0,175010.0,96038.0,Paid
VAT-6AFC9953,GR0000000081,2022-Q3,2022-10-23,1205088.0,141775.0,70888.0,515622.0,198316.0,79326.0,289221.0,190383.0,98838.0,Paid
VAT-B9D85F74,GR0000000081,2022-Q4,2023-01-14,1332509.0,156766.0,78383.0,517485.0,199033.0,79613.0,319802.0,191072.0,128731.0,Paid
VAT-0CEF4F30,GR0000000081,2023-Q1,2023-04-22,1544476.0,181703.0,90852.0,693263.0,266640.0,106656.0,370674.0,255974.0,114700.0,Paid
VAT-F7BE64AF,GR0000000081,2023-Q2,2023-07-26,1420537.0,167122.0,83561.0,612005.0,235387.0,94155.0,340929.0,225971.0,114958.0,Paid
VAT-55DB0201,GR0000000081,2023-Q3,2023-10-25,1558025.0,183297.0,91649.0,632028.0,243088.0,97235.0,373926.0,233364.0,140562.0,Paid
VAT-2ED05146,GR0000000081,2023-Q4,2024-01-22,1440636.0,169487.0,84743.0,586837.0,225707.0,90283.0,345753.0,216678.0,129074.0,Paid
VAT-A0A3A222,GR0000000081,2024-Q1,2024-04-23,1731382.0,203692.0,101846.0,691403.0,265924.0,106370.0,415532.0,255287.0,160244.0,Paid
VAT-9310B6F3,GR0000000081,2024-Q2,2024-07-14,1925029.0,226474.0,113237.0,757829.0,291473.0,116589.0,462007.0,279814.0,182193.0,Paid
VAT-956AD3F4,GR0000000081,2024-Q3,2024-10-11,2045485.0,240645.0,120323.0,871481.0,335185.0,134074.0,490916.0,321778.0,169139.0,Paid
VAT-19F291F0,GR0000000081,2024-Q4,2025-01-14,2035689.0,239493.0,119746.0,819224.0,315086.0,126034.0,488565.0,302483.0,186083.0,Paid
VAT-21CDB9C0,GR0000000082,2022-Q1,2022-06-06,737439.0,897372.0,681458.0,1020161.0,372132.0,132864.0,176985.0,429813.0,-252828.0,Paid
VAT-FC27426B,GR0000000082,2022-Q2,2022-08-15,1114804.0,1185335.0,880360.0,1473649.0,540127.0,194984.0,267553.0,625776.0,-358223.0,Paid
VAT-A8BF01A1,GR0000000082,2022-Q3,2022-10-29,1057477.0,1267293.0,882405.0,1642424.0,544140.0,211697.0,253794.0,666859.0,-413065.0,Paid
VAT-DB7DDE92,GR0000000082,2022-Q4,2023-01-27,1333736.0,1300438.0,1042495.0,1676349.0,629094.0,230066.0,320097.0,712519.0,-392422.0,Paid
VAT-05B5ECCA,GR0000000082,2023-Q1,2023-04-23,545872.0,577903.0,452233.0,759975.0,260818.0,97291.0,131009.0,313977.0,-182968.0,Paid
VAT-4888DB86,GR0000000082,2023-Q2,2023-08-08,567814.0,733996.0,543653.0,987475.0,333637.0,124750.0,136275.0,399720.0,-263445.0,Paid
VAT-54431FFA,GR0000000082,2023-Q3,2023-10-20,709959.0,815323.0,614839.0,919342.0,327827.0,118687.0,170390.0,383495.0,-213105.0,Paid
VAT-1F9DF174,GR0000000082,2023-Q4,2024-01-27,745864.0,907324.0,665131.0,1121094.0,389859.0,148867.0,179007.0,472129.0,-293122.0,Paid
VAT-58087F72,GR0000000082,2024-Q1,2024-05-15,283150.0,370266.0,269418.0,401211.0,155592.0,56401.0,67956.0,170536.0,-102580.0,Paid
VAT-E01BBDB2,GR0000000082,2024-Q2,2024-08-07,438022.0,478776.0,354374.0,641939.0,221391.0,81412.0,105125.0,275543.0,-170418.0,Paid
VAT-DB247C89,GR0000000082,2024-Q3,2024-11-11,406553.0,494799.0,361641.0,515160.0,202097.0,73752.0,97573.0,221074.0,-123502.0,Paid
VAT-37E60FB5,GR0000000082,2024-Q4,2025-02-10,513584.0,586348.0,415543.0,742257.0,239696.0,90197.0,123260.0,304114.0,-180854.0,Paid
VAT-4386192E,GR0000000083,2022-Q1,2022-04-19,7836301.0,1469306.0,489769.0,4206528.0,1617895.0,647158.0,1880712.0,1553180.0,327533.0,Paid
VAT-CB670ACD,GR0000000083,2022-Q2,2022-07-18,7779137.0,1458588.0,486196.0,4491132.0,1727358.0,690943.0,1866993.0,1658264.0,208729.0,Paid
VAT-9CD22163,GR0000000083,2022-Q3,2022-10-19,7835553.0,1469166.0,489722.0,4285159.0,1648138.0,659255.0,1880533.0,1582213.0,298320.0,Paid
VAT-AC85296B,GR0000000083,2022-Q4,2023-01-24,13769046.0,2581696.0,860565.0,8041625.0,3092933.0,1237173.0,3304571.0,2969215.0,335356.0,Paid
VAT-5F6BD2BE,GR0000000083,2023-Q1,2023-04-13,8483315.0,1590621.0,530207.0,4818989.0,1853457.0,741383.0,2035995.0,1779319.0,256677.0,Paid
VAT-E601E108,GR0000000083,2023-Q2,2023-07-20,8656950.0,1623178.0,541059.0,4731107.0,1819657.0,727863.0,2077668.0,1746870.0,330798.0,Paid
VAT-016C3D39,GR0000000083,2023-Q3,2023-10-26,8838930.0,1657299.0,552433.0,5332673.0,2051028.0,820411.0,2121343.0,1968987.0,152356.0,Partial
VAT-C6EE4DEA,GR0000000083,2023-Q4,2024-01-19,16531247.0,3099609.0,1033203.0,9727685.0,3741417.0,1496567.0,3967499.0,3591760.0,375739.0,Partial
VAT-8786729A,GR0000000083,2024-Q1,2024-04-10,7529024.0,1411692.0,470564.0,4397055.0,1691175.0,676470.0,1806966.0,1623528.0,183438.0,Paid
VAT-FAEA365B,GR0000000083,2024-Q2,2024-07-19,6538610.0,1225989.0,408663.0,3680348.0,1415518.0,566207.0,1569266.0,1358898.0,210369.0,Paid
VAT-93C6F118,GR0000000083,2024-Q3,2024-10-14,7771497.0,1457156.0,485719.0,4559081.0,1753493.0,701397.0,1865159.0,1683353.0,181806.0,Paid
VAT-8FD9454D,GR0000000083,2024-Q4,2025-01-25,15710605.0,2945738.0,981913.0,8961765.0,3446833.0,1378733.0,3770545.0,3308959.0,461586.0,Paid
VAT-6813DFE6,GR0000000084,2022-Q1,2022-04-13,7641953.0,2183415.0,1091708.0,5310600.0,2042539.0,817015.0,1834069.0,1960837.0,-126768.0,Paid
VAT-6BF67FA3,GR0000000084,2022-Q2,2022-07-25,9774600.0,2792743.0,1396371.0,6405861.0,2463793.0,985517.0,2345904.0,2365241.0,-19337.0,Paid
VAT-6169583E,GR0000000084,2022-Q3,2022-10-25,9855181.0,2815766.0,1407883.0,6122043.0,2354632.0,941853.0,2365244.0,2260446.0,104797.0,Paid
VAT-B487A73B,GR0000000084,2022-Q4,2023-01-17,8999581.0,2571309.0,1285654.0,6078433.0,2337859.0,935144.0,2159899.0,2244344.0,-84445.0,Paid
VAT-787C11E7,GR0000000084,2023-Q1,2023-04-21,6614845.0,1889956.0,944978.0,4277278.0,1645107.0,658043.0,1587563.0,1579303.0,8260.0,Paid
VAT-00993F4B,GR0000000084,2023-Q2,2023-07-24,9674666.0,2764190.0,1382095.0,6488551.0,2495596.0,998239.0,2321920.0,2395773.0,-73853.0,Paid
VAT-C3DFBDA5,GR0000000084,2023-Q3,2023-10-23,8283250.0,2366643.0,1183321.0,5137806.0,1976079.0,790432.0,1987980.0,1897036.0,90944.0,Paid
VAT-30C30057,GR0000000084,2023-Q4,2024-01-22,9362385.0,2674967.0,1337484.0,5992586.0,2304841.0,921936.0,2246972.0,2212647.0,34325.0,Paid
VAT-F01E05AA,GR0000000084,2024-Q1,2024-04-11,6111041.0,1746012.0,873006.0,3739623.0,1438316.0,575327.0,1466650.0,1380784.0,85866.0,Paid
VAT-583D9E91,GR0000000084,2024-Q2,2024-07-21,10035161.0,2867189.0,1433594.0,6726344.0,2587055.0,1034822.0,2408439.0,2483573.0,-75135.0,Paid
VAT-02B21009,GR0000000084,2024-Q3,2024-10-23,9110385.0,2602967.0,1301484.0,5575912.0,2144582.0,857833.0,2186492.0,2058798.0,127694.0,Paid
VAT-7D10DFE6,GR0000000084,2024-Q4,2025-01-15,9108996.0,2602570.0,1301285.0,5570085.0,2142340.0,856936.0,2186159.0,2056647.0,129512.0,Paid
VAT-DC22FA8D,GR0000000085,2022-Q1,2022-04-13,12750.0,6955.0,3477.0,9861.0,3793.0,1517.0,3060.0,3641.0,-581.0,Paid
VAT-DBA3F439,GR0000000085,2022-Q2,2022-07-21,15177.0,8279.0,4139.0,13295.0,5114.0,2045.0,3643.0,4909.0,-1266.0,Paid
VAT-40BF739F,GR0000000085,2022-Q3,2022-10-22,14171.0,7730.0,3865.0,11157.0,4291.0,1716.0,3401.0,4120.0,-719.0,Paid
VAT-6492689D,GR0000000085,2022-Q4,2023-01-22,14467.0,7891.0,3946.0,11419.0,4392.0,1757.0,3472.0,4216.0,-744.0,Paid
VAT-30481125,GR0000000085,2023-Q1,2023-04-11,5388.0,2939.0,1469.0,4323.0,1663.0,665.0,1293.0,1596.0,-303.0,Paid
VAT-D77F0666,GR0000000085,2023-Q2,2023-07-21,5779.0,3152.0,1576.0,4520.0,1738.0,695.0,1387.0,1669.0,-282.0,Paid
VAT-4543D52E,GR0000000085,2023-Q3,2023-10-22,5650.0,3082.0,1541.0,4981.0,1916.0,766.0,1356.0,1839.0,-483.0,Paid
VAT-B8E96D04,GR0000000085,2023-Q4,2024-01-26,6932.0,3781.0,1891.0,5835.0,2244.0,898.0,1664.0,2154.0,-491.0,Paid
VAT-4AFDFBA6,GR0000000085,2024-Q1,2024-04-25,5236.0,2856.0,1428.0,4398.0,1692.0,677.0,1257.0,1624.0,-367.0,Paid
VAT-7186439D,GR0000000085,2024-Q2,2024-07-11,6207.0,3386.0,1693.0,4943.0,1901.0,760.0,1490.0,1825.0,-335.0,Paid
VAT-9C0E934B,GR0000000085,2024-Q3,2024-10-11,6704.0,3657.0,1828.0,5509.0,2119.0,848.0,1609.0,2034.0,-425.0,Paid
VAT-04125407,GR0000000085,2024-Q4,2025-01-12,7071.0,3857.0,1928.0,5498.0,2115.0,846.0,1697.0,2030.0,-333.0,Paid
VAT-1E006D8F,GR0000000086,2022-Q1,2022-04-19,21736.0,9057.0,5434.0,17776.0,6837.0,2735.0,5217.0,6563.0,-1347.0,Paid
VAT-D43A468E,GR0000000086,2022-Q2,2022-07-22,25277.0,10532.0,6319.0,20688.0,7957.0,3183.0,6066.0,7639.0,-1572.0,Paid
VAT-F500271A,GR0000000086,2022-Q3,2022-10-15,26889.0,11204.0,6722.0,21954.0,8444.0,3378.0,6453.0,8106.0,-1653.0,Paid
VAT-D90E544A,GR0000000086,2022-Q4,2023-01-25,32730.0,13637.0,8182.0,28958.0,11138.0,4455.0,7855.0,10692.0,-2837.0,Paid
VAT-36D62EBA,GR0000000086,2023-Q1,2023-04-12,10096.0,4207.0,2524.0,9290.0,3573.0,1429.0,2423.0,3430.0,-1007.0,Paid
VAT-78F467FF,GR0000000086,2023-Q2,2023-07-21,11345.0,4727.0,2836.0,10044.0,3863.0,1545.0,2723.0,3708.0,-986.0,Paid
VAT-09B3D202,GR0000000086,2023-Q3,2023-10-21,12815.0,5340.0,3204.0,11754.0,4521.0,1808.0,3076.0,4340.0,-1264.0,Paid
VAT-05376F0D,GR0000000086,2023-Q4,2024-01-15,12906.0,5378.0,3227.0,11789.0,4534.0,1814.0,3098.0,4353.0,-1255.0,Paid
VAT-38323B4A,GR0000000086,2024-Q1,2024-04-23,8858.0,3691.0,2215.0,7925.0,3048.0,1219.0,2126.0,2926.0,-800.0,Paid
VAT-2EA6FB00,GR0000000086,2024-Q2,2024-07-24,11570.0,4821.0,2892.0,9767.0,3757.0,1503.0,2777.0,3606.0,-830.0,Paid
VAT-8352DC10,GR0000000086,2024-Q3,2024-10-22,11737.0,4890.0,2934.0,9691.0,3727.0,1491.0,2817.0,3578.0,-761.0,Paid
VAT-3BF19281,GR0000000086,2024-Q4,2025-01-18,14114.0,5881.0,3529.0,11971.0,4604.0,1842.0,3387.0,4420.0,-1033.0,Paid
VAT-9A8F2626,GR0000000087,2022-Q1,2022-04-23,911240.0,107205.0,53602.0,382118.0,146969.0,58787.0,218698.0,141090.0,77608.0,Paid
VAT-FBBF1A1C,GR0000000087,2022-Q2,2022-07-17,873425.0,102756.0,51378.0,362480.0,139415.0,55766.0,209622.0,133839.0,75783.0,Paid
VAT-35D613E5,GR0000000087,2022-Q3,2022-10-18,873277.0,102739.0,51369.0,368986.0,141918.0,56767.0,209587.0,136241.0,73346.0,Partial
VAT-A8211B9B,GR0000000087,2022-Q4,2023-01-15,845300.0,99447.0,49724.0,383132.0,147358.0,58943.0,202872.0,141464.0,61408.0,Paid
VAT-21F1E2B6,GR0000000087,2023-Q1,2023-04-18,1461244.0,171911.0,85956.0,637890.0,245342.0,98137.0,350698.0,235529.0,115170.0,Partial
VAT-8DD85B56,GR0000000087,2023-Q2,2023-07-26,1529325.0,179921.0,89960.0,598566.0,230218.0,92087.0,367038.0,221009.0,146029.0,Paid
VAT-1E461524,GR0000000087,2023-Q3,2023-10-23,1461637.0,171957.0,85979.0,641290.0,246650.0,98660.0,350793.0,236784.0,114009.0,Paid
VAT-F93F71B8,GR0000000087,2023-Q4,2024-01-13,1552369.0,182632.0,91316.0,642704.0,247194.0,98878.0,372569.0,237306.0,135263.0,Paid
VAT-6223E3D1,GR0000000087,2024-Q1,2024-04-16,1299296.0,152858.0,76429.0,522068.0,200795.0,80318.0,311831.0,192764.0,119067.0,Paid
VAT-2A99F14E,GR0000000087,2024-Q2,2024-07-17,1319089.0,155187.0,77593.0,555468.0,213642.0,85457.0,316581.0,205096.0,111485.0,Paid
VAT-2FB4B0DB,GR0000000087,2024-Q3,2024-10-26,1158306.0,136271.0,68136.0,452965.0,174217.0,69687.0,277994.0,167249.0,110745.0,Paid
VAT-0C8260A9,GR0000000087,2024-Q4,2025-01-14,1207062.0,142007.0,71004.0,528389.0,203226.0,81291.0,289695.0,195097.0,94597.0,Paid
VAT-764580CD,GR0000000088,2022-Q1,2022-04-10,143595.0,125645.0,89747.0,149716.0,57583.0,23033.0,34463.0,55280.0,-20817.0,Paid
VAT-2AC726CD,GR0000000088,2022-Q2,2022-07-25,185300.0,162137.0,115812.0,185053.0,71174.0,28470.0,44472.0,68327.0,-23855.0,Paid
VAT-6814723F,GR0000000088,2022-Q3,2022-10-11,191438.0,167508.0,119649.0,175932.0,67666.0,27066.0,45945.0,64959.0,-19014.0,Paid
VAT-C1A9439C,GR0000000088,2022-Q4,2023-01-12,230079.0,201319.0,143799.0,238985.0,91917.0,36767.0,55219.0,88241.0,-33022.0,Paid
VAT-2EDC6922,GR0000000088,2023-Q1,2023-04-24,135340.0,118422.0,84587.0,139326.0,53587.0,21435.0,32482.0,51443.0,-18962.0,Paid
VAT-6448D5CE,GR0000000088,2023-Q2,2023-07-17,162395.0,142095.0,101497.0,160049.0,61557.0,24623.0,38975.0,59095.0,-20120.0,Paid
VAT-6B065164,GR0000000088,2023-Q3,2023-10-16,177471.0,155287.0,110919.0,174626.0,67164.0,26865.0,42593.0,64477.0,-21884.0,Paid
VAT-0AA3DB54,GR0000000088,2023-Q4,2024-01-26,198052.0,173295.0,123782.0,183711.0,70658.0,28263.0,47532.0,67832.0,-20299.0,Paid
VAT-4AE09EC2,GR0000000088,2024-Q1,2024-04-21,203635.0,178181.0,127272.0,191280.0,73569.0,29428.0,48872.0,70626.0,-21754.0,Paid
VAT-EB56A4E3,GR0000000088,2024-Q2,2024-07-26,260142.0,227624.0,162589.0,246839.0,94938.0,37975.0,62434.0,91141.0,-28706.0,Paid
VAT-DF20A0C3,GR0000000088,2024-Q3,2024-10-14,264486.0,231425.0,165304.0,263311.0,101274.0,40509.0,63477.0,97223.0,-33746.0,Paid
VAT-23C8F73F,GR0000000088,2024-Q4,2025-01-21,285902.0,250164.0,178689.0,282052.0,108482.0,43393.0,68617.0,104142.0,-35526.0,Paid
VAT-9642FE15,GR0000000089,2022-Q1,2022-04-15,2231677.0,929866.0,557919.0,1743087.0,670418.0,268167.0,535603.0,643602.0,-107999.0,Paid
VAT-0C75443B,GR0000000089,2022-Q2,2022-07-18,2906910.0,1211213.0,726728.0,2177283.0,837417.0,334967.0,697659.0,803920.0,-106261.0,Paid
VAT-9A18A065,GR0000000089,2022-Q3,2022-10-11,3060610.0,1275254.0,765152.0,2445979.0,940761.0,376304.0,734546.0,903131.0,-168584.0,Paid
VAT-E29C49F6,GR0000000089,2022-Q4,2023-01-15,3595332.0,1498055.0,898833.0,2707728.0,1041434.0,416574.0,862880.0,999777.0,-136897.0,Paid
VAT-4CBEE698,GR0000000089,2023-Q1,2023-04-24,3112691.0,1296955.0,778173.0,2454130.0,943896.0,377559.0,747046.0,906140.0,-159095.0,Paid
VAT-0B4BF3EC,GR0000000089,2023-Q2,2023-07-24,3366497.0,1402707.0,841624.0,2532421.0,974008.0,389603.0,807959.0,935048.0,-127089.0,Paid
VAT-B7B1AB66,GR0000000089,2023-Q3,2023-10-26,3428014.0,1428339.0,857003.0,2710625.0,1042548.0,417019.0,822723.0,1000846.0,-178123.0,Paid
VAT-E3AC6ACC,GR0000000089,2023-Q4,2024-01-22,3950790.0,1646162.0,987697.0,2863425.0,1101317.0,440527.0,948190.0,1057265.0,-109075.0,Paid
VAT-5E4FE363,GR0000000089,2024-Q1,2024-04-21,4295241.0,1789684.0,1073810.0,3382619.0,1301007.0,520403.0,1030858.0,1248967.0,-218109.0,Paid
VAT-3C16DD60,GR0000000089,2024-Q2,2024-07-23,5179780.0,2158242.0,1294945.0,4108765.0,1580294.0,632118.0,1243147.0,1517083.0,-273935.0,Paid
VAT-22D3E8D1,GR0000000089,2024-Q3,2024-10-22,4973068.0,2072112.0,1243267.0,3612413.0,1389390.0,555756.0,1193536.0,1333814.0,-140278.0,Paid
VAT-97F05799,GR0000000089,2024-Q4,2025-01-25,6266926.0,2611219.0,1566731.0,4724833.0,1817244.0,726897.0,1504062.0,1744554.0,-240492.0,Paid
VAT-A4FC7C91,GR0000000090,2022-Q1,2022-04-23,8285123.0,1553461.0,517820.0,4599940.0,1769208.0,707683.0,1988430.0,1698439.0,289990.0,Paid
VAT-423E4A97,GR0000000090,2022-Q2,2022-07-23,7981074.0,1496451.0,498817.0,4552580.0,1750992.0,700397.0,1915458.0,1680953.0,234505.0,Paid
VAT-30F094FC,GR0000000090,2022-Q3,2022-10-17,7157540.0,1342039.0,447346.0,3793149.0,1458904.0,583561.0,1717810.0,1400547.0,317262.0,Paid
VAT-39E6D666,GR0000000090,2022-Q4,2023-01-20,17265197.0,3237224.0,1079075.0,9568312.0,3680120.0,1472048.0,4143647.0,3532915.0,610732.0,Paid
VAT-E43CE69D,GR0000000090,2023-Q1,2023-04-21,5351845.0,1003471.0,334490.0,2894928.0,1113434.0,445374.0,1284443.0,1068897.0,215546.0,Paid
VAT-91E6ABA2,GR0000000090,2023-Q2,2023-07-23,5399463.0,1012399.0,337466.0,2942218.0,1131622.0,452649.0,1295871.0,1086357.0,209514.0,Paid
VAT-97137AC7,GR0000000090,2023-Q3,2023-10-16,5536116.0,1038022.0,346007.0,3045683.0,1171416.0,468567.0,1328668.0,1124560.0,204108.0,Paid
VAT-487879CB,GR0000000090,2023-Q4,2024-01-17,10347400.0,1940137.0,646712.0,5947367.0,2287449.0,914980.0,2483376.0,2195951.0,287425.0,Paid
VAT-0D7ADD96,GR0000000090,2024-Q1,2024-04-25,6184640.0,1159620.0,386540.0,3502808.0,1347234.0,538894.0,1484314.0,1293345.0,190969.0,Paid
VAT-C58E219C,GR0000000090,2024-Q2,2024-07-23,6931296.0,1299618.0,433206.0,3876622.0,1491008.0,596403.0,1663511.0,1431368.0,232143.0,Paid
VAT-54C6F65F,GR0000000090,2024-Q3,2024-10-14,6479257.0,1214861.0,404954.0,3516082.0,1352339.0,540936.0,1555022.0,1298246.0,256776.0,Paid
VAT-677E7B8B,GR0000000090,2024-Q4,2025-01-12,11699187.0,2193598.0,731199.0,6764477.0,2601722.0,1040689.0,2807805.0,2497653.0,310152.0,Paid
VAT-7824807A,GR0000000091,2022-Q1,2022-04-11,557041.0,104445.0,34815.0,342515.0,131737.0,52695.0,133690.0,126467.0,7223.0,Paid
VAT-16C56CAD,GR0000000091,2022-Q2,2022-07-12,429070.0,80451.0,26817.0,247425.0,95163.0,38065.0,102977.0,91357.0,11620.0,Paid
VAT-05168FD5,GR0000000091,2022-Q3,2022-10-12,425611.0,79802.0,26601.0,258338.0,99361.0,39744.0,102147.0,95386.0,6760.0,Paid
VAT-7A877259,GR0000000091,2022-Q4,2023-01-22,527295.0,98868.0,32956.0,336791.0,129535.0,51814.0,126551.0,124353.0,2197.0,Paid
VAT-9AEC036F,GR0000000091,2023-Q1,2023-04-15,513023.0,96192.0,32064.0,310676.0,119491.0,47796.0,123126.0,114711.0,8414.0,Paid
VAT-661BECBC,GR0000000091,2023-Q2,2023-07-11,364308.0,68308.0,22769.0,210541.0,80977.0,32391.0,87434.0,77738.0,9695.0,Paid
VAT-91F7A9E7,GR0000000091,2023-Q3,2023-10-21,387209.0,72602.0,24201.0,229105.0,88117.0,35247.0,92930.0,84593.0,8338.0,Paid
VAT-7A5D854C,GR0000000091,2023-Q4,2024-01-22,489548.0,91790.0,30597.0,298635.0,114860.0,45944.0,117492.0,110265.0,7226.0,Paid
VAT-4A1C4CC2,GR0000000091,2024-Q1,2024-04-16,498705.0,93507.0,31169.0,305225.0,117394.0,46958.0,119689.0,112699.0,6991.0,Paid
VAT-7663939B,GR0000000091,2024-Q2,2024-07-13,346203.0,64913.0,21638.0,203614.0,78313.0,31325.0,83089.0,75181.0,7908.0,Paid
VAT-542414AE,GR0000000091,2024-Q3,2024-10-21,379957.0,71242.0,23747.0,246166.0,94679.0,37872.0,91190.0,90892.0,298.0,Paid
VAT-7D418653,GR0000000091,2024-Q4,2025-01-16,437174.0,81970.0,27323.0,256039.0,98477.0,39391.0,104922.0,94538.0,10384.0,Paid
VAT-CB2D391C,GR0000000092,2022-Q1,2022-04-18,3449303.0,1231894.0,246379.0,1176461.0,452485.0,180994.0,827833.0,434386.0,393447.0,Paid
VAT-D0C387B3,GR0000000092,2022-Q2,2022-07-11,4000032.0,1428583.0,285717.0,1342474.0,516336.0,206534.0,960008.0,495683.0,464325.0,Paid
VAT-6B193E27,GR0000000092,2022-Q3,2022-10-16,3698585.0,1320923.0,264185.0,1392680.0,535646.0,214258.0,887660.0,514220.0,373440.0,Paid
VAT-177CC9FD,GR0000000092,2022-Q4,2023-01-21,4270672.0,1525240.0,305048.0,1510124.0,580817.0,232327.0,1024961.0,557584.0,467377.0,Paid
VAT-AE4514D6,GR0000000092,2023-Q1,2023-04-15,3958259.0,1413664.0,282733.0,1468114.0,564659.0,225864.0,949982.0,542073.0,407909.0,Paid
VAT-68F8F41F,GR0000000092,2023-Q2,2023-07-24,4201042.0,1500372.0,300074.0,1450228.0,557780.0,223112.0,1008250.0,535469.0,472781.0,Paid
VAT-7A14B35F,GR0000000092,2023-Q3,2023-10-26,4128855.0,1474591.0,294918.0,1632137.0,627745.0,251098.0,990925.0,602635.0,388290.0,Paid
VAT-1D69C1C0,GR0000000092,2023-Q4,2024-01-12,5207786.0,1859923.0,371985.0,1949435.0,749783.0,299913.0,1249869.0,719791.0,530077.0,Paid
VAT-100A5026,GR0000000092,2024-Q1,2024-04-16,2547437.0,909799.0,181960.0,1045187.0,401995.0,160798.0,611385.0,385915.0,225470.0,Paid
VAT-580EBF6D,GR0000000092,2024-Q2,2024-07-15,2458087.0,877888.0,175578.0,1024913.0,394197.0,157679.0,589941.0,378429.0,211512.0,Paid
VAT-8F558261,GR0000000092,2024-Q3,2024-10-14,2712420.0,968722.0,193744.0,1095029.0,421165.0,168466.0,650981.0,404318.0,246663.0,Paid
VAT-8E830437,GR0000000092,2024-Q4,2025-01-25,3046682.0,1088101.0,217620.0,1094627.0,421010.0,168404.0,731204.0,404170.0,327034.0,Paid
VAT-1E091BF7,GR0000000093,2022-Q1,2022-04-16,140067.0,53872.0,21549.0,110172.0,42374.0,16950.0,33616.0,40679.0,-7063.0,Paid
VAT-B7D2F0DE,GR0000000093,2022-Q2,2022-07-19,240105.0,92348.0,36939.0,178439.0,68630.0,27452.0,57625.0,65885.0,-8260.0,Paid
VAT-963A3296,GR0000000093,2022-Q3,2022-10-14,245522.0,94432.0,37773.0,187216.0,72006.0,28802.0,58925.0,69126.0,-10201.0,Paid
VAT-9C9CECBF,GR0000000093,2022-Q4,2023-01-14,149484.0,57494.0,22998.0,110708.0,42580.0,17032.0,35876.0,40877.0,-5001.0,Paid
VAT-BD55B1F1,GR0000000093,2023-Q1,2023-04-13,121850.0,46865.0,18746.0,95571.0,36758.0,14703.0,29244.0,35288.0,-6044.0,Paid
VAT-8DA6BEC0,GR0000000093,2023-Q2,2023-07-15,174480.0,67108.0,26843.0,136792.0,52612.0,21045.0,41875.0,50508.0,-8633.0,Paid
VAT-44C049BC,GR0000000093,2023-Q3,2023-10-22,173080.0,66569.0,26628.0,126149.0,48519.0,19408.0,41539.0,46578.0,-5039.0,Paid
VAT-DCCAB751,GR0000000093,2023-Q4,2024-01-22,114539.0,44053.0,17621.0,81715.0,31429.0,12572.0,27489.0,30172.0,-2682.0,Paid
VAT-4FECBECF,GR0000000093,2024-Q1,2024-04-12,69254.0,26636.0,10654.0,55230.0,21242.0,8497.0,16621.0,20393.0,-3772.0,Paid
VAT-935AA92A,GR0000000093,2024-Q2,2024-07-22,102608.0,39465.0,15786.0,72694.0,27959.0,11184.0,24626.0,26841.0,-2215.0,Paid
VAT-1426054C,GR0000000093,2024-Q3,2024-10-13,118641.0,45631.0,18253.0,93254.0,35867.0,14347.0,28474.0,34432.0,-5958.0,Paid
VAT-B2C8E0F0,GR0000000093,2024-Q4,2025-01-13,75540.0,29054.0,11622.0,57586.0,22148.0,8859.0,18130.0,21262.0,-3133.0,Paid
VAT-5B850856,GR0000000094,2022-Q1,2022-04-18,24126.0,10053.0,6032.0,20088.0,7726.0,3090.0,5790.0,7417.0,-1627.0,Paid
VAT-18A7C033,GR0000000094,2022-Q2,2022-07-26,29974.0,12489.0,7493.0,26230.0,10089.0,4035.0,7194.0,9685.0,-2491.0,Paid
VAT-67FE15C4,GR0000000094,2022-Q3,2022-10-19,32384.0,13493.0,8096.0,28810.0,11081.0,4432.0,7772.0,10638.0,-2865.0,Paid
VAT-BB4DDC17,GR0000000094,2022-Q4,2023-01-18,35680.0,14867.0,8920.0,30578.0,11761.0,4704.0,8563.0,11290.0,-2727.0,Paid
VAT-ADA2C10B,GR0000000094,2023-Q1,2023-04-14,19056.0,7940.0,4764.0,15717.0,6045.0,2418.0,4573.0,5803.0,-1230.0,Paid
VAT-6C3BAFD3,GR0000000094,2023-Q2,2023-07-11,22974.0,9573.0,5744.0,21060.0,8100.0,3240.0,5514.0,7776.0,-2262.0,Paid
VAT-C21BCAA3,GR0000000094,2023-Q3,2023-10-24,25860.0,10775.0,6465.0,21409.0,8234.0,3294.0,6206.0,7905.0,-1699.0,Paid
VAT-78EBD2BC,GR0000000094,2023-Q4,2024-01-18,28709.0,11962.0,7177.0,24772.0,9528.0,3811.0,6890.0,9147.0,-2256.0,Paid
VAT-654C96D2,GR0000000094,2024-Q1,2024-04-23,14518.0,6049.0,3630.0,12872.0,4951.0,1980.0,3484.0,4753.0,-1268.0,Paid
VAT-7ACAFCCB,GR0000000094,2024-Q2,2024-07-17,21365.0,8902.0,5341.0,18778.0,7222.0,2889.0,5128.0,6933.0,-1806.0,Paid
VAT-3A2BFF09,GR0000000094,2024-Q3,2024-10-16,18188.0,7578.0,4547.0,15832.0,6089.0,2436.0,4365.0,5846.0,-1481.0,Paid
VAT-A1C35753,GR0000000094,2024-Q4,2025-01-26,23652.0,9855.0,5913.0,20419.0,7853.0,3141.0,5677.0,7539.0,-1863.0,Paid
VAT-EE364C06,GR0000000095,2022-Q1,2022-04-16,426527.0,121865.0,60932.0,308500.0,118654.0,47462.0,102366.0,113908.0,-11541.0,Paid
VAT-60D87F6C,GR0000000095,2022-Q2,2022-07-25,634247.0,181213.0,90607.0,482642.0,185632.0,74253.0,152219.0,178206.0,-25987.0,Paid
VAT-040122CB,GR0000000095,2022-Q3,2022-10-17,556681.0,159052.0,79526.0,425267.0,163564.0,65426.0,133603.0,157022.0,-23418.0,Paid
VAT-F9AF71A5,GR0000000095,2022-Q4,2023-01-18,523411.0,149546.0,74773.0,367503.0,141347.0,56539.0,125619.0,135693.0,-10075.0,Paid
VAT-3D31E576,GR0000000095,2023-Q1,2023-04-25,246392.0,70398.0,35199.0,178157.0,68522.0,27409.0,59134.0,65781.0,-6647.0,Paid
VAT-B484C3A4,GR0000000095,2023-Q2,2023-07-24,346990.0,99140.0,49570.0,245740.0,94515.0,37806.0,83278.0,90735.0,-7457.0,Paid
VAT-4E379BD3,GR0000000095,2023-Q3,2023-10-24,281884.0,80538.0,40269.0,218599.0,84076.0,33631.0,67652.0,80713.0,-13061.0,Paid
VAT-95F34E3C,GR0000000095,2023-Q4,2024-01-18,340021.0,97149.0,48574.0,244758.0,94138.0,37655.0,81605.0,90372.0,-8767.0,Paid
VAT-9A4DBA3A,GR0000000095,2024-Q1,2024-04-20,590702.0,168772.0,84386.0,461303.0,177424.0,70970.0,141768.0,170327.0,-28559.0,Paid
VAT-4EE3E44E,GR0000000095,2024-Q2,2024-07-22,827064.0,236304.0,118152.0,626613.0,241005.0,96402.0,198495.0,231365.0,-32870.0,Paid
VAT-0C6BD597,GR0000000095,2024-Q3,2024-10-15,686584.0,196167.0,98083.0,529660.0,203715.0,81486.0,164780.0,195567.0,-30787.0,Paid
VAT-AB38DE47,GR0000000095,2024-Q4,2025-01-18,756510.0,216146.0,108073.0,581825.0,223779.0,89512.0,181562.0,214828.0,-33266.0,Paid
VAT-3744C10C,GR0000000096,2022-Q1,2022-04-23,130195.0,37199.0,18599.0,102366.0,39372.0,15749.0,31247.0,37797.0,-6550.0,Paid
VAT-08E85A26,GR0000000096,2022-Q2,2022-07-22,193009.0,55145.0,27573.0,149429.0,57473.0,22989.0,46322.0,55174.0,-8852.0,Paid
VAT-F5846C8C,GR0000000096,2022-Q3,2022-10-13,172750.0,49357.0,24679.0,132665.0,51025.0,20410.0,41460.0,48984.0,-7524.0,Paid
VAT-3160EF55,GR0000000096,2022-Q4,2023-01-19,155765.0,44504.0,22252.0,118035.0,45398.0,18159.0,37384.0,43582.0,-6199.0,Paid
VAT-572135A6,GR0000000096,2023-Q1,2023-04-24,193227.0,55208.0,27604.0,146093.0,56190.0,22476.0,46375.0,53942.0,-7567.0,Paid
VAT-77132F9E,GR0000000096,2023-Q2,2023-07-23,258854.0,73958.0,36979.0,181536.0,69821.0,27929.0,62125.0,67029.0,-4904.0,Paid
VAT-84BA3FDF,GR0000000096,2023-Q3,2023-10-12,234683.0,67052.0,33526.0,172129.0,66204.0,26481.0,56324.0,63555.0,-7232.0,Paid
VAT-CBD17308,GR0000000096,2023-Q4,2024-01-17,246888.0,70539.0,35270.0,182858.0,70330.0,28132.0,59253.0,67517.0,-8264.0,Paid
VAT-D2F65FB9,GR0000000096,2024-Q1,2024-04-13,112615.0,32176.0,16088.0,83391.0,32073.0,12829.0,27028.0,30791.0,-3763.0,Paid
VAT-8C516782,GR0000000096,2024-Q2,2024-07-22,168122.0,48035.0,24017.0,125366.0,48218.0,19287.0,40349.0,46289.0,-5940.0,Paid
VAT-96D437A5,GR0000000096,2024-Q3,2024-10-13,122305.0,34944.0,17472.0,85312.0,32812.0,13125.0,29353.0,31500.0,-2146.0,Paid
VAT-1238D969,GR0000000096,2024-Q4,2025-01-12,133928.0,38265.0,19133.0,98022.0,37701.0,15080.0,32143.0,36193.0,-4050.0,Paid
VAT-4FE2413C,GR0000000097,2022-Q1,2022-04-14,48384.0,13824.0,6912.0,35745.0,13748.0,5499.0,11612.0,13198.0,-1586.0,Paid
VAT-6A7EB224,GR0000000097,2022-Q2,2022-07-13,75809.0,21660.0,10830.0,53573.0,20605.0,8242.0,18194.0,19781.0,-1587.0,Paid
VAT-5B3607F6,GR0000000097,2022-Q3,2022-10-18,68520.0,19577.0,9789.0,46669.0,17950.0,7180.0,16445.0,17232.0,-787.0,Paid
VAT-44218038,GR0000000097,2022-Q4,2023-01-18,57738.0,16496.0,8248.0,41831.0,16089.0,6436.0,13857.0,15445.0,-1588.0,Paid
VAT-FB2EC706,GR0000000097,2023-Q1,2023-04-18,76328.0,21808.0,10904.0,54818.0,21084.0,8434.0,18319.0,20241.0,-1922.0,Paid
VAT-A80DA9DB,GR0000000097,2023-Q2,2023-07-20,122410.0,34974.0,17487.0,85477.0,32876.0,13150.0,29378.0,31561.0,-2182.0,Paid
VAT-588931CF,GR0000000097,2023-Q3,2023-10-21,99539.0,28440.0,14220.0,67596.0,25998.0,10399.0,23889.0,24958.0,-1069.0,Paid
VAT-CBCF7B6B,GR0000000097,2023-Q4,2024-01-26,103836.0,29668.0,14834.0,73981.0,28454.0,11382.0,24921.0,27316.0,-2395.0,Paid
VAT-4885C150,GR0000000097,2024-Q1,2024-04-11,79281.0,22652.0,11326.0,54120.0,20815.0,8326.0,19027.0,19983.0,-955.0,Paid
VAT-94573615,GR0000000097,2024-Q2,2024-07-17,100637.0,28754.0,14377.0,67768.0,26065.0,10426.0,24153.0,25022.0,-869.0,Paid
VAT-D76110B3,GR0000000097,2024-Q3,2024-10-25,85458.0,24417.0,12208.0,55736.0,21437.0,8575.0,20510.0,20579.0,-69.0,Paid
VAT-02913CD7,GR0000000097,2024-Q4,2025-01-24,85574.0,24450.0,12225.0,56075.0,21567.0,8627.0,20538.0,20705.0,-167.0,Paid
VAT-BF71D3BD,GR0000000098,2022-Q1,2022-04-29,55602.0,35095.0,20191.0,72123.0,24710.0,9435.0,13345.0,30983.0,-17638.0,Paid
VAT-2435E80E,GR0000000098,2022-Q2,2022-08-11,76695.0,44039.0,28728.0,92527.0,33110.0,11755.0,18407.0,39328.0,-20921.0,Paid
VAT-56FFEB5A,GR0000000098,2022-Q3,2022-10-31,77939.0,37696.0,23320.0,86272.0,32389.0,11415.0,18705.0,38438.0,-19733.0,Paid
VAT-B4202A43,GR0000000098,2022-Q4,2023-01-30,85005.0,50101.0,30472.0,102151.0,33589.0,12938.0,20401.0,44291.0,-23890.0,Paid
VAT-B21FA981,GR0000000098,2023-Q1,2023-06-01,34716.0,16831.0,10728.0,38046.0,13230.0,5050.0,8332.0,16075.0,-7743.0,Paid
VAT-596F6132,GR0000000098,2023-Q2,2023-07-23,40821.0,23055.0,14466.0,47851.0,17720.0,6735.0,9797.0,21152.0,-11355.0,Paid
VAT-1657A8AC,GR0000000098,2023-Q3,2023-10-24,34492.0,19643.0,11964.0,43528.0,15642.0,5485.0,8278.0,18674.0,-10396.0,Paid
VAT-4D55A1D9,GR0000000098,2023-Q4,2024-03-03,44838.0,24711.0,16088.0,54612.0,18123.0,6592.0,10761.0,22637.0,-11876.0,Paid
VAT-A00AD8C6,GR0000000098,2024-Q1,2024-04-30,30700.0,15635.0,9689.0,30536.0,11655.0,4287.0,7368.0,13424.0,-6056.0,Paid
VAT-893327AB,GR0000000098,2024-Q2,2024-08-05,32157.0,20361.0,11883.0,38763.0,15003.0,5484.0,7718.0,17005.0,-9287.0,Paid
VAT-B478BEAA,GR0000000098,2024-Q3,2024-11-01,30150.0,16655.0,11177.0,34635.0,11699.0,4650.0,7236.0,14828.0,-7592.0,Paid
VAT-5D59E51F,GR0000000098,2024-Q4,2025-03-12,34523.0,20769.0,13633.0,41204.0,14196.0,5479.0,8286.0,17997.0,-9712.0,Paid
VAT-93E178F8,GR0000000099,2022-Q1,2022-04-13,220148.0,78624.0,15725.0,88397.0,33999.0,13600.0,52835.0,32639.0,20196.0,Partial
VAT-52EB2EFD,GR0000000099,2022-Q2,2022-07-22,213339.0,76192.0,15238.0,85611.0,32927.0,13171.0,51201.0,31610.0,19591.0,Partial
VAT-07D3048D,GR0000000099,2022-Q3,2022-10-20,230025.0,82152.0,16430.0,101761.0,39139.0,15656.0,55206.0,37573.0,17633.0,Paid
VAT-1E697C12,GR0000000099,2022-Q4,2023-01-16,286878.0,102457.0,20491.0,108239.0,41630.0,16652.0,68851.0,39965.0,28886.0,Paid
VAT-D5D1CD4A,GR0000000099,2023-Q1,2023-04-18,344087.0,122888.0,24578.0,157380.0,60531.0,24212.0,82581.0,58110.0,24471.0,Paid
VAT-E894A064,GR0000000099,2023-Q2,2023-07-23,318790.0,113853.0,22771.0,141824.0,54548.0,21819.0,76510.0,52366.0,24144.0,Paid
VAT-A3855E0F,GR0000000099,2023-Q3,2023-10-14,332576.0,118777.0,23755.0,147544.0,56748.0,22699.0,79818.0,54478.0,25340.0,Paid
VAT-0836AF96,GR0000000099,2023-Q4,2024-01-11,384953.0,137483.0,27497.0,145868.0,56103.0,22441.0,92389.0,53859.0,38530.0,Paid
VAT-9BC50A68,GR0000000099,2024-Q1,2024-04-10,310643.0,110944.0,22189.0,135353.0,52059.0,20824.0,74554.0,49977.0,24578.0,Paid
VAT-0E0247DB,GR0000000099,2024-Q2,2024-07-18,311043.0,111087.0,22217.0,130638.0,50246.0,20098.0,74650.0,48236.0,26415.0,Paid
VAT-920C3FCC,GR0000000099,2024-Q3,2024-10-21,304292.0,108676.0,21735.0,130274.0,50105.0,20042.0,73030.0,48101.0,24929.0,Paid
VAT-C909A1A9,GR0000000099,2024-Q4,2025-01-21,345309.0,123325.0,24665.0,151254.0,58175.0,23270.0,82874.0,55848.0,27026.0,Paid
VAT-C91C9BB5,GR0000000100,2022-Q1,2022-04-18,146929.0,52475.0,10495.0,57192.0,21997.0,8799.0,35263.0,21117.0,14146.0,Partial
VAT-96D52293,GR0000000100,2022-Q2,2022-07-23,177994.0,63569.0,12714.0,76342.0,29362.0,11745.0,42719.0,28188.0,14531.0,Paid
VAT-A032511A,GR0000000100,2022-Q3,2022-10-19,160441.0,57300.0,11460.0,66508.0,25580.0,10232.0,38506.0,24557.0,13949.0,Paid
VAT-6C756FB1,GR0000000100,2022-Q4,2023-01-20,198614.0,70934.0,14187.0,78869.0,30334.0,12134.0,47667.0,29121.0,18547.0,Paid
VAT-620E95E4,GR0000000100,2023-Q1,2023-04-20,159002.0,56787.0,11357.0,61417.0,23622.0,9449.0,38161.0,22677.0,15484.0,Paid
VAT-A1E792B7,GR0000000100,2023-Q2,2023-07-25,162427.0,58010.0,11602.0,70056.0,26945.0,10778.0,38982.0,25867.0,13116.0,Paid
VAT-C855781A,GR0000000100,2023-Q3,2023-10-13,171302.0,61179.0,12236.0,67625.0,26010.0,10404.0,41112.0,24969.0,16143.0,Paid
VAT-FE792868,GR0000000100,2023-Q4,2024-01-12,188286.0,67245.0,13449.0,70692.0,27189.0,10876.0,45189.0,26102.0,19087.0,Paid
VAT-BF027AF0,GR0000000100,2024-Q1,2024-04-22,138271.0,49382.0,9876.0,52267.0,20103.0,8041.0,33185.0,19299.0,13886.0,Paid
VAT-36049D42,GR0000000100,2024-Q2,2024-07-12,124362.0,44415.0,8883.0,53036.0,20399.0,8159.0,29847.0,19583.0,10264.0,Paid
VAT-334C61C8,GR0000000100,2024-Q3,2024-10-20,140576.0,50206.0,10041.0,61966.0,23833.0,9533.0,33738.0,22880.0,10858.0,Paid
VAT-32CA3E23,GR0000000100,2024-Q4,2025-01-19,160207.0,57217.0,11443.0,71094.0,27344.0,10938.0,38450.0,26250.0,12200.0,Paid
VAT-E35A234C,GR0000000101,2022-Q1,2022-04-29,20368.0,15473.0,8096.0,26033.0,8339.0,3279.0,4888.0,10803.0,-5915.0,Paid
VAT-D2AF2801,GR0000000101,2022-Q2,2022-07-29,32546.0,19429.0,10161.0,33612.0,11023.0,4204.0,7811.0,14478.0,-6667.0,Paid
VAT-E079A978,GR0000000101,2022-Q3,2022-12-04,27656.0,19815.0,11028.0,34298.0,11658.0,4207.0,6638.0,14511.0,-7873.0,Paid
VAT-9264832F,GR0000000101,2022-Q4,2023-02-10,34102.0,21162.0,11254.0,37050.0,13845.0,5113.0,8185.0,15790.0,-7605.0,Paid
VAT-7BDF9934,GR0000000101,2023-Q1,2023-04-30,5630.0,3703.0,1921.0,6202.0,2289.0,838.0,1351.0,2597.0,-1246.0,Paid
VAT-ED3A543B,GR0000000101,2023-Q2,2023-09-06,5318.0,3711.0,1977.0,5951.0,2293.0,798.0,1276.0,2641.0,-1365.0,Paid
VAT-0C60618E,GR0000000101,2023-Q3,2023-11-05,4362.0,3523.0,1892.0,5578.0,1835.0,700.0,1047.0,2311.0,-1264.0,Paid
VAT-23863EAA,GR0000000101,2023-Q4,2024-02-22,7205.0,4808.0,2459.0,8512.0,2932.0,1079.0,1729.0,3629.0,-1900.0,Paid
VAT-5D865530,GR0000000101,2024-Q1,2024-04-25,8356.0,6494.0,3478.0,9418.0,3296.0,1270.0,2005.0,3882.0,-1876.0,Paid
VAT-92B2AE79,GR0000000101,2024-Q2,2024-08-18,11361.0,8935.0,4852.0,13921.0,5046.0,1780.0,2727.0,6097.0,-3370.0,Paid
VAT-911277FF,GR0000000101,2024-Q3,2024-11-29,11869.0,8090.0,4397.0,12801.0,4550.0,1723.0,2849.0,5480.0,-2631.0,Paid
VAT-8A633ED7,GR0000000101,2024-Q4,2025-01-30,14642.0,10256.0,5380.0,16857.0,5879.0,2062.0,3514.0,7375.0,-3861.0,Paid
VAT-7930CC1F,GR0000000102,2022-Q1,2022-04-10,699432.0,249797.0,49959.0,269564.0,103678.0,41471.0,167864.0,99531.0,68333.0,Paid
VAT-507139B2,GR0000000102,2022-Q2,2022-07-26,616518.0,220185.0,44037.0,245776.0,94529.0,37812.0,147964.0,90748.0,57216.0,Partial
VAT-924E2D4F,GR0000000102,2022-Q3,2022-10-22,638799.0,228142.0,45628.0,265379.0,102069.0,40827.0,153312.0,97986.0,55326.0,Paid
VAT-273196EA,GR0000000102,2022-Q4,2023-01-26,839946.0,299981.0,59996.0,334717.0,128737.0,51495.0,201587.0,123588.0,77999.0,Paid
VAT-A1CE5B55,GR0000000102,2023-Q1,2023-04-12,644155.0,230055.0,46011.0,273872.0,105336.0,42134.0,154597.0,101122.0,53475.0,Paid
VAT-FCFB85C7,GR0000000102,2023-Q2,2023-07-16,592147.0,211481.0,42296.0,246671.0,94873.0,37949.0,142115.0,91079.0,51037.0,Paid
VAT-712670A3,GR0000000102,2023-Q3,2023-10-12,681628.0,243439.0,48688.0,282165.0,108525.0,43410.0,163591.0,104184.0,59407.0,Paid
VAT-F207C286,GR0000000102,2023-Q4,2024-01-17,777855.0,277805.0,55561.0,301322.0,115893.0,46357.0,186685.0,111257.0,75428.0,Paid
VAT-48F38409,GR0000000102,2024-Q1,2024-04-14,683561.0,244129.0,48826.0,271945.0,104594.0,41838.0,164055.0,100410.0,63644.0,Partial
VAT-54032E31,GR0000000102,2024-Q2,2024-07-21,782900.0,279607.0,55921.0,342539.0,131746.0,52698.0,187896.0,126476.0,61420.0,Paid
VAT-94CBD8A9,GR0000000102,2024-Q3,2024-10-21,754139.0,269336.0,53867.0,338885.0,130340.0,52136.0,180993.0,125127.0,55867.0,Paid
VAT-9ADBA045,GR0000000102,2024-Q4,2025-01-22,786328.0,280831.0,56166.0,303839.0,116861.0,46744.0,188719.0,112187.0,76532.0,Paid
VAT-D7776619,GR0000000103,2022-Q1,2022-04-19,11671.0,5836.0,1945.0,7033.0,2705.0,1082.0,2801.0,2597.0,204.0,Paid
VAT-45B827A6,GR0000000103,2022-Q2,2022-07-16,32342.0,16171.0,5390.0,20945.0,8056.0,3222.0,7762.0,7734.0,28.0,Paid
VAT-16EA98D3,GR0000000103,2022-Q3,2022-10-12,41987.0,20993.0,6998.0,25198.0,9692.0,3877.0,10077.0,9304.0,773.0,Paid
VAT-99BF6DB4,GR0000000103,2022-Q4,2023-01-17,20691.0,10345.0,3448.0,11480.0,4415.0,1766.0,4966.0,4239.0,727.0,Paid
VAT-D1A9B867,GR0000000103,2023-Q1,2023-04-21,11529.0,5765.0,1922.0,6250.0,2404.0,962.0,2767.0,2308.0,459.0,Paid
VAT-77BEB52A,GR0000000103,2023-Q2,2023-07-16,33552.0,16776.0,5592.0,20527.0,7895.0,3158.0,8053.0,7579.0,473.0,Paid
VAT-8FB133F0,GR0000000103,2023-Q3,2023-10-17,46259.0,23129.0,7710.0,29916.0,11506.0,4602.0,11102.0,11046.0,56.0,Paid
VAT-49B39DEE,GR0000000103,2023-Q4,2024-01-22,23045.0,11522.0,3841.0,14479.0,5569.0,2227.0,5531.0,5346.0,185.0,Paid
VAT-A0002E4F,GR0000000103,2024-Q1,2024-04-24,19422.0,9711.0,3237.0,10814.0,4159.0,1664.0,4661.0,3993.0,669.0,Paid
VAT-5D83BD8F,GR0000000103,2024-Q2,2024-07-17,51996.0,25998.0,8666.0,28304.0,10886.0,4354.0,12479.0,10451.0,2028.0,Paid
VAT-089D9A11,GR0000000103,2024-Q3,2024-10-19,66084.0,33042.0,11014.0,38988.0,14996.0,5998.0,15860.0,14396.0,1465.0,Paid
VAT-A9BD9F96,GR0000000103,2024-Q4,2025-01-25,35669.0,17834.0,5945.0,21671.0,8335.0,3334.0,8561.0,8001.0,559.0,Paid
VAT-ED9548F4,GR0000000104,2022-Q1,2022-04-23,894351.0,167691.0,55897.0,547787.0,210687.0,84275.0,214644.0,202260.0,12385.0,Paid
VAT-4FA0E310,GR0000000104,2022-Q2,2022-07-24,939697.0,176193.0,58731.0,608958.0,234215.0,93686.0,225527.0,224846.0,681.0,Paid
VAT-9F5AB1E7,GR0000000104,2022-Q3,2022-10-11,937172.0,175720.0,58573.0,557212.0,214312.0,85725.0,224921.0,205740.0,19181.0,Paid
VAT-90696B72,GR0000000104,2022-Q4,2023-01-25,1671014.0,313315.0,104438.0,1073729.0,412973.0,165189.0,401043.0,396454.0,4590.0,Paid
VAT-3DE16907,GR0000000104,2023-Q1,2023-04-16,1763399.0,330637.0,110212.0,1052352.0,404751.0,161900.0,423216.0,388561.0,34655.0,Paid
VAT-42185BED,GR0000000104,2023-Q2,2023-07-12,2031196.0,380849.0,126950.0,1299533.0,499820.0,199928.0,487487.0,479828.0,7660.0,Paid
VAT-9598037E,GR0000000104,2023-Q3,2023-10-12,1847504.0,346407.0,115469.0,1162078.0,446953.0,178781.0,443401.0,429075.0,14326.0,Paid
VAT-DC908282,GR0000000104,2023-Q4,2024-01-12,3697437.0,693269.0,231090.0,2189628.0,842165.0,336866.0,887385.0,808478.0,78907.0,Paid
VAT-690E40DC,GR0000000104,2024-Q1,2024-04-23,2518927.0,472299.0,157433.0,1462037.0,562322.0,224929.0,604542.0,539829.0,64713.0,Paid
VAT-15F7A1DE,GR0000000104,2024-Q2,2024-07-16,2267268.0,425113.0,141704.0,1301688.0,500649.0,200260.0,544144.0,480623.0,63521.0,Partial
VAT-F03873E4,GR0000000104,2024-Q3,2024-10-14,2484884.0,465916.0,155305.0,1431135.0,550437.0,220175.0,596372.0,528419.0,67953.0,Paid
VAT-2E798995,GR0000000104,2024-Q4,2025-01-18,4272747.0,801140.0,267047.0,2574028.0,990011.0,396004.0,1025459.0,950410.0,75049.0,Paid
VAT-352F0B1D,GR0000000105,2022-Q1,2022-04-30,540243.0,239327.0,144783.0,466844.0,172493.0,66530.0,129658.0,179228.0,-49569.0,Paid
VAT-15B43699,GR0000000105,2022-Q2,2022-07-31,674878.0,303959.0,188239.0,556240.0,215331.0,83566.0,161971.0,213231.0,-51260.0,Paid
VAT-49B0E844,GR0000000105,2022-Q3,2022-10-28,593920.0,276176.0,161271.0,533659.0,196432.0,76905.0,142541.0,207898.0,-65358.0,Paid
VAT-CDAAE1B5,GR0000000105,2022-Q4,2023-01-20,757646.0,308200.0,197552.0,649835.0,238058.0,94602.0,181835.0,251047.0,-69212.0,Paid
VAT-99756CC5,GR0000000105,2023-Q1,2023-04-21,802792.0,333602.0,210203.0,658522.0,248166.0,99391.0,192670.0,255267.0,-62597.0,Paid
VAT-10D9C231,GR0000000105,2023-Q2,2023-07-26,877634.0,369340.0,232987.0,716119.0,266921.0,105401.0,210632.0,272738.0,-62106.0,Paid
VAT-5C35A737,GR0000000105,2023-Q3,2023-10-28,814538.0,359874.0,225744.0,737000.0,268603.0,105581.0,195489.0,281694.0,-86205.0,Paid
VAT-79CF853F,GR0000000105,2023-Q4,2024-02-09,1116678.0,449333.0,283604.0,953343.0,367581.0,145581.0,268003.0,364966.0,-96964.0,Paid
VAT-A7D462D6,GR0000000105,2024-Q1,2024-04-28,291091.0,134680.0,79855.0,239472.0,90054.0,35581.0,69862.0,90599.0,-20737.0,Paid
VAT-568DABAD,GR0000000105,2024-Q2,2024-07-22,403261.0,174772.0,107704.0,349499.0,136232.0,53203.0,96783.0,136258.0,-39476.0,Paid
VAT-B8CADFDE,GR0000000105,2024-Q3,2024-11-05,361085.0,156489.0,97153.0,329184.0,127784.0,49044.0,86661.0,127221.0,-40560.0,Paid
VAT-BB22A673,GR0000000105,2024-Q4,2025-01-25,486141.0,208983.0,133932.0,448345.0,163067.0,64698.0,116674.0,167938.0,-51265.0,Paid
VAT-B84E0CA8,GR0000000106,2022-Q1,2022-04-22,798319.0,698529.0,498950.0,833396.0,320537.0,128215.0,191597.0,307715.0,-116119.0,Paid
VAT-90CE30C1,GR0000000106,2022-Q2,2022-07-11,853172.0,746526.0,533233.0,813329.0,312819.0,125128.0,204761.0,300306.0,-95545.0,Paid
VAT-AA73FB64,GR0000000106,2022-Q3,2022-10-21,959503.0,839565.0,599690.0,926108.0,356196.0,142478.0,230281.0,341948.0,-111667.0,Paid
VAT-534C149D,GR0000000106,2022-Q4,2023-01-23,987112.0,863723.0,616945.0,911240.0,350477.0,140191.0,236907.0,336458.0,-99551.0,Paid
VAT-19DC1B89,GR0000000106,2023-Q1,2023-04-22,579091.0,506705.0,361932.0,589213.0,226620.0,90648.0,138982.0,217556.0,-78574.0,Paid
VAT-A91D8FB8,GR0000000106,2023-Q2,2023-07-16,727561.0,636616.0,454725.0,664872.0,255720.0,102288.0,174615.0,245491.0,-70877.0,Paid
VAT-DE82D8AD,GR0000000106,2023-Q3,2023-10-23,702908.0,615044.0,439317.0,687589.0,264457.0,105783.0,168698.0,253879.0,-85181.0,Paid
VAT-1FF8BF0B,GR0000000106,2023-Q4,2024-01-11,845866.0,740132.0,528666.0,860769.0,331065.0,132426.0,203008.0,317823.0,-114815.0,Paid
VAT-8D1360C2,GR0000000106,2024-Q1,2024-04-22,540735.0,473143.0,337959.0,517092.0,198882.0,79553.0,129776.0,190926.0,-61150.0,Paid
VAT-2EE5F9E4,GR0000000106,2024-Q2,2024-07-12,656750.0,574656.0,410469.0,651045.0,250402.0,100161.0,157620.0,240386.0,-82766.0,Paid
VAT-7FC870AD,GR0000000106,2024-Q3,2024-10-17,589671.0,515962.0,368545.0,592853.0,228020.0,91208.0,141521.0,218899.0,-77378.0,Paid
VAT-1CBA3386,GR0000000106,2024-Q4,2025-01-12,752411.0,658359.0,470257.0,700084.0,269263.0,107705.0,180579.0,258492.0,-77914.0,Paid
VAT-AFFFEFDA,GR0000000107,2022-Q1,2022-04-28,611039.0,73778.0,38143.0,277104.0,102629.0,41172.0,146649.0,107443.0,39207.0,Paid
VAT-2D79306D,GR0000000107,2022-Q2,2022-08-07,668451.0,83662.0,42210.0,316841.0,113527.0,44988.0,160428.0,118644.0,41784.0,Partial
VAT-E44F12CC,GR0000000107,2022-Q3,2022-10-19,602539.0,70869.0,37870.0,319900.0,117774.0,46873.0,144609.0,123524.0,21086.0,Paid
VAT-8B4FF642,GR0000000107,2022-Q4,2023-01-16,613946.0,78212.0,39930.0,311379.0,115248.0,46082.0,147347.0,117022.0,30325.0,Unpaid
VAT-7C6F11D8,GR0000000107,2023-Q1,2023-04-20,386108.0,47881.0,26093.0,204047.0,75599.0,29146.0,92666.0,78787.0,13879.0,Paid
VAT-FB5CB2FA,GR0000000107,2023-Q2,2023-07-26,405812.0,53872.0,28013.0,209357.0,74936.0,29804.0,97395.0,80859.0,16536.0,Partial
VAT-30EF9A32,GR0000000107,2023-Q3,2023-10-16,376776.0,48162.0,24537.0,179962.0,69744.0,27122.0,90426.0,68795.0,21631.0,Partial
VAT-4E7E3539,GR0000000107,2023-Q4,2024-01-31,424368.0,51624.0,27016.0,201990.0,73230.0,28510.0,101848.0,78646.0,23203.0,Paid
VAT-0504BF37,GR0000000107,2024-Q1,2024-04-19,483440.0,59834.0,32009.0,219134.0,81025.0,32174.0,116026.0,83088.0,32937.0,Paid
VAT-59196733,GR0000000107,2024-Q2,2024-07-22,460660.0,55288.0,29629.0,206970.0,78674.0,30470.0,110558.0,81563.0,28996.0,Paid
VAT-55D9198A,GR0000000107,2024-Q3,2024-10-26,489646.0,58797.0,30322.0,243626.0,91806.0,35536.0,117515.0,93915.0,23600.0,Paid
VAT-A825B0C3,GR0000000107,2024-Q4,2025-02-07,469562.0,58096.0,30674.0,247789.0,91840.0,35578.0,112695.0,94045.0,18650.0,Paid
VAT-C7E63DE5,GR0000000108,2022-Q1,2022-04-17,8167.0,3403.0,2042.0,6695.0,2575.0,1030.0,1960.0,2472.0,-512.0,Paid
VAT-7CEDD1C1,GR0000000108,2022-Q2,2022-07-11,9760.0,4066.0,2440.0,8381.0,3224.0,1289.0,2342.0,3095.0,-752.0,Paid
VAT-239E3D83,GR0000000108,2022-Q3,2022-10-15,9499.0,3958.0,2375.0,8536.0,3283.0,1313.0,2280.0,3152.0,-872.0,Paid
VAT-F0ED3F5B,GR0000000108,2022-Q4,2023-01-17,11429.0,4762.0,2857.0,9911.0,3812.0,1525.0,2743.0,3659.0,-916.0,Paid
VAT-9E25DDF3,GR0000000108,2023-Q1,2023-04-17,22113.0,9214.0,5528.0,19464.0,7486.0,2994.0,5307.0,7187.0,-1880.0,Paid
VAT-63A86CE2,GR0000000108,2023-Q2,2023-07-12,29735.0,12389.0,7434.0,26323.0,10124.0,4050.0,7136.0,9719.0,-2583.0,Paid
VAT-6288F16D,GR0000000108,2023-Q3,2023-10-21,27718.0,11549.0,6930.0,25166.0,9679.0,3872.0,6652.0,9292.0,-2640.0,Paid
VAT-7A96FFB6,GR0000000108,2023-Q4,2024-01-21,33960.0,14150.0,8490.0,29714.0,11429.0,4571.0,8150.0,10971.0,-2821.0,Paid
VAT-1A22828A,GR0000000108,2024-Q1,2024-04-12,10160.0,4233.0,2540.0,9284.0,3571.0,1428.0,2438.0,3428.0,-989.0,Paid
VAT-80ADA3E6,GR0000000108,2024-Q2,2024-07-25,14719.0,6133.0,3680.0,12792.0,4920.0,1968.0,3533.0,4723.0,-1191.0,Paid
VAT-40C28CD1,GR0000000108,2024-Q3,2024-10-15,14127.0,5886.0,3532.0,12186.0,4687.0,1875.0,3390.0,4499.0,-1109.0,Paid
VAT-90492162,GR0000000108,2024-Q4,2025-01-19,16063.0,6693.0,4016.0,13313.0,5120.0,2048.0,3855.0,4916.0,-1060.0,Paid
VAT-E251210A,GR0000000109,2022-Q1,2022-04-23,10156.0,5539.0,2770.0,8562.0,3293.0,1317.0,2437.0,3161.0,-724.0,Paid
VAT-E05045CA,GR0000000109,2022-Q2,2022-07-13,10683.0,5827.0,2914.0,8544.0,3286.0,1314.0,2564.0,3155.0,-591.0,Paid
VAT-D673EB34,GR0000000109,2022-Q3,2022-10-17,10984.0,5991.0,2996.0,9276.0,3568.0,1427.0,2636.0,3425.0,-789.0,Paid
VAT-0A0A1DD9,GR0000000109,2022-Q4,2023-01-18,12011.0,6552.0,3276.0,10202.0,3924.0,1570.0,2883.0,3767.0,-884.0,Paid
VAT-471FE7FA,GR0000000109,2023-Q1,2023-04-16,12693.0,6923.0,3462.0,10447.0,4018.0,1607.0,3046.0,3857.0,-811.0,Paid
VAT-6C33DCC1,GR0000000109,2023-Q2,2023-07-13,14431.0,7871.0,3936.0,11805.0,4540.0,1816.0,3463.0,4359.0,-895.0,Paid
VAT-DAECF500,GR0000000109,2023-Q3,2023-10-25,14161.0,7724.0,3862.0,11216.0,4314.0,1726.0,3399.0,4141.0,-743.0,Paid
VAT-CC88ADC2,GR0000000109,2023-Q4,2024-01-18,15443.0,8424.0,4212.0,12112.0,4659.0,1863.0,3706.0,4472.0,-766.0,Paid
VAT-74291A54,GR0000000109,2024-Q1,2024-04-24,10483.0,5718.0,2859.0,9247.0,3556.0,1423.0,2516.0,3414.0,-898.0,Paid
VAT-6C745263,GR0000000109,2024-Q2,2024-07-11,13277.0,7242.0,3621.0,11427.0,4395.0,1758.0,3187.0,4219.0,-1033.0,Paid
VAT-62D7D0D5,GR0000000109,2024-Q3,2024-10-25,12914.0,7044.0,3522.0,11233.0,4320.0,1728.0,3099.0,4147.0,-1048.0,Paid
VAT-689843C4,GR0000000109,2024-Q4,2025-01-24,13111.0,7151.0,3576.0,10558.0,4061.0,1624.0,3147.0,3898.0,-752.0,Paid
VAT-A9DFDA4A,GR0000000110,2022-Q1,2022-04-22,14901.0,13802.0,9848.0,17698.0,6535.0,2516.0,3576.0,6796.0,-3219.0,Paid
VAT-F9971DC2,GR0000000110,2022-Q2,2022-08-02,16593.0,16023.0,11936.0,18595.0,7140.0,2778.0,3982.0,7324.0,-3342.0,Paid
VAT-5A24C548,GR0000000110,2022-Q3,2022-10-18,20031.0,19751.0,14027.0,23560.0,9003.0,3518.0,4807.0,9081.0,-4274.0,Paid
VAT-B230C786,GR0000000110,2022-Q4,2023-02-01,23976.0,22120.0,16948.0,28921.0,11096.0,4345.0,5754.0,11130.0,-5376.0,Paid
VAT-6773D06C,GR0000000110,2023-Q1,2023-04-18,20043.0,18947.0,13838.0,22625.0,8129.0,3225.0,4810.0,8449.0,-3639.0,Paid
VAT-B2A763C5,GR0000000110,2023-Q2,2023-07-17,28585.0,25755.0,18806.0,32918.0,12702.0,4924.0,6860.0,12675.0,-5815.0,Paid
VAT-7B9C777E,GR0000000110,2023-Q3,2023-10-21,27036.0,24247.0,17481.0,30706.0,12063.0,4695.0,6489.0,12269.0,-5780.0,Paid
VAT-A74AE34A,GR0000000110,2023-Q4,2024-01-17,33047.0,29778.0,21834.0,39638.0,14599.0,5708.0,7931.0,15252.0,-7320.0,Paid
VAT-98A37A33,GR0000000110,2024-Q1,2024-04-26,7906.0,6813.0,5190.0,9254.0,3520.0,1366.0,1898.0,3538.0,-1640.0,Paid
VAT-CB9394EE,GR0000000110,2024-Q2,2024-07-25,9704.0,8905.0,6378.0,10458.0,3950.0,1528.0,2329.0,4071.0,-1742.0,Paid
VAT-2C85B9FB,GR0000000110,2024-Q3,2024-10-24,8534.0,7844.0,5827.0,10834.0,3960.0,1534.0,2048.0,4041.0,-1993.0,Paid
VAT-3E6B0B30,GR0000000110,2024-Q4,2025-01-22,11547.0,9768.0,7504.0,11843.0,4522.0,1778.0,2771.0,4542.0,-1770.0,Paid
VAT-2F28C5EA,GR0000000111,2022-Q1,2022-04-10,106339.0,58003.0,29002.0,83177.0,31991.0,12797.0,25521.0,30712.0,-5190.0,Paid
VAT-F468BE24,GR0000000111,2022-Q2,2022-07-20,114277.0,62333.0,31167.0,90359.0,34753.0,13901.0,27427.0,33363.0,-5937.0,Paid
VAT-50F097AF,GR0000000111,2022-Q3,2022-10-18,125504.0,68457.0,34228.0,100681.0,38723.0,15489.0,30121.0,37174.0,-7054.0,Paid
VAT-24D0AB48,GR0000000111,2022-Q4,2023-01-11,128471.0,70075.0,35038.0,104490.0,40189.0,16075.0,30833.0,38581.0,-7748.0,Paid
VAT-B1D6DF3E,GR0000000111,2023-Q1,2023-04-19,172433.0,94054.0,47027.0,140985.0,54225.0,21690.0,41384.0,52056.0,-10672.0,Paid
VAT-E63F8C30,GR0000000111,2023-Q2,2023-07-13,187018.0,102010.0,51005.0,161179.0,61992.0,24797.0,44884.0,59512.0,-14628.0,Paid
VAT-C7B8959E,GR0000000111,2023-Q3,2023-10-26,187374.0,102204.0,51102.0,150363.0,57832.0,23133.0,44970.0,55519.0,-10549.0,Paid
VAT-B2ECE3AB,GR0000000111,2023-Q4,2024-01-18,236940.0,129240.0,64620.0,188607.0,72541.0,29017.0,56866.0,69640.0,-12774.0,Paid
VAT-B7A2CB6C,GR0000000111,2024-Q1,2024-04-23,252933.0,137963.0,68982.0,194607.0,74849.0,29940.0,60704.0,71855.0,-11151.0,Paid
VAT-CC196878,GR0000000111,2024-Q2,2024-07-22,275659.0,150359.0,75180.0,240146.0,92364.0,36946.0,66158.0,88669.0,-22511.0,Paid
VAT-7C99DEC0,GR0000000111,2024-Q3,2024-10-14,295083.0,160954.0,80477.0,250630.0,96396.0,38558.0,70820.0,92540.0,-21720.0,Paid
VAT-138DBEBA,GR0000000111,2024-Q4,2025-01-14,334676.0,182550.0,91275.0,285113.0,109659.0,43864.0,80322.0,105272.0,-24950.0,Paid
VAT-FF3870FC,GR0000000112,2022-Q1,2022-04-15,521124.0,61309.0,30654.0,256282.0,98570.0,39428.0,125070.0,94627.0,30442.0,Paid
VAT-627C7976,GR0000000112,2022-Q2,2022-07-15,473364.0,55690.0,27845.0,235172.0,90451.0,36180.0,113607.0,86833.0,26775.0,Paid
VAT-7E1B4B64,GR0000000112,2022-Q3,2022-10-25,457345.0,53805.0,26903.0,192542.0,74054.0,29622.0,109763.0,71092.0,38671.0,Paid
VAT-FF338F53,GR0000000112,2022-Q4,2023-01-14,453710.0,53378.0,26689.0,201321.0,77431.0,30972.0,108890.0,74334.0,34557.0,Paid
VAT-49D648C4,GR0000000112,2023-Q1,2023-04-17,375830.0,44215.0,22108.0,162952.0,62674.0,25069.0,90199.0,60167.0,30032.0,Paid
VAT-4CFB02F1,GR0000000112,2023-Q2,2023-07-16,421906.0,49636.0,24818.0,205772.0,79143.0,31657.0,101257.0,75978.0,25280.0,Paid
VAT-FB7A9C5D,GR0000000112,2023-Q3,2023-10-16,390387.0,45928.0,22964.0,185395.0,71306.0,28522.0,93693.0,68454.0,25239.0,Paid
VAT-4C7AC9AF,GR0000000112,2023-Q4,2024-01-18,392001.0,46118.0,23059.0,168374.0,64759.0,25904.0,94080.0,62169.0,31912.0,Paid
VAT-4E0CB57B,GR0000000112,2024-Q1,2024-04-12,247821.0,29155.0,14578.0,109592.0,42151.0,16860.0,59477.0,40465.0,19012.0,Paid
VAT-6A1E361B,GR0000000112,2024-Q2,2024-07-18,287651.0,33841.0,16921.0,132355.0,50906.0,20362.0,69036.0,48869.0,20167.0,Paid
VAT-280ED766,GR0000000112,2024-Q3,2024-10-21,285677.0,33609.0,16805.0,127046.0,48864.0,19545.0,68562.0,46909.0,21653.0,Partial
VAT-E5592B9C,GR0000000112,2024-Q4,2025-01-22,281019.0,33061.0,16531.0,130135.0,50052.0,20021.0,67445.0,48050.0,19395.0,Paid
VAT-F0595053,GR0000000113,2022-Q1,2022-04-20,53277.0,22199.0,13319.0,43495.0,16729.0,6692.0,12787.0,16060.0,-3273.0,Paid
VAT-07412433,GR0000000113,2022-Q2,2022-07-18,64047.0,26686.0,16012.0,53173.0,20451.0,8180.0,15371.0,19633.0,-4262.0,Paid
VAT-63610D17,GR0000000113,2022-Q3,2022-10-12,60792.0,25330.0,15198.0,52268.0,20103.0,8041.0,14590.0,19299.0,-4709.0,Paid
VAT-65FEDAA2,GR0000000113,2022-Q4,2023-01-11,70860.0,29525.0,17715.0,57887.0,22264.0,8906.0,17006.0,21374.0,-4367.0,Paid
VAT-FDA45B2B,GR0000000113,2023-Q1,2023-04-21,40057.0,16690.0,10014.0,33083.0,12724.0,5090.0,9614.0,12215.0,-2602.0,Paid
VAT-85037A5B,GR0000000113,2023-Q2,2023-07-24,53706.0,22377.0,13426.0,44821.0,17239.0,6896.0,12889.0,16549.0,-3660.0,Paid
VAT-B0C9CBBA,GR0000000113,2023-Q3,2023-10-17,51398.0,21416.0,12850.0,42767.0,16449.0,6580.0,12336.0,15791.0,-3455.0,Paid
VAT-A253D9C9,GR0000000113,2023-Q4,2024-01-21,61774.0,25739.0,15444.0,55210.0,21235.0,8494.0,14826.0,20385.0,-5560.0,Paid
VAT-14ADAE95,GR0000000113,2024-Q1,2024-04-25,19005.0,7919.0,4751.0,16524.0,6356.0,2542.0,4561.0,6101.0,-1540.0,Paid
VAT-27ABB8A2,GR0000000113,2024-Q2,2024-07-21,22598.0,9416.0,5650.0,19381.0,7454.0,2982.0,5424.0,7156.0,-1732.0,Paid
VAT-CD1F0941,GR0000000113,2024-Q3,2024-10-24,23044.0,9602.0,5761.0,19338.0,7438.0,2975.0,5531.0,7140.0,-1610.0,Paid
VAT-FEDA6977,GR0000000113,2024-Q4,2025-01-11,25239.0,10516.0,6310.0,22358.0,8599.0,3440.0,6057.0,8255.0,-2198.0,Paid
VAT-1C32F932,GR0000000114,2022-Q1,2022-04-13,15560.0,2917.0,972.0,9954.0,3828.0,1531.0,3734.0,3675.0,59.0,Paid
VAT-9CDE11AC,GR0000000114,2022-Q2,2022-07-23,13072.0,2451.0,817.0,8855.0,3406.0,1362.0,3137.0,3269.0,-132.0,Paid
VAT-DC8141E5,GR0000000114,2022-Q3,2022-10-22,14964.0,2806.0,935.0,9154.0,3521.0,1408.0,3591.0,3380.0,212.0,Paid
VAT-B61646AE,GR0000000114,2022-Q4,2023-01-11,29925.0,5611.0,1870.0,19340.0,7438.0,2975.0,7182.0,7141.0,41.0,Partial
VAT-07282FF3,GR0000000114,2023-Q1,2023-04-11,12952.0,2428.0,809.0,8235.0,3167.0,1267.0,3108.0,3040.0,68.0,Paid
VAT-57AC5F33,GR0000000114,2023-Q2,2023-07-22,11456.0,2148.0,716.0,7178.0,2761.0,1104.0,2749.0,2650.0,99.0,Paid
VAT-8A9FDB27,GR0000000114,2023-Q3,2023-10-17,13907.0,2608.0,869.0,8840.0,3400.0,1360.0,3338.0,3264.0,74.0,Paid
VAT-8BA2DFAE,GR0000000114,2023-Q4,2024-01-24,26219.0,4916.0,1639.0,17143.0,6593.0,2637.0,6293.0,6330.0,-37.0,Paid
VAT-14BA30A2,GR0000000114,2024-Q1,2024-04-13,7983.0,1497.0,499.0,4922.0,1893.0,757.0,1916.0,1818.0,98.0,Paid
VAT-196439F0,GR0000000114,2024-Q2,2024-07-21,7185.0,1347.0,449.0,4605.0,1771.0,709.0,1725.0,1700.0,24.0,Paid
VAT-D12153F3,GR0000000114,2024-Q3,2024-10-22,7440.0,1395.0,465.0,4607.0,1772.0,709.0,1786.0,1701.0,85.0,Paid
VAT-9B13923B,GR0000000114,2024-Q4,2025-01-13,14833.0,2781.0,927.0,9925.0,3817.0,1527.0,3560.0,3665.0,-105.0,Paid
VAT-F0A59995,GR0000000115,2022-Q1,2022-04-25,334261.0,180698.0,62216.0,202528.0,75673.0,29674.0,80223.0,78325.0,1898.0,Paid
VAT-7B3B13D7,GR0000000115,2022-Q2,2022-07-29,1037817.0,525090.0,187403.0,576151.0,213607.0,85003.0,249076.0,217869.0,31207.0,Paid
VAT-51D8BE18,GR0000000115,2022-Q3,2022-10-30,1377329.0,686826.0,233632.0,833561.0,325546.0,126573.0,330559.0,325891.0,4668.0,Paid
VAT-9B054040,GR0000000115,2022-Q4,2023-01-17,628036.0,325162.0,113056.0,349499.0,130043.0,50251.0,150729.0,134687.0,16041.0,Paid
VAT-E4E37731,GR0000000115,2023-Q1,2023-04-19,438278.0,225814.0,79058.0,283328.0,103951.0,41529.0,105187.0,110485.0,-5298.0,Paid
VAT-6E188B0C,GR0000000115,2023-Q2,2023-07-16,1187181.0,646409.0,219494.0,654673.0,252873.0,98632.0,284923.0,256645.0,28278.0,Partial
VAT-FE98A73C,GR0000000115,2023-Q3,2023-11-12,1932716.0,1012551.0,352676.0,1259484.0,470064.0,180731.0,463852.0,475318.0,-11466.0,Paid
VAT-DE61456F,GR0000000115,2023-Q4,2024-01-24,885190.0,433533.0,154866.0,477263.0,175934.0,69352.0,212446.0,185464.0,26981.0,Paid
VAT-021C0C4C,GR0000000115,2024-Q1,2024-04-17,164515.0,82538.0,29677.0,102446.0,38735.0,15415.0,39484.0,39447.0,37.0,Partial
VAT-6645B39F,GR0000000115,2024-Q2,2024-07-16,593774.0,304588.0,104748.0,321878.0,122166.0,47928.0,142506.0,125105.0,17401.0,Paid
VAT-60B5F972,GR0000000115,2024-Q3,2024-10-17,708039.0,393170.0,135427.0,435091.0,166459.0,65417.0,169929.0,165810.0,4119.0,Paid
VAT-ABE04E13,GR0000000115,2024-Q4,2025-02-08,344736.0,179542.0,63235.0,183678.0,69300.0,27703.0,82737.0,70527.0,12210.0,Paid
VAT-67214580,GR0000000116,2022-Q1,2022-04-14,955871.0,367643.0,147057.0,697401.0,268231.0,107292.0,229409.0,257502.0,-28093.0,Paid
VAT-9B88DEFF,GR0000000116,2022-Q2,2022-07-21,1502154.0,577752.0,231101.0,1069811.0,411466.0,164586.0,360517.0,395007.0,-34490.0,Paid
VAT-C5CB1991,GR0000000116,2022-Q3,2022-10-17,1467289.0,564342.0,225737.0,1055083.0,405801.0,162321.0,352149.0,389569.0,-37420.0,Paid
VAT-4AB9CD3B,GR0000000116,2022-Q4,2023-01-24,948850.0,364942.0,145977.0,680046.0,261556.0,104623.0,227724.0,251094.0,-23370.0,Paid
VAT-25BDA941,GR0000000116,2023-Q1,2023-04-12,712504.0,274040.0,109616.0,530321.0,203970.0,81588.0,171001.0,195811.0,-24810.0,Paid
VAT-B662BA0E,GR0000000116,2023-Q2,2023-07-11,1085008.0,417311.0,166924.0,738201.0,283924.0,113569.0,260402.0,272567.0,-12165.0,Paid
VAT-ABC941C8,GR0000000116,2023-Q3,2023-10-20,1178805.0,453387.0,181355.0,831863.0,319947.0,127979.0,282913.0,307149.0,-24236.0,Paid
VAT-47FE2CA7,GR0000000116,2023-Q4,2024-01-26,708165.0,272371.0,108948.0,485715.0,186814.0,74725.0,169960.0,179341.0,-9381.0,Paid
VAT-163B78C8,GR0000000116,2024-Q1,2024-04-24,500999.0,192692.0,77077.0,366071.0,140796.0,56319.0,120240.0,135165.0,-14925.0,Paid
VAT-CD6D26DF,GR0000000116,2024-Q2,2024-07-16,817184.0,314301.0,125721.0,566359.0,217830.0,87132.0,196124.0,209117.0,-12993.0,Paid
VAT-0DED6BE6,GR0000000116,2024-Q3,2024-10-19,737909.0,283811.0,113524.0,488546.0,187902.0,75161.0,177098.0,180386.0,-3288.0,Paid
VAT-13AE3663,GR0000000116,2024-Q4,2025-01-19,563998.0,216922.0,86769.0,394030.0,151550.0,60620.0,135359.0,145488.0,-10128.0,Paid
VAT-F0198106,GR0000000117,2022-Q1,2022-04-17,180551.0,98482.0,49241.0,147152.0,56597.0,22639.0,43332.0,54333.0,-11001.0,Paid
VAT-735B3BD6,GR0000000117,2022-Q2,2022-07-23,197374.0,107659.0,53829.0,156434.0,60167.0,24067.0,47370.0,57760.0,-10390.0,Paid
VAT-B25A5A63,GR0000000117,2022-Q3,2022-10-12,196795.0,107343.0,53671.0,158128.0,60818.0,24327.0,47231.0,58386.0,-11155.0,Paid
VAT-2917548A,GR0000000117,2022-Q4,2023-01-23,220440.0,120240.0,60120.0,181704.0,69886.0,27954.0,52906.0,67091.0,-14185.0,Paid
VAT-F487981D,GR0000000117,2023-Q1,2023-04-24,126268.0,68873.0,34437.0,97106.0,37348.0,14939.0,30304.0,35854.0,-5550.0,Paid
VAT-882CE1BC,GR0000000117,2023-Q2,2023-07-21,138813.0,75716.0,37858.0,108765.0,41833.0,16733.0,33315.0,40160.0,-6844.0,Paid
VAT-E514F6A6,GR0000000117,2023-Q3,2023-10-20,145571.0,79402.0,39701.0,118895.0,45729.0,18292.0,34937.0,43900.0,-8963.0,Paid
VAT-6208DFA4,GR0000000117,2023-Q4,2024-01-21,140021.0,76375.0,38187.0,111340.0,42823.0,17129.0,33605.0,41110.0,-7505.0,Paid
VAT-0E3B1265,GR0000000117,2024-Q1,2024-04-21,109694.0,59833.0,29917.0,86172.0,33143.0,13257.0,26327.0,31817.0,-5491.0,Paid
VAT-A18A1EDB,GR0000000117,2024-Q2,2024-07-16,125940.0,68694.0,34347.0,101495.0,39037.0,15615.0,30226.0,37475.0,-7250.0,Paid
VAT-0A58CC43,GR0000000117,2024-Q3,2024-10-23,119631.0,65253.0,32627.0,96827.0,37241.0,14896.0,28712.0,35752.0,-7040.0,Paid
VAT-B8A18680,GR0000000117,2024-Q4,2025-01-12,143962.0,78525.0,39262.0,118579.0,45607.0,18243.0,34551.0,43783.0,-9232.0,Paid
VAT-31B5540F,GR0000000118,2022-Q1,2022-04-23,931092.0,403419.0,255191.0,794526.0,291228.0,114901.0,223462.0,300338.0,-76876.0,Paid
VAT-CDDB27B4,GR0000000118,2022-Q2,2022-07-29,1011508.0,459488.0,281771.0,884775.0,319963.0,125874.0,242762.0,343996.0,-101234.0,Paid
VAT-D29A5350,GR0000000118,2022-Q3,2022-10-15,1182114.0,546791.0,321255.0,1088913.0,425126.0,165610.0,283707.0,428139.0,-144431.0,Paid
VAT-2A4EB334,GR0000000118,2022-Q4,2023-02-05,1338185.0,606920.0,369470.0,1298717.0,476123.0,184475.0,321164.0,492434.0,-171270.0,Paid
VAT-50C6B54E,GR0000000118,2023-Q1,2023-04-25,770471.0,329093.0,204239.0,683281.0,250817.0,97130.0,184913.0,257361.0,-72448.0,Paid
VAT-B9007034,GR0000000118,2023-Q2,2023-07-31,909178.0,398755.0,240642.0,752162.0,277127.0,109946.0,218203.0,285888.0,-67685.0,Paid
VAT-42F32367,GR0000000118,2023-Q3,2023-10-21,872160.0,370335.0,225641.0,775131.0,286314.0,112396.0,209318.0,291729.0,-82411.0,Paid
VAT-0AEF6765,GR0000000118,2023-Q4,2024-02-10,1040860.0,483048.0,300855.0,947514.0,356490.0,138069.0,249806.0,362346.0,-112540.0,Paid
VAT-4F5B8049,GR0000000118,2024-Q1,2024-04-21,1002398.0,435471.0,280106.0,865177.0,320314.0,125332.0,240576.0,332210.0,-91634.0,Paid
VAT-483E703D,GR0000000118,2024-Q2,2024-07-30,1248702.0,525053.0,322091.0,1058186.0,396348.0,154734.0,299688.0,406016.0,-106328.0,Paid
VAT-9D248D63,GR0000000118,2024-Q3,2024-11-08,1192372.0,521279.0,322307.0,1075973.0,401623.0,158985.0,286169.0,412878.0,-126709.0,Paid
VAT-85CD2734,GR0000000118,2024-Q4,2025-01-17,1430999.0,610516.0,391289.0,1251245.0,467397.0,185332.0,343440.0,482388.0,-138948.0,Paid
VAT-E7F19E0E,GR0000000119,2022-Q1,2022-04-23,300807.0,132866.0,27134.0,128323.0,42839.0,16382.0,72194.0,53434.0,18760.0,Paid
VAT-906E453E,GR0000000119,2022-Q2,2022-08-05,342182.0,144076.0,31489.0,170765.0,61001.0,22835.0,82124.0,74790.0,7334.0,Partial
VAT-A617371F,GR0000000119,2022-Q3,2022-11-15,289012.0,130946.0,28080.0,155916.0,52390.0,19781.0,69363.0,66268.0,3095.0,Unpaid
VAT-287D1179,GR0000000119,2022-Q4,2023-01-28,344592.0,180322.0,35453.0,188996.0,66009.0,24196.0,82702.0,83092.0,-390.0,Paid
VAT-1FE2DA7C,GR0000000119,2023-Q1,2023-04-26,120789.0,52316.0,10738.0,54055.0,20442.0,7465.0,28989.0,23839.0,5151.0,Unpaid
VAT-4C34ABB8,GR0000000119,2023-Q2,2023-08-19,121268.0,52667.0,11780.0,57438.0,20991.0,7426.0,29104.0,24120.0,4984.0,Unpaid
VAT-D0EB5A4E,GR0000000119,2023-Q3,2023-10-27,121182.0,53407.0,10842.0,55073.0,17518.0,6804.0,29084.0,22704.0,6380.0,Unpaid
VAT-A32C1168,GR0000000119,2023-Q4,2024-02-12,140053.0,62036.0,12917.0,61797.0,20199.0,7945.0,33613.0,26289.0,7324.0,Paid
VAT-5B6EB733,GR0000000119,2024-Q1,2024-04-29,197651.0,97532.0,19023.0,87799.0,33316.0,12190.0,47436.0,38369.0,9067.0,Paid
VAT-6E2781A5,GR0000000119,2024-Q2,2024-07-25,213993.0,92120.0,19408.0,105243.0,37662.0,13211.0,51358.0,45164.0,6194.0,Unpaid
VAT-6D59B997,GR0000000119,2024-Q3,2024-11-18,202857.0,97634.0,19878.0,113784.0,38171.0,14955.0,48686.0,47563.0,1123.0,Unpaid
VAT-42D7B011,GR0000000119,2024-Q4,2025-02-18,258947.0,111100.0,25103.0,136010.0,45019.0,16721.0,62147.0,55373.0,6774.0,Unpaid
VAT-AA5AE675,GR0000000120,2022-Q1,2022-04-16,76610.0,41787.0,20894.0,59262.0,22793.0,9117.0,18386.0,21881.0,-3495.0,Paid
VAT-EA199D42,GR0000000120,2022-Q2,2022-07-24,86544.0,47206.0,23603.0,69557.0,26753.0,10701.0,20771.0,25682.0,-4912.0,Paid
VAT-86B50467,GR0000000120,2022-Q3,2022-10-14,91553.0,49938.0,24969.0,77886.0,29956.0,11983.0,21973.0,28758.0,-6785.0,Paid
VAT-F4433615,GR0000000120,2022-Q4,2023-01-22,101599.0,55418.0,27709.0,86753.0,33367.0,13347.0,24384.0,32032.0,-7648.0,Paid
VAT-D35BE593,GR0000000120,2023-Q1,2023-04-15,175816.0,95899.0,47950.0,153425.0,59010.0,23604.0,42196.0,56649.0,-14453.0,Paid
VAT-2A7E5C4A,GR0000000120,2023-Q2,2023-07-16,195411.0,106588.0,53294.0,164780.0,63377.0,25351.0,46899.0,60842.0,-13943.0,Paid
VAT-4BFC1243,GR0000000120,2023-Q3,2023-10-12,171161.0,93360.0,46680.0,137005.0,52694.0,21078.0,41079.0,50587.0,-9508.0,Paid
VAT-479B28F0,GR0000000120,2023-Q4,2024-01-16,203663.0,111089.0,55544.0,164673.0,63336.0,25334.0,48879.0,60802.0,-11923.0,Paid
VAT-3635303B,GR0000000120,2024-Q1,2024-04-25,146474.0,79895.0,39948.0,123057.0,47330.0,18932.0,35154.0,45437.0,-10283.0,Paid
VAT-4B84D091,GR0000000120,2024-Q2,2024-07-26,171137.0,93347.0,46674.0,149696.0,57575.0,23030.0,41073.0,55272.0,-14200.0,Paid
VAT-AB9046EF,GR0000000120,2024-Q3,2024-10-21,151550.0,82664.0,41332.0,123818.0,47622.0,19049.0,36372.0,45717.0,-9345.0,Paid
VAT-63A66E26,GR0000000120,2024-Q4,2025-01-11,195144.0,106442.0,53221.0,167490.0,64419.0,25768.0,46834.0,61842.0,-15008.0,Paid
VAT-EF6D0ADC,GR0000000121,2022-Q1,2022-04-30,579088.0,574099.0,417289.0,616544.0,226165.0,89771.0,138981.0,239768.0,-100787.0,Paid
VAT-730F5AD5,GR0000000121,2022-Q2,2022-08-11,789894.0,713279.0,528980.0,827445.0,306716.0,119535.0,189575.0,320583.0,-131008.0,Paid
VAT-7B90DBA7,GR0000000121,2022-Q3,2022-10-18,799367.0,697139.0,528281.0,847506.0,317323.0,126539.0,191848.0,330181.0,-138333.0,Paid
VAT-1E73EB61,GR0000000121,2022-Q4,2023-01-27,796618.0,746495.0,563756.0,884137.0,334826.0,133539.0,191188.0,345248.0,-154060.0,Paid
VAT-8556FBA2,GR0000000121,2023-Q1,2023-05-01,406600.0,355411.0,273260.0,442688.0,174754.0,67553.0,97584.0,174382.0,-76798.0,Paid
VAT-DEFC44C1,GR0000000121,2023-Q2,2023-07-20,591104.0,551929.0,384999.0,654483.0,236140.0,93776.0,141865.0,246580.0,-104715.0,Paid
VAT-780DDDB1,GR0000000121,2023-Q3,2023-11-01,544527.0,534099.0,379369.0,672573.0,243973.0,95226.0,130687.0,254868.0,-124181.0,Paid
VAT-17AA7C34,GR0000000121,2023-Q4,2024-01-18,670546.0,642270.0,479285.0,803405.0,287669.0,113791.0,160931.0,298751.0,-137820.0,Paid
VAT-579BFD07,GR0000000121,2024-Q1,2024-04-27,772836.0,722020.0,542648.0,830985.0,319294.0,126786.0,185481.0,330150.0,-144669.0,Paid
VAT-C1509F43,GR0000000121,2024-Q2,2024-08-08,1025672.0,896424.0,672918.0,958198.0,368488.0,146591.0,246161.0,365344.0,-119183.0,Paid
VAT-3D6B86C7,GR0000000121,2024-Q3,2024-10-31,970638.0,871190.0,635958.0,982289.0,373240.0,150020.0,232953.0,379429.0,-146476.0,Paid
VAT-21ECEDBC,GR0000000121,2024-Q4,2025-01-28,1126144.0,1026958.0,770257.0,1094532.0,424223.0,166000.0,270275.0,416996.0,-146722.0,Paid
VAT-E4C70F4A,GR0000000122,2022-Q1,2022-04-21,1512729.0,630304.0,378182.0,1251604.0,481386.0,192554.0,363055.0,462131.0,-99076.0,Paid
VAT-53432EB6,GR0000000122,2022-Q2,2022-07-18,1695098.0,706291.0,423775.0,1350712.0,519505.0,207802.0,406824.0,498724.0,-91901.0,Paid
VAT-04AABAE6,GR0000000122,2022-Q3,2022-10-11,1962998.0,817916.0,490750.0,1642704.0,631809.0,252724.0,471120.0,606537.0,-135417.0,Paid
VAT-E2AA7F68,GR0000000122,2022-Q4,2023-01-12,2090262.0,870943.0,522566.0,1627217.0,625853.0,250341.0,501663.0,600819.0,-99156.0,Paid
VAT-882F04C2,GR0000000122,2023-Q1,2023-04-14,866338.0,360974.0,216584.0,686179.0,263915.0,105566.0,207921.0,253358.0,-45437.0,Paid
VAT-A5C04B44,GR0000000122,2023-Q2,2023-07-22,1061066.0,442111.0,265266.0,821586.0,315995.0,126398.0,254656.0,303355.0,-48699.0,Paid
VAT-873AADCB,GR0000000122,2023-Q3,2023-10-17,1080589.0,450245.0,270147.0,890075.0,342336.0,136935.0,259341.0,328643.0,-69302.0,Paid
VAT-CC68C09B,GR0000000122,2023-Q4,2024-01-17,1424717.0,593632.0,356179.0,1137337.0,437437.0,174975.0,341932.0,419940.0,-78008.0,Paid
VAT-5D5307AE,GR0000000122,2024-Q1,2024-04-24,590522.0,246051.0,147630.0,474813.0,182620.0,73048.0,141725.0,175316.0,-33590.0,Paid
VAT-304DF749,GR0000000122,2024-Q2,2024-07-20,832852.0,347022.0,208213.0,719686.0,276802.0,110721.0,199885.0,265730.0,-65846.0,Paid
VAT-CD932BAF,GR0000000122,2024-Q3,2024-10-20,847894.0,353289.0,211973.0,715117.0,275045.0,110018.0,203494.0,264043.0,-60549.0,Paid
VAT-F97E6597,GR0000000122,2024-Q4,2025-01-16,895457.0,373107.0,223864.0,697424.0,268240.0,107296.0,214910.0,257510.0,-42601.0,Paid
VAT-5363A7A6,GR0000000123,2022-Q1,2022-04-15,313236.0,58732.0,19577.0,193833.0,74551.0,29821.0,75177.0,71569.0,3608.0,Paid
VAT-31CFA332,GR0000000123,2022-Q2,2022-07-21,256804.0,48151.0,16050.0,148245.0,57017.0,22807.0,61633.0,54737.0,6896.0,Paid
VAT-0AAE58CA,GR0000000123,2022-Q3,2022-10-25,245703.0,46069.0,15356.0,149644.0,57555.0,23022.0,58969.0,55253.0,3716.0,Paid
VAT-141A968E,GR0000000123,2022-Q4,2023-01-19,326878.0,61290.0,20430.0,204323.0,78586.0,31434.0,78451.0,75442.0,3008.0,Paid
VAT-5E186B4C,GR0000000123,2023-Q1,2023-04-13,392808.0,73651.0,24550.0,229962.0,88447.0,35379.0,94274.0,84909.0,9365.0,Paid
VAT-C40656F5,GR0000000123,2023-Q2,2023-07-26,326159.0,61155.0,20385.0,195118.0,75045.0,30018.0,78278.0,72043.0,6235.0,Paid
VAT-473540B3,GR0000000123,2023-Q3,2023-10-26,344992.0,64686.0,21562.0,211763.0,81447.0,32579.0,82798.0,78189.0,4609.0,Paid
VAT-7586998D,GR0000000123,2023-Q4,2024-01-12,442940.0,83051.0,27684.0,258918.0,99584.0,39834.0,106306.0,95601.0,10705.0,Paid
VAT-8F499832,GR0000000123,2024-Q1,2024-04-20,405612.0,76052.0,25351.0,237907.0,91503.0,36601.0,97347.0,87843.0,9504.0,Paid
VAT-7AED5B07,GR0000000123,2024-Q2,2024-07-21,275019.0,51566.0,17189.0,164010.0,63081.0,25232.0,66004.0,60558.0,5447.0,Paid
VAT-CC7645A0,GR0000000123,2024-Q3,2024-10-21,274158.0,51405.0,17135.0,160293.0,61651.0,24660.0,65798.0,59185.0,6613.0,Paid
VAT-9C8085A8,GR0000000123,2024-Q4,2025-01-18,361880.0,67853.0,22618.0,232595.0,89460.0,35784.0,86851.0,85881.0,970.0,Paid
VAT-B595D30C,GR0000000124,2022-Q1,2022-04-19,30083.0,10744.0,2149.0,12026.0,4625.0,1850.0,7220.0,4440.0,2780.0,Paid
VAT-E0142311,GR0000000124,2022-Q2,2022-07-15,29581.0,10565.0,2113.0,12803.0,4924.0,1970.0,7100.0,4727.0,2372.0,Paid
VAT-39D7ED3F,GR0000000124,2022-Q3,2022-10-13,32058.0,11449.0,2290.0,14522.0,5585.0,2234.0,7694.0,5362.0,2332.0,Paid
VAT-51FC6B86,GR0000000124,2022-Q4,2023-01-22,33781.0,12065.0,2413.0,15316.0,5891.0,2356.0,8107.0,5655.0,2452.0,Paid
VAT-84997213,GR0000000124,2023-Q1,2023-04-12,32170.0,11489.0,2298.0,14867.0,5718.0,2287.0,7721.0,5489.0,2231.0,Paid
VAT-B899E59A,GR0000000124,2023-Q2,2023-07-25,36023.0,12865.0,2573.0,15933.0,6128.0,2451.0,8646.0,5883.0,2763.0,Paid
VAT-15E7DBBE,GR0000000124,2023-Q3,2023-10-17,37182.0,13279.0,2656.0,16536.0,6360.0,2544.0,8924.0,6106.0,2818.0,Paid
VAT-D4141CC0,GR0000000124,2023-Q4,2024-01-25,41672.0,14883.0,2977.0,17914.0,6890.0,2756.0,10001.0,6614.0,3387.0,Paid
VAT-B7CCEA81,GR0000000124,2024-Q1,2024-04-23,52086.0,18602.0,3720.0,23141.0,8900.0,3560.0,12501.0,8544.0,3956.0,Paid
VAT-009FCA4F,GR0000000124,2024-Q2,2024-07-24,58836.0,21013.0,4203.0,22768.0,8757.0,3503.0,14121.0,8407.0,5714.0,Paid
VAT-52EDA22A,GR0000000124,2024-Q3,2024-10-15,59726.0,21331.0,4266.0,24949.0,9596.0,3838.0,14334.0,9212.0,5122.0,Paid
VAT-5102E46A,GR0000000124,2024-Q4,2025-01-16,70819.0,25293.0,5059.0,30990.0,11919.0,4768.0,16997.0,11442.0,5554.0,Paid
VAT-DACDD564,GR0000000125,2022-Q1,2022-04-24,1787892.0,335230.0,111743.0,974330.0,374742.0,149897.0,429094.0,359752.0,69342.0,Paid
VAT-30EAE31C,GR0000000125,2022-Q2,2022-07-12,1537955.0,288367.0,96122.0,920093.0,353882.0,141553.0,369109.0,339727.0,29383.0,Paid
VAT-5E1A0ED7,GR0000000125,2022-Q3,2022-10-17,1402083.0,262891.0,87630.0,788894.0,303421.0,121368.0,336500.0,291284.0,45216.0,Paid
VAT-51F18680,GR0000000125,2022-Q4,2023-01-21,1823013.0,341815.0,113938.0,1101344.0,423594.0,169438.0,437523.0,406650.0,30873.0,Paid
VAT-8881E975,GR0000000125,2023-Q1,2023-04-14,4176958.0,783180.0,261060.0,2284073.0,878490.0,351396.0,1002470.0,843350.0,159120.0,Paid
VAT-B5081E71,GR0000000125,2023-Q2,2023-07-16,3011431.0,564643.0,188214.0,1694670.0,651796.0,260718.0,722743.0,625724.0,97019.0,Paid
VAT-41108B24,GR0000000125,2023-Q3,2023-10-13,2978744.0,558515.0,186172.0,1662096.0,639268.0,255707.0,714899.0,613697.0,101202.0,Paid
VAT-7993F597,GR0000000125,2023-Q4,2024-01-18,4089254.0,766735.0,255578.0,2286681.0,879493.0,351797.0,981421.0,844313.0,137108.0,Paid
VAT-DC2C0F9F,GR0000000125,2024-Q1,2024-04-23,2135971.0,400495.0,133498.0,1264446.0,486326.0,194530.0,512633.0,466873.0,45761.0,Paid
VAT-761185AB,GR0000000125,2024-Q2,2024-07-23,1824175.0,342033.0,114011.0,980969.0,377296.0,150918.0,437802.0,362204.0,75598.0,Paid
VAT-3B5E7EAA,GR0000000125,2024-Q3,2024-10-20,1722687.0,323004.0,107668.0,956509.0,367888.0,147155.0,413445.0,353173.0,60272.0,Paid
VAT-0A64ACBE,GR0000000125,2024-Q4,2025-01-18,2067670.0,387688.0,129229.0,1142844.0,439555.0,175822.0,496241.0,421973.0,74268.0,Paid
VAT-0E8398F5,GR0000000126,2022-Q1,2022-04-17,1556249.0,291797.0,97266.0,822973.0,316528.0,126611.0,373500.0,303867.0,69633.0,Paid
VAT-A06E3324,GR0000000126,2022-Q2,2022-07-15,1126268.0,211175.0,70392.0,666474.0,256336.0,102534.0,270304.0,246083.0,24222.0,Paid
VAT-A325F590,GR0000000126,2022-Q3,2022-10-14,1227981.0,230246.0,76749.0,730527.0,280972.0,112389.0,294715.0,269733.0,24982.0,Paid
VAT-2A79579F,GR0000000126,2022-Q4,2023-01-26,1650657.0,309498.0,103166.0,935057.0,359637.0,143855.0,396158.0,345252.0,50906.0,Paid
VAT-1EA963E5,GR0000000126,2023-Q1,2023-04-19,1604456.0,300835.0,100278.0,909202.0,349693.0,139877.0,385069.0,335705.0,49364.0,Paid
VAT-15745185,GR0000000126,2023-Q2,2023-07-12,1114029.0,208880.0,69627.0,653745.0,251440.0,100576.0,267367.0,241383.0,25984.0,Paid
VAT-E34799C0,GR0000000126,2023-Q3,2023-10-24,1173507.0,220033.0,73344.0,649609.0,249850.0,99940.0,281642.0,239856.0,41786.0,Paid
VAT-71CE558D,GR0000000126,2023-Q4,2024-01-13,1441534.0,270288.0,90096.0,785858.0,302253.0,120901.0,345968.0,290163.0,55805.0,Paid
VAT-6692EB0B,GR0000000126,2024-Q1,2024-04-25,1853888.0,347604.0,115868.0,1054369.0,405527.0,162211.0,444933.0,389305.0,55628.0,Paid
VAT-B9E74B94,GR0000000126,2024-Q2,2024-07-15,1403715.0,263197.0,87732.0,780094.0,300036.0,120015.0,336892.0,288035.0,48857.0,Paid
VAT-097B51DB,GR0000000126,2024-Q3,2024-10-14,1462116.0,274147.0,91382.0,862803.0,331847.0,132739.0,350908.0,318573.0,32334.0,Paid
VAT-D9DED5BD,GR0000000126,2024-Q4,2025-01-17,1696259.0,318049.0,106016.0,940777.0,361837.0,144735.0,407102.0,347364.0,59738.0,Paid
VAT-28FFE7B4,GR0000000127,2022-Q1,2022-04-15,922170.0,172907.0,57636.0,567056.0,218099.0,87239.0,221321.0,209375.0,11946.0,Paid
VAT-99816950,GR0000000127,2022-Q2,2022-07-14,946036.0,177382.0,59127.0,613399.0,235923.0,94369.0,227049.0,226486.0,563.0,Paid
VAT-AA418E0A,GR0000000127,2022-Q3,2022-10-14,811959.0,152242.0,50747.0,466005.0,179233.0,71693.0,194870.0,172063.0,22807.0,Paid
VAT-535F53F8,GR0000000127,2022-Q4,2023-01-11,1902712.0,356758.0,118919.0,1098962.0,422678.0,169071.0,456651.0,405771.0,50880.0,Paid
VAT-97920B9F,GR0000000127,2023-Q1,2023-04-20,502967.0,94306.0,31435.0,287372.0,110528.0,44211.0,120712.0,106107.0,14605.0,Paid
VAT-6CE6FB31,GR0000000127,2023-Q2,2023-07-11,547987.0,102748.0,34249.0,312863.0,120332.0,48133.0,131517.0,115518.0,15998.0,Paid
VAT-0182DB34,GR0000000127,2023-Q3,2023-10-14,466572.0,87482.0,29161.0,276122.0,106201.0,42480.0,111977.0,101953.0,10025.0,Paid
VAT-2B5A39DC,GR0000000127,2023-Q4,2024-01-24,935393.0,175386.0,58462.0,566560.0,217908.0,87163.0,224494.0,209191.0,15303.0,Paid
VAT-44064ECF,GR0000000127,2024-Q1,2024-04-22,646592.0,121236.0,40412.0,374533.0,144051.0,57621.0,155182.0,138289.0,16893.0,Paid
VAT-9F68EE82,GR0000000127,2024-Q2,2024-07-24,691846.0,129721.0,43240.0,415354.0,159751.0,63901.0,166043.0,153361.0,12682.0,Paid
VAT-CE8E156D,GR0000000127,2024-Q3,2024-10-20,775416.0,145391.0,48464.0,449204.0,172771.0,69108.0,186100.0,165860.0,20240.0,Paid
VAT-C3CE8898,GR0000000127,2024-Q4,2025-01-13,1402135.0,262900.0,87633.0,890642.0,342555.0,137022.0,336512.0,328852.0,7660.0,Paid
VAT-27D1C3E3,GR0000000128,2022-Q1,2022-04-11,398865.0,142452.0,28490.0,158352.0,60904.0,24362.0,95728.0,58468.0,37259.0,Paid
VAT-671AB4AE,GR0000000128,2022-Q2,2022-07-22,453400.0,161928.0,32386.0,187172.0,71989.0,28796.0,108816.0,69109.0,39706.0,Paid
VAT-92368187,GR0000000128,2022-Q3,2022-10-19,429745.0,153480.0,30696.0,180604.0,69463.0,27785.0,103139.0,66684.0,36454.0,Paid
VAT-1B423F8B,GR0000000128,2022-Q4,2023-01-11,507688.0,181317.0,36263.0,210265.0,80871.0,32348.0,121845.0,77636.0,44209.0,Paid
VAT-6771E9CB,GR0000000128,2023-Q1,2023-04-16,320898.0,114606.0,22921.0,130844.0,50325.0,20130.0,77015.0,48312.0,28704.0,Paid
VAT-2076ECFA,GR0000000128,2023-Q2,2023-07-21,306119.0,109328.0,21866.0,125499.0,48269.0,19308.0,73468.0,46338.0,27130.0,Paid
VAT-ADFD3154,GR0000000128,2023-Q3,2023-10-13,344038.0,122871.0,24574.0,142411.0,54774.0,21909.0,82569.0,52583.0,29986.0,Paid
VAT-817FB5F2,GR0000000128,2023-Q4,2024-01-21,382903.0,136751.0,27350.0,167057.0,64253.0,25701.0,91897.0,61683.0,30214.0,Paid
VAT-0B52783D,GR0000000128,2024-Q1,2024-04-16,339854.0,121376.0,24275.0,147270.0,56642.0,22657.0,81565.0,54377.0,27188.0,Paid
VAT-AD4900AA,GR0000000128,2024-Q2,2024-07-20,309950.0,110696.0,22139.0,141279.0,54338.0,21735.0,74388.0,52164.0,22224.0,Paid
VAT-DE7B5E42,GR0000000128,2024-Q3,2024-10-23,367380.0,131207.0,26241.0,170409.0,65542.0,26217.0,88171.0,62920.0,25251.0,Paid
VAT-A302A7ED,GR0000000128,2024-Q4,2025-01-23,383942.0,137122.0,27424.0,160590.0,61765.0,24706.0,92146.0,59295.0,32851.0,Paid
VAT-65F0DF17,GR0000000129,2022-Q1,2022-04-25,84289.0,42144.0,14048.0,41759.0,16061.0,6424.0,20229.0,15419.0,4811.0,Paid
VAT-5267BF60,GR0000000129,2022-Q2,2022-07-12,240235.0,120118.0,40039.0,127034.0,48859.0,19544.0,57656.0,46905.0,10751.0,Paid
VAT-75620758,GR0000000129,2022-Q3,2022-10-20,323234.0,161617.0,53872.0,171467.0,65949.0,26380.0,77576.0,63311.0,14265.0,Paid
VAT-65BCDC5A,GR0000000129,2022-Q4,2023-01-23,156030.0,78015.0,26005.0,88051.0,33866.0,13546.0,37447.0,32511.0,4936.0,Paid
VAT-3CC1E547,GR0000000129,2023-Q1,2023-04-18,136629.0,68314.0,22771.0,77168.0,29680.0,11872.0,32791.0,28493.0,4298.0,Paid
VAT-62096C9F,GR0000000129,2023-Q2,2023-07-11,393551.0,196775.0,65592.0,226835.0,87244.0,34898.0,94452.0,83754.0,10698.0,Paid
VAT-4AAC58BB,GR0000000129,2023-Q3,2023-10-21,524429.0,262215.0,87405.0,303297.0,116653.0,46661.0,125863.0,111987.0,13876.0,Paid
VAT-FA0B0AE0,GR0000000129,2023-Q4,2024-01-21,242194.0,121097.0,40366.0,125787.0,48380.0,19352.0,58127.0,46445.0,11682.0,Paid
VAT-A80099D3,GR0000000129,2024-Q1,2024-04-21,75610.0,37805.0,12602.0,40469.0,15565.0,6226.0,18146.0,14942.0,3204.0,Paid
VAT-EC63C682,GR0000000129,2024-Q2,2024-07-25,212300.0,106150.0,35383.0,124027.0,47703.0,19081.0,50952.0,45795.0,5157.0,Paid
VAT-941DF888,GR0000000129,2024-Q3,2024-10-12,325487.0,162744.0,54248.0,183243.0,70478.0,28191.0,78117.0,67659.0,10458.0,Paid
VAT-49CF5B52,GR0000000129,2024-Q4,2025-01-23,160078.0,80039.0,26680.0,84812.0,32620.0,13048.0,38419.0,31315.0,7104.0,Paid
VAT-13A3F7B4,GR0000000130,2022-Q1,2022-04-18,220402.0,192852.0,137751.0,210403.0,80924.0,32370.0,52897.0,77687.0,-24791.0,Paid
VAT-465BA3DF,GR0000000130,2022-Q2,2022-07-19,272613.0,238536.0,170383.0,252507.0,97118.0,38847.0,65427.0,93233.0,-27806.0,Paid
VAT-B97357B9,GR0000000130,2022-Q3,2022-10-26,319075.0,279191.0,199422.0,307038.0,118091.0,47237.0,76578.0,113368.0,-36790.0,Paid
VAT-B5A6A6E1,GR0000000130,2022-Q4,2023-01-26,382506.0,334693.0,239066.0,362819.0,139546.0,55818.0,91801.0,133964.0,-42162.0,Paid
VAT-C9241776,GR0000000130,2023-Q1,2023-04-20,226590.0,198267.0,141619.0,229174.0,88144.0,35258.0,54382.0,84618.0,-30236.0,Paid
VAT-D4116561,GR0000000130,2023-Q2,2023-07-25,312020.0,273017.0,195012.0,299944.0,115363.0,46145.0,74885.0,110748.0,-35864.0,Paid
VAT-F57830B5,GR0000000130,2023-Q3,2023-10-23,284953.0,249334.0,178096.0,292445.0,112479.0,44991.0,68389.0,107980.0,-39591.0,Paid
VAT-6DF8C92E,GR0000000130,2023-Q4,2024-01-16,389877.0,341142.0,243673.0,384061.0,147716.0,59086.0,93570.0,141807.0,-48237.0,Paid
VAT-8E26A832,GR0000000130,2024-Q1,2024-04-22,286101.0,250339.0,178813.0,266508.0,102503.0,41001.0,68664.0,98403.0,-29739.0,Paid
VAT-6FCB4B6A,GR0000000130,2024-Q2,2024-07-23,358967.0,314096.0,224354.0,341626.0,131395.0,52558.0,86152.0,126139.0,-39987.0,Paid
VAT-53390516,GR0000000130,2024-Q3,2024-10-21,384482.0,336422.0,240301.0,344568.0,132526.0,53010.0,92276.0,127225.0,-34949.0,Paid
VAT-47CD0F82,GR0000000130,2024-Q4,2025-01-16,497729.0,435513.0,311081.0,445814.0,171467.0,68587.0,119455.0,164608.0,-45153.0,Paid
VAT-14C5B19A,GR0000000131,2022-Q1,2022-04-14,3202729.0,1601365.0,533788.0,1403094.0,539652.0,215861.0,768655.0,518066.0,250589.0,Paid
VAT-81640631,GR0000000131,2022-Q2,2022-07-13,9623128.0,4811564.0,1603855.0,4484373.0,1724759.0,689904.0,2309551.0,1655769.0,653782.0,Paid
VAT-FBCD8A1E,GR0000000131,2022-Q3,2022-10-23,14021106.0,7010553.0,2336851.0,7158114.0,2753121.0,1101248.0,3365065.0,2642996.0,722070.0,Paid
VAT-F0619FA0,GR0000000131,2022-Q4,2023-01-21,6494742.0,3247371.0,1082457.0,2991653.0,1150636.0,460254.0,1558738.0,1104610.0,454128.0,Paid
VAT-17B00BEF,GR0000000131,2023-Q1,2023-04-21,3598426.0,1799213.0,599738.0,1688760.0,649523.0,259809.0,863622.0,623542.0,240080.0,Paid
VAT-200C7AD9,GR0000000131,2023-Q2,2023-07-16,11481167.0,5740583.0,1913528.0,6191629.0,2381396.0,952558.0,2755480.0,2286140.0,469340.0,Paid
VAT-31A1D91B,GR0000000131,2023-Q3,2023-10-24,14585283.0,7292641.0,2430880.0,6849780.0,2634531.0,1053812.0,3500468.0,2529149.0,971318.0,Paid
VAT-EE2EBDCA,GR0000000131,2023-Q4,2024-01-12,8092215.0,4046107.0,1348702.0,3841835.0,1477629.0,591052.0,1942132.0,1418524.0,523608.0,Paid
VAT-9FB91B40,GR0000000131,2024-Q1,2024-04-22,3249024.0,1624512.0,541504.0,1516618.0,583315.0,233326.0,779766.0,559982.0,219784.0,Paid
VAT-D01D9FD2,GR0000000131,2024-Q2,2024-07-19,10478331.0,5239165.0,1746388.0,5244139.0,2016977.0,806791.0,2514799.0,1936298.0,578502.0,Paid
VAT-DB07F9EF,GR0000000131,2024-Q3,2024-10-15,15072085.0,7536043.0,2512014.0,7345562.0,2825216.0,1130086.0,3617300.0,2712208.0,905093.0,Paid
VAT-5A5F4929,GR0000000131,2024-Q4,2025-01-14,6498295.0,3249148.0,1083049.0,2959812.0,1138389.0,455356.0,1559591.0,1092853.0,466737.0,Paid
VAT-4D4269AA,GR0000000132,2023-Q1,2023-04-15,34889.0,9968.0,4984.0,23113.0,8889.0,3556.0,8373.0,8534.0,-161.0,Paid
VAT-3B7D19DF,GR0000000132,2023-Q2,2023-07-16,49194.0,14055.0,7028.0,34916.0,13429.0,5372.0,11807.0,12892.0,-1086.0,Paid
VAT-E8C213AC,GR0000000132,2023-Q3,2023-10-25,43792.0,12512.0,6256.0,30583.0,11763.0,4705.0,10510.0,11292.0,-782.0,Paid
VAT-68442E8F,GR0000000132,2023-Q4,2024-01-13,42130.0,12037.0,6019.0,29920.0,11508.0,4603.0,10111.0,11047.0,-936.0,Paid
VAT-BF7071D1,GR0000000132,2024-Q1,2024-04-18,63391.0,18112.0,9056.0,42416.0,16314.0,6525.0,15214.0,15661.0,-447.0,Paid
VAT-F7A5C9B4,GR0000000132,2024-Q2,2024-07-25,89829.0,25665.0,12833.0,65951.0,25366.0,10146.0,21559.0,24351.0,-2792.0,Paid
VAT-BDDFA064,GR0000000132,2024-Q3,2024-10-19,88480.0,25280.0,12640.0,64097.0,24653.0,9861.0,21235.0,23667.0,-2431.0,Paid
VAT-DC0E1799,GR0000000132,2024-Q4,2025-01-19,79947.0,22842.0,11421.0,56480.0,21723.0,8689.0,19187.0,20854.0,-1667.0,Paid
VAT-E9E9967F,GR0000000133,2023-Q1,2023-04-10,793575.0,283419.0,56684.0,299913.0,115351.0,46141.0,190458.0,110737.0,79721.0,Paid
VAT-F7159A1C,GR0000000133,2023-Q2,2023-07-22,817925.0,292116.0,58423.0,375063.0,144255.0,57702.0,196302.0,138485.0,57817.0,Paid
VAT-759953A2,GR0000000133,2023-Q3,2023-10-21,838404.0,299430.0,59886.0,357545.0,137517.0,55007.0,201217.0,132017.0,69201.0,Paid
VAT-F37B96C9,GR0000000133,2023-Q4,2024-01-20,923637.0,329870.0,65974.0,363332.0,139743.0,55897.0,221673.0,134154.0,87519.0,Paid
VAT-1F809276,GR0000000133,2024-Q1,2024-04-20,764857.0,273163.0,54633.0,327119.0,125815.0,50326.0,183566.0,120782.0,62783.0,Paid
VAT-9BD5F4BB,GR0000000133,2024-Q2,2024-07-12,734946.0,262481.0,52496.0,339022.0,130393.0,52157.0,176387.0,125177.0,51210.0,Paid
VAT-D7C5FD19,GR0000000133,2024-Q3,2024-10-11,797605.0,284859.0,56972.0,302179.0,116223.0,46489.0,191425.0,111574.0,79851.0,Partial
VAT-1033386A,GR0000000133,2024-Q4,2025-01-14,875778.0,312778.0,62556.0,356006.0,136925.0,54770.0,210187.0,131448.0,78738.0,Paid
VAT-E3BF29CB,GR0000000134,2022-Q1,2022-04-10,112658.0,32188.0,16094.0,78665.0,30256.0,12102.0,27038.0,29046.0,-2008.0,Paid
VAT-EBC76FFB,GR0000000134,2022-Q2,2022-07-14,175395.0,50113.0,25056.0,129111.0,49658.0,19863.0,42095.0,47672.0,-5577.0,Paid
VAT-45DACC1E,GR0000000134,2022-Q3,2022-10-24,141129.0,40323.0,20161.0,108231.0,41627.0,16651.0,33871.0,39962.0,-6091.0,Paid
VAT-BF8E0E4E,GR0000000134,2022-Q4,2023-01-17,133189.0,38054.0,19027.0,100118.0,38507.0,15403.0,31965.0,36967.0,-5001.0,Paid
VAT-80C613DF,GR0000000134,2023-Q1,2023-04-11,64367.0,18391.0,9195.0,46520.0,17892.0,7157.0,15448.0,17177.0,-1728.0,Paid
VAT-CA7544CC,GR0000000134,2023-Q2,2023-07-11,108458.0,30988.0,15494.0,76258.0,29330.0,11732.0,26030.0,28157.0,-2127.0,Paid
VAT-7D3120DA,GR0000000134,2023-Q3,2023-10-22,82265.0,23504.0,11752.0,62753.0,24136.0,9654.0,19744.0,23170.0,-3427.0,Paid
VAT-EAA93C79,GR0000000134,2023-Q4,2024-01-20,85834.0,24524.0,12262.0,61010.0,23466.0,9386.0,20600.0,22527.0,-1927.0,Paid
VAT-E39F2D6C,GR0000000134,2024-Q1,2024-04-10,60173.0,17192.0,8596.0,44166.0,16987.0,6795.0,14441.0,16308.0,-1866.0,Paid
VAT-E7CD8571,GR0000000134,2024-Q2,2024-07-13,86856.0,24816.0,12408.0,68073.0,26182.0,10473.0,20846.0,25135.0,-4289.0,Paid
VAT-6F4C123C,GR0000000134,2024-Q3,2024-10-15,80205.0,22916.0,11458.0,58717.0,22584.0,9033.0,19249.0,21680.0,-2431.0,Paid
VAT-D5B04383,GR0000000134,2024-Q4,2025-01-17,83808.0,23945.0,11973.0,63355.0,24367.0,9747.0,20114.0,23393.0,-3279.0,Paid
VAT-EABEC890,GR0000000135,2022-Q1,2022-04-13,403113.0,143969.0,28794.0,184619.0,71007.0,28403.0,96747.0,68167.0,28580.0,Paid
VAT-9EA98E53,GR0000000135,2022-Q2,2022-07-13,405799.0,144928.0,28986.0,186790.0,71842.0,28737.0,97392.0,68969.0,28423.0,Paid
VAT-3840AAE5,GR0000000135,2022-Q3,2022-10-15,375215.0,134005.0,26801.0,157121.0,60431.0,24172.0,90052.0,58014.0,32038.0,Paid
VAT-99194CC7,GR0000000135,2022-Q4,2023-01-15,541565.0,193416.0,38683.0,236176.0,90837.0,36335.0,129976.0,87204.0,42772.0,Paid
VAT-5C86551B,GR0000000135,2023-Q1,2023-04-14,309050.0,110375.0,22075.0,132897.0,51114.0,20446.0,74172.0,49070.0,25102.0,Paid
VAT-7C75EEDD,GR0000000135,2023-Q2,2023-07-22,311145.0,111123.0,22225.0,123119.0,47353.0,18941.0,74675.0,45459.0,29216.0,Paid
VAT-549CB9F9,GR0000000135,2023-Q3,2023-10-22,281829.0,100653.0,20131.0,111334.0,42821.0,17128.0,67639.0,41108.0,26531.0,Paid
VAT-4ED20206,GR0000000135,2023-Q4,2024-01-21,325618.0,116292.0,23258.0,121317.0,46660.0,18664.0,78148.0,44794.0,33354.0,Paid
VAT-9DA099AC,GR0000000135,2024-Q1,2024-04-23,436760.0,155986.0,31197.0,183255.0,70483.0,28193.0,104822.0,67663.0,37159.0,Paid
VAT-E4167743,GR0000000135,2024-Q2,2024-07-13,479890.0,171389.0,34278.0,185634.0,71398.0,28559.0,115173.0,68542.0,46632.0,Paid
VAT-E20528A3,GR0000000135,2024-Q3,2024-10-17,433891.0,154961.0,30992.0,181331.0,69743.0,27897.0,104134.0,66953.0,37181.0,Paid
VAT-AAC70240,GR0000000135,2024-Q4,2025-01-14,544463.0,194451.0,38890.0,231860.0,89177.0,35671.0,130671.0,85610.0,45061.0,Paid
VAT-F2E0BE9B,GR0000000136,2022-Q1,2022-04-14,31489.0,5904.0,1968.0,19992.0,7689.0,3076.0,7557.0,7382.0,175.0,Paid
VAT-F6AD0675,GR0000000136,2022-Q2,2022-07-20,25551.0,4791.0,1597.0,16463.0,6332.0,2533.0,6132.0,6079.0,54.0,Paid
VAT-26E20DAF,GR0000000136,2022-Q3,2022-10-17,25292.0,4742.0,1581.0,14398.0,5538.0,2215.0,6070.0,5316.0,754.0,Paid
VAT-ED04CA38,GR0000000136,2022-Q4,2023-01-11,27633.0,5181.0,1727.0,15720.0,6046.0,2418.0,6632.0,5804.0,828.0,Paid
VAT-B0DA225D,GR0000000136,2023-Q1,2023-04-20,23286.0,4366.0,1455.0,13578.0,5222.0,2089.0,5589.0,5013.0,575.0,Paid
VAT-C7D65206,GR0000000136,2023-Q2,2023-07-22,17693.0,3317.0,1106.0,10348.0,3980.0,1592.0,4246.0,3821.0,426.0,Paid
VAT-6EB0B0B2,GR0000000136,2023-Q3,2023-10-23,18149.0,3403.0,1134.0,10987.0,4226.0,1690.0,4356.0,4057.0,299.0,Paid
VAT-B838503F,GR0000000136,2023-Q4,2024-01-21,23451.0,4397.0,1466.0,13721.0,5277.0,2111.0,5628.0,5066.0,562.0,Paid
VAT-585F9244,GR0000000136,2024-Q1,2024-04-11,20820.0,3904.0,1301.0,12902.0,4962.0,1985.0,4997.0,4764.0,233.0,Paid
VAT-231F575D,GR0000000136,2024-Q2,2024-07-21,14457.0,2711.0,904.0,8316.0,3198.0,1279.0,3470.0,3071.0,399.0,Paid
VAT-EBDA72E1,GR0000000136,2024-Q3,2024-10-23,16894.0,3168.0,1056.0,9988.0,3842.0,1537.0,4055.0,3688.0,367.0,Paid
VAT-A20C27E8,GR0000000136,2024-Q4,2025-01-19,21065.0,3950.0,1317.0,12799.0,4923.0,1969.0,5056.0,4726.0,330.0,Paid
VAT-A7D69852,GR0000000137,2022-Q1,2022-04-24,77377.0,67705.0,48361.0,70374.0,27067.0,10827.0,18571.0,25984.0,-7414.0,Paid
VAT-46273766,GR0000000137,2022-Q2,2022-07-26,95886.0,83900.0,59929.0,91551.0,35212.0,14085.0,23013.0,33804.0,-10791.0,Paid
VAT-A2297663,GR0000000137,2022-Q3,2022-10-18,110407.0,96606.0,69005.0,115400.0,44385.0,17754.0,26498.0,42609.0,-16111.0,Paid
VAT-872236D5,GR0000000137,2022-Q4,2023-01-11,113705.0,99492.0,71066.0,115609.0,44465.0,17786.0,27289.0,42687.0,-15397.0,Paid
VAT-3E7F886A,GR0000000137,2023-Q1,2023-04-15,95832.0,83853.0,59895.0,98370.0,37835.0,15134.0,23000.0,36321.0,-13322.0,Paid
VAT-695DB65D,GR0000000137,2023-Q2,2023-07-15,113505.0,99317.0,70940.0,113712.0,43735.0,17494.0,27241.0,41986.0,-14745.0,Paid
VAT-A35B56F7,GR0000000137,2023-Q3,2023-10-14,121608.0,106407.0,76005.0,120758.0,46445.0,18578.0,29186.0,44588.0,-15402.0,Paid
VAT-38B0272B,GR0000000137,2023-Q4,2024-01-15,136389.0,119341.0,85243.0,141248.0,54326.0,21731.0,32733.0,52153.0,-19420.0,Paid
VAT-07411FB6,GR0000000137,2024-Q1,2024-04-21,81394.0,71219.0,50871.0,73085.0,28110.0,11244.0,19534.0,26985.0,-7451.0,Paid
VAT-A6FA18B5,GR0000000137,2024-Q2,2024-07-23,86342.0,75549.0,53964.0,89360.0,34369.0,13748.0,20722.0,32995.0,-12273.0,Paid
VAT-021ED83E,GR0000000137,2024-Q3,2024-10-18,102974.0,90102.0,64359.0,107948.0,41518.0,16607.0,24714.0,39858.0,-15144.0,Paid
VAT-E6E4A261,GR0000000137,2024-Q4,2025-01-19,112784.0,98686.0,70490.0,107553.0,41367.0,16547.0,27068.0,39712.0,-12644.0,Paid
VAT-834BF15C,GR0000000138,2022-Q1,2022-04-19,184518.0,100646.0,50323.0,141811.0,54543.0,21817.0,44284.0,52361.0,-8077.0,Paid
VAT-1A2AADC0,GR0000000138,2022-Q2,2022-07-16,211339.0,115276.0,57638.0,162762.0,62601.0,25040.0,50721.0,60097.0,-9375.0,Paid
VAT-BD8EE5F5,GR0000000138,2022-Q3,2022-10-15,203815.0,111172.0,55586.0,177605.0,68310.0,27324.0,48916.0,65577.0,-16662.0,Paid
VAT-706D7818,GR0000000138,2022-Q4,2023-01-16,225424.0,122959.0,61479.0,191228.0,73549.0,29420.0,54102.0,70607.0,-16505.0,Paid
VAT-0746AABA,GR0000000138,2023-Q1,2023-04-14,161594.0,88142.0,44071.0,132306.0,50887.0,20355.0,38783.0,48851.0,-10069.0,Paid
VAT-7821EF26,GR0000000138,2023-Q2,2023-07-11,193366.0,105472.0,52736.0,171092.0,65805.0,26322.0,46408.0,63172.0,-16765.0,Paid
VAT-8C652785,GR0000000138,2023-Q3,2023-10-23,203245.0,110861.0,55430.0,173766.0,66833.0,26733.0,48779.0,64160.0,-15381.0,Paid
VAT-5E084C92,GR0000000138,2023-Q4,2024-01-17,230013.0,125462.0,62731.0,193197.0,74307.0,29723.0,55203.0,71334.0,-16131.0,Paid
VAT-346D4829,GR0000000138,2024-Q1,2024-04-24,186967.0,101982.0,50991.0,146450.0,56327.0,22531.0,44872.0,54074.0,-9202.0,Paid
VAT-4FEA884D,GR0000000138,2024-Q2,2024-07-24,218900.0,119400.0,59700.0,175951.0,67673.0,27069.0,52536.0,64966.0,-12430.0,Paid
VAT-88FAC908,GR0000000138,2024-Q3,2024-10-12,219160.0,119542.0,59771.0,172707.0,66426.0,26570.0,52598.0,63769.0,-11170.0,Paid
VAT-87C09BF7,GR0000000138,2024-Q4,2025-01-12,241287.0,131611.0,65806.0,212586.0,81764.0,32706.0,57909.0,78493.0,-20585.0,Paid
VAT-EE9E281F,GR0000000139,2022-Q1,2022-04-23,237894.0,44605.0,14868.0,137341.0,52823.0,21129.0,57095.0,50711.0,6384.0,Partial
VAT-242C4C3E,GR0000000139,2022-Q2,2022-07-26,189112.0,35458.0,11819.0,110019.0,42315.0,16926.0,45387.0,40623.0,4764.0,Paid
VAT-2484950C,GR0000000139,2022-Q3,2022-10-14,177957.0,33367.0,11122.0,112293.0,43190.0,17276.0,42710.0,41462.0,1248.0,Paid
VAT-7C822BF4,GR0000000139,2022-Q4,2023-01-18,223009.0,41814.0,13938.0,138903.0,53424.0,21370.0,53522.0,51287.0,2235.0,Partial
VAT-379BD7B5,GR0000000139,2023-Q1,2023-04-10,177194.0,33224.0,11075.0,102081.0,39262.0,15705.0,42527.0,37692.0,4835.0,Paid
VAT-D09B06A0,GR0000000139,2023-Q2,2023-07-19,139086.0,26079.0,8693.0,89635.0,34475.0,13790.0,33381.0,33096.0,285.0,Paid
VAT-BFC55802,GR0000000139,2023-Q3,2023-10-24,146013.0,27377.0,9126.0,90685.0,34879.0,13952.0,35043.0,33484.0,1559.0,Paid
VAT-026E6094,GR0000000139,2023-Q4,2024-01-14,175924.0,32986.0,10995.0,109404.0,42078.0,16831.0,42222.0,40395.0,1827.0,Paid
VAT-5B71847F,GR0000000139,2024-Q1,2024-04-16,246845.0,46283.0,15428.0,142151.0,54674.0,21869.0,59243.0,52487.0,6756.0,Paid
VAT-F1D24CAC,GR0000000139,2024-Q2,2024-07-20,175170.0,32844.0,10948.0,110226.0,42394.0,16958.0,42041.0,40699.0,1342.0,Paid
VAT-38D19445,GR0000000139,2024-Q3,2024-10-15,167946.0,31490.0,10497.0,97258.0,37407.0,14963.0,40307.0,35911.0,4396.0,Paid
VAT-C380FC49,GR0000000139,2024-Q4,2025-01-14,214911.0,40296.0,13432.0,132304.0,50886.0,20355.0,51579.0,48851.0,2728.0,Paid
VAT-8612A4FB,GR0000000140,2022-Q1,2022-04-16,196642.0,113004.0,59832.0,177397.0,64897.0,25486.0,47194.0,66909.0,-19715.0,Paid
VAT-CBED4AAE,GR0000000140,2022-Q2,2022-07-30,260547.0,140916.0,73295.0,235365.0,85596.0,33894.0,62531.0,90901.0,-28370.0,Paid
VAT-49072CDB,GR0000000140,2022-Q3,2022-10-19,261601.0,158621.0,77443.0,233329.0,84724.0,32953.0,62784.0,90259.0,-27475.0,Paid
VAT-D529CDA5,GR0000000140,2022-Q4,2023-01-16,317354.0,169606.0,91647.0,295697.0,109499.0,42007.0,76165.0,114497.0,-38332.0,Paid
VAT-74A86990,GR0000000140,2023-Q1,2023-04-24,223297.0,133122.0,69401.0,210850.0,78494.0,30904.0,53591.0,79441.0,-25850.0,Paid
VAT-3E69699E,GR0000000140,2023-Q2,2023-07-22,298386.0,163293.0,86898.0,256395.0,95093.0,36452.0,71613.0,100249.0,-28637.0,Paid
VAT-709036B1,GR0000000140,2023-Q3,2023-10-27,308820.0,169124.0,87672.0,262285.0,101120.0,39467.0,74117.0,99634.0,-25517.0,Paid
VAT-0FCF1037,GR0000000140,2023-Q4,2024-01-26,307031.0,168546.0,84631.0,264625.0,101751.0,40114.0,73687.0,105094.0,-31407.0,Paid
VAT-439A5505,GR0000000140,2024-Q1,2024-04-16,229534.0,134511.0,70501.0,228071.0,82899.0,32244.0,55088.0,87692.0,-32604.0,Paid
VAT-DA03EF3A,GR0000000140,2024-Q2,2024-07-31,255942.0,140670.0,74961.0,227956.0,84786.0,33475.0,61426.0,87617.0,-26191.0,Paid
VAT-40B9A84B,GR0000000140,2024-Q3,2024-10-27,253828.0,136937.0,71849.0,203915.0,78898.0,30764.0,60919.0,81279.0,-20360.0,Paid
VAT-5D60406F,GR0000000140,2024-Q4,2025-02-08,237244.0,146989.0,74783.0,202655.0,78526.0,30141.0,56938.0,79036.0,-22098.0,Paid
VAT-305F15A4,GR0000000141,2024-Q1,2024-04-19,4592851.0,861160.0,287053.0,2785962.0,1071524.0,428609.0,1102284.0,1028663.0,73621.0,Paid
VAT-C957487F,GR0000000141,2024-Q2,2024-07-21,3407068.0,638825.0,212942.0,2037982.0,783839.0,313536.0,817696.0,752485.0,65211.0,Paid
VAT-5F60C861,GR0000000141,2024-Q3,2024-10-26,3596284.0,674303.0,224768.0,2061376.0,792837.0,317135.0,863108.0,761124.0,101985.0,Paid
VAT-70586DF6,GR0000000141,2024-Q4,2025-01-23,4433269.0,831238.0,277079.0,2355419.0,905931.0,362372.0,1063984.0,869693.0,194291.0,Paid
VAT-4EB98CB4,GR0000000142,2022-Q1,2022-04-22,69985.0,21196.0,11238.0,57743.0,20581.0,8254.0,16796.0,22086.0,-5289.0,Paid
VAT-6A07065C,GR0000000142,2022-Q2,2022-07-28,95744.0,29327.0,14886.0,73837.0,27415.0,10920.0,22978.0,29071.0,-6092.0,Paid
VAT-F1BD70DB,GR0000000142,2022-Q3,2022-10-18,80385.0,24270.0,12863.0,58820.0,21171.0,8336.0,19292.0,22420.0,-3127.0,Paid
VAT-12DB2239,GR0000000142,2022-Q4,2023-01-29,90956.0,27621.0,14770.0,69569.0,25774.0,10226.0,21830.0,26635.0,-4806.0,Paid
VAT-7EF2055E,GR0000000142,2023-Q1,2023-05-04,59718.0,17918.0,9183.0,41263.0,16020.0,6183.0,14332.0,16289.0,-1957.0,Paid
VAT-9438038F,GR0000000142,2023-Q2,2023-08-04,91738.0,27619.0,14852.0,65056.0,25274.0,9833.0,22017.0,25161.0,-3144.0,Paid
VAT-1F90E9D8,GR0000000142,2023-Q3,2023-10-16,76397.0,24838.0,12200.0,57347.0,20953.0,8069.0,18335.0,21896.0,-3561.0,Paid
VAT-6EA6AA70,GR0000000142,2023-Q4,2024-01-14,79679.0,24332.0,12402.0,59524.0,22285.0,8800.0,19123.0,22744.0,-3621.0,Paid
VAT-A9D24874,GR0000000142,2024-Q1,2024-04-23,86434.0,25728.0,13211.0,64537.0,24853.0,9678.0,20744.0,25581.0,-4837.0,Paid
VAT-29E793D9,GR0000000142,2024-Q2,2024-07-24,114653.0,34403.0,17850.0,83083.0,31358.0,12263.0,27517.0,32770.0,-5253.0,Paid
VAT-DF890647,GR0000000142,2024-Q3,2024-10-30,104133.0,31024.0,15425.0,72464.0,27033.0,10685.0,24992.0,28202.0,-3210.0,Paid
VAT-96D27E5B,GR0000000142,2024-Q4,2025-01-21,91369.0,28951.0,14714.0,71664.0,28294.0,10946.0,21929.0,28656.0,-6728.0,Paid
VAT-1014462C,GR0000000143,2022-Q1,2022-04-14,22458.0,6543.0,3360.0,18527.0,6886.0,2661.0,5390.0,7189.0,-1799.0,Paid
VAT-9F106EB8,GR0000000143,2022-Q2,2022-07-20,29499.0,9234.0,4728.0,26132.0,9556.0,3740.0,7080.0,9829.0,-2750.0,Paid
VAT-49104D25,GR0000000143,2022-Q3,2022-10-22,24232.0,7219.0,3758.0,18801.0,7354.0,2825.0,5816.0,7351.0,-1536.0,Paid
VAT-5E4AD38C,GR0000000143,2022-Q4,2023-02-08,24826.0,7285.0,3972.0,20697.0,7926.0,3085.0,5958.0,8203.0,-2245.0,Paid
VAT-CCE4AB1E,GR0000000143,2023-Q1,2023-04-16,10360.0,3057.0,1627.0,8067.0,2954.0,1152.0,2486.0,3072.0,-585.0,Paid
VAT-2B43461C,GR0000000143,2023-Q2,2023-07-23,12980.0,4038.0,2059.0,10119.0,3698.0,1463.0,3115.0,3832.0,-717.0,Paid
VAT-2240F163,GR0000000143,2023-Q3,2023-10-31,11084.0,3427.0,1697.0,8431.0,3178.0,1246.0,2660.0,3312.0,-652.0,Paid
VAT-257FFE09,GR0000000143,2023-Q4,2024-01-24,12178.0,3614.0,1856.0,10218.0,3837.0,1493.0,2923.0,4027.0,-1104.0,Paid
VAT-5B6E91BF,GR0000000143,2024-Q1,2024-04-18,14463.0,4470.0,2277.0,11860.0,4402.0,1740.0,3471.0,4455.0,-984.0,Paid
VAT-516DFA03,GR0000000143,2024-Q2,2024-07-22,19071.0,6157.0,3095.0,15043.0,5474.0,2188.0,4577.0,5690.0,-1113.0,Paid
VAT-705D4B45,GR0000000143,2024-Q3,2024-10-19,18271.0,5329.0,2863.0,14244.0,5280.0,2022.0,4385.0,5538.0,-1153.0,Paid
VAT-496042CB,GR0000000143,2024-Q4,2025-01-25,19133.0,5619.0,2841.0,16454.0,6019.0,2333.0,4592.0,6168.0,-1576.0,Paid
VAT-877018A1,GR0000000144,2024-Q1,2024-04-26,180157.0,43653.0,15708.0,140334.0,51024.0,19286.0,43238.0,60715.0,-17478.0,Paid
VAT-9EE980AF,GR0000000144,2024-Q2,2024-08-18,216529.0,47424.0,15784.0,195550.0,62813.0,23522.0,51967.0,82268.0,-30301.0,Paid
VAT-EE2FD1C9,GR0000000144,2024-Q3,2024-11-11,152788.0,40119.0,15027.0,124591.0,44149.0,16424.0,36669.0,51166.0,-14497.0,Paid
VAT-CBF97556,GR0000000144,2024-Q4,2025-03-13,372204.0,84651.0,28914.0,317762.0,107490.0,40592.0,89329.0,135106.0,-45777.0,Paid
VAT-C7BCDE3E,GR0000000145,2022-Q1,2022-04-19,74977.0,41599.0,17608.0,64706.0,24657.0,9081.0,17995.0,28884.0,-10890.0,Paid
VAT-9539B6B6,GR0000000145,2022-Q2,2022-08-08,121385.0,66557.0,28566.0,133320.0,45164.0,16724.0,29132.0,56503.0,-27370.0,Paid
VAT-FECB1EB7,GR0000000145,2022-Q3,2022-10-31,126672.0,70824.0,30953.0,130063.0,43834.0,17163.0,30401.0,55927.0,-25526.0,Paid
VAT-89C5AAEA,GR0000000145,2022-Q4,2023-01-25,96840.0,46589.0,18791.0,90005.0,31821.0,11738.0,23241.0,37394.0,-14153.0,Paid
VAT-6D6D707F,GR0000000145,2023-Q1,2023-06-05,43771.0,21356.0,8773.0,37871.0,13706.0,5020.0,10505.0,16033.0,-5528.0,Paid
VAT-88EF1B68,GR0000000145,2023-Q2,2023-07-28,56210.0,30289.0,12384.0,59109.0,21184.0,7509.0,13490.0,24514.0,-11023.0,Paid
VAT-05C2AED0,GR0000000145,2023-Q3,2023-10-29,55679.0,28741.0,12701.0,53491.0,19243.0,6818.0,13363.0,23763.0,-10400.0,Paid
VAT-5EDE69B8,GR0000000145,2023-Q4,2024-03-06,42280.0,19868.0,8146.0,41309.0,14243.0,5086.0,10147.0,18141.0,-7994.0,Paid
VAT-997C9A74,GR0000000145,2024-Q1,2024-05-26,30624.0,15083.0,5880.0,27344.0,9531.0,3469.0,7350.0,11563.0,-4213.0,Paid
VAT-D24C2367,GR0000000145,2024-Q2,2024-07-24,40784.0,22391.0,9023.0,44726.0,14232.0,5423.0,9788.0,18055.0,-8267.0,Paid
VAT-8D89B0B4,GR0000000145,2024-Q3,2024-11-30,37511.0,19919.0,8390.0,40481.0,13798.0,5044.0,9003.0,16641.0,-7638.0,Paid
VAT-99774833,GR0000000145,2024-Q4,2025-03-14,32075.0,13361.0,5855.0,30867.0,10780.0,3928.0,7698.0,12992.0,-5294.0,Paid
VAT-37654121,GR0000000146,2022-Q1,2022-04-25,250511.0,46971.0,15657.0,148429.0,57088.0,22835.0,60123.0,54805.0,5318.0,Paid
VAT-7A090B6C,GR0000000146,2022-Q2,2022-07-23,223937.0,41988.0,13996.0,128135.0,49283.0,19713.0,53745.0,47311.0,6433.0,Paid
VAT-25115B78,GR0000000146,2022-Q3,2022-10-24,202586.0,37985.0,12662.0,110321.0,42431.0,16972.0,48621.0,40734.0,7887.0,Paid
VAT-DC3D5EF1,GR0000000146,2022-Q4,2023-01-12,294122.0,55148.0,18383.0,174821.0,67239.0,26896.0,70589.0,64549.0,6040.0,Paid
VAT-5DBFEBBB,GR0000000146,2023-Q1,2023-04-22,301622.0,56554.0,18851.0,159814.0,61467.0,24587.0,72389.0,59008.0,13381.0,Paid
VAT-53A031A3,GR0000000146,2023-Q2,2023-07-17,225798.0,42337.0,14112.0,121131.0,46589.0,18636.0,54192.0,44725.0,9466.0,Paid
VAT-191A9A92,GR0000000146,2023-Q3,2023-10-13,240065.0,45012.0,15004.0,129551.0,49827.0,19931.0,57615.0,47834.0,9781.0,Paid
VAT-8BA6B865,GR0000000146,2023-Q4,2024-01-26,288812.0,54152.0,18051.0,157848.0,60711.0,24284.0,69315.0,58282.0,11033.0,Paid
VAT-2EE7A8AC,GR0000000146,2024-Q1,2024-04-22,239767.0,44956.0,14985.0,136208.0,52388.0,20955.0,57544.0,50292.0,7252.0,Partial
VAT-B1A01921,GR0000000146,2024-Q2,2024-07-19,185809.0,34839.0,11613.0,99666.0,38333.0,15333.0,44594.0,36800.0,7794.0,Partial
VAT-5F938A6F,GR0000000146,2024-Q3,2024-10-15,210451.0,39460.0,13153.0,112449.0,43250.0,17300.0,50508.0,41520.0,8989.0,Paid
VAT-7120F9FE,GR0000000146,2024-Q4,2025-01-15,256125.0,48023.0,16008.0,154480.0,59415.0,23766.0,61470.0,57039.0,4431.0,Paid
VAT-72F3C0DE,GR0000000147,2022-Q1,2022-05-24,1368230.0,1526502.0,1083320.0,2051694.0,691039.0,266364.0,328375.0,855671.0,-527295.0,Paid
VAT-87A72FE2,GR0000000147,2022-Q2,2022-08-31,1712914.0,1811456.0,1272797.0,2166767.0,865841.0,305176.0,411099.0,973766.0,-562667.0,Paid
VAT-DE2BAB53,GR0000000147,2022-Q3,2022-12-01,1282458.0,1608966.0,1233442.0,1874659.0,691242.0,257099.0,307790.0,831150.0,-523360.0,Paid
VAT-FF5E264B,GR0000000147,2022-Q4,2023-02-18,1814771.0,2161339.0,1539373.0,2727593.0,928361.0,337020.0,435545.0,1142182.0,-706637.0,Paid
VAT-7ED93C1D,GR0000000147,2023-Q1,2023-05-09,1025337.0,1105998.0,778475.0,1357070.0,507340.0,188735.0,246081.0,608582.0,-362501.0,Paid
VAT-C7A808B8,GR0000000147,2023-Q2,2023-08-14,1006177.0,1273217.0,994704.0,1556163.0,532036.0,190785.0,241483.0,636884.0,-395401.0,Paid
VAT-DC3F3143,GR0000000147,2023-Q3,2023-10-20,1432202.0,1400537.0,1065203.0,1835705.0,612070.0,222643.0,343728.0,738724.0,-394996.0,Paid
VAT-BF15B2E0,GR0000000147,2023-Q4,2024-02-27,1550130.0,1699774.0,1281522.0,1883134.0,681435.0,257821.0,372031.0,795578.0,-423547.0,Paid
VAT-2675D170,GR0000000147,2024-Q1,2024-04-28,502679.0,593980.0,441332.0,753951.0,258415.0,93654.0,120643.0,309399.0,-188756.0,Paid
VAT-A24C6010,GR0000000147,2024-Q2,2024-08-14,642094.0,870746.0,636039.0,1145542.0,381933.0,143936.0,154103.0,498180.0,-344077.0,Paid
VAT-B2F02335,GR0000000147,2024-Q3,2024-11-05,698352.0,802330.0,620458.0,1123634.0,376597.0,136665.0,167604.0,453983.0,-286379.0,Paid
VAT-B576C82C,GR0000000147,2024-Q4,2025-01-31,879993.0,978266.0,754287.0,1259854.0,408372.0,159318.0,211198.0,532765.0,-321566.0,Paid
VAT-39F6E68B,GR0000000148,2022-Q1,2022-04-22,66965.0,25756.0,10302.0,47313.0,18197.0,7279.0,16072.0,17469.0,-1398.0,Paid
VAT-B1660E3A,GR0000000148,2022-Q2,2022-07-26,92012.0,35389.0,14156.0,71369.0,27450.0,10980.0,22083.0,26352.0,-4269.0,Paid
VAT-782BFFB4,GR0000000148,2022-Q3,2022-10-17,90186.0,34687.0,13875.0,64823.0,24932.0,9973.0,21645.0,23935.0,-2290.0,Paid
VAT-64B9A3B6,GR0000000148,2022-Q4,2023-01-20,59150.0,22750.0,9100.0,45181.0,17377.0,6951.0,14196.0,16682.0,-2486.0,Paid
VAT-E9D52521,GR0000000148,2023-Q1,2023-04-10,28133.0,10820.0,4328.0,19822.0,7624.0,3049.0,6752.0,7319.0,-567.0,Paid
VAT-FC28039B,GR0000000148,2023-Q2,2023-07-16,44404.0,17079.0,6831.0,31497.0,12114.0,4846.0,10657.0,11630.0,-973.0,Paid
VAT-97987EA6,GR0000000148,2023-Q3,2023-10-17,50991.0,19612.0,7845.0,35737.0,13745.0,5498.0,12238.0,13195.0,-957.0,Paid
VAT-997BF31C,GR0000000148,2023-Q4,2024-01-15,31438.0,12091.0,4837.0,24370.0,9373.0,3749.0,7545.0,8998.0,-1453.0,Paid
VAT-6E899F3D,GR0000000148,2024-Q1,2024-04-14,36658.0,14099.0,5640.0,29230.0,11242.0,4497.0,8798.0,10793.0,-1995.0,Paid
VAT-BC613A1C,GR0000000148,2024-Q2,2024-07-23,50368.0,19372.0,7749.0,36926.0,14202.0,5681.0,12088.0,13634.0,-1546.0,Paid
VAT-CB77F72E,GR0000000148,2024-Q3,2024-10-23,48497.0,18653.0,7461.0,36383.0,13994.0,5597.0,11639.0,13434.0,-1795.0,Paid
VAT-F97BFD6B,GR0000000148,2024-Q4,2025-01-22,32843.0,12632.0,5053.0,23068.0,8872.0,3549.0,7882.0,8517.0,-635.0,Paid
VAT-0A16E704,GR0000000149,2022-Q1,2022-04-20,14537.0,7929.0,3965.0,11427.0,4395.0,1758.0,3489.0,4219.0,-730.0,Paid
VAT-87467FC7,GR0000000149,2022-Q2,2022-07-12,15524.0,8467.0,4234.0,12070.0,4642.0,1857.0,3726.0,4456.0,-731.0,Paid
VAT-3AFF060D,GR0000000149,2022-Q3,2022-10-24,16746.0,9134.0,4567.0,14750.0,5673.0,2269.0,4019.0,5446.0,-1427.0,Paid
VAT-886314E4,GR0000000149,2022-Q4,2023-01-19,15851.0,8646.0,4323.0,13833.0,5320.0,2128.0,3804.0,5108.0,-1303.0,Paid
VAT-0BFE228D,GR0000000149,2023-Q1,2023-04-15,34668.0,18910.0,9455.0,28464.0,10948.0,4379.0,8320.0,10510.0,-2190.0,Paid
VAT-68CAE0F2,GR0000000149,2023-Q2,2023-07-22,38257.0,20868.0,10434.0,30921.0,11893.0,4757.0,9182.0,11417.0,-2235.0,Paid
VAT-1EC1191A,GR0000000149,2023-Q3,2023-10-15,39108.0,21332.0,10666.0,32924.0,12663.0,5065.0,9386.0,12156.0,-2771.0,Paid
VAT-5F8D8F45,GR0000000149,2023-Q4,2024-01-13,38748.0,21135.0,10568.0,29949.0,11519.0,4608.0,9300.0,11058.0,-1758.0,Paid
VAT-75C44825,GR0000000149,2024-Q1,2024-04-23,12867.0,7018.0,3509.0,11341.0,4362.0,1745.0,3088.0,4188.0,-1099.0,Paid
VAT-9CDA36C4,GR0000000149,2024-Q2,2024-07-11,14538.0,7930.0,3965.0,11335.0,4360.0,1744.0,3489.0,4185.0,-696.0,Paid
VAT-D4E7C3BE,GR0000000149,2024-Q3,2024-10-26,13293.0,7251.0,3625.0,10436.0,4014.0,1605.0,3190.0,3853.0,-663.0,Paid
VAT-9019BDB4,GR0000000149,2024-Q4,2025-01-17,17269.0,9420.0,4710.0,14383.0,5532.0,2213.0,4145.0,5311.0,-1166.0,Paid
VAT-671C91B1,GR0000000150,2022-Q1,2022-04-15,26663.0,4999.0,1666.0,15532.0,5974.0,2390.0,6399.0,5735.0,664.0,Paid
VAT-D6434EEC,GR0000000150,2022-Q2,2022-07-24,20231.0,3793.0,1264.0,11967.0,4603.0,1841.0,4855.0,4419.0,437.0,Paid
VAT-B585C837,GR0000000150,2022-Q3,2022-10-24,17571.0,3295.0,1098.0,10095.0,3883.0,1553.0,4217.0,3727.0,490.0,Paid
VAT-6BDECCA0,GR0000000150,2022-Q4,2023-01-12,22398.0,4200.0,1400.0,13208.0,5080.0,2032.0,5375.0,4877.0,499.0,Paid
VAT-D2F35B9D,GR0000000150,2023-Q1,2023-04-22,48721.0,9135.0,3045.0,31557.0,12137.0,4855.0,11693.0,11652.0,41.0,Paid
VAT-12BDA0D5,GR0000000150,2023-Q2,2023-07-15,43276.0,8114.0,2705.0,27634.0,10628.0,4251.0,10386.0,10203.0,183.0,Paid
VAT-7E10F4B9,GR0000000150,2023-Q3,2023-10-22,41454.0,7773.0,2591.0,25062.0,9639.0,3856.0,9949.0,9254.0,695.0,Paid
VAT-2BC14D2F,GR0000000150,2023-Q4,2024-01-16,47537.0,8913.0,2971.0,28480.0,10954.0,4382.0,11409.0,10516.0,893.0,Paid
VAT-4E8B5138,GR0000000150,2024-Q1,2024-04-24,40642.0,7620.0,2540.0,25562.0,9832.0,3933.0,9754.0,9438.0,316.0,Paid
VAT-6ED85A51,GR0000000150,2024-Q2,2024-07-26,30382.0,5697.0,1899.0,17661.0,6793.0,2717.0,7292.0,6521.0,771.0,Paid
VAT-FDD0BC6E,GR0000000150,2024-Q3,2024-10-14,34291.0,6430.0,2143.0,19944.0,7671.0,3068.0,8230.0,7364.0,866.0,Paid
VAT-36B02D8B,GR0000000150,2024-Q4,2025-01-24,42076.0,7889.0,2630.0,24693.0,9497.0,3799.0,10098.0,9118.0,981.0,Paid
VAT-B2A6A937,GR0000000151,2022-Q1,2022-04-11,5518688.0,1034754.0,344918.0,2739289.0,1053573.0,421429.0,1324485.0,1011430.0,313055.0,Paid
VAT-D3CD03E2,GR0000000151,2022-Q2,2022-07-23,4067503.0,762657.0,254219.0,2286114.0,879275.0,351710.0,976201.0,844104.0,132097.0,Paid
VAT-CA4B4779,GR0000000151,2022-Q3,2022-10-13,4167788.0,781460.0,260487.0,2099344.0,807440.0,322976.0,1000269.0,775142.0,225127.0,Paid
VAT-92D28B7A,GR0000000151,2022-Q4,2023-01-16,5375590.0,1007923.0,335974.0,2770159.0,1065446.0,426178.0,1290142.0,1022828.0,267314.0,Paid
VAT-281A7486,GR0000000151,2023-Q1,2023-04-21,5199208.0,974852.0,324951.0,2935308.0,1128965.0,451586.0,1247810.0,1083806.0,164004.0,Paid
VAT-892EE180,GR0000000151,2023-Q2,2023-07-20,4543346.0,851877.0,283959.0,2333077.0,897337.0,358935.0,1090403.0,861444.0,228959.0,Paid
VAT-DB4EEB28,GR0000000151,2023-Q3,2023-10-14,3999874.0,749976.0,249992.0,1970218.0,757776.0,303110.0,959970.0,727465.0,232505.0,Paid
VAT-CB7B71C1,GR0000000151,2023-Q4,2024-01-13,5466132.0,1024900.0,341633.0,3099341.0,1192054.0,476822.0,1311872.0,1144372.0,167500.0,Paid
VAT-E9CCE1DC,GR0000000151,2024-Q1,2024-04-17,4629956.0,868117.0,289372.0,2496239.0,960092.0,384037.0,1111189.0,921688.0,189501.0,Paid
VAT-1AD49CFF,GR0000000151,2024-Q2,2024-07-24,3492240.0,654795.0,218265.0,1780186.0,684687.0,273875.0,838138.0,657299.0,180838.0,Paid
VAT-0C225C73,GR0000000151,2024-Q3,2024-10-12,4060266.0,761300.0,253767.0,2266815.0,871852.0,348741.0,974464.0,836978.0,137486.0,Paid
VAT-69AD8D59,GR0000000151,2024-Q4,2025-01-18,4837725.0,907073.0,302358.0,2430745.0,934902.0,373961.0,1161054.0,897506.0,263548.0,Paid
VAT-B89E72FF,GR0000000152,2022-Q1,2022-04-19,83156.0,34648.0,20789.0,66206.0,25464.0,10186.0,19957.0,24445.0,-4488.0,Paid
VAT-E57441E5,GR0000000152,2022-Q2,2022-07-13,94958.0,39566.0,23739.0,76964.0,29602.0,11841.0,22790.0,28418.0,-5628.0,Paid
VAT-AC1C5D58,GR0000000152,2022-Q3,2022-10-21,105263.0,43859.0,26316.0,90835.0,34937.0,13975.0,25263.0,33539.0,-8276.0,Paid
VAT-2044EAD8,GR0000000152,2022-Q4,2023-01-13,110906.0,46211.0,27727.0,88365.0,33987.0,13595.0,26617.0,32627.0,-6010.0,Paid
VAT-22CE2A01,GR0000000152,2023-Q1,2023-04-19,109343.0,45560.0,27336.0,83840.0,32246.0,12899.0,26242.0,30956.0,-4714.0,Paid
VAT-722C35B6,GR0000000152,2023-Q2,2023-07-22,128684.0,53618.0,32171.0,102099.0,39269.0,15707.0,30884.0,37698.0,-6814.0,Paid
VAT-F50AC587,GR0000000152,2023-Q3,2023-10-16,118703.0,49460.0,29676.0,90199.0,34692.0,13877.0,28489.0,33304.0,-4815.0,Paid
VAT-CAAC1ADD,GR0000000152,2023-Q4,2024-01-12,166863.0,69526.0,41716.0,143418.0,55161.0,22064.0,40047.0,52955.0,-12907.0,Paid
VAT-591AFFA6,GR0000000152,2024-Q1,2024-04-17,143980.0,59992.0,35995.0,117307.0,45118.0,18047.0,34555.0,43313.0,-8758.0,Paid
VAT-5109F0E4,GR0000000152,2024-Q2,2024-07-26,173386.0,72244.0,43346.0,150047.0,57710.0,23084.0,41613.0,55402.0,-13789.0,Paid
VAT-9D717168,GR0000000152,2024-Q3,2024-10-22,190507.0,79378.0,47627.0,157559.0,60600.0,24240.0,45722.0,58176.0,-12454.0,Paid
VAT-9E012484,GR0000000152,2024-Q4,2025-01-23,223508.0,93128.0,55877.0,170377.0,65530.0,26212.0,53642.0,62908.0,-9267.0,Paid
VAT-BF7B401B,GR0000000153,2022-Q1,2022-04-13,373667.0,326959.0,233542.0,347089.0,133496.0,53398.0,89680.0,128156.0,-38476.0,Paid
VAT-1DEEAB9F,GR0000000153,2022-Q2,2022-07-20,417394.0,365220.0,260871.0,437643.0,168324.0,67330.0,100175.0,161591.0,-61416.0,Paid
VAT-03D1B4E1,GR0000000153,2022-Q3,2022-10-26,462698.0,404860.0,289186.0,441375.0,169760.0,67904.0,111047.0,162969.0,-51922.0,Paid
VAT-6A75725F,GR0000000153,2022-Q4,2023-01-15,563565.0,493119.0,352228.0,505169.0,194296.0,77718.0,135256.0,186524.0,-51268.0,Paid
VAT-2C004F1D,GR0000000153,2023-Q1,2023-04-11,292694.0,256107.0,182934.0,281289.0,108188.0,43275.0,70247.0,103860.0,-33614.0,Paid
VAT-5778755F,GR0000000153,2023-Q2,2023-07-15,339118.0,296728.0,211948.0,322495.0,124037.0,49615.0,81388.0,119075.0,-37687.0,Paid
VAT-E088ACE5,GR0000000153,2023-Q3,2023-10-13,363908.0,318420.0,227443.0,356181.0,136993.0,54797.0,87338.0,131513.0,-44175.0,Paid
VAT-8EF6243D,GR0000000153,2023-Q4,2024-01-16,422987.0,370113.0,264367.0,385838.0,148399.0,59360.0,101517.0,142463.0,-40946.0,Paid
VAT-439915BB,GR0000000153,2024-Q1,2024-04-12,241940.0,211697.0,151212.0,231235.0,88937.0,35575.0,58066.0,85379.0,-27314.0,Paid
VAT-7617B6A4,GR0000000153,2024-Q2,2024-07-13,318761.0,278916.0,199225.0,317738.0,122207.0,48883.0,76503.0,117319.0,-40816.0,Paid
VAT-4ECEC1B8,GR0000000153,2024-Q3,2024-10-23,302495.0,264683.0,189059.0,319282.0,122801.0,49120.0,72599.0,117889.0,-45290.0,Paid
VAT-593A7322,GR0000000153,2024-Q4,2025-01-23,395436.0,346007.0,247148.0,359181.0,138147.0,55259.0,94905.0,132621.0,-37716.0,Paid
VAT-68F00B93,GR0000000154,2022-Q1,2022-04-22,437217.0,81978.0,27326.0,271173.0,104297.0,41719.0,104932.0,100125.0,4807.0,Paid
VAT-4232155D,GR0000000154,2022-Q2,2022-07-25,413206.0,77476.0,25825.0,257428.0,99011.0,39604.0,99169.0,95050.0,4119.0,Paid
VAT-174C8FCD,GR0000000154,2022-Q3,2022-10-20,350164.0,65656.0,21885.0,205497.0,79037.0,31615.0,84039.0,75876.0,8164.0,Paid
VAT-6F68912A,GR0000000154,2022-Q4,2023-01-14,508226.0,95292.0,31764.0,293782.0,112993.0,45197.0,121974.0,108473.0,13501.0,Paid
VAT-39D11A3A,GR0000000154,2023-Q1,2023-04-13,334602.0,62738.0,20913.0,190512.0,73274.0,29309.0,80305.0,70343.0,9962.0,Paid
VAT-4E4EF29A,GR0000000154,2023-Q2,2023-07-19,233964.0,43868.0,14623.0,142716.0,54891.0,21956.0,56151.0,52695.0,3456.0,Paid
VAT-6AACDA72,GR0000000154,2023-Q3,2023-10-18,255339.0,47876.0,15959.0,151601.0,58308.0,23323.0,61281.0,55976.0,5305.0,Paid
VAT-9C4F251A,GR0000000154,2023-Q4,2024-01-13,304730.0,57137.0,19046.0,189986.0,73071.0,29229.0,73135.0,70149.0,2987.0,Paid
VAT-8E486806,GR0000000154,2024-Q1,2024-04-15,241755.0,45329.0,15110.0,144080.0,55416.0,22166.0,58021.0,53199.0,4822.0,Partial
VAT-50136A9A,GR0000000154,2024-Q2,2024-07-13,159175.0,29845.0,9948.0,93658.0,36022.0,14409.0,38202.0,34581.0,3620.0,Partial
VAT-852A9A9D,GR0000000154,2024-Q3,2024-10-20,158949.0,29803.0,9934.0,98361.0,37831.0,15132.0,38148.0,36318.0,1830.0,Paid
VAT-592B6549,GR0000000154,2024-Q4,2025-01-25,236457.0,44336.0,14779.0,149880.0,57646.0,23058.0,56750.0,55340.0,1409.0,Paid
VAT-C7FCB843,GR0000000155,2022-Q1,2022-04-15,136898.0,25668.0,8556.0,89176.0,34298.0,13719.0,32855.0,32926.0,-71.0,Paid
VAT-FF85EE0C,GR0000000155,2022-Q2,2022-07-13,151904.0,28482.0,9494.0,95417.0,36699.0,14680.0,36457.0,35231.0,1226.0,Paid
VAT-A2FC258B,GR0000000155,2022-Q3,2022-10-22,161992.0,30373.0,10124.0,105351.0,40519.0,16208.0,38878.0,38899.0,-21.0,Paid
VAT-6E8E70F4,GR0000000155,2022-Q4,2023-01-14,276448.0,51834.0,17278.0,187396.0,72075.0,28830.0,66348.0,69192.0,-2845.0,Paid
VAT-62C36821,GR0000000155,2023-Q1,2023-04-19,124438.0,23332.0,7777.0,76772.0,29528.0,11811.0,29865.0,28347.0,1518.0,Paid
VAT-1D1CAFE1,GR0000000155,2023-Q2,2023-07-26,115529.0,21662.0,7221.0,76304.0,29348.0,11739.0,27727.0,28174.0,-447.0,Paid
VAT-CC75B1F3,GR0000000155,2023-Q3,2023-10-22,122632.0,22993.0,7664.0,75006.0,28848.0,11539.0,29432.0,27695.0,1737.0,Paid
VAT-F74ED908,GR0000000155,2023-Q4,2024-01-24,264475.0,49589.0,16530.0,173452.0,66712.0,26685.0,63474.0,64044.0,-570.0,Paid
VAT-EAC984E2,GR0000000155,2024-Q1,2024-04-14,124799.0,23400.0,7800.0,77941.0,29977.0,11991.0,29952.0,28778.0,1174.0,Paid
VAT-B89C3551,GR0000000155,2024-Q2,2024-07-19,144348.0,27065.0,9022.0,91444.0,35171.0,14068.0,34644.0,33764.0,879.0,Paid
VAT-6C46AFA8,GR0000000155,2024-Q3,2024-10-19,151222.0,28354.0,9451.0,101075.0,38875.0,15550.0,36293.0,37320.0,-1027.0,Paid
VAT-0D858002,GR0000000155,2024-Q4,2025-01-14,283197.0,53099.0,17700.0,190299.0,73192.0,29277.0,67967.0,70264.0,-2297.0,Paid
VAT-A785834D,GR0000000156,2022-Q1,2022-04-22,197825.0,37092.0,12364.0,114296.0,43960.0,17584.0,47478.0,42202.0,5276.0,Paid
VAT-3B1A63CC,GR0000000156,2022-Q2,2022-07-23,143857.0,26973.0,8991.0,83070.0,31950.0,12780.0,34526.0,30672.0,3854.0,Paid
VAT-B362A090,GR0000000156,2022-Q3,2022-10-21,163741.0,30701.0,10234.0,94362.0,36293.0,14517.0,39298.0,34841.0,4456.0,Paid
VAT-CE1D78FD,GR0000000156,2022-Q4,2023-01-15,196605.0,36863.0,12288.0,126399.0,48615.0,19446.0,47185.0,46670.0,515.0,Paid
VAT-A29A5A54,GR0000000156,2023-Q1,2023-04-23,283908.0,53233.0,17744.0,166323.0,63971.0,25588.0,68138.0,61412.0,6726.0,Paid
VAT-1BA9C42D,GR0000000156,2023-Q2,2023-07-16,256757.0,48142.0,16047.0,159247.0,61249.0,24500.0,61622.0,58799.0,2823.0,Paid
VAT-2E96269F,GR0000000156,2023-Q3,2023-10-21,238250.0,44672.0,14891.0,138985.0,53456.0,21382.0,57180.0,51318.0,5862.0,Paid
VAT-B36B3295,GR0000000156,2023-Q4,2024-01-21,307718.0,57697.0,19232.0,191508.0,73657.0,29463.0,73852.0,70711.0,3142.0,Paid
VAT-BA1DA4AF,GR0000000156,2024-Q1,2024-04-25,458093.0,85893.0,28631.0,266436.0,102475.0,40990.0,109942.0,98376.0,11566.0,Paid
VAT-C93D15C8,GR0000000156,2024-Q2,2024-07-23,310352.0,58191.0,19397.0,181375.0,69760.0,27904.0,74484.0,66969.0,7515.0,Paid
VAT-C9AAE2D5,GR0000000156,2024-Q3,2024-10-26,325516.0,61034.0,20345.0,198837.0,76476.0,30590.0,78124.0,73417.0,4707.0,Paid
VAT-4C816E93,GR0000000156,2024-Q4,2025-01-20,414633.0,77744.0,25915.0,265026.0,101933.0,40773.0,99512.0,97856.0,1656.0,Paid
VAT-B21FE1EB,GR0000000157,2022-Q1,2022-04-21,419859.0,49395.0,24698.0,185179.0,71223.0,28489.0,100766.0,68374.0,32392.0,Paid
VAT-9A873434,GR0000000157,2022-Q2,2022-07-24,429702.0,50553.0,25277.0,192181.0,73916.0,29566.0,103129.0,70959.0,32169.0,Paid
VAT-0E5525D3,GR0000000157,2022-Q3,2022-10-17,420109.0,49425.0,24712.0,191697.0,73730.0,29492.0,100826.0,70780.0,30046.0,Paid
VAT-B1B01545,GR0000000157,2022-Q4,2023-01-13,465325.0,54744.0,27372.0,213952.0,82289.0,32916.0,111678.0,78998.0,32680.0,Paid
VAT-4B531086,GR0000000157,2023-Q1,2023-04-17,520629.0,61250.0,30625.0,257265.0,98948.0,39579.0,124951.0,94990.0,29961.0,Paid
VAT-E261D713,GR0000000157,2023-Q2,2023-07-17,518400.0,60988.0,30494.0,224600.0,86384.0,34554.0,124416.0,82929.0,41487.0,Paid
VAT-0439B0A2,GR0000000157,2023-Q3,2023-10-11,575432.0,67698.0,33849.0,261094.0,100421.0,40168.0,138104.0,96404.0,41700.0,Paid
VAT-47F58161,GR0000000157,2023-Q4,2024-01-18,597647.0,70311.0,35156.0,288652.0,111020.0,44408.0,143435.0,106579.0,36856.0,Paid
VAT-A497C654,GR0000000157,2024-Q1,2024-04-23,523474.0,61585.0,30793.0,238157.0,91599.0,36640.0,125634.0,87935.0,37699.0,Paid
VAT-F1C89AD0,GR0000000157,2024-Q2,2024-07-18,505232.0,59439.0,29720.0,235169.0,90449.0,36180.0,121256.0,86831.0,34424.0,Paid
VAT-85F79B20,GR0000000157,2024-Q3,2024-10-15,519359.0,61101.0,30551.0,234255.0,90098.0,36039.0,124646.0,86494.0,38152.0,Paid
VAT-1C78522A,GR0000000157,2024-Q4,2025-01-16,499559.0,58772.0,29386.0,226512.0,87120.0,34848.0,119894.0,83635.0,36259.0,Paid
VAT-67C1288B,GR0000000158,2022-Q1,2022-04-15,401398.0,143356.0,28671.0,153649.0,59096.0,23638.0,96335.0,56732.0,39603.0,Paid
VAT-88AB2BC7,GR0000000158,2022-Q2,2022-07-26,416190.0,148639.0,29728.0,182287.0,70110.0,28044.0,99886.0,67306.0,32580.0,Paid
VAT-6FAA3261,GR0000000158,2022-Q3,2022-10-16,430001.0,153572.0,30714.0,195601.0,75231.0,30092.0,103200.0,72222.0,30979.0,Paid
VAT-B488C406,GR0000000158,2022-Q4,2023-01-14,495415.0,176934.0,35387.0,197058.0,75792.0,30317.0,118900.0,72760.0,46140.0,Paid
VAT-7E109D9C,GR0000000158,2023-Q1,2023-04-23,429007.0,153217.0,30643.0,182210.0,70081.0,28032.0,102962.0,67277.0,35684.0,Paid
VAT-9FD94381,GR0000000158,2023-Q2,2023-07-13,480255.0,171520.0,34304.0,192552.0,74059.0,29623.0,115261.0,71096.0,44165.0,Paid
VAT-3144FAD4,GR0000000158,2023-Q3,2023-10-20,494993.0,176783.0,35357.0,186137.0,71591.0,28636.0,118798.0,68728.0,50071.0,Paid
VAT-52CB9967,GR0000000158,2023-Q4,2024-01-25,624490.0,223032.0,44606.0,289377.0,111299.0,44520.0,149878.0,106847.0,43031.0,Paid
VAT-48B2FC88,GR0000000158,2024-Q1,2024-04-25,472172.0,168633.0,33727.0,187876.0,72260.0,28904.0,113321.0,69369.0,43952.0,Paid
VAT-63D830E7,GR0000000158,2024-Q2,2024-07-26,497714.0,177755.0,35551.0,226998.0,87307.0,34923.0,119451.0,83815.0,35637.0,Paid
VAT-B2638CBC,GR0000000158,2024-Q3,2024-10-14,514308.0,183681.0,36736.0,192796.0,74152.0,29661.0,123434.0,71186.0,52248.0,Paid
VAT-561A925C,GR0000000158,2024-Q4,2025-01-25,628663.0,224523.0,44905.0,253199.0,97384.0,38954.0,150879.0,93489.0,57390.0,Paid
VAT-67C062D9,GR0000000159,2022-Q1,2022-04-15,726859.0,136286.0,45429.0,457912.0,176120.0,70448.0,174446.0,169075.0,5371.0,Paid
VAT-42CB21AA,GR0000000159,2022-Q2,2022-07-16,612467.0,114838.0,38279.0,372914.0,143429.0,57371.0,146992.0,137691.0,9301.0,Paid
VAT-900CA914,GR0000000159,2022-Q3,2022-10-17,564805.0,105901.0,35300.0,353193.0,135844.0,54337.0,135553.0,130410.0,5143.0,Paid
VAT-86CCE974,GR0000000159,2022-Q4,2023-01-23,702158.0,131655.0,43885.0,447450.0,172096.0,68838.0,168518.0,165212.0,3306.0,Paid
VAT-01209034,GR0000000159,2023-Q1,2023-04-15,495841.0,92970.0,30990.0,316712.0,121812.0,48725.0,119002.0,116940.0,2062.0,Paid
VAT-7FD7B612,GR0000000159,2023-Q2,2023-07-19,399854.0,74973.0,24991.0,232946.0,89595.0,35838.0,95965.0,86011.0,9954.0,Paid
VAT-CB78D61D,GR0000000159,2023-Q3,2023-10-15,450762.0,84518.0,28173.0,286262.0,110101.0,44040.0,108183.0,105697.0,2486.0,Paid
VAT-84BD75CB,GR0000000159,2023-Q4,2024-01-26,499718.0,93697.0,31232.0,322142.0,123901.0,49560.0,119932.0,118945.0,988.0,Paid
VAT-190DE933,GR0000000159,2024-Q1,2024-04-23,575141.0,107839.0,35946.0,339435.0,130552.0,52221.0,138034.0,125330.0,12704.0,Paid
VAT-260F7D9D,GR0000000159,2024-Q2,2024-07-14,501766.0,94081.0,31360.0,296383.0,113994.0,45597.0,120424.0,109434.0,10990.0,Paid
VAT-3E7C345C,GR0000000159,2024-Q3,2024-10-22,437761.0,82080.0,27360.0,269729.0,103742.0,41497.0,105063.0,99592.0,5470.0,Paid
VAT-2761D7AD,GR0000000159,2024-Q4,2025-01-16,658211.0,123414.0,41138.0,420451.0,161712.0,64685.0,157971.0,155243.0,2727.0,Paid
VAT-0C5BBF4A,GR0000000160,2022-Q1,2022-04-22,928287.0,265225.0,132612.0,648361.0,249370.0,99748.0,222789.0,239395.0,-16606.0,Paid
VAT-4D4AD960,GR0000000160,2022-Q2,2022-07-19,1412598.0,403599.0,201800.0,993990.0,382304.0,152922.0,339024.0,367012.0,-27988.0,Paid
VAT-3152779E,GR0000000160,2022-Q3,2022-10-11,1058165.0,302333.0,151166.0,783742.0,301439.0,120576.0,253960.0,289382.0,-35422.0,Paid
VAT-AD3C9F22,GR0000000160,2022-Q4,2023-01-16,1065377.0,304393.0,152197.0,768931.0,295743.0,118297.0,255690.0,283913.0,-28223.0,Paid
VAT-033FB1F6,GR0000000160,2023-Q1,2023-04-14,703993.0,201141.0,100570.0,494106.0,190041.0,76016.0,168958.0,182439.0,-13481.0,Paid
VAT-023EF14E,GR0000000160,2023-Q2,2023-07-19,973145.0,278041.0,139021.0,692137.0,266207.0,106483.0,233555.0,255558.0,-22004.0,Paid
VAT-CB78392B,GR0000000160,2023-Q3,2023-10-20,930060.0,265731.0,132866.0,664558.0,255599.0,102240.0,223214.0,245375.0,-22161.0,Paid
VAT-5DC04E39,GR0000000160,2023-Q4,2024-01-24,920378.0,262965.0,131483.0,681296.0,262037.0,104815.0,220891.0,251555.0,-30665.0,Paid
VAT-CBDDDEB1,GR0000000160,2024-Q1,2024-04-19,1511948.0,431985.0,215993.0,1051229.0,404319.0,161728.0,362868.0,388146.0,-25279.0,Paid
VAT-B4F7E54F,GR0000000160,2024-Q2,2024-07-16,2244479.0,641280.0,320640.0,1502400.0,577846.0,231138.0,538675.0,554732.0,-16057.0,Paid
VAT-2811E1F4,GR0000000160,2024-Q3,2024-10-16,1954532.0,558438.0,279219.0,1408469.0,541719.0,216687.0,469088.0,520050.0,-50962.0,Paid
VAT-67D8DF65,GR0000000160,2024-Q4,2025-01-17,2204178.0,629765.0,314883.0,1577730.0,606819.0,242728.0,529003.0,582546.0,-53544.0,Paid
VAT-5586AC52,GR0000000161,2022-Q1,2022-04-27,13091.0,4977.0,2080.0,10012.0,3665.0,1452.0,3142.0,3752.0,-611.0,Paid
VAT-0207443F,GR0000000161,2022-Q2,2022-07-29,20282.0,7984.0,3201.0,16419.0,5887.0,2316.0,4868.0,6282.0,-1414.0,Paid
VAT-F159598A,GR0000000161,2022-Q3,2022-11-04,16230.0,6676.0,2784.0,12749.0,4814.0,1888.0,3895.0,4820.0,-925.0,Paid
VAT-48FC60B3,GR0000000161,2022-Q4,2023-01-30,11115.0,4550.0,1876.0,9537.0,3557.0,1404.0,2668.0,3696.0,-1029.0,Paid
VAT-E2073D38,GR0000000161,2023-Q1,2023-04-24,11805.0,4626.0,1878.0,9194.0,3426.0,1367.0,2833.0,3574.0,-741.0,Paid
VAT-66D7C958,GR0000000161,2023-Q2,2023-08-04,15486.0,6423.0,2675.0,11773.0,4540.0,1787.0,3717.0,4578.0,-861.0,Paid
VAT-79DF8CE2,GR0000000161,2023-Q3,2023-11-02,17181.0,6573.0,2783.0,13067.0,4988.0,1928.0,4123.0,5042.0,-919.0,Paid
VAT-432A8540,GR0000000161,2023-Q4,2024-01-21,10963.0,4102.0,1762.0,9246.0,3395.0,1368.0,2631.0,3542.0,-911.0,Paid
VAT-2F679EF8,GR0000000161,2024-Q1,2024-04-30,6063.0,2508.0,1071.0,5181.0,1961.0,770.0,1455.0,1980.0,-525.0,Paid
VAT-75A635F8,GR0000000161,2024-Q2,2024-07-21,8772.0,3552.0,1496.0,6768.0,2534.0,987.0,2105.0,2603.0,-498.0,Paid
VAT-AD326DFF,GR0000000161,2024-Q3,2024-10-29,8774.0,3448.0,1400.0,6569.0,2523.0,985.0,2106.0,2581.0,-475.0,Paid
VAT-B00F3634,GR0000000161,2024-Q4,2025-01-23,5809.0,2247.0,944.0,5045.0,1846.0,725.0,1394.0,1924.0,-529.0,Paid
VAT-12D5A5D4,GR0000000162,2022-Q1,2022-04-17,10119130.0,5059565.0,1686522.0,4724049.0,1816942.0,726777.0,2428591.0,1744264.0,684327.0,Paid
VAT-C7731861,GR0000000162,2022-Q2,2022-07-16,30246893.0,15123446.0,5041149.0,15840356.0,6092445.0,2436978.0,7259254.0,5848747.0,1410508.0,Paid
VAT-FC1F2FDF,GR0000000162,2022-Q3,2022-10-12,42482488.0,21241244.0,7080415.0,21017011.0,8083466.0,3233386.0,10195797.0,7760127.0,2435670.0,Paid
VAT-4359E716,GR0000000162,2022-Q4,2023-01-15,22727623.0,11363812.0,3787937.0,10558744.0,4061056.0,1624422.0,5454630.0,3898613.0,1556016.0,Partial
VAT-0E94FCFB,GR0000000162,2023-Q1,2023-04-16,9599994.0,4799997.0,1599999.0,4808744.0,1849517.0,739807.0,2303999.0,1775536.0,528462.0,Paid
VAT-C2A8189D,GR0000000162,2023-Q2,2023-07-17,29875026.0,14937513.0,4979171.0,14521434.0,5585167.0,2234067.0,7170006.0,5361760.0,1808246.0,Paid
VAT-8ADC0AA7,GR0000000162,2023-Q3,2023-10-17,38149481.0,19074740.0,6358247.0,16595883.0,6383032.0,2553213.0,9155875.0,6127711.0,3028165.0,Paid
VAT-F15A8BB5,GR0000000162,2023-Q4,2024-01-17,17860696.0,8930348.0,2976783.0,9336845.0,3591094.0,1436438.0,4286567.0,3447451.0,839117.0,Paid
VAT-87B8BB7B,GR0000000162,2024-Q1,2024-04-24,10958290.0,5479145.0,1826382.0,5047081.0,1941185.0,776474.0,2629990.0,1863538.0,766452.0,Paid
VAT-888646B2,GR0000000162,2024-Q2,2024-07-17,29689930.0,14844965.0,4948322.0,15391365.0,5919756.0,2367902.0,7125583.0,5682965.0,1442618.0,Paid
VAT-4DA19D8F,GR0000000162,2024-Q3,2024-10-22,42637142.0,21318571.0,7106190.0,22881190.0,8800458.0,3520183.0,10232914.0,8448439.0,1784475.0,Paid
VAT-BC3F87C5,GR0000000162,2024-Q4,2025-01-22,23435617.0,11717809.0,3905936.0,12683920.0,4878431.0,1951372.0,5624548.0,4683293.0,941255.0,Paid
VAT-66F52851,GR0000000163,2022-Q1,2022-04-14,40377.0,35330.0,25235.0,40999.0,15769.0,6308.0,9690.0,15138.0,-5448.0,Paid
VAT-0CC74DC9,GR0000000163,2022-Q2,2022-07-14,45464.0,39781.0,28415.0,47449.0,18250.0,7300.0,10911.0,17520.0,-6608.0,Paid
VAT-E984E999,GR0000000163,2022-Q3,2022-10-23,46835.0,40980.0,29272.0,52460.0,20177.0,8071.0,11240.0,19370.0,-8130.0,Paid
VAT-D48479F6,GR0000000163,2022-Q4,2023-01-17,59231.0,51827.0,37019.0,63496.0,24422.0,9769.0,14215.0,23445.0,-9229.0,Paid
VAT-0984241B,GR0000000163,2023-Q1,2023-04-21,42284.0,36999.0,26428.0,45923.0,17663.0,7065.0,10148.0,16956.0,-6808.0,Paid
VAT-90CB0C0E,GR0000000163,2023-Q2,2023-07-20,55825.0,48846.0,34890.0,56697.0,21807.0,8723.0,13398.0,20934.0,-7536.0,Paid
VAT-D9BCEAEC,GR0000000163,2023-Q3,2023-10-13,60802.0,53202.0,38001.0,64759.0,24907.0,9963.0,14593.0,23911.0,-9318.0,Paid
VAT-4D0A9F64,GR0000000163,2023-Q4,2024-01-17,71992.0,62993.0,44995.0,73760.0,28369.0,11348.0,17278.0,27234.0,-9956.0,Paid
VAT-05D359A9,GR0000000163,2024-Q1,2024-04-12,36238.0,31708.0,22649.0,35897.0,13807.0,5523.0,8697.0,13254.0,-4557.0,Paid
VAT-E1C28E59,GR0000000163,2024-Q2,2024-07-12,51244.0,44838.0,32027.0,55743.0,21440.0,8576.0,12298.0,20582.0,-8283.0,Paid
VAT-A109F47B,GR0000000163,2024-Q3,2024-10-15,46844.0,40988.0,29277.0,49238.0,18938.0,7575.0,11243.0,18180.0,-6938.0,Paid
VAT-CF6C38E9,GR0000000163,2024-Q4,2025-01-13,53065.0,46432.0,33166.0,55762.0,21447.0,8579.0,12736.0,20589.0,-7853.0,Paid
VAT-5F8506D2,GR0000000164,2022-Q1,2022-05-05,7011697.0,807456.0,425962.0,2959007.0,1084868.0,421506.0,1682807.0,1123835.0,558972.0,Partial
VAT-E5D33273,GR0000000164,2022-Q2,2022-08-02,5929081.0,771137.0,393466.0,2658507.0,974908.0,384691.0,1422979.0,997358.0,425622.0,Paid
VAT-7E0C2819,GR0000000164,2022-Q3,2022-10-29,6591845.0,827967.0,426356.0,2907195.0,1134244.0,442294.0,1582043.0,1148160.0,433883.0,Unpaid
VAT-8138F4BF,GR0000000164,2022-Q4,2023-01-25,5415954.0,716824.0,362241.0,2229231.0,859679.0,336979.0,1299829.0,885381.0,414448.0,Paid
VAT-E422981E,GR0000000164,2023-Q1,2023-04-13,5484246.0,694991.0,349499.0,2286875.0,871342.0,346208.0,1316219.0,907619.0,408600.0,Paid
VAT-C6BC7873,GR0000000164,2023-Q2,2023-07-20,4946351.0,620162.0,311223.0,2186301.0,823905.0,326943.0,1187124.0,854761.0,332363.0,Paid
VAT-D89B970E,GR0000000164,2023-Q3,2023-10-25,4838411.0,617404.0,323128.0,2048753.0,771077.0,299837.0,1161219.0,797299.0,363920.0,Paid
VAT-0B045359,GR0000000164,2023-Q4,2024-01-27,4855775.0,617089.0,324407.0,2107258.0,821016.0,321156.0,1165386.0,820591.0,344795.0,Paid
VAT-5F3E2B8D,GR0000000164,2024-Q1,2024-04-26,3368644.0,408454.0,216862.0,1440524.0,533631.0,213580.0,808475.0,550045.0,258429.0,Partial
VAT-8F5D9A8C,GR0000000164,2024-Q2,2024-08-05,3779708.0,470545.0,251511.0,1608428.0,591754.0,233093.0,907130.0,620747.0,286383.0,Paid
VAT-91EB3D91,GR0000000164,2024-Q3,2024-10-21,3597633.0,415340.0,219538.0,1585434.0,586311.0,235740.0,863432.0,599729.0,263703.0,Partial
VAT-D2859210,GR0000000164,2024-Q4,2025-01-29,3977482.0,476108.0,243470.0,1605615.0,621742.0,238589.0,954596.0,635991.0,318604.0,Paid
VAT-4D04CD4A,GR0000000165,2022-Q1,2022-04-25,177167.0,50619.0,25310.0,130352.0,50135.0,20054.0,42520.0,48130.0,-5610.0,Paid
VAT-84A0A4F8,GR0000000165,2022-Q2,2022-07-16,307481.0,87852.0,43926.0,202937.0,78053.0,31221.0,73795.0,74930.0,-1135.0,Paid
VAT-33A4CF18,GR0000000165,2022-Q3,2022-10-12,241182.0,68909.0,34455.0,165225.0,63548.0,25419.0,57884.0,61006.0,-3123.0,Paid
VAT-F796ED05,GR0000000165,2022-Q4,2023-01-20,237902.0,67972.0,33986.0,158960.0,61138.0,24455.0,57096.0,58693.0,-1596.0,Paid
VAT-BB06B25F,GR0000000165,2023-Q1,2023-04-12,443803.0,126801.0,63400.0,322010.0,123850.0,49540.0,106513.0,118896.0,-12383.0,Paid
VAT-B25BAF9A,GR0000000165,2023-Q2,2023-07-20,690745.0,197356.0,98678.0,454502.0,174808.0,69923.0,165779.0,167816.0,-2037.0,Paid
VAT-3CBD59D1,GR0000000165,2023-Q3,2023-10-26,525232.0,150066.0,75033.0,372083.0,143109.0,57244.0,126056.0,137385.0,-11329.0,Paid
VAT-6A46F015,GR0000000165,2023-Q4,2024-01-23,582657.0,166473.0,83237.0,389739.0,149900.0,59960.0,139838.0,143904.0,-4066.0,Paid
VAT-B7EEE07A,GR0000000165,2024-Q1,2024-04-23,408176.0,116622.0,58311.0,278228.0,107011.0,42804.0,97962.0,102730.0,-4768.0,Paid
VAT-3B611321,GR0000000165,2024-Q2,2024-07-11,621867.0,177676.0,88838.0,415193.0,159690.0,63876.0,149248.0,153302.0,-4054.0,Paid
VAT-212169A3,GR0000000165,2024-Q3,2024-10-20,466938.0,133411.0,66705.0,328240.0,126246.0,50499.0,112065.0,121196.0,-9131.0,Paid
VAT-7C66D406,GR0000000165,2024-Q4,2025-01-11,471595.0,134742.0,67371.0,328470.0,126334.0,50534.0,113183.0,121281.0,-8098.0,Paid
VAT-D9836E4B,GR0000000166,2022-Q1,2022-04-11,349243.0,41087.0,20544.0,158305.0,60887.0,24355.0,83818.0,58451.0,25367.0,Paid
VAT-4D2E6A4F,GR0000000166,2022-Q2,2022-07-24,388311.0,45684.0,22842.0,180220.0,69315.0,27726.0,93195.0,66543.0,26652.0,Paid
VAT-274B3E24,GR0000000166,2022-Q3,2022-10-17,384979.0,45292.0,22646.0,164889.0,63419.0,25367.0,92395.0,60882.0,31513.0,Paid
VAT-A4045FF0,GR0000000166,2022-Q4,2023-01-25,381252.0,44853.0,22427.0,177886.0,68418.0,27367.0,91501.0,65681.0,25819.0,Paid
VAT-0977E8A5,GR0000000166,2023-Q1,2023-04-14,593274.0,69797.0,34898.0,252607.0,97157.0,38863.0,142386.0,93270.0,49116.0,Paid
VAT-D0345AA8,GR0000000166,2023-Q2,2023-07-17,683269.0,80385.0,40192.0,291282.0,112032.0,44813.0,163985.0,107550.0,56434.0,Paid
VAT-632C9547,GR0000000166,2023-Q3,2023-10-17,680966.0,80114.0,40057.0,307195.0,118152.0,47261.0,163432.0,113426.0,50006.0,Paid
VAT-092F9B30,GR0000000166,2023-Q4,2024-01-23,596711.0,70201.0,35101.0,277562.0,106755.0,42702.0,143211.0,102484.0,40726.0,Paid
VAT-A6AC1E69,GR0000000166,2024-Q1,2024-04-19,573353.0,67453.0,33727.0,255813.0,98390.0,39356.0,137605.0,94454.0,43151.0,Paid
VAT-AA9B5E87,GR0000000166,2024-Q2,2024-07-22,538679.0,63374.0,31687.0,234975.0,90375.0,36150.0,129283.0,86760.0,42523.0,Paid
VAT-5F7A5AC4,GR0000000166,2024-Q3,2024-10-16,473769.0,55738.0,27869.0,232744.0,89517.0,35807.0,113705.0,85936.0,27768.0,Paid
VAT-17E446C6,GR0000000166,2024-Q4,2025-01-25,514446.0,60523.0,30262.0,225639.0,86784.0,34714.0,123467.0,83313.0,40154.0,Paid
VAT-EE4DCF29,GR0000000167,2022-Q1,2022-04-24,259959.0,227465.0,162475.0,268070.0,103104.0,41242.0,62390.0,98980.0,-36589.0,Paid
VAT-D754FA60,GR0000000167,2022-Q2,2022-07-24,322344.0,282051.0,201465.0,364043.0,140017.0,56007.0,77363.0,134416.0,-57053.0,Paid
VAT-50DD6D70,GR0000000167,2022-Q3,2022-10-24,310342.0,271549.0,193964.0,347341.0,133593.0,53437.0,74482.0,128249.0,-53767.0,Paid
VAT-ABACEC70,GR0000000167,2022-Q4,2023-01-11,376882.0,329772.0,235551.0,425433.0,163628.0,65451.0,90452.0,157083.0,-66631.0,Paid
VAT-62837476,GR0000000167,2023-Q1,2023-04-14,130990.0,114617.0,81869.0,136901.0,52654.0,21062.0,31438.0,50548.0,-19110.0,Paid
VAT-46BC8F6E,GR0000000167,2023-Q2,2023-07-17,155886.0,136400.0,97429.0,171787.0,66072.0,26429.0,37413.0,63429.0,-26016.0,Paid
VAT-681C1B9F,GR0000000167,2023-Q3,2023-10-19,155675.0,136216.0,97297.0,152326.0,58587.0,23435.0,37362.0,56243.0,-18881.0,Paid
VAT-42CA252F,GR0000000167,2023-Q4,2024-01-25,206251.0,180470.0,128907.0,201978.0,77684.0,31074.0,49500.0,74577.0,-25076.0,Paid
VAT-44724716,GR0000000167,2024-Q1,2024-04-25,277209.0,242557.0,173255.0,295166.0,113526.0,45410.0,66530.0,108984.0,-42454.0,Paid
VAT-E0586966,GR0000000167,2024-Q2,2024-07-25,308090.0,269578.0,192556.0,319769.0,122988.0,49195.0,73942.0,118068.0,-44127.0,Paid
VAT-972F4C5E,GR0000000167,2024-Q3,2024-10-14,335116.0,293227.0,209448.0,364610.0,140234.0,56094.0,80428.0,134625.0,-54197.0,Paid
VAT-AB85413F,GR0000000167,2024-Q4,2025-01-13,384131.0,336115.0,240082.0,418306.0,160887.0,64355.0,92191.0,154452.0,-62260.0,Paid
VAT-5FC4F7EC,GR0000000168,2022-Q1,2022-04-14,9527108.0,1120836.0,560418.0,3534739.0,1359515.0,543806.0,2286506.0,1305135.0,981371.0,Paid
VAT-037D8C0A,GR0000000168,2022-Q2,2022-07-25,8708341.0,1024511.0,512255.0,3155299.0,1213576.0,485431.0,2090002.0,1165033.0,924968.0,Paid
VAT-84581911,GR0000000168,2022-Q3,2022-10-26,8712886.0,1025045.0,512523.0,3149587.0,1211380.0,484552.0,2091093.0,1162925.0,928168.0,Paid
VAT-9A3BD549,GR0000000168,2022-Q4,2023-01-25,9651836.0,1135510.0,567755.0,4052761.0,1558754.0,623502.0,2316441.0,1496404.0,820037.0,Paid
VAT-B2C64CA1,GR0000000168,2023-Q1,2023-04-20,11310270.0,1330620.0,665310.0,4136482.0,1590954.0,636382.0,2714465.0,1527316.0,1187149.0,Paid
VAT-38D28D01,GR0000000168,2023-Q2,2023-07-19,11511337.0,1354275.0,677137.0,4839851.0,1861481.0,744592.0,2762721.0,1787022.0,975699.0,Paid
VAT-6762038A,GR0000000168,2023-Q3,2023-10-14,9916558.0,1166654.0,583327.0,3775474.0,1452105.0,580842.0,2379974.0,1394021.0,985953.0,Paid
VAT-11B85CE1,GR0000000168,2023-Q4,2024-01-24,10025123.0,1179426.0,589713.0,3508375.0,1349375.0,539750.0,2406029.0,1295400.0,1110629.0,Paid
VAT-148B51AD,GR0000000168,2024-Q1,2024-04-18,14296614.0,1681955.0,840977.0,5404628.0,2078703.0,831481.0,3431187.0,1995555.0,1435632.0,Paid
VAT-A440AA67,GR0000000168,2024-Q2,2024-07-15,15813796.0,1860447.0,930223.0,6385305.0,2455886.0,982355.0,3795311.0,2357651.0,1437660.0,Paid
VAT-36B393C3,GR0000000168,2024-Q3,2024-10-19,16142420.0,1899108.0,949554.0,6205239.0,2386630.0,954652.0,3874181.0,2291165.0,1583016.0,Paid
VAT-B5128BD9,GR0000000168,2024-Q4,2025-01-23,16398270.0,1929208.0,964604.0,5710646.0,2196402.0,878561.0,3935585.0,2108546.0,1827038.0,Paid
VAT-01BF5F79,GR0000000169,2022-Q1,2022-04-21,142714.0,59464.0,35678.0,121234.0,46628.0,18651.0,34251.0,44763.0,-10512.0,Paid
VAT-80D0E601,GR0000000169,2022-Q2,2022-07-19,175526.0,73136.0,43882.0,138906.0,53425.0,21370.0,42126.0,51288.0,-9162.0,Paid
VAT-98CA8AFB,GR0000000169,2022-Q3,2022-10-20,163803.0,68251.0,40951.0,126396.0,48614.0,19445.0,39313.0,46669.0,-7356.0,Paid
VAT-0505EBBE,GR0000000169,2022-Q4,2023-01-22,193429.0,80595.0,48357.0,147435.0,56706.0,22682.0,46423.0,54438.0,-8015.0,Paid
VAT-2EC770D3,GR0000000169,2023-Q1,2023-04-25,130404.0,54335.0,32601.0,105937.0,40745.0,16298.0,31297.0,39115.0,-7819.0,Paid
VAT-16F0C508,GR0000000169,2023-Q2,2023-07-25,170067.0,70861.0,42517.0,133948.0,51518.0,20607.0,40816.0,49458.0,-8641.0,Paid
VAT-A6958702,GR0000000169,2023-Q3,2023-10-14,181218.0,75508.0,45305.0,143321.0,55124.0,22049.0,43492.0,52919.0,-9426.0,Paid
VAT-3BBB9535,GR0000000169,2023-Q4,2024-01-24,225263.0,93860.0,56316.0,172282.0,66262.0,26505.0,54063.0,63612.0,-9549.0,Paid
VAT-CA2CE031,GR0000000169,2024-Q1,2024-04-11,250683.0,104451.0,62671.0,191307.0,73580.0,29432.0,60164.0,70636.0,-10473.0,Paid
VAT-CE41DE6A,GR0000000169,2024-Q2,2024-07-20,285811.0,119088.0,71453.0,228485.0,87879.0,35152.0,68595.0,84364.0,-15769.0,Paid
VAT-70064EE9,GR0000000169,2024-Q3,2024-10-13,264446.0,110186.0,66111.0,215793.0,82997.0,33199.0,63467.0,79677.0,-16210.0,Paid
VAT-800CBC93,GR0000000169,2024-Q4,2025-01-17,342879.0,142866.0,85720.0,261179.0,100454.0,40181.0,82291.0,96435.0,-14145.0,Paid
VAT-82EE3B3C,GR0000000170,2024-Q1,2024-05-01,4627.0,2530.0,840.0,3261.0,1183.0,465.0,1110.0,1256.0,-146.0,Paid
VAT-12327C2E,GR0000000170,2024-Q2,2024-07-23,14692.0,7921.0,2696.0,8858.0,3429.0,1321.0,3526.0,3433.0,93.0,Paid
VAT-260484B0,GR0000000170,2024-Q3,2024-10-26,19905.0,10485.0,3432.0,12508.0,4908.0,1920.0,4777.0,4800.0,-22.0,Paid
VAT-A2E774ED,GR0000000170,2024-Q4,2025-01-18,8927.0,4820.0,1679.0,5490.0,2104.0,825.0,2143.0,2082.0,60.0,Paid
VAT-A506D4E4,GR0000000171,2022-Q1,2022-04-10,12427.0,6778.0,3389.0,10483.0,4032.0,1613.0,2983.0,3871.0,-888.0,Paid
VAT-1DFA3C9A,GR0000000171,2022-Q2,2022-07-20,14057.0,7667.0,3834.0,11477.0,4414.0,1766.0,3374.0,4238.0,-864.0,Paid
VAT-88B23446,GR0000000171,2022-Q3,2022-10-24,14132.0,7709.0,3854.0,11318.0,4353.0,1741.0,3392.0,4179.0,-787.0,Paid
VAT-8F208FBC,GR0000000171,2022-Q4,2023-01-16,17420.0,9502.0,4751.0,15344.0,5902.0,2361.0,4181.0,5666.0,-1485.0,Paid
VAT-8B7BD86D,GR0000000171,2023-Q1,2023-04-10,17248.0,9408.0,4704.0,13509.0,5196.0,2078.0,4140.0,4988.0,-848.0,Paid
VAT-5DD9130B,GR0000000171,2023-Q2,2023-07-21,18877.0,10296.0,5148.0,14828.0,5703.0,2281.0,4530.0,5475.0,-945.0,Paid
VAT-FE9DD178,GR0000000171,2023-Q3,2023-10-25,20974.0,11440.0,5720.0,16689.0,6419.0,2567.0,5034.0,6162.0,-1128.0,Paid
VAT-C5C72E1B,GR0000000171,2023-Q4,2024-01-25,21149.0,11536.0,5768.0,16706.0,6426.0,2570.0,5076.0,6169.0,-1093.0,Paid
VAT-E6601950,GR0000000171,2024-Q1,2024-04-18,13521.0,7375.0,3688.0,10484.0,4032.0,1613.0,3245.0,3871.0,-626.0,Paid
VAT-158200EB,GR0000000171,2024-Q2,2024-07-18,15161.0,8270.0,4135.0,13394.0,5152.0,2061.0,3639.0,4946.0,-1307.0,Paid
VAT-58CDFAE2,GR0000000171,2024-Q3,2024-10-26,14784.0,8064.0,4032.0,12542.0,4824.0,1930.0,3548.0,4631.0,-1083.0,Paid
VAT-0454C7CB,GR0000000171,2024-Q4,2025-01-15,17370.0,9474.0,4737.0,14452.0,5559.0,2223.0,4169.0,5336.0,-1168.0,Paid
VAT-3A514877,GR0000000172,2022-Q1,2022-04-22,26804.0,3153.0,1577.0,12321.0,4739.0,1896.0,6433.0,4549.0,1884.0,Paid
VAT-0EDEF4CC,GR0000000172,2022-Q2,2022-07-16,27924.0,3285.0,1643.0,12963.0,4986.0,1994.0,6702.0,4786.0,1916.0,Paid
VAT-7B56A1F3,GR0000000172,2022-Q3,2022-10-13,27184.0,3198.0,1599.0,11582.0,4455.0,1782.0,6524.0,4276.0,2248.0,Paid
VAT-660F0167,GR0000000172,2022-Q4,2023-01-17,29530.0,3474.0,1737.0,12743.0,4901.0,1960.0,7087.0,4705.0,2382.0,Paid
VAT-EBF878DE,GR0000000172,2023-Q1,2023-04-10,45045.0,5299.0,2650.0,22192.0,8535.0,3414.0,10811.0,8194.0,2617.0,Paid
VAT-300B36A5,GR0000000172,2023-Q2,2023-07-26,41184.0,4845.0,2423.0,17827.0,6856.0,2743.0,9884.0,6582.0,3302.0,Paid
VAT-F59424AE,GR0000000172,2023-Q3,2023-10-22,41808.0,4919.0,2459.0,20499.0,7884.0,3154.0,10034.0,7569.0,2465.0,Paid
VAT-B41E4DAF,GR0000000172,2023-Q4,2024-01-20,43885.0,5163.0,2581.0,21169.0,8142.0,3257.0,10532.0,7816.0,2716.0,Paid
VAT-9FB90E73,GR0000000172,2024-Q1,2024-04-19,13912.0,1637.0,818.0,6254.0,2405.0,962.0,3339.0,2309.0,1030.0,Paid
VAT-4A98AD80,GR0000000172,2024-Q2,2024-07-22,13193.0,1552.0,776.0,5933.0,2282.0,913.0,3166.0,2191.0,976.0,Partial
VAT-19815E0F,GR0000000172,2024-Q3,2024-10-24,13386.0,1575.0,787.0,6608.0,2542.0,1017.0,3213.0,2440.0,773.0,Partial
VAT-E3CC88BF,GR0000000172,2024-Q4,2025-01-19,12761.0,1501.0,751.0,5919.0,2276.0,911.0,3063.0,2185.0,877.0,Partial
VAT-6D64B7E1,GR0000000173,2022-Q1,2022-04-24,474364.0,88943.0,29648.0,293193.0,112767.0,45107.0,113847.0,108256.0,5591.0,Paid
VAT-9B46356F,GR0000000173,2022-Q2,2022-07-12,380243.0,71296.0,23765.0,226055.0,86944.0,34778.0,91258.0,83466.0,7792.0,Paid
VAT-6E72B6A8,GR0000000173,2022-Q3,2022-10-17,366077.0,68639.0,22880.0,235305.0,90502.0,36201.0,87859.0,86882.0,977.0,Paid
VAT-3805929E,GR0000000173,2022-Q4,2023-01-15,427293.0,80117.0,26706.0,251039.0,96553.0,38621.0,102550.0,92691.0,9859.0,Paid
VAT-451C2848,GR0000000173,2023-Q1,2023-04-12,731780.0,137209.0,45736.0,437717.0,168353.0,67341.0,175627.0,161618.0,14009.0,Paid
VAT-E832AF7A,GR0000000173,2023-Q2,2023-07-24,545623.0,102304.0,34101.0,350870.0,134950.0,53980.0,130949.0,129552.0,1397.0,Paid
VAT-52ADEA08,GR0000000173,2023-Q3,2023-10-19,519559.0,97417.0,32472.0,314452.0,120943.0,48377.0,124694.0,116105.0,8589.0,Paid
VAT-B328AF17,GR0000000173,2023-Q4,2024-01-22,729803.0,136838.0,45613.0,469967.0,180757.0,72303.0,175153.0,173526.0,1626.0,Paid
VAT-386BB2B2,GR0000000173,2024-Q1,2024-04-16,778835.0,146032.0,48677.0,464577.0,178684.0,71473.0,186921.0,171536.0,15384.0,Paid
VAT-7303BCA6,GR0000000173,2024-Q2,2024-07-13,585339.0,109751.0,36584.0,352935.0,135744.0,54298.0,140481.0,130314.0,10167.0,Partial
VAT-11A6CB87,GR0000000173,2024-Q3,2024-10-11,584411.0,109577.0,36526.0,362423.0,139393.0,55757.0,140259.0,133818.0,6441.0,Paid
VAT-2F7B5BD3,GR0000000173,2024-Q4,2025-01-21,735105.0,137832.0,45944.0,470437.0,180937.0,72375.0,176425.0,173700.0,2726.0,Paid
VAT-30F939CF,GR0000000174,2022-Q1,2022-04-22,28929.0,10332.0,2066.0,11085.0,4263.0,1705.0,6943.0,4093.0,2850.0,Paid
VAT-2289B10F,GR0000000174,2022-Q2,2022-07-13,31118.0,11114.0,2223.0,11627.0,4472.0,1789.0,7468.0,4293.0,3175.0,Paid
VAT-455BDD7F,GR0000000174,2022-Q3,2022-10-24,33021.0,11793.0,2359.0,12671.0,4873.0,1949.0,7925.0,4678.0,3247.0,Paid
VAT-6B679EB3,GR0000000174,2022-Q4,2023-01-14,42865.0,15309.0,3062.0,19520.0,7508.0,3003.0,10288.0,7208.0,3080.0,Paid
VAT-D3480424,GR0000000174,2023-Q1,2023-04-15,28444.0,10159.0,2032.0,12127.0,4664.0,1866.0,6827.0,4478.0,2349.0,Paid
VAT-D9807E0E,GR0000000174,2023-Q2,2023-07-25,30617.0,10935.0,2187.0,11582.0,4455.0,1782.0,7348.0,4276.0,3072.0,Paid
VAT-3349219A,GR0000000174,2023-Q3,2023-10-12,31556.0,11270.0,2254.0,14389.0,5534.0,2214.0,7573.0,5313.0,2260.0,Paid
VAT-EA5DA0B8,GR0000000174,2023-Q4,2024-01-13,33792.0,12069.0,2414.0,13459.0,5177.0,2071.0,8110.0,4970.0,3141.0,Paid
VAT-97BFCFAC,GR0000000174,2024-Q1,2024-04-23,30571.0,10918.0,2184.0,11787.0,4534.0,1813.0,7337.0,4352.0,2985.0,Paid
VAT-E2B35414,GR0000000174,2024-Q2,2024-07-15,32236.0,11513.0,2303.0,13991.0,5381.0,2152.0,7737.0,5166.0,2571.0,Paid
VAT-F9E695B3,GR0000000174,2024-Q3,2024-10-16,36246.0,12945.0,2589.0,14939.0,5746.0,2298.0,8699.0,5516.0,3183.0,Paid
VAT-7E30FEC1,GR0000000174,2024-Q4,2025-01-18,45048.0,16089.0,3218.0,20684.0,7955.0,3182.0,10811.0,7637.0,3174.0,Paid
VAT-934DBA50,GR0000000175,2022-Q1,2022-04-24,36840.0,15098.0,6063.0,29297.0,11020.0,4325.0,8842.0,11112.0,-2271.0,Paid
VAT-BCB11C4A,GR0000000175,2022-Q2,2022-07-17,53912.0,22921.0,9125.0,42499.0,15859.0,6276.0,12939.0,16355.0,-3416.0,Paid
VAT-10BED9F5,GR0000000175,2022-Q3,2022-10-31,58502.0,22448.0,9504.0,48779.0,18249.0,7280.0,14041.0,18823.0,-4782.0,Paid
VAT-2B95C70E,GR0000000175,2022-Q4,2023-01-15,41264.0,16923.0,6674.0,32646.0,11683.0,4641.0,9903.0,12659.0,-2755.0,Paid
VAT-F170E5EB,GR0000000175,2023-Q1,2023-04-23,11418.0,4948.0,1986.0,9466.0,3600.0,1426.0,2740.0,3699.0,-958.0,Paid
VAT-9C3B4FED,GR0000000175,2023-Q2,2023-08-07,19182.0,7861.0,3222.0,14953.0,5537.0,2182.0,4604.0,5797.0,-1193.0,Paid
VAT-89E75754,GR0000000175,2023-Q3,2023-10-19,19259.0,7578.0,3088.0,16302.0,6146.0,2385.0,4622.0,6422.0,-1799.0,Paid
VAT-7F9E2C48,GR0000000175,2023-Q4,2024-01-15,12636.0,5103.0,2170.0,10766.0,3979.0,1580.0,3033.0,4061.0,-1029.0,Paid
VAT-6684CD9D,GR0000000175,2024-Q1,2024-04-25,5171.0,2088.0,887.0,4342.0,1645.0,649.0,1241.0,1691.0,-450.0,Paid
VAT-98F830DC,GR0000000175,2024-Q2,2024-07-17,7137.0,2851.0,1156.0,6059.0,2277.0,891.0,1713.0,2341.0,-628.0,Paid
VAT-70A23880,GR0000000175,2024-Q3,2024-10-19,7179.0,2783.0,1159.0,5791.0,2200.0,860.0,1723.0,2289.0,-567.0,Paid
VAT-F75D9D9C,GR0000000175,2024-Q4,2025-02-07,5306.0,2066.0,872.0,4007.0,1494.0,585.0,1273.0,1525.0,-252.0,Paid
VAT-77EA4EF8,GR0000000176,2022-Q1,2022-04-21,96081.0,50066.0,17830.0,59672.0,22899.0,8875.0,23059.0,23504.0,-444.0,Paid
VAT-83015FAD,GR0000000176,2022-Q2,2022-07-19,263086.0,140097.0,46367.0,147203.0,53365.0,20689.0,63141.0,56128.0,7013.0,Paid
VAT-C357CD37,GR0000000176,2022-Q3,2022-10-18,369684.0,188794.0,63998.0,226402.0,83696.0,32715.0,88724.0,85560.0,3165.0,Paid
VAT-8F942F68,GR0000000176,2022-Q4,2023-01-15,172701.0,92708.0,32257.0,100854.0,37176.0,14583.0,41448.0,39274.0,2174.0,Paid
VAT-DB93F5A0,GR0000000176,2023-Q1,2023-04-29,41004.0,21605.0,7470.0,24682.0,9085.0,3516.0,9841.0,9548.0,293.0,Paid
VAT-16BF503F,GR0000000176,2023-Q2,2023-08-05,133866.0,65364.0,23854.0,81485.0,30852.0,11812.0,32128.0,31566.0,562.0,Paid
VAT-14D95EC9,GR0000000176,2023-Q3,2023-10-18,176039.0,88003.0,30882.0,99733.0,39135.0,15098.0,42249.0,38756.0,3493.0,Paid
VAT-E5099EF0,GR0000000176,2023-Q4,2024-01-24,99855.0,50028.0,17022.0,56267.0,21821.0,8542.0,23965.0,21802.0,2163.0,Paid
VAT-C9A4B87A,GR0000000176,2024-Q1,2024-04-18,40461.0,20930.0,7512.0,23527.0,9099.0,3540.0,9711.0,9349.0,362.0,Paid
VAT-CA75885D,GR0000000176,2024-Q2,2024-07-22,119253.0,61115.0,20723.0,72069.0,26147.0,10317.0,28621.0,27270.0,1351.0,Partial
VAT-0609823B,GR0000000176,2024-Q3,2024-10-29,152070.0,79497.0,28273.0,96974.0,36273.0,14357.0,36497.0,36905.0,-408.0,Paid
VAT-6EA86BEA,GR0000000176,2024-Q4,2025-01-18,71680.0,36387.0,12801.0,40072.0,15559.0,6052.0,17203.0,15394.0,1809.0,Paid
VAT-418699EF,GR0000000177,2022-Q1,2022-04-25,7910171.0,3295905.0,1977543.0,5824375.0,2240144.0,896058.0,1898441.0,2150539.0,-252097.0,Paid
VAT-63E77624,GR0000000177,2022-Q2,2022-07-13,9130629.0,3804429.0,2282657.0,7414427.0,2851703.0,1140681.0,2191351.0,2737635.0,-546283.0,Paid
VAT-E6CEA74A,GR0000000177,2022-Q3,2022-10-18,10575730.0,4406554.0,2643933.0,8045685.0,3094494.0,1237798.0,2538175.0,2970714.0,-432539.0,Paid
VAT-8F486BC4,GR0000000177,2022-Q4,2023-01-15,11613901.0,4839125.0,2903475.0,8887493.0,3418266.0,1367307.0,2787336.0,3281536.0,-494200.0,Paid
VAT-9DD9DE93,GR0000000177,2023-Q1,2023-04-14,9567600.0,3986500.0,2391900.0,7275517.0,2798276.0,1119310.0,2296224.0,2686345.0,-390121.0,Paid
VAT-E7B0CD2F,GR0000000177,2023-Q2,2023-07-18,12277974.0,5115822.0,3069493.0,9273700.0,3566808.0,1426723.0,2946714.0,3424135.0,-477422.0,Paid
VAT-78458A6F,GR0000000177,2023-Q3,2023-10-20,13289973.0,5537489.0,3322493.0,10706251.0,4117789.0,1647116.0,3189594.0,3953077.0,-763484.0,Paid
VAT-5FDAF143,GR0000000177,2023-Q4,2024-01-22,16310263.0,6795943.0,4077566.0,11775344.0,4528978.0,1811591.0,3914463.0,4347819.0,-433356.0,Paid
VAT-FA288A09,GR0000000177,2024-Q1,2024-04-10,9128101.0,3803376.0,2282025.0,6494007.0,2497695.0,999078.0,2190744.0,2397787.0,-207043.0,Paid
VAT-C3CCDCB6,GR0000000177,2024-Q2,2024-07-26,10882379.0,4534325.0,2720595.0,8030645.0,3088710.0,1235484.0,2611771.0,2965161.0,-353390.0,Paid
VAT-A48A0EEE,GR0000000177,2024-Q3,2024-10-20,10540666.0,4391944.0,2635166.0,7649930.0,2942281.0,1176912.0,2529760.0,2824590.0,-294830.0,Paid
VAT-0B85DC2F,GR0000000177,2024-Q4,2025-01-23,12285268.0,5118862.0,3071317.0,9366545.0,3602517.0,1441007.0,2948464.0,3458417.0,-509952.0,Paid
VAT-15CD00C7,GR0000000178,2022-Q1,2022-04-14,277973.0,79421.0,39710.0,210013.0,80774.0,32310.0,66713.0,77543.0,-10830.0,Paid
VAT-F6DE925F,GR0000000178,2022-Q2,2022-07-19,393662.0,112475.0,56237.0,286767.0,110295.0,44118.0,94479.0,105883.0,-11404.0,Paid
VAT-DD15AF62,GR0000000178,2022-Q3,2022-10-26,357367.0,102105.0,51052.0,279671.0,107566.0,43026.0,85768.0,103263.0,-17495.0,Paid
VAT-0FEE9C13,GR0000000178,2022-Q4,2023-01-18,334909.0,95688.0,47844.0,242078.0,93107.0,37243.0,80378.0,89383.0,-9005.0,Paid
VAT-48EB2CE6,GR0000000178,2023-Q1,2023-04-13,173938.0,49696.0,24848.0,136225.0,52394.0,20958.0,41745.0,50299.0,-8554.0,Paid
VAT-C29DFFC4,GR0000000178,2023-Q2,2023-07-20,237506.0,67859.0,33929.0,167115.0,64275.0,25710.0,57002.0,61704.0,-4702.0,Paid
VAT-A63AAA09,GR0000000178,2023-Q3,2023-10-22,210102.0,60029.0,30015.0,148330.0,57050.0,22820.0,50424.0,54768.0,-4344.0,Paid
VAT-8E1C5042,GR0000000178,2023-Q4,2024-01-20,195556.0,55873.0,27937.0,141275.0,54336.0,21735.0,46933.0,52163.0,-5230.0,Paid
VAT-13EE3CF2,GR0000000178,2024-Q1,2024-04-13,136760.0,39074.0,19537.0,99436.0,38245.0,15298.0,32822.0,36715.0,-3893.0,Paid
VAT-223BC83A,GR0000000178,2024-Q2,2024-07-18,198222.0,56635.0,28317.0,155840.0,59938.0,23975.0,47573.0,57541.0,-9968.0,Paid
VAT-B60C1097,GR0000000178,2024-Q3,2024-10-11,190114.0,54318.0,27159.0,136096.0,52344.0,20938.0,45627.0,50251.0,-4623.0,Paid
VAT-161B43E9,GR0000000178,2024-Q4,2025-01-26,182592.0,52169.0,26085.0,140444.0,54017.0,21607.0,43822.0,51856.0,-8034.0,Paid
VAT-287A2CC6,GR0000000179,2022-Q1,2022-04-20,75993.0,21712.0,10856.0,52750.0,20289.0,8115.0,18238.0,19477.0,-1239.0,Paid
VAT-828B39D7,GR0000000179,2022-Q2,2022-07-26,95346.0,27242.0,13621.0,64838.0,24938.0,9975.0,22883.0,23940.0,-1057.0,Paid
VAT-D7492834,GR0000000179,2022-Q3,2022-10-25,91777.0,26222.0,13111.0,60822.0,23393.0,9357.0,22026.0,22457.0,-431.0,Paid
VAT-9370991B,GR0000000179,2022-Q4,2023-01-12,80409.0,22974.0,11487.0,55442.0,21324.0,8530.0,19298.0,20471.0,-1173.0,Paid
VAT-21B43714,GR0000000179,2023-Q1,2023-04-13,68629.0,19608.0,9804.0,47013.0,18082.0,7233.0,16471.0,17359.0,-888.0,Paid
VAT-DF926CE9,GR0000000179,2023-Q2,2023-07-14,99441.0,28412.0,14206.0,71158.0,27369.0,10947.0,23866.0,26274.0,-2408.0,Paid
VAT-8236253C,GR0000000179,2023-Q3,2023-10-15,90761.0,25932.0,12966.0,61622.0,23701.0,9480.0,21783.0,22753.0,-970.0,Paid
VAT-9C3B923F,GR0000000179,2023-Q4,2024-01-16,81802.0,23372.0,11686.0,57202.0,22001.0,8800.0,19632.0,21121.0,-1488.0,Paid
VAT-E5130D32,GR0000000179,2024-Q1,2024-04-17,71283.0,20367.0,10183.0,51043.0,19632.0,7853.0,17108.0,18846.0,-1739.0,Paid
VAT-50254132,GR0000000179,2024-Q2,2024-07-13,106108.0,30317.0,15158.0,74493.0,28651.0,11460.0,25466.0,27505.0,-2039.0,Paid
VAT-DB78FBBB,GR0000000179,2024-Q3,2024-10-11,90297.0,25799.0,12900.0,64521.0,24816.0,9926.0,21671.0,23823.0,-2152.0,Paid
VAT-F25E017B,GR0000000179,2024-Q4,2025-01-18,90133.0,25752.0,12876.0,64323.0,24740.0,9896.0,21632.0,23750.0,-2118.0,Paid
VAT-FA95CE3B,GR0000000180,2022-Q1,2022-04-14,10649725.0,3042779.0,1521389.0,7273750.0,2797596.0,1119038.0,2555934.0,2685692.0,-129758.0,Paid
VAT-DC13BAF0,GR0000000180,2022-Q2,2022-07-15,15587717.0,4453633.0,2226817.0,10462742.0,4024131.0,1609653.0,3741052.0,3863166.0,-122114.0,Paid
VAT-CFBB3F35,GR0000000180,2022-Q3,2022-10-20,12760171.0,3645763.0,1822882.0,8432711.0,3243350.0,1297340.0,3062441.0,3113616.0,-51175.0,Paid
VAT-E79C419A,GR0000000180,2022-Q4,2023-01-20,11910354.0,3402958.0,1701479.0,7611733.0,2927590.0,1171036.0,2858485.0,2810486.0,47999.0,Paid
VAT-2F88D7B9,GR0000000180,2023-Q1,2023-04-25,17855611.0,5101603.0,2550802.0,11749049.0,4518865.0,1807546.0,4285347.0,4338110.0,-52764.0,Paid
VAT-77244C05,GR0000000180,2023-Q2,2023-07-16,23022060.0,6577731.0,3288866.0,14096639.0,5421784.0,2168714.0,5525294.0,5204913.0,320381.0,Paid
VAT-6ECEC21F,GR0000000180,2023-Q3,2023-10-18,21019940.0,6005697.0,3002849.0,13668413.0,5257082.0,2102833.0,5044786.0,5046799.0,-2013.0,Paid
VAT-241F19FA,GR0000000180,2023-Q4,2024-01-26,21376882.0,6107680.0,3053840.0,14106920.0,5425738.0,2170295.0,5130452.0,5208709.0,-78257.0,Paid
VAT-05117EE3,GR0000000180,2024-Q1,2024-04-17,12398586.0,3542453.0,1771227.0,7799088.0,2999649.0,1199860.0,2975661.0,2879663.0,95997.0,Paid
VAT-FECD4BA3,GR0000000180,2024-Q2,2024-07-26,19588268.0,5596648.0,2798324.0,13392976.0,5151145.0,2060458.0,4701184.0,4945099.0,-243914.0,Paid
VAT-5568EE1D,GR0000000180,2024-Q3,2024-10-11,17020207.0,4862916.0,2431458.0,11848983.0,4557301.0,1822920.0,4084850.0,4375009.0,-290159.0,Paid
VAT-755B0BE1,GR0000000180,2024-Q4,2025-01-12,15533749.0,4438214.0,2219107.0,10082946.0,3878056.0,1551222.0,3728100.0,3722934.0,5166.0,Paid
VAT-C0820FCB,GR0000000181,2022-Q1,2022-04-25,1563219.0,558292.0,111658.0,597015.0,229621.0,91848.0,375173.0,220436.0,154736.0,Paid
VAT-3FB86A09,GR0000000181,2022-Q2,2022-07-21,1593447.0,569088.0,113818.0,646733.0,248744.0,99497.0,382427.0,238794.0,143634.0,Paid
VAT-E2151288,GR0000000181,2022-Q3,2022-10-13,1610698.0,575249.0,115050.0,648224.0,249317.0,99727.0,386568.0,239344.0,147223.0,Paid
VAT-C6C9DC47,GR0000000181,2022-Q4,2023-01-12,1664177.0,594349.0,118870.0,639368.0,245911.0,98364.0,399403.0,236074.0,163328.0,Paid
VAT-E4B02B51,GR0000000181,2023-Q1,2023-04-25,3106623.0,1109508.0,221902.0,1105617.0,425237.0,170095.0,745589.0,408228.0,337362.0,Paid
VAT-8E9B40CB,GR0000000181,2023-Q2,2023-07-16,3556598.0,1270213.0,254043.0,1452377.0,558606.0,223443.0,853583.0,536262.0,317321.0,Paid
VAT-CF09B20D,GR0000000181,2023-Q3,2023-10-15,3866363.0,1380844.0,276169.0,1441944.0,554594.0,221838.0,927927.0,532410.0,395517.0,Paid
VAT-BB839C74,GR0000000181,2023-Q4,2024-01-14,3999440.0,1428371.0,285674.0,1454451.0,559404.0,223762.0,959866.0,537028.0,422837.0,Paid
VAT-2E1AA8E7,GR0000000181,2024-Q1,2024-04-17,2784748.0,994553.0,198911.0,926756.0,356445.0,142578.0,668339.0,342187.0,326153.0,Paid
VAT-37AF764E,GR0000000181,2024-Q2,2024-07-18,2989566.0,1067702.0,213540.0,1140538.0,438669.0,175467.0,717496.0,421122.0,296374.0,Paid
VAT-1958CB6F,GR0000000181,2024-Q3,2024-10-13,3351627.0,1197010.0,239402.0,1143110.0,439658.0,175863.0,804390.0,422071.0,382319.0,Paid
VAT-485D3ABB,GR0000000181,2024-Q4,2025-01-26,3577425.0,1277652.0,255530.0,1266029.0,486934.0,194774.0,858582.0,467457.0,391125.0,Paid
VAT-8FA6C491,GR0000000182,2022-Q1,2022-04-11,124376.0,35536.0,17768.0,87637.0,33707.0,13483.0,29850.0,32358.0,-2508.0,Paid
VAT-2FF2C8D4,GR0000000182,2022-Q2,2022-07-24,200645.0,57327.0,28664.0,143135.0,55052.0,22021.0,48155.0,52850.0,-4695.0,Paid
VAT-74884EA9,GR0000000182,2022-Q3,2022-10-24,179656.0,51330.0,25665.0,128215.0,49314.0,19725.0,43118.0,47341.0,-4223.0,Paid
VAT-6AD61072,GR0000000182,2022-Q4,2023-01-26,154405.0,44116.0,22058.0,118525.0,45587.0,18235.0,37057.0,43763.0,-6706.0,Paid
VAT-BC05AC35,GR0000000182,2023-Q1,2023-04-18,151314.0,43233.0,21616.0,109704.0,42194.0,16878.0,36315.0,40506.0,-4191.0,Paid
VAT-4C844B32,GR0000000182,2023-Q2,2023-07-20,202457.0,57845.0,28922.0,155048.0,59634.0,23854.0,48590.0,57248.0,-8659.0,Paid
VAT-EC472AF4,GR0000000182,2023-Q3,2023-10-22,174329.0,49808.0,24904.0,126434.0,48628.0,19451.0,41839.0,46683.0,-4844.0,Paid
VAT-6936DE67,GR0000000182,2023-Q4,2024-01-14,163842.0,46812.0,23406.0,124844.0,48017.0,19207.0,39322.0,46096.0,-6774.0,Paid
VAT-26F98803,GR0000000182,2024-Q1,2024-04-19,188174.0,53764.0,26882.0,135816.0,52237.0,20895.0,45162.0,50148.0,-4986.0,Paid
VAT-95411729,GR0000000182,2024-Q2,2024-07-20,279994.0,79998.0,39999.0,199600.0,76769.0,30708.0,67198.0,73699.0,-6500.0,Paid
VAT-40B78D99,GR0000000182,2024-Q3,2024-10-17,242133.0,69181.0,34590.0,174460.0,67100.0,26840.0,58112.0,64416.0,-6304.0,Paid
VAT-CBAD74EE,GR0000000182,2024-Q4,2025-01-12,237629.0,67894.0,33947.0,171329.0,65896.0,26358.0,57031.0,63260.0,-6229.0,Paid
VAT-C1F50589,GR0000000183,2022-Q1,2022-04-25,14290.0,13280.0,9896.0,16556.0,6495.0,2509.0,3430.0,6483.0,-3054.0,Paid
VAT-34677FD2,GR0000000183,2022-Q2,2022-07-25,18653.0,16408.0,12279.0,21842.0,7900.0,3107.0,4477.0,8226.0,-3750.0,Paid
VAT-DE2913FD,GR0000000183,2022-Q3,2022-10-30,16547.0,15430.0,11915.0,18667.0,7046.0,2808.0,3971.0,7178.0,-3206.0,Paid
VAT-3C10A9A9,GR0000000183,2022-Q4,2023-01-29,21236.0,20056.0,15349.0,24587.0,9423.0,3688.0,5097.0,9727.0,-4631.0,Paid
VAT-DF901AAE,GR0000000183,2023-Q1,2023-04-23,14491.0,13059.0,9679.0,17786.0,6421.0,2537.0,3478.0,6719.0,-3242.0,Paid
VAT-7794925D,GR0000000183,2023-Q2,2023-08-09,18104.0,15849.0,11687.0,19895.0,7413.0,2852.0,4345.0,7466.0,-3121.0,Paid
VAT-B928237C,GR0000000183,2023-Q3,2023-10-17,21418.0,18996.0,13517.0,23467.0,9041.0,3516.0,5140.0,9039.0,-3899.0,Paid
VAT-5963676F,GR0000000183,2023-Q4,2024-01-27,22697.0,21115.0,15199.0,26507.0,10082.0,3959.0,5447.0,10441.0,-4993.0,Paid
VAT-26573F9F,GR0000000183,2024-Q1,2024-04-26,18181.0,16935.0,12476.0,21364.0,7794.0,3057.0,4364.0,8237.0,-3873.0,Paid
VAT-040F2B3A,GR0000000183,2024-Q2,2024-07-31,21795.0,18838.0,13952.0,23016.0,8804.0,3455.0,5231.0,8973.0,-3742.0,Paid
VAT-BBAEF60F,GR0000000183,2024-Q3,2024-10-27,21486.0,19844.0,14278.0,24602.0,9424.0,3659.0,5157.0,9656.0,-4499.0,Paid
VAT-CD32635D,GR0000000183,2024-Q4,2025-01-23,23541.0,22279.0,16439.0,29589.0,11017.0,4345.0,5650.0,11280.0,-5630.0,Paid
VAT-0346220F,GR0000000184,2022-Q1,2022-04-24,2189162.0,851489.0,369783.0,1637830.0,639975.0,249023.0,525399.0,625003.0,-99604.0,Paid
VAT-251EE5D7,GR0000000184,2022-Q2,2022-08-08,2954139.0,1271227.0,525153.0,2278437.0,841715.0,335461.0,708993.0,884999.0,-176006.0,Paid
VAT-F657D39B,GR0000000184,2022-Q3,2022-11-01,3579522.0,1419552.0,588735.0,2651563.0,942468.0,372940.0,859085.0,1000822.0,-141737.0,Paid
VAT-EF7EE0B6,GR0000000184,2022-Q4,2023-01-30,2338813.0,992197.0,398822.0,1850231.0,716233.0,278809.0,561315.0,718886.0,-157571.0,Paid
VAT-86B03407,GR0000000184,2023-Q1,2023-04-29,4788283.0,1968395.0,815701.0,3569002.0,1371090.0,540471.0,1149188.0,1382224.0,-233036.0,Paid
VAT-BBB2A962,GR0000000184,2023-Q2,2023-07-23,6537957.0,2563443.0,1120774.0,4729793.0,1772743.0,701071.0,1569110.0,1843557.0,-274448.0,Paid
VAT-8A3BB9B0,GR0000000184,2023-Q3,2023-10-31,7410552.0,3020678.0,1267527.0,5520762.0,2035899.0,790347.0,1778532.0,2120381.0,-341848.0,Paid
VAT-B4973E94,GR0000000184,2023-Q4,2024-01-31,4990726.0,1926277.0,805411.0,3524652.0,1353903.0,516974.0,1197774.0,1393823.0,-196049.0,Paid
VAT-CD9F3878,GR0000000184,2024-Q1,2024-04-29,3037687.0,1213000.0,491391.0,2258031.0,855536.0,329995.0,729045.0,873528.0,-144483.0,Paid
VAT-7D094EBC,GR0000000184,2024-Q2,2024-08-05,4322962.0,1780465.0,720331.0,3243550.0,1202902.0,464710.0,1037511.0,1253610.0,-216099.0,Paid
VAT-D0C79A0A,GR0000000184,2024-Q3,2024-10-31,4308625.0,1677218.0,722399.0,3238886.0,1233999.0,489392.0,1034070.0,1284787.0,-250717.0,Paid
VAT-BF387EEC,GR0000000184,2024-Q4,2025-01-31,2456518.0,1028023.0,427459.0,1859644.0,688264.0,269949.0,589564.0,716702.0,-127137.0,Paid
VAT-B98604BF,GR0000000185,2022-Q1,2022-04-10,301641.0,56558.0,18853.0,164467.0,63256.0,25303.0,72394.0,60726.0,11668.0,Paid
VAT-07A71E79,GR0000000185,2022-Q2,2022-07-14,261738.0,49076.0,16359.0,143668.0,55257.0,22103.0,62817.0,53047.0,9770.0,Paid
VAT-55C4F4EC,GR0000000185,2022-Q3,2022-10-24,228749.0,42891.0,14297.0,132543.0,50978.0,20391.0,54900.0,48939.0,5961.0,Paid
VAT-B83DEC28,GR0000000185,2022-Q4,2023-01-15,335107.0,62833.0,20944.0,179241.0,68939.0,27576.0,80426.0,66181.0,14244.0,Paid
VAT-0F97C3C6,GR0000000185,2023-Q1,2023-04-11,268901.0,50419.0,16806.0,142659.0,54869.0,21948.0,64536.0,52674.0,11862.0,Paid
VAT-4FF5EC42,GR0000000185,2023-Q2,2023-07-21,201804.0,37838.0,12613.0,116814.0,44928.0,17971.0,48433.0,43131.0,5302.0,Paid
VAT-A9221E1C,GR0000000185,2023-Q3,2023-10-13,220574.0,41358.0,13786.0,134337.0,51668.0,20667.0,52938.0,49601.0,3336.0,Paid
VAT-FE89A164,GR0000000185,2023-Q4,2024-01-17,264726.0,49636.0,16545.0,151777.0,58376.0,23350.0,63534.0,56041.0,7494.0,Paid
VAT-F0BF499A,GR0000000185,2024-Q1,2024-04-22,186302.0,34932.0,11644.0,99859.0,38407.0,15363.0,44713.0,36871.0,7842.0,Paid
VAT-CDEADE6B,GR0000000185,2024-Q2,2024-07-23,167603.0,31426.0,10475.0,96288.0,37034.0,14813.0,40225.0,35552.0,4672.0,Paid
VAT-9A21A4CD,GR0000000185,2024-Q3,2024-10-21,143195.0,26849.0,8950.0,84547.0,32518.0,13007.0,34367.0,31217.0,3149.0,Partial
VAT-F6F34AD2,GR0000000185,2024-Q4,2025-01-14,200956.0,37679.0,12560.0,115111.0,44274.0,17709.0,48229.0,42503.0,5727.0,Paid
VAT-7562601E,GR0000000186,2022-Q1,2022-04-22,40240.0,16767.0,10060.0,35591.0,13689.0,5476.0,9658.0,13141.0,-3484.0,Paid
VAT-37A8AC96,GR0000000186,2022-Q2,2022-07-16,57579.0,23991.0,14395.0,49916.0,19199.0,7679.0,13819.0,18431.0,-4612.0,Paid
VAT-8C980160,GR0000000186,2022-Q3,2022-10-14,50952.0,21230.0,12738.0,42641.0,16400.0,6560.0,12228.0,15744.0,-3516.0,Paid
VAT-F8EBE437,GR0000000186,2022-Q4,2023-01-14,67432.0,28097.0,16858.0,58404.0,22463.0,8985.0,16184.0,21564.0,-5381.0,Paid
VAT-B010D0A0,GR0000000186,2023-Q1,2023-04-20,37269.0,15529.0,9317.0,31896.0,12268.0,4907.0,8945.0,11777.0,-2833.0,Paid
VAT-873E853D,GR0000000186,2023-Q2,2023-07-26,49985.0,20827.0,12496.0,43498.0,16730.0,6692.0,11997.0,16061.0,-4064.0,Paid
VAT-37F53A33,GR0000000186,2023-Q3,2023-10-16,46450.0,19354.0,11613.0,41580.0,15992.0,6397.0,11148.0,15353.0,-4205.0,Paid
VAT-633F912E,GR0000000186,2023-Q4,2024-01-21,61084.0,25452.0,15271.0,54152.0,20828.0,8331.0,14660.0,19995.0,-5335.0,Paid
VAT-E4204F5F,GR0000000186,2024-Q1,2024-04-19,28534.0,11889.0,7134.0,25151.0,9674.0,3869.0,6848.0,9287.0,-2438.0,Paid
VAT-04089BA5,GR0000000186,2024-Q2,2024-07-19,39405.0,16419.0,9851.0,32608.0,12542.0,5017.0,9457.0,12040.0,-2583.0,Paid
VAT-D8AF952B,GR0000000186,2024-Q3,2024-10-24,38148.0,15895.0,9537.0,33473.0,12874.0,5150.0,9156.0,12359.0,-3204.0,Paid
VAT-1A8E3DA4,GR0000000186,2024-Q4,2025-01-13,45780.0,19075.0,11445.0,41885.0,16110.0,6444.0,10987.0,15465.0,-4478.0,Paid
VAT-D116B645,GR0000000187,2022-Q1,2022-04-23,81963.0,29273.0,5855.0,37688.0,14495.0,5798.0,19671.0,13916.0,5756.0,Paid
VAT-176EB9DF,GR0000000187,2022-Q2,2022-07-14,84196.0,30070.0,6014.0,35589.0,13688.0,5475.0,20207.0,13141.0,7067.0,Paid
VAT-8EA1C870,GR0000000187,2022-Q3,2022-10-21,89857.0,32092.0,6418.0,37195.0,14306.0,5722.0,21566.0,13734.0,7832.0,Paid
VAT-88DEC30A,GR0000000187,2022-Q4,2023-01-19,106491.0,38033.0,7607.0,41287.0,15879.0,6352.0,25558.0,15244.0,10314.0,Paid
VAT-71FDE522,GR0000000187,2023-Q1,2023-04-19,52942.0,18908.0,3782.0,22504.0,8655.0,3462.0,12706.0,8309.0,4397.0,Paid
VAT-96C82A5B,GR0000000187,2023-Q2,2023-07-12,49143.0,17551.0,3510.0,22770.0,8758.0,3503.0,11794.0,8407.0,3387.0,Paid
VAT-6DA6ADD1,GR0000000187,2023-Q3,2023-10-12,48840.0,17443.0,3489.0,20409.0,7850.0,3140.0,11722.0,7536.0,4186.0,Paid
VAT-3A26E2CA,GR0000000187,2023-Q4,2024-01-16,66421.0,23722.0,4744.0,30049.0,11557.0,4623.0,15941.0,11095.0,4846.0,Paid
VAT-5B9FD26D,GR0000000187,2024-Q1,2024-04-12,77912.0,27826.0,5565.0,35212.0,13543.0,5417.0,18699.0,13001.0,5698.0,Partial
VAT-A58D0026,GR0000000187,2024-Q2,2024-07-14,89476.0,31956.0,6391.0,33819.0,13007.0,5203.0,21474.0,12487.0,8987.0,Paid
VAT-737D2BB1,GR0000000187,2024-Q3,2024-10-18,78301.0,27965.0,5593.0,35506.0,13656.0,5462.0,18792.0,13110.0,5682.0,Paid
VAT-E8E23B54,GR0000000187,2024-Q4,2025-01-26,108667.0,38810.0,7762.0,44787.0,17226.0,6890.0,26080.0,16537.0,9543.0,Paid
VAT-7894B32F,GR0000000188,2022-Q1,2022-04-24,14571471.0,2732151.0,910717.0,7533801.0,2897616.0,1159046.0,3497153.0,2781711.0,715442.0,Paid
VAT-FA769479,GR0000000188,2022-Q2,2022-07-12,13336873.0,2500664.0,833555.0,6966153.0,2679290.0,1071716.0,3200850.0,2572118.0,628731.0,Paid
VAT-33E65B1F,GR0000000188,2022-Q3,2022-10-22,13378668.0,2508500.0,836167.0,7442880.0,2862646.0,1145058.0,3210880.0,2748140.0,462740.0,Paid
VAT-2AC896B7,GR0000000188,2022-Q4,2023-01-23,16697741.0,3130826.0,1043609.0,9119672.0,3507566.0,1403026.0,4007458.0,3367264.0,640194.0,Paid
VAT-4F99523E,GR0000000188,2023-Q1,2023-04-17,8819773.0,1653707.0,551236.0,4369240.0,1680477.0,672191.0,2116746.0,1613258.0,503488.0,Paid
VAT-4A280354,GR0000000188,2023-Q2,2023-07-24,6238273.0,1169676.0,389892.0,3273423.0,1259009.0,503603.0,1497186.0,1208648.0,288537.0,Paid
VAT-C584272B,GR0000000188,2023-Q3,2023-10-19,6374165.0,1195156.0,398385.0,3499447.0,1345941.0,538376.0,1529800.0,1292103.0,237696.0,Paid
VAT-16CB146D,GR0000000188,2023-Q4,2024-01-12,8522255.0,1597923.0,532641.0,4383560.0,1685985.0,674394.0,2045341.0,1618545.0,426796.0,Paid
VAT-8054DF71,GR0000000188,2024-Q1,2024-04-16,20145527.0,3777286.0,1259095.0,9863404.0,3793617.0,1517447.0,4834926.0,3641872.0,1193054.0,Paid
VAT-0984F0F2,GR0000000188,2024-Q2,2024-07-15,15886439.0,2978707.0,992902.0,8665997.0,3333076.0,1333230.0,3812745.0,3199753.0,612993.0,Paid
VAT-1E05E719,GR0000000188,2024-Q3,2024-10-21,15089490.0,2829279.0,943093.0,8052065.0,3096948.0,1238779.0,3621478.0,2973070.0,648408.0,Paid
VAT-51E71592,GR0000000188,2024-Q4,2025-01-12,19646323.0,3683686.0,1227895.0,10652313.0,4097043.0,1638817.0,4715117.0,3933162.0,781956.0,Paid
VAT-25B1E496,GR0000000189,2022-Q1,2022-04-17,17857.0,9740.0,4870.0,15061.0,5793.0,2317.0,4286.0,5561.0,-1275.0,Paid
VAT-FB047BCD,GR0000000189,2022-Q2,2022-07-26,17703.0,9656.0,4828.0,15380.0,5915.0,2366.0,4249.0,5679.0,-1430.0,Paid
VAT-562B093B,GR0000000189,2022-Q3,2022-10-17,19535.0,10656.0,5328.0,15349.0,5903.0,2361.0,4688.0,5667.0,-979.0,Paid
VAT-A86CC9C4,GR0000000189,2022-Q4,2023-01-26,22958.0,12522.0,6261.0,18339.0,7054.0,2821.0,5510.0,6771.0,-1262.0,Paid
VAT-24F1FEBF,GR0000000189,2023-Q1,2023-04-20,14920.0,8138.0,4069.0,13176.0,5068.0,2027.0,3581.0,4865.0,-1284.0,Paid
VAT-65CD2578,GR0000000189,2023-Q2,2023-07-22,17033.0,9291.0,4645.0,14266.0,5487.0,2195.0,4088.0,5268.0,-1180.0,Paid
VAT-EB2ED90C,GR0000000189,2023-Q3,2023-10-16,17847.0,9735.0,4867.0,14814.0,5698.0,2279.0,4283.0,5470.0,-1186.0,Paid
VAT-3C7484A7,GR0000000189,2023-Q4,2024-01-14,17842.0,9732.0,4866.0,15531.0,5973.0,2389.0,4282.0,5734.0,-1452.0,Paid
VAT-50C9753C,GR0000000189,2024-Q1,2024-04-13,12115.0,6608.0,3304.0,9327.0,3587.0,1435.0,2908.0,3444.0,-536.0,Paid
VAT-81B0C5F8,GR0000000189,2024-Q2,2024-07-24,12894.0,7033.0,3517.0,10427.0,4010.0,1604.0,3095.0,3850.0,-755.0,Paid
VAT-2D2C6715,GR0000000189,2024-Q3,2024-10-17,13877.0,7569.0,3785.0,10999.0,4230.0,1692.0,3331.0,4061.0,-731.0,Paid
VAT-3A7F2437,GR0000000189,2024-Q4,2025-01-22,14461.0,7888.0,3944.0,11584.0,4455.0,1782.0,3471.0,4277.0,-807.0,Paid
VAT-2AC736EE,GR0000000190,2022-Q1,2022-04-20,6331899.0,2455958.0,502448.0,1991139.0,735274.0,286173.0,1519656.0,763659.0,755997.0,Paid
VAT-E3B7DBE9,GR0000000190,2022-Q2,2022-07-15,6985424.0,2482628.0,508657.0,2310430.0,845636.0,327526.0,1676502.0,864465.0,812037.0,Paid
VAT-45ABE776,GR0000000190,2022-Q3,2022-10-29,6648506.0,2454731.0,505011.0,2430297.0,932912.0,362928.0,1595641.0,922900.0,672741.0,Paid
VAT-C5372070,GR0000000190,2022-Q4,2023-01-30,7721756.0,2847801.0,560269.0,2507164.0,940366.0,371185.0,1853221.0,978890.0,874331.0,Paid
VAT-58032761,GR0000000190,2023-Q1,2023-04-24,7898194.0,2861221.0,607908.0,2825594.0,1053846.0,414992.0,1895567.0,1067331.0,828236.0,Paid
VAT-9A79B76E,GR0000000190,2023-Q2,2023-07-22,8292156.0,3133707.0,615996.0,2689280.0,1003145.0,398032.0,1990118.0,1027292.0,962825.0,Paid
VAT-7F3C8B47,GR0000000190,2023-Q3,2023-11-09,7864233.0,3031390.0,619573.0,2779657.0,1013535.0,405683.0,1887416.0,1047141.0,840275.0,Paid
VAT-16DB3758,GR0000000190,2023-Q4,2024-02-04,9435420.0,3676675.0,759467.0,3169607.0,1145206.0,451410.0,2264501.0,1209015.0,1055486.0,Paid
VAT-8A648426,GR0000000190,2024-Q1,2024-04-14,4084030.0,1514187.0,306696.0,1577722.0,611603.0,238778.0,980167.0,625063.0,355105.0,Paid
VAT-7171ECF4,GR0000000190,2024-Q2,2024-07-26,4535109.0,1678105.0,336001.0,1784352.0,645068.0,255079.0,1088426.0,673389.0,415037.0,Paid
VAT-4D9C9E82,GR0000000190,2024-Q3,2024-10-17,3934951.0,1507870.0,315318.0,1438766.0,568092.0,217152.0,944388.0,560685.0,383703.0,Paid
VAT-ED46A410,GR0000000190,2024-Q4,2025-01-28,5181484.0,1843000.0,396403.0,1911575.0,722086.0,283620.0,1243556.0,748840.0,494716.0,Paid
VAT-FC2CB0EC,GR0000000191,2022-Q1,2022-04-10,152139.0,43468.0,21734.0,112191.0,43150.0,17260.0,36513.0,41424.0,-4911.0,Paid
VAT-DE0246D1,GR0000000191,2022-Q2,2022-07-11,220533.0,63010.0,31505.0,162843.0,62632.0,25053.0,52928.0,60127.0,-7199.0,Paid
VAT-6D8D4919,GR0000000191,2022-Q3,2022-10-25,176097.0,50313.0,25157.0,127237.0,48937.0,19575.0,42263.0,46980.0,-4717.0,Paid
VAT-09608B80,GR0000000191,2022-Q4,2023-01-14,179407.0,51259.0,25630.0,128073.0,49259.0,19703.0,43058.0,47288.0,-4231.0,Paid
VAT-855F329D,GR0000000191,2023-Q1,2023-04-13,119208.0,34059.0,17030.0,78142.0,30054.0,12022.0,28610.0,28852.0,-242.0,Paid
VAT-96326859,GR0000000191,2023-Q2,2023-07-25,164866.0,47105.0,23552.0,116955.0,44983.0,17993.0,39568.0,43183.0,-3616.0,Paid
VAT-BC7D6BB4,GR0000000191,2023-Q3,2023-10-18,131688.0,37625.0,18813.0,92175.0,35452.0,14181.0,31605.0,34034.0,-2429.0,Paid
VAT-95906BF6,GR0000000191,2023-Q4,2024-01-12,140685.0,40196.0,20098.0,103511.0,39812.0,15925.0,33764.0,38219.0,-4455.0,Paid
VAT-55E032BD,GR0000000191,2024-Q1,2024-04-12,67813.0,19375.0,9688.0,49269.0,18950.0,7580.0,16275.0,18192.0,-1917.0,Paid
VAT-02885D8D,GR0000000191,2024-Q2,2024-07-22,102232.0,29209.0,14605.0,72050.0,27712.0,11085.0,24536.0,26603.0,-2067.0,Paid
VAT-3B24B3D8,GR0000000191,2024-Q3,2024-10-20,96509.0,27574.0,13787.0,67766.0,26064.0,10426.0,23162.0,25021.0,-1859.0,Paid
VAT-3C24EC70,GR0000000191,2024-Q4,2025-01-12,88691.0,25340.0,12670.0,59669.0,22950.0,9180.0,21286.0,22032.0,-746.0,Paid
VAT-6D6D7333,GR0000000192,2022-Q1,2022-04-16,71059.0,27330.0,10932.0,51088.0,19649.0,7860.0,17054.0,18863.0,-1809.0,Paid
VAT-E7A6CE7B,GR0000000192,2022-Q2,2022-07-22,110582.0,42531.0,17013.0,80416.0,30929.0,12372.0,26540.0,29692.0,-3152.0,Paid
VAT-199C4433,GR0000000192,2022-Q3,2022-10-24,100032.0,38474.0,15390.0,73731.0,28358.0,11343.0,24008.0,27224.0,-3216.0,Paid
VAT-5A7BFF24,GR0000000192,2022-Q4,2023-01-16,70475.0,27106.0,10842.0,52554.0,20213.0,8085.0,16914.0,19405.0,-2491.0,Paid
VAT-EEDB7F6F,GR0000000192,2023-Q1,2023-04-15,41391.0,15919.0,6368.0,28842.0,11093.0,4437.0,9934.0,10649.0,-716.0,Paid
VAT-6FF614C6,GR0000000192,2023-Q2,2023-07-12,67341.0,25900.0,10360.0,46211.0,17773.0,7109.0,16162.0,17062.0,-901.0,Paid
VAT-1E16E007,GR0000000192,2023-Q3,2023-10-20,67016.0,25775.0,10310.0,48102.0,18501.0,7400.0,16084.0,17761.0,-1677.0,Paid
VAT-C8F804DB,GR0000000192,2023-Q4,2024-01-18,40144.0,15440.0,6176.0,27119.0,10430.0,4172.0,9635.0,10013.0,-379.0,Paid
VAT-686031BD,GR0000000192,2024-Q1,2024-04-13,47618.0,18315.0,7326.0,34790.0,13381.0,5352.0,11428.0,12846.0,-1417.0,Paid
VAT-D31766BB,GR0000000192,2024-Q2,2024-07-25,61566.0,23679.0,9472.0,45138.0,17361.0,6944.0,14776.0,16666.0,-1891.0,Paid
VAT-868A89AA,GR0000000192,2024-Q3,2024-10-25,62873.0,24182.0,9673.0,46608.0,17926.0,7170.0,15090.0,17209.0,-2119.0,Paid
VAT-B43B76DA,GR0000000192,2024-Q4,2025-01-15,44561.0,17139.0,6856.0,29037.0,11168.0,4467.0,10695.0,10721.0,-27.0,Paid
VAT-480A51F5,GR0000000193,2022-Q1,2022-04-10,658041.0,77417.0,38708.0,290987.0,111918.0,44767.0,157930.0,107441.0,50488.0,Paid
VAT-86E3ADFB,GR0000000193,2022-Q2,2022-07-24,604045.0,71064.0,35532.0,287979.0,110761.0,44304.0,144971.0,106331.0,38640.0,Paid
VAT-C71AC623,GR0000000193,2022-Q3,2022-10-23,666971.0,78467.0,39234.0,307642.0,118324.0,47330.0,160073.0,113591.0,46482.0,Paid
VAT-E3D32A6F,GR0000000193,2022-Q4,2023-01-24,706165.0,83078.0,41539.0,327997.0,126153.0,50461.0,169480.0,121107.0,48373.0,Paid
VAT-89E8AA68,GR0000000193,2023-Q1,2023-04-17,580751.0,68324.0,34162.0,264940.0,101900.0,40760.0,139380.0,97824.0,41556.0,Paid
VAT-ED0F4DB4,GR0000000193,2023-Q2,2023-07-22,528960.0,62231.0,31115.0,248785.0,95686.0,38275.0,126950.0,91859.0,35091.0,Paid
VAT-EB424867,GR0000000193,2023-Q3,2023-10-16,515676.0,60668.0,30334.0,234792.0,90305.0,36122.0,123762.0,86693.0,37070.0,Paid
VAT-6A57B0A8,GR0000000193,2023-Q4,2024-01-13,584560.0,68772.0,34386.0,285617.0,109853.0,43941.0,140294.0,105458.0,34836.0,Paid
VAT-BFE84EB9,GR0000000193,2024-Q1,2024-04-15,440172.0,51785.0,25892.0,199509.0,76734.0,30694.0,105641.0,73665.0,31976.0,Paid
VAT-44374D42,GR0000000193,2024-Q2,2024-07-19,470462.0,55348.0,27674.0,218895.0,84190.0,33676.0,112911.0,80823.0,32088.0,Paid
VAT-61BCB295,GR0000000193,2024-Q3,2024-10-12,448999.0,52823.0,26412.0,211286.0,81264.0,32506.0,107760.0,78013.0,29747.0,Paid
VAT-B7332BEC,GR0000000193,2024-Q4,2025-01-15,413978.0,48703.0,24352.0,202392.0,77843.0,31137.0,99355.0,74729.0,24625.0,Paid
VAT-4430CEC8,GR0000000194,2022-Q1,2022-05-02,1800156.0,704644.0,149084.0,653339.0,249304.0,98924.0,432037.0,248420.0,183618.0,Paid
VAT-8F0E4D63,GR0000000194,2022-Q2,2022-08-01,1914403.0,661771.0,143499.0,754230.0,271131.0,109145.0,459457.0,293307.0,166150.0,Paid
VAT-D2E7170F,GR0000000194,2022-Q3,2022-10-22,1847632.0,664469.0,138879.0,765748.0,285081.0,112843.0,443432.0,299033.0,144398.0,Paid
VAT-15BC441E,GR0000000194,2022-Q4,2023-01-20,2313671.0,812000.0,173974.0,911532.0,341270.0,132091.0,555281.0,345519.0,209762.0,Paid
VAT-4B1D341D,GR0000000194,2023-Q1,2023-04-20,2878096.0,986444.0,210329.0,1146662.0,427438.0,172040.0,690743.0,445308.0,245436.0,Paid
VAT-195DA1D3,GR0000000194,2023-Q2,2023-07-27,2361904.0,917788.0,181232.0,877692.0,322185.0,126340.0,566857.0,331804.0,235053.0,Paid
VAT-8733BA0A,GR0000000194,2023-Q3,2023-10-27,2429209.0,962874.0,195175.0,1067432.0,388690.0,154050.0,583010.0,413941.0,169069.0,Partial
VAT-7D5EABCF,GR0000000194,2023-Q4,2024-01-21,3008774.0,1201016.0,236525.0,1053409.0,403946.0,157848.0,722106.0,411398.0,310707.0,Paid
VAT-6E3B3525,GR0000000194,2024-Q1,2024-04-29,1927802.0,728997.0,152751.0,711027.0,257991.0,101696.0,462673.0,269160.0,193512.0,Paid
VAT-2685FE69,GR0000000194,2024-Q2,2024-08-03,2350669.0,857366.0,172951.0,865967.0,334156.0,130897.0,564160.0,334002.0,230158.0,Paid
VAT-1F41484B,GR0000000194,2024-Q3,2024-11-03,2468824.0,888980.0,178047.0,907126.0,343566.0,133235.0,592518.0,344197.0,248321.0,Paid
VAT-7D262640,GR0000000194,2024-Q4,2025-02-11,2405329.0,931838.0,198769.0,966928.0,368507.0,145182.0,577279.0,377724.0,199555.0,Paid
VAT-D82B9A04,GR0000000195,2022-Q1,2022-04-14,162329.0,67637.0,40582.0,143520.0,55200.0,22080.0,38959.0,52992.0,-14033.0,Paid
VAT-B0806420,GR0000000195,2022-Q2,2022-07-25,176255.0,73440.0,44064.0,157488.0,60572.0,24229.0,42301.0,58150.0,-15848.0,Paid
VAT-45650C9D,GR0000000195,2022-Q3,2022-10-14,199654.0,83189.0,49913.0,175886.0,67648.0,27059.0,47917.0,64942.0,-17026.0,Paid
VAT-FFC0C9AD,GR0000000195,2022-Q4,2023-01-20,214222.0,89259.0,53556.0,196788.0,75688.0,30275.0,51413.0,72660.0,-21247.0,Paid
VAT-2F568E01,GR0000000195,2023-Q1,2023-04-13,55992.0,23330.0,13998.0,47450.0,18250.0,7300.0,13438.0,17520.0,-4082.0,Paid
VAT-35352D75,GR0000000195,2023-Q2,2023-07-11,79607.0,33170.0,19902.0,68854.0,26482.0,10593.0,19106.0,25423.0,-6317.0,Paid
VAT-CD4B6EB8,GR0000000195,2023-Q3,2023-10-15,82720.0,34467.0,20680.0,68892.0,26497.0,10599.0,19853.0,25437.0,-5584.0,Paid
VAT-7CE4483D,GR0000000195,2023-Q4,2024-01-14,88146.0,36728.0,22037.0,75936.0,29206.0,11682.0,21155.0,28038.0,-6883.0,Paid
VAT-3D5514D7,GR0000000195,2024-Q1,2024-04-17,117322.0,48884.0,29331.0,103655.0,39867.0,15947.0,28157.0,38273.0,-10115.0,Paid
VAT-6F4043CB,GR0000000195,2024-Q2,2024-07-16,159296.0,66373.0,39824.0,135248.0,52019.0,20807.0,38231.0,49938.0,-11707.0,Paid
VAT-1340E14C,GR0000000195,2024-Q3,2024-10-21,156950.0,65396.0,39237.0,131862.0,50716.0,20287.0,37668.0,48688.0,-11020.0,Paid
VAT-E0540E33,GR0000000195,2024-Q4,2025-01-11,172362.0,71818.0,43091.0,154460.0,59408.0,23763.0,41367.0,57031.0,-15664.0,Paid
VAT-0C94ECC9,GR0000000196,2022-Q1,2022-04-26,233763.0,290934.0,209136.0,296571.0,113988.0,41483.0,56103.0,135342.0,-79239.0,Paid
VAT-4B1C3CFE,GR0000000196,2022-Q2,2022-08-17,278030.0,325297.0,245075.0,404469.0,138500.0,50663.0,66727.0,166444.0,-99717.0,Paid
VAT-84AAE1CB,GR0000000196,2022-Q3,2022-11-18,371636.0,369294.0,272598.0,481504.0,161234.0,61205.0,89193.0,196852.0,-107660.0,Paid
VAT-2A3668D2,GR0000000196,2022-Q4,2023-02-25,368658.0,471676.0,336110.0,558471.0,193794.0,73734.0,88478.0,240550.0,-152072.0,Paid
VAT-151B66D9,GR0000000196,2023-Q1,2023-05-20,129094.0,175408.0,123327.0,180178.0,64841.0,24028.0,30982.0,77334.0,-46352.0,Paid
VAT-9EDACE36,GR0000000196,2023-Q2,2023-07-30,186223.0,226922.0,165551.0,302711.0,100721.0,37992.0,44694.0,122460.0,-77767.0,Paid
VAT-8958DE6B,GR0000000196,2023-Q3,2023-10-27,196820.0,213766.0,148539.0,257728.0,87879.0,32154.0,47237.0,106015.0,-58778.0,Paid
VAT-1C770C7E,GR0000000196,2023-Q4,2024-03-05,201518.0,239134.0,175304.0,287213.0,95802.0,36049.0,48364.0,118432.0,-70068.0,Paid
VAT-EA440667,GR0000000196,2024-Q1,2024-05-03,91564.0,104736.0,83221.0,127257.0,43444.0,17245.0,21975.0,55980.0,-34005.0,Paid
VAT-5F6CED52,GR0000000196,2024-Q2,2024-07-30,150432.0,145677.0,113241.0,180967.0,65063.0,23668.0,36104.0,79579.0,-43475.0,Paid
VAT-5E373C24,GR0000000196,2024-Q3,2024-10-31,139842.0,155090.0,113499.0,194036.0,73767.0,26640.0,33562.0,86224.0,-52662.0,Paid
VAT-96F23A68,GR0000000196,2024-Q4,2025-01-30,153123.0,188382.0,134509.0,221139.0,81390.0,30196.0,36749.0,98510.0,-61761.0,Paid
VAT-BDFD17D3,GR0000000197,2022-Q1,2022-04-17,136901.0,25669.0,8556.0,73457.0,28253.0,11301.0,32856.0,27123.0,5734.0,Paid
VAT-AF5CA960,GR0000000197,2022-Q2,2022-07-11,109728.0,20574.0,6858.0,62948.0,24211.0,9684.0,26335.0,23242.0,3092.0,Paid
VAT-942B5BA9,GR0000000197,2022-Q3,2022-10-14,101866.0,19100.0,6367.0,58819.0,22623.0,9049.0,24448.0,21718.0,2730.0,Paid
VAT-F639E136,GR0000000197,2022-Q4,2023-01-14,135479.0,25402.0,8467.0,72013.0,27697.0,11079.0,32515.0,26590.0,5925.0,Paid
VAT-5EE98D7F,GR0000000197,2023-Q1,2023-04-18,140671.0,26376.0,8792.0,78415.0,30159.0,12064.0,33761.0,28953.0,4808.0,Paid
VAT-B828E9E6,GR0000000197,2023-Q2,2023-07-13,106479.0,19965.0,6655.0,63288.0,24341.0,9737.0,25555.0,23368.0,2187.0,Paid
VAT-E219B333,GR0000000197,2023-Q3,2023-10-25,95213.0,17853.0,5951.0,52971.0,20374.0,8149.0,22851.0,19559.0,3293.0,Paid
VAT-C1A38DF1,GR0000000197,2023-Q4,2024-01-12,121084.0,22703.0,7568.0,69588.0,26765.0,10706.0,29060.0,25694.0,3366.0,Paid
VAT-F22876C8,GR0000000197,2024-Q1,2024-04-25,225524.0,42286.0,14095.0,123064.0,47332.0,18933.0,54126.0,45439.0,8687.0,Paid
VAT-C47F6FA2,GR0000000197,2024-Q2,2024-07-16,173060.0,32449.0,10816.0,92786.0,35687.0,14275.0,41534.0,34260.0,7275.0,Paid
VAT-6FFA4F50,GR0000000197,2024-Q3,2024-10-26,167033.0,31319.0,10440.0,98108.0,37734.0,15094.0,40088.0,36225.0,3863.0,Paid
VAT-F4260312,GR0000000197,2024-Q4,2025-01-18,218785.0,41022.0,13674.0,121920.0,46892.0,18757.0,52508.0,45017.0,7492.0,Paid
VAT-189898A1,GR0000000198,2022-Q1,2022-04-15,2938867.0,839676.0,419838.0,1898858.0,730330.0,292132.0,705328.0,701117.0,4211.0,Partial
VAT-2A7ECB7A,GR0000000198,2022-Q2,2022-07-18,4965391.0,1418683.0,709342.0,3351353.0,1288982.0,515593.0,1191694.0,1237423.0,-45729.0,Paid
VAT-78390B32,GR0000000198,2022-Q3,2022-10-21,3616239.0,1033211.0,516606.0,2252967.0,866526.0,346610.0,867897.0,831865.0,36032.0,Paid
VAT-83B03DE7,GR0000000198,2022-Q4,2023-01-16,4000131.0,1142895.0,571447.0,2689493.0,1034420.0,413768.0,960031.0,993043.0,-33012.0,Paid
VAT-724A860A,GR0000000198,2023-Q1,2023-04-23,3584624.0,1024178.0,512089.0,2274672.0,874874.0,349950.0,860310.0,839879.0,20431.0,Paid
VAT-DAD7F1EE,GR0000000198,2023-Q2,2023-07-19,5405236.0,1544353.0,772177.0,3421319.0,1315892.0,526357.0,1297257.0,1263256.0,34000.0,Paid
VAT-4B3B316D,GR0000000198,2023-Q3,2023-10-24,3984997.0,1138571.0,569285.0,2641850.0,1016096.0,406439.0,956399.0,975452.0,-19053.0,Paid
VAT-DD69226A,GR0000000198,2023-Q4,2024-01-16,4264574.0,1218450.0,609225.0,2820205.0,1084694.0,433878.0,1023498.0,1041306.0,-17809.0,Paid
VAT-23E76214,GR0000000198,2024-Q1,2024-04-10,4263597.0,1218171.0,609085.0,2712187.0,1043149.0,417260.0,1023263.0,1001423.0,21840.0,Paid
VAT-1C6B36B4,GR0000000198,2024-Q2,2024-07-15,6541098.0,1868885.0,934443.0,4406458.0,1694792.0,677917.0,1569863.0,1627000.0,-57136.0,Paid
VAT-AD0CEB99,GR0000000198,2024-Q3,2024-10-21,4876001.0,1393143.0,696572.0,3089151.0,1188135.0,475254.0,1170240.0,1140610.0,29631.0,Paid
VAT-018C33A9,GR0000000198,2024-Q4,2025-01-17,5554002.0,1586858.0,793429.0,3820947.0,1469595.0,587838.0,1332960.0,1410811.0,-77851.0,Paid
VAT-558E76D9,GR0000000199,2022-Q1,2022-04-22,152721.0,30754.0,10297.0,101615.0,39337.0,15485.0,36653.0,39431.0,-2778.0,Paid
VAT-047F48D8,GR0000000199,2022-Q2,2022-07-24,144192.0,29150.0,10358.0,102321.0,38120.0,14823.0,34606.0,39524.0,-4918.0,Paid
VAT-1D80276D,GR0000000199,2022-Q3,2022-10-21,148184.0,30705.0,10664.0,106697.0,40560.0,16017.0,35564.0,42288.0,-6724.0,Paid
VAT-01A3DE5F,GR0000000199,2022-Q4,2023-01-26,287528.0,57603.0,20749.0,216122.0,78598.0,30811.0,69007.0,82645.0,-13638.0,Paid
VAT-8906C10A,GR0000000199,2023-Q1,2023-04-19,65559.0,12716.0,4427.0,44164.0,15988.0,6313.0,15734.0,17148.0,-1414.0,Paid
VAT-42A11B54,GR0000000199,2023-Q2,2023-08-04,65774.0,12419.0,4433.0,46443.0,17292.0,6716.0,15786.0,17497.0,-1712.0,Paid
VAT-8B966A09,GR0000000199,2023-Q3,2023-10-18,64702.0,13621.0,4518.0,42618.0,16239.0,6379.0,15529.0,16769.0,-1241.0,Paid
VAT-7BDD92F0,GR0000000199,2023-Q4,2024-01-18,139438.0,26944.0,9288.0,102724.0,36648.0,14577.0,33465.0,39089.0,-5624.0,Paid
VAT-5AD9B9DF,GR0000000199,2024-Q1,2024-04-21,84799.0,17653.0,5761.0,60376.0,22339.0,8832.0,20352.0,22777.0,-2425.0,Paid
VAT-795BF159,GR0000000199,2024-Q2,2024-07-31,94555.0,17903.0,6303.0,71281.0,26354.0,10089.0,22693.0,27327.0,-4634.0,Paid
VAT-BFFB6229,GR0000000199,2024-Q3,2024-10-22,99049.0,20853.0,7089.0,73893.0,26604.0,10520.0,23772.0,27995.0,-4223.0,Paid
VAT-EC1C7FF2,GR0000000199,2024-Q4,2025-01-19,192446.0,36764.0,12060.0,142525.0,52054.0,20170.0,46187.0,53329.0,-7142.0,Paid
VAT-83B320E5,GR0000000200,2022-Q1,2022-04-28,19131.0,2335.0,1241.0,8966.0,3360.0,1333.0,4592.0,3409.0,1182.0,Partial
VAT-F2C6ED29,GR0000000200,2022-Q2,2022-07-31,19967.0,2347.0,1276.0,9815.0,3479.0,1385.0,4792.0,3658.0,1134.0,Paid
VAT-08D89E97,GR0000000200,2022-Q3,2022-11-02,22120.0,2646.0,1355.0,11096.0,4232.0,1686.0,5309.0,4307.0,1002.0,Unpaid
VAT-F898429C,GR0000000200,2022-Q4,2023-01-30,18955.0,2318.0,1219.0,10128.0,3782.0,1453.0,4549.0,3825.0,724.0,Partial
VAT-013C0226,GR0000000200,2023-Q1,2023-04-16,26225.0,3422.0,1755.0,13560.0,5117.0,2027.0,6294.0,5157.0,1137.0,Paid
VAT-2BA23415,GR0000000200,2023-Q2,2023-07-19,23637.0,2928.0,1495.0,10758.0,3979.0,1566.0,5673.0,4077.0,1596.0,Paid
VAT-B3DB86E8,GR0000000200,2023-Q3,2023-10-23,29657.0,3453.0,1825.0,14770.0,5508.0,2143.0,7118.0,5771.0,1347.0,Paid
VAT-3D172ED2,GR0000000200,2023-Q4,2024-01-19,28220.0,3535.0,1807.0,12697.0,4756.0,1902.0,6773.0,4853.0,1920.0,Paid
VAT-B508CD22,GR0000000200,2024-Q1,2024-04-16,22117.0,2636.0,1355.0,11085.0,4086.0,1586.0,5308.0,4333.0,975.0,Paid
VAT-B7224C1D,GR0000000200,2024-Q2,2024-07-18,22573.0,2723.0,1433.0,11894.0,4275.0,1679.0,5418.0,4527.0,890.0,Paid
VAT-CD11C427,GR0000000200,2024-Q3,2024-10-25,22439.0,2828.0,1498.0,11399.0,4068.0,1635.0,5385.0,4411.0,975.0,Paid
VAT-34923232,GR0000000200,2024-Q4,2025-02-03,22163.0,2585.0,1386.0,12029.0,4299.0,1704.0,5319.0,4653.0,666.0,Unpaid
VAT-FB891DF9,GR0000000201,2022-Q1,2022-04-21,1390720.0,163614.0,81807.0,648597.0,249460.0,99784.0,333773.0,239482.0,94291.0,Paid
VAT-9DDA4AF8,GR0000000201,2022-Q2,2022-07-18,1271978.0,149645.0,74822.0,620765.0,238756.0,95502.0,305275.0,229206.0,76069.0,Paid
VAT-DD629151,GR0000000201,2022-Q3,2022-10-17,1393648.0,163959.0,81979.0,607986.0,233841.0,93536.0,334475.0,224487.0,109988.0,Paid
VAT-75AC98FB,GR0000000201,2022-Q4,2023-01-18,1186595.0,139599.0,69800.0,536199.0,206230.0,82492.0,284783.0,197981.0,86802.0,Paid
VAT-1E9B99A7,GR0000000201,2023-Q1,2023-04-10,1691277.0,198974.0,99487.0,744107.0,286195.0,114478.0,405906.0,274747.0,131159.0,Paid
VAT-3F291584,GR0000000201,2023-Q2,2023-07-14,1549450.0,182288.0,91144.0,656633.0,252551.0,101020.0,371868.0,242449.0,129419.0,Paid
VAT-2671F52B,GR0000000201,2023-Q3,2023-10-22,1697338.0,199687.0,99843.0,799931.0,307666.0,123066.0,407361.0,295359.0,112002.0,Paid
VAT-80AA307F,GR0000000201,2023-Q4,2024-01-23,1489838.0,175275.0,87638.0,639742.0,246055.0,98422.0,357561.0,236212.0,121349.0,Paid
VAT-F048B0C9,GR0000000201,2024-Q1,2024-04-17,1371087.0,161304.0,80652.0,676826.0,260318.0,104127.0,329061.0,249905.0,79156.0,Paid
VAT-A8BBFAE8,GR0000000201,2024-Q2,2024-07-14,1287209.0,151436.0,75718.0,569420.0,219008.0,87603.0,308930.0,210247.0,98683.0,Paid
VAT-CB07DDAC,GR0000000201,2024-Q3,2024-10-18,1326793.0,156093.0,78047.0,569041.0,218862.0,87545.0,318430.0,210108.0,108323.0,Paid
VAT-09FD9180,GR0000000201,2024-Q4,2025-01-20,1496133.0,176016.0,88008.0,737970.0,283834.0,113534.0,359072.0,272481.0,86591.0,Paid
VAT-D4030ED6,GR0000000202,2022-Q1,2022-04-22,88172.0,10373.0,5187.0,37835.0,14552.0,5821.0,21161.0,13970.0,7191.0,Paid
VAT-7C26EF6E,GR0000000202,2022-Q2,2022-07-14,81629.0,9603.0,4802.0,35484.0,13648.0,5459.0,19591.0,13102.0,6489.0,Paid
VAT-E250B733,GR0000000202,2022-Q3,2022-10-24,96950.0,11406.0,5703.0,42568.0,16372.0,6549.0,23268.0,15718.0,7550.0,Paid
VAT-FDBA7665,GR0000000202,2022-Q4,2023-01-12,87660.0,10313.0,5156.0,41818.0,16084.0,6434.0,21038.0,15441.0,5598.0,Paid
VAT-3D9F89E0,GR0000000202,2023-Q1,2023-04-19,19165.0,2255.0,1127.0,9123.0,3509.0,1404.0,4600.0,3368.0,1231.0,Paid
VAT-7BC2C546,GR0000000202,2023-Q2,2023-07-26,18778.0,2209.0,1105.0,9260.0,3562.0,1425.0,4507.0,3419.0,1088.0,Paid
VAT-6C4052DB,GR0000000202,2023-Q3,2023-10-18,18199.0,2141.0,1071.0,8937.0,3437.0,1375.0,4368.0,3300.0,1068.0,Paid
VAT-7FE5EDB7,GR0000000202,2023-Q4,2024-01-20,19912.0,2343.0,1171.0,9747.0,3749.0,1500.0,4779.0,3599.0,1180.0,Paid
VAT-A3C68530,GR0000000202,2024-Q1,2024-04-19,34974.0,4115.0,2057.0,15608.0,6003.0,2401.0,8394.0,5763.0,2631.0,Paid
VAT-CDC82EB9,GR0000000202,2024-Q2,2024-07-26,39036.0,4592.0,2296.0,19019.0,7315.0,2926.0,9369.0,7022.0,2346.0,Paid
VAT-F0F0AB5C,GR0000000202,2024-Q3,2024-10-19,35874.0,4220.0,2110.0,16739.0,6438.0,2575.0,8610.0,6180.0,2429.0,Paid
VAT-D46E4790,GR0000000202,2024-Q4,2025-01-21,33865.0,3984.0,1992.0,14614.0,5621.0,2248.0,8128.0,5396.0,2731.0,Partial
VAT-43FEFD84,GR0000000203,2024-Q1,2024-04-20,121876.0,22852.0,7617.0,76487.0,29418.0,11767.0,29250.0,28241.0,1009.0,Paid
VAT-72A06E08,GR0000000203,2024-Q2,2024-07-25,138674.0,26001.0,8667.0,80487.0,30957.0,12383.0,33282.0,29718.0,3563.0,Paid
VAT-105275A5,GR0000000203,2024-Q3,2024-10-19,131323.0,24623.0,8208.0,74753.0,28751.0,11500.0,31518.0,27601.0,3916.0,Paid
VAT-CF872BB3,GR0000000203,2024-Q4,2025-01-25,269298.0,50493.0,16831.0,170967.0,65757.0,26303.0,64631.0,63126.0,1505.0,Paid
VAT-C44A4318,GR0000000204,2022-Q1,2022-04-23,332412.0,290860.0,207757.0,325171.0,125066.0,50026.0,79779.0,120063.0,-40284.0,Paid
VAT-9F572648,GR0000000204,2022-Q2,2022-07-11,424948.0,371829.0,265592.0,479042.0,184247.0,73699.0,101987.0,176877.0,-74890.0,Paid
VAT-EDAD84B3,GR0000000204,2022-Q3,2022-10-14,461265.0,403607.0,288290.0,470906.0,181118.0,72447.0,110704.0,173873.0,-63169.0,Paid
VAT-30FBB0CC,GR0000000204,2022-Q4,2023-01-14,546540.0,478222.0,341587.0,572813.0,220313.0,88125.0,131170.0,211500.0,-80331.0,Paid
VAT-B8EBD555,GR0000000204,2023-Q1,2023-04-11,439041.0,384161.0,274401.0,462248.0,177788.0,71115.0,105370.0,170676.0,-65306.0,Paid
VAT-8A946194,GR0000000204,2023-Q2,2023-07-22,541984.0,474236.0,338740.0,568439.0,218630.0,87452.0,130076.0,209885.0,-79809.0,Paid
VAT-C18D5C83,GR0000000204,2023-Q3,2023-10-15,534636.0,467806.0,334147.0,540717.0,207968.0,83187.0,128313.0,199649.0,-71337.0,Paid
VAT-7DBB6484,GR0000000204,2023-Q4,2024-01-17,608000.0,532000.0,380000.0,655745.0,252209.0,100884.0,145920.0,242121.0,-96201.0,Paid
VAT-F13FFE2C,GR0000000204,2024-Q1,2024-04-14,384932.0,336815.0,240582.0,421597.0,162153.0,64861.0,92384.0,155667.0,-63283.0,Paid
VAT-989F56A7,GR0000000204,2024-Q2,2024-07-13,562796.0,492446.0,351747.0,622388.0,239380.0,95752.0,135071.0,229805.0,-94734.0,Paid
VAT-D5CB2440,GR0000000204,2024-Q3,2024-10-22,566066.0,495308.0,353791.0,555829.0,213780.0,85512.0,135856.0,205229.0,-69373.0,Paid
VAT-C0EBE065,GR0000000204,2024-Q4,2025-01-13,664802.0,581701.0,415501.0,724957.0,278830.0,111532.0,159552.0,267676.0,-108124.0,Paid
VAT-B0293173,GR0000000205,2022-Q1,2022-04-14,37236.0,14321.0,5729.0,26840.0,10323.0,4129.0,8937.0,9910.0,-974.0,Paid
VAT-BD6DCBA6,GR0000000205,2022-Q2,2022-07-14,52369.0,20142.0,8057.0,38864.0,14948.0,5979.0,12569.0,14350.0,-1781.0,Paid
VAT-8F097BE8,GR0000000205,2022-Q3,2022-10-13,54310.0,20889.0,8355.0,40519.0,15584.0,6234.0,13034.0,14961.0,-1926.0,Paid
VAT-F3B47289,GR0000000205,2022-Q4,2023-01-12,39441.0,15170.0,6068.0,29360.0,11292.0,4517.0,9466.0,10840.0,-1375.0,Paid
VAT-A6437BF6,GR0000000205,2023-Q1,2023-04-19,30371.0,11681.0,4672.0,22007.0,8464.0,3386.0,7289.0,8126.0,-837.0,Paid
VAT-FD5EF220,GR0000000205,2023-Q2,2023-07-20,45325.0,17433.0,6973.0,34304.0,13194.0,5277.0,10878.0,12666.0,-1788.0,Paid
VAT-CCF3429E,GR0000000205,2023-Q3,2023-10-15,44975.0,17298.0,6919.0,35532.0,13666.0,5466.0,10794.0,13119.0,-2325.0,Paid
VAT-0D33A339,GR0000000205,2023-Q4,2024-01-13,30436.0,11706.0,4682.0,22446.0,8633.0,3453.0,7305.0,8288.0,-983.0,Paid
VAT-3E3B176E,GR0000000205,2024-Q1,2024-04-11,23360.0,8985.0,3594.0,17053.0,6559.0,2624.0,5606.0,6297.0,-690.0,Paid
VAT-E228A175,GR0000000205,2024-Q2,2024-07-13,35666.0,13718.0,5487.0,25148.0,9672.0,3869.0,8560.0,9285.0,-725.0,Paid
VAT-E988ABEB,GR0000000205,2024-Q3,2024-10-20,36230.0,13935.0,5574.0,26585.0,10225.0,4090.0,8695.0,9816.0,-1121.0,Paid
VAT-AD2A438B,GR0000000205,2024-Q4,2025-01-21,24506.0,9426.0,3770.0,18771.0,7220.0,2888.0,5882.0,6931.0,-1049.0,Paid
VAT-A79CF6B7,GR0000000206,2022-Q1,2022-04-19,462895.0,86793.0,28931.0,258983.0,99609.0,39844.0,111095.0,95624.0,15470.0,Paid
VAT-ADCE168D,GR0000000206,2022-Q2,2022-07-18,329900.0,61856.0,20619.0,200594.0,77152.0,30861.0,79176.0,74065.0,5110.0,Paid
VAT-6D898B6A,GR0000000206,2022-Q3,2022-10-22,364110.0,68271.0,22757.0,211266.0,81256.0,32502.0,87386.0,78006.0,9381.0,Paid
VAT-0EA7670A,GR0000000206,2022-Q4,2023-01-20,385141.0,72214.0,24071.0,208118.0,80045.0,32018.0,92434.0,76844.0,15590.0,Paid
VAT-5791AAB5,GR0000000206,2023-Q1,2023-04-24,446538.0,83726.0,27909.0,260361.0,100139.0,40055.0,107169.0,96133.0,11036.0,Paid
VAT-B84CB678,GR0000000206,2023-Q2,2023-07-24,387281.0,72615.0,24205.0,205208.0,78926.0,31571.0,92948.0,75769.0,17178.0,Paid
VAT-B35A41AC,GR0000000206,2023-Q3,2023-10-25,389067.0,72950.0,24317.0,215956.0,83060.0,33224.0,93376.0,79737.0,13639.0,Paid
VAT-DEBF0271,GR0000000206,2023-Q4,2024-01-15,469213.0,87977.0,29326.0,255542.0,98286.0,39314.0,112611.0,94354.0,18257.0,Paid
VAT-C9EF946A,GR0000000206,2024-Q1,2024-04-11,373083.0,69953.0,23318.0,211436.0,81322.0,32529.0,89540.0,78069.0,11471.0,Paid
VAT-906CF5FC,GR0000000206,2024-Q2,2024-07-17,332176.0,62283.0,20761.0,183615.0,70621.0,28248.0,79722.0,67796.0,11926.0,Paid
VAT-49C55692,GR0000000206,2024-Q3,2024-10-21,302462.0,56712.0,18904.0,181875.0,69952.0,27981.0,72591.0,67154.0,5437.0,Paid
VAT-4A4C2B05,GR0000000206,2024-Q4,2025-01-13,428197.0,80287.0,26762.0,230262.0,88562.0,35425.0,102767.0,85020.0,17747.0,Paid
VAT-03A40BA8,GR0000000207,2022-Q1,2022-04-17,473426.0,414248.0,295891.0,514670.0,197950.0,79180.0,113622.0,190032.0,-76410.0,Paid
VAT-AF90E3D0,GR0000000207,2022-Q2,2022-07-19,610102.0,533839.0,381313.0,691624.0,266009.0,106404.0,146424.0,255369.0,-108944.0,Paid
VAT-75CF2709,GR0000000207,2022-Q3,2022-10-22,618180.0,540907.0,386362.0,694056.0,266945.0,106778.0,148363.0,256267.0,-107904.0,Paid
VAT-ABD72AF1,GR0000000207,2022-Q4,2023-01-23,752111.0,658097.0,470069.0,825665.0,317564.0,127025.0,180507.0,304861.0,-124354.0,Paid
VAT-9F6755B4,GR0000000207,2023-Q1,2023-04-25,416940.0,364823.0,260588.0,446232.0,171628.0,68651.0,100066.0,164763.0,-64697.0,Paid
VAT-FD727320,GR0000000207,2023-Q2,2023-07-15,548760.0,480165.0,342975.0,618056.0,237714.0,95086.0,131702.0,228205.0,-96503.0,Paid
VAT-2CC6E6F5,GR0000000207,2023-Q3,2023-10-21,548583.0,480010.0,342864.0,574745.0,221056.0,88422.0,131660.0,212214.0,-80554.0,Paid
VAT-796E6DA6,GR0000000207,2023-Q4,2024-01-26,630114.0,551350.0,393821.0,713713.0,274505.0,109802.0,151227.0,263525.0,-112297.0,Paid
VAT-F1C59DB7,GR0000000207,2024-Q1,2024-04-14,462508.0,404695.0,289068.0,456123.0,175432.0,70173.0,111002.0,168415.0,-57413.0,Paid
VAT-41D5C858,GR0000000207,2024-Q2,2024-07-22,537819.0,470592.0,336137.0,578911.0,222658.0,89063.0,129077.0,213752.0,-84675.0,Paid
VAT-8CE94B56,GR0000000207,2024-Q3,2024-10-14,571661.0,500203.0,357288.0,642532.0,247128.0,98851.0,137199.0,237242.0,-100044.0,Paid
VAT-DD357881,GR0000000207,2024-Q4,2025-01-23,699012.0,611635.0,436882.0,794319.0,305507.0,122203.0,167763.0,293287.0,-125524.0,Paid
VAT-3266882C,GR0000000208,2022-Q1,2022-04-28,320088.0,356519.0,244353.0,452425.0,161089.0,57072.0,76821.0,199422.0,-122601.0,Paid
VAT-98F49ECB,GR0000000208,2022-Q2,2022-08-28,345470.0,415632.0,320323.0,533651.0,195426.0,68714.0,82913.0,224763.0,-141850.0,Paid
VAT-490C4A33,GR0000000208,2022-Q3,2022-10-22,364206.0,462275.0,331249.0,557994.0,188726.0,69796.0,87409.0,242447.0,-155038.0,Paid
VAT-5C33421E,GR0000000208,2022-Q4,2023-02-14,398473.0,484966.0,342702.0,565388.0,219420.0,81299.0,95634.0,246022.0,-150389.0,Paid
VAT-B11BEAC5,GR0000000208,2023-Q1,2023-04-29,439927.0,483630.0,383437.0,742293.0,235398.0,91920.0,105582.0,303392.0,-197809.0,Paid
VAT-30661786,GR0000000208,2023-Q2,2023-08-22,550495.0,664641.0,514846.0,873591.0,335802.0,123481.0,132119.0,395502.0,-263383.0,Paid
VAT-E4DBE13D,GR0000000208,2023-Q3,2023-11-09,614575.0,643396.0,504413.0,904968.0,299392.0,114031.0,147498.0,388750.0,-241252.0,Paid
VAT-283CCDDE,GR0000000208,2023-Q4,2024-02-21,739310.0,740927.0,559590.0,1133458.0,354893.0,140497.0,177434.0,458673.0,-281239.0,Paid
VAT-4747737B,GR0000000208,2024-Q1,2024-05-17,225253.0,238487.0,182048.0,314213.0,112690.0,40554.0,54061.0,134713.0,-80652.0,Paid
VAT-D78A7578,GR0000000208,2024-Q2,2024-07-21,304920.0,356772.0,257184.0,506521.0,166079.0,63402.0,73181.0,208814.0,-135633.0,Paid
VAT-C4068376,GR0000000208,2024-Q3,2024-12-14,277970.0,328763.0,250646.0,398452.0,144064.0,54524.0,66713.0,168233.0,-101520.0,Paid
VAT-C34B292B,GR0000000208,2024-Q4,2025-03-01,364332.0,363627.0,274459.0,457866.0,169239.0,62133.0,87440.0,203756.0,-116316.0,Paid
VAT-6BD90219,GR0000000209,2022-Q1,2022-05-16,197641.0,77116.0,40076.0,177691.0,66075.0,25589.0,47434.0,77256.0,-29822.0,Paid
VAT-28005E07,GR0000000209,2022-Q2,2022-07-25,269222.0,99713.0,52888.0,250147.0,89612.0,34753.0,64613.0,107048.0,-42435.0,Paid
VAT-F4018C46,GR0000000209,2022-Q3,2022-11-10,278031.0,91193.0,46419.0,266795.0,89632.0,32874.0,66728.0,108750.0,-42022.0,Paid
VAT-CA9AB4BA,GR0000000209,2022-Q4,2023-01-29,228777.0,100753.0,51667.0,216398.0,81377.0,29614.0,54907.0,91105.0,-36198.0,Paid
VAT-F822F6A6,GR0000000209,2023-Q1,2023-04-29,58990.0,22343.0,12194.0,55193.0,19347.0,7378.0,14158.0,23568.0,-9410.0,Paid
VAT-5C7B0869,GR0000000209,2023-Q2,2023-08-11,83631.0,32271.0,16594.0,77433.0,29712.0,10803.0,20071.0,33732.0,-13661.0,Paid
VAT-CF5F2B2E,GR0000000209,2023-Q3,2023-10-24,79434.0,31255.0,16263.0,76129.0,26475.0,9765.0,19064.0,32021.0,-12957.0,Paid
VAT-A6D01B3B,GR0000000209,2023-Q4,2024-02-09,83081.0,30702.0,15783.0,79047.0,28005.0,10891.0,19939.0,33437.0,-13498.0,Paid
VAT-2E64F179,GR0000000209,2024-Q1,2024-05-02,57827.0,22712.0,12157.0,53941.0,20086.0,7329.0,13878.0,24054.0,-10176.0,Paid
VAT-E2015786,GR0000000209,2024-Q2,2024-08-03,96421.0,31534.0,16183.0,86718.0,31594.0,11723.0,23141.0,38700.0,-15559.0,Paid
VAT-5C1B7772,GR0000000209,2024-Q3,2024-10-24,76000.0,26705.0,13251.0,68579.0,26520.0,9376.0,18240.0,29453.0,-11213.0,Paid
VAT-4FB88514,GR0000000209,2024-Q4,2025-03-11,75035.0,26791.0,13298.0,66309.0,24966.0,8861.0,18008.0,29586.0,-11577.0,Paid
VAT-EE0C6097,GR0000000210,2022-Q1,2022-04-16,4823702.0,1722751.0,344550.0,1454930.0,559588.0,223835.0,1157688.0,537205.0,620484.0,Paid
VAT-5231B37E,GR0000000210,2022-Q2,2022-07-26,5035424.0,1798366.0,359673.0,1542145.0,593133.0,237253.0,1208502.0,569407.0,639094.0,Paid
VAT-024D5C46,GR0000000210,2022-Q3,2022-10-17,4515529.0,1612689.0,322538.0,1268499.0,487884.0,195154.0,1083727.0,468369.0,615358.0,Paid
VAT-1441B605,GR0000000210,2022-Q4,2023-01-13,6158097.0,2199320.0,439864.0,1760478.0,677107.0,270843.0,1477943.0,650023.0,827921.0,Paid
VAT-F126871C,GR0000000210,2023-Q1,2023-04-11,6671199.0,2382571.0,476514.0,2328248.0,895480.0,358192.0,1601088.0,859661.0,741427.0,Paid
VAT-F4D33D77,GR0000000210,2023-Q2,2023-07-18,5980475.0,2135884.0,427177.0,1919188.0,738149.0,295260.0,1435314.0,708623.0,726691.0,Paid
VAT-DCC8488F,GR0000000210,2023-Q3,2023-10-12,6595911.0,2355683.0,471137.0,2011843.0,773786.0,309514.0,1583019.0,742834.0,840184.0,Paid
VAT-FE477172,GR0000000210,2023-Q4,2024-01-16,7860246.0,2807231.0,561446.0,2887482.0,1110570.0,444228.0,1886459.0,1066147.0,820312.0,Paid
VAT-B4B3B952,GR0000000210,2024-Q1,2024-04-13,5489463.0,1960522.0,392104.0,1809627.0,696010.0,278404.0,1317471.0,668170.0,649301.0,Paid
VAT-920454A6,GR0000000210,2024-Q2,2024-07-16,5391812.0,1925647.0,385129.0,1700038.0,653861.0,261544.0,1294035.0,627706.0,666329.0,Paid
VAT-A926CCC0,GR0000000210,2024-Q3,2024-10-25,5195722.0,1855615.0,371123.0,1757901.0,676116.0,270446.0,1246973.0,649071.0,597902.0,Paid
VAT-00B77999,GR0000000210,2024-Q4,2025-01-25,6209109.0,2217539.0,443508.0,2238932.0,861128.0,344451.0,1490186.0,826683.0,663503.0,Paid
VAT-85988C33,GR0000000211,2022-Q1,2022-04-21,57418.0,50241.0,35886.0,56937.0,21899.0,8759.0,13780.0,21023.0,-7242.0,Paid
VAT-7B0FD177,GR0000000211,2022-Q2,2022-07-21,63719.0,55754.0,39825.0,71861.0,27639.0,11055.0,15293.0,26533.0,-11241.0,Paid
VAT-F57EB0D7,GR0000000211,2022-Q3,2022-10-19,62784.0,54936.0,39240.0,62152.0,23904.0,9562.0,15068.0,22948.0,-7880.0,Paid
VAT-C1A92EDB,GR0000000211,2022-Q4,2023-01-15,75407.0,65981.0,47129.0,85436.0,32860.0,13144.0,18098.0,31546.0,-13448.0,Paid
VAT-58BE3D9C,GR0000000211,2023-Q1,2023-04-24,35980.0,31482.0,22487.0,38148.0,14672.0,5869.0,8635.0,14085.0,-5450.0,Paid
VAT-0EC930D2,GR0000000211,2023-Q2,2023-07-14,45667.0,39959.0,28542.0,49680.0,19108.0,7643.0,10960.0,18343.0,-7383.0,Paid
VAT-066B1C76,GR0000000211,2023-Q3,2023-10-24,48811.0,42710.0,30507.0,54050.0,20789.0,8315.0,11715.0,19957.0,-8242.0,Paid
VAT-A65B391F,GR0000000211,2023-Q4,2024-01-12,55691.0,48730.0,34807.0,55738.0,21438.0,8575.0,13366.0,20580.0,-7214.0,Paid
VAT-523405CB,GR0000000211,2024-Q1,2024-04-25,41936.0,36694.0,26210.0,41245.0,15863.0,6345.0,10065.0,15229.0,-5164.0,Paid
VAT-251CC952,GR0000000211,2024-Q2,2024-07-19,53475.0,46790.0,33422.0,56297.0,21653.0,8661.0,12834.0,20787.0,-7953.0,Paid
VAT-A547F68E,GR0000000211,2024-Q3,2024-10-25,47087.0,41201.0,29429.0,47586.0,18302.0,7321.0,11301.0,17570.0,-6269.0,Paid
VAT-A4A59DB1,GR0000000211,2024-Q4,2025-01-19,54462.0,47654.0,34039.0,61508.0,23657.0,9463.0,13071.0,22711.0,-9640.0,Paid
VAT-CB1A1471,GR0000000212,2022-Q1,2022-04-13,312460.0,170433.0,85216.0,240737.0,92591.0,37037.0,74990.0,88888.0,-13897.0,Paid
VAT-43BA13B2,GR0000000212,2022-Q2,2022-07-17,301900.0,164673.0,82336.0,249477.0,95953.0,38381.0,72456.0,92114.0,-19658.0,Paid
VAT-6EE78BD6,GR0000000212,2022-Q3,2022-10-13,313734.0,171128.0,85564.0,261399.0,100538.0,40215.0,75296.0,96516.0,-21220.0,Paid
VAT-6308EFF2,GR0000000212,2022-Q4,2023-01-25,356345.0,194370.0,97185.0,282165.0,108525.0,43410.0,85523.0,104184.0,-18661.0,Paid
VAT-C235B5C1,GR0000000212,2023-Q1,2023-04-23,148729.0,81125.0,40562.0,124473.0,47874.0,19150.0,35695.0,45959.0,-10264.0,Paid
VAT-B8C8BB98,GR0000000212,2023-Q2,2023-07-15,176219.0,96120.0,48060.0,145972.0,56143.0,22457.0,42293.0,53897.0,-11605.0,Paid
VAT-5F8DBDB1,GR0000000212,2023-Q3,2023-10-21,185980.0,101444.0,50722.0,151596.0,58306.0,23322.0,44635.0,55974.0,-11339.0,Paid
VAT-70C9C797,GR0000000212,2023-Q4,2024-01-22,202368.0,110383.0,55191.0,168280.0,64723.0,25889.0,48568.0,62134.0,-13566.0,Paid
VAT-61C11A38,GR0000000212,2024-Q1,2024-04-13,235597.0,128507.0,64254.0,185432.0,71320.0,28528.0,56543.0,68467.0,-11924.0,Paid
VAT-659BFD04,GR0000000212,2024-Q2,2024-07-20,259272.0,141421.0,70711.0,222277.0,85491.0,34196.0,62225.0,82072.0,-19846.0,Paid
VAT-0E04BBDA,GR0000000212,2024-Q3,2024-10-18,236390.0,128940.0,64470.0,190935.0,73437.0,29375.0,56734.0,70499.0,-13765.0,Paid
VAT-C8E40D69,GR0000000212,2024-Q4,2025-01-16,279976.0,152714.0,76357.0,244783.0,94147.0,37659.0,67194.0,90381.0,-23187.0,Paid
VAT-9294F57B,GR0000000213,2023-Q1,2023-04-13,3013218.0,1506609.0,502203.0,1372513.0,527889.0,211156.0,723172.0,506774.0,216398.0,Paid
VAT-6DB39801,GR0000000213,2023-Q2,2023-07-14,9516023.0,4758012.0,1586004.0,4953111.0,1905043.0,762017.0,2283846.0,1828841.0,455005.0,Paid
VAT-1482740D,GR0000000213,2023-Q3,2023-10-20,12198261.0,6099130.0,2033043.0,5550397.0,2134768.0,853907.0,2927583.0,2049377.0,878205.0,Paid
VAT-4A0A49C3,GR0000000213,2023-Q4,2024-01-17,6091609.0,3045804.0,1015268.0,3189368.0,1226680.0,490672.0,1461986.0,1177613.0,284373.0,Paid
VAT-83D8BF2B,GR0000000213,2024-Q1,2024-04-18,1924054.0,962027.0,320676.0,951910.0,366119.0,146448.0,461773.0,351474.0,110299.0,Paid
VAT-9A67B104,GR0000000213,2024-Q2,2024-07-18,5698447.0,2849224.0,949741.0,2603168.0,1001219.0,400487.0,1367627.0,961170.0,406457.0,Paid
VAT-5A1381F3,GR0000000213,2024-Q3,2024-10-26,6945099.0,3472550.0,1157517.0,3172377.0,1220145.0,488058.0,1666824.0,1171339.0,495485.0,Paid
VAT-2C8AF9A7,GR0000000213,2024-Q4,2025-01-16,3253542.0,1626771.0,542257.0,1482601.0,570231.0,228092.0,780850.0,547422.0,233428.0,Paid
VAT-61764EC7,GR0000000214,2022-Q1,2022-05-28,84957.0,46412.0,19508.0,74112.0,28298.0,10277.0,20390.0,31774.0,-11384.0,Paid
VAT-F2F82FA8,GR0000000214,2022-Q2,2022-09-11,121259.0,65073.0,28195.0,102628.0,39275.0,14877.0,29102.0,46888.0,-17786.0,Paid
VAT-B5AEE08D,GR0000000214,2022-Q3,2022-11-14,154613.0,81443.0,31481.0,136252.0,46593.0,18394.0,37107.0,59881.0,-22774.0,Paid
VAT-C956B0F0,GR0000000214,2022-Q4,2023-02-19,101869.0,50918.0,20759.0,103568.0,35687.0,12596.0,24449.0,42321.0,-17872.0,Paid
VAT-1AA1515A,GR0000000214,2023-Q1,2023-04-30,235111.0,106739.0,45647.0,211888.0,73053.0,28331.0,56427.0,89965.0,-33538.0,Paid
VAT-3189C957,GR0000000214,2023-Q2,2023-07-20,358376.0,163207.0,66616.0,330399.0,109349.0,41414.0,86010.0,140552.0,-54542.0,Paid
VAT-F780FF9F,GR0000000214,2023-Q3,2023-11-04,304196.0,178310.0,75601.0,311947.0,103547.0,39679.0,73007.0,130965.0,-57958.0,Paid
VAT-1582212F,GR0000000214,2023-Q4,2024-02-21,188037.0,103824.0,45226.0,181359.0,62738.0,24120.0,45129.0,78703.0,-33574.0,Paid
VAT-C8A34FE1,GR0000000214,2024-Q1,2024-05-11,249924.0,135967.0,56063.0,255713.0,90585.0,33405.0,59982.0,108732.0,-48750.0,Paid
VAT-427331DD,GR0000000214,2024-Q2,2024-07-26,435313.0,205544.0,86632.0,411498.0,145836.0,52096.0,104475.0,181634.0,-77159.0,Paid
VAT-DE37D75D,GR0000000214,2024-Q3,2024-11-08,463722.0,201519.0,89726.0,414596.0,159986.0,57133.0,111293.0,184863.0,-73570.0,Paid
VAT-E696F86D,GR0000000214,2024-Q4,2025-02-16,279003.0,136552.0,57290.0,234068.0,86436.0,32762.0,66961.0,103773.0,-36812.0,Paid
VAT-74FFC162,GR0000000215,2022-Q1,2022-04-13,135183.0,38624.0,19312.0,90619.0,34853.0,13941.0,32444.0,33459.0,-1015.0,Paid
VAT-F49604FC,GR0000000215,2022-Q2,2022-07-15,205296.0,58656.0,29328.0,147736.0,56822.0,22729.0,49271.0,54549.0,-5278.0,Paid
VAT-41515AAF,GR0000000215,2022-Q3,2022-10-23,163055.0,46587.0,23294.0,109405.0,42079.0,16832.0,39133.0,40396.0,-1262.0,Paid
VAT-88BAA2E6,GR0000000215,2022-Q4,2023-01-12,158098.0,45171.0,22585.0,105049.0,40404.0,16161.0,37943.0,38787.0,-844.0,Paid
VAT-ED1396B5,GR0000000215,2023-Q1,2023-04-22,95377.0,27251.0,13625.0,66381.0,25531.0,10212.0,22890.0,24510.0,-1619.0,Paid
VAT-9B2F087A,GR0000000215,2023-Q2,2023-07-24,144701.0,41343.0,20672.0,103393.0,39767.0,15907.0,34728.0,38176.0,-3448.0,Paid
VAT-9302AE41,GR0000000215,2023-Q3,2023-10-17,119732.0,34209.0,17105.0,80515.0,30967.0,12387.0,28736.0,29728.0,-993.0,Paid
VAT-B0C8FD3A,GR0000000215,2023-Q4,2024-01-14,123794.0,35370.0,17685.0,83948.0,32288.0,12915.0,29711.0,30996.0,-1285.0,Paid
VAT-383BE474,GR0000000215,2024-Q1,2024-04-25,76564.0,21875.0,10938.0,49987.0,19226.0,7690.0,18375.0,18457.0,-82.0,Paid
VAT-AC93E36A,GR0000000215,2024-Q2,2024-07-23,125308.0,35802.0,17901.0,83860.0,32254.0,12901.0,30074.0,30964.0,-890.0,Paid
VAT-5C34FC9B,GR0000000215,2024-Q3,2024-10-24,110790.0,31654.0,15827.0,72703.0,27963.0,11185.0,26590.0,26844.0,-255.0,Paid
VAT-95A6C34F,GR0000000215,2024-Q4,2025-01-12,95334.0,27238.0,13619.0,70386.0,27071.0,10829.0,22880.0,25989.0,-3108.0,Paid
VAT-E51886A2,GR0000000216,2022-Q1,2022-04-16,51475.0,21448.0,12869.0,43737.0,16822.0,6729.0,12354.0,16149.0,-3795.0,Paid
VAT-32622ACC,GR0000000216,2022-Q2,2022-07-15,63502.0,26459.0,15875.0,53029.0,20396.0,8158.0,15240.0,19580.0,-4340.0,Paid
VAT-BF3DDE7A,GR0000000216,2022-Q3,2022-10-13,64096.0,26707.0,16024.0,56378.0,21684.0,8674.0,15383.0,20817.0,-5433.0,Paid
VAT-6C0137C9,GR0000000216,2022-Q4,2023-01-11,81541.0,33975.0,20385.0,71863.0,27640.0,11056.0,19570.0,26534.0,-6964.0,Paid
VAT-B2043BAA,GR0000000216,2023-Q1,2023-04-14,100165.0,41736.0,25041.0,81721.0,31431.0,12572.0,24040.0,30174.0,-6134.0,Paid
VAT-AF3EC647,GR0000000216,2023-Q2,2023-07-11,127315.0,53048.0,31829.0,115321.0,44354.0,17742.0,30556.0,42580.0,-12025.0,Paid
VAT-CD6BB890,GR0000000216,2023-Q3,2023-10-14,134638.0,56099.0,33660.0,120376.0,46298.0,18519.0,32313.0,44446.0,-12133.0,Paid
VAT-6D241F03,GR0000000216,2023-Q4,2024-01-23,147495.0,61456.0,36874.0,126593.0,48690.0,19476.0,35399.0,46742.0,-11344.0,Paid
VAT-2FC987AD,GR0000000216,2024-Q1,2024-04-25,125712.0,52380.0,31428.0,107316.0,41275.0,16510.0,30171.0,39624.0,-9453.0,Paid
VAT-0186BF3F,GR0000000216,2024-Q2,2024-07-11,166207.0,69253.0,41552.0,148710.0,57196.0,22878.0,39890.0,54908.0,-15019.0,Paid
VAT-5FDDE715,GR0000000216,2024-Q3,2024-10-24,168322.0,70134.0,42081.0,145421.0,55931.0,22372.0,40397.0,53694.0,-13297.0,Paid
VAT-E5D99BB7,GR0000000216,2024-Q4,2025-01-24,192191.0,80079.0,48048.0,157882.0,60724.0,24290.0,46126.0,58295.0,-12169.0,Paid
VAT-A2981218,GR0000000217,2022-Q1,2022-04-15,14956.0,2804.0,935.0,9407.0,3618.0,1447.0,3589.0,3473.0,116.0,Partial
VAT-8B2CC927,GR0000000217,2022-Q2,2022-07-25,14931.0,2800.0,933.0,9490.0,3650.0,1460.0,3583.0,3504.0,79.0,Paid
VAT-0731DCB9,GR0000000217,2022-Q3,2022-10-12,15523.0,2911.0,970.0,9732.0,3743.0,1497.0,3725.0,3593.0,132.0,Paid
VAT-BD9111C8,GR0000000217,2022-Q4,2023-01-26,28368.0,5319.0,1773.0,18863.0,7255.0,2902.0,6808.0,6965.0,-156.0,Paid
VAT-8F54DFAA,GR0000000217,2023-Q1,2023-04-23,20480.0,3840.0,1280.0,13316.0,5121.0,2049.0,4915.0,4917.0,-1.0,Paid
VAT-19B3707A,GR0000000217,2023-Q2,2023-07-12,20809.0,3902.0,1301.0,13145.0,5056.0,2022.0,4994.0,4854.0,141.0,Paid
VAT-1DA3D0C0,GR0000000217,2023-Q3,2023-10-25,18208.0,3414.0,1138.0,11470.0,4411.0,1765.0,4370.0,4235.0,135.0,Paid
VAT-2F161547,GR0000000217,2023-Q4,2024-01-11,40260.0,7549.0,2516.0,25102.0,9655.0,3862.0,9662.0,9268.0,394.0,Paid
VAT-77540B7E,GR0000000217,2024-Q1,2024-04-21,14567.0,2731.0,910.0,10023.0,3855.0,1542.0,3496.0,3701.0,-205.0,Paid
VAT-BB4261BA,GR0000000217,2024-Q2,2024-07-24,12353.0,2316.0,772.0,7727.0,2972.0,1189.0,2965.0,2853.0,111.0,Paid
VAT-0B7BACEA,GR0000000217,2024-Q3,2024-10-26,13880.0,2602.0,867.0,8895.0,3421.0,1368.0,3331.0,3284.0,47.0,Paid
VAT-E7B0170C,GR0000000217,2024-Q4,2025-01-21,26811.0,5027.0,1676.0,18020.0,6931.0,2772.0,6435.0,6654.0,-219.0,Paid
VAT-9CDB1E31,GR0000000218,2022-Q1,2022-04-10,264366.0,144199.0,72100.0,210227.0,80857.0,32343.0,63448.0,77622.0,-14175.0,Paid
VAT-9D30A8B1,GR0000000218,2022-Q2,2022-07-12,309593.0,168869.0,84434.0,267402.0,102847.0,41139.0,74302.0,98733.0,-24431.0,Paid
VAT-5385E22A,GR0000000218,2022-Q3,2022-10-23,319998.0,174545.0,87272.0,249657.0,96022.0,38409.0,76800.0,92181.0,-15381.0,Paid
VAT-6A52E2BF,GR0000000218,2022-Q4,2023-01-22,383794.0,209342.0,104671.0,300811.0,115696.0,46279.0,92111.0,111069.0,-18958.0,Paid
VAT-BE2C0129,GR0000000218,2023-Q1,2023-04-12,607538.0,331384.0,165692.0,468174.0,180067.0,72027.0,145809.0,172864.0,-27055.0,Paid
VAT-410218AE,GR0000000218,2023-Q2,2023-07-15,643308.0,350895.0,175448.0,542442.0,208632.0,83453.0,154394.0,200286.0,-45892.0,Paid
VAT-763F98E1,GR0000000218,2023-Q3,2023-10-23,570030.0,310925.0,155463.0,466088.0,179265.0,71706.0,136807.0,172094.0,-35287.0,Paid
VAT-6A22E6F4,GR0000000218,2023-Q4,2024-01-25,705113.0,384607.0,192304.0,564896.0,217268.0,86907.0,169227.0,208577.0,-39350.0,Paid
VAT-0E8DF1F7,GR0000000218,2024-Q1,2024-04-14,281924.0,153777.0,76888.0,232383.0,89378.0,35751.0,67662.0,85803.0,-18141.0,Paid
VAT-F568D83D,GR0000000218,2024-Q2,2024-07-19,311814.0,170081.0,85040.0,272940.0,104977.0,41991.0,74835.0,100778.0,-25942.0,Paid
VAT-B06F1F6E,GR0000000218,2024-Q3,2024-10-22,289194.0,157742.0,78871.0,226290.0,87034.0,34814.0,69407.0,83553.0,-14146.0,Paid
VAT-AE2057C8,GR0000000218,2024-Q4,2025-01-21,337917.0,184318.0,92159.0,263031.0,101166.0,40466.0,81100.0,97119.0,-16019.0,Paid
VAT-573BB8D2,GR0000000219,2023-Q1,2023-04-17,97000.0,18188.0,6063.0,58935.0,22667.0,9067.0,23280.0,21761.0,1519.0,Partial
VAT-E82E02B5,GR0000000219,2023-Q2,2023-07-21,97201.0,18225.0,6075.0,59881.0,23031.0,9212.0,23328.0,22110.0,1219.0,Paid
VAT-DFA5FB78,GR0000000219,2023-Q3,2023-10-25,106791.0,20023.0,6674.0,62753.0,24136.0,9654.0,25630.0,23170.0,2460.0,Paid
VAT-5FC66AA1,GR0000000219,2023-Q4,2024-01-22,208866.0,39162.0,13054.0,131463.0,50563.0,20225.0,50128.0,48540.0,1588.0,Paid
VAT-B21BEB46,GR0000000219,2024-Q1,2024-04-17,126852.0,23785.0,7928.0,78183.0,30070.0,12028.0,30445.0,28867.0,1577.0,Paid
VAT-18AF2D8D,GR0000000219,2024-Q2,2024-07-22,130454.0,24460.0,8153.0,77583.0,29840.0,11936.0,31309.0,28646.0,2663.0,Paid
VAT-E823DB84,GR0000000219,2024-Q3,2024-10-11,117487.0,22029.0,7343.0,74469.0,28642.0,11457.0,28197.0,27496.0,701.0,Paid
VAT-EA730F55,GR0000000219,2024-Q4,2025-01-11,261657.0,49061.0,16354.0,158985.0,61148.0,24459.0,62798.0,58702.0,4095.0,Paid
VAT-47AB07DA,GR0000000220,2022-Q1,2022-04-23,454235.0,85169.0,28390.0,263739.0,101438.0,40575.0,109016.0,97380.0,11636.0,Paid
VAT-13B725E7,GR0000000220,2022-Q2,2022-07-22,385972.0,72370.0,24123.0,246528.0,94819.0,37927.0,92633.0,91026.0,1607.0,Paid
VAT-8069E520,GR0000000220,2022-Q3,2022-10-24,391624.0,73429.0,24476.0,240751.0,92597.0,37039.0,93990.0,88893.0,5097.0,Paid
VAT-5E38044C,GR0000000220,2022-Q4,2023-01-13,520952.0,97678.0,32559.0,331837.0,127629.0,51052.0,125028.0,122524.0,2504.0,Paid
VAT-F3635690,GR0000000220,2023-Q1,2023-04-15,330610.0,61989.0,20663.0,209004.0,80386.0,32154.0,79346.0,77171.0,2176.0,Paid
VAT-F2D895F1,GR0000000220,2023-Q2,2023-07-15,261806.0,49089.0,16363.0,157215.0,60467.0,24187.0,62833.0,58048.0,4785.0,Paid
VAT-CC853E6B,GR0000000220,2023-Q3,2023-10-19,250658.0,46998.0,15666.0,157808.0,60695.0,24278.0,60158.0,58267.0,1890.0,Paid
VAT-4DB5F5B6,GR0000000220,2023-Q4,2024-01-13,345060.0,64699.0,21566.0,214365.0,82448.0,32979.0,82814.0,79150.0,3664.0,Paid
VAT-D59936BB,GR0000000220,2024-Q1,2024-04-12,353178.0,66221.0,22074.0,218082.0,83878.0,33551.0,84763.0,80523.0,4240.0,Paid
VAT-D60ECFCE,GR0000000220,2024-Q2,2024-07-24,303815.0,56965.0,18988.0,190184.0,73148.0,29259.0,72915.0,70222.0,2694.0,Paid
VAT-52F3E031,GR0000000220,2024-Q3,2024-10-25,285263.0,53487.0,17829.0,170808.0,65695.0,26278.0,68463.0,63068.0,5396.0,Paid
VAT-ED49F502,GR0000000220,2024-Q4,2025-01-12,399877.0,74977.0,24992.0,248554.0,95598.0,38239.0,95971.0,91774.0,4197.0,Partial
VAT-B32B3CD0,GR0000000221,2022-Q1,2022-04-10,643258.0,321629.0,107210.0,349229.0,134319.0,53728.0,154382.0,128946.0,25436.0,Paid
VAT-FC98C6E6,GR0000000221,2022-Q2,2022-07-22,2127015.0,1063508.0,354503.0,1145066.0,440410.0,176164.0,510484.0,422793.0,87690.0,Paid
VAT-49E73FEF,GR0000000221,2022-Q3,2022-10-11,2713239.0,1356619.0,452206.0,1609356.0,618983.0,247593.0,651177.0,594224.0,56953.0,Paid
VAT-9C181E5C,GR0000000221,2022-Q4,2023-01-24,1440066.0,720033.0,240011.0,741283.0,285109.0,114043.0,345616.0,273704.0,71912.0,Paid
VAT-C776D123,GR0000000221,2023-Q1,2023-04-15,1015760.0,507880.0,169293.0,595014.0,228851.0,91541.0,243782.0,219697.0,24085.0,Paid
VAT-0B26BB14,GR0000000221,2023-Q2,2023-07-15,3058582.0,1529291.0,509764.0,1813240.0,697400.0,278960.0,734060.0,669504.0,64556.0,Paid
VAT-711BEF2D,GR0000000221,2023-Q3,2023-10-16,4269346.0,2134673.0,711558.0,2320736.0,892591.0,357036.0,1024643.0,856887.0,167756.0,Paid
VAT-2FF07149,GR0000000221,2023-Q4,2024-01-18,2049318.0,1024659.0,341553.0,1131751.0,435289.0,174116.0,491836.0,417877.0,73959.0,Paid
VAT-E39139B6,GR0000000221,2024-Q1,2024-04-16,701902.0,350951.0,116984.0,356622.0,137162.0,54865.0,168457.0,131676.0,36781.0,Paid
VAT-433BE7CF,GR0000000221,2024-Q2,2024-07-16,2296455.0,1148228.0,382743.0,1170389.0,450150.0,180060.0,551149.0,432144.0,119006.0,Paid
VAT-D45E0821,GR0000000221,2024-Q3,2024-10-21,3166044.0,1583022.0,527674.0,1583648.0,609095.0,243638.0,759850.0,584732.0,175119.0,Paid
VAT-9F8BC92D,GR0000000221,2024-Q4,2025-01-17,1587618.0,793809.0,264603.0,883797.0,339922.0,135969.0,381028.0,326325.0,54703.0,Paid
VAT-ED0CAACE,GR0000000222,2022-Q1,2022-04-10,50112.0,9396.0,3132.0,32064.0,12332.0,4933.0,12027.0,11839.0,188.0,Paid
VAT-D524AD4E,GR0000000222,2022-Q2,2022-07-18,50496.0,9468.0,3156.0,34596.0,13306.0,5323.0,12119.0,12774.0,-655.0,Paid
VAT-333F109F,GR0000000222,2022-Q3,2022-10-12,44363.0,8318.0,2773.0,28971.0,11143.0,4457.0,10647.0,10697.0,-50.0,Paid
VAT-164ECE03,GR0000000222,2022-Q4,2023-01-22,97526.0,18286.0,6095.0,61448.0,23634.0,9454.0,23406.0,22689.0,718.0,Paid
VAT-AD25047E,GR0000000222,2023-Q1,2023-04-23,34483.0,6466.0,2155.0,21543.0,8286.0,3314.0,8276.0,7954.0,322.0,Paid
VAT-3F71E729,GR0000000222,2023-Q2,2023-07-11,36363.0,6818.0,2273.0,23503.0,9039.0,3616.0,8727.0,8678.0,49.0,Partial
VAT-EE67F3CE,GR0000000222,2023-Q3,2023-10-18,37662.0,7062.0,2354.0,24514.0,9429.0,3771.0,9039.0,9051.0,-13.0,Paid
VAT-9EBED46C,GR0000000222,2023-Q4,2024-01-13,72973.0,13682.0,4561.0,45649.0,17557.0,7023.0,17514.0,16855.0,659.0,Paid
VAT-88BF4299,GR0000000222,2024-Q1,2024-04-13,17367.0,3256.0,1085.0,11025.0,4240.0,1696.0,4168.0,4071.0,97.0,Paid
VAT-B571E5FF,GR0000000222,2024-Q2,2024-07-23,19320.0,3622.0,1207.0,12340.0,4746.0,1898.0,4637.0,4556.0,80.0,Paid
VAT-37E0A8EE,GR0000000222,2024-Q3,2024-10-25,17958.0,3367.0,1122.0,11003.0,4232.0,1693.0,4310.0,4063.0,247.0,Paid
VAT-3BA6D815,GR0000000222,2024-Q4,2025-01-23,35077.0,6577.0,2192.0,22938.0,8822.0,3529.0,8419.0,8470.0,-51.0,Paid
VAT-64EADC32,GR0000000223,2022-Q1,2022-04-19,209010.0,39189.0,13063.0,111062.0,42716.0,17086.0,50162.0,41007.0,9155.0,Paid
VAT-DEB863DF,GR0000000223,2022-Q2,2022-07-25,181974.0,34120.0,11373.0,96251.0,37020.0,14808.0,43674.0,35539.0,8135.0,Paid
VAT-76981CB8,GR0000000223,2022-Q3,2022-10-18,186860.0,35036.0,11679.0,103000.0,39615.0,15846.0,44846.0,38031.0,6816.0,Paid
VAT-6210FFB5,GR0000000223,2022-Q4,2023-01-19,227345.0,42627.0,14209.0,131488.0,50572.0,20229.0,54563.0,48549.0,6013.0,Paid
VAT-450CE83E,GR0000000223,2023-Q1,2023-04-15,211293.0,39617.0,13206.0,124677.0,47953.0,19181.0,50710.0,46034.0,4676.0,Paid
VAT-EC65CBD5,GR0000000223,2023-Q2,2023-07-14,175972.0,32995.0,10998.0,95840.0,36861.0,14745.0,42233.0,35387.0,6846.0,Paid
VAT-7ED825FF,GR0000000223,2023-Q3,2023-10-21,186008.0,34877.0,11626.0,99614.0,38313.0,15325.0,44642.0,36780.0,7862.0,Paid
VAT-DE5D5D63,GR0000000223,2023-Q4,2024-01-18,206194.0,38661.0,12887.0,122459.0,47100.0,18840.0,49487.0,45216.0,4271.0,Paid
VAT-C3053234,GR0000000223,2024-Q1,2024-04-20,131080.0,24577.0,8192.0,79000.0,30384.0,12154.0,31459.0,29169.0,2290.0,Paid
VAT-7BE52C79,GR0000000223,2024-Q2,2024-07-26,106468.0,19963.0,6654.0,58294.0,22421.0,8968.0,25552.0,21524.0,4028.0,Paid
VAT-EEC023AA,GR0000000223,2024-Q3,2024-10-14,102901.0,19294.0,6431.0,58075.0,22336.0,8935.0,24696.0,21443.0,3253.0,Paid
VAT-2C7802FB,GR0000000223,2024-Q4,2025-01-24,141117.0,26459.0,8820.0,79211.0,30466.0,12186.0,33868.0,29247.0,4621.0,Paid
VAT-4C5F2677,GR0000000224,2022-Q1,2022-04-24,85632.0,40239.0,24120.0,87298.0,32125.0,12726.0,20552.0,33210.0,-12658.0,Paid
VAT-4C48B876,GR0000000224,2022-Q2,2022-07-25,132512.0,56377.0,35839.0,121290.0,45335.0,17603.0,31803.0,47283.0,-15480.0,Paid
VAT-24BEC0F5,GR0000000224,2022-Q3,2022-10-31,133156.0,58515.0,35004.0,126720.0,46870.0,18128.0,31957.0,48688.0,-16731.0,Paid
VAT-DB8C3A55,GR0000000224,2022-Q4,2023-01-27,150512.0,65972.0,41458.0,144195.0,53835.0,20617.0,36123.0,54718.0,-18596.0,Paid
VAT-54E2D161,GR0000000224,2023-Q1,2023-05-01,110263.0,47752.0,29577.0,99151.0,37817.0,14565.0,26463.0,39124.0,-12661.0,Paid
VAT-88994619,GR0000000224,2023-Q2,2023-07-29,153218.0,65106.0,40636.0,134223.0,51429.0,20371.0,36772.0,51389.0,-14616.0,Paid
VAT-15114C54,GR0000000224,2023-Q3,2023-11-03,140183.0,61465.0,40083.0,131614.0,49004.0,19053.0,33644.0,49780.0,-16136.0,Paid
VAT-1AEAB612,GR0000000224,2023-Q4,2024-01-19,180601.0,74026.0,47811.0,158619.0,60333.0,24188.0,43344.0,60626.0,-17281.0,Paid
VAT-342EAC66,GR0000000224,2024-Q1,2024-04-17,154838.0,66796.0,42265.0,142057.0,51866.0,20502.0,37161.0,54019.0,-16858.0,Paid
VAT-BC31BC7F,GR0000000224,2024-Q2,2024-07-19,220872.0,95035.0,57726.0,190929.0,71848.0,28279.0,53009.0,72333.0,-19324.0,Paid
VAT-2B530F3C,GR0000000224,2024-Q3,2024-11-04,208314.0,83373.0,52961.0,201382.0,75069.0,29604.0,49995.0,77678.0,-27683.0,Paid
VAT-45AB00DC,GR0000000224,2024-Q4,2025-01-16,280807.0,115019.0,72874.0,250336.0,92933.0,36282.0,67394.0,96209.0,-28815.0,Paid
VAT-F6EA8F37,GR0000000225,2022-Q1,2022-05-03,240376.0,50866.0,16899.0,155776.0,58020.0,23180.0,57690.0,60714.0,-3024.0,Paid
VAT-9380B5B2,GR0000000225,2022-Q2,2022-07-19,200903.0,39810.0,13219.0,133526.0,48624.0,19013.0,48217.0,51901.0,-3685.0,Paid
VAT-7861627A,GR0000000225,2022-Q3,2022-10-30,238049.0,48322.0,16150.0,152239.0,56262.0,22658.0,57132.0,59631.0,-2499.0,Paid
VAT-66B857A1,GR0000000225,2022-Q4,2023-02-14,309141.0,59814.0,20403.0,194261.0,74389.0,29600.0,74194.0,75701.0,-1508.0,Paid
VAT-61BCA8BF,GR0000000225,2023-Q1,2023-04-18,165849.0,29867.0,10762.0,106421.0,39729.0,15788.0,39804.0,41044.0,-1240.0,Paid
VAT-4DC91CF4,GR0000000225,2023-Q2,2023-07-29,117473.0,23058.0,8037.0,83738.0,30701.0,12093.0,28194.0,32431.0,-4237.0,Paid
VAT-5CBB71EA,GR0000000225,2023-Q3,2023-10-19,132737.0,27783.0,9266.0,86490.0,32095.0,12510.0,31857.0,32633.0,-776.0,Paid
VAT-2FB2B752,GR0000000225,2023-Q4,2024-01-23,146506.0,28462.0,9982.0,99001.0,37933.0,14835.0,35161.0,38974.0,-3812.0,Paid
VAT-828026AA,GR0000000225,2024-Q1,2024-04-20,263510.0,51563.0,17152.0,179813.0,64314.0,25645.0,63242.0,67057.0,-3815.0,Paid
VAT-FC09A91F,GR0000000225,2024-Q2,2024-07-23,247941.0,47475.0,16311.0,150882.0,57568.0,22703.0,59506.0,59400.0,106.0,Paid
VAT-221C0EB5,GR0000000225,2024-Q3,2024-10-22,204730.0,39218.0,13383.0,133898.0,50455.0,19384.0,49135.0,50418.0,-1283.0,Paid
VAT-81126A6A,GR0000000225,2024-Q4,2025-02-04,253742.0,48090.0,17151.0,161579.0,62175.0,23861.0,60898.0,61650.0,-752.0,Paid
VAT-092F70FC,GR0000000226,2022-Q1,2022-04-13,140463.0,26337.0,8779.0,90380.0,34761.0,13905.0,33711.0,33371.0,340.0,Paid
VAT-0AF363B6,GR0000000226,2022-Q2,2022-07-24,138813.0,26027.0,8676.0,87324.0,33586.0,13434.0,33315.0,32243.0,1072.0,Paid
VAT-35B04B63,GR0000000226,2022-Q3,2022-10-24,152204.0,28538.0,9513.0,102333.0,39359.0,15743.0,36529.0,37784.0,-1256.0,Paid
VAT-4618B0DA,GR0000000226,2022-Q4,2023-01-25,293587.0,55048.0,18349.0,189296.0,72806.0,29122.0,70461.0,69894.0,567.0,Paid
VAT-696DA19B,GR0000000226,2023-Q1,2023-04-22,69342.0,13002.0,4334.0,43990.0,16919.0,6768.0,16642.0,16243.0,399.0,Paid
VAT-787274D1,GR0000000226,2023-Q2,2023-07-11,74097.0,13893.0,4631.0,50738.0,19515.0,7806.0,17783.0,18734.0,-951.0,Paid
VAT-82A76D2E,GR0000000226,2023-Q3,2023-10-14,67502.0,12657.0,4219.0,44362.0,17062.0,6825.0,16201.0,16380.0,-179.0,Paid
VAT-C56B7361,GR0000000226,2023-Q4,2024-01-14,162032.0,30381.0,10127.0,104401.0,40154.0,16062.0,38888.0,38548.0,340.0,Paid
VAT-CB8A8C6E,GR0000000226,2024-Q1,2024-04-13,188205.0,35288.0,11763.0,127734.0,49129.0,19651.0,45169.0,47163.0,-1994.0,Paid
VAT-CC6A5AA3,GR0000000226,2024-Q2,2024-07-23,210476.0,39464.0,13155.0,129663.0,49870.0,19948.0,50514.0,47876.0,2639.0,Paid
VAT-A34A2606,GR0000000226,2024-Q3,2024-10-26,191890.0,35979.0,11993.0,119273.0,45874.0,18350.0,46054.0,44039.0,2015.0,Paid
VAT-29423A33,GR0000000226,2024-Q4,2025-01-24,404562.0,75855.0,25285.0,277243.0,106632.0,42653.0,97095.0,102367.0,-5272.0,Paid
VAT-51938EDA,GR0000000227,2022-Q1,2022-04-10,14594.0,4170.0,2085.0,10404.0,4002.0,1601.0,3502.0,3842.0,-339.0,Paid
VAT-B1CC279E,GR0000000227,2022-Q2,2022-07-22,21493.0,6141.0,3070.0,15550.0,5981.0,2392.0,5158.0,5741.0,-583.0,Paid
VAT-46BF92B0,GR0000000227,2022-Q3,2022-10-15,16031.0,4580.0,2290.0,12175.0,4683.0,1873.0,3847.0,4495.0,-648.0,Paid
VAT-1B751462,GR0000000227,2022-Q4,2023-01-15,15684.0,4481.0,2241.0,11893.0,4574.0,1830.0,3764.0,4391.0,-627.0,Paid
VAT-CAB4B38F,GR0000000227,2023-Q1,2023-04-23,17160.0,4903.0,2451.0,13526.0,5202.0,2081.0,4118.0,4994.0,-876.0,Paid
VAT-6016EE88,GR0000000227,2023-Q2,2023-07-26,26176.0,7479.0,3739.0,20227.0,7779.0,3112.0,6282.0,7468.0,-1186.0,Paid
VAT-3E79FD57,GR0000000227,2023-Q3,2023-10-20,22490.0,6426.0,3213.0,17311.0,6658.0,2663.0,5397.0,6392.0,-994.0,Paid
VAT-D1944B7D,GR0000000227,2023-Q4,2024-01-14,21509.0,6145.0,3073.0,16625.0,6394.0,2558.0,5162.0,6139.0,-977.0,Paid
VAT-0138BF89,GR0000000227,2024-Q1,2024-04-23,9648.0,2756.0,1378.0,7464.0,2871.0,1148.0,2315.0,2756.0,-441.0,Paid
VAT-BB03B655,GR0000000227,2024-Q2,2024-07-17,13825.0,3950.0,1975.0,9806.0,3771.0,1509.0,3318.0,3621.0,-303.0,Paid
VAT-34A28CCB,GR0000000227,2024-Q3,2024-10-12,11579.0,3308.0,1654.0,8716.0,3352.0,1341.0,2779.0,3218.0,-439.0,Paid
VAT-21DF9CC8,GR0000000227,2024-Q4,2025-01-18,12897.0,3685.0,1842.0,9170.0,3527.0,1411.0,3095.0,3386.0,-291.0,Paid
VAT-11A1E268,GR0000000228,2022-Q1,2022-04-16,42568.0,7981.0,2660.0,24321.0,9354.0,3742.0,10216.0,8980.0,1236.0,Paid
VAT-E44C634A,GR0000000228,2022-Q2,2022-07-21,31791.0,5961.0,1987.0,19876.0,7645.0,3058.0,7630.0,7339.0,291.0,Paid
VAT-9FAF4821,GR0000000228,2022-Q3,2022-10-15,31673.0,5939.0,1980.0,20463.0,7871.0,3148.0,7602.0,7556.0,46.0,Paid
VAT-56FF5946,GR0000000228,2022-Q4,2023-01-14,38112.0,7146.0,2382.0,22971.0,8835.0,3534.0,9147.0,8481.0,665.0,Paid
VAT-9D6EBF3E,GR0000000228,2023-Q1,2023-04-11,58928.0,11049.0,3683.0,34227.0,13164.0,5266.0,14143.0,12638.0,1505.0,Paid
VAT-F9BEB951,GR0000000228,2023-Q2,2023-07-24,46763.0,8768.0,2923.0,26820.0,10315.0,4126.0,11223.0,9903.0,1320.0,Paid
VAT-45A66185,GR0000000228,2023-Q3,2023-10-22,45181.0,8471.0,2824.0,26092.0,10035.0,4014.0,10843.0,9634.0,1209.0,Paid
VAT-5BE2621C,GR0000000228,2023-Q4,2024-01-22,52431.0,9831.0,3277.0,32899.0,12653.0,5061.0,12583.0,12147.0,436.0,Paid
VAT-A9EDF0C9,GR0000000228,2024-Q1,2024-04-12,55765.0,10456.0,3485.0,32272.0,12412.0,4965.0,13384.0,11916.0,1468.0,Paid
VAT-9A707BC0,GR0000000228,2024-Q2,2024-07-17,43699.0,8194.0,2731.0,28182.0,10839.0,4336.0,10488.0,10406.0,82.0,Paid
VAT-9692E675,GR0000000228,2024-Q3,2024-10-11,42968.0,8056.0,2685.0,26729.0,10280.0,4112.0,10312.0,9869.0,443.0,Paid
VAT-47395638,GR0000000228,2024-Q4,2025-01-14,57483.0,10778.0,3593.0,33588.0,12918.0,5167.0,13796.0,12402.0,1394.0,Paid
VAT-8434CBCC,GR0000000229,2022-Q1,2022-04-10,19698.0,10744.0,5372.0,16211.0,6235.0,2494.0,4728.0,5985.0,-1258.0,Paid
VAT-3042EAAA,GR0000000229,2022-Q2,2022-07-14,26443.0,14424.0,7212.0,22762.0,8755.0,3502.0,6346.0,8405.0,-2058.0,Paid
VAT-D8EC4A7F,GR0000000229,2022-Q3,2022-10-16,23475.0,12804.0,6402.0,19280.0,7416.0,2966.0,5634.0,7119.0,-1485.0,Paid
VAT-CA34DBDF,GR0000000229,2022-Q4,2023-01-16,25929.0,14143.0,7071.0,22202.0,8539.0,3416.0,6223.0,8198.0,-1975.0,Paid
VAT-DE595A64,GR0000000229,2023-Q1,2023-04-20,13671.0,7457.0,3728.0,10514.0,4044.0,1618.0,3281.0,3882.0,-601.0,Paid
VAT-2B6203E8,GR0000000229,2023-Q2,2023-07-21,15389.0,8394.0,4197.0,13557.0,5214.0,2086.0,3693.0,5006.0,-1312.0,Paid
VAT-C565D23F,GR0000000229,2023-Q3,2023-10-13,16283.0,8882.0,4441.0,12688.0,4880.0,1952.0,3908.0,4685.0,-777.0,Paid
VAT-F3140E73,GR0000000229,2023-Q4,2024-01-16,17547.0,9571.0,4786.0,13787.0,5303.0,2121.0,4211.0,5090.0,-879.0,Paid
VAT-3B017F36,GR0000000229,2024-Q1,2024-04-19,9784.0,5337.0,2668.0,8349.0,3211.0,1284.0,2348.0,3083.0,-735.0,Paid
VAT-B031D824,GR0000000229,2024-Q2,2024-07-13,9788.0,5339.0,2669.0,7563.0,2909.0,1164.0,2349.0,2793.0,-444.0,Paid
VAT-341E7A52,GR0000000229,2024-Q3,2024-10-26,10539.0,5749.0,2874.0,8883.0,3416.0,1367.0,2529.0,3280.0,-750.0,Paid
VAT-6DD371F3,GR0000000229,2024-Q4,2025-01-16,12621.0,6884.0,3442.0,10889.0,4188.0,1675.0,3029.0,4020.0,-991.0,Paid
VAT-B42EFD48,GR0000000230,2022-Q1,2022-04-19,5099152.0,4461758.0,3186970.0,4732256.0,1820098.0,728039.0,1223797.0,1747294.0,-523498.0,Paid
VAT-94DBEEC7,GR0000000230,2022-Q2,2022-07-16,5889604.0,5153403.0,3681002.0,5914975.0,2274990.0,909996.0,1413505.0,2183991.0,-770486.0,Paid
VAT-8B17481E,GR0000000230,2022-Q3,2022-10-18,6517526.0,5702835.0,4073454.0,6387281.0,2456647.0,982659.0,1564206.0,2358381.0,-794175.0,Paid
VAT-75E2721C,GR0000000230,2022-Q4,2023-01-20,8357092.0,7312456.0,5223183.0,8059809.0,3099926.0,1239971.0,2005702.0,2975929.0,-970227.0,Paid
VAT-9DDC9286,GR0000000230,2023-Q1,2023-04-16,3126543.0,2735725.0,1954090.0,3068089.0,1180034.0,472014.0,750370.0,1132833.0,-382462.0,Paid
VAT-CF53C1A2,GR0000000230,2023-Q2,2023-07-12,3800943.0,3325825.0,2375589.0,3424587.0,1317149.0,526859.0,912226.0,1264463.0,-352236.0,Paid
VAT-3292D8ED,GR0000000230,2023-Q3,2023-10-16,3553301.0,3109139.0,2220813.0,3186107.0,1225426.0,490170.0,852792.0,1176409.0,-323617.0,Paid
VAT-D41FDF27,GR0000000230,2023-Q4,2024-01-24,4491279.0,3929869.0,2807049.0,4360399.0,1677077.0,670831.0,1077907.0,1609993.0,-532087.0,Paid
VAT-A066DDB6,GR0000000230,2024-Q1,2024-04-18,3850564.0,3369244.0,2406603.0,4019034.0,1545782.0,618313.0,924135.0,1483951.0,-559816.0,Paid
VAT-FC036CCB,GR0000000230,2024-Q2,2024-07-19,4858681.0,4251346.0,3036676.0,4697162.0,1806601.0,722640.0,1166083.0,1734337.0,-568253.0,Paid
VAT-60F98D50,GR0000000230,2024-Q3,2024-10-17,4845308.0,4239644.0,3028317.0,5032438.0,1935553.0,774221.0,1162874.0,1858131.0,-695257.0,Paid
VAT-0328D4B7,GR0000000230,2024-Q4,2025-01-25,5486450.0,4800644.0,3429031.0,5631675.0,2166029.0,866411.0,1316748.0,2079388.0,-762639.0,Paid
VAT-C2827369,GR0000000231,2022-Q1,2022-04-18,70590.0,38504.0,19252.0,50393.0,19382.0,7753.0,16942.0,18607.0,-1665.0,Paid
VAT-1A4062BD,GR0000000231,2022-Q2,2022-07-12,78837.0,43002.0,21501.0,58129.0,22357.0,8943.0,18921.0,21463.0,-2542.0,Paid
VAT-74F834E9,GR0000000231,2022-Q3,2022-10-26,75970.0,41438.0,20719.0,57730.0,22204.0,8882.0,18233.0,21316.0,-3083.0,Paid
VAT-590FE953,GR0000000231,2022-Q4,2023-01-24,78297.0,42708.0,21354.0,62945.0,24210.0,9684.0,18791.0,23241.0,-4450.0,Paid
VAT-FF214DD6,GR0000000231,2023-Q1,2023-04-16,115822.0,63176.0,31588.0,92653.0,35636.0,14254.0,27797.0,34210.0,-6413.0,Paid
VAT-16A5E6C1,GR0000000231,2023-Q2,2023-07-25,146527.0,79924.0,39962.0,112501.0,43270.0,17308.0,35166.0,41539.0,-6372.0,Paid
VAT-BE9FE705,GR0000000231,2023-Q3,2023-10-20,139141.0,75895.0,37948.0,107446.0,41325.0,16530.0,33394.0,39672.0,-6279.0,Paid
VAT-9CDE492F,GR0000000231,2023-Q4,2024-01-17,151830.0,82816.0,41408.0,121651.0,46789.0,18716.0,36439.0,44917.0,-8478.0,Paid
VAT-221F49F6,GR0000000231,2024-Q1,2024-04-20,116153.0,63356.0,31678.0,89845.0,34556.0,13822.0,27877.0,33174.0,-5297.0,Paid
VAT-341D4583,GR0000000231,2024-Q2,2024-07-20,133727.0,72942.0,36471.0,95049.0,36557.0,14623.0,32094.0,35095.0,-3001.0,Paid
VAT-6C7147F4,GR0000000231,2024-Q3,2024-10-13,120501.0,65728.0,32864.0,86581.0,33300.0,13320.0,28920.0,31968.0,-3048.0,Paid
VAT-310C019D,GR0000000231,2024-Q4,2025-01-19,144255.0,78685.0,39342.0,118428.0,45549.0,18220.0,34621.0,43727.0,-9106.0,Paid
VAT-26D1FBB1,GR0000000232,2022-Q1,2022-04-13,56222.0,10979.0,3725.0,38739.0,13886.0,5473.0,13493.0,14430.0,-937.0,Paid
VAT-E90A8EE9,GR0000000232,2022-Q2,2022-07-23,57464.0,10682.0,3764.0,38337.0,14999.0,5837.0,13791.0,14674.0,-883.0,Paid
VAT-C6AC1FD5,GR0000000232,2022-Q3,2022-10-29,61406.0,12513.0,4260.0,40420.0,14970.0,5805.0,14737.0,15217.0,-480.0,Paid
VAT-A60D3DAB,GR0000000232,2022-Q4,2023-01-29,111043.0,22151.0,7999.0,78015.0,28775.0,11288.0,26650.0,30484.0,-3834.0,Paid
VAT-89A321EF,GR0000000232,2023-Q1,2023-04-18,106671.0,22528.0,7575.0,68977.0,25909.0,10203.0,25601.0,26932.0,-1331.0,Paid
VAT-536B1117,GR0000000232,2023-Q2,2023-08-04,110445.0,22690.0,7758.0,73843.0,27629.0,10856.0,26507.0,28771.0,-2264.0,Paid
VAT-4B2323E9,GR0000000232,2023-Q3,2023-10-26,118388.0,22941.0,7999.0,81071.0,28881.0,11465.0,28413.0,30846.0,-2433.0,Paid
VAT-CF070F4F,GR0000000232,2023-Q4,2024-01-27,243514.0,49523.0,17045.0,164029.0,58711.0,23564.0,58443.0,62644.0,-4201.0,Paid
VAT-4DA71897,GR0000000232,2024-Q1,2024-05-11,114670.0,22235.0,7558.0,77751.0,29669.0,11603.0,27521.0,29478.0,-1957.0,Paid
VAT-F53DF254,GR0000000232,2024-Q2,2024-07-22,106329.0,21252.0,7456.0,70115.0,26741.0,10536.0,25519.0,26643.0,-1124.0,Paid
VAT-E2B56A59,GR0000000232,2024-Q3,2024-10-28,114210.0,21689.0,7728.0,68542.0,25826.0,10219.0,27410.0,26513.0,898.0,Paid
VAT-53ED1E23,GR0000000232,2024-Q4,2025-01-14,198911.0,40998.0,13498.0,135159.0,52236.0,20145.0,47739.0,51992.0,-4254.0,Paid
VAT-D2AAFEC6,GR0000000233,2022-Q1,2022-04-16,350957.0,100273.0,50137.0,273952.0,105366.0,42146.0,84230.0,101152.0,-16922.0,Paid
VAT-60B1566F,GR0000000233,2022-Q2,2022-07-17,599216.0,171205.0,85602.0,422900.0,162654.0,65061.0,143812.0,156148.0,-12336.0,Paid
VAT-C7529715,GR0000000233,2022-Q3,2022-10-14,520650.0,148757.0,74379.0,398967.0,153449.0,61380.0,124956.0,147311.0,-22355.0,Paid
VAT-83FFB813,GR0000000233,2022-Q4,2023-01-25,514433.0,146981.0,73490.0,373164.0,143525.0,57410.0,123464.0,137784.0,-14320.0,Paid
VAT-1D72A671,GR0000000233,2023-Q1,2023-04-21,197494.0,56427.0,28213.0,138801.0,53385.0,21354.0,47398.0,51250.0,-3851.0,Paid
VAT-DE711B63,GR0000000233,2023-Q2,2023-07-26,253000.0,72286.0,36143.0,178706.0,68733.0,27493.0,60720.0,65984.0,-5264.0,Paid
VAT-4E7E1B46,GR0000000233,2023-Q3,2023-10-11,221864.0,63390.0,31695.0,155388.0,59765.0,23906.0,53247.0,57374.0,-4127.0,Paid
VAT-CF4E6DD2,GR0000000233,2023-Q4,2024-01-15,240584.0,68738.0,34369.0,176620.0,67931.0,27172.0,57740.0,65213.0,-7473.0,Paid
VAT-2CE0FDD9,GR0000000233,2024-Q1,2024-04-18,115776.0,33079.0,16539.0,81511.0,31350.0,12540.0,27786.0,30096.0,-2310.0,Paid
VAT-EAA504FE,GR0000000233,2024-Q2,2024-07-21,175621.0,50177.0,25089.0,125326.0,48202.0,19281.0,42149.0,46274.0,-4125.0,Paid
VAT-207973DA,GR0000000233,2024-Q3,2024-10-23,170880.0,48823.0,24411.0,129016.0,49621.0,19849.0,41011.0,47637.0,-6625.0,Paid
VAT-C111A807,GR0000000233,2024-Q4,2025-01-26,169478.0,48422.0,24211.0,125431.0,48243.0,19297.0,40675.0,46313.0,-5638.0,Paid
VAT-9F87D080,GR0000000234,2022-Q1,2022-04-18,745044.0,212870.0,106435.0,587336.0,225898.0,90359.0,178810.0,216863.0,-38052.0,Paid
VAT-85038F4C,GR0000000234,2022-Q2,2022-07-26,988879.0,282537.0,141268.0,751253.0,288944.0,115577.0,237331.0,277386.0,-40055.0,Paid
VAT-034E16CA,GR0000000234,2022-Q3,2022-10-18,932928.0,266551.0,133275.0,699676.0,269106.0,107642.0,223903.0,258342.0,-34439.0,Paid
VAT-4736C5CA,GR0000000234,2022-Q4,2023-01-20,947945.0,270841.0,135421.0,703541.0,270593.0,108237.0,227507.0,259769.0,-32262.0,Paid
VAT-5C123528,GR0000000234,2023-Q1,2023-04-16,671374.0,191821.0,95911.0,489026.0,188087.0,75235.0,161130.0,180563.0,-19434.0,Paid
VAT-9AA2CB58,GR0000000234,2023-Q2,2023-07-14,1047831.0,299380.0,149690.0,824481.0,317108.0,126843.0,251479.0,304424.0,-52944.0,Paid
VAT-DE17F336,GR0000000234,2023-Q3,2023-10-13,905701.0,258772.0,129386.0,707351.0,272058.0,108823.0,217368.0,261176.0,-43807.0,Paid
VAT-93786C50,GR0000000234,2023-Q4,2024-01-17,865880.0,247394.0,123697.0,624681.0,240262.0,96105.0,207811.0,230651.0,-22840.0,Paid
VAT-8C83FA11,GR0000000234,2024-Q1,2024-04-10,551260.0,157503.0,78751.0,383988.0,147688.0,59075.0,132302.0,141780.0,-9478.0,Paid
VAT-9172A25D,GR0000000234,2024-Q2,2024-07-23,871041.0,248869.0,124434.0,639419.0,245931.0,98372.0,209050.0,236093.0,-27043.0,Paid
VAT-6E7935D3,GR0000000234,2024-Q3,2024-10-20,701266.0,200362.0,100181.0,537011.0,206543.0,82617.0,168304.0,198281.0,-29977.0,Paid
VAT-179DE746,GR0000000234,2024-Q4,2025-01-22,640404.0,182973.0,91486.0,480285.0,184725.0,73890.0,153697.0,177336.0,-23639.0,Paid
VAT-397A1F5C,GR0000000235,2022-Q1,2022-04-24,46536.0,40719.0,29085.0,47118.0,18122.0,7249.0,11169.0,17397.0,-6229.0,Paid
VAT-9CD3AD2F,GR0000000235,2022-Q2,2022-07-19,55606.0,48655.0,34754.0,60946.0,23441.0,9376.0,13345.0,22503.0,-9158.0,Paid
VAT-6334E04A,GR0000000235,2022-Q3,2022-10-24,59842.0,52361.0,37401.0,64998.0,24999.0,10000.0,14362.0,23999.0,-9637.0,Paid
VAT-9C8E6C20,GR0000000235,2022-Q4,2023-01-22,62374.0,54577.0,38984.0,70598.0,27153.0,10861.0,14970.0,26067.0,-11097.0,Paid
VAT-6755F9C5,GR0000000235,2023-Q1,2023-04-22,19467.0,17034.0,12167.0,21606.0,8310.0,3324.0,4672.0,7978.0,-3305.0,Paid
VAT-3ED584E4,GR0000000235,2023-Q2,2023-07-26,23499.0,20561.0,14687.0,24490.0,9419.0,3768.0,5640.0,9042.0,-3403.0,Paid
VAT-58855969,GR0000000235,2023-Q3,2023-10-16,22939.0,20072.0,14337.0,23135.0,8898.0,3559.0,5505.0,8542.0,-3037.0,Paid
VAT-418C1FBA,GR0000000235,2023-Q4,2024-01-22,28795.0,25196.0,17997.0,28763.0,11063.0,4425.0,6911.0,10620.0,-3709.0,Paid
VAT-4F4FA83B,GR0000000235,2024-Q1,2024-04-13,22506.0,19693.0,14066.0,24356.0,9368.0,3747.0,5401.0,8993.0,-3591.0,Paid
VAT-936056AF,GR0000000235,2024-Q2,2024-07-18,25265.0,22107.0,15791.0,26454.0,10175.0,4070.0,6064.0,9768.0,-3704.0,Paid
VAT-474B7F39,GR0000000235,2024-Q3,2024-10-20,26607.0,23281.0,16629.0,29650.0,11404.0,4562.0,6386.0,10948.0,-4562.0,Paid
VAT-386F14D1,GR0000000235,2024-Q4,2025-01-22,35919.0,31429.0,22449.0,36228.0,13934.0,5573.0,8620.0,13376.0,-4756.0,Paid
VAT-69F7B224,GR0000000236,2022-Q1,2022-04-10,279004.0,139502.0,46501.0,150792.0,57997.0,23199.0,66961.0,55677.0,11284.0,Paid
VAT-BED5E2E8,GR0000000236,2022-Q2,2022-07-25,926140.0,463070.0,154357.0,476788.0,183380.0,73352.0,222274.0,176045.0,46229.0,Paid
VAT-975857B6,GR0000000236,2022-Q3,2022-10-21,1232131.0,616065.0,205355.0,608860.0,234177.0,93671.0,295711.0,224810.0,70902.0,Paid
VAT-D0FEC025,GR0000000236,2022-Q4,2023-01-25,593552.0,296776.0,98925.0,337475.0,129798.0,51919.0,142452.0,124606.0,17846.0,Paid
VAT-0020B159,GR0000000236,2023-Q1,2023-04-20,187826.0,93913.0,31304.0,100236.0,38552.0,15421.0,45078.0,37010.0,8068.0,Paid
VAT-2E201E01,GR0000000236,2023-Q2,2023-07-24,552286.0,276143.0,92048.0,304329.0,117050.0,46820.0,132549.0,112368.0,20181.0,Paid
VAT-8AD53735,GR0000000236,2023-Q3,2023-10-19,764619.0,382310.0,127437.0,409973.0,157682.0,63073.0,183509.0,151375.0,32134.0,Paid
VAT-12D29D9F,GR0000000236,2023-Q4,2024-01-18,382009.0,191005.0,63668.0,220970.0,84989.0,33995.0,91682.0,81589.0,10093.0,Partial
VAT-C1EA91AB,GR0000000236,2024-Q1,2024-04-18,340059.0,170029.0,56676.0,189548.0,72903.0,29161.0,81614.0,69987.0,11627.0,Paid
VAT-942BF213,GR0000000236,2024-Q2,2024-07-22,1065246.0,532623.0,177541.0,531981.0,204608.0,81843.0,255659.0,196424.0,59235.0,Paid
VAT-CD95EAA3,GR0000000236,2024-Q3,2024-10-18,1408287.0,704143.0,234714.0,791795.0,304537.0,121815.0,337989.0,292355.0,45634.0,Paid
VAT-D5E72B65,GR0000000236,2024-Q4,2025-01-17,660704.0,330352.0,110117.0,375518.0,144430.0,57772.0,158569.0,138653.0,19916.0,Paid
VAT-488F6B63,GR0000000237,2022-Q1,2022-04-18,4612856.0,4036249.0,2883035.0,4315937.0,1659976.0,663990.0,1107085.0,1593577.0,-486491.0,Paid
VAT-2050ABF6,GR0000000237,2022-Q2,2022-07-21,6127537.0,5361594.0,3829710.0,5603460.0,2155177.0,862071.0,1470609.0,2068970.0,-598361.0,Paid
VAT-11B9E7D3,GR0000000237,2022-Q3,2022-10-26,5395184.0,4720786.0,3371990.0,4514302.0,1736270.0,694508.0,1294844.0,1666819.0,-371975.0,Paid
VAT-F92C81C7,GR0000000237,2022-Q4,2023-01-26,6531009.0,5714633.0,4081881.0,5653886.0,2174572.0,869829.0,1567442.0,2087589.0,-520147.0,Paid
VAT-F76CAF0B,GR0000000237,2023-Q1,2023-04-19,6053832.0,5297103.0,3783645.0,5103065.0,1962717.0,785087.0,1452920.0,1884209.0,-431289.0,Paid
VAT-872839EC,GR0000000237,2023-Q2,2023-07-17,7369323.0,6448158.0,4605827.0,6850841.0,2634939.0,1053976.0,1768638.0,2529541.0,-760904.0,Paid
VAT-838E5451,GR0000000237,2023-Q3,2023-10-13,7389852.0,6466121.0,4618658.0,6305870.0,2425335.0,970134.0,1773565.0,2328321.0,-554757.0,Paid
VAT-510DF986,GR0000000237,2023-Q4,2024-01-18,7876586.0,6892013.0,4922866.0,7150020.0,2750008.0,1100003.0,1890381.0,2640008.0,-749627.0,Paid
VAT-D4139D39,GR0000000237,2024-Q1,2024-04-14,5346457.0,4678150.0,3341536.0,4427479.0,1702877.0,681151.0,1283150.0,1634762.0,-351612.0,Paid
VAT-0B357AB4,GR0000000237,2024-Q2,2024-07-11,6736482.0,5894422.0,4210301.0,6157149.0,2368134.0,947254.0,1616756.0,2273409.0,-656653.0,Paid
VAT-11949367,GR0000000237,2024-Q3,2024-10-19,7115428.0,6225999.0,4447142.0,6156739.0,2367977.0,947191.0,1707703.0,2273258.0,-565555.0,Paid
VAT-0CEAE0CC,GR0000000237,2024-Q4,2025-01-16,7920189.0,6930165.0,4950118.0,6894470.0,2651719.0,1060688.0,1900845.0,2545650.0,-644805.0,Paid
VAT-9F0F0D14,GR0000000238,2022-Q1,2022-04-25,595983.0,229224.0,91690.0,428496.0,164806.0,65922.0,143036.0,158214.0,-15178.0,Paid
VAT-96FB0710,GR0000000238,2022-Q2,2022-07-23,855482.0,329031.0,131613.0,604411.0,232466.0,92986.0,205316.0,223167.0,-17852.0,Paid
VAT-EEA3F653,GR0000000238,2022-Q3,2022-10-22,848795.0,326460.0,130584.0,571350.0,219750.0,87900.0,203711.0,210960.0,-7249.0,Paid
VAT-E805286E,GR0000000238,2022-Q4,2023-01-25,558800.0,214923.0,85969.0,374673.0,144105.0,57642.0,134112.0,138341.0,-4229.0,Paid
VAT-3E72383D,GR0000000238,2023-Q1,2023-04-11,675380.0,259762.0,103905.0,487519.0,187507.0,75003.0,162091.0,180007.0,-17916.0,Paid
VAT-1CF4E082,GR0000000238,2023-Q2,2023-07-19,1133425.0,435933.0,174373.0,820376.0,315529.0,126212.0,272022.0,302908.0,-30886.0,Paid
VAT-066D7DB1,GR0000000238,2023-Q3,2023-10-20,943003.0,362693.0,145077.0,647926.0,249202.0,99681.0,226321.0,239234.0,-12913.0,Paid
VAT-185F4F2C,GR0000000238,2023-Q4,2024-01-25,712309.0,273965.0,109586.0,481269.0,185103.0,74041.0,170954.0,177699.0,-6745.0,Paid
VAT-E22AAE59,GR0000000238,2024-Q1,2024-04-11,385283.0,148186.0,59274.0,284844.0,109555.0,43822.0,92468.0,105173.0,-12705.0,Paid
VAT-95EA5CEC,GR0000000238,2024-Q2,2024-07-24,523626.0,201395.0,80558.0,358203.0,137770.0,55108.0,125670.0,132260.0,-6589.0,Paid
VAT-8782F43B,GR0000000238,2024-Q3,2024-10-19,585724.0,225278.0,90111.0,416553.0,160213.0,64085.0,140574.0,153804.0,-13231.0,Paid
VAT-389E4C16,GR0000000238,2024-Q4,2025-01-24,365715.0,140660.0,56264.0,267170.0,102758.0,41103.0,87772.0,98647.0,-10876.0,Paid
VAT-0E9F0B46,GR0000000239,2022-Q1,2022-04-17,24043.0,10337.0,4230.0,21231.0,7901.0,3046.0,5770.0,8280.0,-2509.0,Paid
VAT-40BEBB3F,GR0000000239,2022-Q2,2022-07-26,34556.0,14531.0,5943.0,26796.0,9764.0,3921.0,8293.0,10461.0,-2167.0,Paid
VAT-014B508C,GR0000000239,2022-Q3,2022-10-25,35178.0,14953.0,5987.0,27358.0,10268.0,4052.0,8443.0,10672.0,-2229.0,Paid
VAT-C65A2165,GR0000000239,2022-Q4,2023-01-22,24607.0,9738.0,4186.0,20986.0,7632.0,3063.0,5906.0,8107.0,-2201.0,Paid
VAT-F5ACB3C4,GR0000000239,2023-Q1,2023-04-24,14589.0,5775.0,2406.0,10878.0,4223.0,1632.0,3501.0,4154.0,-652.0,Paid
VAT-2CB36146,GR0000000239,2023-Q2,2023-07-21,22633.0,9623.0,3843.0,19645.0,7346.0,2885.0,5432.0,7726.0,-2294.0,Paid
VAT-52119464,GR0000000239,2023-Q3,2023-10-23,23077.0,10045.0,4005.0,19556.0,7400.0,2848.0,5539.0,7586.0,-2048.0,Paid
VAT-84A255A0,GR0000000239,2023-Q4,2024-01-19,14633.0,5755.0,2369.0,11788.0,4473.0,1778.0,3512.0,4560.0,-1048.0,Paid
VAT-F276B4C8,GR0000000239,2024-Q1,2024-04-26,8754.0,3668.0,1556.0,7016.0,2630.0,1015.0,2101.0,2702.0,-601.0,Paid
VAT-B275FD14,GR0000000239,2024-Q2,2024-07-23,11416.0,4974.0,2007.0,8755.0,3386.0,1315.0,2740.0,3411.0,-671.0,Paid
VAT-D5E284C9,GR0000000239,2024-Q3,2024-10-29,12739.0,5274.0,2241.0,10127.0,3916.0,1510.0,3057.0,3964.0,-906.0,Paid
VAT-9214A650,GR0000000239,2024-Q4,2025-01-31,9367.0,3575.0,1559.0,7745.0,2924.0,1150.0,2248.0,2969.0,-721.0,Paid
VAT-771184D2,GR0000000240,2022-Q1,2022-04-20,1749264.0,672794.0,269118.0,1269538.0,488284.0,195314.0,419823.0,468753.0,-48929.0,Paid
VAT-AC592192,GR0000000240,2022-Q2,2022-07-24,2710840.0,1042631.0,417052.0,1784446.0,686325.0,274530.0,650602.0,658872.0,-8271.0,Paid
VAT-AF7152FD,GR0000000240,2022-Q3,2022-10-20,2640175.0,1015452.0,406181.0,1843048.0,708865.0,283546.0,633642.0,680510.0,-46868.0,Paid
VAT-103E9EED,GR0000000240,2022-Q4,2023-01-23,1544628.0,594088.0,237635.0,1071814.0,412236.0,164894.0,370711.0,395747.0,-25036.0,Paid
VAT-07FEAF35,GR0000000240,2023-Q1,2023-04-25,2555639.0,982938.0,393175.0,1844973.0,709605.0,283842.0,613353.0,681221.0,-67868.0,Paid
VAT-C4170842,GR0000000240,2023-Q2,2023-07-15,3658108.0,1406964.0,562786.0,2492212.0,958543.0,383417.0,877946.0,920201.0,-42255.0,Paid
VAT-FCE78EAA,GR0000000240,2023-Q3,2023-10-23,3238610.0,1245619.0,498248.0,2362466.0,908641.0,363456.0,777267.0,872295.0,-95029.0,Paid
VAT-11AAE71A,GR0000000240,2023-Q4,2024-01-17,2430826.0,934933.0,373973.0,1762963.0,678063.0,271225.0,583398.0,650940.0,-67542.0,Paid
VAT-F80EF43F,GR0000000240,2024-Q1,2024-04-10,2424617.0,932545.0,373018.0,1645632.0,632936.0,253174.0,581908.0,607618.0,-25710.0,Paid
VAT-012B04F2,GR0000000240,2024-Q2,2024-07-24,3502655.0,1347175.0,538870.0,2329468.0,895949.0,358380.0,840637.0,860111.0,-19474.0,Paid
VAT-93E4F761,GR0000000240,2024-Q3,2024-10-17,4058587.0,1560995.0,624398.0,2841585.0,1092917.0,437167.0,974061.0,1049201.0,-75140.0,Paid
VAT-C40E0950,GR0000000240,2024-Q4,2025-01-25,2597543.0,999055.0,399622.0,1769995.0,680767.0,272307.0,623410.0,653537.0,-30126.0,Paid
VAT-597523FA,GR0000000241,2022-Q1,2022-04-24,34701.0,13346.0,5339.0,24300.0,9346.0,3738.0,8328.0,8972.0,-644.0,Paid
VAT-9BAFC2BC,GR0000000241,2022-Q2,2022-07-18,52452.0,20174.0,8070.0,41362.0,15909.0,6363.0,12588.0,15272.0,-2684.0,Paid
VAT-7055863B,GR0000000241,2022-Q3,2022-10-14,52035.0,20013.0,8005.0,38221.0,14700.0,5880.0,12488.0,14112.0,-1624.0,Paid
VAT-B65D8663,GR0000000241,2022-Q4,2023-01-16,31734.0,12206.0,4882.0,22496.0,8652.0,3461.0,7616.0,8306.0,-690.0,Paid
VAT-E1984755,GR0000000241,2023-Q1,2023-04-22,26252.0,10097.0,4039.0,18995.0,7306.0,2922.0,6300.0,7014.0,-713.0,Paid
VAT-E243B14C,GR0000000241,2023-Q2,2023-07-22,35994.0,13844.0,5538.0,28067.0,10795.0,4318.0,8639.0,10363.0,-1725.0,Paid
VAT-3E1B7AC4,GR0000000241,2023-Q3,2023-10-19,35051.0,13481.0,5392.0,28008.0,10772.0,4309.0,8412.0,10341.0,-1929.0,Paid
VAT-FE4EDB40,GR0000000241,2023-Q4,2024-01-15,24512.0,9428.0,3771.0,18779.0,7223.0,2889.0,5883.0,6934.0,-1051.0,Paid
VAT-3E02FA23,GR0000000241,2024-Q1,2024-04-24,25769.0,9911.0,3964.0,19462.0,7485.0,2994.0,6185.0,7186.0,-1001.0,Paid
VAT-DC836653,GR0000000241,2024-Q2,2024-07-25,42271.0,16258.0,6503.0,32231.0,12397.0,4959.0,10145.0,11901.0,-1756.0,Paid
VAT-5433F20A,GR0000000241,2024-Q3,2024-10-25,41981.0,16147.0,6459.0,31094.0,11959.0,4784.0,10075.0,11481.0,-1406.0,Paid
VAT-3A7DBAA2,GR0000000241,2024-Q4,2025-01-19,25817.0,9930.0,3972.0,19131.0,7358.0,2943.0,6196.0,7064.0,-868.0,Paid
VAT-5572BFE7,GR0000000242,2022-Q1,2022-04-29,1455477.0,885481.0,457589.0,1267974.0,466261.0,178793.0,349314.0,474381.0,-125067.0,Paid
VAT-06BC7C3A,GR0000000242,2022-Q2,2022-07-14,1605250.0,942619.0,497431.0,1395422.0,510348.0,197402.0,385260.0,538411.0,-153151.0,Paid
VAT-DFB608B1,GR0000000242,2022-Q3,2022-10-30,1669818.0,986347.0,493837.0,1213138.0,462285.0,179585.0,400756.0,459986.0,-59230.0,Paid
VAT-BA4A9C06,GR0000000242,2022-Q4,2023-01-17,1910627.0,1117363.0,577456.0,1472980.0,552694.0,216282.0,458550.0,562484.0,-103934.0,Paid
VAT-B7A86324,GR0000000242,2023-Q1,2023-04-19,2640426.0,1528458.0,817241.0,2144699.0,839641.0,326697.0,633702.0,830075.0,-196373.0,Paid
VAT-7BE6E18C,GR0000000242,2023-Q2,2023-07-25,2851258.0,1618120.0,870774.0,2320367.0,898157.0,349907.0,684302.0,897919.0,-213617.0,Paid
VAT-4F07A704,GR0000000242,2023-Q3,2023-11-01,3245794.0,1696538.0,897526.0,2500280.0,939913.0,368328.0,778991.0,954748.0,-175757.0,Paid
VAT-5D2F7327,GR0000000242,2023-Q4,2024-01-30,3431148.0,1884494.0,991246.0,2682935.0,990100.0,397016.0,823475.0,1022310.0,-198834.0,Paid
VAT-27FCF3A3,GR0000000242,2024-Q1,2024-05-02,1253003.0,712402.0,373473.0,983603.0,359482.0,138406.0,300721.0,375580.0,-74859.0,Paid
VAT-C2114917,GR0000000242,2024-Q2,2024-07-25,1397949.0,796724.0,417506.0,1001661.0,387664.0,151546.0,335508.0,394240.0,-58732.0,Paid
VAT-53F38443,GR0000000242,2024-Q3,2024-10-29,1477487.0,895166.0,457116.0,1224071.0,473073.0,186348.0,354597.0,466486.0,-111889.0,Paid
VAT-0728F96B,GR0000000242,2024-Q4,2025-01-31,1938991.0,1065646.0,547587.0,1375030.0,500682.0,197276.0,465358.0,523928.0,-58570.0,Paid
VAT-4DF8A648,GR0000000243,2022-Q1,2022-04-22,398198.0,142214.0,28443.0,160274.0,61644.0,24658.0,95568.0,59178.0,36390.0,Paid
VAT-A002C4C8,GR0000000243,2022-Q2,2022-07-22,471877.0,168528.0,33706.0,211970.0,81527.0,32611.0,113251.0,78266.0,34985.0,Paid
VAT-C90FE3EB,GR0000000243,2022-Q3,2022-10-26,487569.0,174132.0,34826.0,192161.0,73908.0,29563.0,117016.0,70952.0,46065.0,Paid
VAT-AAA8AEBB,GR0000000243,2022-Q4,2023-01-11,485419.0,173364.0,34673.0,209003.0,80386.0,32154.0,116500.0,77170.0,39330.0,Paid
VAT-6CA37619,GR0000000243,2023-Q1,2023-04-12,232302.0,82965.0,16593.0,106057.0,40791.0,16316.0,55753.0,39160.0,16593.0,Paid
VAT-40C6E133,GR0000000243,2023-Q2,2023-07-20,246750.0,88125.0,17625.0,100626.0,38702.0,15481.0,59220.0,37154.0,22066.0,Paid
VAT-258C9E3E,GR0000000243,2023-Q3,2023-10-15,236228.0,84367.0,16873.0,90680.0,34877.0,13951.0,56695.0,33482.0,23213.0,Paid
VAT-1D6A101D,GR0000000243,2023-Q4,2024-01-17,305848.0,109231.0,21846.0,130745.0,50287.0,20115.0,73403.0,48275.0,25128.0,Paid
VAT-F7D4F572,GR0000000243,2024-Q1,2024-04-16,620812.0,221719.0,44344.0,243607.0,93695.0,37478.0,148995.0,89947.0,59048.0,Paid
VAT-42CC800E,GR0000000243,2024-Q2,2024-07-11,619875.0,221384.0,44277.0,249980.0,96146.0,38458.0,148770.0,92300.0,56470.0,Paid
VAT-9C79C72B,GR0000000243,2024-Q3,2024-10-22,612124.0,218616.0,43723.0,270361.0,103985.0,41594.0,146910.0,99826.0,47084.0,Paid
VAT-495F4380,GR0000000243,2024-Q4,2025-01-21,671709.0,239896.0,47979.0,300323.0,115509.0,46203.0,161210.0,110888.0,50322.0,Paid
VAT-44C46FCC,GR0000000244,2022-Q1,2022-04-17,421020.0,368392.0,263137.0,433426.0,166702.0,66681.0,101045.0,160034.0,-58990.0,Paid
VAT-8F74371E,GR0000000244,2022-Q2,2022-07-13,569396.0,498221.0,355872.0,562262.0,216254.0,86502.0,136655.0,207604.0,-70949.0,Paid
VAT-FE6DFC2C,GR0000000244,2022-Q3,2022-10-18,518719.0,453879.0,324199.0,584460.0,224792.0,89917.0,124492.0,215801.0,-91308.0,Paid
VAT-498F3546,GR0000000244,2022-Q4,2023-01-17,634818.0,555466.0,396761.0,632364.0,243217.0,97287.0,152356.0,233488.0,-81132.0,Paid
VAT-9B2C872E,GR0000000244,2023-Q1,2023-04-25,364743.0,319150.0,227964.0,401738.0,154515.0,61806.0,87538.0,148334.0,-60796.0,Paid
VAT-B05B8EA0,GR0000000244,2023-Q2,2023-07-16,492554.0,430985.0,307846.0,499262.0,192024.0,76809.0,118213.0,184343.0,-66130.0,Paid
VAT-50ABF1C9,GR0000000244,2023-Q3,2023-10-14,411273.0,359864.0,257046.0,429640.0,165246.0,66098.0,98706.0,158636.0,-59931.0,Paid
VAT-D3E92F7F,GR0000000244,2023-Q4,2024-01-25,528725.0,462634.0,330453.0,560127.0,215434.0,86173.0,126894.0,206816.0,-79922.0,Paid
VAT-E8C3A915,GR0000000244,2024-Q1,2024-04-24,479992.0,419993.0,299995.0,541611.0,208312.0,83325.0,115198.0,199979.0,-84781.0,Paid
VAT-5FF5B106,GR0000000244,2024-Q2,2024-07-25,684892.0,599280.0,428057.0,725671.0,279104.0,111642.0,164374.0,267940.0,-103566.0,Paid
VAT-475B9DC1,GR0000000244,2024-Q3,2024-10-20,643139.0,562747.0,401962.0,664823.0,255701.0,102280.0,154353.0,245473.0,-91120.0,Paid
VAT-9B95013A,GR0000000244,2024-Q4,2025-01-14,837566.0,732870.0,523479.0,937017.0,360391.0,144156.0,201016.0,345975.0,-144960.0,Paid
VAT-D1A82C93,GR0000000245,2022-Q1,2022-05-09,2149769.0,1110973.0,394980.0,1233656.0,469417.0,185432.0,515945.0,487178.0,28767.0,Paid
VAT-38FEEEE6,GR0000000245,2022-Q2,2022-07-30,7257268.0,4004754.0,1368854.0,4096754.0,1509680.0,584682.0,1741744.0,1546109.0,195635.0,Paid
VAT-990550B3,GR0000000245,2022-Q3,2022-10-15,8578251.0,4564116.0,1577825.0,4801891.0,1746698.0,685742.0,2058780.0,1863231.0,195549.0,Paid
VAT-700ACFA6,GR0000000245,2022-Q4,2023-01-20,4252974.0,2264222.0,800392.0,2676216.0,1041784.0,405599.0,1020714.0,1053694.0,-32980.0,Paid
VAT-2F6568AC,GR0000000245,2023-Q1,2023-05-07,2108637.0,1069601.0,362301.0,1261026.0,485883.0,187969.0,506073.0,492183.0,13890.0,Paid
VAT-CE30070D,GR0000000245,2023-Q2,2023-08-04,5346673.0,2898792.0,968653.0,2925343.0,1093384.0,427974.0,1283201.0,1138165.0,145037.0,Paid
VAT-4BDF69E3,GR0000000245,2023-Q3,2023-11-05,7285118.0,4056164.0,1374922.0,4487458.0,1664395.0,646540.0,1748428.0,1726684.0,21745.0,Partial
VAT-FA470B19,GR0000000245,2023-Q4,2024-01-18,4176792.0,2178968.0,739911.0,2326759.0,907869.0,353604.0,1002430.0,896614.0,105816.0,Paid
VAT-4FF5DE10,GR0000000245,2024-Q1,2024-04-23,796238.0,413445.0,141371.0,476603.0,177847.0,67864.0,191097.0,182387.0,8710.0,Paid
VAT-6C145948,GR0000000245,2024-Q2,2024-07-22,2203387.0,1139150.0,387685.0,1342904.0,520718.0,199297.0,528813.0,532160.0,-3348.0,Paid
VAT-3A9088E2,GR0000000245,2024-Q3,2024-10-27,3189642.0,1657744.0,562517.0,1776010.0,673973.0,269112.0,765514.0,692064.0,73450.0,Partial
VAT-79D323DF,GR0000000245,2024-Q4,2025-02-02,1620666.0,816854.0,293583.0,823524.0,318141.0,124720.0,388960.0,318289.0,70671.0,Paid
VAT-12148162,GR0000000246,2022-Q1,2022-04-19,336433.0,120155.0,24031.0,150179.0,57761.0,23104.0,80744.0,55451.0,25293.0,Paid
VAT-66226B92,GR0000000246,2022-Q2,2022-07-16,368597.0,131642.0,26328.0,170466.0,65564.0,26226.0,88463.0,62941.0,25522.0,Paid
VAT-A18FC68F,GR0000000246,2022-Q3,2022-10-18,369570.0,131989.0,26398.0,166209.0,63927.0,25571.0,88697.0,61369.0,27327.0,Paid
VAT-3A048208,GR0000000246,2022-Q4,2023-01-14,400066.0,142881.0,28576.0,168711.0,64889.0,25956.0,96016.0,62293.0,33723.0,Paid
VAT-E2DE0C2F,GR0000000246,2023-Q1,2023-04-24,169114.0,60398.0,12080.0,76235.0,29321.0,11728.0,40587.0,28148.0,12439.0,Paid
VAT-25CB1101,GR0000000246,2023-Q2,2023-07-21,160289.0,57246.0,11449.0,66657.0,25637.0,10255.0,38469.0,24612.0,13858.0,Paid
VAT-4822A3AE,GR0000000246,2023-Q3,2023-10-26,166896.0,59606.0,11921.0,72338.0,27822.0,11129.0,40055.0,26709.0,13346.0,Paid
VAT-943BA5CD,GR0000000246,2023-Q4,2024-01-14,206377.0,73706.0,14741.0,94042.0,36170.0,14468.0,49530.0,34723.0,14807.0,Paid
VAT-20E9C846,GR0000000246,2024-Q1,2024-04-19,143300.0,51179.0,10236.0,54224.0,20856.0,8342.0,34392.0,20021.0,14371.0,Paid
VAT-29D5AC68,GR0000000246,2024-Q2,2024-07-16,125554.0,44841.0,8968.0,56236.0,21629.0,8652.0,30133.0,20764.0,9369.0,Paid
VAT-CD425E73,GR0000000246,2024-Q3,2024-10-26,149019.0,53221.0,10644.0,56013.0,21543.0,8617.0,35765.0,20682.0,15083.0,Paid
VAT-1E85059A,GR0000000246,2024-Q4,2025-01-25,160596.0,57356.0,11471.0,68777.0,26453.0,10581.0,38543.0,25395.0,13148.0,Paid
VAT-2EB2AAE6,GR0000000247,2022-Q1,2022-04-11,56213.0,28107.0,9369.0,32932.0,12666.0,5066.0,13491.0,12160.0,1332.0,Paid
VAT-8A9B9DC5,GR0000000247,2022-Q2,2022-07-20,179669.0,89835.0,29945.0,114290.0,43958.0,17583.0,43121.0,42200.0,921.0,Paid
VAT-BE9F7AE9,GR0000000247,2022-Q3,2022-10-13,251348.0,125674.0,41891.0,153219.0,58930.0,23572.0,60324.0,56573.0,3750.0,Paid
VAT-C2296632,GR0000000247,2022-Q4,2023-01-15,113091.0,56546.0,18849.0,63959.0,24600.0,9840.0,27142.0,23616.0,3526.0,Paid
VAT-59A5A38A,GR0000000247,2023-Q1,2023-04-20,50195.0,25097.0,8366.0,27505.0,10579.0,4232.0,12047.0,10156.0,1891.0,Paid
VAT-D4E06B1D,GR0000000247,2023-Q2,2023-07-22,166535.0,83268.0,27756.0,103305.0,39733.0,15893.0,39968.0,38143.0,1825.0,Paid
VAT-3CFA915A,GR0000000247,2023-Q3,2023-10-13,219710.0,109855.0,36618.0,134990.0,51919.0,20768.0,52730.0,49842.0,2888.0,Paid
VAT-36890318,GR0000000247,2023-Q4,2024-01-15,106272.0,53136.0,17712.0,57788.0,22226.0,8891.0,25505.0,21337.0,4168.0,Paid
VAT-5FDC81A2,GR0000000247,2024-Q1,2024-04-13,69161.0,34580.0,11527.0,44378.0,17069.0,6827.0,16599.0,16386.0,213.0,Partial
VAT-15B8A916,GR0000000247,2024-Q2,2024-07-24,197446.0,98723.0,32908.0,123401.0,47462.0,18985.0,47387.0,45563.0,1824.0,Paid
VAT-9A740955,GR0000000247,2024-Q3,2024-10-14,270290.0,135145.0,45048.0,173831.0,66858.0,26743.0,64870.0,64184.0,686.0,Paid
VAT-587F5627,GR0000000247,2024-Q4,2025-01-18,131157.0,65579.0,21860.0,71998.0,27691.0,11077.0,31478.0,26584.0,4894.0,Paid
VAT-A441D627,GR0000000248,2024-Q1,2024-04-17,62173.0,28133.0,16904.0,58373.0,22470.0,8591.0,14922.0,22693.0,-7771.0,Paid
VAT-F32B22E6,GR0000000248,2024-Q2,2024-08-03,83469.0,35277.0,21159.0,67005.0,25575.0,10022.0,20033.0,25883.0,-5850.0,Paid
VAT-5CB8110F,GR0000000248,2024-Q3,2024-10-31,91707.0,40178.0,24652.0,80946.0,30801.0,12112.0,22010.0,31611.0,-9601.0,Paid
VAT-510E06EB,GR0000000248,2024-Q4,2025-01-30,106378.0,48386.0,29218.0,94254.0,34009.0,13325.0,25531.0,36390.0,-10859.0,Paid
VAT-DC9849E2,GR0000000249,2022-Q1,2022-05-06,2348700.0,612183.0,221270.0,1920123.0,655477.0,236784.0,563688.0,788817.0,-225129.0,Paid
VAT-03ED31CD,GR0000000249,2022-Q2,2022-09-01,2970902.0,650055.0,230342.0,2043212.0,749991.0,287830.0,713017.0,922363.0,-209347.0,Paid
VAT-BFF40D79,GR0000000249,2022-Q3,2022-12-05,2724677.0,619265.0,221858.0,2119453.0,687036.0,266611.0,653923.0,866100.0,-212178.0,Paid
VAT-92C6B82C,GR0000000249,2022-Q4,2023-02-14,5298012.0,1276604.0,458162.0,3944512.0,1390807.0,486014.0,1271523.0,1716447.0,-444924.0,Paid
VAT-FD2B33E8,GR0000000249,2023-Q1,2023-04-28,1201368.0,262440.0,94518.0,802762.0,290056.0,107018.0,288328.0,331600.0,-43272.0,Paid
VAT-D83D16E2,GR0000000249,2023-Q2,2023-07-26,1017125.0,215516.0,78649.0,699309.0,245969.0,96882.0,244110.0,304613.0,-60503.0,Paid
VAT-9C9C31E0,GR0000000249,2023-Q3,2023-11-09,983962.0,230260.0,82168.0,698364.0,248546.0,90823.0,236151.0,305594.0,-69443.0,Paid
VAT-37A303D0,GR0000000249,2023-Q4,2024-02-19,1777181.0,439175.0,154868.0,1243692.0,478851.0,179376.0,426524.0,537186.0,-110663.0,Paid
VAT-998B3A90,GR0000000249,2024-Q1,2024-05-09,1917667.0,434103.0,151902.0,1412186.0,470613.0,182825.0,460240.0,591586.0,-131345.0,Paid
VAT-2C2E7051,GR0000000249,2024-Q2,2024-07-24,1665253.0,409279.0,153436.0,1204884.0,445952.0,162832.0,399661.0,527974.0,-128314.0,Paid
VAT-B3DB3712,GR0000000249,2024-Q3,2024-11-29,1505515.0,380765.0,128780.0,999222.0,387205.0,139484.0,361324.0,454977.0,-93654.0,Paid
VAT-42984270,GR0000000249,2024-Q4,2025-01-21,3213043.0,873616.0,299257.0,2257192.0,873111.0,318512.0,771130.0,1016455.0,-245325.0,Paid
VAT-E1471C6E,GR0000000250,2022-Q1,2022-04-12,674473.0,367895.0,183947.0,518581.0,199454.0,79782.0,161874.0,191476.0,-29602.0,Paid
VAT-490D843D,GR0000000250,2022-Q2,2022-07-22,789469.0,430619.0,215310.0,637902.0,245347.0,98139.0,189473.0,235533.0,-46061.0,Paid
VAT-5F0B728F,GR0000000250,2022-Q3,2022-10-22,771246.0,420680.0,210340.0,576061.0,221562.0,88625.0,185099.0,212700.0,-27600.0,Paid
VAT-6D2E3BBF,GR0000000250,2022-Q4,2023-01-20,872361.0,475833.0,237917.0,669504.0,257501.0,103001.0,209367.0,247201.0,-37835.0,Paid
VAT-E14DDFBE,GR0000000250,2023-Q1,2023-04-25,1238892.0,675759.0,337880.0,936847.0,360326.0,144130.0,297334.0,345913.0,-48579.0,Paid
VAT-102DE86E,GR0000000250,2023-Q2,2023-07-21,1418763.0,773871.0,386935.0,1120441.0,430939.0,172376.0,340503.0,413701.0,-73198.0,Paid
VAT-2109A8F4,GR0000000250,2023-Q3,2023-10-19,1349472.0,736075.0,368038.0,1015696.0,390652.0,156261.0,323873.0,375026.0,-51153.0,Paid
VAT-7DA25FF1,GR0000000250,2023-Q4,2024-01-18,1556287.0,848884.0,424442.0,1265959.0,486907.0,194763.0,373509.0,467431.0,-93922.0,Paid
VAT-19DF69E7,GR0000000250,2024-Q1,2024-04-15,1353691.0,738377.0,369188.0,1069575.0,411375.0,164550.0,324886.0,394920.0,-70034.0,Paid
VAT-85C32FA3,GR0000000250,2024-Q2,2024-07-25,1599124.0,872249.0,436125.0,1139714.0,438351.0,175341.0,383790.0,420817.0,-37028.0,Paid
VAT-2FCDA3C2,GR0000000250,2024-Q3,2024-10-23,1565692.0,854014.0,427007.0,1141289.0,438957.0,175583.0,375766.0,421399.0,-45633.0,Paid
VAT-0A3FFAD8,GR0000000250,2024-Q4,2025-01-21,1631651.0,889992.0,444996.0,1307085.0,502725.0,201090.0,391596.0,482616.0,-91020.0,Paid
VAT-DF45AB1F,GR0000000251,2022-Q1,2022-04-22,1187871.0,527321.0,320506.0,1080437.0,413320.0,159504.0,285089.0,421349.0,-136260.0,Paid
VAT-A048BDC8,GR0000000251,2022-Q2,2022-07-21,1568085.0,642686.0,418911.0,1306644.0,494224.0,191149.0,376340.0,494891.0,-118551.0,Paid
VAT-F1BB3CFC,GR0000000251,2022-Q3,2022-11-04,1517142.0,653741.0,408140.0,1364172.0,531565.0,204505.0,364114.0,543592.0,-179478.0,Paid
VAT-88B593E8,GR0000000251,2022-Q4,2023-01-20,1961056.0,882825.0,555947.0,1629607.0,608462.0,243597.0,470653.0,628491.0,-157838.0,Paid
VAT-247BEA63,GR0000000251,2023-Q1,2023-04-29,660933.0,273985.0,176205.0,602536.0,226970.0,88976.0,158624.0,229520.0,-70896.0,Paid
VAT-0C946E2E,GR0000000251,2023-Q2,2023-08-06,835610.0,358015.0,212091.0,752766.0,278857.0,107858.0,200546.0,283933.0,-83387.0,Paid
VAT-AA6B741D,GR0000000251,2023-Q3,2023-10-30,848007.0,363853.0,239808.0,706016.0,267744.0,105442.0,203522.0,272654.0,-69132.0,Paid
VAT-A4F3518B,GR0000000251,2023-Q4,2024-01-21,1005279.0,458562.0,278375.0,840628.0,318886.0,125087.0,241267.0,319054.0,-77787.0,Paid
VAT-EF4258D7,GR0000000251,2024-Q1,2024-05-02,745020.0,308523.0,203201.0,681110.0,244558.0,97405.0,178805.0,258510.0,-79705.0,Paid
VAT-9B351905,GR0000000251,2024-Q2,2024-07-23,802260.0,350036.0,217875.0,760434.0,279965.0,107661.0,192542.0,288774.0,-96231.0,Paid
VAT-7CA09B69,GR0000000251,2024-Q3,2024-10-19,882545.0,379443.0,238592.0,774058.0,296546.0,115640.0,211811.0,299334.0,-87523.0,Paid
VAT-E9483CCA,GR0000000251,2024-Q4,2025-02-05,1037263.0,465541.0,284153.0,913052.0,351895.0,135133.0,248943.0,357963.0,-109020.0,Paid
VAT-42190772,GR0000000252,2022-Q1,2022-04-15,5699930.0,2374971.0,1424983.0,4500043.0,1730786.0,692314.0,1367983.0,1661554.0,-293571.0,Paid
VAT-27EB0B5D,GR0000000252,2022-Q2,2022-07-17,7491182.0,3121326.0,1872795.0,5419313.0,2084351.0,833740.0,1797884.0,2000977.0,-203093.0,Paid
VAT-C2F9B699,GR0000000252,2022-Q3,2022-10-22,8045056.0,3352107.0,2011264.0,5930483.0,2280955.0,912382.0,1930813.0,2189717.0,-258903.0,Paid
VAT-5408EB01,GR0000000252,2022-Q4,2023-01-23,9357384.0,3898910.0,2339346.0,7570065.0,2911563.0,1164625.0,2245772.0,2795101.0,-549329.0,Paid
VAT-A23DF399,GR0000000252,2023-Q1,2023-04-25,10705273.0,4460530.0,2676318.0,8561753.0,3292982.0,1317193.0,2569265.0,3161263.0,-591997.0,Paid
VAT-B9B6622B,GR0000000252,2023-Q2,2023-07-25,12413541.0,5172309.0,3103385.0,8950914.0,3442659.0,1377064.0,2979250.0,3304953.0,-325703.0,Paid
VAT-598BFFDA,GR0000000252,2023-Q3,2023-10-17,12172196.0,5071748.0,3043049.0,9062458.0,3485561.0,1394224.0,2921327.0,3346138.0,-424811.0,Paid
VAT-A57160D4,GR0000000252,2023-Q4,2024-01-19,14013671.0,5839030.0,3503418.0,10758098.0,4137730.0,1655092.0,3363281.0,3972221.0,-608940.0,Paid
VAT-60A317D7,GR0000000252,2024-Q1,2024-04-22,7187848.0,2994937.0,1796962.0,5683854.0,2186098.0,874439.0,1725084.0,2098654.0,-373570.0,Paid
VAT-281A9B93,GR0000000252,2024-Q2,2024-07-16,7638929.0,3182887.0,1909732.0,5436381.0,2090916.0,836366.0,1833343.0,2007279.0,-173936.0,Paid
VAT-EF95062D,GR0000000252,2024-Q3,2024-10-26,7912351.0,3296813.0,1978088.0,5849317.0,2249737.0,899895.0,1898964.0,2159748.0,-260784.0,Paid
VAT-12C1A083,GR0000000252,2024-Q4,2025-01-11,10309164.0,4295485.0,2577291.0,7297107.0,2806579.0,1122632.0,2474199.0,2694316.0,-220117.0,Paid
VAT-0543471B,GR0000000253,2022-Q1,2022-04-22,17368.0,2043.0,1022.0,7682.0,2955.0,1182.0,4168.0,2836.0,1332.0,Paid
VAT-079150F8,GR0000000253,2022-Q2,2022-07-14,18952.0,2230.0,1115.0,8530.0,3281.0,1312.0,4548.0,3150.0,1399.0,Paid
VAT-F965AC7F,GR0000000253,2022-Q3,2022-10-11,18666.0,2196.0,1098.0,8056.0,3099.0,1239.0,4480.0,2975.0,1505.0,Partial
VAT-7809AEE2,GR0000000253,2022-Q4,2023-01-19,17287.0,2034.0,1017.0,7830.0,3012.0,1205.0,4149.0,2891.0,1258.0,Paid
VAT-E750596D,GR0000000253,2023-Q1,2023-04-25,34631.0,4074.0,2037.0,14909.0,5734.0,2294.0,8311.0,5505.0,2807.0,Paid
VAT-D8E1DCF8,GR0000000253,2023-Q2,2023-07-21,34176.0,4021.0,2010.0,16777.0,6453.0,2581.0,8202.0,6194.0,2008.0,Paid
VAT-9655082F,GR0000000253,2023-Q3,2023-10-24,31382.0,3692.0,1846.0,14461.0,5562.0,2225.0,7532.0,5339.0,2192.0,Paid
VAT-42DFA127,GR0000000253,2023-Q4,2024-01-21,32172.0,3785.0,1892.0,15272.0,5874.0,2350.0,7721.0,5639.0,2082.0,Paid
VAT-ED79EBE2,GR0000000253,2024-Q1,2024-04-21,31382.0,3692.0,1846.0,15307.0,5887.0,2355.0,7532.0,5652.0,1880.0,Paid
VAT-D5B7267F,GR0000000253,2024-Q2,2024-07-17,31572.0,3714.0,1857.0,14785.0,5687.0,2275.0,7577.0,5459.0,2118.0,Paid
VAT-18B809D7,GR0000000253,2024-Q3,2024-10-26,36359.0,4277.0,2139.0,17754.0,6828.0,2731.0,8726.0,6555.0,2171.0,Paid
VAT-728EF818,GR0000000253,2024-Q4,2025-01-13,31521.0,3708.0,1854.0,13890.0,5342.0,2137.0,7565.0,5129.0,2436.0,Paid
VAT-6CC95D6D,GR0000000254,2022-Q1,2022-04-10,10409.0,4003.0,1601.0,7707.0,2964.0,1186.0,2498.0,2846.0,-347.0,Paid
VAT-4E4F3E34,GR0000000254,2022-Q2,2022-07-24,14852.0,5712.0,2285.0,11384.0,4379.0,1751.0,3565.0,4203.0,-639.0,Paid
VAT-9812FA82,GR0000000254,2022-Q3,2022-10-21,13539.0,5207.0,2083.0,10542.0,4055.0,1622.0,3249.0,3893.0,-643.0,Paid
VAT-E7219B64,GR0000000254,2022-Q4,2023-01-15,9307.0,3580.0,1432.0,6962.0,2678.0,1071.0,2234.0,2570.0,-337.0,Paid
VAT-3DE5538B,GR0000000254,2023-Q1,2023-04-10,12197.0,4691.0,1876.0,8703.0,3347.0,1339.0,2927.0,3213.0,-286.0,Paid
VAT-02BF75AC,GR0000000254,2023-Q2,2023-07-22,19912.0,7658.0,3063.0,15656.0,6022.0,2409.0,4779.0,5781.0,-1002.0,Paid
VAT-5E69A16C,GR0000000254,2023-Q3,2023-10-25,18456.0,7098.0,2839.0,13520.0,5200.0,2080.0,4429.0,4992.0,-562.0,Paid
VAT-A1AEF5B2,GR0000000254,2023-Q4,2024-01-24,12973.0,4990.0,1996.0,9744.0,3748.0,1499.0,3114.0,3598.0,-484.0,Paid
VAT-AAAB8894,GR0000000254,2024-Q1,2024-04-18,6234.0,2398.0,959.0,4819.0,1853.0,741.0,1496.0,1779.0,-283.0,Paid
VAT-BBAFB0BF,GR0000000254,2024-Q2,2024-07-14,9164.0,3525.0,1410.0,6463.0,2486.0,994.0,2199.0,2386.0,-187.0,Paid
VAT-29AF716C,GR0000000254,2024-Q3,2024-10-21,8781.0,3377.0,1351.0,6777.0,2607.0,1043.0,2107.0,2502.0,-395.0,Paid
VAT-4A390714,GR0000000254,2024-Q4,2025-01-23,6381.0,2454.0,982.0,4878.0,1876.0,751.0,1531.0,1801.0,-270.0,Paid
VAT-5CEF124E,GR0000000255,2022-Q1,2022-04-19,211348.0,184929.0,132092.0,237860.0,91484.0,36594.0,50723.0,87825.0,-37102.0,Paid
VAT-70C257C4,GR0000000255,2022-Q2,2022-07-21,280097.0,245085.0,175061.0,316639.0,121784.0,48714.0,67223.0,116913.0,-49690.0,Paid
VAT-B2CD335A,GR0000000255,2022-Q3,2022-10-26,266418.0,233116.0,166511.0,273863.0,105332.0,42133.0,63940.0,101119.0,-37178.0,Paid
VAT-7FA67102,GR0000000255,2022-Q4,2023-01-21,335149.0,293256.0,209468.0,335222.0,128932.0,51573.0,80436.0,123774.0,-43339.0,Paid
VAT-B8670713,GR0000000255,2023-Q1,2023-04-20,93296.0,81634.0,58310.0,105447.0,40556.0,16223.0,22391.0,38934.0,-16543.0,Paid
VAT-5A18EECA,GR0000000255,2023-Q2,2023-07-13,115646.0,101190.0,72279.0,127777.0,49145.0,19658.0,27755.0,47179.0,-19424.0,Paid
VAT-90650DF7,GR0000000255,2023-Q3,2023-10-24,100777.0,88180.0,62985.0,108744.0,41825.0,16730.0,24186.0,40152.0,-15965.0,Paid
VAT-E221A8B3,GR0000000255,2023-Q4,2024-01-19,126007.0,110256.0,78755.0,134183.0,51609.0,20644.0,30242.0,49545.0,-19303.0,Paid
VAT-A1C14DFE,GR0000000255,2024-Q1,2024-04-18,106038.0,92783.0,66274.0,116989.0,44996.0,17998.0,25449.0,43196.0,-17747.0,Paid
VAT-B8FB78D8,GR0000000255,2024-Q2,2024-07-20,154035.0,134781.0,96272.0,158199.0,60846.0,24338.0,36968.0,58412.0,-21444.0,Paid
VAT-BC4F0846,GR0000000255,2024-Q3,2024-10-17,137720.0,120505.0,86075.0,140248.0,53941.0,21577.0,33053.0,51784.0,-18731.0,Paid
VAT-0C6B8A16,GR0000000255,2024-Q4,2025-01-23,166586.0,145763.0,104116.0,175662.0,67562.0,27025.0,39981.0,64860.0,-24879.0,Paid
VAT-36E34510,GR0000000256,2022-Q1,2022-04-27,147260.0,60855.0,39436.0,131703.0,48504.0,19110.0,35343.0,51210.0,-15868.0,Paid
VAT-241D851E,GR0000000256,2022-Q2,2022-07-22,180110.0,81027.0,49977.0,170022.0,63061.0,24878.0,43226.0,63984.0,-20758.0,Paid
VAT-AE246468,GR0000000256,2022-Q3,2022-11-04,186769.0,81020.0,49430.0,166657.0,63287.0,24364.0,44825.0,64634.0,-19809.0,Paid
VAT-B3E2642C,GR0000000256,2022-Q4,2023-01-31,185629.0,86525.0,54341.0,183389.0,70110.0,27770.0,44551.0,71981.0,-27430.0,Paid
VAT-DB5218C5,GR0000000256,2023-Q1,2023-04-14,55608.0,23244.0,14447.0,50772.0,18766.0,7362.0,13346.0,19693.0,-6347.0,Paid
VAT-38193A0E,GR0000000256,2023-Q2,2023-07-27,68633.0,30859.0,19565.0,64892.0,24107.0,9356.0,16472.0,25273.0,-8802.0,Paid
VAT-435AEEC7,GR0000000256,2023-Q3,2023-11-05,70543.0,29981.0,19419.0,70947.0,25758.0,10166.0,16930.0,26864.0,-9933.0,Paid
VAT-FA776DE3,GR0000000256,2023-Q4,2024-01-22,95042.0,38124.0,24285.0,84006.0,31552.0,12299.0,22810.0,32507.0,-9697.0,Paid
VAT-DB554AEF,GR0000000256,2024-Q1,2024-04-18,92651.0,40286.0,24318.0,84825.0,30071.0,12033.0,22236.0,32138.0,-9902.0,Paid
VAT-0D50D6B8,GR0000000256,2024-Q2,2024-07-30,120750.0,53049.0,33512.0,105637.0,40947.0,16008.0,28980.0,41091.0,-12111.0,Paid
VAT-A267297A,GR0000000256,2024-Q3,2024-10-27,120816.0,51792.0,31138.0,114412.0,42479.0,17060.0,28996.0,43088.0,-14092.0,Paid
VAT-6B6743FE,GR0000000256,2024-Q4,2025-01-25,130266.0,57706.0,35120.0,125081.0,44738.0,17799.0,31264.0,48022.0,-16758.0,Paid
VAT-94E0069C,GR0000000257,2022-Q1,2022-04-16,8775024.0,1032356.0,516178.0,3876312.0,1490889.0,596356.0,2106006.0,1431254.0,674752.0,Paid
VAT-ADCB66E0,GR0000000257,2022-Q2,2022-07-17,8411617.0,989602.0,494801.0,3329505.0,1280579.0,512232.0,2018788.0,1229356.0,789432.0,Paid
VAT-F2C1DC70,GR0000000257,2022-Q3,2022-10-26,8719925.0,1025874.0,512937.0,3860767.0,1484910.0,593964.0,2092782.0,1425514.0,667268.0,Paid
VAT-BE57A6DA,GR0000000257,2022-Q4,2023-01-22,9599196.0,1129317.0,564659.0,4347028.0,1671934.0,668774.0,2303807.0,1605057.0,698750.0,Paid
VAT-07DF0DD6,GR0000000257,2023-Q1,2023-04-13,8526280.0,1003092.0,501546.0,3344032.0,1286166.0,514466.0,2046307.0,1234719.0,811588.0,Paid
VAT-8459AF8B,GR0000000257,2023-Q2,2023-07-20,8106737.0,953734.0,476867.0,3533971.0,1359220.0,543688.0,1945617.0,1304851.0,640766.0,Paid
VAT-BC10E805,GR0000000257,2023-Q3,2023-10-15,7784249.0,915794.0,457897.0,3405859.0,1309946.0,523978.0,1868220.0,1257548.0,610672.0,Paid
VAT-DF8D76E1,GR0000000257,2023-Q4,2024-01-24,8559693.0,1007023.0,503511.0,3803325.0,1462817.0,585127.0,2054326.0,1404305.0,650022.0,Paid
VAT-93D5430E,GR0000000257,2024-Q1,2024-04-14,3608963.0,424584.0,212292.0,1415279.0,544338.0,217735.0,866151.0,522565.0,343587.0,Paid
VAT-405C6473,GR0000000257,2024-Q2,2024-07-11,4354181.0,512257.0,256128.0,1939030.0,745781.0,298312.0,1045004.0,715950.0,329054.0,Paid
VAT-486E4E1A,GR0000000257,2024-Q3,2024-10-19,4181778.0,491974.0,245987.0,1908748.0,734134.0,293654.0,1003627.0,704769.0,298858.0,Paid
VAT-7D01967A,GR0000000257,2024-Q4,2025-01-18,4064076.0,478127.0,239063.0,1613195.0,620460.0,248184.0,975378.0,595641.0,379737.0,Paid
VAT-BF1F2776,GR0000000258,2022-Q1,2022-04-21,123517.0,108078.0,77198.0,124685.0,47956.0,19182.0,29644.0,46037.0,-16393.0,Paid
VAT-B8E79CA2,GR0000000258,2022-Q2,2022-07-26,154089.0,134828.0,96306.0,156731.0,60281.0,24112.0,36981.0,57870.0,-20889.0,Paid
VAT-91E7AD0D,GR0000000258,2022-Q3,2022-10-24,149433.0,130754.0,93396.0,167263.0,64332.0,25733.0,35864.0,61759.0,-25895.0,Paid
VAT-F98163A4,GR0000000258,2022-Q4,2023-01-22,193086.0,168951.0,120679.0,189064.0,72717.0,29087.0,46341.0,69808.0,-23467.0,Paid
VAT-53742B00,GR0000000258,2023-Q1,2023-04-20,105388.0,92214.0,65867.0,110961.0,42677.0,17071.0,25293.0,40970.0,-15677.0,Paid
VAT-468CC689,GR0000000258,2023-Q2,2023-07-11,130297.0,114010.0,81436.0,132924.0,51125.0,20450.0,31271.0,49080.0,-17808.0,Paid
VAT-D10D3DB6,GR0000000258,2023-Q3,2023-10-21,118114.0,103350.0,73821.0,126659.0,48715.0,19486.0,28347.0,46767.0,-18419.0,Paid
VAT-1EEA81AA,GR0000000258,2023-Q4,2024-01-25,139991.0,122492.0,87494.0,146571.0,56374.0,22549.0,33598.0,54119.0,-20521.0,Paid
VAT-AAF44E41,GR0000000258,2024-Q1,2024-04-12,104420.0,91368.0,65263.0,105682.0,40647.0,16259.0,25061.0,39021.0,-13960.0,Paid
VAT-5C9B3269,GR0000000258,2024-Q2,2024-07-22,114623.0,100295.0,71639.0,127776.0,49144.0,19658.0,27509.0,47179.0,-19669.0,Paid
VAT-B634B6E5,GR0000000258,2024-Q3,2024-10-23,123142.0,107749.0,76964.0,126915.0,48814.0,19525.0,29554.0,46861.0,-17307.0,Paid
VAT-D492C022,GR0000000258,2024-Q4,2025-01-18,152709.0,133620.0,95443.0,172538.0,66361.0,26544.0,36650.0,63706.0,-27056.0,Paid
VAT-B7824260,GR0000000259,2022-Q1,2022-04-16,34888.0,17444.0,5815.0,19020.0,7315.0,2926.0,8373.0,7023.0,1350.0,Paid
VAT-34738B16,GR0000000259,2022-Q2,2022-07-26,120840.0,60420.0,20140.0,73521.0,28277.0,11311.0,29002.0,27146.0,1855.0,Paid
VAT-43DA6003,GR0000000259,2022-Q3,2022-10-14,153725.0,76863.0,25621.0,99199.0,38153.0,15261.0,36894.0,36627.0,267.0,Paid
VAT-C76042F6,GR0000000259,2022-Q4,2023-01-12,67514.0,33757.0,11252.0,39266.0,15102.0,6041.0,16203.0,14498.0,1705.0,Paid
VAT-67A61EE0,GR0000000259,2023-Q1,2023-04-14,78151.0,39076.0,13025.0,45481.0,17493.0,6997.0,18756.0,16793.0,1963.0,Paid
VAT-390D65D2,GR0000000259,2023-Q2,2023-07-21,222587.0,111294.0,37098.0,143374.0,55144.0,22058.0,53421.0,52938.0,483.0,Paid
VAT-A4DCDBBF,GR0000000259,2023-Q3,2023-10-23,321354.0,160677.0,53559.0,178831.0,68781.0,27512.0,77125.0,66030.0,11095.0,Paid
VAT-E4E81D45,GR0000000259,2023-Q4,2024-01-12,168292.0,84146.0,28049.0,99074.0,38105.0,15242.0,40390.0,36581.0,3809.0,Paid
VAT-4C273A22,GR0000000259,2024-Q1,2024-04-24,43999.0,21999.0,7333.0,24820.0,9546.0,3819.0,10560.0,9164.0,1395.0,Paid
VAT-21854C6A,GR0000000259,2024-Q2,2024-07-13,137589.0,68795.0,22932.0,82783.0,31840.0,12736.0,33021.0,30566.0,2455.0,Paid
VAT-AE1DF248,GR0000000259,2024-Q3,2024-10-14,184431.0,92215.0,30738.0,105418.0,40545.0,16218.0,44263.0,38924.0,5340.0,Paid
VAT-FDE5107B,GR0000000259,2024-Q4,2025-01-11,87288.0,43644.0,14548.0,48811.0,18774.0,7509.0,20949.0,18023.0,2926.0,Paid
VAT-929D4F96,GR0000000260,2022-Q1,2022-04-11,3313723.0,1274509.0,509804.0,2023824.0,778394.0,311358.0,795293.0,747258.0,48035.0,Paid
VAT-B2FFCDF5,GR0000000260,2022-Q2,2022-07-23,4943466.0,1901333.0,760533.0,3447673.0,1326028.0,530411.0,1186432.0,1272987.0,-86555.0,Paid
VAT-653A2745,GR0000000260,2022-Q3,2022-10-25,5234628.0,2013318.0,805327.0,3383378.0,1301299.0,520520.0,1256311.0,1249247.0,7063.0,Paid
VAT-1D76B267,GR0000000260,2022-Q4,2023-01-25,3396377.0,1306299.0,522520.0,2176598.0,837153.0,334861.0,815130.0,803667.0,11464.0,Paid
VAT-171A53AC,GR0000000260,2023-Q1,2023-04-16,2845923.0,1094586.0,437834.0,1810326.0,696279.0,278512.0,683021.0,668428.0,14593.0,Paid
VAT-2E0A6B3C,GR0000000260,2023-Q2,2023-07-18,4886396.0,1879383.0,751753.0,3172265.0,1220102.0,488041.0,1172735.0,1171298.0,1437.0,Paid
VAT-C1481EF3,GR0000000260,2023-Q3,2023-10-14,4529726.0,1742202.0,696881.0,2797097.0,1075807.0,430323.0,1087134.0,1032774.0,54360.0,Paid
VAT-470B0EA9,GR0000000260,2023-Q4,2024-01-26,3417679.0,1314492.0,525797.0,2056565.0,790986.0,316395.0,820243.0,759347.0,60896.0,Paid
VAT-723FE237,GR0000000260,2024-Q1,2024-04-12,4040332.0,1553974.0,621590.0,2665068.0,1025026.0,410010.0,969680.0,984025.0,-14345.0,Paid
VAT-D2687196,GR0000000260,2024-Q2,2024-07-11,6698517.0,2576353.0,1030541.0,4038994.0,1553459.0,621384.0,1607644.0,1491321.0,116323.0,Paid
VAT-D3D786EC,GR0000000260,2024-Q3,2024-10-26,6469744.0,2488363.0,995345.0,4097782.0,1576070.0,630428.0,1552739.0,1513027.0,39711.0,Partial
VAT-F759C350,GR0000000260,2024-Q4,2025-01-20,4121895.0,1585344.0,634138.0,2723321.0,1047431.0,418972.0,989255.0,1005534.0,-16279.0,Paid
VAT-958461F2,GR0000000261,2022-Q1,2022-04-12,292772.0,256176.0,182983.0,303990.0,116919.0,46768.0,70265.0,112243.0,-41977.0,Paid
VAT-115D83EC,GR0000000261,2022-Q2,2022-07-13,417308.0,365144.0,260817.0,428791.0,164920.0,65968.0,100154.0,158323.0,-58169.0,Paid
VAT-36B278AB,GR0000000261,2022-Q3,2022-10-24,427436.0,374006.0,267147.0,406556.0,156368.0,62547.0,102585.0,150113.0,-47528.0,Paid
VAT-D8B5D1BD,GR0000000261,2022-Q4,2023-01-24,511342.0,447424.0,319588.0,500603.0,192540.0,77016.0,122722.0,184838.0,-62116.0,Paid
VAT-C86274B8,GR0000000261,2023-Q1,2023-04-17,301592.0,263893.0,188495.0,289298.0,111268.0,44507.0,72382.0,106818.0,-34436.0,Paid
VAT-3884CDDF,GR0000000261,2023-Q2,2023-07-13,367711.0,321747.0,229819.0,334627.0,128703.0,51481.0,88251.0,123555.0,-35304.0,Paid
VAT-BB58E26A,GR0000000261,2023-Q3,2023-10-16,351836.0,307856.0,219897.0,350292.0,134728.0,53891.0,84441.0,129338.0,-44898.0,Paid
VAT-B30F2E19,GR0000000261,2023-Q4,2024-01-26,384615.0,336538.0,240384.0,390943.0,150363.0,60145.0,92308.0,144348.0,-52041.0,Paid
VAT-3E02A92D,GR0000000261,2024-Q1,2024-04-22,215990.0,188991.0,134994.0,225119.0,86584.0,34634.0,51838.0,83121.0,-31283.0,Paid
VAT-2EE76A08,GR0000000261,2024-Q2,2024-07-25,232026.0,203023.0,145016.0,208114.0,80044.0,32018.0,55686.0,76842.0,-21156.0,Paid
VAT-3870E8D8,GR0000000261,2024-Q3,2024-10-18,259454.0,227022.0,162159.0,256575.0,98683.0,39473.0,62269.0,94736.0,-32467.0,Paid
VAT-98B900ED,GR0000000261,2024-Q4,2025-01-24,316119.0,276604.0,197574.0,324682.0,124878.0,49951.0,75869.0,119883.0,-44014.0,Paid
VAT-85970B71,GR0000000262,2022-Q1,2022-04-25,92714.0,26490.0,13245.0,62976.0,24222.0,9689.0,22251.0,23253.0,-1001.0,Paid
VAT-AC7013E5,GR0000000262,2022-Q2,2022-07-24,142834.0,40810.0,20405.0,97042.0,37324.0,14930.0,34280.0,35831.0,-1551.0,Paid
VAT-ED0163A6,GR0000000262,2022-Q3,2022-10-21,119202.0,34058.0,17029.0,77949.0,29980.0,11992.0,28608.0,28781.0,-173.0,Paid
VAT-84C9E3F0,GR0000000262,2022-Q4,2023-01-25,118948.0,33985.0,16993.0,86239.0,33169.0,13268.0,28548.0,31842.0,-3295.0,Paid
VAT-225BF062,GR0000000262,2023-Q1,2023-04-13,73191.0,20912.0,10456.0,52898.0,20345.0,8138.0,17566.0,19532.0,-1966.0,Paid
VAT-D0113494,GR0000000262,2023-Q2,2023-07-11,121973.0,34849.0,17425.0,86518.0,33276.0,13310.0,29273.0,31945.0,-2672.0,Paid
VAT-1DABCFFB,GR0000000262,2023-Q3,2023-10-24,101483.0,28995.0,14498.0,67836.0,26091.0,10436.0,24356.0,25047.0,-691.0,Paid
VAT-FCDD8A5B,GR0000000262,2023-Q4,2024-01-12,103534.0,29581.0,14791.0,73884.0,28417.0,11367.0,24848.0,27280.0,-2432.0,Paid
VAT-5736948E,GR0000000262,2024-Q1,2024-04-12,75172.0,21478.0,10739.0,55200.0,21231.0,8492.0,18041.0,20382.0,-2340.0,Paid
VAT-DC811BD8,GR0000000262,2024-Q2,2024-07-23,103603.0,29601.0,14800.0,68770.0,26450.0,10580.0,24865.0,25392.0,-527.0,Paid
VAT-CB156A2F,GR0000000262,2024-Q3,2024-10-11,89418.0,25548.0,12774.0,60502.0,23270.0,9308.0,21460.0,22339.0,-879.0,Paid
VAT-3B77D4F8,GR0000000262,2024-Q4,2025-01-25,84751.0,24215.0,12107.0,58905.0,22656.0,9062.0,20340.0,21750.0,-1409.0,Paid
VAT-944E5937,GR0000000263,2022-Q1,2022-04-12,166554.0,59484.0,11897.0,64693.0,24882.0,9953.0,39973.0,23887.0,16086.0,Paid
VAT-4A8BADFC,GR0000000263,2022-Q2,2022-07-17,162733.0,58119.0,11624.0,69251.0,26635.0,10654.0,39056.0,25570.0,13486.0,Paid
VAT-C6B46DAE,GR0000000263,2022-Q3,2022-10-12,182703.0,65251.0,13050.0,81552.0,31366.0,12547.0,43849.0,30112.0,13737.0,Paid
VAT-005763E4,GR0000000263,2022-Q4,2023-01-18,217920.0,77829.0,15566.0,84284.0,32417.0,12967.0,52301.0,31120.0,21181.0,Paid
VAT-6B9C2213,GR0000000263,2023-Q1,2023-04-11,350891.0,125318.0,25064.0,157043.0,60401.0,24160.0,84214.0,57985.0,26229.0,Paid
VAT-145A4815,GR0000000263,2023-Q2,2023-07-21,344282.0,122958.0,24592.0,131255.0,50483.0,20193.0,82628.0,48463.0,34164.0,Paid
VAT-79275D8F,GR0000000263,2023-Q3,2023-10-21,301982.0,107851.0,21570.0,130693.0,50267.0,20107.0,72476.0,48256.0,24220.0,Paid
VAT-1F9FE839,GR0000000263,2023-Q4,2024-01-18,400444.0,143016.0,28603.0,152272.0,58566.0,23426.0,96107.0,56223.0,39883.0,Paid
VAT-D4869CF8,GR0000000263,2024-Q1,2024-04-11,241342.0,86193.0,17239.0,109829.0,42242.0,16897.0,57922.0,40552.0,17370.0,Paid
VAT-6F0915EC,GR0000000263,2024-Q2,2024-07-24,252168.0,90060.0,18012.0,116516.0,44814.0,17926.0,60520.0,43021.0,17499.0,Partial
VAT-AFC8E01A,GR0000000263,2024-Q3,2024-10-17,245473.0,87669.0,17534.0,112324.0,43202.0,17281.0,58914.0,41474.0,17440.0,Paid
VAT-47C40B85,GR0000000263,2024-Q4,2025-01-24,265046.0,94659.0,18932.0,122331.0,47050.0,18820.0,63611.0,45168.0,18443.0,Paid
VAT-0C026731,GR0000000264,2022-Q1,2022-04-11,77883.0,38941.0,12980.0,45956.0,17675.0,7070.0,18692.0,16968.0,1723.0,Paid
VAT-74F1C3E3,GR0000000264,2022-Q2,2022-07-19,208090.0,104045.0,34682.0,114318.0,43968.0,17587.0,49942.0,42210.0,7732.0,Paid
VAT-019847EB,GR0000000264,2022-Q3,2022-10-15,267873.0,133937.0,44646.0,143289.0,55111.0,22044.0,64290.0,52907.0,11383.0,Paid
VAT-B09B339C,GR0000000264,2022-Q4,2023-01-21,151828.0,75914.0,25305.0,75031.0,28858.0,11543.0,36439.0,27704.0,8735.0,Paid
VAT-D3D0741E,GR0000000264,2023-Q1,2023-04-20,55179.0,27590.0,9197.0,31934.0,12282.0,4913.0,13243.0,11791.0,1452.0,Paid
VAT-3241F725,GR0000000264,2023-Q2,2023-07-24,161553.0,80777.0,26926.0,84000.0,32308.0,12923.0,38773.0,31015.0,7757.0,Paid
VAT-DE678579,GR0000000264,2023-Q3,2023-10-24,211087.0,105544.0,35181.0,124267.0,47795.0,19118.0,50661.0,45883.0,4778.0,Paid
VAT-79F781F0,GR0000000264,2023-Q4,2024-01-11,113128.0,56564.0,18855.0,63414.0,24390.0,9756.0,27151.0,23415.0,3736.0,Paid
VAT-8A929C11,GR0000000264,2024-Q1,2024-04-21,60783.0,30391.0,10130.0,32683.0,12570.0,5028.0,14588.0,12067.0,2520.0,Paid
VAT-18F50E72,GR0000000264,2024-Q2,2024-07-11,175747.0,87873.0,29291.0,98330.0,37819.0,15128.0,42179.0,36306.0,5873.0,Paid
VAT-193DBBAC,GR0000000264,2024-Q3,2024-10-25,226223.0,113111.0,37704.0,124715.0,47967.0,19187.0,54293.0,46048.0,8245.0,Paid
VAT-8CE94843,GR0000000264,2024-Q4,2025-01-23,124147.0,62073.0,20691.0,64000.0,24615.0,9846.0,29795.0,23631.0,6164.0,Paid
VAT-7357664A,GR0000000265,2022-Q1,2022-04-18,811722.0,152198.0,50733.0,473343.0,182055.0,72822.0,194813.0,174773.0,20041.0,Paid
VAT-95B1AF81,GR0000000265,2022-Q2,2022-07-19,755472.0,141651.0,47217.0,450134.0,173128.0,69251.0,181313.0,166203.0,15110.0,Paid
VAT-E1AC5938,GR0000000265,2022-Q3,2022-10-23,744898.0,139668.0,46556.0,470810.0,181081.0,72432.0,178775.0,173837.0,4938.0,Paid
VAT-95A00536,GR0000000265,2022-Q4,2023-01-14,1394481.0,261465.0,87155.0,813701.0,312962.0,125185.0,334675.0,300443.0,34232.0,Paid
VAT-706AF07A,GR0000000265,2023-Q1,2023-04-13,810231.0,151918.0,50639.0,486081.0,186954.0,74782.0,194456.0,179476.0,14980.0,Paid
VAT-B06833A7,GR0000000265,2023-Q2,2023-07-18,816470.0,153088.0,51029.0,526430.0,202473.0,80989.0,195953.0,194374.0,1578.0,Paid
VAT-1212EC7B,GR0000000265,2023-Q3,2023-10-18,782733.0,146762.0,48921.0,473992.0,182305.0,72922.0,187856.0,175013.0,12843.0,Paid
VAT-3B73A5B2,GR0000000265,2023-Q4,2024-01-24,1439382.0,269884.0,89961.0,870568.0,334834.0,133934.0,345452.0,321441.0,24011.0,Paid
VAT-D08906DE,GR0000000265,2024-Q1,2024-04-18,622522.0,116723.0,38908.0,395814.0,152236.0,60894.0,149405.0,146147.0,3259.0,Paid
VAT-25024163,GR0000000265,2024-Q2,2024-07-22,628688.0,117879.0,39293.0,357584.0,137532.0,55013.0,150885.0,132031.0,18854.0,Partial
VAT-965A8398,GR0000000265,2024-Q3,2024-10-19,599591.0,112423.0,37474.0,353972.0,136143.0,54457.0,143902.0,130697.0,13204.0,Paid
VAT-BD3E5BF3,GR0000000265,2024-Q4,2025-01-19,1398267.0,262175.0,87392.0,865030.0,332704.0,133082.0,335584.0,319396.0,16189.0,Paid
VAT-755C60E7,GR0000000266,2022-Q1,2022-04-11,2691319.0,1035123.0,414049.0,1911359.0,735138.0,294055.0,645917.0,705733.0,-59816.0,Paid
VAT-B4FB7BDD,GR0000000266,2022-Q2,2022-07-24,4142374.0,1593221.0,637288.0,2868559.0,1103292.0,441317.0,994170.0,1059160.0,-64990.0,Paid
VAT-4D3A0DCA,GR0000000266,2022-Q3,2022-10-24,4334751.0,1667212.0,666885.0,2856246.0,1098556.0,439423.0,1040340.0,1054614.0,-14274.0,Paid
VAT-6BD3F10F,GR0000000266,2022-Q4,2023-01-24,3186431.0,1225550.0,490220.0,2139514.0,822890.0,329156.0,764743.0,789974.0,-25231.0,Paid
VAT-5E0BFFEF,GR0000000266,2023-Q1,2023-04-14,1870517.0,719430.0,287772.0,1339511.0,515197.0,206079.0,448924.0,494589.0,-45665.0,Paid
VAT-2B8F76A7,GR0000000266,2023-Q2,2023-07-21,2677746.0,1029902.0,411961.0,2007929.0,772280.0,308912.0,642659.0,741389.0,-98730.0,Paid
VAT-C309C69A,GR0000000266,2023-Q3,2023-10-20,2767342.0,1064362.0,425745.0,1996564.0,767909.0,307164.0,664162.0,737193.0,-73031.0,Paid
VAT-0F66AD4E,GR0000000266,2023-Q4,2024-01-23,1833692.0,705266.0,282107.0,1234561.0,474831.0,189932.0,440086.0,455838.0,-15752.0,Paid
VAT-1B7E4182,GR0000000266,2024-Q1,2024-04-18,1752016.0,673852.0,269541.0,1146483.0,440955.0,176382.0,420484.0,423317.0,-2833.0,Paid
VAT-68923789,GR0000000266,2024-Q2,2024-07-18,2592380.0,997069.0,398828.0,1768319.0,680123.0,272049.0,622171.0,652918.0,-30747.0,Paid
VAT-444037E3,GR0000000266,2024-Q3,2024-10-23,2377278.0,914338.0,365735.0,1640467.0,630949.0,252379.0,570547.0,605711.0,-35164.0,Paid
VAT-6546D45B,GR0000000266,2024-Q4,2025-01-26,1650408.0,634772.0,253909.0,1222954.0,470367.0,188147.0,396098.0,451552.0,-55454.0,Paid
VAT-8AD05A9F,GR0000000267,2022-Q1,2022-04-17,59557.0,29779.0,9926.0,29838.0,11476.0,4590.0,14294.0,11017.0,3277.0,Paid
VAT-B625FFFB,GR0000000267,2022-Q2,2022-07-16,200576.0,100288.0,33429.0,111911.0,43043.0,17217.0,48138.0,41321.0,6817.0,Paid
VAT-6BC5D7EA,GR0000000267,2022-Q3,2022-10-17,257353.0,128677.0,42892.0,133088.0,51188.0,20475.0,61765.0,49140.0,12625.0,Paid
VAT-00668C83,GR0000000267,2022-Q4,2023-01-13,122430.0,61215.0,20405.0,65017.0,25007.0,10003.0,29383.0,24006.0,5377.0,Paid
VAT-AB59311D,GR0000000267,2023-Q1,2023-04-21,56580.0,28290.0,9430.0,31875.0,12259.0,4904.0,13579.0,11769.0,1810.0,Paid
VAT-3849D15B,GR0000000267,2023-Q2,2023-07-25,160975.0,80488.0,26829.0,88009.0,33850.0,13540.0,38634.0,32496.0,6138.0,Partial
VAT-64546EC6,GR0000000267,2023-Q3,2023-10-26,233035.0,116517.0,38839.0,135475.0,52106.0,20842.0,55928.0,50021.0,5907.0,Paid
VAT-D975DE3D,GR0000000267,2023-Q4,2024-01-22,112986.0,56493.0,18831.0,56267.0,21641.0,8656.0,27117.0,20775.0,6341.0,Paid
VAT-F601E261,GR0000000267,2024-Q1,2024-04-15,53895.0,26947.0,8982.0,29909.0,11503.0,4601.0,12935.0,11043.0,1892.0,Paid
VAT-D1CBE069,GR0000000267,2024-Q2,2024-07-14,170025.0,85012.0,28337.0,100334.0,38590.0,15436.0,40806.0,37046.0,3760.0,Paid
VAT-DBA515FE,GR0000000267,2024-Q3,2024-10-19,248312.0,124156.0,41385.0,139853.0,53789.0,21516.0,59595.0,51638.0,7957.0,Paid
VAT-C20AB157,GR0000000267,2024-Q4,2025-01-12,119457.0,59728.0,19909.0,62268.0,23949.0,9580.0,28670.0,22991.0,5678.0,Paid
VAT-63C38C4A,GR0000000268,2022-Q1,2022-04-17,16366082.0,3068640.0,1022880.0,9280146.0,3569287.0,1427715.0,3927860.0,3426516.0,501344.0,Paid
VAT-C1D702BF,GR0000000268,2022-Q2,2022-07-25,13167313.0,2468871.0,822957.0,6537439.0,2514400.0,1005760.0,3160155.0,2413824.0,746331.0,Paid
VAT-F55DA0F5,GR0000000268,2022-Q3,2022-10-21,13619132.0,2553587.0,851196.0,6704158.0,2578522.0,1031409.0,3268592.0,2475381.0,793210.0,Paid
VAT-D2E0DB75,GR0000000268,2022-Q4,2023-01-11,15591271.0,2923363.0,974454.0,8860801.0,3408000.0,1363200.0,3741905.0,3271680.0,470225.0,Paid
VAT-3FBDE867,GR0000000268,2023-Q1,2023-04-10,20716203.0,3884288.0,1294763.0,10231458.0,3935176.0,1574071.0,4971889.0,3777769.0,1194119.0,Paid
VAT-EF4E57FE,GR0000000268,2023-Q2,2023-07-25,16158300.0,3029681.0,1009894.0,8175282.0,3144339.0,1257736.0,3877992.0,3018566.0,859426.0,Paid
VAT-F67D0375,GR0000000268,2023-Q3,2023-10-14,13625740.0,2554826.0,851609.0,6871873.0,2643028.0,1057211.0,3270178.0,2537307.0,732871.0,Paid
VAT-210077B1,GR0000000268,2023-Q4,2024-01-13,17604775.0,3300895.0,1100298.0,9978192.0,3837766.0,1535106.0,4225146.0,3684256.0,540890.0,Paid
VAT-A92D1495,GR0000000268,2024-Q1,2024-04-13,14760540.0,2767601.0,922534.0,7778030.0,2991550.0,1196620.0,3542530.0,2871888.0,670642.0,Paid
VAT-D68DECEA,GR0000000268,2024-Q2,2024-07-17,12805882.0,2401103.0,800368.0,7082526.0,2724049.0,1089619.0,3073412.0,2615087.0,458325.0,Paid
VAT-366A27C9,GR0000000268,2024-Q3,2024-10-18,12171509.0,2282158.0,760719.0,6110558.0,2350215.0,940086.0,2921162.0,2256206.0,664956.0,Paid
VAT-229B80D7,GR0000000268,2024-Q4,2025-01-14,16363293.0,3068117.0,1022706.0,9304815.0,3578775.0,1431510.0,3927190.0,3435624.0,491566.0,Paid
VAT-3C6950EC,GR0000000269,2022-Q1,2022-04-12,33428.0,13928.0,8357.0,28962.0,11139.0,4456.0,8023.0,10694.0,-2671.0,Paid
VAT-BD7DA147,GR0000000269,2022-Q2,2022-07-25,47291.0,19705.0,11823.0,40099.0,15423.0,6169.0,11350.0,14806.0,-3456.0,Paid
VAT-1DE10B50,GR0000000269,2022-Q3,2022-10-13,46928.0,19553.0,11732.0,39462.0,15178.0,6071.0,11263.0,14571.0,-3308.0,Paid
VAT-97C23818,GR0000000269,2022-Q4,2023-01-26,53707.0,22378.0,13427.0,48409.0,18619.0,7448.0,12890.0,17874.0,-4984.0,Paid
VAT-8DCEAF6A,GR0000000269,2023-Q1,2023-04-11,75575.0,31490.0,18894.0,64188.0,24688.0,9875.0,18138.0,23700.0,-5562.0,Paid
VAT-37F40B96,GR0000000269,2023-Q2,2023-07-26,83744.0,34893.0,20936.0,73224.0,28163.0,11265.0,20099.0,27037.0,-6938.0,Paid
VAT-F333BCC8,GR0000000269,2023-Q3,2023-10-17,93318.0,38882.0,23329.0,83585.0,32148.0,12859.0,22396.0,30862.0,-8466.0,Paid
VAT-E8FAA73A,GR0000000269,2023-Q4,2024-01-19,104151.0,43396.0,26038.0,86792.0,33382.0,13353.0,24996.0,32046.0,-7050.0,Paid
VAT-522893CE,GR0000000269,2024-Q1,2024-04-14,23680.0,9867.0,5920.0,19902.0,7655.0,3062.0,5683.0,7349.0,-1665.0,Paid
VAT-2A49C872,GR0000000269,2024-Q2,2024-07-14,30205.0,12585.0,7551.0,27407.0,10541.0,4217.0,7249.0,10120.0,-2871.0,Paid
VAT-94B5C558,GR0000000269,2024-Q3,2024-10-22,29120.0,12133.0,7280.0,26355.0,10137.0,4055.0,6989.0,9731.0,-2742.0,Paid
VAT-6694D352,GR0000000269,2024-Q4,2025-01-21,33648.0,14020.0,8412.0,30148.0,11595.0,4638.0,8076.0,11131.0,-3056.0,Paid
VAT-D3E885A4,GR0000000270,2022-Q1,2022-04-28,249328.0,29893.0,16050.0,116824.0,46101.0,17758.0,59839.0,46520.0,13319.0,Partial
VAT-0EDABADC,GR0000000270,2022-Q2,2022-07-26,242130.0,30965.0,15709.0,104876.0,39122.0,15484.0,58111.0,40598.0,17513.0,Unpaid
VAT-0532052A,GR0000000270,2022-Q3,2022-10-14,224224.0,29868.0,15237.0,95277.0,34444.0,13722.0,53814.0,36560.0,17254.0,Paid
VAT-CF57DC63,GR0000000270,2022-Q4,2023-02-08,262053.0,31858.0,16850.0,131697.0,46772.0,18753.0,62893.0,49162.0,13730.0,Partial
VAT-2E34DEC7,GR0000000270,2023-Q1,2023-04-19,324370.0,39761.0,20162.0,151642.0,56215.0,22183.0,77849.0,57320.0,20529.0,Paid
VAT-DBD2BCB8,GR0000000270,2023-Q2,2023-07-20,267763.0,33482.0,17675.0,130344.0,49619.0,19101.0,64263.0,50532.0,13731.0,Unpaid
VAT-421C6FD9,GR0000000270,2023-Q3,2023-11-03,258423.0,31901.0,17236.0,108525.0,39557.0,15624.0,62021.0,40965.0,21056.0,Paid
VAT-6A115731,GR0000000270,2023-Q4,2024-01-25,299481.0,36477.0,19105.0,127539.0,46828.0,18354.0,71876.0,48096.0,23780.0,Paid
VAT-2583F58D,GR0000000270,2024-Q1,2024-04-21,234332.0,27768.0,14269.0,110053.0,39526.0,15738.0,56240.0,42401.0,13839.0,Paid
VAT-D881CF23,GR0000000270,2024-Q2,2024-07-31,228244.0,28307.0,14866.0,108408.0,39583.0,15559.0,54779.0,42038.0,12741.0,Paid
VAT-367D5A1D,GR0000000270,2024-Q3,2024-10-19,238926.0,28526.0,14576.0,113960.0,42647.0,16973.0,57342.0,44232.0,13110.0,Paid
VAT-E0801EC1,GR0000000270,2024-Q4,2025-02-12,236721.0,29754.0,14830.0,115513.0,41650.0,16356.0,56813.0,43530.0,13283.0,Paid
VAT-4FD5848F,GR0000000271,2022-Q1,2022-04-17,16015553.0,3323282.0,1130234.0,8437696.0,3150052.0,1245390.0,3843733.0,3313535.0,530198.0,Paid
VAT-03126022,GR0000000271,2022-Q2,2022-07-21,13880267.0,2709718.0,916366.0,8133277.0,3059508.0,1193320.0,3331264.0,3178415.0,152849.0,Partial
VAT-7CEBD97A,GR0000000271,2022-Q3,2022-10-18,12822075.0,2410227.0,856296.0,7540092.0,2890178.0,1135594.0,3077298.0,2950832.0,126466.0,Paid
VAT-F905645A,GR0000000271,2022-Q4,2023-01-28,16771671.0,3290942.0,1116680.0,9224012.0,3395993.0,1355025.0,4025201.0,3535332.0,489869.0,Paid
VAT-07C24213,GR0000000271,2023-Q1,2023-04-16,17352594.0,3341633.0,1160329.0,9196610.0,3434792.0,1354052.0,4164623.0,3609012.0,555611.0,Paid
VAT-91365AB5,GR0000000271,2023-Q2,2023-08-05,14087802.0,2645701.0,969806.0,7852263.0,2848472.0,1110385.0,3381072.0,2975254.0,405819.0,Paid
VAT-0A3119F5,GR0000000271,2023-Q3,2023-10-29,13536425.0,2638983.0,890185.0,8135051.0,2993432.0,1179068.0,3248742.0,3049041.0,199701.0,Paid
VAT-6B3CE64F,GR0000000271,2023-Q4,2024-01-16,17103746.0,3247804.0,1130079.0,9649497.0,3773488.0,1457116.0,4104899.0,3791101.0,313798.0,Paid
VAT-AB7EB003,GR0000000271,2024-Q1,2024-04-29,11214852.0,2214478.0,804466.0,6855033.0,2466922.0,972098.0,2691565.0,2574827.0,116737.0,Paid
VAT-C35F1455,GR0000000271,2024-Q2,2024-07-30,10028683.0,1947245.0,660021.0,5110615.0,1949482.0,768796.0,2406884.0,2027599.0,379285.0,Paid
VAT-43F70D4A,GR0000000271,2024-Q3,2024-11-04,8833987.0,1610007.0,590501.0,4858950.0,1806588.0,715607.0,2120157.0,1896858.0,223299.0,Paid
VAT-F180D6AC,GR0000000271,2024-Q4,2025-01-26,10757751.0,2261338.0,766938.0,6196576.0,2250743.0,875725.0,2581860.0,2314952.0,266908.0,Paid
VAT-767C7EC6,GR0000000272,2022-Q1,2022-04-16,100790.0,38766.0,15506.0,70569.0,27142.0,10857.0,24190.0,26056.0,-1867.0,Paid
VAT-06D60694,GR0000000272,2022-Q2,2022-07-12,175902.0,67654.0,27062.0,132659.0,51023.0,20409.0,42216.0,48982.0,-6765.0,Paid
VAT-407CCE32,GR0000000272,2022-Q3,2022-10-23,180921.0,69585.0,27834.0,133860.0,51485.0,20594.0,43421.0,49425.0,-6004.0,Paid
VAT-9CFC2728,GR0000000272,2022-Q4,2023-01-18,103744.0,39901.0,15961.0,80634.0,31013.0,12405.0,24898.0,29773.0,-4874.0,Paid
VAT-8E2777EB,GR0000000272,2023-Q1,2023-04-19,199853.0,76866.0,30747.0,148489.0,57111.0,22844.0,47965.0,54827.0,-6862.0,Paid
VAT-F72AC84B,GR0000000272,2023-Q2,2023-07-20,302998.0,116538.0,46615.0,221013.0,85005.0,34002.0,72720.0,81605.0,-8885.0,Paid
VAT-A1662BCE,GR0000000272,2023-Q3,2023-10-22,272368.0,104757.0,41903.0,200951.0,77289.0,30916.0,65368.0,74197.0,-8829.0,Paid
VAT-FBC6F7BC,GR0000000272,2023-Q4,2024-01-14,212061.0,81562.0,32625.0,151821.0,58393.0,23357.0,50895.0,56057.0,-5162.0,Paid
VAT-C99F5BB0,GR0000000272,2024-Q1,2024-04-22,97508.0,37503.0,15001.0,72862.0,28024.0,11210.0,23402.0,26903.0,-3501.0,Paid
VAT-664DD6CF,GR0000000272,2024-Q2,2024-07-11,151359.0,58215.0,23286.0,117781.0,45300.0,18120.0,36326.0,43488.0,-7162.0,Paid
VAT-35C9F3B0,GR0000000272,2024-Q3,2024-10-24,144000.0,55384.0,22154.0,106042.0,40786.0,16314.0,34560.0,39154.0,-4594.0,Paid
VAT-DC20D362,GR0000000272,2024-Q4,2025-01-15,96228.0,37011.0,14804.0,75086.0,28879.0,11552.0,23095.0,27724.0,-4629.0,Paid
VAT-FEFC243F,GR0000000273,2022-Q1,2022-04-13,10557032.0,1979444.0,659815.0,5166602.0,1987155.0,794862.0,2533688.0,1907669.0,626019.0,Paid
VAT-5060811F,GR0000000273,2022-Q2,2022-07-22,8184186.0,1534535.0,511512.0,4004604.0,1540232.0,616093.0,1964205.0,1478623.0,485582.0,Paid
VAT-ECAC00D9,GR0000000273,2022-Q3,2022-10-13,8993466.0,1686275.0,562092.0,5028209.0,1933927.0,773571.0,2158432.0,1856570.0,301862.0,Paid
VAT-4619388F,GR0000000273,2022-Q4,2023-01-15,10858177.0,2035908.0,678636.0,5694380.0,2190146.0,876058.0,2605963.0,2102540.0,503422.0,Partial
VAT-C04796C1,GR0000000273,2023-Q1,2023-04-16,14345205.0,2689726.0,896575.0,8132935.0,3128052.0,1251221.0,3442849.0,3002930.0,439920.0,Paid
VAT-9B6EAC08,GR0000000273,2023-Q2,2023-07-26,11354480.0,2128965.0,709655.0,6237419.0,2399007.0,959603.0,2725075.0,2303047.0,422028.0,Partial
VAT-CBA357DD,GR0000000273,2023-Q3,2023-10-15,12058349.0,2260940.0,753647.0,6794037.0,2613091.0,1045236.0,2894004.0,2508567.0,385436.0,Paid
VAT-E4139215,GR0000000273,2023-Q4,2024-01-12,13940052.0,2613760.0,871253.0,7204889.0,2771111.0,1108444.0,3345613.0,2660267.0,685346.0,Paid
VAT-873CF294,GR0000000273,2024-Q1,2024-04-23,27452173.0,5147282.0,1715761.0,14879513.0,5722889.0,2289156.0,6588521.0,5493974.0,1094548.0,Paid
VAT-5E8A1777,GR0000000273,2024-Q2,2024-07-17,18204001.0,3413250.0,1137750.0,9444037.0,3632322.0,1452929.0,4368960.0,3487029.0,881931.0,Paid
VAT-079E2332,GR0000000273,2024-Q3,2024-10-24,19658181.0,3685909.0,1228636.0,9737610.0,3745235.0,1498094.0,4717963.0,3595425.0,1122538.0,Paid
VAT-8FA389E7,GR0000000273,2024-Q4,2025-01-22,24036763.0,4506893.0,1502298.0,12265405.0,4717463.0,1886985.0,5768823.0,4528765.0,1240058.0,Paid
VAT-A4F8BC37,GR0000000274,2022-Q1,2022-04-21,10247.0,5589.0,2795.0,8602.0,3308.0,1323.0,2459.0,3176.0,-717.0,Paid
VAT-7F502C91,GR0000000274,2022-Q2,2022-07-11,12439.0,6785.0,3393.0,10047.0,3864.0,1546.0,2985.0,3710.0,-724.0,Paid
VAT-12051044,GR0000000274,2022-Q3,2022-10-24,11286.0,6156.0,3078.0,9269.0,3565.0,1426.0,2709.0,3422.0,-714.0,Paid
VAT-4F83418E,GR0000000274,2022-Q4,2023-01-18,11978.0,6533.0,3267.0,10222.0,3932.0,1573.0,2875.0,3774.0,-900.0,Paid
VAT-F671CB7A,GR0000000274,2023-Q1,2023-04-16,5964.0,3253.0,1626.0,4844.0,1863.0,745.0,1431.0,1789.0,-357.0,Paid
VAT-4305B1FD,GR0000000274,2023-Q2,2023-07-25,7542.0,4114.0,2057.0,6078.0,2338.0,935.0,1810.0,2244.0,-434.0,Paid
VAT-9FBC7F69,GR0000000274,2023-Q3,2023-10-22,6413.0,3498.0,1749.0,4929.0,1896.0,758.0,1539.0,1820.0,-281.0,Paid
VAT-518D193A,GR0000000274,2023-Q4,2024-01-22,7882.0,4299.0,2150.0,6172.0,2374.0,950.0,1892.0,2279.0,-387.0,Paid
VAT-CBEE2433,GR0000000274,2024-Q1,2024-04-24,14304.0,7802.0,3901.0,11095.0,4267.0,1707.0,3433.0,4097.0,-664.0,Paid
VAT-97DB0490,GR0000000274,2024-Q2,2024-07-14,15127.0,8251.0,4125.0,12013.0,4620.0,1848.0,3630.0,4435.0,-805.0,Paid
VAT-91BAB796,GR0000000274,2024-Q3,2024-10-16,13623.0,7430.0,3715.0,11125.0,4279.0,1711.0,3269.0,4108.0,-838.0,Paid
VAT-24E45F8C,GR0000000274,2024-Q4,2025-01-25,17205.0,9385.0,4692.0,14151.0,5443.0,2177.0,4129.0,5225.0,-1096.0,Paid
VAT-82032537,GR0000000275,2022-Q1,2022-06-03,2011186.0,514028.0,186870.0,1373187.0,508435.0,188379.0,482685.0,571572.0,-88887.0,Paid
VAT-538D6C57,GR0000000275,2022-Q2,2022-08-12,1805142.0,422849.0,140571.0,1129142.0,420693.0,157106.0,433234.0,509377.0,-76143.0,Paid
VAT-401AA3DF,GR0000000275,2022-Q3,2022-10-30,1730597.0,491417.0,172062.0,1403711.0,494620.0,176336.0,415343.0,578392.0,-163049.0,Paid
VAT-634B9A4F,GR0000000275,2022-Q4,2023-01-24,2594541.0,538893.0,201410.0,1587046.0,583827.0,219424.0,622690.0,710211.0,-87521.0,Paid
VAT-BB17B9EE,GR0000000275,2023-Q1,2023-05-20,972064.0,234162.0,79806.0,762322.0,244216.0,93998.0,233295.0,329843.0,-96548.0,Paid
VAT-CEF5C5BA,GR0000000275,2023-Q2,2023-08-14,686784.0,170156.0,62237.0,461356.0,174075.0,64387.0,164828.0,203111.0,-38283.0,Paid
VAT-B10BEFF4,GR0000000275,2023-Q3,2023-11-16,715756.0,163856.0,58344.0,458919.0,178161.0,63140.0,171782.0,203754.0,-31972.0,Paid
VAT-E1CA640E,GR0000000275,2023-Q4,2024-03-11,845962.0,216508.0,73225.0,639092.0,220960.0,78539.0,203031.0,266537.0,-63506.0,Paid
VAT-0B61BE6D,GR0000000275,2024-Q1,2024-04-30,555017.0,124540.0,41501.0,372598.0,140218.0,51845.0,133204.0,160419.0,-27215.0,Paid
VAT-AB200458,GR0000000275,2024-Q2,2024-08-18,324027.0,83955.0,27940.0,235321.0,81618.0,31366.0,77766.0,104406.0,-26639.0,Paid
VAT-123E6DDC,GR0000000275,2024-Q3,2024-10-29,414479.0,103714.0,33792.0,289366.0,110959.0,40411.0,99475.0,128313.0,-28838.0,Paid
VAT-7AD5EBA8,GR0000000275,2024-Q4,2025-01-28,432970.0,104231.0,39212.0,320719.0,107526.0,39141.0,103913.0,134035.0,-30122.0,Paid
VAT-F30F9BB5,GR0000000276,2022-Q1,2022-04-15,130964.0,54568.0,32741.0,119210.0,45850.0,18340.0,31431.0,44016.0,-12585.0,Paid
VAT-9C16B886,GR0000000276,2022-Q2,2022-07-16,169025.0,70427.0,42256.0,139295.0,53575.0,21430.0,40566.0,51432.0,-10866.0,Paid
VAT-DB711C56,GR0000000276,2022-Q3,2022-10-11,145770.0,60738.0,36443.0,128370.0,49373.0,19749.0,34985.0,47398.0,-12413.0,Paid
VAT-3B6BBFAD,GR0000000276,2022-Q4,2023-01-17,175866.0,73278.0,43967.0,156811.0,60312.0,24125.0,42208.0,57899.0,-15692.0,Paid
VAT-123BA852,GR0000000276,2023-Q1,2023-04-23,154541.0,64392.0,38635.0,142252.0,54712.0,21885.0,37090.0,52524.0,-15434.0,Paid
VAT-2F483987,GR0000000276,2023-Q2,2023-07-12,190708.0,79462.0,47677.0,171043.0,65786.0,26314.0,45770.0,63154.0,-17384.0,Paid
VAT-BFA08818,GR0000000276,2023-Q3,2023-10-14,201530.0,83971.0,50382.0,165812.0,63774.0,25509.0,48367.0,61223.0,-12856.0,Paid
VAT-AFDD4EEC,GR0000000276,2023-Q4,2024-01-26,206398.0,85999.0,51600.0,170881.0,65723.0,26289.0,49536.0,63094.0,-13559.0,Paid
VAT-488F2FF3,GR0000000276,2024-Q1,2024-04-20,127980.0,53325.0,31995.0,106315.0,40890.0,16356.0,30715.0,39255.0,-8540.0,Paid
VAT-74E617CF,GR0000000276,2024-Q2,2024-07-26,156921.0,65384.0,39230.0,134402.0,51693.0,20677.0,37661.0,49625.0,-11964.0,Paid
VAT-76A47AE1,GR0000000276,2024-Q3,2024-10-15,149112.0,62130.0,37278.0,136005.0,52309.0,20924.0,35787.0,50217.0,-14430.0,Paid
VAT-5AF6B269,GR0000000276,2024-Q4,2025-01-16,176903.0,73710.0,44226.0,159402.0,61309.0,24523.0,42457.0,58856.0,-16399.0,Paid
VAT-D175245E,GR0000000277,2022-Q1,2022-04-25,81628.0,76176.0,57421.0,93868.0,34992.0,13905.0,19591.0,36261.0,-16670.0,Paid
VAT-5B8FD76A,GR0000000277,2022-Q2,2022-07-23,106365.0,96087.0,68387.0,109338.0,41165.0,16366.0,25528.0,43113.0,-17586.0,Paid
VAT-7FF933AC,GR0000000277,2022-Q3,2022-10-22,95100.0,82160.0,61516.0,96118.0,37687.0,14477.0,22824.0,37443.0,-14619.0,Paid
VAT-4B4D765E,GR0000000277,2022-Q4,2023-01-25,116958.0,103812.0,75921.0,117120.0,43408.0,17251.0,28070.0,45549.0,-17479.0,Paid
VAT-C00D3521,GR0000000277,2023-Q1,2023-04-18,74052.0,72349.0,50835.0,77284.0,28950.0,11416.0,17773.0,29386.0,-11614.0,Paid
VAT-AFE526FA,GR0000000277,2023-Q2,2023-07-20,83046.0,78327.0,59380.0,86193.0,32872.0,13074.0,19931.0,34061.0,-14130.0,Paid
VAT-0D3161E8,GR0000000277,2023-Q3,2023-10-31,91284.0,83996.0,60710.0,98699.0,36677.0,14612.0,21908.0,37137.0,-15229.0,Paid
VAT-E259B6A6,GR0000000277,2023-Q4,2024-01-24,114522.0,105218.0,80097.0,137486.0,49296.0,19691.0,27485.0,52817.0,-25332.0,Paid
VAT-A9B4AC5C,GR0000000277,2024-Q1,2024-04-23,54218.0,49820.0,38575.0,56905.0,21749.0,8547.0,13012.0,22458.0,-9446.0,Paid
VAT-637FBE39,GR0000000277,2024-Q2,2024-07-27,75483.0,64476.0,48771.0,71652.0,27502.0,10802.0,18116.0,27277.0,-9161.0,Paid
VAT-4920C395,GR0000000277,2024-Q3,2024-10-24,63928.0,58060.0,43723.0,70479.0,26922.0,10553.0,15343.0,27543.0,-12200.0,Paid
VAT-ABC14676,GR0000000277,2024-Q4,2025-01-20,88553.0,85200.0,59915.0,94137.0,33935.0,13433.0,21253.0,36500.0,-15247.0,Paid
VAT-E0BD4EEE,GR0000000278,2022-Q1,2022-04-17,68538.0,19582.0,9791.0,46096.0,17729.0,7092.0,16449.0,17020.0,-571.0,Paid
VAT-0423A79F,GR0000000278,2022-Q2,2022-07-22,109249.0,31214.0,15607.0,80004.0,30771.0,12308.0,26220.0,29540.0,-3320.0,Paid
VAT-F1AF19AC,GR0000000278,2022-Q3,2022-10-23,84315.0,24090.0,12045.0,55497.0,21345.0,8538.0,20236.0,20491.0,-256.0,Paid
VAT-205A98BD,GR0000000278,2022-Q4,2023-01-14,81951.0,23414.0,11707.0,56647.0,21787.0,8715.0,19668.0,20916.0,-1248.0,Paid
VAT-283A7EB8,GR0000000278,2023-Q1,2023-04-15,98586.0,28167.0,14084.0,72848.0,28018.0,11207.0,23661.0,26898.0,-3237.0,Paid
VAT-7231A74C,GR0000000278,2023-Q2,2023-07-12,142898.0,40828.0,20414.0,97317.0,37430.0,14972.0,34296.0,35932.0,-1637.0,Paid
VAT-6C8B091D,GR0000000278,2023-Q3,2023-10-12,104889.0,29968.0,14984.0,71327.0,27433.0,10973.0,25173.0,26336.0,-1163.0,Paid
VAT-568421EA,GR0000000278,2023-Q4,2024-01-21,125602.0,35886.0,17943.0,82664.0,31794.0,12718.0,30144.0,30522.0,-378.0,Paid
VAT-842ECCBD,GR0000000278,2024-Q1,2024-04-24,58162.0,16618.0,8309.0,39053.0,15020.0,6008.0,13959.0,14419.0,-461.0,Paid
VAT-2C419C55,GR0000000278,2024-Q2,2024-07-19,87246.0,24928.0,12464.0,60105.0,23117.0,9247.0,20939.0,22193.0,-1254.0,Paid
VAT-E470B0AE,GR0000000278,2024-Q3,2024-10-21,70277.0,20079.0,10040.0,50884.0,19571.0,7828.0,16867.0,18788.0,-1921.0,Paid
VAT-8122C08C,GR0000000278,2024-Q4,2025-01-22,66623.0,19035.0,9518.0,46136.0,17745.0,7098.0,15990.0,17035.0,-1045.0,Paid
VAT-C8020436,GR0000000279,2022-Q1,2022-04-25,901412.0,450706.0,150235.0,507298.0,195115.0,78046.0,216339.0,187310.0,29029.0,Paid
VAT-6C726473,GR0000000279,2022-Q2,2022-07-12,2611090.0,1305545.0,435182.0,1305305.0,502040.0,200816.0,626662.0,481959.0,144703.0,Paid
VAT-DE6B26FE,GR0000000279,2022-Q3,2022-10-21,3532931.0,1766465.0,588822.0,1808668.0,695641.0,278257.0,847903.0,667816.0,180088.0,Paid
VAT-B3B958F4,GR0000000279,2022-Q4,2023-01-26,2036670.0,1018335.0,339445.0,1032797.0,397230.0,158892.0,488801.0,381341.0,107460.0,Paid
VAT-4996793C,GR0000000279,2023-Q1,2023-04-20,969492.0,484746.0,161582.0,479719.0,184507.0,73803.0,232678.0,177127.0,55551.0,Paid
VAT-267C5F5E,GR0000000279,2023-Q2,2023-07-23,2450970.0,1225485.0,408495.0,1333518.0,512891.0,205157.0,588233.0,492376.0,95857.0,Paid
VAT-47BC08C5,GR0000000279,2023-Q3,2023-10-26,3762730.0,1881365.0,627122.0,2114126.0,813125.0,325250.0,903055.0,780600.0,122455.0,Paid
VAT-6514BDCF,GR0000000279,2023-Q4,2024-01-13,1856600.0,928300.0,309433.0,926496.0,356345.0,142538.0,445584.0,342091.0,103493.0,Paid
VAT-AB9D5227,GR0000000279,2024-Q1,2024-04-15,963168.0,481584.0,160528.0,528913.0,203428.0,81371.0,231160.0,195291.0,35869.0,Paid
VAT-F7D6A417,GR0000000279,2024-Q2,2024-07-11,2947451.0,1473726.0,491242.0,1490360.0,573215.0,229286.0,707388.0,550287.0,157102.0,Paid
VAT-7F511A9F,GR0000000279,2024-Q3,2024-10-14,3771338.0,1885669.0,628556.0,2065693.0,794497.0,317799.0,905121.0,762717.0,142404.0,Paid
VAT-41E2DFC2,GR0000000279,2024-Q4,2025-01-25,1970848.0,985424.0,328475.0,1121008.0,431157.0,172463.0,473004.0,413911.0,59093.0,Paid
VAT-754EEE52,GR0000000280,2022-Q1,2022-04-19,104157.0,40060.0,16024.0,68402.0,26308.0,10523.0,24998.0,25256.0,-258.0,Paid
VAT-5F293CBC,GR0000000280,2022-Q2,2022-07-14,143591.0,55227.0,22091.0,102074.0,39259.0,15704.0,34462.0,37689.0,-3227.0,Paid
VAT-93050F1A,GR0000000280,2022-Q3,2022-10-22,151864.0,58409.0,23364.0,106434.0,40936.0,16375.0,36447.0,39299.0,-2851.0,Paid
VAT-033355AD,GR0000000280,2022-Q4,2023-01-11,99969.0,38450.0,15380.0,73970.0,28450.0,11380.0,23993.0,27312.0,-3319.0,Paid
VAT-FBA0CB71,GR0000000280,2023-Q1,2023-04-24,95707.0,36810.0,14724.0,68501.0,26346.0,10539.0,22970.0,25293.0,-2323.0,Paid
VAT-FC9D1D06,GR0000000280,2023-Q2,2023-07-22,129279.0,49723.0,19889.0,86205.0,33156.0,13262.0,31027.0,31830.0,-803.0,Paid
VAT-30F07744,GR0000000280,2023-Q3,2023-10-11,147830.0,56858.0,22743.0,98492.0,37882.0,15153.0,35479.0,36366.0,-887.0,Paid
VAT-62BFFF13,GR0000000280,2023-Q4,2024-01-25,86816.0,33391.0,13356.0,57972.0,22297.0,8919.0,20836.0,21405.0,-569.0,Paid
VAT-3EF77971,GR0000000280,2024-Q1,2024-04-18,75896.0,29191.0,11676.0,50359.0,19369.0,7748.0,18215.0,18594.0,-379.0,Paid
VAT-65664FCE,GR0000000280,2024-Q2,2024-07-22,115796.0,44537.0,17815.0,75952.0,29212.0,11685.0,27791.0,28044.0,-253.0,Paid
VAT-53AC77F4,GR0000000280,2024-Q3,2024-10-24,111760.0,42985.0,17194.0,75745.0,29133.0,11653.0,26823.0,27967.0,-1145.0,Paid
VAT-5C86D6BC,GR0000000280,2024-Q4,2025-01-11,87374.0,33605.0,13442.0,65421.0,25162.0,10065.0,20970.0,24155.0,-3185.0,Paid
VAT-087EF4F5,GR0000000281,2022-Q1,2022-04-30,292507.0,53689.0,19743.0,185901.0,67364.0,26453.0,70202.0,71500.0,-1298.0,Paid
VAT-E6E4AA57,GR0000000281,2022-Q2,2022-07-27,293186.0,58878.0,19336.0,200109.0,72593.0,29068.0,70365.0,75071.0,-4706.0,Paid
VAT-BFDE0614,GR0000000281,2022-Q3,2022-10-19,286358.0,58030.0,19965.0,186108.0,68203.0,26487.0,68726.0,70822.0,-2096.0,Paid
VAT-57D615A8,GR0000000281,2022-Q4,2023-02-02,604012.0,119144.0,39765.0,408928.0,147959.0,59029.0,144963.0,155631.0,-10669.0,Paid
VAT-B881C426,GR0000000281,2023-Q1,2023-04-25,454220.0,81407.0,29438.0,302163.0,112371.0,42907.0,109013.0,114718.0,-5705.0,Paid
VAT-1D0B92A4,GR0000000281,2023-Q2,2023-07-25,504630.0,91804.0,33261.0,299697.0,114996.0,45971.0,121111.0,116868.0,4243.0,Paid
VAT-8725C209,GR0000000281,2023-Q3,2023-11-07,488467.0,90219.0,31375.0,313278.0,117203.0,45848.0,117232.0,120933.0,-3701.0,Paid
VAT-7FD38A2E,GR0000000281,2023-Q4,2024-01-22,965855.0,190093.0,63226.0,646463.0,241976.0,92584.0,231805.0,248538.0,-16733.0,Paid
VAT-7945AB45,GR0000000281,2024-Q1,2024-04-18,459897.0,84845.0,29147.0,279255.0,107027.0,41722.0,110375.0,108718.0,1658.0,Paid
VAT-1AC2C3A5,GR0000000281,2024-Q2,2024-07-21,454504.0,84871.0,29532.0,319110.0,114469.0,46051.0,109081.0,120036.0,-10955.0,Paid
VAT-0561805A,GR0000000281,2024-Q3,2024-11-10,400088.0,76687.0,27165.0,267745.0,103227.0,40476.0,96021.0,106086.0,-10065.0,Paid
VAT-A782836F,GR0000000281,2024-Q4,2025-01-21,761369.0,150182.0,52008.0,476936.0,181268.0,71556.0,182729.0,187583.0,-4855.0,Paid
VAT-9B880B37,GR0000000282,2022-Q1,2022-04-16,1886850.0,353784.0,117928.0,1141710.0,439119.0,175648.0,452844.0,421554.0,31290.0,Partial
VAT-A0F0DD9F,GR0000000282,2022-Q2,2022-07-21,1589021.0,297942.0,99314.0,953974.0,366913.0,146765.0,381365.0,352237.0,29129.0,Paid
VAT-7BE411B3,GR0000000282,2022-Q3,2022-10-15,1666057.0,312386.0,104129.0,951851.0,366097.0,146439.0,399854.0,351453.0,48401.0,Paid
VAT-A0A98111,GR0000000282,2022-Q4,2023-01-18,2153357.0,403754.0,134585.0,1303320.0,501277.0,200511.0,516806.0,481226.0,35580.0,Paid
VAT-44DC35CC,GR0000000282,2023-Q1,2023-04-14,2107752.0,395204.0,131735.0,1258439.0,484015.0,193606.0,505861.0,464654.0,41206.0,Paid
VAT-2C9C5C1D,GR0000000282,2023-Q2,2023-07-14,1895221.0,355354.0,118451.0,1005224.0,386625.0,154650.0,454853.0,371160.0,83694.0,Partial
VAT-54166EBC,GR0000000282,2023-Q3,2023-10-18,1671727.0,313449.0,104483.0,933109.0,358888.0,143555.0,401214.0,344533.0,56682.0,Paid
VAT-1388AB5A,GR0000000282,2023-Q4,2024-01-14,2419946.0,453740.0,151247.0,1458166.0,560833.0,224333.0,580787.0,538400.0,42387.0,Paid
VAT-E252C336,GR0000000282,2024-Q1,2024-04-17,2088824.0,391654.0,130551.0,1225652.0,471405.0,188562.0,501318.0,452549.0,48769.0,Paid
VAT-520763EF,GR0000000282,2024-Q2,2024-07-16,1662648.0,311746.0,103915.0,1006015.0,386929.0,154771.0,399035.0,371452.0,27584.0,Paid
VAT-19850CB2,GR0000000282,2024-Q3,2024-10-19,1704880.0,319665.0,106555.0,960866.0,369564.0,147826.0,409171.0,354781.0,54390.0,Paid
VAT-E1637CF9,GR0000000282,2024-Q4,2025-01-18,2228236.0,417794.0,139265.0,1247942.0,479978.0,191991.0,534777.0,460779.0,73998.0,Paid
VAT-10C7A7EB,GR0000000283,2022-Q1,2022-05-05,34570.0,15257.0,9467.0,32328.0,12165.0,4799.0,8297.0,12722.0,-4426.0,Paid
VAT-932BCAFC,GR0000000283,2022-Q2,2022-07-30,45386.0,18573.0,11815.0,42436.0,16481.0,6377.0,10893.0,16439.0,-5547.0,Paid
VAT-DB41AF87,GR0000000283,2022-Q3,2022-10-17,46495.0,20754.0,13287.0,44867.0,17152.0,6792.0,11159.0,17825.0,-6667.0,Paid
VAT-17FFEE36,GR0000000283,2022-Q4,2023-01-21,45617.0,21188.0,12844.0,46176.0,16996.0,6785.0,10948.0,17426.0,-6478.0,Paid
VAT-9CDFCEDA,GR0000000283,2023-Q1,2023-04-14,34513.0,14708.0,9000.0,34410.0,12672.0,4848.0,8283.0,13239.0,-4956.0,Paid
VAT-A55CDCE5,GR0000000283,2023-Q2,2023-07-26,49988.0,20151.0,12683.0,46981.0,17768.0,6900.0,11997.0,18514.0,-6517.0,Paid
VAT-AEFB5542,GR0000000283,2023-Q3,2023-11-04,45333.0,19782.0,11866.0,41214.0,14966.0,5865.0,10880.0,15536.0,-4656.0,Paid
VAT-049AB4E8,GR0000000283,2023-Q4,2024-02-02,53011.0,23357.0,14114.0,48682.0,18214.0,6991.0,12723.0,18734.0,-6011.0,Paid
VAT-5E4CCA8F,GR0000000283,2024-Q1,2024-04-26,8362.0,3613.0,2306.0,7940.0,3106.0,1203.0,2007.0,3035.0,-1028.0,Paid
VAT-F63D87A7,GR0000000283,2024-Q2,2024-07-18,11192.0,4474.0,2956.0,10393.0,3946.0,1544.0,2686.0,3935.0,-1249.0,Paid
VAT-33906F4E,GR0000000283,2024-Q3,2024-10-28,11226.0,4588.0,2917.0,10642.0,4042.0,1555.0,2694.0,4097.0,-1403.0,Paid
VAT-95B491F8,GR0000000283,2024-Q4,2025-01-26,12280.0,5469.0,3488.0,11656.0,4292.0,1673.0,2947.0,4363.0,-1416.0,Paid
VAT-042EEE0F,GR0000000284,2022-Q1,2022-04-20,193356.0,22748.0,11374.0,89835.0,34552.0,13821.0,46406.0,33170.0,13236.0,Paid
VAT-DD9C3141,GR0000000284,2022-Q2,2022-07-11,219172.0,25785.0,12892.0,105323.0,40509.0,16203.0,52601.0,38888.0,13713.0,Paid
VAT-07BF7D64,GR0000000284,2022-Q3,2022-10-15,194264.0,22855.0,11427.0,96061.0,36946.0,14779.0,46623.0,35469.0,11155.0,Paid
VAT-52224ABA,GR0000000284,2022-Q4,2023-01-20,216899.0,25517.0,12759.0,106311.0,40889.0,16356.0,52056.0,39253.0,12802.0,Paid
VAT-38A857E6,GR0000000284,2023-Q1,2023-04-19,120386.0,14163.0,7082.0,58860.0,22638.0,9055.0,28893.0,21733.0,7160.0,Paid
VAT-08D610B1,GR0000000284,2023-Q2,2023-07-21,134427.0,15815.0,7907.0,56553.0,21751.0,8700.0,32263.0,20881.0,11381.0,Paid
VAT-3DDA890D,GR0000000284,2023-Q3,2023-10-11,137571.0,16185.0,8092.0,65132.0,25051.0,10020.0,33017.0,24049.0,8968.0,Paid
VAT-81D373B3,GR0000000284,2023-Q4,2024-01-19,122355.0,14395.0,7197.0,58777.0,22606.0,9043.0,29365.0,21702.0,7663.0,Paid
VAT-392E8E20,GR0000000284,2024-Q1,2024-04-10,103919.0,12226.0,6113.0,46863.0,18024.0,7210.0,24941.0,17303.0,7637.0,Paid
VAT-2C29D038,GR0000000284,2024-Q2,2024-07-12,108320.0,12744.0,6372.0,45936.0,17668.0,7067.0,25997.0,16961.0,9036.0,Paid
VAT-601AF587,GR0000000284,2024-Q3,2024-10-11,110089.0,12952.0,6476.0,52935.0,20360.0,8144.0,26421.0,19545.0,6876.0,Paid
VAT-FB45DDEC,GR0000000284,2024-Q4,2025-01-21,120306.0,14154.0,7077.0,58233.0,22397.0,8959.0,28873.0,21501.0,7372.0,Paid
VAT-675A94CB,GR0000000285,2022-Q1,2022-04-14,6527967.0,5711971.0,4079979.0,6518377.0,2507068.0,1002827.0,1566712.0,2406786.0,-840073.0,Paid
VAT-EEC27A59,GR0000000285,2022-Q2,2022-07-19,8116063.0,7101555.0,5072539.0,8431405.0,3242848.0,1297139.0,1947855.0,3113134.0,-1165279.0,Paid
VAT-1DD18E0D,GR0000000285,2022-Q3,2022-10-21,8314771.0,7275425.0,5196732.0,8385357.0,3225137.0,1290055.0,1995545.0,3096132.0,-1100587.0,Paid
VAT-E60C166D,GR0000000285,2022-Q4,2023-01-11,10564013.0,9243511.0,6602508.0,10585256.0,4071252.0,1628501.0,2535363.0,3908402.0,-1373039.0,Paid
VAT-C4915C01,GR0000000285,2023-Q1,2023-04-17,5101638.0,4463933.0,3188524.0,5205683.0,2002186.0,800874.0,1224393.0,1922098.0,-697705.0,Paid
VAT-88C1A70C,GR0000000285,2023-Q2,2023-07-11,5891085.0,5154699.0,3681928.0,5456908.0,2098811.0,839524.0,1413860.0,2014858.0,-600998.0,Paid
VAT-74B9BAA4,GR0000000285,2023-Q3,2023-10-12,6216645.0,5439564.0,3885403.0,6317570.0,2429835.0,971934.0,1491995.0,2332641.0,-840646.0,Paid
VAT-376331ED,GR0000000285,2023-Q4,2024-01-22,6822037.0,5969283.0,4263773.0,6258105.0,2406963.0,962785.0,1637289.0,2310685.0,-673396.0,Paid
VAT-4CBD1EA2,GR0000000285,2024-Q1,2024-04-21,3050079.0,2668819.0,1906299.0,3197996.0,1229999.0,491999.0,732019.0,1180799.0,-448780.0,Paid
VAT-B3482219,GR0000000285,2024-Q2,2024-07-26,3801811.0,3326584.0,2376132.0,3790007.0,1457695.0,583078.0,912435.0,1399387.0,-486953.0,Paid
VAT-E86EA737,GR0000000285,2024-Q3,2024-10-17,3814320.0,3337530.0,2383950.0,3566334.0,1371667.0,548667.0,915437.0,1316800.0,-401363.0,Paid
VAT-166BE787,GR0000000285,2024-Q4,2025-01-22,4577451.0,4005270.0,2860907.0,4348543.0,1672517.0,669007.0,1098588.0,1605616.0,-507028.0,Paid
VAT-F1518ECA,GR0000000286,2024-Q1,2024-04-20,25228.0,2968.0,1484.0,10955.0,4214.0,1685.0,6055.0,4045.0,2010.0,Partial
VAT-A60BBF0F,GR0000000286,2024-Q2,2024-07-14,24620.0,2896.0,1448.0,10462.0,4024.0,1610.0,5909.0,3863.0,2046.0,Paid
VAT-EB89045D,GR0000000286,2024-Q3,2024-10-16,23278.0,2739.0,1369.0,10166.0,3910.0,1564.0,5587.0,3754.0,1833.0,Paid
VAT-02F68536,GR0000000286,2024-Q4,2025-01-14,23973.0,2820.0,1410.0,10527.0,4049.0,1620.0,5754.0,3887.0,1867.0,Paid
VAT-6A979D52,GR0000000287,2022-Q1,2022-04-22,293478.0,256793.0,183424.0,287647.0,110633.0,44253.0,70435.0,106208.0,-35773.0,Paid
VAT-0F0E7CE5,GR0000000287,2022-Q2,2022-07-18,345243.0,302087.0,215777.0,330823.0,127240.0,50896.0,82858.0,122150.0,-39292.0,Paid
VAT-636DEE3A,GR0000000287,2022-Q3,2022-10-11,367429.0,321500.0,229643.0,344856.0,132637.0,53055.0,88183.0,127331.0,-39148.0,Paid
VAT-A544DD8E,GR0000000287,2022-Q4,2023-01-19,379998.0,332498.0,237499.0,340013.0,130774.0,52310.0,91200.0,125543.0,-34344.0,Paid
VAT-82C62DD1,GR0000000287,2023-Q1,2023-04-22,164261.0,143728.0,102663.0,164244.0,63171.0,25268.0,39423.0,60644.0,-21221.0,Paid
VAT-7D990F7F,GR0000000287,2023-Q2,2023-07-16,187853.0,164371.0,117408.0,172426.0,66318.0,26527.0,45085.0,63665.0,-18580.0,Paid
VAT-60071EE7,GR0000000287,2023-Q3,2023-10-24,200952.0,175833.0,125595.0,186777.0,71837.0,28735.0,48229.0,68964.0,-20735.0,Paid
VAT-815AD039,GR0000000287,2023-Q4,2024-01-14,229035.0,200406.0,143147.0,211195.0,81229.0,32492.0,54968.0,77980.0,-23011.0,Paid
VAT-868BE24C,GR0000000287,2024-Q1,2024-04-10,184769.0,161673.0,115481.0,184860.0,71100.0,28440.0,44345.0,68256.0,-23911.0,Paid
VAT-EE0537E0,GR0000000287,2024-Q2,2024-07-14,224143.0,196125.0,140089.0,202632.0,77935.0,31174.0,53794.0,74818.0,-21024.0,Paid
VAT-704AD0F8,GR0000000287,2024-Q3,2024-10-18,214213.0,187436.0,133883.0,218978.0,84222.0,33689.0,51411.0,80854.0,-29443.0,Paid
VAT-586E6C22,GR0000000287,2024-Q4,2025-01-25,263095.0,230208.0,164434.0,250598.0,96384.0,38554.0,63143.0,92528.0,-29386.0,Paid
VAT-7C37C260,GR0000000288,2022-Q1,2022-04-21,28898.0,26767.0,21058.0,36008.0,13473.0,5401.0,6935.0,14010.0,-7075.0,Paid
VAT-98FC25A5,GR0000000288,2022-Q2,2022-07-31,34861.0,34002.0,24844.0,43019.0,16321.0,6452.0,8367.0,16546.0,-8180.0,Paid
VAT-8EA5ED1F,GR0000000288,2022-Q3,2022-10-29,35332.0,33154.0,25893.0,41532.0,15074.0,6056.0,8480.0,15863.0,-7383.0,Paid
VAT-9909BB1A,GR0000000288,2022-Q4,2023-01-15,51534.0,45171.0,33693.0,57863.0,22117.0,8511.0,12368.0,22440.0,-10072.0,Paid
VAT-0DD1232C,GR0000000288,2023-Q1,2023-04-15,17860.0,16451.0,11516.0,20895.0,7812.0,3094.0,4286.0,8037.0,-3750.0,Paid
VAT-E9CD6F7B,GR0000000288,2023-Q2,2023-07-29,23067.0,20793.0,15869.0,26683.0,10249.0,4005.0,5536.0,10570.0,-5034.0,Paid
VAT-CE052355,GR0000000288,2023-Q3,2023-10-29,25145.0,22905.0,16836.0,27391.0,10317.0,4018.0,6035.0,10482.0,-4447.0,Paid
VAT-F3FF0B37,GR0000000288,2023-Q4,2024-02-08,25538.0,25226.0,18416.0,28602.0,10650.0,4238.0,6129.0,11045.0,-4916.0,Paid
VAT-66DE1042,GR0000000288,2024-Q1,2024-05-07,17719.0,16613.0,12427.0,21954.0,8143.0,3216.0,4253.0,8415.0,-4162.0,Paid
VAT-8CCD2B7E,GR0000000288,2024-Q2,2024-07-16,22793.0,20824.0,15784.0,24479.0,9614.0,3685.0,5470.0,9523.0,-4053.0,Paid
VAT-50D1DB5E,GR0000000288,2024-Q3,2024-10-20,27474.0,24621.0,18205.0,29563.0,10975.0,4355.0,6594.0,11140.0,-4546.0,Paid
VAT-B706A32E,GR0000000288,2024-Q4,2025-01-26,30283.0,26446.0,19764.0,34562.0,12776.0,5015.0,7268.0,13054.0,-5786.0,Paid
VAT-5FF1CB74,GR0000000289,2022-Q1,2022-04-15,1905656.0,794023.0,476414.0,1468674.0,564875.0,225950.0,457357.0,542280.0,-84922.0,Paid
VAT-3E32D14E,GR0000000289,2022-Q2,2022-07-16,2267969.0,944987.0,566992.0,1747327.0,672049.0,268819.0,544313.0,645167.0,-100854.0,Paid
VAT-DB9DB0DB,GR0000000289,2022-Q3,2022-10-15,2179675.0,908198.0,544919.0,1752710.0,674119.0,269648.0,523122.0,647154.0,-124032.0,Paid
VAT-B3DF0AB1,GR0000000289,2022-Q4,2023-01-13,2529206.0,1053836.0,632302.0,1961125.0,754279.0,301711.0,607009.0,724108.0,-117098.0,Paid
VAT-2E09166B,GR0000000289,2023-Q1,2023-04-16,2334730.0,972804.0,583683.0,1832555.0,704829.0,281931.0,560335.0,676636.0,-116300.0,Paid
VAT-8ECCDEED,GR0000000289,2023-Q2,2023-07-17,3363648.0,1401520.0,840912.0,2626938.0,1010361.0,404144.0,807276.0,969947.0,-162671.0,Paid
VAT-D415CF46,GR0000000289,2023-Q3,2023-10-24,3229249.0,1345521.0,807312.0,2550897.0,981114.0,392446.0,775020.0,941870.0,-166850.0,Paid
VAT-AEDFDC41,GR0000000289,2023-Q4,2024-01-17,3964304.0,1651793.0,991076.0,3054358.0,1174753.0,469901.0,951433.0,1127763.0,-176330.0,Paid
VAT-7D869AEF,GR0000000289,2024-Q1,2024-04-18,3731885.0,1554952.0,932971.0,2964957.0,1140368.0,456147.0,895652.0,1094754.0,-199101.0,Paid
VAT-62A4AFD5,GR0000000289,2024-Q2,2024-07-18,5172248.0,2155103.0,1293062.0,3796656.0,1460252.0,584101.0,1241340.0,1401842.0,-160503.0,Paid
VAT-13540FE9,GR0000000289,2024-Q3,2024-10-12,4849302.0,2020543.0,1212326.0,3564486.0,1370956.0,548382.0,1163833.0,1316118.0,-152285.0,Paid
VAT-F4AA3CD8,GR0000000289,2024-Q4,2025-01-18,6006568.0,2502737.0,1501642.0,4800347.0,1846287.0,738515.0,1441576.0,1772436.0,-330859.0,Paid
VAT-D075EBB5,GR0000000290,2022-Q1,2022-04-20,139710.0,69855.0,23285.0,77888.0,29957.0,11983.0,33530.0,28758.0,4772.0,Paid
VAT-4038B157,GR0000000290,2022-Q2,2022-07-16,442184.0,221092.0,73697.0,263492.0,101343.0,40537.0,106124.0,97289.0,8835.0,Paid
VAT-7E564703,GR0000000290,2022-Q3,2022-10-11,607199.0,303599.0,101200.0,376494.0,144805.0,57922.0,145728.0,139013.0,6714.0,Paid
VAT-24FD5953,GR0000000290,2022-Q4,2023-01-18,302506.0,151253.0,50418.0,167127.0,64279.0,25712.0,72601.0,61708.0,10893.0,Paid
VAT-CB942CDE,GR0000000290,2023-Q1,2023-04-24,120989.0,60494.0,20165.0,74596.0,28691.0,11476.0,29037.0,27543.0,1494.0,Paid
VAT-97799879,GR0000000290,2023-Q2,2023-07-11,364983.0,182491.0,60830.0,227816.0,87621.0,35049.0,87596.0,84117.0,3479.0,Paid
VAT-F9AC8432,GR0000000290,2023-Q3,2023-10-17,465624.0,232812.0,77604.0,297573.0,114451.0,45780.0,111750.0,109873.0,1877.0,Paid
VAT-075C4FBA,GR0000000290,2023-Q4,2024-01-20,218884.0,109442.0,36481.0,125369.0,48219.0,19288.0,52532.0,46290.0,6242.0,Paid
VAT-63005764,GR0000000290,2024-Q1,2024-04-21,150458.0,75229.0,25076.0,82106.0,31579.0,12632.0,36110.0,30316.0,5794.0,Paid
VAT-64061EC2,GR0000000290,2024-Q2,2024-07-17,444380.0,222190.0,74063.0,254095.0,97729.0,39092.0,106651.0,93820.0,12831.0,Paid
VAT-446D111D,GR0000000290,2024-Q3,2024-10-17,649307.0,324654.0,108218.0,378544.0,145594.0,58237.0,155834.0,139770.0,16064.0,Paid
VAT-A6D678DD,GR0000000290,2024-Q4,2025-01-19,283711.0,141855.0,47285.0,171091.0,65804.0,26322.0,68091.0,63172.0,4919.0,Paid
VAT-97A58B28,GR0000000291,2022-Q1,2022-04-20,16747.0,7766.0,4729.0,16922.0,6245.0,2417.0,4019.0,6507.0,-2487.0,Paid
VAT-E7E966D6,GR0000000291,2022-Q2,2022-08-09,24599.0,10284.0,6834.0,23212.0,8240.0,3291.0,5904.0,8679.0,-2776.0,Paid
VAT-6858A57B,GR0000000291,2022-Q3,2022-10-26,22268.0,9811.0,6161.0,19627.0,7491.0,2973.0,5344.0,7572.0,-2228.0,Paid
VAT-5AC8CB4B,GR0000000291,2022-Q4,2023-01-30,25945.0,11829.0,7188.0,22472.0,8620.0,3402.0,6227.0,8648.0,-2421.0,Paid
VAT-59E2CB78,GR0000000291,2023-Q1,2023-04-26,10553.0,4611.0,2783.0,10220.0,3777.0,1449.0,2533.0,3965.0,-1432.0,Paid
VAT-B4272B2D,GR0000000291,2023-Q2,2023-08-02,13181.0,6006.0,3745.0,12257.0,4760.0,1830.0,3164.0,4809.0,-1645.0,Paid
VAT-F4CA412D,GR0000000291,2023-Q3,2023-10-26,13382.0,5795.0,3698.0,12926.0,4832.0,1923.0,3212.0,5052.0,-1840.0,Paid
VAT-1CAFA5D2,GR0000000291,2023-Q4,2024-01-27,16588.0,6999.0,4414.0,15101.0,5839.0,2279.0,3981.0,5950.0,-1969.0,Paid
VAT-F7B883B4,GR0000000291,2024-Q1,2024-04-27,9076.0,4051.0,2455.0,8576.0,3216.0,1274.0,2178.0,3261.0,-1082.0,Paid
VAT-2CA7873E,GR0000000291,2024-Q2,2024-07-21,13048.0,5703.0,3642.0,11514.0,4530.0,1740.0,3132.0,4498.0,-1367.0,Paid
VAT-9C0C7307,GR0000000291,2024-Q3,2024-10-23,11515.0,4741.0,3057.0,10824.0,4068.0,1635.0,2764.0,4266.0,-1502.0,Paid
VAT-337695DE,GR0000000291,2024-Q4,2025-02-01,12975.0,5626.0,3605.0,11980.0,4390.0,1687.0,3114.0,4581.0,-1467.0,Paid
VAT-32FD0C1F,GR0000000292,2022-Q1,2022-04-27,44649.0,42478.0,31716.0,57539.0,20836.0,8254.0,10716.0,22101.0,-11386.0,Paid
VAT-3A7993A0,GR0000000292,2022-Q2,2022-07-23,61273.0,56795.0,41587.0,68183.0,24789.0,9779.0,14706.0,26427.0,-11721.0,Paid
VAT-E4738938,GR0000000292,2022-Q3,2022-11-02,57201.0,53291.0,39417.0,65856.0,23535.0,9390.0,13728.0,25164.0,-11436.0,Paid
VAT-F29661D8,GR0000000292,2022-Q4,2023-02-06,61300.0,54948.0,43359.0,75691.0,27530.0,10842.0,14712.0,28927.0,-14215.0,Paid
VAT-8DBBEE1C,GR0000000292,2023-Q1,2023-04-19,13505.0,11551.0,8735.0,15803.0,5978.0,2362.0,3241.0,6122.0,-2881.0,Paid
VAT-529CC343,GR0000000292,2023-Q2,2023-07-16,15089.0,14068.0,10284.0,16516.0,6493.0,2530.0,3621.0,6336.0,-2714.0,Paid
VAT-1DD15BF3,GR0000000292,2023-Q3,2023-10-21,14633.0,14255.0,10299.0,17706.0,6692.0,2691.0,3512.0,6897.0,-3385.0,Paid
VAT-1F2D657B,GR0000000292,2023-Q4,2024-01-29,18668.0,15796.0,11858.0,19190.0,7468.0,2909.0,4480.0,7574.0,-3094.0,Paid
VAT-2BF55C29,GR0000000292,2024-Q1,2024-05-12,15997.0,14596.0,11156.0,18940.0,7070.0,2777.0,3839.0,7183.0,-3343.0,Paid
VAT-CEF5F2B4,GR0000000292,2024-Q2,2024-07-21,19300.0,18995.0,13382.0,21313.0,8125.0,3108.0,4632.0,8242.0,-3610.0,Paid
VAT-AFA9A555,GR0000000292,2024-Q3,2024-11-06,19295.0,18162.0,12786.0,21223.0,8065.0,3157.0,4631.0,8287.0,-3656.0,Paid
VAT-1CD3BAF9,GR0000000292,2024-Q4,2025-01-21,24896.0,22296.0,16628.0,29063.0,10499.0,4145.0,5975.0,10914.0,-4939.0,Paid
VAT-96EFB50A,GR0000000293,2022-Q1,2022-04-20,786876.0,429205.0,214603.0,572848.0,220326.0,88130.0,188850.0,211513.0,-22663.0,Paid
VAT-278BB6C9,GR0000000293,2022-Q2,2022-07-15,928749.0,506590.0,253295.0,720828.0,277242.0,110897.0,222900.0,266152.0,-43252.0,Paid
VAT-C2E43AEF,GR0000000293,2022-Q3,2022-10-26,937311.0,511261.0,255630.0,710982.0,273455.0,109382.0,224955.0,262516.0,-37562.0,Paid
VAT-69335875,GR0000000293,2022-Q4,2023-01-14,1012170.0,552093.0,276046.0,759502.0,292116.0,116847.0,242921.0,280432.0,-37511.0,Paid
VAT-682DFDC2,GR0000000293,2023-Q1,2023-04-20,989925.0,539959.0,269980.0,719602.0,276770.0,110708.0,237582.0,265699.0,-28117.0,Paid
VAT-6B9754AA,GR0000000293,2023-Q2,2023-07-17,1303039.0,710749.0,355374.0,941995.0,362306.0,144922.0,312729.0,347813.0,-35084.0,Paid
VAT-EDE8955F,GR0000000293,2023-Q3,2023-10-16,1137212.0,620298.0,310149.0,930578.0,357915.0,143166.0,272931.0,343598.0,-70667.0,Paid
VAT-3D4CED66,GR0000000293,2023-Q4,2024-01-13,1416690.0,772740.0,386370.0,1041122.0,400432.0,160173.0,340006.0,384414.0,-44409.0,Paid
VAT-B9A43702,GR0000000293,2024-Q1,2024-04-13,591325.0,322541.0,161270.0,435558.0,167522.0,67009.0,141918.0,160821.0,-18903.0,Paid
VAT-FE49C5CE,GR0000000293,2024-Q2,2024-07-19,695956.0,379612.0,189806.0,531600.0,204462.0,81785.0,167029.0,196283.0,-29254.0,Paid
VAT-7A1ABF02,GR0000000293,2024-Q3,2024-10-22,759474.0,414259.0,207129.0,596497.0,229422.0,91769.0,182274.0,220245.0,-37971.0,Paid
VAT-46CCF649,GR0000000293,2024-Q4,2025-01-21,841499.0,459000.0,229500.0,678912.0,261120.0,104448.0,201960.0,250675.0,-48715.0,Paid
VAT-2C445DD9,GR0000000294,2022-Q1,2022-04-13,103458.0,51729.0,17243.0,56892.0,21881.0,8753.0,24830.0,21006.0,3824.0,Paid
VAT-B3046000,GR0000000294,2022-Q2,2022-07-26,306890.0,153445.0,51148.0,187719.0,72200.0,28880.0,73654.0,69312.0,4342.0,Paid
VAT-74DDFA67,GR0000000294,2022-Q3,2022-10-23,432155.0,216078.0,72026.0,243191.0,93535.0,37414.0,103717.0,89794.0,13923.0,Paid
VAT-78DA3026,GR0000000294,2022-Q4,2023-01-19,179977.0,89988.0,29996.0,110252.0,42405.0,16962.0,43194.0,40709.0,2486.0,Paid
VAT-F470FFDE,GR0000000294,2023-Q1,2023-04-20,93081.0,46541.0,15514.0,51067.0,19641.0,7856.0,22340.0,18855.0,3484.0,Paid
VAT-8EA43952,GR0000000294,2023-Q2,2023-07-21,293522.0,146761.0,48920.0,186036.0,71552.0,28621.0,70445.0,68690.0,1755.0,Paid
VAT-731FFA44,GR0000000294,2023-Q3,2023-10-21,412833.0,206416.0,68805.0,258597.0,99460.0,39784.0,99080.0,95482.0,3598.0,Paid
VAT-53A4C3DC,GR0000000294,2023-Q4,2024-01-17,219396.0,109698.0,36566.0,130993.0,50382.0,20153.0,52655.0,48367.0,4288.0,Paid
VAT-0DACCBF1,GR0000000294,2024-Q1,2024-04-12,74438.0,37219.0,12406.0,44641.0,17170.0,6868.0,17865.0,16483.0,1382.0,Partial
VAT-363F907E,GR0000000294,2024-Q2,2024-07-17,235893.0,117947.0,39316.0,150612.0,57928.0,23171.0,56614.0,55611.0,1004.0,Paid
VAT-C8A10277,GR0000000294,2024-Q3,2024-10-23,300398.0,150199.0,50066.0,179991.0,69227.0,27691.0,72096.0,66458.0,5637.0,Paid
VAT-8AC3824B,GR0000000294,2024-Q4,2025-01-25,159294.0,79647.0,26549.0,93005.0,35771.0,14308.0,38231.0,34340.0,3890.0,Partial
VAT-A4BF99E4,GR0000000295,2022-Q1,2022-04-13,19654.0,5615.0,2808.0,14012.0,5389.0,2156.0,4717.0,5174.0,-457.0,Paid
VAT-30D0C858,GR0000000295,2022-Q2,2022-07-11,29970.0,8563.0,4281.0,22103.0,8501.0,3400.0,7193.0,8161.0,-968.0,Paid
VAT-EDD697D7,GR0000000295,2022-Q3,2022-10-11,24210.0,6917.0,3459.0,17410.0,6696.0,2679.0,5810.0,6428.0,-618.0,Paid
VAT-3EDFDF11,GR0000000295,2022-Q4,2023-01-16,21257.0,6073.0,3037.0,15832.0,6089.0,2436.0,5102.0,5846.0,-744.0,Paid
VAT-A55139CB,GR0000000295,2023-Q1,2023-04-13,8824.0,2521.0,1261.0,6759.0,2600.0,1040.0,2118.0,2496.0,-378.0,Paid
VAT-B163992A,GR0000000295,2023-Q2,2023-07-23,13697.0,3913.0,1957.0,10297.0,3960.0,1584.0,3287.0,3802.0,-515.0,Paid
VAT-A5E080FE,GR0000000295,2023-Q3,2023-10-22,10741.0,3069.0,1534.0,7698.0,2961.0,1184.0,2578.0,2842.0,-264.0,Paid
VAT-D6FA6913,GR0000000295,2023-Q4,2024-01-21,9997.0,2856.0,1428.0,7066.0,2718.0,1087.0,2399.0,2609.0,-210.0,Paid
VAT-A3808E15,GR0000000295,2024-Q1,2024-04-19,11209.0,3202.0,1601.0,7996.0,3076.0,1230.0,2690.0,2953.0,-262.0,Paid
VAT-5FF5F752,GR0000000295,2024-Q2,2024-07-17,19672.0,5621.0,2810.0,14961.0,5754.0,2302.0,4721.0,5524.0,-803.0,Paid
VAT-14E329EC,GR0000000295,2024-Q3,2024-10-25,16027.0,4579.0,2290.0,11584.0,4456.0,1782.0,3846.0,4277.0,-431.0,Paid
VAT-BA036EAA,GR0000000295,2024-Q4,2025-01-18,14126.0,4036.0,2018.0,10535.0,4052.0,1621.0,3390.0,3890.0,-500.0,Paid
VAT-BF94C991,GR0000000296,2022-Q1,2022-04-22,135874.0,74113.0,37056.0,97793.0,37613.0,15045.0,32610.0,36108.0,-3498.0,Paid
VAT-49367AE7,GR0000000296,2022-Q2,2022-07-12,134487.0,73356.0,36678.0,97802.0,37616.0,15046.0,32277.0,36111.0,-3835.0,Paid
VAT-BAC876C5,GR0000000296,2022-Q3,2022-10-13,152562.0,83216.0,41608.0,118784.0,45686.0,18275.0,36615.0,43859.0,-7244.0,Paid
VAT-AF6EAD14,GR0000000296,2022-Q4,2023-01-18,177561.0,96852.0,48426.0,137981.0,53070.0,21228.0,42615.0,50947.0,-8332.0,Paid
VAT-E04649BF,GR0000000296,2023-Q1,2023-04-25,139720.0,76211.0,38106.0,100016.0,38468.0,15387.0,33533.0,36929.0,-3396.0,Paid
VAT-0A276B44,GR0000000296,2023-Q2,2023-07-13,162716.0,88754.0,44377.0,123500.0,47500.0,19000.0,39052.0,45600.0,-6548.0,Paid
VAT-3091F434,GR0000000296,2023-Q3,2023-10-26,158357.0,86377.0,43188.0,126092.0,48497.0,19399.0,38006.0,46557.0,-8551.0,Paid
VAT-C32F7C5B,GR0000000296,2023-Q4,2024-01-21,166234.0,90673.0,45337.0,131749.0,50673.0,20269.0,39896.0,48646.0,-8750.0,Paid
VAT-B78D3CB4,GR0000000296,2024-Q1,2024-04-15,104255.0,56866.0,28433.0,76309.0,29350.0,11740.0,25021.0,28176.0,-3154.0,Paid
VAT-0F49E623,GR0000000296,2024-Q2,2024-07-14,125884.0,68664.0,34332.0,92068.0,35411.0,14164.0,30212.0,33994.0,-3782.0,Paid
VAT-6ED552A2,GR0000000296,2024-Q3,2024-10-23,121959.0,66523.0,33262.0,86536.0,33283.0,13313.0,29270.0,31952.0,-2681.0,Paid
VAT-548DB4CD,GR0000000296,2024-Q4,2025-01-25,135564.0,73944.0,36972.0,101361.0,38985.0,15594.0,32535.0,37425.0,-4890.0,Paid
VAT-0DAA386F,GR0000000297,2022-Q1,2022-04-25,432653.0,378571.0,270408.0,487595.0,187536.0,75015.0,103837.0,180035.0,-76198.0,Paid
VAT-AA4D9CAE,GR0000000297,2022-Q2,2022-07-21,548306.0,479768.0,342691.0,617007.0,237311.0,94924.0,131593.0,227818.0,-96225.0,Paid
VAT-C70F693B,GR0000000297,2022-Q3,2022-10-21,581266.0,508608.0,363291.0,629074.0,241951.0,96781.0,139504.0,232273.0,-92770.0,Paid
VAT-AC72B32B,GR0000000297,2022-Q4,2023-01-25,656674.0,574590.0,410421.0,646621.0,248700.0,99480.0,157602.0,238752.0,-81151.0,Paid
VAT-0E919EEF,GR0000000297,2023-Q1,2023-04-12,670737.0,586894.0,419210.0,755721.0,290662.0,116265.0,160977.0,279036.0,-118059.0,Paid
VAT-4560C754,GR0000000297,2023-Q2,2023-07-19,889670.0,778461.0,556043.0,893062.0,343485.0,137394.0,213521.0,329746.0,-116225.0,Paid
VAT-681FCD94,GR0000000297,2023-Q3,2023-10-20,798350.0,698557.0,498969.0,892817.0,343391.0,137356.0,191604.0,329656.0,-138051.0,Paid
VAT-B04D0F80,GR0000000297,2023-Q4,2024-01-14,1018282.0,890996.0,636426.0,1104215.0,424698.0,169879.0,244388.0,407710.0,-163323.0,Paid
VAT-2CD52F8B,GR0000000297,2024-Q1,2024-04-23,352690.0,308603.0,220431.0,372853.0,143405.0,57362.0,84646.0,137669.0,-53023.0,Paid
VAT-CBAC6741,GR0000000297,2024-Q2,2024-07-23,385257.0,337100.0,240786.0,430922.0,165739.0,66296.0,92462.0,159110.0,-66648.0,Paid
VAT-AF1A11A2,GR0000000297,2024-Q3,2024-10-14,435276.0,380866.0,272047.0,436916.0,168045.0,67218.0,104466.0,161323.0,-56857.0,Paid
VAT-53309D3D,GR0000000297,2024-Q4,2025-01-12,482325.0,422034.0,301453.0,478477.0,184030.0,73612.0,115758.0,176669.0,-60911.0,Paid
VAT-27800E72,GR0000000298,2022-Q1,2022-04-23,16005.0,14004.0,10003.0,16098.0,6192.0,2477.0,3841.0,5944.0,-2103.0,Paid
VAT-FBCF948E,GR0000000298,2022-Q2,2022-07-21,19482.0,17046.0,12176.0,19631.0,7550.0,3020.0,4676.0,7248.0,-2573.0,Paid
VAT-6B06D098,GR0000000298,2022-Q3,2022-10-19,21396.0,18722.0,13373.0,23354.0,8982.0,3593.0,5135.0,8623.0,-3488.0,Paid
VAT-AACFAE5A,GR0000000298,2022-Q4,2023-01-22,21899.0,19162.0,13687.0,21705.0,8348.0,3339.0,5256.0,8014.0,-2758.0,Paid
VAT-9679A7E0,GR0000000298,2023-Q1,2023-04-20,13128.0,11487.0,8205.0,13783.0,5301.0,2121.0,3151.0,5089.0,-1939.0,Paid
VAT-28C33359,GR0000000298,2023-Q2,2023-07-24,16304.0,14266.0,10190.0,17296.0,6652.0,2661.0,3913.0,6386.0,-2473.0,Paid
VAT-3BE72563,GR0000000298,2023-Q3,2023-10-16,17811.0,15584.0,11132.0,19415.0,7467.0,2987.0,4275.0,7169.0,-2894.0,Paid
VAT-8EED64CC,GR0000000298,2023-Q4,2024-01-26,18945.0,16577.0,11840.0,19721.0,7585.0,3034.0,4547.0,7282.0,-2735.0,Paid
VAT-77154670,GR0000000298,2024-Q1,2024-04-14,25396.0,22221.0,15872.0,28168.0,10834.0,4333.0,6095.0,10400.0,-4305.0,Paid
VAT-51470062,GR0000000298,2024-Q2,2024-07-21,29376.0,25704.0,18360.0,28671.0,11027.0,4411.0,7050.0,10586.0,-3536.0,Paid
VAT-AA043633,GR0000000298,2024-Q3,2024-10-23,27034.0,23655.0,16896.0,30120.0,11585.0,4634.0,6488.0,11121.0,-4633.0,Paid
VAT-EC158838,GR0000000298,2024-Q4,2025-01-18,32077.0,28067.0,20048.0,32564.0,12525.0,5010.0,7698.0,12024.0,-4325.0,Paid
VAT-2446E888,GR0000000299,2022-Q1,2022-05-23,17068.0,9210.0,1869.0,9980.0,3638.0,1350.0,4096.0,4323.0,-227.0,Paid
VAT-1EDF7E14,GR0000000299,2022-Q2,2022-07-25,18369.0,9470.0,2021.0,11690.0,3787.0,1450.0,4408.0,4822.0,-413.0,Paid
VAT-7FBCD1FA,GR0000000299,2022-Q3,2022-11-11,23036.0,10084.0,2201.0,11200.0,4182.0,1552.0,5529.0,4880.0,649.0,Unpaid
VAT-36F63A73,GR0000000299,2022-Q4,2023-03-03,30232.0,13423.0,2649.0,14823.0,5178.0,1931.0,7256.0,6507.0,748.0,Unpaid
VAT-A94DAA6B,GR0000000299,2023-Q1,2023-05-22,33905.0,15070.0,3055.0,17191.0,6777.0,2458.0,8137.0,7728.0,409.0,Unpaid
VAT-ED95CF78,GR0000000299,2023-Q2,2023-08-30,37583.0,16899.0,3708.0,21546.0,7430.0,2741.0,9020.0,8839.0,181.0,Unpaid
VAT-48EA6DEB,GR0000000299,2023-Q3,2023-11-01,30974.0,15928.0,3253.0,18852.0,6909.0,2439.0,7434.0,8178.0,-745.0,Paid
VAT-4AA0E91C,GR0000000299,2023-Q4,2024-01-29,40503.0,20876.0,4406.0,27052.0,8834.0,3292.0,9721.0,11599.0,-1878.0,Paid
VAT-852225CC,GR0000000299,2024-Q1,2024-05-18,19084.0,10212.0,2081.0,10825.0,3569.0,1322.0,4580.0,4421.0,159.0,Unpaid
VAT-E5362D2F,GR0000000299,2024-Q2,2024-08-04,21663.0,11426.0,2425.0,12699.0,4341.0,1665.0,5199.0,5375.0,-176.0,Paid
VAT-41597482,GR0000000299,2024-Q3,2024-11-23,25091.0,12284.0,2364.0,15668.0,5133.0,1910.0,6022.0,6276.0,-254.0,Paid
VAT-D3379C46,GR0000000299,2024-Q4,2025-01-27,35673.0,15085.0,3210.0,18309.0,6134.0,2282.0,8561.0,7387.0,1174.0,Paid
VAT-0E09D259,GR0000000300,2022-Q1,2022-04-16,19646209.0,2311319.0,1155659.0,7409615.0,2849852.0,1139941.0,4715090.0,2735858.0,1979232.0,Paid
VAT-0E65CD94,GR0000000300,2022-Q2,2022-07-11,20655158.0,2430019.0,1215009.0,8551448.0,3289018.0,1315607.0,4957238.0,3157458.0,1799780.0,Paid
VAT-0FED47D0,GR0000000300,2022-Q3,2022-10-23,21249664.0,2499960.0,1249980.0,8174952.0,3144212.0,1257685.0,5099919.0,3018444.0,2081475.0,Paid
VAT-9C0A092A,GR0000000300,2022-Q4,2023-01-25,20032643.0,2356781.0,1178391.0,6941427.0,2669780.0,1067912.0,4807834.0,2562989.0,2244846.0,Paid
VAT-EF446F75,GR0000000300,2023-Q1,2023-04-17,17361653.0,2042547.0,1021274.0,7194479.0,2767107.0,1106843.0,4166797.0,2656423.0,1510374.0,Paid
VAT-1816B7B1,GR0000000300,2023-Q2,2023-07-18,17982874.0,2115632.0,1057816.0,6369095.0,2449652.0,979861.0,4315890.0,2351666.0,1964224.0,Paid
VAT-9E594424,GR0000000300,2023-Q3,2023-10-25,19147580.0,2252657.0,1126328.0,7165039.0,2755784.0,1102314.0,4595419.0,2645553.0,1949866.0,Paid
VAT-CB39CFF0,GR0000000300,2023-Q4,2024-01-16,16784267.0,1974620.0,987310.0,7001113.0,2692736.0,1077094.0,4028224.0,2585026.0,1443198.0,Paid
VAT-9321486D,GR0000000300,2024-Q1,2024-04-24,15818384.0,1860986.0,930493.0,5900424.0,2269394.0,907757.0,3796412.0,2178618.0,1617794.0,Paid
VAT-7BFF595F,GR0000000300,2024-Q2,2024-07-22,15496064.0,1823066.0,911533.0,5470911.0,2104196.0,841679.0,3719055.0,2020029.0,1699027.0,Paid
VAT-63317353,GR0000000300,2024-Q3,2024-10-13,14201618.0,1670779.0,835389.0,5834288.0,2243957.0,897583.0,3408388.0,2154199.0,1254190.0,Paid
VAT-29B882C2,GR0000000300,2024-Q4,2025-01-13,13987928.0,1645639.0,822819.0,5635122.0,2167355.0,866942.0,3357103.0,2080661.0,1276442.0,Paid
VAT-14626370,GR0000000301,2022-Q1,2022-04-18,1346862.0,679582.0,229608.0,687267.0,248938.0,98189.0,323247.0,266883.0,56364.0,Paid
VAT-E81B1FE1,GR0000000301,2022-Q2,2022-08-03,3367115.0,1713197.0,588775.0,1733874.0,625940.0,246749.0,808108.0,644534.0,163574.0,Paid
VAT-33ECDBE7,GR0000000301,2022-Q3,2022-10-18,4135932.0,2298666.0,795850.0,2041255.0,742786.0,295599.0,992624.0,766007.0,226616.0,Paid
VAT-8AF7CE21,GR0000000301,2022-Q4,2023-01-24,2266181.0,1229853.0,413383.0,1256274.0,464168.0,181084.0,543883.0,487682.0,56201.0,Paid
VAT-F05D70FE,GR0000000301,2023-Q1,2023-04-28,1303076.0,649239.0,234998.0,652216.0,254057.0,97503.0,312738.0,249526.0,63212.0,Paid
VAT-D8DCF408,GR0000000301,2023-Q2,2023-07-26,3713543.0,1858159.0,645356.0,1966477.0,745458.0,289876.0,891250.0,758405.0,132845.0,Paid
VAT-8E642FD1,GR0000000301,2023-Q3,2023-10-22,4547114.0,2460244.0,856370.0,2594565.0,960767.0,370608.0,1091307.0,1007685.0,83622.0,Unpaid
VAT-2FCE5F57,GR0000000301,2023-Q4,2024-01-23,2287060.0,1175247.0,422200.0,1137634.0,414296.0,164598.0,548894.0,434842.0,114052.0,Paid
VAT-CD5FD688,GR0000000301,2024-Q1,2024-04-25,1542557.0,801240.0,265149.0,777181.0,300664.0,118129.0,370214.0,298157.0,72056.0,Paid
VAT-08911227,GR0000000301,2024-Q2,2024-07-21,4102747.0,2329110.0,780840.0,2064448.0,769123.0,304953.0,984659.0,792609.0,192050.0,Paid
VAT-834F6D5E,GR0000000301,2024-Q3,2024-10-23,5124513.0,2833359.0,968176.0,2892972.0,1119717.0,442147.0,1229883.0,1120280.0,109604.0,Paid
VAT-46AD482C,GR0000000301,2024-Q4,2025-01-25,2943166.0,1490534.0,514654.0,1374408.0,533406.0,207102.0,706360.0,524465.0,181895.0,Paid
VAT-C85B5112,GR0000000302,2022-Q1,2022-04-15,84337.0,73795.0,52711.0,76098.0,29268.0,11707.0,20241.0,28098.0,-7857.0,Paid
VAT-07965944,GR0000000302,2022-Q2,2022-07-26,108061.0,94554.0,67538.0,108687.0,41803.0,16721.0,25935.0,40131.0,-14196.0,Paid
VAT-0AED1C42,GR0000000302,2022-Q3,2022-10-23,117320.0,102655.0,73325.0,105774.0,40682.0,16273.0,28157.0,39055.0,-10898.0,Paid
VAT-75A92BF9,GR0000000302,2022-Q4,2023-01-16,126640.0,110810.0,79150.0,123056.0,47329.0,18932.0,30394.0,45436.0,-15042.0,Paid
VAT-5B0A9EDC,GR0000000302,2023-Q1,2023-04-15,99470.0,87036.0,62169.0,91548.0,35211.0,14084.0,23873.0,33802.0,-9929.0,Paid
VAT-A8B578DA,GR0000000302,2023-Q2,2023-07-24,123208.0,107807.0,77005.0,120934.0,46513.0,18605.0,29570.0,44653.0,-15083.0,Paid
VAT-FBE7B044,GR0000000302,2023-Q3,2023-10-13,115926.0,101436.0,72454.0,116110.0,44658.0,17863.0,27822.0,42871.0,-15049.0,Paid
VAT-5939B676,GR0000000302,2023-Q4,2024-01-17,159599.0,139649.0,99749.0,166102.0,63885.0,25554.0,38304.0,61330.0,-23026.0,Paid
VAT-D9436811,GR0000000302,2024-Q1,2024-04-16,93089.0,81453.0,58181.0,92566.0,35602.0,14241.0,22341.0,34178.0,-11837.0,Paid
VAT-1ADA6A0C,GR0000000302,2024-Q2,2024-07-12,119466.0,104533.0,74666.0,118088.0,45418.0,18167.0,28672.0,43602.0,-14930.0,Paid
VAT-3EBFDECB,GR0000000302,2024-Q3,2024-10-12,119021.0,104143.0,74388.0,109676.0,42183.0,16873.0,28565.0,40496.0,-11931.0,Paid
VAT-7BEC8423,GR0000000302,2024-Q4,2025-01-15,162587.0,142263.0,101617.0,167079.0,64261.0,25704.0,39021.0,61691.0,-22670.0,Paid
VAT-5AFE42FB,GR0000000303,2022-Q1,2022-04-21,162223.0,141945.0,101389.0,183090.0,70419.0,28168.0,38933.0,67603.0,-28669.0,Paid
VAT-3061F778,GR0000000303,2022-Q2,2022-07-23,181663.0,158955.0,113540.0,201995.0,77690.0,31076.0,43599.0,74583.0,-30984.0,Paid
VAT-DFBE5549,GR0000000303,2022-Q3,2022-10-25,196012.0,171511.0,122508.0,196818.0,75699.0,30280.0,47043.0,72671.0,-25628.0,Paid
VAT-38BB0137,GR0000000303,2022-Q4,2023-01-24,218896.0,191534.0,136810.0,229114.0,88121.0,35248.0,52535.0,84596.0,-32061.0,Paid
VAT-D4B81B20,GR0000000303,2023-Q1,2023-04-23,129945.0,113702.0,81216.0,144012.0,55389.0,22156.0,31187.0,53174.0,-21987.0,Paid
VAT-0B6C4594,GR0000000303,2023-Q2,2023-07-17,167139.0,146246.0,104462.0,177323.0,68201.0,27280.0,40113.0,65473.0,-25360.0,Paid
VAT-0CB93163,GR0000000303,2023-Q3,2023-10-20,163243.0,142838.0,102027.0,176120.0,67739.0,27095.0,39178.0,65029.0,-25851.0,Paid
VAT-05C3FD5A,GR0000000303,2023-Q4,2024-01-12,206933.0,181067.0,129333.0,231981.0,89223.0,35689.0,49664.0,85654.0,-35990.0,Paid
VAT-858EC8ED,GR0000000303,2024-Q1,2024-04-17,198403.0,173603.0,124002.0,223280.0,85877.0,34351.0,47617.0,82442.0,-34825.0,Paid
VAT-C0B2398E,GR0000000303,2024-Q2,2024-07-23,271200.0,237300.0,169500.0,299231.0,115089.0,46036.0,65088.0,110485.0,-45397.0,Paid
VAT-B995C789,GR0000000303,2024-Q3,2024-10-20,262422.0,229620.0,164014.0,274005.0,105386.0,42155.0,62981.0,101171.0,-38190.0,Paid
VAT-8C2253C5,GR0000000303,2024-Q4,2025-01-21,301623.0,263920.0,188514.0,319720.0,122969.0,49188.0,72389.0,118050.0,-45661.0,Paid
VAT-C1F574DD,GR0000000304,2022-Q1,2022-04-25,1035242.0,398170.0,159268.0,694639.0,267169.0,106868.0,248458.0,256482.0,-8024.0,Paid
VAT-D7E8B884,GR0000000304,2022-Q2,2022-07-16,1594818.0,613391.0,245357.0,1156560.0,444831.0,177932.0,382756.0,427037.0,-44281.0,Paid
VAT-3B4DFA81,GR0000000304,2022-Q3,2022-10-23,1455009.0,559619.0,223848.0,1058572.0,407143.0,162857.0,349202.0,390857.0,-41655.0,Paid
VAT-3C80CB9E,GR0000000304,2022-Q4,2023-01-19,1106124.0,425432.0,170173.0,786427.0,302472.0,120989.0,265470.0,290373.0,-24903.0,Paid
VAT-443892C1,GR0000000304,2023-Q1,2023-04-15,2277512.0,875966.0,350386.0,1611667.0,619872.0,247949.0,546603.0,595077.0,-48474.0,Paid
VAT-EE26C62D,GR0000000304,2023-Q2,2023-07-26,3321892.0,1277651.0,511060.0,2404349.0,924749.0,369900.0,797254.0,887760.0,-90505.0,Paid
VAT-9C9EC9C2,GR0000000304,2023-Q3,2023-10-21,2852029.0,1096934.0,438774.0,2091506.0,804425.0,321770.0,684487.0,772248.0,-87761.0,Paid
VAT-05943336,GR0000000304,2023-Q4,2024-01-12,2260665.0,869486.0,347795.0,1575233.0,605859.0,242344.0,542559.0,581625.0,-39065.0,Paid
VAT-11303719,GR0000000304,2024-Q1,2024-04-12,2137387.0,822072.0,328829.0,1514382.0,582455.0,232982.0,512973.0,559156.0,-46183.0,Paid
VAT-467D6E2C,GR0000000304,2024-Q2,2024-07-19,3395491.0,1305958.0,522383.0,2486556.0,956368.0,382547.0,814918.0,918113.0,-103195.0,Paid
VAT-CA4D3098,GR0000000304,2024-Q3,2024-10-15,3567994.0,1372306.0,548922.0,2351105.0,904271.0,361708.0,856319.0,868100.0,-11782.0,Paid
VAT-AD24D12E,GR0000000304,2024-Q4,2025-01-16,2315181.0,890454.0,356182.0,1677236.0,645091.0,258036.0,555643.0,619287.0,-63644.0,Paid
VAT-9BC586F4,GR0000000305,2022-Q1,2022-04-25,689245.0,129233.0,43078.0,435062.0,167331.0,66933.0,165419.0,160638.0,4781.0,Paid
VAT-BEB27B43,GR0000000305,2022-Q2,2022-07-20,485895.0,91105.0,30368.0,281349.0,108211.0,43284.0,116615.0,103883.0,12732.0,Paid
VAT-9D60EF37,GR0000000305,2022-Q3,2022-10-23,561267.0,105238.0,35079.0,324778.0,124915.0,49966.0,134704.0,119918.0,14786.0,Paid
VAT-2E7285CE,GR0000000305,2022-Q4,2023-01-24,747072.0,140076.0,46692.0,425531.0,163666.0,65466.0,179297.0,157119.0,22178.0,Partial
VAT-D56CD698,GR0000000305,2023-Q1,2023-04-15,974599.0,182737.0,60912.0,581984.0,223840.0,89536.0,233904.0,214886.0,19017.0,Paid
VAT-38676267,GR0000000305,2023-Q2,2023-07-13,814476.0,152714.0,50905.0,466030.0,179242.0,71697.0,195474.0,172073.0,23402.0,Paid
VAT-054D2E90,GR0000000305,2023-Q3,2023-10-16,834550.0,156478.0,52159.0,530683.0,204109.0,81644.0,200292.0,195944.0,4348.0,Paid
VAT-30C062A2,GR0000000305,2023-Q4,2024-01-23,930975.0,174558.0,58186.0,532723.0,204894.0,81957.0,223434.0,196698.0,26736.0,Paid
VAT-3BCBA040,GR0000000305,2024-Q1,2024-04-23,443307.0,83120.0,27707.0,284756.0,109521.0,43809.0,106394.0,105141.0,1253.0,Paid
VAT-5F3461B0,GR0000000305,2024-Q2,2024-07-11,310759.0,58267.0,19422.0,181936.0,69975.0,27990.0,74582.0,67176.0,7406.0,Paid
VAT-01B0142D,GR0000000305,2024-Q3,2024-10-22,337649.0,63309.0,21103.0,217140.0,83516.0,33406.0,81036.0,80175.0,861.0,Paid
VAT-7FB2F7D2,GR0000000305,2024-Q4,2025-01-15,387867.0,72725.0,24242.0,236661.0,91023.0,36409.0,93088.0,87382.0,5706.0,Paid
VAT-AD3D0509,GR0000000306,2022-Q1,2022-04-25,1915250.0,359109.0,119703.0,1186811.0,456466.0,182586.0,459660.0,438207.0,21453.0,Paid
VAT-38D302E0,GR0000000306,2022-Q2,2022-07-13,1779452.0,333647.0,111216.0,1025126.0,394279.0,157712.0,427068.0,378508.0,48560.0,Paid
VAT-A1C7CAF1,GR0000000306,2022-Q3,2022-10-17,1791925.0,335986.0,111995.0,1084728.0,417203.0,166881.0,430062.0,400515.0,29547.0,Paid
VAT-371ED74C,GR0000000306,2022-Q4,2023-01-16,3868540.0,725351.0,241784.0,2470789.0,950304.0,380121.0,928449.0,912291.0,16158.0,Paid
VAT-FB707A53,GR0000000306,2023-Q1,2023-04-22,2241140.0,420214.0,140071.0,1293088.0,497341.0,198937.0,537874.0,477448.0,60426.0,Paid
VAT-8B16C7C9,GR0000000306,2023-Q2,2023-07-14,2358382.0,442197.0,147399.0,1524617.0,586391.0,234556.0,566012.0,562935.0,3076.0,Paid
VAT-73CC9E79,GR0000000306,2023-Q3,2023-10-22,2215855.0,415473.0,138491.0,1411197.0,542768.0,217107.0,531805.0,521057.0,10748.0,Paid
VAT-8E67966A,GR0000000306,2023-Q4,2024-01-11,4583768.0,859456.0,286485.0,2788079.0,1072338.0,428935.0,1100104.0,1029444.0,70660.0,Paid
VAT-F5FE8E2A,GR0000000306,2024-Q1,2024-04-13,1772781.0,332396.0,110799.0,1067305.0,410502.0,164201.0,425467.0,394082.0,31386.0,Paid
VAT-79D19111,GR0000000306,2024-Q2,2024-07-19,1669975.0,313120.0,104373.0,989824.0,380701.0,152281.0,400794.0,365473.0,35321.0,Paid
VAT-5CE4EC81,GR0000000306,2024-Q3,2024-10-14,1629298.0,305493.0,101831.0,1033526.0,397510.0,159004.0,391032.0,381610.0,9422.0,Paid
VAT-4BA0EC2F,GR0000000306,2024-Q4,2025-01-13,3486273.0,653676.0,217892.0,2004499.0,770961.0,308385.0,836705.0,740123.0,96583.0,Paid
VAT-2DD69D77,GR0000000307,2022-Q1,2022-04-19,11335133.0,4048262.0,809652.0,3509997.0,1349999.0,540000.0,2720432.0,1295999.0,1424433.0,Paid
VAT-6FCEC89A,GR0000000307,2022-Q2,2022-07-17,11996760.0,4284557.0,856911.0,3798237.0,1460860.0,584344.0,2879222.0,1402426.0,1476796.0,Paid
VAT-B5B644EA,GR0000000307,2022-Q3,2022-10-15,12602377.0,4500849.0,900170.0,4637976.0,1783837.0,713535.0,3024571.0,1712484.0,1312087.0,Paid
VAT-94593D5D,GR0000000307,2022-Q4,2023-01-26,13454919.0,4805328.0,961066.0,3917284.0,1506648.0,602659.0,3229181.0,1446382.0,1782799.0,Partial
VAT-9E9A1C29,GR0000000307,2023-Q1,2023-04-22,9614902.0,3433894.0,686779.0,2913512.0,1120582.0,448233.0,2307576.0,1075758.0,1231818.0,Paid
VAT-BED997F4,GR0000000307,2023-Q2,2023-07-18,10332125.0,3690045.0,738009.0,3313124.0,1274279.0,509711.0,2479710.0,1223307.0,1256403.0,Paid
VAT-F798DE8F,GR0000000307,2023-Q3,2023-10-19,10948549.0,3910196.0,782039.0,3651788.0,1404534.0,561814.0,2627652.0,1348352.0,1279299.0,Paid
VAT-01BDEE63,GR0000000307,2023-Q4,2024-01-26,13236280.0,4727243.0,945449.0,4394396.0,1690152.0,676061.0,3176707.0,1622546.0,1554161.0,Paid
VAT-B45AA3A2,GR0000000307,2024-Q1,2024-04-25,9032345.0,3225837.0,645167.0,2993944.0,1151517.0,460607.0,2167763.0,1105456.0,1062307.0,Paid
VAT-C29059A1,GR0000000307,2024-Q2,2024-07-18,10359065.0,3699666.0,739933.0,3788480.0,1457108.0,582843.0,2486176.0,1398823.0,1087352.0,Paid
VAT-0072DCD5,GR0000000307,2024-Q3,2024-10-18,9871379.0,3525493.0,705099.0,3548422.0,1364778.0,545911.0,2369131.0,1310187.0,1058944.0,Paid
VAT-2DB9B84C,GR0000000307,2024-Q4,2025-01-15,13170902.0,4703893.0,940779.0,3805875.0,1463798.0,585519.0,3161016.0,1405246.0,1755770.0,Paid
VAT-6791AC9F,GR0000000308,2022-Q1,2022-05-04,714230.0,393817.0,164042.0,713894.0,226108.0,90122.0,171415.0,304242.0,-132827.0,Paid
VAT-61B6860F,GR0000000308,2022-Q2,2022-08-03,1295844.0,605015.0,249789.0,1139929.0,368593.0,142083.0,311003.0,463817.0,-152815.0,Paid
VAT-4AE5F04E,GR0000000308,2022-Q3,2022-11-01,1034881.0,556894.0,236457.0,951024.0,343731.0,129429.0,248372.0,400405.0,-152033.0,Paid
VAT-9D3DF751,GR0000000308,2022-Q4,2023-02-01,712923.0,408403.0,168086.0,634903.0,211636.0,83562.0,171102.0,261016.0,-89914.0,Paid
VAT-292975D8,GR0000000308,2023-Q1,2023-04-23,619672.0,343523.0,149362.0,503058.0,193981.0,71296.0,148721.0,223331.0,-74610.0,Paid
VAT-941B7077,GR0000000308,2023-Q2,2023-08-18,1000735.0,516931.0,212337.0,889436.0,302967.0,113483.0,240176.0,382493.0,-142317.0,Paid
VAT-B5357AB8,GR0000000308,2023-Q3,2023-10-27,1190368.0,565525.0,230434.0,939447.0,356897.0,133989.0,285688.0,398163.0,-112475.0,Paid
VAT-0873394D,GR0000000308,2023-Q4,2024-01-30,712517.0,359294.0,151640.0,605621.0,219190.0,81805.0,171004.0,269059.0,-98055.0,Paid
VAT-E7E8BB1A,GR0000000308,2024-Q1,2024-04-26,357801.0,213054.0,87255.0,337105.0,112072.0,42214.0,85872.0,141916.0,-56044.0,Paid
VAT-1713A6CA,GR0000000308,2024-Q2,2024-08-10,594393.0,306034.0,122208.0,538471.0,184565.0,70709.0,142654.0,232303.0,-89649.0,Paid
VAT-B3D5EABA,GR0000000308,2024-Q3,2024-12-05,520368.0,291625.0,127195.0,473510.0,174711.0,64061.0,124888.0,197788.0,-72899.0,Paid
VAT-E08B40F6,GR0000000308,2024-Q4,2025-02-01,304861.0,174614.0,73890.0,270456.0,99655.0,38078.0,73167.0,115928.0,-42761.0,Paid
VAT-93D19D16,GR0000000309,2022-Q1,2022-04-11,1154629.0,577315.0,192438.0,521812.0,200697.0,80279.0,277111.0,192669.0,84442.0,Paid
VAT-230D2B9A,GR0000000309,2022-Q2,2022-07-20,3644047.0,1822023.0,607341.0,1792475.0,689414.0,275765.0,874571.0,661837.0,212734.0,Paid
VAT-EFD1B091,GR0000000309,2022-Q3,2022-10-25,4592389.0,2296195.0,765398.0,2359806.0,907618.0,363047.0,1102173.0,871313.0,230860.0,Paid
VAT-02E6E24C,GR0000000309,2022-Q4,2023-01-24,2584687.0,1292343.0,430781.0,1303460.0,501331.0,200532.0,620325.0,481278.0,139047.0,Paid
VAT-66B80106,GR0000000309,2023-Q1,2023-04-17,1194200.0,597100.0,199033.0,613672.0,236028.0,94411.0,286608.0,226587.0,60021.0,Paid
VAT-8FD61D40,GR0000000309,2023-Q2,2023-07-11,3459742.0,1729871.0,576624.0,1540810.0,592619.0,237048.0,830338.0,568914.0,261424.0,Paid
VAT-803F251D,GR0000000309,2023-Q3,2023-10-24,5427204.0,2713602.0,904534.0,2630452.0,1011712.0,404685.0,1302529.0,971244.0,331285.0,Paid
VAT-0898AE69,GR0000000309,2023-Q4,2024-01-18,2454959.0,1227479.0,409160.0,1145302.0,440501.0,176200.0,589190.0,422881.0,166309.0,Paid
VAT-8B4346C9,GR0000000309,2024-Q1,2024-04-21,974969.0,487484.0,162495.0,441886.0,169956.0,67982.0,233993.0,163158.0,70835.0,Paid
VAT-E84FB92A,GR0000000309,2024-Q2,2024-07-14,2477602.0,1238801.0,412934.0,1077760.0,414523.0,165809.0,594624.0,397942.0,196682.0,Paid
VAT-C621B00A,GR0000000309,2024-Q3,2024-10-20,3360996.0,1680498.0,560166.0,1788269.0,687796.0,275118.0,806639.0,660284.0,146355.0,Paid
VAT-713C5D5D,GR0000000309,2024-Q4,2025-01-24,1707508.0,853754.0,284585.0,766172.0,294681.0,117873.0,409802.0,282894.0,126908.0,Paid
VAT-6C298CED,GR0000000310,2022-Q1,2022-04-11,17457.0,8728.0,2909.0,10965.0,4217.0,1687.0,4190.0,4048.0,141.0,Paid
VAT-FA104754,GR0000000310,2022-Q2,2022-07-21,50385.0,25192.0,8397.0,29343.0,11286.0,4514.0,12092.0,10834.0,1258.0,Paid
VAT-14C2550F,GR0000000310,2022-Q3,2022-10-21,65290.0,32645.0,10882.0,38341.0,14747.0,5899.0,15670.0,14157.0,1513.0,Paid
VAT-52E64EF8,GR0000000310,2022-Q4,2023-01-16,30858.0,15429.0,5143.0,17030.0,6550.0,2620.0,7406.0,6288.0,1118.0,Paid
VAT-AE104EEF,GR0000000310,2023-Q1,2023-04-25,20637.0,10319.0,3440.0,13348.0,5134.0,2054.0,4953.0,4929.0,24.0,Paid
VAT-8D429E19,GR0000000310,2023-Q2,2023-07-18,57036.0,28518.0,9506.0,36752.0,14135.0,5654.0,13689.0,13570.0,119.0,Paid
VAT-18F85AC6,GR0000000310,2023-Q3,2023-10-15,82471.0,41235.0,13745.0,49892.0,19189.0,7676.0,19793.0,18422.0,1371.0,Paid
VAT-BCCA3373,GR0000000310,2023-Q4,2024-01-14,44164.0,22082.0,7361.0,24100.0,9269.0,3708.0,10599.0,8898.0,1701.0,Paid
VAT-4BA56627,GR0000000310,2024-Q1,2024-04-23,8979.0,4490.0,1497.0,5030.0,1935.0,774.0,2155.0,1857.0,298.0,Paid
VAT-2FA7AE29,GR0000000310,2024-Q2,2024-07-14,24472.0,12236.0,4079.0,15889.0,6111.0,2444.0,5873.0,5867.0,6.0,Paid
VAT-74ECE850,GR0000000310,2024-Q3,2024-10-13,38607.0,19303.0,6434.0,21980.0,8454.0,3381.0,9266.0,8116.0,1150.0,Paid
VAT-728EB718,GR0000000310,2024-Q4,2025-01-13,17824.0,8912.0,2971.0,9900.0,3808.0,1523.0,4278.0,3655.0,622.0,Paid
VAT-B2C28C4E,GR0000000311,2022-Q1,2022-04-11,72373.0,20678.0,10339.0,52142.0,20055.0,8022.0,17370.0,19253.0,-1883.0,Paid
VAT-BF5F19D8,GR0000000311,2022-Q2,2022-07-19,106758.0,30502.0,15251.0,78695.0,30267.0,12107.0,25622.0,29057.0,-3435.0,Paid
VAT-87A4CE31,GR0000000311,2022-Q3,2022-10-24,82259.0,23503.0,11751.0,64748.0,24903.0,9961.0,19742.0,23907.0,-4165.0,Paid
VAT-5BC0C116,GR0000000311,2022-Q4,2023-01-23,78459.0,22417.0,11208.0,58808.0,22618.0,9047.0,18830.0,21714.0,-2883.0,Paid
VAT-B2AD70F8,GR0000000311,2023-Q1,2023-04-16,62529.0,17866.0,8933.0,43801.0,16846.0,6739.0,15007.0,16173.0,-1165.0,Paid
VAT-C6E0058A,GR0000000311,2023-Q2,2023-07-14,96219.0,27491.0,13746.0,72114.0,27736.0,11094.0,23093.0,26627.0,-3534.0,Paid
VAT-B467D4AD,GR0000000311,2023-Q3,2023-10-20,79361.0,22675.0,11337.0,58166.0,22371.0,8949.0,19047.0,21477.0,-2430.0,Paid
VAT-395C868F,GR0000000311,2023-Q4,2024-01-22,71820.0,20520.0,10260.0,55577.0,21376.0,8550.0,17237.0,20521.0,-3284.0,Paid
VAT-8DF57EE4,GR0000000311,2024-Q1,2024-04-12,63575.0,18164.0,9082.0,45872.0,17643.0,7057.0,15258.0,16937.0,-1679.0,Paid
VAT-18C3A81A,GR0000000311,2024-Q2,2024-07-25,98867.0,28248.0,14124.0,73483.0,28263.0,11305.0,23728.0,27132.0,-3404.0,Paid
VAT-D97D230A,GR0000000311,2024-Q3,2024-10-23,71849.0,20528.0,10264.0,51532.0,19820.0,7928.0,17244.0,19027.0,-1783.0,Paid
VAT-C2F7C171,GR0000000311,2024-Q4,2025-01-13,71705.0,20487.0,10244.0,52058.0,20022.0,8009.0,17209.0,19222.0,-2012.0,Paid
VAT-5300D215,GR0000000312,2022-Q1,2022-04-20,498972.0,178204.0,35641.0,194567.0,74833.0,29933.0,119753.0,71840.0,47913.0,Paid
VAT-8FB1006B,GR0000000312,2022-Q2,2022-07-22,490719.0,175257.0,35051.0,221738.0,85284.0,34114.0,117773.0,81872.0,35900.0,Paid
VAT-3F0888A5,GR0000000312,2022-Q3,2022-10-16,565430.0,201939.0,40388.0,210095.0,80806.0,32322.0,135703.0,77574.0,58130.0,Paid
VAT-7C3EFEB3,GR0000000312,2022-Q4,2023-01-20,595521.0,212686.0,42537.0,221303.0,85117.0,34047.0,142925.0,81712.0,61213.0,Paid
VAT-898A6135,GR0000000312,2023-Q1,2023-04-13,258344.0,92266.0,18453.0,106834.0,41090.0,16436.0,62003.0,39446.0,22556.0,Paid
VAT-6E7190E9,GR0000000312,2023-Q2,2023-07-26,260411.0,93004.0,18601.0,96805.0,37233.0,14893.0,62499.0,35744.0,26755.0,Paid
VAT-4591D763,GR0000000312,2023-Q3,2023-10-24,282644.0,100944.0,20189.0,108166.0,41602.0,16641.0,67835.0,39938.0,27896.0,Paid
VAT-455D6FF2,GR0000000312,2023-Q4,2024-01-26,338335.0,120834.0,24167.0,126394.0,48613.0,19445.0,81200.0,46669.0,34532.0,Partial
VAT-D45D8684,GR0000000312,2024-Q1,2024-04-18,382275.0,136527.0,27305.0,146917.0,56507.0,22603.0,91746.0,54246.0,37500.0,Paid
VAT-04D52118,GR0000000312,2024-Q2,2024-07-12,364160.0,130057.0,26011.0,160355.0,61675.0,24670.0,87398.0,59208.0,28190.0,Paid
VAT-01639E41,GR0000000312,2024-Q3,2024-10-12,391632.0,139868.0,27974.0,172374.0,66298.0,26519.0,93992.0,63646.0,30346.0,Paid
VAT-C292448F,GR0000000312,2024-Q4,2025-01-14,461944.0,164980.0,32996.0,171961.0,66139.0,26456.0,110866.0,63493.0,47373.0,Paid
VAT-275B3720,GR0000000313,2022-Q1,2022-04-12,336223.0,120080.0,24016.0,124259.0,47792.0,19117.0,80693.0,45880.0,34813.0,Paid
VAT-6D366697,GR0000000313,2022-Q2,2022-07-19,365819.0,130650.0,26130.0,120271.0,46258.0,18503.0,87797.0,44408.0,43389.0,Paid
VAT-399738B4,GR0000000313,2022-Q3,2022-10-18,387530.0,138404.0,27681.0,150572.0,57912.0,23165.0,93007.0,55596.0,37412.0,Paid
VAT-04BEB76B,GR0000000313,2022-Q4,2023-01-23,401615.0,143434.0,28687.0,163727.0,62972.0,25189.0,96388.0,60453.0,35934.0,Paid
VAT-7AA6AC1F,GR0000000313,2023-Q1,2023-04-23,265149.0,94696.0,18939.0,94011.0,36158.0,14463.0,63636.0,34712.0,28924.0,Paid
VAT-51A16223,GR0000000313,2023-Q2,2023-07-15,288419.0,103007.0,20601.0,112331.0,43204.0,17282.0,69221.0,41476.0,27745.0,Paid
VAT-46B294E8,GR0000000313,2023-Q3,2023-10-22,316639.0,113085.0,22617.0,125231.0,48166.0,19266.0,75993.0,46239.0,29754.0,Partial
VAT-AFCF63BD,GR0000000313,2023-Q4,2024-01-17,353983.0,126423.0,25285.0,119978.0,46145.0,18458.0,84956.0,44299.0,40657.0,Paid
VAT-CC569004,GR0000000313,2024-Q1,2024-04-19,194652.0,69519.0,13904.0,69117.0,26584.0,10633.0,46717.0,25520.0,21196.0,Paid
VAT-5A4EDF73,GR0000000313,2024-Q2,2024-07-13,209799.0,74928.0,14986.0,76194.0,29305.0,11722.0,50352.0,28133.0,22219.0,Paid
VAT-07D62DCD,GR0000000313,2024-Q3,2024-10-14,204255.0,72948.0,14590.0,84277.0,32414.0,12966.0,49021.0,31118.0,17904.0,Paid
VAT-B7C53041,GR0000000313,2024-Q4,2025-01-18,218311.0,77968.0,15594.0,76696.0,29498.0,11799.0,52395.0,28318.0,24076.0,Paid
VAT-9A73847E,GR0000000314,2022-Q1,2022-04-22,65350.0,35646.0,17823.0,46792.0,17997.0,7199.0,15684.0,17277.0,-1593.0,Paid
VAT-69EC5075,GR0000000314,2022-Q2,2022-07-22,76301.0,41619.0,20809.0,56512.0,21735.0,8694.0,18312.0,20866.0,-2554.0,Paid
VAT-FFBD9562,GR0000000314,2022-Q3,2022-10-26,76880.0,41934.0,20967.0,61875.0,23798.0,9519.0,18451.0,22846.0,-4395.0,Paid
VAT-897D01F8,GR0000000314,2022-Q4,2023-01-24,90888.0,49576.0,24788.0,71846.0,27633.0,11053.0,21813.0,26528.0,-4715.0,Paid
VAT-3FABD430,GR0000000314,2023-Q1,2023-04-16,83875.0,45750.0,22875.0,69072.0,26566.0,10626.0,20130.0,25504.0,-5373.0,Paid
VAT-3532E1CD,GR0000000314,2023-Q2,2023-07-22,95017.0,51828.0,25914.0,78167.0,30064.0,12026.0,22804.0,28862.0,-6057.0,Paid
VAT-1AEA4DC2,GR0000000314,2023-Q3,2023-10-14,96753.0,52774.0,26387.0,70216.0,27006.0,10802.0,23221.0,25926.0,-2705.0,Paid
VAT-7D7928DD,GR0000000314,2023-Q4,2024-01-15,113509.0,61914.0,30957.0,87206.0,33541.0,13416.0,27242.0,32199.0,-4957.0,Paid
VAT-D20C6ACE,GR0000000314,2024-Q1,2024-04-18,100246.0,54680.0,27340.0,80439.0,30938.0,12375.0,24059.0,29701.0,-5642.0,Paid
VAT-D9063A25,GR0000000314,2024-Q2,2024-07-15,118703.0,64747.0,32374.0,93110.0,35812.0,14325.0,28489.0,34379.0,-5890.0,Paid
VAT-D1660DDE,GR0000000314,2024-Q3,2024-10-20,120266.0,65600.0,32800.0,91129.0,35050.0,14020.0,28864.0,33648.0,-4784.0,Paid
VAT-E20047AE,GR0000000314,2024-Q4,2025-01-21,129426.0,70596.0,35298.0,106322.0,40893.0,16357.0,31062.0,39257.0,-8195.0,Paid
VAT-67409D85,GR0000000315,2022-Q1,2022-05-06,3417052.0,1492217.0,975241.0,2799037.0,1013723.0,395499.0,820093.0,1068003.0,-247911.0,Paid
VAT-425298B3,GR0000000315,2022-Q2,2022-07-28,5241922.0,2215311.0,1403861.0,3937874.0,1517038.0,585497.0,1258061.0,1557220.0,-299159.0,Paid
VAT-DBC7E935,GR0000000315,2022-Q3,2022-10-26,4211992.0,1773154.0,1125682.0,3298070.0,1227954.0,480828.0,1010878.0,1239474.0,-228596.0,Paid
VAT-274C29AC,GR0000000315,2022-Q4,2023-02-03,5651645.0,2367412.0,1501709.0,4312426.0,1569623.0,621058.0,1356395.0,1609860.0,-253465.0,Paid
VAT-17C4EE57,GR0000000315,2023-Q1,2023-05-04,2853471.0,1229019.0,768369.0,2270345.0,860279.0,335938.0,684833.0,893346.0,-208513.0,Paid
VAT-184B8F51,GR0000000315,2023-Q2,2023-07-25,3161726.0,1436519.0,878610.0,2915738.0,1036583.0,409515.0,758814.0,1090630.0,-331816.0,Paid
VAT-2610F155,GR0000000315,2023-Q3,2023-10-21,3123214.0,1429440.0,853539.0,2672427.0,1028314.0,392972.0,749571.0,1061050.0,-311478.0,Paid
VAT-C6790A8D,GR0000000315,2023-Q4,2024-01-19,4449506.0,1824200.0,1170100.0,3943509.0,1419262.0,564366.0,1067881.0,1501419.0,-433538.0,Paid
VAT-389F7B8F,GR0000000315,2024-Q1,2024-05-05,2308401.0,993092.0,655171.0,1955444.0,721060.0,278166.0,554016.0,749745.0,-195729.0,Paid
VAT-DC881626,GR0000000315,2024-Q2,2024-07-23,2983606.0,1269824.0,782615.0,2477395.0,911333.0,356088.0,716065.0,969531.0,-253466.0,Paid
VAT-90E78980,GR0000000315,2024-Q3,2024-11-04,3133328.0,1344805.0,789055.0,2521612.0,947409.0,372770.0,751999.0,952164.0,-200166.0,Paid
VAT-25E86836,GR0000000315,2024-Q4,2025-01-19,3675383.0,1478433.0,940307.0,2830510.0,1060971.0,411521.0,882092.0,1102492.0,-220400.0,Paid
VAT-62DD15C2,GR0000000316,2022-Q1,2022-04-23,206119.0,24249.0,12125.0,98772.0,37989.0,15196.0,49469.0,36470.0,12999.0,Paid
VAT-B4F1FB0A,GR0000000316,2022-Q2,2022-07-11,194439.0,22875.0,11438.0,93289.0,35880.0,14352.0,46665.0,34445.0,12220.0,Paid
VAT-3E78C014,GR0000000316,2022-Q3,2022-10-24,179987.0,21175.0,10587.0,83012.0,31928.0,12771.0,43197.0,30650.0,12546.0,Paid
VAT-F9FB4EFB,GR0000000316,2022-Q4,2023-01-26,180237.0,21204.0,10602.0,87620.0,33700.0,13480.0,43257.0,32352.0,10905.0,Paid
VAT-0A16962B,GR0000000316,2023-Q1,2023-04-20,333469.0,39232.0,19616.0,158716.0,61045.0,24418.0,80033.0,58603.0,21430.0,Paid
VAT-2E13F787,GR0000000316,2023-Q2,2023-07-18,335595.0,39482.0,19741.0,156204.0,60078.0,24031.0,80543.0,57675.0,22868.0,Paid
VAT-EDD7BF8A,GR0000000316,2023-Q3,2023-10-26,352897.0,41517.0,20759.0,175224.0,67394.0,26957.0,84695.0,64698.0,19997.0,Paid
VAT-DAF9C468,GR0000000316,2023-Q4,2024-01-26,332136.0,39075.0,19537.0,148514.0,57121.0,22848.0,79713.0,54836.0,24877.0,Paid
VAT-D5C48263,GR0000000316,2024-Q1,2024-04-14,203376.0,23927.0,11963.0,90374.0,34759.0,13904.0,48810.0,33369.0,15441.0,Paid
VAT-2B6394DB,GR0000000316,2024-Q2,2024-07-18,200856.0,23630.0,11815.0,85741.0,32977.0,13191.0,48205.0,31658.0,16547.0,Paid
VAT-0B5D98C0,GR0000000316,2024-Q3,2024-10-19,202949.0,23876.0,11938.0,98755.0,37983.0,15193.0,48708.0,36463.0,12245.0,Paid
VAT-2EF29288,GR0000000316,2024-Q4,2025-01-14,234957.0,27642.0,13821.0,99736.0,38360.0,15344.0,56390.0,36825.0,19564.0,Paid
VAT-D7AD516B,GR0000000317,2022-Q1,2022-04-21,7392.0,2843.0,1137.0,5249.0,2019.0,808.0,1774.0,1938.0,-164.0,Paid
VAT-402E133E,GR0000000317,2022-Q2,2022-07-14,10016.0,3852.0,1541.0,7064.0,2717.0,1087.0,2404.0,2608.0,-204.0,Paid
VAT-882FD5AF,GR0000000317,2022-Q3,2022-10-25,10829.0,4165.0,1666.0,7800.0,3000.0,1200.0,2599.0,2880.0,-281.0,Paid
VAT-929FB882,GR0000000317,2022-Q4,2023-01-25,6428.0,2472.0,989.0,5142.0,1978.0,791.0,1543.0,1898.0,-356.0,Paid
VAT-81512CA3,GR0000000317,2023-Q1,2023-04-24,6827.0,2626.0,1050.0,4834.0,1859.0,744.0,1639.0,1785.0,-146.0,Paid
VAT-5133241D,GR0000000317,2023-Q2,2023-07-18,11097.0,4268.0,1707.0,7804.0,3002.0,1201.0,2663.0,2881.0,-218.0,Paid
VAT-CDE2C5CD,GR0000000317,2023-Q3,2023-10-26,11002.0,4231.0,1693.0,7932.0,3051.0,1220.0,2640.0,2929.0,-288.0,Paid
VAT-AE07D24B,GR0000000317,2023-Q4,2024-01-11,7395.0,2844.0,1138.0,5778.0,2222.0,889.0,1775.0,2133.0,-359.0,Paid
VAT-144CB704,GR0000000317,2024-Q1,2024-04-11,8066.0,3102.0,1241.0,6261.0,2408.0,963.0,1936.0,2312.0,-376.0,Paid
VAT-E1442644,GR0000000317,2024-Q2,2024-07-13,13399.0,5154.0,2061.0,9441.0,3631.0,1452.0,3216.0,3486.0,-270.0,Paid
VAT-C94BA26E,GR0000000317,2024-Q3,2024-10-23,12752.0,4904.0,1962.0,10054.0,3867.0,1547.0,3060.0,3712.0,-652.0,Paid
VAT-94CD67B3,GR0000000317,2024-Q4,2025-01-14,7825.0,3010.0,1204.0,6169.0,2373.0,949.0,1878.0,2278.0,-400.0,Paid
VAT-63482761,GR0000000318,2022-Q1,2022-04-24,420459.0,78836.0,26279.0,263793.0,101459.0,40584.0,100910.0,97400.0,3510.0,Paid
VAT-EAF3CA81,GR0000000318,2022-Q2,2022-07-17,495609.0,92927.0,30976.0,315920.0,121508.0,48603.0,118946.0,116647.0,2299.0,Paid
VAT-DBEEB6E0,GR0000000318,2022-Q3,2022-10-16,438448.0,82209.0,27403.0,280265.0,107794.0,43118.0,105228.0,103483.0,1745.0,Paid
VAT-4A557AD7,GR0000000318,2022-Q4,2023-01-23,942014.0,176628.0,58876.0,541667.0,208334.0,83333.0,226083.0,200000.0,26083.0,Partial
VAT-3CD25E00,GR0000000318,2023-Q1,2023-04-10,475821.0,89217.0,29739.0,306293.0,117805.0,47122.0,114197.0,113093.0,1105.0,Paid
VAT-F75836E6,GR0000000318,2023-Q2,2023-07-12,475524.0,89161.0,29720.0,290645.0,111787.0,44715.0,114126.0,107315.0,6811.0,Paid
VAT-BAC243F6,GR0000000318,2023-Q3,2023-10-22,458612.0,85990.0,28663.0,289877.0,111491.0,44597.0,110067.0,107032.0,3035.0,Paid
VAT-FDD82213,GR0000000318,2023-Q4,2024-01-25,908128.0,170274.0,56758.0,569259.0,218946.0,87578.0,217951.0,210188.0,7763.0,Paid
VAT-94DCE65D,GR0000000318,2024-Q1,2024-04-22,457081.0,85703.0,28568.0,288903.0,111116.0,44447.0,109700.0,106672.0,3028.0,Paid
VAT-1041475B,GR0000000318,2024-Q2,2024-07-22,386598.0,72487.0,24162.0,223954.0,86136.0,34454.0,92784.0,82691.0,10093.0,Paid
VAT-4218D735,GR0000000318,2024-Q3,2024-10-14,380026.0,71255.0,23752.0,223900.0,86115.0,34446.0,91206.0,82671.0,8536.0,Paid
VAT-4483BCC1,GR0000000318,2024-Q4,2025-01-23,871315.0,163372.0,54457.0,533469.0,205180.0,82072.0,209116.0,196973.0,12142.0,Paid
VAT-C1FF65DD,GR0000000319,2022-Q1,2022-04-22,2181289.0,908870.0,545322.0,1866742.0,717978.0,287191.0,523509.0,689259.0,-165749.0,Paid
VAT-65D4B737,GR0000000319,2022-Q2,2022-07-26,2319378.0,966408.0,579845.0,1804608.0,694080.0,277632.0,556651.0,666317.0,-109666.0,Paid
VAT-E59FD1D8,GR0000000319,2022-Q3,2022-10-17,2747456.0,1144774.0,686864.0,2246306.0,863964.0,345586.0,659390.0,829405.0,-170016.0,Paid
VAT-ACFB7856,GR0000000319,2022-Q4,2023-01-15,3101614.0,1292339.0,775403.0,2615614.0,1006006.0,402402.0,744387.0,965765.0,-221378.0,Paid
VAT-3C550328,GR0000000319,2023-Q1,2023-04-17,1569611.0,654005.0,392403.0,1304068.0,501565.0,200626.0,376707.0,481502.0,-104795.0,Paid
VAT-6DB242F9,GR0000000319,2023-Q2,2023-07-17,2161458.0,900608.0,540365.0,1684569.0,647911.0,259164.0,518750.0,621995.0,-103245.0,Paid
VAT-A6AE956F,GR0000000319,2023-Q3,2023-10-22,1790511.0,746046.0,447628.0,1399176.0,538145.0,215258.0,429723.0,516619.0,-86896.0,Paid
VAT-99829544,GR0000000319,2023-Q4,2024-01-14,2214160.0,922567.0,553540.0,1910305.0,734733.0,293893.0,531398.0,705344.0,-173945.0,Paid
VAT-22E9F73F,GR0000000319,2024-Q1,2024-04-13,1638048.0,682520.0,409512.0,1349097.0,518883.0,207553.0,393131.0,498128.0,-104997.0,Paid
VAT-1DF967A9,GR0000000319,2024-Q2,2024-07-14,2338282.0,974284.0,584570.0,1912896.0,735729.0,294292.0,561188.0,706300.0,-145112.0,Paid
VAT-EB7DB095,GR0000000319,2024-Q3,2024-10-12,2147882.0,894951.0,536971.0,1689212.0,649697.0,259879.0,515492.0,623709.0,-108217.0,Paid
VAT-8D0618A0,GR0000000319,2024-Q4,2025-01-11,2391607.0,996503.0,597902.0,1818797.0,699537.0,279815.0,573986.0,671556.0,-97570.0,Paid
VAT-95E8C06A,GR0000000320,2022-Q1,2022-04-19,35796.0,19539.0,10543.0,30966.0,11163.0,4423.0,8591.0,11998.0,-3407.0,Paid
VAT-6B91EBE1,GR0000000320,2022-Q2,2022-08-14,38540.0,21805.0,11297.0,34149.0,13178.0,5123.0,9250.0,13090.0,-3840.0,Paid
VAT-71462A3B,GR0000000320,2022-Q3,2022-10-22,37578.0,21487.0,10593.0,34686.0,12730.0,4973.0,9019.0,13341.0,-4322.0,Paid
VAT-6B4A40AA,GR0000000320,2022-Q4,2023-01-18,40596.0,22798.0,11977.0,34419.0,12860.0,5115.0,9743.0,13460.0,-3717.0,Paid
VAT-47BA0D65,GR0000000320,2023-Q1,2023-05-07,35198.0,20891.0,10585.0,31111.0,11631.0,4619.0,8448.0,11847.0,-3399.0,Paid
VAT-AB8AB763,GR0000000320,2023-Q2,2023-07-27,41640.0,23390.0,12248.0,35865.0,13705.0,5484.0,9994.0,14212.0,-4218.0,Paid
VAT-1675CA6C,GR0000000320,2023-Q3,2023-11-01,41365.0,22921.0,11756.0,35977.0,12905.0,5072.0,9928.0,13555.0,-3628.0,Paid
VAT-09BA6856,GR0000000320,2023-Q4,2024-01-21,50164.0,28703.0,14690.0,43665.0,16274.0,6450.0,12039.0,16708.0,-4669.0,Paid
VAT-64051140,GR0000000320,2024-Q1,2024-05-03,31946.0,17532.0,8995.0,27645.0,10283.0,4112.0,7667.0,10612.0,-2945.0,Paid
VAT-971D07B9,GR0000000320,2024-Q2,2024-07-23,40189.0,22289.0,11837.0,36982.0,13628.0,5413.0,9645.0,14405.0,-4760.0,Paid
VAT-41B85A5E,GR0000000320,2024-Q3,2024-10-31,38656.0,22999.0,11594.0,36670.0,13843.0,5353.0,9277.0,14136.0,-4859.0,Paid
VAT-3F609612,GR0000000320,2024-Q4,2025-01-26,46344.0,24871.0,12838.0,38976.0,14987.0,5824.0,11123.0,15261.0,-4139.0,Paid
VAT-DDB16D08,GR0000000321,2024-Q1,2024-04-24,25649.0,4684.0,1665.0,17770.0,6624.0,2640.0,6156.0,6764.0,-608.0,Paid
VAT-C69333B0,GR0000000321,2024-Q2,2024-07-27,21918.0,4639.0,1574.0,15468.0,5790.0,2220.0,5260.0,5958.0,-698.0,Paid
VAT-38CE6738,GR0000000321,2024-Q3,2024-10-15,22468.0,4745.0,1582.0,16707.0,6236.0,2427.0,5392.0,6544.0,-1152.0,Paid
VAT-DD18723F,GR0000000321,2024-Q4,2025-01-31,51247.0,9919.0,3493.0,35583.0,13734.0,5376.0,12299.0,14031.0,-1731.0,Paid
VAT-D4B59183,GR0000000322,2022-Q1,2022-04-12,257576.0,225379.0,160985.0,282202.0,108539.0,43416.0,61818.0,104198.0,-42380.0,Paid
VAT-D1212B3E,GR0000000322,2022-Q2,2022-07-16,301883.0,264148.0,188677.0,323582.0,124455.0,49782.0,72452.0,119477.0,-47025.0,Paid
VAT-4AA87CD8,GR0000000322,2022-Q3,2022-10-12,274724.0,240383.0,171702.0,287010.0,110388.0,44155.0,65934.0,105973.0,-40039.0,Paid
VAT-2696516A,GR0000000322,2022-Q4,2023-01-18,333588.0,291889.0,208492.0,367341.0,141285.0,56514.0,80061.0,135634.0,-55573.0,Paid
VAT-6BD01E3F,GR0000000322,2023-Q1,2023-04-24,276954.0,242335.0,173097.0,303188.0,116611.0,46644.0,66469.0,111946.0,-45477.0,Paid
VAT-694B18A2,GR0000000322,2023-Q2,2023-07-12,372623.0,326045.0,232889.0,393571.0,151374.0,60549.0,89429.0,145319.0,-55889.0,Paid
VAT-03EA8734,GR0000000322,2023-Q3,2023-10-16,376654.0,329572.0,235409.0,388308.0,149349.0,59740.0,90397.0,143375.0,-52979.0,Paid
VAT-50CF7B60,GR0000000322,2023-Q4,2024-01-21,423821.0,370844.0,264888.0,443276.0,170491.0,68196.0,101717.0,163671.0,-61954.0,Paid
VAT-261ECAE1,GR0000000322,2024-Q1,2024-04-17,235448.0,206017.0,147155.0,235192.0,90459.0,36183.0,56508.0,86840.0,-30333.0,Paid
VAT-399BC780,GR0000000322,2024-Q2,2024-07-21,334659.0,292827.0,209162.0,352225.0,135471.0,54188.0,80318.0,130052.0,-49734.0,Paid
VAT-F3E44B50,GR0000000322,2024-Q3,2024-10-14,291137.0,254745.0,181960.0,319321.0,122816.0,49126.0,69873.0,117903.0,-48030.0,Paid
VAT-EB2E8C05,GR0000000322,2024-Q4,2025-01-22,411368.0,359947.0,257105.0,431529.0,165973.0,66389.0,98728.0,159334.0,-60605.0,Paid
VAT-0BDA51DE,GR0000000323,2022-Q1,2022-05-02,963284.0,189710.0,68794.0,597556.0,220595.0,85685.0,231188.0,228744.0,2444.0,Paid
VAT-356420C4,GR0000000323,2022-Q2,2022-07-30,745780.0,150946.0,51790.0,465433.0,177553.0,70348.0,178987.0,181276.0,-2289.0,Paid
VAT-E10AB93A,GR0000000323,2022-Q3,2022-11-03,822292.0,146857.0,53224.0,469464.0,169403.0,67793.0,197350.0,181020.0,16330.0,Unpaid
VAT-5F01BCD0,GR0000000323,2022-Q4,2023-01-19,1209999.0,221004.0,78108.0,677632.0,249181.0,99215.0,290400.0,253945.0,36454.0,Paid
VAT-3A8DFD04,GR0000000323,2023-Q1,2023-04-22,1160049.0,236221.0,80705.0,675131.0,262383.0,101992.0,278412.0,262121.0,16291.0,Paid
VAT-442E5D3B,GR0000000323,2023-Q2,2023-07-22,819391.0,172071.0,56960.0,464001.0,175971.0,69829.0,196654.0,183264.0,13390.0,Paid
VAT-FCF7CAA0,GR0000000323,2023-Q3,2023-10-20,859345.0,157342.0,54555.0,518444.0,197719.0,77353.0,206243.0,201395.0,4848.0,Paid
VAT-E841087C,GR0000000323,2023-Q4,2024-01-30,1224728.0,244420.0,81087.0,728395.0,267032.0,107278.0,293935.0,274149.0,19786.0,Partial
VAT-500C93C0,GR0000000323,2024-Q1,2024-04-21,754808.0,150445.0,52231.0,476542.0,176407.0,70302.0,181154.0,181876.0,-722.0,Paid
VAT-6A3BFB19,GR0000000323,2024-Q2,2024-08-04,516163.0,96060.0,35012.0,327753.0,122658.0,47836.0,123879.0,123183.0,696.0,Paid
VAT-16DD65E8,GR0000000323,2024-Q3,2024-11-06,567458.0,112171.0,40915.0,350436.0,137422.0,53317.0,136190.0,137642.0,-1452.0,Paid
VAT-D3F94865,GR0000000323,2024-Q4,2025-02-06,781521.0,150588.0,49748.0,486677.0,186773.0,74056.0,187565.0,185094.0,2471.0,Paid
VAT-D0810F71,GR0000000324,2022-Q1,2022-04-21,215932.0,188941.0,134958.0,221397.0,85153.0,34061.0,51824.0,81747.0,-29923.0,Paid
VAT-46A3AEBE,GR0000000324,2022-Q2,2022-07-16,315202.0,275802.0,197001.0,299334.0,115128.0,46051.0,75648.0,110523.0,-34875.0,Paid
VAT-E0A2DCAA,GR0000000324,2022-Q3,2022-10-25,274037.0,239782.0,171273.0,249976.0,96145.0,38458.0,65769.0,92299.0,-26530.0,Paid
VAT-59E86369,GR0000000324,2022-Q4,2023-01-19,316546.0,276978.0,197841.0,333802.0,128385.0,51354.0,75971.0,123250.0,-47279.0,Paid
VAT-E4C58909,GR0000000324,2023-Q1,2023-04-13,165263.0,144605.0,103289.0,163304.0,62809.0,25124.0,39663.0,60297.0,-20634.0,Paid
VAT-F676ACD5,GR0000000324,2023-Q2,2023-07-17,228712.0,200123.0,142945.0,230247.0,88557.0,35423.0,54891.0,85014.0,-30123.0,Paid
VAT-AA8A7DE6,GR0000000324,2023-Q3,2023-10-20,223821.0,195843.0,139888.0,222728.0,85664.0,34266.0,53717.0,82238.0,-28521.0,Paid
VAT-27C845FE,GR0000000324,2023-Q4,2024-01-19,234924.0,205559.0,146828.0,217322.0,83585.0,33434.0,56382.0,80242.0,-23860.0,Paid
VAT-C07999CE,GR0000000324,2024-Q1,2024-04-12,206684.0,180848.0,129177.0,189166.0,72756.0,29102.0,49604.0,69846.0,-20242.0,Paid
VAT-33ACD857,GR0000000324,2024-Q2,2024-07-26,296458.0,259401.0,185286.0,281667.0,108333.0,43333.0,71150.0,104000.0,-32850.0,Paid
VAT-5DCAF482,GR0000000324,2024-Q3,2024-10-19,271206.0,237305.0,169504.0,247787.0,95303.0,38121.0,65089.0,91491.0,-26401.0,Paid
VAT-1C6AFB6C,GR0000000324,2024-Q4,2025-01-18,310093.0,271331.0,193808.0,315072.0,121182.0,48473.0,74422.0,116334.0,-41912.0,Paid
VAT-C281EE56,GR0000000325,2023-Q1,2023-04-13,90006.0,16876.0,5625.0,49824.0,19163.0,7665.0,21601.0,18396.0,3205.0,Paid
VAT-B79550CF,GR0000000325,2023-Q2,2023-07-22,82878.0,15540.0,5180.0,50176.0,19299.0,7719.0,19891.0,18527.0,1364.0,Paid
VAT-D9CCE1D3,GR0000000325,2023-Q3,2023-10-19,70212.0,13165.0,4388.0,42597.0,16383.0,6553.0,16851.0,15728.0,1123.0,Paid
VAT-D35B02DE,GR0000000325,2023-Q4,2024-01-24,103527.0,19411.0,6470.0,58722.0,22586.0,9034.0,24847.0,21682.0,3164.0,Paid
VAT-72ED2078,GR0000000325,2024-Q1,2024-04-17,181309.0,33995.0,11332.0,105195.0,40460.0,16184.0,43514.0,38841.0,4673.0,Paid
VAT-7908FA69,GR0000000325,2024-Q2,2024-07-12,136268.0,25550.0,8517.0,75752.0,29135.0,11654.0,32704.0,27970.0,4734.0,Partial
VAT-F06634F5,GR0000000325,2024-Q3,2024-10-23,158093.0,29642.0,9881.0,91019.0,35007.0,14003.0,37942.0,33607.0,4335.0,Paid
VAT-FF8A5569,GR0000000325,2024-Q4,2025-01-12,181764.0,34081.0,11360.0,97117.0,37353.0,14941.0,43623.0,35858.0,7765.0,Paid
VAT-A1629589,GR0000000326,2022-Q1,2022-04-17,297300.0,34977.0,17488.0,135805.0,52233.0,20893.0,71352.0,50143.0,21209.0,Paid
VAT-99D76C58,GR0000000326,2022-Q2,2022-07-14,282410.0,33225.0,16612.0,124218.0,47776.0,19110.0,67779.0,45865.0,21913.0,Paid
VAT-B4B5B813,GR0000000326,2022-Q3,2022-10-22,292476.0,34409.0,17204.0,138695.0,53344.0,21338.0,70194.0,51211.0,18984.0,Paid
VAT-3546ECF1,GR0000000326,2022-Q4,2023-01-13,324904.0,38224.0,19112.0,139644.0,53709.0,21484.0,77977.0,51561.0,26416.0,Paid
VAT-74159D2E,GR0000000326,2023-Q1,2023-04-17,329969.0,38820.0,19410.0,146740.0,56438.0,22575.0,79193.0,54181.0,25012.0,Paid
VAT-F7E43BA2,GR0000000326,2023-Q2,2023-07-25,314334.0,36980.0,18490.0,136798.0,52614.0,21046.0,75440.0,50510.0,24930.0,Paid
VAT-5BB37338,GR0000000326,2023-Q3,2023-10-24,355406.0,41813.0,20906.0,159096.0,61191.0,24476.0,85298.0,58743.0,26554.0,Paid
VAT-0304D738,GR0000000326,2023-Q4,2024-01-16,360065.0,42361.0,21180.0,161203.0,62001.0,24801.0,86415.0,59521.0,26894.0,Paid
VAT-FE641E07,GR0000000326,2024-Q1,2024-04-22,307050.0,36124.0,18062.0,136174.0,52375.0,20950.0,73692.0,50280.0,23412.0,Paid
VAT-781BF8E1,GR0000000326,2024-Q2,2024-07-25,335940.0,39522.0,19761.0,154585.0,59456.0,23782.0,80626.0,57077.0,23548.0,Paid
VAT-AA8C3566,GR0000000326,2024-Q3,2024-10-12,298597.0,35129.0,17565.0,140148.0,53903.0,21561.0,71663.0,51747.0,19916.0,Paid
VAT-09D463AD,GR0000000326,2024-Q4,2025-01-22,327064.0,38478.0,19239.0,146922.0,56509.0,22603.0,78495.0,54248.0,24247.0,Paid
VAT-482E2F09,GR0000000327,2022-Q1,2022-04-17,55751.0,19911.0,3982.0,23960.0,9215.0,3686.0,13380.0,8847.0,4533.0,Paid
VAT-AC18F23E,GR0000000327,2022-Q2,2022-07-23,50505.0,18037.0,3607.0,21529.0,8280.0,3312.0,12121.0,7949.0,4172.0,Paid
VAT-8A99A4D0,GR0000000327,2022-Q3,2022-10-26,49855.0,17805.0,3561.0,19918.0,7661.0,3064.0,11965.0,7354.0,4611.0,Paid
VAT-4C3D2C8E,GR0000000327,2022-Q4,2023-01-11,66167.0,23631.0,4726.0,24831.0,9550.0,3820.0,15880.0,9168.0,6712.0,Paid
VAT-18539C41,GR0000000327,2023-Q1,2023-04-20,79189.0,28282.0,5656.0,33744.0,12978.0,5191.0,19005.0,12459.0,6546.0,Partial
VAT-C3817B84,GR0000000327,2023-Q2,2023-07-13,85888.0,30674.0,6135.0,34727.0,13357.0,5343.0,20613.0,12822.0,7791.0,Paid
VAT-E2E10D2F,GR0000000327,2023-Q3,2023-10-25,92439.0,33014.0,6603.0,35759.0,13753.0,5501.0,22185.0,13203.0,8982.0,Paid
VAT-E746CD15,GR0000000327,2023-Q4,2024-01-17,110041.0,39300.0,7860.0,50682.0,19493.0,7797.0,26410.0,18713.0,7696.0,Paid
VAT-57F7403F,GR0000000327,2024-Q1,2024-04-19,101866.0,36381.0,7276.0,45683.0,17570.0,7028.0,24448.0,16867.0,7580.0,Paid
VAT-89CEA015,GR0000000327,2024-Q2,2024-07-16,95438.0,34085.0,6817.0,41647.0,16018.0,6407.0,22905.0,15377.0,7528.0,Paid
VAT-AA8A3FD0,GR0000000327,2024-Q3,2024-10-11,98792.0,35283.0,7057.0,37933.0,14589.0,5836.0,23710.0,14006.0,9704.0,Paid
VAT-A70761A4,GR0000000327,2024-Q4,2025-01-26,126077.0,45027.0,9005.0,55488.0,21341.0,8537.0,30258.0,20488.0,9771.0,Paid
VAT-615A157F,GR0000000328,2022-Q1,2022-04-19,1239334.0,232375.0,77458.0,741350.0,285135.0,114054.0,297440.0,273729.0,23711.0,Paid
VAT-5C3B80E8,GR0000000328,2022-Q2,2022-07-16,1008202.0,189038.0,63013.0,592838.0,228015.0,91206.0,241968.0,218894.0,23074.0,Paid
VAT-E4476F8A,GR0000000328,2022-Q3,2022-10-14,1031744.0,193452.0,64484.0,559038.0,215015.0,86006.0,247619.0,206414.0,41205.0,Paid
VAT-E5B2862F,GR0000000328,2022-Q4,2023-01-21,1209524.0,226786.0,75595.0,724236.0,278552.0,111421.0,290286.0,267410.0,22875.0,Paid
VAT-02343E63,GR0000000328,2023-Q1,2023-04-13,1144404.0,214576.0,71525.0,620010.0,238465.0,95386.0,274657.0,228927.0,45730.0,Paid
VAT-555B80BC,GR0000000328,2023-Q2,2023-07-17,914218.0,171416.0,57139.0,516041.0,198477.0,79391.0,219412.0,190538.0,28874.0,Paid
VAT-BB4B5306,GR0000000328,2023-Q3,2023-10-20,1020797.0,191399.0,63800.0,587959.0,226138.0,90455.0,244991.0,217092.0,27899.0,Paid
VAT-56AACDA7,GR0000000328,2023-Q4,2024-01-21,1282887.0,240541.0,80180.0,744873.0,286489.0,114596.0,307893.0,275030.0,32863.0,Paid
VAT-EA99DEC2,GR0000000328,2024-Q1,2024-04-16,929030.0,174193.0,58064.0,533649.0,205250.0,82100.0,222967.0,197040.0,25927.0,Paid
VAT-7F41D7F1,GR0000000328,2024-Q2,2024-07-26,709465.0,133025.0,44342.0,420113.0,161582.0,64633.0,170272.0,155119.0,15153.0,Paid
VAT-5A10D549,GR0000000328,2024-Q3,2024-10-13,636113.0,119271.0,39757.0,356333.0,137051.0,54820.0,152667.0,131569.0,21098.0,Paid
VAT-5EB8C790,GR0000000328,2024-Q4,2025-01-12,814349.0,152690.0,50897.0,432708.0,166426.0,66571.0,195444.0,159769.0,35674.0,Paid
VAT-523A183B,GR0000000329,2022-Q1,2022-04-24,8653.0,3605.0,2163.0,7933.0,3051.0,1220.0,2077.0,2929.0,-852.0,Paid
VAT-DEDD64C4,GR0000000329,2022-Q2,2022-07-15,13023.0,5426.0,3256.0,11188.0,4303.0,1721.0,3125.0,4131.0,-1006.0,Paid
VAT-BC6F2E0D,GR0000000329,2022-Q3,2022-10-21,12959.0,5399.0,3240.0,10623.0,4086.0,1634.0,3110.0,3922.0,-812.0,Paid
VAT-A881B3E3,GR0000000329,2022-Q4,2023-01-17,15366.0,6403.0,3842.0,13562.0,5216.0,2086.0,3688.0,5008.0,-1320.0,Paid
VAT-0E314967,GR0000000329,2023-Q1,2023-04-23,12330.0,5137.0,3082.0,10786.0,4148.0,1659.0,2959.0,3983.0,-1023.0,Paid
VAT-DEB72A87,GR0000000329,2023-Q2,2023-07-19,16138.0,6724.0,4035.0,13761.0,5293.0,2117.0,3873.0,5081.0,-1208.0,Paid
VAT-ADF5B6B5,GR0000000329,2023-Q3,2023-10-20,15604.0,6502.0,3901.0,13589.0,5226.0,2091.0,3745.0,5017.0,-1272.0,Paid
VAT-5F804505,GR0000000329,2023-Q4,2024-01-21,21436.0,8932.0,5359.0,17729.0,6819.0,2728.0,5145.0,6546.0,-1401.0,Paid
VAT-2B21385E,GR0000000329,2024-Q1,2024-04-13,18166.0,7569.0,4541.0,16437.0,6322.0,2529.0,4360.0,6069.0,-1709.0,Paid
VAT-1CE6C761,GR0000000329,2024-Q2,2024-07-25,23492.0,9788.0,5873.0,20156.0,7752.0,3101.0,5638.0,7442.0,-1804.0,Paid
VAT-053E823E,GR0000000329,2024-Q3,2024-10-26,21708.0,9045.0,5427.0,19829.0,7627.0,3051.0,5210.0,7322.0,-2112.0,Paid
VAT-C6CC6B8B,GR0000000329,2024-Q4,2025-01-22,28919.0,12049.0,7230.0,24942.0,9593.0,3837.0,6940.0,9209.0,-2269.0,Paid
VAT-780C7E87,GR0000000330,2022-Q1,2022-04-12,45728.0,19053.0,11432.0,41270.0,15873.0,6349.0,10975.0,15238.0,-4264.0,Paid
VAT-A33A42B5,GR0000000330,2022-Q2,2022-07-25,53407.0,22253.0,13352.0,46136.0,17745.0,7098.0,12818.0,17035.0,-4217.0,Paid
VAT-D42C5042,GR0000000330,2022-Q3,2022-10-13,52971.0,22071.0,13243.0,48033.0,18474.0,7390.0,12713.0,17735.0,-5022.0,Paid
VAT-1A15FC19,GR0000000330,2022-Q4,2023-01-14,61304.0,25543.0,15326.0,51678.0,19876.0,7950.0,14713.0,19081.0,-4368.0,Paid
VAT-FE6C685F,GR0000000330,2023-Q1,2023-04-15,9596.0,3998.0,2399.0,8034.0,3090.0,1236.0,2303.0,2966.0,-663.0,Paid
VAT-F14832BE,GR0000000330,2023-Q2,2023-07-21,12006.0,5002.0,3001.0,10014.0,3852.0,1541.0,2881.0,3698.0,-816.0,Paid
VAT-082B88EB,GR0000000330,2023-Q3,2023-10-13,11178.0,4658.0,2795.0,9191.0,3535.0,1414.0,2683.0,3394.0,-711.0,Paid
VAT-765E3EDE,GR0000000330,2023-Q4,2024-01-13,12476.0,5198.0,3119.0,11028.0,4241.0,1697.0,2994.0,4072.0,-1077.0,Paid
VAT-0CCD94B6,GR0000000330,2024-Q1,2024-04-19,22736.0,9473.0,5684.0,20411.0,7850.0,3140.0,5457.0,7536.0,-2079.0,Paid
VAT-0A17BEDA,GR0000000330,2024-Q2,2024-07-23,27444.0,11435.0,6861.0,22335.0,8590.0,3436.0,6587.0,8247.0,-1660.0,Paid
VAT-73376A07,GR0000000330,2024-Q3,2024-10-18,24963.0,10401.0,6241.0,21048.0,8095.0,3238.0,5991.0,7772.0,-1780.0,Paid
VAT-74FFE20B,GR0000000330,2024-Q4,2025-01-24,34168.0,14237.0,8542.0,31333.0,12051.0,4821.0,8200.0,11569.0,-3369.0,Paid
VAT-0E287E01,GR0000000331,2022-Q1,2022-04-17,13278.0,2490.0,830.0,9062.0,3486.0,1394.0,3187.0,3346.0,-159.0,Paid
VAT-963DB464,GR0000000331,2022-Q2,2022-07-17,15046.0,2821.0,940.0,9311.0,3581.0,1432.0,3611.0,3438.0,173.0,Paid
VAT-BE7E932C,GR0000000331,2022-Q3,2022-10-12,14428.0,2705.0,902.0,9002.0,3462.0,1385.0,3463.0,3324.0,139.0,Paid
VAT-F8BAFE72,GR0000000331,2022-Q4,2023-01-14,27051.0,5072.0,1691.0,17635.0,6783.0,2713.0,6492.0,6511.0,-19.0,Paid
VAT-5305C32A,GR0000000331,2023-Q1,2023-04-19,11948.0,2240.0,747.0,8048.0,3095.0,1238.0,2868.0,2972.0,-104.0,Paid
VAT-DF189F9D,GR0000000331,2023-Q2,2023-07-17,11813.0,2215.0,738.0,7371.0,2835.0,1134.0,2835.0,2722.0,113.0,Partial
VAT-5EC33EA9,GR0000000331,2023-Q3,2023-10-18,13009.0,2439.0,813.0,8858.0,3407.0,1363.0,3122.0,3271.0,-148.0,Paid
VAT-C8D5B8C1,GR0000000331,2023-Q4,2024-01-24,21760.0,4080.0,1360.0,14097.0,5422.0,2169.0,5222.0,5205.0,17.0,Paid
VAT-2CD87E25,GR0000000331,2024-Q1,2024-04-10,8316.0,1559.0,520.0,5486.0,2110.0,844.0,1996.0,2026.0,-30.0,Paid
VAT-99580AB6,GR0000000331,2024-Q2,2024-07-20,9130.0,1712.0,571.0,5691.0,2189.0,876.0,2191.0,2101.0,90.0,Paid
VAT-1189897A,GR0000000331,2024-Q3,2024-10-25,8170.0,1532.0,511.0,5564.0,2140.0,856.0,1961.0,2055.0,-94.0,Paid
VAT-254E6BD1,GR0000000331,2024-Q4,2025-01-17,16582.0,3109.0,1036.0,10860.0,4177.0,1671.0,3980.0,4010.0,-30.0,Paid
VAT-124DC2E8,GR0000000332,2022-Q1,2022-04-20,2408099.0,1003375.0,602025.0,1883280.0,724339.0,289735.0,577944.0,695365.0,-117421.0,Paid
VAT-CB6189EC,GR0000000332,2022-Q2,2022-07-15,2901359.0,1208900.0,725340.0,2334850.0,898019.0,359208.0,696326.0,862098.0,-165772.0,Paid
VAT-63FDE060,GR0000000332,2022-Q3,2022-10-16,2901792.0,1209080.0,725448.0,2450798.0,942615.0,377046.0,696430.0,904910.0,-208480.0,Paid
VAT-B17B8506,GR0000000332,2022-Q4,2023-01-14,3848284.0,1603451.0,962071.0,3156997.0,1214230.0,485692.0,923588.0,1165660.0,-242072.0,Paid
VAT-1274C39B,GR0000000332,2023-Q1,2023-04-16,3565826.0,1485761.0,891457.0,3002581.0,1154839.0,461936.0,855798.0,1108645.0,-252847.0,Paid
VAT-EB06C53B,GR0000000332,2023-Q2,2023-07-15,4738502.0,1974376.0,1184626.0,3975984.0,1529225.0,611690.0,1137241.0,1468056.0,-330815.0,Paid
VAT-8C99BDCF,GR0000000332,2023-Q3,2023-10-14,4062903.0,1692876.0,1015726.0,3451668.0,1327565.0,531026.0,975097.0,1274462.0,-299365.0,Paid
VAT-89B5B316,GR0000000332,2023-Q4,2024-01-22,5251787.0,2188245.0,1312947.0,4220436.0,1623245.0,649298.0,1260429.0,1558315.0,-297886.0,Paid
VAT-21047CB6,GR0000000332,2024-Q1,2024-04-12,5489782.0,2287409.0,1372445.0,4599579.0,1769069.0,707628.0,1317548.0,1698306.0,-380759.0,Paid
VAT-C108A657,GR0000000332,2024-Q2,2024-07-18,6473680.0,2697367.0,1618420.0,4953544.0,1905209.0,762084.0,1553683.0,1829001.0,-275318.0,Paid
VAT-E4B3CEC5,GR0000000332,2024-Q3,2024-10-26,6726536.0,2802723.0,1681634.0,5814546.0,2236364.0,894545.0,1614369.0,2146909.0,-532541.0,Paid
VAT-60938150,GR0000000332,2024-Q4,2025-01-26,7633527.0,3180636.0,1908382.0,6281315.0,2415890.0,966356.0,1832046.0,2319255.0,-487208.0,Paid
VAT-487655F5,GR0000000333,2022-Q1,2022-04-17,129334.0,24250.0,8083.0,70137.0,26976.0,10790.0,31040.0,25897.0,5143.0,Paid
VAT-10987A67,GR0000000333,2022-Q2,2022-07-18,115534.0,21663.0,7221.0,63217.0,24314.0,9726.0,27728.0,23342.0,4386.0,Paid
VAT-F184FA9B,GR0000000333,2022-Q3,2022-10-26,110190.0,20661.0,6887.0,65672.0,25258.0,10103.0,26446.0,24248.0,2198.0,Paid
VAT-D3FAE432,GR0000000333,2022-Q4,2023-01-19,131682.0,24690.0,8230.0,74647.0,28711.0,11484.0,31604.0,27562.0,4041.0,Paid
VAT-5D49B895,GR0000000333,2023-Q1,2023-04-12,176142.0,33027.0,11009.0,103573.0,39836.0,15934.0,42274.0,38242.0,4032.0,Paid
VAT-20B9FB53,GR0000000333,2023-Q2,2023-07-12,121751.0,22828.0,7609.0,69297.0,26653.0,10661.0,29220.0,25587.0,3634.0,Paid
VAT-0937C2BF,GR0000000333,2023-Q3,2023-10-18,133494.0,25030.0,8343.0,73493.0,28267.0,11307.0,32039.0,27136.0,4903.0,Paid
VAT-03112B30,GR0000000333,2023-Q4,2024-01-14,175310.0,32871.0,10957.0,102951.0,39597.0,15839.0,42074.0,38013.0,4062.0,Paid
VAT-86F932BC,GR0000000333,2024-Q1,2024-04-12,105136.0,19713.0,6571.0,57715.0,22198.0,8879.0,25233.0,21310.0,3922.0,Paid
VAT-55814840,GR0000000333,2024-Q2,2024-07-12,84035.0,15756.0,5252.0,45278.0,17415.0,6966.0,20168.0,16718.0,3450.0,Paid
VAT-F0254B26,GR0000000333,2024-Q3,2024-10-19,85918.0,16110.0,5370.0,48197.0,18537.0,7415.0,20620.0,17796.0,2825.0,Paid
VAT-77BFA9BD,GR0000000333,2024-Q4,2025-01-24,97108.0,18208.0,6069.0,54187.0,20841.0,8336.0,23306.0,20007.0,3299.0,Paid
VAT-0B36D909,GR0000000334,2022-Q1,2022-04-24,6077.0,3038.0,1013.0,3909.0,1504.0,601.0,1458.0,1443.0,15.0,Paid
VAT-AD73C622,GR0000000334,2022-Q2,2022-07-11,17617.0,8809.0,2936.0,11307.0,4349.0,1740.0,4228.0,4175.0,53.0,Paid
VAT-75490FEC,GR0000000334,2022-Q3,2022-10-23,24879.0,12440.0,4147.0,13506.0,5195.0,2078.0,5971.0,4987.0,984.0,Paid
VAT-86CBEFB7,GR0000000334,2022-Q4,2023-01-16,12276.0,6138.0,2046.0,6704.0,2578.0,1031.0,2946.0,2475.0,471.0,Paid
VAT-DE0300FC,GR0000000334,2023-Q1,2023-04-14,3477.0,1739.0,580.0,2039.0,784.0,314.0,835.0,753.0,82.0,Paid
VAT-19E249B3,GR0000000334,2023-Q2,2023-07-25,9887.0,4943.0,1648.0,5717.0,2199.0,880.0,2373.0,2111.0,262.0,Paid
VAT-A3A000E1,GR0000000334,2023-Q3,2023-10-19,11772.0,5886.0,1962.0,6943.0,2670.0,1068.0,2825.0,2564.0,262.0,Paid
VAT-B0E97E57,GR0000000334,2023-Q4,2024-01-19,7131.0,3565.0,1188.0,4026.0,1548.0,619.0,1711.0,1486.0,225.0,Paid
VAT-83B04B9C,GR0000000334,2024-Q1,2024-04-22,4312.0,2156.0,719.0,2591.0,997.0,399.0,1035.0,957.0,78.0,Paid
VAT-F33014EF,GR0000000334,2024-Q2,2024-07-21,12989.0,6494.0,2165.0,7627.0,2934.0,1173.0,3117.0,2816.0,301.0,Paid
VAT-A331971E,GR0000000334,2024-Q3,2024-10-11,15160.0,7580.0,2527.0,9708.0,3734.0,1494.0,3639.0,3585.0,54.0,Paid
VAT-91CD14B4,GR0000000334,2024-Q4,2025-01-24,8221.0,4111.0,1370.0,5000.0,1923.0,769.0,1973.0,1846.0,127.0,Paid
VAT-9D8CBAB4,GR0000000335,2022-Q1,2022-04-15,10516.0,5736.0,2868.0,8918.0,3430.0,1372.0,2524.0,3293.0,-769.0,Paid
VAT-E7942B64,GR0000000335,2022-Q2,2022-07-25,12420.0,6774.0,3387.0,10109.0,3888.0,1555.0,2981.0,3733.0,-752.0,Paid
VAT-A316523A,GR0000000335,2022-Q3,2022-10-20,11898.0,6490.0,3245.0,9945.0,3825.0,1530.0,2856.0,3672.0,-817.0,Paid
VAT-2F2EBDED,GR0000000335,2022-Q4,2023-01-20,12751.0,6955.0,3477.0,10254.0,3944.0,1578.0,3060.0,3786.0,-726.0,Paid
VAT-B6140E9F,GR0000000335,2023-Q1,2023-04-10,11017.0,6009.0,3005.0,9749.0,3750.0,1500.0,2644.0,3600.0,-955.0,Paid
VAT-2273D8BA,GR0000000335,2023-Q2,2023-07-26,12244.0,6679.0,3339.0,10480.0,4031.0,1612.0,2939.0,3869.0,-931.0,Paid
VAT-4FE16C27,GR0000000335,2023-Q3,2023-10-16,12238.0,6675.0,3338.0,10556.0,4060.0,1624.0,2937.0,3898.0,-961.0,Paid
VAT-C8D7EF12,GR0000000335,2023-Q4,2024-01-16,14168.0,7728.0,3864.0,12304.0,4732.0,1893.0,3400.0,4543.0,-1143.0,Paid
VAT-8D380138,GR0000000335,2024-Q1,2024-04-22,8420.0,4593.0,2296.0,7159.0,2754.0,1101.0,2021.0,2643.0,-623.0,Paid
VAT-904B627E,GR0000000335,2024-Q2,2024-07-25,9198.0,5017.0,2508.0,7351.0,2827.0,1131.0,2207.0,2714.0,-507.0,Paid
VAT-0BBD91B2,GR0000000335,2024-Q3,2024-10-13,9080.0,4953.0,2476.0,7796.0,2998.0,1199.0,2179.0,2879.0,-699.0,Paid
VAT-6244E11C,GR0000000335,2024-Q4,2025-01-24,9303.0,5074.0,2537.0,7746.0,2979.0,1192.0,2233.0,2860.0,-627.0,Paid
VAT-C9C3AFF2,GR0000000336,2023-Q1,2023-04-20,26028.0,13014.0,4338.0,16464.0,6332.0,2533.0,6247.0,6079.0,168.0,Paid
VAT-0F4209F9,GR0000000336,2023-Q2,2023-07-14,83211.0,41605.0,13868.0,51950.0,19981.0,7992.0,19971.0,19182.0,789.0,Paid
VAT-C16042C4,GR0000000336,2023-Q3,2023-10-26,96216.0,48108.0,16036.0,57063.0,21947.0,8779.0,23092.0,21070.0,2022.0,Paid
VAT-641B0E36,GR0000000336,2023-Q4,2024-01-21,51942.0,25971.0,8657.0,32450.0,12481.0,4992.0,12466.0,11981.0,485.0,Paid
VAT-57F24FBF,GR0000000336,2024-Q1,2024-04-20,35383.0,17692.0,5897.0,21046.0,8095.0,3238.0,8492.0,7771.0,721.0,Paid
VAT-54FFB705,GR0000000336,2024-Q2,2024-07-13,107337.0,53669.0,17890.0,66309.0,25503.0,10201.0,25761.0,24483.0,1278.0,Partial
VAT-3BF7A227,GR0000000336,2024-Q3,2024-10-20,140177.0,70088.0,23363.0,87662.0,33716.0,13486.0,33642.0,32367.0,1275.0,Paid
VAT-A8E0BB07,GR0000000336,2024-Q4,2025-01-24,69671.0,34836.0,11612.0,41192.0,15843.0,6337.0,16721.0,15209.0,1512.0,Paid
VAT-418AD8CE,GR0000000337,2022-Q1,2022-04-20,73760.0,64540.0,46100.0,76773.0,29528.0,11811.0,17702.0,28347.0,-10645.0,Paid
VAT-FF215EB2,GR0000000337,2022-Q2,2022-07-17,100729.0,88138.0,62955.0,100792.0,38766.0,15507.0,24175.0,37216.0,-13041.0,Paid
VAT-7EB73DC9,GR0000000337,2022-Q3,2022-10-20,109068.0,95435.0,68168.0,119066.0,45795.0,18318.0,26176.0,43963.0,-17787.0,Paid
VAT-C2DB639A,GR0000000337,2022-Q4,2023-01-19,125487.0,109801.0,78429.0,142180.0,54685.0,21874.0,30117.0,52497.0,-22380.0,Paid
VAT-42B46A27,GR0000000337,2023-Q1,2023-04-25,33928.0,29687.0,21205.0,33702.0,12962.0,5185.0,8143.0,12444.0,-4301.0,Paid
VAT-25F88B11,GR0000000337,2023-Q2,2023-07-15,48733.0,42642.0,30458.0,53653.0,20636.0,8254.0,11696.0,19810.0,-8114.0,Paid
VAT-E987E60C,GR0000000337,2023-Q3,2023-10-13,50458.0,44151.0,31536.0,52884.0,20340.0,8136.0,12110.0,19526.0,-7416.0,Paid
VAT-E93E15A1,GR0000000337,2023-Q4,2024-01-14,53281.0,46621.0,33301.0,57134.0,21975.0,8790.0,12788.0,21096.0,-8308.0,Paid
VAT-06B7C65E,GR0000000337,2024-Q1,2024-04-14,44125.0,38609.0,27578.0,44875.0,17260.0,6904.0,10590.0,16569.0,-5979.0,Paid
VAT-394BE27C,GR0000000337,2024-Q2,2024-07-21,58497.0,51185.0,36561.0,66147.0,25441.0,10176.0,14039.0,24424.0,-10384.0,Paid
VAT-A7FC680B,GR0000000337,2024-Q3,2024-10-18,60898.0,53286.0,38061.0,61672.0,23720.0,9488.0,14616.0,22771.0,-8155.0,Paid
VAT-61F3116B,GR0000000337,2024-Q4,2025-01-18,68020.0,59517.0,42512.0,73600.0,28308.0,11323.0,16325.0,27175.0,-10851.0,Paid
VAT-5C0FC258,GR0000000338,2022-Q1,2022-04-23,78963.0,43070.0,21535.0,60339.0,23207.0,9283.0,18951.0,22279.0,-3328.0,Paid
VAT-D63744CF,GR0000000338,2022-Q2,2022-07-23,86117.0,46973.0,23487.0,65282.0,25108.0,10043.0,20668.0,24104.0,-3436.0,Paid
VAT-A0393C57,GR0000000338,2022-Q3,2022-10-26,87865.0,47926.0,23963.0,66316.0,25506.0,10202.0,21087.0,24486.0,-3398.0,Paid
VAT-3C18A5EF,GR0000000338,2022-Q4,2023-01-14,113760.0,62051.0,31025.0,93490.0,35958.0,14383.0,27302.0,34519.0,-7217.0,Paid
VAT-BEDDC112,GR0000000338,2023-Q1,2023-04-24,78435.0,42783.0,21391.0,56572.0,21758.0,8703.0,18824.0,20888.0,-2064.0,Paid
VAT-99E552EA,GR0000000338,2023-Q2,2023-07-18,88210.0,48114.0,24057.0,71748.0,27595.0,11038.0,21170.0,26492.0,-5321.0,Paid
VAT-4ABEB856,GR0000000338,2023-Q3,2023-10-22,86194.0,47015.0,23507.0,70300.0,27038.0,10815.0,20687.0,25957.0,-5270.0,Paid
VAT-CD38E6AF,GR0000000338,2023-Q4,2024-01-24,112630.0,61434.0,30717.0,84238.0,32399.0,12960.0,27031.0,31103.0,-4072.0,Paid
VAT-865FCF53,GR0000000338,2024-Q1,2024-04-21,67891.0,37032.0,18516.0,51449.0,19788.0,7915.0,16294.0,18997.0,-2703.0,Paid
VAT-09BC60FC,GR0000000338,2024-Q2,2024-07-17,81238.0,44311.0,22156.0,58013.0,22313.0,8925.0,19497.0,21420.0,-1923.0,Paid
VAT-8E1EC542,GR0000000338,2024-Q3,2024-10-25,74632.0,40708.0,20354.0,54717.0,21045.0,8418.0,17912.0,20203.0,-2291.0,Paid
VAT-7B1328BD,GR0000000338,2024-Q4,2025-01-25,91486.0,49901.0,24951.0,70468.0,27103.0,10841.0,21957.0,26019.0,-4062.0,Paid
VAT-F5BF4509,GR0000000339,2022-Q1,2022-04-21,30251.0,12605.0,7563.0,26312.0,10120.0,4048.0,7260.0,9715.0,-2455.0,Paid
VAT-9C875BA8,GR0000000339,2022-Q2,2022-07-13,38253.0,15939.0,9563.0,33361.0,12831.0,5132.0,9181.0,12318.0,-3137.0,Paid
VAT-1876B0B3,GR0000000339,2022-Q3,2022-10-17,31981.0,13325.0,7995.0,28870.0,11104.0,4442.0,7675.0,10660.0,-2984.0,Paid
VAT-9923EB20,GR0000000339,2022-Q4,2023-01-16,39165.0,16319.0,9791.0,35014.0,13467.0,5387.0,9400.0,12928.0,-3528.0,Paid
VAT-6FA9AFBC,GR0000000339,2023-Q1,2023-04-15,49429.0,20595.0,12357.0,45256.0,17406.0,6962.0,11863.0,16710.0,-4847.0,Paid
VAT-A60A3D9A,GR0000000339,2023-Q2,2023-07-21,72976.0,30407.0,18244.0,64366.0,24756.0,9902.0,17514.0,23766.0,-6251.0,Paid
VAT-C805A5C6,GR0000000339,2023-Q3,2023-10-12,67616.0,28173.0,16904.0,59563.0,22909.0,9164.0,16228.0,21992.0,-5765.0,Paid
VAT-55258534,GR0000000339,2023-Q4,2024-01-24,82100.0,34208.0,20525.0,67376.0,25914.0,10365.0,19704.0,24877.0,-5173.0,Paid
VAT-E58BE52C,GR0000000339,2024-Q1,2024-04-13,53804.0,22418.0,13451.0,48720.0,18739.0,7495.0,12913.0,17989.0,-5076.0,Paid
VAT-C2B937F0,GR0000000339,2024-Q2,2024-07-21,65696.0,27373.0,16424.0,59070.0,22719.0,9088.0,15767.0,21811.0,-6044.0,Paid
VAT-36334C0D,GR0000000339,2024-Q3,2024-10-14,67956.0,28315.0,16989.0,58099.0,22346.0,8938.0,16309.0,21452.0,-5143.0,Paid
VAT-542C5F43,GR0000000339,2024-Q4,2025-01-26,73861.0,30775.0,18465.0,64472.0,24797.0,9919.0,17727.0,23805.0,-6079.0,Paid
VAT-056FA991,GR0000000340,2022-Q1,2022-04-24,2991242.0,560858.0,186953.0,1734226.0,667010.0,266804.0,717898.0,640330.0,77569.0,Paid
VAT-0E868449,GR0000000340,2022-Q2,2022-07-13,2495233.0,467856.0,155952.0,1357251.0,522020.0,208808.0,598856.0,501139.0,97717.0,Paid
VAT-B37FD771,GR0000000340,2022-Q3,2022-10-18,2214641.0,415245.0,138415.0,1220100.0,469269.0,187708.0,531514.0,450499.0,81015.0,Paid
VAT-1C6FEA5D,GR0000000340,2022-Q4,2023-01-14,2747242.0,515108.0,171703.0,1591559.0,612138.0,244855.0,659338.0,587653.0,71685.0,Paid
VAT-FAD410F3,GR0000000340,2023-Q1,2023-04-25,2617856.0,490848.0,163616.0,1399831.0,538397.0,215359.0,628285.0,516861.0,111425.0,Paid
VAT-F80A81A3,GR0000000340,2023-Q2,2023-07-17,2379387.0,446135.0,148712.0,1413305.0,543579.0,217432.0,571053.0,521836.0,49217.0,Paid
VAT-81C2E178,GR0000000340,2023-Q3,2023-10-22,2241837.0,420344.0,140115.0,1238297.0,476268.0,190507.0,538041.0,457217.0,80823.0,Paid
VAT-887656AF,GR0000000340,2023-Q4,2024-01-15,2960415.0,555078.0,185026.0,1615172.0,621220.0,248488.0,710500.0,596371.0,114128.0,Paid
VAT-381DDB30,GR0000000340,2024-Q1,2024-04-14,1474667.0,276500.0,92167.0,808600.0,311000.0,124400.0,353920.0,298560.0,55360.0,Paid
VAT-4D76409A,GR0000000340,2024-Q2,2024-07-18,1239143.0,232339.0,77446.0,711798.0,273768.0,109507.0,297394.0,262818.0,34577.0,Paid
VAT-F7D10C89,GR0000000340,2024-Q3,2024-10-25,1060845.0,198908.0,66303.0,581801.0,223769.0,89508.0,254603.0,214819.0,39784.0,Paid
VAT-3DC74A54,GR0000000340,2024-Q4,2025-01-12,1369484.0,256778.0,85593.0,723344.0,278209.0,111284.0,328676.0,267081.0,61595.0,Paid
VAT-0C504580,GR0000000341,2024-Q1,2024-04-16,109732.0,54866.0,18289.0,59938.0,23053.0,9221.0,26336.0,22131.0,4205.0,Paid
VAT-80561AC4,GR0000000341,2024-Q2,2024-07-13,334811.0,167406.0,55802.0,190636.0,73322.0,29329.0,80355.0,70389.0,9966.0,Paid
VAT-397CA898,GR0000000341,2024-Q3,2024-10-12,424213.0,212107.0,70702.0,266077.0,102337.0,40935.0,101811.0,98244.0,3567.0,Paid
VAT-19EEB1ED,GR0000000341,2024-Q4,2025-01-18,241036.0,120518.0,40173.0,148309.0,57042.0,22817.0,57849.0,54760.0,3088.0,Partial
VAT-EAD7F0FB,GR0000000342,2022-Q1,2022-04-21,49240.0,20517.0,12310.0,40642.0,15631.0,6253.0,11818.0,15006.0,-3189.0,Paid
VAT-96F3315D,GR0000000342,2022-Q2,2022-07-12,61016.0,25423.0,15254.0,56173.0,21605.0,8642.0,14644.0,20741.0,-6097.0,Paid
VAT-9DF84A47,GR0000000342,2022-Q3,2022-10-19,54658.0,22774.0,13664.0,47475.0,18260.0,7304.0,13118.0,17529.0,-4411.0,Paid
VAT-D0DD2ABD,GR0000000342,2022-Q4,2023-01-18,73908.0,30795.0,18477.0,67569.0,25988.0,10395.0,17738.0,24949.0,-7211.0,Paid
VAT-EADB11D6,GR0000000342,2023-Q1,2023-04-12,27703.0,11543.0,6926.0,22624.0,8702.0,3481.0,6649.0,8353.0,-1705.0,Paid
VAT-CE9C8294,GR0000000342,2023-Q2,2023-07-14,32877.0,13699.0,8219.0,29587.0,11379.0,4552.0,7891.0,10924.0,-3034.0,Paid
VAT-BCAEF307,GR0000000342,2023-Q3,2023-10-13,33198.0,13832.0,8299.0,27993.0,10767.0,4307.0,7967.0,10336.0,-2369.0,Paid
VAT-F5AC78E5,GR0000000342,2023-Q4,2024-01-24,39240.0,16350.0,9810.0,32432.0,12474.0,4990.0,9418.0,11975.0,-2557.0,Paid
VAT-954B7A77,GR0000000342,2024-Q1,2024-04-20,25820.0,10758.0,6455.0,21356.0,8214.0,3286.0,6197.0,7885.0,-1689.0,Paid
VAT-4CF1B262,GR0000000342,2024-Q2,2024-07-25,32183.0,13409.0,8046.0,29465.0,11333.0,4533.0,7724.0,10879.0,-3156.0,Paid
VAT-E35458DF,GR0000000342,2024-Q3,2024-10-21,31660.0,13191.0,7915.0,27798.0,10691.0,4277.0,7598.0,10264.0,-2666.0,Paid
VAT-C27D4812,GR0000000342,2024-Q4,2025-01-14,41244.0,17185.0,10311.0,34335.0,13206.0,5282.0,9899.0,12678.0,-2779.0,Paid
VAT-F7D13A9C,GR0000000343,2022-Q1,2022-04-13,2022619.0,722364.0,144473.0,764907.0,294195.0,117678.0,485429.0,282427.0,203001.0,Paid
VAT-70B842E3,GR0000000343,2022-Q2,2022-07-13,1956913.0,698898.0,139780.0,759002.0,291924.0,116770.0,469659.0,280247.0,189412.0,Paid
VAT-C307AB44,GR0000000343,2022-Q3,2022-10-14,1788855.0,638877.0,127775.0,765803.0,294540.0,117816.0,429325.0,282758.0,146567.0,Paid
VAT-C43BBD24,GR0000000343,2022-Q4,2023-01-22,2280621.0,814508.0,162902.0,971607.0,373695.0,149478.0,547349.0,358747.0,188602.0,Paid
VAT-FDF16E3C,GR0000000343,2023-Q1,2023-04-10,1886528.0,673760.0,134752.0,852267.0,327795.0,131118.0,452767.0,314683.0,138083.0,Paid
VAT-D64B8D0A,GR0000000343,2023-Q2,2023-07-12,1947303.0,695465.0,139093.0,851688.0,327572.0,131029.0,467353.0,314469.0,152883.0,Paid
VAT-A4087656,GR0000000343,2023-Q3,2023-10-21,1766463.0,630880.0,126176.0,717161.0,275831.0,110332.0,423951.0,264798.0,159153.0,Paid
VAT-A4C6FA17,GR0000000343,2023-Q4,2024-01-26,2167144.0,773980.0,154796.0,865533.0,332897.0,133159.0,520115.0,319581.0,200533.0,Paid
VAT-BC125129,GR0000000343,2024-Q1,2024-04-18,1143786.0,408495.0,81699.0,434993.0,167305.0,66922.0,274509.0,160613.0,113896.0,Paid
VAT-9DDAC506,GR0000000343,2024-Q2,2024-07-20,1080383.0,385851.0,77170.0,499203.0,192001.0,76801.0,259292.0,184321.0,74971.0,Paid
VAT-4AE051D0,GR0000000343,2024-Q3,2024-10-22,1293823.0,462080.0,92416.0,599627.0,230626.0,92250.0,310517.0,221401.0,89117.0,Paid
VAT-2CFBAE1C,GR0000000343,2024-Q4,2025-01-26,1523177.0,543992.0,108798.0,566377.0,217837.0,87135.0,365563.0,209124.0,156439.0,Paid
VAT-C63BA8CB,GR0000000344,2022-Q1,2022-04-26,7674.0,4171.0,1418.0,5413.0,1992.0,765.0,1842.0,2083.0,-241.0,Paid
VAT-AAC96B3C,GR0000000344,2022-Q2,2022-07-27,25185.0,12746.0,4427.0,14361.0,5556.0,2153.0,6044.0,5496.0,548.0,Paid
VAT-45DA063F,GR0000000344,2022-Q3,2022-10-22,33139.0,17176.0,6080.0,22841.0,8751.0,3412.0,7953.0,8946.0,-992.0,Paid
VAT-F5F51E09,GR0000000344,2022-Q4,2023-01-28,16336.0,8075.0,2854.0,10432.0,3906.0,1550.0,3921.0,4020.0,-99.0,Paid
VAT-0136122C,GR0000000344,2023-Q1,2023-04-30,5607.0,3024.0,1019.0,3489.0,1287.0,491.0,1346.0,1364.0,-19.0,Paid
VAT-F01C7710,GR0000000344,2023-Q2,2023-08-03,19290.0,9685.0,3499.0,12833.0,4798.0,1874.0,4630.0,4945.0,-315.0,Paid
VAT-6E864347,GR0000000344,2023-Q3,2023-10-20,23299.0,12202.0,4235.0,13913.0,5354.0,2064.0,5592.0,5477.0,115.0,Paid
VAT-23AB187F,GR0000000344,2023-Q4,2024-01-29,12058.0,6439.0,2305.0,7768.0,2933.0,1144.0,2894.0,2999.0,-105.0,Paid
VAT-58353A70,GR0000000344,2024-Q1,2024-04-14,6458.0,3188.0,1107.0,4123.0,1538.0,599.0,1550.0,1591.0,-41.0,Paid
VAT-EAE57E2E,GR0000000344,2024-Q2,2024-07-31,15195.0,7878.0,2805.0,10060.0,3821.0,1526.0,3647.0,3859.0,-212.0,Paid
VAT-BAEADBB8,GR0000000344,2024-Q3,2024-11-01,22555.0,11312.0,4128.0,14939.0,5648.0,2196.0,5413.0,5718.0,-305.0,Paid
VAT-AADCF8F5,GR0000000344,2024-Q4,2025-02-03,12023.0,6204.0,2209.0,7225.0,2708.0,1053.0,2886.0,2845.0,41.0,Paid
VAT-F945BD1A,GR0000000345,2022-Q1,2022-04-17,2049580.0,585594.0,292797.0,1399157.0,538137.0,215255.0,491899.0,516612.0,-24713.0,Paid
VAT-8783A82E,GR0000000345,2022-Q2,2022-07-20,2627061.0,750589.0,375294.0,1944603.0,747924.0,299170.0,630495.0,718007.0,-87513.0,Paid
VAT-17D2A242,GR0000000345,2022-Q3,2022-10-25,2363622.0,675321.0,337660.0,1669143.0,641978.0,256791.0,567269.0,616299.0,-49030.0,Paid
VAT-C7F02C23,GR0000000345,2022-Q4,2023-01-24,2273970.0,649706.0,324853.0,1595977.0,613837.0,245535.0,545753.0,589284.0,-43531.0,Paid
VAT-1E6A0220,GR0000000345,2023-Q1,2023-04-22,2376312.0,678946.0,339473.0,1615425.0,621317.0,248527.0,570315.0,596465.0,-26150.0,Paid
VAT-40C562D6,GR0000000345,2023-Q2,2023-07-12,3305570.0,944449.0,472224.0,2228602.0,857155.0,342862.0,793337.0,822868.0,-29532.0,Paid
VAT-4388D363,GR0000000345,2023-Q3,2023-10-14,2965678.0,847336.0,423668.0,2111944.0,812286.0,324914.0,711763.0,779795.0,-68032.0,Paid
VAT-696A08B3,GR0000000345,2023-Q4,2024-01-19,3207806.0,916516.0,458258.0,2264473.0,870951.0,348380.0,769873.0,836113.0,-66240.0,Paid
VAT-52279C22,GR0000000345,2024-Q1,2024-04-25,1657191.0,473483.0,236742.0,1084957.0,417291.0,166916.0,397726.0,400600.0,-2874.0,Paid
VAT-F0DC8609,GR0000000345,2024-Q2,2024-07-26,2637292.0,753512.0,376756.0,1858195.0,714690.0,285876.0,632950.0,686103.0,-53153.0,Paid
VAT-2A034C32,GR0000000345,2024-Q3,2024-10-26,2309121.0,659749.0,329874.0,1654629.0,636396.0,254558.0,554189.0,610940.0,-56751.0,Paid
VAT-A63D5E03,GR0000000345,2024-Q4,2025-01-16,2387479.0,682137.0,341068.0,1749788.0,672995.0,269198.0,572995.0,646075.0,-73080.0,Paid
VAT-61CDBEC4,GR0000000346,2023-Q1,2023-04-21,138365.0,69183.0,23061.0,70124.0,26971.0,10788.0,33208.0,25892.0,7316.0,Paid
VAT-E8FAA33C,GR0000000346,2023-Q2,2023-07-26,429396.0,214698.0,71566.0,241008.0,92695.0,37078.0,103055.0,88987.0,14067.0,Paid
VAT-A3687CE3,GR0000000346,2023-Q3,2023-10-14,541611.0,270806.0,90269.0,309153.0,118905.0,47562.0,129987.0,114149.0,15838.0,Paid
VAT-24FF427D,GR0000000346,2023-Q4,2024-01-25,315323.0,157661.0,52554.0,161869.0,62257.0,24903.0,75677.0,59767.0,15911.0,Paid
VAT-6592CEA2,GR0000000346,2024-Q1,2024-04-25,113968.0,56984.0,18995.0,63709.0,24504.0,9801.0,27352.0,23523.0,3829.0,Paid
VAT-D938A4BC,GR0000000346,2024-Q2,2024-07-26,324806.0,162403.0,54134.0,163676.0,62952.0,25181.0,77954.0,60434.0,17519.0,Paid
VAT-4E55F65D,GR0000000346,2024-Q3,2024-10-16,444197.0,222099.0,74033.0,220903.0,84963.0,33985.0,106607.0,81564.0,25043.0,Paid
VAT-60312435,GR0000000346,2024-Q4,2025-01-17,204715.0,102357.0,34119.0,115146.0,44287.0,17715.0,49132.0,42516.0,6616.0,Paid
VAT-26D26DB1,GR0000000347,2022-Q1,2022-04-21,495135.0,92838.0,30946.0,289658.0,111407.0,44563.0,118832.0,106951.0,11882.0,Paid
VAT-6ED9DF34,GR0000000347,2022-Q2,2022-07-12,388793.0,72899.0,24300.0,230602.0,88693.0,35477.0,93310.0,85146.0,8165.0,Paid
VAT-20B315D8,GR0000000347,2022-Q3,2022-10-25,391522.0,73410.0,24470.0,246921.0,94970.0,37988.0,93965.0,91171.0,2794.0,Paid
VAT-D6601302,GR0000000347,2022-Q4,2023-01-11,549227.0,102980.0,34327.0,314273.0,120874.0,48350.0,131815.0,116039.0,15775.0,Paid
VAT-81300E1E,GR0000000347,2023-Q1,2023-04-24,471189.0,88348.0,29449.0,305471.0,117489.0,46996.0,113085.0,112789.0,296.0,Paid
VAT-664400D3,GR0000000347,2023-Q2,2023-07-24,361362.0,67755.0,22585.0,221404.0,85155.0,34062.0,86727.0,81749.0,4978.0,Paid
VAT-BEF79E5D,GR0000000347,2023-Q3,2023-10-17,396596.0,74362.0,24787.0,253458.0,97484.0,38994.0,95183.0,93585.0,1598.0,Paid
VAT-1CD6C5D3,GR0000000347,2023-Q4,2024-01-20,470401.0,88200.0,29400.0,293559.0,112907.0,45163.0,112896.0,108391.0,4505.0,Paid
VAT-B1737422,GR0000000347,2024-Q1,2024-04-15,306794.0,57524.0,19175.0,188470.0,72488.0,28995.0,73630.0,69589.0,4042.0,Paid
VAT-B16CF333,GR0000000347,2024-Q2,2024-07-14,221436.0,41519.0,13840.0,130277.0,50106.0,20043.0,53145.0,48102.0,5042.0,Paid
VAT-301E633B,GR0000000347,2024-Q3,2024-10-23,208621.0,39116.0,13039.0,128722.0,49508.0,19803.0,50069.0,47528.0,2541.0,Paid
VAT-3A8261D9,GR0000000347,2024-Q4,2025-01-17,290986.0,54560.0,18187.0,189003.0,72694.0,29077.0,69837.0,69786.0,51.0,Paid
VAT-7C800246,GR0000000348,2022-Q1,2022-04-10,199647.0,83186.0,49912.0,176880.0,68031.0,27212.0,47915.0,65309.0,-17394.0,Paid
VAT-A7BB3AED,GR0000000348,2022-Q2,2022-07-11,224792.0,93663.0,56198.0,194269.0,74719.0,29888.0,53950.0,71730.0,-17780.0,Paid
VAT-351E58B7,GR0000000348,2022-Q3,2022-10-18,217996.0,90832.0,54499.0,185703.0,71424.0,28570.0,52319.0,68567.0,-16248.0,Paid
VAT-BBB211E4,GR0000000348,2022-Q4,2023-01-18,273627.0,114011.0,68407.0,231104.0,88886.0,35554.0,65670.0,85331.0,-19660.0,Paid
VAT-754FD2A6,GR0000000348,2023-Q1,2023-04-21,125832.0,52430.0,31458.0,114760.0,44138.0,17655.0,30200.0,42373.0,-12173.0,Paid
VAT-44F14E28,GR0000000348,2023-Q2,2023-07-20,164278.0,68449.0,41069.0,134898.0,51884.0,20754.0,39427.0,49809.0,-10382.0,Paid
VAT-2078F135,GR0000000348,2023-Q3,2023-10-24,137135.0,57140.0,34284.0,115720.0,44508.0,17803.0,32913.0,42727.0,-9815.0,Paid
VAT-71F6F227,GR0000000348,2023-Q4,2024-01-24,181721.0,75717.0,45430.0,163848.0,63018.0,25207.0,43613.0,60498.0,-16885.0,Paid
VAT-F764FFA5,GR0000000348,2024-Q1,2024-04-10,271461.0,113109.0,67865.0,244204.0,93925.0,37570.0,65151.0,90168.0,-25017.0,Paid
VAT-A697BDBA,GR0000000348,2024-Q2,2024-07-13,349823.0,145760.0,87456.0,289244.0,111248.0,44499.0,83958.0,106798.0,-22840.0,Paid
VAT-8961253C,GR0000000348,2024-Q3,2024-10-13,339613.0,141506.0,84903.0,282551.0,108674.0,43469.0,81507.0,104327.0,-22819.0,Paid
VAT-0E7F9D2C,GR0000000348,2024-Q4,2025-01-16,395065.0,164610.0,98766.0,351083.0,135032.0,54013.0,94816.0,129631.0,-34815.0,Paid
VAT-59553806,GR0000000349,2022-Q1,2022-04-21,364876.0,104250.0,52125.0,279489.0,107496.0,42998.0,87570.0,103196.0,-15626.0,Paid
VAT-9BB0FC0C,GR0000000349,2022-Q2,2022-07-24,584688.0,167054.0,83527.0,447362.0,172062.0,68825.0,140325.0,165180.0,-24855.0,Paid
VAT-12534D1C,GR0000000349,2022-Q3,2022-10-17,436965.0,124847.0,62424.0,304982.0,117301.0,46920.0,104872.0,112609.0,-7737.0,Paid
VAT-8D024257,GR0000000349,2022-Q4,2023-01-15,492035.0,140582.0,70291.0,364880.0,140338.0,56135.0,118088.0,134725.0,-16636.0,Paid
VAT-685A8735,GR0000000349,2023-Q1,2023-04-13,880275.0,251507.0,125754.0,617007.0,237310.0,94924.0,211266.0,227818.0,-16552.0,Paid
VAT-E0AFA064,GR0000000349,2023-Q2,2023-07-25,1292440.0,369269.0,184634.0,947302.0,364347.0,145739.0,310186.0,349773.0,-39587.0,Paid
VAT-995913ED,GR0000000349,2023-Q3,2023-10-25,1026464.0,293275.0,146638.0,752625.0,289471.0,115788.0,246351.0,277892.0,-31541.0,Paid
VAT-FEEB6E64,GR0000000349,2023-Q4,2024-01-19,1063939.0,303983.0,151991.0,783832.0,301474.0,120589.0,255345.0,289415.0,-34069.0,Paid
VAT-6131B688,GR0000000349,2024-Q1,2024-04-23,866717.0,247633.0,123817.0,655676.0,252183.0,100873.0,208012.0,242096.0,-34084.0,Paid
VAT-52C7C191,GR0000000349,2024-Q2,2024-07-13,1310357.0,374388.0,187194.0,944933.0,363436.0,145374.0,314486.0,348899.0,-34413.0,Paid
VAT-8826128D,GR0000000349,2024-Q3,2024-10-26,1257036.0,359153.0,179577.0,948254.0,364713.0,145885.0,301689.0,350124.0,-48436.0,Paid
VAT-C6A2D457,GR0000000349,2024-Q4,2025-01-23,1294564.0,369875.0,184938.0,902887.0,347264.0,138906.0,310695.0,333374.0,-22678.0,Paid
VAT-534460CB,GR0000000350,2022-Q1,2022-04-18,134416.0,38405.0,19202.0,95347.0,36672.0,14669.0,32260.0,35205.0,-2945.0,Paid
VAT-1C4F86C4,GR0000000350,2022-Q2,2022-07-22,194247.0,55499.0,27750.0,132841.0,51093.0,20437.0,46619.0,49049.0,-2430.0,Paid
VAT-E4413B24,GR0000000350,2022-Q3,2022-10-26,164526.0,47007.0,23504.0,116235.0,44706.0,17882.0,39486.0,42918.0,-3431.0,Paid
VAT-7E54C609,GR0000000350,2022-Q4,2023-01-16,166187.0,47482.0,23741.0,110461.0,42485.0,16994.0,39885.0,40786.0,-901.0,Paid
VAT-59BFE55A,GR0000000350,2023-Q1,2023-04-14,75164.0,21475.0,10738.0,50470.0,19412.0,7765.0,18039.0,18635.0,-596.0,Paid
VAT-CA0122F2,GR0000000350,2023-Q2,2023-07-23,130562.0,37303.0,18652.0,91830.0,35319.0,14128.0,31335.0,33907.0,-2572.0,Paid
VAT-19A655A5,GR0000000350,2023-Q3,2023-10-21,105088.0,30025.0,15013.0,77765.0,29909.0,11964.0,25221.0,28713.0,-3492.0,Paid
VAT-2282F4FE,GR0000000350,2023-Q4,2024-01-25,101319.0,28948.0,14474.0,66323.0,25509.0,10204.0,24317.0,24489.0,-172.0,Paid
VAT-2AE45DE2,GR0000000350,2024-Q1,2024-04-14,120502.0,34429.0,17215.0,88589.0,34073.0,13629.0,28920.0,32710.0,-3790.0,Paid
VAT-94F48463,GR0000000350,2024-Q2,2024-07-11,170835.0,48810.0,24405.0,125866.0,48410.0,19364.0,41000.0,46474.0,-5473.0,Paid
VAT-B0B27C18,GR0000000350,2024-Q3,2024-10-16,133777.0,38222.0,19111.0,90157.0,34676.0,13870.0,32106.0,33289.0,-1182.0,Paid
VAT-E87189DD,GR0000000350,2024-Q4,2025-01-18,157857.0,45102.0,22551.0,116994.0,44998.0,17999.0,37886.0,43198.0,-5312.0,Paid
VAT-E0A5A383,GR0000000351,2022-Q1,2022-04-16,185806.0,21860.0,10930.0,88002.0,33847.0,13539.0,44594.0,32493.0,12101.0,Paid
VAT-7BAC34C1,GR0000000351,2022-Q2,2022-07-19,169254.0,19912.0,9956.0,77836.0,29937.0,11975.0,40621.0,28740.0,11881.0,Paid
VAT-D1600E80,GR0000000351,2022-Q3,2022-10-26,175896.0,20694.0,10347.0,82462.0,31716.0,12686.0,42215.0,30448.0,11767.0,Paid
VAT-260A5F8F,GR0000000351,2022-Q4,2023-01-14,191523.0,22532.0,11266.0,85647.0,32941.0,13177.0,45966.0,31624.0,14342.0,Paid
VAT-1C2D4983,GR0000000351,2023-Q1,2023-04-13,127974.0,15056.0,7528.0,63418.0,24392.0,9757.0,30714.0,23416.0,7298.0,Paid
VAT-06AC273D,GR0000000351,2023-Q2,2023-07-21,146308.0,17213.0,8606.0,68216.0,26237.0,10495.0,35114.0,25187.0,9926.0,Paid
VAT-675CA946,GR0000000351,2023-Q3,2023-10-22,145193.0,17081.0,8541.0,62436.0,24014.0,9606.0,34846.0,23053.0,11793.0,Paid
VAT-FFF57EB3,GR0000000351,2023-Q4,2024-01-25,142933.0,16816.0,8408.0,63558.0,24445.0,9778.0,34304.0,23468.0,10836.0,Paid
VAT-A1CE4778,GR0000000351,2024-Q1,2024-04-21,174552.0,20536.0,10268.0,77547.0,29826.0,11930.0,41892.0,28633.0,13260.0,Paid
VAT-6C7BA10A,GR0000000351,2024-Q2,2024-07-12,211591.0,24893.0,12447.0,89162.0,34293.0,13717.0,50782.0,32921.0,17860.0,Paid
VAT-F88EB688,GR0000000351,2024-Q3,2024-10-22,189884.0,22339.0,11170.0,90866.0,34948.0,13979.0,45572.0,33551.0,12022.0,Paid
VAT-4E0D348F,GR0000000351,2024-Q4,2025-01-14,205453.0,24171.0,12085.0,86663.0,33332.0,13333.0,49309.0,31999.0,17310.0,Paid
VAT-74947ED1,GR0000000352,2022-Q1,2022-04-14,369294.0,323132.0,230809.0,417365.0,160525.0,64210.0,88630.0,154104.0,-65473.0,Paid
VAT-BF445E85,GR0000000352,2022-Q2,2022-07-26,397433.0,347754.0,248396.0,391879.0,150723.0,60289.0,95384.0,144694.0,-49310.0,Paid
VAT-5F361528,GR0000000352,2022-Q3,2022-10-19,435852.0,381370.0,272407.0,473074.0,181951.0,72781.0,104604.0,174673.0,-70069.0,Paid
VAT-0849DC3E,GR0000000352,2022-Q4,2023-01-24,473187.0,414038.0,295742.0,493895.0,189960.0,75984.0,113565.0,182361.0,-68796.0,Paid
VAT-296DC564,GR0000000352,2023-Q1,2023-04-24,352018.0,308016.0,220011.0,364578.0,140222.0,56089.0,84484.0,134613.0,-50129.0,Paid
VAT-DDDAEA4A,GR0000000352,2023-Q2,2023-07-21,399167.0,349271.0,249479.0,405771.0,156066.0,62426.0,95800.0,149823.0,-54023.0,Paid
VAT-2D275D58,GR0000000352,2023-Q3,2023-10-24,377446.0,330265.0,235904.0,380841.0,146477.0,58591.0,90587.0,140618.0,-50031.0,Paid
VAT-F8DAC893,GR0000000352,2023-Q4,2024-01-16,499939.0,437447.0,312462.0,512429.0,197088.0,78835.0,119985.0,189205.0,-69219.0,Paid
VAT-B70425EC,GR0000000352,2024-Q1,2024-04-14,523385.0,457962.0,327116.0,528484.0,203263.0,81305.0,125612.0,195132.0,-69520.0,Paid
VAT-E0A02FB6,GR0000000352,2024-Q2,2024-07-16,588313.0,514774.0,367696.0,639990.0,246150.0,98460.0,141195.0,236304.0,-95109.0,Paid
VAT-09E6FC54,GR0000000352,2024-Q3,2024-10-12,629469.0,550785.0,393418.0,673420.0,259008.0,103603.0,151073.0,248647.0,-97575.0,Paid
VAT-BB216E7E,GR0000000352,2024-Q4,2025-01-16,738140.0,645872.0,461337.0,806370.0,310142.0,124057.0,177154.0,297737.0,-120583.0,Paid
VAT-D4A2F186,GR0000000353,2022-Q1,2022-04-13,4564449.0,1304128.0,652064.0,3151148.0,1211980.0,484792.0,1095468.0,1163501.0,-68033.0,Paid
VAT-FC81C95B,GR0000000353,2022-Q2,2022-07-17,8046950.0,2299129.0,1149564.0,5863868.0,2255334.0,902134.0,1931268.0,2165120.0,-233852.0,Paid
VAT-598D5AA0,GR0000000353,2022-Q3,2022-10-14,5652301.0,1614943.0,807472.0,3978799.0,1530307.0,612123.0,1356552.0,1469095.0,-112543.0,Paid
VAT-6AF2ECD7,GR0000000353,2022-Q4,2023-01-13,6347163.0,1813475.0,906738.0,4320209.0,1661619.0,664648.0,1523319.0,1595154.0,-71835.0,Paid
VAT-1148130B,GR0000000353,2023-Q1,2023-04-10,5969143.0,1705469.0,852735.0,4026185.0,1548533.0,619413.0,1432594.0,1486591.0,-53997.0,Paid
VAT-7AD24EF0,GR0000000353,2023-Q2,2023-07-12,8402632.0,2400752.0,1200376.0,5770679.0,2219492.0,887797.0,2016632.0,2130712.0,-114080.0,Paid
VAT-BE0B653F,GR0000000353,2023-Q3,2023-10-26,6504891.0,1858540.0,929270.0,4454239.0,1713169.0,685268.0,1561174.0,1644642.0,-83468.0,Paid
VAT-23FF67B7,GR0000000353,2023-Q4,2024-01-12,6681495.0,1908998.0,954499.0,4373481.0,1682108.0,672843.0,1603559.0,1614824.0,-11265.0,Paid
VAT-BEC98AD9,GR0000000353,2024-Q1,2024-04-10,6287793.0,1796512.0,898256.0,4554911.0,1751889.0,700756.0,1509070.0,1681813.0,-172743.0,Paid
VAT-13629C1D,GR0000000353,2024-Q2,2024-07-24,9546727.0,2727636.0,1363818.0,6685900.0,2571500.0,1028600.0,2291215.0,2468640.0,-177425.0,Paid
VAT-6A1A98C4,GR0000000353,2024-Q3,2024-10-19,8799669.0,2514191.0,1257096.0,6418856.0,2468791.0,987516.0,2111921.0,2370039.0,-258119.0,Paid
VAT-425E34EC,GR0000000353,2024-Q4,2025-01-23,8350429.0,2385837.0,1192918.0,5864841.0,2255708.0,902283.0,2004103.0,2165480.0,-161377.0,Paid
VAT-35E9E701,GR0000000354,2022-Q1,2022-04-19,1222975.0,470375.0,188150.0,837776.0,322221.0,128889.0,293514.0,309333.0,-15819.0,Paid
VAT-04060273,GR0000000354,2022-Q2,2022-07-22,2007341.0,772054.0,308822.0,1342952.0,516520.0,206608.0,481762.0,495859.0,-14097.0,Paid
VAT-8D4065D3,GR0000000354,2022-Q3,2022-10-11,1940089.0,746188.0,298475.0,1205319.0,463584.0,185434.0,465621.0,445041.0,20580.0,Paid
VAT-F1D9715D,GR0000000354,2022-Q4,2023-01-20,1243416.0,478237.0,191295.0,816367.0,313987.0,125595.0,298420.0,301428.0,-3008.0,Paid
VAT-B0F961D0,GR0000000354,2023-Q1,2023-04-21,1888838.0,726476.0,290590.0,1194154.0,459290.0,183716.0,453321.0,440918.0,12403.0,Paid
VAT-91C94D9C,GR0000000354,2023-Q2,2023-07-14,2531193.0,973536.0,389414.0,1755324.0,675125.0,270050.0,607486.0,648120.0,-40633.0,Paid
VAT-701252A8,GR0000000354,2023-Q3,2023-10-12,2399494.0,922882.0,369153.0,1529932.0,588436.0,235374.0,575879.0,564898.0,10980.0,Paid
VAT-FAF16956,GR0000000354,2023-Q4,2024-01-21,1891645.0,727556.0,291022.0,1183846.0,455325.0,182130.0,453995.0,437112.0,16883.0,Paid
VAT-611DC4BB,GR0000000354,2024-Q1,2024-04-15,1130427.0,434780.0,173912.0,751927.0,289203.0,115681.0,271302.0,277634.0,-6332.0,Paid
VAT-D40975CC,GR0000000354,2024-Q2,2024-07-25,1602855.0,616483.0,246593.0,983618.0,378315.0,151326.0,384685.0,363182.0,21503.0,Paid
VAT-23EDFD25,GR0000000354,2024-Q3,2024-10-26,1630130.0,626973.0,250789.0,1071849.0,412249.0,164900.0,391231.0,395759.0,-4528.0,Paid
VAT-0C2D55DD,GR0000000354,2024-Q4,2025-01-18,985513.0,379043.0,151617.0,659184.0,253532.0,101413.0,236523.0,243391.0,-6868.0,Paid
VAT-7C1BCBFA,GR0000000355,2022-Q1,2022-04-20,611855.0,535373.0,382409.0,598175.0,230067.0,92027.0,146845.0,220865.0,-74020.0,Paid
VAT-8379CE1E,GR0000000355,2022-Q2,2022-07-17,836734.0,732142.0,522959.0,766636.0,294860.0,117944.0,200816.0,283065.0,-82249.0,Paid
VAT-ACA39E09,GR0000000355,2022-Q3,2022-10-17,796900.0,697287.0,498062.0,776284.0,298571.0,119428.0,191256.0,286628.0,-95372.0,Paid
VAT-0A434AFA,GR0000000355,2022-Q4,2023-01-24,1072987.0,938864.0,670617.0,1064409.0,409388.0,163755.0,257517.0,393013.0,-135496.0,Paid
VAT-59016D3B,GR0000000355,2023-Q1,2023-04-15,618084.0,540824.0,386303.0,634760.0,244139.0,97655.0,148340.0,234373.0,-86033.0,Paid
VAT-6F146858,GR0000000355,2023-Q2,2023-07-24,828597.0,725022.0,517873.0,784757.0,301830.0,120732.0,198863.0,289756.0,-90893.0,Paid
VAT-91AAA9AB,GR0000000355,2023-Q3,2023-10-18,693246.0,606590.0,433279.0,697324.0,268201.0,107281.0,166379.0,257473.0,-91094.0,Paid
VAT-73ED792B,GR0000000355,2023-Q4,2024-01-22,954320.0,835030.0,596450.0,991981.0,381531.0,152612.0,229037.0,366270.0,-137233.0,Paid
VAT-AB8E7FBE,GR0000000355,2024-Q1,2024-04-23,508379.0,444832.0,317737.0,471030.0,181165.0,72466.0,122011.0,173919.0,-51908.0,Paid
VAT-30DABB8E,GR0000000355,2024-Q2,2024-07-19,756558.0,661988.0,472848.0,691457.0,265945.0,106378.0,181574.0,255307.0,-73733.0,Paid
VAT-6ED8BBF4,GR0000000355,2024-Q3,2024-10-26,672567.0,588496.0,420354.0,679428.0,261318.0,104527.0,161416.0,250866.0,-89450.0,Paid
VAT-A3522C64,GR0000000355,2024-Q4,2025-01-14,848038.0,742033.0,530024.0,866608.0,333311.0,133324.0,203529.0,319978.0,-116449.0,Paid
VAT-44B91EA5,GR0000000356,2022-Q1,2022-04-12,3718.0,1859.0,620.0,2414.0,928.0,371.0,892.0,891.0,1.0,Paid
VAT-81F3A61C,GR0000000356,2022-Q2,2022-07-22,9585.0,4793.0,1598.0,6141.0,2362.0,945.0,2300.0,2267.0,33.0,Paid
VAT-41C41BDF,GR0000000356,2022-Q3,2022-10-12,12621.0,6311.0,2104.0,7475.0,2875.0,1150.0,3029.0,2760.0,269.0,Paid
VAT-0B36F2E6,GR0000000356,2022-Q4,2023-01-24,7149.0,3575.0,1192.0,4193.0,1613.0,645.0,1716.0,1548.0,168.0,Paid
VAT-5AD921A0,GR0000000356,2023-Q1,2023-04-10,4849.0,2424.0,808.0,2641.0,1016.0,406.0,1164.0,975.0,188.0,Paid
VAT-F9C77619,GR0000000356,2023-Q2,2023-07-26,12682.0,6341.0,2114.0,7155.0,2752.0,1101.0,3044.0,2642.0,402.0,Paid
VAT-6EC3D2B8,GR0000000356,2023-Q3,2023-10-19,18270.0,9135.0,3045.0,10645.0,4094.0,1638.0,4385.0,3931.0,454.0,Paid
VAT-162D0DEF,GR0000000356,2023-Q4,2024-01-16,10124.0,5062.0,1687.0,5670.0,2181.0,872.0,2430.0,2093.0,336.0,Paid
VAT-9620FDED,GR0000000356,2024-Q1,2024-04-10,4778.0,2389.0,796.0,2997.0,1153.0,461.0,1147.0,1107.0,40.0,Paid
VAT-8EC498F1,GR0000000356,2024-Q2,2024-07-25,15306.0,7653.0,2551.0,8510.0,3273.0,1309.0,3673.0,3142.0,531.0,Paid
VAT-68E7022C,GR0000000356,2024-Q3,2024-10-26,18239.0,9119.0,3040.0,11214.0,4313.0,1725.0,4377.0,4140.0,237.0,Paid
VAT-0BEA89C5,GR0000000356,2024-Q4,2025-01-11,10590.0,5295.0,1765.0,6633.0,2551.0,1020.0,2542.0,2449.0,93.0,Paid
VAT-579AA804,GR0000000357,2023-Q1,2023-05-07,247433.0,101240.0,20611.0,119683.0,45604.0,18287.0,59384.0,45800.0,13584.0,Partial
VAT-0EAB8777,GR0000000357,2023-Q2,2023-08-10,304446.0,110311.0,22196.0,140911.0,52491.0,20732.0,73067.0,54440.0,18627.0,Paid
VAT-052CF4BB,GR0000000357,2023-Q3,2023-10-30,271116.0,101947.0,21061.0,122532.0,47474.0,18373.0,65068.0,47150.0,17918.0,Paid
VAT-9FB51A9C,GR0000000357,2023-Q4,2024-01-25,351323.0,131677.0,28278.0,146469.0,54975.0,21191.0,84318.0,57235.0,27082.0,Paid
VAT-EC43BFB4,GR0000000357,2024-Q1,2024-04-22,95527.0,37197.0,7765.0,49119.0,18057.0,6940.0,22927.0,19093.0,3834.0,Paid
VAT-5CCEE87B,GR0000000357,2024-Q2,2024-07-22,85200.0,34157.0,6854.0,43076.0,16311.0,6399.0,20448.0,16954.0,3494.0,Paid
VAT-47F02EE2,GR0000000357,2024-Q3,2024-10-29,90372.0,34453.0,7029.0,45330.0,16545.0,6435.0,21689.0,17472.0,4217.0,Partial
VAT-3F6A9368,GR0000000357,2024-Q4,2025-02-03,106215.0,40879.0,8039.0,43312.0,16338.0,6392.0,25492.0,16371.0,9120.0,Paid
VAT-422C79FD,GR0000000358,2024-Q1,2024-04-17,856864.0,749756.0,535540.0,915580.0,352146.0,140858.0,205647.0,338060.0,-132413.0,Paid
VAT-B4B28AE8,GR0000000358,2024-Q2,2024-07-15,1003675.0,878215.0,627297.0,1043955.0,401521.0,160608.0,240882.0,385460.0,-144578.0,Paid
VAT-5D180026,GR0000000358,2024-Q3,2024-10-12,1147142.0,1003750.0,716964.0,1257823.0,483778.0,193511.0,275314.0,464427.0,-189113.0,Paid
VAT-DFC95C30,GR0000000358,2024-Q4,2025-01-18,1367787.0,1196814.0,854867.0,1420591.0,546381.0,218552.0,328269.0,524526.0,-196257.0,Paid
VAT-4008F0C1,GR0000000359,2022-Q1,2022-04-17,95146.0,83253.0,59466.0,93809.0,36080.0,14432.0,22835.0,34637.0,-11802.0,Paid
VAT-B1A10943,GR0000000359,2022-Q2,2022-07-14,109232.0,95578.0,68270.0,101048.0,38865.0,15546.0,26216.0,37310.0,-11094.0,Paid
VAT-D0617B79,GR0000000359,2022-Q3,2022-10-19,111582.0,97634.0,69739.0,117334.0,45128.0,18051.0,26780.0,43323.0,-16544.0,Paid
VAT-D7236089,GR0000000359,2022-Q4,2023-01-12,134318.0,117528.0,83949.0,123412.0,47466.0,18986.0,32236.0,45567.0,-13331.0,Paid
VAT-F4B08116,GR0000000359,2023-Q1,2023-04-21,56833.0,49729.0,35520.0,54647.0,21018.0,8407.0,13640.0,20177.0,-6538.0,Paid
VAT-D37E87C2,GR0000000359,2023-Q2,2023-07-14,67040.0,58660.0,41900.0,64283.0,24724.0,9890.0,16090.0,23735.0,-7646.0,Paid
VAT-97DC907D,GR0000000359,2023-Q3,2023-10-26,77491.0,67805.0,48432.0,70504.0,27117.0,10847.0,18598.0,26032.0,-7434.0,Paid
VAT-F5F08CE7,GR0000000359,2023-Q4,2024-01-16,79404.0,69478.0,49627.0,75565.0,29063.0,11625.0,19057.0,27901.0,-8844.0,Paid
VAT-2B949A3E,GR0000000359,2024-Q1,2024-04-15,63421.0,55493.0,39638.0,61828.0,23780.0,9512.0,15221.0,22829.0,-7608.0,Paid
VAT-34999942,GR0000000359,2024-Q2,2024-07-14,81431.0,71252.0,50894.0,77046.0,29633.0,11853.0,19543.0,28448.0,-8904.0,Paid
VAT-0A6259FA,GR0000000359,2024-Q3,2024-10-15,82368.0,72072.0,51480.0,85508.0,32888.0,13155.0,19768.0,31572.0,-11804.0,Paid
VAT-176CDF9D,GR0000000359,2024-Q4,2025-01-15,107617.0,94165.0,67261.0,97929.0,37665.0,15066.0,25828.0,36159.0,-10330.0,Paid
VAT-848181A2,GR0000000360,2022-Q1,2022-04-24,43967.0,38471.0,27479.0,45628.0,17549.0,7020.0,10552.0,16847.0,-6295.0,Paid
VAT-BF17AD25,GR0000000360,2022-Q2,2022-07-12,47807.0,41831.0,29879.0,49234.0,18936.0,7574.0,11474.0,18179.0,-6705.0,Paid
VAT-E736D6D6,GR0000000360,2022-Q3,2022-10-13,49578.0,43381.0,30986.0,54851.0,21097.0,8439.0,11899.0,20253.0,-8354.0,Paid
VAT-A4F86FCB,GR0000000360,2022-Q4,2023-01-22,54363.0,47568.0,33977.0,55576.0,21376.0,8550.0,13047.0,20520.0,-7473.0,Paid
VAT-E35E8EC5,GR0000000360,2023-Q1,2023-04-22,39540.0,34598.0,24713.0,39541.0,15208.0,6083.0,9490.0,14600.0,-5110.0,Paid
VAT-DE843F12,GR0000000360,2023-Q2,2023-07-18,49575.0,43378.0,30985.0,55277.0,21260.0,8504.0,11898.0,20410.0,-8512.0,Paid
VAT-FCAD796B,GR0000000360,2023-Q3,2023-10-18,52951.0,46333.0,33095.0,52219.0,20084.0,8034.0,12708.0,19281.0,-6572.0,Paid
VAT-2704F174,GR0000000360,2023-Q4,2024-01-11,61886.0,54150.0,38679.0,69721.0,26816.0,10726.0,14853.0,25743.0,-10890.0,Paid
VAT-D93124A5,GR0000000360,2024-Q1,2024-04-12,51407.0,44981.0,32129.0,57742.0,22208.0,8883.0,12338.0,21320.0,-8982.0,Paid
VAT-A70B66CD,GR0000000360,2024-Q2,2024-07-13,75623.0,66170.0,47265.0,73942.0,28439.0,11376.0,18150.0,27301.0,-9152.0,Paid
VAT-65D7E8F1,GR0000000360,2024-Q3,2024-10-19,76073.0,66564.0,47546.0,84512.0,32504.0,13002.0,18257.0,31204.0,-12947.0,Paid
VAT-B2AF2C65,GR0000000360,2024-Q4,2025-01-11,80476.0,70417.0,50298.0,89806.0,34541.0,13816.0,19314.0,33159.0,-13845.0,Paid
VAT-91C453B0,GR0000000361,2024-Q1,2024-04-24,2920456.0,1123252.0,449301.0,2155851.0,829173.0,331669.0,700909.0,796006.0,-95097.0,Paid
VAT-B5A0E3C2,GR0000000361,2024-Q2,2024-07-17,4148211.0,1595466.0,638186.0,3032297.0,1166268.0,466507.0,995571.0,1119617.0,-124047.0,Paid
VAT-F84A4F12,GR0000000361,2024-Q3,2024-10-18,4571770.0,1758373.0,703349.0,3042003.0,1170001.0,468000.0,1097225.0,1123201.0,-25976.0,Paid
VAT-96C073FC,GR0000000361,2024-Q4,2025-01-20,2740667.0,1054103.0,421641.0,1921946.0,739210.0,295684.0,657760.0,709642.0,-51882.0,Paid
VAT-C26887AF,GR0000000362,2022-Q1,2022-04-24,76564.0,29448.0,11779.0,57733.0,22205.0,8882.0,18375.0,21317.0,-2942.0,Paid
VAT-CB0DC8EB,GR0000000362,2022-Q2,2022-07-19,109284.0,42032.0,16813.0,76831.0,29550.0,11820.0,26228.0,28368.0,-2140.0,Paid
VAT-11CEE754,GR0000000362,2022-Q3,2022-10-18,123874.0,47644.0,19058.0,95962.0,36908.0,14763.0,29730.0,35432.0,-5702.0,Paid
VAT-544FEA37,GR0000000362,2022-Q4,2023-01-20,75341.0,28977.0,11591.0,54766.0,21064.0,8426.0,18082.0,20221.0,-2140.0,Paid
VAT-DDE65158,GR0000000362,2023-Q1,2023-04-10,116496.0,44806.0,17923.0,88495.0,34037.0,13615.0,27959.0,32675.0,-4716.0,Paid
VAT-BE1B0D23,GR0000000362,2023-Q2,2023-07-11,174934.0,67282.0,26913.0,124814.0,48005.0,19202.0,41984.0,46085.0,-4101.0,Paid
VAT-FA8E609D,GR0000000362,2023-Q3,2023-10-18,169751.0,65289.0,26115.0,124540.0,47900.0,19160.0,40740.0,45984.0,-5244.0,Paid
VAT-7A55D577,GR0000000362,2023-Q4,2024-01-22,104747.0,40287.0,16115.0,79139.0,30438.0,12175.0,25139.0,29221.0,-4081.0,Paid
VAT-71F9F7FC,GR0000000362,2024-Q1,2024-04-16,101912.0,39197.0,15679.0,74577.0,28683.0,11473.0,24459.0,27536.0,-3077.0,Paid
VAT-32C0C663,GR0000000362,2024-Q2,2024-07-25,161260.0,62023.0,24809.0,120365.0,46294.0,18518.0,38702.0,44443.0,-5740.0,Paid
VAT-E4DB977C,GR0000000362,2024-Q3,2024-10-15,169446.0,65171.0,26069.0,131380.0,50531.0,20212.0,40667.0,48509.0,-7843.0,Paid
VAT-874820CA,GR0000000362,2024-Q4,2025-01-14,111134.0,42744.0,17098.0,86149.0,33134.0,13254.0,26672.0,31809.0,-5137.0,Paid
VAT-3F3E83FD,GR0000000363,2022-Q1,2022-04-26,8615094.0,1092850.0,573108.0,3673785.0,1374854.0,539703.0,2067623.0,1420633.0,646989.0,Paid
VAT-81AC3593,GR0000000363,2022-Q2,2022-08-10,9306009.0,1199021.0,608449.0,4239950.0,1585566.0,608997.0,2233442.0,1608623.0,624819.0,Paid
VAT-46DF8F52,GR0000000363,2022-Q3,2022-10-17,9658879.0,1195273.0,625796.0,3922729.0,1489173.0,572440.0,2318131.0,1495656.0,822475.0,Paid
VAT-454C93FC,GR0000000363,2022-Q4,2023-02-09,7912447.0,985673.0,518295.0,3288975.0,1256701.0,496740.0,1898987.0,1272223.0,626764.0,Paid
VAT-3CD14513,GR0000000363,2023-Q1,2023-05-03,10233952.0,1220757.0,628673.0,4559832.0,1731235.0,662493.0,2456148.0,1753990.0,702159.0,Paid
VAT-11B15ED3,GR0000000363,2023-Q2,2023-08-04,10695489.0,1265328.0,665756.0,4066047.0,1510089.0,582578.0,2566917.0,1553473.0,1013444.0,Unpaid
VAT-56D93961,GR0000000363,2023-Q3,2023-10-19,8867068.0,1080330.0,582135.0,3743497.0,1348546.0,539835.0,2128096.0,1454022.0,674075.0,Partial
VAT-04F60CF0,GR0000000363,2023-Q4,2024-01-31,10424728.0,1241085.0,645386.0,4537632.0,1698878.0,674041.0,2501935.0,1738292.0,763643.0,Unpaid
VAT-B67C9C06,GR0000000363,2024-Q1,2024-04-17,5534851.0,717694.0,376721.0,2121366.0,811043.0,320383.0,1328364.0,822495.0,505869.0,Paid
VAT-C1A134C7,GR0000000363,2024-Q2,2024-07-23,6255018.0,746509.0,388494.0,2249175.0,882878.0,339664.0,1501204.0,877623.0,623581.0,Partial
VAT-98E7F759,GR0000000363,2024-Q3,2024-10-17,5618305.0,685462.0,355701.0,2412926.0,917183.0,355694.0,1348393.0,935220.0,413173.0,Paid
VAT-B71ECA85,GR0000000363,2024-Q4,2025-01-19,5986775.0,778345.0,397133.0,2321211.0,862778.0,336331.0,1436826.0,891765.0,545061.0,Partial
VAT-F6532E2C,GR0000000364,2022-Q1,2022-04-30,93622.0,28717.0,14789.0,77906.0,28601.0,11185.0,22469.0,29932.0,-7463.0,Paid
VAT-175B357D,GR0000000364,2022-Q2,2022-07-28,139015.0,40783.0,22345.0,111965.0,41138.0,16377.0,33364.0,43500.0,-10137.0,Paid
VAT-71AA063B,GR0000000364,2022-Q3,2022-10-28,119122.0,38028.0,19364.0,91706.0,34857.0,13425.0,28589.0,35882.0,-7293.0,Paid
VAT-17FC0FAB,GR0000000364,2022-Q4,2023-02-09,122844.0,35444.0,19101.0,100440.0,36770.0,14640.0,29483.0,39165.0,-9683.0,Paid
VAT-4E5E4D84,GR0000000364,2023-Q1,2023-05-02,81524.0,26086.0,12976.0,65079.0,24301.0,9568.0,19566.0,25484.0,-5918.0,Paid
VAT-91F040F9,GR0000000364,2023-Q2,2023-07-21,126879.0,35542.0,19216.0,96030.0,36052.0,14269.0,30451.0,37593.0,-7142.0,Paid
VAT-24AE4228,GR0000000364,2023-Q3,2023-10-24,103964.0,31047.0,16075.0,83073.0,31679.0,12199.0,24951.0,32363.0,-7411.0,Paid
VAT-7A190459,GR0000000364,2023-Q4,2024-01-24,101713.0,29102.0,15022.0,84068.0,31747.0,12376.0,24411.0,33184.0,-8773.0,Paid
VAT-299676EA,GR0000000364,2024-Q1,2024-04-13,109000.0,31658.0,16307.0,85625.0,32791.0,12830.0,26160.0,32955.0,-6795.0,Paid
VAT-5B5D2A3A,GR0000000364,2024-Q2,2024-07-27,161013.0,47112.0,24185.0,136659.0,49904.0,19499.0,38643.0,53099.0,-14456.0,Paid
VAT-B7945C55,GR0000000364,2024-Q3,2024-11-04,133791.0,38888.0,20429.0,107490.0,41659.0,16067.0,32110.0,41423.0,-9313.0,Paid
VAT-015D8779,GR0000000364,2024-Q4,2025-01-25,135431.0,40044.0,20612.0,112483.0,42973.0,16611.0,32503.0,43526.0,-11022.0,Paid
VAT-2316C1F4,GR0000000365,2022-Q1,2022-04-20,44248.0,38717.0,27655.0,47466.0,18256.0,7303.0,10620.0,17526.0,-6906.0,Paid
VAT-A95E77D3,GR0000000365,2022-Q2,2022-07-22,62030.0,54276.0,38769.0,67157.0,25830.0,10332.0,14887.0,24797.0,-9909.0,Paid
VAT-ABC0BC22,GR0000000365,2022-Q3,2022-10-19,55435.0,48506.0,34647.0,54990.0,21150.0,8460.0,13304.0,20304.0,-7000.0,Paid
VAT-AAD26E61,GR0000000365,2022-Q4,2023-01-14,71175.0,62279.0,44485.0,80520.0,30969.0,12388.0,17082.0,29730.0,-12648.0,Paid
VAT-9907375D,GR0000000365,2023-Q1,2023-04-23,37086.0,32451.0,23179.0,38157.0,14676.0,5870.0,8901.0,14089.0,-5188.0,Paid
VAT-732F943B,GR0000000365,2023-Q2,2023-07-15,41386.0,36213.0,25866.0,46550.0,17904.0,7162.0,9933.0,17188.0,-7255.0,Paid
VAT-B9A9A162,GR0000000365,2023-Q3,2023-10-17,39886.0,34900.0,24929.0,43054.0,16559.0,6624.0,9573.0,15897.0,-6324.0,Paid
VAT-FA1A7789,GR0000000365,2023-Q4,2024-01-19,53424.0,46746.0,33390.0,54056.0,20791.0,8316.0,12822.0,19959.0,-7137.0,Paid
VAT-9B41638A,GR0000000365,2024-Q1,2024-04-14,16550.0,14481.0,10344.0,17822.0,6855.0,2742.0,3972.0,6580.0,-2608.0,Paid
VAT-BF15C52C,GR0000000365,2024-Q2,2024-07-18,21014.0,18387.0,13134.0,22324.0,8586.0,3435.0,5043.0,8243.0,-3199.0,Paid
VAT-B75EC761,GR0000000365,2024-Q3,2024-10-13,23672.0,20713.0,14795.0,26147.0,10056.0,4023.0,5681.0,9654.0,-3973.0,Paid
VAT-B4CC11C8,GR0000000365,2024-Q4,2025-01-26,25201.0,22051.0,15751.0,28448.0,10942.0,4377.0,6048.0,10504.0,-4456.0,Paid
VAT-A891BF7D,GR0000000366,2022-Q1,2022-04-17,515992.0,214996.0,128998.0,413026.0,158856.0,63542.0,123838.0,152502.0,-28664.0,Paid
VAT-C564A3C9,GR0000000366,2022-Q2,2022-07-23,572211.0,238421.0,143053.0,455336.0,175129.0,70052.0,137331.0,168124.0,-30794.0,Paid
VAT-E7C1D525,GR0000000366,2022-Q3,2022-10-15,631200.0,263000.0,157800.0,515911.0,198427.0,79371.0,151488.0,190490.0,-39002.0,Paid
VAT-15FD782A,GR0000000366,2022-Q4,2023-01-24,764857.0,318690.0,191214.0,656378.0,252453.0,100981.0,183566.0,242355.0,-58789.0,Paid
VAT-C2DE674B,GR0000000366,2023-Q1,2023-04-12,203378.0,84741.0,50845.0,155631.0,59858.0,23943.0,48811.0,57464.0,-8653.0,Paid
VAT-331A6139,GR0000000366,2023-Q2,2023-07-26,267154.0,111314.0,66788.0,212335.0,81667.0,32667.0,64117.0,78401.0,-14284.0,Paid
VAT-C80D27F2,GR0000000366,2023-Q3,2023-10-21,276463.0,115193.0,69116.0,236534.0,90974.0,36390.0,66351.0,87335.0,-20984.0,Paid
VAT-D38295A2,GR0000000366,2023-Q4,2024-01-24,312573.0,130239.0,78143.0,254427.0,97857.0,39143.0,75018.0,93942.0,-18925.0,Paid
VAT-75B8F7EC,GR0000000366,2024-Q1,2024-04-16,290779.0,121158.0,72695.0,248582.0,95609.0,38243.0,69787.0,91784.0,-21997.0,Paid
VAT-6E161C98,GR0000000366,2024-Q2,2024-07-23,400699.0,166958.0,100175.0,313757.0,120676.0,48270.0,96168.0,115849.0,-19681.0,Paid
VAT-21E79F20,GR0000000366,2024-Q3,2024-10-17,361714.0,150714.0,90429.0,307129.0,118126.0,47251.0,86811.0,113401.0,-26590.0,Paid
VAT-1661EEB1,GR0000000366,2024-Q4,2025-01-11,506433.0,211014.0,126608.0,405256.0,155868.0,62347.0,121544.0,149633.0,-28089.0,Paid
VAT-BF4E1658,GR0000000367,2022-Q1,2022-04-10,151110.0,28333.0,9444.0,95900.0,36884.0,14754.0,36267.0,35409.0,857.0,Paid
VAT-921EE0E4,GR0000000367,2022-Q2,2022-07-22,145948.0,27365.0,9122.0,90022.0,34624.0,13850.0,35027.0,33239.0,1789.0,Paid
VAT-3DD2F9E7,GR0000000367,2022-Q3,2022-10-22,133328.0,24999.0,8333.0,81637.0,31399.0,12560.0,31999.0,30143.0,1856.0,Paid
VAT-BD75BEC6,GR0000000367,2022-Q4,2023-01-19,283889.0,53229.0,17743.0,183861.0,70716.0,28286.0,68133.0,67887.0,246.0,Paid
VAT-42C39AAA,GR0000000367,2023-Q1,2023-04-25,108758.0,20392.0,6797.0,66938.0,25745.0,10298.0,26102.0,24716.0,1386.0,Paid
VAT-7F4C0CB7,GR0000000367,2023-Q2,2023-07-14,111709.0,20945.0,6982.0,69952.0,26905.0,10762.0,26810.0,25828.0,982.0,Paid
VAT-26EDB100,GR0000000367,2023-Q3,2023-10-20,131166.0,24594.0,8198.0,79030.0,30396.0,12158.0,31480.0,29180.0,2300.0,Paid
VAT-2E992362,GR0000000367,2023-Q4,2024-01-23,246609.0,46239.0,15413.0,152277.0,58568.0,23427.0,59186.0,56225.0,2961.0,Paid
VAT-90CD69C5,GR0000000367,2024-Q1,2024-04-15,128684.0,24128.0,8043.0,80995.0,31152.0,12461.0,30884.0,29906.0,978.0,Paid
VAT-5DC4510D,GR0000000367,2024-Q2,2024-07-18,129208.0,24226.0,8075.0,75312.0,28966.0,11587.0,31010.0,27808.0,3202.0,Partial
VAT-FBFC7829,GR0000000367,2024-Q3,2024-10-25,119847.0,22471.0,7490.0,69472.0,26720.0,10688.0,28763.0,25651.0,3112.0,Paid
VAT-867265A5,GR0000000367,2024-Q4,2025-01-22,242920.0,45547.0,15182.0,140798.0,54153.0,21661.0,58301.0,51987.0,6314.0,Paid
VAT-F4E3B96E,GR0000000368,2022-Q1,2022-04-23,7079711.0,3898936.0,2032048.0,5503280.0,2079548.0,803276.0,1699131.0,2135156.0,-436025.0,Paid
VAT-630B4C7B,GR0000000368,2022-Q2,2022-08-02,8108549.0,4764117.0,2414503.0,6229741.0,2324751.0,911288.0,1946052.0,2358593.0,-412541.0,Paid
VAT-C38D87B2,GR0000000368,2022-Q3,2022-10-27,8473194.0,4807031.0,2401234.0,6260188.0,2408153.0,928959.0,2033567.0,2378504.0,-344938.0,Paid
VAT-E7849FDD,GR0000000368,2022-Q4,2023-02-03,7880172.0,4750437.0,2477470.0,6341616.0,2341658.0,920528.0,1891241.0,2447092.0,-555850.0,Paid
VAT-CF90B270,GR0000000368,2023-Q1,2023-05-06,2635180.0,1423673.0,786215.0,1922956.0,705412.0,272510.0,632443.0,717183.0,-84740.0,Paid
VAT-5BF9BA43,GR0000000368,2023-Q2,2023-07-26,3285081.0,1781103.0,968444.0,2597331.0,947723.0,370834.0,788420.0,980029.0,-191609.0,Paid
VAT-6380763A,GR0000000368,2023-Q3,2023-10-20,2865028.0,1635759.0,834501.0,2092079.0,780713.0,298300.0,687607.0,819099.0,-131492.0,Paid
VAT-D0ABF04C,GR0000000368,2023-Q4,2024-01-21,3145881.0,1724768.0,925966.0,2221477.0,839350.0,332926.0,755011.0,870769.0,-115758.0,Paid
VAT-941F6B48,GR0000000368,2024-Q1,2024-04-27,3245259.0,1884431.0,989834.0,2609006.0,981147.0,381218.0,778862.0,1006901.0,-228039.0,Paid
VAT-18B271CC,GR0000000368,2024-Q2,2024-07-25,4246550.0,2504997.0,1223130.0,3046761.0,1145694.0,453063.0,1019172.0,1151991.0,-132819.0,Paid
VAT-FE00B54A,GR0000000368,2024-Q3,2024-10-18,3732786.0,2281292.0,1152809.0,2875106.0,1072623.0,416574.0,895869.0,1111072.0,-215203.0,Paid
VAT-20AA905F,GR0000000368,2024-Q4,2025-01-24,4553998.0,2633827.0,1339857.0,3815304.0,1419052.0,547886.0,1092959.0,1489302.0,-396342.0,Paid
VAT-B71CC05D,GR0000000369,2022-Q1,2022-04-19,1236252.0,231797.0,77266.0,704347.0,270903.0,108361.0,296700.0,260067.0,36634.0,Paid
VAT-08E932AB,GR0000000369,2022-Q2,2022-07-21,1153575.0,216295.0,72098.0,674395.0,259383.0,103753.0,276858.0,249007.0,27851.0,Paid
VAT-3792ACB8,GR0000000369,2022-Q3,2022-10-13,1127765.0,211456.0,70485.0,721527.0,277511.0,111004.0,270664.0,266410.0,4254.0,Partial
VAT-8E7B21C3,GR0000000369,2022-Q4,2023-01-16,2465516.0,462284.0,154095.0,1584547.0,609441.0,243776.0,591724.0,585063.0,6660.0,Paid
VAT-80A5A2D8,GR0000000369,2023-Q1,2023-04-22,1164664.0,218375.0,72792.0,689777.0,265299.0,106120.0,279519.0,254687.0,24833.0,Paid
VAT-363A789C,GR0000000369,2023-Q2,2023-07-14,1286405.0,241201.0,80400.0,774377.0,297837.0,119135.0,308737.0,285924.0,22813.0,Paid
VAT-891DA474,GR0000000369,2023-Q3,2023-10-16,1126479.0,211215.0,70405.0,647585.0,249071.0,99628.0,270355.0,239108.0,31247.0,Paid
VAT-E84F2182,GR0000000369,2023-Q4,2024-01-22,2529355.0,474254.0,158085.0,1442494.0,554806.0,221922.0,607045.0,532613.0,74432.0,Partial
VAT-6512D038,GR0000000369,2024-Q1,2024-04-21,844002.0,158250.0,52750.0,488853.0,188020.0,75208.0,202560.0,180500.0,22061.0,Paid
VAT-303D31C2,GR0000000369,2024-Q2,2024-07-18,928550.0,174103.0,58034.0,530931.0,204204.0,81682.0,222852.0,196036.0,26816.0,Partial
VAT-EBEE358D,GR0000000369,2024-Q3,2024-10-19,810256.0,151923.0,50641.0,518046.0,199249.0,79699.0,194461.0,191279.0,3183.0,Paid
VAT-B02F4087,GR0000000369,2024-Q4,2025-01-21,1804534.0,338350.0,112783.0,1123806.0,432233.0,172893.0,433088.0,414944.0,18144.0,Paid
VAT-92FD51D1,GR0000000370,2022-Q1,2022-04-24,185578.0,101224.0,50612.0,161207.0,62003.0,24801.0,44539.0,59523.0,-14984.0,Paid
VAT-51493416,GR0000000370,2022-Q2,2022-07-23,222870.0,121565.0,60783.0,191174.0,73528.0,29411.0,53489.0,70587.0,-17099.0,Paid
VAT-607858FE,GR0000000370,2022-Q3,2022-10-18,198685.0,108373.0,54187.0,165169.0,63527.0,25411.0,47684.0,60986.0,-13301.0,Paid
VAT-8687BA52,GR0000000370,2022-Q4,2023-01-20,250013.0,136371.0,68185.0,198663.0,76409.0,30564.0,60003.0,73353.0,-13349.0,Paid
VAT-A27DAE6C,GR0000000370,2023-Q1,2023-04-13,99208.0,54114.0,27057.0,87411.0,33620.0,13448.0,23810.0,32275.0,-8465.0,Paid
VAT-7EA94446,GR0000000370,2023-Q2,2023-07-23,115844.0,63187.0,31594.0,99895.0,38421.0,15368.0,27802.0,36884.0,-9082.0,Paid
VAT-6E6415B8,GR0000000370,2023-Q3,2023-10-21,114532.0,62472.0,31236.0,91274.0,35106.0,14042.0,27488.0,33701.0,-6214.0,Paid
VAT-A238607D,GR0000000370,2023-Q4,2024-01-18,128475.0,70077.0,35039.0,103786.0,39918.0,15967.0,30834.0,38321.0,-7487.0,Paid
VAT-5CCF2ECC,GR0000000370,2024-Q1,2024-04-20,146187.0,79738.0,39869.0,120947.0,46518.0,18607.0,35085.0,44657.0,-9572.0,Paid
VAT-E7675B31,GR0000000370,2024-Q2,2024-07-17,160522.0,87558.0,43779.0,137966.0,53064.0,21225.0,38525.0,50941.0,-12416.0,Paid
VAT-3EF5C2FA,GR0000000370,2024-Q3,2024-10-17,149798.0,81708.0,40854.0,125861.0,48408.0,19363.0,35952.0,46472.0,-10520.0,Paid
VAT-2F6AA211,GR0000000370,2024-Q4,2025-01-13,163724.0,89304.0,44652.0,141115.0,54275.0,21710.0,39294.0,52104.0,-12810.0,Paid
VAT-6F991DDB,GR0000000371,2022-Q1,2022-05-04,5697316.0,2284682.0,1000930.0,4016975.0,1437637.0,572296.0,1367356.0,1535896.0,-168541.0,Paid
VAT-048FC522,GR0000000371,2022-Q2,2022-07-25,9724065.0,3920056.0,1596166.0,7398727.0,2775088.0,1071632.0,2333776.0,2892532.0,-558757.0,Paid
VAT-40FAF19C,GR0000000371,2022-Q3,2022-10-30,9255050.0,3858250.0,1564104.0,6475115.0,2500655.0,989018.0,2221212.0,2578143.0,-356931.0,Paid
VAT-DFDBCE17,GR0000000371,2022-Q4,2023-01-17,5881868.0,2344349.0,977642.0,4389612.0,1598110.0,626896.0,1411648.0,1702523.0,-290875.0,Paid
VAT-9309DCEB,GR0000000371,2023-Q1,2023-04-20,11184494.0,4350311.0,1835882.0,8197342.0,3041729.0,1181721.0,2684279.0,3183979.0,-499701.0,Paid
VAT-7B6090E7,GR0000000371,2023-Q2,2023-07-29,15765041.0,6419366.0,2790091.0,11647279.0,4252220.0,1689187.0,3783610.0,4379738.0,-596128.0,Paid
VAT-8A5A167D,GR0000000371,2023-Q3,2023-10-25,15390415.0,6042579.0,2455190.0,10531328.0,4047736.0,1593459.0,3693700.0,4060723.0,-367023.0,Paid
VAT-68FB80CD,GR0000000371,2023-Q4,2024-01-21,10519005.0,4200011.0,1768298.0,6830999.0,2676921.0,1036297.0,2524561.0,2674654.0,-150093.0,Paid
VAT-107C8001,GR0000000371,2024-Q1,2024-04-28,5177493.0,2073610.0,858813.0,3482458.0,1238710.0,492815.0,1242598.0,1337800.0,-95202.0,Paid
VAT-A4332049,GR0000000371,2024-Q2,2024-07-23,7833033.0,3409303.0,1376711.0,5697885.0,2146632.0,837338.0,1879928.0,2232636.0,-352708.0,Paid
VAT-11755022,GR0000000371,2024-Q3,2024-10-30,8015481.0,3232684.0,1317536.0,5822995.0,2292936.0,883747.0,1923715.0,2254430.0,-330714.0,Paid
VAT-DDD1EA7B,GR0000000371,2024-Q4,2025-01-26,5217013.0,2064933.0,891543.0,3674604.0,1341564.0,524093.0,1252083.0,1412264.0,-160181.0,Paid
VAT-3F653BDA,GR0000000372,2022-Q1,2022-04-19,250770.0,125385.0,41795.0,138492.0,53266.0,21306.0,60185.0,51135.0,9049.0,Paid
VAT-8677250E,GR0000000372,2022-Q2,2022-07-17,700532.0,350266.0,116755.0,342371.0,131681.0,52672.0,168128.0,126414.0,41714.0,Paid
VAT-BF01733C,GR0000000372,2022-Q3,2022-10-18,945801.0,472901.0,157634.0,512886.0,197264.0,78905.0,226992.0,189373.0,37619.0,Paid
VAT-5CECB837,GR0000000372,2022-Q4,2023-01-23,522230.0,261115.0,87038.0,264857.0,101868.0,40747.0,125335.0,97793.0,27542.0,Paid
VAT-1893C8BC,GR0000000372,2023-Q1,2023-04-12,330208.0,165104.0,55035.0,177128.0,68126.0,27250.0,79250.0,65401.0,13849.0,Paid
VAT-1D892C8A,GR0000000372,2023-Q2,2023-07-13,955393.0,477697.0,159232.0,536334.0,206282.0,82513.0,229294.0,198031.0,31263.0,Paid
VAT-FFB09FF4,GR0000000372,2023-Q3,2023-10-20,1236889.0,618445.0,206148.0,647020.0,248854.0,99541.0,296853.0,238900.0,57954.0,Paid
VAT-4E7AC3C8,GR0000000372,2023-Q4,2024-01-25,560016.0,280008.0,93336.0,279371.0,107450.0,42980.0,134404.0,103152.0,31252.0,Paid
VAT-18976DAC,GR0000000372,2024-Q1,2024-04-18,462562.0,231281.0,77094.0,253946.0,97672.0,39069.0,111015.0,93765.0,17250.0,Paid
VAT-658CB67C,GR0000000372,2024-Q2,2024-07-25,1570577.0,785289.0,261763.0,895209.0,344311.0,137724.0,376939.0,330539.0,46400.0,Paid
VAT-115FBD08,GR0000000372,2024-Q3,2024-10-19,2009294.0,1004647.0,334882.0,1029949.0,396134.0,158454.0,482231.0,380289.0,101942.0,Partial
VAT-5D167B25,GR0000000372,2024-Q4,2025-01-20,913987.0,456993.0,152331.0,492723.0,189509.0,75804.0,219357.0,181929.0,37428.0,Paid
VAT-69DFB803,GR0000000373,2022-Q1,2022-04-22,393192.0,73724.0,24575.0,216646.0,83325.0,33330.0,94366.0,79992.0,14374.0,Paid
VAT-EFE2C67A,GR0000000373,2022-Q2,2022-07-18,298716.0,56009.0,18670.0,159910.0,61504.0,24602.0,71692.0,59044.0,12648.0,Paid
VAT-6C2A74DA,GR0000000373,2022-Q3,2022-10-24,272552.0,51104.0,17035.0,163096.0,62729.0,25092.0,65413.0,60220.0,5192.0,Paid
VAT-07E61AAD,GR0000000373,2022-Q4,2023-01-20,382312.0,71683.0,23894.0,203079.0,78107.0,31243.0,91755.0,74983.0,16772.0,Partial
VAT-E9C6E9C0,GR0000000373,2023-Q1,2023-04-23,276871.0,51913.0,17304.0,163581.0,62916.0,25166.0,66449.0,60399.0,6050.0,Paid
VAT-D59CA629,GR0000000373,2023-Q2,2023-07-17,184658.0,34623.0,11541.0,107367.0,41295.0,16518.0,44318.0,39643.0,4675.0,Paid
VAT-048A6739,GR0000000373,2023-Q3,2023-10-25,197099.0,36956.0,12319.0,106503.0,40963.0,16385.0,47304.0,39324.0,7979.0,Paid
VAT-0E680B2F,GR0000000373,2023-Q4,2024-01-13,280281.0,52553.0,17518.0,167453.0,64405.0,25762.0,67267.0,61829.0,5438.0,Paid
VAT-607EB039,GR0000000373,2024-Q1,2024-04-24,168768.0,31644.0,10548.0,92510.0,35581.0,14232.0,40504.0,34157.0,6347.0,Paid
VAT-59F4A737,GR0000000373,2024-Q2,2024-07-20,136391.0,25573.0,8524.0,74889.0,28803.0,11521.0,32734.0,27651.0,5083.0,Paid
VAT-6F7053B3,GR0000000373,2024-Q3,2024-10-16,122566.0,22981.0,7660.0,67741.0,26054.0,10422.0,29416.0,25012.0,4404.0,Paid
VAT-4378BAFA,GR0000000373,2024-Q4,2025-01-22,188060.0,35261.0,11754.0,114544.0,44056.0,17622.0,45134.0,42293.0,2841.0,Paid
VAT-EC849707,GR0000000374,2022-Q1,2022-04-22,32698.0,28610.0,20436.0,34461.0,13254.0,5302.0,7847.0,12724.0,-4877.0,Paid
VAT-9EE22CAC,GR0000000374,2022-Q2,2022-07-23,42856.0,37499.0,26785.0,43215.0,16621.0,6648.0,10285.0,15956.0,-5671.0,Paid
VAT-A15F5282,GR0000000374,2022-Q3,2022-10-14,45204.0,39553.0,28252.0,44505.0,17117.0,6847.0,10849.0,16433.0,-5584.0,Paid
VAT-C48C832C,GR0000000374,2022-Q4,2023-01-16,52889.0,46277.0,33055.0,58332.0,22435.0,8974.0,12693.0,21538.0,-8845.0,Paid
VAT-257D2C93,GR0000000374,2023-Q1,2023-04-19,18526.0,16210.0,11579.0,20702.0,7962.0,3185.0,4446.0,7644.0,-3198.0,Paid
VAT-E38C90D9,GR0000000374,2023-Q2,2023-07-23,26193.0,22919.0,16371.0,28020.0,10777.0,4311.0,6286.0,10346.0,-4059.0,Paid
VAT-70C8AB51,GR0000000374,2023-Q3,2023-10-17,23094.0,20207.0,14434.0,25993.0,9997.0,3999.0,5543.0,9597.0,-4055.0,Paid
VAT-B9C0503E,GR0000000374,2023-Q4,2024-01-26,30185.0,26412.0,18866.0,34318.0,13199.0,5280.0,7244.0,12671.0,-5427.0,Paid
VAT-E302D345,GR0000000374,2024-Q1,2024-04-23,41355.0,36185.0,25847.0,42265.0,16256.0,6502.0,9925.0,15606.0,-5680.0,Paid
VAT-82562BB8,GR0000000374,2024-Q2,2024-07-23,53420.0,46743.0,33388.0,53235.0,20475.0,8190.0,12821.0,19656.0,-6835.0,Paid
VAT-EAF8C78C,GR0000000374,2024-Q3,2024-10-12,57763.0,50542.0,36102.0,64307.0,24734.0,9893.0,13863.0,23744.0,-9881.0,Paid
VAT-D14C904E,GR0000000374,2024-Q4,2025-01-17,60200.0,52675.0,37625.0,61797.0,23768.0,9507.0,14448.0,22817.0,-8369.0,Paid
VAT-92F4150F,GR0000000375,2022-Q1,2022-04-19,731195.0,261141.0,52228.0,337430.0,129781.0,51912.0,175487.0,124589.0,50897.0,Paid
VAT-365CDF94,GR0000000375,2022-Q2,2022-07-15,766548.0,273767.0,54753.0,319657.0,122945.0,49178.0,183971.0,118027.0,65944.0,Paid
VAT-C4FAC3B2,GR0000000375,2022-Q3,2022-10-13,645398.0,230499.0,46100.0,250957.0,96522.0,38609.0,154896.0,92661.0,62234.0,Paid
VAT-A21F0575,GR0000000375,2022-Q4,2023-01-24,925487.0,330531.0,66106.0,346976.0,133452.0,53381.0,222117.0,128114.0,94003.0,Paid
VAT-59CB2A4B,GR0000000375,2023-Q1,2023-04-16,689596.0,246284.0,49257.0,266978.0,102684.0,41074.0,165503.0,98576.0,66927.0,Paid
VAT-1ED2B967,GR0000000375,2023-Q2,2023-07-23,819829.0,292796.0,58559.0,331027.0,127318.0,50927.0,196759.0,122225.0,74534.0,Paid
VAT-B60F3D19,GR0000000375,2023-Q3,2023-10-24,772922.0,276044.0,55209.0,338042.0,130016.0,52006.0,185501.0,124815.0,60686.0,Paid
VAT-69BB6E03,GR0000000375,2023-Q4,2024-01-16,883485.0,315530.0,63106.0,346019.0,133084.0,53234.0,212036.0,127761.0,84276.0,Paid
VAT-CD92D72C,GR0000000375,2024-Q1,2024-04-12,499829.0,178510.0,35702.0,211079.0,81184.0,32474.0,119959.0,77937.0,42022.0,Paid
VAT-B4A77B23,GR0000000375,2024-Q2,2024-07-16,504833.0,180297.0,36059.0,195348.0,75134.0,30054.0,121160.0,72129.0,49031.0,Paid
VAT-F0B8B3F5,GR0000000375,2024-Q3,2024-10-11,528220.0,188650.0,37730.0,232472.0,89412.0,35765.0,126773.0,85836.0,40937.0,Paid
VAT-954025B4,GR0000000375,2024-Q4,2025-01-26,604466.0,215881.0,43176.0,232314.0,89352.0,35741.0,145072.0,85777.0,59294.0,Paid
VAT-61A01F17,GR0000000376,2022-Q1,2022-04-17,34673.0,6501.0,2167.0,21187.0,8149.0,3260.0,8322.0,7823.0,499.0,Paid
VAT-0E1F9829,GR0000000376,2022-Q2,2022-07-15,29003.0,5438.0,1813.0,17499.0,6730.0,2692.0,6961.0,6461.0,500.0,Paid
VAT-DFABF445,GR0000000376,2022-Q3,2022-10-19,29689.0,5567.0,1856.0,19252.0,7405.0,2962.0,7125.0,7109.0,17.0,Paid
VAT-A1AE17AB,GR0000000376,2022-Q4,2023-01-23,34534.0,6475.0,2158.0,21299.0,8192.0,3277.0,8288.0,7864.0,424.0,Paid
VAT-E718BB5F,GR0000000376,2023-Q1,2023-04-13,47746.0,8952.0,2984.0,27963.0,10755.0,4302.0,11459.0,10325.0,1134.0,Paid
VAT-78EFBE1D,GR0000000376,2023-Q2,2023-07-17,35379.0,6634.0,2211.0,22670.0,8719.0,3488.0,8491.0,8371.0,120.0,Paid
VAT-11E83F76,GR0000000376,2023-Q3,2023-10-21,34771.0,6520.0,2173.0,21042.0,8093.0,3237.0,8345.0,7769.0,576.0,Paid
VAT-A4DBAFAA,GR0000000376,2023-Q4,2024-01-12,47134.0,8838.0,2946.0,27405.0,10540.0,4216.0,11312.0,10119.0,1193.0,Paid
VAT-BF6125B3,GR0000000376,2024-Q1,2024-04-25,31726.0,5949.0,1983.0,19272.0,7412.0,2965.0,7614.0,7116.0,498.0,Paid
VAT-779CDA5A,GR0000000376,2024-Q2,2024-07-24,23038.0,4320.0,1440.0,13653.0,5251.0,2100.0,5529.0,5041.0,488.0,Partial
VAT-2909AD36,GR0000000376,2024-Q3,2024-10-18,23063.0,4324.0,1441.0,13326.0,5125.0,2050.0,5535.0,4920.0,615.0,Paid
VAT-9FE96E16,GR0000000376,2024-Q4,2025-01-14,28702.0,5382.0,1794.0,17512.0,6735.0,2694.0,6888.0,6466.0,423.0,Partial
VAT-98C9E396,GR0000000377,2022-Q1,2022-04-27,119758.0,24215.0,8316.0,75603.0,29513.0,11585.0,28742.0,29422.0,-680.0,Paid
VAT-2B29A49F,GR0000000377,2022-Q2,2022-07-27,115056.0,21501.0,7722.0,73331.0,28298.0,10923.0,27613.0,28998.0,-1385.0,Paid
VAT-53F905D1,GR0000000377,2022-Q3,2022-10-22,107237.0,21876.0,7444.0,66342.0,24699.0,9769.0,25737.0,25557.0,180.0,Paid
VAT-A75F25D4,GR0000000377,2022-Q4,2023-02-03,241627.0,50940.0,17038.0,164851.0,60212.0,23915.0,57991.0,63883.0,-5893.0,Paid
VAT-7F584096,GR0000000377,2023-Q1,2023-04-27,136286.0,25759.0,8787.0,91726.0,33646.0,13085.0,32709.0,35598.0,-2890.0,Paid
VAT-B947BDF5,GR0000000377,2023-Q2,2023-07-18,141694.0,26150.0,9146.0,89378.0,32358.0,12634.0,34007.0,33604.0,403.0,Partial
VAT-BD097477,GR0000000377,2023-Q3,2023-10-15,114201.0,22975.0,8242.0,80361.0,28771.0,11303.0,27408.0,30253.0,-2844.0,Paid
VAT-4C33EFC7,GR0000000377,2023-Q4,2024-01-30,228426.0,47459.0,16018.0,154334.0,58107.0,22434.0,54822.0,60552.0,-5730.0,Paid
VAT-75D93E32,GR0000000377,2024-Q1,2024-04-26,58267.0,11093.0,3917.0,36218.0,13635.0,5271.0,13984.0,13777.0,207.0,Partial
VAT-2A4A9186,GR0000000377,2024-Q2,2024-07-21,60212.0,12037.0,4012.0,40975.0,15064.0,5854.0,14451.0,15599.0,-1148.0,Paid
VAT-F4D16862,GR0000000377,2024-Q3,2024-10-20,54349.0,10486.0,3553.0,33216.0,12235.0,4861.0,13044.0,12766.0,278.0,Paid
VAT-89215A34,GR0000000377,2024-Q4,2025-01-30,112514.0,21071.0,7076.0,70515.0,27171.0,10501.0,27003.0,27784.0,-780.0,Paid
VAT-9E70D0D6,GR0000000378,2022-Q1,2022-04-29,528965.0,152663.0,81949.0,391142.0,149719.0,59418.0,126952.0,151402.0,-24450.0,Paid
VAT-B3D67785,GR0000000378,2022-Q2,2022-07-22,745301.0,220182.0,117708.0,593112.0,221142.0,87279.0,178872.0,229784.0,-50912.0,Paid
VAT-457E9BBF,GR0000000378,2022-Q3,2022-10-27,694767.0,205954.0,101940.0,542265.0,200532.0,77763.0,166744.0,209492.0,-42748.0,Paid
VAT-7DEF892E,GR0000000378,2022-Q4,2023-02-07,631226.0,184496.0,97495.0,493524.0,192032.0,74429.0,151494.0,194436.0,-42942.0,Paid
VAT-EDB4C76C,GR0000000378,2023-Q1,2023-04-24,543319.0,154176.0,81907.0,414625.0,156829.0,60200.0,130397.0,158249.0,-27852.0,Paid
VAT-F824FF0A,GR0000000378,2023-Q2,2023-08-02,777129.0,247503.0,126345.0,626397.0,234909.0,92781.0,186511.0,236796.0,-50285.0,Paid
VAT-CABB2B0D,GR0000000378,2023-Q3,2023-10-26,670031.0,202346.0,109205.0,499971.0,191591.0,74867.0,160807.0,197571.0,-36763.0,Paid
VAT-6CC5F83A,GR0000000378,2023-Q4,2024-02-03,728089.0,215833.0,113165.0,579504.0,221069.0,87222.0,174741.0,225233.0,-50491.0,Paid
VAT-8703E4D0,GR0000000378,2024-Q1,2024-04-28,223595.0,65993.0,33101.0,184396.0,67299.0,26204.0,53663.0,71935.0,-18272.0,Paid
VAT-47A8B218,GR0000000378,2024-Q2,2024-07-21,334633.0,104539.0,53826.0,253254.0,96970.0,38495.0,80312.0,99223.0,-18911.0,Paid
VAT-D67A56D1,GR0000000378,2024-Q3,2024-10-18,254192.0,75138.0,40113.0,187379.0,71064.0,28108.0,61006.0,70910.0,-9904.0,Paid
VAT-5D5013EB,GR0000000378,2024-Q4,2025-02-05,238925.0,76374.0,38246.0,185760.0,67719.0,26786.0,57342.0,71010.0,-13669.0,Paid
VAT-508DED43,GR0000000379,2022-Q1,2022-04-16,960015.0,204030.0,68271.0,644109.0,232743.0,92747.0,230404.0,240649.0,-10245.0,Paid
VAT-46D694FB,GR0000000379,2022-Q2,2022-07-22,890445.0,167437.0,59541.0,564092.0,216165.0,84586.0,213707.0,218396.0,-4690.0,Paid
VAT-28450A18,GR0000000379,2022-Q3,2022-10-21,843075.0,170387.0,58626.0,469986.0,178102.0,70947.0,202338.0,182050.0,20288.0,Paid
VAT-8AD60C47,GR0000000379,2022-Q4,2023-01-30,950332.0,193008.0,64283.0,558416.0,217142.0,83675.0,228080.0,213295.0,14785.0,Paid
VAT-00B2983D,GR0000000379,2023-Q1,2023-04-26,1500164.0,306389.0,106383.0,904907.0,321568.0,128834.0,360039.0,342804.0,17236.0,Paid
VAT-72FCE324,GR0000000379,2023-Q2,2023-07-24,1030475.0,208036.0,71534.0,687619.0,248842.0,98330.0,247314.0,264747.0,-17433.0,Paid
VAT-C0BC977E,GR0000000379,2023-Q3,2023-10-24,1042012.0,210060.0,72655.0,636110.0,236682.0,93710.0,250083.0,247577.0,2506.0,Paid
VAT-0B34324C,GR0000000379,2023-Q4,2024-01-19,1433812.0,260579.0,91650.0,859246.0,312816.0,123518.0,344115.0,325624.0,18490.0,Paid
VAT-DA4FF6AD,GR0000000379,2024-Q1,2024-05-02,796681.0,156889.0,54831.0,454373.0,168813.0,66056.0,191203.0,178531.0,12672.0,Paid
VAT-A8D04D52,GR0000000379,2024-Q2,2024-08-04,586806.0,121585.0,41409.0,389553.0,140465.0,55745.0,140833.0,146859.0,-6026.0,Paid
VAT-8D40D2C9,GR0000000379,2024-Q3,2024-10-20,568309.0,115876.0,39024.0,370716.0,132619.0,52232.0,136394.0,143751.0,-7357.0,Paid
VAT-B019B6CF,GR0000000379,2024-Q4,2025-01-22,679216.0,138726.0,47233.0,445165.0,159089.0,62914.0,163012.0,167274.0,-4262.0,Paid
VAT-D2976221,GR0000000380,2022-Q1,2022-04-25,241400.0,211225.0,150875.0,253354.0,97444.0,38978.0,57936.0,93546.0,-35610.0,Paid
VAT-A363DFDA,GR0000000380,2022-Q2,2022-07-22,255966.0,223970.0,159979.0,269145.0,103517.0,41407.0,61432.0,99377.0,-37945.0,Paid
VAT-9CAA7151,GR0000000380,2022-Q3,2022-10-13,277767.0,243046.0,173604.0,263014.0,101159.0,40464.0,66664.0,97113.0,-30449.0,Paid
VAT-63B3F631,GR0000000380,2022-Q4,2023-01-16,315067.0,275684.0,196917.0,325558.0,125215.0,50086.0,75616.0,120206.0,-44590.0,Paid
VAT-0F07CE90,GR0000000380,2023-Q1,2023-04-11,201030.0,175901.0,125644.0,208281.0,80108.0,32043.0,48247.0,76904.0,-28657.0,Paid
VAT-EF292D2F,GR0000000380,2023-Q2,2023-07-11,279927.0,244936.0,174955.0,258342.0,99362.0,39745.0,67183.0,95388.0,-28205.0,Paid
VAT-D0CE632C,GR0000000380,2023-Q3,2023-10-19,290438.0,254133.0,181524.0,294490.0,113265.0,45306.0,69705.0,108735.0,-39030.0,Paid
VAT-8A05EF0B,GR0000000380,2023-Q4,2024-01-26,342001.0,299251.0,213751.0,339781.0,130685.0,52274.0,82080.0,125457.0,-43377.0,Paid
VAT-A0741763,GR0000000380,2024-Q1,2024-04-21,178606.0,156280.0,111628.0,161746.0,62210.0,24884.0,42865.0,59722.0,-16856.0,Paid
VAT-E6DB86FA,GR0000000380,2024-Q2,2024-07-23,207063.0,181180.0,129414.0,195196.0,75075.0,30030.0,49695.0,72072.0,-22377.0,Paid
VAT-423BDB13,GR0000000380,2024-Q3,2024-10-15,227670.0,199212.0,142294.0,236815.0,91083.0,36433.0,54641.0,87440.0,-32799.0,Paid
VAT-9CACD50E,GR0000000380,2024-Q4,2025-01-21,251309.0,219896.0,157068.0,230625.0,88702.0,35481.0,60314.0,85154.0,-24840.0,Paid
VAT-FF089F5B,GR0000000381,2022-Q1,2022-04-25,179082.0,74618.0,44771.0,141369.0,54373.0,21749.0,42980.0,52198.0,-9218.0,Paid
VAT-9D6CB234,GR0000000381,2022-Q2,2022-07-15,257083.0,107118.0,64271.0,222039.0,85399.0,34160.0,61700.0,81983.0,-20284.0,Paid
VAT-F9E266E8,GR0000000381,2022-Q3,2022-10-12,236513.0,98547.0,59128.0,201339.0,77438.0,30975.0,56763.0,74341.0,-17577.0,Paid
VAT-50B77C4B,GR0000000381,2022-Q4,2023-01-22,313705.0,130710.0,78426.0,250589.0,96380.0,38552.0,75289.0,92525.0,-17236.0,Paid
VAT-89BBF896,GR0000000381,2023-Q1,2023-04-19,73147.0,30478.0,18287.0,57294.0,22036.0,8814.0,17555.0,21155.0,-3599.0,Paid
VAT-5DEE2D14,GR0000000381,2023-Q2,2023-07-22,81672.0,34030.0,20418.0,62763.0,24139.0,9656.0,19601.0,23174.0,-3573.0,Paid
VAT-0E016D3F,GR0000000381,2023-Q3,2023-10-12,87879.0,36616.0,21970.0,71930.0,27665.0,11066.0,21091.0,26559.0,-5468.0,Paid
VAT-14FB110A,GR0000000381,2023-Q4,2024-01-22,101435.0,42265.0,25359.0,85429.0,32857.0,13143.0,24344.0,31543.0,-7199.0,Paid
VAT-1AE6E665,GR0000000381,2024-Q1,2024-04-17,98359.0,40983.0,24590.0,77963.0,29986.0,11994.0,23606.0,28786.0,-5180.0,Paid
VAT-D2F76E72,GR0000000381,2024-Q2,2024-07-14,134791.0,56163.0,33698.0,109346.0,42056.0,16822.0,32350.0,40374.0,-8024.0,Paid
VAT-40FEC6B0,GR0000000381,2024-Q3,2024-10-12,140967.0,58736.0,35242.0,107079.0,41184.0,16474.0,33832.0,39537.0,-5705.0,Paid
VAT-6C1E7976,GR0000000381,2024-Q4,2025-01-20,163268.0,68028.0,40817.0,131010.0,50389.0,20155.0,39184.0,48373.0,-9189.0,Paid
VAT-65AE1E7D,GR0000000382,2022-Q1,2022-04-12,108849.0,54424.0,18141.0,61323.0,23586.0,9434.0,26124.0,22643.0,3481.0,Paid
VAT-BDF44083,GR0000000382,2022-Q2,2022-07-22,321074.0,160537.0,53512.0,204638.0,78707.0,31483.0,77058.0,75559.0,1499.0,Paid
VAT-83F2D88E,GR0000000382,2022-Q3,2022-10-26,494728.0,247364.0,82455.0,312018.0,120007.0,48003.0,118735.0,115206.0,3528.0,Paid
VAT-A7410E18,GR0000000382,2022-Q4,2023-01-17,252744.0,126372.0,42124.0,150686.0,57956.0,23182.0,60659.0,55638.0,5021.0,Paid
VAT-44BA270A,GR0000000382,2023-Q1,2023-04-19,112648.0,56324.0,18775.0,73134.0,28129.0,11251.0,27036.0,27003.0,32.0,Paid
VAT-742A8C1C,GR0000000382,2023-Q2,2023-07-12,328641.0,164320.0,54773.0,202070.0,77719.0,31088.0,78874.0,74611.0,4263.0,Paid
VAT-57FFAB01,GR0000000382,2023-Q3,2023-10-21,503786.0,251893.0,83964.0,324105.0,124656.0,49862.0,120909.0,119669.0,1239.0,Paid
VAT-0CD97D4B,GR0000000382,2023-Q4,2024-01-14,232462.0,116231.0,38744.0,138477.0,53261.0,21304.0,55791.0,51130.0,4661.0,Paid
VAT-89F604EA,GR0000000382,2024-Q1,2024-04-17,49936.0,24968.0,8323.0,30330.0,11665.0,4666.0,11985.0,11199.0,786.0,Paid
VAT-CD3F9D8B,GR0000000382,2024-Q2,2024-07-13,153761.0,76881.0,25627.0,97891.0,37650.0,15060.0,36903.0,36144.0,758.0,Paid
VAT-11810728,GR0000000382,2024-Q3,2024-10-26,196386.0,98193.0,32731.0,118338.0,45515.0,18206.0,47133.0,43694.0,3438.0,Paid
VAT-669229D7,GR0000000382,2024-Q4,2025-01-13,105311.0,52655.0,17552.0,60237.0,23168.0,9267.0,25275.0,22241.0,3033.0,Paid
VAT-2AA43C85,GR0000000383,2022-Q1,2022-04-23,133283.0,24991.0,8330.0,85639.0,32938.0,13175.0,31988.0,31620.0,367.0,Paid
VAT-9B0AC27A,GR0000000383,2022-Q2,2022-07-15,157149.0,29465.0,9822.0,90016.0,34621.0,13849.0,37716.0,33237.0,4479.0,Paid
VAT-C3B17806,GR0000000383,2022-Q3,2022-10-26,136023.0,25504.0,8501.0,78219.0,30084.0,12034.0,32645.0,28881.0,3765.0,Paid
VAT-BB2B68A6,GR0000000383,2022-Q4,2023-01-17,299923.0,56236.0,18745.0,180122.0,69278.0,27711.0,71982.0,66507.0,5475.0,Paid
VAT-43A7A844,GR0000000383,2023-Q1,2023-04-24,180993.0,33936.0,11312.0,110894.0,42652.0,17061.0,43438.0,40945.0,2493.0,Paid
VAT-C12D1FDC,GR0000000383,2023-Q2,2023-07-25,172213.0,32290.0,10763.0,101946.0,39210.0,15684.0,41331.0,37641.0,3690.0,Paid
VAT-F34728B5,GR0000000383,2023-Q3,2023-10-25,177701.0,33319.0,11106.0,105137.0,40437.0,16175.0,42648.0,38820.0,3829.0,Paid
VAT-4A8A978C,GR0000000383,2023-Q4,2024-01-24,356604.0,66863.0,22288.0,212918.0,81892.0,32757.0,85585.0,78616.0,6969.0,Paid
VAT-621C1285,GR0000000383,2024-Q1,2024-04-22,160909.0,30170.0,10057.0,95105.0,36579.0,14632.0,38618.0,35116.0,3502.0,Paid
VAT-F8490530,GR0000000383,2024-Q2,2024-07-11,146995.0,27562.0,9187.0,87309.0,33581.0,13432.0,35279.0,32237.0,3041.0,Paid
VAT-240307CB,GR0000000383,2024-Q3,2024-10-25,151419.0,28391.0,9464.0,88544.0,34056.0,13622.0,36341.0,32693.0,3647.0,Paid
VAT-3360D5E4,GR0000000383,2024-Q4,2025-01-26,310330.0,58187.0,19396.0,179100.0,68885.0,27554.0,74479.0,66129.0,8350.0,Paid
VAT-A9D06CB8,GR0000000384,2022-Q1,2022-04-11,61944.0,30972.0,10324.0,37237.0,14322.0,5729.0,14867.0,13749.0,1118.0,Paid
VAT-2D60158A,GR0000000384,2022-Q2,2022-07-25,167016.0,83508.0,27836.0,93267.0,35872.0,14349.0,40084.0,34437.0,5647.0,Paid
VAT-9A1D2FC5,GR0000000384,2022-Q3,2022-10-23,225697.0,112848.0,37616.0,132150.0,50827.0,20331.0,54167.0,48794.0,5373.0,Paid
VAT-3DA6CDAB,GR0000000384,2022-Q4,2023-01-20,113754.0,56877.0,18959.0,67578.0,25991.0,10397.0,27301.0,24952.0,2349.0,Paid
VAT-E06A4A5F,GR0000000384,2023-Q1,2023-04-12,76421.0,38210.0,12737.0,42329.0,16280.0,6512.0,18341.0,15629.0,2712.0,Paid
VAT-A075ACFB,GR0000000384,2023-Q2,2023-07-11,242858.0,121429.0,40476.0,153295.0,58960.0,23584.0,58286.0,56601.0,1684.0,Paid
VAT-D0657BFF,GR0000000384,2023-Q3,2023-10-15,361212.0,180606.0,60202.0,218319.0,83969.0,33588.0,86691.0,80610.0,6081.0,Paid
VAT-4902B96A,GR0000000384,2023-Q4,2024-01-20,163851.0,81926.0,27309.0,100539.0,38669.0,15468.0,39324.0,37122.0,2202.0,Paid
VAT-F93D7BCD,GR0000000384,2024-Q1,2024-04-15,53380.0,26690.0,8897.0,34521.0,13277.0,5311.0,12811.0,12746.0,65.0,Paid
VAT-3041023F,GR0000000384,2024-Q2,2024-07-15,188344.0,94172.0,31391.0,105888.0,40726.0,16290.0,45202.0,39097.0,6105.0,Paid
VAT-B9EAA23A,GR0000000384,2024-Q3,2024-10-24,244093.0,122046.0,40682.0,147767.0,56834.0,22733.0,58582.0,54560.0,4022.0,Paid
VAT-9A9B37BA,GR0000000384,2024-Q4,2025-01-12,125447.0,62723.0,20908.0,77539.0,29823.0,11929.0,30107.0,28630.0,1477.0,Paid
VAT-8346CA7D,GR0000000385,2022-Q1,2022-04-20,46015.0,5414.0,2707.0,20347.0,7826.0,3130.0,11044.0,7513.0,3531.0,Paid
VAT-D7382E88,GR0000000385,2022-Q2,2022-07-22,52849.0,6217.0,3109.0,22608.0,8696.0,3478.0,12684.0,8348.0,4336.0,Paid
VAT-6AD98C17,GR0000000385,2022-Q3,2022-10-11,53193.0,6258.0,3129.0,23736.0,9129.0,3652.0,12766.0,8764.0,4002.0,Paid
VAT-5DB293C5,GR0000000385,2022-Q4,2023-01-16,49229.0,5792.0,2896.0,22736.0,8745.0,3498.0,11815.0,8395.0,3420.0,Paid
VAT-3932655C,GR0000000385,2023-Q1,2023-04-19,70580.0,8304.0,4152.0,29720.0,11431.0,4572.0,16939.0,10974.0,5966.0,Paid
VAT-6CCAF18A,GR0000000385,2023-Q2,2023-07-16,72339.0,8510.0,4255.0,31556.0,12137.0,4855.0,17361.0,11651.0,5710.0,Paid
VAT-E7173DCF,GR0000000385,2023-Q3,2023-10-12,73151.0,8606.0,4303.0,31767.0,12218.0,4887.0,17556.0,11729.0,5827.0,Paid
VAT-D9404ABA,GR0000000385,2023-Q4,2024-01-13,67466.0,7937.0,3969.0,31432.0,12089.0,4836.0,16192.0,11606.0,4586.0,Paid
VAT-90795EC1,GR0000000385,2024-Q1,2024-04-24,26110.0,3072.0,1536.0,11310.0,4350.0,1740.0,6266.0,4176.0,2090.0,Paid
VAT-CBBED9B6,GR0000000385,2024-Q2,2024-07-15,26633.0,3133.0,1567.0,13123.0,5047.0,2019.0,6392.0,4845.0,1547.0,Paid
VAT-7EA13F43,GR0000000385,2024-Q3,2024-10-19,28410.0,3342.0,1671.0,11959.0,4599.0,1840.0,6818.0,4415.0,2403.0,Paid
VAT-0299675F,GR0000000385,2024-Q4,2025-01-20,29367.0,3455.0,1727.0,14465.0,5564.0,2225.0,7048.0,5341.0,1707.0,Paid
VAT-5470ADE0,GR0000000386,2022-Q1,2022-04-25,8571080.0,7499695.0,5356925.0,7853874.0,3020721.0,1208288.0,2057059.0,2899892.0,-842833.0,Paid
VAT-B225956D,GR0000000386,2022-Q2,2022-07-19,10729201.0,9388050.0,6705750.0,9686109.0,3725426.0,1490171.0,2575008.0,3576409.0,-1001401.0,Paid
VAT-A2FC41FF,GR0000000386,2022-Q3,2022-10-21,9149063.0,8005430.0,5718164.0,8846195.0,3402383.0,1360953.0,2195775.0,3266287.0,-1070512.0,Paid
VAT-8BE8F9F3,GR0000000386,2022-Q4,2023-01-11,12396018.0,10846516.0,7747511.0,11016784.0,4237225.0,1694890.0,2975044.0,4067736.0,-1092691.0,Paid
VAT-8B36426B,GR0000000386,2023-Q1,2023-04-16,6652906.0,5821293.0,4158066.0,5557065.0,2137333.0,854933.0,1596697.0,2051839.0,-455142.0,Paid
VAT-CAAE8C74,GR0000000386,2023-Q2,2023-07-22,8362582.0,7317259.0,5226614.0,7736729.0,2975665.0,1190266.0,2007020.0,2856638.0,-849619.0,Paid
VAT-55CA77EC,GR0000000386,2023-Q3,2023-10-11,7082641.0,6197311.0,4426651.0,6505597.0,2502153.0,1000861.0,1699834.0,2402066.0,-702233.0,Paid
VAT-BBED85FF,GR0000000386,2023-Q4,2024-01-14,9903804.0,8665829.0,6189878.0,8366171.0,3217758.0,1287103.0,2376913.0,3089048.0,-712135.0,Paid
VAT-741BFB05,GR0000000386,2024-Q1,2024-04-23,5156049.0,4511543.0,3222531.0,4229549.0,1626750.0,650700.0,1237452.0,1561680.0,-324228.0,Paid
VAT-06C13122,GR0000000386,2024-Q2,2024-07-22,5567748.0,4871780.0,3479843.0,5171900.0,1989192.0,795677.0,1336260.0,1909625.0,-573365.0,Paid
VAT-E6015612,GR0000000386,2024-Q3,2024-10-18,6032928.0,5278812.0,3770580.0,5039800.0,1938384.0,775354.0,1447903.0,1860849.0,-412946.0,Paid
VAT-B5CE509E,GR0000000386,2024-Q4,2025-01-17,6712739.0,5873647.0,4195462.0,6190552.0,2380982.0,952393.0,1611057.0,2285742.0,-674685.0,Paid
VAT-86341053,GR0000000387,2022-Q1,2022-04-10,18479.0,10079.0,5040.0,16048.0,6172.0,2469.0,4435.0,5926.0,-1491.0,Paid
VAT-C90F7C9D,GR0000000387,2022-Q2,2022-07-12,22680.0,12371.0,6186.0,20064.0,7717.0,3087.0,5443.0,7408.0,-1965.0,Paid
VAT-496FFB69,GR0000000387,2022-Q3,2022-10-23,23000.0,12545.0,6273.0,19726.0,7587.0,3035.0,5520.0,7284.0,-1764.0,Paid
VAT-3895911A,GR0000000387,2022-Q4,2023-01-13,22858.0,12468.0,6234.0,20084.0,7725.0,3090.0,5486.0,7416.0,-1930.0,Paid
VAT-AF526471,GR0000000387,2023-Q1,2023-04-12,31211.0,17024.0,8512.0,25266.0,9718.0,3887.0,7491.0,9329.0,-1838.0,Paid
VAT-E4F4AADE,GR0000000387,2023-Q2,2023-07-14,34814.0,18989.0,9495.0,28400.0,10923.0,4369.0,8355.0,10486.0,-2131.0,Paid
VAT-5DABEE85,GR0000000387,2023-Q3,2023-10-12,34075.0,18587.0,9293.0,27814.0,10698.0,4279.0,8178.0,10270.0,-2092.0,Paid
VAT-BE7E32B1,GR0000000387,2023-Q4,2024-01-25,37408.0,20405.0,10202.0,31421.0,12085.0,4834.0,8978.0,11602.0,-2624.0,Paid
VAT-E08B1F36,GR0000000387,2024-Q1,2024-04-17,34153.0,18629.0,9315.0,26301.0,10116.0,4046.0,8197.0,9711.0,-1514.0,Paid
VAT-2E06840F,GR0000000387,2024-Q2,2024-07-15,36241.0,19768.0,9884.0,28492.0,10959.0,4383.0,8698.0,10520.0,-1822.0,Paid
VAT-66ACD981,GR0000000387,2024-Q3,2024-10-17,39786.0,21701.0,10851.0,35006.0,13464.0,5386.0,9549.0,12925.0,-3377.0,Paid
VAT-4B6C9BD8,GR0000000387,2024-Q4,2025-01-14,39069.0,21310.0,10655.0,33161.0,12754.0,5102.0,9376.0,12244.0,-2868.0,Paid
VAT-D9786DEB,GR0000000388,2022-Q1,2022-04-20,61180.0,21850.0,4370.0,23446.0,9018.0,3607.0,14683.0,8657.0,6026.0,Paid
VAT-961458DC,GR0000000388,2022-Q2,2022-07-24,69296.0,24749.0,4950.0,30631.0,11781.0,4712.0,16631.0,11310.0,5321.0,Paid
VAT-5BD65C21,GR0000000388,2022-Q3,2022-10-26,67247.0,24017.0,4803.0,27841.0,10708.0,4283.0,16139.0,10280.0,5859.0,Paid
VAT-EDAF4A04,GR0000000388,2022-Q4,2023-01-17,86538.0,30906.0,6181.0,35986.0,13841.0,5536.0,20769.0,13287.0,7482.0,Paid
VAT-B22703DD,GR0000000388,2023-Q1,2023-04-22,95122.0,33972.0,6794.0,36061.0,13869.0,5548.0,22829.0,13315.0,9515.0,Paid
VAT-4B6CD62B,GR0000000388,2023-Q2,2023-07-25,100652.0,35947.0,7189.0,44350.0,17058.0,6823.0,24157.0,16375.0,7781.0,Paid
VAT-FB221E0F,GR0000000388,2023-Q3,2023-10-24,108916.0,38899.0,7780.0,44469.0,17104.0,6841.0,26140.0,16419.0,9720.0,Paid
VAT-8826C8F0,GR0000000388,2023-Q4,2024-01-22,135500.0,48393.0,9679.0,55601.0,21385.0,8554.0,32520.0,20530.0,11990.0,Paid
VAT-C160706E,GR0000000388,2024-Q1,2024-04-17,64462.0,23022.0,4604.0,28999.0,11153.0,4461.0,15471.0,10707.0,4763.0,Paid
VAT-19F8E8CF,GR0000000388,2024-Q2,2024-07-12,72735.0,25977.0,5195.0,32848.0,12634.0,5054.0,17456.0,12128.0,5328.0,Paid
VAT-5458D14C,GR0000000388,2024-Q3,2024-10-20,75097.0,26820.0,5364.0,29432.0,11320.0,4528.0,18023.0,10867.0,7156.0,Paid
VAT-EDFA4976,GR0000000388,2024-Q4,2025-01-20,93562.0,33415.0,6683.0,37863.0,14563.0,5825.0,22455.0,13980.0,8475.0,Paid
VAT-E112905F,GR0000000389,2022-Q1,2022-04-23,40259.0,5073.0,2652.0,21493.0,7801.0,3054.0,9662.0,8242.0,1420.0,Paid
VAT-D559CF6F,GR0000000389,2022-Q2,2022-07-19,36866.0,4858.0,2484.0,18661.0,6959.0,2691.0,8848.0,7123.0,1725.0,Paid
VAT-027ECA08,GR0000000389,2022-Q3,2022-10-27,43741.0,5328.0,2739.0,19704.0,7259.0,2860.0,10498.0,7663.0,2835.0,Paid
VAT-EA84E328,GR0000000389,2022-Q4,2023-01-27,39058.0,4968.0,2653.0,19704.0,7156.0,2832.0,9374.0,7539.0,1835.0,Paid
VAT-AB7070E9,GR0000000389,2023-Q1,2023-05-01,32253.0,4027.0,1987.0,14649.0,5541.0,2148.0,7741.0,5682.0,2058.0,Paid
VAT-71863408,GR0000000389,2023-Q2,2023-07-22,27800.0,3359.0,1731.0,14501.0,5326.0,2113.0,6672.0,5561.0,1111.0,Paid
VAT-1FF44BB0,GR0000000389,2023-Q3,2023-10-26,24958.0,3237.0,1717.0,12367.0,4754.0,1842.0,5990.0,4764.0,1226.0,Paid
VAT-7F697640,GR0000000389,2023-Q4,2024-01-31,30470.0,3507.0,1868.0,14534.0,5537.0,2173.0,7313.0,5564.0,1749.0,Partial
VAT-550665BF,GR0000000389,2024-Q1,2024-04-19,25522.0,3321.0,1676.0,13281.0,5030.0,1984.0,6125.0,5080.0,1046.0,Paid
VAT-BA4BA109,GR0000000389,2024-Q2,2024-07-18,27362.0,3286.0,1618.0,13815.0,5018.0,1972.0,6567.0,5311.0,1256.0,Paid
VAT-30DE719E,GR0000000389,2024-Q3,2024-10-16,28560.0,3531.0,1876.0,14744.0,5703.0,2213.0,6854.0,5685.0,1169.0,Paid
VAT-3CC14E38,GR0000000389,2024-Q4,2025-01-27,27632.0,3312.0,1810.0,13799.0,5191.0,2036.0,6632.0,5416.0,1215.0,Paid
VAT-DBF444A9,GR0000000390,2022-Q1,2022-04-25,1569829.0,568245.0,113397.0,660264.0,241598.0,95665.0,376759.0,254248.0,122511.0,Paid
VAT-BB28CFDB,GR0000000390,2022-Q2,2022-08-03,1400916.0,540649.0,109168.0,592168.0,221756.0,86260.0,336220.0,226815.0,109405.0,Paid
VAT-2F77C3A1,GR0000000390,2022-Q3,2022-10-28,1381318.0,514914.0,106397.0,590764.0,209127.0,83303.0,331516.0,224512.0,107004.0,Paid
VAT-B17C496E,GR0000000390,2022-Q4,2023-02-03,1745897.0,650990.0,134991.0,896169.0,327563.0,126526.0,419015.0,334188.0,84828.0,Paid
VAT-F480DF1A,GR0000000390,2023-Q1,2023-05-03,732649.0,286295.0,56879.0,351732.0,126605.0,49860.0,175836.0,134264.0,41572.0,Unpaid
VAT-A0F398D1,GR0000000390,2023-Q2,2023-07-31,866898.0,325859.0,69253.0,424822.0,157998.0,62296.0,208055.0,165987.0,42068.0,Paid
VAT-D547C3B2,GR0000000390,2023-Q3,2023-11-06,835751.0,334507.0,67021.0,388634.0,148984.0,57611.0,200580.0,153911.0,46669.0,Unpaid
VAT-37B1C5CD,GR0000000390,2023-Q4,2024-01-19,1083288.0,403319.0,83826.0,526767.0,191886.0,76095.0,259989.0,204827.0,55162.0,Paid
VAT-4FCCCF4F,GR0000000390,2024-Q1,2024-04-24,952238.0,345016.0,74375.0,383865.0,149223.0,57638.0,228537.0,147522.0,81015.0,Paid
VAT-22F7E53F,GR0000000390,2024-Q2,2024-07-23,1071394.0,387436.0,79128.0,514783.0,188459.0,73447.0,257135.0,200430.0,56705.0,Paid
VAT-0D225D6C,GR0000000390,2024-Q3,2024-10-23,1103201.0,416768.0,87982.0,481811.0,181671.0,70189.0,264768.0,184239.0,80529.0,Unpaid
VAT-A7554CE2,GR0000000390,2024-Q4,2025-01-20,1275245.0,447403.0,93428.0,593488.0,217229.0,84458.0,306059.0,225374.0,80685.0,Paid
VAT-AB8C928B,GR0000000391,2022-Q1,2022-04-12,77298.0,32208.0,19325.0,66124.0,25432.0,10173.0,18552.0,24415.0,-5863.0,Paid
VAT-6B987EF5,GR0000000391,2022-Q2,2022-07-13,94277.0,39282.0,23569.0,75109.0,28888.0,11555.0,22627.0,27732.0,-5106.0,Paid
VAT-57F0BE35,GR0000000391,2022-Q3,2022-10-20,103601.0,43167.0,25900.0,86041.0,33093.0,13237.0,24864.0,31769.0,-6905.0,Paid
VAT-3F41ADC6,GR0000000391,2022-Q4,2023-01-18,113759.0,47399.0,28440.0,92511.0,35581.0,14232.0,27302.0,34158.0,-6856.0,Paid
VAT-2FE488E6,GR0000000391,2023-Q1,2023-04-14,138782.0,57826.0,34696.0,115090.0,44265.0,17706.0,33308.0,42495.0,-9187.0,Paid
VAT-08591A08,GR0000000391,2023-Q2,2023-07-13,166095.0,69206.0,41524.0,137291.0,52804.0,21122.0,39863.0,50692.0,-10829.0,Paid
VAT-1D34CADC,GR0000000391,2023-Q3,2023-10-13,175762.0,73234.0,43940.0,149130.0,57358.0,22943.0,42183.0,55063.0,-12881.0,Paid
VAT-608EFB81,GR0000000391,2023-Q4,2024-01-20,203243.0,84685.0,50811.0,163686.0,62956.0,25182.0,48778.0,60438.0,-11659.0,Paid
VAT-3C8E669A,GR0000000391,2024-Q1,2024-04-11,124268.0,51778.0,31067.0,100601.0,38693.0,15477.0,29824.0,37145.0,-7321.0,Paid
VAT-64E2D9D7,GR0000000391,2024-Q2,2024-07-11,152416.0,63507.0,38104.0,115658.0,44484.0,17794.0,36580.0,42704.0,-6125.0,Paid
VAT-C0F4D722,GR0000000391,2024-Q3,2024-10-17,152844.0,63685.0,38211.0,119942.0,46132.0,18453.0,36683.0,44286.0,-7604.0,Paid
VAT-2FBF8026,GR0000000391,2024-Q4,2025-01-13,177357.0,73899.0,44339.0,149318.0,57430.0,22972.0,42566.0,55133.0,-12567.0,Paid
VAT-0A8DA8C1,GR0000000392,2022-Q1,2022-04-18,751393.0,214684.0,107342.0,584082.0,224647.0,89859.0,180334.0,215661.0,-35327.0,Paid
VAT-C1FDE528,GR0000000392,2022-Q2,2022-07-13,1040709.0,297345.0,148673.0,821109.0,315811.0,126324.0,249770.0,303179.0,-53409.0,Paid
VAT-0A0FBE08,GR0000000392,2022-Q3,2022-10-16,979501.0,279857.0,139929.0,760965.0,292679.0,117072.0,235080.0,280972.0,-45892.0,Paid
VAT-DE138E87,GR0000000392,2022-Q4,2023-01-25,873392.0,249541.0,124770.0,637130.0,245050.0,98020.0,209614.0,235248.0,-25634.0,Paid
VAT-19C24D44,GR0000000392,2023-Q1,2023-04-24,739463.0,211275.0,105638.0,555899.0,213807.0,85523.0,177471.0,205255.0,-27784.0,Paid
VAT-87B83F3D,GR0000000392,2023-Q2,2023-07-18,1114946.0,318556.0,159278.0,817985.0,314610.0,125844.0,267587.0,302025.0,-34438.0,Paid
VAT-1D38D561,GR0000000392,2023-Q3,2023-10-21,846347.0,241814.0,120907.0,647012.0,248851.0,99540.0,203123.0,238897.0,-35773.0,Paid
VAT-AAFDFD52,GR0000000392,2023-Q4,2024-01-26,800764.0,228790.0,114395.0,561477.0,215953.0,86381.0,192183.0,207315.0,-15131.0,Paid
VAT-973D0611,GR0000000392,2024-Q1,2024-04-19,296607.0,84745.0,42372.0,222186.0,85456.0,34182.0,71186.0,82038.0,-10852.0,Paid
VAT-D4CD1F8C,GR0000000392,2024-Q2,2024-07-12,442557.0,126445.0,63222.0,326572.0,125604.0,50242.0,106214.0,120580.0,-14367.0,Paid
VAT-CB860BE5,GR0000000392,2024-Q3,2024-10-11,433018.0,123719.0,61860.0,338035.0,130013.0,52005.0,103924.0,124813.0,-20889.0,Paid
VAT-84B54091,GR0000000392,2024-Q4,2025-01-16,402841.0,115097.0,57549.0,290636.0,111783.0,44713.0,96682.0,107312.0,-10630.0,Paid
VAT-FA983529,GR0000000393,2022-Q1,2022-04-18,358047.0,195298.0,97649.0,298835.0,114937.0,45975.0,85931.0,110339.0,-24408.0,Paid
VAT-F63CDA33,GR0000000393,2022-Q2,2022-07-26,372780.0,203335.0,101667.0,289158.0,111215.0,44486.0,89467.0,106766.0,-17299.0,Paid
VAT-A07D3CCF,GR0000000393,2022-Q3,2022-10-22,394594.0,215233.0,107616.0,318746.0,122595.0,49038.0,94702.0,117691.0,-22988.0,Paid
VAT-1BB2DD68,GR0000000393,2022-Q4,2023-01-15,446834.0,243728.0,121864.0,349055.0,134252.0,53701.0,107240.0,128882.0,-21642.0,Paid
VAT-BCE1BD72,GR0000000393,2023-Q1,2023-04-15,696998.0,380181.0,190090.0,537329.0,206665.0,82666.0,167280.0,198398.0,-31119.0,Paid
VAT-37A26DDA,GR0000000393,2023-Q2,2023-07-21,808484.0,440991.0,220496.0,712733.0,274128.0,109651.0,194036.0,263163.0,-69127.0,Paid
VAT-9904B483,GR0000000393,2023-Q3,2023-10-23,907007.0,494731.0,247366.0,730153.0,280828.0,112331.0,217682.0,269595.0,-51913.0,Paid
VAT-D1CF8F6C,GR0000000393,2023-Q4,2024-01-16,880524.0,480286.0,240143.0,700022.0,269239.0,107696.0,211326.0,258470.0,-47144.0,Paid
VAT-6EB20B44,GR0000000393,2024-Q1,2024-04-18,242716.0,132391.0,66195.0,210097.0,80806.0,32323.0,58252.0,77574.0,-19322.0,Paid
VAT-6C294571,GR0000000393,2024-Q2,2024-07-11,326818.0,178264.0,89132.0,275019.0,105777.0,42311.0,78436.0,101546.0,-23109.0,Paid
VAT-A1954CF2,GR0000000393,2024-Q3,2024-10-16,307952.0,167974.0,83987.0,243409.0,93619.0,37447.0,73909.0,89874.0,-15965.0,Paid
VAT-7489D59D,GR0000000393,2024-Q4,2025-01-23,356760.0,194596.0,97298.0,278765.0,107217.0,42887.0,85622.0,102929.0,-17306.0,Paid
VAT-6DD22C41,GR0000000394,2022-Q1,2022-04-20,354503.0,136347.0,54539.0,244646.0,94095.0,37638.0,85081.0,90331.0,-5250.0,Paid
VAT-E2E7382D,GR0000000394,2022-Q2,2022-07-21,544500.0,209423.0,83769.0,402109.0,154657.0,61863.0,130680.0,148471.0,-17791.0,Paid
VAT-D9D3B549,GR0000000394,2022-Q3,2022-10-18,508212.0,195466.0,78186.0,337909.0,129965.0,51986.0,121971.0,124767.0,-2796.0,Paid
VAT-D74E4EC4,GR0000000394,2022-Q4,2023-01-13,410963.0,158063.0,63225.0,301667.0,116026.0,46410.0,98631.0,111385.0,-12754.0,Paid
VAT-DEB72665,GR0000000394,2023-Q1,2023-04-24,429896.0,165345.0,66138.0,301941.0,116131.0,46452.0,103175.0,111486.0,-8311.0,Paid
VAT-42F5BFAD,GR0000000394,2023-Q2,2023-07-11,618798.0,237999.0,95200.0,416045.0,160017.0,64007.0,148512.0,153617.0,-5105.0,Paid
VAT-4CB58116,GR0000000394,2023-Q3,2023-10-20,682837.0,262630.0,105052.0,481674.0,185259.0,74104.0,163881.0,177849.0,-13968.0,Paid
VAT-43E14579,GR0000000394,2023-Q4,2024-01-15,406175.0,156221.0,62488.0,278171.0,106989.0,42796.0,97482.0,102709.0,-5227.0,Paid
VAT-435B1682,GR0000000394,2024-Q1,2024-04-24,462386.0,177841.0,71136.0,337458.0,129791.0,51917.0,110973.0,124600.0,-13627.0,Paid
VAT-72922C68,GR0000000394,2024-Q2,2024-07-24,656055.0,252329.0,100931.0,464789.0,178765.0,71506.0,157453.0,171614.0,-14161.0,Paid
VAT-6B883729,GR0000000394,2024-Q3,2024-10-16,735074.0,282721.0,113088.0,484691.0,186419.0,74568.0,176418.0,178963.0,-2545.0,Paid
VAT-AFD6F971,GR0000000394,2024-Q4,2025-01-11,470900.0,181116.0,72446.0,337427.0,129779.0,51912.0,113016.0,124588.0,-11572.0,Paid
VAT-457C5728,GR0000000395,2022-Q1,2022-04-16,34918.0,10712.0,5444.0,27818.0,10049.0,3973.0,8380.0,10767.0,-2387.0,Paid
VAT-D82C442C,GR0000000395,2022-Q2,2022-08-02,46117.0,14831.0,7606.0,39513.0,14770.0,5706.0,11068.0,15134.0,-4066.0,Paid
VAT-F80C1162,GR0000000395,2022-Q3,2022-10-31,39263.0,11633.0,6326.0,30758.0,11807.0,4640.0,9423.0,12222.0,-2799.0,Paid
VAT-BCCCEB9F,GR0000000395,2022-Q4,2023-01-29,45760.0,12944.0,6665.0,36022.0,13322.0,5190.0,10982.0,14033.0,-3051.0,Paid
VAT-F53F8751,GR0000000395,2023-Q1,2023-04-27,12658.0,3788.0,1916.0,11024.0,3936.0,1572.0,3038.0,4230.0,-1192.0,Paid
VAT-34083C7E,GR0000000395,2023-Q2,2023-07-17,17768.0,4926.0,2656.0,13586.0,4961.0,1946.0,4264.0,5301.0,-1037.0,Paid
VAT-D76A3EB1,GR0000000395,2023-Q3,2023-10-24,14607.0,4330.0,2272.0,11207.0,4113.0,1623.0,3506.0,4198.0,-692.0,Paid
VAT-DBE60ADE,GR0000000395,2023-Q4,2024-01-31,15680.0,4798.0,2529.0,13017.0,4880.0,1921.0,3763.0,4914.0,-1151.0,Paid
VAT-4596C307,GR0000000395,2024-Q1,2024-05-06,8882.0,2694.0,1417.0,7659.0,2807.0,1120.0,2132.0,2987.0,-855.0,Paid
VAT-BDD36BDC,GR0000000395,2024-Q2,2024-07-27,12587.0,3641.0,1966.0,9757.0,3683.0,1455.0,3021.0,3703.0,-682.0,Paid
VAT-4C67D0A6,GR0000000395,2024-Q3,2024-10-20,10586.0,3021.0,1553.0,7862.0,2990.0,1157.0,2541.0,3090.0,-549.0,Paid
VAT-A91B162F,GR0000000395,2024-Q4,2025-01-28,11983.0,3492.0,1865.0,9519.0,3666.0,1425.0,2876.0,3711.0,-835.0,Paid
VAT-A0036C3A,GR0000000396,2022-Q1,2022-04-11,163671.0,62951.0,25180.0,122546.0,47133.0,18853.0,39281.0,45248.0,-5967.0,Paid
VAT-37BF52AD,GR0000000396,2022-Q2,2022-07-12,247940.0,95361.0,38145.0,189512.0,72889.0,29156.0,59505.0,69974.0,-10468.0,Paid
VAT-981778D6,GR0000000396,2022-Q3,2022-10-15,262308.0,100888.0,40355.0,205923.0,79201.0,31680.0,62954.0,76033.0,-13079.0,Paid
VAT-291F1875,GR0000000396,2022-Q4,2023-01-24,161145.0,61979.0,24792.0,118815.0,45698.0,18279.0,38675.0,43870.0,-5195.0,Paid
VAT-B36BE0B7,GR0000000396,2023-Q1,2023-04-20,175387.0,67457.0,26983.0,122874.0,47259.0,18904.0,42093.0,45369.0,-3276.0,Paid
VAT-2F2EDA7D,GR0000000396,2023-Q2,2023-07-14,266318.0,102430.0,40972.0,206194.0,79306.0,31722.0,63916.0,76133.0,-12217.0,Paid
VAT-104967AB,GR0000000396,2023-Q3,2023-10-19,269875.0,103798.0,41519.0,204038.0,78476.0,31391.0,64770.0,75337.0,-10567.0,Paid
VAT-9C1DA6D5,GR0000000396,2023-Q4,2024-01-25,168436.0,64783.0,25913.0,132846.0,51095.0,20438.0,40425.0,49051.0,-8626.0,Paid
VAT-16AA40E5,GR0000000396,2024-Q1,2024-04-15,66670.0,25642.0,10257.0,50022.0,19239.0,7696.0,16001.0,18470.0,-2469.0,Paid
VAT-E4AAEB2C,GR0000000396,2024-Q2,2024-07-12,91709.0,35273.0,14109.0,71177.0,27376.0,10950.0,22010.0,26281.0,-4271.0,Paid
VAT-D5740905,GR0000000396,2024-Q3,2024-10-25,92405.0,35541.0,14216.0,66881.0,25723.0,10289.0,22177.0,24694.0,-2517.0,Paid
VAT-DD10B8E1,GR0000000396,2024-Q4,2025-01-25,57905.0,22271.0,8909.0,42110.0,16196.0,6478.0,13897.0,15548.0,-1651.0,Paid
VAT-D56AAA8B,GR0000000397,2022-Q1,2022-04-11,196817.0,172215.0,123011.0,197635.0,76014.0,30405.0,47236.0,72973.0,-25737.0,Paid
VAT-15CC5217,GR0000000397,2022-Q2,2022-07-17,251528.0,220087.0,157205.0,250366.0,96295.0,38518.0,60367.0,92443.0,-32076.0,Paid
VAT-F52866B6,GR0000000397,2022-Q3,2022-10-22,226798.0,198448.0,141749.0,211549.0,81365.0,32546.0,54431.0,78110.0,-23679.0,Paid
VAT-3DF8DFD5,GR0000000397,2022-Q4,2023-01-13,283861.0,248379.0,177413.0,278689.0,107188.0,42875.0,68127.0,102900.0,-34774.0,Paid
VAT-8BA1EC87,GR0000000397,2023-Q1,2023-04-21,171616.0,150164.0,107260.0,165831.0,63781.0,25512.0,41188.0,61230.0,-20042.0,Paid
VAT-6E6276EA,GR0000000397,2023-Q2,2023-07-24,213552.0,186858.0,133470.0,192544.0,74055.0,29622.0,51253.0,71093.0,-19841.0,Paid
VAT-F7A6D2FE,GR0000000397,2023-Q3,2023-10-16,221397.0,193722.0,138373.0,201475.0,77491.0,30996.0,53135.0,74391.0,-21256.0,Paid
VAT-97F46B76,GR0000000397,2023-Q4,2024-01-19,282807.0,247456.0,176754.0,265664.0,102178.0,40871.0,67874.0,98091.0,-30218.0,Paid
VAT-0BA951DC,GR0000000397,2024-Q1,2024-04-18,197658.0,172950.0,123536.0,193854.0,74559.0,29824.0,47438.0,71577.0,-24139.0,Paid
VAT-17913103,GR0000000397,2024-Q2,2024-07-21,273371.0,239199.0,170857.0,260391.0,100150.0,40060.0,65609.0,96144.0,-30535.0,Paid
VAT-DF10003C,GR0000000397,2024-Q3,2024-10-19,252467.0,220909.0,157792.0,232773.0,89528.0,35811.0,60592.0,85947.0,-25355.0,Paid
VAT-FCFFFA66,GR0000000397,2024-Q4,2025-01-20,292768.0,256172.0,182980.0,294257.0,113176.0,45270.0,70264.0,108649.0,-38384.0,Paid
VAT-2BE4F15D,GR0000000398,2022-Q1,2022-04-12,348921.0,305305.0,218075.0,324450.0,124788.0,49915.0,83741.0,119797.0,-36056.0,Paid
VAT-87E56725,GR0000000398,2022-Q2,2022-07-26,500520.0,437955.0,312825.0,466661.0,179485.0,71794.0,120125.0,172306.0,-52181.0,Paid
VAT-B697C353,GR0000000398,2022-Q3,2022-10-24,465687.0,407476.0,291054.0,465283.0,178955.0,71582.0,111765.0,171797.0,-60032.0,Paid
VAT-E8113B49,GR0000000398,2022-Q4,2023-01-11,528500.0,462437.0,330312.0,557399.0,214384.0,85754.0,126840.0,205809.0,-78969.0,Paid
VAT-307394D3,GR0000000398,2023-Q1,2023-04-16,346492.0,303181.0,216558.0,346164.0,133140.0,53256.0,83158.0,127814.0,-44656.0,Paid
VAT-AE377EA4,GR0000000398,2023-Q2,2023-07-13,421701.0,368989.0,263563.0,409935.0,157667.0,63067.0,101208.0,151361.0,-50152.0,Paid
VAT-23C06946,GR0000000398,2023-Q3,2023-10-25,410591.0,359267.0,256619.0,369817.0,142237.0,56895.0,98542.0,136548.0,-38006.0,Paid
VAT-FF448215,GR0000000398,2023-Q4,2024-01-15,497117.0,434977.0,310698.0,454751.0,174904.0,69962.0,119308.0,167908.0,-48600.0,Paid
VAT-B4F3396D,GR0000000398,2024-Q1,2024-04-25,331356.0,289937.0,207098.0,320743.0,123363.0,49345.0,79525.0,118428.0,-38903.0,Paid
VAT-24779184,GR0000000398,2024-Q2,2024-07-13,454273.0,397489.0,283921.0,423830.0,163011.0,65205.0,109026.0,156491.0,-47465.0,Paid
VAT-D7712572,GR0000000398,2024-Q3,2024-10-15,459782.0,402310.0,287364.0,476034.0,183090.0,73236.0,110348.0,175766.0,-65419.0,Paid
VAT-3A1FE07E,GR0000000398,2024-Q4,2025-01-26,571171.0,499775.0,356982.0,584222.0,224701.0,89880.0,137081.0,215713.0,-78632.0,Paid
VAT-95FCAACE,GR0000000399,2024-Q1,2024-04-11,678850.0,282854.0,169713.0,515267.0,198180.0,79272.0,162924.0,190252.0,-27328.0,Paid
VAT-159C1F05,GR0000000399,2024-Q2,2024-07-15,875910.0,364962.0,218977.0,671911.0,258427.0,103371.0,210218.0,248090.0,-37872.0,Paid
VAT-CB5939DC,GR0000000399,2024-Q3,2024-10-23,791024.0,329593.0,197756.0,675455.0,259791.0,103916.0,189846.0,249399.0,-59553.0,Paid
VAT-E3161D85,GR0000000399,2024-Q4,2025-01-24,921595.0,383998.0,230399.0,760998.0,292692.0,117077.0,221183.0,280984.0,-59801.0,Paid
VAT-5AE68F3A,GR0000000400,2024-Q1,2024-04-16,231067.0,82596.0,17578.0,95460.0,36569.0,14194.0,55456.0,36942.0,18514.0,Partial
VAT-1BCC8C77,GR0000000400,2024-Q2,2024-08-13,220589.0,81804.0,16720.0,96982.0,36052.0,13881.0,52941.0,36942.0,15999.0,Unpaid
VAT-803AD47C,GR0000000400,2024-Q3,2024-10-22,212664.0,77943.0,16162.0,90434.0,33762.0,13288.0,51039.0,34884.0,16155.0,Paid
VAT-4843CF22,GR0000000400,2024-Q4,2025-02-07,271057.0,96224.0,20616.0,99854.0,37366.0,14449.0,65054.0,39242.0,25811.0,Paid
VAT-C5EDC709,GR0000000401,2022-Q1,2022-04-11,27066.0,14763.0,7382.0,22123.0,8509.0,3403.0,6496.0,8168.0,-1673.0,Paid
VAT-E437CCB2,GR0000000401,2022-Q2,2022-07-23,26481.0,14444.0,7222.0,22484.0,8648.0,3459.0,6356.0,8302.0,-1946.0,Paid
VAT-8828B8EB,GR0000000401,2022-Q3,2022-10-21,32074.0,17495.0,8748.0,27013.0,10389.0,4156.0,7698.0,9974.0,-2276.0,Paid
VAT-D703499B,GR0000000401,2022-Q4,2023-01-23,30381.0,16572.0,8286.0,24683.0,9494.0,3797.0,7292.0,9114.0,-1822.0,Paid
VAT-BAC3465D,GR0000000401,2023-Q1,2023-04-12,34403.0,18765.0,9383.0,27270.0,10489.0,4195.0,8257.0,10069.0,-1812.0,Paid
VAT-96B276BF,GR0000000401,2023-Q2,2023-07-13,38534.0,21019.0,10509.0,30794.0,11844.0,4738.0,9248.0,11370.0,-2122.0,Paid
VAT-CC95D431,GR0000000401,2023-Q3,2023-10-26,41585.0,22683.0,11341.0,36081.0,13877.0,5551.0,9980.0,13322.0,-3342.0,Paid
VAT-BC90392B,GR0000000401,2023-Q4,2024-01-14,50130.0,27344.0,13672.0,40365.0,15525.0,6210.0,12031.0,14904.0,-2873.0,Paid
VAT-39A266C9,GR0000000401,2024-Q1,2024-04-25,29149.0,15899.0,7950.0,23137.0,8899.0,3560.0,6996.0,8543.0,-1547.0,Paid
VAT-EA598A82,GR0000000401,2024-Q2,2024-07-19,33299.0,18163.0,9082.0,25592.0,9843.0,3937.0,7992.0,9449.0,-1457.0,Paid
VAT-688C2110,GR0000000401,2024-Q3,2024-10-18,33482.0,18263.0,9131.0,27862.0,10716.0,4286.0,8036.0,10287.0,-2252.0,Paid
VAT-E711466E,GR0000000401,2024-Q4,2025-01-11,39776.0,21696.0,10848.0,33766.0,12987.0,5195.0,9546.0,12467.0,-2921.0,Paid
VAT-BE0EEC34,GR0000000402,2022-Q1,2022-04-23,5427.0,2714.0,905.0,3390.0,1304.0,521.0,1303.0,1252.0,51.0,Paid
VAT-0F19F5A7,GR0000000402,2022-Q2,2022-07-21,14201.0,7100.0,2367.0,8841.0,3400.0,1360.0,3408.0,3264.0,144.0,Paid
VAT-3AF79D94,GR0000000402,2022-Q3,2022-10-23,20941.0,10471.0,3490.0,12843.0,4940.0,1976.0,5026.0,4742.0,284.0,Paid
VAT-2ECF0B62,GR0000000402,2022-Q4,2023-01-25,10393.0,5196.0,1732.0,6061.0,2331.0,932.0,2494.0,2238.0,256.0,Paid
VAT-017055D7,GR0000000402,2023-Q1,2023-04-21,6454.0,3227.0,1076.0,3901.0,1500.0,600.0,1549.0,1440.0,109.0,Paid
VAT-5904F35E,GR0000000402,2023-Q2,2023-07-12,18404.0,9202.0,3067.0,10308.0,3965.0,1586.0,4417.0,3806.0,611.0,Paid
VAT-00538209,GR0000000402,2023-Q3,2023-10-18,25729.0,12865.0,4288.0,15274.0,5875.0,2350.0,6175.0,5640.0,535.0,Paid
VAT-679D090D,GR0000000402,2023-Q4,2024-01-26,13170.0,6585.0,2195.0,7258.0,2792.0,1117.0,3161.0,2680.0,481.0,Paid
VAT-4F364959,GR0000000402,2024-Q1,2024-04-10,4614.0,2307.0,769.0,2667.0,1026.0,410.0,1107.0,985.0,123.0,Paid
VAT-46E58185,GR0000000402,2024-Q2,2024-07-18,14045.0,7022.0,2341.0,8874.0,3413.0,1365.0,3371.0,3277.0,94.0,Paid
VAT-5C9E848D,GR0000000402,2024-Q3,2024-10-17,19342.0,9671.0,3224.0,11696.0,4498.0,1799.0,4642.0,4318.0,324.0,Paid
VAT-2191877D,GR0000000402,2024-Q4,2025-01-25,9149.0,4574.0,1525.0,5269.0,2026.0,811.0,2196.0,1945.0,250.0,Paid
VAT-80719044,GR0000000403,2022-Q1,2022-04-12,107234.0,30638.0,15319.0,82552.0,31751.0,12700.0,25736.0,30481.0,-4745.0,Paid
VAT-55AC416D,GR0000000403,2022-Q2,2022-07-13,173189.0,49483.0,24741.0,126338.0,48592.0,19437.0,41565.0,46648.0,-5083.0,Paid
VAT-99FE0971,GR0000000403,2022-Q3,2022-10-23,133336.0,38096.0,19048.0,99704.0,38348.0,15339.0,32001.0,36814.0,-4813.0,Paid
VAT-1FEA8CAA,GR0000000403,2022-Q4,2023-01-23,145942.0,41698.0,20849.0,115121.0,44277.0,17711.0,35026.0,42506.0,-7480.0,Paid
VAT-9D84F262,GR0000000403,2023-Q1,2023-04-15,85708.0,24488.0,12244.0,62924.0,24202.0,9681.0,20570.0,23233.0,-2663.0,Paid
VAT-96766FC8,GR0000000403,2023-Q2,2023-07-19,107531.0,30723.0,15362.0,75833.0,29167.0,11667.0,25807.0,28000.0,-2193.0,Paid
VAT-F169CEBE,GR0000000403,2023-Q3,2023-10-13,90952.0,25986.0,12993.0,65031.0,25012.0,10005.0,21828.0,24012.0,-2183.0,Paid
VAT-91360940,GR0000000403,2023-Q4,2024-01-23,93620.0,26749.0,13374.0,66662.0,25639.0,10256.0,22469.0,24614.0,-2145.0,Paid
VAT-18745E4A,GR0000000403,2024-Q1,2024-04-20,139862.0,39960.0,19980.0,107077.0,41183.0,16473.0,33567.0,39536.0,-5969.0,Paid
VAT-F9797FCA,GR0000000403,2024-Q2,2024-07-13,230686.0,65910.0,32955.0,162871.0,62643.0,25057.0,55365.0,60137.0,-4772.0,Paid
VAT-FEA123B7,GR0000000403,2024-Q3,2024-10-17,187929.0,53694.0,26847.0,141503.0,54424.0,21770.0,45103.0,52247.0,-7144.0,Paid
VAT-BB08D980,GR0000000403,2024-Q4,2025-01-20,174391.0,49826.0,24913.0,129353.0,49751.0,19901.0,41854.0,47761.0,-5907.0,Paid
VAT-D8337762,GR0000000404,2022-Q1,2022-04-24,3800261.0,712549.0,237516.0,2128040.0,818477.0,327391.0,912063.0,785738.0,126325.0,Partial
VAT-7C687163,GR0000000404,2022-Q2,2022-07-21,2697082.0,505703.0,168568.0,1577289.0,606649.0,242660.0,647300.0,582384.0,64916.0,Paid
VAT-75B6BEAA,GR0000000404,2022-Q3,2022-10-20,2993828.0,561343.0,187114.0,1737525.0,668279.0,267312.0,718519.0,641548.0,76971.0,Paid
VAT-5C15F44E,GR0000000404,2022-Q4,2023-01-24,4048890.0,759167.0,253056.0,2278468.0,876334.0,350534.0,971734.0,841281.0,130453.0,Paid
VAT-6D366D83,GR0000000404,2023-Q1,2023-04-19,6555256.0,1229111.0,409704.0,3686541.0,1417900.0,567160.0,1573262.0,1361184.0,212077.0,Paid
VAT-5CDB3968,GR0000000404,2023-Q2,2023-07-19,5694056.0,1067636.0,355879.0,3042742.0,1170285.0,468114.0,1366573.0,1123474.0,243099.0,Paid
VAT-57F39BB9,GR0000000404,2023-Q3,2023-10-16,5132120.0,962273.0,320758.0,2822053.0,1085405.0,434162.0,1231709.0,1041989.0,189720.0,Paid
VAT-63CCF329,GR0000000404,2023-Q4,2024-01-25,6835575.0,1281670.0,427223.0,3782471.0,1454797.0,581919.0,1640538.0,1396605.0,243933.0,Paid
VAT-3CA4E772,GR0000000404,2024-Q1,2024-04-16,4312284.0,808553.0,269518.0,2407613.0,926005.0,370402.0,1034948.0,888965.0,145983.0,Paid
VAT-D2C2E8A3,GR0000000404,2024-Q2,2024-07-19,3700506.0,693845.0,231282.0,2057081.0,791185.0,316474.0,888121.0,759538.0,128584.0,Paid
VAT-E4817B13,GR0000000404,2024-Q3,2024-10-19,3467837.0,650219.0,216740.0,2023072.0,778105.0,311242.0,832281.0,746981.0,85300.0,Paid
VAT-00B0698F,GR0000000404,2024-Q4,2025-01-23,4597141.0,861964.0,287321.0,2485069.0,955796.0,382318.0,1103314.0,917564.0,185750.0,Paid
VAT-B40E9687,GR0000000405,2022-Q1,2022-04-15,495104.0,270057.0,135028.0,425805.0,163771.0,65509.0,118825.0,157220.0,-38395.0,Paid
VAT-00A6ECBE,GR0000000405,2022-Q2,2022-07-16,482677.0,263279.0,131639.0,376822.0,144931.0,57973.0,115843.0,139134.0,-23292.0,Paid
VAT-D7C8F56D,GR0000000405,2022-Q3,2022-10-18,525063.0,286398.0,143199.0,407672.0,156797.0,62719.0,126015.0,150525.0,-24510.0,Paid
VAT-D699DC02,GR0000000405,2022-Q4,2023-01-21,532311.0,290351.0,145176.0,429211.0,165081.0,66032.0,127755.0,158478.0,-30723.0,Paid
VAT-E5E0F199,GR0000000405,2023-Q1,2023-04-17,494387.0,269665.0,134833.0,428395.0,164767.0,65907.0,118653.0,158176.0,-39524.0,Paid
VAT-3FDEE6FE,GR0000000405,2023-Q2,2023-07-13,476830.0,260089.0,130045.0,416898.0,160346.0,64138.0,114439.0,153932.0,-39493.0,Paid
VAT-C872277E,GR0000000405,2023-Q3,2023-10-23,547025.0,298377.0,149189.0,473156.0,181983.0,72793.0,131286.0,174704.0,-43418.0,Paid
VAT-DE4EE054,GR0000000405,2023-Q4,2024-01-21,641015.0,349645.0,174822.0,545951.0,209981.0,83992.0,153844.0,201582.0,-47738.0,Paid
VAT-CD031C77,GR0000000405,2024-Q1,2024-04-17,534207.0,291386.0,145693.0,432971.0,166527.0,66611.0,128210.0,159866.0,-31656.0,Paid
VAT-2939AC55,GR0000000405,2024-Q2,2024-07-23,561456.0,306249.0,153124.0,486030.0,186934.0,74774.0,134749.0,179457.0,-44708.0,Paid
VAT-2105BAD6,GR0000000405,2024-Q3,2024-10-18,642988.0,350721.0,175360.0,518122.0,199278.0,79711.0,154317.0,191307.0,-36989.0,Paid
VAT-C3543CF0,GR0000000405,2024-Q4,2025-01-23,678424.0,370049.0,185025.0,546325.0,210125.0,84050.0,162822.0,201720.0,-38898.0,Paid
VAT-B52E6322,GR0000000406,2022-Q1,2022-04-19,1588393.0,809334.0,277816.0,916048.0,339936.0,132242.0,381214.0,354008.0,27207.0,Paid
VAT-973DBB9D,GR0000000406,2022-Q2,2022-07-25,4432403.0,2349423.0,820521.0,2187274.0,863342.0,333100.0,1063777.0,871628.0,192149.0,Unpaid
VAT-F3364BB6,GR0000000406,2022-Q3,2022-10-16,6472548.0,3205064.0,1116341.0,3375598.0,1289348.0,516252.0,1553411.0,1310043.0,243368.0,Paid
VAT-8D1EC3EF,GR0000000406,2022-Q4,2023-02-05,3576467.0,1867995.0,650137.0,1745941.0,634527.0,250178.0,858352.0,655714.0,202638.0,Paid
VAT-7ACAA5F5,GR0000000406,2023-Q1,2023-04-21,2950352.0,1610596.0,529280.0,1474513.0,558239.0,222319.0,708084.0,560001.0,148083.0,Paid
VAT-ABB03AF3,GR0000000406,2023-Q2,2023-08-06,9129147.0,4653993.0,1630901.0,4145170.0,1620526.0,618071.0,2190995.0,1631165.0,559831.0,Paid
VAT-3BE41AE1,GR0000000406,2023-Q3,2023-10-23,10407343.0,5402530.0,1930149.0,4747734.0,1842873.0,718352.0,2497762.0,1864431.0,633332.0,Partial
VAT-5CB2700F,GR0000000406,2023-Q4,2024-01-21,5740871.0,3021435.0,1053829.0,2821648.0,1049863.0,406349.0,1377809.0,1067370.0,310439.0,Partial
VAT-D93DEED1,GR0000000406,2024-Q1,2024-04-25,1607477.0,802341.0,274044.0,904874.0,331793.0,127535.0,385795.0,340499.0,45296.0,Paid
VAT-686E0513,GR0000000406,2024-Q2,2024-07-26,4236813.0,2321546.0,780353.0,2307247.0,870653.0,338271.0,1016835.0,897213.0,119622.0,Paid
VAT-FEE0B101,GR0000000406,2024-Q3,2024-10-24,5815694.0,2919867.0,1032322.0,3300627.0,1208991.0,472304.0,1395767.0,1276637.0,119130.0,Paid
VAT-97FE4C52,GR0000000406,2024-Q4,2025-01-19,2761791.0,1494805.0,501920.0,1356810.0,525333.0,205339.0,662830.0,534680.0,128150.0,Paid
VAT-F367CC4A,GR0000000407,2022-Q1,2022-04-22,111349.0,20878.0,6959.0,76349.0,29365.0,11746.0,26724.0,28191.0,-1467.0,Paid
VAT-B34D53EF,GR0000000407,2022-Q2,2022-07-14,118935.0,22300.0,7433.0,76691.0,29497.0,11799.0,28544.0,28317.0,228.0,Paid
VAT-262A45EB,GR0000000407,2022-Q3,2022-10-25,103776.0,19458.0,6486.0,67520.0,25969.0,10388.0,24906.0,24930.0,-24.0,Paid
VAT-D90AD9C3,GR0000000407,2022-Q4,2023-01-15,216945.0,40677.0,13559.0,146513.0,56351.0,22540.0,52067.0,54097.0,-2030.0,Paid
VAT-E53EB5AA,GR0000000407,2023-Q1,2023-04-21,129292.0,24242.0,8081.0,84612.0,32543.0,13017.0,31030.0,31241.0,-211.0,Paid
VAT-3500DC13,GR0000000407,2023-Q2,2023-07-16,131321.0,24623.0,8208.0,80246.0,30864.0,12346.0,31517.0,29629.0,1888.0,Paid
VAT-86EDE31C,GR0000000407,2023-Q3,2023-10-16,139974.0,26245.0,8748.0,94636.0,36398.0,14559.0,33594.0,34943.0,-1349.0,Paid
VAT-11E2DB01,GR0000000407,2023-Q4,2024-01-26,270087.0,50641.0,16880.0,177260.0,68177.0,27271.0,64821.0,65450.0,-629.0,Paid
VAT-FDC15403,GR0000000407,2024-Q1,2024-04-14,189242.0,35483.0,11828.0,124680.0,47954.0,19182.0,45418.0,46036.0,-618.0,Paid
VAT-A42FDDF6,GR0000000407,2024-Q2,2024-07-11,213708.0,40070.0,13357.0,144875.0,55721.0,22289.0,51290.0,53492.0,-2202.0,Paid
VAT-EAC48E89,GR0000000407,2024-Q3,2024-10-26,208964.0,39181.0,13060.0,131561.0,50600.0,20240.0,50151.0,48576.0,1575.0,Paid
VAT-B5EDBBE3,GR0000000407,2024-Q4,2025-01-13,400832.0,75156.0,25052.0,253486.0,97495.0,38998.0,96200.0,93595.0,2605.0,Paid
VAT-85B5C4F6,GR0000000408,2022-Q1,2022-04-17,541437.0,208245.0,83298.0,376727.0,144895.0,57958.0,129945.0,139099.0,-9154.0,Paid
VAT-5E83B3AF,GR0000000408,2022-Q2,2022-07-20,850139.0,326977.0,130791.0,552976.0,212683.0,85073.0,204033.0,204176.0,-142.0,Paid
VAT-BFEF331C,GR0000000408,2022-Q3,2022-10-16,791359.0,304369.0,121748.0,536064.0,206179.0,82471.0,189926.0,197931.0,-8005.0,Paid
VAT-2B789EE4,GR0000000408,2022-Q4,2023-01-12,512480.0,197108.0,78843.0,343991.0,132304.0,52922.0,122995.0,127012.0,-4017.0,Paid
VAT-0BE967CA,GR0000000408,2023-Q1,2023-04-13,469002.0,180385.0,72154.0,329068.0,126565.0,50626.0,112561.0,121502.0,-8942.0,Paid
VAT-5BFE01FE,GR0000000408,2023-Q2,2023-07-13,704981.0,271147.0,108459.0,488531.0,187896.0,75159.0,169195.0,180381.0,-11185.0,Paid
VAT-A46140D1,GR0000000408,2023-Q3,2023-10-18,770535.0,296360.0,118544.0,536060.0,206177.0,82471.0,184928.0,197930.0,-13001.0,Paid
VAT-0DC851AA,GR0000000408,2023-Q4,2024-01-13,505373.0,194374.0,77750.0,363909.0,139965.0,55986.0,121290.0,134366.0,-13077.0,Paid
VAT-3DEFF744,GR0000000408,2024-Q1,2024-04-12,452537.0,174053.0,69621.0,320588.0,123303.0,49321.0,108609.0,118371.0,-9762.0,Paid
VAT-68CABBC1,GR0000000408,2024-Q2,2024-07-24,732996.0,281922.0,112769.0,538479.0,207107.0,82843.0,175919.0,198823.0,-22904.0,Paid
VAT-7BEFC1B5,GR0000000408,2024-Q3,2024-10-12,704123.0,270816.0,108327.0,521627.0,200626.0,80250.0,168989.0,192601.0,-23611.0,Paid
VAT-47A8D5CA,GR0000000408,2024-Q4,2025-01-24,490383.0,188609.0,75444.0,320039.0,123092.0,49237.0,117692.0,118168.0,-477.0,Paid
VAT-0143981A,GR0000000409,2023-Q1,2023-04-11,217419.0,40766.0,13589.0,125470.0,48258.0,19303.0,52181.0,46327.0,5853.0,Paid
VAT-A88FDFB4,GR0000000409,2023-Q2,2023-07-15,219061.0,41074.0,13691.0,132045.0,50787.0,20315.0,52575.0,48755.0,3819.0,Paid
VAT-EEA3E25B,GR0000000409,2023-Q3,2023-10-26,196829.0,36905.0,12302.0,122384.0,47071.0,18828.0,47239.0,45188.0,2051.0,Paid
VAT-226E7163,GR0000000409,2023-Q4,2024-01-13,450771.0,84520.0,28173.0,290938.0,111899.0,44760.0,108185.0,107423.0,762.0,Paid
VAT-B1F8CFC5,GR0000000409,2024-Q1,2024-04-20,190694.0,35755.0,11918.0,111624.0,42932.0,17173.0,45767.0,41215.0,4551.0,Paid
VAT-77A53EB9,GR0000000409,2024-Q2,2024-07-15,201541.0,37789.0,12596.0,124627.0,47933.0,19173.0,48370.0,46016.0,2354.0,Paid
VAT-4F3C5852,GR0000000409,2024-Q3,2024-10-13,185869.0,34850.0,11617.0,114404.0,44001.0,17601.0,44608.0,42241.0,2367.0,Paid
VAT-7260D7E5,GR0000000409,2024-Q4,2025-01-18,420622.0,78867.0,26289.0,250309.0,96273.0,38509.0,100949.0,92422.0,8528.0,Paid
VAT-4DCF053B,GR0000000410,2022-Q1,2022-04-18,673114.0,258890.0,103556.0,470135.0,180821.0,72328.0,161547.0,173588.0,-12041.0,Paid
VAT-EBBA0CE7,GR0000000410,2022-Q2,2022-07-17,1036323.0,398586.0,159434.0,678332.0,260897.0,104359.0,248718.0,250461.0,-1743.0,Paid
VAT-16F450A3,GR0000000410,2022-Q3,2022-10-18,963132.0,370435.0,148174.0,712837.0,274168.0,109667.0,231152.0,263202.0,-32050.0,Paid
VAT-8C931C1D,GR0000000410,2022-Q4,2023-01-13,681185.0,261994.0,104798.0,447682.0,172185.0,68874.0,163484.0,165298.0,-1813.0,Paid
VAT-889696E1,GR0000000410,2023-Q1,2023-04-11,1022227.0,393164.0,157266.0,677161.0,260447.0,104179.0,245334.0,250029.0,-4694.0,Paid
VAT-D2409699,GR0000000410,2023-Q2,2023-07-25,1448676.0,557183.0,222873.0,1063978.0,409222.0,163689.0,347682.0,392853.0,-45171.0,Paid
VAT-58227C11,GR0000000410,2023-Q3,2023-10-16,1342481.0,516339.0,206536.0,880090.0,338496.0,135398.0,322195.0,324956.0,-2761.0,Paid
VAT-78F034C5,GR0000000410,2023-Q4,2024-01-19,926301.0,356269.0,142508.0,652015.0,250775.0,100310.0,222312.0,240744.0,-18432.0,Paid
VAT-B011FBF3,GR0000000410,2024-Q1,2024-04-13,1598661.0,614869.0,245948.0,1178939.0,453438.0,181375.0,383679.0,435301.0,-51622.0,Paid
VAT-20B7C305,GR0000000410,2024-Q2,2024-07-17,2455002.0,944231.0,377693.0,1721978.0,662299.0,264920.0,589200.0,635807.0,-46607.0,Paid
VAT-B2ADAC50,GR0000000410,2024-Q3,2024-10-24,2200010.0,846158.0,338463.0,1568428.0,603241.0,241297.0,528002.0,579112.0,-51109.0,Paid
VAT-F4C2785F,GR0000000410,2024-Q4,2025-01-19,1390658.0,534868.0,213947.0,975866.0,375333.0,150133.0,333758.0,360320.0,-26562.0,Paid
VAT-BFBCE95C,GR0000000411,2022-Q1,2022-04-24,53262.0,15218.0,7609.0,40413.0,15543.0,6217.0,12783.0,14922.0,-2139.0,Paid
VAT-55FB4140,GR0000000411,2022-Q2,2022-07-20,79176.0,22622.0,11311.0,57515.0,22121.0,8849.0,19002.0,21236.0,-2234.0,Paid
VAT-7CF649A0,GR0000000411,2022-Q3,2022-10-15,72991.0,20855.0,10427.0,52329.0,20127.0,8051.0,17518.0,19321.0,-1804.0,Paid
VAT-EBB31E26,GR0000000411,2022-Q4,2023-01-24,74532.0,21295.0,10647.0,52056.0,20022.0,8009.0,17888.0,19221.0,-1333.0,Paid
VAT-3D32612C,GR0000000411,2023-Q1,2023-04-15,69809.0,19946.0,9973.0,49162.0,18908.0,7563.0,16754.0,18152.0,-1398.0,Paid
VAT-BF88593C,GR0000000411,2023-Q2,2023-07-20,120369.0,34391.0,17196.0,83846.0,32248.0,12899.0,28889.0,30958.0,-2070.0,Paid
VAT-6C168AF7,GR0000000411,2023-Q3,2023-10-17,94118.0,26891.0,13445.0,71163.0,27370.0,10948.0,22588.0,26276.0,-3687.0,Paid
VAT-7292C6A5,GR0000000411,2023-Q4,2024-01-15,96763.0,27647.0,13823.0,68713.0,26428.0,10571.0,23223.0,25371.0,-2148.0,Paid
VAT-9AD95C31,GR0000000411,2024-Q1,2024-04-10,59420.0,16977.0,8489.0,41651.0,16020.0,6408.0,14261.0,15379.0,-1118.0,Paid
VAT-724A9517,GR0000000411,2024-Q2,2024-07-20,86472.0,24706.0,12353.0,63331.0,24358.0,9743.0,20753.0,23384.0,-2631.0,Paid
VAT-DE70FC32,GR0000000411,2024-Q3,2024-10-13,68622.0,19606.0,9803.0,48725.0,18741.0,7496.0,16469.0,17991.0,-1521.0,Paid
VAT-F4B7C2B0,GR0000000411,2024-Q4,2025-01-20,69515.0,19861.0,9931.0,53236.0,20476.0,8190.0,16684.0,19657.0,-2973.0,Paid
VAT-A9C97BCC,GR0000000412,2022-Q1,2022-04-27,145792.0,100777.0,35343.0,111517.0,38512.0,13891.0,34990.0,47355.0,-12365.0,Paid
VAT-AF486F5C,GR0000000412,2022-Q2,2022-07-26,503214.0,293643.0,109078.0,364742.0,118513.0,46927.0,120771.0,156996.0,-36225.0,Paid
VAT-EFF2EA75,GR0000000412,2022-Q3,2022-11-18,705247.0,393491.0,141110.0,491881.0,180343.0,68453.0,169259.0,213994.0,-44735.0,Paid
VAT-1E76E2AC,GR0000000412,2022-Q4,2023-02-19,350939.0,226639.0,74721.0,271470.0,98158.0,35480.0,84225.0,114460.0,-30235.0,Paid
VAT-A59DD352,GR0000000412,2023-Q1,2023-05-19,266928.0,165272.0,57554.0,183497.0,63505.0,23030.0,64063.0,77615.0,-13552.0,Paid
VAT-A9027E89,GR0000000412,2023-Q2,2023-07-30,735749.0,404846.0,153486.0,523407.0,184519.0,69044.0,176580.0,222744.0,-46165.0,Paid
VAT-465CEE2A,GR0000000412,2023-Q3,2023-10-31,998645.0,606616.0,202528.0,762004.0,252726.0,95901.0,239675.0,325663.0,-85988.0,Paid
VAT-C5C68493,GR0000000412,2023-Q4,2024-02-14,432005.0,283631.0,100393.0,296380.0,107105.0,40226.0,103681.0,125065.0,-21383.0,Paid
VAT-F563CFF1,GR0000000412,2024-Q1,2024-06-06,135906.0,76977.0,25934.0,100535.0,35692.0,12983.0,32617.0,44268.0,-11650.0,Paid
VAT-81CE9279,GR0000000412,2024-Q2,2024-09-08,306980.0,230865.0,80424.0,244628.0,87003.0,31484.0,73675.0,103892.0,-30217.0,Paid
VAT-2BC13D91,GR0000000412,2024-Q3,2024-11-18,480868.0,297871.0,103222.0,313624.0,119402.0,44708.0,115408.0,135504.0,-20096.0,Paid
VAT-6550FFB3,GR0000000412,2024-Q4,2025-02-09,226834.0,170138.0,57611.0,182795.0,62848.0,24494.0,54440.0,78758.0,-24318.0,Paid
VAT-372BDF2D,GR0000000413,2022-Q1,2022-04-13,30858.0,11868.0,4747.0,23290.0,8958.0,3583.0,7406.0,8599.0,-1194.0,Paid
VAT-3F3F88B5,GR0000000413,2022-Q2,2022-07-22,43443.0,16709.0,6684.0,33487.0,12879.0,5152.0,10426.0,12364.0,-1938.0,Paid
VAT-0CFE57E7,GR0000000413,2022-Q3,2022-10-26,45739.0,17592.0,7037.0,35404.0,13617.0,5447.0,10977.0,13072.0,-2095.0,Paid
VAT-1B205E4A,GR0000000413,2022-Q4,2023-01-22,31597.0,12153.0,4861.0,23284.0,8955.0,3582.0,7583.0,8597.0,-1014.0,Paid
VAT-B8E360F8,GR0000000413,2023-Q1,2023-04-23,29579.0,11377.0,4551.0,21522.0,8278.0,3311.0,7099.0,7947.0,-848.0,Paid
VAT-96F35D8F,GR0000000413,2023-Q2,2023-07-21,46726.0,17972.0,7189.0,35985.0,13841.0,5536.0,11214.0,13287.0,-2073.0,Paid
VAT-9F8FDE05,GR0000000413,2023-Q3,2023-10-19,44660.0,17177.0,6871.0,31278.0,12030.0,4812.0,10718.0,11549.0,-830.0,Paid
VAT-41CC5BDE,GR0000000413,2023-Q4,2024-01-21,30701.0,11808.0,4723.0,23254.0,8944.0,3577.0,7368.0,8586.0,-1218.0,Paid
VAT-46A90449,GR0000000413,2024-Q1,2024-04-17,30235.0,11629.0,4652.0,23699.0,9115.0,3646.0,7256.0,8750.0,-1494.0,Paid
VAT-9B7E0B97,GR0000000413,2024-Q2,2024-07-19,47645.0,18325.0,7330.0,36321.0,13969.0,5588.0,11435.0,13411.0,-1976.0,Paid
VAT-29AF013E,GR0000000413,2024-Q3,2024-10-13,46319.0,17815.0,7126.0,33233.0,12782.0,5113.0,11117.0,12271.0,-1154.0,Paid
VAT-FDA92108,GR0000000413,2024-Q4,2025-01-22,29147.0,11211.0,4484.0,20599.0,7923.0,3169.0,6995.0,7606.0,-610.0,Paid
VAT-1E0C9D3C,GR0000000414,2022-Q1,2022-04-20,29206.0,26622.0,19853.0,33053.0,11886.0,4723.0,7009.0,12330.0,-5321.0,Paid
VAT-40600305,GR0000000414,2022-Q2,2022-07-26,36934.0,34975.0,25554.0,44701.0,17241.0,6776.0,8864.0,17072.0,-8208.0,Paid
VAT-467F9DF2,GR0000000414,2022-Q3,2022-11-04,42358.0,39942.0,29801.0,49982.0,18563.0,7150.0,10166.0,19391.0,-9225.0,Paid
VAT-4EC26D9C,GR0000000414,2022-Q4,2023-01-20,51075.0,44836.0,32891.0,56517.0,21999.0,8545.0,12258.0,21601.0,-9343.0,Paid
VAT-C0AF126E,GR0000000414,2023-Q1,2023-04-20,5494.0,4823.0,3651.0,6161.0,2284.0,896.0,1319.0,2381.0,-1062.0,Paid
VAT-9AEDA777,GR0000000414,2023-Q2,2023-08-04,7976.0,7265.0,5412.0,9023.0,3394.0,1325.0,1914.0,3558.0,-1643.0,Paid
VAT-228F18B9,GR0000000414,2023-Q3,2023-11-02,8243.0,7495.0,5528.0,9369.0,3602.0,1422.0,1978.0,3589.0,-1610.0,Paid
VAT-FEC2EF57,GR0000000414,2023-Q4,2024-01-18,9025.0,8613.0,6265.0,10344.0,3884.0,1497.0,2166.0,3898.0,-1732.0,Paid
VAT-CDCC8BBB,GR0000000414,2024-Q1,2024-04-12,9711.0,9534.0,6684.0,12131.0,4474.0,1763.0,2331.0,4726.0,-2395.0,Paid
VAT-100E2C4E,GR0000000414,2024-Q2,2024-07-24,11728.0,10798.0,8229.0,12865.0,4761.0,1874.0,2815.0,4841.0,-2026.0,Paid
VAT-CCA98F75,GR0000000414,2024-Q3,2024-10-17,13988.0,12112.0,8943.0,15028.0,5713.0,2267.0,3357.0,5740.0,-2383.0,Paid
VAT-5BF84E04,GR0000000414,2024-Q4,2025-02-06,16186.0,15781.0,11717.0,19604.0,7372.0,2843.0,3885.0,7591.0,-3707.0,Paid
VAT-AE851CD7,GR0000000415,2023-Q1,2023-04-15,11751.0,4520.0,1808.0,9386.0,3610.0,1444.0,2820.0,3466.0,-646.0,Paid
VAT-580C08A2,GR0000000415,2023-Q2,2023-07-17,17513.0,6736.0,2694.0,12469.0,4796.0,1918.0,4203.0,4604.0,-401.0,Paid
VAT-BDDD2AAC,GR0000000415,2023-Q3,2023-10-21,15931.0,6127.0,2451.0,12104.0,4655.0,1862.0,3823.0,4469.0,-646.0,Paid
VAT-AE0C5FAA,GR0000000415,2023-Q4,2024-01-23,11883.0,4570.0,1828.0,8486.0,3264.0,1306.0,2852.0,3133.0,-281.0,Paid
VAT-9B5CB60A,GR0000000415,2024-Q1,2024-04-24,21933.0,8436.0,3374.0,16268.0,6257.0,2503.0,5264.0,6007.0,-743.0,Paid
VAT-474D1811,GR0000000415,2024-Q2,2024-07-24,32410.0,12465.0,4986.0,25717.0,9891.0,3956.0,7778.0,9495.0,-1717.0,Paid
VAT-B35D32F2,GR0000000415,2024-Q3,2024-10-23,30838.0,11861.0,4744.0,21658.0,8330.0,3332.0,7401.0,7997.0,-595.0,Paid
VAT-842B672E,GR0000000415,2024-Q4,2025-01-23,19524.0,7509.0,3004.0,15458.0,5946.0,2378.0,4686.0,5708.0,-1022.0,Paid
VAT-92D87E62,GR0000000416,2022-Q1,2022-04-25,1718435.0,613727.0,122745.0,567886.0,218418.0,87367.0,412424.0,209681.0,202744.0,Paid
VAT-097906F7,GR0000000416,2022-Q2,2022-07-22,1873097.0,668963.0,133793.0,636592.0,244843.0,97937.0,449543.0,235049.0,214494.0,Paid
VAT-52E15EF5,GR0000000416,2022-Q3,2022-10-23,1667526.0,595545.0,119109.0,604579.0,232530.0,93012.0,400206.0,223229.0,176977.0,Paid
VAT-A2BA6188,GR0000000416,2022-Q4,2023-01-22,2112081.0,754315.0,150863.0,716226.0,275472.0,110189.0,506899.0,264453.0,242447.0,Paid
VAT-75B2F176,GR0000000416,2023-Q1,2023-04-13,3311842.0,1182801.0,236560.0,1333337.0,512822.0,205129.0,794842.0,492309.0,302533.0,Paid
VAT-EFF22B1F,GR0000000416,2023-Q2,2023-07-14,3159931.0,1128547.0,225709.0,1307080.0,502723.0,201089.0,758384.0,482614.0,275770.0,Paid
VAT-685CD1B0,GR0000000416,2023-Q3,2023-10-20,3343571.0,1194132.0,238826.0,1282702.0,493347.0,197339.0,802457.0,473613.0,328844.0,Paid
VAT-111F4E2B,GR0000000416,2023-Q4,2024-01-24,3672513.0,1311612.0,262322.0,1447884.0,556878.0,222751.0,881403.0,534603.0,346800.0,Paid
VAT-403A9BFA,GR0000000416,2024-Q1,2024-04-14,2612913.0,933183.0,186637.0,968637.0,372553.0,149021.0,627099.0,357650.0,269449.0,Paid
VAT-79AD454D,GR0000000416,2024-Q2,2024-07-12,2495457.0,891235.0,178247.0,822414.0,316313.0,126525.0,598910.0,303661.0,295249.0,Paid
VAT-E918DAC3,GR0000000416,2024-Q3,2024-10-22,2850749.0,1018124.0,203625.0,934568.0,359449.0,143780.0,684180.0,345071.0,339108.0,Partial
VAT-A7F7ABFB,GR0000000416,2024-Q4,2025-01-12,3336563.0,1191630.0,238326.0,1367211.0,525851.0,210340.0,800775.0,504817.0,295959.0,Paid
VAT-8AF188F3,GR0000000417,2022-Q1,2022-04-11,356096.0,194234.0,97117.0,292033.0,112320.0,44928.0,85463.0,107827.0,-22364.0,Paid
VAT-5907332F,GR0000000417,2022-Q2,2022-07-22,417509.0,227732.0,113866.0,326154.0,125444.0,50177.0,100202.0,120426.0,-20224.0,Paid
VAT-468B7109,GR0000000417,2022-Q3,2022-10-24,387030.0,211107.0,105554.0,287944.0,110748.0,44299.0,92887.0,106318.0,-13430.0,Paid
VAT-43B9175C,GR0000000417,2022-Q4,2023-01-21,496801.0,270983.0,135491.0,405176.0,155837.0,62335.0,119232.0,149603.0,-30371.0,Paid
VAT-E1F52132,GR0000000417,2023-Q1,2023-04-25,258700.0,141109.0,70555.0,205042.0,78862.0,31545.0,62088.0,75708.0,-13620.0,Paid
VAT-59C25D74,GR0000000417,2023-Q2,2023-07-22,267398.0,145853.0,72927.0,218478.0,84030.0,33612.0,64176.0,80669.0,-16493.0,Paid
VAT-67A04812,GR0000000417,2023-Q3,2023-10-14,304186.0,165920.0,82960.0,216269.0,83180.0,33272.0,73005.0,79853.0,-6848.0,Paid
VAT-5E30EFBC,GR0000000417,2023-Q4,2024-01-14,333791.0,182068.0,91034.0,238421.0,91700.0,36680.0,80110.0,88032.0,-7922.0,Paid
VAT-8C72BC74,GR0000000417,2024-Q1,2024-04-25,394216.0,215027.0,107513.0,299033.0,115013.0,46005.0,94612.0,110412.0,-15800.0,Paid
VAT-B23B1BE2,GR0000000417,2024-Q2,2024-07-15,414376.0,226023.0,113012.0,335319.0,128969.0,51588.0,99450.0,123810.0,-24360.0,Paid
VAT-10E90CEE,GR0000000417,2024-Q3,2024-10-11,481921.0,262866.0,131433.0,356733.0,137205.0,54882.0,115661.0,131717.0,-16056.0,Paid
VAT-9A06A36F,GR0000000417,2024-Q4,2025-01-14,464938.0,253603.0,126801.0,367739.0,141438.0,56575.0,111585.0,135781.0,-24196.0,Paid
VAT-77FDD545,GR0000000418,2022-Q1,2022-04-23,115872.0,57936.0,19312.0,64453.0,24790.0,9916.0,27809.0,23798.0,4011.0,Partial
VAT-9230C4B9,GR0000000418,2022-Q2,2022-07-16,329516.0,164758.0,54919.0,176191.0,67766.0,27106.0,79084.0,65055.0,14029.0,Partial
VAT-395D2BD0,GR0000000418,2022-Q3,2022-10-18,473566.0,236783.0,78928.0,241341.0,92824.0,37129.0,113656.0,89111.0,24545.0,Paid
VAT-F80D9067,GR0000000418,2022-Q4,2023-01-14,205258.0,102629.0,34210.0,107384.0,41302.0,16521.0,49262.0,39649.0,9612.0,Paid
VAT-A43C6156,GR0000000418,2023-Q1,2023-04-11,128557.0,64278.0,21426.0,72810.0,28004.0,11202.0,30854.0,26884.0,3970.0,Paid
VAT-0BD7159C,GR0000000418,2023-Q2,2023-07-13,362452.0,181226.0,60409.0,204074.0,78490.0,31396.0,86989.0,75350.0,11638.0,Paid
VAT-3B897DAC,GR0000000418,2023-Q3,2023-10-19,522924.0,261462.0,87154.0,259122.0,99662.0,39865.0,125502.0,95676.0,29826.0,Paid
VAT-F83533A7,GR0000000418,2023-Q4,2024-01-25,260279.0,130140.0,43380.0,138636.0,53321.0,21329.0,62467.0,51189.0,11279.0,Paid
VAT-C8B3445D,GR0000000418,2024-Q1,2024-04-22,108121.0,54060.0,18020.0,62072.0,23874.0,9550.0,25949.0,22919.0,3030.0,Paid
VAT-7D18EAC7,GR0000000418,2024-Q2,2024-07-14,319334.0,159667.0,53222.0,155991.0,59996.0,23999.0,76640.0,57597.0,19044.0,Paid
VAT-C8587D72,GR0000000418,2024-Q3,2024-10-18,360413.0,180206.0,60069.0,201682.0,77570.0,31028.0,86499.0,74467.0,12032.0,Paid
VAT-0D44B426,GR0000000418,2024-Q4,2025-01-24,182802.0,91401.0,30467.0,104041.0,40016.0,16006.0,43873.0,38415.0,5457.0,Paid
VAT-FA5E93AF,GR0000000419,2022-Q1,2022-04-17,834598.0,347749.0,208650.0,710374.0,273221.0,109288.0,200304.0,262292.0,-61989.0,Paid
VAT-8120B604,GR0000000419,2022-Q2,2022-07-16,999511.0,416463.0,249878.0,836991.0,321920.0,128768.0,239883.0,309043.0,-69160.0,Paid
VAT-16CEB614,GR0000000419,2022-Q3,2022-10-21,1068686.0,445286.0,267171.0,920491.0,354035.0,141614.0,256485.0,339874.0,-83389.0,Paid
VAT-D4DEF880,GR0000000419,2022-Q4,2023-01-17,1396785.0,581994.0,349196.0,1105840.0,425323.0,170129.0,335228.0,408310.0,-73082.0,Paid
VAT-1B9C82AC,GR0000000419,2023-Q1,2023-04-24,979560.0,408150.0,244890.0,844393.0,324766.0,129907.0,235094.0,311776.0,-76681.0,Paid
VAT-5ACA416F,GR0000000419,2023-Q2,2023-07-19,1263997.0,526665.0,315999.0,1000655.0,384867.0,153947.0,303359.0,369473.0,-66113.0,Paid
VAT-0B45DFC0,GR0000000419,2023-Q3,2023-10-22,1145171.0,477154.0,286293.0,937993.0,360767.0,144307.0,274841.0,346336.0,-71495.0,Paid
VAT-2837C7A5,GR0000000419,2023-Q4,2024-01-15,1532789.0,638662.0,383197.0,1308940.0,503439.0,201375.0,367869.0,483301.0,-115432.0,Paid
VAT-2B1BAC78,GR0000000419,2024-Q1,2024-04-15,1753957.0,730815.0,438489.0,1468548.0,564826.0,225930.0,420950.0,542233.0,-121283.0,Paid
VAT-BB2449AC,GR0000000419,2024-Q2,2024-07-22,1972099.0,821708.0,493025.0,1635981.0,629224.0,251689.0,473304.0,604055.0,-130751.0,Paid
VAT-ED0FA7BC,GR0000000419,2024-Q3,2024-10-14,1894247.0,789269.0,473562.0,1537726.0,591433.0,236573.0,454619.0,567776.0,-113157.0,Paid
VAT-DBD02680,GR0000000419,2024-Q4,2025-01-18,2196560.0,915233.0,549140.0,1871449.0,719788.0,287915.0,527174.0,690997.0,-163822.0,Paid
VAT-5803D3D5,GR0000000420,2022-Q1,2022-04-12,32965.0,9419.0,4709.0,25513.0,9813.0,3925.0,7912.0,9420.0,-1509.0,Paid
VAT-8FBA8E44,GR0000000420,2022-Q2,2022-07-16,46109.0,13174.0,6587.0,33738.0,12976.0,5191.0,11066.0,12457.0,-1391.0,Paid
VAT-200F27DC,GR0000000420,2022-Q3,2022-10-22,40169.0,11477.0,5738.0,30187.0,11610.0,4644.0,9641.0,11146.0,-1505.0,Paid
VAT-67A71A68,GR0000000420,2022-Q4,2023-01-21,41121.0,11749.0,5874.0,30041.0,11554.0,4622.0,9869.0,11092.0,-1223.0,Paid
VAT-706D240F,GR0000000420,2023-Q1,2023-04-20,15975.0,4564.0,2282.0,11905.0,4579.0,1831.0,3834.0,4396.0,-562.0,Paid
VAT-1D7D50F1,GR0000000420,2023-Q2,2023-07-21,23957.0,6845.0,3422.0,18279.0,7030.0,2812.0,5750.0,6749.0,-1000.0,Paid
VAT-E855BA86,GR0000000420,2023-Q3,2023-10-26,19968.0,5705.0,2853.0,15316.0,5891.0,2356.0,4792.0,5655.0,-863.0,Paid
VAT-18CB6CDD,GR0000000420,2023-Q4,2024-01-23,20777.0,5936.0,2968.0,15486.0,5956.0,2382.0,4986.0,5718.0,-732.0,Paid
VAT-AC3B5A34,GR0000000420,2024-Q1,2024-04-15,7972.0,2278.0,1139.0,5868.0,2257.0,903.0,1913.0,2167.0,-253.0,Paid
VAT-CD30B570,GR0000000420,2024-Q2,2024-07-17,12522.0,3578.0,1789.0,9513.0,3659.0,1464.0,3005.0,3513.0,-507.0,Paid
VAT-8626B7F4,GR0000000420,2024-Q3,2024-10-13,9725.0,2778.0,1389.0,7210.0,2773.0,1109.0,2334.0,2662.0,-328.0,Paid
VAT-96F906D0,GR0000000420,2024-Q4,2025-01-13,11559.0,3302.0,1651.0,8736.0,3360.0,1344.0,2774.0,3225.0,-451.0,Paid
VAT-24D90DCC,GR0000000421,2022-Q1,2022-04-18,3745923.0,1070264.0,535132.0,2601682.0,1000647.0,400259.0,899021.0,960621.0,-61600.0,Paid
VAT-2066CBBD,GR0000000421,2022-Q2,2022-07-18,5740677.0,1640193.0,820097.0,4122743.0,1585671.0,634268.0,1377762.0,1522244.0,-144481.0,Paid
VAT-0A638AC6,GR0000000421,2022-Q3,2022-10-16,4585844.0,1310241.0,655121.0,3334641.0,1282554.0,513022.0,1100602.0,1231252.0,-130650.0,Paid
VAT-60794167,GR0000000421,2022-Q4,2023-01-11,4515383.0,1290109.0,645055.0,3075343.0,1182824.0,473130.0,1083692.0,1135511.0,-51820.0,Paid
VAT-20E60E66,GR0000000421,2023-Q1,2023-04-15,1876796.0,536228.0,268114.0,1376280.0,529339.0,211735.0,450431.0,508165.0,-57734.0,Paid
VAT-915634ED,GR0000000421,2023-Q2,2023-07-16,2986137.0,853182.0,426591.0,2107277.0,810491.0,324196.0,716673.0,778071.0,-61398.0,Paid
VAT-961CA285,GR0000000421,2023-Q3,2023-10-21,2408146.0,688042.0,344021.0,1771861.0,681485.0,272594.0,577955.0,654226.0,-76271.0,Paid
VAT-95EED3FB,GR0000000421,2023-Q4,2024-01-11,2785691.0,795912.0,397956.0,1881714.0,723736.0,289494.0,668566.0,694787.0,-26221.0,Paid
VAT-82E1871D,GR0000000421,2024-Q1,2024-04-16,1961472.0,560421.0,280210.0,1451763.0,558370.0,223348.0,470753.0,536036.0,-65282.0,Paid
VAT-477822FD,GR0000000421,2024-Q2,2024-07-14,3087287.0,882082.0,441041.0,2202796.0,847229.0,338892.0,740949.0,813340.0,-72391.0,Paid
VAT-14750240,GR0000000421,2024-Q3,2024-10-21,2159254.0,616930.0,308465.0,1489439.0,572861.0,229144.0,518221.0,549947.0,-31726.0,Paid
VAT-0C11F3E8,GR0000000421,2024-Q4,2025-01-16,2441152.0,697472.0,348736.0,1759163.0,676601.0,270640.0,585876.0,649537.0,-63661.0,Paid
VAT-CC3772A9,GR0000000422,2022-Q1,2022-04-29,13238139.0,6098787.0,1272213.0,5714636.0,2100179.0,746951.0,3177153.0,2436649.0,740504.0,Partial
VAT-96EF1E05,GR0000000422,2022-Q2,2022-07-31,14008637.0,6073447.0,1331537.0,6063140.0,1917976.0,761946.0,3362073.0,2486729.0,875344.0,Paid
VAT-FA7FDF7C,GR0000000422,2022-Q3,2022-12-05,12140812.0,6607983.0,1322057.0,5911950.0,2119427.0,767629.0,2913795.0,2487820.0,425975.0,Paid
VAT-44A0C3F7,GR0000000422,2022-Q4,2023-02-06,17628904.0,7594215.0,1566156.0,7830703.0,2687809.0,1051213.0,4230937.0,3406023.0,824914.0,Unpaid
VAT-12070811,GR0000000422,2023-Q1,2023-04-23,7932967.0,3650958.0,830280.0,2922602.0,1032732.0,399786.0,1903912.0,1241181.0,662731.0,Paid
VAT-7A6F0F4F,GR0000000422,2023-Q2,2023-08-26,7139475.0,3485855.0,704660.0,3074192.0,1096368.0,419705.0,1713474.0,1334672.0,378802.0,Paid
VAT-7A4453AE,GR0000000422,2023-Q3,2023-11-10,7611758.0,3956813.0,832138.0,3526338.0,1288021.0,478392.0,1826822.0,1540070.0,286752.0,Unpaid
VAT-8A5BF8F0,GR0000000422,2023-Q4,2024-02-12,8714311.0,4156045.0,882951.0,4388436.0,1542822.0,555934.0,2091435.0,1797093.0,294341.0,Unpaid
VAT-96906F16,GR0000000422,2024-Q1,2024-06-08,6050060.0,2566979.0,524007.0,2553483.0,851119.0,309501.0,1452014.0,1039240.0,412774.0,Partial
VAT-972C75E8,GR0000000422,2024-Q2,2024-07-22,5527084.0,2469858.0,523635.0,2434833.0,874882.0,328110.0,1326500.0,1076609.0,249891.0,Unpaid
VAT-EB2EAA6C,GR0000000422,2024-Q3,2024-11-11,5684936.0,2410373.0,528339.0,2197454.0,766891.0,297704.0,1364385.0,922038.0,442347.0,Unpaid
VAT-1F673CB9,GR0000000422,2024-Q4,2025-02-18,6405142.0,2926803.0,629225.0,2681677.0,957137.0,346851.0,1537234.0,1174715.0,362519.0,Partial
VAT-42E76060,GR0000000423,2022-Q1,2022-04-14,2124119.0,398272.0,132757.0,1178088.0,453111.0,181244.0,509789.0,434986.0,74802.0,Paid
VAT-0FD9C697,GR0000000423,2022-Q2,2022-07-18,2098001.0,393375.0,131125.0,1218576.0,468683.0,187473.0,503520.0,449936.0,53584.0,Paid
VAT-91AD112C,GR0000000423,2022-Q3,2022-10-17,2349910.0,440608.0,146869.0,1283558.0,493676.0,197470.0,563978.0,473929.0,90049.0,Paid
VAT-1415F52D,GR0000000423,2022-Q4,2023-01-11,4337199.0,813225.0,271075.0,2522194.0,970075.0,388030.0,1040928.0,931272.0,109656.0,Paid
VAT-71D54DE2,GR0000000423,2023-Q1,2023-04-25,2530890.0,474542.0,158181.0,1507317.0,579737.0,231895.0,607414.0,556548.0,50866.0,Paid
VAT-B726643B,GR0000000423,2023-Q2,2023-07-25,2502974.0,469308.0,156436.0,1420898.0,546499.0,218600.0,600714.0,524639.0,76075.0,Paid
VAT-1A54F8F0,GR0000000423,2023-Q3,2023-10-19,2207387.0,413885.0,137962.0,1219305.0,468963.0,187585.0,529773.0,450205.0,79568.0,Paid
VAT-776C0435,GR0000000423,2023-Q4,2024-01-20,4382800.0,821775.0,273925.0,2442843.0,939555.0,375822.0,1051872.0,901973.0,149899.0,Paid
VAT-46842D9C,GR0000000423,2024-Q1,2024-04-15,3227009.0,605064.0,201688.0,1872973.0,720374.0,288150.0,774482.0,691559.0,82923.0,Paid
VAT-82C773A8,GR0000000423,2024-Q2,2024-07-19,3175352.0,595378.0,198459.0,1874738.0,721053.0,288421.0,762084.0,692211.0,69874.0,Paid
VAT-F23FAD9F,GR0000000423,2024-Q3,2024-10-18,3173109.0,594958.0,198319.0,1737775.0,668375.0,267350.0,761546.0,641640.0,119906.0,Paid
VAT-F76B6546,GR0000000423,2024-Q4,2025-01-18,6451339.0,1209626.0,403209.0,3771011.0,1450389.0,580156.0,1548321.0,1392373.0,155948.0,Paid
VAT-0C1E5E96,GR0000000424,2022-Q1,2022-04-13,76636.0,14369.0,4790.0,45172.0,17374.0,6950.0,18393.0,16679.0,1714.0,Paid
VAT-2E0E8372,GR0000000424,2022-Q2,2022-07-18,70132.0,13150.0,4383.0,43581.0,16762.0,6705.0,16832.0,16091.0,740.0,Paid
VAT-43480BC2,GR0000000424,2022-Q3,2022-10-11,64020.0,12004.0,4001.0,38019.0,14623.0,5849.0,15365.0,14038.0,1327.0,Paid
VAT-75EB471E,GR0000000424,2022-Q4,2023-01-16,82008.0,15376.0,5125.0,52476.0,20183.0,8073.0,19682.0,19376.0,306.0,Paid
VAT-BE323C83,GR0000000424,2023-Q1,2023-04-14,29535.0,5538.0,1846.0,19118.0,7353.0,2941.0,7088.0,7059.0,29.0,Paid
VAT-00D8557F,GR0000000424,2023-Q2,2023-07-26,25427.0,4768.0,1589.0,16185.0,6225.0,2490.0,6103.0,5976.0,127.0,Paid
VAT-E5DBCF93,GR0000000424,2023-Q3,2023-10-15,22899.0,4294.0,1431.0,13928.0,5357.0,2143.0,5496.0,5143.0,353.0,Paid
VAT-92D36178,GR0000000424,2023-Q4,2024-01-11,33587.0,6298.0,2099.0,20091.0,7727.0,3091.0,8061.0,7418.0,643.0,Paid
VAT-37214E42,GR0000000424,2024-Q1,2024-04-17,49448.0,9272.0,3091.0,30647.0,11787.0,4715.0,11868.0,11316.0,552.0,Paid
VAT-F40E7042,GR0000000424,2024-Q2,2024-07-20,36959.0,6930.0,2310.0,22253.0,8559.0,3424.0,8870.0,8217.0,654.0,Paid
VAT-6D34B7B0,GR0000000424,2024-Q3,2024-10-17,35096.0,6581.0,2194.0,21227.0,8164.0,3266.0,8423.0,7838.0,585.0,Paid
VAT-91D731E3,GR0000000424,2024-Q4,2025-01-12,51792.0,9711.0,3237.0,29885.0,11494.0,4598.0,12430.0,11034.0,1396.0,Paid
VAT-A25BC92C,GR0000000425,2022-Q1,2022-04-10,54636.0,27318.0,9106.0,30597.0,11768.0,4707.0,13113.0,11297.0,1815.0,Paid
VAT-C0D89B8D,GR0000000425,2022-Q2,2022-07-19,176231.0,88115.0,29372.0,104511.0,40197.0,16079.0,42295.0,38589.0,3707.0,Paid
VAT-59969FE5,GR0000000425,2022-Q3,2022-10-15,220290.0,110145.0,36715.0,124422.0,47855.0,19142.0,52870.0,45940.0,6929.0,Paid
VAT-7A3BA876,GR0000000425,2022-Q4,2023-01-25,98611.0,49305.0,16435.0,53609.0,20619.0,8247.0,23667.0,19794.0,3873.0,Paid
VAT-40DFFD24,GR0000000425,2023-Q1,2023-04-11,106265.0,53133.0,17711.0,52097.0,20037.0,8015.0,25504.0,19236.0,6268.0,Paid
VAT-6CC83644,GR0000000425,2023-Q2,2023-07-14,285621.0,142811.0,47604.0,142359.0,54753.0,21901.0,68549.0,52563.0,15986.0,Paid
VAT-C6393526,GR0000000425,2023-Q3,2023-10-15,411599.0,205799.0,68600.0,228112.0,87735.0,35094.0,98784.0,84226.0,14558.0,Paid
VAT-5A7D0C6F,GR0000000425,2023-Q4,2024-01-25,177293.0,88646.0,29549.0,100989.0,38842.0,15537.0,42550.0,37288.0,5262.0,Paid
VAT-DE0341E0,GR0000000425,2024-Q1,2024-04-24,134436.0,67218.0,22406.0,72658.0,27945.0,11178.0,32265.0,26827.0,5437.0,Paid
VAT-697D609F,GR0000000425,2024-Q2,2024-07-21,434252.0,217126.0,72375.0,256115.0,98506.0,39402.0,104220.0,94565.0,9655.0,Paid
VAT-74C6E0AD,GR0000000425,2024-Q3,2024-10-23,601478.0,300739.0,100246.0,319146.0,122748.0,49099.0,144355.0,117838.0,26516.0,Paid
VAT-4B8ED79B,GR0000000425,2024-Q4,2025-01-23,305092.0,152546.0,50849.0,173497.0,66730.0,26692.0,73222.0,64060.0,9162.0,Paid
VAT-7BCBB0E7,GR0000000426,2022-Q1,2022-04-12,7223.0,2064.0,1032.0,5329.0,2050.0,820.0,1734.0,1968.0,-234.0,Paid
VAT-A02D4D83,GR0000000426,2022-Q2,2022-07-19,9663.0,2761.0,1380.0,7047.0,2710.0,1084.0,2319.0,2602.0,-283.0,Paid
VAT-5A4ED9B4,GR0000000426,2022-Q3,2022-10-20,8586.0,2453.0,1227.0,6610.0,2542.0,1017.0,2061.0,2440.0,-380.0,Paid
VAT-56B1F2BA,GR0000000426,2022-Q4,2023-01-11,8997.0,2570.0,1285.0,7101.0,2731.0,1092.0,2159.0,2622.0,-463.0,Paid
VAT-34B029C5,GR0000000426,2023-Q1,2023-04-12,25569.0,7305.0,3653.0,17915.0,6890.0,2756.0,6136.0,6615.0,-478.0,Paid
VAT-5672B48D,GR0000000426,2023-Q2,2023-07-25,40762.0,11646.0,5823.0,30108.0,11580.0,4632.0,9783.0,11117.0,-1334.0,Paid
VAT-7ABE48BD,GR0000000426,2023-Q3,2023-10-22,31882.0,9109.0,4555.0,23784.0,9148.0,3659.0,7652.0,8782.0,-1130.0,Paid
VAT-B5B387D2,GR0000000426,2023-Q4,2024-01-20,33006.0,9430.0,4715.0,23814.0,9159.0,3664.0,7921.0,8793.0,-871.0,Paid
VAT-0FC8EE62,GR0000000426,2024-Q1,2024-04-19,18904.0,5401.0,2701.0,14240.0,5477.0,2191.0,4537.0,5258.0,-721.0,Paid
VAT-7632949B,GR0000000426,2024-Q2,2024-07-24,29150.0,8328.0,4164.0,21037.0,8091.0,3236.0,6996.0,7768.0,-772.0,Paid
VAT-E6F3F7D7,GR0000000426,2024-Q3,2024-10-25,27318.0,7805.0,3903.0,20556.0,7906.0,3162.0,6556.0,7590.0,-1034.0,Paid
VAT-8475712A,GR0000000426,2024-Q4,2025-01-17,27418.0,7834.0,3917.0,19514.0,7506.0,3002.0,6580.0,7205.0,-625.0,Paid
VAT-34BD3963,GR0000000427,2022-Q1,2022-05-09,43840.0,5162.0,2738.0,23514.0,8634.0,3374.0,10522.0,9130.0,1391.0,Paid
VAT-0887FFB0,GR0000000427,2022-Q2,2022-07-20,47231.0,5863.0,2948.0,23692.0,8887.0,3442.0,11335.0,9003.0,2332.0,Paid
VAT-0B18232F,GR0000000427,2022-Q3,2022-10-23,41021.0,4871.0,2585.0,20487.0,7884.0,3049.0,9845.0,7857.0,1988.0,Partial
VAT-4EB101FD,GR0000000427,2022-Q4,2023-02-07,39452.0,5052.0,2654.0,20308.0,7783.0,2978.0,9469.0,7982.0,1486.0,Paid
VAT-60C84BAA,GR0000000427,2023-Q1,2023-04-18,33485.0,4171.0,2236.0,17993.0,6671.0,2634.0,8036.0,7024.0,1012.0,Partial
VAT-B7BBF874,GR0000000427,2023-Q2,2023-07-29,31789.0,3848.0,2050.0,14431.0,5417.0,2123.0,7629.0,5530.0,2099.0,Paid
VAT-0999A433,GR0000000427,2023-Q3,2023-11-11,37871.0,4529.0,2384.0,18565.0,6691.0,2626.0,9089.0,7201.0,1888.0,Paid
VAT-311D4763,GR0000000427,2023-Q4,2024-01-23,36549.0,4521.0,2320.0,19292.0,7030.0,2807.0,8772.0,7453.0,1319.0,Unpaid
VAT-C45E74F4,GR0000000427,2024-Q1,2024-04-18,38084.0,4816.0,2455.0,16994.0,6555.0,2545.0,9140.0,6485.0,2655.0,Paid
VAT-EC93D23A,GR0000000427,2024-Q2,2024-07-18,42411.0,5345.0,2767.0,19477.0,7292.0,2875.0,10179.0,7332.0,2847.0,Paid
VAT-121A6294,GR0000000427,2024-Q3,2024-10-30,39522.0,4663.0,2474.0,19101.0,7203.0,2836.0,9485.0,7444.0,2041.0,Paid
VAT-147606F5,GR0000000427,2024-Q4,2025-01-18,44988.0,5662.0,2837.0,21969.0,8434.0,3334.0,10797.0,8669.0,2128.0,Paid
VAT-A0D70BF5,GR0000000428,2022-Q1,2022-04-11,80255.0,33440.0,20064.0,67802.0,26078.0,10431.0,19261.0,25035.0,-5774.0,Paid
VAT-3C404EC0,GR0000000428,2022-Q2,2022-07-24,100970.0,42071.0,25242.0,86427.0,33241.0,13296.0,24233.0,31912.0,-7679.0,Paid
VAT-67175628,GR0000000428,2022-Q3,2022-10-16,102477.0,42699.0,25619.0,91233.0,35090.0,14036.0,24595.0,33686.0,-9091.0,Paid
VAT-E80FE0A3,GR0000000428,2022-Q4,2023-01-19,128347.0,53478.0,32087.0,112752.0,43366.0,17347.0,30803.0,41632.0,-10828.0,Paid
VAT-ED2E8838,GR0000000428,2023-Q1,2023-04-24,87544.0,36477.0,21886.0,80284.0,30878.0,12351.0,21010.0,29643.0,-8633.0,Paid
VAT-76BE8538,GR0000000428,2023-Q2,2023-07-11,127929.0,53304.0,31982.0,112884.0,43417.0,17367.0,30703.0,41680.0,-10977.0,Paid
VAT-B83F2FD1,GR0000000428,2023-Q3,2023-10-19,114991.0,47913.0,28748.0,97147.0,37364.0,14946.0,27598.0,35870.0,-8272.0,Paid
VAT-ADE62600,GR0000000428,2023-Q4,2024-01-16,153892.0,64122.0,38473.0,138614.0,53313.0,21325.0,36934.0,51180.0,-14246.0,Paid
VAT-56F2FC15,GR0000000428,2024-Q1,2024-04-22,63191.0,26329.0,15798.0,55123.0,21201.0,8481.0,15166.0,20353.0,-5187.0,Paid
VAT-19422F08,GR0000000428,2024-Q2,2024-07-15,74781.0,31159.0,18695.0,65285.0,25110.0,10044.0,17947.0,24105.0,-6158.0,Paid
VAT-C6A2D8C9,GR0000000428,2024-Q3,2024-10-23,73215.0,30506.0,18304.0,60977.0,23453.0,9381.0,17572.0,22515.0,-4943.0,Paid
VAT-E3B62224,GR0000000428,2024-Q4,2025-01-22,89349.0,37229.0,22337.0,78206.0,30079.0,12032.0,21444.0,28876.0,-7432.0,Paid
VAT-2C076ECA,GR0000000429,2022-Q1,2022-04-30,322346.0,370186.0,286550.0,440644.0,150463.0,55609.0,77363.0,192069.0,-114706.0,Paid
VAT-33A135C7,GR0000000429,2022-Q2,2022-07-25,342038.0,436050.0,334537.0,513701.0,200397.0,73149.0,82089.0,232257.0,-150168.0,Paid
VAT-8DCCEF5E,GR0000000429,2022-Q3,2022-10-25,376073.0,472060.0,337977.0,518006.0,191270.0,70567.0,90257.0,228010.0,-137752.0,Paid
VAT-90207D94,GR0000000429,2022-Q4,2023-02-04,437229.0,549386.0,408345.0,599264.0,208864.0,78063.0,104935.0,256795.0,-151860.0,Paid
VAT-446D5377,GR0000000429,2023-Q1,2023-05-01,189164.0,252180.0,176008.0,288381.0,107509.0,40725.0,45399.0,127158.0,-81758.0,Paid
VAT-B05BAFEA,GR0000000429,2023-Q2,2023-08-27,251166.0,304700.0,222907.0,340184.0,133515.0,46919.0,60280.0,149762.0,-89483.0,Paid
VAT-BC839889,GR0000000429,2023-Q3,2023-12-05,291737.0,306818.0,215645.0,375942.0,146531.0,53164.0,70017.0,158942.0,-88925.0,Paid
VAT-85116CC0,GR0000000429,2023-Q4,2024-02-13,393302.0,417788.0,309573.0,495485.0,182735.0,68628.0,94392.0,208197.0,-113804.0,Paid
VAT-F66842ED,GR0000000429,2024-Q1,2024-05-27,213388.0,255498.0,201912.0,308640.0,106970.0,38926.0,51213.0,130416.0,-79203.0,Paid
VAT-C13C902A,GR0000000429,2024-Q2,2024-08-25,286301.0,308278.0,214858.0,390644.0,141229.0,54557.0,68712.0,172388.0,-103676.0,Paid
VAT-B4882A9B,GR0000000429,2024-Q3,2024-11-15,273944.0,269593.0,213014.0,343872.0,123636.0,48376.0,65746.0,153489.0,-87742.0,Paid
VAT-92EC9C72,GR0000000429,2024-Q4,2025-02-24,290920.0,340903.0,256419.0,426355.0,147578.0,57072.0,69821.0,178542.0,-108721.0,Paid
VAT-39162896,GR0000000430,2022-Q1,2022-04-22,50446.0,25223.0,8408.0,27912.0,10735.0,4294.0,12107.0,10306.0,1801.0,Paid
VAT-4AE68525,GR0000000430,2022-Q2,2022-07-11,139179.0,69589.0,23196.0,81302.0,31270.0,12508.0,33403.0,30019.0,3384.0,Paid
VAT-AC8ADD3A,GR0000000430,2022-Q3,2022-10-15,192471.0,96236.0,32079.0,110300.0,42423.0,16969.0,46193.0,40726.0,5467.0,Paid
VAT-A5AD2CBD,GR0000000430,2022-Q4,2023-01-13,103092.0,51546.0,17182.0,59655.0,22944.0,9178.0,24742.0,22026.0,2716.0,Paid
VAT-F295931B,GR0000000430,2023-Q1,2023-04-19,26672.0,13336.0,4445.0,15302.0,5886.0,2354.0,6401.0,5650.0,751.0,Paid
VAT-C087C54A,GR0000000430,2023-Q2,2023-07-26,78287.0,39144.0,13048.0,48836.0,18783.0,7513.0,18789.0,18032.0,757.0,Paid
VAT-D6C94579,GR0000000430,2023-Q3,2023-10-18,98285.0,49143.0,16381.0,63424.0,24394.0,9758.0,23589.0,23418.0,170.0,Paid
VAT-42DD79A0,GR0000000430,2023-Q4,2024-01-15,54584.0,27292.0,9097.0,33952.0,13058.0,5223.0,13100.0,12536.0,564.0,Paid
VAT-97D9A45B,GR0000000430,2024-Q1,2024-04-12,46244.0,23122.0,7707.0,25388.0,9765.0,3906.0,11099.0,9374.0,1725.0,Paid
VAT-168917D9,GR0000000430,2024-Q2,2024-07-13,146877.0,73439.0,24480.0,91998.0,35384.0,14154.0,35251.0,33968.0,1282.0,Paid
VAT-D81C9D30,GR0000000430,2024-Q3,2024-10-12,196037.0,98018.0,32673.0,124942.0,48055.0,19222.0,47049.0,46133.0,916.0,Paid
VAT-736A73C2,GR0000000430,2024-Q4,2025-01-12,87766.0,43883.0,14628.0,53208.0,20465.0,8186.0,21064.0,19646.0,1418.0,Paid
VAT-E22C778C,GR0000000431,2024-Q1,2024-04-21,454400.0,189333.0,113600.0,387721.0,149123.0,59649.0,109056.0,143159.0,-34103.0,Paid
VAT-4B08120C,GR0000000431,2024-Q2,2024-07-11,508384.0,211827.0,127096.0,438861.0,168793.0,67517.0,122012.0,162041.0,-40029.0,Paid
VAT-5057BEF9,GR0000000431,2024-Q3,2024-10-21,547268.0,228028.0,136817.0,496789.0,191073.0,76429.0,131344.0,183430.0,-52086.0,Paid
VAT-A0B8A001,GR0000000431,2024-Q4,2025-01-12,690487.0,287703.0,172622.0,566239.0,217784.0,87114.0,165717.0,209073.0,-43356.0,Paid
VAT-051E1310,GR0000000432,2022-Q1,2022-04-14,1567173.0,783587.0,261196.0,700025.0,269241.0,107696.0,376122.0,258471.0,117651.0,Paid
VAT-D33E72C2,GR0000000432,2022-Q2,2022-07-13,4052020.0,2026010.0,675337.0,1831550.0,704442.0,281777.0,972485.0,676265.0,296220.0,Paid
VAT-F1B349F4,GR0000000432,2022-Q3,2022-10-25,5856515.0,2928258.0,976086.0,2795962.0,1075370.0,430148.0,1405564.0,1032355.0,373208.0,Partial
VAT-3FB44B02,GR0000000432,2022-Q4,2023-01-21,2809983.0,1404992.0,468331.0,1305154.0,501982.0,200793.0,674396.0,481903.0,192493.0,Paid
VAT-27F98E20,GR0000000432,2023-Q1,2023-04-19,1055317.0,527659.0,175886.0,527819.0,203007.0,81203.0,253276.0,194887.0,58389.0,Paid
VAT-C57EFE22,GR0000000432,2023-Q2,2023-07-18,3671313.0,1835657.0,611886.0,1702235.0,654706.0,261882.0,881115.0,628517.0,252598.0,Paid
VAT-2EBC3505,GR0000000432,2023-Q3,2023-10-14,4265586.0,2132793.0,710931.0,2224757.0,855676.0,342270.0,1023741.0,821449.0,202292.0,Paid
VAT-3D4F13F5,GR0000000432,2023-Q4,2024-01-14,2378345.0,1189172.0,396391.0,1176448.0,452480.0,180992.0,570803.0,434381.0,136422.0,Partial
VAT-AF96B59D,GR0000000432,2024-Q1,2024-04-21,1417470.0,708735.0,236245.0,643525.0,247510.0,99004.0,340193.0,237609.0,102583.0,Paid
VAT-E0A8A944,GR0000000432,2024-Q2,2024-07-14,4229818.0,2114909.0,704970.0,1980984.0,761917.0,304767.0,1015156.0,731440.0,283716.0,Paid
VAT-99473C0C,GR0000000432,2024-Q3,2024-10-17,4901866.0,2450933.0,816978.0,2172118.0,835430.0,334172.0,1176448.0,802013.0,374435.0,Paid
VAT-09AC96F3,GR0000000432,2024-Q4,2025-01-19,2782818.0,1391409.0,463803.0,1351316.0,519737.0,207895.0,667876.0,498948.0,168929.0,Paid
VAT-BDD7A724,GR0000000433,2022-Q1,2022-04-15,644407.0,184116.0,92058.0,436054.0,167713.0,67085.0,154658.0,161005.0,-6347.0,Paid
VAT-BF4FFE3E,GR0000000433,2022-Q2,2022-07-11,1041145.0,297470.0,148735.0,752140.0,289285.0,115714.0,249875.0,277713.0,-27839.0,Paid
VAT-C45DCBC8,GR0000000433,2022-Q3,2022-10-16,966717.0,276205.0,138102.0,650396.0,250152.0,100061.0,232012.0,240146.0,-8134.0,Paid
VAT-A280A48E,GR0000000433,2022-Q4,2023-01-23,844745.0,241356.0,120678.0,624532.0,240205.0,96082.0,202739.0,230596.0,-27858.0,Paid
VAT-6172C943,GR0000000433,2023-Q1,2023-04-20,737718.0,210777.0,105388.0,504322.0,193970.0,77588.0,177052.0,186211.0,-9159.0,Paid
VAT-46D4B033,GR0000000433,2023-Q2,2023-07-17,1135239.0,324354.0,162177.0,833255.0,320483.0,128193.0,272457.0,307663.0,-35206.0,Paid
VAT-41E0CA0C,GR0000000433,2023-Q3,2023-10-26,902117.0,257748.0,128874.0,613516.0,235968.0,94387.0,216508.0,226529.0,-10021.0,Paid
VAT-BC2D35A7,GR0000000433,2023-Q4,2024-01-12,810388.0,231539.0,115770.0,557619.0,214469.0,85788.0,194493.0,205890.0,-11397.0,Paid
VAT-1FE06E1D,GR0000000433,2024-Q1,2024-04-10,577800.0,165086.0,82543.0,405462.0,155947.0,62379.0,138672.0,149709.0,-11037.0,Paid
VAT-0EDA343F,GR0000000433,2024-Q2,2024-07-13,863113.0,246604.0,123302.0,605156.0,232752.0,93101.0,207147.0,223442.0,-16295.0,Paid
VAT-E198941C,GR0000000433,2024-Q3,2024-10-12,639657.0,182759.0,91380.0,448110.0,172350.0,68940.0,153518.0,165456.0,-11938.0,Paid
VAT-0E30BA5E,GR0000000433,2024-Q4,2025-01-26,696922.0,199120.0,99560.0,496923.0,191124.0,76450.0,167261.0,183479.0,-16218.0,Paid
VAT-236E3D4C,GR0000000434,2022-Q1,2022-04-18,446420.0,186008.0,111605.0,381467.0,146718.0,58687.0,107141.0,140849.0,-33709.0,Paid
VAT-23D4D284,GR0000000434,2022-Q2,2022-07-11,641576.0,267323.0,160394.0,488904.0,188040.0,75216.0,153978.0,180519.0,-26540.0,Paid
VAT-026E4E57,GR0000000434,2022-Q3,2022-10-24,669692.0,279038.0,167423.0,552935.0,212667.0,85067.0,160726.0,204160.0,-43434.0,Paid
VAT-D009F67A,GR0000000434,2022-Q4,2023-01-16,688315.0,286798.0,172079.0,563744.0,216825.0,86730.0,165196.0,208152.0,-42956.0,Paid
VAT-22B313ED,GR0000000434,2023-Q1,2023-04-21,550742.0,229476.0,137685.0,449861.0,173023.0,69209.0,132178.0,166103.0,-33925.0,Paid
VAT-C8261EB8,GR0000000434,2023-Q2,2023-07-11,683142.0,284642.0,170785.0,559927.0,215356.0,86143.0,163954.0,206742.0,-42788.0,Paid
VAT-B71FAEC7,GR0000000434,2023-Q3,2023-10-11,686785.0,286160.0,171696.0,532677.0,204876.0,81950.0,164828.0,196681.0,-31853.0,Paid
VAT-E998589D,GR0000000434,2023-Q4,2024-01-11,797574.0,332323.0,199394.0,622366.0,239371.0,95749.0,191418.0,229797.0,-38379.0,Paid
VAT-8982A8E4,GR0000000434,2024-Q1,2024-04-14,492460.0,205192.0,123115.0,415980.0,159992.0,63997.0,118190.0,153592.0,-35402.0,Paid
VAT-E742F7C5,GR0000000434,2024-Q2,2024-07-21,531762.0,221567.0,132940.0,436450.0,167866.0,67146.0,127623.0,161151.0,-33528.0,Paid
VAT-71AF1A6E,GR0000000434,2024-Q3,2024-10-23,616023.0,256676.0,154006.0,498777.0,191837.0,76735.0,147846.0,184164.0,-36318.0,Paid
VAT-C0BBCFAC,GR0000000434,2024-Q4,2025-01-14,739804.0,308252.0,184951.0,585840.0,225323.0,90129.0,177553.0,216310.0,-38757.0,Paid
VAT-14175C7D,GR0000000435,2022-Q1,2022-04-25,109941.0,20614.0,6871.0,66737.0,25668.0,10267.0,26386.0,24641.0,1745.0,Paid
VAT-636222B6,GR0000000435,2022-Q2,2022-07-24,107404.0,20138.0,6713.0,67208.0,25849.0,10340.0,25777.0,24815.0,962.0,Paid
VAT-C00B8BDB,GR0000000435,2022-Q3,2022-10-11,111843.0,20971.0,6990.0,66448.0,25557.0,10223.0,26842.0,24535.0,2308.0,Paid
VAT-C6FD19A4,GR0000000435,2022-Q4,2023-01-22,223118.0,41835.0,13945.0,143921.0,55354.0,22142.0,53548.0,53140.0,408.0,Paid
VAT-2CB171B2,GR0000000435,2023-Q1,2023-04-10,101035.0,18944.0,6315.0,60426.0,23241.0,9296.0,24248.0,22311.0,1937.0,Paid
VAT-28D9A271,GR0000000435,2023-Q2,2023-07-18,112833.0,21156.0,7052.0,64787.0,24918.0,9967.0,27080.0,23921.0,3159.0,Paid
VAT-9931E71C,GR0000000435,2023-Q3,2023-10-11,113892.0,21355.0,7118.0,70509.0,27119.0,10848.0,27334.0,26034.0,1300.0,Paid
VAT-D66FBBD0,GR0000000435,2023-Q4,2024-01-24,198732.0,37262.0,12421.0,113926.0,43818.0,17527.0,47696.0,42065.0,5631.0,Paid
VAT-F53E015F,GR0000000435,2024-Q1,2024-04-25,97584.0,18297.0,6099.0,61685.0,23725.0,9490.0,23420.0,22776.0,644.0,Paid
VAT-42FEFA62,GR0000000435,2024-Q2,2024-07-14,92130.0,17274.0,5758.0,57496.0,22114.0,8846.0,22111.0,21229.0,882.0,Paid
VAT-DDAA3982,GR0000000435,2024-Q3,2024-10-18,98791.0,18523.0,6174.0,58401.0,22462.0,8985.0,23710.0,21563.0,2146.0,Paid
VAT-7D3447DF,GR0000000435,2024-Q4,2025-01-19,204893.0,38417.0,12806.0,130978.0,50376.0,20151.0,49174.0,48361.0,813.0,Paid
VAT-3D2084DF,GR0000000436,2022-Q1,2022-04-19,155676154.0,55598627.0,11119725.0,46282100.0,17800808.0,7120323.0,37362277.0,17088775.0,20273502.0,Paid
VAT-992617F6,GR0000000436,2022-Q2,2022-07-15,176378270.0,62992239.0,12598448.0,57448862.0,22095716.0,8838286.0,42330785.0,21211887.0,21118897.0,Paid
VAT-6D809173,GR0000000436,2022-Q3,2022-10-19,157891301.0,56389750.0,11277950.0,54082652.0,20801020.0,8320408.0,37893912.0,19968979.0,17924933.0,Paid
VAT-F0008DF7,GR0000000436,2022-Q4,2023-01-26,206282915.0,73672470.0,14734494.0,65629175.0,25241991.0,10096796.0,49507900.0,24232311.0,25275589.0,Paid
VAT-E1C73579,GR0000000436,2023-Q1,2023-04-21,174176842.0,62206015.0,12441203.0,55011724.0,21158355.0,8463342.0,41802442.0,20312021.0,21490421.0,Paid
VAT-EAFDABFB,GR0000000436,2023-Q2,2023-07-16,163831833.0,58511369.0,11702274.0,53247896.0,20479960.0,8191984.0,39319640.0,19660761.0,19658878.0,Paid
VAT-C29A433E,GR0000000436,2023-Q3,2023-10-12,185591620.0,66282721.0,13256544.0,51820594.0,19930998.0,7972399.0,44541989.0,19133758.0,25408231.0,Paid
VAT-85152D28,GR0000000436,2023-Q4,2024-01-23,190510775.0,68039562.0,13607912.0,63074650.0,24259481.0,9703792.0,45722586.0,23289101.0,22433485.0,Paid
VAT-AF4D6713,GR0000000436,2024-Q1,2024-04-21,160570370.0,57346561.0,11469312.0,49954782.0,19213378.0,7685351.0,38536889.0,18444843.0,20092046.0,Paid
VAT-5FD524F7,GR0000000436,2024-Q2,2024-07-25,167374842.0,59776729.0,11955346.0,48477798.0,18645307.0,7458123.0,40169962.0,17899494.0,22270468.0,Paid
VAT-929B386C,GR0000000436,2024-Q3,2024-10-15,158017207.0,56434717.0,11286943.0,45872691.0,17643343.0,7057337.0,37924130.0,16937609.0,20986521.0,Paid
VAT-2EBF84F7,GR0000000436,2024-Q4,2025-01-22,167238820.0,59728150.0,11945630.0,61644119.0,23709277.0,9483711.0,40137317.0,22760905.0,17376411.0,Paid
VAT-69D8AE88,GR0000000437,2022-Q1,2022-05-08,515133.0,251904.0,104053.0,477396.0,155320.0,60058.0,123632.0,201708.0,-78076.0,Paid
VAT-0D611C19,GR0000000437,2022-Q2,2022-08-30,904208.0,420970.0,172274.0,739380.0,282721.0,106826.0,217010.0,336078.0,-119068.0,Paid
VAT-65CD70B3,GR0000000437,2022-Q3,2022-10-30,980324.0,463830.0,190918.0,933438.0,302195.0,116472.0,235278.0,400009.0,-164731.0,Paid
VAT-A50BECEA,GR0000000437,2022-Q4,2023-02-15,475977.0,280145.0,109258.0,422077.0,157386.0,59965.0,114235.0,191471.0,-77237.0,Paid
VAT-832776B5,GR0000000437,2023-Q1,2023-04-28,482270.0,209240.0,87472.0,417643.0,153967.0,56284.0,115745.0,177884.0,-62140.0,Paid
VAT-AA04A72C,GR0000000437,2023-Q2,2023-08-02,655566.0,288912.0,118516.0,649114.0,219342.0,81289.0,157336.0,267208.0,-109872.0,Paid
VAT-C2F83845,GR0000000437,2023-Q3,2023-11-27,656661.0,317027.0,134345.0,615425.0,236192.0,85346.0,157599.0,273009.0,-115411.0,Paid
VAT-C294A766,GR0000000437,2023-Q4,2024-01-30,413662.0,202272.0,82954.0,345667.0,127481.0,49949.0,99279.0,150438.0,-51159.0,Paid
VAT-C11C1FCA,GR0000000437,2024-Q1,2024-04-30,136653.0,69723.0,29090.0,134155.0,48432.0,17500.0,32797.0,58876.0,-26079.0,Paid
VAT-736FE3AC,GR0000000437,2024-Q2,2024-08-17,243407.0,110042.0,46791.0,234420.0,74248.0,28626.0,58418.0,99728.0,-41310.0,Paid
VAT-5D8EDF2D,GR0000000437,2024-Q3,2024-11-07,249465.0,110696.0,48520.0,219045.0,80321.0,30665.0,59872.0,93195.0,-33323.0,Paid
VAT-22521929,GR0000000437,2024-Q4,2025-02-21,134720.0,68055.0,26457.0,136361.0,44378.0,17126.0,32333.0,57638.0,-25305.0,Paid
VAT-CED38C6D,GR0000000438,2022-Q1,2022-04-10,1476430.0,276831.0,92277.0,935357.0,359753.0,143901.0,354343.0,345363.0,8980.0,Paid
VAT-022304A4,GR0000000438,2022-Q2,2022-07-15,1496033.0,280506.0,93502.0,881159.0,338907.0,135563.0,359048.0,325351.0,33697.0,Paid
VAT-E3437830,GR0000000438,2022-Q3,2022-10-21,1561596.0,292799.0,97600.0,909240.0,349708.0,139883.0,374783.0,335720.0,39063.0,Paid
VAT-98EDCA8C,GR0000000438,2022-Q4,2023-01-21,2874856.0,539035.0,179678.0,1808335.0,695513.0,278205.0,689965.0,667693.0,22273.0,Paid
VAT-4DFC9CD9,GR0000000438,2023-Q1,2023-04-21,816590.0,153111.0,51037.0,504584.0,194071.0,77628.0,195982.0,186308.0,9674.0,Paid
VAT-88E59A84,GR0000000438,2023-Q2,2023-07-25,758326.0,142186.0,47395.0,474623.0,182547.0,73019.0,181998.0,175245.0,6753.0,Paid
VAT-90499D18,GR0000000438,2023-Q3,2023-10-13,697679.0,130815.0,43605.0,413846.0,159172.0,63669.0,167443.0,152805.0,14638.0,Paid
VAT-27BAE73B,GR0000000438,2023-Q4,2024-01-24,1614721.0,302760.0,100920.0,1031814.0,396851.0,158741.0,387533.0,380977.0,6556.0,Paid
VAT-0422C9D7,GR0000000438,2024-Q1,2024-04-15,1278061.0,239636.0,79879.0,759929.0,292280.0,116912.0,306735.0,280589.0,26145.0,Paid
VAT-AE5AFCBA,GR0000000438,2024-Q2,2024-07-25,1318125.0,247148.0,82383.0,826194.0,317767.0,127107.0,316350.0,305056.0,11294.0,Paid
VAT-01344C2B,GR0000000438,2024-Q3,2024-10-19,1328049.0,249009.0,83003.0,768809.0,295696.0,118278.0,318732.0,283868.0,34864.0,Paid
VAT-D14CE5A0,GR0000000438,2024-Q4,2025-01-22,2844113.0,533271.0,177757.0,1784921.0,686508.0,274603.0,682587.0,659048.0,23539.0,Paid
VAT-CC215E97,GR0000000439,2022-Q1,2022-04-18,2064135.0,860056.0,516034.0,1592577.0,612530.0,245012.0,495392.0,588029.0,-92636.0,Paid
VAT-4D93BBD4,GR0000000439,2022-Q2,2022-07-17,2436326.0,1015136.0,609081.0,1967890.0,756881.0,302752.0,584718.0,726606.0,-141887.0,Paid
VAT-8E086CA6,GR0000000439,2022-Q3,2022-10-14,2397293.0,998872.0,599323.0,1840667.0,707949.0,283180.0,575350.0,679631.0,-104281.0,Paid
VAT-D26CBB70,GR0000000439,2022-Q4,2023-01-18,3172132.0,1321722.0,793033.0,2343493.0,901344.0,360537.0,761312.0,865290.0,-103978.0,Paid
VAT-26C85E1A,GR0000000439,2023-Q1,2023-04-14,3291323.0,1371385.0,822831.0,2379866.0,915333.0,366133.0,789918.0,878720.0,-88802.0,Paid
VAT-CBFDB7F6,GR0000000439,2023-Q2,2023-07-11,4608219.0,1920091.0,1152055.0,3523489.0,1355188.0,542075.0,1105972.0,1300981.0,-195008.0,Paid
VAT-CBBAB109,GR0000000439,2023-Q3,2023-10-19,4444152.0,1851730.0,1111038.0,3290408.0,1265541.0,506217.0,1066596.0,1214920.0,-148323.0,Paid
VAT-AC805682,GR0000000439,2023-Q4,2024-01-20,4906823.0,2044510.0,1226706.0,3587115.0,1379660.0,551864.0,1177638.0,1324473.0,-146836.0,Paid
VAT-1AB6A3C1,GR0000000439,2024-Q1,2024-04-10,3784169.0,1576737.0,946042.0,2759976.0,1061529.0,424612.0,908201.0,1019068.0,-110868.0,Paid
VAT-40334AB2,GR0000000439,2024-Q2,2024-07-16,4473796.0,1864082.0,1118449.0,3270761.0,1257985.0,503194.0,1073711.0,1207666.0,-133955.0,Paid
VAT-5A10A65F,GR0000000439,2024-Q3,2024-10-20,4813950.0,2005813.0,1203488.0,3416146.0,1313902.0,525561.0,1155348.0,1261346.0,-105998.0,Paid
VAT-6E2CAF69,GR0000000439,2024-Q4,2025-01-19,5084998.0,2118749.0,1271250.0,3813762.0,1466831.0,586733.0,1220400.0,1408158.0,-187759.0,Paid
VAT-88BDA86E,GR0000000440,2022-Q1,2022-04-17,1924057.0,1683550.0,1202536.0,1726392.0,663997.0,265599.0,461774.0,637437.0,-175663.0,Paid
VAT-D96B2A21,GR0000000440,2022-Q2,2022-07-15,2445444.0,2139764.0,1528403.0,2261467.0,869795.0,347918.0,586907.0,835003.0,-248097.0,Paid
VAT-D41AEA1A,GR0000000440,2022-Q3,2022-10-12,2505242.0,2192086.0,1565776.0,2303090.0,885804.0,354321.0,601258.0,850372.0,-249114.0,Paid
VAT-3ABBE626,GR0000000440,2022-Q4,2023-01-19,3120776.0,2730679.0,1950485.0,2905910.0,1117658.0,447063.0,748986.0,1072951.0,-323965.0,Paid
VAT-DBC3B723,GR0000000440,2023-Q1,2023-04-21,1293049.0,1131418.0,808156.0,1224300.0,470884.0,188354.0,310332.0,452049.0,-141717.0,Paid
VAT-3ACCED10,GR0000000440,2023-Q2,2023-07-26,1926084.0,1685324.0,1203803.0,1874011.0,720774.0,288309.0,462260.0,691943.0,-229682.0,Paid
VAT-E7A3E4E6,GR0000000440,2023-Q3,2023-10-24,1742542.0,1524724.0,1089089.0,1660932.0,638820.0,255528.0,418210.0,613267.0,-195057.0,Paid
VAT-9B3B0504,GR0000000440,2023-Q4,2024-01-15,1974010.0,1727259.0,1233757.0,1868289.0,718573.0,287429.0,473763.0,689830.0,-216067.0,Paid
VAT-FB3F1820,GR0000000440,2024-Q1,2024-04-24,2388948.0,2090330.0,1493093.0,2241251.0,862019.0,344808.0,573348.0,827539.0,-254191.0,Paid
VAT-5DD8315F,GR0000000440,2024-Q2,2024-07-22,2537600.0,2220400.0,1586000.0,2637191.0,1014304.0,405722.0,609024.0,973732.0,-364708.0,Paid
VAT-0C180858,GR0000000440,2024-Q3,2024-10-17,2834936.0,2480569.0,1771835.0,2969665.0,1142179.0,456871.0,680385.0,1096492.0,-416107.0,Paid
VAT-321916DC,GR0000000440,2024-Q4,2025-01-14,3655074.0,3198190.0,2284421.0,3448202.0,1326232.0,530493.0,877218.0,1273182.0,-395965.0,Paid
VAT-81FECC5B,GR0000000441,2022-Q1,2022-05-23,147224.0,75106.0,16022.0,86132.0,30021.0,10900.0,35334.0,35297.0,37.0,Paid
VAT-B7087FDD,GR0000000441,2022-Q2,2022-07-24,208274.0,91707.0,18379.0,116541.0,39654.0,14551.0,49986.0,49652.0,334.0,Paid
VAT-510E8F47,GR0000000441,2022-Q3,2022-11-16,185072.0,81495.0,18424.0,77308.0,26892.0,10505.0,44417.0,33398.0,11020.0,Unpaid
VAT-5344396E,GR0000000441,2022-Q4,2023-01-26,199626.0,101796.0,22109.0,85141.0,32807.0,12064.0,47910.0,37021.0,10889.0,Unpaid
VAT-E23F5D40,GR0000000441,2023-Q1,2023-05-20,108524.0,54161.0,11613.0,49206.0,18182.0,6646.0,26046.0,21180.0,4866.0,Paid
VAT-46C015F7,GR0000000441,2023-Q2,2023-08-14,156103.0,59937.0,13707.0,70062.0,27388.0,9743.0,37465.0,29699.0,7766.0,Unpaid
VAT-78FAA202,GR0000000441,2023-Q3,2023-11-26,136181.0,59285.0,12233.0,67488.0,23742.0,8675.0,32684.0,28998.0,3686.0,Paid
VAT-B83C48DF,GR0000000441,2023-Q4,2024-01-25,141980.0,70540.0,14582.0,78598.0,28195.0,10432.0,34075.0,32603.0,1472.0,Paid
VAT-583B8B9C,GR0000000441,2024-Q1,2024-05-01,97008.0,46141.0,9789.0,49382.0,17242.0,6471.0,23282.0,21015.0,2267.0,Unpaid
VAT-9DB49BAB,GR0000000441,2024-Q2,2024-08-15,86629.0,45573.0,9635.0,46356.0,16686.0,6133.0,20791.0,19676.0,1115.0,Unpaid
VAT-F23A104B,GR0000000441,2024-Q3,2024-11-12,94641.0,50406.0,10088.0,42877.0,15293.0,5837.0,22714.0,18834.0,3880.0,Paid
VAT-62C97AD5,GR0000000441,2024-Q4,2025-03-06,142574.0,58305.0,11733.0,66157.0,22578.0,8702.0,34218.0,27509.0,6709.0,Partial
VAT-E58879DE,GR0000000442,2022-Q1,2022-04-22,156006.0,60002.0,24001.0,102715.0,39506.0,15802.0,37442.0,37925.0,-484.0,Paid
VAT-99584544,GR0000000442,2022-Q2,2022-07-17,257822.0,99162.0,39665.0,176719.0,67969.0,27188.0,61877.0,65250.0,-3373.0,Paid
VAT-060FC7A5,GR0000000442,2022-Q3,2022-10-25,232331.0,89358.0,35743.0,159172.0,61220.0,24488.0,55759.0,58771.0,-3012.0,Paid
VAT-AC239F18,GR0000000442,2022-Q4,2023-01-15,159812.0,61466.0,24586.0,116998.0,44999.0,18000.0,38355.0,43199.0,-4845.0,Paid
VAT-5AC3BC39,GR0000000442,2023-Q1,2023-04-24,154487.0,59418.0,23767.0,114569.0,44065.0,17626.0,37077.0,42302.0,-5226.0,Paid
VAT-DB6CD8F4,GR0000000442,2023-Q2,2023-07-12,236478.0,90953.0,36381.0,158665.0,61025.0,24410.0,56755.0,58584.0,-1829.0,Paid
VAT-C2FAC6FA,GR0000000442,2023-Q3,2023-10-22,267120.0,102739.0,41095.0,174063.0,66947.0,26779.0,64109.0,64269.0,-160.0,Paid
VAT-D4879D47,GR0000000442,2023-Q4,2024-01-25,150620.0,57931.0,23172.0,99932.0,38435.0,15374.0,36149.0,36898.0,-749.0,Paid
VAT-8D0D7D17,GR0000000442,2024-Q1,2024-04-19,131227.0,50472.0,20189.0,88450.0,34019.0,13608.0,31495.0,32658.0,-1164.0,Paid
VAT-AC3EC9BF,GR0000000442,2024-Q2,2024-07-11,213752.0,82212.0,32885.0,153976.0,59222.0,23689.0,51300.0,56853.0,-5552.0,Paid
VAT-9D3BA891,GR0000000442,2024-Q3,2024-10-11,192898.0,74192.0,29677.0,140711.0,54120.0,21648.0,46296.0,51955.0,-5659.0,Paid
VAT-AAD622F6,GR0000000442,2024-Q4,2025-01-26,137207.0,52772.0,21109.0,98473.0,37874.0,15150.0,32930.0,36359.0,-3430.0,Paid
VAT-385A648F,GR0000000443,2022-Q1,2022-04-20,20257.0,5788.0,2894.0,15687.0,6033.0,2413.0,4862.0,5792.0,-930.0,Paid
VAT-9439CB6A,GR0000000443,2022-Q2,2022-07-23,33000.0,9429.0,4714.0,24119.0,9277.0,3711.0,7920.0,8906.0,-986.0,Paid
VAT-CFFB399F,GR0000000443,2022-Q3,2022-10-11,27842.0,7955.0,3977.0,21130.0,8127.0,3251.0,6682.0,7802.0,-1120.0,Paid
VAT-446DA02D,GR0000000443,2022-Q4,2023-01-26,25370.0,7249.0,3624.0,19676.0,7568.0,3027.0,6089.0,7265.0,-1176.0,Paid
VAT-BDAE9DC1,GR0000000443,2023-Q1,2023-04-16,15124.0,4321.0,2161.0,11006.0,4233.0,1693.0,3630.0,4064.0,-434.0,Paid
VAT-4AE96F71,GR0000000443,2023-Q2,2023-07-26,25232.0,7209.0,3605.0,19115.0,7352.0,2941.0,6056.0,7058.0,-1002.0,Paid
VAT-18B7D336,GR0000000443,2023-Q3,2023-10-16,18884.0,5396.0,2698.0,13670.0,5258.0,2103.0,4532.0,5048.0,-515.0,Paid
VAT-279517FB,GR0000000443,2023-Q4,2024-01-25,19847.0,5671.0,2835.0,14757.0,5676.0,2270.0,4763.0,5449.0,-685.0,Paid
VAT-B0AB25CF,GR0000000443,2024-Q1,2024-04-19,15885.0,4539.0,2269.0,11901.0,4577.0,1831.0,3812.0,4394.0,-582.0,Paid
VAT-1F8AA710,GR0000000443,2024-Q2,2024-07-11,20611.0,5889.0,2944.0,15123.0,5816.0,2327.0,4947.0,5584.0,-637.0,Paid
VAT-07F1242D,GR0000000443,2024-Q3,2024-10-12,19172.0,5478.0,2739.0,13774.0,5298.0,2119.0,4601.0,5086.0,-484.0,Paid
VAT-FE0AE31A,GR0000000443,2024-Q4,2025-01-11,20515.0,5862.0,2931.0,14545.0,5594.0,2238.0,4924.0,5370.0,-447.0,Paid
VAT-364C66DD,GR0000000444,2022-Q1,2022-04-16,3732458.0,1333021.0,266604.0,1299255.0,499714.0,199885.0,895790.0,479725.0,416065.0,Paid
VAT-DEDCC2D4,GR0000000444,2022-Q2,2022-07-25,3906094.0,1395034.0,279007.0,1279454.0,492098.0,196839.0,937463.0,472414.0,465049.0,Paid
VAT-0B5DD922,GR0000000444,2022-Q3,2022-10-17,3603828.0,1287081.0,257416.0,1246003.0,479232.0,191693.0,864919.0,460063.0,404856.0,Paid
VAT-1465F967,GR0000000444,2022-Q4,2023-01-17,5112185.0,1825780.0,365156.0,1955045.0,751941.0,300776.0,1226924.0,721863.0,505061.0,Paid
VAT-B5F76E3F,GR0000000444,2023-Q1,2023-04-12,5813464.0,2076237.0,415247.0,2058929.0,791896.0,316758.0,1395231.0,760220.0,635011.0,Paid
VAT-39796CFB,GR0000000444,2023-Q2,2023-07-14,6971078.0,2489671.0,497934.0,2364383.0,909378.0,363751.0,1673059.0,873003.0,800056.0,Paid
VAT-91D08B1F,GR0000000444,2023-Q3,2023-10-20,7000924.0,2500330.0,500066.0,2508828.0,964934.0,385974.0,1680222.0,926337.0,753885.0,Paid
VAT-A1A2B737,GR0000000444,2023-Q4,2024-01-14,7473767.0,2669202.0,533840.0,2537766.0,976064.0,390426.0,1793704.0,937021.0,856683.0,Paid
VAT-112FF59E,GR0000000444,2024-Q1,2024-04-21,3511363.0,1254058.0,250812.0,1222645.0,470248.0,188099.0,842727.0,451438.0,391289.0,Paid
VAT-3C935E5A,GR0000000444,2024-Q2,2024-07-17,3571523.0,1275544.0,255109.0,1173663.0,451409.0,180564.0,857165.0,433353.0,423813.0,Paid
VAT-095E5630,GR0000000444,2024-Q3,2024-10-12,3628428.0,1295867.0,259173.0,1331397.0,512076.0,204830.0,870823.0,491593.0,379230.0,Paid
VAT-0311244F,GR0000000444,2024-Q4,2025-01-23,4026714.0,1438112.0,287622.0,1377651.0,529866.0,211946.0,966411.0,508671.0,457740.0,Paid
VAT-0E062AB6,GR0000000445,2022-Q1,2022-04-20,58672.0,22566.0,9026.0,45601.0,17539.0,7016.0,14081.0,16837.0,-2756.0,Paid
VAT-88DCE7AA,GR0000000445,2022-Q2,2022-07-26,91530.0,35204.0,14082.0,67154.0,25829.0,10331.0,21967.0,24795.0,-2828.0,Paid
VAT-90FD408E,GR0000000445,2022-Q3,2022-10-13,82124.0,31586.0,12635.0,60793.0,23382.0,9353.0,19710.0,22447.0,-2737.0,Paid
VAT-C2D0DD0A,GR0000000445,2022-Q4,2023-01-25,57388.0,22072.0,8829.0,44244.0,17017.0,6807.0,13773.0,16336.0,-2563.0,Paid
VAT-D1B172D5,GR0000000445,2023-Q1,2023-04-16,128156.0,49291.0,19716.0,99594.0,38305.0,15322.0,30757.0,36773.0,-6016.0,Paid
VAT-5BF1EBC3,GR0000000445,2023-Q2,2023-07-11,194002.0,74616.0,29847.0,148119.0,56969.0,22787.0,46561.0,54690.0,-8129.0,Paid
VAT-A950D6DA,GR0000000445,2023-Q3,2023-10-25,171073.0,65797.0,26319.0,129737.0,49899.0,19960.0,41058.0,47903.0,-6845.0,Paid
VAT-7F5835F5,GR0000000445,2023-Q4,2024-01-14,111863.0,43024.0,17210.0,87249.0,33557.0,13423.0,26847.0,32215.0,-5368.0,Paid
VAT-CC6C6A91,GR0000000445,2024-Q1,2024-04-16,155747.0,59903.0,23961.0,113738.0,43745.0,17498.0,37379.0,41996.0,-4616.0,Paid
VAT-B90BE20D,GR0000000445,2024-Q2,2024-07-22,229348.0,88211.0,35284.0,160883.0,61878.0,24751.0,55044.0,59403.0,-4360.0,Paid
VAT-258F35DD,GR0000000445,2024-Q3,2024-10-21,236345.0,90902.0,36361.0,184332.0,70897.0,28359.0,56723.0,68061.0,-11338.0,Paid
VAT-696B4672,GR0000000445,2024-Q4,2025-01-18,161931.0,62281.0,24912.0,124591.0,47920.0,19168.0,38863.0,46003.0,-7139.0,Paid
VAT-C91F1939,GR0000000446,2022-Q1,2022-04-22,263232.0,47243.0,23166.0,133800.0,50139.0,18664.0,63176.0,56277.0,6899.0,Paid
VAT-1C758E4C,GR0000000446,2022-Q2,2022-07-31,341691.0,49886.0,26359.0,192703.0,65157.0,23787.0,82006.0,79414.0,2591.0,Partial
VAT-D4B8835F,GR0000000446,2022-Q3,2022-10-26,372204.0,49736.0,27208.0,234711.0,75717.0,28653.0,89329.0,98307.0,-8978.0,Paid
VAT-6754EC93,GR0000000446,2022-Q4,2023-01-31,292255.0,46601.0,24119.0,172441.0,58275.0,21189.0,70141.0,72864.0,-2723.0,Paid
VAT-4FB045A0,GR0000000446,2023-Q1,2023-05-11,76585.0,13552.0,7012.0,45043.0,15270.0,5917.0,18380.0,18823.0,-442.0,Paid
VAT-A45CD9BC,GR0000000446,2023-Q2,2023-07-31,76955.0,13619.0,6926.0,46441.0,16834.0,6303.0,18469.0,19895.0,-1426.0,Paid
VAT-0AD3FB76,GR0000000446,2023-Q3,2023-11-23,110290.0,14883.0,7677.0,68333.0,22795.0,8409.0,26470.0,27524.0,-1055.0,Paid
VAT-692DA1BB,GR0000000446,2023-Q4,2024-01-29,91419.0,13984.0,7218.0,50695.0,17053.0,6431.0,21941.0,21314.0,626.0,Paid
VAT-20750C1E,GR0000000446,2024-Q1,2024-05-19,176704.0,27240.0,13462.0,96423.0,32593.0,12520.0,42409.0,41469.0,940.0,Unpaid
VAT-1CFB80E8,GR0000000446,2024-Q2,2024-08-03,150019.0,22811.0,11669.0,82545.0,28925.0,11019.0,36004.0,36185.0,-181.0,Paid
VAT-AF745E8F,GR0000000446,2024-Q3,2024-10-30,166283.0,22168.0,11300.0,93227.0,29938.0,11881.0,39908.0,39226.0,682.0,Paid
VAT-F0D248DE,GR0000000446,2024-Q4,2025-03-06,138648.0,25323.0,12106.0,80598.0,28931.0,11004.0,33275.0,34609.0,-1334.0,Paid
VAT-76E69A24,GR0000000447,2022-Q1,2022-04-18,29271.0,25612.0,18294.0,30466.0,11718.0,4687.0,7025.0,11249.0,-4224.0,Paid
VAT-C5111068,GR0000000447,2022-Q2,2022-07-23,36647.0,32066.0,22904.0,35881.0,13801.0,5520.0,8795.0,13249.0,-4453.0,Paid
VAT-8C0AC817,GR0000000447,2022-Q3,2022-10-25,36285.0,31750.0,22678.0,40811.0,15696.0,6279.0,8708.0,15069.0,-6360.0,Paid
VAT-CD9B0714,GR0000000447,2022-Q4,2023-01-12,47319.0,41404.0,29575.0,52272.0,20105.0,8042.0,11357.0,19300.0,-7944.0,Paid
VAT-329BA3E2,GR0000000447,2023-Q1,2023-04-18,13196.0,11546.0,8247.0,14268.0,5488.0,2195.0,3167.0,5268.0,-2101.0,Paid
VAT-78CEC54F,GR0000000447,2023-Q2,2023-07-16,16743.0,14650.0,10465.0,17887.0,6880.0,2752.0,4018.0,6604.0,-2586.0,Paid
VAT-2C70CB04,GR0000000447,2023-Q3,2023-10-17,18261.0,15979.0,11413.0,19572.0,7528.0,3011.0,4383.0,7227.0,-2844.0,Paid
VAT-78A5FB73,GR0000000447,2023-Q4,2024-01-20,23977.0,20980.0,14985.0,26556.0,10214.0,4086.0,5754.0,9805.0,-4051.0,Paid
VAT-B4E0C208,GR0000000447,2024-Q1,2024-04-23,9848.0,8617.0,6155.0,10309.0,3965.0,1586.0,2363.0,3807.0,-1443.0,Paid
VAT-3BCE9478,GR0000000447,2024-Q2,2024-07-13,11199.0,9799.0,7000.0,12434.0,4782.0,1913.0,2688.0,4591.0,-1903.0,Paid
VAT-F338B050,GR0000000447,2024-Q3,2024-10-25,10427.0,9124.0,6517.0,10638.0,4091.0,1637.0,2503.0,3928.0,-1425.0,Paid
VAT-BFD62CCF,GR0000000447,2024-Q4,2025-01-26,14764.0,12919.0,9228.0,14803.0,5694.0,2277.0,3543.0,5466.0,-1922.0,Paid
VAT-06767E9C,GR0000000448,2022-Q1,2022-04-14,15274.0,4364.0,2182.0,11111.0,4274.0,1709.0,3666.0,4103.0,-437.0,Paid
VAT-26E73005,GR0000000448,2022-Q2,2022-07-13,23878.0,6822.0,3411.0,17622.0,6778.0,2711.0,5731.0,6507.0,-776.0,Paid
VAT-FB700CF5,GR0000000448,2022-Q3,2022-10-19,19065.0,5447.0,2724.0,13689.0,5265.0,2106.0,4576.0,5054.0,-479.0,Paid
VAT-2831DE0E,GR0000000448,2022-Q4,2023-01-17,22746.0,6499.0,3249.0,17243.0,6632.0,2653.0,5459.0,6367.0,-907.0,Paid
VAT-A7432225,GR0000000448,2023-Q1,2023-04-20,11192.0,3198.0,1599.0,8032.0,3089.0,1236.0,2686.0,2966.0,-280.0,Paid
VAT-8AB4820B,GR0000000448,2023-Q2,2023-07-23,17605.0,5030.0,2515.0,13046.0,5018.0,2007.0,4225.0,4817.0,-592.0,Paid
VAT-5A932576,GR0000000448,2023-Q3,2023-10-26,14512.0,4146.0,2073.0,11210.0,4312.0,1725.0,3483.0,4139.0,-656.0,Paid
VAT-5D979731,GR0000000448,2023-Q4,2024-01-19,13037.0,3725.0,1862.0,9515.0,3660.0,1464.0,3129.0,3513.0,-384.0,Paid
VAT-F05BBC76,GR0000000448,2024-Q1,2024-04-20,10338.0,2954.0,1477.0,7569.0,2911.0,1164.0,2481.0,2795.0,-314.0,Paid
VAT-B90249DE,GR0000000448,2024-Q2,2024-07-14,15420.0,4406.0,2203.0,12142.0,4670.0,1868.0,3701.0,4483.0,-782.0,Paid
VAT-32B2D427,GR0000000448,2024-Q3,2024-10-20,12564.0,3590.0,1795.0,9590.0,3688.0,1475.0,3015.0,3541.0,-525.0,Paid
VAT-B7D4D187,GR0000000448,2024-Q4,2025-01-23,11499.0,3285.0,1643.0,9030.0,3473.0,1389.0,2760.0,3334.0,-574.0,Paid
VAT-B891046A,GR0000000449,2022-Q1,2022-04-11,1449354.0,790556.0,395278.0,1064800.0,409538.0,163815.0,347845.0,393157.0,-45312.0,Paid
VAT-6CC56AFE,GR0000000449,2022-Q2,2022-07-17,1657999.0,904363.0,452181.0,1325246.0,509710.0,203884.0,397920.0,489322.0,-91402.0,Paid
VAT-C7BE4EB9,GR0000000449,2022-Q3,2022-10-22,1596404.0,870766.0,435383.0,1183510.0,455196.0,182079.0,383137.0,436988.0,-53851.0,Paid
VAT-FC5AA19F,GR0000000449,2022-Q4,2023-01-11,1660776.0,905878.0,452939.0,1318498.0,507115.0,202846.0,398586.0,486830.0,-88244.0,Paid
VAT-5A429CE5,GR0000000449,2023-Q1,2023-04-14,1646465.0,898072.0,449036.0,1332071.0,512335.0,204934.0,395152.0,491842.0,-96690.0,Paid
VAT-C238D7B2,GR0000000449,2023-Q2,2023-07-14,2179049.0,1188572.0,594286.0,1766054.0,679252.0,271701.0,522972.0,652081.0,-129110.0,Paid
VAT-F2B7A22E,GR0000000449,2023-Q3,2023-10-19,2128590.0,1161049.0,580524.0,1719566.0,661372.0,264549.0,510862.0,634917.0,-124055.0,Paid
VAT-9B0B7933,GR0000000449,2023-Q4,2024-01-22,2392582.0,1305045.0,652522.0,1941359.0,746677.0,298671.0,574220.0,716810.0,-142590.0,Paid
VAT-EC28EA66,GR0000000449,2024-Q1,2024-04-23,2930466.0,1598436.0,799218.0,2421189.0,931227.0,372491.0,703312.0,893978.0,-190666.0,Paid
VAT-02722524,GR0000000449,2024-Q2,2024-07-19,3155251.0,1721046.0,860523.0,2339338.0,899745.0,359898.0,757260.0,863756.0,-106496.0,Paid
VAT-E2E0AB2E,GR0000000449,2024-Q3,2024-10-20,3197347.0,1744008.0,872004.0,2566115.0,986967.0,394787.0,767363.0,947489.0,-180125.0,Paid
VAT-2E7B48BC,GR0000000449,2024-Q4,2025-01-11,3320221.0,1811030.0,905515.0,2714321.0,1043970.0,417588.0,796853.0,1002211.0,-205358.0,Paid
VAT-E5947F9B,GR0000000450,2022-Q1,2022-04-22,28120.0,3308.0,1654.0,12854.0,4944.0,1978.0,6749.0,4746.0,2003.0,Paid
VAT-800E120D,GR0000000450,2022-Q2,2022-07-16,31263.0,3678.0,1839.0,14255.0,5483.0,2193.0,7503.0,5263.0,2240.0,Paid
VAT-A3AC0E95,GR0000000450,2022-Q3,2022-10-23,28349.0,3335.0,1668.0,12766.0,4910.0,1964.0,6804.0,4714.0,2090.0,Paid
VAT-457589E7,GR0000000450,2022-Q4,2023-01-14,27975.0,3291.0,1646.0,13258.0,5099.0,2040.0,6714.0,4895.0,1819.0,Paid
VAT-D154B225,GR0000000450,2023-Q1,2023-04-16,21572.0,2538.0,1269.0,9734.0,3744.0,1498.0,5177.0,3594.0,1583.0,Paid
VAT-09C3D14C,GR0000000450,2023-Q2,2023-07-12,22932.0,2698.0,1349.0,9672.0,3720.0,1488.0,5504.0,3571.0,1932.0,Paid
VAT-119B7271,GR0000000450,2023-Q3,2023-10-16,20554.0,2418.0,1209.0,9212.0,3543.0,1417.0,4933.0,3401.0,1532.0,Paid
VAT-14383E39,GR0000000450,2023-Q4,2024-01-19,20098.0,2364.0,1182.0,9374.0,3605.0,1442.0,4824.0,3461.0,1362.0,Paid
VAT-720857CB,GR0000000450,2024-Q1,2024-04-13,24842.0,2923.0,1461.0,11203.0,4309.0,1724.0,5962.0,4137.0,1825.0,Paid
VAT-A2C3246C,GR0000000450,2024-Q2,2024-07-22,23947.0,2817.0,1409.0,10735.0,4129.0,1652.0,5747.0,3964.0,1784.0,Paid
VAT-DFEC5A38,GR0000000450,2024-Q3,2024-10-25,25701.0,3024.0,1512.0,11457.0,4406.0,1763.0,6168.0,4230.0,1938.0,Paid
VAT-D45D6554,GR0000000450,2024-Q4,2025-01-21,22135.0,2604.0,1302.0,9969.0,3834.0,1534.0,5312.0,3681.0,1632.0,Paid
VAT-DC34F432,GR0000000451,2022-Q1,2022-04-24,4457617.0,1714468.0,685787.0,2934523.0,1128663.0,451465.0,1069828.0,1083516.0,-13688.0,Paid
VAT-2A99AE13,GR0000000451,2022-Q2,2022-07-16,6733905.0,2589963.0,1035985.0,4662645.0,1793325.0,717330.0,1616137.0,1721592.0,-105455.0,Paid
VAT-D4B29D1E,GR0000000451,2022-Q3,2022-10-13,8025075.0,3086567.0,1234627.0,5272806.0,2028002.0,811201.0,1926018.0,1946882.0,-20864.0,Paid
VAT-4B854032,GR0000000451,2022-Q4,2023-01-12,5213414.0,2005159.0,802064.0,3489091.0,1341958.0,536783.0,1251219.0,1288280.0,-37060.0,Paid
VAT-B34FADC3,GR0000000451,2023-Q1,2023-04-23,5462923.0,2101124.0,840450.0,3627007.0,1395003.0,558001.0,1311102.0,1339203.0,-28101.0,Paid
VAT-78A417A7,GR0000000451,2023-Q2,2023-07-24,8184836.0,3148014.0,1259205.0,6020287.0,2315495.0,926198.0,1964361.0,2222875.0,-258515.0,Paid
VAT-78D6E3F3,GR0000000451,2023-Q3,2023-10-26,9078582.0,3491762.0,1396705.0,5943637.0,2286014.0,914406.0,2178860.0,2194574.0,-15714.0,Paid
VAT-72EDA5FD,GR0000000451,2023-Q4,2024-01-22,5882654.0,2262559.0,905024.0,4209126.0,1618895.0,647558.0,1411837.0,1554139.0,-142302.0,Paid
VAT-1924F2DF,GR0000000451,2024-Q1,2024-04-24,3345761.0,1286831.0,514733.0,2430415.0,934775.0,373910.0,802983.0,897384.0,-94401.0,Paid
VAT-926A159F,GR0000000451,2024-Q2,2024-07-14,5724916.0,2201891.0,880756.0,3994887.0,1536495.0,614598.0,1373980.0,1475035.0,-101055.0,Paid
VAT-28DA1ADE,GR0000000451,2024-Q3,2024-10-20,5524217.0,2124699.0,849880.0,3962993.0,1524228.0,609691.0,1325812.0,1463259.0,-137447.0,Paid
VAT-E323007D,GR0000000451,2024-Q4,2025-01-20,3475687.0,1336803.0,534721.0,2284769.0,878757.0,351503.0,834165.0,843607.0,-9442.0,Paid
VAT-C79F7D5B,GR0000000452,2022-Q1,2022-04-11,5432496.0,1018593.0,339531.0,3067083.0,1179647.0,471859.0,1303799.0,1132462.0,171338.0,Paid
VAT-C922A2C9,GR0000000452,2022-Q2,2022-07-13,4267228.0,800105.0,266702.0,2377087.0,914264.0,365706.0,1024135.0,877693.0,146441.0,Paid
VAT-4D3EEFF6,GR0000000452,2022-Q3,2022-10-16,4143997.0,777000.0,259000.0,2264185.0,870840.0,348336.0,994559.0,836007.0,158553.0,Paid
VAT-4AA487EF,GR0000000452,2022-Q4,2023-01-22,5902993.0,1106811.0,368937.0,2938354.0,1130136.0,452055.0,1416718.0,1084931.0,331787.0,Paid
VAT-54403949,GR0000000452,2023-Q1,2023-04-19,6351040.0,1190820.0,396940.0,3483486.0,1339802.0,535921.0,1524250.0,1286210.0,238040.0,Paid
VAT-F0A880FE,GR0000000452,2023-Q2,2023-07-14,4586297.0,859931.0,286644.0,2542108.0,977734.0,391093.0,1100711.0,938624.0,162087.0,Paid
VAT-D713237A,GR0000000452,2023-Q3,2023-10-14,4887845.0,916471.0,305490.0,2407896.0,926114.0,370446.0,1173083.0,889069.0,284014.0,Paid
VAT-D1A3D5D3,GR0000000452,2023-Q4,2024-01-19,5228802.0,980400.0,326800.0,2901008.0,1115772.0,446309.0,1254912.0,1071141.0,183771.0,Paid
VAT-6EC4F2E3,GR0000000452,2024-Q1,2024-04-18,4710601.0,883238.0,294413.0,2458530.0,945588.0,378235.0,1130544.0,907765.0,222779.0,Paid
VAT-BA3535FA,GR0000000452,2024-Q2,2024-07-24,3965674.0,743564.0,247855.0,2066606.0,794848.0,317939.0,951762.0,763054.0,188707.0,Paid
VAT-7328345A,GR0000000452,2024-Q3,2024-10-18,3909707.0,733070.0,244357.0,1910731.0,734897.0,293959.0,938330.0,705501.0,232829.0,Paid
VAT-BED40865,GR0000000452,2024-Q4,2025-01-19,4732557.0,887355.0,295785.0,2607644.0,1002940.0,401176.0,1135814.0,962823.0,172991.0,Paid
VAT-02E2A5C6,GR0000000453,2022-Q1,2022-04-21,54215.0,15490.0,7745.0,41726.0,16048.0,6419.0,13012.0,15407.0,-2395.0,Paid
VAT-A8103DE1,GR0000000453,2022-Q2,2022-07-22,81653.0,23329.0,11665.0,63579.0,24454.0,9781.0,19597.0,23476.0,-3879.0,Paid
VAT-F3611DF6,GR0000000453,2022-Q3,2022-10-14,67062.0,19160.0,9580.0,51717.0,19891.0,7956.0,16095.0,19095.0,-3001.0,Paid
VAT-452348BA,GR0000000453,2022-Q4,2023-01-23,71208.0,20345.0,10173.0,50747.0,19518.0,7807.0,17090.0,18737.0,-1647.0,Paid
VAT-43F59516,GR0000000453,2023-Q1,2023-04-15,55041.0,15726.0,7863.0,42655.0,16406.0,6562.0,13210.0,15749.0,-2539.0,Paid
VAT-9702AF88,GR0000000453,2023-Q2,2023-07-21,72638.0,20754.0,10377.0,56902.0,21885.0,8754.0,17433.0,21010.0,-3577.0,Paid
VAT-B839A98F,GR0000000453,2023-Q3,2023-10-16,64908.0,18545.0,9273.0,46319.0,17815.0,7126.0,15578.0,17102.0,-1524.0,Paid
VAT-150E3322,GR0000000453,2023-Q4,2024-01-13,65187.0,18625.0,9312.0,50008.0,19234.0,7694.0,15645.0,18465.0,-2820.0,Paid
VAT-B342820C,GR0000000453,2024-Q1,2024-04-12,80892.0,23112.0,11556.0,62094.0,23882.0,9553.0,19414.0,22927.0,-3513.0,Paid
VAT-E8CE6C0B,GR0000000453,2024-Q2,2024-07-13,132192.0,37769.0,18885.0,98289.0,37804.0,15121.0,31726.0,36291.0,-4565.0,Paid
VAT-C5FAC77B,GR0000000453,2024-Q3,2024-10-23,101545.0,29013.0,14506.0,71421.0,27469.0,10988.0,24371.0,26371.0,-2000.0,Paid
VAT-80C4A654,GR0000000453,2024-Q4,2025-01-19,116060.0,33160.0,16580.0,83207.0,32003.0,12801.0,27854.0,30723.0,-2868.0,Paid
VAT-BBE4F8BB,GR0000000454,2022-Q1,2022-04-10,42798.0,15285.0,3057.0,17800.0,6846.0,2738.0,10271.0,6572.0,3699.0,Paid
VAT-761B98DE,GR0000000454,2022-Q2,2022-07-16,41016.0,14649.0,2930.0,17910.0,6888.0,2755.0,9844.0,6613.0,3231.0,Paid
VAT-BD0707FD,GR0000000454,2022-Q3,2022-10-25,47210.0,16861.0,3372.0,20915.0,8044.0,3218.0,11330.0,7722.0,3608.0,Paid
VAT-53156B8B,GR0000000454,2022-Q4,2023-01-21,49563.0,17701.0,3540.0,21999.0,8461.0,3384.0,11895.0,8123.0,3772.0,Paid
VAT-0C72F3B8,GR0000000454,2023-Q1,2023-04-21,60383.0,21565.0,4313.0,22517.0,8660.0,3464.0,14492.0,8314.0,6178.0,Paid
VAT-35C3BB91,GR0000000454,2023-Q2,2023-07-14,52831.0,18868.0,3774.0,24302.0,9347.0,3739.0,12679.0,8973.0,3707.0,Paid
VAT-1B17AD34,GR0000000454,2023-Q3,2023-10-23,62930.0,22475.0,4495.0,25784.0,9917.0,3967.0,15103.0,9520.0,5583.0,Paid
VAT-4DEB8091,GR0000000454,2023-Q4,2024-01-14,71200.0,25429.0,5086.0,29059.0,11177.0,4471.0,17088.0,10729.0,6359.0,Paid
VAT-B90C917A,GR0000000454,2024-Q1,2024-04-25,18402.0,6572.0,1314.0,7134.0,2744.0,1098.0,4416.0,2634.0,1782.0,Paid
VAT-0D511C33,GR0000000454,2024-Q2,2024-07-11,19939.0,7121.0,1424.0,8273.0,3182.0,1273.0,4785.0,3055.0,1731.0,Paid
VAT-5A486FDD,GR0000000454,2024-Q3,2024-10-12,19827.0,7081.0,1416.0,9150.0,3519.0,1408.0,4758.0,3379.0,1380.0,Paid
VAT-6287B6A0,GR0000000454,2024-Q4,2025-01-20,25147.0,8981.0,1796.0,10745.0,4133.0,1653.0,6035.0,3967.0,2068.0,Paid
VAT-CA5BCF92,GR0000000455,2022-Q1,2022-04-16,49142.0,9400.0,3125.0,31564.0,11924.0,4605.0,11794.0,12165.0,-371.0,Paid
VAT-A2CE100B,GR0000000455,2022-Q2,2022-07-23,36221.0,7340.0,2486.0,22881.0,8799.0,3389.0,8693.0,8850.0,-157.0,Paid
VAT-E4A73CA8,GR0000000455,2022-Q3,2022-10-27,40259.0,7398.0,2561.0,25259.0,9625.0,3836.0,9662.0,9687.0,-25.0,Paid
VAT-186BAFFB,GR0000000455,2022-Q4,2023-01-17,41208.0,8205.0,2918.0,26207.0,10055.0,3985.0,9890.0,10354.0,-464.0,Paid
VAT-074086F0,GR0000000455,2023-Q1,2023-04-23,46584.0,9347.0,3227.0,32988.0,11971.0,4655.0,11180.0,12266.0,-1086.0,Paid
VAT-00312EC7,GR0000000455,2023-Q2,2023-07-25,36555.0,6899.0,2457.0,24734.0,8869.0,3550.0,8773.0,9256.0,-482.0,Paid
VAT-91473590,GR0000000455,2023-Q3,2023-10-30,32517.0,6304.0,2272.0,20995.0,7898.0,3130.0,7804.0,7923.0,-119.0,Paid
VAT-828A7B4B,GR0000000455,2023-Q4,2024-01-31,47918.0,9411.0,3246.0,33901.0,12292.0,4929.0,11500.0,12765.0,-1265.0,Paid
VAT-81BC71C9,GR0000000455,2024-Q1,2024-04-18,18024.0,3369.0,1242.0,11380.0,4229.0,1659.0,4326.0,4401.0,-76.0,Paid
VAT-E360CCD6,GR0000000455,2024-Q2,2024-07-28,13821.0,2812.0,981.0,9245.0,3374.0,1330.0,3317.0,3467.0,-150.0,Paid
VAT-66336838,GR0000000455,2024-Q3,2024-10-23,14437.0,2690.0,930.0,9884.0,3710.0,1437.0,3465.0,3761.0,-296.0,Paid
VAT-B0DDBB02,GR0000000455,2024-Q4,2025-02-06,19350.0,3819.0,1349.0,12653.0,4783.0,1852.0,4644.0,4927.0,-283.0,Paid
VAT-402F9A38,GR0000000456,2022-Q1,2022-04-21,738011.0,369005.0,123002.0,406160.0,156216.0,62486.0,177123.0,149967.0,27156.0,Paid
VAT-78ADB1A0,GR0000000456,2022-Q2,2022-07-21,2516794.0,1258397.0,419466.0,1367551.0,525981.0,210392.0,604031.0,504942.0,99089.0,Paid
VAT-3D184677,GR0000000456,2022-Q3,2022-10-17,2948918.0,1474459.0,491486.0,1468232.0,564705.0,225882.0,707740.0,542116.0,165624.0,Paid
VAT-947B65A5,GR0000000456,2022-Q4,2023-01-16,1574650.0,787325.0,262442.0,907202.0,348924.0,139569.0,377916.0,334967.0,42949.0,Paid
VAT-29372FA3,GR0000000456,2023-Q1,2023-04-22,545953.0,272976.0,90992.0,309376.0,118991.0,47596.0,131029.0,114231.0,16798.0,Paid
VAT-4512BC4A,GR0000000456,2023-Q2,2023-07-23,1471092.0,735546.0,245182.0,769732.0,296051.0,118420.0,353062.0,284209.0,68853.0,Paid
VAT-D64C0ABE,GR0000000456,2023-Q3,2023-10-16,2027478.0,1013739.0,337913.0,1070208.0,411618.0,164647.0,486595.0,395154.0,91441.0,Paid
VAT-91F090D6,GR0000000456,2023-Q4,2024-01-21,1040102.0,520051.0,173350.0,522054.0,200790.0,80316.0,249625.0,192758.0,56866.0,Paid
VAT-01DCEB8B,GR0000000456,2024-Q1,2024-04-11,571691.0,285845.0,95282.0,318827.0,122626.0,49050.0,137206.0,117721.0,19485.0,Paid
VAT-2213AED0,GR0000000456,2024-Q2,2024-07-19,1543764.0,771882.0,257294.0,811093.0,311959.0,124784.0,370503.0,299480.0,71023.0,Paid
VAT-01E2D852,GR0000000456,2024-Q3,2024-10-25,2264378.0,1132189.0,377396.0,1338066.0,514641.0,205856.0,543451.0,494055.0,49395.0,Paid
VAT-0B5200F0,GR0000000456,2024-Q4,2025-01-17,1142380.0,571190.0,190397.0,618411.0,237850.0,95140.0,274171.0,228336.0,45835.0,Paid
VAT-2A1F9978,GR0000000457,2022-Q1,2022-04-24,114278.0,57139.0,19046.0,65263.0,25101.0,10040.0,27427.0,24097.0,3330.0,Paid
VAT-92DFECF4,GR0000000457,2022-Q2,2022-07-16,330713.0,165356.0,55119.0,189035.0,72706.0,29082.0,79371.0,69797.0,9574.0,Paid
VAT-68AED4D7,GR0000000457,2022-Q3,2022-10-16,435084.0,217542.0,72514.0,235979.0,90761.0,36304.0,104420.0,87131.0,17290.0,Paid
VAT-D2436BD6,GR0000000457,2022-Q4,2023-01-21,214157.0,107078.0,35693.0,115143.0,44286.0,17714.0,51398.0,42515.0,8883.0,Paid
VAT-68EAB980,GR0000000457,2023-Q1,2023-04-11,106467.0,53234.0,17745.0,55090.0,21189.0,8475.0,25552.0,20341.0,5211.0,Paid
VAT-33774C03,GR0000000457,2023-Q2,2023-07-19,295694.0,147847.0,49282.0,144788.0,55688.0,22275.0,70967.0,53460.0,17507.0,Paid
VAT-17110512,GR0000000457,2023-Q3,2023-10-15,382728.0,191364.0,63788.0,219847.0,84557.0,33823.0,91855.0,81174.0,10681.0,Paid
VAT-62D7382B,GR0000000457,2023-Q4,2024-01-26,193138.0,96569.0,32190.0,108941.0,41900.0,16760.0,46353.0,40224.0,6129.0,Paid
VAT-0877C1AC,GR0000000457,2024-Q1,2024-04-16,110167.0,55083.0,18361.0,63574.0,24452.0,9781.0,26440.0,23474.0,2966.0,Paid
VAT-11835A38,GR0000000457,2024-Q2,2024-07-19,360978.0,180489.0,60163.0,190367.0,73218.0,29287.0,86635.0,70289.0,16345.0,Paid
VAT-E4F85879,GR0000000457,2024-Q3,2024-10-17,435864.0,217932.0,72644.0,243683.0,93724.0,37490.0,104607.0,89975.0,14632.0,Paid
VAT-0F62E855,GR0000000457,2024-Q4,2025-01-21,257127.0,128563.0,42854.0,126608.0,48695.0,19478.0,61710.0,46748.0,14963.0,Paid
VAT-768E1215,GR0000000458,2022-Q1,2022-04-23,251376.0,104740.0,62844.0,207156.0,79675.0,31870.0,60330.0,76488.0,-16158.0,Paid
VAT-B85B1026,GR0000000458,2022-Q2,2022-07-20,317726.0,132386.0,79431.0,285181.0,109685.0,43874.0,76254.0,105298.0,-29043.0,Paid
VAT-E75298FD,GR0000000458,2022-Q3,2022-10-19,312184.0,130077.0,78046.0,254269.0,97796.0,39118.0,74924.0,93884.0,-18960.0,Paid
VAT-2A960EF4,GR0000000458,2022-Q4,2023-01-17,388199.0,161750.0,97050.0,347314.0,133582.0,53433.0,93168.0,128239.0,-35071.0,Paid
VAT-DDDE9092,GR0000000458,2023-Q1,2023-04-22,213000.0,88750.0,53250.0,175088.0,67341.0,26937.0,51120.0,64648.0,-13528.0,Paid
VAT-777B1F95,GR0000000458,2023-Q2,2023-07-14,293253.0,122189.0,73313.0,238286.0,91649.0,36659.0,70381.0,87983.0,-17602.0,Paid
VAT-04F03875,GR0000000458,2023-Q3,2023-10-15,264879.0,110366.0,66220.0,242991.0,93458.0,37383.0,63571.0,89720.0,-26149.0,Paid
VAT-CEBC89E5,GR0000000458,2023-Q4,2024-01-12,305504.0,127293.0,76376.0,278391.0,107074.0,42829.0,73321.0,102791.0,-29470.0,Paid
VAT-31AF2580,GR0000000458,2024-Q1,2024-04-20,186662.0,77776.0,46665.0,155334.0,59744.0,23897.0,44799.0,57354.0,-12555.0,Paid
VAT-4936B139,GR0000000458,2024-Q2,2024-07-20,270212.0,112588.0,67553.0,225444.0,86709.0,34684.0,64851.0,83241.0,-18390.0,Paid
VAT-CA901872,GR0000000458,2024-Q3,2024-10-14,276467.0,115195.0,69117.0,226450.0,87096.0,34839.0,66352.0,83612.0,-17260.0,Paid
VAT-4283D60E,GR0000000458,2024-Q4,2025-01-20,318258.0,132608.0,79565.0,267973.0,103066.0,41227.0,76382.0,98944.0,-22562.0,Paid
VAT-53845AB4,GR0000000459,2022-Q1,2022-04-18,131484.0,50571.0,20228.0,92131.0,35435.0,14174.0,31556.0,34018.0,-2462.0,Paid
VAT-87619678,GR0000000459,2022-Q2,2022-07-11,209849.0,80711.0,32284.0,152786.0,58764.0,23506.0,50364.0,56413.0,-6050.0,Paid
VAT-6C2C4074,GR0000000459,2022-Q3,2022-10-23,185122.0,71201.0,28480.0,143293.0,55113.0,22045.0,44429.0,52908.0,-8479.0,Paid
VAT-572231A2,GR0000000459,2022-Q4,2023-01-19,133482.0,51339.0,20536.0,103189.0,39688.0,15875.0,32036.0,38100.0,-6065.0,Paid
VAT-6472BA28,GR0000000459,2023-Q1,2023-04-21,112615.0,43313.0,17325.0,84084.0,32340.0,12936.0,27028.0,31047.0,-4019.0,Paid
VAT-DCD77F8B,GR0000000459,2023-Q2,2023-07-16,175012.0,67312.0,26925.0,134688.0,51803.0,20721.0,42003.0,49731.0,-7728.0,Paid
VAT-F6448C1D,GR0000000459,2023-Q3,2023-10-25,165822.0,63778.0,25511.0,131205.0,50463.0,20185.0,39797.0,48445.0,-8647.0,Paid
VAT-DDE2838F,GR0000000459,2023-Q4,2024-01-19,119533.0,45974.0,18390.0,86198.0,33153.0,13261.0,28688.0,31827.0,-3139.0,Paid
VAT-85E2EC20,GR0000000459,2024-Q1,2024-04-21,61560.0,23677.0,9471.0,46252.0,17789.0,7116.0,14774.0,17078.0,-2303.0,Paid
VAT-64CDFFCE,GR0000000459,2024-Q2,2024-07-14,93614.0,36005.0,14402.0,70327.0,27049.0,10820.0,22467.0,25967.0,-3500.0,Paid
VAT-A1980F35,GR0000000459,2024-Q3,2024-10-23,95999.0,36923.0,14769.0,72442.0,27862.0,11145.0,23040.0,26748.0,-3708.0,Paid
VAT-4CD67EEE,GR0000000459,2024-Q4,2025-01-18,61558.0,23676.0,9471.0,47867.0,18411.0,7364.0,14774.0,17674.0,-2900.0,Paid
VAT-3F0F50F9,GR0000000460,2022-Q1,2022-04-21,1517178.0,831545.0,431944.0,1200823.0,449731.0,175671.0,364123.0,464206.0,-100083.0,Paid
VAT-C4590380,GR0000000460,2022-Q2,2022-07-18,1466591.0,866638.0,445759.0,1065448.0,410492.0,158452.0,351982.0,420692.0,-68710.0,Paid
VAT-8D4286C8,GR0000000460,2022-Q3,2022-10-19,1554024.0,883967.0,469386.0,1094861.0,416557.0,161764.0,372966.0,422684.0,-49719.0,Paid
VAT-6FFBEF0A,GR0000000460,2022-Q4,2023-01-13,1588220.0,857635.0,450388.0,1259664.0,465704.0,184077.0,381173.0,483832.0,-102659.0,Paid
VAT-AA8EEC51,GR0000000460,2023-Q1,2023-04-18,1774515.0,1057480.0,530987.0,1411708.0,526066.0,203001.0,425884.0,539903.0,-114019.0,Paid
VAT-0758BCA4,GR0000000460,2023-Q2,2023-07-28,2062231.0,1233339.0,638149.0,1732094.0,638515.0,252814.0,494936.0,655138.0,-160202.0,Paid
VAT-5D2C0431,GR0000000460,2023-Q3,2023-10-24,2262210.0,1238207.0,640334.0,1763207.0,645213.0,253049.0,542930.0,668017.0,-125087.0,Paid
VAT-5F0D1672,GR0000000460,2023-Q4,2024-01-21,2446930.0,1449387.0,732900.0,1754659.0,676611.0,262296.0,587263.0,666291.0,-79028.0,Paid
VAT-0C9050EA,GR0000000460,2024-Q1,2024-04-19,2412034.0,1501465.0,733065.0,1912066.0,705835.0,272649.0,578888.0,720046.0,-141158.0,Paid
VAT-37C0A2C7,GR0000000460,2024-Q2,2024-07-27,2820683.0,1695567.0,854878.0,2207846.0,805109.0,319068.0,676964.0,828793.0,-151829.0,Paid
VAT-CFF850F5,GR0000000460,2024-Q3,2024-10-27,2614516.0,1519470.0,766276.0,1899040.0,693589.0,273185.0,627484.0,723956.0,-96472.0,Paid
VAT-7CCF2AE1,GR0000000460,2024-Q4,2025-01-19,2954376.0,1695593.0,862319.0,2117925.0,790553.0,315100.0,709050.0,827543.0,-118493.0,Paid
VAT-62C53360,GR0000000461,2022-Q1,2022-04-23,4222225.0,791667.0,263889.0,2558013.0,983851.0,393541.0,1013334.0,944497.0,68837.0,Paid
VAT-F1DB4D4E,GR0000000461,2022-Q2,2022-07-26,4576389.0,858073.0,286024.0,2730263.0,1050101.0,420040.0,1098333.0,1008097.0,90236.0,Paid
VAT-BAE5742C,GR0000000461,2022-Q3,2022-10-12,4303011.0,806815.0,268938.0,2529478.0,972876.0,389150.0,1032723.0,933961.0,98761.0,Paid
VAT-E66E9386,GR0000000461,2022-Q4,2023-01-22,9355113.0,1754084.0,584695.0,5069020.0,1949623.0,779849.0,2245227.0,1871638.0,373589.0,Paid
VAT-D270417E,GR0000000461,2023-Q1,2023-04-14,6313056.0,1183698.0,394566.0,3532180.0,1358531.0,543412.0,1515133.0,1304190.0,210944.0,Paid
VAT-E2AF8365,GR0000000461,2023-Q2,2023-07-15,5933568.0,1112544.0,370848.0,3253387.0,1251303.0,500521.0,1424056.0,1201251.0,222806.0,Paid
VAT-C3C6A618,GR0000000461,2023-Q3,2023-10-18,5941758.0,1114080.0,371360.0,3317088.0,1275803.0,510321.0,1426022.0,1224771.0,201251.0,Paid
VAT-212F98A9,GR0000000461,2023-Q4,2024-01-16,11828446.0,2217834.0,739278.0,6804921.0,2617277.0,1046911.0,2838827.0,2512586.0,326241.0,Paid
VAT-98F76727,GR0000000461,2024-Q1,2024-04-10,5706144.0,1069902.0,356634.0,3239476.0,1245952.0,498381.0,1369475.0,1196114.0,173360.0,Paid
VAT-806212FC,GR0000000461,2024-Q2,2024-07-17,4916104.0,921770.0,307257.0,2964967.0,1140372.0,456149.0,1179865.0,1094757.0,85108.0,Paid
VAT-07931B4C,GR0000000461,2024-Q3,2024-10-22,5041905.0,945357.0,315119.0,2862733.0,1101051.0,440420.0,1210057.0,1057009.0,153048.0,Paid
VAT-920E469C,GR0000000461,2024-Q4,2025-01-20,9403159.0,1763092.0,587697.0,5406538.0,2079438.0,831775.0,2256758.0,1996260.0,260498.0,Paid
VAT-441C500A,GR0000000462,2022-Q1,2022-04-18,5410342.0,4734049.0,3381464.0,5187436.0,1995168.0,798067.0,1298482.0,1915361.0,-616879.0,Paid
VAT-2C255D4B,GR0000000462,2022-Q2,2022-07-14,7558981.0,6614108.0,4724363.0,7641312.0,2938966.0,1175586.0,1814155.0,2821407.0,-1007252.0,Paid
VAT-1C65A09B,GR0000000462,2022-Q3,2022-10-22,6439911.0,5634922.0,4024944.0,6747781.0,2595300.0,1038120.0,1545579.0,2491488.0,-945910.0,Paid
VAT-5A430F5D,GR0000000462,2022-Q4,2023-01-13,8552901.0,7483789.0,5345563.0,8880830.0,3415704.0,1366282.0,2052696.0,3279076.0,-1226379.0,Paid
VAT-FD5EF372,GR0000000462,2023-Q1,2023-04-11,5492167.0,4805646.0,3432604.0,5242879.0,2016492.0,806597.0,1318120.0,1935832.0,-617712.0,Paid
VAT-AD1CE3EA,GR0000000462,2023-Q2,2023-07-16,6351195.0,5557295.0,3969497.0,6374611.0,2451773.0,980709.0,1524287.0,2353702.0,-829416.0,Paid
VAT-03D0A169,GR0000000462,2023-Q3,2023-10-14,7031789.0,6152815.0,4394868.0,6403708.0,2462965.0,985186.0,1687629.0,2364446.0,-676817.0,Paid
VAT-557EAF81,GR0000000462,2023-Q4,2024-01-25,7565986.0,6620238.0,4728741.0,7292822.0,2804931.0,1121973.0,1815837.0,2692734.0,-876897.0,Paid
VAT-9ED852CB,GR0000000462,2024-Q1,2024-04-15,5360064.0,4690056.0,3350040.0,5381290.0,2069727.0,827891.0,1286415.0,1986938.0,-700522.0,Paid
VAT-EEFFB828,GR0000000462,2024-Q2,2024-07-21,6113268.0,5349109.0,3820792.0,5502151.0,2116212.0,846485.0,1467184.0,2031563.0,-564379.0,Paid
VAT-09543397,GR0000000462,2024-Q3,2024-10-20,6674376.0,5840079.0,4171485.0,6598642.0,2537939.0,1015176.0,1601850.0,2436422.0,-834571.0,Paid
VAT-1F31C64E,GR0000000462,2024-Q4,2025-01-20,6751836.0,5907856.0,4219897.0,6311875.0,2427644.0,971058.0,1620441.0,2330539.0,-710098.0,Paid
VAT-A6A9EF5A,GR0000000463,2022-Q1,2022-04-22,152993.0,28686.0,9562.0,97983.0,37686.0,15074.0,36718.0,36178.0,540.0,Paid
VAT-DB4E8BD7,GR0000000463,2022-Q2,2022-07-20,148368.0,27819.0,9273.0,98680.0,37954.0,15182.0,35608.0,36436.0,-827.0,Paid
VAT-53684CFA,GR0000000463,2022-Q3,2022-10-19,152619.0,28616.0,9539.0,100296.0,38575.0,15430.0,36629.0,37032.0,-404.0,Paid
VAT-078B4B57,GR0000000463,2022-Q4,2023-01-24,322893.0,60542.0,20181.0,216193.0,83151.0,33260.0,77494.0,79825.0,-2331.0,Paid
VAT-C2D4ED4F,GR0000000463,2023-Q1,2023-04-22,61622.0,11554.0,3851.0,37563.0,14447.0,5779.0,14789.0,13870.0,920.0,Paid
VAT-B10F7313,GR0000000463,2023-Q2,2023-07-26,71708.0,13445.0,4482.0,46496.0,17883.0,7153.0,17210.0,17168.0,42.0,Paid
VAT-7153B4EC,GR0000000463,2023-Q3,2023-10-13,69900.0,13106.0,4369.0,42835.0,16475.0,6590.0,16776.0,15816.0,960.0,Paid
VAT-67C5B29A,GR0000000463,2023-Q4,2024-01-22,135201.0,25350.0,8450.0,92104.0,35425.0,14170.0,32448.0,34008.0,-1559.0,Paid
VAT-602CC074,GR0000000463,2024-Q1,2024-04-11,72771.0,13645.0,4548.0,48953.0,18828.0,7531.0,17465.0,18075.0,-610.0,Paid
VAT-FE40CACD,GR0000000463,2024-Q2,2024-07-16,74825.0,14030.0,4677.0,47336.0,18206.0,7282.0,17958.0,17478.0,480.0,Paid
VAT-F2DDB99C,GR0000000463,2024-Q3,2024-10-11,71806.0,13464.0,4488.0,48047.0,18480.0,7392.0,17233.0,17740.0,-507.0,Paid
VAT-BE449420,GR0000000463,2024-Q4,2025-01-12,138827.0,26030.0,8677.0,93501.0,35962.0,14385.0,33318.0,34523.0,-1205.0,Paid
VAT-9D2502BF,GR0000000464,2022-Q1,2022-04-20,491741.0,189131.0,75652.0,378295.0,145498.0,58199.0,118018.0,139678.0,-21660.0,Paid
VAT-B9A5A5C7,GR0000000464,2022-Q2,2022-07-26,743477.0,285953.0,114381.0,591806.0,227618.0,91047.0,178434.0,218513.0,-40079.0,Paid
VAT-162CAF75,GR0000000464,2022-Q3,2022-10-21,624243.0,240093.0,96037.0,463275.0,178183.0,71273.0,149818.0,171055.0,-21237.0,Paid
VAT-119CCFDF,GR0000000464,2022-Q4,2023-01-25,428146.0,164672.0,65869.0,338301.0,130116.0,52046.0,102755.0,124911.0,-22156.0,Paid
VAT-2B86E3EB,GR0000000464,2023-Q1,2023-04-21,256617.0,98699.0,39479.0,198638.0,76399.0,30560.0,61588.0,73343.0,-11755.0,Paid
VAT-551BE7AB,GR0000000464,2023-Q2,2023-07-18,420921.0,161893.0,64757.0,315315.0,121275.0,48510.0,101021.0,116424.0,-15403.0,Paid
VAT-4E78E4DB,GR0000000464,2023-Q3,2023-10-26,393579.0,151377.0,60551.0,308749.0,118750.0,47500.0,94459.0,114000.0,-19541.0,Paid
VAT-822CC9AF,GR0000000464,2023-Q4,2024-01-13,273922.0,105354.0,42142.0,214165.0,82371.0,32948.0,65741.0,79076.0,-13335.0,Paid
VAT-22151FD8,GR0000000464,2024-Q1,2024-04-11,470524.0,180971.0,72388.0,336689.0,129496.0,51798.0,112926.0,124316.0,-11390.0,Paid
VAT-C845227A,GR0000000464,2024-Q2,2024-07-18,682553.0,262520.0,105008.0,540365.0,207833.0,83133.0,163813.0,199519.0,-35707.0,Paid
VAT-35E09289,GR0000000464,2024-Q3,2024-10-16,714300.0,274731.0,109892.0,512645.0,197171.0,78868.0,171432.0,189284.0,-17852.0,Paid
VAT-9D5D641E,GR0000000464,2024-Q4,2025-01-12,481919.0,185354.0,74141.0,347826.0,133779.0,53512.0,115661.0,128428.0,-12767.0,Paid
VAT-FB6238FD,GR0000000465,2022-Q1,2022-04-17,5307870.0,2895202.0,1447601.0,3458956.0,1330368.0,532147.0,1273889.0,1277153.0,-3264.0,Paid
VAT-66BE0BAB,GR0000000465,2022-Q2,2022-07-26,6204572.0,3384312.0,1692156.0,4627258.0,1779715.0,711886.0,1489097.0,1708526.0,-219429.0,Paid
VAT-0157A202,GR0000000465,2022-Q3,2022-10-18,5935119.0,3237338.0,1618669.0,4150022.0,1596162.0,638465.0,1424429.0,1532316.0,-107887.0,Paid
VAT-AA1C62E5,GR0000000465,2022-Q4,2023-01-11,6751916.0,3682863.0,1841432.0,4762270.0,1831642.0,732657.0,1620460.0,1758376.0,-137917.0,Paid
VAT-5E7A8E4C,GR0000000465,2023-Q1,2023-04-11,5276850.0,2878282.0,1439141.0,4024579.0,1547915.0,619166.0,1266444.0,1485998.0,-219554.0,Paid
VAT-5FEB3D27,GR0000000465,2023-Q2,2023-07-22,5175088.0,2822775.0,1411388.0,3697592.0,1422151.0,568860.0,1242021.0,1365265.0,-123244.0,Paid
VAT-A74128F7,GR0000000465,2023-Q3,2023-10-22,5608294.0,3059069.0,1529535.0,3909772.0,1503758.0,601503.0,1345990.0,1443608.0,-97617.0,Paid
VAT-A2DC4483,GR0000000465,2023-Q4,2024-01-25,5909939.0,3223603.0,1611801.0,4397121.0,1691200.0,676480.0,1418385.0,1623552.0,-205167.0,Paid
VAT-E10B57CC,GR0000000465,2024-Q1,2024-04-23,3944189.0,2151376.0,1075688.0,2893485.0,1112879.0,445151.0,946605.0,1068364.0,-121758.0,Paid
VAT-C8E9FD89,GR0000000465,2024-Q2,2024-07-14,5120376.0,2792932.0,1396466.0,3483859.0,1339946.0,535978.0,1228890.0,1286348.0,-57458.0,Paid
VAT-28B4EA48,GR0000000465,2024-Q3,2024-10-12,4491987.0,2450175.0,1225087.0,2934043.0,1128478.0,451391.0,1078077.0,1083339.0,-5262.0,Paid
VAT-21DD4357,GR0000000465,2024-Q4,2025-01-16,5306499.0,2894454.0,1447227.0,3572064.0,1373871.0,549548.0,1273560.0,1318916.0,-45356.0,Paid
VAT-278E3AAE,GR0000000466,2023-Q1,2023-04-13,13901.0,5792.0,3475.0,12392.0,4766.0,1906.0,3336.0,4575.0,-1239.0,Paid
VAT-99A1D12D,GR0000000466,2023-Q2,2023-07-14,17908.0,7462.0,4477.0,15603.0,6001.0,2400.0,4298.0,5761.0,-1463.0,Paid
VAT-B141F953,GR0000000466,2023-Q3,2023-10-26,18938.0,7891.0,4735.0,17018.0,6545.0,2618.0,4545.0,6284.0,-1738.0,Paid
VAT-89BE4DC6,GR0000000466,2023-Q4,2024-01-24,18933.0,7889.0,4733.0,16798.0,6461.0,2584.0,4544.0,6202.0,-1658.0,Paid
VAT-FC29F17F,GR0000000466,2024-Q1,2024-04-14,44100.0,18375.0,11025.0,38869.0,14950.0,5980.0,10584.0,14352.0,-3768.0,Paid
VAT-28F23362,GR0000000466,2024-Q2,2024-07-22,49452.0,20605.0,12363.0,42677.0,16414.0,6566.0,11868.0,15758.0,-3889.0,Paid
VAT-1DF891AB,GR0000000466,2024-Q3,2024-10-20,48485.0,20202.0,12121.0,44109.0,16965.0,6786.0,11636.0,16286.0,-4650.0,Paid
VAT-8D2E0B0D,GR0000000466,2024-Q4,2025-01-21,60196.0,25082.0,15049.0,53871.0,20720.0,8288.0,14447.0,19891.0,-5444.0,Paid
VAT-00C1B29A,GR0000000467,2022-Q1,2022-04-14,802290.0,308573.0,123429.0,535308.0,205888.0,82355.0,192550.0,197652.0,-5103.0,Paid
VAT-BCA3F06A,GR0000000467,2022-Q2,2022-07-18,1014454.0,390175.0,156070.0,617113.0,237351.0,94941.0,243469.0,227857.0,15612.0,Paid
VAT-2BDB8612,GR0000000467,2022-Q3,2022-10-26,1135127.0,436587.0,174635.0,690696.0,265652.0,106261.0,272431.0,255026.0,17405.0,Paid
VAT-59AD95D6,GR0000000467,2022-Q4,2023-01-18,691583.0,265993.0,106397.0,453413.0,174390.0,69756.0,165980.0,167414.0,-1434.0,Paid
VAT-056A7D16,GR0000000467,2023-Q1,2023-04-13,1075310.0,413581.0,165432.0,697435.0,268244.0,107298.0,258074.0,257514.0,560.0,Paid
VAT-A9195E59,GR0000000467,2023-Q2,2023-07-15,1446110.0,556196.0,222478.0,892329.0,343204.0,137281.0,347066.0,329475.0,17591.0,Paid
VAT-41FB12B7,GR0000000467,2023-Q3,2023-10-23,1670822.0,642624.0,257050.0,1123550.0,432134.0,172854.0,400997.0,414849.0,-13852.0,Paid
VAT-71327C40,GR0000000467,2023-Q4,2024-01-25,1064386.0,409379.0,163752.0,688796.0,264921.0,105969.0,255453.0,254325.0,1128.0,Paid
VAT-94C68990,GR0000000467,2024-Q1,2024-04-11,672504.0,258655.0,103462.0,443658.0,170638.0,68255.0,161401.0,163812.0,-2411.0,Paid
VAT-C33FFB1C,GR0000000467,2024-Q2,2024-07-12,996097.0,383114.0,153246.0,667324.0,256663.0,102665.0,239063.0,246397.0,-7333.0,Paid
VAT-361BA467,GR0000000467,2024-Q3,2024-10-17,1154233.0,443936.0,177574.0,740127.0,284664.0,113866.0,277016.0,273278.0,3738.0,Paid
VAT-98D1256A,GR0000000467,2024-Q4,2025-01-16,713824.0,274548.0,109819.0,497853.0,191482.0,76593.0,171318.0,183823.0,-12505.0,Paid
VAT-EE463BCE,GR0000000468,2022-Q1,2022-04-10,926432.0,108992.0,54496.0,393259.0,151254.0,60501.0,222344.0,145203.0,77140.0,Paid
VAT-9D2D6070,GR0000000468,2022-Q2,2022-07-15,1094864.0,128808.0,64404.0,462838.0,178014.0,71206.0,262767.0,170894.0,91873.0,Paid
VAT-E6DFFCE9,GR0000000468,2022-Q3,2022-10-15,1023091.0,120364.0,60182.0,434060.0,166946.0,66779.0,245542.0,160268.0,85273.0,Paid
VAT-143A521C,GR0000000468,2022-Q4,2023-01-17,908054.0,106830.0,53415.0,421174.0,161990.0,64796.0,217933.0,155510.0,62423.0,Paid
VAT-CE559725,GR0000000468,2023-Q1,2023-04-24,1396819.0,164332.0,82166.0,596235.0,229321.0,91728.0,335237.0,220148.0,115088.0,Partial
VAT-68086B4A,GR0000000468,2023-Q2,2023-07-21,1360752.0,160088.0,80044.0,636843.0,244940.0,97976.0,326581.0,235142.0,91439.0,Paid
VAT-55117DF7,GR0000000468,2023-Q3,2023-10-15,1381087.0,162481.0,81240.0,676392.0,260151.0,104060.0,331461.0,249745.0,81716.0,Paid
VAT-1BFE64BA,GR0000000468,2023-Q4,2024-01-11,1358378.0,159809.0,79905.0,599264.0,230486.0,92194.0,326011.0,221267.0,104744.0,Paid
VAT-CB3E392B,GR0000000468,2024-Q1,2024-04-12,760073.0,89420.0,44710.0,338352.0,130136.0,52054.0,182418.0,124930.0,57487.0,Paid
VAT-805DE8F3,GR0000000468,2024-Q2,2024-07-12,755798.0,88917.0,44459.0,361121.0,138893.0,55557.0,181392.0,133337.0,48055.0,Paid
VAT-3134882F,GR0000000468,2024-Q3,2024-10-21,795825.0,93626.0,46813.0,355804.0,136848.0,54739.0,190998.0,131374.0,59624.0,Paid
VAT-C710AA13,GR0000000468,2024-Q4,2025-01-18,752343.0,88511.0,44255.0,354913.0,136505.0,54602.0,180562.0,131045.0,49518.0,Paid
VAT-70AA0211,GR0000000469,2022-Q1,2022-04-19,4225109.0,792208.0,264069.0,2382711.0,916427.0,366571.0,1014026.0,879770.0,134256.0,Paid
VAT-D9BDE080,GR0000000469,2022-Q2,2022-07-15,4333963.0,812618.0,270873.0,2321593.0,892920.0,357168.0,1040151.0,857204.0,182948.0,Paid
VAT-3E2D5F63,GR0000000469,2022-Q3,2022-10-20,4076409.0,764327.0,254776.0,2231799.0,858384.0,343354.0,978338.0,824049.0,154289.0,Paid
VAT-D9708EDE,GR0000000469,2022-Q4,2023-01-19,9329088.0,1749204.0,583068.0,5585161.0,2148139.0,859255.0,2238981.0,2062213.0,176768.0,Paid
VAT-084FDDA0,GR0000000469,2023-Q1,2023-04-11,4109051.0,770447.0,256816.0,2296733.0,883359.0,353344.0,986172.0,848024.0,138148.0,Paid
VAT-36023BFB,GR0000000469,2023-Q2,2023-07-14,3798130.0,712149.0,237383.0,2242620.0,862546.0,345018.0,911551.0,828044.0,83507.0,Paid
VAT-F4E32F38,GR0000000469,2023-Q3,2023-10-16,3936198.0,738037.0,246012.0,2188663.0,841794.0,336717.0,944688.0,808122.0,136566.0,Paid
VAT-19220B6C,GR0000000469,2023-Q4,2024-01-12,8198157.0,1537155.0,512385.0,4530267.0,1742410.0,696964.0,1967558.0,1672714.0,294844.0,Paid
VAT-34D5862C,GR0000000469,2024-Q1,2024-04-23,3265000.0,612188.0,204063.0,1797289.0,691265.0,276506.0,783600.0,663614.0,119986.0,Paid
VAT-3E3547B8,GR0000000469,2024-Q2,2024-07-25,3093140.0,579964.0,193321.0,1763121.0,678123.0,271249.0,742354.0,650998.0,91355.0,Paid
VAT-D4DFE078,GR0000000469,2024-Q3,2024-10-16,3151302.0,590869.0,196956.0,1793152.0,689674.0,275870.0,756312.0,662087.0,94226.0,Paid
VAT-34AC64E8,GR0000000469,2024-Q4,2025-01-25,6026133.0,1129900.0,376633.0,3512480.0,1350954.0,540381.0,1446272.0,1296916.0,149356.0,Paid
VAT-8A80A596,GR0000000470,2022-Q1,2022-04-29,114771.0,60665.0,21706.0,79183.0,30559.0,11825.0,27545.0,30211.0,-2666.0,Paid
VAT-A3AA4903,GR0000000470,2022-Q2,2022-07-21,338668.0,181022.0,62157.0,232184.0,83036.0,33004.0,81280.0,89830.0,-8549.0,Paid
VAT-2F024956,GR0000000470,2022-Q3,2022-10-25,527456.0,256443.0,91305.0,342731.0,125460.0,50115.0,126589.0,128451.0,-1861.0,Paid
VAT-766764B1,GR0000000470,2022-Q4,2023-01-24,257163.0,135406.0,44310.0,173789.0,64655.0,24812.0,61719.0,67789.0,-6070.0,Paid
VAT-DC4371E2,GR0000000470,2023-Q1,2023-05-05,101282.0,55291.0,19357.0,68449.0,25188.0,9730.0,24308.0,25679.0,-1371.0,Paid
VAT-77AC5662,GR0000000470,2023-Q2,2023-08-04,335999.0,173561.0,59578.0,223444.0,83475.0,32753.0,80640.0,86347.0,-5707.0,Paid
VAT-36627CEB,GR0000000470,2023-Q3,2023-10-23,459209.0,232698.0,81203.0,292823.0,104656.0,41671.0,110210.0,110972.0,-761.0,Paid
VAT-09D243B2,GR0000000470,2023-Q4,2024-01-17,220083.0,123048.0,40697.0,156466.0,59725.0,22997.0,52820.0,61767.0,-8947.0,Paid
VAT-D41A017A,GR0000000470,2024-Q1,2024-05-02,59736.0,31529.0,10342.0,36497.0,14400.0,5605.0,14337.0,14060.0,277.0,Partial
VAT-B212FDAC,GR0000000470,2024-Q2,2024-07-19,162823.0,88682.0,31279.0,112116.0,42854.0,16894.0,39078.0,42617.0,-3539.0,Paid
VAT-9CEB0561,GR0000000470,2024-Q3,2024-10-20,241455.0,120806.0,42745.0,148367.0,57436.0,22025.0,57949.0,57124.0,825.0,Unpaid
VAT-7B69C127,GR0000000470,2024-Q4,2025-02-04,123243.0,66786.0,23434.0,73406.0,27859.0,10884.0,29578.0,28046.0,1532.0,Paid
VAT-B8A30A6E,GR0000000471,2022-Q1,2022-04-22,1563558.0,781779.0,260593.0,741699.0,285269.0,114108.0,375254.0,273858.0,101396.0,Paid
VAT-7C9903B1,GR0000000471,2022-Q2,2022-07-22,4603681.0,2301841.0,767280.0,2219114.0,853505.0,341402.0,1104884.0,819365.0,285518.0,Paid
VAT-DDF4C494,GR0000000471,2022-Q3,2022-10-19,6563805.0,3281903.0,1093968.0,3020717.0,1161814.0,464726.0,1575313.0,1115342.0,459972.0,Paid
VAT-493AAAF8,GR0000000471,2022-Q4,2023-01-12,3343922.0,1671961.0,557320.0,1796881.0,691108.0,276443.0,802541.0,663464.0,139077.0,Paid
VAT-C4457BAE,GR0000000471,2023-Q1,2023-04-12,2310454.0,1155227.0,385076.0,1160322.0,446278.0,178511.0,554509.0,428426.0,126082.0,Paid
VAT-2A34141E,GR0000000471,2023-Q2,2023-07-17,6629668.0,3314834.0,1104945.0,3200770.0,1231065.0,492426.0,1591120.0,1181823.0,409298.0,Paid
VAT-8BD46393,GR0000000471,2023-Q3,2023-10-13,9010988.0,4505494.0,1501831.0,4088337.0,1572437.0,628975.0,2162637.0,1509540.0,653097.0,Paid
VAT-38C347D9,GR0000000471,2023-Q4,2024-01-23,4283759.0,2141880.0,713960.0,1916652.0,737174.0,294870.0,1028102.0,707687.0,320415.0,Paid
VAT-4299C195,GR0000000471,2024-Q1,2024-04-10,2082289.0,1041145.0,347048.0,1024046.0,393864.0,157546.0,499749.0,378109.0,121640.0,Paid
VAT-BE76BF5C,GR0000000471,2024-Q2,2024-07-14,5591328.0,2795664.0,931888.0,2675010.0,1028850.0,411540.0,1341919.0,987696.0,354223.0,Paid
VAT-CA880324,GR0000000471,2024-Q3,2024-10-17,8330683.0,4165341.0,1388447.0,3922871.0,1508797.0,603519.0,1999364.0,1448445.0,550919.0,Paid
VAT-C76C1999,GR0000000471,2024-Q4,2025-01-16,3869304.0,1934652.0,644884.0,1891986.0,727687.0,291075.0,928633.0,698580.0,230053.0,Paid
VAT-851C4843,GR0000000472,2022-Q1,2022-04-25,58716.0,20970.0,4194.0,22710.0,8735.0,3494.0,14092.0,8385.0,5707.0,Paid
VAT-C5590CE5,GR0000000472,2022-Q2,2022-07-21,60921.0,21758.0,4352.0,24543.0,9440.0,3776.0,14621.0,9062.0,5559.0,Paid
VAT-21268B4C,GR0000000472,2022-Q3,2022-10-21,67325.0,24045.0,4809.0,30726.0,11818.0,4727.0,16158.0,11345.0,4813.0,Paid
VAT-3DBC66C7,GR0000000472,2022-Q4,2023-01-14,69858.0,24949.0,4990.0,28755.0,11059.0,4424.0,16766.0,10617.0,6149.0,Paid
VAT-1B814B37,GR0000000472,2023-Q1,2023-04-16,27871.0,9954.0,1991.0,10806.0,4156.0,1663.0,6689.0,3990.0,2699.0,Paid
VAT-983D0EA1,GR0000000472,2023-Q2,2023-07-21,28594.0,10212.0,2042.0,13259.0,5099.0,2040.0,6863.0,4895.0,1967.0,Paid
VAT-23B4D244,GR0000000472,2023-Q3,2023-10-17,27411.0,9790.0,1958.0,11324.0,4355.0,1742.0,6579.0,4181.0,2397.0,Paid
VAT-FCCBB2DA,GR0000000472,2023-Q4,2024-01-22,31675.0,11312.0,2262.0,11896.0,4575.0,1830.0,7602.0,4392.0,3210.0,Paid
VAT-9B4FAB08,GR0000000472,2024-Q1,2024-04-11,24972.0,8919.0,1784.0,9487.0,3649.0,1460.0,5993.0,3503.0,2491.0,Paid
VAT-1A308110,GR0000000472,2024-Q2,2024-07-21,28566.0,10202.0,2040.0,11166.0,4295.0,1718.0,6856.0,4123.0,2733.0,Paid
VAT-0C6C9BDC,GR0000000472,2024-Q3,2024-10-26,29339.0,10478.0,2096.0,11464.0,4409.0,1764.0,7041.0,4233.0,2808.0,Paid
VAT-A794E35E,GR0000000472,2024-Q4,2025-01-14,33623.0,12008.0,2402.0,14121.0,5431.0,2172.0,8069.0,5214.0,2855.0,Partial
VAT-95969FFA,GR0000000473,2022-Q1,2022-04-13,34988900.0,6560419.0,2186806.0,18865663.0,7256024.0,2902410.0,8397336.0,6965783.0,1431553.0,Paid
VAT-ABB9A6DF,GR0000000473,2022-Q2,2022-07-16,37376594.0,7008111.0,2336037.0,20304831.0,7809550.0,3123820.0,8970383.0,7497168.0,1473214.0,Paid
VAT-917586D6,GR0000000473,2022-Q3,2022-10-12,40629767.0,7618081.0,2539360.0,23896436.0,9190937.0,3676375.0,9751144.0,8823300.0,927845.0,Partial
VAT-B46B89E0,GR0000000473,2022-Q4,2023-01-19,75328165.0,14124031.0,4708010.0,40697953.0,15653059.0,6261224.0,18078760.0,15026937.0,3051823.0,Paid
VAT-7310FDAC,GR0000000473,2023-Q1,2023-04-23,71675498.0,13439156.0,4479719.0,43424441.0,16701708.0,6680683.0,17202120.0,16033640.0,1168480.0,Paid
VAT-9C6C31B5,GR0000000473,2023-Q2,2023-07-21,65532135.0,12287275.0,4095758.0,38154404.0,14674771.0,5869908.0,15727712.0,14087780.0,1639932.0,Paid
VAT-A49B94B1,GR0000000473,2023-Q3,2023-10-19,62587936.0,11735238.0,3911746.0,34406731.0,13233358.0,5293343.0,15021105.0,12704024.0,2317081.0,Paid
VAT-CCC89CBB,GR0000000473,2023-Q4,2024-01-15,126291927.0,23679736.0,7893245.0,71626784.0,27548763.0,11019505.0,30310062.0,26446813.0,3863250.0,Paid
VAT-B61ECD35,GR0000000473,2024-Q1,2024-04-11,52851931.0,9909737.0,3303246.0,30058272.0,11560874.0,4624350.0,12684463.0,11098439.0,1586024.0,Paid
VAT-773A1498,GR0000000473,2024-Q2,2024-07-25,50358053.0,9442135.0,3147378.0,26824208.0,10317003.0,4126801.0,12085933.0,9904323.0,2181610.0,Paid
VAT-2C3979C6,GR0000000473,2024-Q3,2024-10-16,55267326.0,10362624.0,3454208.0,31571331.0,12142820.0,4857128.0,13264158.0,11657107.0,1607051.0,Paid
VAT-AE49EAD7,GR0000000473,2024-Q4,2025-01-11,115007318.0,21563872.0,7187957.0,62778334.0,24145513.0,9658205.0,27601756.0,23179693.0,4422064.0,Paid
VAT-CDDAE548,GR0000000474,2022-Q1,2022-04-20,2289016.0,1248554.0,624277.0,1636850.0,629558.0,251823.0,549364.0,604375.0,-55011.0,Paid
VAT-96EFEA79,GR0000000474,2022-Q2,2022-07-12,2327369.0,1269474.0,634737.0,1766603.0,679463.0,271785.0,558569.0,652284.0,-93716.0,Paid
VAT-3E3520CC,GR0000000474,2022-Q3,2022-10-26,2532171.0,1381184.0,690592.0,1739331.0,668973.0,267589.0,607721.0,642214.0,-34493.0,Paid
VAT-9B46B2E3,GR0000000474,2022-Q4,2023-01-21,2940331.0,1603817.0,801909.0,2185270.0,840488.0,336195.0,705680.0,806869.0,-101189.0,Paid
VAT-BF240165,GR0000000474,2023-Q1,2023-04-16,1803514.0,983735.0,491867.0,1365869.0,525334.0,210134.0,432843.0,504321.0,-71478.0,Paid
VAT-4D8C2E45,GR0000000474,2023-Q2,2023-07-19,2358578.0,1286497.0,643249.0,1806550.0,694827.0,277931.0,566059.0,667034.0,-100975.0,Paid
VAT-80BB2FDE,GR0000000474,2023-Q3,2023-10-12,2099370.0,1145111.0,572556.0,1585995.0,609998.0,243999.0,503849.0,585598.0,-81749.0,Paid
VAT-72A03D25,GR0000000474,2023-Q4,2024-01-12,2447214.0,1334844.0,667422.0,1778459.0,684023.0,273609.0,587331.0,656662.0,-69331.0,Paid
VAT-AF30AEDB,GR0000000474,2024-Q1,2024-04-23,3212017.0,1752010.0,876005.0,2224349.0,855519.0,342207.0,770884.0,821298.0,-50414.0,Paid
VAT-4D3797AC,GR0000000474,2024-Q2,2024-07-13,3505964.0,1912344.0,956172.0,2543074.0,978105.0,391242.0,841431.0,938981.0,-97550.0,Paid
VAT-21829F9C,GR0000000474,2024-Q3,2024-10-17,3789759.0,2067141.0,1033571.0,2642375.0,1016298.0,406519.0,909542.0,975646.0,-66104.0,Paid
VAT-CFA41C06,GR0000000474,2024-Q4,2025-01-12,4313820.0,2352993.0,1176496.0,2922692.0,1124112.0,449645.0,1035317.0,1079148.0,-43831.0,Paid
VAT-1509088E,GR0000000475,2022-Q1,2022-04-25,279798.0,281099.0,198075.0,350845.0,131448.0,51021.0,67151.0,134595.0,-67444.0,Paid
VAT-BEF20DBD,GR0000000475,2022-Q2,2022-07-25,380733.0,371284.0,267698.0,487900.0,179908.0,70924.0,91376.0,188727.0,-97351.0,Paid
VAT-A6C3D288,GR0000000475,2022-Q3,2022-10-18,394610.0,375028.0,281368.0,438948.0,163618.0,64379.0,94706.0,172543.0,-77837.0,Paid
VAT-E7A2D4B9,GR0000000475,2022-Q4,2023-01-28,445583.0,398637.0,293080.0,475368.0,184330.0,71303.0,106940.0,189082.0,-82143.0,Paid
VAT-FDB8B7D8,GR0000000475,2023-Q1,2023-04-30,238649.0,212371.0,160170.0,295280.0,108565.0,43211.0,57276.0,114670.0,-57394.0,Paid
VAT-37270F95,GR0000000475,2023-Q2,2023-07-26,268450.0,243075.0,184104.0,320042.0,115268.0,45662.0,64428.0,119018.0,-54590.0,Paid
VAT-1D9171B0,GR0000000475,2023-Q3,2023-10-22,291314.0,278726.0,202434.0,334728.0,126042.0,49688.0,69915.0,129019.0,-59104.0,Paid
VAT-9E6CCA17,GR0000000475,2023-Q4,2024-01-19,318781.0,293200.0,217206.0,347026.0,130298.0,51769.0,76507.0,132850.0,-56343.0,Paid
VAT-D00E5121,GR0000000475,2024-Q1,2024-04-20,402230.0,366604.0,258574.0,472534.0,180509.0,71348.0,96535.0,180464.0,-83929.0,Paid
VAT-6105C067,GR0000000475,2024-Q2,2024-07-21,407744.0,402305.0,293988.0,477530.0,175153.0,68174.0,97858.0,182526.0,-84668.0,Paid
VAT-9EB7F4C1,GR0000000475,2024-Q3,2024-10-28,406944.0,394988.0,284782.0,445421.0,171703.0,66287.0,97667.0,174766.0,-77100.0,Paid
VAT-8ED865FC,GR0000000475,2024-Q4,2025-01-22,576391.0,493589.0,379927.0,708292.0,263366.0,101718.0,138334.0,265670.0,-127336.0,Paid
VAT-16F59B4A,GR0000000476,2022-Q1,2022-05-28,84916.0,11526.0,6127.0,49632.0,16728.0,5965.0,20380.0,21241.0,-861.0,Paid
VAT-1FF400DD,GR0000000476,2022-Q2,2022-07-21,92678.0,13905.0,6746.0,47992.0,17135.0,6650.0,22243.0,21228.0,1015.0,Partial
VAT-BBBF6123,GR0000000476,2022-Q3,2022-11-16,83626.0,13448.0,7093.0,50147.0,18875.0,6874.0,20070.0,21408.0,-1338.0,Paid
VAT-BAD52A0A,GR0000000476,2022-Q4,2023-02-24,76690.0,12084.0,6152.0,51158.0,16274.0,6446.0,18406.0,20592.0,-2187.0,Paid
VAT-C2561F4C,GR0000000476,2023-Q1,2023-05-09,36272.0,6151.0,3153.0,20603.0,7290.0,2614.0,8705.0,8725.0,-19.0,Paid
VAT-C8CADE57,GR0000000476,2023-Q2,2023-07-29,36943.0,5945.0,3184.0,21277.0,8201.0,2960.0,8866.0,9018.0,-151.0,Paid
VAT-525D8CE7,GR0000000476,2023-Q3,2023-11-10,41063.0,5877.0,3196.0,25095.0,8744.0,3265.0,9855.0,10874.0,-1019.0,Paid
VAT-FD2925BE,GR0000000476,2023-Q4,2024-01-25,34187.0,5488.0,3012.0,22155.0,7843.0,2764.0,8205.0,9163.0,-958.0,Paid
VAT-28E6735A,GR0000000476,2024-Q1,2024-05-16,64706.0,10513.0,5703.0,34657.0,11925.0,4587.0,15529.0,15260.0,270.0,Unpaid
VAT-36625710,GR0000000476,2024-Q2,2024-08-02,64008.0,10588.0,5529.0,35766.0,12802.0,4675.0,15362.0,15307.0,55.0,Unpaid
VAT-F34C0CAF,GR0000000476,2024-Q3,2024-11-17,66512.0,8818.0,5023.0,38400.0,14711.0,5206.0,15963.0,16610.0,-647.0,Paid
VAT-2453A546,GR0000000476,2024-Q4,2025-02-05,72620.0,10930.0,5561.0,41230.0,13973.0,5294.0,17429.0,16920.0,509.0,Unpaid
VAT-B61D993C,GR0000000477,2024-Q1,2024-04-10,32331.0,11547.0,2309.0,14890.0,5727.0,2291.0,7760.0,5498.0,2262.0,Paid
VAT-6CC295E8,GR0000000477,2024-Q2,2024-07-24,30226.0,10795.0,2159.0,11487.0,4418.0,1767.0,7254.0,4242.0,3013.0,Partial
VAT-F3BC229E,GR0000000477,2024-Q3,2024-10-25,31416.0,11220.0,2244.0,12589.0,4842.0,1937.0,7540.0,4648.0,2892.0,Paid
VAT-A0FE5F32,GR0000000477,2024-Q4,2025-01-12,41381.0,14779.0,2956.0,19122.0,7355.0,2942.0,9931.0,7061.0,2871.0,Partial
VAT-F6552E4C,GR0000000478,2022-Q1,2022-04-19,86414802.0,10166447.0,5083224.0,30136171.0,11590835.0,4636334.0,20739553.0,11127202.0,9612351.0,Paid
VAT-79CB8032,GR0000000478,2022-Q2,2022-07-12,83334506.0,9804059.0,4902030.0,28821596.0,11085229.0,4434092.0,20000281.0,10641820.0,9358461.0,Paid
VAT-12A9FBE8,GR0000000478,2022-Q3,2022-10-18,80381803.0,9456683.0,4728341.0,30135477.0,11590568.0,4636227.0,19291633.0,11126946.0,8164687.0,Paid
VAT-D6990902,GR0000000478,2022-Q4,2023-01-14,77304656.0,9094665.0,4547333.0,28950035.0,11134629.0,4453851.0,18553118.0,10689244.0,7863874.0,Paid
VAT-0D3A63CC,GR0000000478,2023-Q1,2023-04-11,75483487.0,8880410.0,4440205.0,26317295.0,10122036.0,4048815.0,18116037.0,9717155.0,8398882.0,Paid
VAT-A7411735,GR0000000478,2023-Q2,2023-07-16,65284812.0,7680566.0,3840283.0,25076240.0,9644708.0,3857883.0,15668355.0,9258919.0,6409436.0,Paid
VAT-701D0E81,GR0000000478,2023-Q3,2023-10-26,74139912.0,8722343.0,4361171.0,28801163.0,11077370.0,4430948.0,17793579.0,10634275.0,7159303.0,Paid
VAT-EE54B9E5,GR0000000478,2023-Q4,2024-01-24,66429113.0,7815190.0,3907595.0,24253084.0,9328109.0,3731244.0,15942987.0,8954985.0,6988002.0,Paid
VAT-1F1DEC9E,GR0000000478,2024-Q1,2024-04-25,87525695.0,10297141.0,5148570.0,35467501.0,13641347.0,5456539.0,21006167.0,13095693.0,7910474.0,Paid
VAT-81EC9E53,GR0000000478,2024-Q2,2024-07-11,84480455.0,9938877.0,4969439.0,30965060.0,11909639.0,4763855.0,20275309.0,11433253.0,8842056.0,Paid
VAT-ABFF3CD5,GR0000000478,2024-Q3,2024-10-20,83885587.0,9868893.0,4934446.0,32863248.0,12639711.0,5055884.0,20132541.0,12134122.0,7998419.0,Paid
VAT-9AD3A56F,GR0000000478,2024-Q4,2025-01-19,83872958.0,9867407.0,4933703.0,31864602.0,12255616.0,4902246.0,20129510.0,11765391.0,8364118.0,Paid
VAT-66F3D67D,GR0000000479,2022-Q1,2022-04-15,86826.0,31009.0,6202.0,39613.0,15236.0,6094.0,20838.0,14626.0,6212.0,Paid
VAT-67C8A549,GR0000000479,2022-Q2,2022-07-22,102116.0,36470.0,7294.0,44432.0,17089.0,6836.0,24508.0,16406.0,8102.0,Paid
VAT-FA8BEC77,GR0000000479,2022-Q3,2022-10-16,94247.0,33660.0,6732.0,41506.0,15964.0,6386.0,22619.0,15325.0,7294.0,Paid
VAT-FBB4B151,GR0000000479,2022-Q4,2023-01-23,122098.0,43606.0,8721.0,47749.0,18365.0,7346.0,29303.0,17631.0,11673.0,Paid
VAT-CD697EFE,GR0000000479,2023-Q1,2023-04-16,119427.0,42652.0,8530.0,50118.0,19276.0,7710.0,28662.0,18505.0,10157.0,Paid
VAT-DC1CA05E,GR0000000479,2023-Q2,2023-07-19,126020.0,45007.0,9001.0,51820.0,19931.0,7972.0,30245.0,19134.0,11111.0,Paid
VAT-710F3AB4,GR0000000479,2023-Q3,2023-10-20,122022.0,43579.0,8716.0,51529.0,19819.0,7928.0,29285.0,19026.0,10259.0,Paid
VAT-0D70F7D0,GR0000000479,2023-Q4,2024-01-14,152527.0,54474.0,10895.0,69089.0,26573.0,10629.0,36606.0,25510.0,11097.0,Paid
VAT-A5BE2364,GR0000000479,2024-Q1,2024-04-18,28013.0,10005.0,2001.0,11474.0,4413.0,1765.0,6723.0,4237.0,2486.0,Paid
VAT-8C9A019E,GR0000000479,2024-Q2,2024-07-17,33967.0,12131.0,2426.0,13920.0,5354.0,2142.0,8152.0,5140.0,3012.0,Paid
VAT-A4CC202B,GR0000000479,2024-Q3,2024-10-18,31345.0,11195.0,2239.0,13148.0,5057.0,2023.0,7523.0,4855.0,2668.0,Paid
VAT-BE390FC4,GR0000000479,2024-Q4,2025-01-18,34116.0,12184.0,2437.0,12983.0,4994.0,1997.0,8188.0,4794.0,3394.0,Paid
VAT-896C46E2,GR0000000480,2022-Q1,2022-04-15,21287.0,8869.0,5322.0,18091.0,6958.0,2783.0,5109.0,6680.0,-1571.0,Paid
VAT-1BB6F37F,GR0000000480,2022-Q2,2022-07-21,23393.0,9747.0,5848.0,20464.0,7871.0,3148.0,5614.0,7556.0,-1942.0,Paid
VAT-C13BA047,GR0000000480,2022-Q3,2022-10-11,24757.0,10316.0,6189.0,21187.0,8149.0,3260.0,5942.0,7823.0,-1881.0,Paid
VAT-3CF9B26B,GR0000000480,2022-Q4,2023-01-23,27922.0,11634.0,6981.0,23474.0,9028.0,3611.0,6701.0,8667.0,-1966.0,Paid
VAT-8246A72E,GR0000000480,2023-Q1,2023-04-17,27362.0,11401.0,6841.0,22982.0,8839.0,3536.0,6567.0,8486.0,-1919.0,Paid
VAT-BEF81FCA,GR0000000480,2023-Q2,2023-07-24,30734.0,12806.0,7683.0,26203.0,10078.0,4031.0,7376.0,9675.0,-2299.0,Paid
VAT-46AEBD09,GR0000000480,2023-Q3,2023-10-21,31406.0,13086.0,7852.0,27369.0,10526.0,4211.0,7538.0,10105.0,-2568.0,Paid
VAT-A788D6C6,GR0000000480,2023-Q4,2024-01-17,42975.0,17906.0,10744.0,38229.0,14703.0,5881.0,10314.0,14115.0,-3801.0,Paid
VAT-CB677DDC,GR0000000480,2024-Q1,2024-04-22,16033.0,6680.0,4008.0,13204.0,5078.0,2031.0,3848.0,4875.0,-1027.0,Paid
VAT-7BAFE932,GR0000000480,2024-Q2,2024-07-14,20767.0,8653.0,5192.0,18938.0,7284.0,2913.0,4984.0,6992.0,-2008.0,Paid
VAT-7C23332B,GR0000000480,2024-Q3,2024-10-20,17613.0,7339.0,4403.0,15985.0,6148.0,2459.0,4227.0,5902.0,-1675.0,Paid
VAT-3B9488DF,GR0000000480,2024-Q4,2025-01-24,23291.0,9705.0,5823.0,19149.0,7365.0,2946.0,5590.0,7071.0,-1481.0,Paid
VAT-3F9F80B4,GR0000000481,2022-Q1,2022-04-15,73381.0,64208.0,45863.0,75598.0,29076.0,11630.0,17611.0,27913.0,-10302.0,Paid
VAT-DD60D3D9,GR0000000481,2022-Q2,2022-07-18,87992.0,76993.0,54995.0,91213.0,35082.0,14033.0,21118.0,33679.0,-12560.0,Paid
VAT-A5898A74,GR0000000481,2022-Q3,2022-10-15,94254.0,82472.0,58909.0,105832.0,40705.0,16282.0,22621.0,39076.0,-16455.0,Paid
VAT-31DE7A3C,GR0000000481,2022-Q4,2023-01-21,113845.0,99615.0,71153.0,124717.0,47968.0,19187.0,27323.0,46049.0,-18727.0,Paid
VAT-65D2B042,GR0000000481,2023-Q1,2023-04-18,75771.0,66300.0,47357.0,80031.0,30781.0,12312.0,18185.0,29550.0,-11365.0,Paid
VAT-8FB11B13,GR0000000481,2023-Q2,2023-07-24,89904.0,78666.0,56190.0,102099.0,39269.0,15708.0,21577.0,37698.0,-16121.0,Paid
VAT-6083A415,GR0000000481,2023-Q3,2023-10-26,94823.0,82970.0,59265.0,95510.0,36735.0,14694.0,22758.0,35265.0,-12508.0,Paid
VAT-79DDD2E5,GR0000000481,2023-Q4,2024-01-18,108082.0,94572.0,67551.0,116478.0,44799.0,17920.0,25940.0,43007.0,-17068.0,Paid
VAT-7CDFE3B9,GR0000000481,2024-Q1,2024-04-12,29356.0,25687.0,18348.0,32381.0,12454.0,4982.0,7046.0,11956.0,-4911.0,Paid
VAT-3DBCDE27,GR0000000481,2024-Q2,2024-07-26,41856.0,36624.0,26160.0,40870.0,15719.0,6288.0,10045.0,15090.0,-5045.0,Paid
VAT-E3E4A0F2,GR0000000481,2024-Q3,2024-10-26,40756.0,35662.0,25473.0,45375.0,17452.0,6981.0,9782.0,16754.0,-6972.0,Paid
VAT-7F2B6E29,GR0000000481,2024-Q4,2025-01-24,44395.0,38846.0,27747.0,47621.0,18316.0,7326.0,10655.0,17583.0,-6928.0,Paid
VAT-5E20D49D,GR0000000482,2022-Q1,2022-04-18,99100.0,18581.0,6194.0,64162.0,24678.0,9871.0,23784.0,23691.0,93.0,Paid
VAT-25204F49,GR0000000482,2022-Q2,2022-07-11,110510.0,20721.0,6907.0,70997.0,27307.0,10923.0,26522.0,26214.0,308.0,Paid
VAT-FD73224D,GR0000000482,2022-Q3,2022-10-23,93826.0,17592.0,5864.0,58331.0,22435.0,8974.0,22518.0,21538.0,981.0,Paid
VAT-00DC8C95,GR0000000482,2022-Q4,2023-01-12,212792.0,39898.0,13299.0,133884.0,51494.0,20598.0,51070.0,49434.0,1636.0,Paid
VAT-F955024D,GR0000000482,2023-Q1,2023-04-24,83983.0,15747.0,5249.0,54195.0,20844.0,8338.0,20156.0,20010.0,145.0,Paid
VAT-1DEA3947,GR0000000482,2023-Q2,2023-07-12,86383.0,16197.0,5399.0,49281.0,18954.0,7582.0,20732.0,18196.0,2536.0,Paid
VAT-F6067E06,GR0000000482,2023-Q3,2023-10-20,86464.0,16212.0,5404.0,50993.0,19613.0,7845.0,20751.0,18828.0,1923.0,Paid
VAT-97E98EA1,GR0000000482,2023-Q4,2024-01-24,177154.0,33216.0,11072.0,106606.0,41002.0,16401.0,42517.0,39362.0,3155.0,Paid
VAT-DA5C2A09,GR0000000482,2024-Q1,2024-04-17,58379.0,10946.0,3649.0,37264.0,14332.0,5733.0,14011.0,13759.0,252.0,Paid
VAT-B59D7029,GR0000000482,2024-Q2,2024-07-26,60576.0,11358.0,3786.0,35636.0,13706.0,5483.0,14538.0,13158.0,1380.0,Paid
VAT-E8934D46,GR0000000482,2024-Q3,2024-10-18,54883.0,10291.0,3430.0,33721.0,12970.0,5188.0,13172.0,12451.0,721.0,Paid
VAT-C21F75A4,GR0000000482,2024-Q4,2025-01-11,117987.0,22123.0,7374.0,74898.0,28807.0,11523.0,28317.0,27655.0,662.0,Paid
VAT-51AF5083,GR0000000483,2022-Q1,2022-04-15,819881.0,447208.0,223604.0,714724.0,274894.0,109958.0,196771.0,263898.0,-67127.0,Paid
VAT-9A74910B,GR0000000483,2022-Q2,2022-07-23,838658.0,457450.0,228725.0,674460.0,259408.0,103763.0,201278.0,249031.0,-47753.0,Paid
VAT-A88755A9,GR0000000483,2022-Q3,2022-10-21,895067.0,488218.0,244109.0,750399.0,288615.0,115446.0,214816.0,277070.0,-62254.0,Paid
VAT-289F3CDE,GR0000000483,2022-Q4,2023-01-15,1019239.0,555949.0,277974.0,813687.0,312957.0,125183.0,244617.0,300438.0,-55821.0,Paid
VAT-08FF8C8F,GR0000000483,2023-Q1,2023-04-23,683437.0,372784.0,186392.0,604236.0,232399.0,92959.0,164025.0,223103.0,-59078.0,Paid
VAT-22550F8E,GR0000000483,2023-Q2,2023-07-11,742326.0,404905.0,202453.0,644160.0,247754.0,99102.0,178158.0,237844.0,-59685.0,Paid
VAT-2327F813,GR0000000483,2023-Q3,2023-10-15,771016.0,420554.0,210277.0,669253.0,257405.0,102962.0,185044.0,247109.0,-62065.0,Paid
VAT-0403AE37,GR0000000483,2023-Q4,2024-01-22,815497.0,444817.0,222408.0,672195.0,258537.0,103415.0,195719.0,248195.0,-52476.0,Paid
VAT-876DD82E,GR0000000483,2024-Q1,2024-04-23,419415.0,228772.0,114386.0,354324.0,136278.0,54511.0,100659.0,130827.0,-30168.0,Paid
VAT-9BB888F6,GR0000000483,2024-Q2,2024-07-12,460191.0,251013.0,125507.0,364643.0,140247.0,56099.0,110446.0,134637.0,-24192.0,Paid
VAT-D4BDF5AA,GR0000000483,2024-Q3,2024-10-17,460623.0,251249.0,125624.0,378935.0,145744.0,58298.0,110549.0,139915.0,-29365.0,Paid
VAT-A0B02008,GR0000000483,2024-Q4,2025-01-17,561968.0,306528.0,153264.0,477992.0,183843.0,73537.0,134872.0,176489.0,-41617.0,Paid
VAT-97514966,GR0000000484,2022-Q1,2022-05-22,34809.0,38919.0,29298.0,51966.0,19023.0,7318.0,8354.0,22752.0,-14397.0,Paid
VAT-B20F63B6,GR0000000484,2022-Q2,2022-07-25,37874.0,48548.0,36333.0,71735.0,22622.0,8825.0,9090.0,30021.0,-20931.0,Paid
VAT-6B170D94,GR0000000484,2022-Q3,2022-11-19,47644.0,48738.0,38580.0,69042.0,23493.0,8724.0,11435.0,28681.0,-17246.0,Paid
VAT-CC1F9E0A,GR0000000484,2022-Q4,2023-02-07,54380.0,58663.0,44537.0,78147.0,29333.0,10868.0,13051.0,34900.0,-21849.0,Paid
VAT-7C92DB68,GR0000000484,2023-Q1,2023-04-20,13821.0,14349.0,10585.0,19695.0,6981.0,2508.0,3317.0,8152.0,-4835.0,Paid
VAT-45EE9604,GR0000000484,2023-Q2,2023-08-15,17249.0,17480.0,13169.0,26078.0,8859.0,3455.0,4140.0,11503.0,-7364.0,Paid
VAT-EA53557D,GR0000000484,2023-Q3,2023-11-08,17528.0,18825.0,14123.0,22220.0,8604.0,3067.0,4207.0,9946.0,-5739.0,Paid
VAT-740EB94F,GR0000000484,2023-Q4,2024-03-01,22100.0,21530.0,16340.0,30507.0,10940.0,4007.0,5304.0,13479.0,-8175.0,Paid
VAT-31780977,GR0000000484,2024-Q1,2024-04-23,8284.0,10414.0,7748.0,14417.0,5091.0,1903.0,1988.0,6083.0,-4094.0,Paid
VAT-B835DBF6,GR0000000484,2024-Q2,2024-07-29,12495.0,14342.0,10511.0,18325.0,6243.0,2432.0,2999.0,8027.0,-5028.0,Paid
VAT-505F2FEE,GR0000000484,2024-Q3,2024-12-08,9972.0,12104.0,9585.0,15642.0,5434.0,1972.0,2393.0,6452.0,-4058.0,Paid
VAT-D29DB52E,GR0000000484,2024-Q4,2025-01-27,14873.0,16998.0,13064.0,21931.0,8161.0,3123.0,3569.0,9840.0,-6270.0,Paid
VAT-7571DC58,GR0000000485,2022-Q1,2022-05-01,2898505.0,1028208.0,215743.0,1145012.0,426402.0,164121.0,695641.0,449706.0,245936.0,Partial
VAT-4DA404D6,GR0000000485,2022-Q2,2022-08-10,2783100.0,1064076.0,215967.0,1043712.0,393239.0,154126.0,667944.0,406776.0,261168.0,Paid
VAT-B54D66B8,GR0000000485,2022-Q3,2022-10-20,3034232.0,1122691.0,229608.0,1273579.0,480608.0,185758.0,728216.0,485909.0,242307.0,Paid
VAT-D781B26D,GR0000000485,2022-Q4,2023-01-23,3796080.0,1440085.0,298872.0,1667321.0,617349.0,240334.0,911059.0,650009.0,261050.0,Paid
VAT-0A780058,GR0000000485,2023-Q1,2023-05-01,2604312.0,1026335.0,207468.0,947549.0,372126.0,142543.0,625035.0,369824.0,255211.0,Paid
VAT-EB98A921,GR0000000485,2023-Q2,2023-08-07,2722956.0,1027342.0,216140.0,1178564.0,423525.0,168410.0,653509.0,442464.0,211045.0,Unpaid
VAT-BFAD6E76,GR0000000485,2023-Q3,2023-11-13,2772057.0,1092669.0,216814.0,1197140.0,444820.0,176632.0,665294.0,465176.0,200118.0,Paid
VAT-AFDC7189,GR0000000485,2023-Q4,2024-01-20,3708718.0,1371078.0,275005.0,1294684.0,499737.0,194529.0,890092.0,495212.0,394880.0,Paid
VAT-8B4DF53C,GR0000000485,2024-Q1,2024-04-26,1669904.0,669949.0,135431.0,698305.0,251614.0,100257.0,400777.0,269270.0,131507.0,Paid
VAT-04192E22,GR0000000485,2024-Q2,2024-07-19,1911336.0,654626.0,140457.0,799121.0,300791.0,119080.0,458721.0,312610.0,146111.0,Partial
VAT-45DA3B72,GR0000000485,2024-Q3,2024-10-30,1866338.0,677223.0,143255.0,653110.0,238877.0,94663.0,447921.0,246616.0,201305.0,Paid
VAT-8D1574EB,GR0000000485,2024-Q4,2025-02-04,2191842.0,846030.0,171009.0,952430.0,341652.0,135418.0,526042.0,357954.0,168088.0,Paid
VAT-6D80885D,GR0000000486,2022-Q1,2022-04-13,69980.0,61233.0,43738.0,75447.0,29018.0,11607.0,16795.0,27857.0,-11062.0,Paid
VAT-04FE710F,GR0000000486,2022-Q2,2022-07-24,92221.0,80693.0,57638.0,91832.0,35320.0,14128.0,22133.0,33907.0,-11774.0,Paid
VAT-79E0B508,GR0000000486,2022-Q3,2022-10-11,81799.0,71574.0,51124.0,91596.0,35229.0,14092.0,19632.0,33820.0,-14188.0,Paid
VAT-11876A7F,GR0000000486,2022-Q4,2023-01-26,99626.0,87172.0,62266.0,101496.0,39037.0,15615.0,23910.0,37475.0,-13565.0,Paid
VAT-668CD28B,GR0000000486,2023-Q1,2023-04-14,62099.0,54337.0,38812.0,68143.0,26209.0,10484.0,14904.0,25160.0,-10257.0,Paid
VAT-52BD8011,GR0000000486,2023-Q2,2023-07-23,75682.0,66221.0,47301.0,79662.0,30639.0,12256.0,18164.0,29414.0,-11250.0,Paid
VAT-62606450,GR0000000486,2023-Q3,2023-10-13,82635.0,72306.0,51647.0,88242.0,33939.0,13576.0,19832.0,32582.0,-12749.0,Paid
VAT-2A8C2965,GR0000000486,2023-Q4,2024-01-14,102855.0,89998.0,64285.0,109315.0,42044.0,16818.0,24685.0,40363.0,-15677.0,Paid
VAT-9E9B23F7,GR0000000486,2024-Q1,2024-04-14,34141.0,29873.0,21338.0,34991.0,13458.0,5383.0,8194.0,12920.0,-4726.0,Paid
VAT-5F5607FB,GR0000000486,2024-Q2,2024-07-22,40768.0,35672.0,25480.0,40384.0,15532.0,6213.0,9784.0,14911.0,-5127.0,Paid
VAT-699748FC,GR0000000486,2024-Q3,2024-10-11,38660.0,33828.0,24163.0,41876.0,16106.0,6442.0,9279.0,15462.0,-6183.0,Paid
VAT-EE9CBFC5,GR0000000486,2024-Q4,2025-01-19,46235.0,40455.0,28897.0,48562.0,18678.0,7471.0,11096.0,17930.0,-6834.0,Paid
VAT-D915F1E8,GR0000000487,2022-Q1,2022-04-21,194072.0,36388.0,12129.0,120300.0,46269.0,18508.0,46577.0,44419.0,2159.0,Paid
VAT-D0975643,GR0000000487,2022-Q2,2022-07-13,185299.0,34744.0,11581.0,113254.0,43559.0,17424.0,44472.0,41817.0,2655.0,Paid
VAT-00A735FC,GR0000000487,2022-Q3,2022-10-20,170094.0,31893.0,10631.0,100377.0,38606.0,15443.0,40823.0,37062.0,3760.0,Partial
VAT-708E6707,GR0000000487,2022-Q4,2023-01-20,353416.0,66265.0,22088.0,219258.0,84330.0,33732.0,84820.0,80957.0,3863.0,Paid
VAT-2B23EB38,GR0000000487,2023-Q1,2023-04-19,138741.0,26014.0,8671.0,86549.0,33288.0,13315.0,33298.0,31957.0,1341.0,Paid
VAT-12DE183E,GR0000000487,2023-Q2,2023-07-15,145673.0,27314.0,9105.0,83122.0,31970.0,12788.0,34962.0,30691.0,4270.0,Paid
VAT-55CAB429,GR0000000487,2023-Q3,2023-10-15,158997.0,29812.0,9937.0,100216.0,38545.0,15418.0,38159.0,37003.0,1156.0,Paid
VAT-9CB6E4BB,GR0000000487,2023-Q4,2024-01-13,292048.0,54759.0,18253.0,188976.0,72683.0,29073.0,70091.0,69776.0,316.0,Paid
VAT-FE7796B0,GR0000000487,2024-Q1,2024-04-25,238318.0,44685.0,14895.0,143213.0,55082.0,22033.0,57196.0,52879.0,4317.0,Paid
VAT-DF606F7C,GR0000000487,2024-Q2,2024-07-14,233874.0,43851.0,14617.0,145137.0,55822.0,22329.0,56130.0,53589.0,2541.0,Paid
VAT-9C6E36C9,GR0000000487,2024-Q3,2024-10-14,235975.0,44245.0,14748.0,146601.0,56385.0,22554.0,56634.0,54130.0,2504.0,Paid
VAT-0853D9BA,GR0000000487,2024-Q4,2025-01-17,417807.0,78339.0,26113.0,254404.0,97848.0,39139.0,100274.0,93934.0,6340.0,Paid
VAT-A849AEF7,GR0000000488,2023-Q1,2023-04-18,292725.0,121969.0,73181.0,242353.0,93213.0,37285.0,70254.0,89484.0,-19230.0,Paid
VAT-8FF83366,GR0000000488,2023-Q2,2023-07-15,363046.0,151269.0,90761.0,323456.0,124406.0,49762.0,87131.0,119430.0,-32299.0,Paid
VAT-8BAE0EF4,GR0000000488,2023-Q3,2023-10-24,345889.0,144120.0,86472.0,314406.0,120925.0,48370.0,83013.0,116088.0,-33075.0,Paid
VAT-94964D27,GR0000000488,2023-Q4,2024-01-26,411378.0,171408.0,102845.0,344545.0,132517.0,53007.0,98731.0,127216.0,-28486.0,Paid
VAT-2C217141,GR0000000488,2024-Q1,2024-04-21,409770.0,170737.0,102442.0,337518.0,129814.0,51926.0,98345.0,124622.0,-26277.0,Paid
VAT-B1BD5122,GR0000000488,2024-Q2,2024-07-15,509614.0,212339.0,127403.0,445308.0,171272.0,68509.0,122307.0,164421.0,-42114.0,Paid
VAT-6EB75A36,GR0000000488,2024-Q3,2024-10-14,567467.0,236445.0,141867.0,475945.0,183056.0,73222.0,136192.0,175733.0,-39541.0,Paid
VAT-5046ABF2,GR0000000488,2024-Q4,2025-01-12,620526.0,258553.0,155132.0,524005.0,201541.0,80616.0,148926.0,193479.0,-44553.0,Paid
VAT-E65643C1,GR0000000489,2022-Q1,2022-04-15,15208.0,6337.0,3802.0,13867.0,5334.0,2133.0,3650.0,5120.0,-1470.0,Paid
VAT-CB71AE29,GR0000000489,2022-Q2,2022-07-17,20558.0,8566.0,5139.0,16719.0,6431.0,2572.0,4934.0,6173.0,-1239.0,Paid
VAT-C9056A66,GR0000000489,2022-Q3,2022-10-15,17717.0,7382.0,4429.0,15010.0,5773.0,2309.0,4252.0,5542.0,-1290.0,Paid
VAT-9376DCEB,GR0000000489,2022-Q4,2023-01-17,22951.0,9563.0,5738.0,19679.0,7569.0,3028.0,5508.0,7266.0,-1758.0,Paid
VAT-95F9F07D,GR0000000489,2023-Q1,2023-04-24,11970.0,4987.0,2992.0,10391.0,3997.0,1599.0,2873.0,3837.0,-964.0,Paid
VAT-B6C75072,GR0000000489,2023-Q2,2023-07-20,15650.0,6521.0,3913.0,12769.0,4911.0,1964.0,3756.0,4715.0,-959.0,Paid
VAT-5860C658,GR0000000489,2023-Q3,2023-10-22,14758.0,6149.0,3689.0,13171.0,5066.0,2026.0,3542.0,4863.0,-1321.0,Paid
VAT-E777A239,GR0000000489,2023-Q4,2024-01-24,16641.0,6934.0,4160.0,13549.0,5211.0,2085.0,3994.0,5003.0,-1009.0,Paid
VAT-0DEA53DB,GR0000000489,2024-Q1,2024-04-13,12083.0,5035.0,3021.0,10108.0,3888.0,1555.0,2900.0,3732.0,-832.0,Paid
VAT-233E7A85,GR0000000489,2024-Q2,2024-07-21,17250.0,7188.0,4313.0,14672.0,5643.0,2257.0,4140.0,5417.0,-1277.0,Paid
VAT-C7787EF4,GR0000000489,2024-Q3,2024-10-14,16149.0,6729.0,4037.0,14270.0,5488.0,2195.0,3876.0,5269.0,-1393.0,Paid
VAT-B1D16D1E,GR0000000489,2024-Q4,2025-01-12,18350.0,7646.0,4587.0,15316.0,5891.0,2356.0,4404.0,5655.0,-1251.0,Paid
VAT-353368AA,GR0000000490,2022-Q1,2022-04-11,18827.0,7241.0,2896.0,13683.0,5263.0,2105.0,4518.0,5052.0,-534.0,Paid
VAT-B643F332,GR0000000490,2022-Q2,2022-07-20,25426.0,9779.0,3912.0,19320.0,7431.0,2972.0,6102.0,7133.0,-1031.0,Paid
VAT-0AA50208,GR0000000490,2022-Q3,2022-10-24,29557.0,11368.0,4547.0,21949.0,8442.0,3377.0,7094.0,8104.0,-1011.0,Paid
VAT-0FBF42CF,GR0000000490,2022-Q4,2023-01-14,17018.0,6545.0,2618.0,11921.0,4585.0,1834.0,4084.0,4402.0,-317.0,Paid
VAT-DE13170D,GR0000000490,2023-Q1,2023-04-12,26902.0,10347.0,4139.0,19898.0,7653.0,3061.0,6456.0,7347.0,-890.0,Paid
VAT-5ADB31B8,GR0000000490,2023-Q2,2023-07-26,40597.0,15614.0,6246.0,31454.0,12098.0,4839.0,9743.0,11614.0,-1870.0,Paid
VAT-744B9F7A,GR0000000490,2023-Q3,2023-10-20,44806.0,17233.0,6893.0,35738.0,13745.0,5498.0,10753.0,13196.0,-2442.0,Paid
VAT-ED1CE513,GR0000000490,2023-Q4,2024-01-22,28110.0,10811.0,4325.0,20839.0,8015.0,3206.0,6746.0,7694.0,-948.0,Paid
VAT-82C8C267,GR0000000490,2024-Q1,2024-04-19,22796.0,8768.0,3507.0,17472.0,6720.0,2688.0,5471.0,6451.0,-980.0,Paid
VAT-E330A745,GR0000000490,2024-Q2,2024-07-15,37406.0,14387.0,5755.0,28481.0,10954.0,4382.0,8977.0,10516.0,-1539.0,Paid
VAT-1857E7ED,GR0000000490,2024-Q3,2024-10-18,37535.0,14437.0,5775.0,26617.0,10237.0,4095.0,9008.0,9828.0,-820.0,Paid
VAT-FC5AEE71,GR0000000490,2024-Q4,2025-01-13,23999.0,9230.0,3692.0,18707.0,7195.0,2878.0,5760.0,6907.0,-1147.0,Paid
VAT-F6DA7F25,GR0000000491,2022-Q1,2022-04-22,155038.0,64599.0,38759.0,141394.0,54382.0,21753.0,37209.0,52207.0,-14998.0,Paid
VAT-A1390D3A,GR0000000491,2022-Q2,2022-07-17,187546.0,78144.0,46886.0,170978.0,65761.0,26304.0,45011.0,63130.0,-18119.0,Paid
VAT-615119BA,GR0000000491,2022-Q3,2022-10-15,165803.0,69085.0,41451.0,146184.0,56225.0,22490.0,39793.0,53976.0,-14183.0,Paid
VAT-3F097A39,GR0000000491,2022-Q4,2023-01-23,206645.0,86102.0,51661.0,168223.0,64701.0,25880.0,49595.0,62113.0,-12518.0,Paid
VAT-C0AF50A8,GR0000000491,2023-Q1,2023-04-12,127472.0,53113.0,31868.0,116847.0,44941.0,17976.0,30593.0,43143.0,-12550.0,Paid
VAT-DFB96143,GR0000000491,2023-Q2,2023-07-17,163965.0,68319.0,40991.0,137750.0,52981.0,21192.0,39352.0,50862.0,-11510.0,Paid
VAT-A0C4A051,GR0000000491,2023-Q3,2023-10-11,155951.0,64980.0,38988.0,140104.0,53886.0,21554.0,37428.0,51731.0,-14302.0,Paid
VAT-74C7C11A,GR0000000491,2023-Q4,2024-01-19,188126.0,78386.0,47032.0,163849.0,63019.0,25208.0,45150.0,60498.0,-15348.0,Paid
VAT-102199DE,GR0000000491,2024-Q1,2024-04-15,106197.0,44249.0,26549.0,87790.0,33765.0,13506.0,25487.0,32415.0,-6927.0,Paid
VAT-486110A9,GR0000000491,2024-Q2,2024-07-26,135621.0,56509.0,33905.0,119877.0,46106.0,18443.0,32549.0,44262.0,-11713.0,Paid
VAT-4ED58D54,GR0000000491,2024-Q3,2024-10-14,132144.0,55060.0,33036.0,113619.0,43700.0,17480.0,31714.0,41952.0,-10237.0,Paid
VAT-23CC5E60,GR0000000491,2024-Q4,2025-01-24,159848.0,66603.0,39962.0,139455.0,53636.0,21455.0,38363.0,51491.0,-13128.0,Paid
VAT-7E8A42C3,GR0000000492,2022-Q1,2022-05-26,40685.0,29714.0,10535.0,31628.0,11629.0,4109.0,9764.0,14000.0,-4235.0,Paid
VAT-8CCEF4E7,GR0000000492,2022-Q2,2022-08-22,153227.0,95300.0,32870.0,111746.0,36319.0,13925.0,36774.0,46698.0,-9923.0,Paid
VAT-DC5036AC,GR0000000492,2022-Q3,2022-11-22,173634.0,116517.0,40560.0,115919.0,41460.0,16066.0,41672.0,48837.0,-7165.0,Paid
VAT-921CA2B4,GR0000000492,2022-Q4,2023-01-29,82050.0,61432.0,20979.0,67583.0,24989.0,9051.0,19692.0,28202.0,-8510.0,Paid
VAT-FBC390A6,GR0000000492,2023-Q1,2023-05-06,38477.0,22949.0,8385.0,25749.0,9265.0,3513.0,9235.0,11478.0,-2244.0,Paid
VAT-2FE1E385,GR0000000492,2023-Q2,2023-08-18,99838.0,67492.0,24207.0,85399.0,27193.0,10421.0,23961.0,35961.0,-11999.0,Paid
VAT-952F6AD4,GR0000000492,2023-Q3,2023-11-15,159420.0,98945.0,34237.0,110090.0,39328.0,13826.0,38261.0,48142.0,-9881.0,Paid
VAT-F75AD4DC,GR0000000492,2023-Q4,2024-02-02,79485.0,55058.0,18328.0,57649.0,19445.0,7171.0,19076.0,23709.0,-4632.0,Paid
VAT-5E3A9B24,GR0000000492,2024-Q1,2024-04-25,26557.0,20042.0,6431.0,19824.0,7239.0,2730.0,6374.0,8556.0,-2183.0,Paid
VAT-40B7DDEE,GR0000000492,2024-Q2,2024-08-12,96079.0,66808.0,22819.0,66777.0,23392.0,8749.0,23059.0,27577.0,-4518.0,Paid
VAT-6F7359BA,GR0000000492,2024-Q3,2024-12-03,111331.0,71491.0,25088.0,84173.0,29002.0,10371.0,26719.0,36852.0,-10133.0,Paid
VAT-A87B864C,GR0000000492,2024-Q4,2025-03-08,64920.0,38031.0,13312.0,45042.0,16991.0,6584.0,15581.0,19922.0,-4342.0,Paid
VAT-077A1F5C,GR0000000493,2022-Q1,2022-04-21,9706709.0,1159327.0,594121.0,3711576.0,1457861.0,558610.0,2329610.0,1471841.0,857769.0,Unpaid
VAT-96B508BA,GR0000000493,2022-Q2,2022-08-02,8631266.0,1152760.0,590204.0,3975729.0,1426192.0,564493.0,2071504.0,1545924.0,525580.0,Paid
VAT-AEBC6CC2,GR0000000493,2022-Q3,2022-11-03,9193150.0,1152484.0,591382.0,4139587.0,1507743.0,591240.0,2206356.0,1572076.0,634280.0,Partial
VAT-AF532133,GR0000000493,2022-Q4,2023-01-16,7887526.0,961685.0,493304.0,3435129.0,1268564.0,489083.0,1893006.0,1335385.0,557622.0,Paid
VAT-26664FD5,GR0000000493,2023-Q1,2023-04-23,3848118.0,479902.0,260203.0,1525156.0,559312.0,218808.0,923548.0,593549.0,329999.0,Paid
VAT-12F5A8BA,GR0000000493,2023-Q2,2023-07-27,4241397.0,546462.0,274756.0,1853639.0,698944.0,269859.0,1017935.0,712244.0,305691.0,Paid
VAT-60BCD78E,GR0000000493,2023-Q3,2023-10-28,4623222.0,580208.0,296985.0,1936967.0,727854.0,279499.0,1109573.0,728548.0,381025.0,Paid
VAT-436FC6B4,GR0000000493,2023-Q4,2024-01-23,4009142.0,509508.0,252308.0,1501572.0,558815.0,221157.0,962194.0,565338.0,396856.0,Partial
VAT-26463310,GR0000000493,2024-Q1,2024-04-29,3896278.0,502613.0,259317.0,1746128.0,645563.0,250558.0,935107.0,675099.0,260008.0,Paid
VAT-F8F87839,GR0000000493,2024-Q2,2024-07-21,4010618.0,504449.0,260946.0,1724430.0,664879.0,254648.0,962548.0,666402.0,296146.0,Unpaid
VAT-8C03D30A,GR0000000493,2024-Q3,2024-10-20,3881119.0,516919.0,263381.0,1623503.0,604969.0,238447.0,931469.0,626326.0,305142.0,Paid
VAT-6794507B,GR0000000493,2024-Q4,2025-02-08,3892989.0,496113.0,251988.0,1703784.0,650409.0,254279.0,934317.0,653903.0,280415.0,Paid
VAT-85E8FF65,GR0000000494,2022-Q1,2022-04-13,7382.0,4027.0,2013.0,6328.0,2434.0,973.0,1772.0,2336.0,-565.0,Paid
VAT-478BB106,GR0000000494,2022-Q2,2022-07-24,8117.0,4427.0,2214.0,7077.0,2722.0,1089.0,1948.0,2613.0,-665.0,Paid
VAT-DA263330,GR0000000494,2022-Q3,2022-10-15,8042.0,4387.0,2193.0,6364.0,2448.0,979.0,1930.0,2350.0,-419.0,Paid
VAT-9B98D521,GR0000000494,2022-Q4,2023-01-23,8411.0,4588.0,2294.0,6850.0,2634.0,1054.0,2019.0,2529.0,-510.0,Paid
VAT-B0A83D94,GR0000000494,2023-Q1,2023-04-13,6977.0,3806.0,1903.0,5462.0,2101.0,840.0,1675.0,2017.0,-342.0,Paid
VAT-5958BF49,GR0000000494,2023-Q2,2023-07-17,7084.0,3864.0,1932.0,6004.0,2309.0,924.0,1700.0,2217.0,-517.0,Paid
VAT-2FA0F011,GR0000000494,2023-Q3,2023-10-14,6867.0,3745.0,1873.0,5997.0,2307.0,923.0,1648.0,2214.0,-566.0,Paid
VAT-CF0AA320,GR0000000494,2023-Q4,2024-01-16,9086.0,4956.0,2478.0,7605.0,2925.0,1170.0,2181.0,2808.0,-627.0,Paid
VAT-969AFA7A,GR0000000494,2024-Q1,2024-04-11,9264.0,5053.0,2527.0,8165.0,3140.0,1256.0,2223.0,3015.0,-791.0,Paid
VAT-8D44BD35,GR0000000494,2024-Q2,2024-07-24,12747.0,6953.0,3476.0,9974.0,3836.0,1535.0,3059.0,3683.0,-624.0,Paid
VAT-799FD218,GR0000000494,2024-Q3,2024-10-14,12737.0,6948.0,3474.0,10367.0,3987.0,1595.0,3057.0,3828.0,-771.0,Paid
VAT-559DFB64,GR0000000494,2024-Q4,2025-01-14,12765.0,6963.0,3481.0,10463.0,4024.0,1610.0,3064.0,3863.0,-800.0,Paid
VAT-AC78AFCB,GR0000000495,2022-Q1,2022-04-13,8441.0,1583.0,528.0,5745.0,2209.0,884.0,2026.0,2121.0,-95.0,Paid
VAT-EBF23DC5,GR0000000495,2022-Q2,2022-07-13,7705.0,1445.0,482.0,4997.0,1922.0,769.0,1849.0,1845.0,4.0,Paid
VAT-DC0188E2,GR0000000495,2022-Q3,2022-10-14,8047.0,1509.0,503.0,5145.0,1979.0,792.0,1931.0,1900.0,31.0,Paid
VAT-B1B2A40F,GR0000000495,2022-Q4,2023-01-11,15286.0,2866.0,955.0,10242.0,3939.0,1576.0,3669.0,3782.0,-113.0,Paid
VAT-6E35C80F,GR0000000495,2023-Q1,2023-04-10,14092.0,2642.0,881.0,9677.0,3722.0,1489.0,3382.0,3573.0,-191.0,Paid
VAT-CD84F66A,GR0000000495,2023-Q2,2023-07-20,12699.0,2381.0,794.0,7828.0,3011.0,1204.0,3048.0,2890.0,157.0,Paid
VAT-EE2F1C34,GR0000000495,2023-Q3,2023-10-16,12335.0,2313.0,771.0,7665.0,2948.0,1179.0,2960.0,2830.0,130.0,Paid
VAT-FCEFE118,GR0000000495,2023-Q4,2024-01-20,28583.0,5359.0,1786.0,18208.0,7003.0,2801.0,6860.0,6723.0,137.0,Paid
VAT-0FC7AB20,GR0000000495,2024-Q1,2024-04-16,16249.0,3047.0,1016.0,10694.0,4113.0,1645.0,3900.0,3949.0,-49.0,Paid
VAT-9E922551,GR0000000495,2024-Q2,2024-07-24,16523.0,3098.0,1033.0,10676.0,4106.0,1643.0,3966.0,3942.0,23.0,Paid
VAT-2F559478,GR0000000495,2024-Q3,2024-10-25,13949.0,2615.0,872.0,8885.0,3417.0,1367.0,3348.0,3281.0,67.0,Paid
VAT-6C03D40B,GR0000000495,2024-Q4,2025-01-15,29884.0,5603.0,1868.0,20416.0,7852.0,3141.0,7172.0,7538.0,-366.0,Paid
VAT-A4C34613,GR0000000496,2022-Q1,2022-04-22,19930920.0,2344814.0,1172407.0,7643562.0,2939831.0,1175933.0,4783421.0,2822238.0,1961182.0,Paid
VAT-ED8F07BA,GR0000000496,2022-Q2,2022-07-13,17838390.0,2098634.0,1049317.0,6161229.0,2369703.0,947881.0,4281214.0,2274915.0,2006298.0,Paid
VAT-016EE363,GR0000000496,2022-Q3,2022-10-19,19452497.0,2288529.0,1144265.0,7122591.0,2739458.0,1095783.0,4668599.0,2629880.0,2038720.0,Paid
VAT-14337197,GR0000000496,2022-Q4,2023-01-22,17313850.0,2036924.0,1018462.0,6125984.0,2356148.0,942459.0,4155324.0,2261902.0,1893422.0,Paid
VAT-A31B05B9,GR0000000496,2023-Q1,2023-04-17,17351079.0,2041303.0,1020652.0,7186758.0,2764138.0,1105655.0,4164259.0,2653572.0,1510687.0,Paid
VAT-E3A5682C,GR0000000496,2023-Q2,2023-07-19,19155966.0,2253643.0,1126822.0,7654722.0,2944124.0,1177650.0,4597432.0,2826359.0,1771073.0,Paid
VAT-24FE339A,GR0000000496,2023-Q3,2023-10-18,20201704.0,2376671.0,1188336.0,8355669.0,3213719.0,1285487.0,4848409.0,3085170.0,1763239.0,Paid
VAT-D0916842,GR0000000496,2023-Q4,2024-01-24,20344928.0,2393521.0,1196760.0,7438283.0,2860878.0,1144351.0,4882783.0,2746443.0,2136340.0,Paid
VAT-A27EA92F,GR0000000496,2024-Q1,2024-04-19,21355233.0,2512380.0,1256190.0,8460677.0,3254107.0,1301643.0,5125256.0,3123942.0,2001314.0,Paid
VAT-6E1B7B5E,GR0000000496,2024-Q2,2024-07-11,21445703.0,2523024.0,1261512.0,8350280.0,3211646.0,1284658.0,5146969.0,3083180.0,2063789.0,Paid
VAT-1528CA23,GR0000000496,2024-Q3,2024-10-17,19703720.0,2318085.0,1159042.0,6848401.0,2634000.0,1053600.0,4728893.0,2528640.0,2200252.0,Paid
VAT-DA4D691E,GR0000000496,2024-Q4,2025-01-23,18664158.0,2195783.0,1097892.0,7032226.0,2704702.0,1081881.0,4479398.0,2596514.0,1882884.0,Paid
VAT-2D30E258,GR0000000497,2022-Q1,2022-04-23,1564949.0,853608.0,426804.0,1202581.0,462531.0,185012.0,375588.0,444030.0,-68442.0,Paid
VAT-21E71900,GR0000000497,2022-Q2,2022-07-26,1774185.0,967737.0,483869.0,1459372.0,561297.0,224519.0,425804.0,538845.0,-113041.0,Paid
VAT-58672DD9,GR0000000497,2022-Q3,2022-10-14,1926778.0,1050970.0,525485.0,1400555.0,538675.0,215470.0,462427.0,517128.0,-54701.0,Paid
VAT-8E7AD31D,GR0000000497,2022-Q4,2023-01-17,2134039.0,1164021.0,582011.0,1554242.0,597785.0,239114.0,512169.0,573874.0,-61705.0,Paid
VAT-974286D4,GR0000000497,2023-Q1,2023-04-12,1395250.0,761045.0,380523.0,1123049.0,431942.0,172777.0,334860.0,414664.0,-79804.0,Paid
VAT-85F9D9B1,GR0000000497,2023-Q2,2023-07-16,1774471.0,967893.0,483947.0,1334097.0,513114.0,205246.0,425873.0,492590.0,-66717.0,Paid
VAT-9E3DB95A,GR0000000497,2023-Q3,2023-10-11,1621340.0,884367.0,442184.0,1236221.0,475470.0,190188.0,389122.0,456451.0,-67329.0,Paid
VAT-2412B7F9,GR0000000497,2023-Q4,2024-01-17,1851078.0,1009679.0,504839.0,1482409.0,570157.0,228063.0,444259.0,547351.0,-103092.0,Paid
VAT-7F0D4CCE,GR0000000497,2024-Q1,2024-04-16,1981333.0,1080727.0,540364.0,1522555.0,585598.0,234239.0,475520.0,562174.0,-86654.0,Paid
VAT-72E2230C,GR0000000497,2024-Q2,2024-07-22,2249795.0,1227161.0,613581.0,1647269.0,633565.0,253426.0,539951.0,608222.0,-68272.0,Paid
VAT-B92F0D52,GR0000000497,2024-Q3,2024-10-11,2061225.0,1124305.0,562152.0,1662313.0,639351.0,255741.0,494694.0,613777.0,-119083.0,Paid
VAT-E5986198,GR0000000497,2024-Q4,2025-01-22,2473009.0,1348914.0,674457.0,1845525.0,709817.0,283927.0,593522.0,681425.0,-87903.0,Paid
VAT-6337A3CB,GR0000000498,2022-Q1,2022-04-22,1953306.0,813878.0,488327.0,1389760.0,534523.0,213809.0,468793.0,513142.0,-44349.0,Paid
VAT-55DEBE74,GR0000000498,2022-Q2,2022-07-12,2385753.0,994064.0,596438.0,1930670.0,742565.0,297026.0,572581.0,712863.0,-140282.0,Paid
VAT-0A6C4D8C,GR0000000498,2022-Q3,2022-10-21,2616766.0,1090319.0,654192.0,1999558.0,769061.0,307624.0,628024.0,738298.0,-110275.0,Paid
VAT-0ADFCB70,GR0000000498,2022-Q4,2023-01-16,2873242.0,1197184.0,718310.0,2037579.0,783684.0,313474.0,689578.0,752337.0,-62759.0,Paid
VAT-630B5542,GR0000000498,2023-Q1,2023-04-20,1621516.0,675632.0,405379.0,1231544.0,473671.0,189468.0,389164.0,454724.0,-65560.0,Paid
VAT-C45CD0EB,GR0000000498,2023-Q2,2023-07-11,2063972.0,859988.0,515993.0,1488896.0,572652.0,229061.0,495353.0,549746.0,-54393.0,Paid
VAT-D250CFBF,GR0000000498,2023-Q3,2023-10-18,2018732.0,841138.0,504683.0,1518052.0,583866.0,233546.0,484496.0,560512.0,-76016.0,Paid
VAT-01DD1C7D,GR0000000498,2023-Q4,2024-01-11,2681511.0,1117296.0,670378.0,2014640.0,774862.0,309945.0,643563.0,743867.0,-100304.0,Paid
VAT-3B7E4BFD,GR0000000498,2024-Q1,2024-04-10,2544332.0,1060138.0,636083.0,1874112.0,720812.0,288325.0,610640.0,691980.0,-81340.0,Paid
VAT-C2927173,GR0000000498,2024-Q2,2024-07-12,3059138.0,1274641.0,764784.0,2180334.0,838590.0,335436.0,734193.0,805046.0,-70853.0,Paid
VAT-60F2C4C1,GR0000000498,2024-Q3,2024-10-22,2955584.0,1231493.0,738896.0,2099031.0,807320.0,322928.0,709340.0,775027.0,-65687.0,Paid
VAT-14D6F786,GR0000000498,2024-Q4,2025-01-11,3552381.0,1480159.0,888095.0,2622079.0,1008492.0,403397.0,852571.0,968152.0,-115581.0,Paid
VAT-7F53CA1B,GR0000000499,2022-Q1,2022-04-14,309713.0,58071.0,19357.0,203935.0,78437.0,31375.0,74331.0,75299.0,-968.0,Paid
VAT-AF90B5E9,GR0000000499,2022-Q2,2022-07-23,361854.0,67848.0,22616.0,231425.0,89010.0,35604.0,86845.0,85449.0,1396.0,Paid
VAT-65BB4CB8,GR0000000499,2022-Q3,2022-10-22,319393.0,59886.0,19962.0,204910.0,78811.0,31525.0,76654.0,75659.0,995.0,Paid
VAT-BEF0DE47,GR0000000499,2022-Q4,2023-01-25,733097.0,137456.0,45819.0,475367.0,182834.0,73133.0,175943.0,175520.0,423.0,Paid
VAT-FC928BE5,GR0000000499,2023-Q1,2023-04-25,348964.0,65431.0,21810.0,230671.0,88719.0,35488.0,83751.0,85171.0,-1419.0,Paid
VAT-3559F686,GR0000000499,2023-Q2,2023-07-23,296199.0,55537.0,18512.0,180863.0,69563.0,27825.0,71088.0,66780.0,4308.0,Paid
VAT-25C5BEF2,GR0000000499,2023-Q3,2023-10-18,341975.0,64120.0,21373.0,234008.0,90003.0,36001.0,82074.0,86403.0,-4329.0,Paid
VAT-D2C2776F,GR0000000499,2023-Q4,2024-01-15,615815.0,115465.0,38488.0,382384.0,147071.0,58828.0,147796.0,141188.0,6608.0,Paid
VAT-C0482D42,GR0000000499,2024-Q1,2024-04-17,360453.0,67585.0,22528.0,246934.0,94974.0,37990.0,86509.0,91175.0,-4667.0,Paid
VAT-03EFED5D,GR0000000499,2024-Q2,2024-07-20,384061.0,72011.0,24004.0,236194.0,90844.0,36338.0,92175.0,87210.0,4964.0,Paid
VAT-3EB4507A,GR0000000499,2024-Q3,2024-10-11,343130.0,64337.0,21446.0,211790.0,81458.0,32583.0,82351.0,78200.0,4152.0,Paid
VAT-4857CFEE,GR0000000499,2024-Q4,2025-01-15,701652.0,131560.0,43853.0,440498.0,169422.0,67769.0,168396.0,162645.0,5751.0,Paid
VAT-AE972A05,GR0000000500,2022-Q1,2022-04-12,383632.0,137012.0,27402.0,154675.0,59490.0,23796.0,92072.0,57111.0,34961.0,Paid
VAT-A9C3BEDD,GR0000000500,2022-Q2,2022-07-24,392757.0,140270.0,28054.0,128563.0,49447.0,19779.0,94262.0,47470.0,46792.0,Paid
VAT-82D4709E,GR0000000500,2022-Q3,2022-10-20,403706.0,144181.0,28836.0,160888.0,61880.0,24752.0,96889.0,59405.0,37485.0,Paid
VAT-12C645A7,GR0000000500,2022-Q4,2023-01-17,418834.0,149584.0,29917.0,147848.0,56865.0,22746.0,100520.0,54590.0,45930.0,Paid
VAT-1C209D85,GR0000000500,2023-Q1,2023-04-12,285450.0,101947.0,20389.0,109388.0,42072.0,16829.0,68508.0,40389.0,28119.0,Paid
VAT-BDCB6955,GR0000000500,2023-Q2,2023-07-24,319118.0,113971.0,22794.0,128542.0,49439.0,19776.0,76588.0,47461.0,29127.0,Paid
VAT-C472B485,GR0000000500,2023-Q3,2023-10-14,318480.0,113743.0,22749.0,105094.0,40421.0,16168.0,76435.0,38804.0,37631.0,Paid
VAT-5A6F7DD7,GR0000000500,2023-Q4,2024-01-22,393169.0,140418.0,28084.0,132001.0,50769.0,20308.0,94361.0,48739.0,45622.0,Paid
VAT-1C35F257,GR0000000500,2024-Q1,2024-04-18,362202.0,129358.0,25872.0,135035.0,51937.0,20775.0,86928.0,49859.0,37069.0,Paid
VAT-450E3E97,GR0000000500,2024-Q2,2024-07-17,414787.0,148138.0,29628.0,157275.0,60490.0,24196.0,99549.0,58071.0,41478.0,Paid
VAT-ED4163A8,GR0000000500,2024-Q3,2024-10-20,383140.0,136836.0,27367.0,132148.0,50826.0,20330.0,91954.0,48793.0,43161.0,Paid
VAT-42346A56,GR0000000500,2024-Q4,2025-01-21,484527.0,173045.0,34609.0,167779.0,64531.0,25812.0,116287.0,61949.0,54337.0,Paid
