ID,Name,Address,Country,PreferredGoods
CN6384181298,China Tech Device,"Xinhua Street 172, 100000 Beijing, China",China,electronics
TR5463363175,Adana Global Fashion,"Gazi Mustafa Kemal Bulvarı 52, 40000 Trade City, Turkey",Turkey,clothing
DE9114758692,Frankfurt Shop,"Gartenstraße 69, 04109 Leipzig, Germany",Germany,"chemicals, household"
HR7548694008,Zagreb Manufacturing,"Gundulićeva 102, 10000 Capital City, Croatia",Croatia,No preference
GB6241114360,Upscale Premium Upscale,"High Street 79, B1 1BB Birmingham, United Kingdom",United Kingdom,luxury
IN9894795891,Med Stitch,"Nehru Road 37, 560001 Bangalore, India",India,"clothing, medical"
CZ1559502902,Pilsen Thirst Fluid Holding,"Wenceslas Square 36, 30000 Port City, Czech Republic",Czech Republic,beverages
CA6200099224,Culinary Help Culinary,"Yonge Street 180, 30000 Port City, Canada",Canada,food
RU8267731666,Moscow Refreshment Beverage,"Tverskaya Street 91, 620000 Yekaterinburg, Russia",Russia,beverages
RO8998978280,Natural Farm,"Strada Franceză 199, 50000 Commerce City, Romania",Romania,produce
RU9288326503,Russian Origin,"Leninsky Prospekt 30, 190000 Saint Petersburg, Russia",Russia,raw_materials
US6022844974,Trading LP,"Maple Avenue 132, 10001 New York, USA",USA,"luxury, sports"
CN2947658104,Material Enterprises,"Yongxing Street 10, 300000 Tianjin, China",China,raw_materials
IN5687499030,Food Pvt. Ltd.,"Park Street 2, 700001 Kolkata, India",India,"clothing, food"
AE9515971497,Elegant Upscale,"Al Diyafah Street 118, 10000 Capital City, United Arab Emirates",United Arab Emirates,luxury
CN3321211257,Store Enterprises,"Xingfu Road 65, 523000 Dongguan, China",China,toys
PL9457679045,Resource International,"Mickiewicza 91, 90-001 Łódź, Poland",Poland,"food, raw_materials"
GB2164031594,Garment Distribution International,"Park Road 73, NE1 1AD Newcastle, United Kingdom",United Kingdom,"beverages, clothing"
NL9803076575,Groningen Harvest Export NV,"Wilhelminastraat 118, 3511 Utrecht, Netherlands",Netherlands,produce
CN7677004673,Residence Enterprises,"Guangming Road 188, 400000 Chongqing, China",China,household
CN9273937151,Hobby Trading,"Jianguo Road 10, 300000 Tianjin, China",China,toys
SG7589707547,Fine Ltd.,"Orchard Road 160, 20000 Central City, Singapore",Singapore,luxury
FR8673486724,Delicacy SA,"Rue du Moulin 132, 06000 Nice, France",France,"cosmetics, food"
CN9575629778,Residence Residence Limited,"Zhongshan Road 40, 400000 Chongqing, China",China,household
RU9590269359,Shipping ZAO,"Bolshaya Morskaya Street 40, 190000 Saint Petersburg, Russia",Russia,beverages
JP9913353664,Japan Transport,"Meiji-dori 185, 330-0001 Saitama, Japan",Japan,No preference
US8166365954,Chicago Future Shipping LP,"Sunset Boulevard 60, 75201 Dallas, USA",USA,"electronics, sports"
CN4143335405,Play Basic,"Renmin Road 35, 400000 Chongqing, China",China,"raw_materials, toys"
JP5184054736,Fukuoka Help Technologies International,"Nakamise-dori 58, 530-0001 Osaka, Japan",Japan,No preference
JP3272053044,Osaka Med Remedy Trading,"Showa-dori 95, 810-0001 Fukuoka, Japan",Japan,"medical, toys"
RO6054227953,Iași Living,"Strada Lipscani 197, 20000 Central City, Romania",Romania,"furniture, produce"
CN4695255263,Wuhan Active Trading,"Yongxing Street 172, 100000 Beijing, China",China,household
IT4205200558,Fabric Srl,"Via Dante 167, 80100 Naples, Italy",Italy,"clothing, furniture"
FI4217824564,Home Ky,"Fredrikinkatu 60, 50000 Commerce City, Finland",Finland,"household, paper"
VN7433864036,Nutrition Wear,"Nguyen Trai Street 177, 50000 Commerce City, Vietnam",Vietnam,"clothing, food"
PL4016562299,House Holding,"Sienkiewicza 60, 80-001 Gdańsk, Poland",Poland,household
CN7685787585,Fabric House,"Xingfu Road 53, 400000 Chongqing, China",China,"clothing, household"
BG3231444194,Plovdiv Drink Trading,"Graf Ignatiev Street 59, 40000 Trade City, Bulgaria",Bulgaria,beverages
BR1260652596,Produce Transport,"Avenida Amazonas 50, 60000-000 Fortaleza, Brazil",Brazil,produce
LT7486582151,Textile Style Corporation,"Pylimo gatvė 130, 20000 Central City, Lithuania",Lithuania,clothing
LV8361042840,Bottle Brew Trading,"Lāčplēša iela 21, 40000 Trade City, Latvia",Latvia,beverages
GB5503145079,Therapeutic Med,"School Lane 98, SW1A 1AA London, United Kingdom",United Kingdom,"chemicals, medical"
AT6593162629,Klagenfurt Refreshment Refreshment,"Kärntner Straße 134, 50000 Commerce City, Austria",Austria,beverages
CN3212170811,Garment Link Logistics Corporation,"Jiefang Road 49, 200000 Shanghai, China",China,"clothing, toys"
ES3459250240,Habitat Enterprises,"Main Street 158, 20000 Central City, Spain",Spain,household
MX1366708183,Monterrey Drink Beverage Grupo,"Calle 5 de Mayo 78, 10000 Capital City, Mexico",Mexico,beverages
US1096032573,Exclusive Luxury Luxury,"Jefferson Street 19, 95101 San Jose, USA",USA,"luxury, medical"
ES5542698809,Interior Great House,"Export Road 191, 10000 Capital City, Spain",Spain,household
IT4068748467,Italia National Technologies SpA,"Piazza Duomo 79, 00100 Rome, Italy",Italy,luxury
CN5435007732,Natural Hobby,"Dongfeng Road 174, 510000 Guangzhou, China",China,"raw_materials, toys"
US6546859752,Drink Holdings,"Washington Street 37, 85001 Phoenix, USA",USA,beverages
GB5057237212,Leeds Shipping Ltd,"London Road 112, B1 1BB Birmingham, United Kingdom",United Kingdom,"chemicals, luxury"
GR7449773997,Gourmet Taste Edible,"Panepistimiou Street 172, 50000 Commerce City, Greece",Greece,food
DE6306095946,German Smart,"Bahnhofstraße 69, 04109 Leipzig, Germany",Germany,electronics
DE7420777278,Compound Discount Process KG,"Bahnhofstraße 200, 70173 Stuttgart, Germany",Germany,chemicals
SG1862926956,Singaporean Market,"Raffles Boulevard 39, 10000 Capital City, Singapore",Singapore,chemicals
ID8020555638,Shop Trading,"Jalan Gatot Subroto 23, 20000 Central City, Indonesia",Indonesia,"raw_materials, toys"
CN1839554757,"Processing Co., Ltd.","Renmin Road 20, 430000 Wuhan, China",China,clothing
US1073032938,US Direct Retail,"Lincoln Avenue 129, 75201 Dallas, USA",USA,"beverages, luxury"
SE7523083519,Svensk Logistics,"Kyrkogatan 125, 703 61 Örebro, Sweden",Sweden,"household, raw_materials"
US3039455048,Phoenix Health Wellbeing,"Main Street 191, 95101 San Jose, USA",USA,"luxury, medical"
JP7050019629,Sapporo Prime Tech KK,"Omotesando 80, 060-0001 Sapporo, Japan",Japan,No preference
SE2685038064,Digital Group,"Järnvägsgatan 23, 252 21 Helsingborg, Sweden",Sweden,"electronics, household"
VN8805685877,Hue Associated Game Group,"Nguyen Trai Street 169, 20000 Central City, Vietnam",Vietnam,toys
LU4050301939,Luxembourg Safe Quench,"Avenue Monterey 6, 10000 Capital City, Luxembourg",Luxembourg,"beverages, luxury"
CN8952403751,Habitat Corporation,"Dongfeng Road 72, 610000 Chengdu, China",China,"household, toys"
BR8440124265,Curitiba Fashion Comércio,"Avenida Amazonas 121, 70000-000 Brasília, Brazil",Brazil,clothing
PL1463877948,Comfort Home Decor,"Gdańska 177, 20-001 Lublin, Poland",Poland,furniture
TR6045304363,Gastro Holding,"Istiklal Caddesi 200, 40000 Trade City, Turkey",Turkey,food
LV4920918981,Rēzekne Quench Fluid,"Krišjāņa Valdemāra iela 100, 10000 Capital City, Latvia",Latvia,beverages
US2233702453,Pharma Holdings,"Washington Street 160, 90001 Los Angeles, USA",USA,medical
CN5137172195,Source Enterprises,"Jianguo Road 116, 523000 Dongguan, China",China,raw_materials
GB7447748932,Substance Molecular Industries,"King Street 21, G1 1QN Glasgow, United Kingdom",United Kingdom,chemicals
CZ3609501059,Shop k.s.,"Jindřišská 96, 10000 Capital City, Czech Republic",Czech Republic,No preference
US9288825828,Care Wellbeing,"Park Avenue 178, 19101 Philadelphia, USA",USA,medical
NO2315202804,Solutions ANS,"Skoleveien 40, 5003 Bergen, Norway",Norway,No preference
DE6181430688,Furniture GmbH,"Birkenweg 72, 10115 Berlin, Germany",Germany,"chemicals, electronics"
LT4909650071,Gastro Apparel Enterprises,"Šv. Jono gatvė 139, 30000 Port City, Lithuania",Lithuania,"clothing, food"
SE4426726413,Linköping Book,"Strandvägen 103, 703 61 Örebro, Sweden",Sweden,"furniture, paper"
RU7115810866,Source Resource,"Malyy Prospekt 169, 101000 Moscow, Russia",Russia,raw_materials
US5475917991,Exclusive LLC,"Broadway 164, 19101 Philadelphia, USA",USA,luxury
BE6529316393,Solution Element BVBA,"Rue Neuve 22, 50000 Commerce City, Belgium",Belgium,chemicals
CZ9973586665,Gadget Smart,"Národní třída 97, 20000 Central City, Czech Republic",Czech Republic,electronics
PT7165147818,Fluid Beverage Lda.,"Avenida da República 60, 20000 Central City, Portugal",Portugal,beverages
KR4661941389,Daegu Creative Technologies,"Gwanghwamun-gil 84, 10000 Capital City, South Korea",South Korea,No preference
SE2302057997,Comfort Group,"Järnvägsgatan 36, 252 21 Helsingborg, Sweden",Sweden,"furniture, paper"
IN6350177312,Mumbai Systems,"Mall Road 92, 411001 Pune, India",India,luxury
AU1830075063,Primary Origin,"Oxford Street 148, 50000 Commerce City, Australia",Australia,raw_materials
RU4401958531,Thirst ZAO,"Malyy Prospekt 45, 344000 Rostov-on-Don, Russia",Russia,beverages
PL2533157115,Living Furnish,"Kościuszki 33, 80-001 Gdańsk, Poland",Poland,"furniture, produce"
IN8777209961,Compound Solution,"Gandhi Road 63, 560001 Bangalore, India",India,chemicals
BE8357745485,React Substance Export,"Rue du Bailli 4, 10000 Capital City, Belgium",Belgium,chemicals
PL6880284932,Gourmet Sp. k.,"Warszawska 18, 40-001 Katowice, Poland",Poland,"food, produce"
FR8779951953,Lyon Safe Bottle Entreprises,"Boulevard Saint-Michel 100, 33000 Bordeaux, France",France,"beverages, medical"
CN9964746971,Wuhan Interior Holdings,"Jianguo Road 150, 610000 Chengdu, China",China,household
IT5458379779,Milan Interior SAS,"Corso Italia 54, 70121 Bari, Italy",Italy,"clothing, furniture"
IT8568129440,Decor House Interior,"Piazza Duomo 111, 80100 Naples, Italy",Italy,furniture
NO2845218708,Bergen World Export,"Kongsveien 107, 4005 Stavanger, Norway",Norway,No preference
CN3157541923,Chip Chip Tech,"Heping Road 92, 210000 Nanjing, China",China,"electronics, household"
US2708948573,Performance Exclusive Inc.,"Sunset Boulevard 72, 77001 Houston, USA",USA,"luxury, sports"
CN6312556210,China Technologies Group,"Dongfeng Road 74, 200000 Shanghai, China",China,toys
IN1327733790,India Compound Formula,"Civil Lines 101, 110001 Delhi, India",India,chemicals
GB9528346689,Substance Industries,"Church Road 197, S1 1DA Sheffield, United Kingdom",United Kingdom,chemicals
CN5341558367,Shipping Corporation,"Jiefang Road 88, 300000 Tianjin, China",China,"clothing, raw_materials"
DE6305128890,Import SE,"Dorfstraße 191, 60311 Frankfurt, Germany",Germany,electronics
CN4752749869,Primary Market,"Heping Road 88, 210000 Nanjing, China",China,raw_materials
RU2689873883,Delicacy Market,"Nevsky Prospekt 118, 190000 Saint Petersburg, Russia",Russia,food
BR5799057505,Fortaleza Gourmet Empreendimentos,"Avenida Atlântica 147, 70000-000 Brasília, Brazil",Brazil,"food, produce"
PT9250556958,Vila Nova de Gaia Thread Garment,"Avenida Fontes Pereira de Melo 124, 20000 Central City, Portugal",Portugal,clothing
CA3511476175,Sheet Energetic Flavor,"Elgin Street 192, 40000 Trade City, Canada",Canada,"food, paper"
FR9221193810,Nantes Culinary Furniture,"Rue Victor Hugo 40, 44000 Nantes, France",France,"food, luxury"
TH5318762690,Thai Thread Hobby Holdings,"Charoen Krung Road 189, 40000 Trade City, Thailand",Thailand,"clothing, toys"
CY2772019437,Import Trading,"Spyrou Kyprianou Avenue 117, 40000 Trade City, Cyprus",Cyprus,"food, luxury"
KR3368951232,Remedy Industries,"Eulji-ro 73, 20000 Central City, South Korea",South Korea,medical
SI3971158711,Technologies Group,"Prešernova cesta 123, 50000 Commerce City, Slovenia",Slovenia,beverages
TH8339001712,Food Flavor Enterprises,"Yaowarat Road 66, 30000 Port City, Thailand",Thailand,food
HR6715067679,Refreshment Corporation,"Masarykova 195, 10000 Capital City, Croatia",Croatia,beverages
CN7125414007,Stitch Joy Limited,"Jianguo Road 90, 430000 Wuhan, China",China,"clothing, toys"
ZA2973626785,Culinary Service Diet International,"Park Street 17, 30000 Port City, South Africa",South Africa,"food, luxury"
SI1929668643,Residence Dwelling International,"Slovenska cesta 184, 20000 Central City, Slovenia",Slovenia,"beverages, household"
US2809885523,Exclusive Swift Quench Industries,"Main Street 112, 60601 Chicago, USA",USA,"beverages, luxury"
SG8737429155,Yishun Gadget Pte. Ltd.,"Arab Street 129, 30000 Port City, Singapore",Singapore,electronics
GB1060282751,Upscale Standard Brew,"London Road 64, G1 1QN Glasgow, United Kingdom",United Kingdom,"beverages, luxury"
HU1208785402,Wholesale Kft.,"Teréz körút 128, 40000 Trade City, Hungary",Hungary,clothing
JP9298352653,Recreation Fun,"Kappabashi-dori 180, 600-8008 Kyoto, Japan",Japan,toys
CN6229499228,Joy International,"Xinhua Street 72, 518000 Shenzhen, China",China,"household, toys"
CY5118388394,Famagusta Farm Enterprises,"Makarios Avenue 32, 10000 Capital City, Cyprus",Cyprus,"beverages, produce"
IN9860470658,Hyderabad Future Formula LLP,"Sadar Bazaar 65, 600001 Chennai, India",India,"chemicals, luxury"
US1414504781,Circuit Electronic Computing LLC,"Oak Street 39, 95101 San Jose, USA",USA,"electronics, sports"
AU6909411830,Perth Wholesale Enterprises,"Collins Street 33, 20000 Central City, Australia",Australia,No preference
BE3518347799,Ghent Elite SA,"Avenue Louise 15, 50000 Commerce City, Belgium",Belgium,"food, luxury"
RO3314872644,Style Apparel,"Bulevardul Carol I 78, 40000 Trade City, Romania",Romania,clothing
CZ7697713977,Dwelling Living Food,"Národní třída 107, 40000 Trade City, Czech Republic",Czech Republic,household
CN6733242339,Guangzhou Tech,"Dongfeng Road 43, 523000 Dongguan, China",China,"clothing, electronics"
ZA8317198302,Organic Limited,"Main Road 156, 20000 Central City, South Africa",South Africa,"beverages, produce"
GB7791186780,Synthesis Group,"London Road 112, SW1A 1AA London, United Kingdom",United Kingdom,chemicals
GB6999121348,Remedy Luxury,"King Street 11, BS1 1DB Bristol, United Kingdom",United Kingdom,"luxury, medical"
CN6139449116,Beijing Distribution Holdings,"Jianguo Road 73, 400000 Chongqing, China",China,"electronics, household"
VN8447192918,Bien Hoa Electronic Holdings,"Nguyen Hue Street 10, 20000 Central City, Vietnam",Vietnam,electronics
DE2506107340,Köln Furniture AG,"Gartenstraße 167, 44135 Dortmund, Germany",Germany,No preference
VN5224218950,Hobby Elite Electronics,"Hai Ba Trung Street 61, 40000 Trade City, Vietnam",Vietnam,toys
BR3266941706,São Paulo Partner Origin,"Rua Copacabana 46, 40000-000 Salvador, Brazil",Brazil,raw_materials
FR6933155144,Bordeaux Wellbeing Vital,"Boulevard Saint-Michel 32, 67000 Strasbourg, France",France,"beverages, medical"
BR2958951154,Fortaleza Diet Trading,"Rua das Flores 102, 69000-000 Manaus, Brazil",Brazil,"clothing, food"
CN3078261079,Food Corporation,"Jiefang Road 46, 200000 Shanghai, China",China,toys
US5920497609,Elite Inc.,"Sunset Boulevard 119, 78201 San Antonio, USA",USA,luxury
CN1860317807,Shanghai Fabric Fabric,"Xinhua Street 40, 518000 Shenzhen, China",China,clothing
CN2937250533,Market Enterprises,"Jiefang Road 151, 518000 Shenzhen, China",China,household
IT4373550354,Stitch International,"Via Verdi 177, 10121 Turin, Italy",Italy,"clothing, luxury"
CN7237429842,Play Kid Recreation,"Yongxing Street 22, 300000 Tianjin, China",China,toys
CA9930067055,Write Enterprises,"Robson Street 180, 50000 Commerce City, Canada",Canada,"paper, raw_materials"
AT5816527326,Vital Pharma Therapeutic KG,"Landstraßer Hauptstraße 66, 10000 Capital City, Austria",Austria,medical
AU7190369075,Primary Ltd,"Queen Street 184, 30000 Port City, Australia",Australia,"food, raw_materials"
TR7126966750,Apparel Residence Enterprises,"Millet Caddesi 73, 10000 Capital City, Turkey",Turkey,"clothing, household"
MT8955026859,Żabbar Mega Wholesale,"Triq Sant' Andrija 83, 20000 Central City, Malta",Malta,medical
US7179426894,Brew LP,"Broadway 191, 78201 San Antonio, USA",USA,"beverages, luxury"
CA1912811281,Vancouver Paper Page Holdings,"Portage Avenue 7, 30000 Port City, Canada",Canada,paper
PL2500997607,Kraków Energetic Import,"Gdańska 105, 00-001 Warsaw, Poland",Poland,produce
NL3054103081,Engineering Holding,"Molenweg 35, 1012 Amsterdam, Netherlands",Netherlands,No preference
ES1234428073,Transcontinental Diet,"Export Road 13, 40000 Trade City, Spain",Spain,food
FR3558148250,French Globe Derma SCA,"Avenue des Champs-Élysées 139, 75001 Paris, France",France,cosmetics
IN1465178573,Fine Stitch Fine,"Station Road 168, 226001 Lucknow, India",India,"clothing, luxury"
TR6970733012,Istanbul Shop,"Cumhuriyet Caddesi 162, 10000 Capital City, Turkey",Turkey,food
AE3005575099,Device Luxury Electronic Enterprises,"Al Rigga Road 151, 40000 Trade City, United Arab Emirates",United Arab Emirates,"electronics, luxury"
SG1034206213,Hougang Import,"Boat Quay 75, 20000 Central City, Singapore",Singapore,chemicals
IT6276410031,Living SAPA,"Piazza Duomo 188, 90133 Palermo, Italy",Italy,furniture
GB5767066983,English Compound PLC,"Park Road 72, L1 1JD Liverpool, United Kingdom",United Kingdom,"chemicals, luxury"
PL9764424485,Living Import,"Warszawska 31, 60-001 Poznań, Poland",Poland,furniture
LV2194431685,Manufacturing Inc.,"Gertrūdes iela 115, 50000 Commerce City, Latvia",Latvia,electronics
CA6170325007,Toronto Page,"Jasper Avenue 59, 50000 Commerce City, Canada",Canada,paper
ES5408067792,Fashion Stitch Retail Corporation,"Harbor Road 7, 20000 Central City, Spain",Spain,clothing
RU6382610892,Taste Group,"Bolshaya Morskaya Street 12, 101000 Moscow, Russia",Russia,food
TH3629607853,Flavor Holdings,"Ratchaprasong Road 136, 10000 Capital City, Thailand",Thailand,food
IN1176156557,Exclusive International,"Station Road 21, 500001 Hyderabad, India",India,luxury
ID3188002391,Wear Top Solutions,"Jalan Ahmad Yani 14, 30000 Port City, Indonesia",Indonesia,clothing
NO6820717627,Vital Care Med ANS,"Kongsveien 28, 1607 Fredrikstad, Norway",Norway,medical
GB7291891987,Import LLC,"Station Road 103, SW1A 1AA London, United Kingdom",United Kingdom,"chemicals, luxury"
ZA4755503231,Distribution Enterprises,"Oxford Road 85, 50000 Commerce City, South Africa",South Africa,luxury
US2571338983,Thirst Bottle,"Washington Street 164, 90001 Los Angeles, USA",USA,beverages
GB9953233880,Birmingham Food Group,"Station Road 193, L1 1JD Liverpool, United Kingdom",United Kingdom,"chemicals, clothing"
US1064750448,Athletic Corp.,"Oak Street 19, 60601 Chicago, USA",USA,sports
CN8339955517,Chongqing Chip,"Jianguo Road 8, 430000 Wuhan, China",China,"electronics, raw_materials"
CZ7118290625,Czech Global Home International,"Pařížská 70, 20000 Central City, Czech Republic",Czech Republic,household
BR7638632534,São Paulo Edible Diet,"Avenida Atlântica 101, 60000-000 Fortaleza, Brazil",Brazil,food
MX8054785371,Fabric Garment Comercio,"Avenida Universidad 55, 40000 Trade City, Mexico",Mexico,clothing
NL9801591774,Nederland Pro Solution,"Kerkstraat 63, 1315 Almere, Netherlands",Netherlands,chemicals
CA3199789570,Montreal Value Health,"Yonge Street 49, 10000 Capital City, Canada",Canada,medical
PL2879177583,Material Basic International,"Sienkiewicza 83, 70-001 Szczecin, Poland",Poland,raw_materials
CN1965242536,Shenzhen Tech,"Guangming Road 128, 200000 Shanghai, China",China,electronics
ID7853878453,Store Group,"Jalan Malioboro 93, 40000 Trade City, Indonesia",Indonesia,"clothing, luxury"
CA3696849099,Gastro LP,"Jasper Avenue 109, 50000 Commerce City, Canada",Canada,food
RU3735609268,Export Trading,"Kutuzovsky Prospekt 113, 630000 Novosibirsk, Russia",Russia,No preference
CN2155025064,Tianjin Living,"Xinhua Street 180, 518000 Shenzhen, China",China,"electronics, household"
GB8486541975,London Solution Apparel,"Station Road 158, G1 1QN Glasgow, United Kingdom",United Kingdom,"chemicals, clothing"
US7752499941,Philadelphia Export LLP,"Lincoln Avenue 25, 78201 San Antonio, USA",USA,luxury
RU1528187294,Kazan Technologies,"Liteyny Prospekt 68, 450000 Ufa, Russia",Russia,No preference
JP3749983474,Device Best Med KK,"Kappabashi-dori 104, 650-0001 Kobe, Japan",Japan,"electronics, medical"
ZA2277780832,Manufacturing Limited,"Commercial Road 157, 50000 Commerce City, South Africa",South Africa,"food, raw_materials"
BR4628148344,Brazilian Fine Fundamental Comércio,"Rua Copacabana 60, 69000-000 Manaus, Brazil",Brazil,"clothing, raw_materials"
NL2877670384,Harvest Organic,"Julianastraat 12, 3511 Utrecht, Netherlands",Netherlands,produce
BE3817018257,Compound Master Molecular SPRL,"Rue Antoine Dansaert 110, 40000 Trade City, Belgium",Belgium,chemicals
PL6478198923,Polska Discount Natural,"Poznańska 161, 85-001 Bydgoszcz, Poland",Poland,raw_materials
NL4838724906,Amsterdam Budget Retail Groep,"Oranjestraat 95, 1012 Amsterdam, Netherlands",Netherlands,No preference
FI1348166328,Processing Industries,"Kalevankatu 55, 40000 Trade City, Finland",Finland,"electronics, household"
GB4548783240,Premium Substance,"King Street 43, EH1 1YT Edinburgh, United Kingdom",United Kingdom,"chemicals, luxury"
CN2171891353,Beijing Wear Consulting,"Xingfu Road 88, 510000 Guangzhou, China",China,clothing
CN8635204733,Apparel Style Style,"Jiefang Road 85, 210000 Nanjing, China",China,clothing
NL3331894926,Compound Stichting,"Stationsweg 76, 5611 Eindhoven, Netherlands",Netherlands,"chemicals, food"
IN9710010368,Chennai Food Diet Corporation,"Connaught Place 120, 411001 Pune, India",India,"food, medical"
SI8975250638,Koper Rapid Living Corporation,"Wolfova ulica 25, 20000 Central City, Slovenia",Slovenia,household
GB7758041108,Refreshment Fine Hydration,"Main Street 25, M1 1AE Manchester, United Kingdom",United Kingdom,beverages
ZA5259726276,Johannesburg Mega Electronics (Pty) Ltd,"Bree Street 103, 50000 Commerce City, South Africa",South Africa,luxury
US4353162587,Transport International,"Highland Avenue 17, 10001 New York, USA",USA,"luxury, medical"
IT6792166767,Italian Design Decor,"Via Roma 11, 20121 Milan, Italy",Italy,"clothing, furniture"
DE4733823293,Med Med Wellbeing,"Birkenweg 41, 50667 Cologne, Germany",Germany,"chemicals, medical"
US8052072910,Fitness Sport Holdings,"Oak Street 134, 10001 New York, USA",USA,"electronics, sports"
ID9531349858,Premium Upscale Cultivate International,"Jalan Diponegoro 95, 50000 Commerce City, Indonesia",Indonesia,"luxury, produce"
CN3017002887,Game Group,"Xinhua Street 162, 300000 Tianjin, China",China,"raw_materials, toys"
RU9580767373,Moscow Next Consulting,"Bolshaya Morskaya Street 190, 101000 Moscow, Russia",Russia,food
RO1059710545,House Clean Comfort Enterprises,"Strada Smârdan 78, 30000 Port City, Romania",Romania,furniture
TH4828700402,Culinary Electronics,"Yaowarat Road 45, 30000 Port City, Thailand",Thailand,"food, toys"
KR6748670153,Domestic Digital Residence Holdings,"Garosu-gil 167, 10000 Capital City, South Korea",South Korea,"electronics, household"
RU8458467240,Refreshment Gastro Distribution,"Tverskaya Street 111, 443000 Samara, Russia",Russia,"beverages, food"
BE2940452505,Synthesis Chemical Exclusive,"Boulevard Anspach 164, 50000 Commerce City, Belgium",Belgium,"chemicals, luxury"
BR6297169920,Natural Hyper Material Grupo,"Avenida Amazonas 127, 60000-000 Fortaleza, Brazil",Brazil,"clothing, raw_materials"
US2441608320,San Antonio Cure Construction,"Jefferson Street 20, 75201 Dallas, USA",USA,medical
DE5120835617,Electronic Digital Textile,"Gartenstraße 155, 60311 Frankfurt, Germany",Germany,electronics
BR8905766125,Manaus Beverage S.A.,"Rua Copacabana 6, 30000-000 Belo Horizonte, Brazil",Brazil,"beverages, produce"
ES6887244678,Thread Digital Device Industries,"International Boulevard 179, 10000 Capital City, Spain",Spain,"clothing, electronics"
US8652640433,Fluid Electronics,"Broadway 40, 90001 Los Angeles, USA",USA,"beverages, electronics"
ID7161891891,Jakarta Great Beverage,"Jalan Pahlawan 108, 10000 Capital City, Indonesia",Indonesia,"clothing, toys"
JP5196206060,Japanese Child Industries,"Omotesando 72, 060-0001 Sapporo, Japan",Japan,toys
GB2761637648,Liverpool Bottle Limited,"London Road 187, SW1A 1AA London, United Kingdom",United Kingdom,beverages
IT5985632527,Beverage Fashion Quench,"Via Vittorio Emanuele 15, 80100 Naples, Italy",Italy,"beverages, clothing"
CN9699264342,"Electronic Co., Ltd.","Zhongshan Road 109, 518000 Shenzhen, China",China,"electronics, toys"
IT8535275942,Taste Gastro,"Via Dante 168, 00100 Rome, Italy",Italy,food
CN6252902876,Fabric Holdings,"Zhongshan Road 26, 510000 Guangzhou, China",China,"clothing, toys"
CN7858828916,Lifestyle Shop,"Renmin Road 177, 518000 Shenzhen, China",China,"clothing, household"
TH2848615498,Digital Computing,"Rama IV Road 45, 20000 Central City, Thailand",Thailand,electronics
IE9235196652,Thirst Systems,"Capel Street 153, 50000 Commerce City, Ireland",Ireland,"beverages, food"
US5850791091,Exclusive Liquid Textile,"Lincoln Avenue 140, 90001 Los Angeles, USA",USA,"beverages, luxury"
CN4424204354,Tianjin Basic Import Corporation,"Xinhua Street 42, 430000 Wuhan, China",China,"raw_materials, toys"
CN2384023363,Dwelling Enterprises,"Heping Road 8, 510000 Guangzhou, China",China,"household, raw_materials"
DE8301026311,Device Smart e.V.,"Kirchstraße 165, 45127 Essen, Germany",Germany,"electronics, medical"
RO5129771808,Romanian Food Trading,"Bulevardul Unirii 98, 50000 Commerce City, Romania",Romania,furniture
BR7939891647,Flavor Flavor Element,"Rua Santos Dumont 188, 50000-000 Recife, Brazil",Brazil,"food, raw_materials"
JP9040508969,Japan Electro,"Nakamise-dori 57, 600-8008 Kyoto, Japan",Japan,electronics
IT2814993914,Textile Wear,"Piazza Duomo 159, 00100 Rome, Italy",Italy,"clothing, furniture"
PT6346817263,Portugal Specialist Apparel S.A.,"Rua do Carmo 63, 20000 Central City, Portugal",Portugal,clothing
IN4878324337,Edible First Flavor International,"Chandni Chowk 151, 302001 Jaipur, India",India,food
CN9722271245,Wuhan Industries LLC,"Xingfu Road 162, 510000 Guangzhou, China",China,"clothing, toys"
JP6516346512,Computing Device Pharma Trading,"Chuo-dori 23, 210-0001 Kawasaki, Japan",Japan,"electronics, medical"
DE7483648353,Technologies eG,"Hauptstraße 41, 50667 Cologne, Germany",Germany,"chemicals, electronics"
CN3698177172,Shanghai Child Hobby,"Zhongshan Road 155, 300000 Tianjin, China",China,toys
ES3743134650,Fabric Corporation,"Commerce Road 188, 30000 Port City, Spain",Spain,"clothing, household"
ES5042045188,World Garment,"Central Avenue 61, 20000 Central City, Spain",Spain,clothing
US3886556616,Houston Wholesale,"Broadway 151, 85001 Phoenix, USA",USA,beverages
IT5388449642,Italian Garment Style SAS,"Via Dante 169, 20121 Milan, Italy",Italy,clothing
TH6875864814,Bangkok Taste Enterprises,"Silom Road 55, 10000 Capital City, Thailand",Thailand,"clothing, food"
AE1416084610,Transport Corporation,"Al Maktoum Street 27, 40000 Trade City, United Arab Emirates",United Arab Emirates,cosmetics
MX7756360273,Wear Garment,"Paseo de la Reforma 136, 50000 Commerce City, Mexico",Mexico,clothing
DE5453532494,Smart Shipping,"Birkenweg 94, 70173 Stuttgart, Germany",Germany,electronics
US4767743776,Fitness Best Energy,"Maple Avenue 77, 75201 Dallas, USA",USA,sports
IT3648107569,House SpA,"Via Verdi 150, 70121 Bari, Italy",Italy,furniture
KR2927576295,Incheon Chip Enterprises,"Gangnam-daero 34, 20000 Central City, South Korea",South Korea,"electronics, household"
IN6415355245,Process Element Holdings,"Gandhi Road 68, 600001 Chennai, India",India,chemicals
CN9609392548,Chinese Energetic Habitat,"Dongfeng Road 132, 430000 Wuhan, China",China,"electronics, household"
DE3277919198,Hamburg Energetic Industries,"Lindenstraße 63, 45127 Essen, Germany",Germany,electronics
ID2376364492,Makassar Upscale Inc.,"Jalan Malioboro 22, 10000 Capital City, Indonesia",Indonesia,"luxury, toys"
RU4074403573,Basic Professional Origin,"Pushkinskaya Street 80, 101000 Moscow, Russia",Russia,raw_materials
DE7771227735,Habitat UG,"Kirchstraße 29, 44135 Dortmund, Germany",Germany,household
IN7507439812,Indian Cure Therapeutic,"Nehru Road 63, 226001 Lucknow, India",India,medical
NO8420218744,Kristiansand Shipping Konsern,"Fjordgata 170, 1607 Fredrikstad, Norway",Norway,No preference
US4747309869,Exercise Performance Construction,"Sunset Boulevard 147, 92101 San Diego, USA",USA,sports
IN3197233609,Ahmedabad Luxury,"Park Street 95, 700001 Kolkata, India",India,luxury
IT6648458139,Couture Clean Electronics,"Via Roma 180, 10121 Turin, Italy",Italy,clothing
GB2611241487,Formula Fine Systems,"Victoria Road 102, EH1 1YT Edinburgh, United Kingdom",United Kingdom,"chemicals, luxury"
FR1917119613,Natural Groupe,"Avenue des Champs-Élysées 87, 69001 Lyon, France",France,"cosmetics, food"
PL2938544164,Source Fundamental,"Warszawska 20, 30-001 Kraków, Poland",Poland,"household, raw_materials"
RU2811747892,Rostov Furniture Holdings,"Tverskaya Street 67, 644000 Omsk, Russia",Russia,No preference
BR5620108051,Thirst A1 Service,"Avenida Atlântica 41, 70000-000 Brasília, Brazil",Brazil,"beverages, raw_materials"
RU5075917481,Yekaterinburg Taste,"Liteyny Prospekt 179, 454000 Chelyabinsk, Russia",Russia,"beverages, food"
FR5615310712,Exclusive Elegant Industries,"Rue des Écoles 162, 75001 Paris, France",France,"food, luxury"
US7597002184,Performance Training,"Washington Street 105, 92101 San Diego, USA",USA,sports
HU8017596790,Electro Industries,"Bajcsy-Zsilinszky út 186, 10000 Capital City, Hungary",Hungary,"clothing, electronics"
US9124283796,Device Market,"Jefferson Street 91, 60601 Chicago, USA",USA,"electronics, medical"
ES8038103904,Global Comfort Store Corp.,"Central Avenue 174, 50000 Commerce City, Spain",Spain,"electronics, household"
BE3977691259,Charleroi Molecular,"Chaussée d'Ixelles 56, 30000 Port City, Belgium",Belgium,chemicals
IN4377748190,India Furniture,"MG Road 13, 700001 Kolkata, India",India,chemicals
NL2608079025,Import Enterprises,"Kerkstraat 124, 5038 Tilburg, Netherlands",Netherlands,No preference
US9604864398,Performance Elite Active,"Sunset Boulevard 6, 10001 New York, USA",USA,sports
DE6045332627,Interior SE,"Birkenweg 85, 80331 Munich, Germany",Germany,household
CZ1784285471,Fluid System Brew,"Dlouhá 60, 10000 Capital City, Czech Republic",Czech Republic,beverages
CN2865975855,Wuhan Consulting,"Zhongshan Road 178, 523000 Dongguan, China",China,toys
DE7018246549,Wellbeing Top Industries,"Lindenstraße 110, 04109 Leipzig, Germany",Germany,medical
CN1634384076,Resource Corporation,"Xingfu Road 141, 510000 Guangzhou, China",China,raw_materials
IN2623186271,Gourmet Group,"Nehru Road 185, 600001 Chennai, India",India,food
US8026633317,Computing Chip Industries,"Lincoln Avenue 183, 78201 San Antonio, USA",USA,electronics
JP8114987657,Electro Chip Circuit International,"Chuo-dori 130, 650-0001 Kobe, Japan",Japan,electronics
TR2283915265,Gaziantep Dwelling Industries,"Vatan Caddesi 52, 20000 Central City, Turkey",Turkey,household
CN9853826234,"Origin Retail Co., Ltd.","Xinhua Street 161, 430000 Wuhan, China",China,"clothing, raw_materials"
US9865129904,San Diego Physical Fitness,"Broadway 69, 78201 San Antonio, USA",USA,sports
DE1808937633,Düsseldorf Residence Import AG,"Bahnhofstraße 99, 50667 Cologne, Germany",Germany,household
CN3827613066,Guangzhou Raw Primary International,"Renmin Road 191, 430000 Wuhan, China",China,raw_materials
KR7304486773,Incheon Store Enterprises,"Insadong-gil 162, 20000 Central City, South Korea",South Korea,household
CN8070915323,Style Industries,"Jiefang Road 183, 518000 Shenzhen, China",China,"clothing, toys"
RU2100748834,Thirst Trading,"Kutuzovsky Prospekt 176, 644000 Omsk, Russia",Russia,beverages
IT6631354606,Rome Sophisticated,"Via Marconi 54, 10121 Turin, Italy",Italy,luxury
JP5956026249,Upscale Prestige,"Heiwa-dori 90, 600-8008 Kyoto, Japan",Japan,luxury
CN6576674741,Chongqing Leisure Limited,"Guangming Road 35, 510000 Guangzhou, China",China,"electronics, toys"
NL1982992720,Gourmet Processing,"Stationsweg 55, 5038 Tilburg, Netherlands",Netherlands,"chemicals, food"
CN5025507875,Chongqing Joy Joy,"Dongfeng Road 120, 210000 Nanjing, China",China,toys
TR2417469514,Natural Standard Farm Group,"Vatan Caddesi 26, 30000 Port City, Turkey",Turkey,"household, produce"
US2614752890,Wellbeing Remedy Consulting,"Park Avenue 149, 92101 San Diego, USA",USA,medical
CN2403007391,Computing Smart Chip,"Jiefang Road 80, 210000 Nanjing, China",China,"clothing, electronics"
ES3721242972,Diet Ltd,"Trade Street 182, 10000 Capital City, Spain",Spain,food
RO9850145552,Cluj-Napoca Professional Consulting,"Bulevardul Magheru 98, 10000 Capital City, Romania",Romania,No preference
IN1953975192,Indian Style,"Park Street 93, 302001 Jaipur, India",India,clothing
CN1434313791,Stitch Consulting,"Xingfu Road 185, 610000 Chengdu, China",China,clothing
IN3735772736,India Culinary Style,"Civil Lines 4, 700001 Kolkata, India",India,"clothing, food"
TH6739205203,Surat Thani Fresh,"Phetchaburi Road 184, 10000 Capital City, Thailand",Thailand,"electronics, produce"
GR7247090345,Quench Liquid Enterprises,"Patission Street 117, 40000 Trade City, Greece",Greece,"beverages, clothing"
FR8569107574,Paris Delicacy,"Rue de la République 165, 44000 Nantes, France",France,"food, luxury"
EE6501555716,Digital Industries,"Viru tänav 125, 30000 Port City, Estonia",Estonia,electronics
FR6195191209,Liquid Refreshment Service SCA,"Rue Pasteur 138, 44000 Nantes, France",France,"beverages, medical"
RO7302984506,Textile Corporation,"Calea Griviței 148, 20000 Central City, Romania",Romania,"clothing, furniture"
IN2116439157,Med Pvt. Ltd.,"Civil Lines 34, 700001 Kolkata, India",India,medical
DE5181384742,Berlin Chip Computing,"Dorfstraße 180, 80331 Munich, Germany",Germany,electronics
US1571529256,Digital Pro Computing,"Broadway 21, 75201 Dallas, USA",USA,"electronics, sports"
CN9281185389,Joy Game Logistics,"Dongfeng Road 139, 518000 Shenzhen, China",China,toys
CA2432039378,Primary LP,"King Street 28, 30000 Port City, Canada",Canada,raw_materials
CN2374758773,Chongqing Game Origin,"Xingfu Road 196, 300000 Tianjin, China",China,"raw_materials, toys"
ID6405011601,Sophisticated Elegant Upscale Corporation,"Jalan Merdeka 173, 30000 Port City, Indonesia",Indonesia,luxury
US5163767512,Energy Physical,"Park Avenue 169, 75201 Dallas, USA",USA,"electronics, sports"
SI7437114980,Service International,"Wolfova ulica 95, 30000 Port City, Slovenia",Slovenia,No preference
BR4116849700,Technologies Ltda.,"Avenida Paulista 120, 90000-000 Porto Alegre, Brazil",Brazil,raw_materials
IN3071826900,Textile Wear Textile International,"Mall Road 24, 500001 Hyderabad, India",India,clothing
TR9315604787,Couture Thread Group,"Halaskargazi Caddesi 127, 10000 Capital City, Turkey",Turkey,clothing
BR9578915287,Fashion Prime Style,"Avenida Paulista 7, 60000-000 Fortaleza, Brazil",Brazil,clothing
RO9034638142,Cluj-Napoca Partner Garment Holding,"Strada Franceză 15, 40000 Trade City, Romania",Romania,clothing
CN3921425825,Material Smart Resource Holdings,"Guangming Road 30, 100000 Beijing, China",China,"electronics, raw_materials"
DE8657614485,Device Store OHG,"Birkenweg 10, 45127 Essen, Germany",Germany,electronics
RO7484747024,Brașov Resource Group,"Bulevardul Carol I 59, 10000 Capital City, Romania",Romania,raw_materials
TR1051052037,Taste Holding,"Istiklal Caddesi 164, 40000 Trade City, Turkey",Turkey,"clothing, food"
RO7772224977,Comfort Creative Service,"Bulevardul Carol I 131, 40000 Trade City, Romania",Romania,"furniture, produce"
JP2246530166,Wellbeing Service,"Ginza 39, 210-0001 Kawasaki, Japan",Japan,medical
AT3840742898,Innsbruck Beverage OG,"Kohlmarkt 187, 10000 Capital City, Austria",Austria,No preference
US6977213172,San Diego Systems,"Highland Avenue 77, 78201 San Antonio, USA",USA,beverages
IN5224144732,Diet Industries,"Mall Road 66, 400001 Mumbai, India",India,food
US3382911142,Market Holdings,"Jefferson Street 130, 60601 Chicago, USA",USA,medical
SE2051527751,Furnish Holding,"Nygatan 119, 411 08 Gothenburg, Sweden",Sweden,furniture
ID2501256162,Service Holdings,"Jalan Pahlawan 136, 30000 Port City, Indonesia",Indonesia,"clothing, produce"
HU6972951230,Pécs Future Shipping Holding,"Dohány utca 97, 20000 Central City, Hungary",Hungary,No preference
GB1942559472,Manchester Furniture,"King Street 131, M1 1AE Manchester, United Kingdom",United Kingdom,"clothing, luxury"
ZA9966701218,Brew Brew Ltd,"Oxford Road 124, 10000 Capital City, South Africa",South Africa,"beverages, raw_materials"
PL1490233659,Poznań Design Sp. k.,"Wrocławska 64, 40-001 Katowice, Poland",Poland,"furniture, produce"
US5813001836,Life Circuit Computing Group,"Main Street 161, 92101 San Diego, USA",USA,"electronics, medical"
US3541483343,San Diego Pharma Gadget,"Highland Avenue 92, 78201 San Antonio, USA",USA,"electronics, medical"
AU6566400913,Perth Liquid Hydration Limited,"Market Street 188, 10000 Capital City, Australia",Australia,"beverages, produce"
NO8259584720,Trondheim United Systems ANS,"Solveien 4, 9008 Tromsø, Norway",Norway,No preference
PL8700751517,Fundamental Sp. k.,"Piłsudskiego 20, 85-001 Bydgoszcz, Poland",Poland,raw_materials
CN9163368265,Habitat Trading,"Jiefang Road 129, 610000 Chengdu, China",China,household
FR6634518226,Solutions Industries,"Place de la Liberté 141, 59000 Lille, France",France,"cosmetics, luxury"
NO9350981122,Stavanger Value Retail,"Parkveien 29, 4306 Sandnes, Norway",Norway,No preference
US6438897595,New York Bottle,"Maple Avenue 72, 19101 Philadelphia, USA",USA,"beverages, luxury"
RO8496100742,Shop International,"Bulevardul Dacia 32, 20000 Central City, Romania",Romania,"furniture, produce"
GB1312071179,Liverpool Market,"Church Road 107, L1 1JD Liverpool, United Kingdom",United Kingdom,beverages
CY6182763009,Tech International,"Griva Digeni Avenue 43, 10000 Capital City, Cyprus",Cyprus,"beverages, food"
FR4241435535,Essence Cosmetic,"Rue Pasteur 80, 31000 Toulouse, France",France,"cosmetics, luxury"
PL5960354255,Łódź Source Sp. k.,"Sienkiewicza 79, 80-001 Gdańsk, Poland",Poland,"food, raw_materials"
FI9180668527,Helsinki Wholesale,"Tehtaankatu 143, 10000 Capital City, Finland",Finland,No preference
CN6142414046,Domestic Comfort Interior International,"Yongxing Street 42, 518000 Shenzhen, China",China,household
CN9855401591,Guangzhou Computing Apparel Industries,"Guangming Road 184, 210000 Nanjing, China",China,"clothing, electronics"
KR9670956133,"Ulsan Ultra Textile Co., Ltd.","Eulji-ro 178, 30000 Port City, South Korea",South Korea,No preference
RO9000704831,Constanța Basic Enterprises,"Calea Victoriei 79, 30000 Port City, Romania",Romania,raw_materials
BR2368929708,Basic Holdings,"Rua Rio de Janeiro 82, 01000-000 São Paulo, Brazil",Brazil,raw_materials
AU2960201441,Brisbane Drink Enterprises,"Bourke Street 94, 50000 Commerce City, Australia",Australia,"beverages, food"
ES3837524214,Worldwide Clean Electronic Enterprises,"Business Park 115, 20000 Central City, Spain",Spain,"clothing, electronics"
NL6839893356,Rotterdam Secure Systems,"Kerkstraat 22, 6511 Nijmegen, Netherlands",Netherlands,No preference
DE1949309369,Molecular GbR,"Gartenstraße 192, 45127 Essen, Germany",Germany,chemicals
SI2738019417,Velenje Service Enterprises,"Prešernova cesta 159, 20000 Central City, Slovenia",Slovenia,No preference
IN6113301509,Edible Prime Diet,"Mall Road 25, 411001 Pune, India",India,food
KR5118153799,Incheon Market,"Sejong-daero 200, 30000 Port City, South Korea",South Korea,electronics
CN4355926653,Primary Thread,"Renmin Road 53, 523000 Dongguan, China",China,"clothing, raw_materials"
CA6758410617,Toronto Manufacturing,"Bloor Street 34, 20000 Central City, Canada",Canada,food
US9303512861,Beverage LP,"Main Street 120, 95101 San Jose, USA",USA,beverages
FR4079700404,Skin Partner Market Holding,"Avenue des Champs-Élysées 98, 75001 Paris, France",France,cosmetics
RO7672648271,Craiova Organic,"Calea Dorobanți 2, 30000 Port City, Romania",Romania,produce
IN6660547042,Apparel Elegant LLP,"Mall Road 165, 380001 Ahmedabad, India",India,"clothing, luxury"
US9182363902,American Brew Enterprises,"Broadway 62, 10001 New York, USA",USA,beverages
CN5972725605,Fun LLC,"Xinhua Street 65, 400000 Chongqing, China",China,"household, toys"
FR5679635208,Bordeaux Electronics SARL,"Rue du Moulin 172, 44000 Nantes, France",France,medical
BE2702504786,Molecular Group,"Rue du Bailli 79, 50000 Commerce City, Belgium",Belgium,chemicals
VN3979756460,Smart Group,"Pham Ngu Lao Street 194, 20000 Central City, Vietnam",Vietnam,"electronics, food"
FR6911012137,French Allied Pure,"Rue Victor Hugo 138, 33000 Bordeaux, France",France,"cosmetics, medical"
US4579250082,Bottle Thirst,"Park Avenue 96, 77001 Houston, USA",USA,"beverages, electronics"
FR9447648890,Nantes Beauty,"Rue des Écoles 181, 75001 Paris, France",France,cosmetics
CN2479702907,Dongguan Food Group,"Zhongshan Road 134, 430000 Wuhan, China",China,toys
BR8982748195,Rio de Janeiro Farm Electronics,"Avenida Getúlio Vargas 106, 40000-000 Salvador, Brazil",Brazil,produce
NO7618126351,Cure ANS,"Skoleveien 198, 4611 Kristiansand, Norway",Norway,"electronics, medical"
CN1635287084,Shenzhen Elite Solutions,"Renmin Road 20, 510000 Guangzhou, China",China,"clothing, raw_materials"
SI9697902525,Lifestyle Interior,"Cankarjeva cesta 3, 30000 Port City, Slovenia",Slovenia,household
US4641032195,Motion Manufacturing,"Broadway 104, 19101 Philadelphia, USA",USA,sports
GB6200998830,Textile Pure Stitch Holdings,"Church Road 146, S1 1DA Sheffield, United Kingdom",United Kingdom,"beverages, clothing"
GR5287847799,Liquid A.E.,"Ermou Street 185, 40000 Trade City, Greece",Greece,beverages
AU6896819130,Food Integrated Delicacy,"Market Street 13, 10000 Capital City, Australia",Australia,food
AE8087463564,Al Ain Luxury Elite,"Al Wasl Road 108, 40000 Trade City, United Arab Emirates",United Arab Emirates,luxury
KR8194491175,Interior Connect Lifestyle,"Gangnam-daero 57, 10000 Capital City, South Korea",South Korea,household
FR7526918982,Marseille Secure Essence,"Rue de la République 196, 33000 Bordeaux, France",France,cosmetics
IT1234212199,Comfort Comfort Interior,"Via Mazzini 49, 95121 Catania, Italy",Italy,furniture
CN8964696649,Joy Limited,"Jianguo Road 40, 430000 Wuhan, China",China,"household, toys"
FR1545714643,Wholesale International,"Rue de l'Église 140, 67000 Strasbourg, France",France,cosmetics
IN9835065785,Gastro Holdings,"Sadar Bazaar 128, 600001 Chennai, India",India,"food, medical"
NO1997341815,Kristiansand Rapid Pharma ANS,"Solveien 91, 6003 Ålesund, Norway",Norway,medical
GB5763131892,Edinburgh Expert Prestige,"Church Road 186, S1 1DA Sheffield, United Kingdom",United Kingdom,"chemicals, luxury"
IN4677953239,India Formula,"Connaught Place 138, 110001 Delhi, India",India,"chemicals, clothing"
NO2528872808,Trondheim Technologies,"Kongsveien 152, 4005 Stavanger, Norway",Norway,No preference
CN6739363963,Tech Construction Enterprises,"Guangming Road 163, 200000 Shanghai, China",China,electronics
KR6387355115,Synthesis Compound Corporation,"Teheran-ro 96, 30000 Port City, South Korea",South Korea,chemicals
FR3175780350,Food Taste Entreprises,"Avenue des Champs-Élysées 126, 33000 Bordeaux, France",France,food
RU7558339027,Edible International,"Arbat Street 44, 630000 Novosibirsk, Russia",Russia,food
SG1885738390,Singaporean Chip,"Orchard Road 69, 30000 Port City, Singapore",Singapore,electronics
NL2806860410,Groningen Furniture,"Dorpsstraat 6, 3511 Utrecht, Netherlands",Netherlands,No preference
BR8299090086,Salvador Garden Harvest,"Avenida Getúlio Vargas 112, 80000-000 Curitiba, Brazil",Brazil,produce
IN8982335947,Compound Group,"Civil Lines 28, 400001 Mumbai, India",India,"chemicals, medical"
AU4800486202,Adelaide Organic Trading,"Elizabeth Street 61, 10000 Capital City, Australia",Australia,"produce, raw_materials"
TR6599378054,Ankara Processing Trading,"Halaskargazi Caddesi 110, 30000 Port City, Turkey",Turkey,"clothing, food"
CN6844017733,Fabric Fabric Import,"Xinhua Street 113, 300000 Tianjin, China",China,"clothing, electronics"
VN6458919680,Distribution Group,"Ly Tu Trong Street 75, 30000 Port City, Vietnam",Vietnam,toys
VN8422894250,Electro Interior House Enterprises,"Ly Tu Trong Street 187, 10000 Capital City, Vietnam",Vietnam,"electronics, furniture"
MX4204554350,Tijuana Manufacturing S.A. de C.V.,"Calle Madero 14, 50000 Commerce City, Mexico",Mexico,clothing
TR8741362238,Electronics A.Ş.,"Atatürk Bulvarı 53, 20000 Central City, Turkey",Turkey,No preference
ES6935034909,International Premium Interior Corporation,"Main Street 55, 40000 Trade City, Spain",Spain,"electronics, household"
CN6702549932,Kid Joy,"Xingfu Road 107, 300000 Tianjin, China",China,toys
US6831320048,Philadelphia Circuit Import,"Park Avenue 171, 77001 Houston, USA",USA,"electronics, medical"
EE1163278106,Estonia Expert Computing,"Lai tänav 121, 40000 Trade City, Estonia",Estonia,"electronics, food"
CY1365687513,Food Ltd,"Nicosia Avenue 105, 40000 Trade City, Cyprus",Cyprus,beverages
GB6517853612,Fine Luxury Fine LLC,"King Street 46, NE1 1AD Newcastle, United Kingdom",United Kingdom,luxury
CN3080373787,Guangzhou Advanced Stitch,"Guangming Road 82, 430000 Wuhan, China",China,"clothing, household"
EE5783183968,Estonia Manufacturing,"Tartu maantee 140, 40000 Trade City, Estonia",Estonia,No preference
RU1872163903,Chelyabinsk Shipping OAO,"Malyy Prospekt 172, 620000 Yekaterinburg, Russia",Russia,beverages
US7246200642,Luxury Luxury Fine LP,"Broadway 41, 85001 Phoenix, USA",USA,luxury
US1620253546,San Diego Electronic,"Highland Avenue 17, 75201 Dallas, USA",USA,electronics
CN9416438681,Residence Comfort LLC,"Jiefang Road 28, 518000 Shenzhen, China",China,"electronics, household"
ES4807401604,Worldwide Better Residence,"Port Street 66, 20000 Central City, Spain",Spain,"clothing, household"
IN2984057998,React Vital,"Civil Lines 63, 411001 Pune, India",India,"chemicals, medical"
KR1356135710,Korea Retail Industries,"Myeongdong-gil 34, 50000 Commerce City, South Korea",South Korea,No preference
IN4486543439,Gourmet A1 Culinary Group,"Mall Road 192, 411001 Pune, India",India,food
RU2392846826,Omsk Future Brew,"Pushkinskaya Street 37, 454000 Chelyabinsk, Russia",Russia,beverages
IT2481233766,Fine Exclusive Holding,"Via Garibaldi 4, 20121 Milan, Italy",Italy,luxury
DE2683445073,Essen Next Chip,"Kirchstraße 101, 45127 Essen, Germany",Germany,"electronics, medical"
FR7254952118,Flavor Transport Industries,"Rue Pasteur 175, 33000 Bordeaux, France",France,"cosmetics, food"
IT6331400814,Italian Quick Stitch,"Piazza Duomo 151, 95121 Catania, Italy",Italy,"beverages, clothing"
CN7764410417,Fun Corporation,"Guangming Road 10, 518000 Shenzhen, China",China,"household, toys"
JP1460911410,Yokohama Processing Enterprises,"Ginza 87, 060-0001 Sapporo, Japan",Japan,toys
CA1875320270,Book Print,"Queen Street 179, 50000 Commerce City, Canada",Canada,paper
US1867392758,Quench Consulting,"Highland Avenue 26, 19101 Philadelphia, USA",USA,beverages
VN9376414665,Textile Enterprises,"Le Loi Street 19, 40000 Trade City, Vietnam",Vietnam,clothing
JP5687805865,Leisure Help Construction Enterprises,"Nakamise-dori 77, 650-0001 Kobe, Japan",Japan,toys
VN3464749217,Apparel Advanced Kid,"Nguyen Trai Street 83, 10000 Capital City, Vietnam",Vietnam,"clothing, toys"
GB9098758047,Liverpool Distribution,"Park Road 138, NE1 1AD Newcastle, United Kingdom",United Kingdom,"beverages, luxury"
ID6055827390,Elite Prestige,"Jalan Pahlawan 27, 30000 Port City, Indonesia",Indonesia,luxury
ID1775424747,Indonesian Select Tbk,"Jalan Asia Afrika 33, 10000 Capital City, Indonesia",Indonesia,"clothing, luxury"
SI3194150990,Dwelling Food,"Dunajska cesta 92, 10000 Capital City, Slovenia",Slovenia,household
ZA5557383007,Bloemfontein Harvest Harvest Corporation,"Bree Street 50, 50000 Commerce City, South Africa",South Africa,"luxury, produce"
IT9541597877,Rome Pro House,"Via Roma 125, 40121 Bologna, Italy",Italy,"clothing, furniture"
IN3337229494,Delhi Cure Health,"Park Street 183, 302001 Jaipur, India",India,medical
CY8941458875,Flavor Flavor Liquid,"Makarios Avenue 96, 20000 Central City, Cyprus",Cyprus,"beverages, food"
IN3618287435,Nutrition Style Fashion,"Gandhi Road 139, 500001 Hyderabad, India",India,"clothing, food"
TR2724622525,Thread Systems Industries,"İnönü Caddesi 2, 30000 Port City, Turkey",Turkey,clothing
TH1752056933,Apparel Construction,"Khao San Road 87, 50000 Commerce City, Thailand",Thailand,clothing
DE5692400242,Home Globe House,"Dorfstraße 154, 40213 Düsseldorf, Germany",Germany,household
BR7121024157,Brazilian Construction,"Avenida Atlântica 98, 50000-000 Recife, Brazil",Brazil,beverages
JP7538234841,Health International,"Meiji-dori 83, 100-0001 Tokyo, Japan",Japan,medical
BE2306360124,Chemical React Taste,"Rue des Bouchers 75, 50000 Commerce City, Belgium",Belgium,"chemicals, food"
ES2256733151,World Flavor Gastro,"Industrial Lane 80, 10000 Capital City, Spain",Spain,food
US4109701142,Wellbeing Life Shipping Industries,"Park Avenue 127, 77001 Houston, USA",USA,"medical, sports"
GB1946653887,Fabric Construction,"Church Road 10, G1 1QN Glasgow, United Kingdom",United Kingdom,"beverages, clothing"
FR7752959245,Marseille Vital,"Rue du Moulin 121, 13001 Marseille, France",France,"cosmetics, medical"
SI8597773918,Construction Enterprises,"Čopova ulica 36, 20000 Central City, Slovenia",Slovenia,No preference
KR7360493334,Living Consulting Inc.,"Eulji-ro 193, 20000 Central City, South Korea",South Korea,household
IN9688350435,Thread Wear,"Park Street 121, 411001 Pune, India",India,"clothing, food"
NO3858716465,Tech Circuit,"Parkveien 119, 9008 Tromsø, Norway",Norway,"electronics, medical"
SG4218648632,Jurong Integrated Habitat,"Serangoon Road 188, 40000 Trade City, Singapore",Singapore,"household, luxury"
JP4956141161,Digital KK,"Omotesando 24, 100-0001 Tokyo, Japan",Japan,electronics
CN8160036896,Shanghai Device International,"Xinhua Street 123, 510000 Guangzhou, China",China,electronics
US5003002674,Elite Elite,"Main Street 144, 10001 New York, USA",USA,luxury
DE6849818391,Essen Royal Molecular,"Schulstraße 180, 45127 Essen, Germany",Germany,"chemicals, medical"
DE4438737904,Process e.V.,"Lindenstraße 70, 70173 Stuttgart, Germany",Germany,"chemicals, household"
PT7060050480,Textile Wear Technologies,"Avenida 24 de Julho 179, 40000 Trade City, Portugal",Portugal,clothing
CN3024342535,Residence Domestic,"Xingfu Road 47, 300000 Tianjin, China",China,household
CN2879440908,Technologies LLC,"Jiefang Road 111, 610000 Chengdu, China",China,"raw_materials, toys"
NL6693657922,Tilburg Standard Chemical Industries,"Beatrixstraat 64, 5038 Tilburg, Netherlands",Netherlands,chemicals
IT2791991802,Food Group,"Via Verdi 14, 20121 Milan, Italy",Italy,"food, furniture"
ES9172052492,Continental Lifestyle Domestic,"Industrial Lane 10, 30000 Port City, Spain",Spain,household
PL7190659046,Łódź Element,"Mickiewicza 142, 90-001 Łódź, Poland",Poland,"household, raw_materials"
CZ7786038760,Hradec Králové Refreshment Fluid,"Dlouhá 189, 50000 Commerce City, Czech Republic",Czech Republic,"beverages, household"
IN9614435201,Delhi Edible Trading,"Nehru Road 92, 302001 Jaipur, India",India,"food, medical"
VN1112808871,Consulting Corporation,"Le Duan Street 161, 10000 Capital City, Vietnam",Vietnam,"clothing, food"
US3407527368,Fluid Smart Service Group,"Lincoln Avenue 172, 90001 Los Angeles, USA",USA,"beverages, luxury"
JP5624288980,Luxury KK,"Heiwa-dori 33, 650-0001 Kobe, Japan",Japan,luxury
IE3594868783,Vital Therapeutic Retail PLC,"Henry Street 165, 40000 Trade City, Ireland",Ireland,"beverages, medical"
CN4684420100,Smart Enterprises,"Jiefang Road 52, 100000 Beijing, China",China,"electronics, toys"
IN4108942346,India Garment Holdings,"Sadar Bazaar 50, 400001 Mumbai, India",India,clothing
LT4900033815,Style Trading,"Didžioji gatvė 74, 20000 Central City, Lithuania",Lithuania,clothing
GB1431642828,Style Group,"Station Road 116, S1 1DA Sheffield, United Kingdom",United Kingdom,"clothing, luxury"
AT9503806448,Culinary Nutrition Processing,"Ringstraße 100, 40000 Trade City, Austria",Austria,"beverages, food"
CN6783481339,"Textile Active Thread Co., Ltd.","Guangming Road 83, 200000 Shanghai, China",China,clothing
PT8726183919,Coimbra Swift Garden Industries,"Avenida Fontes Pereira de Melo 185, 50000 Commerce City, Portugal",Portugal,"paper, produce"
MX6556006311,Toy Child Gourmet,"Avenida Reforma 132, 10000 Capital City, Mexico",Mexico,"food, toys"
ID4766565383,Surabaya Thread,"Jalan Merdeka 74, 30000 Port City, Indonesia",Indonesia,clothing
IT4202997283,Hydration Holding,"Via Marconi 139, 95121 Catania, Italy",Italy,beverages
TH8065512191,Textile Trading,"Phetchaburi Road 114, 50000 Commerce City, Thailand",Thailand,"electronics, toys"
FR9448111041,Essence SA,"Rue de la République 124, 67000 Strasbourg, France",France,"cosmetics, medical"
DE4138860341,Düsseldorf Textile AG,"Gartenstraße 151, 10115 Berlin, Germany",Germany,medical
CN1414905231,Material Star Material LLC,"Dongfeng Road 143, 518000 Shenzhen, China",China,raw_materials
RU8698883136,Russian Ultra Thirst,"Pushkinskaya Street 8, 454000 Chelyabinsk, Russia",Russia,beverages
AU7190419224,Drink International,"Market Street 111, 30000 Port City, Australia",Australia,beverages
GR2361638193,Volos Good Tech,"Alexandras Avenue 62, 50000 Commerce City, Greece",Greece,"beverages, produce"
DE6126076896,Compound Chemical Beverage,"Waldstraße 157, 50667 Cologne, Germany",Germany,chemicals
US8067479355,Select International,"Jefferson Street 9, 85001 Phoenix, USA",USA,luxury
FR4950618545,Nice Secure Culinary SAS,"Rue du Moulin 42, 33000 Bordeaux, France",France,food
CA9702323066,Remedy Health,"King Street 130, 10000 Capital City, Canada",Canada,medical
JP4111693618,Shop YK,"Omotesando 153, 210-0001 Kawasaki, Japan",Japan,"luxury, medical"
FR8943648855,Nantes Star Elegant,"Rue du Moulin 162, 75001 Paris, France",France,luxury
CN7790607784,China Food Limited,"Yongxing Street 52, 210000 Nanjing, China",China,household
IT5910247871,Bologna Integrated Processing,"Via Marconi 68, 70121 Bari, Italy",Italy,furniture
GB6278636845,Fluid Synthesis,"London Road 110, BS1 1DB Bristol, United Kingdom",United Kingdom,"beverages, chemicals"
FR6126780305,Select Prestige Solutions,"Place de la Liberté 53, 31000 Toulouse, France",France,luxury
IT5355745372,Italia Master Bottle,"Via Garibaldi 145, 80100 Naples, Italy",Italy,beverages
NO1153843747,Bergen Manufacturing,"Kongsveien 57, 9008 Tromsø, Norway",Norway,No preference
NL3864307279,Chemical Construction International,"Kerkstraat 43, 3511 Utrecht, Netherlands",Netherlands,chemicals
ZA6083632866,Gourmet Corporation,"Church Street 168, 10000 Capital City, South Africa",South Africa,food
FR1824584800,Paris Discount Food SNC,"Rue de l'Église 105, 31000 Toulouse, France",France,"cosmetics, food"
MX3028721020,Fabric Wholesale Comercio,"Avenida Juárez 90, 10000 Capital City, Mexico",Mexico,"beverages, clothing"
CN1848393266,Guangzhou Clean Fashion Corporation,"Xingfu Road 149, 510000 Guangzhou, China",China,"clothing, electronics"
US6725824630,Chicago Sophisticated Chip International,"Main Street 81, 95101 San Jose, USA",USA,"electronics, luxury"
SI9028009453,Consulting Holding,"Trubarjeva cesta 34, 10000 Capital City, Slovenia",Slovenia,household
IE5089361039,Dundalk Culinary Systems Ltd,"O'Connell Street 107, 30000 Port City, Ireland",Ireland,food
CN6402410877,Natural Raw Wholesale,"Heping Road 181, 430000 Wuhan, China",China,raw_materials
HR1670859500,Fluid Inc.,"Radićeva 79, 50000 Commerce City, Croatia",Croatia,beverages
AU3411031185,Origin Natural Raw,"Queen Street 118, 10000 Capital City, Australia",Australia,"produce, raw_materials"
ES6005460709,International Home,"Port Street 172, 30000 Port City, Spain",Spain,"clothing, household"
BR9959180625,Fortaleza Manufacturing Internacional,"Avenida Brasil 20, 90000-000 Porto Alegre, Brazil",Brazil,clothing
BR7003159994,Curitiba Fresh Food Comércio,"Rua São Paulo 96, 90000-000 Porto Alegre, Brazil",Brazil,"beverages, produce"
NO4264540868,Tromsø Tech ASA,"Fjordgata 139, 4005 Stavanger, Norway",Norway,No preference
CN9414365470,Manufacturing Trading,"Xingfu Road 155, 430000 Wuhan, China",China,"raw_materials, toys"
AE8008155097,Sharjah Global Drink,"Al Fahidi Street 113, 40000 Trade City, United Arab Emirates",United Arab Emirates,beverages
GB9877554890,Birmingham Thirst Refreshment Ltd,"Mill Lane 15, L1 1JD Liverpool, United Kingdom",United Kingdom,beverages
CN4598871833,Interior Industries,"Dongfeng Road 24, 400000 Chongqing, China",China,household
US6350735793,Refreshment Inc.,"Oak Street 173, 85001 Phoenix, USA",USA,beverages
ID1611088261,Premium PT,"Jalan Asia Afrika 114, 30000 Port City, Indonesia",Indonesia,luxury
JP7940944282,Osaka Star Electronic,"Omotesando 86, 460-0008 Nagoya, Japan",Japan,electronics
CN8908761145,Electronic International,"Xinhua Street 56, 400000 Chongqing, China",China,"electronics, raw_materials"
GB9439571435,Edinburgh Premium Tech LLP,"Park Road 95, B1 1BB Birmingham, United Kingdom",United Kingdom,luxury
IN6106906311,Hyderabad World React Pvt. Ltd.,"Nehru Road 155, 411001 Pune, India",India,"chemicals, clothing"
DE8501980321,Essen Smart,"Gartenstraße 157, 60311 Frankfurt, Germany",Germany,electronics
IT4848511613,Italian Gastro Shipping,"Via Marconi 173, 40121 Bologna, Italy",Italy,"food, luxury"
AT7985797527,Pharma AG,"Wollzeile 19, 20000 Central City, Austria",Austria,medical
NL8017976079,Solution Expert Chemical Enterprises,"Stationsweg 132, 4811 Breda, Netherlands",Netherlands,chemicals
US9336450185,Furniture International,"Maple Avenue 10, 92101 San Diego, USA",USA,"electronics, medical"
IN8937719107,Exclusive Exclusive Ltd.,"Park Street 150, 600001 Chennai, India",India,luxury
CN5199341441,Shenzhen Fresh Leisure,"Heping Road 90, 300000 Tianjin, China",China,"electronics, toys"
KR9105405775,Med Beverage,"Sejong-daero 96, 10000 Capital City, South Korea",South Korea,"household, medical"
BR8838061659,Taste Internacional,"Avenida Paulista 158, 40000-000 Salvador, Brazil",Brazil,food
JP3298437001,Premium Upscale,"Meiji-dori 98, 210-0001 Kawasaki, Japan",Japan,luxury
CN4108830452,Stitch Industries,"Jiefang Road 198, 610000 Chengdu, China",China,clothing
TR2744327173,Food Flavor Diet,"Istiklal Caddesi 62, 20000 Central City, Turkey",Turkey,food
GB8373645708,English Sophisticated Ltd,"King Street 77, EH1 1YT Edinburgh, United Kingdom",United Kingdom,"chemicals, luxury"
US2558648330,Care Care,"Main Street 13, 92101 San Diego, USA",USA,medical
JP1994995515,Remedy Health Med,"Sakura-dori 97, 810-0001 Fukuoka, Japan",Japan,"electronics, medical"
FR6073233675,Natural Skin,"Rue Pasteur 152, 59000 Lille, France",France,cosmetics
BR9249874255,Belo Horizonte Primary Material,"Avenida Atlântica 144, 30000-000 Belo Horizonte, Brazil",Brazil,"clothing, raw_materials"
HU8693219645,Food Bt.,"Király utca 78, 50000 Commerce City, Hungary",Hungary,"beverages, food"
RU5343265310,Novosibirsk Organic Tech PAO,"Arbat Street 24, 101000 Moscow, Russia",Russia,No preference
US2031784678,Phoenix Professional Energy,"Maple Avenue 62, 85001 Phoenix, USA",USA,sports
TH2607230349,Taste Textile,"Sukhumvit Road 68, 20000 Central City, Thailand",Thailand,"clothing, food"
EE7882834500,Engineering Group,"Lai tänav 6, 20000 Central City, Estonia",Estonia,food
PT3314318249,Garment Inc.,"Rua da Prata 143, 40000 Trade City, Portugal",Portugal,clothing
SE5595622367,Göteborg Logistics,"Ringvägen 18, 722 12 Västerås, Sweden",Sweden,raw_materials
JP9645819284,Toy Enterprises,"Kappabashi-dori 135, 810-0001 Fukuoka, Japan",Japan,"medical, toys"
PL2886316960,Bydgoszcz Produce Farm Enterprises,"Sienkiewicza 10, 85-001 Bydgoszcz, Poland",Poland,produce
MX5291569923,Mérida Swift Logistics S.A. de C.V.,"Calle Madero 114, 40000 Trade City, Mexico",Mexico,"food, toys"
ES8342064529,Comfort Residence Wholesale,"Trade Street 15, 30000 Port City, Spain",Spain,household
CN8308203199,China World Export,"Dongfeng Road 37, 430000 Wuhan, China",China,"clothing, raw_materials"
IE8868042001,Limerick Electronic Trading,"Wicklow Street 169, 30000 Port City, Ireland",Ireland,"beverages, electronics"
AT6972224708,Sophisticated Industries,"Rotenturmstraße 42, 10000 Capital City, Austria",Austria,luxury
PT5928179792,Produce Dwelling,"Avenida Almirante Reis 44, 20000 Central City, Portugal",Portugal,"household, produce"
CN6050860955,Living International,"Renmin Road 66, 610000 Chengdu, China",China,"clothing, household"
RO7171959740,Garden S.R.L.,"Bulevardul Unirii 73, 40000 Trade City, Romania",Romania,"furniture, produce"
IT9953427755,Rome Thread SNC,"Corso Italia 74, 10121 Turin, Italy",Italy,clothing
KR2877287204,Chip Store,"Sejong-daero 72, 50000 Commerce City, South Korea",South Korea,electronics
US9810229830,Device Elite Thirst LLC,"Maple Avenue 13, 85001 Phoenix, USA",USA,"beverages, electronics"
IT9658194908,Culinary United Furniture Srl,"Corso Italia 62, 90133 Palermo, Italy",Italy,food
FR3592909888,Paris Health Manufacturing,"Rue de la République 73, 13001 Marseille, France",France,"beverages, medical"
RO4812150505,Bucharest Primary Systems,"Bulevardul Unirii 125, 50000 Commerce City, Romania",Romania,"clothing, raw_materials"
JP2822728685,Construction Corporation,"Ginza 76, 100-0001 Tokyo, Japan",Japan,"medical, toys"
DE4617880289,Stuttgart Vital Living GbR,"Birkenweg 73, 20095 Hamburg, Germany",Germany,"household, medical"
RU3942266913,Natural Fundamental,"Bolshaya Morskaya Street 23, 420000 Kazan, Russia",Russia,raw_materials
BR1865020350,Source Material Beverage,"Rua das Flores 70, 70000-000 Brasília, Brazil",Brazil,raw_materials
SG5666515401,Device National Consulting,"Bras Basah Road 87, 20000 Central City, Singapore",Singapore,"electronics, medical"
BR9435794141,Beverage Drink Quench,"Rua das Flores 194, 70000-000 Brasília, Brazil",Brazil,beverages
ES3033559972,International Food Group,"International Boulevard 143, 30000 Port City, Spain",Spain,"electronics, food"
IN7400954628,Kolkata Wellbeing Life,"Park Street 2, 411001 Pune, India",India,medical
US1670871680,Sport Motion,"Oak Street 108, 60601 Chicago, USA",USA,"luxury, sports"
PL4740176476,Logistics Sp. k.,"Słowackiego 85, 70-001 Szczecin, Poland",Poland,"furniture, raw_materials"
AU6865469790,Canberra Farm,"Elizabeth Street 124, 50000 Commerce City, Australia",Australia,"beverages, produce"
SE6608105490,Uppsala Shop,"Ringvägen 87, 553 16 Jönköping, Sweden",Sweden,paper
JP7833339945,Toy Leisure Game,"Meiji-dori 61, 060-0001 Sapporo, Japan",Japan,"medical, toys"
NL7357337900,Dutch Retail,"Beatrixstraat 189, 1315 Almere, Netherlands",Netherlands,produce
FI3375657255,Oulu Service,"Tehtaankatu 8, 30000 Port City, Finland",Finland,No preference
CA7693087549,Ottawa Therapeutic Service LLP,"St Catherine Street 158, 30000 Port City, Canada",Canada,"food, medical"
NL6860858443,Dutch Ultra Technologies Holding,"Julianastraat 60, 5038 Tilburg, Netherlands",Netherlands,No preference
MX5845578408,Culinary Comercio,"Avenida Chapultepec 145, 10000 Capital City, Mexico",Mexico,"clothing, food"
IN1221348726,Bangalore Trading,"Nehru Road 86, 600001 Chennai, India",India,"clothing, food"
AU1620150037,Element Natural Primary Ltd,"Bourke Street 98, 10000 Capital City, Australia",Australia,raw_materials
IN1734776533,India Fabric,"Chandni Chowk 147, 110001 Delhi, India",India,clothing
BR1002519013,Textile Empreendimentos,"Avenida Amazonas 65, 01000-000 São Paulo, Brazil",Brazil,clothing
RU5454504100,Flavor ZAO,"Bolshaya Morskaya Street 140, 644000 Omsk, Russia",Russia,food
IT8837880919,Refreshment Furniture SAS,"Via Garibaldi 112, 00100 Rome, Italy",Italy,"beverages, clothing"
DE8039288956,Pharma KGaA,"Hauptstraße 159, 20095 Hamburg, Germany",Germany,medical
ES6331381097,Gastro Electronics,"Commerce Road 17, 20000 Central City, Spain",Spain,"food, household"
CN8557855131,Primary Basic,"Xingfu Road 100, 210000 Nanjing, China",China,raw_materials
GB7929392002,Bristol Help Tech Limited,"Station Road 95, M1 1AE Manchester, United Kingdom",United Kingdom,clothing
CN8850946838,Tianjin Garment Apparel Holdings,"Jianguo Road 97, 100000 Beijing, China",China,clothing
GR8138793901,Kavala Great Flavor,"Stadiou Street 63, 20000 Central City, Greece",Greece,food
ES6546962593,Continental Prime Distribution,"Central Avenue 48, 30000 Port City, Spain",Spain,electronics
AT4104292484,Thirst Budget Liquid,"Favoritenstraße 173, 40000 Trade City, Austria",Austria,beverages
HU1552358922,Shop Enterprises,"Király utca 69, 20000 Central City, Hungary",Hungary,beverages
LU8768418007,Diekirch Safe Smart,"Avenue de la Gare 141, 10000 Capital City, Luxembourg",Luxembourg,"electronics, medical"
GB5595534547,Med Tech,"Station Road 181, BS1 1DB Bristol, United Kingdom",United Kingdom,medical
IN5092936968,Gourmet Health Vital LLP,"Gandhi Road 174, 400001 Mumbai, India",India,"food, medical"
VN6483325440,Culinary Industries,"Hai Ba Trung Street 116, 50000 Commerce City, Vietnam",Vietnam,"electronics, food"
FI9978933612,Smart Oy,"Hämeentie 158, 50000 Commerce City, Finland",Finland,electronics
GB8162382904,Prestige Premium International,"Main Street 22, BS1 1DB Bristol, United Kingdom",United Kingdom,luxury
KR7603528117,"Busan Computing Tech Co., Ltd.","Eulji-ro 175, 20000 Central City, South Korea",South Korea,electronics
ID6433657759,Surabaya Fine Technologies,"Jalan Merdeka 190, 30000 Port City, Indonesia",Indonesia,luxury
FR6608759613,Edible SARL,"Rue des Écoles 170, 13001 Marseille, France",France,"food, medical"
IN7567120692,Life International,"MG Road 130, 110001 Delhi, India",India,"chemicals, medical"
ZA3642601995,Diet International,"Bree Street 125, 30000 Port City, South Africa",South Africa,food
ES7966127922,Worldwide Apparel,"Central Avenue 56, 30000 Port City, Spain",Spain,"clothing, electronics"
AE1934990894,Umm Al Quwain Circuit Computing International,"Al Khaleej Road 182, 40000 Trade City, United Arab Emirates",United Arab Emirates,electronics
CN9032081845,"Dongguan Device Tech Co., Ltd.","Yongxing Street 63, 100000 Beijing, China",China,electronics
DE1192774393,Digital eG,"Dorfstraße 47, 45127 Essen, Germany",Germany,electronics
CN1920266305,Game Kid LLC,"Xinhua Street 146, 430000 Wuhan, China",China,toys
ES9099655623,Worldwide Solutions Trading,"Harbor Road 1, 50000 Commerce City, Spain",Spain,food
AE4998328441,Premium Upscale Import,"Al Wasl Road 20, 10000 Capital City, United Arab Emirates",United Arab Emirates,luxury
PL8912054927,Gdańsk Design,"Słowackiego 140, 40-001 Katowice, Poland",Poland,furniture
KR2291399145,Korean Solution Synthesis Corporation,"Myeongdong-gil 74, 20000 Central City, South Korea",South Korea,chemicals
GB8934070108,Stitch Enterprises,"School Lane 54, LS1 1UR Leeds, United Kingdom",United Kingdom,clothing
IN5533716033,Couture Wear Textile,"Connaught Place 34, 500001 Hyderabad, India",India,clothing
IN6418269935,Textile Smart Thread,"Station Road 87, 560001 Bangalore, India",India,clothing
US4993847403,Upscale Trading Enterprises,"Main Street 72, 78201 San Antonio, USA",USA,luxury
US7716057590,Vital Fitness,"Washington Street 48, 77001 Houston, USA",USA,"medical, sports"
PL6602361207,Warsaw Star Engineering,"Piłsudskiego 129, 50-001 Wrocław, Poland",Poland,"household, produce"
DE9285318957,React GmbH,"Waldstraße 193, 80331 Munich, Germany",Germany,"chemicals, medical"
FI4797943197,Tampere Solutions,"Lönnrotinkatu 31, 30000 Port City, Finland",Finland,No preference
KR7465793109,Health Joint Trading International,"Jongno 78, 30000 Port City, South Korea",South Korea,medical
GB1651365532,Hydration Enterprises,"King Street 82, LS1 1UR Leeds, United Kingdom",United Kingdom,beverages
US9811141237,Athletic Holdings,"Washington Street 91, 60601 Chicago, USA",USA,sports
PL1383680131,Flavor Diet Edible S.A.,"Wrocławska 99, 30-001 Kraków, Poland",Poland,food
US1112640908,New York Food Holdings,"Broadway 141, 78201 San Antonio, USA",USA,beverages
IT6173258552,Palermo Premium Couture Enterprises,"Via Marconi 89, 50123 Florence, Italy",Italy,"clothing, food"
FR7806768177,Taste Flavor Shipping,"Place de la Liberté 41, 13001 Marseille, France",France,food
RU8331135013,Omsk Processing Enterprises,"Bolshaya Morskaya Street 6, 420000 Kazan, Russia",Russia,No preference
AT1538139622,Therapeutic Fresh Pharma,"Kohlmarkt 21, 40000 Trade City, Austria",Austria,medical
TR3278250748,Nutrition Corporation,"Millet Caddesi 62, 30000 Port City, Turkey",Turkey,food
PL9280187308,Electronics Holding,"Gdańska 190, 85-001 Bydgoszcz, Poland",Poland,"household, raw_materials"
PL7192992983,Delicacy Nutrition,"Wrocławska 115, 80-001 Gdańsk, Poland",Poland,"food, household"
DE3325037122,Hamburg Therapeutic Wellbeing GbR,"Schulstraße 68, 45127 Essen, Germany",Germany,medical
US7525969137,Sport Market Industries,"Jefferson Street 2, 90001 Los Angeles, USA",USA,sports
IT1855628491,Rome Furnish SpA,"Via Milano 85, 95121 Catania, Italy",Italy,"food, furniture"
CN9569651163,"Dongguan Smart Co., Ltd.","Jianguo Road 46, 400000 Chongqing, China",China,"clothing, electronics"
BG3417232763,Gourmet Nutrition Nutrition International,"Tsar Shishman Street 164, 20000 Central City, Bulgaria",Bulgaria,"clothing, food"
BR5260060325,Thirst Liquid Shop Comércio,"Rua Copacabana 132, 20000-000 Rio de Janeiro, Brazil",Brazil,beverages
SE9931664272,Residence Kommanditbolag,"Strandvägen 105, 211 20 Malmö, Sweden",Sweden,household
FR3007481368,Lyon Textile,"Rue du Moulin 134, 33000 Bordeaux, France",France,"beverages, luxury"
CZ7923708521,Transport Industries,"Jindřišská 77, 10000 Capital City, Czech Republic",Czech Republic,beverages
CN6919399863,Chinese Dynamic Food,"Jiefang Road 29, 610000 Chengdu, China",China,"clothing, raw_materials"
IT8087147075,Fine Sophisticated Industries,"Via Mazzini 92, 90133 Palermo, Italy",Italy,"food, luxury"
CN6779712639,Fabric World Distribution Trading,"Dongfeng Road 176, 510000 Guangzhou, China",China,clothing
GB8769240495,English Beverage,"High Street 143, SW1A 1AA London, United Kingdom",United Kingdom,chemicals
CN8659073073,Chip Enterprises,"Xingfu Road 126, 510000 Guangzhou, China",China,"clothing, electronics"
GB5088666917,Synthesis PLC,"London Road 177, M1 1AE Manchester, United Kingdom",United Kingdom,chemicals
GB3484614018,Wear LLC,"School Lane 151, LS1 1UR Leeds, United Kingdom",United Kingdom,clothing
ID4138429837,Fine Holdings,"Jalan Malioboro 32, 40000 Trade City, Indonesia",Indonesia,luxury
KR9148967348,Korea National Electronics,"Myeongdong-gil 178, 40000 Trade City, South Korea",South Korea,household
ID7882849711,Makassar Fabric,"Jalan Pahlawan 74, 30000 Port City, Indonesia",Indonesia,"clothing, raw_materials"
PL6035804720,Gdańsk Resource Raw Sp. k.,"Krakowska 153, 90-001 Łódź, Poland",Poland,raw_materials
IN1246285369,Wellbeing Remedy,"Chandni Chowk 37, 110001 Delhi, India",India,medical
ID8592270939,Surabaya Advanced Elegant,"Jalan Merdeka 140, 50000 Commerce City, Indonesia",Indonesia,luxury
BR6068735226,Curitiba Green Crop,"Avenida Amazonas 89, 01000-000 São Paulo, Brazil",Brazil,"food, produce"
US9199192305,Smart LLC,"Washington Street 130, 90001 Los Angeles, USA",USA,electronics
TR6937061784,Apparel Industries Trading,"Abdi İpekçi Caddesi 93, 40000 Trade City, Turkey",Turkey,clothing
PL2691106757,Import Holding,"Słowackiego 61, 30-001 Kraków, Poland",Poland,household
ID3539289143,Palembang Exclusive Group,"Jalan Pemuda 74, 10000 Capital City, Indonesia",Indonesia,"luxury, toys"
IT8089732559,Thread Shop,"Via Marconi 194, 80100 Naples, Italy",Italy,"clothing, luxury"
MX4077942976,Tijuana Solution Delicacy,"Paseo de la Reforma 161, 40000 Trade City, Mexico",Mexico,"food, toys"
PL3868535050,Beverage Enterprises,"Piłsudskiego 127, 20-001 Lublin, Poland",Poland,"food, furniture"
DE2210357681,Vital Remedy Transport,"Kirchstraße 129, 70173 Stuttgart, Germany",Germany,"electronics, medical"
JP5896516222,Systems GK,"Showa-dori 146, 810-0001 Fukuoka, Japan",Japan,"luxury, medical"
US6600560546,Smart Industries,"Park Avenue 48, 77001 Houston, USA",USA,electronics
RU7092626394,Gourmet ZAO,"Arbat Street 98, 101000 Moscow, Russia",Russia,food
ID5956953243,Leisure PT,"Jalan Malioboro 110, 40000 Trade City, Indonesia",Indonesia,toys
PL7847163101,Bydgoszcz Source Service Holding,"Poznańska 100, 40-001 Katowice, Poland",Poland,"food, raw_materials"
FR9142421058,Drink Entreprises,"Boulevard Saint-Michel 190, 59000 Lille, France",France,beverages
GB5454664260,Logistics Enterprises,"Park Road 34, LS1 1UR Leeds, United Kingdom",United Kingdom,"luxury, medical"
FR9173418640,Shop Entreprises,"Rue de l'Église 82, 34000 Montpellier, France",France,cosmetics
BE6196068428,Culinary Edible Service,"Rue Antoine Dansaert 135, 40000 Trade City, Belgium",Belgium,food
US6909233937,San Antonio Import,"Maple Avenue 120, 85001 Phoenix, USA",USA,sports
PL1926642748,Source Source Holding,"Wrocławska 86, 00-001 Warsaw, Poland",Poland,raw_materials
IT9168744619,Brew Construction Holding,"Via Roma 152, 16121 Genoa, Italy",Italy,beverages
MX6130729356,Residence Holdings,"Calle Madero 169, 30000 Port City, Mexico",Mexico,"household, toys"
DE5533256076,Synthesis Molecular Element GbR,"Schulstraße 160, 70173 Stuttgart, Germany",Germany,"chemicals, medical"
GB9472826028,London Garment Industries,"London Road 114, M1 1AE Manchester, United Kingdom",United Kingdom,clothing
CN6413792258,"Origin Co., Ltd.","Dongfeng Road 129, 300000 Tianjin, China",China,raw_materials
BE1457443785,Hydration Hydration Brew,"Chaussée d'Ixelles 9, 30000 Port City, Belgium",Belgium,beverages
HR8125692492,Osijek Refreshment Industries,"Radićeva 180, 40000 Trade City, Croatia",Croatia,beverages
PL7238132115,Resource Textile,"Mickiewicza 18, 50-001 Wrocław, Poland",Poland,raw_materials
TR3678550463,Gaziantep Farm Cultivate,"İnönü Caddesi 70, 20000 Central City, Turkey",Turkey,produce
BG9245756514,Processing Enterprises,"Patriarch Evtimiy Boulevard 26, 40000 Trade City, Bulgaria",Bulgaria,produce
RU3496697192,Taste Systems,"Arbat Street 199, 454000 Chelyabinsk, Russia",Russia,food
BR7084145353,Brazilian Nutrition Internacional,"Avenida Getúlio Vargas 50, 40000-000 Salvador, Brazil",Brazil,"food, raw_materials"
ID5088174560,Depok Service Natural Holdings,"Jalan Diponegoro 123, 50000 Commerce City, Indonesia",Indonesia,produce
MX7074957852,Mexican Store Internacional,"Calle Madero 39, 40000 Trade City, Mexico",Mexico,household
GB3131306427,Refreshment PLC,"Mill Lane 152, BS1 1DB Bristol, United Kingdom",United Kingdom,"beverages, luxury"
KR2415202648,Living Corp.,"Sejong-daero 174, 50000 Commerce City, South Korea",South Korea,household
RO2080507949,Wear Style,"Calea Griviței 23, 10000 Capital City, Romania",Romania,clothing
CA8748995716,Beverage Corp.,"Yonge Street 169, 10000 Capital City, Canada",Canada,medical
CN7966873524,Industries Trading,"Zhongshan Road 171, 610000 Chengdu, China",China,raw_materials
VN9642377043,Hue Electro Corporation,"Nguyen Trai Street 194, 10000 Capital City, Vietnam",Vietnam,"electronics, food"
IT1677243862,Liquid Group,"Via Verdi 199, 50123 Florence, Italy",Italy,beverages
SI8144935375,Ljubljana Distribution d.d.,"Trubarjeva cesta 14, 20000 Central City, Slovenia",Slovenia,No preference
SG6322707571,Electronic Corporation,"Arab Street 175, 10000 Capital City, Singapore",Singapore,electronics
GB2429710460,Cure Wellbeing Export,"Church Road 107, M1 1AE Manchester, United Kingdom",United Kingdom,medical
FR1778744573,Upscale Star Luxury Groupe,"Avenue des Champs-Élysées 27, 44000 Nantes, France",France,luxury
IN8933914891,Kolkata Nutrition Flavor Ltd.,"Station Road 76, 400001 Mumbai, India",India,"food, medical"
CN7483050186,Thread Hobby Style Enterprises,"Renmin Road 126, 300000 Tianjin, China",China,"clothing, toys"
CN9589910653,Residence Pro Home LLC,"Jiefang Road 35, 400000 Chongqing, China",China,"electronics, household"
BG9229191531,Brew Good Tech Trading,"Rakovski Street 30, 20000 Central City, Bulgaria",Bulgaria,beverages
PL4587260379,Kraków Material,"Wrocławska 194, 90-001 Łódź, Poland",Poland,raw_materials
DE8611738819,Life UG,"Bahnhofstraße 63, 20095 Hamburg, Germany",Germany,medical
BR2157004351,Brasília Garden,"Rua das Flores 71, 40000-000 Salvador, Brazil",Brazil,"clothing, produce"
CA3354472804,Text Nutrition Industries,"Elgin Street 90, 40000 Trade City, Canada",Canada,"food, paper"
BE2179647263,Fine Elegant,"Rue de la Loi 184, 40000 Trade City, Belgium",Belgium,luxury
CZ8637809870,Dwelling Discount Living,"Václavské náměstí 62, 30000 Port City, Czech Republic",Czech Republic,household
ID1788033177,Transport Holdings,"Jalan Pahlawan 141, 20000 Central City, Indonesia",Indonesia,toys
IT7528442699,Furniture Holding,"Corso Italia 150, 80100 Naples, Italy",Italy,furniture
IN1453124376,Pune Secure Garment,"Mall Road 193, 302001 Jaipur, India",India,clothing
BG5742431720,Fundamental Material Source,"Tsar Osvoboditel Boulevard 59, 30000 Port City, Bulgaria",Bulgaria,raw_materials
ZA6437805132,Nutrition Quench,"Church Street 129, 30000 Port City, South Africa",South Africa,"beverages, food"
CN9870990448,Guangzhou Fun,"Xinhua Street 158, 510000 Guangzhou, China",China,toys
RU9602919961,Refreshment OAO,"Kutuzovsky Prospekt 47, 630000 Novosibirsk, Russia",Russia,beverages
RU4503177707,Construction OOO,"Bolshaya Morskaya Street 168, 450000 Ufa, Russia",Russia,No preference
ES9011965439,Universal Domestic Corp.,"Industrial Lane 14, 10000 Capital City, Spain",Spain,household
NO9913444771,Bergen National Industries AS,"Fjellveien 168, 6003 Ålesund, Norway",Norway,No preference
KR2325865154,Daejeon Chemical React International,"Garosu-gil 35, 50000 Commerce City, South Korea",South Korea,chemicals
CN9044671621,Home International,"Guangming Road 61, 518000 Shenzhen, China",China,household
BR3036125715,Brasília Premium Nutrition S.A.,"Rua São Paulo 75, 80000-000 Curitiba, Brazil",Brazil,food
GR5464017709,Fabric Style E.E.,"Mitropoleos Street 151, 30000 Port City, Greece",Greece,clothing
ZA8725781152,Johannesburg Integrated Elite,"Bree Street 200, 20000 Central City, South Africa",South Africa,luxury
PT2105451044,Living Trading,"Avenida 24 de Julho 195, 20000 Central City, Portugal",Portugal,household
NL8147636235,Groningen Element NV,"Beatrixstraat 130, 6511 Nijmegen, Netherlands",Netherlands,"chemicals, food"
PL1695283072,Home Source Resource Group,"Słowackiego 99, 85-001 Bydgoszcz, Poland",Poland,"furniture, raw_materials"
NL7848500406,Tech BV,"Stationsweg 30, 5038 Tilburg, Netherlands",Netherlands,No preference
PL1277849445,Decor Sp. z o.o.,"Warszawska 197, 20-001 Lublin, Poland",Poland,"furniture, household"
CA7948693461,Nutrition Market,"St Catherine Street 157, 50000 Commerce City, Canada",Canada,"food, paper"
ZA7184217927,Pietermaritzburg Refreshment Enterprises,"Commercial Road 176, 50000 Commerce City, South Africa",South Africa,"beverages, produce"
IT5594897856,Wood Luxury SNC,"Via Milano 55, 16121 Genoa, Italy",Italy,"furniture, luxury"
IE4798082747,Tech Ltd,"Dame Street 164, 50000 Commerce City, Ireland",Ireland,"electronics, medical"
PT3942820770,Habitat International,"Rua do Carmo 29, 10000 Capital City, Portugal",Portugal,"household, produce"
RU3079776916,Moscow Natural Material,"Pushkinskaya Street 143, 644000 Omsk, Russia",Russia,raw_materials
BR1741026891,Crop Crop Stitch,"Rua Santos Dumont 77, 50000-000 Recife, Brazil",Brazil,"clothing, produce"
FR1030550173,Logistics SAS,"Avenue des Champs-Élysées 163, 33000 Bordeaux, France",France,"luxury, medical"
ID8333613324,Jakarta Fine Electronics,"Jalan Asia Afrika 77, 10000 Capital City, Indonesia",Indonesia,"clothing, luxury"
CA8447728230,Diet Taste Enterprises,"Yonge Street 127, 30000 Port City, Canada",Canada,"food, paper"
US3021137559,Life United Textile Inc.,"Maple Avenue 151, 78201 San Antonio, USA",USA,medical
DE9603797734,Computing Textile OHG,"Schulstraße 105, 80331 Munich, Germany",Germany,electronics
NL2062090190,Dutch Organic Natural,"Beatrixstraat 24, 9711 Groningen, Netherlands",Netherlands,produce
IT1581083896,Wood Star Engineering SAPA,"Via Marconi 11, 20121 Milan, Italy",Italy,furniture
SE9624964054,Domestic AB,"Kyrkogatan 126, 252 21 Helsingborg, Sweden",Sweden,household
PL2923359826,Interior Global Import,"Krakowska 85, 90-001 Łódź, Poland",Poland,furniture
RU4190206706,Delicacy Gourmet Wholesale Enterprises,"Pushkinskaya Street 179, 443000 Samara, Russia",Russia,food
NL3977222353,Molecular CV,"Molenweg 62, 5611 Eindhoven, Netherlands",Netherlands,chemicals
IN1925189726,Remedy Trading,"Nehru Road 62, 411001 Pune, India",India,medical
IE9895850843,Galway Good Brew Industries,"Dame Street 108, 30000 Port City, Ireland",Ireland,beverages
BR5284527169,Curitiba Trade Culinary,"Rua São Paulo 156, 50000-000 Recife, Brazil",Brazil,food
HR1774115211,Gourmet Gastro,"Trg bana Josipa Jelačića 88, 40000 Trade City, Croatia",Croatia,food
CN9038599365,Living Home Dwelling,"Xinhua Street 129, 510000 Guangzhou, China",China,household
GB6473472524,British Wear,"High Street 156, B1 1BB Birmingham, United Kingdom",United Kingdom,clothing
US6307699207,Chicago Sophisticated Holdings,"Main Street 174, 90001 Los Angeles, USA",USA,luxury
GB2928216289,English Textile,"School Lane 27, EH1 1YT Edinburgh, United Kingdom",United Kingdom,"clothing, luxury"
MX4114024234,Taste Consulting S. de R.L.,"Avenida Revolución 71, 40000 Trade City, Mexico",Mexico,food
IN1185261231,Pune System Solutions Corporation,"Connaught Place 125, 700001 Kolkata, India",India,"clothing, medical"
SI4583436259,Computing Tech,"Čopova ulica 29, 10000 Capital City, Slovenia",Slovenia,electronics
IE7018235953,Vital PLC,"Capel Street 171, 10000 Capital City, Ireland",Ireland,"beverages, medical"
NO5175923530,Drammen Quality Trading AS,"Strandgata 55, 0151 Oslo, Norway",Norway,No preference
US4086966986,Los Angeles Network Quench,"Oak Street 27, 60601 Chicago, USA",USA,beverages
US6335121450,Electro Electronic Export,"Sunset Boulevard 86, 85001 Phoenix, USA",USA,electronics
HU6671464156,Pécs Industries Enterprises,"Teréz körút 145, 10000 Capital City, Hungary",Hungary,No preference
IT2521136119,Gourmet Textile SpA,"Via Roma 15, 90133 Palermo, Italy",Italy,"food, luxury"
FR5788809026,Montpellier Upscale SAS,"Rue Victor Hugo 134, 31000 Toulouse, France",France,luxury
DE3391486682,Düsseldorf Health React e.V.,"Schulstraße 106, 70173 Stuttgart, Germany",Germany,"chemicals, medical"
CN1747666597,Beijing Great Comfort,"Jiefang Road 149, 430000 Wuhan, China",China,household
IE1275805454,Life Natural Vital,"Nassau Street 145, 10000 Capital City, Ireland",Ireland,medical
CN8524800074,Domestic LLC,"Yongxing Street 118, 523000 Dongguan, China",China,"household, toys"
SE6379664069,Electronic Allied Manufacturing,"Kyrkogatan 82, 211 20 Malmö, Sweden",Sweden,"electronics, raw_materials"
RO5975463265,Resource Inc.,"Calea Griviței 139, 40000 Trade City, Romania",Romania,raw_materials
ZA7092193020,Durban Food,"Adderley Street 28, 40000 Trade City, South Africa",South Africa,"luxury, raw_materials"
NL7127924323,Consulting NV,"Oranjestraat 85, 4811 Breda, Netherlands",Netherlands,No preference
RO6700858769,Decor Technologies Inc.,"Strada Lipscani 5, 40000 Trade City, Romania",Romania,furniture
ES2627975270,Style Residence,"Trade Street 186, 20000 Central City, Spain",Spain,"clothing, household"
RU3070820685,Resource OAO,"Pushkinskaya Street 52, 454000 Chelyabinsk, Russia",Russia,raw_materials
CN2022685947,Textile International,"Renmin Road 74, 523000 Dongguan, China",China,"clothing, electronics"
DE3452142348,Med Life Engineering,"Lindenstraße 166, 10115 Berlin, Germany",Germany,medical
AE8354930110,Emirati Fine Enterprises,"Al Fahidi Street 77, 40000 Trade City, United Arab Emirates",United Arab Emirates,luxury
DE3272837084,Deutsch Retail KGaA,"Kirchstraße 73, 45127 Essen, Germany",Germany,No preference
IT4803731422,Hydration Srl,"Via Milano 33, 10121 Turin, Italy",Italy,"beverages, clothing"
AU2189868953,Material Quality Fundamental,"Elizabeth Street 38, 40000 Trade City, Australia",Australia,"beverages, raw_materials"
CN7642793945,Shanghai Active Consulting Corporation,"Heping Road 68, 518000 Shenzhen, China",China,clothing
US3524152262,Physical Prime Export,"Broadway 183, 75201 Dallas, USA",USA,"beverages, sports"
IT2876812399,Turin Joint Home SpA,"Via Marconi 135, 50123 Florence, Italy",Italy,furniture
GB8284957430,Fluid Pharma Cure,"Main Street 6, BS1 1DB Bristol, United Kingdom",United Kingdom,"beverages, medical"
SK6381097387,Lifestyle Industries,"Dunajská ulica 167, 50000 Commerce City, Slovakia",Slovakia,household
HU2187623976,Szeged Thread,"Király utca 193, 50000 Commerce City, Hungary",Hungary,clothing
IT3165798510,Edible Flavor,"Via Dante 133, 10121 Turin, Italy",Italy,"clothing, food"
ES3247134513,World A1 Market,"International Boulevard 72, 20000 Central City, Spain",Spain,"food, household"
KR9067699923,Health Group,"Gangnam-daero 41, 10000 Capital City, South Korea",South Korea,"electronics, medical"
CA7242948482,Canadian Tech,"Bloor Street 118, 50000 Commerce City, Canada",Canada,raw_materials
DE7737074066,House Trust Market AG,"Dorfstraße 151, 20095 Hamburg, Germany",Germany,household
ZA5171462995,Durban Market Limited,"Adderley Street 189, 10000 Capital City, South Africa",South Africa,"luxury, produce"
NL9699721265,Produce Taste,"Kerkstraat 179, 3511 Utrecht, Netherlands",Netherlands,"food, produce"
ES4340126881,Culinary International,"Trade Street 14, 50000 Commerce City, Spain",Spain,food
BR8034577375,Material Natural,"Avenida Brasil 195, 80000-000 Curitiba, Brazil",Brazil,"produce, raw_materials"
GB8236521900,Wellbeing LLC,"Main Street 169, LS1 1UR Leeds, United Kingdom",United Kingdom,"clothing, medical"
DE4947261191,Deutsch Vital Cure,"Lindenstraße 183, 20095 Hamburg, Germany",Germany,medical
US4210922535,Prestige International,"Oak Street 85, 92101 San Diego, USA",USA,"luxury, medical"
SK6157272926,Comfort Dynamic Garment v.o.s.,"Hlavné námestie 183, 20000 Central City, Slovakia",Slovakia,"clothing, household"
DE4012682940,Stuttgart Interior Living,"Bahnhofstraße 62, 20095 Hamburg, Germany",Germany,household
DE1210275749,Frankfurt Process Synthesis,"Bahnhofstraße 14, 20095 Hamburg, Germany",Germany,"chemicals, household"
ID1691660882,Exclusive Industries,"Jalan Malioboro 138, 20000 Central City, Indonesia",Indonesia,"luxury, toys"
RU5418247558,Brew Trading,"Malyy Prospekt 189, 630000 Novosibirsk, Russia",Russia,beverages
AE3101662878,Retail LLC,"Al Khaleej Road 72, 50000 Commerce City, United Arab Emirates",United Arab Emirates,"chemicals, luxury"
TR8931083566,Gastro Nutrition,"Abdi İpekçi Caddesi 91, 50000 Commerce City, Turkey",Turkey,food
AU5160246336,Australia Liquid Beverage,"Bourke Street 56, 50000 Commerce City, Australia",Australia,beverages
GB6737656346,Cure Life,"Church Road 53, NE1 1AD Newcastle, United Kingdom",United Kingdom,medical
DE6715944594,Frankfurt Domestic eG,"Hauptstraße 90, 20095 Hamburg, Germany",Germany,"household, medical"
CN4432780871,House Kid,"Jianguo Road 14, 610000 Chengdu, China",China,"household, toys"
LT9782362852,Trading Corporation,"Pylimo gatvė 151, 10000 Capital City, Lithuania",Lithuania,"chemicals, clothing"
MT2456324564,Device Bio Tech Group,"Triq Manwel Dimech 79, 30000 Port City, Malta",Malta,electronics
IT7929416890,Store SpA,"Via Roma 93, 16121 Genoa, Italy",Italy,beverages
FR9468902807,Premium Entreprises,"Rue de la République 99, 13001 Marseille, France",France,"luxury, medical"
SK5986163178,Thread Holding,"Ventúrska ulica 79, 30000 Port City, Slovakia",Slovakia,clothing
GB3483653605,Textile Super Wear Group,"Mill Lane 181, BS1 1DB Bristol, United Kingdom",United Kingdom,clothing
ZA4251740917,Exclusive Elite Ltd,"Long Street 181, 50000 Commerce City, South Africa",South Africa,"luxury, produce"
DE1718284414,Computing Device Distribution,"Kirchstraße 94, 10115 Berlin, Germany",Germany,electronics
PT5278016190,Technologies Enterprises,"Rua do Ouro 6, 20000 Central City, Portugal",Portugal,produce
BG1741498005,Drink Enterprises,"Graf Ignatiev Street 11, 10000 Capital City, Bulgaria",Bulgaria,beverages
RU9705968841,Refreshment Hydration Holdings,"Bolshaya Morskaya Street 47, 344000 Rostov-on-Don, Russia",Russia,beverages
DE2288393548,Berlin Trading,"Schulstraße 25, 70173 Stuttgart, Germany",Germany,medical
RO4250737534,Processing S.R.L.,"Calea Dorobanți 62, 30000 Port City, Romania",Romania,clothing
LU1294150293,Ettelbruck Modern Food S.A.,"Rue Notre-Dame 85, 30000 Port City, Luxembourg",Luxembourg,No preference
RU9700030835,Hydration Refreshment,"Arbat Street 130, 443000 Samara, Russia",Russia,beverages
KR3676404866,Distribution Industries,"Teheran-ro 92, 40000 Trade City, South Korea",South Korea,"electronics, medical"
MX1743866742,Style Style,"Avenida Reforma 62, 30000 Port City, Mexico",Mexico,clothing
CZ7243945896,Fluid Professional Brew,"Jindřišská 165, 30000 Port City, Czech Republic",Czech Republic,beverages
KR5028327682,Incheon Wholesale,"Gangnam-daero 43, 20000 Central City, South Korea",South Korea,medical
CA8957522141,Food Food LLP,"Elgin Street 54, 20000 Central City, Canada",Canada,food
PT3800879094,Print Sheet,"Avenida Almirante Reis 89, 50000 Commerce City, Portugal",Portugal,"clothing, paper"
FI3586334091,Print Enterprises,"Kalevankatu 192, 20000 Central City, Finland",Finland,paper
ID5428721907,Palembang Garden Enterprises,"Jalan Ahmad Yani 72, 50000 Commerce City, Indonesia",Indonesia,produce
FR8959316692,Therapeutic Culinary Diet,"Rue Victor Hugo 86, 31000 Toulouse, France",France,"food, medical"
GB3120089284,Luxury Solutions,"School Lane 73, NE1 1AD Newcastle, United Kingdom",United Kingdom,"beverages, luxury"
IT6752761170,Upscale SAS,"Via Garibaldi 95, 20121 Milan, Italy",Italy,luxury
RO9250533737,Farm Premium Crop,"Calea Victoriei 172, 20000 Central City, Romania",Romania,produce
TH4674527691,Nakhon Ratchasima Food Gourmet Group,"Ratchadamri Road 160, 40000 Trade City, Thailand",Thailand,food
FR6559804314,Consulting SCA,"Boulevard Saint-Michel 98, 13001 Marseille, France",France,medical
RU5402623262,Processing OAO,"Liteyny Prospekt 182, 443000 Samara, Russia",Russia,raw_materials
FR5376473247,Life Groupe,"Rue Pasteur 30, 44000 Nantes, France",France,"cosmetics, medical"
GB9187952680,Elegant LLC,"Church Road 184, G1 1QN Glasgow, United Kingdom",United Kingdom,luxury
NL9371705817,Almere Formula Industries,"Dorpsstraat 191, 2511 The Hague, Netherlands",Netherlands,chemicals
TH8095399111,Toy Professional Export,"Khao San Road 21, 50000 Commerce City, Thailand",Thailand,"produce, toys"
IT7254074758,Select Elegant SpA,"Piazza Duomo 3, 00100 Rome, Italy",Italy,"food, luxury"
MX5739626062,Leisure Swift Shipping,"Calle Hidalgo 129, 40000 Trade City, Mexico",Mexico,toys
RU6989807553,Fluid Retail,"Arbat Street 83, 101000 Moscow, Russia",Russia,beverages
DE2986087809,Munich Food GbR,"Kirchstraße 12, 70173 Stuttgart, Germany",Germany,No preference
US2617990428,Training Performance Electronic,"Washington Street 131, 95101 San Jose, USA",USA,"electronics, sports"
US7889840892,Chicago Fluid Inc.,"Oak Street 131, 85001 Phoenix, USA",USA,beverages
BR1961619242,Brazilian Liquid Refreshment Grupo,"Rua Rio de Janeiro 94, 69000-000 Manaus, Brazil",Brazil,beverages
CN8732930686,Shenzhen Fun,"Xingfu Road 184, 210000 Nanjing, China",China,toys
CN4106019391,Material International,"Zhongshan Road 191, 100000 Beijing, China",China,raw_materials
CY1886176238,Produce Energetic Fresh Enterprises,"Stasikratous Street 122, 10000 Capital City, Cyprus",Cyprus,produce
RO3389455971,Resource Engineering Inc.,"Calea Victoriei 149, 40000 Trade City, Romania",Romania,raw_materials
CN3199179121,Shenzhen Electronic Tech,"Jiefang Road 186, 200000 Shanghai, China",China,electronics
DE6296928397,Hamburg Universal Computing UG,"Bahnhofstraße 78, 60311 Frankfurt, Germany",Germany,electronics
TH8431013666,Hat Yai Gastro International,"Yaowarat Road 104, 20000 Central City, Thailand",Thailand,"electronics, food"
AE7160820681,Sharjah Retail,"Sheikh Zayed Road 89, 50000 Commerce City, United Arab Emirates",United Arab Emirates,luxury
CN7011300728,Recreation Fun Corporation,"Heping Road 77, 510000 Guangzhou, China",China,toys
FR1373794889,Montpellier Gastro International,"Rue Pasteur 98, 33000 Bordeaux, France",France,"food, luxury"
BR8475624369,Curitiba Professional Industries S/A,"Rua das Flores 28, 90000-000 Porto Alegre, Brazil",Brazil,"food, produce"
EE1848314813,Gadget Computing Shop OÜ,"Müürivahe tänav 18, 40000 Trade City, Estonia",Estonia,electronics
TH3586943343,Pak Kret Device,"Silom Road 45, 40000 Trade City, Thailand",Thailand,electronics
HU3241645514,Miskolc Nutrition Shipping Group,"Bartók Béla út 178, 30000 Port City, Hungary",Hungary,"electronics, food"
ID5743594889,Bandung Produce Service,"Jalan Sudirman 21, 20000 Central City, Indonesia",Indonesia,"produce, raw_materials"
IN8331090945,Remedy Group,"Park Street 87, 560001 Bangalore, India",India,"chemicals, medical"
FI7812337613,Comfort Lifestyle Enterprises,"Tehtaankatu 121, 10000 Capital City, Finland",Finland,household
DE3532578715,Device Trade Electronic GmbH,"Dorfstraße 132, 40213 Düsseldorf, Germany",Germany,"electronics, household"
DE8392106281,Deutsch Computing,"Kirchstraße 132, 45127 Essen, Germany",Germany,electronics
PL6235719441,Wrocław Diet Taste,"Warszawska 130, 70-001 Szczecin, Poland",Poland,food
CA2093747847,Material Origin,"Elgin Street 156, 20000 Central City, Canada",Canada,"paper, raw_materials"
KR4611150515,Daejeon Compound International,"Eulji-ro 87, 30000 Port City, South Korea",South Korea,chemicals
IE4129005354,Ireland United Wholesale Industries,"Baggot Street 165, 30000 Port City, Ireland",Ireland,No preference
BR4625639863,Brasília Fluid,"Rua Rio de Janeiro 194, 50000-000 Recife, Brazil",Brazil,"beverages, produce"
US9578859780,Tech Corp.,"Lincoln Avenue 167, 92101 San Diego, USA",USA,"beverages, medical"
FR8641810409,French Therapeutic SA,"Rue Pasteur 16, 33000 Bordeaux, France",France,"cosmetics, medical"
SE7532243279,Örebro House Living,"Sveagatan 122, 582 22 Linköping, Sweden",Sweden,household
US5073408648,Philadelphia Sophisticated Premium,"Highland Avenue 200, 60601 Chicago, USA",USA,"luxury, sports"
DE6173942150,Deutsch Fine React GmbH,"Schulstraße 141, 10115 Berlin, Germany",Germany,"chemicals, electronics"
FR9254821782,Prestige Holding,"Boulevard Saint-Michel 90, 75001 Paris, France",France,"food, luxury"
BR8220655155,Harvest Holdings,"Rua Santos Dumont 190, 50000-000 Recife, Brazil",Brazil,"clothing, produce"
ES4808060782,Garment Garment Apparel,"Trade Street 130, 20000 Central City, Spain",Spain,clothing
BR5773569397,Diet Taste Diet Holdings,"Rua Copacabana 53, 70000-000 Brasília, Brazil",Brazil,food
GB3485424146,Process Future Fine,"Park Road 47, LS1 1UR Leeds, United Kingdom",United Kingdom,"chemicals, luxury"
LT2192029389,Process Element,"Pylimo gatvė 79, 50000 Commerce City, Lithuania",Lithuania,chemicals
CA7735168301,Processing Holdings,"Portage Avenue 79, 40000 Trade City, Canada",Canada,food
JP7213404215,Trading Enterprises,"Omotesando 172, 460-0008 Nagoya, Japan",Japan,"medical, toys"
ID6002066515,Wear Globe Couture,"Jalan Thamrin 198, 20000 Central City, Indonesia",Indonesia,clothing
CN2454757008,Digital Enterprises,"Xinhua Street 195, 430000 Wuhan, China",China,electronics
JP1619530409,Device YK,"Sakura-dori 72, 330-0001 Saitama, Japan",Japan,electronics
NL6878098571,Cultivate Industries,"Julianastraat 16, 5611 Eindhoven, Netherlands",Netherlands,produce
BE3406274141,Premium Retail BVBA,"Rue Royale 185, 40000 Trade City, Belgium",Belgium,luxury
JP8770448969,Prestige Enterprises,"Takeshita-dori 97, 600-8008 Kyoto, Japan",Japan,luxury
CN8247621112,Game Corporation,"Xingfu Road 165, 610000 Chengdu, China",China,"electronics, toys"
ZA5765378135,Liquid Thirst Trading,"Adderley Street 14, 50000 Commerce City, South Africa",South Africa,"beverages, produce"
JP6154110334,Med International,"Kappabashi-dori 88, 330-0001 Saitama, Japan",Japan,medical
US5525838053,Beverage Group,"Highland Avenue 88, 77001 Houston, USA",USA,luxury
AU6774081622,Beverage Limited,"Collins Street 165, 20000 Central City, Australia",Australia,beverages
ES2634361278,Stitch Tech Style,"Industrial Lane 93, 10000 Capital City, Spain",Spain,clothing
AE4052666261,Cosmetic Enterprises,"Al Rigga Road 9, 40000 Trade City, United Arab Emirates",United Arab Emirates,cosmetics
CA2361357590,Life LP,"Yonge Street 108, 40000 Trade City, Canada",Canada,medical
CZ5434732234,Habitat Export,"Karlova 68, 10000 Capital City, Czech Republic",Czech Republic,household
JP5688498350,Hobby Beverage,"Sakura-dori 2, 530-0001 Osaka, Japan",Japan,toys
CA3843872813,Calgary Professional Origin Inc.,"Robson Street 29, 50000 Commerce City, Canada",Canada,raw_materials
CN3462521827,Guangzhou Textile Manufacturing Limited,"Yongxing Street 117, 430000 Wuhan, China",China,"clothing, household"
BG6397356123,Plovdiv Apparel,"Tsar Shishman Street 197, 10000 Capital City, Bulgaria",Bulgaria,"clothing, produce"
CN8064629645,Home Trading,"Jianguo Road 2, 518000 Shenzhen, China",China,household
IT4395616129,Italia Delicacy,"Corso Italia 9, 00100 Rome, Italy",Italy,"food, furniture"
NO7019139112,Stavanger Distribution KS,"Ringveien 103, 7010 Trondheim, Norway",Norway,medical
IT2341287879,Bologna Diet Food Group,"Via Dante 61, 20121 Milan, Italy",Italy,"clothing, food"
CA2908819491,Edmonton Vital,"St Catherine Street 168, 10000 Capital City, Canada",Canada,medical
ID8771367952,Semarang Fabric Group,"Jalan Sudirman 122, 50000 Commerce City, Indonesia",Indonesia,"clothing, luxury"
GB9103829681,Luxury Royal Sophisticated,"Main Street 80, M1 1AE Manchester, United Kingdom",United Kingdom,"chemicals, luxury"
TR9093789335,Thread Wear Wear Holding,"Atatürk Bulvarı 61, 40000 Trade City, Turkey",Turkey,clothing
CN4337807148,Shanghai Residence Furniture,"Guangming Road 94, 400000 Chongqing, China",China,household
US5673534377,Motion Exercise Holdings,"Jefferson Street 183, 19101 Philadelphia, USA",USA,sports
SG6671453143,Jurong Sophisticated,"Marina Bay 151, 50000 Commerce City, Singapore",Singapore,"chemicals, luxury"
ID5866680370,Export International,"Jalan Thamrin 146, 40000 Trade City, Indonesia",Indonesia,"luxury, toys"
IN3548687136,Thread Natural Style,"Nehru Road 169, 700001 Kolkata, India",India,"chemicals, clothing"
MX8416844680,Fashion Apparel,"Avenida Universidad 73, 30000 Port City, Mexico",Mexico,clothing
PL3092673613,Diet Taste Transport,"Mickiewicza 120, 85-001 Bydgoszcz, Poland",Poland,food
SE9817304946,Gadget Electro Smart Group,"Ringvägen 81, 582 22 Linköping, Sweden",Sweden,electronics
JP8278837449,Prestige Elite Service Holdings,"Nakamise-dori 72, 530-0001 Osaka, Japan",Japan,luxury
CN4099034197,Device Resource Transport Group,"Dongfeng Road 45, 300000 Tianjin, China",China,"electronics, raw_materials"
LT6062735515,Substance International,"Pylimo gatvė 168, 10000 Capital City, Lithuania",Lithuania,chemicals
VN9577850970,Circuit Chip Computing,"Cach Mang Thang Tam Street 63, 10000 Capital City, Vietnam",Vietnam,electronics
GB4608959094,London World Wear,"Victoria Road 14, EH1 1YT Edinburgh, United Kingdom",United Kingdom,"beverages, clothing"
EE5970745881,Furnish Wood International,"Lai tänav 87, 40000 Trade City, Estonia",Estonia,furniture
TR5773269287,Antalya Gastro Food,"Gazi Mustafa Kemal Bulvarı 110, 50000 Commerce City, Turkey",Turkey,"food, produce"
VN8419871455,"Stitch Thread Co., Ltd.","Ly Tu Trong Street 167, 10000 Capital City, Vietnam",Vietnam,clothing
IT6588874123,Rome Decor,"Via Garibaldi 1, 90133 Palermo, Italy",Italy,furniture
BR9578884444,Style Fashion Beverage Indústrias,"Avenida Paulista 186, 50000-000 Recife, Brazil",Brazil,"beverages, clothing"
ID2324198792,Tangerang Origin,"Jalan Asia Afrika 147, 20000 Central City, Indonesia",Indonesia,raw_materials
US9760630662,Tech Holdings,"Sunset Boulevard 126, 78201 San Antonio, USA",USA,sports
TH6278151781,Pak Kret Circuit Group,"Yaowarat Road 126, 20000 Central City, Thailand",Thailand,electronics
SG4771612502,Bedok Solution Furniture LLP,"Serangoon Road 94, 40000 Trade City, Singapore",Singapore,"chemicals, household"
BR9790774839,Brazilian Bottle S/A,"Rua Copacabana 132, 70000-000 Brasília, Brazil",Brazil,beverages
VN8414102181,Can Tho Style,"Tran Hung Dao Street 152, 40000 Trade City, Vietnam",Vietnam,clothing
SG4465119739,Shop Industries,"Bras Basah Road 64, 20000 Central City, Singapore",Singapore,"household, luxury"
IT1003957557,Decor National Interior,"Via Milano 108, 20121 Milan, Italy",Italy,furniture
DE5272047997,Deutsch Vital,"Hauptstraße 135, 50667 Cologne, Germany",Germany,"electronics, medical"
FR5374631074,Luxury SARL,"Rue des Écoles 30, 67000 Strasbourg, France",France,"beverages, luxury"
CN5962114799,Chongqing Fashion Thread,"Jianguo Road 17, 610000 Chengdu, China",China,clothing
TR9942155842,Konya Technologies International,"Abdi İpekçi Caddesi 39, 40000 Trade City, Turkey",Turkey,"clothing, household"
IT7152793984,Nutrition Beverage,"Via Dante 195, 40121 Bologna, Italy",Italy,food
CN8428794253,Couture Industries,"Jianguo Road 76, 518000 Shenzhen, China",China,clothing
JP6367328793,Tokyo Pro Beverage,"Omotesando 105, 530-0001 Osaka, Japan",Japan,No preference
AT6765749477,Linz Drink,"Mariahilfer Straße 54, 40000 Trade City, Austria",Austria,beverages
US2279670690,Computing Logistics,"Main Street 123, 78201 San Antonio, USA",USA,electronics
CN9717834671,Shanghai Service Corporation,"Jiefang Road 119, 430000 Wuhan, China",China,raw_materials
AU7572566757,Liquid Brew,"Oxford Street 142, 30000 Port City, Australia",Australia,beverages
IN8719183795,Pune Exclusive Pvt. Ltd.,"Chandni Chowk 155, 302001 Jaipur, India",India,luxury
CN2167601223,Tianjin Toy,"Guangming Road 116, 400000 Chongqing, China",China,toys
MT7846431018,Vital Vital,"Triq San Ġwann 177, 40000 Trade City, Malta",Malta,medical
TR9602236528,Garment Enterprises,"Halaskargazi Caddesi 168, 50000 Commerce City, Turkey",Turkey,clothing
IT8987411159,Beverage SNC,"Via Marconi 94, 20121 Milan, Italy",Italy,"clothing, furniture"
DE5749549430,Domestic eG,"Bahnhofstraße 85, 60311 Frankfurt, Germany",Germany,household
RU6527394765,Manufacturing Enterprises,"Nevsky Prospekt 32, 190000 Saint Petersburg, Russia",Russia,beverages
CA5304124922,Document Enterprises,"Bloor Street 135, 50000 Commerce City, Canada",Canada,paper
PT6888822523,Apparel Wear Textile International,"Avenida da República 139, 40000 Trade City, Portugal",Portugal,clothing
RO8510694849,Service Enterprises,"Bulevardul Carol I 76, 20000 Central City, Romania",Romania,"furniture, produce"
TR4604055078,Interior Group,"Atatürk Bulvarı 195, 40000 Trade City, Turkey",Turkey,household
CN9591689990,Electro Circuit Electro,"Dongfeng Road 174, 610000 Chengdu, China",China,"clothing, electronics"
JP8902351211,Sapporo Health,"Sakura-dori 91, 060-0001 Sapporo, Japan",Japan,medical
VN1441680847,Vietnam Digital,"Nguyen Hue Street 184, 30000 Port City, Vietnam",Vietnam,electronics
DE9682079915,Processing GbR,"Birkenweg 44, 50667 Cologne, Germany",Germany,"chemicals, medical"
TR4734822153,Garment Textile Wear Industries,"Bağdat Caddesi 134, 30000 Port City, Turkey",Turkey,clothing
FR5199654613,Service Holding,"Rue de Paris 193, 69001 Lyon, France",France,cosmetics
IT1610783617,Turin Garment Shop,"Via Verdi 89, 20121 Milan, Italy",Italy,"clothing, luxury"
CN6287639798,Chinese Furniture Group,"Heping Road 26, 430000 Wuhan, China",China,household
RU3106631393,Chelyabinsk Thirst Electronics,"Nevsky Prospekt 83, 190000 Saint Petersburg, Russia",Russia,beverages
PT3056237476,Wholesale Lda.,"Avenida da República 18, 50000 Commerce City, Portugal",Portugal,paper
PT5398379280,Coimbra Store,"Rua do Ouro 25, 10000 Capital City, Portugal",Portugal,"beverages, paper"
FR9645709306,Radiant Electronics,"Rue de la République 169, 33000 Bordeaux, France",France,"cosmetics, medical"
BR5033412456,Belo Horizonte Primary Retail S.A.,"Avenida Brasil 173, 60000-000 Fortaleza, Brazil",Brazil,"clothing, raw_materials"
US3592455419,Manufacturing Industries,"Broadway 88, 85001 Phoenix, USA",USA,medical
CN3894991108,Game Trading,"Guangming Road 115, 200000 Shanghai, China",China,"clothing, toys"
BR3476626386,Manaus Resource Transport Ltda.,"Avenida Atlântica 49, 40000-000 Salvador, Brazil",Brazil,"beverages, raw_materials"
ID8418559357,Medan Stitch Wear,"Jalan Malioboro 141, 20000 Central City, Indonesia",Indonesia,clothing
TR3727056634,Taste Flavor,"Istiklal Caddesi 16, 40000 Trade City, Turkey",Turkey,food
AU9170238167,Gastro Corporation,"George Street 133, 50000 Commerce City, Australia",Australia,"beverages, food"
PL8756385927,Poznań Rapid Culinary,"Gdańska 185, 00-001 Warsaw, Poland",Poland,food
BR8639628389,Garment Comércio,"Avenida Atlântica 55, 40000-000 Salvador, Brazil",Brazil,clothing
DE4107000778,Interior OHG,"Lindenstraße 140, 40213 Düsseldorf, Germany",Germany,household
IN9894996461,Gastro International,"Civil Lines 116, 700001 Kolkata, India",India,food
CN2108095863,Source Globe Store Limited,"Jiefang Road 23, 200000 Shanghai, China",China,"household, raw_materials"
JP4865400497,Yokohama Circuit,"Meiji-dori 46, 330-0001 Saitama, Japan",Japan,"electronics, toys"
DE6670808189,Electro Smart KGaA,"Hauptstraße 179, 60311 Frankfurt, Germany",Germany,electronics
DE8344801505,Köln Logistics,"Lindenstraße 86, 45127 Essen, Germany",Germany,"electronics, medical"
TR4839430677,Food Culinary,"Bağdat Caddesi 131, 50000 Commerce City, Turkey",Turkey,food
FR1561926886,Flavor Swift Food,"Avenue des Champs-Élysées 74, 44000 Nantes, France",France,"food, medical"
FR7024504783,Toulouse Electronics,"Rue de Paris 10, 06000 Nice, France",France,cosmetics
RU3747283564,Refreshment Basic OOO,"Liteyny Prospekt 23, 101000 Moscow, Russia",Russia,"beverages, raw_materials"
LT3664402075,Kaunas Formula Consulting,"Didžioji gatvė 166, 50000 Commerce City, Lithuania",Lithuania,chemicals
PL7468141089,Processing International,"Krakowska 89, 60-001 Poznań, Poland",Poland,"household, produce"
TH6274085057,Electro PCL,"Khao San Road 135, 30000 Port City, Thailand",Thailand,"electronics, toys"
DE8130361837,Cure AG,"Lindenstraße 106, 50667 Cologne, Germany",Germany,"chemicals, medical"
RU2173458405,Construction OAO,"Arbat Street 175, 443000 Samara, Russia",Russia,beverages
AT6314322104,Refreshment OG,"Mariahilfer Straße 43, 40000 Trade City, Austria",Austria,beverages
AE3728871482,Digital Textile,"Al Mankhool Road 133, 40000 Trade City, United Arab Emirates",United Arab Emirates,"beverages, electronics"
SK1373132162,Logistics k.s.,"Panská ulica 69, 10000 Capital City, Slovakia",Slovakia,household
CN1623309852,Tech Toy Recreation Enterprises,"Dongfeng Road 100, 430000 Wuhan, China",China,"electronics, toys"
KR7299896983,"Korean Circuit Co., Ltd.","Garosu-gil 128, 30000 Port City, South Korea",South Korea,electronics
RU2889045932,Russian United Trading PAO,"Sadovaya Street 91, 450000 Ufa, Russia",Russia,food
CN9836535699,Fundamental Royal Furniture,"Heping Road 111, 300000 Tianjin, China",China,"raw_materials, toys"
RU5912460173,Delicacy Edible,"Tverskaya Street 45, 101000 Moscow, Russia",Russia,food
BE1204682710,Element Molecular Substance,"Boulevard Anspach 43, 20000 Central City, Belgium",Belgium,chemicals
IN9432804546,Elegant Food Prestige Holdings,"Chandni Chowk 120, 400001 Mumbai, India",India,"food, luxury"
KR8298512163,Korean Food Corp.,"Eulji-ro 107, 50000 Commerce City, South Korea",South Korea,No preference
NO8412582406,Oslo Trade Shop Holding,"Fjordgata 154, 9008 Tromsø, Norway",Norway,No preference
DE7244939749,Chemical Formula GbR,"Waldstraße 11, 70173 Stuttgart, Germany",Germany,chemicals
LV7480638276,Valmiera Electronic,"Marijas iela 4, 50000 Commerce City, Latvia",Latvia,electronics
NO3212777747,Manufacturing Konsern,"Solveien 39, 5003 Bergen, Norway",Norway,No preference
GB4985734426,Beverage LLP,"Mill Lane 189, EH1 1YT Edinburgh, United Kingdom",United Kingdom,medical
CN3773296866,Natural Good Food Group,"Yongxing Street 87, 430000 Wuhan, China",China,raw_materials
TR4876833928,Solutions Holding,"İnönü Caddesi 174, 20000 Central City, Turkey",Turkey,No preference
IT9096631671,Italian Quick Tech Srl,"Piazza Duomo 186, 20121 Milan, Italy",Italy,"food, luxury"
LT2507194785,Mažeikiai Living International,"Pilies gatvė 85, 20000 Central City, Lithuania",Lithuania,"chemicals, furniture"
US5848417875,Training Global Performance,"Broadway 48, 75201 Dallas, USA",USA,"beverages, sports"
DE4095572481,Logistics GmbH,"Bahnhofstraße 188, 40213 Düsseldorf, Germany",Germany,household
AU6999189661,Brisbane Store,"Elizabeth Street 63, 20000 Central City, Australia",Australia,raw_materials
GB1502231722,Textile Fine Processing LLP,"Victoria Road 179, BS1 1DB Bristol, United Kingdom",United Kingdom,"clothing, luxury"
NL4996244047,Diet Taste Food BV,"Wilhelminastraat 96, 6511 Nijmegen, Netherlands",Netherlands,food
MX7196696935,Puebla Fluid Home,"Avenida Reforma 5, 40000 Trade City, Mexico",Mexico,"beverages, household"
BE5848250641,Belgian Logistics,"Chaussée d'Ixelles 158, 50000 Commerce City, Belgium",Belgium,No preference
PL3415586489,Logistics S.K.A.,"Wrocławska 90, 50-001 Wrocław, Poland",Poland,produce
NL9596413132,Utrecht Innovative Industries,"Kerkstraat 94, 4811 Breda, Netherlands",Netherlands,No preference
ZA8712485521,Beverage Textile,"Park Street 165, 30000 Port City, South Africa",South Africa,"beverages, luxury"
BR8566196880,Hydration Bottle Consulting S/A,"Rua das Flores 153, 60000-000 Fortaleza, Brazil",Brazil,beverages
FR1322104832,Liquid Network Logistics,"Rue des Écoles 98, 33000 Bordeaux, France",France,"beverages, cosmetics"
RU8271044879,Omsk A1 Brew OAO,"Kutuzovsky Prospekt 139, 450000 Ufa, Russia",Russia,beverages
SK7133025514,Trnava Better Fabric,"Laurinská ulica 63, 40000 Trade City, Slovakia",Slovakia,clothing
KR1240915238,Solutions Inc.,"Eulji-ro 25, 20000 Central City, South Korea",South Korea,No preference
CN4524736737,Chip LLC,"Jianguo Road 142, 210000 Nanjing, China",China,"electronics, household"
VN4796078317,"Joy Leisure Co., Ltd.","Le Loi Street 102, 30000 Port City, Vietnam",Vietnam,toys
MX3624333672,Quench Hydration Internacional,"Avenida Insurgentes 104, 30000 Port City, Mexico",Mexico,"beverages, food"
AU8052634075,Green Green Corporation,"William Street 169, 30000 Port City, Australia",Australia,produce
JP1312207702,Upscale Global Luxury Trading,"Meiji-dori 129, 650-0001 Kobe, Japan",Japan,luxury
TH2376354767,Udon Thani Universal Engineering,"Yaowarat Road 90, 20000 Central City, Thailand",Thailand,"food, toys"
BR2916736860,Brazilian Element,"Avenida Amazonas 187, 90000-000 Porto Alegre, Brazil",Brazil,"produce, raw_materials"
VN3990412745,Import Group,"Nguyen Trai Street 182, 40000 Trade City, Vietnam",Vietnam,toys
ES5808752281,World Royal Fabric,"Harbor Road 53, 40000 Trade City, Spain",Spain,clothing
SG1011714765,Import International,"Clarke Quay 86, 10000 Capital City, Singapore",Singapore,"chemicals, luxury"
FR1687959795,Toulouse Elite Fine,"Rue du Moulin 181, 34000 Montpellier, France",France,"luxury, medical"
US6138160284,Fine LLP,"Washington Street 7, 77001 Houston, USA",USA,"luxury, medical"
CN6989898351,Shanghai Joy Computing International,"Jianguo Road 48, 300000 Tianjin, China",China,"electronics, toys"
AT7217991282,Graz Prestige GmbH,"Ringstraße 17, 10000 Capital City, Austria",Austria,"beverages, luxury"
AT4894983458,Electronics KG,"Graben 11, 50000 Commerce City, Austria",Austria,food
DE3108410196,Stuttgart Life Cure UG,"Kirchstraße 185, 44135 Dortmund, Germany",Germany,"electronics, medical"
BR8089291783,Brazilian Expert Green,"Rua Copacabana 120, 70000-000 Brasília, Brazil",Brazil,"beverages, produce"
GB9760043705,Fine Construction,"Park Road 28, B1 1BB Birmingham, United Kingdom",United Kingdom,luxury
KR5296102207,Chemical Enterprises,"Jongno 32, 20000 Central City, South Korea",South Korea,chemicals
PL9960638035,Furnish Industries,"Krakowska 17, 40-001 Katowice, Poland",Poland,"furniture, produce"
HU3426535499,Computing Kft.,"Kerepesi út 143, 50000 Commerce City, Hungary",Hungary,electronics
DE6737438747,React Export,"Kirchstraße 57, 04109 Leipzig, Germany",Germany,chemicals
BR2431285994,Industries Indústrias,"Rua das Flores 137, 69000-000 Manaus, Brazil",Brazil,clothing
BE7398648450,Liège Innovative Exclusive International,"Rue Antoine Dansaert 124, 30000 Port City, Belgium",Belgium,luxury
AT7554344012,Villach Construction Group,"Wollzeile 179, 10000 Capital City, Austria",Austria,No preference
LU8406158052,Ettelbruck Remedy Furniture Enterprises,"Boulevard Franklin D. Roosevelt 55, 30000 Port City, Luxembourg",Luxembourg,medical
US9474732353,San Antonio Allied Store,"Jefferson Street 164, 90001 Los Angeles, USA",USA,"electronics, medical"
CZ4073965834,České Budějovice Discount Manufacturing a.s.,"Pařížská 122, 30000 Port City, Czech Republic",Czech Republic,No preference
MX6773229049,Mérida Habitat Empresas,"Calle Hidalgo 61, 50000 Commerce City, Mexico",Mexico,household
BE5722703949,React International,"Rue Neuve 71, 50000 Commerce City, Belgium",Belgium,"chemicals, luxury"
ID5070567619,Jakarta Active Garden,"Jalan Malioboro 191, 40000 Trade City, Indonesia",Indonesia,"produce, toys"
AT8979287418,Wellbeing Assist Vital KG,"Wollzeile 107, 10000 Capital City, Austria",Austria,medical
CN1178476948,Joy Beverage Limited,"Yongxing Street 10, 200000 Shanghai, China",China,toys
ID2911979713,Surabaya Upscale Systems,"Jalan Diponegoro 177, 30000 Port City, Indonesia",Indonesia,luxury
AU8314234603,Australia Raw Wholesale,"Market Street 76, 40000 Trade City, Australia",Australia,raw_materials
CZ8258588296,Bottle Drink International,"Celetná 4, 30000 Port City, Czech Republic",Czech Republic,"beverages, household"
ID1062440902,Couture Connect Food Corporation,"Jalan Pahlawan 64, 20000 Central City, Indonesia",Indonesia,"clothing, produce"
SE2971608803,Swedish Dynamic Import Group,"Nygatan 200, 411 08 Gothenburg, Sweden",Sweden,"electronics, household"
SE7106052587,Source Koncern,"Järnvägsgatan 139, 252 21 Helsingborg, Sweden",Sweden,"electronics, raw_materials"
TR3334200769,Izmir Farm,"Atatürk Bulvarı 21, 20000 Central City, Turkey",Turkey,produce
DE5930217252,Essen Health Care,"Waldstraße 87, 50667 Cologne, Germany",Germany,medical
IT3104931479,Bottle Power Liquid,"Piazza Duomo 86, 10121 Turin, Italy",Italy,"beverages, clothing"
SE3764930908,Stockholm Allied Write,"Skolgatan 36, 703 61 Örebro, Sweden",Sweden,paper
RU2666076869,Retail ZAO,"Tverskaya Street 178, 620000 Yekaterinburg, Russia",Russia,No preference
NL7555411814,Molecular Process Beverage,"Kerkstraat 136, 5038 Tilburg, Netherlands",Netherlands,chemicals
JP8609705604,Kobe First Construction,"Nakamise-dori 112, 060-0001 Sapporo, Japan",Japan,No preference
TH4330452050,Thailand Joy Construction,"Phra Athit Road 52, 10000 Capital City, Thailand",Thailand,"electronics, toys"
CZ6305176960,Bottle Holding,"Jindřišská 67, 30000 Port City, Czech Republic",Czech Republic,"beverages, electronics"
ID7838113794,Recreation Play,"Jalan Malioboro 195, 50000 Commerce City, Indonesia",Indonesia,toys
TH2613320164,Export Inc.,"Phetchaburi Road 123, 40000 Trade City, Thailand",Thailand,"clothing, produce"
DE2610508568,Chemical Process,"Lindenstraße 192, 20095 Hamburg, Germany",Germany,chemicals
AT2547017575,Elite Elite Enterprises,"Graben 5, 50000 Commerce City, Austria",Austria,luxury
MX5847237635,Hydration Wholesale,"Paseo de la Reforma 39, 40000 Trade City, Mexico",Mexico,beverages
CN3928963877,Guangzhou Resource,"Renmin Road 163, 200000 Shanghai, China",China,raw_materials
TH9723826842,Retail Industries,"Silom Road 75, 40000 Trade City, Thailand",Thailand,"food, produce"
VN7535112590,Hobby International,"Pham Ngu Lao Street 94, 10000 Capital City, Vietnam",Vietnam,"food, toys"
PL8663023707,Bydgoszcz Taste Farm,"Piłsudskiego 152, 85-001 Bydgoszcz, Poland",Poland,"food, produce"
JP8617392667,Osaka Smart Fun,"Showa-dori 84, 100-0001 Tokyo, Japan",Japan,"medical, toys"
DE9854427285,Living Habitat OHG,"Waldstraße 31, 04109 Leipzig, Germany",Germany,"household, medical"
IN6258777951,Wellbeing Enterprises,"Civil Lines 149, 560001 Bangalore, India",India,medical
SG1965704898,Tampines Clean Lifestyle Industries,"Orchard Road 28, 30000 Port City, Singapore",Singapore,household
US3725411242,Refreshment Group,"Oak Street 97, 95101 San Jose, USA",USA,"beverages, medical"
RU8906497191,Russian Shipping,"Liteyny Prospekt 100, 443000 Samara, Russia",Russia,No preference
DE2583430720,Munich Active Manufacturing,"Dorfstraße 59, 40213 Düsseldorf, Germany",Germany,"electronics, medical"
TH4322690772,Bangkok Fabric Corporation,"Rama IV Road 10, 30000 Port City, Thailand",Thailand,"clothing, produce"
GB6831248724,Glasgow Systems International,"King Street 84, SW1A 1AA London, United Kingdom",United Kingdom,beverages
IT4029811048,Milan Combined Beverage Enterprises,"Corso Italia 2, 16121 Genoa, Italy",Italy,"beverages, food"
HR5150983544,Apparel d.d.,"Masarykova 199, 30000 Port City, Croatia",Croatia,clothing
NO1875234668,Systems Konsern,"Kongsveien 78, 9008 Tromsø, Norway",Norway,No preference
TR2291721810,Flavor Food Koll. Şti.,"Istiklal Caddesi 107, 10000 Capital City, Turkey",Turkey,food
JP3077510047,Fun Vital,"Sakura-dori 169, 210-0001 Kawasaki, Japan",Japan,"medical, toys"
JP1398383396,Premium Sophisticated,"Takeshita-dori 189, 100-0001 Tokyo, Japan",Japan,luxury
CN2404144841,Comfort Industries,"Xinhua Street 7, 523000 Dongguan, China",China,household
BR5074342125,Manaus Garment,"Avenida Amazonas 178, 69000-000 Manaus, Brazil",Brazil,"clothing, food"
ID5277242896,Medan Basic Engineering Trading,"Jalan Gatot Subroto 9, 30000 Port City, Indonesia",Indonesia,"produce, raw_materials"
TR8457268473,Gourmet Comfort Trading,"Gazi Mustafa Kemal Bulvarı 35, 40000 Trade City, Turkey",Turkey,"food, household"
BG5437408165,Burgas Technologies Industries,"Vitosha Boulevard 28, 30000 Port City, Bulgaria",Bulgaria,"food, raw_materials"
DE6053619892,Formula Partner Molecular,"Bahnhofstraße 191, 60311 Frankfurt, Germany",Germany,chemicals
IE8990836982,Swords Quality Remedy Inc.,"Leeson Street 25, 10000 Capital City, Ireland",Ireland,medical
MX3991852680,Mexican Drink Brew,"Avenida Reforma 131, 20000 Central City, Mexico",Mexico,beverages
DE1975825735,Element AG,"Birkenweg 11, 20095 Hamburg, Germany",Germany,"chemicals, household"
IT4659742211,Style Srl,"Via Mazzini 91, 10121 Turin, Italy",Italy,clothing
ID7960151550,Indonesian Fundamental Consulting,"Jalan Pemuda 163, 10000 Capital City, Indonesia",Indonesia,"raw_materials, toys"
US8334487690,Performance Sport Food,"Park Avenue 173, 60601 Chicago, USA",USA,sports
CN1241476873,Thread Thread Engineering Limited,"Heping Road 65, 210000 Nanjing, China",China,clothing
DE1532103885,Export OHG,"Waldstraße 20, 45127 Essen, Germany",Germany,medical
CN6293867361,Dongguan Origin LLC,"Xingfu Road 144, 430000 Wuhan, China",China,raw_materials
PL7122762792,Cultivate Cultivate S.K.A.,"Poznańska 159, 90-001 Łódź, Poland",Poland,produce
ES8357405888,Global Trading,"Main Street 148, 50000 Commerce City, Spain",Spain,food
IE2300725968,Thirst Industries Industries,"Baggot Street 113, 40000 Trade City, Ireland",Ireland,beverages
ZA9050970105,Hydration Trading,"Oxford Road 41, 30000 Port City, South Africa",South Africa,"beverages, luxury"
PL8552462195,Material S.A.,"Gdańska 24, 70-001 Szczecin, Poland",Poland,"produce, raw_materials"
FR6539810853,Consulting SAS,"Rue Victor Hugo 96, 13001 Marseille, France",France,"cosmetics, food"
CN2905921322,Raw Export Holdings,"Guangming Road 28, 518000 Shenzhen, China",China,raw_materials
RU8935842334,Resource Primary Enterprises,"Leninsky Prospekt 3, 344000 Rostov-on-Don, Russia",Russia,raw_materials
AU4738180152,Trading Trading,"King Street 59, 10000 Capital City, Australia",Australia,food
SG5768489573,Hougang Bio Health Industries,"Arab Street 61, 50000 Commerce City, Singapore",Singapore,"electronics, medical"
ES5162128273,Couture Enterprises,"Main Street 104, 10000 Capital City, Spain",Spain,clothing
KR3798132918,React Inc.,"Garosu-gil 129, 50000 Commerce City, South Korea",South Korea,"chemicals, electronics"
RU2921619376,Russian Shipping Trading,"Bolshaya Morskaya Street 150, 344000 Rostov-on-Don, Russia",Russia,No preference
BE1991767171,Fine SPRL,"Avenue Louise 36, 10000 Capital City, Belgium",Belgium,"beverages, luxury"
JP3983456023,Systems Corporation,"Sakura-dori 75, 330-0001 Saitama, Japan",Japan,"electronics, luxury"
IE2422090189,Service Industries,"Capel Street 139, 30000 Port City, Ireland",Ireland,No preference
BR7254376736,Tech Empreendimentos,"Rua São Paulo 59, 40000-000 Salvador, Brazil",Brazil,"beverages, raw_materials"
FI1497940360,Smart Computing,"Esplanadi 126, 40000 Trade City, Finland",Finland,electronics
EE6874008099,Furnish Design Decor Group,"Müürivahe tänav 77, 20000 Central City, Estonia",Estonia,furniture
SK5961268321,Interior Domestic,"Hlavné námestie 49, 50000 Commerce City, Slovakia",Slovakia,household
RU7389940683,Novosibirsk Standard Systems OAO,"Liteyny Prospekt 120, 620000 Yekaterinburg, Russia",Russia,food
GB5286774320,Fabric Textile Thread,"High Street 68, B1 1BB Birmingham, United Kingdom",United Kingdom,"beverages, clothing"
SI8080115266,Trading Group,"Trubarjeva cesta 142, 20000 Central City, Slovenia",Slovenia,No preference
FR6148848253,Tech Holding,"Rue des Écoles 99, 31000 Toulouse, France",France,"beverages, food"
HU3755944496,Győr International Processing Bt.,"Andrássy út 130, 20000 Central City, Hungary",Hungary,"beverages, food"
BR1105882152,Garment S/A,"Rua Santos Dumont 80, 70000-000 Brasília, Brazil",Brazil,"clothing, produce"
GR4709666935,Greece Liquid Thirst Group,"Aiolou Street 111, 30000 Port City, Greece",Greece,beverages
MX2502349980,Interior Empresas,"Avenida Universidad 47, 40000 Trade City, Mexico",Mexico,"household, toys"
KR3570350903,Med Electronics,"Gwanghwamun-gil 24, 30000 Port City, South Korea",South Korea,"chemicals, medical"
GR6437299062,Garment Fashion Group,"Voukourestiou Street 33, 10000 Capital City, Greece",Greece,clothing
US9598433757,Chip Holdings,"Jefferson Street 42, 90001 Los Angeles, USA",USA,electronics
ID5559260840,Natural Processing,"Jalan Pemuda 24, 40000 Trade City, Indonesia",Indonesia,raw_materials
VN7523329381,Vietnam Service Industries,"Cach Mang Thang Tam Street 81, 30000 Port City, Vietnam",Vietnam,clothing
KR4230490578,Dwelling House Electronics,"Teheran-ro 69, 40000 Trade City, South Korea",South Korea,"household, medical"
US2667794251,Los Angeles Electronics,"Jefferson Street 149, 77001 Houston, USA",USA,"beverages, electronics"
BR2446323335,Flavor Grupo,"Rua Santos Dumont 116, 69000-000 Manaus, Brazil",Brazil,"clothing, food"
VN1538044259,Ho Chi Minh Top Decor,"Tran Hung Dao Street 174, 50000 Commerce City, Vietnam",Vietnam,furniture
PL4194597986,Bydgoszcz Food Sp. k.,"Słowackiego 193, 60-001 Poznań, Poland",Poland,"food, raw_materials"
US2243277971,US Electronic,"Oak Street 151, 78201 San Antonio, USA",USA,electronics
FI6249701362,Oulu Tech Group,"Mannerheimintie 184, 30000 Port City, Finland",Finland,electronics
US2351351039,Digital International,"Broadway 2, 60601 Chicago, USA",USA,electronics
CN5174090416,Leisure Circuit Computing,"Heping Road 128, 510000 Guangzhou, China",China,"electronics, toys"
BR7307173065,Salvador Material,"Rua Santos Dumont 110, 60000-000 Fortaleza, Brazil",Brazil,"food, raw_materials"
FR1077304240,French Market,"Rue Victor Hugo 79, 31000 Toulouse, France",France,"luxury, medical"
TR6753873294,Konya Retail Holding,"İnönü Caddesi 154, 30000 Port City, Turkey",Turkey,produce
GB1910736834,Fashion Tech Group,"Station Road 170, B1 1BB Birmingham, United Kingdom",United Kingdom,"clothing, medical"
NO6122292995,Solutions AS,"Kirkegata 183, 4611 Kristiansand, Norway",Norway,electronics
PL6112450733,Szczecin Resource,"Warszawska 4, 30-001 Kraków, Poland",Poland,"produce, raw_materials"
TR1822319025,Flavor Budget Culinary,"Cumhuriyet Caddesi 65, 10000 Capital City, Turkey",Turkey,"food, household"
TH2275396474,"Gourmet Industries Co., Ltd.","Ratchaprasong Road 24, 20000 Central City, Thailand",Thailand,"clothing, food"
VN6318455479,Diet Diet,"Hai Ba Trung Street 113, 40000 Trade City, Vietnam",Vietnam,"clothing, food"
JP5917622576,Electronic Joy,"Heiwa-dori 145, 650-0001 Kobe, Japan",Japan,"electronics, toys"
FI6965671245,Comfort Service Residence,"Museokatu 74, 20000 Central City, Finland",Finland,household
BR9224342659,Brazilian Swift Market Indústrias,"Avenida Amazonas 91, 60000-000 Fortaleza, Brazil",Brazil,produce
NL9930866277,Utrecht React Compound,"Hoofdstraat 17, 1315 Almere, Netherlands",Netherlands,chemicals
FI4404943035,Digital Chip Gadget,"Tehtaankatu 170, 20000 Central City, Finland",Finland,electronics
PL1180784576,Natural Material Basic Industries,"Piłsudskiego 80, 40-001 Katowice, Poland",Poland,raw_materials
IE7729098480,Ireland Secure Gourmet,"Grafton Street 49, 50000 Commerce City, Ireland",Ireland,food
IE5413888029,Drink Drink Beverage Ltd,"Dawson Street 114, 50000 Commerce City, Ireland",Ireland,beverages
US4259590424,Chip Chip Distribution Holdings,"Lincoln Avenue 91, 95101 San Jose, USA",USA,electronics
TR1426194630,Organic Crop,"Cumhuriyet Caddesi 151, 20000 Central City, Turkey",Turkey,produce
CZ1444265464,Chip International,"Václavské náměstí 44, 30000 Port City, Czech Republic",Czech Republic,electronics
ES4684632608,Textile Apparel Ltd,"Central Avenue 98, 40000 Trade City, Spain",Spain,clothing
IT4100609077,Culinary Delicacy Delicacy,"Via Dante 154, 20121 Milan, Italy",Italy,"food, luxury"
BR2333302150,Resource S/A,"Avenida Paulista 70, 50000-000 Recife, Brazil",Brazil,"beverages, raw_materials"
CZ2719381648,Czech Trading,"Celetná 150, 50000 Commerce City, Czech Republic",Czech Republic,No preference
JP5868510456,Elite Holdings,"Sakura-dori 181, 330-0001 Saitama, Japan",Japan,luxury
TR3649981229,Stitch A.Ş.,"Vatan Caddesi 51, 10000 Capital City, Turkey",Turkey,clothing
JP6658655632,Kyoto Leisure,"Ginza 151, 330-0001 Saitama, Japan",Japan,toys
MX9510952234,Mexican Thread Internacional,"Avenida Juárez 22, 40000 Trade City, Mexico",Mexico,"clothing, household"
AU8823646146,Refreshment Refreshment,"Pitt Street 150, 10000 Capital City, Australia",Australia,beverages
CZ1254542151,Ostrava Network Industries Group,"Národní třída 87, 30000 Port City, Czech Republic",Czech Republic,No preference
FR5540359611,Strasbourg Fluid,"Rue Victor Hugo 101, 44000 Nantes, France",France,beverages
IT9136856079,Rome Sophisticated Elite,"Corso Italia 21, 70121 Bari, Italy",Italy,"furniture, luxury"
GR2201198581,Bottle Engineering,"Mitropoleos Street 110, 20000 Central City, Greece",Greece,beverages
AU4523812436,Bottle Refreshment Trading,"Market Street 84, 50000 Commerce City, Australia",Australia,beverages
CN9376784140,Origin Origin LLC,"Renmin Road 183, 300000 Tianjin, China",China,"clothing, raw_materials"
IE5111366466,Smart Circuit Smart,"Dame Street 126, 40000 Trade City, Ireland",Ireland,electronics
CA1174474007,Gourmet Tech Culinary,"Main Street 137, 30000 Port City, Canada",Canada,food
TH9631830003,Textile Garment Fashion Corporation,"Phetchaburi Road 34, 30000 Port City, Thailand",Thailand,"clothing, electronics"
JP2472281100,Elegant Therapeutic,"Sakura-dori 85, 100-0001 Tokyo, Japan",Japan,"luxury, medical"
SK2570379537,Fashion Trading,"Kamenné námestie 31, 30000 Port City, Slovakia",Slovakia,clothing
PL3702752651,Kraków Resource,"Mickiewicza 77, 40-001 Katowice, Poland",Poland,raw_materials
NL4297584712,Food Industries,"Kerkstraat 164, 5038 Tilburg, Netherlands",Netherlands,food
IE1172322491,Refreshment Systems,"Henry Street 124, 20000 Central City, Ireland",Ireland,beverages
CN6809519272,Comfort Living LLC,"Xingfu Road 127, 523000 Dongguan, China",China,"household, raw_materials"
PT8602712760,Amadora Crop Transport,"Rua Garrett 22, 10000 Capital City, Portugal",Portugal,produce
TR4083066746,Couture Eco Service Group,"Abdi İpekçi Caddesi 182, 10000 Capital City, Turkey",Turkey,"clothing, household"
CN9437769027,Style Joint Apparel,"Jianguo Road 37, 300000 Tianjin, China",China,clothing
ID5990177741,Semarang Advanced Organic Holdings,"Jalan Pemuda 18, 20000 Central City, Indonesia",Indonesia,produce
KR9432037086,Ulsan Chip Enterprises,"Insadong-gil 35, 50000 Commerce City, South Korea",South Korea,"chemicals, electronics"
RO2259774903,Source Element Service,"Strada Smârdan 134, 10000 Capital City, Romania",Romania,raw_materials
US3253249549,Circuit Smart Gadget LLP,"Park Avenue 23, 10001 New York, USA",USA,electronics
ID8843745863,Tangerang Natural Corporation,"Jalan Malioboro 128, 30000 Port City, Indonesia",Indonesia,"raw_materials, toys"
SG9367115543,Comfort Allied House,"Arab Street 4, 40000 Trade City, Singapore",Singapore,household
TR6191004361,Green Service,"Gazi Mustafa Kemal Bulvarı 43, 20000 Central City, Turkey",Turkey,produce
IN3353896540,Vital Therapeutic Group,"Civil Lines 76, 700001 Kolkata, India",India,medical
CN8830700185,Source Raw,"Dongfeng Road 89, 430000 Wuhan, China",China,"electronics, raw_materials"
JP6472185711,Consulting Trading,"Chuo-dori 33, 210-0001 Kawasaki, Japan",Japan,luxury
ES7909663981,Interior Corporation,"Port Street 3, 40000 Trade City, Spain",Spain,household
ID2362410218,Textile Active Basic Corporation,"Jalan Sudirman 164, 20000 Central City, Indonesia",Indonesia,"clothing, raw_materials"
CN4455678421,China Processing Holdings,"Heping Road 119, 200000 Shanghai, China",China,household
TR2705399441,Habitat Living,"Istiklal Caddesi 23, 40000 Trade City, Turkey",Turkey,household
AU6935726372,Cultivate Allied Garden,"William Street 137, 20000 Central City, Australia",Australia,"beverages, produce"
RU1932901824,Saint Petersburg Processing ZAO,"Pushkinskaya Street 84, 443000 Samara, Russia",Russia,"beverages, raw_materials"
BR2144666818,Style Negócios,"Rua Santos Dumont 35, 40000-000 Salvador, Brazil",Brazil,clothing
GR5529478477,Bottle Bottle Technologies E.E.,"Aiolou Street 178, 40000 Trade City, Greece",Greece,beverages
CN9338382275,Guangzhou Digital Electro Holdings,"Guangming Road 149, 100000 Beijing, China",China,electronics
JP5680360551,Export KK,"Showa-dori 196, 530-0001 Osaka, Japan",Japan,"electronics, toys"
JP3110154607,Hobby Shop,"Chuo-dori 66, 330-0001 Saitama, Japan",Japan,toys
GB5337997351,Substance Solution,"Victoria Road 178, G1 1QN Glasgow, United Kingdom",United Kingdom,chemicals
US9301328627,Los Angeles Assist Sport LLP,"Main Street 130, 78201 San Antonio, USA",USA,sports
GB7014506186,Wear Group,"Mill Lane 130, NE1 1AD Newcastle, United Kingdom",United Kingdom,"beverages, clothing"
VN4484322210,Da Nang Construction International,"Ly Tu Trong Street 43, 50000 Commerce City, Vietnam",Vietnam,toys
ES7910006877,International Electronics,"Central Avenue 8, 20000 Central City, Spain",Spain,clothing
US4850805368,Exercise Professional Refreshment Industries,"Washington Street 99, 10001 New York, USA",USA,"beverages, sports"
AE9215747002,Formula LLC,"Al Diyafah Street 172, 10000 Capital City, United Arab Emirates",United Arab Emirates,chemicals
JP3185517000,Care Cure,"Ginza 164, 330-0001 Saitama, Japan",Japan,medical
JP2939605341,Vital Industries,"Sakura-dori 60, 330-0001 Saitama, Japan",Japan,medical
SE9669834240,Göteborg Fundamental,"Storgatan 28, 582 22 Linköping, Sweden",Sweden,raw_materials
BE7787271794,Brussels Transport,"Chaussée d'Ixelles 17, 20000 Central City, Belgium",Belgium,"beverages, luxury"
PL2790554003,Fresh Organic Sp. k.,"Piłsudskiego 53, 90-001 Łódź, Poland",Poland,"furniture, produce"
TR6277912400,Adana Garden Industries,"Vatan Caddesi 106, 50000 Commerce City, Turkey",Turkey,produce
ZA5109601698,Pretoria Bottle Hydration,"Church Street 172, 20000 Central City, South Africa",South Africa,beverages
NO4122124221,Care DA,"Storgata 96, 4611 Kristiansand, Norway",Norway,medical
SK9930105204,House Enterprises,"Panská ulica 109, 40000 Trade City, Slovakia",Slovakia,household
BR2935930035,Garment Professional Fabric,"Avenida Atlântica 140, 40000-000 Salvador, Brazil",Brazil,clothing
IN8696526922,Kolkata Textile,"MG Road 158, 400001 Mumbai, India",India,"luxury, medical"
VN9306935448,Fashion Industries,"Nguyen Trai Street 72, 20000 Central City, Vietnam",Vietnam,clothing
JP7739970563,Nagoya Care Wellbeing,"Meiji-dori 77, 220-0005 Yokohama, Japan",Japan,medical
GR7619445499,Larissa Fresh Logistics O.E.,"Panepistimiou Street 41, 10000 Capital City, Greece",Greece,"beverages, produce"
IT7799501459,Select Upscale Manufacturing SNC,"Via Garibaldi 35, 70121 Bari, Italy",Italy,"food, luxury"
JP2466726130,Tech Digital,"Heiwa-dori 25, 600-8008 Kyoto, Japan",Japan,electronics
IT8953926967,Genoa Premium Exclusive,"Via Milano 68, 90133 Palermo, Italy",Italy,luxury
AU6891476496,Organic Produce Systems,"George Street 8, 30000 Port City, Australia",Australia,produce
RU7787425569,Hydration PAO,"Sadovaya Street 185, 420000 Kazan, Russia",Russia,beverages
PT8426623021,Organic Organic Organic,"Avenida da República 57, 30000 Port City, Portugal",Portugal,produce
MX6467874677,Living Shipping Empresas,"Avenida Chapultepec 97, 10000 Capital City, Mexico",Mexico,household
KR8437728659,Korea Formula Element Industries,"Teheran-ro 163, 40000 Trade City, South Korea",South Korea,chemicals
VN5777756331,Joy Trading,"Cach Mang Thang Tam Street 133, 50000 Commerce City, Vietnam",Vietnam,toys
SK8471699899,Bratislava Furniture International,"Špitálska ulica 179, 40000 Trade City, Slovakia",Slovakia,"electronics, household"
IT7820074982,Service Group,"Via Garibaldi 32, 90133 Palermo, Italy",Italy,beverages
DE3693432417,Deutsch Home,"Gartenstraße 53, 04109 Leipzig, Germany",Germany,"household, medical"
TR2083112877,Izmir Cultivate Group,"Vatan Caddesi 87, 10000 Capital City, Turkey",Turkey,produce
SK2115765102,Store International,"Obchodná ulica 61, 20000 Central City, Slovakia",Slovakia,household
GB5511008504,English Distribution,"London Road 109, LS1 1UR Leeds, United Kingdom",United Kingdom,clothing
IE6606365482,Ireland Logistics Trading,"Nassau Street 87, 30000 Port City, Ireland",Ireland,electronics
JP9237853314,Fun Trading,"Kappabashi-dori 14, 100-0001 Tokyo, Japan",Japan,toys
IN2095507694,Formula Wholesale Group,"Civil Lines 44, 700001 Kolkata, India",India,"chemicals, food"
IE5879017936,Smart International,"Capel Street 45, 30000 Port City, Ireland",Ireland,electronics
TR5864102490,Izmir Green,"İnönü Caddesi 8, 50000 Commerce City, Turkey",Turkey,"food, produce"
ES9532007763,Earth Secure Tech Holdings,"Central Avenue 152, 30000 Port City, Spain",Spain,electronics
AU3555863168,Gold Coast Fundamental Corporation,"William Street 137, 40000 Trade City, Australia",Australia,"food, raw_materials"
AT3630047061,Austrian Expert Premium,"Kärntner Straße 61, 30000 Port City, Austria",Austria,luxury
IN8655761788,Textile Garment,"MG Road 187, 560001 Bangalore, India",India,"clothing, luxury"
PL9014757639,Produce Consulting,"Gdańska 14, 85-001 Bydgoszcz, Poland",Poland,produce
ES5167618382,World Circuit,"Industrial Lane 138, 50000 Commerce City, Spain",Spain,"electronics, household"
NO4751502140,Norsk Quick Manufacturing,"Kirkegata 144, 6003 Ålesund, Norway",Norway,No preference
JP7299057241,Tokyo Star Pharma,"Omotesando 128, 650-0001 Kobe, Japan",Japan,medical
IN7927478891,Indian Element,"Park Street 91, 400001 Mumbai, India",India,chemicals
BR4163460549,Primary Natural,"Avenida Atlântica 119, 90000-000 Porto Alegre, Brazil",Brazil,"beverages, raw_materials"
ID9396884047,Origin Raw Group,"Jalan Thamrin 117, 20000 Central City, Indonesia",Indonesia,raw_materials
GB1530394749,Birmingham Nice Fluid,"Station Road 4, SW1A 1AA London, United Kingdom",United Kingdom,beverages
RU9161875363,Thirst OOO,"Malyy Prospekt 101, 450000 Ufa, Russia",Russia,beverages
CA1505559852,Canada Diet,"Queen Street 62, 40000 Trade City, Canada",Canada,food
US6731027563,New York Fitness,"Highland Avenue 13, 90001 Los Angeles, USA",USA,"luxury, sports"
KR1153500564,Korea Remedy Enterprises,"Teheran-ro 99, 40000 Trade City, South Korea",South Korea,medical
US4313413987,Philadelphia Bottle,"Sunset Boulevard 173, 92101 San Diego, USA",USA,beverages
CN5234644463,Wuhan Source Shop,"Xingfu Road 137, 610000 Chengdu, China",China,raw_materials
PL7999449833,Basic Sp. j.,"Sienkiewicza 175, 00-001 Warsaw, Poland",Poland,"food, raw_materials"
JP2119221231,Fukuoka Life Holdings,"Meiji-dori 97, 210-0001 Kawasaki, Japan",Japan,medical
DE6204138490,Pharma Market,"Lindenstraße 142, 60311 Frankfurt, Germany",Germany,"chemicals, medical"
US4017037833,Upscale Distribution Industries,"Main Street 146, 19101 Philadelphia, USA",USA,"electronics, luxury"
PL9633939037,Furnish Sp. z o.o.,"Piłsudskiego 59, 70-001 Szczecin, Poland",Poland,furniture
SE6679274066,Svensk Print Wood KB,"Sveagatan 195, 602 27 Norrköping, Sweden",Sweden,"furniture, paper"
FR1799794744,Wellbeing Pharma Cure,"Avenue des Champs-Élysées 59, 34000 Montpellier, France",France,"food, medical"
BR1047980874,Bottle Comércio,"Rua das Flores 54, 69000-000 Manaus, Brazil",Brazil,"beverages, clothing"
VN8354027982,Wear Apparel Beverage Trading,"Hai Ba Trung Street 118, 30000 Port City, Vietnam",Vietnam,clothing
RU3126059149,Edible Engineering,"Malyy Prospekt 135, 454000 Chelyabinsk, Russia",Russia,food
TH4385353237,Chiang Mai Store,"Charoen Krung Road 169, 30000 Port City, Thailand",Thailand,food
CN2300058491,Market LLC,"Jiefang Road 179, 510000 Guangzhou, China",China,electronics
TH8090862012,"Fresh Fresh Co., Ltd.","Phra Athit Road 173, 40000 Trade City, Thailand",Thailand,"clothing, produce"
IN6300539676,Ahmedabad Rapid Distribution,"Gandhi Road 9, 500001 Hyderabad, India",India,"chemicals, food"
BR3265571288,Rio de Janeiro Professional Drink,"Rua São Paulo 141, 69000-000 Manaus, Brazil",Brazil,beverages
DE8258211902,Köln Digital Computing AG,"Schulstraße 28, 40213 Düsseldorf, Germany",Germany,electronics
GB1964216842,Birmingham Synthesis,"School Lane 32, L1 1JD Liverpool, United Kingdom",United Kingdom,"chemicals, medical"
TR5437859483,Gaziantep Direct Beverage,"Bağdat Caddesi 192, 10000 Capital City, Turkey",Turkey,No preference
RO3168569055,Interior Garden,"Strada Smârdan 197, 30000 Port City, Romania",Romania,"furniture, produce"
BG2430082714,Produce Network Organic,"Tsar Shishman Street 27, 20000 Central City, Bulgaria",Bulgaria,produce
CN4766782389,Electro Computing,"Guangming Road 135, 518000 Shenzhen, China",China,"electronics, household"
NO9196202172,Oslo Construction Konsern,"Solveien 87, 4005 Stavanger, Norway",Norway,No preference
CN3098203019,Beijing Fabric LLC,"Xingfu Road 11, 523000 Dongguan, China",China,"clothing, household"
ZA5839628069,Pietermaritzburg Sophisticated Elite,"Oxford Road 188, 30000 Port City, South Africa",South Africa,luxury
CN6009540979,Recreation Primary,"Xinhua Street 140, 200000 Shanghai, China",China,"raw_materials, toys"
JP1955630767,Gadget Organic Luxury GK,"Meiji-dori 112, 460-0008 Nagoya, Japan",Japan,"electronics, luxury"
ES8602037855,Electronic Ltd,"Business Park 127, 50000 Commerce City, Spain",Spain,electronics
BG3945776692,Textile Holding,"Shipka Street 65, 20000 Central City, Bulgaria",Bulgaria,"clothing, raw_materials"
MT8376947036,Life Holdings,"Triq il-Kbira 131, 30000 Port City, Malta",Malta,"beverages, medical"
DE8622232949,Berlin Distribution OHG,"Kirchstraße 184, 60311 Frankfurt, Germany",Germany,No preference
BR3393892753,Curitiba Taste Taste,"Rua Santos Dumont 51, 60000-000 Fortaleza, Brazil",Brazil,food
SE5105820749,Linköping Element Koncern,"Storgatan 183, 722 12 Västerås, Sweden",Sweden,"household, raw_materials"
BR6373582220,Raw Integrated Element,"Rua Rio de Janeiro 106, 50000-000 Recife, Brazil",Brazil,raw_materials
PT6026812916,Page First Document International,"Rua do Ouro 172, 40000 Trade City, Portugal",Portugal,"paper, produce"
KR6643435536,Chip Chip,"Teheran-ro 19, 10000 Capital City, South Korea",South Korea,electronics
CZ3284446225,Beverage a.s.,"Nerudova 138, 50000 Commerce City, Czech Republic",Czech Republic,beverages
SI9301986934,Maribor Technologies,"Cankarjeva cesta 151, 10000 Capital City, Slovenia",Slovenia,electronics
JP6174717082,Japanese Distribution,"Chuo-dori 11, 530-0001 Osaka, Japan",Japan,toys
AU5284917433,Primary Resource Limited,"Market Street 179, 10000 Capital City, Australia",Australia,raw_materials
IN7968010747,Consulting LLP,"Station Road 143, 560001 Bangalore, India",India,medical
TR3804641562,Manufacturing Holding,"Millet Caddesi 168, 40000 Trade City, Turkey",Turkey,clothing
IN7288522153,Pune Taste,"Sadar Bazaar 19, 600001 Chennai, India",India,food
CN1789346126,Textile Thread Trading Group,"Xingfu Road 142, 430000 Wuhan, China",China,clothing
RO7979889034,Galați Natural,"Bulevardul Carol I 181, 20000 Central City, Romania",Romania,raw_materials
US2843922526,Los Angeles Service Liquid,"Main Street 18, 19101 Philadelphia, USA",USA,beverages
FI2388864124,Espoo Secure Beverage,"Museokatu 54, 30000 Port City, Finland",Finland,No preference
FI8796603509,Device Industries,"Mannerheimintie 36, 50000 Commerce City, Finland",Finland,electronics
US8524823671,Luxury LLP,"Maple Avenue 129, 95101 San Jose, USA",USA,luxury
RU7315481035,Saint Petersburg Expert Furniture PAO,"Tverskaya Street 181, 190000 Saint Petersburg, Russia",Russia,beverages
NO2120235254,Oslo Budget Industries AS,"Fjellveien 137, 4306 Sandnes, Norway",Norway,No preference
FR8625962975,Electronics Groupe,"Avenue des Champs-Élysées 159, 31000 Toulouse, France",France,cosmetics
JP2433770873,Nagoya Food,"Chuo-dori 141, 060-0001 Sapporo, Japan",Japan,"electronics, medical"
ES4344391456,Lifestyle Dwelling,"Industrial Lane 112, 30000 Port City, Spain",Spain,"clothing, household"
FR3307191856,Hydration Hydration Industries,"Rue du Moulin 98, 31000 Toulouse, France",France,beverages
SE8584955873,Natural Resource Shop Group,"Strandvägen 117, 411 08 Gothenburg, Sweden",Sweden,raw_materials
LT8760571614,Solution International,"Vokiečių gatvė 124, 30000 Port City, Lithuania",Lithuania,chemicals
ID9849200794,Fashion Style Inc.,"Jalan Malioboro 180, 30000 Port City, Indonesia",Indonesia,clothing
VN2285973746,Nha Trang Smart Holdings,"Pham Ngu Lao Street 161, 10000 Capital City, Vietnam",Vietnam,"electronics, furniture"
JP7286821862,Japanese Pharma,"Kappabashi-dori 35, 220-0005 Yokohama, Japan",Japan,"electronics, medical"
IT1220668867,Garment Apparel Fashion,"Via Marconi 125, 40121 Bologna, Italy",Italy,clothing
GB5683234048,Edinburgh Fabric Textile,"School Lane 69, LS1 1UR Leeds, United Kingdom",United Kingdom,"clothing, luxury"
RU6254844264,Culinary ZAO,"Pushkinskaya Street 51, 344000 Rostov-on-Don, Russia",Russia,food
NO6331397985,Chip Shipping Industries,"Strandgata 173, 9008 Tromsø, Norway",Norway,"electronics, medical"
TH1841080943,Fashion Manufacturing,"Charoen Krung Road 187, 20000 Central City, Thailand",Thailand,clothing
SE6231792789,House House,"Järnvägsgatan 22, 582 22 Linköping, Sweden",Sweden,household
CN6267849566,Couture Style Fashion Industries,"Renmin Road 135, 518000 Shenzhen, China",China,clothing
BR4560461383,São Paulo Great Consulting S.A.,"Avenida Amazonas 200, 80000-000 Curitiba, Brazil",Brazil,"food, produce"
JP9215668120,Prestige Holdings,"Showa-dori 115, 060-0001 Sapporo, Japan",Japan,luxury
GB4690830283,Care LLP,"London Road 3, S1 1DA Sheffield, United Kingdom",United Kingdom,medical
CN2171257461,"Comfort Co., Ltd.","Jiefang Road 89, 510000 Guangzhou, China",China,"household, toys"
US9853524894,Sport Systems,"Oak Street 99, 85001 Phoenix, USA",USA,sports
NL3793920456,Rotterdam Store Enterprises,"Julianastraat 131, 6511 Nijmegen, Netherlands",Netherlands,No preference
ID8531390712,Crop Garden Tbk,"Jalan Sudirman 63, 10000 Capital City, Indonesia",Indonesia,"clothing, produce"
CN9445411007,Wuhan Distribution,"Yongxing Street 148, 430000 Wuhan, China",China,"clothing, raw_materials"
CA1235689031,Canadian Market,"Jasper Avenue 163, 30000 Port City, Canada",Canada,raw_materials
RU4992433896,Saint Petersburg Professional Market Group,"Pushkinskaya Street 75, 630000 Novosibirsk, Russia",Russia,No preference
IN8040845533,Exclusive Manufacturing,"Gandhi Road 200, 226001 Lucknow, India",India,luxury
SG3192004264,Electro Group,"Marina Bay 188, 30000 Port City, Singapore",Singapore,"electronics, luxury"
SI4410840166,Beverage k.d.,"Celovška cesta 197, 40000 Trade City, Slovenia",Slovenia,electronics
FR4482248141,Montpellier Tech,"Rue de l'Église 38, 75001 Paris, France",France,"beverages, medical"
ID9163812104,Resource Natural Shipping PT,"Jalan Diponegoro 45, 20000 Central City, Indonesia",Indonesia,raw_materials
TR9577024647,Ankara Help Retail,"Vatan Caddesi 181, 50000 Commerce City, Turkey",Turkey,household
GB5173539954,Bristol Prime Wear Enterprises,"Mill Lane 14, L1 1JD Liverpool, United Kingdom",United Kingdom,"clothing, medical"
NO4548108312,Oslo Export AS,"Ringveien 179, 4005 Stavanger, Norway",Norway,electronics
DE8494073900,Health Engineering AG,"Gartenstraße 170, 70173 Stuttgart, Germany",Germany,"electronics, medical"
NL3036687814,Formula Stichting,"Schoolstraat 4, 3011 Rotterdam, Netherlands",Netherlands,chemicals
GR6646445191,Kavala Crop Liquid,"Athinas Street 105, 40000 Trade City, Greece",Greece,"beverages, produce"
TH6332607347,Nakhon Ratchasima Fresh,"Charoen Krung Road 126, 10000 Capital City, Thailand",Thailand,produce
SE5886415447,Sheet Consulting,"Nygatan 86, 553 16 Jönköping, Sweden",Sweden,paper
DE4746746122,Pharma OHG,"Gartenstraße 195, 20095 Hamburg, Germany",Germany,medical
AU8078325765,Diet Holdings,"George Street 104, 20000 Central City, Australia",Australia,"food, raw_materials"
IN4388508460,Stitch Textile,"Mall Road 116, 700001 Kolkata, India",India,"clothing, luxury"
ID8193703733,Indonesian Fundamental,"Jalan Asia Afrika 162, 20000 Central City, Indonesia",Indonesia,raw_materials
AU7430879088,Quench Fluid Thirst Ltd,"Collins Street 119, 50000 Commerce City, Australia",Australia,beverages
ES9570196000,Transcontinental Circuit,"Industrial Lane 129, 30000 Port City, Spain",Spain,electronics
AE7302700314,Exclusive Beverage LLC,"Al Khaleej Road 5, 10000 Capital City, United Arab Emirates",United Arab Emirates,"beverages, luxury"
US3854557115,Cure Cure Import LLC,"Jefferson Street 48, 90001 Los Angeles, USA",USA,"beverages, medical"
DE1105440729,Essen Eco Solutions GbR,"Bahnhofstraße 111, 70173 Stuttgart, Germany",Germany,No preference
BR7416832373,Wear Organic Gastro Negócios,"Rua das Flores 29, 70000-000 Brasília, Brazil",Brazil,"clothing, food"
IN6697774386,Electronics Enterprises,"Chandni Chowk 121, 500001 Hyderabad, India",India,chemicals
DE2605935735,Chip UG,"Bergstraße 124, 40213 Düsseldorf, Germany",Germany,"chemicals, electronics"
CN4850486795,Hobby Store,"Xinhua Street 74, 523000 Dongguan, China",China,toys
AU1093382780,Newcastle Universal Service,"Pitt Street 165, 20000 Central City, Australia",Australia,No preference
ID1811331220,Child Element Raw Corporation,"Jalan Merdeka 18, 20000 Central City, Indonesia",Indonesia,"raw_materials, toys"
BR9856715938,Liquid Next Export Negócios,"Rua das Flores 200, 01000-000 São Paulo, Brazil",Brazil,"beverages, raw_materials"
TH6996649720,Thai Thread Holdings,"Phra Athit Road 184, 40000 Trade City, Thailand",Thailand,clothing
HR3507722347,Hydration Beverage Group,"Radićeva 17, 10000 Capital City, Croatia",Croatia,beverages
CN4952093310,Shenzhen Shipping,"Zhongshan Road 189, 100000 Beijing, China",China,"electronics, household"
DE6200427430,Berlin Organic Chemical e.V.,"Kirchstraße 78, 80331 Munich, Germany",Germany,chemicals
CN8087505377,Chinese Resource,"Dongfeng Road 25, 210000 Nanjing, China",China,raw_materials
SE4192802795,Helsingborg Smart Print KB,"Kyrkogatan 13, 753 12 Uppsala, Sweden",Sweden,"furniture, paper"
FR8335062372,Lyon Budget Edible SNC,"Rue du Moulin 100, 06000 Nice, France",France,"food, luxury"
SK9812438538,Slovakia Retail a.s.,"Hlavné námestie 146, 20000 Central City, Slovakia",Slovakia,No preference
LT2340076142,Compound Element Industries,"Kauno gatvė 169, 40000 Trade City, Lithuania",Lithuania,chemicals
BR4936557121,Culinary Gourmet Negócios,"Rua Copacabana 115, 70000-000 Brasília, Brazil",Brazil,"food, produce"
SI2945637320,Liquid Consulting d.d.,"Čopova ulica 42, 10000 Capital City, Slovenia",Slovenia,beverages
IT5519290762,Couture Apparel,"Corso Italia 181, 16121 Genoa, Italy",Italy,clothing
RU5945335904,Chelyabinsk Electronics,"Sadovaya Street 136, 644000 Omsk, Russia",Russia,No preference
IN1394812652,Molecular United React,"Connaught Place 36, 380001 Ahmedabad, India",India,chemicals
HU3445528716,Refreshment Dynamic Drink International,"Bajcsy-Zsilinszky út 128, 30000 Port City, Hungary",Hungary,beverages
CZ7776469773,Dwelling k.s.,"Václavské náměstí 1, 40000 Trade City, Czech Republic",Czech Republic,"beverages, household"
ES3941348272,Garment Industries,"International Boulevard 44, 50000 Commerce City, Spain",Spain,clothing
BG3063233313,Raw Natural,"Shipka Street 3, 50000 Commerce City, Bulgaria",Bulgaria,raw_materials
IN8745802912,Solution Solution Enterprises,"Station Road 162, 411001 Pune, India",India,chemicals
CN2263891211,Garment Food,"Jiefang Road 120, 300000 Tianjin, China",China,clothing
BR8353736522,Brasília Fashion Brew,"Rua Santos Dumont 189, 80000-000 Curitiba, Brazil",Brazil,"beverages, clothing"
FR2526740630,Thirst Gastro International,"Rue de l'Église 164, 31000 Toulouse, France",France,"beverages, food"
TH9764441847,Tech Enterprises,"Phetchaburi Road 86, 10000 Capital City, Thailand",Thailand,"electronics, food"
CN2812832527,Wuhan Assist Fun,"Guangming Road 168, 510000 Guangzhou, China",China,"household, toys"
FI3747834523,Turku Wholesale Industries,"Kalevankatu 16, 50000 Commerce City, Finland",Finland,No preference
ES7774259710,Earth Food,"Trade Street 42, 20000 Central City, Spain",Spain,"electronics, household"
SE7255078299,Stockholm Furniture AB,"Sveagatan 108, 411 08 Gothenburg, Sweden",Sweden,"electronics, furniture"
JP8317902713,Hobby Fun Distribution Group,"Heiwa-dori 161, 210-0001 Kawasaki, Japan",Japan,toys
IN1199232313,Pune Apparel Industries,"Civil Lines 28, 600001 Chennai, India",India,"chemicals, clothing"
FR5001077592,Cosmetic Top Trading Entreprises,"Avenue des Champs-Élysées 33, 75001 Paris, France",France,cosmetics
FR5678502891,Strasbourg Liquid,"Rue de la République 54, 33000 Bordeaux, France",France,beverages
FR7725506600,Marseille Therapeutic SAS,"Rue du Moulin 120, 44000 Nantes, France",France,medical
MX2603488527,Hobby S.C.,"Avenida Universidad 75, 20000 Central City, Mexico",Mexico,toys
VN1475382172,Gourmet Diet,"Tran Hung Dao Street 46, 20000 Central City, Vietnam",Vietnam,"clothing, food"
ID3278470479,Premium Select,"Jalan Ahmad Yani 125, 40000 Trade City, Indonesia",Indonesia,"luxury, toys"
SE6322966499,Comfort Food Aktiebolag,"Nygatan 95, 252 21 Helsingborg, Sweden",Sweden,"furniture, household"
IT9010195574,Italia Brew Refreshment Industries,"Via Dante 25, 50123 Florence, Italy",Italy,beverages
PL7665771565,Decor Enterprises,"Gdańska 71, 70-001 Szczecin, Poland",Poland,furniture
IE9844706473,Drink Liquid Distribution Trading,"Capel Street 14, 50000 Commerce City, Ireland",Ireland,beverages
IE5709145096,Galway Fast Gourmet,"Baggot Street 111, 30000 Port City, Ireland",Ireland,food
GB4095276765,Elegant Master Garment Enterprises,"Mill Lane 56, S1 1DA Sheffield, United Kingdom",United Kingdom,"clothing, luxury"
TR9484919274,Apparel Corporation,"Vatan Caddesi 161, 30000 Port City, Turkey",Turkey,"clothing, household"
DE1161369282,Frankfurt Domestic Domestic,"Hauptstraße 85, 40213 Düsseldorf, Germany",Germany,household
SE3680423698,Electro KB,"Kyrkogatan 14, 252 21 Helsingborg, Sweden",Sweden,electronics
VN2207869079,Circuit Assist Digital,"Cach Mang Thang Tam Street 179, 40000 Trade City, Vietnam",Vietnam,electronics
IT8857426887,Rome Engineering Enterprises,"Via Vittorio Emanuele 22, 20121 Milan, Italy",Italy,luxury
IT9588959880,Elegant Advanced Store International,"Via Verdi 3, 00100 Rome, Italy",Italy,"furniture, luxury"
BG4097969022,Wear Enterprises,"Alexander Stamboliyski Boulevard 13, 40000 Trade City, Bulgaria",Bulgaria,clothing
ES5183579937,Transcontinental Style Flavor Holdings,"Port Street 12, 20000 Central City, Spain",Spain,"clothing, food"
BR9257219107,Fortaleza Delicacy Flavor S.A.,"Rua das Flores 178, 69000-000 Manaus, Brazil",Brazil,"beverages, food"
RO4416863756,Logistics S.A.,"Bulevardul Dacia 121, 50000 Commerce City, Romania",Romania,"furniture, raw_materials"
CA8996680641,Write Sheet,"Queen Street 60, 40000 Trade City, Canada",Canada,"food, paper"
BR6006032512,Curitiba Produce Green,"Avenida Brasil 126, 30000-000 Belo Horizonte, Brazil",Brazil,produce
MX6520895998,Mexican Tech Home,"Avenida Juárez 96, 20000 Central City, Mexico",Mexico,household
MT5274698361,Quench Liquid Care,"Triq Bisazza 96, 30000 Port City, Malta",Malta,"beverages, medical"
DE1227354948,Interior GmbH,"Schulstraße 151, 10115 Berlin, Germany",Germany,"chemicals, household"
JP8376388529,Processing Group,"Kappabashi-dori 44, 460-0008 Nagoya, Japan",Japan,"electronics, luxury"
AT8774550979,Brew Help Vital Industries,"Kohlmarkt 159, 30000 Port City, Austria",Austria,"beverages, medical"
DE6516598544,Tech Service Electronic GmbH,"Dorfstraße 182, 44135 Dortmund, Germany",Germany,"electronics, household"
US3112328205,Houston Prestige,"Jefferson Street 8, 19101 Philadelphia, USA",USA,"luxury, sports"
RO7418029775,Cluj-Napoca Specialist Shop Corporation,"Bulevardul Unirii 150, 30000 Port City, Romania",Romania,furniture
BE4049449533,Delicacy Joint Gourmet,"Rue Neuve 197, 20000 Central City, Belgium",Belgium,food
BR1575809889,Refreshment Edible Comércio,"Avenida Getúlio Vargas 49, 01000-000 São Paulo, Brazil",Brazil,"beverages, food"
FR4718954345,Remedy Health SNC,"Rue de Paris 149, 67000 Strasbourg, France",France,medical
KR2410872348,Circuit Trading,"Insadong-gil 30, 40000 Trade City, South Korea",South Korea,electronics
VN7475750719,Game Play Game Corporation,"Le Duan Street 129, 10000 Capital City, Vietnam",Vietnam,toys
IN4721800164,Hyderabad Service,"Civil Lines 31, 560001 Bangalore, India",India,clothing
GR6360581504,Fresh Organic Enterprises,"Aiolou Street 25, 40000 Trade City, Greece",Greece,"beverages, produce"
MT2461719208,Maltese Value Transport,"Triq Bisazza 148, 50000 Commerce City, Malta",Malta,"beverages, food"
DE5982656789,German Remedy Vital,"Dorfstraße 55, 20095 Hamburg, Germany",Germany,medical
DE9731689307,Pharma e.V.,"Hauptstraße 140, 10115 Berlin, Germany",Germany,medical
PL1234716150,Szczecin Residence Logistics,"Wrocławska 75, 60-001 Poznań, Poland",Poland,"household, produce"
GB7617454688,English Formula,"Park Road 186, B1 1BB Birmingham, United Kingdom",United Kingdom,"beverages, chemicals"
VN2157812209,Service LLC,"Nguyen Hue Street 8, 10000 Capital City, Vietnam",Vietnam,"clothing, furniture"
CN2242605562,Source Thread Wear,"Jianguo Road 37, 610000 Chengdu, China",China,"clothing, raw_materials"
NO3497842965,Vital Wellbeing,"Skoleveien 46, 5003 Bergen, Norway",Norway,medical
MX8981132882,Thirst Swift Store,"Avenida Reforma 101, 20000 Central City, Mexico",Mexico,beverages
RO6595624978,Romanian Best Furniture S.A.,"Bulevardul Unirii 81, 10000 Capital City, Romania",Romania,No preference
VN1897606897,Fabric Circuit,"Pham Ngu Lao Street 26, 10000 Capital City, Vietnam",Vietnam,"clothing, electronics"
TH8585682747,Pak Kret Circuit,"Khao San Road 76, 40000 Trade City, Thailand",Thailand,electronics
PT3003655292,Portugal Assist Couture,"Avenida 24 de Julho 41, 20000 Central City, Portugal",Portugal,"beverages, clothing"
ID1507514952,Semarang Food,"Jalan Pemuda 50, 10000 Capital City, Indonesia",Indonesia,"luxury, produce"
US5558070426,New York Link Trading Corp.,"Main Street 150, 10001 New York, USA",USA,beverages
CN5840658754,Wuhan Specialist Home Holdings,"Xingfu Road 188, 610000 Chengdu, China",China,household
CA1808916439,Food Ltd.,"Main Street 197, 10000 Capital City, Canada",Canada,"medical, raw_materials"
IN1086468077,Delicacy Smart Diet,"MG Road 79, 110001 Delhi, India",India,"clothing, food"
NL5020186395,Utrecht Solutions,"Hoofdstraat 190, 1012 Amsterdam, Netherlands",Netherlands,No preference
HR7214201118,Osijek Master Processing,"Vlaška 127, 10000 Capital City, Croatia",Croatia,No preference
ID1170004678,Natural Fresh,"Jalan Merdeka 96, 50000 Commerce City, Indonesia",Indonesia,"clothing, produce"
AU2998755610,Canberra Best Harvest,"King Street 106, 40000 Trade City, Australia",Australia,produce
FR2095762019,Edible Tech Processing Groupe,"Rue de la République 88, 06000 Nice, France",France,"food, luxury"
BE3904953461,Culinary Group,"Rue Royale 112, 20000 Central City, Belgium",Belgium,"beverages, food"
US6839319950,Houston Digital Gadget,"Sunset Boulevard 133, 75201 Dallas, USA",USA,electronics
BR7614995830,Source Material,"Rua das Flores 108, 60000-000 Fortaleza, Brazil",Brazil,"produce, raw_materials"
VN6146514431,Bien Hoa Edible,"Pham Ngu Lao Street 30, 40000 Trade City, Vietnam",Vietnam,food
TR9805298587,Harvest Farm Garden Enterprises,"Atatürk Bulvarı 50, 20000 Central City, Turkey",Turkey,produce
DE8916065644,Shipping GmbH,"Hauptstraße 63, 45127 Essen, Germany",Germany,No preference
NO3491220694,Device System Logistics AS,"Ringveien 180, 9008 Tromsø, Norway",Norway,electronics
GR1844442910,Kavala Diet,"Alexandras Avenue 18, 10000 Capital City, Greece",Greece,food
NL4987388889,Crop CV,"Kerkstraat 60, 1012 Amsterdam, Netherlands",Netherlands,produce
RU8812274303,Material Basic Fundamental,"Malyy Prospekt 27, 190000 Saint Petersburg, Russia",Russia,raw_materials
SI2957343969,Habitat Industries,"Dunajska cesta 32, 20000 Central City, Slovenia",Slovenia,"electronics, household"
NO1972502718,Norwegian Cure,"Fjordgata 164, 9008 Tromsø, Norway",Norway,medical
CA1759899905,Montreal Secure Tech,"Bloor Street 147, 30000 Port City, Canada",Canada,No preference
JP1129417508,Wellbeing Med,"Chuo-dori 94, 460-0008 Nagoya, Japan",Japan,"luxury, medical"
TR3035145025,Garden Farm Corporation,"Halaskargazi Caddesi 113, 20000 Central City, Turkey",Turkey,produce
AU1296182251,Thirst Expert Brew,"George Street 28, 20000 Central City, Australia",Australia,beverages
FR9947118882,Nutrition SARL,"Avenue des Champs-Élysées 49, 33000 Bordeaux, France",France,food
FI2300077662,Turku Chip Electro,"Kalevankatu 186, 20000 Central City, Finland",Finland,electronics
AT5118697060,Villach Quality Luxury Group,"Favoritenstraße 34, 10000 Capital City, Austria",Austria,"beverages, luxury"
TH1193757721,Chiang Mai Hyper Kid Trading,"Phetchaburi Road 197, 20000 Central City, Thailand",Thailand,toys
CA5083225181,Flavor Gastro,"Robson Street 162, 40000 Trade City, Canada",Canada,food
NO4468089977,Tech Help Circuit,"Parkveien 64, 9008 Tromsø, Norway",Norway,electronics
KR5791491914,Molecular Fresh Substance,"Gangnam-daero 161, 50000 Commerce City, South Korea",South Korea,chemicals
JP6594560174,Kobe Super Electronic,"Showa-dori 8, 330-0001 Saitama, Japan",Japan,electronics
CA3774557696,Wellbeing Universal Health,"Jasper Avenue 122, 10000 Capital City, Canada",Canada,"food, medical"
ID8417986166,Harvest Organic Garden Tbk,"Jalan Ahmad Yani 74, 30000 Port City, Indonesia",Indonesia,produce
IN7708035647,Taste Royal Nutrition Pvt. Ltd.,"Connaught Place 184, 411001 Pune, India",India,food
IN5145231834,Process Gourmet Shop,"Station Road 175, 302001 Jaipur, India",India,"chemicals, food"
VN7518997314,Digital Trading,"Le Duan Street 47, 20000 Central City, Vietnam",Vietnam,electronics
ID6785339643,Bandung Material,"Jalan Malioboro 81, 10000 Capital City, Indonesia",Indonesia,"produce, raw_materials"
AU8701606796,Liquid Beverage Pty Ltd,"Market Street 82, 10000 Capital City, Australia",Australia,"beverages, food"
IT2948247367,Fluid Quench Comfort,"Via Dante 22, 16121 Genoa, Italy",Italy,"beverages, furniture"
HU3578049499,Budapest Industries Enterprises,"Bartók Béla út 124, 50000 Commerce City, Hungary",Hungary,No preference
ID3476497538,Beverage PT,"Jalan Ahmad Yani 155, 20000 Central City, Indonesia",Indonesia,"clothing, produce"
US9009933018,Digital Circuit,"Maple Avenue 134, 78201 San Antonio, USA",USA,electronics
IN4413015641,Ahmedabad Global Upscale,"MG Road 95, 226001 Lucknow, India",India,"food, luxury"
IN9481281781,Diet Taste Corporation,"Sadar Bazaar 130, 560001 Bangalore, India",India,"clothing, food"
CN3204237214,Apparel Enterprises,"Guangming Road 144, 210000 Nanjing, China",China,"clothing, raw_materials"
CA1999538456,Canada Med Processing Industries,"Main Street 145, 10000 Capital City, Canada",Canada,medical
GB4490981588,Liquid Drink,"High Street 162, L1 1JD Liverpool, United Kingdom",United Kingdom,beverages
VN8118229117,Apparel Group,"Nguyen Trai Street 2, 40000 Trade City, Vietnam",Vietnam,clothing
HU8057511718,Nyíregyháza Allied Logistics International,"Teréz körút 167, 30000 Port City, Hungary",Hungary,No preference
FR1920782198,Derma SARL,"Rue de Paris 19, 33000 Bordeaux, France",France,cosmetics
TH8486260971,Thai Gadget,"Ratchaprasong Road 81, 20000 Central City, Thailand",Thailand,electronics
TR3843651882,Konya Residence Corporation,"Atatürk Bulvarı 118, 30000 Port City, Turkey",Turkey,household
PL6700040993,Kraków Ultra Farm,"Piłsudskiego 139, 50-001 Wrocław, Poland",Poland,produce
IN9603819886,Delicacy Ltd.,"Connaught Place 129, 560001 Bangalore, India",India,food
GB2416128869,English Good Therapeutic,"Church Road 121, LS1 1UR Leeds, United Kingdom",United Kingdom,medical
ES9382685353,Universal Electronic Digital International,"Port Street 79, 50000 Commerce City, Spain",Spain,electronics
DE2308191931,Gadget KG,"Waldstraße 56, 40213 Düsseldorf, Germany",Germany,"electronics, household"
PT2679992671,Lisbon Trust Interior Lda.,"Rua Augusta 140, 30000 Port City, Portugal",Portugal,"household, produce"
ZA2797977002,Cape Town Element Material Group,"Victoria Road 200, 30000 Port City, South Africa",South Africa,raw_materials
CN2128603355,Device Interior,"Yongxing Street 162, 610000 Chengdu, China",China,"electronics, household"
ES4081073892,Couture Global Service,"Business Park 7, 50000 Commerce City, Spain",Spain,"clothing, household"
DE1875486153,Med Prime Circuit KGaA,"Lindenstraße 61, 20095 Hamburg, Germany",Germany,"electronics, medical"
GB4853636272,Birmingham Export,"King Street 145, SW1A 1AA London, United Kingdom",United Kingdom,"beverages, medical"
IT1419807848,Genoa Liquid Store,"Via Mazzini 184, 50123 Florence, Italy",Italy,beverages
ES1847379573,Earth Delicacy Corp.,"Harbor Road 108, 20000 Central City, Spain",Spain,"food, household"
IT4140313629,Bottle Srl,"Via Milano 139, 90133 Palermo, Italy",Italy,beverages
FI3459298359,Tech Electro Ab,"Fredrikinkatu 179, 30000 Port City, Finland",Finland,electronics
PT9115168820,Liquid Brew Drink International,"Rua do Carmo 66, 40000 Trade City, Portugal",Portugal,beverages
BR8935087259,Garden S.A.,"Rua São Paulo 84, 60000-000 Fortaleza, Brazil",Brazil,produce
CN9193079039,"House Co., Ltd.","Renmin Road 84, 210000 Nanjing, China",China,"electronics, household"
FR3272154536,Gastro Trust Delicacy SCA,"Rue du Moulin 54, 33000 Bordeaux, France",France,food
ID6251254367,Depok Couture Garment,"Jalan Thamrin 160, 40000 Trade City, Indonesia",Indonesia,clothing
CN8214373081,Chip Raw Corporation,"Yongxing Street 13, 200000 Shanghai, China",China,"electronics, raw_materials"
AU7006563966,Crop Crop Basic,"Market Street 134, 30000 Port City, Australia",Australia,"produce, raw_materials"
BE2737708959,Fine Tech,"Rue de Flandre 65, 30000 Port City, Belgium",Belgium,"chemicals, luxury"
TR3288395785,Bursa Nutrition,"Gazi Mustafa Kemal Bulvarı 154, 50000 Commerce City, Turkey",Turkey,"food, produce"
IT3909302627,Rome Furnish,"Via Vittorio Emanuele 165, 50123 Florence, Italy",Italy,"clothing, furniture"
IN1954060236,Delicacy International,"MG Road 37, 110001 Delhi, India",India,food
AU3610645061,Beverage Fluid Diet,"William Street 89, 10000 Capital City, Australia",Australia,"beverages, food"
PT4380413582,Coimbra Mega Liquid S.A.,"Rua da Prata 142, 30000 Port City, Portugal",Portugal,beverages
ID6228635509,Jakarta National Shop,"Jalan Thamrin 190, 50000 Commerce City, Indonesia",Indonesia,"clothing, luxury"
DE2893376791,Chemical Engineering e.V.,"Dorfstraße 194, 04109 Leipzig, Germany",Germany,chemicals
DE8621213057,Process GmbH,"Dorfstraße 42, 50667 Cologne, Germany",Germany,"chemicals, household"
GB1655449248,Edinburgh Molecular,"Mill Lane 37, EH1 1YT Edinburgh, United Kingdom",United Kingdom,chemicals
GB7281181318,London Therapeutic,"School Lane 88, SW1A 1AA London, United Kingdom",United Kingdom,"clothing, medical"
CN8624768098,Beijing Smart Industries Industries,"Jianguo Road 142, 518000 Shenzhen, China",China,electronics
TH2473985837,Hat Yai Green,"Ratchaprasong Road 162, 20000 Central City, Thailand",Thailand,"clothing, produce"
FR3571382966,Fluid Pure,"Rue du Moulin 171, 69001 Lyon, France",France,"beverages, cosmetics"
CA7903709349,Quebec Allied Source Inc.,"King Street 168, 40000 Trade City, Canada",Canada,raw_materials
BE3311993357,Process NV,"Chaussée d'Ixelles 2, 20000 Central City, Belgium",Belgium,chemicals
FR8688576428,Edible Assist Flavor International,"Rue de la République 10, 06000 Nice, France",France,food
PL8619300023,Furnish Innovative House,"Poznańska 186, 50-001 Wrocław, Poland",Poland,"furniture, household"
KR3985805558,Interior Living Interior,"Myeongdong-gil 165, 10000 Capital City, South Korea",South Korea,household
KR1074502247,Vital Fresh Care,"Sejong-daero 151, 10000 Capital City, South Korea",South Korea,medical
TH5721935443,Gadget International,"Silom Road 196, 20000 Central City, Thailand",Thailand,"clothing, electronics"
AU6522362964,Newcastle Element,"King Street 71, 50000 Commerce City, Australia",Australia,raw_materials
GR7136612617,Greek Industries Holding,"Adrianou Street 51, 20000 Central City, Greece",Greece,food
IN6789518321,Delhi Compound International,"Chandni Chowk 150, 560001 Bangalore, India",India,"chemicals, clothing"
NL2419462007,Nederland Systems VOF,"Kerkstraat 106, 2511 The Hague, Netherlands",Netherlands,No preference
LV1974569877,Rēzekne Diet,"Marijas iela 11, 40000 Trade City, Latvia",Latvia,"electronics, food"
PL3395324414,Distribution Sp. k.,"Warszawska 71, 80-001 Gdańsk, Poland",Poland,raw_materials
SG4676496861,Remedy Luxury Care,"Raffles Boulevard 57, 10000 Capital City, Singapore",Singapore,"luxury, medical"
CZ6973614644,Shipping Holding,"Národní třída 39, 10000 Capital City, Czech Republic",Czech Republic,"electronics, household"
ZA6397154704,Brew Brew Group,"Oxford Road 101, 50000 Commerce City, South Africa",South Africa,beverages
RU7447635471,Russian Nice Construction,"Kutuzovsky Prospekt 170, 450000 Ufa, Russia",Russia,No preference
RO6722128879,Timișoara Innovative Distribution,"Bulevardul Unirii 191, 20000 Central City, Romania",Romania,"clothing, raw_materials"
FI5159805921,Dwelling Ky,"Museokatu 169, 50000 Commerce City, Finland",Finland,"household, paper"
IT5043045333,Wear SAS,"Via Garibaldi 57, 95121 Catania, Italy",Italy,"beverages, clothing"
KR8078207721,Tech Trading,"Jongno 89, 10000 Capital City, South Korea",South Korea,electronics
FR6736542221,Diet First Culinary SARL,"Rue de l'Église 178, 59000 Lille, France",France,food
CA3035632030,Food Edible Industries,"Main Street 53, 30000 Port City, Canada",Canada,food
AT5025353268,Nutrition GmbH,"Ringstraße 58, 20000 Central City, Austria",Austria,food
SE6641902392,Malmö Dwelling Document,"Drottninggatan 189, 602 27 Norrköping, Sweden",Sweden,"household, paper"
SE6964218798,Industries Aktiebolag,"Parkgatan 106, 582 22 Linköping, Sweden",Sweden,paper
IT9962897558,Technologies SNC,"Via Mazzini 102, 10121 Turin, Italy",Italy,furniture
GR5153299037,Beverage O.E.,"Patission Street 154, 40000 Trade City, Greece",Greece,"food, produce"
US1812690282,Fine Industries,"Highland Avenue 121, 92101 San Diego, USA",USA,"beverages, luxury"
VN8542711417,Gadget Corporation,"Cach Mang Thang Tam Street 76, 30000 Port City, Vietnam",Vietnam,"clothing, electronics"
GB9067895627,Export LLC,"London Road 157, SW1A 1AA London, United Kingdom",United Kingdom,medical
RU3029600000,Chelyabinsk Drink Trading,"Arbat Street 19, 101000 Moscow, Russia",Russia,"beverages, food"
VN1712398706,Wear Import,"Cach Mang Thang Tam Street 48, 20000 Central City, Vietnam",Vietnam,clothing
NL7437455116,Element Store,"Julianastraat 26, 5038 Tilburg, Netherlands",Netherlands,"chemicals, produce"
NL7440510813,Rotterdam Tech Construction VOF,"Hoofdstraat 21, 3011 Rotterdam, Netherlands",Netherlands,produce
FI8784583882,Jyväskylä Computing Holding,"Tehtaankatu 17, 20000 Central City, Finland",Finland,electronics
JP3156578524,Kobe Wellbeing Remedy,"Omotesando 38, 330-0001 Saitama, Japan",Japan,medical
NL7100860032,Amsterdam Gourmet Textile BV,"Dorpsstraat 113, 1012 Amsterdam, Netherlands",Netherlands,food
IN3197843419,Kolkata Premium Food Ltd.,"Mall Road 5, 400001 Mumbai, India",India,"chemicals, luxury"
AE5385564387,Fine Inc.,"Al Diyafah Street 73, 10000 Capital City, United Arab Emirates",United Arab Emirates,"electronics, luxury"
TH4269236828,Nakhon Ratchasima Garment Engineering,"Yaowarat Road 183, 20000 Central City, Thailand",Thailand,"clothing, electronics"
FR1142412001,Nutrition Holding,"Place de la Liberté 115, 06000 Nice, France",France,"food, luxury"
DE9675693783,Comfort House,"Kirchstraße 176, 44135 Dortmund, Germany",Germany,household
GB5277131805,Electronics Limited,"School Lane 97, SW1A 1AA London, United Kingdom",United Kingdom,"beverages, clothing"
NO7601008318,Kristiansand Electronic,"Parkveien 148, 3015 Drammen, Norway",Norway,electronics
CA8660495862,Document LP,"Main Street 93, 20000 Central City, Canada",Canada,paper
CN4463493321,Primary Material,"Zhongshan Road 193, 210000 Nanjing, China",China,raw_materials
JP7441489720,Vital Corporation,"Heiwa-dori 76, 330-0001 Saitama, Japan",Japan,"electronics, medical"
CA3357624526,Wellbeing Pharma,"Queen Street 57, 30000 Port City, Canada",Canada,"medical, raw_materials"
US4907978429,Houston Beverage Liquid,"Oak Street 179, 78201 San Antonio, USA",USA,"beverages, medical"
SI6319961232,Refreshment d.d.,"Miklošičeva cesta 17, 20000 Central City, Slovenia",Slovenia,beverages
RO4387597312,Natural Trust Raw Group,"Bulevardul Magheru 30, 30000 Port City, Romania",Romania,raw_materials
MX5710532709,Joy Elite Joy,"Avenida Reforma 3, 30000 Port City, Mexico",Mexico,toys
KR8199751617,Daejeon Connect Solutions Enterprises,"Myeongdong-gil 57, 40000 Trade City, South Korea",South Korea,No preference
BR2503488281,Green Crop Garden,"Rua das Flores 114, 60000-000 Fortaleza, Brazil",Brazil,produce
IT2818307344,Florence Flavor,"Corso Italia 87, 70121 Bari, Italy",Italy,"food, luxury"
IT3492592310,Bottle Enterprises,"Via Verdi 31, 70121 Bari, Italy",Italy,beverages
BR1966920934,Cultivate Green Produce,"Avenida Brasil 180, 80000-000 Curitiba, Brazil",Brazil,produce
CN8035960337,Wuhan Food LLC,"Jianguo Road 54, 430000 Wuhan, China",China,"electronics, household"
ES8978736095,Computing Holdings,"Business Park 15, 50000 Commerce City, Spain",Spain,"electronics, household"
IE9365006442,Swords Modern Vital Holding,"Dame Street 149, 20000 Central City, Ireland",Ireland,medical
DE5322941235,Hamburg Tech KG,"Gartenstraße 182, 80331 Munich, Germany",Germany,"household, medical"
GR5582891575,Flavor Taste Food E.P.E.,"Voukourestiou Street 188, 40000 Trade City, Greece",Greece,food
ES3474674209,Wear Habitat Dwelling,"International Boulevard 144, 10000 Capital City, Spain",Spain,"clothing, household"
AT2848644513,Health Support Bottle Group,"Mariahilfer Straße 68, 30000 Port City, Austria",Austria,"beverages, medical"
SK2676226926,Interior Trading,"Michalská ulica 192, 30000 Port City, Slovakia",Slovakia,household
ID3861449357,Makassar Pure Child Tbk,"Jalan Malioboro 152, 40000 Trade City, Indonesia",Indonesia,"clothing, toys"
HU1868492544,Quench Rapid Fluid,"Andrássy út 191, 40000 Trade City, Hungary",Hungary,beverages
CZ3817345493,Olomouc Engineering v.o.s.,"Nerudova 38, 20000 Central City, Czech Republic",Czech Republic,No preference
CN9294396764,Kid Group,"Xinhua Street 57, 400000 Chongqing, China",China,toys
RU9186055600,Rostov Shipping International,"Tverskaya Street 2, 630000 Novosibirsk, Russia",Russia,No preference
IE7108154700,Circuit Textile,"Nassau Street 9, 10000 Capital City, Ireland",Ireland,"electronics, food"
ID4060132759,Elegant PT,"Jalan Malioboro 105, 40000 Trade City, Indonesia",Indonesia,luxury
GR5066547546,Greek Good Store,"Patission Street 57, 50000 Commerce City, Greece",Greece,produce
SG5102115390,Jurong Elegant,"Marina Bay 59, 40000 Trade City, Singapore",Singapore,luxury
IN2143184596,Logistics Ltd.,"Gandhi Road 170, 411001 Pune, India",India,"chemicals, clothing"
TR7132981085,Antalya Natural Food,"Atatürk Bulvarı 37, 20000 Central City, Turkey",Turkey,No preference
CA2187329565,Quebec Delicacy Taste LLP,"Elgin Street 23, 10000 Capital City, Canada",Canada,"food, raw_materials"
FR6756680893,Gourmet Wholesale,"Rue du Moulin 42, 06000 Nice, France",France,"cosmetics, food"
CN5741459197,Shanghai Fine Basic,"Xingfu Road 61, 430000 Wuhan, China",China,"electronics, raw_materials"
BR8451972581,Salvador Thirst Liquid,"Rua Copacabana 198, 60000-000 Fortaleza, Brazil",Brazil,"beverages, produce"
SE7878688401,Beverage Aktiebolag,"Järnvägsgatan 23, 411 08 Gothenburg, Sweden",Sweden,raw_materials
DE2864076475,Köln Process Processing GbR,"Kirchstraße 54, 10115 Berlin, Germany",Germany,"chemicals, medical"
ID9808411557,Sophisticated Furniture,"Jalan Pemuda 66, 30000 Port City, Indonesia",Indonesia,"luxury, raw_materials"
IT1732134647,Wear Tech SpA,"Via Verdi 112, 40121 Bologna, Italy",Italy,"clothing, food"
ID1357826917,Garment Wear Inc.,"Jalan Thamrin 113, 30000 Port City, Indonesia",Indonesia,clothing
MX8702481015,Brew Thirst Brew,"Avenida Universidad 173, 50000 Commerce City, Mexico",Mexico,beverages
BG5882941717,Garment Market Group,"Graf Ignatiev Street 65, 30000 Port City, Bulgaria",Bulgaria,"clothing, food"
JP5369307000,Pharma Therapeutic Import,"Chuo-dori 195, 460-0008 Nagoya, Japan",Japan,medical
ES6947002228,Trading Corp.,"Industrial Lane 164, 40000 Trade City, Spain",Spain,electronics
ES7880625191,World Beverage,"Harbor Road 52, 30000 Port City, Spain",Spain,"clothing, food"
GB4342770900,Exclusive Ltd,"Park Road 40, BS1 1DB Bristol, United Kingdom",United Kingdom,"chemicals, luxury"
HU4667936685,Flavor Kkt.,"Király utca 22, 50000 Commerce City, Hungary",Hungary,"clothing, food"
VN9151103448,Logistics Holdings,"Nguyen Hue Street 167, 50000 Commerce City, Vietnam",Vietnam,"electronics, toys"
AU2604689474,Sydney Furniture,"Queen Street 195, 40000 Trade City, Australia",Australia,No preference
HR5225050022,Culinary Fluid Taste,"Jurišićeva 36, 50000 Commerce City, Croatia",Croatia,"beverages, food"
TH9779326325,Food Enterprises,"Ratchadamri Road 151, 40000 Trade City, Thailand",Thailand,food
PT8505279019,Beverage Value Liquid,"Rua do Ouro 155, 10000 Capital City, Portugal",Portugal,"beverages, clothing"
RO5140885332,Timișoara Solutions Industries,"Calea Griviței 172, 50000 Commerce City, Romania",Romania,"clothing, raw_materials"
DE9435919105,Trading KG,"Bahnhofstraße 1, 70173 Stuttgart, Germany",Germany,"electronics, household"
GB3821209775,Drink Elite Prestige Holdings,"King Street 146, L1 1JD Liverpool, United Kingdom",United Kingdom,"beverages, luxury"
KR3646294256,House Lifestyle,"Samcheong-ro 147, 40000 Trade City, South Korea",South Korea,household
BR9547488052,Salvador Natural Bottle Indústrias,"Rua Santos Dumont 53, 70000-000 Brasília, Brazil",Brazil,"beverages, clothing"
ZA6586462138,Cape Town Engineering,"Long Street 197, 40000 Trade City, South Africa",South Africa,food
FR3674325175,Refreshment Hydration Liquid SARL,"Rue de Paris 113, 67000 Strasbourg, France",France,beverages
RU9594406179,Kazan Fresh Drink Enterprises,"Leninsky Prospekt 184, 420000 Kazan, Russia",Russia,beverages
RU3864288372,Russia Culinary,"Pushkinskaya Street 168, 454000 Chelyabinsk, Russia",Russia,food
JP3078739213,Recreation Enterprises,"Kappabashi-dori 52, 210-0001 Kawasaki, Japan",Japan,toys
DE3793704584,Tech KGaA,"Bergstraße 11, 40213 Düsseldorf, Germany",Germany,electronics
RO7019368706,Electronics S.R.L.,"Bulevardul Dacia 29, 30000 Port City, Romania",Romania,No preference
NO5192112725,Furniture Industries,"Fjellveien 107, 5003 Bergen, Norway",Norway,electronics
JP4687179453,Yokohama Smart Smart,"Heiwa-dori 18, 060-0001 Sapporo, Japan",Japan,electronics
TH8823991876,Bangkok Farm Manufacturing PCL,"Rama IV Road 45, 40000 Trade City, Thailand",Thailand,produce
RU7616462911,Fundamental International,"Malyy Prospekt 126, 450000 Ufa, Russia",Russia,raw_materials
BG8946122664,Varna Professional Flavor Industries,"Vitosha Boulevard 90, 20000 Central City, Bulgaria",Bulgaria,"beverages, food"
FR6617034180,Strasbourg Power Processing SNC,"Place de la Liberté 63, 59000 Lille, France",France,"cosmetics, medical"
KR6459852209,Tech Logistics Trading,"Samcheong-ro 161, 20000 Central City, South Korea",South Korea,electronics
JP9586671289,Toy YK,"Showa-dori 145, 530-0001 Osaka, Japan",Japan,toys
BR3654155338,Curitiba Food Empreendimentos,"Rua Rio de Janeiro 26, 01000-000 São Paulo, Brazil",Brazil,food
SE7799464704,Comfort HB,"Skolgatan 81, 211 20 Malmö, Sweden",Sweden,household
IT2856133058,Rome Trading Industries,"Via Milano 25, 50123 Florence, Italy",Italy,clothing
MX6880001734,Juárez Refreshment,"Paseo de la Reforma 186, 40000 Trade City, Mexico",Mexico,"beverages, food"
NL4308407878,Molecular Process CV,"Julianastraat 164, 5038 Tilburg, Netherlands",Netherlands,"chemicals, food"
FR3385415624,Glow SCA,"Rue de l'Église 156, 13001 Marseille, France",France,cosmetics
BG7718332921,Material Natural Resource,"Tsar Shishman Street 77, 20000 Central City, Bulgaria",Bulgaria,raw_materials
MX8635829113,Recreation Organic Joy,"Avenida Juárez 149, 30000 Port City, Mexico",Mexico,toys
TR7106736032,Gastro Trading,"Istiklal Caddesi 68, 10000 Capital City, Turkey",Turkey,"food, household"
ES9743499858,Continental Circuit,"Export Road 24, 10000 Capital City, Spain",Spain,"electronics, food"
IT3010457133,Hydration Professional Textile,"Via Mazzini 50, 95121 Catania, Italy",Italy,"beverages, furniture"
PL8082935229,Poznań House S.A.,"Warszawska 179, 90-001 Łódź, Poland",Poland,furniture
HR4852825151,Sesvete United Import Industries,"Savska 148, 10000 Capital City, Croatia",Croatia,No preference
BE2726001101,Premium Exclusive,"Rue de Flandre 23, 40000 Trade City, Belgium",Belgium,"chemicals, luxury"
MT7761100005,Device Taste,"Tower Road 19, 40000 Trade City, Malta",Malta,"electronics, food"
PL3051094671,Food Shop Holding,"Warszawska 98, 00-001 Warsaw, Poland",Poland,food
TH9938125689,Tech Digital Trading,"Charoen Krung Road 180, 20000 Central City, Thailand",Thailand,electronics
PL2530270686,Design Sp. j.,"Warszawska 124, 70-001 Szczecin, Poland",Poland,furniture
KR4588016384,Daejeon Substance Element,"Teheran-ro 155, 20000 Central City, South Korea",South Korea,chemicals
CY1202715908,Green Industries,"Spyrou Kyprianou Avenue 160, 30000 Port City, Cyprus",Cyprus,produce
SI3872177944,Ptuj Best Service,"Gosposvetska cesta 58, 50000 Commerce City, Slovenia",Slovenia,No preference
ID7351729182,Produce Corporation,"Jalan Merdeka 142, 40000 Trade City, Indonesia",Indonesia,"produce, toys"
KR9033448237,Tech Substance Tech,"Eulji-ro 37, 10000 Capital City, South Korea",South Korea,"chemicals, electronics"
FR7457248418,Thirst SCA,"Rue du Moulin 167, 59000 Lille, France",France,beverages
MX8050808371,Juárez Smart Diet,"Avenida Revolución 122, 30000 Port City, Mexico",Mexico,food
NL6299862033,Gastro Gastro Diet,"Wilhelminastraat 69, 5038 Tilburg, Netherlands",Netherlands,food
IT9887106123,Turin Food Enterprises,"Piazza Duomo 77, 10121 Turin, Italy",Italy,luxury
ES8585567525,Domestic Industries,"Commerce Road 98, 50000 Commerce City, Spain",Spain,household
DE7403623109,Process Lifestyle Interior OHG,"Waldstraße 32, 20095 Hamburg, Germany",Germany,"chemicals, household"
CN7196861323,Residence Dwelling Residence,"Renmin Road 169, 400000 Chongqing, China",China,household
ZA6732619584,Select Ltd,"Adderley Street 151, 30000 Port City, South Africa",South Africa,luxury
IT8400298022,Apparel Assist Brew,"Via Dante 86, 16121 Genoa, Italy",Italy,"beverages, clothing"
ZA9086119237,Harvest Green Produce Holdings,"High Street 148, 10000 Capital City, South Africa",South Africa,produce
US3790100045,Vital Enterprises,"Lincoln Avenue 195, 85001 Phoenix, USA",USA,medical
CA5616235921,Care Life,"Portage Avenue 131, 40000 Trade City, Canada",Canada,medical
NL5233512007,Tilburg Specialist Shipping Groep,"Dorpsstraat 148, 5611 Eindhoven, Netherlands",Netherlands,No preference
NL4792069293,Chemical Substance Holding,"Schoolstraat 6, 4811 Breda, Netherlands",Netherlands,chemicals
US2240989664,New York Nice Care,"Lincoln Avenue 166, 92101 San Diego, USA",USA,medical
BR5759040834,Wear Liquid Garment Ltda.,"Rua das Flores 24, 69000-000 Manaus, Brazil",Brazil,"beverages, clothing"
GB2484610568,Liverpool Style Group,"Victoria Road 51, L1 1JD Liverpool, United Kingdom",United Kingdom,"clothing, medical"
GB3981318284,English Creative Market Limited,"Station Road 140, LS1 1UR Leeds, United Kingdom",United Kingdom,beverages
AU2396665016,Fresh Produce Natural Enterprises,"Elizabeth Street 198, 40000 Trade City, Australia",Australia,produce
FR4471941923,Paris Standard Gastro,"Rue Victor Hugo 196, 59000 Lille, France",France,"beverages, food"
GB1971216492,Luxury Ltd,"High Street 172, BS1 1DB Bristol, United Kingdom",United Kingdom,"luxury, medical"
CZ8099661655,Brno Fluid Quench a.s.,"Nerudova 52, 10000 Capital City, Czech Republic",Czech Republic,beverages
IN8046451089,Delhi Remedy Therapeutic Trading,"Nehru Road 28, 226001 Lucknow, India",India,"chemicals, medical"
SE7520692807,Helsingborg Tech,"Ringvägen 67, 602 27 Norrköping, Sweden",Sweden,electronics
ZA2815820416,Produce Holdings,"Commercial Road 132, 30000 Port City, South Africa",South Africa,"produce, raw_materials"
KR1471330317,Gwangju Fast Distribution Corporation,"Sejong-daero 18, 40000 Trade City, South Korea",South Korea,No preference
JP8427578361,Play Leisure Kid,"Ginza 89, 460-0008 Nagoya, Japan",Japan,toys
AT2261537795,Klagenfurt Swift Electronics International,"Wollzeile 22, 30000 Port City, Austria",Austria,No preference
SE7420149965,Swedish Habitat Home,"Kyrkogatan 189, 553 16 Jönköping, Sweden",Sweden,"household, raw_materials"
NO9441700901,Trondheim International Store,"Solveien 129, 9008 Tromsø, Norway",Norway,No preference
LT1972531266,Šiauliai Master Technologies,"Pylimo gatvė 156, 20000 Central City, Lithuania",Lithuania,furniture
LV9864732211,Daugavpils Best Industries,"Stabu iela 91, 30000 Port City, Latvia",Latvia,No preference
JP9162632179,Kobe Cure Health,"Nakamise-dori 80, 810-0001 Fukuoka, Japan",Japan,medical
BR5254285782,Resource Indústrias,"Rua Rio de Janeiro 50, 20000-000 Rio de Janeiro, Brazil",Brazil,raw_materials
IT9297025280,Apparel Couture Apparel SAPA,"Via Dante 1, 90133 Palermo, Italy",Italy,clothing
FI6822555176,Store Trading,"Fredrikinkatu 133, 30000 Port City, Finland",Finland,No preference
VN9279869347,Gourmet Technologies,"Tran Hung Dao Street 67, 20000 Central City, Vietnam",Vietnam,"electronics, food"
KR9148476157,Electronic Industries,"Garosu-gil 78, 30000 Port City, South Korea",South Korea,"electronics, household"
LU4182893211,Quench Quench Brew,"Rue Chimay 139, 50000 Commerce City, Luxembourg",Luxembourg,beverages
ZA3120986582,Port Elizabeth Raw Resource,"Park Street 17, 10000 Capital City, South Africa",South Africa,raw_materials
GR5480055173,Thread Fashion Style O.E.,"Mitropoleos Street 66, 50000 Commerce City, Greece",Greece,clothing
JP1552742766,Sophisticated KK,"Nakamise-dori 132, 220-0005 Yokohama, Japan",Japan,luxury
ID7862030262,Upscale Prestige Sophisticated,"Jalan Merdeka 6, 30000 Port City, Indonesia",Indonesia,luxury
RU9937428164,Food International,"Kutuzovsky Prospekt 57, 620000 Yekaterinburg, Russia",Russia,"beverages, raw_materials"
ES3913456247,Universal Home Transport International,"Commerce Road 176, 20000 Central City, Spain",Spain,household
IT2232034581,Taste Nutrition Tech International,"Via Marconi 151, 20121 Milan, Italy",Italy,food
IN5696066643,Molecular Chemical Consulting,"Station Road 84, 226001 Lucknow, India",India,chemicals
NO4151640580,Tech ANS,"Solveien 196, 6003 Ålesund, Norway",Norway,electronics
HU1418003917,Store Industries,"Kerepesi út 42, 30000 Port City, Hungary",Hungary,electronics
IN2363379552,Style Wear Couture,"Gandhi Road 168, 411001 Pune, India",India,clothing
IT7095884442,Genoa World Wood,"Via Marconi 192, 50123 Florence, Italy",Italy,"furniture, luxury"
JP8866095200,Elite Sophisticated,"Ginza 74, 220-0005 Yokohama, Japan",Japan,luxury
DE3145626734,Berlin Residence Shipping SE,"Waldstraße 37, 04109 Leipzig, Germany",Germany,household
DE8025449424,Hamburg A1 House,"Birkenweg 87, 44135 Dortmund, Germany",Germany,"household, medical"
PT6487590915,Lisbon Processing,"Avenida 24 de Julho 153, 30000 Port City, Portugal",Portugal,clothing
BR9097902298,Shop S/A,"Avenida Amazonas 26, 60000-000 Fortaleza, Brazil",Brazil,"food, produce"
IN7316387912,Bangalore Power Compound,"Sadar Bazaar 125, 110001 Delhi, India",India,"chemicals, luxury"
NL6132639682,Haag Shipping,"Beatrixstraat 61, 3511 Utrecht, Netherlands",Netherlands,produce
MX8264499550,Tijuana Rapid Distribution,"Avenida Insurgentes 85, 30000 Port City, Mexico",Mexico,"beverages, toys"
IN1777956948,Culinary Gourmet,"Park Street 74, 411001 Pune, India",India,food
GB8916859335,British Top Med Limited,"Victoria Road 58, G1 1QN Glasgow, United Kingdom",United Kingdom,medical
BR4348165187,Brasil Combined Edible S.A.,"Avenida Paulista 47, 30000-000 Belo Horizonte, Brazil",Brazil,food
FR6858490332,Flavor Delicacy Sophisticated,"Place de la Liberté 197, 31000 Toulouse, France",France,"food, luxury"
IE3294214704,Gadget Electro Hydration,"Henry Street 150, 20000 Central City, Ireland",Ireland,"beverages, electronics"
NO4421732042,Device Holding,"Kongsveien 41, 4005 Stavanger, Norway",Norway,electronics
NL2378507697,Groningen Taste Nutrition,"Oranjestraat 187, 1012 Amsterdam, Netherlands",Netherlands,"chemicals, food"
TR7497595984,Istanbul Star Wholesale,"Bağdat Caddesi 199, 30000 Port City, Turkey",Turkey,No preference
AU9052571525,Perth Organic Solutions Ltd,"George Street 6, 10000 Capital City, Australia",Australia,No preference
IT8023326925,Wood Advanced Gourmet SAS,"Via Garibaldi 187, 80100 Naples, Italy",Italy,"food, furniture"
ZA2679097914,Bloemfontein Gastro,"High Street 173, 20000 Central City, South Africa",South Africa,"food, raw_materials"
DE3417226644,Life National Med,"Schulstraße 174, 60311 Frankfurt, Germany",Germany,medical
PL1948892092,House Living,"Gdańska 162, 85-001 Bydgoszcz, Poland",Poland,"furniture, household"
CN9247544160,Shanghai Service,"Renmin Road 133, 200000 Shanghai, China",China,"electronics, toys"
CN1545564579,Game Leisure Kid Corporation,"Zhongshan Road 190, 400000 Chongqing, China",China,toys
FR5153464258,Strasbourg Gastro Food SCA,"Rue de Paris 58, 75001 Paris, France",France,food
FR2727507608,Marseille Thirst,"Rue de l'Église 20, 59000 Lille, France",France,beverages
RU2545797952,Saint Petersburg Shipping,"Sadovaya Street 173, 101000 Moscow, Russia",Russia,"beverages, raw_materials"
BE1698553625,Systems Trading,"Rue de la Loi 122, 50000 Commerce City, Belgium",Belgium,food
TR9733242365,Produce International Green International,"Halaskargazi Caddesi 74, 40000 Trade City, Turkey",Turkey,produce
AU2215125515,Resource Primary,"Market Street 189, 50000 Commerce City, Australia",Australia,raw_materials
GB9509220242,Sophisticated Compound,"King Street 77, LS1 1UR Leeds, United Kingdom",United Kingdom,"chemicals, luxury"
RU8407526786,Chelyabinsk Basic,"Tverskaya Street 178, 454000 Chelyabinsk, Russia",Russia,raw_materials
ES9830180518,Delicacy Corporation,"Export Road 123, 10000 Capital City, Spain",Spain,food
BR2896127688,São Paulo Partner Basic,"Avenida Atlântica 172, 01000-000 São Paulo, Brazil",Brazil,raw_materials
CN2657985313,Systems International,"Xinhua Street 9, 610000 Chengdu, China",China,"electronics, toys"
KR7080313293,Home Enterprises,"Insadong-gil 63, 20000 Central City, South Korea",South Korea,household
LT6171846709,Mažeikiai Hyper Stitch,"Pilies gatvė 174, 10000 Capital City, Lithuania",Lithuania,"clothing, food"
ES6490074701,Garment Couture Apparel,"Industrial Lane 85, 30000 Port City, Spain",Spain,clothing
RO2384895198,Fashion Fashion Industries,"Bulevardul Unirii 148, 30000 Port City, Romania",Romania,clothing
BG1239731928,Flavor KD,"Vitosha Boulevard 10, 10000 Capital City, Bulgaria",Bulgaria,food
ID7476026370,Palembang Elite Holdings,"Jalan Gatot Subroto 125, 40000 Trade City, Indonesia",Indonesia,luxury
CN8412393217,Fun Hobby,"Renmin Road 188, 430000 Wuhan, China",China,"raw_materials, toys"
ES9913273983,Fabric Apparel Apparel Inc.,"Harbor Road 164, 20000 Central City, Spain",Spain,clothing
IT3065720902,Rome Thirst Holding,"Via Mazzini 189, 80100 Naples, Italy",Italy,"beverages, luxury"
AE8611730471,Substance Substance Process Corporation,"Al Maktoum Street 77, 30000 Port City, United Arab Emirates",United Arab Emirates,"chemicals, electronics"
NO3795176226,Retail KS,"Kirkegata 58, 1607 Fredrikstad, Norway",Norway,No preference
HU8991695305,Logistics Kft.,"Dohány utca 176, 40000 Trade City, Hungary",Hungary,electronics
SK8968677152,Banská Bystrica Standard Export,"Obchodná ulica 29, 20000 Central City, Slovakia",Slovakia,electronics
FR7394609945,Exclusive Help Sophisticated,"Rue du Moulin 169, 06000 Nice, France",France,"beverages, luxury"
AU2190934927,Melbourne Export,"Queen Street 175, 10000 Capital City, Australia",Australia,"beverages, food"
CN1839138793,Play Joy Limited,"Jianguo Road 160, 430000 Wuhan, China",China,toys
TH9916421024,Farm Corporation,"Khao San Road 187, 30000 Port City, Thailand",Thailand,produce
BE4767173637,Molecular Synthesis React SPRL,"Avenue Louise 54, 10000 Capital City, Belgium",Belgium,"chemicals, food"
US6235282166,Drink Digital Market International,"Highland Avenue 142, 92101 San Diego, USA",USA,"beverages, electronics"
PL4470223619,Green Sp. z o.o.,"Poznańska 184, 20-001 Lublin, Poland",Poland,produce
LV6948680585,Market International,"Elizabetes iela 177, 10000 Capital City, Latvia",Latvia,No preference
GB1178326062,Pharma Apparel Export Ltd,"Station Road 62, M1 1AE Manchester, United Kingdom",United Kingdom,"clothing, medical"
TR3548507967,Izmir Living,"Vatan Caddesi 70, 10000 Capital City, Turkey",Turkey,household
MT9045252906,San Ġwann Better Device Corporation,"Triq Manwel Dimech 183, 50000 Commerce City, Malta",Malta,electronics
RU1344359592,Beverage Origin Trading,"Malyy Prospekt 65, 450000 Ufa, Russia",Russia,"beverages, raw_materials"
AT4748276446,Bottle Exclusive,"Kärntner Straße 10, 30000 Port City, Austria",Austria,"beverages, luxury"
PL6812043144,Łódź Dwelling Consulting,"Kościuszki 138, 40-001 Katowice, Poland",Poland,"furniture, household"
BG9417667127,Bulgarian Harvest Group,"Patriarch Evtimiy Boulevard 44, 40000 Trade City, Bulgaria",Bulgaria,produce
IE7617553105,Thirst Vital,"Dame Street 60, 10000 Capital City, Ireland",Ireland,"beverages, medical"
IT7390033996,Upscale SpA,"Corso Italia 155, 16121 Genoa, Italy",Italy,luxury
TH3282277114,Thai Game,"Khao San Road 121, 10000 Capital City, Thailand",Thailand,toys
IT2375091946,Naples Diet SNC,"Via Marconi 17, 16121 Genoa, Italy",Italy,"food, furniture"
ID5665646753,Jakarta Solution Apparel International,"Jalan Ahmad Yani 138, 10000 Capital City, Indonesia",Indonesia,clothing
RO5539334777,Cluj-Napoca Fast Service,"Bulevardul Dacia 111, 40000 Trade City, Romania",Romania,No preference
IT9583220629,Naples Professional Furnish,"Via Milano 67, 00100 Rome, Italy",Italy,furniture
ID7127731419,Depok Organic Fine,"Jalan Pemuda 23, 10000 Capital City, Indonesia",Indonesia,luxury
JP8088843915,Nagoya Nice Shop GK,"Nakamise-dori 20, 210-0001 Kawasaki, Japan",Japan,medical
FR7426858226,Nantes Taste Export,"Rue des Écoles 177, 59000 Lille, France",France,food
ZA3443063752,Kimberley Delicacy Holdings,"Long Street 102, 50000 Commerce City, South Africa",South Africa,food
DE6059196673,Cure KGaA,"Dorfstraße 100, 10115 Berlin, Germany",Germany,"electronics, medical"
RO6065752268,Couture Corporation,"Bulevardul Carol I 193, 40000 Trade City, Romania",Romania,clothing
MT2749350262,Flavor Industries,"Triq Manwel Dimech 155, 30000 Port City, Malta",Malta,food
TH3850026041,Style Power Fabric,"Phetchaburi Road 63, 40000 Trade City, Thailand",Thailand,clothing
US8125814170,San Diego Bottle Import Holdings,"Highland Avenue 95, 85001 Phoenix, USA",USA,beverages
IN8794908997,Thread Fabric,"Chandni Chowk 191, 110001 Delhi, India",India,clothing
RO4364798278,Romanian Furnish Trading,"Calea Griviței 1, 10000 Capital City, Romania",Romania,"furniture, produce"
DE4511992533,Element Solution eG,"Birkenweg 151, 40213 Düsseldorf, Germany",Germany,chemicals
IT7362699685,Thirst Pro Import Enterprises,"Piazza Duomo 106, 50123 Florence, Italy",Italy,"beverages, furniture"
RO9519263686,Transport Group,"Strada Smârdan 175, 50000 Commerce City, Romania",Romania,furniture
FR1716915573,Toulouse Service,"Boulevard Saint-Michel 105, 69001 Lyon, France",France,luxury
MX7762474737,Gourmet Industrias,"Calle 5 de Mayo 142, 40000 Trade City, Mexico",Mexico,"clothing, food"
BR6724944411,Brazilian Gastro Internacional,"Rua Copacabana 180, 50000-000 Recife, Brazil",Brazil,food
FI4788947574,Habitat Holding,"Esplanadi 35, 20000 Central City, Finland",Finland,"electronics, household"
CA4031961324,Text Group,"Queen Street 4, 10000 Capital City, Canada",Canada,"paper, raw_materials"
JP7043345644,Fukuoka Premium Luxury KK,"Sakura-dori 73, 460-0008 Nagoya, Japan",Japan,luxury
IN8350047961,Element Solution Elite,"Park Street 88, 400001 Mumbai, India",India,"chemicals, luxury"
BR9676059497,Crop Gastro Ltda.,"Avenida Paulista 178, 70000-000 Brasília, Brazil",Brazil,"food, produce"
SG5640389791,Jurong Energetic Molecular,"Raffles Boulevard 90, 40000 Trade City, Singapore",Singapore,"chemicals, electronics"
ES3108105709,Intercontinental Shipping Inc.,"Port Street 69, 50000 Commerce City, Spain",Spain,electronics
IT5265720704,Palermo Clean Systems Group,"Via Marconi 198, 00100 Rome, Italy",Italy,"food, luxury"
GB2699118333,Synthesis Industries,"London Road 72, L1 1JD Liverpool, United Kingdom",United Kingdom,"chemicals, clothing"
GB7626150744,English Vital Ltd,"Main Street 106, S1 1DA Sheffield, United Kingdom",United Kingdom,"beverages, medical"
VN2442029236,Vietnam Circuit Textile International,"Dong Khoi Street 10, 10000 Capital City, Vietnam",Vietnam,"electronics, furniture"
PT6498986017,Lisbon Living Manufacturing,"Avenida da República 9, 20000 Central City, Portugal",Portugal,household
SI5853938069,Maribor Gadget,"Wolfova ulica 143, 50000 Commerce City, Slovenia",Slovenia,electronics
VN2959817411,Ho Chi Minh Beverage LLC,"Le Duan Street 190, 10000 Capital City, Vietnam",Vietnam,clothing
ID5705556700,Luxury Construction,"Jalan Pahlawan 109, 50000 Commerce City, Indonesia",Indonesia,"clothing, luxury"
CN9724173741,Beijing Comfort Smart,"Jianguo Road 2, 300000 Tianjin, China",China,"electronics, household"
CN8304859288,Fabric Wear International,"Jianguo Road 164, 210000 Nanjing, China",China,"clothing, toys"
RO3702204367,Wood Furnish Processing,"Calea Victoriei 143, 10000 Capital City, Romania",Romania,"clothing, furniture"
CN9924292296,Couture Electronics,"Guangming Road 136, 518000 Shenzhen, China",China,clothing
MX1527722674,Tijuana Quench,"Avenida Insurgentes 17, 30000 Port City, Mexico",Mexico,beverages
BE9571743769,Charleroi Culinary,"Rue Royale 100, 30000 Port City, Belgium",Belgium,food
SE4920926782,Dwelling Safe Engineering,"Ringvägen 39, 211 20 Malmö, Sweden",Sweden,"furniture, household"
BR3156968684,Rio de Janeiro Refreshment,"Rua São Paulo 121, 01000-000 São Paulo, Brazil",Brazil,beverages
IT9852594674,Flavor Flavor Nutrition,"Via Dante 159, 50123 Florence, Italy",Italy,food
CZ2637280868,České Budějovice Store,"Jindřišská 43, 10000 Capital City, Czech Republic",Czech Republic,No preference
CZ9114662784,Prague Tech,"Národní třída 184, 40000 Trade City, Czech Republic",Czech Republic,No preference
NO7386369557,Oslo Electro,"Ringveien 42, 4005 Stavanger, Norway",Norway,electronics
BG3579583244,Shipping KD,"Tsar Osvoboditel Boulevard 117, 20000 Central City, Bulgaria",Bulgaria,raw_materials
BR9213748798,Salvador Origin S.A.,"Rua Copacabana 21, 20000-000 Rio de Janeiro, Brazil",Brazil,raw_materials
ZA4656254252,Cultivate Industries (Pty) Ltd,"Adderley Street 26, 50000 Commerce City, South Africa",South Africa,produce
AT6424429823,Austria Electronics Enterprises,"Landstraßer Hauptstraße 45, 20000 Central City, Austria",Austria,food
LV9876305224,Latvian International Manufacturing Holding,"Lāčplēša iela 49, 50000 Commerce City, Latvia",Latvia,food
PT8270403081,Funchal Garment Shipping Enterprises,"Avenida da Liberdade 13, 50000 Commerce City, Portugal",Portugal,"clothing, produce"
TH7984460697,Leisure Holdings,"Silom Road 184, 20000 Central City, Thailand",Thailand,"clothing, toys"
IT3662896822,Industries SpA,"Via Mazzini 20, 00100 Rome, Italy",Italy,clothing
ID9696142091,Source Direct Element,"Jalan Ahmad Yani 93, 50000 Commerce City, Indonesia",Indonesia,raw_materials
PT7508787600,Porto Fresh,"Avenida da Liberdade 132, 20000 Central City, Portugal",Portugal,produce
CN6017774222,"Fun Co., Ltd.","Yongxing Street 11, 518000 Shenzhen, China",China,toys
VN6012563457,Can Tho Shop,"Le Duan Street 48, 40000 Trade City, Vietnam",Vietnam,"clothing, food"
BR6660423238,Produce Organic Negócios,"Avenida Paulista 192, 40000-000 Salvador, Brazil",Brazil,produce
RU8887037970,Russian Textile,"Pushkinskaya Street 18, 630000 Novosibirsk, Russia",Russia,"beverages, food"
TH4990096341,Leisure Good Furniture,"Ratchaprasong Road 12, 10000 Capital City, Thailand",Thailand,"produce, toys"
FR7275874873,Lyon Thirst,"Rue Victor Hugo 18, 59000 Lille, France",France,beverages
ES3890941031,Garment Garment Distribution,"Trade Street 197, 10000 Capital City, Spain",Spain,"clothing, household"
SG5766175685,House Holdings,"Boat Quay 177, 10000 Capital City, Singapore",Singapore,household
IT4521583952,Hydration Trade Gourmet Srl,"Corso Italia 88, 70121 Bari, Italy",Italy,"beverages, food"
IT7081836029,Apparel Fashion Stitch International,"Via Mazzini 164, 10121 Turin, Italy",Italy,clothing
AU2801187985,Green Garden,"Oxford Street 84, 50000 Commerce City, Australia",Australia,produce
ES3079462512,Gastro Circuit Inc.,"Business Park 119, 30000 Port City, Spain",Spain,"electronics, food"
ES3173915424,Delicacy Inc.,"Central Avenue 130, 20000 Central City, Spain",Spain,food
CA5489846393,Vancouver Integrated Consulting,"Portage Avenue 46, 10000 Capital City, Canada",Canada,No preference
ID6090770523,Surabaya Source Tbk,"Jalan Ahmad Yani 102, 40000 Trade City, Indonesia",Indonesia,"produce, raw_materials"
VN4480908133,Toy Logistics,"Le Duan Street 18, 50000 Commerce City, Vietnam",Vietnam,"clothing, toys"
GB1085853422,Synthesis Molecular LLP,"Station Road 2, B1 1BB Birmingham, United Kingdom",United Kingdom,chemicals
BR1896511281,Shipping Ltda.,"Rua Santos Dumont 140, 30000-000 Belo Horizonte, Brazil",Brazil,"beverages, raw_materials"
LT5581636795,Molecular Substance Molecular Trading,"Kauno gatvė 149, 20000 Central City, Lithuania",Lithuania,chemicals
US5875666538,Prestige Joint Consulting,"Park Avenue 116, 10001 New York, USA",USA,luxury
TR4486488874,Garment Wear Wear,"Atatürk Bulvarı 66, 20000 Central City, Turkey",Turkey,clothing
PL7027771543,Kraków Comfort Sp. k.,"Poznańska 28, 20-001 Lublin, Poland",Poland,"furniture, household"
BG1483076047,Stara Zagora Drink Culinary International,"Tsar Osvoboditel Boulevard 115, 10000 Capital City, Bulgaria",Bulgaria,"beverages, food"
HU2875457807,Hungarian Beverage Nyrt.,"Andrássy út 47, 20000 Central City, Hungary",Hungary,beverages
ES7037498909,Lifestyle Enterprises,"Industrial Lane 67, 20000 Central City, Spain",Spain,"clothing, household"
HU4492625407,Device Kft.,"Andrássy út 188, 50000 Commerce City, Hungary",Hungary,electronics
HU2515295005,Nyíregyháza Logistics,"Kossuth Lajos utca 190, 30000 Port City, Hungary",Hungary,"clothing, electronics"
KR1765758284,Pharma Health Therapeutic,"Garosu-gil 7, 30000 Port City, South Korea",South Korea,medical
GB8064198389,Bristol Prestige,"Church Road 49, SW1A 1AA London, United Kingdom",United Kingdom,luxury
TH4686968905,"Chip Gadget Co., Ltd.","Ratchadamri Road 79, 10000 Capital City, Thailand",Thailand,electronics
CN3493063859,Raw Source,"Xingfu Road 200, 400000 Chongqing, China",China,"clothing, raw_materials"
RO4205591770,Style Textile,"Strada Smârdan 118, 30000 Port City, Romania",Romania,clothing
LV8984393781,Gadget Market,"Krišjāņa Valdemāra iela 134, 30000 Port City, Latvia",Latvia,"electronics, food"
SE1126284804,Linköping Text Kommanditbolag,"Strandvägen 71, 753 12 Uppsala, Sweden",Sweden,paper
PL8570848162,Wrocław Nutrition Diet,"Krakowska 162, 85-001 Bydgoszcz, Poland",Poland,food
BR5586862564,Gastro Swift Gourmet Comércio,"Rua Santos Dumont 7, 60000-000 Fortaleza, Brazil",Brazil,food
ES9379220409,Global House Corp.,"Business Park 25, 30000 Port City, Spain",Spain,"food, household"
DE8046920540,German Network Health SE,"Bergstraße 64, 40213 Düsseldorf, Germany",Germany,"household, medical"
CN3607465218,Child Corporation,"Jiefang Road 54, 100000 Beijing, China",China,toys
BG8325894764,Textile Fine Wear Enterprises,"Vitosha Boulevard 191, 20000 Central City, Bulgaria",Bulgaria,clothing
TH3464761545,Surat Thani Gastro Industries,"Khao San Road 115, 50000 Commerce City, Thailand",Thailand,"food, produce"
IT6908504342,Rome Allied Furniture,"Via Vittorio Emanuele 152, 90133 Palermo, Italy",Italy,beverages
HU7958494437,Tech Kkt.,"Váci utca 19, 10000 Capital City, Hungary",Hungary,"beverages, electronics"
AU5334320794,Hydration Eco Drink Ltd,"Oxford Street 200, 50000 Commerce City, Australia",Australia,beverages
IN8114634187,Chemical Ltd.,"Connaught Place 174, 600001 Chennai, India",India,"chemicals, clothing"
PL2562766654,Delicacy Sp. k.,"Sienkiewicza 192, 30-001 Kraków, Poland",Poland,"food, furniture"
VN5713310193,Vietnamese House Decor,"Nguyen Trai Street 97, 40000 Trade City, Vietnam",Vietnam,furniture
ID6852325391,Elite Elite Upscale,"Jalan Malioboro 65, 10000 Capital City, Indonesia",Indonesia,luxury
DE8239731094,Essen Pro Shop GbR,"Kirchstraße 1, 45127 Essen, Germany",Germany,No preference
FR4661459242,Nantes Service Distribution,"Rue de la République 198, 31000 Toulouse, France",France,luxury
FR7284927359,Technologies Holding,"Rue Pasteur 20, 06000 Nice, France",France,"cosmetics, luxury"
ZA5049217433,Material Holdings,"Main Road 130, 10000 Capital City, South Africa",South Africa,"luxury, raw_materials"
FR5153308001,French Med Consulting,"Avenue des Champs-Élysées 95, 59000 Lille, France",France,medical
SG6849915632,Compound Connect Compound,"Orchard Road 86, 20000 Central City, Singapore",Singapore,"chemicals, medical"
LT4715737153,Vilnius Engineering International,"Didžioji gatvė 17, 10000 Capital City, Lithuania",Lithuania,No preference
NL4544958590,Flavor Enterprises,"Molenweg 26, 1315 Almere, Netherlands",Netherlands,food
PL8990154528,Bydgoszcz Connect Green,"Piłsudskiego 54, 80-001 Gdańsk, Poland",Poland,produce
KR2373031053,Device International,"Garosu-gil 173, 10000 Capital City, South Korea",South Korea,electronics
NL5659925490,Nederland Next Distribution,"Wilhelminastraat 193, 5611 Eindhoven, Netherlands",Netherlands,No preference
KR5927487011,Therapeutic Therapeutic Corporation,"Insadong-gil 190, 50000 Commerce City, South Korea",South Korea,medical
ZA9169924922,Cultivate Direct Primary,"Church Street 94, 30000 Port City, South Africa",South Africa,"produce, raw_materials"
ZA9710414928,East London Beverage,"Main Road 137, 50000 Commerce City, South Africa",South Africa,"beverages, food"
BR5961049043,Fabric Textile,"Avenida Brasil 6, 70000-000 Brasília, Brazil",Brazil,clothing
CN1883858284,Tianjin Thread International,"Guangming Road 36, 523000 Dongguan, China",China,"clothing, raw_materials"
DE1228764090,Stuttgart React,"Hauptstraße 132, 50667 Cologne, Germany",Germany,"chemicals, household"
AE6824794461,Beverage Holdings,"Al Fahidi Street 191, 30000 Port City, United Arab Emirates",United Arab Emirates,"beverages, cosmetics"
DE9804268838,Formula Substance Chemical,"Schulstraße 183, 70173 Stuttgart, Germany",Germany,chemicals
FR5674420102,Pharma Prestige Select,"Rue Victor Hugo 101, 13001 Marseille, France",France,"luxury, medical"
BR7746456010,Couture Nutrition Fashion,"Avenida Brasil 41, 69000-000 Manaus, Brazil",Brazil,"clothing, food"
SK7430586575,Chip Device,"Hlavné námestie 130, 40000 Trade City, Slovakia",Slovakia,electronics
RU3170988862,Beverage Export,"Leninsky Prospekt 103, 101000 Moscow, Russia",Russia,beverages
FR2299419063,Paris Beauty,"Rue de Paris 110, 06000 Nice, France",France,cosmetics
GR7376283741,Textile E.E.,"Ermou Street 63, 30000 Port City, Greece",Greece,clothing
RU9470523707,Market OAO,"Malyy Prospekt 43, 443000 Samara, Russia",Russia,No preference
DE3386915852,Hamburg Gadget GmbH,"Schulstraße 59, 60311 Frankfurt, Germany",Germany,"chemicals, electronics"
HU8400771142,Brew Store,"Andrássy út 82, 50000 Commerce City, Hungary",Hungary,beverages
CY7848925985,Nicosia Farm Corporation,"Makarios Avenue 75, 50000 Commerce City, Cyprus",Cyprus,produce
PL8614084428,Gdańsk Edible Sp. z o.o.,"Kościuszki 107, 70-001 Szczecin, Poland",Poland,food
BR8515778358,Belo Horizonte Material,"Avenida Brasil 28, 60000-000 Fortaleza, Brazil",Brazil,raw_materials
NL5051102608,Nutrition Active Processing,"Julianastraat 14, 6511 Nijmegen, Netherlands",Netherlands,"food, produce"
IN2407902537,Ahmedabad Formula Export,"Sadar Bazaar 158, 411001 Pune, India",India,"chemicals, food"
ID5174283537,Indonesian Upscale Exclusive,"Jalan Pahlawan 74, 10000 Capital City, Indonesia",Indonesia,luxury
AE4711527821,Elegant Corporation,"Jumeirah Road 122, 50000 Commerce City, United Arab Emirates",United Arab Emirates,"electronics, luxury"
PL5706984127,Manufacturing Group,"Poznańska 71, 50-001 Wrocław, Poland",Poland,food
IN4766718353,Chennai Style Pvt. Ltd.,"Civil Lines 167, 110001 Delhi, India",India,clothing
FI5469243303,Vantaa Furniture Ab,"Hämeentie 153, 10000 Capital City, Finland",Finland,No preference
GB5331829494,Brew PLC,"Mill Lane 77, S1 1DA Sheffield, United Kingdom",United Kingdom,beverages
DE7657483240,Export KGaA,"Waldstraße 145, 60311 Frankfurt, Germany",Germany,medical
ES2373436169,International Professional Culinary Corporation,"Main Street 148, 10000 Capital City, Spain",Spain,food
CA4071673778,Gastro Nice Food,"Queen Street 60, 20000 Central City, Canada",Canada,"food, paper"
RU1642092656,Saint Petersburg Basic Source International,"Arbat Street 47, 630000 Novosibirsk, Russia",Russia,raw_materials
MX1641399845,Monterrey Fashion Dwelling Holdings,"Avenida Revolución 154, 10000 Capital City, Mexico",Mexico,"clothing, household"
DE5213499185,Med KG,"Bergstraße 142, 44135 Dortmund, Germany",Germany,medical
DE5398575707,Interior Device,"Birkenweg 103, 50667 Cologne, Germany",Germany,"electronics, household"
SG7070143256,Shipping LLP,"Clarke Quay 98, 40000 Trade City, Singapore",Singapore,"electronics, luxury"
RO7255849532,Iași Solutions Industries,"Bulevardul Unirii 107, 10000 Capital City, Romania",Romania,"furniture, produce"
GR3962662837,Thirst Fluid,"Aiolou Street 28, 20000 Central City, Greece",Greece,beverages
FI6409756226,Dwelling Comfort International,"Bulevardi 25, 50000 Commerce City, Finland",Finland,household
SG8126377544,Smart Digital Market,"Shenton Way 19, 10000 Capital City, Singapore",Singapore,"electronics, medical"
VN3082627266,Chip Edible,"Tran Hung Dao Street 105, 30000 Port City, Vietnam",Vietnam,"electronics, food"
VN4409497562,Game Natural Tech Corporation,"Hai Ba Trung Street 6, 20000 Central City, Vietnam",Vietnam,"electronics, toys"
IN8760998190,Chennai Elite,"Gandhi Road 117, 700001 Kolkata, India",India,"chemicals, luxury"
HU3734123283,Brew Electro Group,"Ráday utca 43, 40000 Trade City, Hungary",Hungary,"beverages, electronics"
RU9542363356,Resource Trading,"Tverskaya Street 33, 420000 Kazan, Russia",Russia,raw_materials
BR8049178119,Brasil Specialist Market,"Rua das Flores 45, 60000-000 Fortaleza, Brazil",Brazil,"beverages, produce"
DE7425224257,Vital Pro Therapeutic KG,"Kirchstraße 55, 50667 Cologne, Germany",Germany,medical
GB9117217602,Leeds Couture Enterprises,"Mill Lane 85, M1 1AE Manchester, United Kingdom",United Kingdom,"beverages, clothing"
PL7565280589,Fresh Processing S.K.A.,"Poznańska 69, 70-001 Szczecin, Poland",Poland,produce
RU5666005361,Omsk Support Resource,"Liteyny Prospekt 81, 443000 Samara, Russia",Russia,raw_materials
VN1602946223,Living Joy,"Pham Ngu Lao Street 133, 10000 Capital City, Vietnam",Vietnam,"furniture, toys"
SE5941624239,Living Swift Design Koncern,"Kyrkogatan 163, 602 27 Norrköping, Sweden",Sweden,furniture
SK4984941354,Dwelling Dwelling,"Hlavné námestie 100, 30000 Port City, Slovakia",Slovakia,household
JP7307639291,Construction Holdings,"Omotesando 155, 100-0001 Tokyo, Japan",Japan,electronics
HU5848627599,Manufacturing Bt.,"Dohány utca 167, 20000 Central City, Hungary",Hungary,clothing
RU3952479144,Kazan Shipping,"Pushkinskaya Street 117, 630000 Novosibirsk, Russia",Russia,No preference
CN7373319099,Electronic Enterprises,"Xingfu Road 4, 430000 Wuhan, China",China,electronics
AU6127693737,Tech Industries,"Elizabeth Street 118, 10000 Capital City, Australia",Australia,produce
MT9376281767,Cure Remedy Vital,"Republic Street 172, 20000 Central City, Malta",Malta,medical
GB7992508294,British Prestige Process,"King Street 194, M1 1AE Manchester, United Kingdom",United Kingdom,"chemicals, luxury"
LT3072288302,Style React,"Vokiečių gatvė 154, 20000 Central City, Lithuania",Lithuania,"chemicals, clothing"
RU7489523780,Quench Bottle Quench,"Pushkinskaya Street 82, 630000 Novosibirsk, Russia",Russia,"beverages, food"
VN6110537252,Hue Recreation International,"Nguyen Trai Street 142, 20000 Central City, Vietnam",Vietnam,"food, toys"
GB2344951400,Med PLC,"London Road 161, S1 1DA Sheffield, United Kingdom",United Kingdom,medical
AE5242015210,Luxury International,"Khalid Bin Al Waleed Road 192, 50000 Commerce City, United Arab Emirates",United Arab Emirates,"chemicals, luxury"
KR9586560432,Compound Trading,"Gwanghwamun-gil 125, 50000 Commerce City, South Korea",South Korea,"chemicals, medical"
RU2684352883,Saint Petersburg Link Shop Holdings,"Malyy Prospekt 28, 420000 Kazan, Russia",Russia,raw_materials
SE5888734626,Linköping Rapid Circuit Group,"Skolgatan 180, 411 08 Gothenburg, Sweden",Sweden,"electronics, furniture"
GB8309043103,Exclusive LLP,"London Road 80, BS1 1DB Bristol, United Kingdom",United Kingdom,"beverages, luxury"
TR2748535561,Istanbul Nice Solutions Koll. Şti.,"Halaskargazi Caddesi 92, 20000 Central City, Turkey",Turkey,household
DE4928298684,Düsseldorf Eco Living eG,"Gartenstraße 105, 50667 Cologne, Germany",Germany,household
AU2559962575,Perth Organic,"Oxford Street 159, 30000 Port City, Australia",Australia,produce
BE5017720320,Synthesis SPRL,"Rue Royale 4, 20000 Central City, Belgium",Belgium,chemicals
FI3401862303,Vantaa Connect Lifestyle,"Museokatu 56, 20000 Central City, Finland",Finland,household
KR6122145332,Daegu Synthesis,"Garosu-gil 33, 50000 Commerce City, South Korea",South Korea,chemicals
RU6526943085,Logistics OOO,"Liteyny Prospekt 153, 344000 Rostov-on-Don, Russia",Russia,No preference
LU1638384385,Luxembourg City Expert Liquid,"Rue du Fort Bourbon 37, 10000 Capital City, Luxembourg",Luxembourg,beverages
JP3241866893,Osaka Shipping,"Takeshita-dori 119, 220-0005 Yokohama, Japan",Japan,No preference
KR2310020361,Gwangju Trading,"Insadong-gil 116, 10000 Capital City, South Korea",South Korea,No preference
FR9446578647,French Construction,"Rue Pasteur 15, 34000 Montpellier, France",France,medical
GB7855318780,Manchester Select Exclusive,"King Street 165, NE1 1AD Newcastle, United Kingdom",United Kingdom,luxury
AU6802917516,Australian Expert Cultivate,"William Street 185, 30000 Port City, Australia",Australia,"beverages, produce"
RU6306974606,Food Food Culinary,"Bolshaya Morskaya Street 94, 101000 Moscow, Russia",Russia,food
NL8962275549,Haag Natural NV,"Molenweg 159, 3011 Rotterdam, Netherlands",Netherlands,produce
ZA5501786315,Hydration Swift Logistics (Pty) Ltd,"Church Street 194, 30000 Port City, South Africa",South Africa,beverages
SK7687686163,Construction Industries,"Panská ulica 171, 10000 Capital City, Slovakia",Slovakia,No preference
ID5341783859,Makassar Garment Apparel,"Jalan Pahlawan 61, 30000 Port City, Indonesia",Indonesia,clothing
IN7067621282,Element Chemical Export,"Sadar Bazaar 124, 700001 Kolkata, India",India,chemicals
CY4515900968,Paphos Energetic Tech Limited,"Apostolou Pavlou Avenue 143, 20000 Central City, Cyprus",Cyprus,"beverages, luxury"
JP8752173107,Export GK,"Showa-dori 180, 210-0001 Kawasaki, Japan",Japan,electronics
VN8196029286,Tech Corporation,"Le Loi Street 195, 30000 Port City, Vietnam",Vietnam,"electronics, furniture"
SK5719710096,Slovakia Circuit,"Kamenné námestie 68, 30000 Port City, Slovakia",Slovakia,electronics
RU7717478656,Resource Basic Primary,"Sadovaya Street 178, 620000 Yekaterinburg, Russia",Russia,raw_materials
NL3233042859,Garden Crop,"Beatrixstraat 196, 1012 Amsterdam, Netherlands",Netherlands,produce
ID6418572387,Style Textile Group,"Jalan Ahmad Yani 71, 40000 Trade City, Indonesia",Indonesia,clothing
GB8675309454,Glasgow Textile Limited,"London Road 70, SW1A 1AA London, United Kingdom",United Kingdom,"clothing, luxury"
NL5144235090,Chemical BV,"Dorpsstraat 155, 5611 Eindhoven, Netherlands",Netherlands,chemicals
GB8025431800,Vital Wholesale Group,"Victoria Road 164, M1 1AE Manchester, United Kingdom",United Kingdom,"beverages, medical"
AU5405954877,Harvest Top Transport Industries,"George Street 195, 10000 Capital City, Australia",Australia,"produce, raw_materials"
TH3824728605,Thailand Crop Cultivate,"Phetchaburi Road 43, 30000 Port City, Thailand",Thailand,produce
CN7881799167,Tech Electro Fun Corporation,"Jiefang Road 129, 400000 Chongqing, China",China,"electronics, toys"
CY5797340931,Bottle Industries,"Griva Digeni Avenue 100, 20000 Central City, Cyprus",Cyprus,beverages
NL8197884940,Almere Synthesis Substance VOF,"Wilhelminastraat 199, 6511 Nijmegen, Netherlands",Netherlands,chemicals
CZ6824279423,Ostrava Partner Wholesale International,"Nerudova 167, 20000 Central City, Czech Republic",Czech Republic,No preference
GB8874145080,Liverpool Good Import,"Church Road 140, EH1 1YT Edinburgh, United Kingdom",United Kingdom,beverages
BR5835955951,Basic Harvest Resource,"Rua Copacabana 49, 01000-000 São Paulo, Brazil",Brazil,"produce, raw_materials"
FR9208419172,Cure Care Industries,"Rue Pasteur 7, 69001 Lyon, France",France,medical
GR8706742091,Green E.P.E.,"Patission Street 146, 20000 Central City, Greece",Greece,produce
DE8473461317,Dwelling OHG,"Dorfstraße 6, 40213 Düsseldorf, Germany",Germany,household
NO8736023599,Health Vital Therapeutic,"Fjordgata 7, 9008 Tromsø, Norway",Norway,medical
RU1553904390,Saint Petersburg Market,"Leninsky Prospekt 89, 454000 Chelyabinsk, Russia",Russia,No preference
HR8749690460,Technologies d.o.o.,"Ilica 13, 10000 Capital City, Croatia",Croatia,No preference
SE6940070601,Interior International,"Järnvägsgatan 104, 252 21 Helsingborg, Sweden",Sweden,furniture
TR9447223212,Interior Lifestyle Dwelling Industries,"Atatürk Bulvarı 53, 30000 Port City, Turkey",Turkey,household
LT6088605200,Klaipėda Apparel Style UAB,"Pylimo gatvė 192, 20000 Central City, Lithuania",Lithuania,"chemicals, clothing"
IT3838554796,Milan Delicacy,"Via Marconi 84, 50123 Florence, Italy",Italy,food
IE8191527889,Irish Active Delicacy Corporation,"Dawson Street 121, 30000 Port City, Ireland",Ireland,food
DE6901766183,Dwelling UG,"Lindenstraße 84, 80331 Munich, Germany",Germany,"household, medical"
PL3679264910,Gdańsk Advanced Store S.K.A.,"Warszawska 170, 00-001 Warsaw, Poland",Poland,food
FI5280991223,Finnish Master Dwelling,"Lönnrotinkatu 141, 30000 Port City, Finland",Finland,household
AE6655802152,Beverage PJSC,"Al Khaleej Road 129, 20000 Central City, United Arab Emirates",United Arab Emirates,chemicals
RU2734630793,Service Trading,"Sadovaya Street 21, 443000 Samara, Russia",Russia,raw_materials
JP9678370607,Yokohama Smart Chip YK,"Takeshita-dori 154, 650-0001 Kobe, Japan",Japan,"electronics, toys"
LV3981733638,Valmiera Prime Distribution AS,"Stabu iela 59, 10000 Capital City, Latvia",Latvia,No preference
ZA3792927651,Pretoria Elegant Group,"Bree Street 135, 10000 Capital City, South Africa",South Africa,"luxury, raw_materials"
VN5293841406,Textile LLC,"Hai Ba Trung Street 160, 10000 Capital City, Vietnam",Vietnam,"food, furniture"
KR4136684408,Wholesale Group,"Gangnam-daero 195, 10000 Capital City, South Korea",South Korea,household
CN5961022775,Thread Couture,"Dongfeng Road 34, 100000 Beijing, China",China,clothing
BG1642813466,Fresh Crop Textile,"Shipka Street 65, 30000 Port City, Bulgaria",Bulgaria,"clothing, produce"
IT5525521565,Turin House International,"Via Marconi 50, 90133 Palermo, Italy",Italy,"furniture, luxury"
MX4090363801,Diet Solutions,"Avenida Insurgentes 43, 50000 Commerce City, Mexico",Mexico,food
GB3166320110,Leeds Wear Enterprises,"High Street 137, G1 1QN Glasgow, United Kingdom",United Kingdom,"chemicals, clothing"
CZ7359926964,House Bio Dwelling,"Jindřišská 12, 30000 Port City, Czech Republic",Czech Republic,household
DE2931009341,Electro Fresh Textile,"Birkenweg 118, 20095 Hamburg, Germany",Germany,"electronics, household"
CA9926878063,Flavor Edible Group,"Main Street 185, 30000 Port City, Canada",Canada,food
AU9121532819,Newcastle Smart Cultivate,"Collins Street 59, 20000 Central City, Australia",Australia,produce
HU2879353386,Nyíregyháza Clean Processing,"Dohány utca 158, 50000 Commerce City, Hungary",Hungary,clothing
ES3944989027,Computing Import,"Central Avenue 103, 40000 Trade City, Spain",Spain,"clothing, electronics"
IT8986939141,Elite SpA,"Via Garibaldi 92, 70121 Bari, Italy",Italy,"beverages, luxury"
CZ1734866816,Liberec Comfort Tech s.r.o.,"Národní třída 186, 40000 Trade City, Czech Republic",Czech Republic,household
JP1009211561,Luxury Organic Fine YK,"Ginza 66, 210-0001 Kawasaki, Japan",Japan,luxury
IN3277178882,Stitch Secure Fabric,"Sadar Bazaar 22, 302001 Jaipur, India",India,"clothing, luxury"
JP1453990754,Wholesale Trading,"Kappabashi-dori 109, 460-0008 Nagoya, Japan",Japan,toys
FR6287819589,Brew Furniture Holding,"Rue des Écoles 142, 69001 Lyon, France",France,beverages
GB5031793156,Style Nice Textile,"London Road 194, M1 1AE Manchester, United Kingdom",United Kingdom,"beverages, clothing"
ES8083879583,World Tech,"Trade Street 21, 30000 Port City, Spain",Spain,"clothing, electronics"
LU4710637160,Sophisticated Pure Exclusive Inc.,"Avenue Monterey 108, 20000 Central City, Luxembourg",Luxembourg,"electronics, luxury"
GB6682663190,Electronics International,"Mill Lane 145, SW1A 1AA London, United Kingdom",United Kingdom,luxury
JP6305269582,Toy KK,"Nakamise-dori 158, 220-0005 Yokohama, Japan",Japan,toys
AT8554373539,Refreshment Great Luxury,"Ringstraße 156, 20000 Central City, Austria",Austria,"beverages, luxury"
DE4696618951,Düsseldorf National Engineering AG,"Waldstraße 63, 80331 Munich, Germany",Germany,electronics
DE7428009263,Chemical Shipping,"Gartenstraße 76, 45127 Essen, Germany",Germany,"chemicals, medical"
IT6162732615,Refreshment Bottle Liquid,"Via Marconi 52, 40121 Bologna, Italy",Italy,beverages
CA3431855069,Vancouver Mega Print Group,"Yonge Street 1, 40000 Trade City, Canada",Canada,paper
SE3960251884,Sheet Globe Market Aktiebolag,"Storgatan 1, 211 20 Malmö, Sweden",Sweden,paper
IN9458835572,Nutrition Gourmet,"Station Road 176, 226001 Lucknow, India",India,"chemicals, food"
PT2825356621,Portuguese Sheet Industries,"Rua do Ouro 184, 30000 Port City, Portugal",Portugal,paper
TR7383779943,Izmir Standard Fabric,"Halaskargazi Caddesi 74, 50000 Commerce City, Turkey",Turkey,clothing
DE7148251964,Smart Swift Distribution,"Birkenweg 164, 04109 Leipzig, Germany",Germany,electronics
AT4121980490,Hydration Beverage,"Rotenturmstraße 131, 50000 Commerce City, Austria",Austria,"beverages, medical"
TH1280540492,Nakhon Ratchasima Link Circuit,"Ratchaprasong Road 184, 10000 Capital City, Thailand",Thailand,"electronics, food"
BR5565792940,Produce Fresh,"Avenida Atlântica 176, 60000-000 Fortaleza, Brazil",Brazil,"food, produce"
RO7323029873,Timișoara Apparel Garment Trading,"Calea Dorobanți 188, 30000 Port City, Romania",Romania,clothing
VN9081993976,Hobby Group,"Nguyen Trai Street 72, 10000 Capital City, Vietnam",Vietnam,"furniture, toys"
GB1832607023,Liverpool Molecular Chemical Industries,"Station Road 45, B1 1BB Birmingham, United Kingdom",United Kingdom,"chemicals, clothing"
TH1202095845,"Tech Computing Systems Co., Ltd.","Phra Athit Road 191, 20000 Central City, Thailand",Thailand,electronics
IE8295865261,Galway Direct Med Enterprises,"Dame Street 19, 40000 Trade City, Ireland",Ireland,medical
DE8230165698,Frankfurt Tech Tech eG,"Hauptstraße 140, 50667 Cologne, Germany",Germany,No preference
KR5027472860,Daegu Element Food Industries,"Samcheong-ro 37, 40000 Trade City, South Korea",South Korea,chemicals
GR2689408665,Ioannina Transport,"Mitropoleos Street 189, 30000 Port City, Greece",Greece,produce
MX2858846803,Import S.C.,"Avenida Juárez 158, 40000 Trade City, Mexico",Mexico,household
PL1946915241,Gdańsk Garden Produce Sp. j.,"Kościuszki 17, 30-001 Kraków, Poland",Poland,"furniture, produce"
KR9795411812,Busan Wellbeing Remedy,"Garosu-gil 39, 10000 Capital City, South Korea",South Korea,medical
ES3313631779,Logistics Group,"Commerce Road 15, 10000 Capital City, Spain",Spain,"electronics, household"
VN7792668950,Design Enterprises,"Hai Ba Trung Street 183, 30000 Port City, Vietnam",Vietnam,"electronics, furniture"
AE9275633463,Luxury Elite Exclusive LLC,"Al Fahidi Street 135, 30000 Port City, United Arab Emirates",United Arab Emirates,luxury
NL8804980185,Eindhoven Flavor Furniture,"Julianastraat 174, 1315 Almere, Netherlands",Netherlands,food
JP4114469844,Electronics GK,"Omotesando 83, 650-0001 Kobe, Japan",Japan,No preference
RU1006202935,Russia Creative Refreshment,"Leninsky Prospekt 117, 420000 Kazan, Russia",Russia,beverages
TH3711121261,Thailand Fashion,"Rama IV Road 11, 40000 Trade City, Thailand",Thailand,clothing
HU7120426793,Hydration Device Chip Holding,"Teréz körút 68, 20000 Central City, Hungary",Hungary,"beverages, electronics"
CA7020825197,Basic Raw,"King Street 30, 40000 Trade City, Canada",Canada,raw_materials
BR2668565931,Basic Style,"Rua Santos Dumont 132, 01000-000 São Paulo, Brazil",Brazil,"clothing, raw_materials"
FR2732894349,Nice Elite Care SCA,"Rue de la République 181, 31000 Toulouse, France",France,medical
AT5729910665,Vienna Liquid Group,"Landstraßer Hauptstraße 84, 20000 Central City, Austria",Austria,"beverages, food"
AU5388962743,Beverage Ltd,"Market Street 28, 50000 Commerce City, Australia",Australia,food
TR9075613229,Residence International,"Bağdat Caddesi 80, 30000 Port City, Turkey",Turkey,household
CN4774185659,Hobby Hobby Processing,"Heping Road 114, 400000 Chongqing, China",China,"household, toys"
JP3795222313,Japan Better Vital GK,"Takeshita-dori 27, 210-0001 Kawasaki, Japan",Japan,medical
BE6074834411,Belgian Liquid,"Rue de la Loi 13, 50000 Commerce City, Belgium",Belgium,beverages
LT2392951701,Klaipėda Consulting,"Kauno gatvė 39, 30000 Port City, Lithuania",Lithuania,No preference
KR2129972955,Korea Chip,"Jongno 173, 50000 Commerce City, South Korea",South Korea,electronics
GB8591060151,Cure Holdings,"Victoria Road 150, SW1A 1AA London, United Kingdom",United Kingdom,medical
IT3860582896,Turin Textile,"Via Vittorio Emanuele 90, 10121 Turin, Italy",Italy,"clothing, food"
IN8478952793,India Cure,"Park Street 176, 110001 Delhi, India",India,"food, medical"
IE9923395412,Edible Technologies Holding,"Dawson Street 39, 50000 Commerce City, Ireland",Ireland,food
TH5291406012,Surat Thani Top Trading Trading,"Silom Road 7, 40000 Trade City, Thailand",Thailand,produce
DE8102503693,Vital AG,"Birkenweg 190, 80331 Munich, Germany",Germany,medical
PT8942488919,Porto Domestic,"Rua Garrett 171, 10000 Capital City, Portugal",Portugal,household
CN2851457629,Device Circuit Export,"Yongxing Street 43, 200000 Shanghai, China",China,electronics
TR8600128145,Edible Nutrition,"Cumhuriyet Caddesi 42, 50000 Commerce City, Turkey",Turkey,food
DE5700385367,Munich Solutions,"Birkenweg 195, 50667 Cologne, Germany",Germany,No preference
RU7996335453,Russia Transport,"Liteyny Prospekt 35, 420000 Kazan, Russia",Russia,raw_materials
LT3817430535,Process Formula,"Vilniaus gatvė 44, 30000 Port City, Lithuania",Lithuania,chemicals
HR6306862267,Quench Holding,"Gundulićeva 128, 50000 Commerce City, Croatia",Croatia,"beverages, food"
GB1536742627,Bottle Bio Brew PLC,"Church Road 91, M1 1AE Manchester, United Kingdom",United Kingdom,beverages
CZ3984387953,Hydration House Lifestyle s.r.o.,"Národní třída 155, 20000 Central City, Czech Republic",Czech Republic,"beverages, household"
PT8915212007,Residence Habitat,"Avenida Almirante Reis 196, 40000 Trade City, Portugal",Portugal,household
CA3674684037,Winnipeg Document Print Holdings,"King Street 91, 20000 Central City, Canada",Canada,paper
ID1682808359,Surabaya Fresh International,"Jalan Gatot Subroto 195, 40000 Trade City, Indonesia",Indonesia,produce
IN7884755744,Care Service International,"Mall Road 177, 560001 Bangalore, India",India,medical
DE6320425384,Med KGaA,"Waldstraße 179, 70173 Stuttgart, Germany",Germany,medical
BE1554059040,Quench Food,"Boulevard Anspach 54, 30000 Port City, Belgium",Belgium,beverages
VN5358870013,Thread Textile Processing,"Nguyen Trai Street 11, 30000 Port City, Vietnam",Vietnam,clothing
MX7620688175,Tijuana Dwelling,"Calle 5 de Mayo 162, 20000 Central City, Mexico",Mexico,household
TR9615584891,Antalya Crop,"Gazi Mustafa Kemal Bulvarı 130, 20000 Central City, Turkey",Turkey,produce
NO8812707617,Norsk Wholesale International,"Fjordgata 55, 9008 Tromsø, Norway",Norway,No preference
IT3501291813,Prestige Prestige,"Via Dante 80, 10121 Turin, Italy",Italy,luxury
ZA5286236080,Port Elizabeth Energetic Select Ltd,"Main Road 162, 40000 Trade City, South Africa",South Africa,"luxury, produce"
NO8934252467,Digital Remedy,"Solveien 195, 1607 Fredrikstad, Norway",Norway,"electronics, medical"
IT9776714049,Upscale Srl,"Via Verdi 86, 00100 Rome, Italy",Italy,luxury
CZ5954228010,Prague Circuit Electronic,"Na Příkopě 73, 30000 Port City, Czech Republic",Czech Republic,electronics
FI4240805183,Vantaa Construction,"Tehtaankatu 185, 10000 Capital City, Finland",Finland,No preference
PL6116516070,Poznań Living,"Mickiewicza 48, 60-001 Poznań, Poland",Poland,"furniture, produce"
BR6510958503,Brazilian Expert Shop,"Avenida Amazonas 95, 69000-000 Manaus, Brazil",Brazil,produce
DE5573252188,Munich Chip,"Kirchstraße 15, 40213 Düsseldorf, Germany",Germany,electronics
CZ9610854884,Pilsen Market,"Celetná 70, 40000 Trade City, Czech Republic",Czech Republic,No preference
KR3326470329,Molecular Molecular Molecular Enterprises,"Gangnam-daero 137, 20000 Central City, South Korea",South Korea,chemicals
AU9370702526,Brisbane Produce,"Pitt Street 125, 40000 Trade City, Australia",Australia,produce
NO8072770904,Drammen Processing,"Kirkegata 113, 7010 Trondheim, Norway",Norway,No preference
ZA7635995795,Element Primary Element Holdings,"Victoria Road 54, 10000 Capital City, South Africa",South Africa,raw_materials
SE2280496586,Uppsala Electro Domestic International,"Ringvägen 24, 703 61 Örebro, Sweden",Sweden,"electronics, household"
ZA6278228756,Resource Enterprises,"Oxford Road 14, 20000 Central City, South Africa",South Africa,"food, raw_materials"
ID6409903287,Palembang Organic Inc.,"Jalan Malioboro 124, 30000 Port City, Indonesia",Indonesia,produce
DE5465071858,Distribution GmbH,"Dorfstraße 194, 70173 Stuttgart, Germany",Germany,"chemicals, household"
BE5301130519,Bruges Fluid Drink Holding,"Rue Royale 141, 50000 Commerce City, Belgium",Belgium,"beverages, chemicals"
CN6416778032,Recreation Group,"Guangming Road 51, 430000 Wuhan, China",China,toys
KR6305624002,Chemical Processing,"Eulji-ro 76, 50000 Commerce City, South Korea",South Korea,chemicals
CZ2610836564,Ostrava Organic Solutions s.r.o.,"Wenceslas Square 19, 30000 Port City, Czech Republic",Czech Republic,No preference
FR5645520528,Cure Fluid International,"Place de la Liberté 89, 69001 Lyon, France",France,"beverages, medical"
RU6011647233,Rostov Fluid,"Arbat Street 20, 420000 Kazan, Russia",Russia,beverages
PT4463680436,Style International Garment,"Avenida Almirante Reis 63, 10000 Capital City, Portugal",Portugal,"clothing, household"
JP5728114162,Play Play,"Ginza 174, 210-0001 Kawasaki, Japan",Japan,"electronics, toys"
MX2563601145,Mérida Joy,"Avenida Revolución 29, 50000 Commerce City, Mexico",Mexico,toys
PL5444716699,House International,"Kościuszki 122, 20-001 Lublin, Poland",Poland,"furniture, raw_materials"
IE1126573573,Electro PLC,"Dame Street 31, 20000 Central City, Ireland",Ireland,electronics
ID9617197026,Depok Stitch Stitch,"Jalan Merdeka 41, 30000 Port City, Indonesia",Indonesia,clothing
PT1208319791,Portuguese Trade Habitat,"Rua da Prata 77, 10000 Capital City, Portugal",Portugal,household
JP9715288789,Joy Rapid Trading Holdings,"Heiwa-dori 83, 100-0001 Tokyo, Japan",Japan,toys
PL8686414998,Poznań Comfort Interior Holding,"Mickiewicza 29, 00-001 Warsaw, Poland",Poland,furniture
ZA4621529004,Primary Food Trading,"Park Street 19, 10000 Capital City, South Africa",South Africa,raw_materials
LU3172051458,Life Global Therapeutic,"Boulevard Royal 71, 40000 Trade City, Luxembourg",Luxembourg,medical
FI1190758672,Tampere Electro Market,"Kalevankatu 151, 50000 Commerce City, Finland",Finland,electronics
NL1672209602,Dutch Power Distribution Holding,"Julianastraat 135, 5038 Tilburg, Netherlands",Netherlands,No preference
IT3180077175,Food Connect Delicacy,"Via Roma 124, 10121 Turin, Italy",Italy,"food, luxury"
JP3177364747,Electronic KK,"Showa-dori 81, 220-0005 Yokohama, Japan",Japan,electronics
DE7264983500,Köln Solution Processing,"Schulstraße 145, 40213 Düsseldorf, Germany",Germany,No preference
IE5464791422,Wholesale Corporation,"Nassau Street 19, 30000 Port City, Ireland",Ireland,No preference
GB4713176031,Upscale LLP,"Station Road 115, M1 1AE Manchester, United Kingdom",United Kingdom,luxury
BR2903196357,Brazilian Food,"Avenida Amazonas 142, 80000-000 Curitiba, Brazil",Brazil,food
HR9367760189,Croatian Processing,"Gundulićeva 42, 10000 Capital City, Croatia",Croatia,food
GB9742881367,Shipping Enterprises,"Park Road 36, G1 1QN Glasgow, United Kingdom",United Kingdom,medical
GB2495265502,Sophisticated Specialist Food Ltd,"Church Road 18, B1 1BB Birmingham, United Kingdom",United Kingdom,"luxury, medical"
CN9112630707,Couture Engineering Corporation,"Guangming Road 109, 400000 Chongqing, China",China,clothing
BR3058886402,Edible Diet,"Rua das Flores 145, 50000-000 Recife, Brazil",Brazil,food
TH2502425768,Organic Crop Culinary Trading,"Ratchadamri Road 177, 20000 Central City, Thailand",Thailand,"food, produce"
MX7812765934,Mérida Store,"Avenida Chapultepec 83, 50000 Commerce City, Mexico",Mexico,clothing
GR6953108407,Fashion A.E.,"Stadiou Street 185, 50000 Commerce City, Greece",Greece,"clothing, food"
BE1018400455,Liège Retail Holding,"Rue Royale 54, 30000 Port City, Belgium",Belgium,"chemicals, food"
BR4257583307,Brasília Textile,"Rua Rio de Janeiro 36, 20000-000 Rio de Janeiro, Brazil",Brazil,clothing
SE6379639381,Script Aktiebolag,"Nygatan 100, 582 22 Linköping, Sweden",Sweden,"paper, raw_materials"
ZA3342984364,Port Elizabeth Service,"High Street 39, 50000 Commerce City, South Africa",South Africa,luxury
BE6718390868,Solution Nutrition React International,"Rue Royale 82, 40000 Trade City, Belgium",Belgium,"chemicals, food"
FR3897499859,Vital Radiant International,"Avenue des Champs-Élysées 40, 75001 Paris, France",France,"cosmetics, medical"
IN9205138975,Care Group,"Sadar Bazaar 83, 600001 Chennai, India",India,"chemicals, medical"
TH3893148245,Tech Crop Tech,"Sukhumvit Road 71, 10000 Capital City, Thailand",Thailand,"electronics, produce"
ZA3197201312,Durban Sophisticated Limited,"Park Street 106, 10000 Capital City, South Africa",South Africa,luxury
SK6268444891,Košice Beverage,"Michalská ulica 37, 30000 Port City, Slovakia",Slovakia,household
MT2882172947,Drink Fluid Device,"Triq Bisazza 156, 20000 Central City, Malta",Malta,"beverages, electronics"
PT7156377454,Braga Shipping Enterprises,"Rua Garrett 117, 10000 Capital City, Portugal",Portugal,produce
TR6072434598,Retail Enterprises,"İnönü Caddesi 62, 30000 Port City, Turkey",Turkey,"household, produce"
KR1286802628,Suwon Formula Construction,"Garosu-gil 164, 20000 Central City, South Korea",South Korea,"chemicals, medical"
CN1906998258,"Beijing Future Electro Co., Ltd.","Dongfeng Road 40, 100000 Beijing, China",China,"electronics, raw_materials"
NO5494319197,Manufacturing AS,"Parkveien 152, 7010 Trondheim, Norway",Norway,No preference
LV8282926518,Liquid Inc.,"Brīvības iela 191, 40000 Trade City, Latvia",Latvia,"beverages, electronics"
RO1531970329,Natural International,"Calea Griviței 176, 30000 Port City, Romania",Romania,raw_materials
AT6068543813,Beverage Support Therapeutic Industries,"Favoritenstraße 140, 20000 Central City, Austria",Austria,"beverages, medical"
SK4134232082,Banská Bystrica Computing Electronic,"Dunajská ulica 154, 10000 Capital City, Slovakia",Slovakia,electronics
ID1014186105,Palembang Stitch Garment,"Jalan Gatot Subroto 151, 50000 Commerce City, Indonesia",Indonesia,clothing
HU1186406600,Budapest Fine Manufacturing,"Kerepesi út 152, 50000 Commerce City, Hungary",Hungary,No preference
MT6520587804,Circuit Holdings,"Tower Road 108, 40000 Trade City, Malta",Malta,"electronics, medical"
SK8728264198,Martin Shop,"Panská ulica 170, 10000 Capital City, Slovakia",Slovakia,electronics
MX2340828506,Dwelling Habitat Lifestyle,"Calle Madero 114, 50000 Commerce City, Mexico",Mexico,household
RU9552990885,Kazan Premium Processing PAO,"Nevsky Prospekt 93, 190000 Saint Petersburg, Russia",Russia,No preference
IT9345840794,Delicacy Taste Food,"Via Milano 128, 40121 Bologna, Italy",Italy,food
CZ4127119760,Czech Bottle Trading,"Dlouhá 175, 40000 Trade City, Czech Republic",Czech Republic,beverages
SE6544932079,Swedish Habitat Document,"Parkgatan 187, 252 21 Helsingborg, Sweden",Sweden,"household, paper"
CA2282104501,Wellbeing Power Therapeutic,"St Catherine Street 30, 50000 Commerce City, Canada",Canada,"medical, paper"
GB7503707720,Select Elegant Select,"London Road 12, SW1A 1AA London, United Kingdom",United Kingdom,luxury
PT3695826198,Living Page Inc.,"Avenida 24 de Julho 17, 40000 Trade City, Portugal",Portugal,"household, paper"
MX6807760811,Mexico City Bio Hydration,"Avenida Chapultepec 198, 50000 Commerce City, Mexico",Mexico,beverages
GR7271700322,Patras Solution Processing,"Mitropoleos Street 88, 40000 Trade City, Greece",Greece,"clothing, food"
IE9800490438,Flavor Ltd,"Dame Street 165, 40000 Trade City, Ireland",Ireland,food
FR7340406570,Remedy SA,"Place de la Liberté 29, 59000 Lille, France",France,medical
ES7096039997,Transcontinental Apparel Thread,"Export Road 41, 50000 Commerce City, Spain",Spain,clothing
VN2718220235,Hue Living,"Ly Tu Trong Street 127, 30000 Port City, Vietnam",Vietnam,"food, furniture"
ID1430065281,Couture First Couture,"Jalan Pahlawan 10, 50000 Commerce City, Indonesia",Indonesia,"clothing, raw_materials"
FR2693949971,Elite Gastro Service Groupe,"Rue de la République 94, 75001 Paris, France",France,"food, luxury"
FR3056537297,Strasbourg Vital,"Rue de Paris 134, 33000 Bordeaux, France",France,"food, medical"
BR8744363576,Salvador Primary Comércio,"Avenida Atlântica 10, 20000-000 Rio de Janeiro, Brazil",Brazil,"clothing, raw_materials"
IT2927682540,Garment SpA,"Piazza Duomo 148, 10121 Turin, Italy",Italy,"clothing, furniture"
VN6264105946,Food Link Diet,"Ly Tu Trong Street 192, 50000 Commerce City, Vietnam",Vietnam,food
DE3479616352,Berlin Home Processing,"Lindenstraße 24, 44135 Dortmund, Germany",Germany,household
RU4328037907,Quench Organic Construction ZAO,"Sadovaya Street 183, 420000 Kazan, Russia",Russia,beverages
SE7386205686,Text International,"Sveagatan 4, 211 20 Malmö, Sweden",Sweden,"electronics, paper"
PL4290208169,Raw Basic Sp. k.,"Krakowska 111, 70-001 Szczecin, Poland",Poland,"household, raw_materials"
FR2825985297,Lyon Sophisticated SA,"Avenue des Champs-Élysées 72, 31000 Toulouse, France",France,luxury
IE7683616165,Drogheda Technologies,"Capel Street 81, 30000 Port City, Ireland",Ireland,"beverages, electronics"
TH6520997534,Nakhon Ratchasima Gadget,"Sukhumvit Road 117, 10000 Capital City, Thailand",Thailand,"electronics, food"
CA2942333804,Technologies Ltd.,"Queen Street 51, 50000 Commerce City, Canada",Canada,food
MX5439406580,Guadalajara Kid,"Avenida Insurgentes 176, 40000 Trade City, Mexico",Mexico,"beverages, toys"
CA9768139234,Technologies Corp.,"Main Street 137, 50000 Commerce City, Canada",Canada,raw_materials
BE1117979814,Gourmet Taste SPRL,"Chaussée d'Ixelles 156, 20000 Central City, Belgium",Belgium,food
KR3693040708,Habitat Lifestyle Home,"Myeongdong-gil 74, 50000 Commerce City, South Korea",South Korea,household
MX3721636118,Drink Gastro,"Avenida Universidad 67, 30000 Port City, Mexico",Mexico,"beverages, food"
GB4202843159,Fluid Limited,"High Street 114, EH1 1YT Edinburgh, United Kingdom",United Kingdom,"beverages, luxury"
DE6140937846,Textile KGaA,"Dorfstraße 107, 60311 Frankfurt, Germany",Germany,household
MT4562211423,Food Gastro,"Triq Bisazza 198, 20000 Central City, Malta",Malta,food
TH1778447899,Joy Innovative Game,"Silom Road 106, 40000 Trade City, Thailand",Thailand,"electronics, toys"
GB7935456737,Edinburgh Health Med LLC,"London Road 192, EH1 1YT Edinburgh, United Kingdom",United Kingdom,medical
BR1187041101,Manaus Distribution Comércio,"Rua São Paulo 138, 70000-000 Brasília, Brazil",Brazil,"beverages, produce"
BG3401855700,Varna Stitch SD,"Alexander Stamboliyski Boulevard 113, 50000 Commerce City, Bulgaria",Bulgaria,clothing
EE1146154915,Viljandi Nice Decor Trading,"Tartu maantee 162, 30000 Port City, Estonia",Estonia,furniture
CA8948459904,Fundamental LP,"Queen Street 31, 10000 Capital City, Canada",Canada,raw_materials
FR3391213688,Paris Logistics SA,"Place de la Liberté 154, 31000 Toulouse, France",France,"beverages, food"
PT1556586239,Distribution Holding,"Rua Augusta 78, 10000 Capital City, Portugal",Portugal,"clothing, produce"
AT4921471012,Austrian Construction Holding,"Landstraßer Hauptstraße 149, 20000 Central City, Austria",Austria,beverages
PL9789500415,Home Domestic Industries,"Sienkiewicza 131, 00-001 Warsaw, Poland",Poland,household
SE7214267356,Wood Koncern,"Storgatan 191, 252 21 Helsingborg, Sweden",Sweden,furniture
IT8283447484,Wood Service Shop SNC,"Via Marconi 19, 16121 Genoa, Italy",Italy,furniture
JP1146057273,Circuit Integrated Tech Trading,"Takeshita-dori 123, 330-0001 Saitama, Japan",Japan,electronics
IT7975770327,Luxury Integrated Manufacturing,"Via Marconi 70, 80100 Naples, Italy",Italy,luxury
DE6878128001,House Dwelling Residence OHG,"Bahnhofstraße 9, 44135 Dortmund, Germany",Germany,household
NO6237235253,Tromsø Remedy ASA,"Skoleveien 108, 7010 Trondheim, Norway",Norway,medical
ID7196966433,Palembang Resource Natural Corporation,"Jalan Diponegoro 129, 10000 Capital City, Indonesia",Indonesia,raw_materials
DE6951566646,Circuit Super Systems GmbH,"Hauptstraße 104, 10115 Berlin, Germany",Germany,electronics
CA2371934886,Edmonton Origin Industries,"Yonge Street 189, 40000 Trade City, Canada",Canada,raw_materials
IN6801918257,Upscale Select Corporation,"Mall Road 42, 110001 Delhi, India",India,luxury
TH8426789842,Garment Fast Stitch Trading,"Sukhumvit Road 186, 50000 Commerce City, Thailand",Thailand,clothing
CA6307160422,Canada Shop Corp.,"Portage Avenue 39, 40000 Trade City, Canada",Canada,"food, paper"
RU3273415522,Element ZAO,"Arbat Street 28, 454000 Chelyabinsk, Russia",Russia,raw_materials
BR7170734485,Liquid Processing,"Rua Copacabana 150, 90000-000 Porto Alegre, Brazil",Brazil,beverages
CA5656730454,Toronto Flavor Systems Enterprises,"Jasper Avenue 66, 20000 Central City, Canada",Canada,"food, medical"
GB5254957682,Cure Ltd,"High Street 147, L1 1JD Liverpool, United Kingdom",United Kingdom,"chemicals, medical"
RO1025626443,Origin Shop,"Strada Franceză 131, 30000 Port City, Romania",Romania,"produce, raw_materials"
HU5311758411,Solutions Zrt.,"Király utca 37, 10000 Capital City, Hungary",Hungary,food
CA1287880962,Construction LLP,"Main Street 92, 40000 Trade City, Canada",Canada,raw_materials
CA3441219208,Wellbeing United Wellbeing,"Queen Street 56, 50000 Commerce City, Canada",Canada,medical
VN5762199316,Hanoi Gastro,"Dong Khoi Street 101, 50000 Commerce City, Vietnam",Vietnam,food
TH7858997343,Computing Royal Shipping,"Phetchaburi Road 55, 10000 Capital City, Thailand",Thailand,"electronics, toys"
KR5661078649,Element Enterprises,"Garosu-gil 163, 30000 Port City, South Korea",South Korea,chemicals
PT9533842262,Braga Fresh Lda.,"Rua Augusta 51, 40000 Trade City, Portugal",Portugal,"household, produce"
HU9156301387,Miskolc Solutions,"Kerepesi út 37, 40000 Trade City, Hungary",Hungary,"beverages, clothing"
CN5278760107,Electro Tech Electro,"Zhongshan Road 109, 210000 Nanjing, China",China,electronics
VN3647129086,Circuit Group,"Hai Ba Trung Street 138, 10000 Capital City, Vietnam",Vietnam,"electronics, toys"
CN4668107099,Dongguan Logistics Trading,"Jianguo Road 184, 210000 Nanjing, China",China,clothing
CY1980386833,Lefka Drink,"Ledra Street 64, 20000 Central City, Cyprus",Cyprus,beverages
ID3515554824,Tangerang Upscale Child International,"Jalan Sudirman 154, 50000 Commerce City, Indonesia",Indonesia,"luxury, toys"
JP9820014011,Circuit Creative Device YK,"Kappabashi-dori 36, 210-0001 Kawasaki, Japan",Japan,"electronics, toys"
SE7703242414,Chip Gadget Service,"Skolgatan 75, 703 61 Örebro, Sweden",Sweden,"electronics, household"
RU5387044101,Kazan Bottle,"Sadovaya Street 200, 344000 Rostov-on-Don, Russia",Russia,"beverages, food"
ID5525959025,Indonesian Cultivate Import,"Jalan Gatot Subroto 133, 30000 Port City, Indonesia",Indonesia,produce
ID2452127464,Fundamental Creative Hobby International,"Jalan Diponegoro 89, 20000 Central City, Indonesia",Indonesia,"raw_materials, toys"
SE5523872555,Living AB,"Parkgatan 128, 252 21 Helsingborg, Sweden",Sweden,"electronics, furniture"
PL3385308802,Bydgoszcz Decor,"Słowackiego 25, 90-001 Łódź, Poland",Poland,furniture
PL4551846375,Szczecin Allied Beverage Sp. z o.o.,"Sienkiewicza 14, 80-001 Gdańsk, Poland",Poland,furniture
PT6722568528,Portugal Write Print Trading,"Rua Garrett 51, 40000 Trade City, Portugal",Portugal,"household, paper"
IN8927955472,India Elegant Systems Ltd.,"Station Road 110, 700001 Kolkata, India",India,luxury
MX3450365225,Mexican Electronics,"Avenida Revolución 188, 30000 Port City, Mexico",Mexico,"beverages, household"
FI8126127696,Turku Secure Retail,"Kalevankatu 69, 40000 Trade City, Finland",Finland,No preference
BE2384005098,Substance Process NV,"Rue de la Loi 152, 10000 Capital City, Belgium",Belgium,chemicals
VN9247495270,Hanoi Nice Play International,"Pham Ngu Lao Street 5, 40000 Trade City, Vietnam",Vietnam,toys
PL7359767714,Living Interior,"Warszawska 186, 40-001 Katowice, Poland",Poland,furniture
KR7033866636,Formula Assist Formula,"Myeongdong-gil 69, 10000 Capital City, South Korea",South Korea,"chemicals, electronics"
SE4874217566,Linköping Tech,"Järnvägsgatan 42, 582 22 Linköping, Sweden",Sweden,furniture
IT9421839362,Milan Prime Living SNC,"Piazza Duomo 47, 50123 Florence, Italy",Italy,furniture
HR5116342690,Hydration Inc.,"Masarykova 136, 30000 Port City, Croatia",Croatia,beverages
FI1643373147,Living House Oy,"Aleksanterinkatu 44, 20000 Central City, Finland",Finland,household
SG1552227190,Logistics Corporation,"Boat Quay 46, 10000 Capital City, Singapore",Singapore,"electronics, luxury"
CZ1483483145,Olomouc Thirst Smart,"Václavské náměstí 86, 30000 Port City, Czech Republic",Czech Republic,"beverages, electronics"
BR9299626216,Brazilian Element Food Empreendimentos,"Avenida Atlântica 119, 01000-000 São Paulo, Brazil",Brazil,"food, raw_materials"
CA4924893605,Pharma Corp.,"Elgin Street 11, 10000 Capital City, Canada",Canada,medical
BG4603819309,Bottle Liquid Quench,"Slivnitsa Boulevard 19, 20000 Central City, Bulgaria",Bulgaria,"beverages, clothing"
FR2691272364,Derma Master Aesthetic,"Rue des Écoles 48, 06000 Nice, France",France,"cosmetics, medical"
RU3448603398,Beverage Textile Industries,"Nevsky Prospekt 37, 101000 Moscow, Russia",Russia,"beverages, raw_materials"
GB5014532869,English Wear Logistics Enterprises,"King Street 55, NE1 1AD Newcastle, United Kingdom",United Kingdom,"beverages, clothing"
LT7180683792,Engineering International,"Pylimo gatvė 26, 30000 Port City, Lithuania",Lithuania,clothing
FI7612367946,Smart Living,"Aleksanterinkatu 9, 10000 Capital City, Finland",Finland,"electronics, household"
PT6217995981,Liquid Corporation,"Avenida Almirante Reis 181, 10000 Capital City, Portugal",Portugal,beverages
PT5840337184,Funchal Fluid Residence Lda.,"Avenida 24 de Julho 20, 40000 Trade City, Portugal",Portugal,"beverages, household"
RU2497193860,Retail Trading,"Sadovaya Street 194, 644000 Omsk, Russia",Russia,beverages
FR9298095107,Bordeaux Beauty SAS,"Rue de la République 9, 13001 Marseille, France",France,"cosmetics, luxury"
BE9325448454,Ghent Elite Food,"Boulevard Anspach 47, 30000 Port City, Belgium",Belgium,luxury
PL6026644879,Delicacy Food Group,"Gdańska 6, 20-001 Lublin, Poland",Poland,food
FR1421241774,Taste SARL,"Rue de l'Église 32, 13001 Marseille, France",France,"food, medical"
CN6921199404,Joy LLC,"Xinhua Street 60, 610000 Chengdu, China",China,toys
FI6462769573,Finnish Better Device,"Bulevardi 196, 40000 Trade City, Finland",Finland,"electronics, household"
SG5918148433,Luxury Enterprises,"Clarke Quay 158, 20000 Central City, Singapore",Singapore,luxury
NO8203575663,Oslo Dynamic Device,"Kirkegata 106, 3015 Drammen, Norway",Norway,electronics
VN2377568267,"Garment Stitch Co., Ltd.","Dong Khoi Street 123, 40000 Trade City, Vietnam",Vietnam,clothing
PL3080968743,Bydgoszcz Flavor,"Kościuszki 162, 30-001 Kraków, Poland",Poland,"food, produce"
RU5935362233,Rostov Liquid Refreshment Holdings,"Nevsky Prospekt 55, 644000 Omsk, Russia",Russia,beverages
ES4109335625,Earth Lifestyle Corporation,"Trade Street 22, 50000 Commerce City, Spain",Spain,"electronics, household"
PT6201447936,Natural Green,"Avenida da Liberdade 134, 10000 Capital City, Portugal",Portugal,produce
FI5646804897,Finnish Document,"Aleksanterinkatu 146, 20000 Central City, Finland",Finland,paper
ZA6672644248,Port Elizabeth Fresh Ltd,"Commercial Road 165, 10000 Capital City, South Africa",South Africa,"produce, raw_materials"
EE6826304530,Tartu Great Systems,"Pikk tänav 189, 10000 Capital City, Estonia",Estonia,electronics
RU8288364731,Bottle Advanced Logistics ZAO,"Leninsky Prospekt 36, 454000 Chelyabinsk, Russia",Russia,beverages
IE9526265710,Wholesale Inc.,"Henry Street 41, 50000 Commerce City, Ireland",Ireland,beverages
HR7115274421,Zadar Electronics d.o.o.,"Savska 30, 20000 Central City, Croatia",Croatia,No preference
SK1135096544,Prešov Retail,"Obchodná ulica 189, 40000 Trade City, Slovakia",Slovakia,No preference
SE4886218378,Fundamental Group,"Järnvägsgatan 70, 252 21 Helsingborg, Sweden",Sweden,raw_materials
DE1528662011,Residence UG,"Schulstraße 195, 40213 Düsseldorf, Germany",Germany,household
ES8042864425,Electronic Holdings,"Trade Street 96, 50000 Commerce City, Spain",Spain,"electronics, household"
VN6197756438,Ho Chi Minh Link Market,"Dong Khoi Street 163, 40000 Trade City, Vietnam",Vietnam,"furniture, toys"
HU9124525965,Electronics Group,"Váci utca 118, 10000 Capital City, Hungary",Hungary,electronics
FR8831074656,Nantes Quick Beauty Entreprises,"Rue de Paris 92, 67000 Strasbourg, France",France,"cosmetics, luxury"
BR7512827545,Manaus Natural,"Rua Rio de Janeiro 109, 50000-000 Recife, Brazil",Brazil,produce
AT5263616145,Graz Remedy Med,"Herrengasse 133, 30000 Port City, Austria",Austria,medical
PT6646139233,Interior Lda.,"Rua do Ouro 155, 40000 Trade City, Portugal",Portugal,household
AT1101473122,Shop Group,"Favoritenstraße 177, 40000 Trade City, Austria",Austria,beverages
NL8082050204,Formula VOF,"Beatrixstraat 133, 2511 The Hague, Netherlands",Netherlands,chemicals
ES8446011723,Chip World Tech Inc.,"Main Street 119, 50000 Commerce City, Spain",Spain,electronics
ZA6965849400,Luxury Prestige,"Church Street 20, 50000 Commerce City, South Africa",South Africa,luxury
IT8754133359,Delicacy SAPA,"Via Milano 181, 00100 Rome, Italy",Italy,food
US2101529908,Tech Shop Group,"Sunset Boulevard 96, 90001 Los Angeles, USA",USA,electronics
ZA2801822323,Resource Group,"Adderley Street 39, 10000 Capital City, South Africa",South Africa,"beverages, raw_materials"
ES7216206209,International Stitch,"Export Road 137, 30000 Port City, Spain",Spain,clothing
FR4221248149,Natural Cosmetic,"Rue des Écoles 194, 06000 Nice, France",France,"cosmetics, medical"
PL5954093140,Organic Food Farm S.K.A.,"Sienkiewicza 16, 30-001 Kraków, Poland",Poland,"food, produce"
RU6967995058,Chelyabinsk Partner Manufacturing,"Kutuzovsky Prospekt 87, 443000 Samara, Russia",Russia,No preference
BR7686664260,Organic S/A,"Rua Copacabana 91, 30000-000 Belo Horizonte, Brazil",Brazil,produce
GB9150527999,Edinburgh Pharma Industries,"Station Road 197, SW1A 1AA London, United Kingdom",United Kingdom,medical
GB6057435868,Trading LLP,"Church Road 43, G1 1QN Glasgow, United Kingdom",United Kingdom,"chemicals, luxury"
CA5798759164,Element International,"Bloor Street 145, 40000 Trade City, Canada",Canada,raw_materials
IT9497936558,Sophisticated Market Enterprises,"Via Garibaldi 101, 20121 Milan, Italy",Italy,"furniture, luxury"
IT4753688223,Turin Link Solutions,"Via Vittorio Emanuele 54, 16121 Genoa, Italy",Italy,"beverages, furniture"
DE5819900353,Düsseldorf International Export GbR,"Gartenstraße 79, 20095 Hamburg, Germany",Germany,No preference
BG7441258634,Pleven Diet Tech Group,"Tsar Osvoboditel Boulevard 69, 20000 Central City, Bulgaria",Bulgaria,"beverages, food"
KR7108454556,Engineering Industries,"Myeongdong-gil 130, 40000 Trade City, South Korea",South Korea,household
MX5888402229,Puebla System Dwelling S.A. de C.V.,"Avenida Insurgentes 62, 50000 Commerce City, Mexico",Mexico,"food, household"
IN6534111666,Delicacy Elite Systems Industries,"Chandni Chowk 189, 500001 Hyderabad, India",India,"food, luxury"
BE5375969893,Belgian Food,"Rue de Flandre 167, 10000 Capital City, Belgium",Belgium,chemicals
IE5341705868,Dublin Advanced Shipping,"Nassau Street 112, 20000 Central City, Ireland",Ireland,No preference
RU9084728429,Taste Trading,"Arbat Street 132, 454000 Chelyabinsk, Russia",Russia,food
CA4185950418,Print System Print,"Elgin Street 69, 20000 Central City, Canada",Canada,paper
ID7220687264,Semarang Green Manufacturing Group,"Jalan Sudirman 33, 50000 Commerce City, Indonesia",Indonesia,produce
IT6188437832,Rome Fluid Delicacy,"Via Verdi 103, 70121 Bari, Italy",Italy,"beverages, food"
NO9577675657,Stavanger Smart AS,"Storgata 39, 3015 Drammen, Norway",Norway,"electronics, medical"
DE8499049822,Munich Trading,"Lindenstraße 20, 50667 Cologne, Germany",Germany,No preference
FI3327774460,Jyväskylä Electronic Circuit,"Hämeentie 45, 20000 Central City, Finland",Finland,electronics
FR1396145849,Strasbourg Upscale Engineering,"Rue Victor Hugo 100, 67000 Strasbourg, France",France,"beverages, luxury"
GB1208348074,Chemical LLP,"High Street 106, LS1 1UR Leeds, United Kingdom",United Kingdom,chemicals
TR8854469576,Cultivate Master Harvest,"Halaskargazi Caddesi 92, 40000 Trade City, Turkey",Turkey,produce
MX7342873863,Textile Internacional,"Paseo de la Reforma 176, 40000 Trade City, Mexico",Mexico,toys
SI5381327427,Chip Electro,"Celovška cesta 185, 30000 Port City, Slovenia",Slovenia,electronics
FR7967387223,Marseille Life Industries,"Place de la Liberté 1, 69001 Lyon, France",France,"beverages, medical"
CA6440314785,Gourmet Delicacy Holdings,"Main Street 157, 40000 Trade City, Canada",Canada,food
GR6917001695,Kavala Power Engineering Holding,"Voukourestiou Street 89, 50000 Commerce City, Greece",Greece,No preference
ID6687944150,Organic Cultivate Green,"Jalan Gatot Subroto 63, 40000 Trade City, Indonesia",Indonesia,"luxury, produce"
HU4143027878,Tech Circuit Electronic Kkt.,"Bartók Béla út 105, 40000 Trade City, Hungary",Hungary,electronics
ZA6255915982,Fundamental Elite,"Commercial Road 170, 50000 Commerce City, South Africa",South Africa,"luxury, raw_materials"
HR1018345525,Industries Holding,"Radićeva 44, 10000 Capital City, Croatia",Croatia,beverages
SE7749214142,Smart Handelsbolag,"Ringvägen 143, 111 52 Stockholm, Sweden",Sweden,"electronics, furniture"
CZ1801029239,Electronic Retail k.s.,"Nerudova 175, 20000 Central City, Czech Republic",Czech Republic,electronics
SE3071838879,Write Page Holding,"Nygatan 92, 703 61 Örebro, Sweden",Sweden,paper
RO9135462729,Trading International,"Bulevardul Carol I 99, 40000 Trade City, Romania",Romania,clothing
CN9400852003,"Shanghai Game Joy Co., Ltd.","Renmin Road 34, 510000 Guangzhou, China",China,"electronics, toys"
JP7539052659,Sophisticated YK,"Showa-dori 146, 060-0001 Sapporo, Japan",Japan,luxury
IT6446854277,Fine Fashion Thread,"Via Mazzini 27, 90133 Palermo, Italy",Italy,"clothing, luxury"
RU8721282352,Yekaterinburg Connect Transport,"Leninsky Prospekt 78, 190000 Saint Petersburg, Russia",Russia,beverages
AU5586851815,Australian Raw Systems Limited,"Market Street 143, 50000 Commerce City, Australia",Australia,"food, raw_materials"
HR7243501312,Pula Import,"Savska 150, 20000 Central City, Croatia",Croatia,No preference
AE1337468871,Drink Hydration,"Jumeirah Road 49, 20000 Central City, United Arab Emirates",United Arab Emirates,beverages
IT2214911080,Florence Luxury,"Via Milano 12, 95121 Catania, Italy",Italy,luxury
SK8996260839,Trnava Tech Market v.o.s.,"Kamenné námestie 75, 30000 Port City, Slovakia",Slovakia,No preference
IT4620793577,Living Group,"Via Roma 194, 00100 Rome, Italy",Italy,furniture
NL4424713310,Eindhoven Great Tech,"Julianastraat 14, 1012 Amsterdam, Netherlands",Netherlands,No preference
GB9288898291,React Organic Substance,"Station Road 147, M1 1AE Manchester, United Kingdom",United Kingdom,chemicals
AE5908515887,Molecular Service,"Al Diyafah Street 132, 40000 Trade City, United Arab Emirates",United Arab Emirates,"chemicals, luxury"
FI2834666478,Lahti Great Service,"Hämeentie 160, 10000 Capital City, Finland",Finland,No preference
GB9308340719,Manchester Textile Retail,"Victoria Road 156, B1 1BB Birmingham, United Kingdom",United Kingdom,"beverages, clothing"
RU7474412906,Origin Element,"Arbat Street 5, 443000 Samara, Russia",Russia,raw_materials
CZ7764948902,Beverage Holding,"Nerudova 40, 40000 Trade City, Czech Republic",Czech Republic,beverages
RU5537967771,Russian Hyper Resource,"Sadovaya Street 104, 454000 Chelyabinsk, Russia",Russia,raw_materials
TH7572851443,Couture Produce Food,"Rama IV Road 52, 30000 Port City, Thailand",Thailand,"clothing, produce"
CZ9988602054,Transport Trading,"Wenceslas Square 144, 20000 Central City, Czech Republic",Czech Republic,No preference
AT5400183752,Villach Nice Textile OG,"Kohlmarkt 56, 50000 Commerce City, Austria",Austria,beverages
RO5770613004,Organic Fresh International,"Strada Lipscani 186, 40000 Trade City, Romania",Romania,"produce, raw_materials"
SG8912166420,Health Corporation,"Boat Quay 75, 50000 Commerce City, Singapore",Singapore,medical
RU7916312343,Element Combined Beverage OAO,"Sadovaya Street 82, 190000 Saint Petersburg, Russia",Russia,raw_materials
GB1306925453,Trading Holdings,"Victoria Road 86, G1 1QN Glasgow, United Kingdom",United Kingdom,beverages
IT1025362000,Wood Interior Furniture Group,"Via Dante 59, 90133 Palermo, Italy",Italy,furniture
PL5662818967,Primary Electronics,"Wrocławska 39, 40-001 Katowice, Poland",Poland,raw_materials
NO5139017000,Tromsø Cure Health,"Kongsveien 67, 4306 Sandnes, Norway",Norway,medical
SI7130690254,Refreshment Trading,"Čopova ulica 48, 40000 Trade City, Slovenia",Slovenia,beverages
SE8642739449,Göteborg Raw Industries Koncern,"Drottninggatan 20, 252 21 Helsingborg, Sweden",Sweden,"household, raw_materials"
GB4240109519,Liquid Creative Manufacturing,"Church Road 182, EH1 1YT Edinburgh, United Kingdom",United Kingdom,beverages
PL6766475690,Export Group,"Krakowska 190, 00-001 Warsaw, Poland",Poland,"furniture, household"
GB4724450209,Manchester Apparel,"Victoria Road 66, BS1 1DB Bristol, United Kingdom",United Kingdom,clothing
GB8557717405,Therapeutic Mega Textile Ltd,"London Road 177, S1 1DA Sheffield, United Kingdom",United Kingdom,medical
DE1504830981,Circuit Gadget Consulting e.V.,"Waldstraße 90, 20095 Hamburg, Germany",Germany,"electronics, medical"
IT6950708133,Beverage SpA,"Corso Italia 153, 20121 Milan, Italy",Italy,beverages
CZ5530633298,House Standard Interior,"Karlova 58, 20000 Central City, Czech Republic",Czech Republic,"electronics, household"
IT4220847629,Elegant SAPA,"Piazza Duomo 175, 16121 Genoa, Italy",Italy,luxury
ID3792565004,Palembang Fundamental,"Jalan Diponegoro 33, 10000 Capital City, Indonesia",Indonesia,"raw_materials, toys"
CZ5717011924,Czech Quench,"Celetná 142, 30000 Port City, Czech Republic",Czech Republic,"beverages, household"
HU4570605732,Miskolc Nice Store,"Kerepesi út 113, 30000 Port City, Hungary",Hungary,No preference
SE2275682771,Furnish HB,"Järnvägsgatan 173, 553 16 Jönköping, Sweden",Sweden,"furniture, raw_materials"
ID9947634229,Prestige Distribution,"Jalan Pahlawan 200, 50000 Commerce City, Indonesia",Indonesia,luxury
ID7283316661,Indonesian Sophisticated,"Jalan Ahmad Yani 72, 10000 Capital City, Indonesia",Indonesia,"clothing, luxury"
MT1400438999,Circuit Import,"Triq Sant' Andrija 135, 20000 Central City, Malta",Malta,"electronics, medical"
MX5328768721,Residence World Residence,"Avenida Chapultepec 104, 40000 Trade City, Mexico",Mexico,household
VN4606142519,Da Nang Diet Decor,"Le Duan Street 42, 20000 Central City, Vietnam",Vietnam,"food, furniture"
ID8546765774,Basic Store,"Jalan Malioboro 101, 30000 Port City, Indonesia",Indonesia,"luxury, raw_materials"
EE5342815588,Rakvere Rapid Comfort Industries,"Gonsiori tänav 136, 40000 Trade City, Estonia",Estonia,furniture
LU8495091946,Schifflange Technologies Inc.,"Boulevard Royal 56, 50000 Commerce City, Luxembourg",Luxembourg,No preference
NL6367479673,Gastro Stichting,"Schoolstraat 62, 1315 Almere, Netherlands",Netherlands,food
CZ4205704025,Electronics Trading,"Karlova 184, 40000 Trade City, Czech Republic",Czech Republic,No preference
DE9144909332,Wellbeing Good Wellbeing UG,"Bahnhofstraße 121, 20095 Hamburg, Germany",Germany,medical
TR7743008379,Nutrition Gourmet Trading,"İnönü Caddesi 132, 30000 Port City, Turkey",Turkey,food
IT9454792413,Fluid Enterprises,"Via Milano 79, 00100 Rome, Italy",Italy,beverages
CN3684229622,Habitat Primary Trading,"Jiefang Road 55, 300000 Tianjin, China",China,"household, raw_materials"
ID2052464423,Palembang Wear,"Jalan Asia Afrika 1, 50000 Commerce City, Indonesia",Indonesia,"clothing, luxury"
GR3667411134,Food Store,"Mitropoleos Street 76, 10000 Capital City, Greece",Greece,food
IT5749571893,Living Expert Wood,"Via Roma 106, 95121 Catania, Italy",Italy,furniture
FR3066770841,Strasbourg Luxury Fine,"Rue de la République 133, 59000 Lille, France",France,luxury
AU3440584995,Melbourne Material Pty Ltd,"Collins Street 21, 20000 Central City, Australia",Australia,raw_materials
CZ1652937359,Circuit Smart,"Pařížská 184, 50000 Commerce City, Czech Republic",Czech Republic,electronics
RU9285699344,Primary Enterprises,"Arbat Street 120, 443000 Samara, Russia",Russia,"beverages, raw_materials"
LV5160960173,Valmiera Drink,"Tērbatas iela 3, 40000 Trade City, Latvia",Latvia,"beverages, food"
PL4989443956,Interior Living,"Piłsudskiego 177, 20-001 Lublin, Poland",Poland,household
TR7921115536,Izmir Market Corporation,"Cumhuriyet Caddesi 154, 40000 Trade City, Turkey",Turkey,household
HU8451631885,Electronic Gadget Device,"Dohány utca 172, 30000 Port City, Hungary",Hungary,electronics
FR6675769255,Bordeaux Link Elegant,"Rue Victor Hugo 187, 31000 Toulouse, France",France,"beverages, luxury"
NL6584835127,Nutrition Creative Flavor NV,"Julianastraat 15, 1315 Almere, Netherlands",Netherlands,food
GB9498917867,Elegant Enterprises,"High Street 108, M1 1AE Manchester, United Kingdom",United Kingdom,"beverages, luxury"
KR6838662872,Daegu Gadget,"Jongno 38, 30000 Port City, South Korea",South Korea,electronics
ID7540004434,Semarang Prestige Luxury,"Jalan Ahmad Yani 160, 20000 Central City, Indonesia",Indonesia,luxury
BR3127065046,Nutrition Empreendimentos,"Rua das Flores 104, 40000-000 Salvador, Brazil",Brazil,food
BE3215019150,Taste Master Drink,"Rue Neuve 90, 10000 Capital City, Belgium",Belgium,"beverages, food"
GB9782460213,Process Compound Logistics,"Park Road 180, B1 1BB Birmingham, United Kingdom",United Kingdom,"chemicals, luxury"
AE2345370348,Dubai Hyper Wholesale Trading,"Al Fahidi Street 43, 50000 Commerce City, United Arab Emirates",United Arab Emirates,"cosmetics, electronics"
AE9245155783,React Group,"Al Mankhool Road 4, 40000 Trade City, United Arab Emirates",United Arab Emirates,"chemicals, luxury"
HU3761961847,Kecskemét Couture Construction Enterprises,"Kerepesi út 79, 30000 Port City, Hungary",Hungary,clothing
TR7609461765,Living Residence House,"Halaskargazi Caddesi 87, 40000 Trade City, Turkey",Turkey,household
DE7549572666,Market eG,"Schulstraße 90, 10115 Berlin, Germany",Germany,No preference
CZ1097538346,Olomouc Comfort,"Dlouhá 41, 30000 Port City, Czech Republic",Czech Republic,"electronics, household"
IN1203192551,Textile Quality Apparel,"Nehru Road 78, 411001 Pune, India",India,"clothing, food"
BR2881342606,Diet Negócios,"Avenida Getúlio Vargas 165, 70000-000 Brasília, Brazil",Brazil,"food, raw_materials"
TH3151271937,Device Corporation,"Ratchaprasong Road 99, 50000 Commerce City, Thailand",Thailand,"electronics, toys"
KR6253618457,Seoul Electronic Industries,"Myeongdong-gil 73, 30000 Port City, South Korea",South Korea,electronics
IT4211935871,Prestige Elite Processing SNC,"Via Verdi 100, 95121 Catania, Italy",Italy,luxury
FR4672048069,Technologies Groupe,"Rue de Paris 142, 06000 Nice, France",France,"beverages, medical"
RU8550092372,Diet OOO,"Tverskaya Street 142, 450000 Ufa, Russia",Russia,food
SI3506646610,Ptuj Combined Manufacturing,"Wolfova ulica 79, 40000 Trade City, Slovenia",Slovenia,beverages
PL2589048024,Dwelling Industries,"Gdańska 62, 00-001 Warsaw, Poland",Poland,"furniture, household"
SK4450940953,Computing Enterprises,"Kamenné námestie 62, 50000 Commerce City, Slovakia",Slovakia,electronics
EE4063550639,Digital OÜ,"Narva maantee 105, 20000 Central City, Estonia",Estonia,electronics
IT9886830593,Garment Fashion Elegant Group,"Via Vittorio Emanuele 187, 40121 Bologna, Italy",Italy,"clothing, luxury"
PT3452044719,Vila Nova de Gaia Technologies,"Rua do Carmo 176, 50000 Commerce City, Portugal",Portugal,clothing
FI7862229954,Oulu Dwelling Home,"Mannerheimintie 17, 30000 Port City, Finland",Finland,household
KR3109705907,Formula React,"Gwanghwamun-gil 159, 30000 Port City, South Korea",South Korea,chemicals
IT3890172883,Select Liquid,"Via Marconi 200, 40121 Bologna, Italy",Italy,"beverages, luxury"
RO1187377034,Primary Wholesale,"Bulevardul Carol I 200, 40000 Trade City, Romania",Romania,raw_materials
TR7612395542,Dwelling International,"Cumhuriyet Caddesi 107, 10000 Capital City, Turkey",Turkey,household
MX8871022603,Dwelling Lifestyle S.A. de C.V.,"Calle Hidalgo 37, 50000 Commerce City, Mexico",Mexico,"clothing, household"
TR5745544474,Couture Fashion Solutions,"İnönü Caddesi 85, 50000 Commerce City, Turkey",Turkey,clothing
LU5269065042,Schifflange Vital Wholesale,"Rue Philippe II 146, 10000 Capital City, Luxembourg",Luxembourg,medical
ID6245800207,Upscale Tbk,"Jalan Sudirman 176, 10000 Capital City, Indonesia",Indonesia,luxury
FR8198053217,Quench Advanced Thirst,"Rue Pasteur 131, 75001 Paris, France",France,beverages
GB1570159758,Manchester Fluid,"Mill Lane 196, S1 1DA Sheffield, United Kingdom",United Kingdom,beverages
ES8555878639,International Energetic Habitat,"Industrial Lane 26, 30000 Port City, Spain",Spain,household
GB4689004614,Glasgow Fine Group,"London Road 129, EH1 1YT Edinburgh, United Kingdom",United Kingdom,"beverages, luxury"
JP9161730177,Electro Corporation,"Heiwa-dori 6, 460-0008 Nagoya, Japan",Japan,electronics
MX5975981795,Child Grupo,"Avenida Juárez 101, 40000 Trade City, Mexico",Mexico,toys
FR4985434551,Nice Prime Fluid,"Boulevard Saint-Michel 167, 31000 Toulouse, France",France,beverages
CN5879451058,Industries Limited,"Guangming Road 140, 100000 Beijing, China",China,raw_materials
RU8166725016,Russian Source,"Bolshaya Morskaya Street 160, 101000 Moscow, Russia",Russia,raw_materials
RU3614792200,Moscow Furniture,"Sadovaya Street 178, 630000 Novosibirsk, Russia",Russia,raw_materials
AT5037798344,Innsbruck Next Prestige OG,"Wollzeile 72, 20000 Central City, Austria",Austria,luxury
HR9277390942,Food Holding,"Vlaška 173, 30000 Port City, Croatia",Croatia,"clothing, food"
CA8428489583,Script Script Beverage,"Bloor Street 169, 20000 Central City, Canada",Canada,paper
GB4987037957,Fluid Globe Thirst,"Main Street 192, EH1 1YT Edinburgh, United Kingdom",United Kingdom,"beverages, clothing"
KR7316672239,Compound Corp.,"Insadong-gil 38, 10000 Capital City, South Korea",South Korea,"chemicals, household"
KR5484899275,Home Domestic,"Teheran-ro 175, 50000 Commerce City, South Korea",South Korea,household
BE2285585512,Charleroi Select,"Rue de la Loi 80, 30000 Port City, Belgium",Belgium,luxury
FR8728567537,Beverage Drink Brew Holding,"Avenue des Champs-Élysées 93, 13001 Marseille, France",France,beverages
ES2940497840,Intercontinental Delicacy,"Commerce Road 37, 10000 Capital City, Spain",Spain,food
TH9949129300,Electro Technologies International,"Sukhumvit Road 174, 40000 Trade City, Thailand",Thailand,"electronics, toys"
RU3963898208,Bottle Beverage Refreshment Industries,"Tverskaya Street 154, 420000 Kazan, Russia",Russia,beverages
HR6720390760,Trading d.o.o.,"Masarykova 187, 10000 Capital City, Croatia",Croatia,No preference
RU6366452952,Raw Natural Industries,"Sadovaya Street 174, 620000 Yekaterinburg, Russia",Russia,raw_materials
RU1423252448,Origin Global Primary,"Tverskaya Street 14, 101000 Moscow, Russia",Russia,raw_materials
DE4384208519,Cure Fast Cure GmbH,"Waldstraße 8, 50667 Cologne, Germany",Germany,medical
SE5864480764,Malmö Domestic Comfort Aktiebolag,"Sveagatan 177, 111 52 Stockholm, Sweden",Sweden,household
TR6229143145,Izmir Store,"Vatan Caddesi 157, 40000 Trade City, Turkey",Turkey,No preference
CA9624339156,Pharma Wellbeing,"St Catherine Street 90, 50000 Commerce City, Canada",Canada,"food, medical"
TH5731898123,"Play Co., Ltd.","Rama IV Road 65, 50000 Commerce City, Thailand",Thailand,"electronics, toys"
IT3238878067,Wear Furniture Wood,"Via Mazzini 175, 95121 Catania, Italy",Italy,"clothing, furniture"
PL1479759410,Dwelling Living Lifestyle,"Poznańska 108, 80-001 Gdańsk, Poland",Poland,"furniture, household"
RU8485602098,Novosibirsk Super Refreshment,"Tverskaya Street 1, 620000 Yekaterinburg, Russia",Russia,"beverages, raw_materials"
RU4058034404,Market Industries,"Tverskaya Street 41, 620000 Yekaterinburg, Russia",Russia,food
CA1863076986,Market Group,"Yonge Street 149, 20000 Central City, Canada",Canada,medical
MX7294689362,Mexico City Globe Diet,"Calle 5 de Mayo 90, 10000 Capital City, Mexico",Mexico,"food, toys"
BR6203901204,Fortaleza Electronics Indústrias,"Avenida Getúlio Vargas 34, 90000-000 Porto Alegre, Brazil",Brazil,beverages
RU7576872256,Food Holdings,"Pushkinskaya Street 116, 630000 Novosibirsk, Russia",Russia,food
RU6390474759,Nutrition Next Gastro Trading,"Leninsky Prospekt 184, 344000 Rostov-on-Don, Russia",Russia,"beverages, food"
MX3972361832,Tijuana Shipping S.A.,"Calle Hidalgo 153, 10000 Capital City, Mexico",Mexico,"food, toys"
GB7966042215,Glasgow Mega Furniture Group,"Mill Lane 145, LS1 1UR Leeds, United Kingdom",United Kingdom,medical
CZ1160272697,Prague Market,"Dlouhá 56, 30000 Port City, Czech Republic",Czech Republic,No preference
CA7588798831,Press Book,"Yonge Street 104, 30000 Port City, Canada",Canada,paper
DE8049733988,Molecular Process Electronics KG,"Schulstraße 185, 70173 Stuttgart, Germany",Germany,chemicals
VN6244790916,Hue Electronic Computing,"Dong Khoi Street 147, 50000 Commerce City, Vietnam",Vietnam,"electronics, furniture"
SI8590129829,Slovenia Trading,"Miklošičeva cesta 46, 50000 Commerce City, Slovenia",Slovenia,No preference
ES8482539156,Universal Residence Wear,"Commerce Road 97, 50000 Commerce City, Spain",Spain,"clothing, household"
VN1617358105,Couture Market,"Le Loi Street 25, 50000 Commerce City, Vietnam",Vietnam,"clothing, toys"
RO5491422343,Import S.A.,"Strada Smârdan 37, 10000 Capital City, Romania",Romania,furniture
RO4039684250,Cluj-Napoca Garment,"Bulevardul Magheru 112, 20000 Central City, Romania",Romania,"clothing, produce"
BR5129169349,Wholesale Internacional,"Avenida Atlântica 43, 50000-000 Recife, Brazil",Brazil,"produce, raw_materials"
FR7269929380,Strasbourg Cosmetic,"Rue de Paris 64, 67000 Strasbourg, France",France,cosmetics
CN7431504706,Toy Recreation,"Heping Road 178, 210000 Nanjing, China",China,"raw_materials, toys"
GB7718878771,Glasgow Energetic Thread,"King Street 77, BS1 1DB Bristol, United Kingdom",United Kingdom,clothing
FI6584089116,Gadget Master Device,"Lönnrotinkatu 185, 20000 Central City, Finland",Finland,electronics
EE6565385967,Viljandi Beverage,"Tartu maantee 126, 20000 Central City, Estonia",Estonia,No preference
ES2776510924,Gourmet Inc.,"Port Street 103, 40000 Trade City, Spain",Spain,food
PT3195475289,Couture Active Garment International,"Avenida da República 16, 20000 Central City, Portugal",Portugal,"clothing, paper"
HU2236730914,Nyíregyháza Service,"Teréz körút 165, 10000 Capital City, Hungary",Hungary,clothing
IT5750764789,Italian Gastro Group,"Via Roma 38, 95121 Catania, Italy",Italy,food
FR1780411779,Luxury Cure,"Rue des Écoles 187, 44000 Nantes, France",France,"luxury, medical"
RO7443449460,Garment Ultra Cultivate,"Strada Lipscani 18, 20000 Central City, Romania",Romania,"clothing, produce"
NL3346473378,Utrecht Direct Industries BV,"Wilhelminastraat 173, 3011 Rotterdam, Netherlands",Netherlands,"chemicals, produce"
RO4963069242,Brașov Fundamental Origin,"Bulevardul Magheru 83, 10000 Capital City, Romania",Romania,raw_materials
DE3366512931,Service AG,"Kirchstraße 157, 60311 Frankfurt, Germany",Germany,household
DE9034289541,Pharma GbR,"Kirchstraße 158, 45127 Essen, Germany",Germany,"household, medical"
ES3897956226,Diet Corporation,"Harbor Road 108, 50000 Commerce City, Spain",Spain,food
CZ9030069872,Liberec Tech Device s.r.o.,"Pařížská 194, 10000 Capital City, Czech Republic",Czech Republic,electronics
AU1170224939,Source Industries,"Queen Street 192, 10000 Capital City, Australia",Australia,raw_materials
FI5357154004,Jyväskylä Circuit,"Museokatu 87, 20000 Central City, Finland",Finland,"electronics, household"
IT1216989946,Diet Value Gastro,"Via Garibaldi 141, 70121 Bari, Italy",Italy,food
ID4029882990,Crop Farm Crop Holdings,"Jalan Gatot Subroto 112, 50000 Commerce City, Indonesia",Indonesia,produce
CA7534376878,Wellbeing Care,"Yonge Street 166, 10000 Capital City, Canada",Canada,medical
GR9197940610,Import A.E.,"Mitropoleos Street 126, 10000 Capital City, Greece",Greece,"beverages, clothing"
GB9419045464,Edinburgh Fine,"Mill Lane 33, LS1 1UR Leeds, United Kingdom",United Kingdom,"clothing, luxury"
ES1355409220,Diet Delicacy Export,"Harbor Road 156, 10000 Capital City, Spain",Spain,food
SI5520782689,Thirst Holding,"Čopova ulica 102, 40000 Trade City, Slovenia",Slovenia,beverages
IT8416321872,Milan Combined Trading Holding,"Via Dante 113, 90133 Palermo, Italy",Italy,"beverages, clothing"
IT5649517497,Italian Wear,"Via Marconi 191, 90133 Palermo, Italy",Italy,"clothing, luxury"
JP6744739311,Food Trading,"Ginza 72, 810-0001 Fukuoka, Japan",Japan,luxury
LU6973196201,Fine Corporation,"Avenue Monterey 147, 50000 Commerce City, Luxembourg",Luxembourg,luxury
MX2079642266,Refreshment Thirst,"Avenida Universidad 127, 30000 Port City, Mexico",Mexico,beverages
KR3839424324,Med Shipping Inc.,"Garosu-gil 174, 30000 Port City, South Korea",South Korea,medical
RU7490565692,Omsk Systems,"Tverskaya Street 75, 450000 Ufa, Russia",Russia,No preference
VN3390898776,House JSC,"Le Duan Street 34, 10000 Capital City, Vietnam",Vietnam,furniture
VN7135890165,Nha Trang Culinary LLC,"Hai Ba Trung Street 72, 20000 Central City, Vietnam",Vietnam,food
AE3749856480,Synthesis Element Prestige Inc.,"Al Rigga Road 21, 10000 Capital City, United Arab Emirates",United Arab Emirates,"chemicals, luxury"
PL4723438694,Nutrition Enterprises,"Sienkiewicza 135, 50-001 Wrocław, Poland",Poland,"food, furniture"
ES9515506639,Electro Holdings,"Central Avenue 78, 10000 Capital City, Spain",Spain,"electronics, household"
FR4957366035,Marseille Network Tech,"Rue Victor Hugo 89, 13001 Marseille, France",France,"cosmetics, food"
BR2909609596,Harvest Garden,"Rua das Flores 55, 90000-000 Porto Alegre, Brazil",Brazil,"food, produce"
HR2265672812,Croatia Textile Stitch Group,"Ilica 64, 30000 Port City, Croatia",Croatia,clothing
GB5729438874,London Brew,"School Lane 145, L1 1JD Liverpool, United Kingdom",United Kingdom,beverages
KR3962687708,Electro Logistics,"Gwanghwamun-gil 180, 50000 Commerce City, South Korea",South Korea,"electronics, medical"
GB6402440266,Edinburgh Upscale Style,"School Lane 73, G1 1QN Glasgow, United Kingdom",United Kingdom,"clothing, luxury"
IT6367854491,Genoa Trading,"Via Garibaldi 165, 20121 Milan, Italy",Italy,food
FR9885511142,Quench Thirst Brew Groupe,"Rue de l'Église 118, 13001 Marseille, France",France,beverages
TH8671467087,Systems Group,"Phra Athit Road 33, 50000 Commerce City, Thailand",Thailand,toys
DE3777811713,Wellbeing Therapeutic,"Waldstraße 95, 10115 Berlin, Germany",Germany,"electronics, medical"
IT3863438734,Italia Premium SAPA,"Via Vittorio Emanuele 124, 00100 Rome, Italy",Italy,"beverages, luxury"
SE2761256963,Göteborg Habitat Element KB,"Drottninggatan 42, 411 08 Gothenburg, Sweden",Sweden,"household, raw_materials"
IT1882287377,Italia National Furnish,"Corso Italia 166, 50123 Florence, Italy",Italy,furniture
AT5233284705,Thirst Gastro GmbH,"Kärntner Straße 156, 20000 Central City, Austria",Austria,"beverages, food"
ES5196310825,Edible Edible Enterprises,"Trade Street 121, 30000 Port City, Spain",Spain,food
ES6303114157,Retail Ltd,"Port Street 120, 40000 Trade City, Spain",Spain,household
IT4319401045,Genoa Innovative Design,"Via Garibaldi 57, 50123 Florence, Italy",Italy,furniture
SG3196516674,Fine Enterprises,"Marina Bay 142, 30000 Port City, Singapore",Singapore,"household, luxury"
DE2723433844,Gadget SE,"Gartenstraße 18, 44135 Dortmund, Germany",Germany,electronics
RU2986378730,Thirst Enterprises,"Nevsky Prospekt 174, 344000 Rostov-on-Don, Russia",Russia,beverages
RU4111475798,Moscow Solutions Holdings,"Malyy Prospekt 25, 620000 Yekaterinburg, Russia",Russia,No preference
ES6174501193,Style Corporation,"International Boulevard 115, 30000 Port City, Spain",Spain,clothing
GB4058421037,British Compound,"School Lane 103, SW1A 1AA London, United Kingdom",United Kingdom,"chemicals, medical"
GB8607985648,Formula Enterprises,"Park Road 197, G1 1QN Glasgow, United Kingdom",United Kingdom,"chemicals, luxury"
PT5193061360,Lifestyle Support Hydration,"Rua Augusta 150, 40000 Trade City, Portugal",Portugal,"beverages, household"
AU6334676619,Australia Material International,"Bourke Street 102, 50000 Commerce City, Australia",Australia,raw_materials
SG5836737181,React Enterprises,"Orchard Road 85, 10000 Capital City, Singapore",Singapore,chemicals
CA4382535717,Write Link Sheet Inc.,"Portage Avenue 176, 10000 Capital City, Canada",Canada,paper
IT8263615600,Stitch Engineering,"Corso Italia 132, 70121 Bari, Italy",Italy,"beverages, clothing"
RU3441808541,Yekaterinburg Service,"Nevsky Prospekt 143, 644000 Omsk, Russia",Russia,No preference
FR6304451948,Technologies SA,"Rue des Écoles 191, 44000 Nantes, France",France,"food, medical"
SK5247817718,Košice Professional Electronic Group,"Kamenné námestie 183, 30000 Port City, Slovakia",Slovakia,electronics
TR6896211219,Flavor A.Ş.,"Istiklal Caddesi 168, 40000 Trade City, Turkey",Turkey,food
FI1251677491,Finnish Shop,"Hämeentie 168, 30000 Port City, Finland",Finland,household
GB2464031924,English Quench,"Victoria Road 100, L1 1JD Liverpool, United Kingdom",United Kingdom,"beverages, luxury"
NO1204755015,Pharma Pharma,"Strandgata 198, 3015 Drammen, Norway",Norway,medical
NL5847689881,Organic Cultivate,"Oranjestraat 129, 6511 Nijmegen, Netherlands",Netherlands,"food, produce"
IT9643951754,Turin Export Group,"Corso Italia 95, 00100 Rome, Italy",Italy,furniture
BE8664625201,Brussels Fine,"Rue Neuve 170, 40000 Trade City, Belgium",Belgium,luxury
PT9332456444,Porto Refreshment Beverage Inc.,"Avenida da República 130, 30000 Port City, Portugal",Portugal,beverages
PT6234892196,House Domestic,"Avenida da Liberdade 60, 30000 Port City, Portugal",Portugal,household
EE6171906064,Living Furnish Comfort TÜ,"Pärnu maantee 98, 20000 Central City, Estonia",Estonia,furniture
SK8076075082,Home Home Dwelling,"Michalská ulica 131, 50000 Commerce City, Slovakia",Slovakia,household
CY7106351770,Liquid Quench Group,"Ledra Street 120, 20000 Central City, Cyprus",Cyprus,beverages
CZ7523547787,Ostrava Good Export,"Wenceslas Square 109, 50000 Commerce City, Czech Republic",Czech Republic,No preference
ID5594281978,Surabaya Textile Tbk,"Jalan Pahlawan 33, 40000 Trade City, Indonesia",Indonesia,"clothing, raw_materials"
LU8118011741,Trading S.à r.l.,"Rue du Fort Bourbon 177, 20000 Central City, Luxembourg",Luxembourg,No preference
CZ9356076055,Hradec Králové A1 Import Group,"Na Příkopě 79, 40000 Trade City, Czech Republic",Czech Republic,No preference
IE4702423920,Swords Logistics,"Grafton Street 131, 20000 Central City, Ireland",Ireland,food
HR7772626503,Sesvete System Store Holding,"Ilica 33, 30000 Port City, Croatia",Croatia,"beverages, food"
NO5937036420,Trondheim Partner Shop,"Parkveien 107, 4611 Kristiansand, Norway",Norway,No preference
CA7449419828,Primary Transport Corp.,"Queen Street 74, 20000 Central City, Canada",Canada,raw_materials
ID3211995750,Medan Select International,"Jalan Malioboro 23, 10000 Capital City, Indonesia",Indonesia,luxury
CA4516886639,Diet Corp.,"Elgin Street 84, 40000 Trade City, Canada",Canada,food
IN7216670269,Manufacturing Ltd.,"Park Street 173, 302001 Jaipur, India",India,"chemicals, medical"
PL3979810096,Poznań Domestic Living,"Słowackiego 132, 40-001 Katowice, Poland",Poland,household
JP9357925831,Leisure Leisure Leisure Industries,"Omotesando 44, 530-0001 Osaka, Japan",Japan,toys
RO8559492339,Constanța Logistics Industries,"Bulevardul Dacia 92, 40000 Trade City, Romania",Romania,No preference
FR2885369993,French Textile Holding,"Boulevard Saint-Michel 87, 06000 Nice, France",France,"luxury, medical"
IT1193496601,Food Service Nutrition,"Via Vittorio Emanuele 79, 95121 Catania, Italy",Italy,food
GB3231949080,Fine Pro Premium Holdings,"Church Road 13, LS1 1UR Leeds, United Kingdom",United Kingdom,luxury
CA3033725652,Montreal Tech,"Bloor Street 148, 10000 Capital City, Canada",Canada,No preference
TR8884101495,Garden Enterprises,"Gazi Mustafa Kemal Bulvarı 65, 50000 Commerce City, Turkey",Turkey,produce
MX4142432955,Guadalajara Fashion,"Avenida Revolución 100, 30000 Port City, Mexico",Mexico,clothing
AU8656827715,Adelaide Combined Processing,"Market Street 130, 20000 Central City, Australia",Australia,beverages
IT4749602624,Fluid Bottle Textile Holding,"Via Marconi 75, 00100 Rome, Italy",Italy,"beverages, clothing"
ID6728063698,Cultivate Green,"Jalan Pahlawan 152, 30000 Port City, Indonesia",Indonesia,produce
HU1153121203,Drink Manufacturing,"Ráday utca 17, 20000 Central City, Hungary",Hungary,beverages
FR7154675273,Nantes A1 Processing,"Rue Pasteur 140, 34000 Montpellier, France",France,"beverages, medical"
ID3940707348,Palembang Expert Green,"Jalan Asia Afrika 185, 10000 Capital City, Indonesia",Indonesia,"produce, raw_materials"
BR5900313192,Brasília Refreshment Comércio,"Rua Rio de Janeiro 154, 50000-000 Recife, Brazil",Brazil,"beverages, clothing"
ID9293778554,Primary Associated Origin Industries,"Jalan Merdeka 81, 20000 Central City, Indonesia",Indonesia,raw_materials
DE2357479830,Berlin Electronics GbR,"Gartenstraße 134, 70173 Stuttgart, Germany",Germany,No preference
CA6449100165,Pharma Store LP,"Yonge Street 134, 40000 Trade City, Canada",Canada,medical
JP2606004712,Japanese Care Industries,"Ginza 73, 060-0001 Sapporo, Japan",Japan,medical
ES3625312108,International Flavor Gourmet,"Business Park 138, 50000 Commerce City, Spain",Spain,food
PL7087654995,Electronics Sp. j.,"Piłsudskiego 73, 50-001 Wrocław, Poland",Poland,raw_materials
LT5083461676,Textile UAB,"Didžioji gatvė 8, 40000 Trade City, Lithuania",Lithuania,furniture
IT5391269111,Italian Premium,"Via Verdi 20, 80100 Naples, Italy",Italy,luxury
GR4922613128,Brew E.E.,"Panepistimiou Street 89, 40000 Trade City, Greece",Greece,beverages
HR3284378573,Flavor Diet Gastro Inc.,"Vlaška 167, 30000 Port City, Croatia",Croatia,food
DE7679159696,Hamburg Domestic OHG,"Schulstraße 182, 60311 Frankfurt, Germany",Germany,"household, medical"
PT8427481262,Natural Stitch Trading,"Rua Augusta 4, 20000 Central City, Portugal",Portugal,"clothing, produce"
IN9048780120,Delhi Select Taste International,"Park Street 148, 380001 Ahmedabad, India",India,"food, luxury"
SE6073628223,Örebro Home Gadget AB,"Järnvägsgatan 157, 111 52 Stockholm, Sweden",Sweden,"electronics, furniture"
JP1960340589,Exclusive Premium Elegant,"Omotesando 122, 460-0008 Nagoya, Japan",Japan,luxury
MT6622163115,Sliema Edible Delicacy Ltd,"Triq Manwel Dimech 104, 10000 Capital City, Malta",Malta,food
ZA6486624196,Harvest Limited,"Long Street 198, 20000 Central City, South Africa",South Africa,"food, produce"
RU9836953698,Brew Thirst Hydration,"Liteyny Prospekt 194, 630000 Novosibirsk, Russia",Russia,beverages
IT4881351866,Nutrition Flavor Store,"Via Verdi 26, 40121 Bologna, Italy",Italy,food
FR3014221360,Skin Radiant Holding,"Rue de Paris 90, 34000 Montpellier, France",France,cosmetics
IT8145204759,Furniture Interior,"Via Verdi 52, 16121 Genoa, Italy",Italy,furniture
IT4532976784,Textile Pure Wood,"Via Milano 115, 90133 Palermo, Italy",Italy,"clothing, furniture"
CA8933878586,Vancouver Bio Health,"King Street 50, 30000 Port City, Canada",Canada,medical
GR3683556759,Couture Construction,"Alexandras Avenue 63, 10000 Capital City, Greece",Greece,"beverages, clothing"
BR4272364434,Fresh Wear Fresh S.A.,"Avenida Paulista 64, 01000-000 São Paulo, Brazil",Brazil,"clothing, produce"
DE4450846697,Gadget Quick Gadget,"Waldstraße 73, 20095 Hamburg, Germany",Germany,"electronics, medical"
BR6400877783,Delicacy Ltda.,"Avenida Paulista 189, 30000-000 Belo Horizonte, Brazil",Brazil,food
RO3143184058,Brașov Style S.R.L.,"Bulevardul Dacia 21, 10000 Capital City, Romania",Romania,"clothing, raw_materials"
ID5353995722,Indonesian Prestige Trading,"Jalan Malioboro 132, 30000 Port City, Indonesia",Indonesia,"luxury, produce"
FI9208630181,Computing Smart,"Kalevankatu 56, 20000 Central City, Finland",Finland,"electronics, paper"
BR5406678773,Nutrition Gastro Edible Negócios,"Avenida Amazonas 190, 01000-000 São Paulo, Brazil",Brazil,"beverages, food"
FR1994770655,Edible Prestige Industries,"Rue du Moulin 2, 13001 Marseille, France",France,"food, luxury"
MX3096836292,Edible Taste Diet S.A.,"Avenida Universidad 36, 10000 Capital City, Mexico",Mexico,food
HU2218988858,Textile Nyrt.,"Bartók Béla út 7, 30000 Port City, Hungary",Hungary,No preference
KR3038831989,Vital International,"Gwanghwamun-gil 155, 20000 Central City, South Korea",South Korea,medical
GB4048999384,Elite Support Shipping,"King Street 87, L1 1JD Liverpool, United Kingdom",United Kingdom,luxury
HU5797146117,Fluid Beverage Beverage,"Teréz körút 83, 10000 Capital City, Hungary",Hungary,beverages
AU3498688808,Garden Link Natural,"Market Street 141, 40000 Trade City, Australia",Australia,produce
ID5432358842,Fine Fundamental,"Jalan Diponegoro 18, 20000 Central City, Indonesia",Indonesia,"luxury, raw_materials"
ID2900145409,Organic Network Harvest,"Jalan Malioboro 25, 10000 Capital City, Indonesia",Indonesia,"produce, raw_materials"
AT3919315148,Wholesale GmbH,"Favoritenstraße 10, 50000 Commerce City, Austria",Austria,food
TH8026417040,Hat Yai Delicacy Consulting,"Yaowarat Road 117, 10000 Capital City, Thailand",Thailand,food
BR3705812724,Fortaleza Garden Produce Holdings,"Avenida Getúlio Vargas 27, 01000-000 São Paulo, Brazil",Brazil,produce
ID2697096334,Leisure Nice Logistics Corporation,"Jalan Pahlawan 140, 20000 Central City, Indonesia",Indonesia,toys
ES2156180472,Delicacy Enterprises,"Harbor Road 157, 30000 Port City, Spain",Spain,"clothing, food"
PT1058203117,Print Press,"Rua do Carmo 165, 10000 Capital City, Portugal",Portugal,"beverages, paper"
JP9950055480,Digital GK,"Omotesando 37, 330-0001 Saitama, Japan",Japan,electronics
CA3687542714,Resource Raw Fundamental,"Queen Street 117, 50000 Commerce City, Canada",Canada,"food, raw_materials"
AT4012040730,Graz Next Engineering Industries,"Herrengasse 160, 50000 Commerce City, Austria",Austria,"food, luxury"
RU2010969067,Delicacy Diet Edible Holdings,"Leninsky Prospekt 200, 443000 Samara, Russia",Russia,food
FR9605962661,Toulouse Brew Beverage,"Rue de Paris 170, 33000 Bordeaux, France",France,beverages
HU7201130113,Drink Brew Export International,"Andrássy út 58, 20000 Central City, Hungary",Hungary,beverages
SI3660206123,Domestic House Enterprises,"Slovenska cesta 35, 10000 Capital City, Slovenia",Slovenia,"beverages, household"
ES4450272305,Computing Device Taste,"Industrial Lane 169, 20000 Central City, Spain",Spain,"electronics, food"
AU1125576453,Cultivate Logistics,"Oxford Street 118, 30000 Port City, Australia",Australia,"beverages, produce"
BE7924416333,Ghent Nutrition Group,"Rue des Bouchers 20, 10000 Capital City, Belgium",Belgium,food
FR4205384349,Flavor Groupe,"Rue du Moulin 93, 06000 Nice, France",France,"food, luxury"
CA4342320890,Source Raw Holdings,"Robson Street 28, 40000 Trade City, Canada",Canada,raw_materials
ID1338882832,Medan Premium Luxury Enterprises,"Jalan Ahmad Yani 144, 20000 Central City, Indonesia",Indonesia,luxury
FR5213001217,Pharma Care,"Rue de la République 41, 13001 Marseille, France",France,"luxury, medical"
LU8917466549,Life S.A.,"Rue du Fort Bourbon 45, 50000 Commerce City, Luxembourg",Luxembourg,medical
ES1909967924,Gourmet Nutrition Lifestyle Enterprises,"Export Road 83, 30000 Port City, Spain",Spain,"food, household"
TR7015798024,Turkish Wear Retail,"Cumhuriyet Caddesi 68, 40000 Trade City, Turkey",Turkey,clothing
NO2322929402,Computing Chip Shipping Group,"Fjellveien 141, 1607 Fredrikstad, Norway",Norway,electronics
BR4357958329,Hydration Delicacy,"Rua São Paulo 139, 50000-000 Recife, Brazil",Brazil,"beverages, food"
VN6916660108,Can Tho Decor House Corporation,"Tran Hung Dao Street 172, 20000 Central City, Vietnam",Vietnam,furniture
IE3940935891,Shipping Group,"Leeson Street 192, 10000 Capital City, Ireland",Ireland,electronics
BR6917833404,Salvador Fresh Holdings,"Rua São Paulo 115, 40000-000 Salvador, Brazil",Brazil,produce
KR2000532713,Busan Electronic House,"Teheran-ro 59, 30000 Port City, South Korea",South Korea,"electronics, household"
BR4247486765,Brasília Wear,"Rua Santos Dumont 192, 70000-000 Brasília, Brazil",Brazil,clothing
FI2398363671,Processing Oyj,"Esplanadi 189, 10000 Capital City, Finland",Finland,No preference
JP5742060547,Fukuoka Joy Trading,"Heiwa-dori 146, 330-0001 Saitama, Japan",Japan,"luxury, toys"
NL7066040590,Tilburg Power Harvest,"Wilhelminastraat 78, 5038 Tilburg, Netherlands",Netherlands,produce
HU9097367346,Debrecen Couture Couture,"Teréz körút 17, 50000 Commerce City, Hungary",Hungary,clothing
ID8724319107,Sophisticated Group,"Jalan Ahmad Yani 149, 20000 Central City, Indonesia",Indonesia,"luxury, raw_materials"
ID9212865108,Medan Resource Joy,"Jalan Malioboro 194, 20000 Central City, Indonesia",Indonesia,"raw_materials, toys"
FR3415582507,Upscale SA,"Rue du Moulin 179, 34000 Montpellier, France",France,"food, luxury"
BR2119731304,Textile Grupo,"Avenida Brasil 49, 20000-000 Rio de Janeiro, Brazil",Brazil,"beverages, raw_materials"
HU7039955014,Stitch Bt.,"Váci utca 188, 40000 Trade City, Hungary",Hungary,clothing
SE7898601967,Lifestyle Logistics HB,"Kyrkogatan 37, 553 16 Jönköping, Sweden",Sweden,"household, raw_materials"
SE1567712646,Book Script,"Parkgatan 18, 211 20 Malmö, Sweden",Sweden,paper
GB2517922708,Manchester Fresh Molecular LLC,"King Street 138, M1 1AE Manchester, United Kingdom",United Kingdom,chemicals
PL1091397599,Nutrition Flavor Gastro International,"Poznańska 140, 90-001 Łódź, Poland",Poland,food
PT1103236808,Solutions Lda.,"Avenida Almirante Reis 157, 50000 Commerce City, Portugal",Portugal,paper
TR3924663432,Farm International,"Istiklal Caddesi 37, 40000 Trade City, Turkey",Turkey,produce
GB6076881514,Glasgow Fabric,"Park Road 197, B1 1BB Birmingham, United Kingdom",United Kingdom,"beverages, clothing"
ZA9163352705,Bloemfontein Fundamental,"Victoria Road 109, 50000 Commerce City, South Africa",South Africa,raw_materials
PL9132721179,Origin Origin Material Sp. j.,"Poznańska 166, 80-001 Gdańsk, Poland",Poland,raw_materials
KR1910490359,House Comfort,"Samcheong-ro 151, 30000 Port City, South Korea",South Korea,household
TR1637848447,Gaziantep Clean Trading International,"Millet Caddesi 167, 50000 Commerce City, Turkey",Turkey,produce
AT4959588939,Austria Beverage Retail Enterprises,"Wollzeile 73, 40000 Trade City, Austria",Austria,beverages
VN9536063727,Living Fashion Textile,"Tran Hung Dao Street 109, 40000 Trade City, Vietnam",Vietnam,"clothing, furniture"
VN7856798456,Chip Corporation,"Pham Ngu Lao Street 177, 30000 Port City, Vietnam",Vietnam,electronics
IT9288426601,Delicacy SpA,"Via Dante 78, 40121 Bologna, Italy",Italy,"food, luxury"
TR7201102383,Adana Diet Culinary,"İnönü Caddesi 162, 50000 Commerce City, Turkey",Turkey,food
PL4794495190,Poznań Culinary,"Mickiewicza 184, 00-001 Warsaw, Poland",Poland,food
DE2789487855,Solution OHG,"Waldstraße 19, 60311 Frankfurt, Germany",Germany,chemicals
FI4472135436,Finnish Super Page,"Kalevankatu 17, 30000 Port City, Finland",Finland,"electronics, paper"
VN4871560089,Can Tho Thread Stitch,"Hai Ba Trung Street 76, 50000 Commerce City, Vietnam",Vietnam,clothing
ES9130004433,Global System Store Ltd,"International Boulevard 111, 30000 Port City, Spain",Spain,"clothing, electronics"
HR7880825032,Hydration Brew,"Savska 31, 10000 Capital City, Croatia",Croatia,beverages
ID9416590647,Game Inc.,"Jalan Ahmad Yani 9, 50000 Commerce City, Indonesia",Indonesia,toys
PT5364274887,Habitat Group,"Rua Garrett 69, 30000 Port City, Portugal",Portugal,"clothing, household"
GR6599180409,Ioannina Apparel,"Adrianou Street 29, 50000 Commerce City, Greece",Greece,"clothing, produce"
PT2744994214,Farm Secure Harvest Trading,"Avenida Fontes Pereira de Melo 151, 40000 Trade City, Portugal",Portugal,produce
ZA7022906688,Diet Drink Flavor Trading,"Victoria Road 93, 20000 Central City, South Africa",South Africa,"beverages, food"
DE8169663331,Chip Partner Pharma GbR,"Gartenstraße 62, 50667 Cologne, Germany",Germany,"electronics, medical"
HR5960100034,Gourmet Industries,"Radićeva 124, 50000 Commerce City, Croatia",Croatia,food
ID2484851858,Jakarta Leisure Farm Corporation,"Jalan Ahmad Yani 30, 20000 Central City, Indonesia",Indonesia,"produce, toys"
PL5743747498,Gdańsk Living,"Wrocławska 52, 30-001 Kraków, Poland",Poland,household
RU5163340914,Natural Basic PAO,"Malyy Prospekt 66, 630000 Novosibirsk, Russia",Russia,raw_materials
ZA1282183218,Culinary (Pty) Ltd,"High Street 95, 10000 Capital City, South Africa",South Africa,"food, raw_materials"
RU6039303890,Bottle International,"Pushkinskaya Street 179, 630000 Novosibirsk, Russia",Russia,beverages
PT8069467273,Book Electronics,"Avenida da República 15, 10000 Capital City, Portugal",Portugal,"paper, produce"
BR6107179957,Food Ltda.,"Rua São Paulo 15, 01000-000 São Paulo, Brazil",Brazil,"beverages, food"
IT2995055543,Italian Elegant Group,"Corso Italia 153, 80100 Naples, Italy",Italy,"beverages, luxury"
DE7827139454,Essen Power Tech,"Bahnhofstraße 130, 80331 Munich, Germany",Germany,No preference
KR4845590311,Molecular International,"Samcheong-ro 57, 40000 Trade City, South Korea",South Korea,chemicals
RU2111040209,Culinary Fresh Bottle,"Leninsky Prospekt 82, 420000 Kazan, Russia",Russia,"beverages, food"
AT5880145797,Brew Consulting Enterprises,"Herrengasse 199, 10000 Capital City, Austria",Austria,beverages
HU3579188798,Hungary Quench Hydration Nyrt.,"Bartók Béla út 106, 50000 Commerce City, Hungary",Hungary,beverages
DE1950723538,Living AG,"Bergstraße 155, 44135 Dortmund, Germany",Germany,"electronics, household"
CY6769299416,Taste Taste Elite International,"Makarios Avenue 22, 10000 Capital City, Cyprus",Cyprus,"food, luxury"
CY3614441748,Natural Trading,"Georgiou Griva Digeni Avenue 178, 10000 Capital City, Cyprus",Cyprus,"beverages, produce"
ES4000761031,Dwelling Retail Group,"Export Road 15, 40000 Trade City, Spain",Spain,"food, household"
NO4952348712,Shop Holding,"Ringveien 182, 0151 Oslo, Norway",Norway,No preference
RU4294036370,Nutrition Culinary Taste,"Liteyny Prospekt 16, 101000 Moscow, Russia",Russia,food
MX1334835872,Mexican Style Solutions,"Calle Hidalgo 91, 50000 Commerce City, Mexico",Mexico,clothing
LV9700886517,Systems SIA,"Stabu iela 179, 20000 Central City, Latvia",Latvia,No preference
PL3463183235,Flavor Diet Sp. k.,"Piłsudskiego 142, 70-001 Szczecin, Poland",Poland,"food, furniture"
IN6209779152,Bangalore Process React Ltd.,"Mall Road 200, 700001 Kolkata, India",India,"chemicals, food"
IT4943753629,Edible Diet SAS,"Via Marconi 53, 16121 Genoa, Italy",Italy,food
TR2705289747,Gourmet Top Edible,"Halaskargazi Caddesi 94, 30000 Port City, Turkey",Turkey,food
MX4771621676,Tijuana Link Play S.A.,"Avenida Universidad 22, 10000 Capital City, Mexico",Mexico,"food, toys"
BR5140651643,Liquid Fluid Quench,"Rua das Flores 91, 80000-000 Curitiba, Brazil",Brazil,beverages
TH3514324605,Nakhon Ratchasima Nutrition Culinary,"Ratchadamri Road 198, 50000 Commerce City, Thailand",Thailand,"food, toys"
IT1620105835,Nutrition Gastro International,"Via Vittorio Emanuele 193, 70121 Bari, Italy",Italy,food
ES5773565240,Universal House Comfort Corporation,"Trade Street 146, 40000 Trade City, Spain",Spain,household
RO8447996605,Apparel Trading,"Bulevardul Magheru 68, 30000 Port City, Romania",Romania,clothing
HU2643644517,Quench Nyrt.,"Andrássy út 27, 50000 Commerce City, Hungary",Hungary,beverages
CA6111758328,Canada Document Group,"Main Street 154, 10000 Capital City, Canada",Canada,paper
PL4531055077,Interior Fast Harvest,"Krakowska 159, 20-001 Lublin, Poland",Poland,"furniture, produce"
ES5963752921,Culinary Great Tech Ltd,"Central Avenue 47, 10000 Capital City, Spain",Spain,"electronics, food"
TH4146384188,Nakhon Ratchasima Recreation Group,"Rama IV Road 31, 20000 Central City, Thailand",Thailand,toys
RU7177851367,Element OAO,"Sadovaya Street 19, 420000 Kazan, Russia",Russia,raw_materials
PL1579979411,Material Sp. k.,"Piłsudskiego 4, 80-001 Gdańsk, Poland",Poland,raw_materials
TH5975990024,Crop Holdings,"Rama IV Road 170, 10000 Capital City, Thailand",Thailand,produce
BR7346153033,São Paulo Fresh Element,"Avenida Atlântica 66, 50000-000 Recife, Brazil",Brazil,"produce, raw_materials"
PL6634521758,Comfort Next Furniture,"Piłsudskiego 52, 20-001 Lublin, Poland",Poland,furniture
VN6105532472,Toy Smart Kid Enterprises,"Cach Mang Thang Tam Street 148, 10000 Capital City, Vietnam",Vietnam,"food, toys"
KR6474433170,Seoul Molecular Trading,"Jongno 174, 50000 Commerce City, South Korea",South Korea,"chemicals, medical"
DE7545026818,Solution Element Molecular,"Hauptstraße 18, 10115 Berlin, Germany",Germany,chemicals
BG3912912275,Bulgaria Liquid Wholesale,"Vasil Levski Boulevard 132, 20000 Central City, Bulgaria",Bulgaria,beverages
RU9934798220,Saint Petersburg Creative Export,"Kutuzovsky Prospekt 126, 190000 Saint Petersburg, Russia",Russia,No preference
CY9635321409,Fresh Natural,"Griva Digeni Avenue 63, 10000 Capital City, Cyprus",Cyprus,produce
CA1877746850,Toronto Pure Industries,"St Catherine Street 191, 50000 Commerce City, Canada",Canada,No preference
NO2172492001,Kristiansand Export,"Ringveien 90, 1607 Fredrikstad, Norway",Norway,No preference
CZ7305528678,Olomouc Solutions Industries,"Na Příkopě 2, 20000 Central City, Czech Republic",Czech Republic,No preference
RO9156668296,Romania Solution Basic Trading,"Calea Victoriei 190, 40000 Trade City, Romania",Romania,raw_materials
ID4153621667,Textile Construction,"Jalan Merdeka 53, 30000 Port City, Indonesia",Indonesia,clothing
CA7274727661,Write LLP,"King Street 64, 30000 Port City, Canada",Canada,paper
TH2846032978,Device Safe Store,"Ratchadamri Road 67, 30000 Port City, Thailand",Thailand,electronics
MT3407096630,Sliema Digital Electro Limited,"Republic Street 68, 50000 Commerce City, Malta",Malta,"beverages, electronics"
CA4891377984,Canadian Food,"Elgin Street 56, 30000 Port City, Canada",Canada,"food, medical"
VN7725207308,Hue Thread Industries,"Nguyen Hue Street 13, 20000 Central City, Vietnam",Vietnam,"clothing, food"
RU1593236707,Rostov A1 Distribution,"Leninsky Prospekt 125, 620000 Yekaterinburg, Russia",Russia,beverages
CA4318033243,Montreal Store International,"King Street 16, 10000 Capital City, Canada",Canada,No preference
IT6548562895,Interior Prime Wood SAPA,"Via Mazzini 137, 90133 Palermo, Italy",Italy,"beverages, furniture"
GB7955346144,Edinburgh Remedy,"London Road 127, M1 1AE Manchester, United Kingdom",United Kingdom,"luxury, medical"
IE9198171939,Cork Energetic Manufacturing,"Baggot Street 182, 10000 Capital City, Ireland",Ireland,electronics
CA6850977006,Origin Basic Element,"St Catherine Street 122, 30000 Port City, Canada",Canada,raw_materials
VN3487280597,Flavor Smart Fashion,"Pham Ngu Lao Street 185, 40000 Trade City, Vietnam",Vietnam,"clothing, food"
GB4628648524,Liverpool Pro Fine,"Park Road 74, G1 1QN Glasgow, United Kingdom",United Kingdom,"chemicals, luxury"
TR3555911401,Turkey Harvest Thread,"Istiklal Caddesi 44, 30000 Port City, Turkey",Turkey,"clothing, produce"
FI8682199133,Espoo Global Systems Ky,"Fredrikinkatu 12, 10000 Capital City, Finland",Finland,No preference
BR4446843893,Processing Internacional,"Avenida Getúlio Vargas 6, 01000-000 São Paulo, Brazil",Brazil,"clothing, food"
TH8500485631,Hat Yai Leisure Industries Industries,"Sukhumvit Road 181, 50000 Commerce City, Thailand",Thailand,toys
GR5078576111,Cultivate Crop Cultivate,"Athinas Street 67, 40000 Trade City, Greece",Greece,produce
FI6292234531,Vantaa Connect Processing,"Lönnrotinkatu 72, 10000 Capital City, Finland",Finland,No preference
GR2912604915,Athens Delicacy,"Stadiou Street 62, 10000 Capital City, Greece",Greece,"clothing, food"
RO9986530535,Furnish Solution Furnish,"Calea Dorobanți 82, 10000 Capital City, Romania",Romania,"furniture, produce"
TH4106976037,Bangkok Leisure Industries,"Yaowarat Road 81, 50000 Commerce City, Thailand",Thailand,"clothing, toys"
RO6874326470,Raw Living,"Bulevardul Dacia 64, 30000 Port City, Romania",Romania,"furniture, raw_materials"
AU2401179331,Perth Drink Limited,"William Street 31, 40000 Trade City, Australia",Australia,"beverages, produce"
AT4515617641,Linz Value Furniture International,"Ringstraße 43, 20000 Central City, Austria",Austria,No preference
FR5751360166,Therapeutic Wellbeing Transport,"Rue de Paris 117, 69001 Lyon, France",France,"food, medical"
BE8323259253,Edible Service,"Rue Neuve 156, 20000 Central City, Belgium",Belgium,"beverages, food"
IE7290933521,Quench Thirst PLC,"Grafton Street 199, 50000 Commerce City, Ireland",Ireland,beverages
HU3032182131,Hungarian Circuit,"Bajcsy-Zsilinszky út 44, 10000 Capital City, Hungary",Hungary,"clothing, electronics"
ZA7061459665,Farm Good Cultivate International,"Adderley Street 178, 50000 Commerce City, South Africa",South Africa,"produce, raw_materials"
BR6239629045,Brasília Origin,"Avenida Amazonas 156, 40000-000 Salvador, Brazil",Brazil,raw_materials
TR4291886916,Izmir Engineering,"Vatan Caddesi 160, 30000 Port City, Turkey",Turkey,produce
IT5596630225,Sophisticated Wood SpA,"Via Dante 194, 50123 Florence, Italy",Italy,"furniture, luxury"
BR7223154169,Fortaleza Ultra Material,"Avenida Getúlio Vargas 134, 70000-000 Brasília, Brazil",Brazil,"beverages, raw_materials"
GB9085674788,Fashion LLC,"London Road 25, SW1A 1AA London, United Kingdom",United Kingdom,clothing
ZA9261890858,Bottle Green,"Long Street 132, 10000 Capital City, South Africa",South Africa,"beverages, produce"
BE6900496180,Upscale Partner Shipping,"Rue Royale 101, 30000 Port City, Belgium",Belgium,"beverages, luxury"
GB9068738704,Leeds Molecular Group,"Station Road 133, NE1 1AD Newcastle, United Kingdom",United Kingdom,chemicals
TH9754446168,Chiang Mai Gastro Beverage,"Yaowarat Road 24, 50000 Commerce City, Thailand",Thailand,food
RU2682559078,Yekaterinburg Nice Electronics,"Malyy Prospekt 107, 644000 Omsk, Russia",Russia,No preference
DE7793271096,House Distribution UG,"Hauptstraße 142, 04109 Leipzig, Germany",Germany,"household, medical"
RO7732457043,Bucharest Cultivate,"Bulevardul Magheru 93, 30000 Port City, Romania",Romania,"clothing, produce"
BR7550503261,Brew Ltda.,"Avenida Paulista 190, 50000-000 Recife, Brazil",Brazil,"beverages, food"
ID8123644392,Indonesian Recreation,"Jalan Asia Afrika 165, 50000 Commerce City, Indonesia",Indonesia,toys
TR9698935156,Gaziantep Logistics,"Millet Caddesi 78, 50000 Commerce City, Turkey",Turkey,No preference
ID2472974464,Bandung Food,"Jalan Pemuda 62, 40000 Trade City, Indonesia",Indonesia,"luxury, raw_materials"
FI6543674907,Electronics Oyj,"Tehtaankatu 159, 50000 Commerce City, Finland",Finland,"electronics, household"
FI8972106238,Turku Text Shipping Ky,"Museokatu 161, 10000 Capital City, Finland",Finland,paper
GB4561812005,Molecular Hydration Industries,"High Street 5, LS1 1UR Leeds, United Kingdom",United Kingdom,"beverages, chemicals"
ES5799224233,Worldwide Gadget,"Trade Street 158, 30000 Port City, Spain",Spain,electronics
IN5761087777,Sophisticated Fine Elegant,"Chandni Chowk 89, 500001 Hyderabad, India",India,luxury
FR7394745338,Bordeaux Taste Electronics,"Rue de Paris 13, 31000 Toulouse, France",France,food
RU5563859147,Russian Bio Systems,"Arbat Street 106, 630000 Novosibirsk, Russia",Russia,No preference
SK7019156642,Trnava Bio Living Holding,"Hviezdoslavovo námestie 143, 10000 Capital City, Slovakia",Slovakia,household
BR2206202170,Fundamental Negócios,"Avenida Paulista 47, 40000-000 Salvador, Brazil",Brazil,"clothing, raw_materials"
DE4320101091,Electro OHG,"Birkenweg 181, 44135 Dortmund, Germany",Germany,electronics
PL7638188121,Poznań Great Delicacy S.A.,"Piłsudskiego 84, 70-001 Szczecin, Poland",Poland,"food, produce"
FR2556601809,Health Med Technologies Holding,"Rue des Écoles 26, 75001 Paris, France",France,medical
CZ6134427499,Prague Retail,"Pařížská 91, 20000 Central City, Czech Republic",Czech Republic,No preference
CA8561404305,Remedy Fine Remedy,"Bloor Street 82, 50000 Commerce City, Canada",Canada,medical
PL7086479458,Warsaw Design Industries,"Mickiewicza 126, 00-001 Warsaw, Poland",Poland,"furniture, raw_materials"
BE7853970599,Belgium Select SPRL,"Rue de la Loi 122, 40000 Trade City, Belgium",Belgium,"food, luxury"
FR8840542452,Bordeaux Drink,"Boulevard Saint-Michel 52, 13001 Marseille, France",France,"beverages, cosmetics"
ZA1735828278,Organic (Pty) Ltd,"Long Street 26, 50000 Commerce City, South Africa",South Africa,produce
RU2591894212,Kazan Tech Retail,"Leninsky Prospekt 195, 190000 Saint Petersburg, Russia",Russia,No preference
RO3390827149,Iași Specialist Farm,"Strada Smârdan 93, 30000 Port City, Romania",Romania,"clothing, produce"
VN8703657074,Diet Solution Gastro,"Pham Ngu Lao Street 13, 10000 Capital City, Vietnam",Vietnam,food
RU7105566223,Gourmet Culinary,"Bolshaya Morskaya Street 126, 190000 Saint Petersburg, Russia",Russia,food
RU7387999354,Industries Enterprises,"Arbat Street 21, 190000 Saint Petersburg, Russia",Russia,No preference
RO3296674512,Bucharest Wood,"Bulevardul Dacia 31, 30000 Port City, Romania",Romania,furniture
BG2841269249,Bulgaria Thread,"Rakovski Street 18, 40000 Trade City, Bulgaria",Bulgaria,"clothing, raw_materials"
FI1922805091,Living Habitat,"Hämeentie 145, 50000 Commerce City, Finland",Finland,"household, paper"
NL8796958262,Nederland Safe Solution,"Molenweg 88, 6511 Nijmegen, Netherlands",Netherlands,chemicals
CA1371747971,Canada Innovative Engineering,"Yonge Street 50, 30000 Port City, Canada",Canada,medical
AT1976888677,Diet Enterprises,"Graben 24, 30000 Port City, Austria",Austria,food
IT2107360839,Genoa Fine,"Via Milano 76, 80100 Naples, Italy",Italy,luxury
SG8619188775,Ang Mo Kio Tech,"Boat Quay 183, 20000 Central City, Singapore",Singapore,electronics
FI6969723248,Vantaa Standard Living Group,"Lönnrotinkatu 139, 10000 Capital City, Finland",Finland,household
AT9013364221,Graz Elegant Prestige,"Herrengasse 94, 50000 Commerce City, Austria",Austria,luxury
AU8339510175,Sydney Gourmet,"Pitt Street 163, 10000 Capital City, Australia",Australia,"food, produce"
PL7142406058,Garden Green,"Warszawska 64, 85-001 Bydgoszcz, Poland",Poland,produce
LU4836197625,Exclusive Tech,"Rue Notre-Dame 107, 20000 Central City, Luxembourg",Luxembourg,"luxury, medical"
SI3752167118,House Dwelling,"Cankarjeva cesta 77, 20000 Central City, Slovenia",Slovenia,household
DE6386630726,Domestic Globe Remedy,"Schulstraße 143, 10115 Berlin, Germany",Germany,"household, medical"
SG6022993811,Woodlands Pharma,"Orchard Road 25, 20000 Central City, Singapore",Singapore,"chemicals, medical"
NO4677125037,Beverage DA,"Strandgata 167, 6003 Ålesund, Norway",Norway,No preference
FI8969600302,Electronic Food,"Hämeentie 163, 40000 Trade City, Finland",Finland,electronics
HU6433125941,Hydration Flavor Retail,"Kossuth Lajos utca 200, 30000 Port City, Hungary",Hungary,"beverages, food"
TR5590970000,Taste Nutrition,"Gazi Mustafa Kemal Bulvarı 195, 40000 Trade City, Turkey",Turkey,food
TH4339059315,Thailand Future Couture,"Charoen Krung Road 50, 50000 Commerce City, Thailand",Thailand,clothing
IT7832046198,Stitch SpA,"Corso Italia 161, 10121 Turin, Italy",Italy,"beverages, clothing"
SE6094937904,Home Koncern,"Kyrkogatan 155, 722 12 Västerås, Sweden",Sweden,"furniture, raw_materials"
RU2552849147,Natural Primary,"Kutuzovsky Prospekt 138, 644000 Omsk, Russia",Russia,raw_materials
BR9846125527,Salvador Fundamental,"Rua Santos Dumont 1, 70000-000 Brasília, Brazil",Brazil,"food, raw_materials"
DE8091088248,Stuttgart Process Dwelling,"Dorfstraße 150, 80331 Munich, Germany",Germany,"chemicals, household"
TR3039713271,Istanbul Discount Solutions,"Cumhuriyet Caddesi 138, 20000 Central City, Turkey",Turkey,No preference
RO2643608667,Fresh Retail Trading,"Calea Griviței 141, 20000 Central City, Romania",Romania,produce
BG4542531250,Taste Tech,"Tsar Osvoboditel Boulevard 5, 50000 Commerce City, Bulgaria",Bulgaria,"beverages, food"
BR8492914483,Brew Drink Shop,"Rua Santos Dumont 160, 50000-000 Recife, Brazil",Brazil,beverages
NO1572879084,Textile Konsern,"Ringveien 165, 9008 Tromsø, Norway",Norway,No preference
PT9759683329,Apparel Thread Corporation,"Avenida da República 161, 30000 Port City, Portugal",Portugal,clothing
EE6250416551,Rakvere Rapid Tech International,"Harju tänav 129, 20000 Central City, Estonia",Estonia,No preference
IT2075455791,Nutrition Systems,"Corso Italia 13, 50123 Florence, Italy",Italy,"food, luxury"
TH4908326782,Game Modern Manufacturing,"Charoen Krung Road 155, 30000 Port City, Thailand",Thailand,"food, toys"
TR5460118024,Produce A.Ş.,"Vatan Caddesi 193, 50000 Commerce City, Turkey",Turkey,produce
ES6688483471,Apparel Apparel,"Central Avenue 68, 50000 Commerce City, Spain",Spain,clothing
ES1503323383,Transcontinental Premium Garment Group,"Industrial Lane 84, 50000 Commerce City, Spain",Spain,"clothing, food"
FR9439882247,Flavor Active Taste,"Rue de la République 13, 33000 Bordeaux, France",France,food
GB3431577796,Liverpool Mega Drink,"Main Street 43, G1 1QN Glasgow, United Kingdom",United Kingdom,beverages
VN7635701177,Da Nang Fast Game Group,"Dong Khoi Street 25, 50000 Commerce City, Vietnam",Vietnam,toys
CA8224686202,Montreal Press Wholesale Holdings,"Jasper Avenue 82, 30000 Port City, Canada",Canada,"paper, raw_materials"
TH1918012510,Hat Yai Industries,"Phetchaburi Road 70, 20000 Central City, Thailand",Thailand,produce
DE6084967104,Solution Chemical,"Bergstraße 40, 60311 Frankfurt, Germany",Germany,chemicals
LU6881718021,Luxury Trading,"Grand-Rue 133, 20000 Central City, Luxembourg",Luxembourg,"electronics, luxury"
ID9907940272,Palembang Kid Play,"Jalan Asia Afrika 79, 40000 Trade City, Indonesia",Indonesia,"produce, toys"
GB3652137746,Thirst Modern Refreshment,"King Street 18, BS1 1DB Bristol, United Kingdom",United Kingdom,beverages
HU3661744602,Hungarian Edible,"Kerepesi út 115, 20000 Central City, Hungary",Hungary,"beverages, food"
MT2478649601,Pharma Connect Med,"Triq il-Kbira 12, 50000 Commerce City, Malta",Malta,medical
IT2053164038,Bologna Great Apparel,"Via Marconi 186, 80100 Naples, Italy",Italy,clothing
CA5373160355,Vancouver Sheet Print Holdings,"Yonge Street 68, 10000 Capital City, Canada",Canada,paper
CA5838251527,Montreal Press Gourmet Ltd.,"Bloor Street 174, 40000 Trade City, Canada",Canada,"food, paper"
NL5255564152,Groningen Wholesale Stichting,"Oranjestraat 60, 4811 Breda, Netherlands",Netherlands,No preference
ID2139186536,Semarang Upscale Garden,"Jalan Gatot Subroto 75, 30000 Port City, Indonesia",Indonesia,"luxury, produce"
BR2889614985,Brasil A1 Trading,"Rua São Paulo 18, 69000-000 Manaus, Brazil",Brazil,beverages
VN8959573210,Digital Food Industries,"Dong Khoi Street 162, 20000 Central City, Vietnam",Vietnam,electronics
BE3461563523,Taste Technologies SPRL,"Rue des Bouchers 66, 40000 Trade City, Belgium",Belgium,food
AU3926692450,Diet Edible,"William Street 170, 20000 Central City, Australia",Australia,food
RO1225879408,Crop Fast Harvest Inc.,"Calea Griviței 50, 10000 Capital City, Romania",Romania,produce
RU3157425365,Beverage World Bottle,"Liteyny Prospekt 97, 190000 Saint Petersburg, Russia",Russia,beverages
NO8061243669,Bergen World Vital,"Parkveien 88, 5003 Bergen, Norway",Norway,medical
KR2185166540,Gwangju Life,"Jongno 63, 50000 Commerce City, South Korea",South Korea,medical
PL7766091663,Warsaw Domestic,"Kościuszki 98, 60-001 Poznań, Poland",Poland,household
BR8633451317,Primary Holdings,"Avenida Getúlio Vargas 93, 50000-000 Recife, Brazil",Brazil,raw_materials
ES9891878742,Edible Culinary,"Export Road 46, 30000 Port City, Spain",Spain,food
PL4160849810,Shop Sp. j.,"Krakowska 21, 80-001 Gdańsk, Poland",Poland,"food, produce"
BR7659496134,Delicacy Internacional,"Avenida Paulista 106, 40000-000 Salvador, Brazil",Brazil,food
BR6719579866,Salvador Basic Empreendimentos,"Avenida Getúlio Vargas 192, 70000-000 Brasília, Brazil",Brazil,raw_materials
IE4168798960,Flavor Nice Edible Corporation,"Baggot Street 172, 50000 Commerce City, Ireland",Ireland,food
PL2822362792,Poznań Comfort S.A.,"Gdańska 151, 90-001 Łódź, Poland",Poland,"furniture, household"
ES2553128358,Worldwide Home,"Trade Street 115, 50000 Commerce City, Spain",Spain,household
CA9196934470,Ottawa Organic Material Holdings,"Robson Street 10, 50000 Commerce City, Canada",Canada,raw_materials
BR9963433108,Flavor Negócios,"Rua das Flores 48, 90000-000 Porto Alegre, Brazil",Brazil,food
JP8064269678,Sapporo Game,"Showa-dori 129, 810-0001 Fukuoka, Japan",Japan,"electronics, toys"
HU6497643361,Brew Bottle,"Andrássy út 28, 20000 Central City, Hungary",Hungary,beverages
PL7042896906,Taste Fresh Farm,"Poznańska 53, 80-001 Gdańsk, Poland",Poland,"food, produce"
SK3646335945,Garment Computing International,"Špitálska ulica 6, 30000 Port City, Slovakia",Slovakia,"clothing, electronics"
TR2378177605,Bursa Distribution,"Abdi İpekçi Caddesi 112, 30000 Port City, Turkey",Turkey,household
KR1197286459,Comfort Super House,"Gwanghwamun-gil 72, 50000 Commerce City, South Korea",South Korea,household
CA6561863597,Toronto Paper Ltd.,"Jasper Avenue 147, 50000 Commerce City, Canada",Canada,"medical, paper"
CA9310230992,Canadian Next Med,"Robson Street 137, 50000 Commerce City, Canada",Canada,medical
FR6064437299,Diet Connect Elite SARL,"Rue Pasteur 154, 33000 Bordeaux, France",France,"food, luxury"
PL2432797227,Harvest Sp. z o.o.,"Gdańska 191, 50-001 Wrocław, Poland",Poland,produce
CA3368916429,Edmonton Active Textile Industries,"Robson Street 107, 40000 Trade City, Canada",Canada,food
FI2523683404,Finland Connect Store Industries,"Lönnrotinkatu 129, 30000 Port City, Finland",Finland,No preference
LV8770527382,Latvia Specialist Quench,"Elizabetes iela 174, 20000 Central City, Latvia",Latvia,beverages
ID9325146841,Textile Farm Textile,"Jalan Asia Afrika 164, 50000 Commerce City, Indonesia",Indonesia,"clothing, produce"
TH8971931625,Device Computing Gadget,"Sukhumvit Road 82, 50000 Commerce City, Thailand",Thailand,electronics
ES3369567188,Electro Ltd,"Industrial Lane 58, 40000 Trade City, Spain",Spain,"electronics, food"
HU1016856045,Debrecen Flavor Flavor International,"Bartók Béla út 118, 30000 Port City, Hungary",Hungary,food
GB6072026321,London Fashion,"Station Road 112, L1 1JD Liverpool, United Kingdom",United Kingdom,clothing
CA5740906404,Script Write Shipping LP,"Main Street 177, 50000 Commerce City, Canada",Canada,paper
ES1377307524,International Super Electronic International,"Central Avenue 135, 50000 Commerce City, Spain",Spain,electronics
TR9107661797,Garment Comfort,"Atatürk Bulvarı 192, 50000 Commerce City, Turkey",Turkey,"clothing, household"
PL7595911019,Poznań Prime Natural S.A.,"Piłsudskiego 200, 50-001 Wrocław, Poland",Poland,"food, produce"
BR5660371298,Element Market Negócios,"Rua das Flores 135, 40000-000 Salvador, Brazil",Brazil,raw_materials
DE6506805070,Living KG,"Schulstraße 80, 04109 Leipzig, Germany",Germany,household
SE1849901270,Linköping Furniture Industries,"Sveagatan 129, 703 61 Örebro, Sweden",Sweden,furniture
CZ2064372762,České Budějovice Trade Device v.o.s.,"Pařížská 9, 40000 Trade City, Czech Republic",Czech Republic,electronics
SG5858327074,Jurong Joint Electro Trading,"Raffles Boulevard 93, 20000 Central City, Singapore",Singapore,electronics
BG4512843366,Refreshment Power Beverage SD,"Tsar Osvoboditel Boulevard 102, 20000 Central City, Bulgaria",Bulgaria,beverages
CA8000807942,Toronto Book,"Elgin Street 96, 30000 Port City, Canada",Canada,"medical, paper"
AU4579625692,Gastro Elite Construction International,"Queen Street 40, 30000 Port City, Australia",Australia,food
SK9746166702,Engineering k.s.,"Špitálska ulica 19, 50000 Commerce City, Slovakia",Slovakia,household
PL2332212332,Gourmet Taste S.K.A.,"Wrocławska 128, 60-001 Poznań, Poland",Poland,food
ES7310515199,World Master Living Group,"Trade Street 29, 10000 Capital City, Spain",Spain,"food, household"
CZ4516685756,Computing Holding,"Národní třída 25, 40000 Trade City, Czech Republic",Czech Republic,electronics
RO9012461371,Material Trading,"Bulevardul Unirii 13, 40000 Trade City, Romania",Romania,raw_materials
FI9221282874,Helsinki Secure Wholesale,"Tehtaankatu 159, 20000 Central City, Finland",Finland,No preference
PL9661428235,Gourmet Culinary Technologies,"Krakowska 79, 50-001 Wrocław, Poland",Poland,food
AU4196676145,Gastro Flavor Diet Corporation,"Collins Street 108, 20000 Central City, Australia",Australia,food
NO1751001646,Fredrikstad Royal Systems ANS,"Solveien 46, 7010 Trondheim, Norway",Norway,No preference
IE5991451136,Galway Allied Med International,"Dawson Street 20, 10000 Capital City, Ireland",Ireland,medical
BR9403552609,Brasil Rapid Couture,"Avenida Getúlio Vargas 61, 01000-000 São Paulo, Brazil",Brazil,clothing
IT7276777761,Electronics Srl,"Via Roma 36, 70121 Bari, Italy",Italy,"clothing, furniture"
IT3654645757,Drink Srl,"Via Mazzini 103, 10121 Turin, Italy",Italy,beverages
BR8713455247,Market Negócios,"Rua das Flores 107, 60000-000 Fortaleza, Brazil",Brazil,"clothing, produce"
GB8302633914,Style Pro Thread,"Mill Lane 131, L1 1JD Liverpool, United Kingdom",United Kingdom,clothing
BG6882888979,Nutrition Diet Fundamental KD,"Patriarch Evtimiy Boulevard 71, 20000 Central City, Bulgaria",Bulgaria,"food, raw_materials"
DE3788950178,Munich House KGaA,"Waldstraße 3, 45127 Essen, Germany",Germany,household
RO4262986611,Shipping Trading,"Bulevardul Magheru 158, 20000 Central City, Romania",Romania,"clothing, raw_materials"
NO1129262174,Tromsø Circuit Circuit,"Storgata 84, 4306 Sandnes, Norway",Norway,electronics
JP9852944371,Care Bio Med Trading,"Nakamise-dori 21, 220-0005 Yokohama, Japan",Japan,medical
IT4262492117,Decor SNC,"Via Dante 62, 50123 Florence, Italy",Italy,furniture
BG9244809360,Burgas Raw OOD,"Alexander Stamboliyski Boulevard 123, 20000 Central City, Bulgaria",Bulgaria,"clothing, raw_materials"
GR5497171467,Taste E.E.,"Mitropoleos Street 84, 40000 Trade City, Greece",Greece,"beverages, food"
CZ2280950349,Pilsen Associated Device International,"Václavské náměstí 123, 30000 Port City, Czech Republic",Czech Republic,electronics
MX2717905297,León Stitch,"Avenida Revolución 76, 30000 Port City, Mexico",Mexico,"clothing, toys"
PL3490452194,Residence Home,"Mickiewicza 82, 50-001 Wrocław, Poland",Poland,household
FI2417238860,Finnish Retail Oyj,"Mannerheimintie 121, 40000 Trade City, Finland",Finland,No preference
ES6519439600,Device Device Gadget Group,"Commerce Road 189, 50000 Commerce City, Spain",Spain,electronics
RU8868912042,Omsk Tech Manufacturing Group,"Tverskaya Street 137, 344000 Rostov-on-Don, Russia",Russia,No preference
IT4190747255,Palermo Thirst Technologies,"Corso Italia 132, 90133 Palermo, Italy",Italy,beverages
AT8069035955,Textile OG,"Kohlmarkt 171, 40000 Trade City, Austria",Austria,"food, luxury"
HU7315865092,Szeged Liquid Refreshment Kkt.,"Teréz körút 80, 10000 Capital City, Hungary",Hungary,beverages
AU1604646841,Sydney Construction Pty Ltd,"George Street 23, 30000 Port City, Australia",Australia,No preference
ES4726552885,Fashion Style Textile,"Port Street 55, 10000 Capital City, Spain",Spain,"clothing, food"
BR1673707631,Manaus Couture Systems,"Avenida Paulista 148, 30000-000 Belo Horizonte, Brazil",Brazil,clothing
CA7577243813,Origin Gastro,"Queen Street 4, 50000 Commerce City, Canada",Canada,"food, raw_materials"
ES7250334109,Continental Comfort Corp.,"Business Park 90, 10000 Capital City, Spain",Spain,household
BR5157308805,Beverage S/A,"Avenida Paulista 75, 69000-000 Manaus, Brazil",Brazil,beverages
BR9114244529,Basic Shop Indústrias,"Avenida Brasil 179, 40000-000 Salvador, Brazil",Brazil,raw_materials
FI2722680005,Press Document,"Fredrikinkatu 19, 40000 Trade City, Finland",Finland,paper
RO4981041768,House Group,"Strada Lipscani 64, 50000 Commerce City, Romania",Romania,furniture
IT7133663124,Refreshment Quench,"Via Verdi 166, 95121 Catania, Italy",Italy,beverages
GB5426102524,Formula Group,"High Street 55, M1 1AE Manchester, United Kingdom",United Kingdom,chemicals
MX6291132014,Gourmet Taste S.C.,"Avenida Insurgentes 67, 10000 Capital City, Mexico",Mexico,"beverages, food"
NL3138262335,Formula React Process,"Beatrixstraat 24, 3511 Utrecht, Netherlands",Netherlands,chemicals
GR8279865930,Heraklion Electronics E.P.E.,"Voukourestiou Street 180, 50000 Commerce City, Greece",Greece,No preference
CZ5092448845,Liberec Technologies a.s.,"Karlova 176, 20000 Central City, Czech Republic",Czech Republic,No preference
BR7132367542,Shipping Indústrias,"Avenida Amazonas 192, 20000-000 Rio de Janeiro, Brazil",Brazil,"food, produce"
DE4281152975,German Solutions,"Hauptstraße 194, 10115 Berlin, Germany",Germany,"household, medical"
MX3351065638,Mexico City Apparel Textile S.A.,"Calle 5 de Mayo 36, 40000 Trade City, Mexico",Mexico,clothing
PL9211741654,Store Holding,"Poznańska 119, 80-001 Gdańsk, Poland",Poland,"food, furniture"
ES2124076364,Universal Smart,"Export Road 168, 30000 Port City, Spain",Spain,"electronics, food"
TH7834570320,Udon Thani Tech,"Phetchaburi Road 33, 30000 Port City, Thailand",Thailand,electronics
IE4845675713,Swords Eco Technologies Ltd,"Wicklow Street 159, 40000 Trade City, Ireland",Ireland,No preference
SG7169653099,Singapore Luxury,"Orchard Road 192, 20000 Central City, Singapore",Singapore,"household, luxury"
VN1806347866,Computing A1 Tech Holdings,"Tran Hung Dao Street 56, 30000 Port City, Vietnam",Vietnam,electronics
MX8151668116,Beverage Comercio,"Calle Hidalgo 198, 10000 Capital City, Mexico",Mexico,"beverages, food"
RU9508037241,Russian Fresh Food,"Leninsky Prospekt 48, 630000 Novosibirsk, Russia",Russia,food
AU6328040293,Beverage Brew,"Oxford Street 87, 20000 Central City, Australia",Australia,beverages
NO7977408173,Market AS,"Parkveien 176, 4306 Sandnes, Norway",Norway,No preference
KR7721502459,Wellbeing Future Shipping,"Samcheong-ro 79, 10000 Capital City, South Korea",South Korea,medical
BR6382470791,Cultivate Solutions Comércio,"Avenida Atlântica 171, 01000-000 São Paulo, Brazil",Brazil,"produce, raw_materials"
DE1213685357,Düsseldorf Electronic eG,"Schulstraße 49, 44135 Dortmund, Germany",Germany,"electronics, medical"
DE7823283882,Solution Electronic Tech AG,"Birkenweg 48, 04109 Leipzig, Germany",Germany,"chemicals, electronics"
HU6817958388,Nutrition Taste,"Bartók Béla út 148, 40000 Trade City, Hungary",Hungary,"beverages, food"
RO3105002658,Export S.A.,"Bulevardul Carol I 176, 20000 Central City, Romania",Romania,clothing
CA1548098887,Food Diet Taste LLP,"Bloor Street 107, 30000 Port City, Canada",Canada,food
LT3200624628,Panevėžys Formula Food,"Totorių gatvė 132, 30000 Port City, Lithuania",Lithuania,chemicals
AT6863881461,Exclusive Hyper Fine,"Graben 16, 50000 Commerce City, Austria",Austria,luxury
GR3844982231,Greek Dynamic Fluid Enterprises,"Patission Street 22, 20000 Central City, Greece",Greece,beverages
FR2941714339,Taste Link Gourmet Holding,"Place de la Liberté 23, 33000 Bordeaux, France",France,food
TR2374515132,Ankara Crop,"Bağdat Caddesi 128, 30000 Port City, Turkey",Turkey,produce
AU4127433350,Melbourne Quality Retail Industries,"George Street 97, 10000 Capital City, Australia",Australia,No preference
CA6520667211,Remedy Inc.,"St Catherine Street 152, 50000 Commerce City, Canada",Canada,medical
IT7607141234,Textile Stitch,"Via Mazzini 127, 40121 Bologna, Italy",Italy,clothing
KR4142469730,Gwangju Chemical Molecular,"Samcheong-ro 50, 50000 Commerce City, South Korea",South Korea,chemicals
CZ6412294880,Quench Tech Store s.r.o.,"Jindřišská 82, 20000 Central City, Czech Republic",Czech Republic,beverages
PL3521837268,Flavor Active Construction,"Poznańska 118, 40-001 Katowice, Poland",Poland,food
CA8241906461,Winnipeg Beverage,"Queen Street 2, 30000 Port City, Canada",Canada,No preference
SE3508628357,Stockholm Print,"Strandvägen 184, 582 22 Linköping, Sweden",Sweden,paper
CA4818278089,Food Store Inc.,"King Street 53, 30000 Port City, Canada",Canada,"food, raw_materials"
FI1111291610,Vantaa National Processing Ky,"Aleksanterinkatu 33, 30000 Port City, Finland",Finland,No preference
IT7729292767,Stitch Network Electronics,"Via Roma 117, 50123 Florence, Italy",Italy,clothing
FR9161013180,Gastro Diet Tech International,"Rue des Écoles 7, 44000 Nantes, France",France,"beverages, food"
TH7846403103,Chiang Mai Textile,"Charoen Krung Road 30, 50000 Commerce City, Thailand",Thailand,"clothing, electronics"
ES9498270737,Wholesale Industries,"Main Street 102, 50000 Commerce City, Spain",Spain,food
LV2580160841,Systems Enterprises,"Krišjāņa Valdemāra iela 61, 30000 Port City, Latvia",Latvia,electronics
ES4420111372,Food Edible Holdings,"Export Road 36, 50000 Commerce City, Spain",Spain,"food, household"
RU7660345250,Culinary OOO,"Sadovaya Street 131, 344000 Rostov-on-Don, Russia",Russia,"food, raw_materials"
RU2381232714,Rostov Export,"Pushkinskaya Street 52, 620000 Yekaterinburg, Russia",Russia,No preference
IT8796232838,Thread Nutrition,"Via Garibaldi 49, 16121 Genoa, Italy",Italy,"clothing, food"
IN7130502172,Chennai Gourmet,"Sadar Bazaar 103, 700001 Kolkata, India",India,food
SI4576621640,Residence d.o.o.,"Trubarjeva cesta 32, 30000 Port City, Slovenia",Slovenia,household
FR4960550507,Nantes Industries SNC,"Rue de la République 167, 31000 Toulouse, France",France,cosmetics
PT2042536338,Sheet Paper Text,"Rua do Ouro 116, 30000 Port City, Portugal",Portugal,paper
SE7509938341,Interior Residence,"Strandvägen 10, 252 21 Helsingborg, Sweden",Sweden,household
BE8198628470,Refreshment SA,"Chaussée d'Ixelles 175, 10000 Capital City, Belgium",Belgium,beverages
RU8005855271,Basic Group,"Arbat Street 21, 420000 Kazan, Russia",Russia,raw_materials
HU6262373911,Hungarian Wear Couture Kkt.,"Kerepesi út 134, 50000 Commerce City, Hungary",Hungary,clothing
HU6136463901,Wear Support Service,"Ráday utca 83, 30000 Port City, Hungary",Hungary,"clothing, food"
SE6584131586,Material KB,"Strandvägen 81, 111 52 Stockholm, Sweden",Sweden,raw_materials
ES5223286700,Flavor Smart Flavor Group,"Harbor Road 106, 50000 Commerce City, Spain",Spain,"electronics, food"
BR4044199741,Delicacy Indústrias,"Rua Santos Dumont 45, 50000-000 Recife, Brazil",Brazil,food
KR3293524566,Daejeon House,"Gangnam-daero 86, 20000 Central City, South Korea",South Korea,household
HU4839565205,Delicacy Smart Gourmet,"Kerepesi út 174, 40000 Trade City, Hungary",Hungary,food
CA9757975369,Toronto Distribution,"Jasper Avenue 106, 40000 Trade City, Canada",Canada,food
ES2794699106,Earth Professional Home Holdings,"Business Park 125, 40000 Trade City, Spain",Spain,"electronics, household"
LT6509411197,Import Industries,"Didžioji gatvė 125, 50000 Commerce City, Lithuania",Lithuania,clothing
ES5637400815,World Culinary,"Harbor Road 199, 20000 Central City, Spain",Spain,"clothing, food"
GB7108362060,Life Beverage Limited,"King Street 181, BS1 1DB Bristol, United Kingdom",United Kingdom,medical
PL8853309800,Organic Green Farm,"Sienkiewicza 84, 85-001 Bydgoszcz, Poland",Poland,"household, produce"
SE7312278701,Interior Comfort Kommanditbolag,"Sveagatan 135, 553 16 Jönköping, Sweden",Sweden,"household, paper"
IT4768276523,Upscale Premium,"Via Verdi 161, 80100 Naples, Italy",Italy,"clothing, luxury"
NO8478301973,Smart ANS,"Kirkegata 120, 5003 Bergen, Norway",Norway,electronics
VN7670167786,Smart JSC,"Cach Mang Thang Tam Street 90, 50000 Commerce City, Vietnam",Vietnam,electronics
CZ6724832159,Czech Import,"Jindřišská 170, 20000 Central City, Czech Republic",Czech Republic,household
CY3682440412,Refreshment Holdings,"Apostolou Pavlou Avenue 43, 30000 Port City, Cyprus",Cyprus,beverages
PL2036520932,Łódź Solutions Sp. j.,"Kościuszki 72, 90-001 Łódź, Poland",Poland,"furniture, produce"
RO7364793773,Timișoara Wholesale Corporation,"Strada Smârdan 118, 50000 Commerce City, Romania",Romania,"furniture, produce"
AT4574045817,Salzburg Quick Technologies Industries,"Favoritenstraße 181, 30000 Port City, Austria",Austria,No preference
HU8784010431,Smart Chip Holding,"Ráday utca 122, 40000 Trade City, Hungary",Hungary,electronics
CY6521133946,Brew Textile Corporation,"Larnakos Avenue 66, 20000 Central City, Cyprus",Cyprus,"beverages, produce"
SI8483665656,Circuit Enterprises,"Gosposvetska cesta 181, 50000 Commerce City, Slovenia",Slovenia,electronics
CZ8346261022,Gadget Gadget Enterprises,"Jindřišská 68, 10000 Capital City, Czech Republic",Czech Republic,electronics
FR3537309627,Elite Thirst Select,"Place de la Liberté 59, 75001 Paris, France",France,"beverages, luxury"
SE9557332117,Comfort Dwelling,"Drottninggatan 180, 111 52 Stockholm, Sweden",Sweden,"electronics, household"
ES9805339990,Digital Electronic Retail,"Commerce Road 154, 50000 Commerce City, Spain",Spain,"clothing, electronics"
ES2195315241,Chip Shop,"International Boulevard 153, 40000 Trade City, Spain",Spain,electronics
IT4300297542,Export SNC,"Via Roma 13, 90133 Palermo, Italy",Italy,food
TR2879196938,Culinary Koll. Şti.,"Atatürk Bulvarı 100, 40000 Trade City, Turkey",Turkey,"clothing, food"
IT9414629942,Italia Food Taste SpA,"Via Marconi 54, 20121 Milan, Italy",Italy,"food, luxury"
HU6643066405,Kecskemét Gadget,"Kerepesi út 111, 50000 Commerce City, Hungary",Hungary,electronics
LV8943525607,Food AS,"Čaka iela 46, 20000 Central City, Latvia",Latvia,"electronics, food"
BR2720429127,Brasília Garment Market Comércio,"Avenida Getúlio Vargas 41, 50000-000 Recife, Brazil",Brazil,"clothing, food"
GB2084761408,Glasgow Sophisticated,"London Road 72, M1 1AE Manchester, United Kingdom",United Kingdom,"beverages, luxury"
MX7414786414,Child S.A.,"Avenida Insurgentes 136, 20000 Central City, Mexico",Mexico,"beverages, toys"
HU3583962209,Brew Premium Drink,"Andrássy út 96, 10000 Capital City, Hungary",Hungary,beverages
PL7392124713,Kraków Flavor Delicacy Industries,"Kościuszki 79, 80-001 Gdańsk, Poland",Poland,food
BR5624513334,Gourmet Stitch Gourmet,"Avenida Amazonas 101, 30000-000 Belo Horizonte, Brazil",Brazil,"clothing, food"
TH2867314129,Textile Textile Enterprises,"Ratchadamri Road 37, 50000 Commerce City, Thailand",Thailand,clothing
AU9106789135,Newcastle Gourmet,"Oxford Street 34, 20000 Central City, Australia",Australia,food
IT3345902476,Italian Beverage,"Via Garibaldi 138, 90133 Palermo, Italy",Italy,food
PL3409264277,Warsaw Flavor,"Wrocławska 183, 70-001 Szczecin, Poland",Poland,"food, produce"
SK3257496360,Trading Holding,"Panská ulica 70, 50000 Commerce City, Slovakia",Slovakia,clothing
BE2270099809,Ghent Standard Beverage SPRL,"Rue du Bailli 171, 20000 Central City, Belgium",Belgium,beverages
AU2598694711,Australia Basic,"Market Street 145, 20000 Central City, Australia",Australia,raw_materials
BR8608574809,Salvador Logistics,"Rua Copacabana 194, 50000-000 Recife, Brazil",Brazil,produce
SI6078747931,Living Domestic Comfort,"Dunajska cesta 78, 40000 Trade City, Slovenia",Slovenia,household
SE3345646151,Örebro Smart International,"Nygatan 159, 553 16 Jönköping, Sweden",Sweden,"electronics, paper"
GR9285279226,Construction E.E.,"Panepistimiou Street 10, 50000 Commerce City, Greece",Greece,No preference
GR2230659852,Food E.P.E.,"Panepistimiou Street 90, 40000 Trade City, Greece",Greece,"clothing, food"
BR8162405893,Food Comércio,"Rua Santos Dumont 49, 60000-000 Fortaleza, Brazil",Brazil,beverages
AU9961377008,Flavor Retail,"William Street 136, 40000 Trade City, Australia",Australia,"food, produce"
RU8026598377,Moscow Distribution PAO,"Malyy Prospekt 68, 190000 Saint Petersburg, Russia",Russia,food
GB5808060977,English Combined Molecular Limited,"Station Road 56, NE1 1AD Newcastle, United Kingdom",United Kingdom,chemicals
GB4039894412,Elegant Ltd,"London Road 118, LS1 1UR Leeds, United Kingdom",United Kingdom,"beverages, luxury"
CA3921973753,Life Life,"Portage Avenue 175, 50000 Commerce City, Canada",Canada,"medical, raw_materials"
LV9071041236,Gastro Gourmet Drink,"Stabu iela 66, 10000 Capital City, Latvia",Latvia,"beverages, food"
IT8269527055,Refreshment Quench Srl,"Corso Italia 119, 00100 Rome, Italy",Italy,"beverages, luxury"
CA8499286848,Text LP,"Elgin Street 92, 20000 Central City, Canada",Canada,"paper, raw_materials"
HR7613529728,Fashion Wear Fashion Trading,"Jurišićeva 41, 20000 Central City, Croatia",Croatia,clothing
PL7113391063,Living Crop,"Mickiewicza 161, 50-001 Wrocław, Poland",Poland,"household, produce"
DE6077887431,Köln Systems KGaA,"Dorfstraße 110, 45127 Essen, Germany",Germany,chemicals
SI1702390616,Home Chip,"Trubarjeva cesta 136, 10000 Capital City, Slovenia",Slovenia,"electronics, household"
NO7816926864,Drammen Service,"Kirkegata 103, 4611 Kristiansand, Norway",Norway,No preference
ZA9954402334,Port Elizabeth Edible Culinary,"Adderley Street 143, 40000 Trade City, South Africa",South Africa,food
MT9076514257,Gourmet Holdings,"Triq Sant' Anna 56, 40000 Trade City, Malta",Malta,food
EE1354289787,House Wood,"Pikk tänav 74, 30000 Port City, Estonia",Estonia,furniture
RU9543019161,Thirst PAO,"Leninsky Prospekt 16, 190000 Saint Petersburg, Russia",Russia,beverages
FR5869046804,Montpellier Prestige Sophisticated,"Avenue des Champs-Élysées 167, 06000 Nice, France",France,"cosmetics, luxury"
EE7991492039,Pärnu Digital Industries,"Lai tänav 30, 20000 Central City, Estonia",Estonia,electronics
CA5003961351,Food Diet Holdings,"Portage Avenue 60, 20000 Central City, Canada",Canada,food
ES3485846714,International Edible,"Trade Street 68, 20000 Central City, Spain",Spain,food
SI1653645181,Electro Electronics Enterprises,"Cankarjeva cesta 99, 40000 Trade City, Slovenia",Slovenia,electronics
FR4266280363,Health Furniture,"Rue Victor Hugo 144, 13001 Marseille, France",France,medical
CZ6554048083,Tech a.s.,"Celetná 146, 10000 Capital City, Czech Republic",Czech Republic,electronics
BR9571153645,Refreshment S/A,"Avenida Amazonas 56, 40000-000 Salvador, Brazil",Brazil,beverages
RU6481889509,Culinary Flavor,"Liteyny Prospekt 195, 454000 Chelyabinsk, Russia",Russia,food
SG9998342987,Living Dwelling,"Boat Quay 151, 20000 Central City, Singapore",Singapore,household
KR8015224244,Dwelling Comfort Enterprises,"Garosu-gil 128, 20000 Central City, South Korea",South Korea,"household, medical"
ES5736603670,Transcontinental Edible Distribution,"Business Park 185, 40000 Trade City, Spain",Spain,"clothing, food"
HR6191734398,Hydration Brew Trading,"Tkalčićeva 23, 40000 Trade City, Croatia",Croatia,beverages
VN1193866974,Home Furniture Interior Industries,"Tran Hung Dao Street 18, 20000 Central City, Vietnam",Vietnam,furniture
ID4219473616,Garment Farm Engineering,"Jalan Thamrin 65, 40000 Trade City, Indonesia",Indonesia,"clothing, produce"
ES9680595704,Gadget Chip Electronic Group,"Export Road 188, 20000 Central City, Spain",Spain,electronics
PL3910896686,Wrocław Habitat,"Kościuszki 186, 60-001 Poznań, Poland",Poland,household
FI3400614333,Text Sheet Furniture,"Museokatu 42, 20000 Central City, Finland",Finland,paper
PL5664293812,Polska Garden Sp. j.,"Piłsudskiego 23, 90-001 Łódź, Poland",Poland,produce
AU3664561318,Nutrition Ltd,"William Street 190, 40000 Trade City, Australia",Australia,food
IT8472365606,Naples Beverage,"Via Vittorio Emanuele 134, 20121 Milan, Italy",Italy,"beverages, furniture"
CA7658662477,Winnipeg Pharma Corp.,"Jasper Avenue 116, 40000 Trade City, Canada",Canada,"medical, paper"
BE6974143673,Shop BVBA,"Rue Neuve 35, 50000 Commerce City, Belgium",Belgium,luxury
DE6107303336,Element Gadget Retail KG,"Schulstraße 174, 40213 Düsseldorf, Germany",Germany,"chemicals, electronics"
SE6322468347,Living Print,"Järnvägsgatan 163, 111 52 Stockholm, Sweden",Sweden,"household, paper"
ID3418778312,Makassar Organic,"Jalan Gatot Subroto 169, 20000 Central City, Indonesia",Indonesia,"luxury, produce"
CA8573501308,Calgary Edible Gastro,"Jasper Avenue 171, 50000 Commerce City, Canada",Canada,food
RU9608216778,Technologies Industries,"Kutuzovsky Prospekt 105, 644000 Omsk, Russia",Russia,beverages
HU4401573612,Miskolc Quick Textile Group,"Teréz körút 116, 20000 Central City, Hungary",Hungary,clothing
IE8944967444,Gadget Innovative Chip,"Grafton Street 7, 50000 Commerce City, Ireland",Ireland,"beverages, electronics"
ES2733086065,Style Retail Corporation,"Business Park 194, 30000 Port City, Spain",Spain,"clothing, household"
TH2179156519,Circuit Leisure,"Ratchaprasong Road 34, 20000 Central City, Thailand",Thailand,"electronics, toys"
EE7984903053,Rakvere Delicacy Processing UÜ,"Lai tänav 50, 50000 Commerce City, Estonia",Estonia,food
GB2389755996,British Wear Limited,"High Street 15, NE1 1AD Newcastle, United Kingdom",United Kingdom,"chemicals, clothing"
IT3130416629,Italian Natural Style Enterprises,"Piazza Duomo 183, 70121 Bari, Italy",Italy,"clothing, food"
TR7974550456,Gaziantep Standard Engineering Enterprises,"Halaskargazi Caddesi 132, 10000 Capital City, Turkey",Turkey,No preference
RU2171819925,Kazan Pro Shop,"Leninsky Prospekt 142, 420000 Kazan, Russia",Russia,beverages
GR4234354704,Refreshment Quench Quench Group,"Aiolou Street 62, 30000 Port City, Greece",Greece,beverages
BR3802822089,Belo Horizonte Great Cultivate S/A,"Avenida Atlântica 149, 20000-000 Rio de Janeiro, Brazil",Brazil,produce
ES3057301725,Tech Gastro,"Central Avenue 27, 50000 Commerce City, Spain",Spain,"electronics, food"
TH5952008977,Furniture Trading,"Yaowarat Road 93, 50000 Commerce City, Thailand",Thailand,"clothing, produce"
LT9549981322,Marijampolė Link Flavor Corporation,"Totorių gatvė 156, 20000 Central City, Lithuania",Lithuania,food
GB6972739794,Liverpool Elite,"School Lane 98, G1 1QN Glasgow, United Kingdom",United Kingdom,luxury
LU8554901170,Smart Trading,"Rue Chimay 3, 10000 Capital City, Luxembourg",Luxembourg,electronics
EE3932602865,Estonia Trade Retail Enterprises,"Harju tänav 83, 50000 Commerce City, Estonia",Estonia,furniture
PT2000418046,Braga Pure Write,"Rua do Carmo 120, 40000 Trade City, Portugal",Portugal,"beverages, paper"
NO7353528195,Trondheim Professional Logistics Konsern,"Kirkegata 61, 9008 Tromsø, Norway",Norway,No preference
BE5321042868,Ghent Thirst BVBA,"Rue de la Loi 84, 40000 Trade City, Belgium",Belgium,"beverages, food"
ZA3134405620,Culinary Limited,"Bree Street 135, 20000 Central City, South Africa",South Africa,food
IE9757483560,Smart PLC,"Grafton Street 46, 30000 Port City, Ireland",Ireland,electronics
ES9666227597,Tech First Smart,"Commerce Road 115, 50000 Commerce City, Spain",Spain,electronics
NL7196288429,Systems Groep,"Dorpsstraat 82, 4811 Breda, Netherlands",Netherlands,No preference
CZ1883793757,České Budějovice Smart Electro,"Pařížská 67, 30000 Port City, Czech Republic",Czech Republic,electronics
VN4809038585,"Bien Hoa Gourmet Co., Ltd.","Nguyen Hue Street 144, 40000 Trade City, Vietnam",Vietnam,food
KR2194228486,Domestic Lifestyle Compound International,"Sejong-daero 111, 50000 Commerce City, South Korea",South Korea,"chemicals, household"
ID5728008671,Material Safe Primary Enterprises,"Jalan Gatot Subroto 83, 40000 Trade City, Indonesia",Indonesia,"produce, raw_materials"
PL2908012721,Poznań Natural S.A.,"Poznańska 86, 40-001 Katowice, Poland",Poland,"food, produce"
CA9430131678,Natural Textile,"Robson Street 137, 30000 Port City, Canada",Canada,raw_materials
IT3996507604,Turin Comfort Wood SAS,"Piazza Duomo 94, 20121 Milan, Italy",Italy,furniture
DE5118220866,Solutions e.V.,"Dorfstraße 200, 50667 Cologne, Germany",Germany,"electronics, household"
RO2094300049,Romanian Textile,"Bulevardul Carol I 7, 10000 Capital City, Romania",Romania,"furniture, produce"
ES1029045484,International Gastro Corp.,"International Boulevard 175, 10000 Capital City, Spain",Spain,"electronics, food"
IT4733202878,Turin Associated Elite SpA,"Via Vittorio Emanuele 144, 16121 Genoa, Italy",Italy,luxury
PT9424701836,Portugal Refreshment Hydration Trading,"Avenida Almirante Reis 167, 30000 Port City, Portugal",Portugal,beverages
PL8023182076,Poznań Top Comfort Sp. k.,"Piłsudskiego 102, 30-001 Kraków, Poland",Poland,"food, furniture"
IE8280839756,Med Creative Med International,"Baggot Street 66, 10000 Capital City, Ireland",Ireland,medical
CA3600615160,Toronto Associated Gastro LP,"St Catherine Street 92, 50000 Commerce City, Canada",Canada,food
NL8205448349,Delicacy Diet,"Oranjestraat 175, 4811 Breda, Netherlands",Netherlands,food
GR1849118286,Thessaloniki Expert Couture E.P.E.,"Panepistimiou Street 85, 30000 Port City, Greece",Greece,"beverages, clothing"
SE4416779006,Malmö Interior Residence,"Strandvägen 63, 252 21 Helsingborg, Sweden",Sweden,household
VN3193216787,Apparel Assist Edible,"Le Loi Street 172, 10000 Capital City, Vietnam",Vietnam,"clothing, food"
FR3132643403,Exclusive Bio Construction,"Avenue des Champs-Élysées 58, 34000 Montpellier, France",France,luxury
ID4961595366,Exclusive Elegant Elegant Tbk,"Jalan Gatot Subroto 34, 30000 Port City, Indonesia",Indonesia,luxury
ES3381006281,Intercontinental Power Residence,"Export Road 50, 10000 Capital City, Spain",Spain,"clothing, household"
IT1327403635,Turin Quick Delicacy,"Via Dante 143, 00100 Rome, Italy",Italy,food
RU4640631395,Primary OAO,"Kutuzovsky Prospekt 33, 101000 Moscow, Russia",Russia,raw_materials
HR4438592573,Sesvete Flavor Food,"Savska 100, 40000 Trade City, Croatia",Croatia,food
DE3961577269,Living Domestic Comfort GmbH,"Bergstraße 197, 45127 Essen, Germany",Germany,"household, medical"
CZ7499941619,Ostrava Engineering k.s.,"Jindřišská 7, 50000 Commerce City, Czech Republic",Czech Republic,No preference
JP4296962245,Tokyo Electronic,"Nakamise-dori 134, 220-0005 Yokohama, Japan",Japan,electronics
PT4204182123,Vila Nova de Gaia Secure Construction Inc.,"Rua do Carmo 179, 20000 Central City, Portugal",Portugal,paper
ZA6299062603,Harvest Trading,"Adderley Street 15, 30000 Port City, South Africa",South Africa,produce
BR8281632171,Drink Fluid Crop Negócios,"Avenida Brasil 54, 70000-000 Brasília, Brazil",Brazil,"beverages, produce"
SE1512733498,Västerås Chip Service,"Strandvägen 86, 602 27 Norrköping, Sweden",Sweden,electronics
AT2923545870,Salzburg Store,"Kärntner Straße 30, 40000 Trade City, Austria",Austria,No preference
ID1975381018,Indonesian Professional Green Tbk,"Jalan Diponegoro 14, 40000 Trade City, Indonesia",Indonesia,produce
ES3227044191,Wear Apparel Fashion,"Port Street 151, 30000 Port City, Spain",Spain,"clothing, food"
CZ1293955985,Brew Quench Hydration,"Pařížská 15, 10000 Capital City, Czech Republic",Czech Republic,beverages
RU9506443916,Omsk Resource Nutrition,"Arbat Street 51, 190000 Saint Petersburg, Russia",Russia,"food, raw_materials"
IN2975276611,Mumbai Nice Health,"Connaught Place 87, 560001 Bangalore, India",India,"chemicals, medical"
FR2936702153,Skin Pure,"Rue de Paris 82, 31000 Toulouse, France",France,cosmetics
IN7293246999,Solution Synthesis Industries,"Gandhi Road 141, 302001 Jaipur, India",India,chemicals
VN3590814341,Fabric Couture Furniture,"Le Duan Street 27, 30000 Port City, Vietnam",Vietnam,clothing
CA6815417527,Paper Ltd.,"Robson Street 80, 10000 Capital City, Canada",Canada,"medical, paper"
DE3523767862,Therapeutic Wellbeing Med KGaA,"Lindenstraße 199, 60311 Frankfurt, Germany",Germany,medical
NL3070301340,Taste Delicacy Culinary,"Beatrixstraat 154, 3511 Utrecht, Netherlands",Netherlands,food
JP1868967049,Manufacturing GK,"Takeshita-dori 50, 650-0001 Kobe, Japan",Japan,medical
CA7139668930,Remedy Basic Engineering,"Bloor Street 136, 10000 Capital City, Canada",Canada,"medical, raw_materials"
IT6681141394,Furniture Furniture Enterprises,"Via Dante 118, 40121 Bologna, Italy",Italy,"clothing, furniture"
GB6711085190,London Elegant Consulting,"London Road 151, S1 1DA Sheffield, United Kingdom",United Kingdom,"clothing, luxury"
SG9938787401,Tampines Pure Computing,"Raffles Boulevard 28, 30000 Port City, Singapore",Singapore,"electronics, medical"
GB6054122143,Wear Fine Systems Limited,"London Road 95, BS1 1DB Bristol, United Kingdom",United Kingdom,clothing
NO1931029769,Life Care,"Parkveien 33, 9008 Tromsø, Norway",Norway,medical
IT1286964280,Rome Design,"Via Dante 157, 95121 Catania, Italy",Italy,"clothing, furniture"
BG3787663246,Fabric Apparel,"Rakovski Street 164, 10000 Capital City, Bulgaria",Bulgaria,"clothing, food"
SE7298418363,Västerås Computing,"Skolgatan 116, 411 08 Gothenburg, Sweden",Sweden,"electronics, household"
FI9022060058,Turku Smart Import Holding,"Tehtaankatu 171, 10000 Capital City, Finland",Finland,paper
ES5952658405,Domestic Domestic Retail,"Trade Street 171, 20000 Central City, Spain",Spain,household
NO9302112549,Store KS,"Solveien 107, 5003 Bergen, Norway",Norway,No preference
ID9950088288,Farm Associated Farm,"Jalan Sudirman 155, 50000 Commerce City, Indonesia",Indonesia,produce
NO2152788438,Care Therapeutic Pharma,"Ringveien 60, 0151 Oslo, Norway",Norway,medical
FI6642708009,Turku Electronic Chip,"Kalevankatu 87, 20000 Central City, Finland",Finland,electronics
FR4394931432,Care SCA,"Rue des Écoles 49, 59000 Lille, France",France,medical
BE1838128496,Bruges Drink,"Avenue Louise 165, 20000 Central City, Belgium",Belgium,beverages
AU8438165590,Sydney Natural Fresh Group,"Oxford Street 72, 10000 Capital City, Australia",Australia,produce
BR4284154854,Gourmet Grupo,"Rua Copacabana 36, 20000-000 Rio de Janeiro, Brazil",Brazil,"beverages, food"
RO4711430524,Garment Furniture,"Calea Griviței 87, 40000 Trade City, Romania",Romania,"clothing, furniture"
GB2825977185,Leeds Select,"High Street 160, L1 1JD Liverpool, United Kingdom",United Kingdom,"luxury, medical"
IT7628671181,Italia Apparel Market,"Via Marconi 147, 95121 Catania, Italy",Italy,"beverages, clothing"
ID4848706085,Jakarta Engineering,"Jalan Thamrin 3, 40000 Trade City, Indonesia",Indonesia,toys
FI7343406479,Lifestyle Advanced Dwelling International,"Esplanadi 41, 20000 Central City, Finland",Finland,household
MT3281679094,Edible Nutrition Flavor,"Triq San Ġwann 182, 10000 Capital City, Malta",Malta,food
RU8996405176,Saint Petersburg Bottle Drink Holdings,"Tverskaya Street 120, 101000 Moscow, Russia",Russia,"beverages, food"
PT4193579876,Lisbon Paper,"Rua Augusta 151, 20000 Central City, Portugal",Portugal,paper
PT1513880481,Funchal Market Corporation,"Rua Augusta 10, 20000 Central City, Portugal",Portugal,paper
TR8158265512,Turkish International Gourmet Trading,"Halaskargazi Caddesi 2, 30000 Port City, Turkey",Turkey,"clothing, food"
AT2010855074,Austrian Pharma Care International,"Kohlmarkt 116, 10000 Capital City, Austria",Austria,medical
FR5322359258,Montpellier Innovative Culinary,"Rue de la République 196, 44000 Nantes, France",France,food
GB4990937047,Edinburgh Garment,"King Street 151, M1 1AE Manchester, United Kingdom",United Kingdom,"beverages, clothing"
VN1435347930,Gastro Toy Edible Corporation,"Hai Ba Trung Street 1, 20000 Central City, Vietnam",Vietnam,"food, toys"
IT2788424813,Naples Transport,"Via Roma 106, 80100 Naples, Italy",Italy,"clothing, luxury"
NO9743665547,Fredrikstad Help Electronic International,"Kirkegata 133, 4306 Sandnes, Norway",Norway,electronics
HR9089474929,Croatia Food,"Tkalčićeva 169, 50000 Commerce City, Croatia",Croatia,food
CY7936200936,Famagusta Tech,"Spyrou Kyprianou Avenue 193, 50000 Commerce City, Cyprus",Cyprus,luxury
IT7244670452,Exclusive Holding,"Via Verdi 125, 16121 Genoa, Italy",Italy,luxury
AT6446231232,Luxury Upscale Select,"Rotenturmstraße 151, 40000 Trade City, Austria",Austria,luxury
BG1963495703,Fundamental SD,"Rakovski Street 177, 40000 Trade City, Bulgaria",Bulgaria,"clothing, raw_materials"
AU7406086142,Construction International,"King Street 187, 40000 Trade City, Australia",Australia,No preference
IT6481660359,Italia Next Gastro,"Corso Italia 123, 40121 Bologna, Italy",Italy,"clothing, food"
AT8837269619,Industries International,"Rotenturmstraße 151, 20000 Central City, Austria",Austria,food
CZ1849977156,Brno Drink Beverage s.r.o.,"Pařížská 170, 30000 Port City, Czech Republic",Czech Republic,beverages
PL9133835992,Interior Home Logistics Holding,"Słowackiego 104, 70-001 Szczecin, Poland",Poland,household
ES1940545990,Consulting Holdings,"Harbor Road 32, 30000 Port City, Spain",Spain,electronics
VN6076427534,Da Nang Chip Trading Trading,"Le Loi Street 53, 40000 Trade City, Vietnam",Vietnam,"electronics, furniture"
EE1618816550,Tartu Quick Wholesale,"Tartu maantee 116, 20000 Central City, Estonia",Estonia,No preference
GB8382493264,Liverpool Hyper Exclusive Ltd,"Station Road 183, M1 1AE Manchester, United Kingdom",United Kingdom,"luxury, medical"
IT9822814329,Palermo Flavor Consulting,"Via Marconi 26, 70121 Bari, Italy",Italy,"food, furniture"
ES2411366829,Dwelling Living Thread Trading,"Business Park 113, 50000 Commerce City, Spain",Spain,"clothing, household"
FI1294548487,Solutions Oy,"Hämeentie 195, 30000 Port City, Finland",Finland,paper
MX6486930490,Juárez Diet S.C.,"Calle Hidalgo 78, 10000 Capital City, Mexico",Mexico,food
DE9010281397,Device Quality Computing,"Bahnhofstraße 105, 70173 Stuttgart, Germany",Germany,electronics
DE1533416668,Cure KG,"Waldstraße 138, 44135 Dortmund, Germany",Germany,medical
BR6384863039,Rio de Janeiro Couture Import Ltda.,"Avenida Getúlio Vargas 25, 60000-000 Fortaleza, Brazil",Brazil,"clothing, produce"
AT9566095857,Austria Specialist Export,"Favoritenstraße 185, 50000 Commerce City, Austria",Austria,luxury
LU2109298879,Quench Beverage Bottle Inc.,"Rue Chimay 88, 20000 Central City, Luxembourg",Luxembourg,beverages
CA5676763614,Therapeutic Textile,"King Street 138, 40000 Trade City, Canada",Canada,medical
NL1045257918,Shop BV,"Julianastraat 69, 4811 Breda, Netherlands",Netherlands,produce
FR5842848696,Health Holding,"Rue Pasteur 1, 34000 Montpellier, France",France,"food, medical"
SK5997799398,Smart Chip v.o.s.,"Dunajská ulica 200, 40000 Trade City, Slovakia",Slovakia,electronics
IT6961455990,Edible Processing Enterprises,"Via Vittorio Emanuele 68, 70121 Bari, Italy",Italy,"clothing, food"
MX8608203236,Thread S. de R.L.,"Avenida Reforma 196, 30000 Port City, Mexico",Mexico,"beverages, clothing"
ES6325655734,Textile Prime Wear,"Industrial Lane 164, 10000 Capital City, Spain",Spain,clothing
RU6430593898,Gourmet PAO,"Pushkinskaya Street 194, 644000 Omsk, Russia",Russia,food
ES7965239784,Circuit International,"Main Street 180, 30000 Port City, Spain",Spain,"electronics, food"
CA7649520385,Edmonton Manufacturing Corp.,"Yonge Street 59, 20000 Central City, Canada",Canada,No preference
TH1990316844,Wear Import International,"Charoen Krung Road 182, 40000 Trade City, Thailand",Thailand,clothing
BR8337874021,Brazilian Shop,"Avenida Amazonas 49, 20000-000 Rio de Janeiro, Brazil",Brazil,raw_materials
VN6998958950,Food Nutrition Shop,"Nguyen Hue Street 41, 40000 Trade City, Vietnam",Vietnam,food
PL6063059936,Culinary Enterprises,"Mickiewicza 200, 40-001 Katowice, Poland",Poland,food
PT3047917806,Lifestyle Organic Garden,"Rua do Ouro 80, 40000 Trade City, Portugal",Portugal,"household, produce"
HR6492321214,Diet Culinary Group,"Savska 10, 20000 Central City, Croatia",Croatia,food
RU8062206162,Delicacy Power Taste,"Pushkinskaya Street 33, 344000 Rostov-on-Don, Russia",Russia,food
RO4206619527,Cluj-Napoca Next Basic Inc.,"Strada Franceză 171, 30000 Port City, Romania",Romania,"furniture, raw_materials"
PL5307875289,Resource Basic,"Wrocławska 191, 60-001 Poznań, Poland",Poland,raw_materials
AU4568076627,Flavor International,"George Street 55, 20000 Central City, Australia",Australia,"food, raw_materials"
RU9302915434,Omsk Textile,"Liteyny Prospekt 98, 620000 Yekaterinburg, Russia",Russia,No preference
CZ4626584633,Thirst Liquid Hydration Trading,"Jindřišská 29, 10000 Capital City, Czech Republic",Czech Republic,"beverages, electronics"
GB7458974045,Remedy Style Therapeutic Limited,"High Street 70, SW1A 1AA London, United Kingdom",United Kingdom,"clothing, medical"
ES9288871097,World Store,"Export Road 200, 10000 Capital City, Spain",Spain,household
CA4030955314,Industries Group,"Queen Street 3, 10000 Capital City, Canada",Canada,No preference
DE7893981384,Wholesale AG,"Waldstraße 129, 50667 Cologne, Germany",Germany,medical
DE9550652216,Köln Technologies SE,"Bahnhofstraße 188, 04109 Leipzig, Germany",Germany,medical
CA5201415303,Winnipeg Direct Script,"Portage Avenue 49, 20000 Central City, Canada",Canada,paper
MX8380287992,Juárez Style,"Avenida Insurgentes 122, 50000 Commerce City, Mexico",Mexico,"clothing, food"
AU2177603399,Australian Bottle Source Industries,"Market Street 49, 20000 Central City, Australia",Australia,"beverages, raw_materials"
CA1006876844,Material Corp.,"Bloor Street 158, 10000 Capital City, Canada",Canada,raw_materials
SI5416340015,Drink k.d.,"Prešernova cesta 66, 10000 Capital City, Slovenia",Slovenia,beverages
CZ5732957224,Manufacturing v.o.s.,"Národní třída 123, 50000 Commerce City, Czech Republic",Czech Republic,No preference
GR5438901390,Volos Apparel,"Aiolou Street 78, 20000 Central City, Greece",Greece,"clothing, produce"
CY3142325579,Cypriot Food,"Griva Digeni Avenue 10, 50000 Commerce City, Cyprus",Cyprus,food
AT5692203566,Wels Service,"Graben 115, 20000 Central City, Austria",Austria,medical
BE9202879131,Prestige Trading,"Rue de Flandre 38, 30000 Port City, Belgium",Belgium,luxury
CA9651193940,Element Basic Corp.,"Main Street 141, 50000 Commerce City, Canada",Canada,raw_materials
BR2414054150,Hydration Industries Internacional,"Avenida Paulista 95, 60000-000 Fortaleza, Brazil",Brazil,"beverages, raw_materials"
PL5805564025,Comfort Decor House Group,"Piłsudskiego 156, 80-001 Gdańsk, Poland",Poland,furniture
ES7577758719,Gastro Enterprises,"Business Park 116, 30000 Port City, Spain",Spain,food
AU5782932996,Produce Primary Green Industries,"Bourke Street 67, 50000 Commerce City, Australia",Australia,"produce, raw_materials"
PT5437857286,Lisbon Crop Harvest Corporation,"Avenida da Liberdade 184, 50000 Commerce City, Portugal",Portugal,"household, produce"
ES9910171132,Textile Electro Service,"Export Road 18, 30000 Port City, Spain",Spain,"clothing, electronics"
TH3703359413,Chiang Mai Construction,"Ratchadamri Road 200, 40000 Trade City, Thailand",Thailand,clothing
CZ5800364300,Hydration Bottle Transport Industries,"Jindřišská 176, 50000 Commerce City, Czech Republic",Czech Republic,beverages
GB4862534965,London Processing,"School Lane 146, M1 1AE Manchester, United Kingdom",United Kingdom,luxury
PT6236346007,Amadora Garment Inc.,"Avenida Fontes Pereira de Melo 65, 40000 Trade City, Portugal",Portugal,"clothing, paper"
PL8542271159,Design International,"Wrocławska 73, 90-001 Łódź, Poland",Poland,"furniture, household"
CZ6883553113,Habitat Retail International,"Na Příkopě 85, 30000 Port City, Czech Republic",Czech Republic,household
NO7840287315,Norsk Electronics Group,"Ringveien 176, 6003 Ålesund, Norway",Norway,medical
TH6649481727,Fun Service,"Ratchaprasong Road 191, 10000 Capital City, Thailand",Thailand,toys
GR8253232552,Fabric Holding,"Panepistimiou Street 3, 20000 Central City, Greece",Greece,clothing
AT4753505243,Nutrition KG,"Herrengasse 55, 20000 Central City, Austria",Austria,"beverages, food"
MT8064554203,Mosta Hyper Distribution,"Triq Sant' Andrija 92, 20000 Central City, Malta",Malta,No preference
BR5280312345,Rio de Janeiro Brew Fluid Negócios,"Avenida Atlântica 99, 70000-000 Brasília, Brazil",Brazil,beverages
ID5453050777,Indonesian Fashion Thread,"Jalan Sudirman 82, 10000 Capital City, Indonesia",Indonesia,clothing
DE3626948233,Köln Better Textile,"Gartenstraße 177, 60311 Frankfurt, Germany",Germany,"household, medical"
LU2050941765,Smart Computing Enterprises,"Avenue de la Liberté 60, 40000 Trade City, Luxembourg",Luxembourg,electronics
SE1133103391,Stockholm Engineering,"Järnvägsgatan 171, 703 61 Örebro, Sweden",Sweden,electronics
AU7300377032,Australia Gourmet Liquid International,"George Street 120, 10000 Capital City, Australia",Australia,"beverages, food"
IT1353239555,Italian Refreshment Hydration,"Via Garibaldi 143, 00100 Rome, Italy",Italy,beverages
CZ3118072872,Hradec Králové Next Liquid,"Národní třída 94, 20000 Central City, Czech Republic",Czech Republic,beverages
ID4995505198,Depok Natural,"Jalan Thamrin 99, 20000 Central City, Indonesia",Indonesia,"produce, toys"
ES4694252032,International Living,"Central Avenue 195, 30000 Port City, Spain",Spain,"food, household"
TR5493341376,Harvest Koll. Şti.,"Halaskargazi Caddesi 39, 10000 Capital City, Turkey",Turkey,"household, produce"
TH4418150911,Pak Kret Universal Shipping,"Rama IV Road 114, 40000 Trade City, Thailand",Thailand,toys
LU6598321041,Diekirch Thirst Shop,"Boulevard Franklin D. Roosevelt 15, 20000 Central City, Luxembourg",Luxembourg,beverages
CZ8351743818,Olomouc Power Brew Enterprises,"Na Příkopě 135, 10000 Capital City, Czech Republic",Czech Republic,beverages
ID8292249558,Semarang Consulting Industries,"Jalan Diponegoro 120, 20000 Central City, Indonesia",Indonesia,raw_materials
RU8519520013,Store PAO,"Nevsky Prospekt 180, 420000 Kazan, Russia",Russia,No preference
PT2812698805,Braga Wear Enterprises,"Avenida Fontes Pereira de Melo 109, 30000 Port City, Portugal",Portugal,clothing
BR5053645929,Edible Grupo,"Rua Rio de Janeiro 142, 30000-000 Belo Horizonte, Brazil",Brazil,"food, raw_materials"
KR4274156977,Element Compound,"Sejong-daero 107, 10000 Capital City, South Korea",South Korea,chemicals
SK3861338209,Interior s.r.o.,"Obchodná ulica 131, 10000 Capital City, Slovakia",Slovakia,household
ES8524416505,Worldwide Nutrition Trading,"Port Street 150, 10000 Capital City, Spain",Spain,"electronics, food"
LU9929387132,Esch-sur-Alzette Shipping S.à r.l.,"Avenue de la Liberté 72, 10000 Capital City, Luxembourg",Luxembourg,"luxury, medical"
SG7407463525,Med Therapeutic Remedy,"Bras Basah Road 114, 20000 Central City, Singapore",Singapore,medical
RO4288885676,Fundamental Primary Import,"Bulevardul Unirii 191, 10000 Capital City, Romania",Romania,"furniture, raw_materials"
SE7336166159,Primary Engineering KB,"Nygatan 54, 211 20 Malmö, Sweden",Sweden,"paper, raw_materials"
ID6774514149,Recreation Hyper Game Industries,"Jalan Asia Afrika 190, 10000 Capital City, Indonesia",Indonesia,toys
HR9335278618,Split A1 Gastro Holding,"Jurišićeva 133, 10000 Capital City, Croatia",Croatia,food
RO9407282624,Design Home Trading,"Strada Smârdan 152, 30000 Port City, Romania",Romania,furniture
ES3248744353,Transcontinental Electronics,"Main Street 41, 20000 Central City, Spain",Spain,food
MT4406365188,Pharma Fresh Health,"Triq il-Kbira 169, 50000 Commerce City, Malta",Malta,medical
PT6284380917,Portuguese Textile International,"Rua do Carmo 14, 50000 Commerce City, Portugal",Portugal,"beverages, clothing"
FI8137616332,Consulting Industries,"Hämeentie 182, 50000 Commerce City, Finland",Finland,electronics
BR2661393888,Manaus Transport,"Avenida Paulista 16, 01000-000 São Paulo, Brazil",Brazil,"produce, raw_materials"
PL5739174092,Wrocław Solutions,"Krakowska 103, 40-001 Katowice, Poland",Poland,furniture
BE1039727359,Belgium Innovative Construction NV,"Avenue Louise 71, 50000 Commerce City, Belgium",Belgium,"food, luxury"
RU4241473902,Novosibirsk Solutions,"Arbat Street 48, 454000 Chelyabinsk, Russia",Russia,No preference
CZ5748726985,Pilsen Export,"Karlova 26, 10000 Capital City, Czech Republic",Czech Republic,beverages
HR6460723775,Split Delicacy,"Gundulićeva 116, 10000 Capital City, Croatia",Croatia,food
ID6677277274,Jakarta Upscale Inc.,"Jalan Malioboro 48, 20000 Central City, Indonesia",Indonesia,"luxury, toys"
BR3961029969,Brazilian Green S/A,"Rua Santos Dumont 16, 80000-000 Curitiba, Brazil",Brazil,produce
PL7855065241,Engineering Sp. z o.o.,"Kościuszki 1, 85-001 Bydgoszcz, Poland",Poland,"produce, raw_materials"
ES2669622303,Planet Tech Industries,"Main Street 24, 20000 Central City, Spain",Spain,electronics
CY2976693115,Morphou Furniture,"Spyrou Kyprianou Avenue 152, 50000 Commerce City, Cyprus",Cyprus,food
AT6843815044,Sophisticated Systems,"Favoritenstraße 9, 20000 Central City, Austria",Austria,luxury
SE6644214627,Svensk Shipping,"Järnvägsgatan 33, 753 12 Uppsala, Sweden",Sweden,furniture
PL6721040575,Bydgoszcz Cultivate,"Kościuszki 73, 30-001 Kraków, Poland",Poland,produce
JP4902304121,Kyoto Direct Recreation International,"Sakura-dori 195, 460-0008 Nagoya, Japan",Japan,"medical, toys"
BR2821915911,Manaus Basic Element,"Rua Copacabana 122, 80000-000 Curitiba, Brazil",Brazil,raw_materials
IT9845703273,Fabric SpA,"Via Roma 17, 80100 Naples, Italy",Italy,clothing
IT6250675355,Naples Living International,"Via Milano 37, 00100 Rome, Italy",Italy,furniture
PT9886665402,Porto Trade Press,"Rua Garrett 7, 40000 Trade City, Portugal",Portugal,paper
AU4096929463,Culinary Pty Ltd,"Queen Street 117, 30000 Port City, Australia",Australia,food
BR1059597018,Brasil Service Shop,"Rua Rio de Janeiro 110, 60000-000 Fortaleza, Brazil",Brazil,"clothing, produce"
NO7328924812,Store ASA,"Parkveien 75, 0151 Oslo, Norway",Norway,No preference
GR9320383373,Greek Great Harvest,"Ermou Street 15, 10000 Capital City, Greece",Greece,produce
TR6423516654,Market Corporation,"Atatürk Bulvarı 34, 50000 Commerce City, Turkey",Turkey,No preference
RO5002418991,Bucharest Organic,"Bulevardul Carol I 122, 10000 Capital City, Romania",Romania,"furniture, produce"
PL3714274742,House Industries,"Wrocławska 45, 70-001 Szczecin, Poland",Poland,"food, furniture"
VN8056622710,Ho Chi Minh Garment,"Le Loi Street 54, 20000 Central City, Vietnam",Vietnam,clothing
IT7701311403,Brew International,"Via Mazzini 143, 20121 Milan, Italy",Italy,beverages
FI2601193256,Habitat Home,"Hämeentie 116, 20000 Central City, Finland",Finland,household
RU2205296403,Thirst Professional Liquid,"Bolshaya Morskaya Street 77, 450000 Ufa, Russia",Russia,beverages
ID9258064173,Makassar Origin Inc.,"Jalan Sudirman 200, 50000 Commerce City, Indonesia",Indonesia,raw_materials
RU1010483590,Fluid OAO,"Arbat Street 1, 630000 Novosibirsk, Russia",Russia,"beverages, raw_materials"
TR4045469656,Export Industries,"Halaskargazi Caddesi 170, 10000 Capital City, Turkey",Turkey,No preference
MX3364857485,Culinary S.A.,"Calle Madero 164, 10000 Capital City, Mexico",Mexico,food
IT9388308542,Milan Market,"Via Mazzini 122, 50123 Florence, Italy",Italy,"beverages, furniture"
KR9771611511,Remedy Med Enterprises,"Gangnam-daero 95, 10000 Capital City, South Korea",South Korea,medical
TH9512882186,Shop Holdings,"Ratchadamri Road 18, 10000 Capital City, Thailand",Thailand,electronics
FR1839534051,Food Groupe,"Rue Victor Hugo 126, 44000 Nantes, France",France,food
TR8536695308,Bursa Domestic,"Bağdat Caddesi 176, 30000 Port City, Turkey",Turkey,household
RO7132653150,Decor Furnish Wood Holding,"Calea Victoriei 113, 40000 Trade City, Romania",Romania,furniture
IE1463598972,Swords Device,"Leeson Street 78, 40000 Trade City, Ireland",Ireland,electronics
IE5850075959,Brew Food Trading,"O'Connell Street 19, 10000 Capital City, Ireland",Ireland,"beverages, food"
ID4977007624,Jakarta Retail,"Jalan Pemuda 179, 10000 Capital City, Indonesia",Indonesia,"produce, raw_materials"
KR6683012833,Suwon Smart Synthesis,"Gwanghwamun-gil 162, 30000 Port City, South Korea",South Korea,"chemicals, electronics"
HR5632219493,Sesvete Nice Solutions,"Ilica 11, 10000 Capital City, Croatia",Croatia,"beverages, food"
CA1915793386,Canadian Food Enterprises,"Jasper Avenue 135, 40000 Trade City, Canada",Canada,raw_materials
BR1126627217,Brasil Manufacturing,"Rua Copacabana 89, 40000-000 Salvador, Brazil",Brazil,"food, produce"
HU5753409138,Hungarian Taste Culinary,"Ráday utca 104, 40000 Trade City, Hungary",Hungary,food
HR1576623869,Import d.d.,"Draškovićeva 94, 50000 Commerce City, Croatia",Croatia,No preference
IE1384678169,Nutrition Electronics,"Capel Street 186, 40000 Trade City, Ireland",Ireland,food
HU9030932353,Apparel International,"Bartók Béla út 129, 20000 Central City, Hungary",Hungary,clothing
NL2233203084,Dutch Process,"Kerkstraat 25, 6511 Nijmegen, Netherlands",Netherlands,chemicals
MX2552099324,Juárez Child Toy S. de R.L.,"Avenida Juárez 116, 50000 Commerce City, Mexico",Mexico,toys
ES5511782626,Earth Living Taste,"Export Road 24, 40000 Trade City, Spain",Spain,"food, household"
RU7769842205,Drink Star Beverage OAO,"Bolshaya Morskaya Street 190, 644000 Omsk, Russia",Russia,beverages
ES7344903745,Trading Ltd,"Industrial Lane 10, 40000 Trade City, Spain",Spain,"clothing, electronics"
BE6689216022,Food Diet Nutrition Group,"Rue Neuve 50, 30000 Port City, Belgium",Belgium,"chemicals, food"
FR8945894167,Cosmetic Aesthetic,"Rue Pasteur 177, 59000 Lille, France",France,cosmetics
ES8076101312,Gastro Nutrition Holdings,"International Boulevard 119, 30000 Port City, Spain",Spain,food
PL3356962032,Interior Wood Wood,"Wrocławska 16, 30-001 Kraków, Poland",Poland,"furniture, produce"
IT2418447372,Fashion Fabric Fabric SNC,"Via Verdi 130, 10121 Turin, Italy",Italy,clothing
PL4370097748,Harvest Farm,"Słowackiego 175, 30-001 Kraków, Poland",Poland,"food, produce"
FR8570127091,Refreshment SAS,"Rue du Moulin 181, 59000 Lille, France",France,"beverages, medical"
IT7472708864,Garment Srl,"Piazza Duomo 8, 20121 Milan, Italy",Italy,clothing
JP3268891859,Health Secure Manufacturing Enterprises,"Takeshita-dori 154, 060-0001 Sapporo, Japan",Japan,medical
IT2433271025,Retail Srl,"Via Mazzini 198, 20121 Milan, Italy",Italy,"food, luxury"
FR7426707393,Toulouse Quality Fluid Entreprises,"Rue du Moulin 176, 44000 Nantes, France",France,beverages
LV1505381848,Valmiera Gastro Tech International,"Krišjāņa Valdemāra iela 167, 40000 Trade City, Latvia",Latvia,food
RO6423054186,Garment Fashion Consulting Enterprises,"Calea Griviței 180, 30000 Port City, Romania",Romania,clothing
PT4193329835,Lisbon A1 Solutions,"Avenida Fontes Pereira de Melo 97, 40000 Trade City, Portugal",Portugal,clothing
PL6379334294,Interior Lifestyle Interior Industries,"Warszawska 41, 80-001 Gdańsk, Poland",Poland,household
SK9220205225,Thread Fashion,"Špitálska ulica 22, 10000 Capital City, Slovakia",Slovakia,"clothing, household"
ES5927217668,Dwelling Computing Technologies International,"Business Park 93, 40000 Trade City, Spain",Spain,"electronics, household"
AU5995000868,Perth Better Export Holdings,"King Street 130, 30000 Port City, Australia",Australia,No preference
AT3670327775,Wellbeing Trading,"Mariahilfer Straße 134, 10000 Capital City, Austria",Austria,medical
AT7837236077,Linz Royal Processing,"Favoritenstraße 154, 10000 Capital City, Austria",Austria,No preference
HU2646092853,Smart Gourmet Consulting Zrt.,"Dohány utca 157, 10000 Capital City, Hungary",Hungary,"electronics, food"
MT3039267449,Hydration Corporation,"Triq San Ġwann 143, 10000 Capital City, Malta",Malta,"beverages, electronics"
RO3225749926,Fabric Thread,"Calea Dorobanți 127, 40000 Trade City, Romania",Romania,clothing
VN5459202046,Hanoi Power Edible International,"Tran Hung Dao Street 164, 20000 Central City, Vietnam",Vietnam,"clothing, food"
BR8284364219,Taste Origin,"Rua Santos Dumont 138, 69000-000 Manaus, Brazil",Brazil,"food, raw_materials"
HR6081640066,Split Integrated Consulting,"Radićeva 146, 10000 Capital City, Croatia",Croatia,No preference
IT3320516346,Diet Joint Flavor SpA,"Via Garibaldi 90, 50123 Florence, Italy",Italy,food
GB4775074320,London Industries LLP,"Park Road 10, EH1 1YT Edinburgh, United Kingdom",United Kingdom,chemicals
LV5041088534,Circuit Ultra Chip AS,"Brīvības iela 71, 20000 Central City, Latvia",Latvia,electronics
CY7591310405,Edible Ltd,"Ledra Street 99, 20000 Central City, Cyprus",Cyprus,food
GB1833201255,Upscale Holdings,"Main Street 128, B1 1BB Birmingham, United Kingdom",United Kingdom,"beverages, luxury"
IE5037413833,Device PLC,"O'Connell Street 175, 30000 Port City, Ireland",Ireland,"electronics, medical"
BR2957841781,Brasil Electronics,"Rua Copacabana 140, 60000-000 Fortaleza, Brazil",Brazil,"clothing, food"
CY8910762809,Limassol Rapid Quench,"Griva Digeni Avenue 73, 30000 Port City, Cyprus",Cyprus,beverages
BG4408423851,Apparel Stitch Harvest SD,"Alexander Stamboliyski Boulevard 8, 30000 Port City, Bulgaria",Bulgaria,"clothing, produce"
CA8250114054,Pharma Remedy Group,"King Street 100, 30000 Port City, Canada",Canada,medical
NO6082654511,Systems AS,"Kirkegata 106, 9008 Tromsø, Norway",Norway,No preference
SE7560647811,Decor International,"Skolgatan 105, 703 61 Örebro, Sweden",Sweden,"furniture, raw_materials"
ES2565851535,Living Industries,"Industrial Lane 85, 10000 Capital City, Spain",Spain,"clothing, household"
VN4589037269,Ho Chi Minh Kid,"Dong Khoi Street 73, 20000 Central City, Vietnam",Vietnam,toys
HU3165722328,Budapest Trade Food Industries,"Király utca 65, 10000 Capital City, Hungary",Hungary,No preference
DE5972041407,Stuttgart Therapeutic,"Hauptstraße 43, 40213 Düsseldorf, Germany",Germany,medical
FI4014678200,Jyväskylä Script Book,"Aleksanterinkatu 176, 40000 Trade City, Finland",Finland,paper
SG1268905309,Upscale Cure Export,"Clarke Quay 177, 20000 Central City, Singapore",Singapore,"luxury, medical"
PL6822800732,Garden Produce,"Gdańska 60, 80-001 Gdańsk, Poland",Poland,"furniture, produce"
IE4227266296,Irish Shipping Inc.,"Dawson Street 8, 40000 Trade City, Ireland",Ireland,No preference
IT7601420330,Flavor Export,"Via Marconi 7, 00100 Rome, Italy",Italy,food
CY9332308606,Morphou Nutrition,"Makarios Avenue 51, 10000 Capital City, Cyprus",Cyprus,food
ES8476730914,Taste Export,"Central Avenue 135, 30000 Port City, Spain",Spain,food
NL6206124949,Culinary VOF,"Beatrixstraat 32, 5038 Tilburg, Netherlands",Netherlands,food
IT6713310356,Genoa Wear,"Via Milano 158, 10121 Turin, Italy",Italy,clothing
RO9473907299,Furnish Basic S.R.L.,"Calea Griviței 163, 50000 Commerce City, Romania",Romania,"furniture, raw_materials"
RU7636147995,Kazan Nutrition ZAO,"Malyy Prospekt 2, 190000 Saint Petersburg, Russia",Russia,"beverages, food"
CZ8484815979,Retail s.r.o.,"Nerudova 14, 10000 Capital City, Czech Republic",Czech Republic,No preference
MT2625480984,San Ġwann Chip Device Inc.,"St. Paul's Street 30, 50000 Commerce City, Malta",Malta,electronics
CA1710657837,Vital LP,"King Street 126, 40000 Trade City, Canada",Canada,medical
HU2950759402,Budapest Fashion Holding,"Kerepesi út 80, 20000 Central City, Hungary",Hungary,clothing
DE9661651998,Hamburg Assist Systems,"Kirchstraße 31, 45127 Essen, Germany",Germany,No preference
ES3989403566,Flavor Group,"Main Street 119, 30000 Port City, Spain",Spain,food
ID1606107190,Child Kid,"Jalan Merdeka 187, 50000 Commerce City, Indonesia",Indonesia,"produce, toys"
GR9398529375,Farm Group,"Voukourestiou Street 19, 10000 Capital City, Greece",Greece,produce
CZ7039672408,Chip Circuit Industries,"Na Příkopě 164, 40000 Trade City, Czech Republic",Czech Republic,electronics
IT8128235371,Comfort Top Bottle,"Via Verdi 56, 20121 Milan, Italy",Italy,"beverages, furniture"
TR7952410744,Style Holding,"İnönü Caddesi 200, 40000 Trade City, Turkey",Turkey,clothing
ES2605398007,Manufacturing Ltd,"Port Street 88, 20000 Central City, Spain",Spain,"food, household"
MT3744350556,Health Life,"Triq Sant' Andrija 165, 20000 Central City, Malta",Malta,medical
DE8407833077,Deutsch Residence GmbH,"Lindenstraße 110, 45127 Essen, Germany",Germany,household
RU3139313583,Edible Taste Technologies,"Arbat Street 130, 420000 Kazan, Russia",Russia,food
RO7967122489,Furniture Design Furnish Corporation,"Strada Franceză 140, 30000 Port City, Romania",Romania,furniture
ES1989872698,Electronic Electro Flavor Industries,"Main Street 104, 20000 Central City, Spain",Spain,"electronics, food"
CZ6286624919,Logistics v.o.s.,"Jindřišská 12, 10000 Capital City, Czech Republic",Czech Republic,No preference
PL3589609319,Gdańsk Diet,"Poznańska 123, 40-001 Katowice, Poland",Poland,food
EE2388171387,Narva Quick Engineering Holding,"Lai tänav 18, 30000 Port City, Estonia",Estonia,No preference
PL6414384955,Bydgoszcz Farm Solutions,"Piłsudskiego 98, 70-001 Szczecin, Poland",Poland,"food, produce"
HU7305258042,Gastro Organic Taste Holding,"Király utca 168, 20000 Central City, Hungary",Hungary,food
CY6695458995,Paphos Flavor Fine,"Nicosia Avenue 14, 20000 Central City, Cyprus",Cyprus,"food, luxury"
PT6300653655,Document Service Script Group,"Avenida Almirante Reis 103, 40000 Trade City, Portugal",Portugal,"beverages, paper"
ES2709737140,Interior Creative Residence,"Commerce Road 94, 40000 Trade City, Spain",Spain,household
ES1780977819,Smart Diet Ltd,"Main Street 25, 20000 Central City, Spain",Spain,"electronics, food"
ID7454877461,Natural Fresh Transport,"Jalan Thamrin 95, 30000 Port City, Indonesia",Indonesia,"luxury, produce"
KR8789539025,Busan Element,"Insadong-gil 43, 50000 Commerce City, South Korea",South Korea,chemicals
RU1766291598,Moscow Market PAO,"Sadovaya Street 143, 450000 Ufa, Russia",Russia,No preference
GB2944760704,Cure Enterprises,"Victoria Road 134, BS1 1DB Bristol, United Kingdom",United Kingdom,"clothing, medical"
HU2708696639,Nyíregyháza Import,"Teréz körút 23, 40000 Trade City, Hungary",Hungary,No preference
ES6055033879,Culinary Corporation,"Harbor Road 17, 20000 Central City, Spain",Spain,food
EE4959618533,Gadget Device Computing Enterprises,"Gonsiori tänav 50, 20000 Central City, Estonia",Estonia,electronics
HU5885045005,Kecskemét Network Fashion,"Váci utca 44, 10000 Capital City, Hungary",Hungary,clothing
ID7360228056,Material Source Resource,"Jalan Pahlawan 34, 20000 Central City, Indonesia",Indonesia,raw_materials
PT3119214118,Portuguese Garden,"Rua da Prata 118, 30000 Port City, Portugal",Portugal,"household, produce"
VN9143969257,Vietnamese Trading,"Tran Hung Dao Street 28, 30000 Port City, Vietnam",Vietnam,"food, furniture"
GR5006152534,Volos Retail,"Adrianou Street 165, 40000 Trade City, Greece",Greece,beverages
ES9804598429,Edible Industries,"Commerce Road 19, 30000 Port City, Spain",Spain,"electronics, food"
HR3618889009,Food Eco Delicacy,"Gundulićeva 48, 10000 Capital City, Croatia",Croatia,food
ES7743354473,Delicacy Industries,"International Boulevard 169, 50000 Commerce City, Spain",Spain,food
PL7803242898,Produce Crop Industries,"Poznańska 20, 80-001 Gdańsk, Poland",Poland,produce
PT4483758227,Funchal Beverage Corporation,"Avenida Almirante Reis 137, 50000 Commerce City, Portugal",Portugal,household
ES5579014030,Apparel Couture Couture,"Business Park 15, 10000 Capital City, Spain",Spain,clothing
GB6726477037,Glasgow Brew,"Church Road 162, B1 1BB Birmingham, United Kingdom",United Kingdom,beverages
PT3053775122,Lisbon Service International,"Rua do Ouro 143, 50000 Commerce City, Portugal",Portugal,"clothing, produce"
CA5515864867,Calgary Systems Inc.,"Jasper Avenue 185, 40000 Trade City, Canada",Canada,"food, paper"
RU2960758195,Yekaterinburg Import OOO,"Tverskaya Street 157, 644000 Omsk, Russia",Russia,No preference
ES9364228867,Dwelling Corp.,"Industrial Lane 62, 30000 Port City, Spain",Spain,"electronics, household"
FI1762010160,Print Industries,"Lönnrotinkatu 127, 30000 Port City, Finland",Finland,"electronics, paper"
IE3858217722,Taste Culinary Group,"Leeson Street 42, 30000 Port City, Ireland",Ireland,food
SI3094196107,Beverage International,"Slovenska cesta 84, 30000 Port City, Slovenia",Slovenia,beverages
BG8096865506,Burgas Brew AD,"Vitosha Boulevard 19, 30000 Port City, Bulgaria",Bulgaria,beverages
BR9687273981,Natural Material,"Rua Santos Dumont 125, 60000-000 Fortaleza, Brazil",Brazil,"beverages, raw_materials"
GB2927654480,Leeds Sophisticated Beverage,"Church Road 192, L1 1JD Liverpool, United Kingdom",United Kingdom,luxury
TH5873604230,Bangkok Help Wear,"Yaowarat Road 61, 10000 Capital City, Thailand",Thailand,clothing
JP9855255901,Play Pure Toy,"Nakamise-dori 6, 330-0001 Saitama, Japan",Japan,toys
AT8866111139,Edible Gourmet Culinary Holding,"Kärntner Straße 173, 50000 Commerce City, Austria",Austria,food
AU2574907613,Sydney Better Diet Group,"Bourke Street 139, 30000 Port City, Australia",Australia,food
IT9274409986,Bologna Edible Diet,"Via Vittorio Emanuele 110, 20121 Milan, Italy",Italy,food
KR2667341880,Pharma Active Remedy,"Samcheong-ro 13, 20000 Central City, South Korea",South Korea,"household, medical"
TH1069027317,Green Crop Natural,"Rama IV Road 88, 10000 Capital City, Thailand",Thailand,produce
DE7182077478,Chemical e.V.,"Lindenstraße 155, 50667 Cologne, Germany",Germany,chemicals
HR7497087454,Sesvete Flavor,"Masarykova 64, 20000 Central City, Croatia",Croatia,food
IT8754283021,Design Furnish Fluid Holding,"Via Verdi 60, 40121 Bologna, Italy",Italy,"beverages, furniture"
HU3393422977,Kecskemét Market Kkt.,"Kerepesi út 106, 30000 Port City, Hungary",Hungary,"clothing, electronics"
IT7286875518,Bottle Prestige International,"Via Mazzini 193, 20121 Milan, Italy",Italy,"beverages, luxury"
HU5591208936,Fluid International,"Bartók Béla út 40, 20000 Central City, Hungary",Hungary,beverages
LT6682119931,Synthesis International Construction,"Šv. Jono gatvė 68, 30000 Port City, Lithuania",Lithuania,chemicals
PT5357535020,Lisbon Logistics Industries,"Avenida 24 de Julho 97, 40000 Trade City, Portugal",Portugal,"household, paper"
CA4707285902,Press Care Beverage,"Main Street 91, 30000 Port City, Canada",Canada,"medical, paper"
HU2387414613,Gadget Kkt.,"Váci utca 158, 20000 Central City, Hungary",Hungary,"electronics, food"
IT6024574951,Furniture Enterprises,"Via Vittorio Emanuele 7, 10121 Turin, Italy",Italy,furniture
IT7365460906,Drink SAS,"Via Milano 19, 20121 Milan, Italy",Italy,"beverages, clothing"
FI2940781542,Residence Group,"Hämeentie 117, 40000 Trade City, Finland",Finland,household
AU8151715207,Fundamental Ltd,"William Street 168, 20000 Central City, Australia",Australia,"beverages, raw_materials"
ES3561565685,Delicacy Fabric Delicacy,"Export Road 63, 40000 Trade City, Spain",Spain,"clothing, food"
BR6125030945,Brasília Rapid Beverage,"Avenida Paulista 17, 90000-000 Porto Alegre, Brazil",Brazil,beverages
PL6432743156,Łódź Distribution,"Poznańska 86, 85-001 Bydgoszcz, Poland",Poland,produce
CZ7180353689,Bottle Liquid Trading,"Václavské náměstí 31, 20000 Central City, Czech Republic",Czech Republic,beverages
ES8520312871,Garment Style Industries,"Port Street 82, 50000 Commerce City, Spain",Spain,"clothing, household"
IT3632690747,Decor Global Beverage SAS,"Via Mazzini 54, 70121 Bari, Italy",Italy,"beverages, furniture"
FR2312338644,Liquid Drink SNC,"Rue des Écoles 170, 67000 Strasbourg, France",France,beverages
RO5937791279,Market Holding,"Bulevardul Magheru 153, 50000 Commerce City, Romania",Romania,"furniture, produce"
FI1049657187,Tampere Sheet,"Aleksanterinkatu 52, 40000 Trade City, Finland",Finland,paper
ES3125886704,House Ltd,"International Boulevard 174, 10000 Capital City, Spain",Spain,household
TH7158204800,Thai Pure Food,"Charoen Krung Road 146, 10000 Capital City, Thailand",Thailand,produce
CA6438456687,Therapeutic Export Enterprises,"Queen Street 196, 30000 Port City, Canada",Canada,medical
CY2879921272,Limassol Shipping,"Makarios Avenue 108, 10000 Capital City, Cyprus",Cyprus,food
VN1024872588,Nutrition Edible,"Hai Ba Trung Street 141, 30000 Port City, Vietnam",Vietnam,food
ES6206581782,Intercontinental Retail,"Port Street 195, 50000 Commerce City, Spain",Spain,"clothing, household"
IT3429547730,Italia Brew,"Via Verdi 93, 80100 Naples, Italy",Italy,"beverages, luxury"
HU3457284764,Győr Solutions,"Kossuth Lajos utca 61, 30000 Port City, Hungary",Hungary,food
BR6042716485,Quench Indústrias,"Rua São Paulo 87, 90000-000 Porto Alegre, Brazil",Brazil,"beverages, raw_materials"
ID5276768063,Palembang Export Corporation,"Jalan Malioboro 193, 10000 Capital City, Indonesia",Indonesia,luxury
BR9913641217,São Paulo Produce,"Rua das Flores 69, 69000-000 Manaus, Brazil",Brazil,produce
PL2261277691,Diet Food,"Wrocławska 17, 70-001 Szczecin, Poland",Poland,food
PL9293184926,Natural Produce Sp. z o.o.,"Gdańska 194, 30-001 Kraków, Poland",Poland,produce
HU7567948114,Digital Swift Computing,"Bartók Béla út 141, 30000 Port City, Hungary",Hungary,electronics
AU5966620201,Tech Pty Ltd,"Queen Street 116, 30000 Port City, Australia",Australia,"produce, raw_materials"
HR8898126223,Quench Quench Market,"Jurišićeva 111, 50000 Commerce City, Croatia",Croatia,beverages
PL7458989480,Warsaw Top Comfort S.A.,"Sienkiewicza 27, 40-001 Katowice, Poland",Poland,furniture
SE5209680864,Swedish Script Interior Kommanditbolag,"Storgatan 24, 602 27 Norrköping, Sweden",Sweden,"furniture, paper"
BE8596008310,Liquid Hydration Fluid,"Rue de Flandre 76, 10000 Capital City, Belgium",Belgium,beverages
IT7426778702,Milan Energetic Comfort Group,"Via Dante 66, 20121 Milan, Italy",Italy,"clothing, furniture"
BG5395313952,Ruse Hydration,"Tsar Shishman Street 148, 40000 Trade City, Bulgaria",Bulgaria,"beverages, raw_materials"
RO2136787453,Galați Primary,"Bulevardul Carol I 100, 30000 Port City, Romania",Romania,raw_materials
PL5856914808,Wrocław Better House S.A.,"Poznańska 79, 20-001 Lublin, Poland",Poland,furniture
GB3206741109,British Partner Transport,"Park Road 4, B1 1BB Birmingham, United Kingdom",United Kingdom,chemicals
IE8979221696,Limerick Budget Export,"Capel Street 76, 10000 Capital City, Ireland",Ireland,"beverages, electronics"
CY6359050229,Fresh Industries,"Georgiou Griva Digeni Avenue 101, 50000 Commerce City, Cyprus",Cyprus,produce
ES1638744105,Universal Nutrition Inc.,"Main Street 11, 50000 Commerce City, Spain",Spain,"food, household"
HR9603940861,Zadar Rapid Systems,"Trg bana Josipa Jelačića 114, 20000 Central City, Croatia",Croatia,No preference
PL1076528755,Flavor S.A.,"Piłsudskiego 80, 85-001 Bydgoszcz, Poland",Poland,food
BG6191692533,Drink OOD,"Vasil Levski Boulevard 4, 20000 Central City, Bulgaria",Bulgaria,"beverages, produce"
RO5498426448,Element Fashion Couture,"Calea Victoriei 126, 40000 Trade City, Romania",Romania,"clothing, raw_materials"
LU1681579585,Sophisticated Engineering Corporation,"Grand-Rue 11, 40000 Trade City, Luxembourg",Luxembourg,luxury
AU9610591552,Resource Holdings,"Collins Street 76, 20000 Central City, Australia",Australia,raw_materials
PL5610716857,Dwelling Comfort S.A.,"Poznańska 77, 70-001 Szczecin, Poland",Poland,"household, raw_materials"
HU2965266687,Computing Zrt.,"Váci utca 171, 30000 Port City, Hungary",Hungary,electronics
CY7561178581,Paphos Solutions Ltd,"Anexartisias Street 115, 10000 Capital City, Cyprus",Cyprus,"food, luxury"
NO2012410919,Gadget Konsern,"Strandgata 118, 6003 Ålesund, Norway",Norway,"electronics, medical"
AU9720546264,Gold Coast Service,"Bourke Street 170, 50000 Commerce City, Australia",Australia,produce
IE5535530476,Waterford Care Holding,"Capel Street 131, 10000 Capital City, Ireland",Ireland,medical
FI9489709081,Living Market Group,"Museokatu 161, 50000 Commerce City, Finland",Finland,household
SI3736645770,Koper Chip Circuit Group,"Wolfova ulica 159, 40000 Trade City, Slovenia",Slovenia,electronics
LT9716686426,Lithuania Interior Furniture,"Vilniaus gatvė 2, 20000 Central City, Lithuania",Lithuania,"clothing, furniture"
NO4130408442,Stavanger Connect Processing,"Skoleveien 105, 4005 Stavanger, Norway",Norway,No preference
RO5089043472,Wear Corporation,"Bulevardul Dacia 165, 20000 Central City, Romania",Romania,clothing
RO7988504387,Home Allied Electronics,"Bulevardul Magheru 155, 40000 Trade City, Romania",Romania,"furniture, produce"
LV6001939929,Circuit Electronic Corporation,"Lāčplēša iela 59, 10000 Capital City, Latvia",Latvia,electronics
GR9610919812,Thirst Liquid,"Aiolou Street 68, 10000 Capital City, Greece",Greece,beverages
ES3296561639,Universal Living,"Central Avenue 45, 20000 Central City, Spain",Spain,"electronics, household"
IT7936488208,Apparel Bio Tech,"Via Verdi 14, 90133 Palermo, Italy",Italy,"beverages, clothing"
RU2370036519,Russian Edible,"Leninsky Prospekt 132, 420000 Kazan, Russia",Russia,food
CA5751964474,Taste Enterprises,"Queen Street 197, 40000 Trade City, Canada",Canada,"food, raw_materials"
BG1685542984,Raw Fundamental Fundamental Industries,"Slivnitsa Boulevard 97, 40000 Trade City, Bulgaria",Bulgaria,"food, raw_materials"
GB5955718398,Cure Smart Wellbeing International,"London Road 21, G1 1QN Glasgow, United Kingdom",United Kingdom,medical
BG2751873919,Bottle Group,"Slivnitsa Boulevard 141, 10000 Capital City, Bulgaria",Bulgaria,beverages
PL1668263323,Cultivate Natural Garden,"Wrocławska 118, 20-001 Lublin, Poland",Poland,produce
CA2602354544,Toronto Industries,"Elgin Street 138, 50000 Commerce City, Canada",Canada,No preference
CZ7904312302,Lifestyle Living,"Václavské náměstí 140, 10000 Capital City, Czech Republic",Czech Republic,household
RU9295635683,Yekaterinburg Gastro Primary,"Pushkinskaya Street 133, 630000 Novosibirsk, Russia",Russia,"food, raw_materials"
CA9250761431,Edible Gourmet,"Portage Avenue 85, 40000 Trade City, Canada",Canada,food
CY3197529553,Fresh Ltd,"Georgiou Griva Digeni Avenue 185, 20000 Central City, Cyprus",Cyprus,produce
GR4227403747,Wear Style Fabric Enterprises,"Aiolou Street 143, 20000 Central City, Greece",Greece,clothing
CA7064199634,Book Ltd.,"Elgin Street 103, 50000 Commerce City, Canada",Canada,paper
PT8851739116,Coimbra World Textile,"Avenida Fontes Pereira de Melo 92, 40000 Trade City, Portugal",Portugal,produce
CA6020056080,Care Industries,"Queen Street 47, 20000 Central City, Canada",Canada,medical
LU6751404120,Esch-sur-Alzette Tech International,"Rue Philippe II 150, 10000 Capital City, Luxembourg",Luxembourg,electronics
BR4771295822,São Paulo Distribution Internacional,"Avenida Paulista 142, 90000-000 Porto Alegre, Brazil",Brazil,food
GR4913883500,Heraklion Apparel A.E.,"Athinas Street 123, 20000 Central City, Greece",Greece,clothing
CA6466946524,Toronto Export International,"Queen Street 147, 40000 Trade City, Canada",Canada,No preference
GB3101842153,English Fashion LLP,"High Street 180, G1 1QN Glasgow, United Kingdom",United Kingdom,"beverages, clothing"
CA9795024337,Pharma Power Vital,"Queen Street 151, 50000 Commerce City, Canada",Canada,medical
HU9199682691,Taste Culinary Holding,"Ráday utca 91, 50000 Commerce City, Hungary",Hungary,food
ES2903376523,Universal Circuit Tech,"International Boulevard 143, 40000 Trade City, Spain",Spain,"electronics, food"
RO6137979281,House Furnish Green,"Calea Victoriei 28, 30000 Port City, Romania",Romania,"furniture, produce"
LT6315271780,Mažeikiai Decor House AB,"Totorių gatvė 128, 10000 Capital City, Lithuania",Lithuania,"food, furniture"
DE3470448066,Systems e.V.,"Bergstraße 107, 44135 Dortmund, Germany",Germany,No preference
DE3416107731,Furniture eG,"Hauptstraße 118, 60311 Frankfurt, Germany",Germany,No preference
VN1645553008,Device Modern Store LLC,"Le Duan Street 155, 50000 Commerce City, Vietnam",Vietnam,electronics
FR8255692176,Industries SNC,"Boulevard Saint-Michel 71, 44000 Nantes, France",France,beverages
CZ4823643757,Liberec Budget Transport,"Národní třída 4, 40000 Trade City, Czech Republic",Czech Republic,No preference
ZA2500507611,Produce Shop,"High Street 144, 40000 Trade City, South Africa",South Africa,"beverages, produce"
CA1893585889,Health Inc.,"Robson Street 33, 40000 Trade City, Canada",Canada,"medical, raw_materials"
FI7224953542,Domestic Interior Import Oyj,"Lönnrotinkatu 112, 50000 Commerce City, Finland",Finland,household
CA2982804956,Nutrition LP,"Queen Street 24, 20000 Central City, Canada",Canada,food
CZ6999650102,Hradec Králové Expert Bottle,"Na Příkopě 197, 30000 Port City, Czech Republic",Czech Republic,beverages
BG5786763432,Pleven Thirst SD,"Tsar Osvoboditel Boulevard 36, 30000 Port City, Bulgaria",Bulgaria,beverages
BE5827405278,Hydration NV,"Rue des Bouchers 185, 10000 Capital City, Belgium",Belgium,"beverages, food"
ID9571942721,Fresh Crop Import Corporation,"Jalan Asia Afrika 200, 50000 Commerce City, Indonesia",Indonesia,produce
PT8308820069,Thirst Liquid Quench,"Avenida da Liberdade 28, 50000 Commerce City, Portugal",Portugal,beverages
HR5159184344,Rijeka Tech Corporation,"Vlaška 125, 20000 Central City, Croatia",Croatia,No preference
RU9827584841,Brew Furniture International,"Leninsky Prospekt 69, 630000 Novosibirsk, Russia",Russia,beverages
RU2386423064,Rostov Star Textile,"Sadovaya Street 140, 644000 Omsk, Russia",Russia,No preference
AT8581073154,Vienna Beverage OG,"Mariahilfer Straße 54, 20000 Central City, Austria",Austria,beverages
GB3125772724,Cure Retail Group,"Victoria Road 3, G1 1QN Glasgow, United Kingdom",United Kingdom,"chemicals, medical"
BR4638912568,Hydration Internacional,"Rua Rio de Janeiro 164, 70000-000 Brasília, Brazil",Brazil,"beverages, food"
RO5068408940,Galați Apparel,"Bulevardul Unirii 105, 50000 Commerce City, Romania",Romania,clothing
NO7089499432,Tromsø Industries,"Skoleveien 176, 1607 Fredrikstad, Norway",Norway,No preference
NO8274530390,Med Med,"Ringveien 99, 0151 Oslo, Norway",Norway,medical
LT9571085811,Panevėžys House,"Vokiečių gatvė 28, 10000 Capital City, Lithuania",Lithuania,furniture
BR7958597588,Liquid Future Quench S/A,"Avenida Brasil 135, 60000-000 Fortaleza, Brazil",Brazil,beverages
GR3312534709,Culinary E.E.,"Panepistimiou Street 36, 30000 Port City, Greece",Greece,"food, produce"
PL7009048172,Market Sp. k.,"Warszawska 19, 80-001 Gdańsk, Poland",Poland,"household, produce"
RU1998211679,Yekaterinburg Transport,"Arbat Street 1, 420000 Kazan, Russia",Russia,No preference
TR9672954600,Diet Distribution Industries,"Millet Caddesi 138, 40000 Trade City, Turkey",Turkey,"food, produce"
BR2998662466,Salvador Connect Source Indústrias,"Rua São Paulo 150, 90000-000 Porto Alegre, Brazil",Brazil,"clothing, raw_materials"
RO2908018419,Iași Furniture,"Bulevardul Carol I 50, 30000 Port City, Romania",Romania,No preference
HU1263231240,Hungarian Store Zrt.,"Teréz körút 97, 40000 Trade City, Hungary",Hungary,No preference
TH1191492231,Nonthaburi Style Apparel Trading,"Rama IV Road 6, 10000 Capital City, Thailand",Thailand,"clothing, produce"
CY2614569295,Brew Corporation,"Anexartisias Street 29, 20000 Central City, Cyprus",Cyprus,beverages
ES9538352314,Continental Electronic Retail,"Trade Street 77, 20000 Central City, Spain",Spain,"electronics, food"
NL1672609093,Rotterdam Combined Store BV,"Beatrixstraat 80, 1012 Amsterdam, Netherlands",Netherlands,No preference
HU2143560689,Bottle Liquid,"Andrássy út 165, 10000 Capital City, Hungary",Hungary,beverages
CY5995196469,Famagusta Flavor Trading,"Spyrou Kyprianou Avenue 14, 50000 Commerce City, Cyprus",Cyprus,food
AU7569820359,Canberra Source,"Market Street 117, 40000 Trade City, Australia",Australia,"food, raw_materials"
EE9372942365,Rakvere Gastro,"Pärnu maantee 39, 50000 Commerce City, Estonia",Estonia,food
RO2112159616,Interior Better Design Trading,"Strada Lipscani 189, 50000 Commerce City, Romania",Romania,furniture
EE6236082775,Tartu Service,"Viru tänav 171, 50000 Commerce City, Estonia",Estonia,No preference
ID4506394758,Farm Natural,"Jalan Thamrin 91, 50000 Commerce City, Indonesia",Indonesia,produce
DE1328528151,Pharma Health,"Gartenstraße 73, 50667 Cologne, Germany",Germany,medical
HU1104984016,Debrecen Flavor Distribution,"Bajcsy-Zsilinszky út 179, 50000 Commerce City, Hungary",Hungary,food
BG8831789409,Sofia Logistics AD,"Alexander Stamboliyski Boulevard 14, 30000 Port City, Bulgaria",Bulgaria,"beverages, raw_materials"
PL8807396546,Comfort Trade Furniture Sp. k.,"Mickiewicza 27, 50-001 Wrocław, Poland",Poland,"food, furniture"
MT3515885743,Mosta Device Limited,"St. Paul's Street 156, 50000 Commerce City, Malta",Malta,"electronics, food"
BR4682911219,Gourmet Garden Nutrition,"Rua das Flores 51, 69000-000 Manaus, Brazil",Brazil,"food, produce"
BR5617921279,Textile Negócios,"Avenida Getúlio Vargas 112, 40000-000 Salvador, Brazil",Brazil,"clothing, food"
HU3735643923,Construction Group,"Kerepesi út 161, 10000 Capital City, Hungary",Hungary,beverages
RU5910486639,Russia Origin ZAO,"Liteyny Prospekt 162, 190000 Saint Petersburg, Russia",Russia,raw_materials
TR4093463324,Natural Royal Garden,"Millet Caddesi 78, 40000 Trade City, Turkey",Turkey,produce
RU1761564740,Rostov Solutions,"Malyy Prospekt 80, 620000 Yekaterinburg, Russia",Russia,No preference
NO6653651046,Industries ASA,"Storgata 65, 1607 Fredrikstad, Norway",Norway,medical
ES2066949210,Home Ltd,"Industrial Lane 74, 40000 Trade City, Spain",Spain,household
MT2866241805,Delicacy Device Holdings,"Triq Bisazza 124, 20000 Central City, Malta",Malta,"electronics, food"
CA2708695827,Vancouver Print,"Elgin Street 27, 20000 Central City, Canada",Canada,paper
CA3127167884,Edmonton Sheet Paper,"Main Street 100, 40000 Trade City, Canada",Canada,"medical, paper"
RU3618635676,Chelyabinsk Thirst,"Nevsky Prospekt 127, 630000 Novosibirsk, Russia",Russia,beverages
HU5506581476,Fluid Refreshment Market,"Bartók Béla út 110, 50000 Commerce City, Hungary",Hungary,beverages
PT2008707960,Organic Natural Farm,"Rua Augusta 165, 50000 Commerce City, Portugal",Portugal,"household, produce"
BR1897555504,Electronics Empreendimentos,"Rua Copacabana 5, 20000-000 Rio de Janeiro, Brazil",Brazil,"beverages, raw_materials"
GR7459646753,Greece Stitch,"Voukourestiou Street 121, 40000 Trade City, Greece",Greece,clothing
IT8591162558,Fashion Bottle,"Via Vittorio Emanuele 158, 00100 Rome, Italy",Italy,"beverages, clothing"
RU6609588606,Novosibirsk Best Element,"Kutuzovsky Prospekt 164, 644000 Omsk, Russia",Russia,raw_materials
CZ7070056726,Olomouc Retail,"Nerudova 153, 30000 Port City, Czech Republic",Czech Republic,No preference
IT9123872775,Stitch Food,"Piazza Duomo 157, 90133 Palermo, Italy",Italy,"clothing, food"
CA7732671016,Book International,"Portage Avenue 109, 10000 Capital City, Canada",Canada,"food, paper"
PT7279079014,Hydration Group,"Rua da Prata 117, 20000 Central City, Portugal",Portugal,"beverages, produce"
BR4085186537,Store Holdings,"Rua das Flores 164, 30000-000 Belo Horizonte, Brazil",Brazil,"produce, raw_materials"
BG4798729163,Tech AD,"Tsar Osvoboditel Boulevard 127, 50000 Commerce City, Bulgaria",Bulgaria,"beverages, raw_materials"
CA7757145275,Food Life Corp.,"Queen Street 116, 20000 Central City, Canada",Canada,"food, medical"
RO2174093006,Fundamental Fast Primary Holding,"Bulevardul Unirii 128, 10000 Capital City, Romania",Romania,raw_materials
NO7566634271,Norsk Power Manufacturing,"Kongsveien 57, 4005 Stavanger, Norway",Norway,No preference
CY6713571316,Furniture Inc.,"Apostolou Pavlou Avenue 36, 50000 Commerce City, Cyprus",Cyprus,"food, luxury"
SI6666504835,Celje Beverage,"Wolfova ulica 25, 50000 Commerce City, Slovenia",Slovenia,beverages
HR3860484505,Engineering Trading,"Radićeva 31, 10000 Capital City, Croatia",Croatia,food
RU1479424113,Russia Gastro Edible Enterprises,"Nevsky Prospekt 183, 190000 Saint Petersburg, Russia",Russia,"food, raw_materials"
RU7599414750,Origin PAO,"Tverskaya Street 174, 454000 Chelyabinsk, Russia",Russia,raw_materials
ES7309698763,Earth Discount Trading Corp.,"Industrial Lane 66, 10000 Capital City, Spain",Spain,"food, household"
RO2266212258,Craiova Manufacturing,"Calea Victoriei 192, 30000 Port City, Romania",Romania,No preference
ID2247560494,Medan Service Technologies Enterprises,"Jalan Thamrin 183, 50000 Commerce City, Indonesia",Indonesia,luxury
CA3006549261,Calgary Page Script International,"Jasper Avenue 133, 20000 Central City, Canada",Canada,paper
AU2023227407,Perth Expert Primary Ltd,"George Street 188, 10000 Capital City, Australia",Australia,raw_materials
CY4642736742,Drink Inc.,"Makarios Avenue 88, 40000 Trade City, Cyprus",Cyprus,beverages
FI6195093452,Vantaa Home,"Museokatu 188, 50000 Commerce City, Finland",Finland,household
RU1908277410,Resource Thirst Brew,"Pushkinskaya Street 128, 344000 Rostov-on-Don, Russia",Russia,"beverages, raw_materials"
AU6688282577,Refreshment Liquid Group,"Collins Street 108, 10000 Capital City, Australia",Australia,beverages
CZ8368266439,Brew Holding,"Václavské náměstí 17, 30000 Port City, Czech Republic",Czech Republic,beverages
CY1325113526,Larnaca Food Holdings,"Larnakos Avenue 22, 10000 Capital City, Cyprus",Cyprus,No preference
AU2708690468,Organic International,"Pitt Street 116, 40000 Trade City, Australia",Australia,produce
GB9132836496,London Premium,"King Street 150, BS1 1DB Bristol, United Kingdom",United Kingdom,"beverages, luxury"
CA7703081413,Canadian Beverage,"Yonge Street 172, 30000 Port City, Canada",Canada,medical
BR8641095956,Trading Grupo,"Avenida Brasil 138, 40000-000 Salvador, Brazil",Brazil,beverages
SI1868260541,Slovenia Electronic Tech,"Trubarjeva cesta 99, 10000 Capital City, Slovenia",Slovenia,"beverages, electronics"
ES3562058209,Universal Diet Food,"Export Road 106, 30000 Port City, Spain",Spain,food
RO9214509522,Primary Discount Basic S.A.,"Strada Franceză 82, 10000 Capital City, Romania",Romania,raw_materials
PL9278464367,Natural Shop,"Mickiewicza 20, 40-001 Katowice, Poland",Poland,produce
PL6693043471,Harvest Farm Furniture,"Krakowska 23, 80-001 Gdańsk, Poland",Poland,"furniture, produce"
BR9568857513,Taste S/A,"Rua Santos Dumont 66, 40000-000 Salvador, Brazil",Brazil,"food, produce"
PT6694399980,Sheet Inc.,"Avenida da República 63, 50000 Commerce City, Portugal",Portugal,paper
FI8776668695,Press Trading,"Kalevankatu 57, 30000 Port City, Finland",Finland,paper
ES3346473807,Gastro Tech Ltd,"Main Street 60, 30000 Port City, Spain",Spain,"electronics, food"
CA3847622711,Montreal Construction,"Bloor Street 42, 20000 Central City, Canada",Canada,No preference
BE4513783102,Industries SA,"Boulevard Anspach 132, 40000 Trade City, Belgium",Belgium,No preference
SG2056463604,React Domestic,"Clarke Quay 123, 50000 Commerce City, Singapore",Singapore,"chemicals, household"
SE1273777430,Västerås Trading AB,"Kyrkogatan 139, 252 21 Helsingborg, Sweden",Sweden,"electronics, paper"
BR7246064856,Belo Horizonte Network Store,"Rua Santos Dumont 50, 30000-000 Belo Horizonte, Brazil",Brazil,"clothing, produce"
GB8025153371,Garment Premium,"High Street 180, BS1 1DB Bristol, United Kingdom",United Kingdom,"clothing, luxury"
GB3609533229,Textile Ltd,"School Lane 147, L1 1JD Liverpool, United Kingdom",United Kingdom,"beverages, clothing"
EE4271318905,Kohtla-Järve Chip,"Lai tänav 28, 40000 Trade City, Estonia",Estonia,"electronics, furniture"
DE3354484864,Solutions GmbH,"Bergstraße 156, 20095 Hamburg, Germany",Germany,chemicals
HU5749172022,Culinary Engineering,"Kerepesi út 52, 20000 Central City, Hungary",Hungary,food
IT5210586885,Wear Fashion Couture Industries,"Via Mazzini 29, 70121 Bari, Italy",Italy,clothing
FI5240705153,Tampere Beverage Ky,"Esplanadi 152, 50000 Commerce City, Finland",Finland,household
ES4586558138,Chip Dynamic Device Trading,"Export Road 33, 40000 Trade City, Spain",Spain,"clothing, electronics"
FI3344629691,Write Ab,"Bulevardi 74, 20000 Central City, Finland",Finland,"electronics, paper"
CZ4355876560,Hradec Králové Top Shipping,"Karlova 1, 50000 Commerce City, Czech Republic",Czech Republic,No preference
GR2444054827,Greece Joint Fashion E.P.E.,"Panepistimiou Street 71, 20000 Central City, Greece",Greece,clothing
RU3067697957,Drink Refreshment PAO,"Arbat Street 3, 344000 Rostov-on-Don, Russia",Russia,beverages
PL7381645574,Farm Industries,"Wrocławska 162, 60-001 Poznań, Poland",Poland,"produce, raw_materials"
HR2660419127,Apparel Modern Technologies Inc.,"Savska 129, 50000 Commerce City, Croatia",Croatia,"clothing, food"
VN7184981501,Da Nang Electronics,"Pham Ngu Lao Street 93, 30000 Port City, Vietnam",Vietnam,furniture
PT9699721449,Fabric Logistics,"Rua Garrett 51, 10000 Capital City, Portugal",Portugal,clothing
PL9340045453,Retail S.K.A.,"Mickiewicza 193, 60-001 Poznań, Poland",Poland,furniture
NO9283915264,Norwegian Star Technologies,"Kirkegata 154, 7010 Trondheim, Norway",Norway,No preference
LU9753300058,Premium Refreshment S.A.,"Avenue de la Liberté 180, 50000 Commerce City, Luxembourg",Luxembourg,"beverages, luxury"
VN1826617215,"Toy Co., Ltd.","Cach Mang Thang Tam Street 41, 30000 Port City, Vietnam",Vietnam,toys
RU7138711034,Moscow Export,"Arbat Street 140, 644000 Omsk, Russia",Russia,beverages
BR6937472249,Garden Trust Wholesale Grupo,"Rua Rio de Janeiro 94, 90000-000 Porto Alegre, Brazil",Brazil,produce
RU9497440581,Construction Trading,"Sadovaya Street 58, 101000 Moscow, Russia",Russia,raw_materials
RU9966514793,Kazan Flavor PAO,"Sadovaya Street 87, 620000 Yekaterinburg, Russia",Russia,food
LU3571904962,Import S.à r.l.,"Boulevard Royal 115, 40000 Trade City, Luxembourg",Luxembourg,No preference
CZ7061034396,Circuit s.r.o.,"Karlova 116, 50000 Commerce City, Czech Republic",Czech Republic,"beverages, electronics"
ES9031861084,Engineering Corporation,"Commerce Road 178, 10000 Capital City, Spain",Spain,clothing
PL7169970669,Wrocław Cultivate Group,"Poznańska 3, 90-001 Łódź, Poland",Poland,produce
GB6967778237,Synthesis Element,"School Lane 58, LS1 1UR Leeds, United Kingdom",United Kingdom,"chemicals, luxury"
IE5675997378,Drogheda Thirst,"Dawson Street 57, 50000 Commerce City, Ireland",Ireland,"beverages, food"
CY3979887331,Famagusta Quench,"Larnakos Avenue 48, 30000 Port City, Cyprus",Cyprus,"beverages, luxury"
BR3891875646,Edible Organic,"Rua das Flores 114, 69000-000 Manaus, Brazil",Brazil,"food, produce"
CZ4432765842,Liberec Thirst Thirst,"Nerudova 8, 40000 Trade City, Czech Republic",Czech Republic,beverages
HU7599991412,Edible Gastro Zrt.,"Király utca 5, 20000 Central City, Hungary",Hungary,food
PL6931445122,Food Associated Retail,"Warszawska 148, 85-001 Bydgoszcz, Poland",Poland,"food, produce"
RU4090709910,Moscow Culinary Food,"Arbat Street 99, 450000 Ufa, Russia",Russia,food
RU4622764995,Element Natural ZAO,"Nevsky Prospekt 164, 190000 Saint Petersburg, Russia",Russia,raw_materials
FI9783546619,Lahti Distribution Holding,"Bulevardi 42, 50000 Commerce City, Finland",Finland,household
IE1533851727,Health Vital,"O'Connell Street 127, 20000 Central City, Ireland",Ireland,"food, medical"
IE6982361158,Export Holding,"Dawson Street 134, 50000 Commerce City, Ireland",Ireland,"electronics, food"
AU6397968519,Brisbane Natural Nutrition,"King Street 82, 20000 Central City, Australia",Australia,food
LT7150219811,Element Solution Trading,"Trakų gatvė 143, 40000 Trade City, Lithuania",Lithuania,chemicals
CA9570731817,Industries Holdings,"St Catherine Street 171, 50000 Commerce City, Canada",Canada,food
CA7997563880,Delicacy LLP,"Main Street 144, 40000 Trade City, Canada",Canada,food
CA8275899215,Wellbeing Care Holdings,"Jasper Avenue 36, 30000 Port City, Canada",Canada,medical
CA2062324303,Sheet Enterprises,"Jasper Avenue 115, 30000 Port City, Canada",Canada,paper
GR7641134358,Stitch Garment,"Adrianou Street 147, 10000 Capital City, Greece",Greece,clothing
LV7570562087,Import Inc.,"Barona iela 65, 30000 Port City, Latvia",Latvia,food
PT4127842434,Wear Ultra Style Holding,"Avenida Fontes Pereira de Melo 40, 10000 Capital City, Portugal",Portugal,clothing
VN5370389223,Fun Leisure,"Tran Hung Dao Street 101, 50000 Commerce City, Vietnam",Vietnam,toys
GB9740017641,Formula Industries,"School Lane 186, L1 1JD Liverpool, United Kingdom",United Kingdom,chemicals
NL6411636401,Synthesis International,"Hoofdstraat 27, 5611 Eindhoven, Netherlands",Netherlands,"chemicals, produce"
PL8158458298,Gdańsk Residence S.K.A.,"Piłsudskiego 170, 00-001 Warsaw, Poland",Poland,"household, produce"
CA5886151815,Winnipeg Nutrition,"King Street 48, 30000 Port City, Canada",Canada,"food, raw_materials"
HR9312803499,Apparel Universal Garment,"Ilica 109, 30000 Port City, Croatia",Croatia,clothing
EE2934033270,Interior Decor International,"Pikk tänav 152, 50000 Commerce City, Estonia",Estonia,furniture
PL6251434364,Textile Sp. j.,"Słowackiego 166, 80-001 Gdańsk, Poland",Poland,"food, furniture"
CA9252069439,Retail Holdings,"Robson Street 39, 20000 Central City, Canada",Canada,raw_materials
FI9611877740,Consulting Group,"Hämeentie 54, 10000 Capital City, Finland",Finland,No preference
SG8489702476,Ang Mo Kio Computing Industries,"Arab Street 181, 50000 Commerce City, Singapore",Singapore,electronics
PL2655226179,Warsaw Fresh,"Słowackiego 82, 00-001 Warsaw, Poland",Poland,"food, produce"
ES9561863008,Home Circuit Store,"Port Street 93, 30000 Port City, Spain",Spain,"electronics, household"
RU9674913582,Hydration Holdings,"Malyy Prospekt 58, 630000 Novosibirsk, Russia",Russia,"beverages, raw_materials"
HU4710312950,Debrecen Electro,"Váci utca 166, 30000 Port City, Hungary",Hungary,"clothing, electronics"
CA6219536166,Taste Holdings,"King Street 153, 10000 Capital City, Canada",Canada,"food, paper"
IT3968455849,Thirst Brew,"Corso Italia 196, 16121 Genoa, Italy",Italy,beverages
CA2241558116,Vancouver Document Paper,"Jasper Avenue 188, 10000 Capital City, Canada",Canada,"paper, raw_materials"
PT7963852748,Vila Nova de Gaia Farm,"Rua Garrett 101, 20000 Central City, Portugal",Portugal,"paper, produce"
CA8242554363,Book Distribution Holdings,"Portage Avenue 115, 10000 Capital City, Canada",Canada,paper
LU2669852523,Luxembourg Trading S.à r.l.,"Boulevard Royal 4, 10000 Capital City, Luxembourg",Luxembourg,beverages
GR4622849258,Diet Edible Store,"Aiolou Street 42, 30000 Port City, Greece",Greece,food
PL4541779641,Beverage Industries,"Piłsudskiego 198, 70-001 Szczecin, Poland",Poland,raw_materials
BR9088443608,Brasil Quench,"Rua Rio de Janeiro 109, 01000-000 São Paulo, Brazil",Brazil,beverages
BG9401753697,Edible Material Service,"Shipka Street 5, 30000 Port City, Bulgaria",Bulgaria,"food, raw_materials"
EE2242816041,Wood Group,"Viru tänav 192, 30000 Port City, Estonia",Estonia,furniture
ES2569811454,Stitch Processing,"Harbor Road 170, 20000 Central City, Spain",Spain,"clothing, household"
BG3617354206,Gastro Nutrition Engineering,"Graf Ignatiev Street 142, 20000 Central City, Bulgaria",Bulgaria,food
RU1301795974,Bottle Drink Refreshment,"Tverskaya Street 107, 454000 Chelyabinsk, Russia",Russia,"beverages, food"
RU1210267569,Primary Industries,"Sadovaya Street 92, 344000 Rostov-on-Don, Russia",Russia,raw_materials
HU9092343193,Debrecen Refreshment Zrt.,"Váci utca 48, 40000 Trade City, Hungary",Hungary,beverages
ID9351567496,Fine Prestige Holdings,"Jalan Asia Afrika 161, 10000 Capital City, Indonesia",Indonesia,luxury
CA5780635995,Edmonton Primary,"Main Street 168, 20000 Central City, Canada",Canada,raw_materials
VN3751310458,Textile Eco Thread Group,"Dong Khoi Street 64, 20000 Central City, Vietnam",Vietnam,clothing
ES6600052417,Planet Digital Ltd,"Trade Street 172, 10000 Capital City, Spain",Spain,electronics
ES7655069746,Intercontinental Stitch,"Main Street 200, 10000 Capital City, Spain",Spain,clothing
HU2009392798,Pécs Thirst Refreshment,"Ráday utca 66, 40000 Trade City, Hungary",Hungary,beverages
SI9230790062,Slovenian Next Industries,"Čopova ulica 199, 50000 Commerce City, Slovenia",Slovenia,beverages
BR6710780236,Rio de Janeiro Mega Manufacturing,"Avenida Getúlio Vargas 112, 20000-000 Rio de Janeiro, Brazil",Brazil,produce
BR7779097374,Fabric Universal Stitch Internacional,"Rua das Flores 30, 90000-000 Porto Alegre, Brazil",Brazil,clothing
CZ1826817853,Circuit Food,"Celetná 182, 10000 Capital City, Czech Republic",Czech Republic,electronics
CZ5577152538,Interior Habitat,"Wenceslas Square 147, 50000 Commerce City, Czech Republic",Czech Republic,household
RO1045568214,Cluj-Napoca Specialist Service Industries,"Bulevardul Dacia 131, 30000 Port City, Romania",Romania,"clothing, furniture"
NO3864842755,Drammen Logistics AS,"Kongsveien 183, 4611 Kristiansand, Norway",Norway,No preference
PT1160675121,Transport Holding,"Avenida da República 138, 30000 Port City, Portugal",Portugal,"clothing, paper"
SI9675663398,Maribor Wholesale,"Cankarjeva cesta 199, 10000 Capital City, Slovenia",Slovenia,No preference
HR7092802395,Logistics Trading,"Jurišićeva 70, 20000 Central City, Croatia",Croatia,clothing
IT8838542560,Premium Group,"Via Milano 6, 70121 Bari, Italy",Italy,luxury
PT5725816351,Comfort Comfort Inc.,"Rua do Carmo 24, 10000 Capital City, Portugal",Portugal,household
CA6944978106,Quebec Basic Raw,"Jasper Avenue 181, 40000 Trade City, Canada",Canada,raw_materials
CZ6451837171,Food k.s.,"Jindřišská 117, 30000 Port City, Czech Republic",Czech Republic,No preference
ID3718641507,Stitch Style Garment,"Jalan Pemuda 107, 50000 Commerce City, Indonesia",Indonesia,clothing
CA8224085401,Calgary Print Import,"Queen Street 193, 20000 Central City, Canada",Canada,paper
CA2579672957,Furniture LP,"Bloor Street 39, 20000 Central City, Canada",Canada,"paper, raw_materials"
RU6081111838,Diet Trading,"Pushkinskaya Street 14, 630000 Novosibirsk, Russia",Russia,"food, raw_materials"
CY4827535907,Food Help Processing,"Larnakos Avenue 33, 50000 Commerce City, Cyprus",Cyprus,"food, produce"
BR8139322814,Taste Gastro Diet Grupo,"Avenida Brasil 109, 40000-000 Salvador, Brazil",Brazil,food
HU8843726220,Debrecen Delicacy Taste,"Kossuth Lajos utca 48, 20000 Central City, Hungary",Hungary,food
RU7030817747,Novosibirsk Hyper Nutrition,"Bolshaya Morskaya Street 178, 620000 Yekaterinburg, Russia",Russia,food
RO9265065890,Wood World Shop,"Calea Griviței 46, 30000 Port City, Romania",Romania,"furniture, produce"
ES3551817814,House Nice Chip Corporation,"Port Street 143, 10000 Capital City, Spain",Spain,"electronics, household"
GR1224991429,Larissa Electronics,"Voukourestiou Street 63, 40000 Trade City, Greece",Greece,No preference
PT5412999700,Setúbal Interior Holding,"Avenida da República 119, 50000 Commerce City, Portugal",Portugal,"household, produce"
GR9189063575,Brew Stitch Manufacturing O.E.,"Mitropoleos Street 65, 40000 Trade City, Greece",Greece,"beverages, clothing"
MT8031779095,Taste Beverage,"Triq Manwel Dimech 5, 30000 Port City, Malta",Malta,food
HU8183601465,Kecskemét Bottle,"Kossuth Lajos utca 6, 20000 Central City, Hungary",Hungary,"beverages, electronics"
HU8942238576,Pécs Hyper Liquid,"Bartók Béla út 132, 40000 Trade City, Hungary",Hungary,beverages
SI5467165521,Celje Smart Import,"Prešernova cesta 117, 20000 Central City, Slovenia",Slovenia,electronics
CA3832269271,Taste LLP,"Yonge Street 118, 10000 Capital City, Canada",Canada,food
RO4665399447,Origin Material,"Bulevardul Dacia 23, 30000 Port City, Romania",Romania,raw_materials
LU4638847001,Bettembourg Elite Liquid,"Avenue de la Gare 39, 20000 Central City, Luxembourg",Luxembourg,"beverages, medical"
PT9631251157,Hydration Quench Organic Inc.,"Avenida Fontes Pereira de Melo 184, 50000 Commerce City, Portugal",Portugal,"beverages, produce"
CZ4701967000,Residence Export s.r.o.,"Karlova 17, 30000 Port City, Czech Republic",Czech Republic,household
BG5235541974,Drink Culinary,"Vitosha Boulevard 9, 40000 Trade City, Bulgaria",Bulgaria,"beverages, food"
HU8738033872,Nyíregyháza Diet,"Váci utca 98, 20000 Central City, Hungary",Hungary,"clothing, food"
SI8467706552,Living Corporation,"Gosposvetska cesta 2, 30000 Port City, Slovenia",Slovenia,household
RU5155003491,Distribution PAO,"Kutuzovsky Prospekt 194, 443000 Samara, Russia",Russia,"beverages, raw_materials"
PL2627685693,Element Value Fundamental Enterprises,"Warszawska 132, 70-001 Szczecin, Poland",Poland,"food, raw_materials"
PT2724812629,Solutions Corporation,"Avenida da Liberdade 165, 50000 Commerce City, Portugal",Portugal,"household, produce"
PT7065970578,Press Drink Page Corporation,"Avenida 24 de Julho 21, 20000 Central City, Portugal",Portugal,"beverages, paper"
SI9296480566,Residence Interior Comfort Trading,"Celovška cesta 168, 50000 Commerce City, Slovenia",Slovenia,household
PT4280351998,Residence S.A.,"Avenida 24 de Julho 69, 10000 Capital City, Portugal",Portugal,"beverages, household"
PL5197130637,Crop Textile Sp. k.,"Sienkiewicza 133, 40-001 Katowice, Poland",Poland,"furniture, produce"
HU7397434674,Győr Liquid Manufacturing Nyrt.,"Bajcsy-Zsilinszky út 32, 10000 Capital City, Hungary",Hungary,beverages
FI3158035751,Circuit Nice Smart Trading,"Lönnrotinkatu 146, 50000 Commerce City, Finland",Finland,electronics
CA5098938551,Ottawa Good Shipping LLP,"Robson Street 46, 50000 Commerce City, Canada",Canada,food
ES2877652467,Consulting Inc.,"Export Road 130, 40000 Trade City, Spain",Spain,"electronics, food"
RO4407345524,Thread Apparel,"Calea Griviței 72, 50000 Commerce City, Romania",Romania,clothing
SK5920565915,Bratislava Bio Tech Group,"Hlavné námestie 42, 10000 Capital City, Slovakia",Slovakia,No preference
RU8844221158,Taste Fine Delicacy OAO,"Pushkinskaya Street 78, 630000 Novosibirsk, Russia",Russia,food
CA6813953719,Element Resource,"Portage Avenue 91, 40000 Trade City, Canada",Canada,raw_materials
ES1068527684,Earth Quality Electronic Group,"Commerce Road 54, 40000 Trade City, Spain",Spain,electronics
MT1277640310,Gadget Industries,"Republic Street 186, 40000 Trade City, Malta",Malta,electronics
PT8457442379,Braga Quench Group,"Rua do Carmo 49, 30000 Port City, Portugal",Portugal,"beverages, household"
HR6421324567,Zagreb Export Industries,"Draškovićeva 188, 40000 Trade City, Croatia",Croatia,No preference
RO4118694155,Thread Thread Wear Industries,"Bulevardul Dacia 109, 50000 Commerce City, Romania",Romania,clothing
BR7665993678,Bottle Technologies Indústrias,"Rua São Paulo 107, 90000-000 Porto Alegre, Brazil",Brazil,beverages
FI3069832083,Tampere Interior Ky,"Esplanadi 71, 50000 Commerce City, Finland",Finland,household
ES8697125742,Transcontinental Logistics,"Harbor Road 19, 10000 Capital City, Spain",Spain,household
RU8386991846,Moscow Drink OOO,"Pushkinskaya Street 84, 420000 Kazan, Russia",Russia,beverages
CY4470833653,Lefka Liquid Export Trading,"Nicosia Avenue 197, 50000 Commerce City, Cyprus",Cyprus,beverages
BG5454423190,Wear Eco Tech Holding,"Slivnitsa Boulevard 48, 40000 Trade City, Bulgaria",Bulgaria,clothing
RU9872691513,Moscow Engineering Enterprises,"Nevsky Prospekt 128, 190000 Saint Petersburg, Russia",Russia,beverages
MT6657470517,Gadget Device,"Triq il-Kbira 2, 30000 Port City, Malta",Malta,"electronics, medical"
HU9366880295,Nyíregyháza Service Zrt.,"Kossuth Lajos utca 81, 10000 Capital City, Hungary",Hungary,No preference
CY3337758225,Limassol Tech Enterprises,"Anexartisias Street 182, 30000 Port City, Cyprus",Cyprus,luxury
HU1785430175,Fabric Nutrition,"Király utca 59, 50000 Commerce City, Hungary",Hungary,"clothing, food"
IE7719452052,Dublin Fast Food Enterprises,"Leeson Street 92, 40000 Trade City, Ireland",Ireland,food
HU6399869506,Hydration Liquid Quench,"Andrássy út 119, 40000 Trade City, Hungary",Hungary,beverages
PT2383027699,Script Store,"Avenida Fontes Pereira de Melo 89, 50000 Commerce City, Portugal",Portugal,"beverages, paper"
IE6125087948,Quench Trade Drink,"Dame Street 170, 30000 Port City, Ireland",Ireland,beverages
EE8486401143,Tech Smart,"Gonsiori tänav 155, 50000 Commerce City, Estonia",Estonia,electronics
LU3733193885,Brew Fluid Food,"Boulevard Royal 158, 30000 Port City, Luxembourg",Luxembourg,beverages
AT4251854087,Wels Prime Service,"Ringstraße 18, 40000 Trade City, Austria",Austria,beverages
IE3384217203,Distribution International,"Henry Street 130, 30000 Port City, Ireland",Ireland,beverages
PL8077692721,Warsaw Natural Enterprises,"Gdańska 13, 30-001 Kraków, Poland",Poland,"household, produce"
RO7124347457,Basic Source,"Strada Smârdan 152, 50000 Commerce City, Romania",Romania,raw_materials
HU7159443143,Wholesale Kkt.,"Dohány utca 145, 30000 Port City, Hungary",Hungary,No preference
MT4366269901,Sliema Hydration Bottle Group,"Tower Road 147, 20000 Central City, Malta",Malta,beverages
BR7350873780,Resource Fabric Source,"Rua Copacabana 131, 20000-000 Rio de Janeiro, Brazil",Brazil,"clothing, raw_materials"
PL5814938396,Dwelling Shop,"Kościuszki 8, 85-001 Bydgoszcz, Poland",Poland,household
LT2438556542,Kaunas Culinary,"Šv. Jono gatvė 132, 20000 Central City, Lithuania",Lithuania,food
TR2401617887,Fresh Nutrition,"Atatürk Bulvarı 16, 30000 Port City, Turkey",Turkey,"food, produce"
BG1151894319,Food Import OOD,"Graf Ignatiev Street 186, 40000 Trade City, Bulgaria",Bulgaria,food
PL8090207632,Wood Sp. k.,"Kościuszki 6, 50-001 Wrocław, Poland",Poland,"food, furniture"
VN9037684241,Nha Trang Leisure,"Cach Mang Thang Tam Street 123, 10000 Capital City, Vietnam",Vietnam,toys
CA4872430417,Winnipeg Print Sheet,"St Catherine Street 174, 40000 Trade City, Canada",Canada,paper
BG9907271295,Sliven Material OOD,"Vitosha Boulevard 140, 40000 Trade City, Bulgaria",Bulgaria,raw_materials
LT8999097516,Klaipėda Process,"Gedimino prospektas 141, 30000 Port City, Lithuania",Lithuania,chemicals
BE5806134068,Fluid Industries,"Rue du Bailli 160, 30000 Port City, Belgium",Belgium,beverages
ID3490952110,Garden Organic,"Jalan Pahlawan 20, 40000 Trade City, Indonesia",Indonesia,"clothing, produce"
ZA9772988674,Johannesburg Value Select,"Bree Street 153, 50000 Commerce City, South Africa",South Africa,"food, luxury"
IE5701088207,Gastro Industries,"Leeson Street 194, 10000 Capital City, Ireland",Ireland,food
GR4946465847,Export E.E.,"Ermou Street 142, 50000 Commerce City, Greece",Greece,"clothing, produce"
CA3895145154,Document Industries,"St Catherine Street 30, 40000 Trade City, Canada",Canada,"food, paper"
ES4361325291,Delicacy Master Gastro,"International Boulevard 183, 10000 Capital City, Spain",Spain,food
PT6506240251,Retail Inc.,"Avenida da Liberdade 185, 10000 Capital City, Portugal",Portugal,beverages
BE7951161623,Brussels Delicacy Edible,"Rue Royale 4, 10000 Capital City, Belgium",Belgium,food
BG3194332526,Sofia Store SD,"Vasil Levski Boulevard 81, 10000 Capital City, Bulgaria",Bulgaria,"beverages, clothing"
LT6735771886,Vilnius Tech Enterprises,"Pylimo gatvė 44, 50000 Commerce City, Lithuania",Lithuania,No preference
GR1628081307,Heraklion Star Logistics E.P.E.,"Patission Street 126, 20000 Central City, Greece",Greece,No preference
CA4903583639,Canada Nutrition,"Main Street 82, 30000 Port City, Canada",Canada,food
ES3748242386,Gourmet Enterprises,"International Boulevard 55, 20000 Central City, Spain",Spain,food
PT6426862618,Print Lda.,"Rua da Prata 101, 10000 Capital City, Portugal",Portugal,"household, paper"
LU4743935743,Esch-sur-Alzette Refreshment,"Avenue de la Gare 21, 40000 Trade City, Luxembourg",Luxembourg,beverages
SE9576061038,Smart Basic,"Ringvägen 38, 553 16 Jönköping, Sweden",Sweden,"electronics, raw_materials"
RU1880998311,Novosibirsk Raw Bottle,"Leninsky Prospekt 130, 630000 Novosibirsk, Russia",Russia,"beverages, raw_materials"
HU3961206672,Food Electronics Kkt.,"Andrássy út 185, 10000 Capital City, Hungary",Hungary,food
HU9839593434,Nyíregyháza Chip Kkt.,"Kossuth Lajos utca 196, 20000 Central City, Hungary",Hungary,"clothing, electronics"
PT6653275834,Page Secure Systems Inc.,"Rua Garrett 185, 40000 Trade City, Portugal",Portugal,"household, paper"
ES8882510224,Domestic Logistics,"Commerce Road 162, 40000 Trade City, Spain",Spain,household
PL1649608020,Home Industries,"Krakowska 62, 80-001 Gdańsk, Poland",Poland,household
PT7187844557,Hydration Brew Bottle,"Rua do Carmo 44, 50000 Commerce City, Portugal",Portugal,beverages
BG3944852558,Pleven Dynamic Cultivate,"Patriarch Evtimiy Boulevard 13, 50000 Commerce City, Bulgaria",Bulgaria,produce
HR8552664320,Thirst Bottle Refreshment,"Radićeva 101, 20000 Central City, Croatia",Croatia,beverages
CA1155120888,Montreal Royal Distribution Ltd.,"St Catherine Street 114, 10000 Capital City, Canada",Canada,"food, paper"
FI6481257299,Sheet Logistics,"Mannerheimintie 27, 20000 Central City, Finland",Finland,"household, paper"
CY8177444686,Diet Power Trading,"Ledra Street 114, 40000 Trade City, Cyprus",Cyprus,food
VN8960549290,Hanoi Export,"Nguyen Hue Street 112, 40000 Trade City, Vietnam",Vietnam,"food, furniture"
LU8418398182,Luxembourg Elegant International,"Grand-Rue 187, 50000 Commerce City, Luxembourg",Luxembourg,"beverages, luxury"
PL5797232564,Farm Garden,"Kościuszki 105, 20-001 Lublin, Poland",Poland,produce
FI2174411208,Digital Ab,"Kalevankatu 1, 20000 Central City, Finland",Finland,electronics
PT6112355155,Wear World Food,"Rua do Carmo 155, 50000 Commerce City, Portugal",Portugal,"beverages, clothing"
MT9534780292,Culinary Construction Inc.,"Triq Sant' Andrija 109, 10000 Capital City, Malta",Malta,food
HR8228812087,Croatia Better Bottle,"Ilica 146, 40000 Trade City, Croatia",Croatia,beverages
BR6375024511,Fortaleza Fresh Ltda.,"Rua das Flores 197, 50000-000 Recife, Brazil",Brazil,"food, produce"
SI6091693457,Kranj Service Enterprises,"Celovška cesta 163, 20000 Central City, Slovenia",Slovenia,No preference
LU6815177620,Pétange Quench Premium Enterprises,"Rue Chimay 68, 20000 Central City, Luxembourg",Luxembourg,"beverages, luxury"
CY5431434520,Farm Universal Fresh Enterprises,"Stasikratous Street 47, 20000 Central City, Cyprus",Cyprus,produce
CZ4293054225,České Budějovice Tech Group,"Celetná 37, 50000 Commerce City, Czech Republic",Czech Republic,No preference
ES5347863066,Residence Diet,"Industrial Lane 43, 10000 Capital City, Spain",Spain,"food, household"
HU4593532102,Budapest Computing,"Király utca 107, 50000 Commerce City, Hungary",Hungary,"clothing, electronics"
EE6451955066,Rakvere Organic Diet,"Pärnu maantee 56, 30000 Port City, Estonia",Estonia,food
CY9441106275,Cypriot Allied Produce,"Ledra Street 72, 20000 Central City, Cyprus",Cyprus,"beverages, produce"
